Wirtschaftsabteilung,Wirtschaftsabteilung_label,Beschäftigungsgrad,Beschäftigungsgrad_label,Geschlecht,Geschlecht_label,Quartal,Quartal_label,value
5-96,5-96 Total,TOT,Beschäftigungsgrad - Total,TOT,Geschlecht - Total,1991Q3,1991Q3,4189382
5-96,5-96 Total,TOT,Beschäftigungsgrad - Total,TOT,Geschlecht - Total,1991Q4,1991Q4,4102129
5-96,5-96 Total,TOT,Beschäftigungsgrad - Total,TOT,Geschlecht - Total,1992Q1,1992Q1,4110155
5-96,5-96 Total,TOT,Beschäftigungsgrad - Total,TOT,Geschlecht - Total,1992Q2,1992Q2,4131880
5-96,5-96 Total,TOT,Beschäftigungsgrad - Total,TOT,Geschlecht - Total,1992Q3,1992Q3,4083002
5-96,5-96 Total,TOT,Beschäftigungsgrad - Total,TOT,Geschlecht - Total,1992Q4,1992Q4,3967781
5-96,5-96 Total,TOT,Beschäftigungsgrad - Total,TOT,Geschlecht - Total,1993Q1,1993Q1,3932890
5-96,5-96 Total,TOT,Beschäftigungsgrad - Total,TOT,Geschlecht - Total,1993Q2,1993Q2,4005381
5-96,5-96 Total,TOT,Beschäftigungsgrad - Total,TOT,Geschlecht - Total,1993Q3,1993Q3,3990036
5-96,5-96 Total,TOT,Beschäftigungsgrad - Total,TOT,Geschlecht - Total,1993Q4,1993Q4,3930425
5-96,5-96 Total,TOT,Beschäftigungsgrad - Total,TOT,Geschlecht - Total,1994Q1,1994Q1,3902415
5-96,5-96 Total,TOT,Beschäftigungsgrad - Total,TOT,Geschlecht - Total,1994Q2,1994Q2,3915090
5-96,5-96 Total,TOT,Beschäftigungsgrad - Total,TOT,Geschlecht - Total,1994Q3,1994Q3,3972066
5-96,5-96 Total,TOT,Beschäftigungsgrad - Total,TOT,Geschlecht - Total,1994Q4,1994Q4,3928851
5-96,5-96 Total,TOT,Beschäftigungsgrad - Total,TOT,Geschlecht - Total,1995Q1,1995Q1,3938711
5-96,5-96 Total,TOT,Beschäftigungsgrad - Total,TOT,Geschlecht - Total,1995Q2,1995Q2,3942750
5-96,5-96 Total,TOT,Beschäftigungsgrad - Total,TOT,Geschlecht - Total,1995Q3,1995Q3,3957710
5-96,5-96 Total,TOT,Beschäftigungsgrad - Total,TOT,Geschlecht - Total,1995Q4,1995Q4,3906925
5-96,5-96 Total,TOT,Beschäftigungsgrad - Total,TOT,Geschlecht - Total,1996Q1,1996Q1,3888136
5-96,5-96 Total,TOT,Beschäftigungsgrad - Total,TOT,Geschlecht - Total,1996Q2,1996Q2,3909793
5-96,5-96 Total,TOT,Beschäftigungsgrad - Total,TOT,Geschlecht - Total,1996Q3,1996Q3,3898628
5-96,5-96 Total,TOT,Beschäftigungsgrad - Total,TOT,Geschlecht - Total,1996Q4,1996Q4,3852869
5-96,5-96 Total,TOT,Beschäftigungsgrad - Total,TOT,Geschlecht - Total,1997Q1,1997Q1,3841043
5-96,5-96 Total,TOT,Beschäftigungsgrad - Total,TOT,Geschlecht - Total,1997Q2,1997Q2,3857746
5-96,5-96 Total,TOT,Beschäftigungsgrad - Total,TOT,Geschlecht - Total,1997Q3,1997Q3,3884424
5-96,5-96 Total,TOT,Beschäftigungsgrad - Total,TOT,Geschlecht - Total,1997Q4,1997Q4,3849158
5-96,5-96 Total,TOT,Beschäftigungsgrad - Total,TOT,Geschlecht - Total,1998Q1,1998Q1,3859363
5-96,5-96 Total,TOT,Beschäftigungsgrad - Total,TOT,Geschlecht - Total,1998Q2,1998Q2,3901885
5-96,5-96 Total,TOT,Beschäftigungsgrad - Total,TOT,Geschlecht - Total,1998Q3,1998Q3,3919615
5-96,5-96 Total,TOT,Beschäftigungsgrad - Total,TOT,Geschlecht - Total,1998Q4,1998Q4,3895956
5-96,5-96 Total,TOT,Beschäftigungsgrad - Total,TOT,Geschlecht - Total,1999Q1,1999Q1,3911130
5-96,5-96 Total,TOT,Beschäftigungsgrad - Total,TOT,Geschlecht - Total,1999Q2,1999Q2,3964335
5-96,5-96 Total,TOT,Beschäftigungsgrad - Total,TOT,Geschlecht - Total,1999Q3,1999Q3,4002812
5-96,5-96 Total,TOT,Beschäftigungsgrad - Total,TOT,Geschlecht - Total,1999Q4,1999Q4,4008445
5-96,5-96 Total,TOT,Beschäftigungsgrad - Total,TOT,Geschlecht - Total,2000Q1,2000Q1,4033439
5-96,5-96 Total,TOT,Beschäftigungsgrad - Total,TOT,Geschlecht - Total,2000Q2,2000Q2,4084757
5-96,5-96 Total,TOT,Beschäftigungsgrad - Total,TOT,Geschlecht - Total,2000Q3,2000Q3,4107383
5-96,5-96 Total,TOT,Beschäftigungsgrad - Total,TOT,Geschlecht - Total,2000Q4,2000Q4,4105797
5-96,5-96 Total,TOT,Beschäftigungsgrad - Total,TOT,Geschlecht - Total,2001Q1,2001Q1,4123076
5-96,5-96 Total,TOT,Beschäftigungsgrad - Total,TOT,Geschlecht - Total,2001Q2,2001Q2,4140748
5-96,5-96 Total,TOT,Beschäftigungsgrad - Total,TOT,Geschlecht - Total,2001Q3,2001Q3,4167660
5-96,5-96 Total,TOT,Beschäftigungsgrad - Total,TOT,Geschlecht - Total,2001Q4,2001Q4,4140296
5-96,5-96 Total,TOT,Beschäftigungsgrad - Total,TOT,Geschlecht - Total,2002Q1,2002Q1,4133916
5-96,5-96 Total,TOT,Beschäftigungsgrad - Total,TOT,Geschlecht - Total,2002Q2,2002Q2,4148417
5-96,5-96 Total,TOT,Beschäftigungsgrad - Total,TOT,Geschlecht - Total,2002Q3,2002Q3,4185770
5-96,5-96 Total,TOT,Beschäftigungsgrad - Total,TOT,Geschlecht - Total,2002Q4,2002Q4,4128724
5-96,5-96 Total,TOT,Beschäftigungsgrad - Total,TOT,Geschlecht - Total,2003Q1,2003Q1,4109279
5-96,5-96 Total,TOT,Beschäftigungsgrad - Total,TOT,Geschlecht - Total,2003Q2,2003Q2,4130190
5-96,5-96 Total,TOT,Beschäftigungsgrad - Total,TOT,Geschlecht - Total,2003Q3,2003Q3,4148146
5-96,5-96 Total,TOT,Beschäftigungsgrad - Total,TOT,Geschlecht - Total,2003Q4,2003Q4,4133841
5-96,5-96 Total,TOT,Beschäftigungsgrad - Total,TOT,Geschlecht - Total,2004Q1,2004Q1,4130897
5-96,5-96 Total,TOT,Beschäftigungsgrad - Total,TOT,Geschlecht - Total,2004Q2,2004Q2,4156087
5-96,5-96 Total,TOT,Beschäftigungsgrad - Total,TOT,Geschlecht - Total,2004Q3,2004Q3,4178110
5-96,5-96 Total,TOT,Beschäftigungsgrad - Total,TOT,Geschlecht - Total,2004Q4,2004Q4,4154507
5-96,5-96 Total,TOT,Beschäftigungsgrad - Total,TOT,Geschlecht - Total,2005Q1,2005Q1,4142735
5-96,5-96 Total,TOT,Beschäftigungsgrad - Total,TOT,Geschlecht - Total,2005Q2,2005Q2,4179793
5-96,5-96 Total,TOT,Beschäftigungsgrad - Total,TOT,Geschlecht - Total,2005Q3,2005Q3,4226573
5-96,5-96 Total,TOT,Beschäftigungsgrad - Total,TOT,Geschlecht - Total,2005Q4,2005Q4,4201121
5-96,5-96 Total,TOT,Beschäftigungsgrad - Total,TOT,Geschlecht - Total,2006Q1,2006Q1,4218969
5-96,5-96 Total,TOT,Beschäftigungsgrad - Total,TOT,Geschlecht - Total,2006Q2,2006Q2,4257923
5-96,5-96 Total,TOT,Beschäftigungsgrad - Total,TOT,Geschlecht - Total,2006Q3,2006Q3,4329158
5-96,5-96 Total,TOT,Beschäftigungsgrad - Total,TOT,Geschlecht - Total,2006Q4,2006Q4,4329012
5-96,5-96 Total,TOT,Beschäftigungsgrad - Total,TOT,Geschlecht - Total,2007Q1,2007Q1,4344366
5-96,5-96 Total,TOT,Beschäftigungsgrad - Total,TOT,Geschlecht - Total,2007Q2,2007Q2,4408230
5-96,5-96 Total,TOT,Beschäftigungsgrad - Total,TOT,Geschlecht - Total,2007Q3,2007Q3,4468188
5-96,5-96 Total,TOT,Beschäftigungsgrad - Total,TOT,Geschlecht - Total,2007Q4,2007Q4,4477282
5-96,5-96 Total,TOT,Beschäftigungsgrad - Total,TOT,Geschlecht - Total,2008Q1,2008Q1,4502710
5-96,5-96 Total,TOT,Beschäftigungsgrad - Total,TOT,Geschlecht - Total,2008Q2,2008Q2,4560412
5-96,5-96 Total,TOT,Beschäftigungsgrad - Total,TOT,Geschlecht - Total,2008Q3,2008Q3,4601047
5-96,5-96 Total,TOT,Beschäftigungsgrad - Total,TOT,Geschlecht - Total,2008Q4,2008Q4,4543311
5-96,5-96 Total,TOT,Beschäftigungsgrad - Total,TOT,Geschlecht - Total,2009Q1,2009Q1,4525197
5-96,5-96 Total,TOT,Beschäftigungsgrad - Total,TOT,Geschlecht - Total,2009Q2,2009Q2,4523371
5-96,5-96 Total,TOT,Beschäftigungsgrad - Total,TOT,Geschlecht - Total,2009Q3,2009Q3,4548073
5-96,5-96 Total,TOT,Beschäftigungsgrad - Total,TOT,Geschlecht - Total,2009Q4,2009Q4,4527412
5-96,5-96 Total,TOT,Beschäftigungsgrad - Total,TOT,Geschlecht - Total,2010Q1,2010Q1,4530917
5-96,5-96 Total,TOT,Beschäftigungsgrad - Total,TOT,Geschlecht - Total,2010Q2,2010Q2,4563344
5-96,5-96 Total,TOT,Beschäftigungsgrad - Total,TOT,Geschlecht - Total,2010Q3,2010Q3,4603706
5-96,5-96 Total,TOT,Beschäftigungsgrad - Total,TOT,Geschlecht - Total,2010Q4,2010Q4,4593692
5-96,5-96 Total,TOT,Beschäftigungsgrad - Total,TOT,Geschlecht - Total,2011Q1,2011Q1,4569438
5-96,5-96 Total,TOT,Beschäftigungsgrad - Total,TOT,Geschlecht - Total,2011Q2,2011Q2,4620384
5-96,5-96 Total,TOT,Beschäftigungsgrad - Total,TOT,Geschlecht - Total,2011Q3,2011Q3,4657359
5-96,5-96 Total,TOT,Beschäftigungsgrad - Total,TOT,Geschlecht - Total,2011Q4,2011Q4,4638094
5-96,5-96 Total,TOT,Beschäftigungsgrad - Total,TOT,Geschlecht - Total,2012Q1,2012Q1,4649923
5-96,5-96 Total,TOT,Beschäftigungsgrad - Total,TOT,Geschlecht - Total,2012Q2,2012Q2,4700261
5-96,5-96 Total,TOT,Beschäftigungsgrad - Total,TOT,Geschlecht - Total,2012Q3,2012Q3,4762415
5-96,5-96 Total,TOT,Beschäftigungsgrad - Total,TOT,Geschlecht - Total,2012Q4,2012Q4,4743911
5-96,5-96 Total,TOT,Beschäftigungsgrad - Total,TOT,Geschlecht - Total,2013Q1,2013Q1,4741226
5-96,5-96 Total,TOT,Beschäftigungsgrad - Total,TOT,Geschlecht - Total,2013Q2,2013Q2,4777275
5-96,5-96 Total,TOT,Beschäftigungsgrad - Total,TOT,Geschlecht - Total,2013Q3,2013Q3,4818194
5-96,5-96 Total,TOT,Beschäftigungsgrad - Total,TOT,Geschlecht - Total,2013Q4,2013Q4,4793057
5-96,5-96 Total,TOT,Beschäftigungsgrad - Total,TOT,Geschlecht - Total,2014Q1,2014Q1,4787760
5-96,5-96 Total,TOT,Beschäftigungsgrad - Total,TOT,Geschlecht - Total,2014Q2,2014Q2,4814277
5-96,5-96 Total,TOT,Beschäftigungsgrad - Total,TOT,Geschlecht - Total,2014Q3,2014Q3,4855627
5-96,5-96 Total,TOT,Beschäftigungsgrad - Total,TOT,Geschlecht - Total,2014Q4,2014Q4,4841568
5-96,5-96 Total,TOT,Beschäftigungsgrad - Total,TOT,Geschlecht - Total,2015Q1,2015Q1,4825945
5-96,5-96 Total,TOT,Beschäftigungsgrad - Total,TOT,Geschlecht - Total,2015Q2,2015Q2,4871139
5-96,5-96 Total,TOT,Beschäftigungsgrad - Total,TOT,Geschlecht - Total,2015Q3,2015Q3,4907197
5-96,5-96 Total,TOT,Beschäftigungsgrad - Total,TOT,Geschlecht - Total,2015Q4,2015Q4,4902677
5-96,5-96 Total,TOT,Beschäftigungsgrad - Total,TOT,Geschlecht - Total,2016Q1,2016Q1,4874303
5-96,5-96 Total,TOT,Beschäftigungsgrad - Total,TOT,Geschlecht - Total,2016Q2,2016Q2,4908752
5-96,5-96 Total,TOT,Beschäftigungsgrad - Total,TOT,Geschlecht - Total,2016Q3,2016Q3,4935075
5-96,5-96 Total,TOT,Beschäftigungsgrad - Total,TOT,Geschlecht - Total,2016Q4,2016Q4,4943859
5-96,5-96 Total,TOT,Beschäftigungsgrad - Total,TOT,Geschlecht - Total,2017Q1,2017Q1,4911060
5-96,5-96 Total,TOT,Beschäftigungsgrad - Total,TOT,Geschlecht - Total,2017Q2,2017Q2,4944413
5-96,5-96 Total,TOT,Beschäftigungsgrad - Total,TOT,Geschlecht - Total,2017Q3,2017Q3,4989643
5-96,5-96 Total,TOT,Beschäftigungsgrad - Total,TOT,Geschlecht - Total,2017Q4,2017Q4,5003578
5-96,5-96 Total,TOT,Beschäftigungsgrad - Total,TOT,Geschlecht - Total,2018Q1,2018Q1,5005086
5-96,5-96 Total,TOT,Beschäftigungsgrad - Total,TOT,Geschlecht - Total,2018Q2,2018Q2,5037821
5-96,5-96 Total,TOT,Beschäftigungsgrad - Total,TOT,Geschlecht - Total,2018Q3,2018Q3,5065182
5-96,5-96 Total,TOT,Beschäftigungsgrad - Total,TOT,Geschlecht - Total,2018Q4,2018Q4,5069415
5-96,5-96 Total,TOT,Beschäftigungsgrad - Total,TOT,Geschlecht - Total,2019Q1,2019Q1,5074981
5-96,5-96 Total,TOT,Beschäftigungsgrad - Total,TOT,Geschlecht - Total,2019Q2,2019Q2,5120535
5-96,5-96 Total,TOT,Beschäftigungsgrad - Total,TOT,Geschlecht - Total,2019Q3,2019Q3,5154441
5-96,5-96 Total,TOT,Beschäftigungsgrad - Total,TOT,Geschlecht - Total,2019Q4,2019Q4,5151243
5-96,5-96 Total,TOT,Beschäftigungsgrad - Total,TOT,Geschlecht - Total,2020Q1,2020Q1,5118352
5-96,5-96 Total,TOT,Beschäftigungsgrad - Total,TOT,Geschlecht - Total,2020Q2,2020Q2,5089183
5-96,5-96 Total,TOT,Beschäftigungsgrad - Total,TOT,Geschlecht - Total,2020Q3,2020Q3,5138925
5-96,5-96 Total,TOT,Beschäftigungsgrad - Total,TOT,Geschlecht - Total,2020Q4,2020Q4,5148556
5-96,5-96 Total,TOT,Beschäftigungsgrad - Total,TOT,Geschlecht - Total,2021Q1,2021Q1,5119258
5-96,5-96 Total,TOT,Beschäftigungsgrad - Total,TOT,Geschlecht - Total,2021Q2,2021Q2,5166970
5-96,5-96 Total,TOT,Beschäftigungsgrad - Total,TOT,Geschlecht - Total,2021Q3,2021Q3,5235124
5-96,5-96 Total,TOT,Beschäftigungsgrad - Total,TOT,Geschlecht - Total,2021Q4,2021Q4,5265530
5-96,5-96 Total,TOT,Beschäftigungsgrad - Total,TOT,Geschlecht - Total,2022Q1,2022Q1,5262594
5-96,5-96 Total,TOT,Beschäftigungsgrad - Total,TOT,Geschlecht - Total,2022Q2,2022Q2,5308831
5-96,5-96 Total,TOT,Beschäftigungsgrad - Total,TOT,Geschlecht - Total,2022Q3,2022Q3,5357250
5-96,5-96 Total,TOT,Beschäftigungsgrad - Total,TOT,Geschlecht - Total,2022Q4,2022Q4,5387964
5-96,5-96 Total,TOT,Beschäftigungsgrad - Total,TOT,Geschlecht - Total,2023Q1,2023Q1,5381501
5-96,5-96 Total,TOT,Beschäftigungsgrad - Total,TOT,Geschlecht - Total,2023Q2,2023Q2,5421243
5-96,5-96 Total,TOT,Beschäftigungsgrad - Total,TOT,Geschlecht - Total,2023Q3,2023Q3,5455041
5-96,5-96 Total,TOT,Beschäftigungsgrad - Total,TOT,Geschlecht - Total,2023Q4,2023Q4,5476785
5-96,5-96 Total,TOT,Beschäftigungsgrad - Total,TOT,Geschlecht - Total,2024Q1,2024Q1,5464518
5-96,5-96 Total,TOT,Beschäftigungsgrad - Total,TOT,Geschlecht - Total,2024Q2,2024Q2,5512132
5-96,5-96 Total,TOT,Beschäftigungsgrad - Total,TOT,Geschlecht - Total,2024Q3,2024Q3,5558296
5-96,5-96 Total,TOT,Beschäftigungsgrad - Total,TOT,Geschlecht - Total,2024Q4,2024Q4,5577479
5-96,5-96 Total,TOT,Beschäftigungsgrad - Total,TOT,Geschlecht - Total,2025Q1,2025Q1,5566167
5-96,5-96 Total,TOT,Beschäftigungsgrad - Total,TOT,Geschlecht - Total,2025Q2,2025Q2,5586235
5-96,5-96 Total,TOT,Beschäftigungsgrad - Total,TOT,Geschlecht - Total,2025Q3,2025Q3,5616439
5-96,5-96 Total,TOT,Beschäftigungsgrad - Total,TOT,Geschlecht - Total,2025Q4,2025Q4,5643949
5-96,5-96 Total,TOT,Beschäftigungsgrad - Total,TOT,Geschlecht - Total,2026Q1,2026Q1,5649861
5-96,5-96 Total,TOT,Beschäftigungsgrad - Total,TOT,Geschlecht - Total,2026Q2,2026Q2,5698064
5-96,5-96 Total,3,"Total,saisonbereinigt",TOT,Geschlecht - Total,1991Q3,1991Q3,4164117
5-96,5-96 Total,3,"Total,saisonbereinigt",TOT,Geschlecht - Total,1991Q4,1991Q4,4124936
5-96,5-96 Total,3,"Total,saisonbereinigt",TOT,Geschlecht - Total,1992Q1,1992Q1,4128421
5-96,5-96 Total,3,"Total,saisonbereinigt",TOT,Geschlecht - Total,1992Q2,1992Q2,4115828
5-96,5-96 Total,3,"Total,saisonbereinigt",TOT,Geschlecht - Total,1992Q3,1992Q3,4058798
5-96,5-96 Total,3,"Total,saisonbereinigt",TOT,Geschlecht - Total,1992Q4,1992Q4,3989148
5-96,5-96 Total,3,"Total,saisonbereinigt",TOT,Geschlecht - Total,1993Q1,1993Q1,3950325
5-96,5-96 Total,3,"Total,saisonbereinigt",TOT,Geschlecht - Total,1993Q2,1993Q2,3990445
5-96,5-96 Total,3,"Total,saisonbereinigt",TOT,Geschlecht - Total,1993Q3,1993Q3,3966631
5-96,5-96 Total,3,"Total,saisonbereinigt",TOT,Geschlecht - Total,1993Q4,1993Q4,3950758
5-96,5-96 Total,3,"Total,saisonbereinigt",TOT,Geschlecht - Total,1994Q1,1994Q1,3919546
5-96,5-96 Total,3,"Total,saisonbereinigt",TOT,Geschlecht - Total,1994Q2,1994Q2,3901255
5-96,5-96 Total,3,"Total,saisonbereinigt",TOT,Geschlecht - Total,1994Q3,1994Q3,3949085
5-96,5-96 Total,3,"Total,saisonbereinigt",TOT,Geschlecht - Total,1994Q4,1994Q4,3948186
5-96,5-96 Total,3,"Total,saisonbereinigt",TOT,Geschlecht - Total,1995Q1,1995Q1,3955935
5-96,5-96 Total,3,"Total,saisonbereinigt",TOT,Geschlecht - Total,1995Q2,1995Q2,3929347
5-96,5-96 Total,3,"Total,saisonbereinigt",TOT,Geschlecht - Total,1995Q3,1995Q3,3935633
5-96,5-96 Total,3,"Total,saisonbereinigt",TOT,Geschlecht - Total,1995Q4,1995Q4,3924783
5-96,5-96 Total,3,"Total,saisonbereinigt",TOT,Geschlecht - Total,1996Q1,1996Q1,3904836
5-96,5-96 Total,3,"Total,saisonbereinigt",TOT,Geschlecht - Total,1996Q2,1996Q2,3897561
5-96,5-96 Total,3,"Total,saisonbereinigt",TOT,Geschlecht - Total,1996Q3,1996Q3,3877640
5-96,5-96 Total,3,"Total,saisonbereinigt",TOT,Geschlecht - Total,1996Q4,1996Q4,3868789
5-96,5-96 Total,3,"Total,saisonbereinigt",TOT,Geschlecht - Total,1997Q1,1997Q1,3857299
5-96,5-96 Total,3,"Total,saisonbereinigt",TOT,Geschlecht - Total,1997Q2,1997Q2,3847034
5-96,5-96 Total,3,"Total,saisonbereinigt",TOT,Geschlecht - Total,1997Q3,1997Q3,3863920
5-96,5-96 Total,3,"Total,saisonbereinigt",TOT,Geschlecht - Total,1997Q4,1997Q4,3863558
5-96,5-96 Total,3,"Total,saisonbereinigt",TOT,Geschlecht - Total,1998Q1,1998Q1,3875406
5-96,5-96 Total,3,"Total,saisonbereinigt",TOT,Geschlecht - Total,1998Q2,1998Q2,3892558
5-96,5-96 Total,3,"Total,saisonbereinigt",TOT,Geschlecht - Total,1998Q3,1998Q3,3899082
5-96,5-96 Total,3,"Total,saisonbereinigt",TOT,Geschlecht - Total,1998Q4,1998Q4,3909041
5-96,5-96 Total,3,"Total,saisonbereinigt",TOT,Geschlecht - Total,1999Q1,1999Q1,3927497
5-96,5-96 Total,3,"Total,saisonbereinigt",TOT,Geschlecht - Total,1999Q2,1999Q2,3955935
5-96,5-96 Total,3,"Total,saisonbereinigt",TOT,Geschlecht - Total,1999Q3,1999Q3,3982049
5-96,5-96 Total,3,"Total,saisonbereinigt",TOT,Geschlecht - Total,1999Q4,1999Q4,4020560
5-96,5-96 Total,3,"Total,saisonbereinigt",TOT,Geschlecht - Total,2000Q1,2000Q1,4050355
5-96,5-96 Total,3,"Total,saisonbereinigt",TOT,Geschlecht - Total,2000Q2,2000Q2,4077341
5-96,5-96 Total,3,"Total,saisonbereinigt",TOT,Geschlecht - Total,2000Q3,2000Q3,4085989
5-96,5-96 Total,3,"Total,saisonbereinigt",TOT,Geschlecht - Total,2000Q4,2000Q4,4117023
5-96,5-96 Total,3,"Total,saisonbereinigt",TOT,Geschlecht - Total,2001Q1,2001Q1,4140454
5-96,5-96 Total,3,"Total,saisonbereinigt",TOT,Geschlecht - Total,2001Q2,2001Q2,4134446
5-96,5-96 Total,3,"Total,saisonbereinigt",TOT,Geschlecht - Total,2001Q3,2001Q3,4145709
5-96,5-96 Total,3,"Total,saisonbereinigt",TOT,Geschlecht - Total,2001Q4,2001Q4,4150568
5-96,5-96 Total,3,"Total,saisonbereinigt",TOT,Geschlecht - Total,2002Q1,2002Q1,4151476
5-96,5-96 Total,3,"Total,saisonbereinigt",TOT,Geschlecht - Total,2002Q2,2002Q2,4143304
5-96,5-96 Total,3,"Total,saisonbereinigt",TOT,Geschlecht - Total,2002Q3,2002Q3,4163270
5-96,5-96 Total,3,"Total,saisonbereinigt",TOT,Geschlecht - Total,2002Q4,2002Q4,4138112
5-96,5-96 Total,3,"Total,saisonbereinigt",TOT,Geschlecht - Total,2003Q1,2003Q1,4127008
5-96,5-96 Total,3,"Total,saisonbereinigt",TOT,Geschlecht - Total,2003Q2,2003Q2,4126044
5-96,5-96 Total,3,"Total,saisonbereinigt",TOT,Geschlecht - Total,2003Q3,2003Q3,4125373
5-96,5-96 Total,3,"Total,saisonbereinigt",TOT,Geschlecht - Total,2003Q4,2003Q4,4142580
5-96,5-96 Total,3,"Total,saisonbereinigt",TOT,Geschlecht - Total,2004Q1,2004Q1,4148869
5-96,5-96 Total,3,"Total,saisonbereinigt",TOT,Geschlecht - Total,2004Q2,2004Q2,4153051
5-96,5-96 Total,3,"Total,saisonbereinigt",TOT,Geschlecht - Total,2004Q3,2004Q3,4154345
5-96,5-96 Total,3,"Total,saisonbereinigt",TOT,Geschlecht - Total,2004Q4,2004Q4,4162903
5-96,5-96 Total,3,"Total,saisonbereinigt",TOT,Geschlecht - Total,2005Q1,2005Q1,4160985
5-96,5-96 Total,3,"Total,saisonbereinigt",TOT,Geschlecht - Total,2005Q2,2005Q2,4177620
5-96,5-96 Total,3,"Total,saisonbereinigt",TOT,Geschlecht - Total,2005Q3,2005Q3,4201755
5-96,5-96 Total,3,"Total,saisonbereinigt",TOT,Geschlecht - Total,2005Q4,2005Q4,4209352
5-96,5-96 Total,3,"Total,saisonbereinigt",TOT,Geschlecht - Total,2006Q1,2006Q1,4237777
5-96,5-96 Total,3,"Total,saisonbereinigt",TOT,Geschlecht - Total,2006Q2,2006Q2,4256314
5-96,5-96 Total,3,"Total,saisonbereinigt",TOT,Geschlecht - Total,2006Q3,2006Q3,4303353
5-96,5-96 Total,3,"Total,saisonbereinigt",TOT,Geschlecht - Total,2006Q4,2006Q4,4336998
5-96,5-96 Total,3,"Total,saisonbereinigt",TOT,Geschlecht - Total,2007Q1,2007Q1,4364087
5-96,5-96 Total,3,"Total,saisonbereinigt",TOT,Geschlecht - Total,2007Q2,2007Q2,4407021
5-96,5-96 Total,3,"Total,saisonbereinigt",TOT,Geschlecht - Total,2007Q3,2007Q3,4441193
5-96,5-96 Total,3,"Total,saisonbereinigt",TOT,Geschlecht - Total,2007Q4,2007Q4,4485214
5-96,5-96 Total,3,"Total,saisonbereinigt",TOT,Geschlecht - Total,2008Q1,2008Q1,4523265
5-96,5-96 Total,3,"Total,saisonbereinigt",TOT,Geschlecht - Total,2008Q2,2008Q2,4559783
5-96,5-96 Total,3,"Total,saisonbereinigt",TOT,Geschlecht - Total,2008Q3,2008Q3,4572798
5-96,5-96 Total,3,"Total,saisonbereinigt",TOT,Geschlecht - Total,2008Q4,2008Q4,4551254
5-96,5-96 Total,3,"Total,saisonbereinigt",TOT,Geschlecht - Total,2009Q1,2009Q1,4545635
5-96,5-96 Total,3,"Total,saisonbereinigt",TOT,Geschlecht - Total,2009Q2,2009Q2,4523448
5-96,5-96 Total,3,"Total,saisonbereinigt",TOT,Geschlecht - Total,2009Q3,2009Q3,4519996
5-96,5-96 Total,3,"Total,saisonbereinigt",TOT,Geschlecht - Total,2009Q4,2009Q4,4534815
5-96,5-96 Total,3,"Total,saisonbereinigt",TOT,Geschlecht - Total,2010Q1,2010Q1,4551544
5-96,5-96 Total,3,"Total,saisonbereinigt",TOT,Geschlecht - Total,2010Q2,2010Q2,4563553
5-96,5-96 Total,3,"Total,saisonbereinigt",TOT,Geschlecht - Total,2010Q3,2010Q3,4575861
5-96,5-96 Total,3,"Total,saisonbereinigt",TOT,Geschlecht - Total,2010Q4,2010Q4,4600240
5-96,5-96 Total,3,"Total,saisonbereinigt",TOT,Geschlecht - Total,2011Q1,2011Q1,4590440
5-96,5-96 Total,3,"Total,saisonbereinigt",TOT,Geschlecht - Total,2011Q2,2011Q2,4620674
5-96,5-96 Total,3,"Total,saisonbereinigt",TOT,Geschlecht - Total,2011Q3,2011Q3,4630144
5-96,5-96 Total,3,"Total,saisonbereinigt",TOT,Geschlecht - Total,2011Q4,2011Q4,4643261
5-96,5-96 Total,3,"Total,saisonbereinigt",TOT,Geschlecht - Total,2012Q1,2012Q1,4671697
5-96,5-96 Total,3,"Total,saisonbereinigt",TOT,Geschlecht - Total,2012Q2,2012Q2,4700604
5-96,5-96 Total,3,"Total,saisonbereinigt",TOT,Geschlecht - Total,2012Q3,2012Q3,4735742
5-96,5-96 Total,3,"Total,saisonbereinigt",TOT,Geschlecht - Total,2012Q4,2012Q4,4747573
5-96,5-96 Total,3,"Total,saisonbereinigt",TOT,Geschlecht - Total,2013Q1,2013Q1,4763721
5-96,5-96 Total,3,"Total,saisonbereinigt",TOT,Geschlecht - Total,2013Q2,2013Q2,4777824
5-96,5-96 Total,3,"Total,saisonbereinigt",TOT,Geschlecht - Total,2013Q3,2013Q3,4792349
5-96,5-96 Total,3,"Total,saisonbereinigt",TOT,Geschlecht - Total,2013Q4,2013Q4,4795164
5-96,5-96 Total,3,"Total,saisonbereinigt",TOT,Geschlecht - Total,2014Q1,2014Q1,4810684
5-96,5-96 Total,3,"Total,saisonbereinigt",TOT,Geschlecht - Total,2014Q2,2014Q2,4814991
5-96,5-96 Total,3,"Total,saisonbereinigt",TOT,Geschlecht - Total,2014Q3,2014Q3,4830924
5-96,5-96 Total,3,"Total,saisonbereinigt",TOT,Geschlecht - Total,2014Q4,2014Q4,4841940
5-96,5-96 Total,3,"Total,saisonbereinigt",TOT,Geschlecht - Total,2015Q1,2015Q1,4849258
5-96,5-96 Total,3,"Total,saisonbereinigt",TOT,Geschlecht - Total,2015Q2,2015Q2,4872137
5-96,5-96 Total,3,"Total,saisonbereinigt",TOT,Geschlecht - Total,2015Q3,2015Q3,4883480
5-96,5-96 Total,3,"Total,saisonbereinigt",TOT,Geschlecht - Total,2015Q4,2015Q4,4901323
5-96,5-96 Total,3,"Total,saisonbereinigt",TOT,Geschlecht - Total,2016Q1,2016Q1,4897935
5-96,5-96 Total,3,"Total,saisonbereinigt",TOT,Geschlecht - Total,2016Q2,2016Q2,4910172
5-96,5-96 Total,3,"Total,saisonbereinigt",TOT,Geschlecht - Total,2016Q3,2016Q3,4912570
5-96,5-96 Total,3,"Total,saisonbereinigt",TOT,Geschlecht - Total,2016Q4,2016Q4,4940603
5-96,5-96 Total,3,"Total,saisonbereinigt",TOT,Geschlecht - Total,2017Q1,2017Q1,4934942
5-96,5-96 Total,3,"Total,saisonbereinigt",TOT,Geschlecht - Total,2017Q2,2017Q2,4946241
5-96,5-96 Total,3,"Total,saisonbereinigt",TOT,Geschlecht - Total,2017Q3,2017Q3,4968377
5-96,5-96 Total,3,"Total,saisonbereinigt",TOT,Geschlecht - Total,2017Q4,2017Q4,4998333
5-96,5-96 Total,3,"Total,saisonbereinigt",TOT,Geschlecht - Total,2018Q1,2018Q1,5029571
5-96,5-96 Total,3,"Total,saisonbereinigt",TOT,Geschlecht - Total,2018Q2,2018Q2,5039795
5-96,5-96 Total,3,"Total,saisonbereinigt",TOT,Geschlecht - Total,2018Q3,2018Q3,5045255
5-96,5-96 Total,3,"Total,saisonbereinigt",TOT,Geschlecht - Total,2018Q4,2018Q4,5062391
5-96,5-96 Total,3,"Total,saisonbereinigt",TOT,Geschlecht - Total,2019Q1,2019Q1,5099619
5-96,5-96 Total,3,"Total,saisonbereinigt",TOT,Geschlecht - Total,2019Q2,2019Q2,5122836
5-96,5-96 Total,3,"Total,saisonbereinigt",TOT,Geschlecht - Total,2019Q3,2019Q3,5135593
5-96,5-96 Total,3,"Total,saisonbereinigt",TOT,Geschlecht - Total,2019Q4,2019Q4,5142795
5-96,5-96 Total,3,"Total,saisonbereinigt",TOT,Geschlecht - Total,2020Q1,2020Q1,5142678
5-96,5-96 Total,3,"Total,saisonbereinigt",TOT,Geschlecht - Total,2020Q2,2020Q2,5091897
5-96,5-96 Total,3,"Total,saisonbereinigt",TOT,Geschlecht - Total,2020Q3,2020Q3,5121319
5-96,5-96 Total,3,"Total,saisonbereinigt",TOT,Geschlecht - Total,2020Q4,2020Q4,5139286
5-96,5-96 Total,3,"Total,saisonbereinigt",TOT,Geschlecht - Total,2021Q1,2021Q1,5142705
5-96,5-96 Total,3,"Total,saisonbereinigt",TOT,Geschlecht - Total,2021Q2,2021Q2,5170257
5-96,5-96 Total,3,"Total,saisonbereinigt",TOT,Geschlecht - Total,2021Q3,2021Q3,5218229
5-96,5-96 Total,3,"Total,saisonbereinigt",TOT,Geschlecht - Total,2021Q4,2021Q4,5255472
5-96,5-96 Total,3,"Total,saisonbereinigt",TOT,Geschlecht - Total,2022Q1,2022Q1,5285739
5-96,5-96 Total,3,"Total,saisonbereinigt",TOT,Geschlecht - Total,2022Q2,2022Q2,5312644
5-96,5-96 Total,3,"Total,saisonbereinigt",TOT,Geschlecht - Total,2022Q3,2022Q3,5341031
5-96,5-96 Total,3,"Total,saisonbereinigt",TOT,Geschlecht - Total,2022Q4,2022Q4,5377052
5-96,5-96 Total,3,"Total,saisonbereinigt",TOT,Geschlecht - Total,2023Q1,2023Q1,5404429
5-96,5-96 Total,3,"Total,saisonbereinigt",TOT,Geschlecht - Total,2023Q2,2023Q2,5425410
5-96,5-96 Total,3,"Total,saisonbereinigt",TOT,Geschlecht - Total,2023Q3,2023Q3,5439471
5-96,5-96 Total,3,"Total,saisonbereinigt",TOT,Geschlecht - Total,2023Q4,2023Q4,5465246
5-96,5-96 Total,3,"Total,saisonbereinigt",TOT,Geschlecht - Total,2024Q1,2024Q1,5487112
5-96,5-96 Total,3,"Total,saisonbereinigt",TOT,Geschlecht - Total,2024Q2,2024Q2,5516531
5-96,5-96 Total,3,"Total,saisonbereinigt",TOT,Geschlecht - Total,2024Q3,2024Q3,5543242
5-96,5-96 Total,3,"Total,saisonbereinigt",TOT,Geschlecht - Total,2024Q4,2024Q4,5565560
5-96,5-96 Total,3,"Total,saisonbereinigt",TOT,Geschlecht - Total,2025Q1,2025Q1,5588480
5-96,5-96 Total,3,"Total,saisonbereinigt",TOT,Geschlecht - Total,2025Q2,2025Q2,5590638
5-96,5-96 Total,3,"Total,saisonbereinigt",TOT,Geschlecht - Total,2025Q3,2025Q3,5602051
5-96,5-96 Total,3,"Total,saisonbereinigt",TOT,Geschlecht - Total,2025Q4,2025Q4,5631884
5-96,5-96 Total,3,"Total,saisonbereinigt",TOT,Geschlecht - Total,2026Q1,2026Q1,5671792
5-96,5-96 Total,3,"Total,saisonbereinigt",TOT,Geschlecht - Total,2026Q2,2026Q2,5702468
10-33,10-33 Verarbeitendes Gewerbe/Herstellung von Waren,TOT,Beschäftigungsgrad - Total,TOT,Geschlecht - Total,1991Q3,1991Q3,872709
10-33,10-33 Verarbeitendes Gewerbe/Herstellung von Waren,TOT,Beschäftigungsgrad - Total,TOT,Geschlecht - Total,1991Q4,1991Q4,856824
10-33,10-33 Verarbeitendes Gewerbe/Herstellung von Waren,TOT,Beschäftigungsgrad - Total,TOT,Geschlecht - Total,1992Q1,1992Q1,845088
10-33,10-33 Verarbeitendes Gewerbe/Herstellung von Waren,TOT,Beschäftigungsgrad - Total,TOT,Geschlecht - Total,1992Q2,1992Q2,837883
10-33,10-33 Verarbeitendes Gewerbe/Herstellung von Waren,TOT,Beschäftigungsgrad - Total,TOT,Geschlecht - Total,1992Q3,1992Q3,822502
10-33,10-33 Verarbeitendes Gewerbe/Herstellung von Waren,TOT,Beschäftigungsgrad - Total,TOT,Geschlecht - Total,1992Q4,1992Q4,797404
10-33,10-33 Verarbeitendes Gewerbe/Herstellung von Waren,TOT,Beschäftigungsgrad - Total,TOT,Geschlecht - Total,1993Q1,1993Q1,790108
10-33,10-33 Verarbeitendes Gewerbe/Herstellung von Waren,TOT,Beschäftigungsgrad - Total,TOT,Geschlecht - Total,1993Q2,1993Q2,793861
10-33,10-33 Verarbeitendes Gewerbe/Herstellung von Waren,TOT,Beschäftigungsgrad - Total,TOT,Geschlecht - Total,1993Q3,1993Q3,786638
10-33,10-33 Verarbeitendes Gewerbe/Herstellung von Waren,TOT,Beschäftigungsgrad - Total,TOT,Geschlecht - Total,1993Q4,1993Q4,769397
10-33,10-33 Verarbeitendes Gewerbe/Herstellung von Waren,TOT,Beschäftigungsgrad - Total,TOT,Geschlecht - Total,1994Q1,1994Q1,751045
10-33,10-33 Verarbeitendes Gewerbe/Herstellung von Waren,TOT,Beschäftigungsgrad - Total,TOT,Geschlecht - Total,1994Q2,1994Q2,748372
10-33,10-33 Verarbeitendes Gewerbe/Herstellung von Waren,TOT,Beschäftigungsgrad - Total,TOT,Geschlecht - Total,1994Q3,1994Q3,755640
10-33,10-33 Verarbeitendes Gewerbe/Herstellung von Waren,TOT,Beschäftigungsgrad - Total,TOT,Geschlecht - Total,1994Q4,1994Q4,749372
10-33,10-33 Verarbeitendes Gewerbe/Herstellung von Waren,TOT,Beschäftigungsgrad - Total,TOT,Geschlecht - Total,1995Q1,1995Q1,741730
10-33,10-33 Verarbeitendes Gewerbe/Herstellung von Waren,TOT,Beschäftigungsgrad - Total,TOT,Geschlecht - Total,1995Q2,1995Q2,742230
10-33,10-33 Verarbeitendes Gewerbe/Herstellung von Waren,TOT,Beschäftigungsgrad - Total,TOT,Geschlecht - Total,1995Q3,1995Q3,744854
10-33,10-33 Verarbeitendes Gewerbe/Herstellung von Waren,TOT,Beschäftigungsgrad - Total,TOT,Geschlecht - Total,1995Q4,1995Q4,735642
10-33,10-33 Verarbeitendes Gewerbe/Herstellung von Waren,TOT,Beschäftigungsgrad - Total,TOT,Geschlecht - Total,1996Q1,1996Q1,729045
10-33,10-33 Verarbeitendes Gewerbe/Herstellung von Waren,TOT,Beschäftigungsgrad - Total,TOT,Geschlecht - Total,1996Q2,1996Q2,723109
10-33,10-33 Verarbeitendes Gewerbe/Herstellung von Waren,TOT,Beschäftigungsgrad - Total,TOT,Geschlecht - Total,1996Q3,1996Q3,718333
10-33,10-33 Verarbeitendes Gewerbe/Herstellung von Waren,TOT,Beschäftigungsgrad - Total,TOT,Geschlecht - Total,1996Q4,1996Q4,704713
10-33,10-33 Verarbeitendes Gewerbe/Herstellung von Waren,TOT,Beschäftigungsgrad - Total,TOT,Geschlecht - Total,1997Q1,1997Q1,699308
10-33,10-33 Verarbeitendes Gewerbe/Herstellung von Waren,TOT,Beschäftigungsgrad - Total,TOT,Geschlecht - Total,1997Q2,1997Q2,700480
10-33,10-33 Verarbeitendes Gewerbe/Herstellung von Waren,TOT,Beschäftigungsgrad - Total,TOT,Geschlecht - Total,1997Q3,1997Q3,700582
10-33,10-33 Verarbeitendes Gewerbe/Herstellung von Waren,TOT,Beschäftigungsgrad - Total,TOT,Geschlecht - Total,1997Q4,1997Q4,688997
10-33,10-33 Verarbeitendes Gewerbe/Herstellung von Waren,TOT,Beschäftigungsgrad - Total,TOT,Geschlecht - Total,1998Q1,1998Q1,689281
10-33,10-33 Verarbeitendes Gewerbe/Herstellung von Waren,TOT,Beschäftigungsgrad - Total,TOT,Geschlecht - Total,1998Q2,1998Q2,691961
10-33,10-33 Verarbeitendes Gewerbe/Herstellung von Waren,TOT,Beschäftigungsgrad - Total,TOT,Geschlecht - Total,1998Q3,1998Q3,694167
10-33,10-33 Verarbeitendes Gewerbe/Herstellung von Waren,TOT,Beschäftigungsgrad - Total,TOT,Geschlecht - Total,1998Q4,1998Q4,687855
10-33,10-33 Verarbeitendes Gewerbe/Herstellung von Waren,TOT,Beschäftigungsgrad - Total,TOT,Geschlecht - Total,1999Q1,1999Q1,684021
10-33,10-33 Verarbeitendes Gewerbe/Herstellung von Waren,TOT,Beschäftigungsgrad - Total,TOT,Geschlecht - Total,1999Q2,1999Q2,684560
10-33,10-33 Verarbeitendes Gewerbe/Herstellung von Waren,TOT,Beschäftigungsgrad - Total,TOT,Geschlecht - Total,1999Q3,1999Q3,688004
10-33,10-33 Verarbeitendes Gewerbe/Herstellung von Waren,TOT,Beschäftigungsgrad - Total,TOT,Geschlecht - Total,1999Q4,1999Q4,686402
10-33,10-33 Verarbeitendes Gewerbe/Herstellung von Waren,TOT,Beschäftigungsgrad - Total,TOT,Geschlecht - Total,2000Q1,2000Q1,684953
10-33,10-33 Verarbeitendes Gewerbe/Herstellung von Waren,TOT,Beschäftigungsgrad - Total,TOT,Geschlecht - Total,2000Q2,2000Q2,690654
10-33,10-33 Verarbeitendes Gewerbe/Herstellung von Waren,TOT,Beschäftigungsgrad - Total,TOT,Geschlecht - Total,2000Q3,2000Q3,699910
10-33,10-33 Verarbeitendes Gewerbe/Herstellung von Waren,TOT,Beschäftigungsgrad - Total,TOT,Geschlecht - Total,2000Q4,2000Q4,698859
10-33,10-33 Verarbeitendes Gewerbe/Herstellung von Waren,TOT,Beschäftigungsgrad - Total,TOT,Geschlecht - Total,2001Q1,2001Q1,700368
10-33,10-33 Verarbeitendes Gewerbe/Herstellung von Waren,TOT,Beschäftigungsgrad - Total,TOT,Geschlecht - Total,2001Q2,2001Q2,703148
10-33,10-33 Verarbeitendes Gewerbe/Herstellung von Waren,TOT,Beschäftigungsgrad - Total,TOT,Geschlecht - Total,2001Q3,2001Q3,709977
10-33,10-33 Verarbeitendes Gewerbe/Herstellung von Waren,TOT,Beschäftigungsgrad - Total,TOT,Geschlecht - Total,2001Q4,2001Q4,703765
10-33,10-33 Verarbeitendes Gewerbe/Herstellung von Waren,TOT,Beschäftigungsgrad - Total,TOT,Geschlecht - Total,2002Q1,2002Q1,693288
10-33,10-33 Verarbeitendes Gewerbe/Herstellung von Waren,TOT,Beschäftigungsgrad - Total,TOT,Geschlecht - Total,2002Q2,2002Q2,691456
10-33,10-33 Verarbeitendes Gewerbe/Herstellung von Waren,TOT,Beschäftigungsgrad - Total,TOT,Geschlecht - Total,2002Q3,2002Q3,691316
10-33,10-33 Verarbeitendes Gewerbe/Herstellung von Waren,TOT,Beschäftigungsgrad - Total,TOT,Geschlecht - Total,2002Q4,2002Q4,681215
10-33,10-33 Verarbeitendes Gewerbe/Herstellung von Waren,TOT,Beschäftigungsgrad - Total,TOT,Geschlecht - Total,2003Q1,2003Q1,670935
10-33,10-33 Verarbeitendes Gewerbe/Herstellung von Waren,TOT,Beschäftigungsgrad - Total,TOT,Geschlecht - Total,2003Q2,2003Q2,673571
10-33,10-33 Verarbeitendes Gewerbe/Herstellung von Waren,TOT,Beschäftigungsgrad - Total,TOT,Geschlecht - Total,2003Q3,2003Q3,669496
10-33,10-33 Verarbeitendes Gewerbe/Herstellung von Waren,TOT,Beschäftigungsgrad - Total,TOT,Geschlecht - Total,2003Q4,2003Q4,665468
10-33,10-33 Verarbeitendes Gewerbe/Herstellung von Waren,TOT,Beschäftigungsgrad - Total,TOT,Geschlecht - Total,2004Q1,2004Q1,660038
10-33,10-33 Verarbeitendes Gewerbe/Herstellung von Waren,TOT,Beschäftigungsgrad - Total,TOT,Geschlecht - Total,2004Q2,2004Q2,661320
10-33,10-33 Verarbeitendes Gewerbe/Herstellung von Waren,TOT,Beschäftigungsgrad - Total,TOT,Geschlecht - Total,2004Q3,2004Q3,669756
10-33,10-33 Verarbeitendes Gewerbe/Herstellung von Waren,TOT,Beschäftigungsgrad - Total,TOT,Geschlecht - Total,2004Q4,2004Q4,661378
10-33,10-33 Verarbeitendes Gewerbe/Herstellung von Waren,TOT,Beschäftigungsgrad - Total,TOT,Geschlecht - Total,2005Q1,2005Q1,662604
10-33,10-33 Verarbeitendes Gewerbe/Herstellung von Waren,TOT,Beschäftigungsgrad - Total,TOT,Geschlecht - Total,2005Q2,2005Q2,664014
10-33,10-33 Verarbeitendes Gewerbe/Herstellung von Waren,TOT,Beschäftigungsgrad - Total,TOT,Geschlecht - Total,2005Q3,2005Q3,673279
10-33,10-33 Verarbeitendes Gewerbe/Herstellung von Waren,TOT,Beschäftigungsgrad - Total,TOT,Geschlecht - Total,2005Q4,2005Q4,670617
10-33,10-33 Verarbeitendes Gewerbe/Herstellung von Waren,TOT,Beschäftigungsgrad - Total,TOT,Geschlecht - Total,2006Q1,2006Q1,669539
10-33,10-33 Verarbeitendes Gewerbe/Herstellung von Waren,TOT,Beschäftigungsgrad - Total,TOT,Geschlecht - Total,2006Q2,2006Q2,678596
10-33,10-33 Verarbeitendes Gewerbe/Herstellung von Waren,TOT,Beschäftigungsgrad - Total,TOT,Geschlecht - Total,2006Q3,2006Q3,691664
10-33,10-33 Verarbeitendes Gewerbe/Herstellung von Waren,TOT,Beschäftigungsgrad - Total,TOT,Geschlecht - Total,2006Q4,2006Q4,695799
10-33,10-33 Verarbeitendes Gewerbe/Herstellung von Waren,TOT,Beschäftigungsgrad - Total,TOT,Geschlecht - Total,2007Q1,2007Q1,698445
10-33,10-33 Verarbeitendes Gewerbe/Herstellung von Waren,TOT,Beschäftigungsgrad - Total,TOT,Geschlecht - Total,2007Q2,2007Q2,705023
10-33,10-33 Verarbeitendes Gewerbe/Herstellung von Waren,TOT,Beschäftigungsgrad - Total,TOT,Geschlecht - Total,2007Q3,2007Q3,712561
10-33,10-33 Verarbeitendes Gewerbe/Herstellung von Waren,TOT,Beschäftigungsgrad - Total,TOT,Geschlecht - Total,2007Q4,2007Q4,713969
10-33,10-33 Verarbeitendes Gewerbe/Herstellung von Waren,TOT,Beschäftigungsgrad - Total,TOT,Geschlecht - Total,2008Q1,2008Q1,719058
10-33,10-33 Verarbeitendes Gewerbe/Herstellung von Waren,TOT,Beschäftigungsgrad - Total,TOT,Geschlecht - Total,2008Q2,2008Q2,727176
10-33,10-33 Verarbeitendes Gewerbe/Herstellung von Waren,TOT,Beschäftigungsgrad - Total,TOT,Geschlecht - Total,2008Q3,2008Q3,734670
10-33,10-33 Verarbeitendes Gewerbe/Herstellung von Waren,TOT,Beschäftigungsgrad - Total,TOT,Geschlecht - Total,2008Q4,2008Q4,724392
10-33,10-33 Verarbeitendes Gewerbe/Herstellung von Waren,TOT,Beschäftigungsgrad - Total,TOT,Geschlecht - Total,2009Q1,2009Q1,716300
10-33,10-33 Verarbeitendes Gewerbe/Herstellung von Waren,TOT,Beschäftigungsgrad - Total,TOT,Geschlecht - Total,2009Q2,2009Q2,706212
10-33,10-33 Verarbeitendes Gewerbe/Herstellung von Waren,TOT,Beschäftigungsgrad - Total,TOT,Geschlecht - Total,2009Q3,2009Q3,701204
10-33,10-33 Verarbeitendes Gewerbe/Herstellung von Waren,TOT,Beschäftigungsgrad - Total,TOT,Geschlecht - Total,2009Q4,2009Q4,693653
10-33,10-33 Verarbeitendes Gewerbe/Herstellung von Waren,TOT,Beschäftigungsgrad - Total,TOT,Geschlecht - Total,2010Q1,2010Q1,690711
10-33,10-33 Verarbeitendes Gewerbe/Herstellung von Waren,TOT,Beschäftigungsgrad - Total,TOT,Geschlecht - Total,2010Q2,2010Q2,691547
10-33,10-33 Verarbeitendes Gewerbe/Herstellung von Waren,TOT,Beschäftigungsgrad - Total,TOT,Geschlecht - Total,2010Q3,2010Q3,696292
10-33,10-33 Verarbeitendes Gewerbe/Herstellung von Waren,TOT,Beschäftigungsgrad - Total,TOT,Geschlecht - Total,2010Q4,2010Q4,696679
10-33,10-33 Verarbeitendes Gewerbe/Herstellung von Waren,TOT,Beschäftigungsgrad - Total,TOT,Geschlecht - Total,2011Q1,2011Q1,694898
10-33,10-33 Verarbeitendes Gewerbe/Herstellung von Waren,TOT,Beschäftigungsgrad - Total,TOT,Geschlecht - Total,2011Q2,2011Q2,698109
10-33,10-33 Verarbeitendes Gewerbe/Herstellung von Waren,TOT,Beschäftigungsgrad - Total,TOT,Geschlecht - Total,2011Q3,2011Q3,701891
10-33,10-33 Verarbeitendes Gewerbe/Herstellung von Waren,TOT,Beschäftigungsgrad - Total,TOT,Geschlecht - Total,2011Q4,2011Q4,698250
10-33,10-33 Verarbeitendes Gewerbe/Herstellung von Waren,TOT,Beschäftigungsgrad - Total,TOT,Geschlecht - Total,2012Q1,2012Q1,699671
10-33,10-33 Verarbeitendes Gewerbe/Herstellung von Waren,TOT,Beschäftigungsgrad - Total,TOT,Geschlecht - Total,2012Q2,2012Q2,700051
10-33,10-33 Verarbeitendes Gewerbe/Herstellung von Waren,TOT,Beschäftigungsgrad - Total,TOT,Geschlecht - Total,2012Q3,2012Q3,701982
10-33,10-33 Verarbeitendes Gewerbe/Herstellung von Waren,TOT,Beschäftigungsgrad - Total,TOT,Geschlecht - Total,2012Q4,2012Q4,693782
10-33,10-33 Verarbeitendes Gewerbe/Herstellung von Waren,TOT,Beschäftigungsgrad - Total,TOT,Geschlecht - Total,2013Q1,2013Q1,691056
10-33,10-33 Verarbeitendes Gewerbe/Herstellung von Waren,TOT,Beschäftigungsgrad - Total,TOT,Geschlecht - Total,2013Q2,2013Q2,689169
10-33,10-33 Verarbeitendes Gewerbe/Herstellung von Waren,TOT,Beschäftigungsgrad - Total,TOT,Geschlecht - Total,2013Q3,2013Q3,694302
10-33,10-33 Verarbeitendes Gewerbe/Herstellung von Waren,TOT,Beschäftigungsgrad - Total,TOT,Geschlecht - Total,2013Q4,2013Q4,692990
10-33,10-33 Verarbeitendes Gewerbe/Herstellung von Waren,TOT,Beschäftigungsgrad - Total,TOT,Geschlecht - Total,2014Q1,2014Q1,692604
10-33,10-33 Verarbeitendes Gewerbe/Herstellung von Waren,TOT,Beschäftigungsgrad - Total,TOT,Geschlecht - Total,2014Q2,2014Q2,691115
10-33,10-33 Verarbeitendes Gewerbe/Herstellung von Waren,TOT,Beschäftigungsgrad - Total,TOT,Geschlecht - Total,2014Q3,2014Q3,697044
10-33,10-33 Verarbeitendes Gewerbe/Herstellung von Waren,TOT,Beschäftigungsgrad - Total,TOT,Geschlecht - Total,2014Q4,2014Q4,692794
10-33,10-33 Verarbeitendes Gewerbe/Herstellung von Waren,TOT,Beschäftigungsgrad - Total,TOT,Geschlecht - Total,2015Q1,2015Q1,691203
10-33,10-33 Verarbeitendes Gewerbe/Herstellung von Waren,TOT,Beschäftigungsgrad - Total,TOT,Geschlecht - Total,2015Q2,2015Q2,688826
10-33,10-33 Verarbeitendes Gewerbe/Herstellung von Waren,TOT,Beschäftigungsgrad - Total,TOT,Geschlecht - Total,2015Q3,2015Q3,687411
10-33,10-33 Verarbeitendes Gewerbe/Herstellung von Waren,TOT,Beschäftigungsgrad - Total,TOT,Geschlecht - Total,2015Q4,2015Q4,684589
10-33,10-33 Verarbeitendes Gewerbe/Herstellung von Waren,TOT,Beschäftigungsgrad - Total,TOT,Geschlecht - Total,2016Q1,2016Q1,676043
10-33,10-33 Verarbeitendes Gewerbe/Herstellung von Waren,TOT,Beschäftigungsgrad - Total,TOT,Geschlecht - Total,2016Q2,2016Q2,674755
10-33,10-33 Verarbeitendes Gewerbe/Herstellung von Waren,TOT,Beschäftigungsgrad - Total,TOT,Geschlecht - Total,2016Q3,2016Q3,672625
10-33,10-33 Verarbeitendes Gewerbe/Herstellung von Waren,TOT,Beschäftigungsgrad - Total,TOT,Geschlecht - Total,2016Q4,2016Q4,667130
10-33,10-33 Verarbeitendes Gewerbe/Herstellung von Waren,TOT,Beschäftigungsgrad - Total,TOT,Geschlecht - Total,2017Q1,2017Q1,666146
10-33,10-33 Verarbeitendes Gewerbe/Herstellung von Waren,TOT,Beschäftigungsgrad - Total,TOT,Geschlecht - Total,2017Q2,2017Q2,666851
10-33,10-33 Verarbeitendes Gewerbe/Herstellung von Waren,TOT,Beschäftigungsgrad - Total,TOT,Geschlecht - Total,2017Q3,2017Q3,669219
10-33,10-33 Verarbeitendes Gewerbe/Herstellung von Waren,TOT,Beschäftigungsgrad - Total,TOT,Geschlecht - Total,2017Q4,2017Q4,668519
10-33,10-33 Verarbeitendes Gewerbe/Herstellung von Waren,TOT,Beschäftigungsgrad - Total,TOT,Geschlecht - Total,2018Q1,2018Q1,671134
10-33,10-33 Verarbeitendes Gewerbe/Herstellung von Waren,TOT,Beschäftigungsgrad - Total,TOT,Geschlecht - Total,2018Q2,2018Q2,675361
10-33,10-33 Verarbeitendes Gewerbe/Herstellung von Waren,TOT,Beschäftigungsgrad - Total,TOT,Geschlecht - Total,2018Q3,2018Q3,680920
10-33,10-33 Verarbeitendes Gewerbe/Herstellung von Waren,TOT,Beschäftigungsgrad - Total,TOT,Geschlecht - Total,2018Q4,2018Q4,677866
10-33,10-33 Verarbeitendes Gewerbe/Herstellung von Waren,TOT,Beschäftigungsgrad - Total,TOT,Geschlecht - Total,2019Q1,2019Q1,679355
10-33,10-33 Verarbeitendes Gewerbe/Herstellung von Waren,TOT,Beschäftigungsgrad - Total,TOT,Geschlecht - Total,2019Q2,2019Q2,682888
10-33,10-33 Verarbeitendes Gewerbe/Herstellung von Waren,TOT,Beschäftigungsgrad - Total,TOT,Geschlecht - Total,2019Q3,2019Q3,685307
10-33,10-33 Verarbeitendes Gewerbe/Herstellung von Waren,TOT,Beschäftigungsgrad - Total,TOT,Geschlecht - Total,2019Q4,2019Q4,680219
10-33,10-33 Verarbeitendes Gewerbe/Herstellung von Waren,TOT,Beschäftigungsgrad - Total,TOT,Geschlecht - Total,2020Q1,2020Q1,680686
10-33,10-33 Verarbeitendes Gewerbe/Herstellung von Waren,TOT,Beschäftigungsgrad - Total,TOT,Geschlecht - Total,2020Q2,2020Q2,676866
10-33,10-33 Verarbeitendes Gewerbe/Herstellung von Waren,TOT,Beschäftigungsgrad - Total,TOT,Geschlecht - Total,2020Q3,2020Q3,675665
10-33,10-33 Verarbeitendes Gewerbe/Herstellung von Waren,TOT,Beschäftigungsgrad - Total,TOT,Geschlecht - Total,2020Q4,2020Q4,672383
10-33,10-33 Verarbeitendes Gewerbe/Herstellung von Waren,TOT,Beschäftigungsgrad - Total,TOT,Geschlecht - Total,2021Q1,2021Q1,667846
10-33,10-33 Verarbeitendes Gewerbe/Herstellung von Waren,TOT,Beschäftigungsgrad - Total,TOT,Geschlecht - Total,2021Q2,2021Q2,667760
10-33,10-33 Verarbeitendes Gewerbe/Herstellung von Waren,TOT,Beschäftigungsgrad - Total,TOT,Geschlecht - Total,2021Q3,2021Q3,672661
10-33,10-33 Verarbeitendes Gewerbe/Herstellung von Waren,TOT,Beschäftigungsgrad - Total,TOT,Geschlecht - Total,2021Q4,2021Q4,675518
10-33,10-33 Verarbeitendes Gewerbe/Herstellung von Waren,TOT,Beschäftigungsgrad - Total,TOT,Geschlecht - Total,2022Q1,2022Q1,678110
10-33,10-33 Verarbeitendes Gewerbe/Herstellung von Waren,TOT,Beschäftigungsgrad - Total,TOT,Geschlecht - Total,2022Q2,2022Q2,680380
10-33,10-33 Verarbeitendes Gewerbe/Herstellung von Waren,TOT,Beschäftigungsgrad - Total,TOT,Geschlecht - Total,2022Q3,2022Q3,686570
10-33,10-33 Verarbeitendes Gewerbe/Herstellung von Waren,TOT,Beschäftigungsgrad - Total,TOT,Geschlecht - Total,2022Q4,2022Q4,687074
10-33,10-33 Verarbeitendes Gewerbe/Herstellung von Waren,TOT,Beschäftigungsgrad - Total,TOT,Geschlecht - Total,2023Q1,2023Q1,689767
10-33,10-33 Verarbeitendes Gewerbe/Herstellung von Waren,TOT,Beschäftigungsgrad - Total,TOT,Geschlecht - Total,2023Q2,2023Q2,692010
10-33,10-33 Verarbeitendes Gewerbe/Herstellung von Waren,TOT,Beschäftigungsgrad - Total,TOT,Geschlecht - Total,2023Q3,2023Q3,694089
10-33,10-33 Verarbeitendes Gewerbe/Herstellung von Waren,TOT,Beschäftigungsgrad - Total,TOT,Geschlecht - Total,2023Q4,2023Q4,689818
10-33,10-33 Verarbeitendes Gewerbe/Herstellung von Waren,TOT,Beschäftigungsgrad - Total,TOT,Geschlecht - Total,2024Q1,2024Q1,690548
10-33,10-33 Verarbeitendes Gewerbe/Herstellung von Waren,TOT,Beschäftigungsgrad - Total,TOT,Geschlecht - Total,2024Q2,2024Q2,700107
10-33,10-33 Verarbeitendes Gewerbe/Herstellung von Waren,TOT,Beschäftigungsgrad - Total,TOT,Geschlecht - Total,2024Q3,2024Q3,699813
10-33,10-33 Verarbeitendes Gewerbe/Herstellung von Waren,TOT,Beschäftigungsgrad - Total,TOT,Geschlecht - Total,2024Q4,2024Q4,697299
10-33,10-33 Verarbeitendes Gewerbe/Herstellung von Waren,TOT,Beschäftigungsgrad - Total,TOT,Geschlecht - Total,2025Q1,2025Q1,693992
10-33,10-33 Verarbeitendes Gewerbe/Herstellung von Waren,TOT,Beschäftigungsgrad - Total,TOT,Geschlecht - Total,2025Q2,2025Q2,690386
10-33,10-33 Verarbeitendes Gewerbe/Herstellung von Waren,TOT,Beschäftigungsgrad - Total,TOT,Geschlecht - Total,2025Q3,2025Q3,692591
10-33,10-33 Verarbeitendes Gewerbe/Herstellung von Waren,TOT,Beschäftigungsgrad - Total,TOT,Geschlecht - Total,2025Q4,2025Q4,692764
10-33,10-33 Verarbeitendes Gewerbe/Herstellung von Waren,TOT,Beschäftigungsgrad - Total,TOT,Geschlecht - Total,2026Q1,2026Q1,691982
10-33,10-33 Verarbeitendes Gewerbe/Herstellung von Waren,TOT,Beschäftigungsgrad - Total,TOT,Geschlecht - Total,2026Q2,2026Q2,695427
10-33,10-33 Verarbeitendes Gewerbe/Herstellung von Waren,3,"Total,saisonbereinigt",TOT,Geschlecht - Total,1991Q3,1991Q3,866986
10-33,10-33 Verarbeitendes Gewerbe/Herstellung von Waren,3,"Total,saisonbereinigt",TOT,Geschlecht - Total,1991Q4,1991Q4,858430
10-33,10-33 Verarbeitendes Gewerbe/Herstellung von Waren,3,"Total,saisonbereinigt",TOT,Geschlecht - Total,1992Q1,1992Q1,849854
10-33,10-33 Verarbeitendes Gewerbe/Herstellung von Waren,3,"Total,saisonbereinigt",TOT,Geschlecht - Total,1992Q2,1992Q2,837159
10-33,10-33 Verarbeitendes Gewerbe/Herstellung von Waren,3,"Total,saisonbereinigt",TOT,Geschlecht - Total,1992Q3,1992Q3,817100
10-33,10-33 Verarbeitendes Gewerbe/Herstellung von Waren,3,"Total,saisonbereinigt",TOT,Geschlecht - Total,1992Q4,1992Q4,798926
10-33,10-33 Verarbeitendes Gewerbe/Herstellung von Waren,3,"Total,saisonbereinigt",TOT,Geschlecht - Total,1993Q1,1993Q1,794458
10-33,10-33 Verarbeitendes Gewerbe/Herstellung von Waren,3,"Total,saisonbereinigt",TOT,Geschlecht - Total,1993Q2,1993Q2,793275
10-33,10-33 Verarbeitendes Gewerbe/Herstellung von Waren,3,"Total,saisonbereinigt",TOT,Geschlecht - Total,1993Q3,1993Q3,781485
10-33,10-33 Verarbeitendes Gewerbe/Herstellung von Waren,3,"Total,saisonbereinigt",TOT,Geschlecht - Total,1993Q4,1993Q4,770840
10-33,10-33 Verarbeitendes Gewerbe/Herstellung von Waren,3,"Total,saisonbereinigt",TOT,Geschlecht - Total,1994Q1,1994Q1,755089
10-33,10-33 Verarbeitendes Gewerbe/Herstellung von Waren,3,"Total,saisonbereinigt",TOT,Geschlecht - Total,1994Q2,1994Q2,747914
10-33,10-33 Verarbeitendes Gewerbe/Herstellung von Waren,3,"Total,saisonbereinigt",TOT,Geschlecht - Total,1994Q3,1994Q3,750754
10-33,10-33 Verarbeitendes Gewerbe/Herstellung von Waren,3,"Total,saisonbereinigt",TOT,Geschlecht - Total,1994Q4,1994Q4,750682
10-33,10-33 Verarbeitendes Gewerbe/Herstellung von Waren,3,"Total,saisonbereinigt",TOT,Geschlecht - Total,1995Q1,1995Q1,745644
10-33,10-33 Verarbeitendes Gewerbe/Herstellung von Waren,3,"Total,saisonbereinigt",TOT,Geschlecht - Total,1995Q2,1995Q2,741897
10-33,10-33 Verarbeitendes Gewerbe/Herstellung von Waren,3,"Total,saisonbereinigt",TOT,Geschlecht - Total,1995Q3,1995Q3,740104
10-33,10-33 Verarbeitendes Gewerbe/Herstellung von Waren,3,"Total,saisonbereinigt",TOT,Geschlecht - Total,1995Q4,1995Q4,736810
10-33,10-33 Verarbeitendes Gewerbe/Herstellung von Waren,3,"Total,saisonbereinigt",TOT,Geschlecht - Total,1996Q1,1996Q1,732781
10-33,10-33 Verarbeitendes Gewerbe/Herstellung von Waren,3,"Total,saisonbereinigt",TOT,Geschlecht - Total,1996Q2,1996Q2,722995
10-33,10-33 Verarbeitendes Gewerbe/Herstellung von Waren,3,"Total,saisonbereinigt",TOT,Geschlecht - Total,1996Q3,1996Q3,713786
10-33,10-33 Verarbeitendes Gewerbe/Herstellung von Waren,3,"Total,saisonbereinigt",TOT,Geschlecht - Total,1996Q4,1996Q4,705644
10-33,10-33 Verarbeitendes Gewerbe/Herstellung von Waren,3,"Total,saisonbereinigt",TOT,Geschlecht - Total,1997Q1,1997Q1,702840
10-33,10-33 Verarbeitendes Gewerbe/Herstellung von Waren,3,"Total,saisonbereinigt",TOT,Geschlecht - Total,1997Q2,1997Q2,700604
10-33,10-33 Verarbeitendes Gewerbe/Herstellung von Waren,3,"Total,saisonbereinigt",TOT,Geschlecht - Total,1997Q3,1997Q3,696128
10-33,10-33 Verarbeitendes Gewerbe/Herstellung von Waren,3,"Total,saisonbereinigt",TOT,Geschlecht - Total,1997Q4,1997Q4,689757
10-33,10-33 Verarbeitendes Gewerbe/Herstellung von Waren,3,"Total,saisonbereinigt",TOT,Geschlecht - Total,1998Q1,1998Q1,692731
10-33,10-33 Verarbeitendes Gewerbe/Herstellung von Waren,3,"Total,saisonbereinigt",TOT,Geschlecht - Total,1998Q2,1998Q2,692229
10-33,10-33 Verarbeitendes Gewerbe/Herstellung von Waren,3,"Total,saisonbereinigt",TOT,Geschlecht - Total,1998Q3,1998Q3,689825
10-33,10-33 Verarbeitendes Gewerbe/Herstellung von Waren,3,"Total,saisonbereinigt",TOT,Geschlecht - Total,1998Q4,1998Q4,688416
10-33,10-33 Verarbeitendes Gewerbe/Herstellung von Waren,3,"Total,saisonbereinigt",TOT,Geschlecht - Total,1999Q1,1999Q1,687449
10-33,10-33 Verarbeitendes Gewerbe/Herstellung von Waren,3,"Total,saisonbereinigt",TOT,Geschlecht - Total,1999Q2,1999Q2,684941
10-33,10-33 Verarbeitendes Gewerbe/Herstellung von Waren,3,"Total,saisonbereinigt",TOT,Geschlecht - Total,1999Q3,1999Q3,683722
10-33,10-33 Verarbeitendes Gewerbe/Herstellung von Waren,3,"Total,saisonbereinigt",TOT,Geschlecht - Total,1999Q4,1999Q4,686877
10-33,10-33 Verarbeitendes Gewerbe/Herstellung von Waren,3,"Total,saisonbereinigt",TOT,Geschlecht - Total,2000Q1,2000Q1,688321
10-33,10-33 Verarbeitendes Gewerbe/Herstellung von Waren,3,"Total,saisonbereinigt",TOT,Geschlecht - Total,2000Q2,2000Q2,691169
10-33,10-33 Verarbeitendes Gewerbe/Herstellung von Waren,3,"Total,saisonbereinigt",TOT,Geschlecht - Total,2000Q3,2000Q3,695578
10-33,10-33 Verarbeitendes Gewerbe/Herstellung von Waren,3,"Total,saisonbereinigt",TOT,Geschlecht - Total,2000Q4,2000Q4,699226
10-33,10-33 Verarbeitendes Gewerbe/Herstellung von Waren,3,"Total,saisonbereinigt",TOT,Geschlecht - Total,2001Q1,2001Q1,703757
10-33,10-33 Verarbeitendes Gewerbe/Herstellung von Waren,3,"Total,saisonbereinigt",TOT,Geschlecht - Total,2001Q2,2001Q2,703868
10-33,10-33 Verarbeitendes Gewerbe/Herstellung von Waren,3,"Total,saisonbereinigt",TOT,Geschlecht - Total,2001Q3,2001Q3,705539
10-33,10-33 Verarbeitendes Gewerbe/Herstellung von Waren,3,"Total,saisonbereinigt",TOT,Geschlecht - Total,2001Q4,2001Q4,704040
10-33,10-33 Verarbeitendes Gewerbe/Herstellung von Waren,3,"Total,saisonbereinigt",TOT,Geschlecht - Total,2002Q1,2002Q1,696610
10-33,10-33 Verarbeitendes Gewerbe/Herstellung von Waren,3,"Total,saisonbereinigt",TOT,Geschlecht - Total,2002Q2,2002Q2,692281
10-33,10-33 Verarbeitendes Gewerbe/Herstellung von Waren,3,"Total,saisonbereinigt",TOT,Geschlecht - Total,2002Q3,2002Q3,687027
10-33,10-33 Verarbeitendes Gewerbe/Herstellung von Waren,3,"Total,saisonbereinigt",TOT,Geschlecht - Total,2002Q4,2002Q4,681368
10-33,10-33 Verarbeitendes Gewerbe/Herstellung von Waren,3,"Total,saisonbereinigt",TOT,Geschlecht - Total,2003Q1,2003Q1,674146
10-33,10-33 Verarbeitendes Gewerbe/Herstellung von Waren,3,"Total,saisonbereinigt",TOT,Geschlecht - Total,2003Q2,2003Q2,674432
10-33,10-33 Verarbeitendes Gewerbe/Herstellung von Waren,3,"Total,saisonbereinigt",TOT,Geschlecht - Total,2003Q3,2003Q3,665353
10-33,10-33 Verarbeitendes Gewerbe/Herstellung von Waren,3,"Total,saisonbereinigt",TOT,Geschlecht - Total,2003Q4,2003Q4,665626
10-33,10-33 Verarbeitendes Gewerbe/Herstellung von Waren,3,"Total,saisonbereinigt",TOT,Geschlecht - Total,2004Q1,2004Q1,663104
10-33,10-33 Verarbeitendes Gewerbe/Herstellung von Waren,3,"Total,saisonbereinigt",TOT,Geschlecht - Total,2004Q2,2004Q2,662205
10-33,10-33 Verarbeitendes Gewerbe/Herstellung von Waren,3,"Total,saisonbereinigt",TOT,Geschlecht - Total,2004Q3,2004Q3,665658
10-33,10-33 Verarbeitendes Gewerbe/Herstellung von Waren,3,"Total,saisonbereinigt",TOT,Geschlecht - Total,2004Q4,2004Q4,661567
10-33,10-33 Verarbeitendes Gewerbe/Herstellung von Waren,3,"Total,saisonbereinigt",TOT,Geschlecht - Total,2005Q1,2005Q1,665570
10-33,10-33 Verarbeitendes Gewerbe/Herstellung von Waren,3,"Total,saisonbereinigt",TOT,Geschlecht - Total,2005Q2,2005Q2,664902
10-33,10-33 Verarbeitendes Gewerbe/Herstellung von Waren,3,"Total,saisonbereinigt",TOT,Geschlecht - Total,2005Q3,2005Q3,669245
10-33,10-33 Verarbeitendes Gewerbe/Herstellung von Waren,3,"Total,saisonbereinigt",TOT,Geschlecht - Total,2005Q4,2005Q4,670879
10-33,10-33 Verarbeitendes Gewerbe/Herstellung von Waren,3,"Total,saisonbereinigt",TOT,Geschlecht - Total,2006Q1,2006Q1,672360
10-33,10-33 Verarbeitendes Gewerbe/Herstellung von Waren,3,"Total,saisonbereinigt",TOT,Geschlecht - Total,2006Q2,2006Q2,679474
10-33,10-33 Verarbeitendes Gewerbe/Herstellung von Waren,3,"Total,saisonbereinigt",TOT,Geschlecht - Total,2006Q3,2006Q3,687689
10-33,10-33 Verarbeitendes Gewerbe/Herstellung von Waren,3,"Total,saisonbereinigt",TOT,Geschlecht - Total,2006Q4,2006Q4,696137
10-33,10-33 Verarbeitendes Gewerbe/Herstellung von Waren,3,"Total,saisonbereinigt",TOT,Geschlecht - Total,2007Q1,2007Q1,701150
10-33,10-33 Verarbeitendes Gewerbe/Herstellung von Waren,3,"Total,saisonbereinigt",TOT,Geschlecht - Total,2007Q2,2007Q2,705952
10-33,10-33 Verarbeitendes Gewerbe/Herstellung von Waren,3,"Total,saisonbereinigt",TOT,Geschlecht - Total,2007Q3,2007Q3,708563
10-33,10-33 Verarbeitendes Gewerbe/Herstellung von Waren,3,"Total,saisonbereinigt",TOT,Geschlecht - Total,2007Q4,2007Q4,714506
10-33,10-33 Verarbeitendes Gewerbe/Herstellung von Waren,3,"Total,saisonbereinigt",TOT,Geschlecht - Total,2008Q1,2008Q1,721509
10-33,10-33 Verarbeitendes Gewerbe/Herstellung von Waren,3,"Total,saisonbereinigt",TOT,Geschlecht - Total,2008Q2,2008Q2,728148
10-33,10-33 Verarbeitendes Gewerbe/Herstellung von Waren,3,"Total,saisonbereinigt",TOT,Geschlecht - Total,2008Q3,2008Q3,730729
10-33,10-33 Verarbeitendes Gewerbe/Herstellung von Waren,3,"Total,saisonbereinigt",TOT,Geschlecht - Total,2008Q4,2008Q4,725037
10-33,10-33 Verarbeitendes Gewerbe/Herstellung von Waren,3,"Total,saisonbereinigt",TOT,Geschlecht - Total,2009Q1,2009Q1,718459
10-33,10-33 Verarbeitendes Gewerbe/Herstellung von Waren,3,"Total,saisonbereinigt",TOT,Geschlecht - Total,2009Q2,2009Q2,707157
10-33,10-33 Verarbeitendes Gewerbe/Herstellung von Waren,3,"Total,saisonbereinigt",TOT,Geschlecht - Total,2009Q3,2009Q3,697622
10-33,10-33 Verarbeitendes Gewerbe/Herstellung von Waren,3,"Total,saisonbereinigt",TOT,Geschlecht - Total,2009Q4,2009Q4,694355
10-33,10-33 Verarbeitendes Gewerbe/Herstellung von Waren,3,"Total,saisonbereinigt",TOT,Geschlecht - Total,2010Q1,2010Q1,692551
10-33,10-33 Verarbeitendes Gewerbe/Herstellung von Waren,3,"Total,saisonbereinigt",TOT,Geschlecht - Total,2010Q2,2010Q2,692406
10-33,10-33 Verarbeitendes Gewerbe/Herstellung von Waren,3,"Total,saisonbereinigt",TOT,Geschlecht - Total,2010Q3,2010Q3,693000
10-33,10-33 Verarbeitendes Gewerbe/Herstellung von Waren,3,"Total,saisonbereinigt",TOT,Geschlecht - Total,2010Q4,2010Q4,697396
10-33,10-33 Verarbeitendes Gewerbe/Herstellung von Waren,3,"Total,saisonbereinigt",TOT,Geschlecht - Total,2011Q1,2011Q1,696543
10-33,10-33 Verarbeitendes Gewerbe/Herstellung von Waren,3,"Total,saisonbereinigt",TOT,Geschlecht - Total,2011Q2,2011Q2,698938
10-33,10-33 Verarbeitendes Gewerbe/Herstellung von Waren,3,"Total,saisonbereinigt",TOT,Geschlecht - Total,2011Q3,2011Q3,698756
10-33,10-33 Verarbeitendes Gewerbe/Herstellung von Waren,3,"Total,saisonbereinigt",TOT,Geschlecht - Total,2011Q4,2011Q4,699048
10-33,10-33 Verarbeitendes Gewerbe/Herstellung von Waren,3,"Total,saisonbereinigt",TOT,Geschlecht - Total,2012Q1,2012Q1,701097
10-33,10-33 Verarbeitendes Gewerbe/Herstellung von Waren,3,"Total,saisonbereinigt",TOT,Geschlecht - Total,2012Q2,2012Q2,700843
10-33,10-33 Verarbeitendes Gewerbe/Herstellung von Waren,3,"Total,saisonbereinigt",TOT,Geschlecht - Total,2012Q3,2012Q3,699065
10-33,10-33 Verarbeitendes Gewerbe/Herstellung von Waren,3,"Total,saisonbereinigt",TOT,Geschlecht - Total,2012Q4,2012Q4,694567
10-33,10-33 Verarbeitendes Gewerbe/Herstellung von Waren,3,"Total,saisonbereinigt",TOT,Geschlecht - Total,2013Q1,2013Q1,692322
10-33,10-33 Verarbeitendes Gewerbe/Herstellung von Waren,3,"Total,saisonbereinigt",TOT,Geschlecht - Total,2013Q2,2013Q2,689916
10-33,10-33 Verarbeitendes Gewerbe/Herstellung von Waren,3,"Total,saisonbereinigt",TOT,Geschlecht - Total,2013Q3,2013Q3,691569
10-33,10-33 Verarbeitendes Gewerbe/Herstellung von Waren,3,"Total,saisonbereinigt",TOT,Geschlecht - Total,2013Q4,2013Q4,693779
10-33,10-33 Verarbeitendes Gewerbe/Herstellung von Waren,3,"Total,saisonbereinigt",TOT,Geschlecht - Total,2014Q1,2014Q1,693774
10-33,10-33 Verarbeitendes Gewerbe/Herstellung von Waren,3,"Total,saisonbereinigt",TOT,Geschlecht - Total,2014Q2,2014Q2,691806
10-33,10-33 Verarbeitendes Gewerbe/Herstellung von Waren,3,"Total,saisonbereinigt",TOT,Geschlecht - Total,2014Q3,2014Q3,694439
10-33,10-33 Verarbeitendes Gewerbe/Herstellung von Waren,3,"Total,saisonbereinigt",TOT,Geschlecht - Total,2014Q4,2014Q4,693601
10-33,10-33 Verarbeitendes Gewerbe/Herstellung von Waren,3,"Total,saisonbereinigt",TOT,Geschlecht - Total,2015Q1,2015Q1,692275
10-33,10-33 Verarbeitendes Gewerbe/Herstellung von Waren,3,"Total,saisonbereinigt",TOT,Geschlecht - Total,2015Q2,2015Q2,689477
10-33,10-33 Verarbeitendes Gewerbe/Herstellung von Waren,3,"Total,saisonbereinigt",TOT,Geschlecht - Total,2015Q3,2015Q3,684947
10-33,10-33 Verarbeitendes Gewerbe/Herstellung von Waren,3,"Total,saisonbereinigt",TOT,Geschlecht - Total,2015Q4,2015Q4,685384
10-33,10-33 Verarbeitendes Gewerbe/Herstellung von Waren,3,"Total,saisonbereinigt",TOT,Geschlecht - Total,2016Q1,2016Q1,677035
10-33,10-33 Verarbeitendes Gewerbe/Herstellung von Waren,3,"Total,saisonbereinigt",TOT,Geschlecht - Total,2016Q2,2016Q2,675340
10-33,10-33 Verarbeitendes Gewerbe/Herstellung von Waren,3,"Total,saisonbereinigt",TOT,Geschlecht - Total,2016Q3,2016Q3,670364
10-33,10-33 Verarbeitendes Gewerbe/Herstellung von Waren,3,"Total,saisonbereinigt",TOT,Geschlecht - Total,2016Q4,2016Q4,667827
10-33,10-33 Verarbeitendes Gewerbe/Herstellung von Waren,3,"Total,saisonbereinigt",TOT,Geschlecht - Total,2017Q1,2017Q1,667104
10-33,10-33 Verarbeitendes Gewerbe/Herstellung von Waren,3,"Total,saisonbereinigt",TOT,Geschlecht - Total,2017Q2,2017Q2,667398
10-33,10-33 Verarbeitendes Gewerbe/Herstellung von Waren,3,"Total,saisonbereinigt",TOT,Geschlecht - Total,2017Q3,2017Q3,667092
10-33,10-33 Verarbeitendes Gewerbe/Herstellung von Waren,3,"Total,saisonbereinigt",TOT,Geschlecht - Total,2017Q4,2017Q4,669119
10-33,10-33 Verarbeitendes Gewerbe/Herstellung von Waren,3,"Total,saisonbereinigt",TOT,Geschlecht - Total,2018Q1,2018Q1,672143
10-33,10-33 Verarbeitendes Gewerbe/Herstellung von Waren,3,"Total,saisonbereinigt",TOT,Geschlecht - Total,2018Q2,2018Q2,675840
10-33,10-33 Verarbeitendes Gewerbe/Herstellung von Waren,3,"Total,saisonbereinigt",TOT,Geschlecht - Total,2018Q3,2018Q3,678854
10-33,10-33 Verarbeitendes Gewerbe/Herstellung von Waren,3,"Total,saisonbereinigt",TOT,Geschlecht - Total,2018Q4,2018Q4,678427
10-33,10-33 Verarbeitendes Gewerbe/Herstellung von Waren,3,"Total,saisonbereinigt",TOT,Geschlecht - Total,2019Q1,2019Q1,680402
10-33,10-33 Verarbeitendes Gewerbe/Herstellung von Waren,3,"Total,saisonbereinigt",TOT,Geschlecht - Total,2019Q2,2019Q2,683309
10-33,10-33 Verarbeitendes Gewerbe/Herstellung von Waren,3,"Total,saisonbereinigt",TOT,Geschlecht - Total,2019Q3,2019Q3,683285
10-33,10-33 Verarbeitendes Gewerbe/Herstellung von Waren,3,"Total,saisonbereinigt",TOT,Geschlecht - Total,2019Q4,2019Q4,680774
10-33,10-33 Verarbeitendes Gewerbe/Herstellung von Waren,3,"Total,saisonbereinigt",TOT,Geschlecht - Total,2020Q1,2020Q1,681728
10-33,10-33 Verarbeitendes Gewerbe/Herstellung von Waren,3,"Total,saisonbereinigt",TOT,Geschlecht - Total,2020Q2,2020Q2,677259
10-33,10-33 Verarbeitendes Gewerbe/Herstellung von Waren,3,"Total,saisonbereinigt",TOT,Geschlecht - Total,2020Q3,2020Q3,673729
10-33,10-33 Verarbeitendes Gewerbe/Herstellung von Waren,3,"Total,saisonbereinigt",TOT,Geschlecht - Total,2020Q4,2020Q4,672880
10-33,10-33 Verarbeitendes Gewerbe/Herstellung von Waren,3,"Total,saisonbereinigt",TOT,Geschlecht - Total,2021Q1,2021Q1,668879
10-33,10-33 Verarbeitendes Gewerbe/Herstellung von Waren,3,"Total,saisonbereinigt",TOT,Geschlecht - Total,2021Q2,2021Q2,668160
10-33,10-33 Verarbeitendes Gewerbe/Herstellung von Waren,3,"Total,saisonbereinigt",TOT,Geschlecht - Total,2021Q3,2021Q3,670754
10-33,10-33 Verarbeitendes Gewerbe/Herstellung von Waren,3,"Total,saisonbereinigt",TOT,Geschlecht - Total,2021Q4,2021Q4,675964
10-33,10-33 Verarbeitendes Gewerbe/Herstellung von Waren,3,"Total,saisonbereinigt",TOT,Geschlecht - Total,2022Q1,2022Q1,679182
10-33,10-33 Verarbeitendes Gewerbe/Herstellung von Waren,3,"Total,saisonbereinigt",TOT,Geschlecht - Total,2022Q2,2022Q2,680791
10-33,10-33 Verarbeitendes Gewerbe/Herstellung von Waren,3,"Total,saisonbereinigt",TOT,Geschlecht - Total,2022Q3,2022Q3,684661
10-33,10-33 Verarbeitendes Gewerbe/Herstellung von Waren,3,"Total,saisonbereinigt",TOT,Geschlecht - Total,2022Q4,2022Q4,687449
10-33,10-33 Verarbeitendes Gewerbe/Herstellung von Waren,3,"Total,saisonbereinigt",TOT,Geschlecht - Total,2023Q1,2023Q1,690911
10-33,10-33 Verarbeitendes Gewerbe/Herstellung von Waren,3,"Total,saisonbereinigt",TOT,Geschlecht - Total,2023Q2,2023Q2,692412
10-33,10-33 Verarbeitendes Gewerbe/Herstellung von Waren,3,"Total,saisonbereinigt",TOT,Geschlecht - Total,2023Q3,2023Q3,692187
10-33,10-33 Verarbeitendes Gewerbe/Herstellung von Waren,3,"Total,saisonbereinigt",TOT,Geschlecht - Total,2023Q4,2023Q4,690138
10-33,10-33 Verarbeitendes Gewerbe/Herstellung von Waren,3,"Total,saisonbereinigt",TOT,Geschlecht - Total,2024Q1,2024Q1,691735
10-33,10-33 Verarbeitendes Gewerbe/Herstellung von Waren,3,"Total,saisonbereinigt",TOT,Geschlecht - Total,2024Q2,2024Q2,700511
10-33,10-33 Verarbeitendes Gewerbe/Herstellung von Waren,3,"Total,saisonbereinigt",TOT,Geschlecht - Total,2024Q3,2024Q3,697898
10-33,10-33 Verarbeitendes Gewerbe/Herstellung von Waren,3,"Total,saisonbereinigt",TOT,Geschlecht - Total,2024Q4,2024Q4,697597
10-33,10-33 Verarbeitendes Gewerbe/Herstellung von Waren,3,"Total,saisonbereinigt",TOT,Geschlecht - Total,2025Q1,2025Q1,695206
10-33,10-33 Verarbeitendes Gewerbe/Herstellung von Waren,3,"Total,saisonbereinigt",TOT,Geschlecht - Total,2025Q2,2025Q2,690798
10-33,10-33 Verarbeitendes Gewerbe/Herstellung von Waren,3,"Total,saisonbereinigt",TOT,Geschlecht - Total,2025Q3,2025Q3,690660
10-33,10-33 Verarbeitendes Gewerbe/Herstellung von Waren,3,"Total,saisonbereinigt",TOT,Geschlecht - Total,2025Q4,2025Q4,693073
10-33,10-33 Verarbeitendes Gewerbe/Herstellung von Waren,3,"Total,saisonbereinigt",TOT,Geschlecht - Total,2026Q1,2026Q1,693219
10-33,10-33 Verarbeitendes Gewerbe/Herstellung von Waren,3,"Total,saisonbereinigt",TOT,Geschlecht - Total,2026Q2,2026Q2,695819
41-43,41-43 Baugewerbe/Bau,TOT,Beschäftigungsgrad - Total,TOT,Geschlecht - Total,1991Q3,1991Q3,394887
41-43,41-43 Baugewerbe/Bau,TOT,Beschäftigungsgrad - Total,TOT,Geschlecht - Total,1991Q4,1991Q4,332968
41-43,41-43 Baugewerbe/Bau,TOT,Beschäftigungsgrad - Total,TOT,Geschlecht - Total,1992Q1,1992Q1,356979
41-43,41-43 Baugewerbe/Bau,TOT,Beschäftigungsgrad - Total,TOT,Geschlecht - Total,1992Q2,1992Q2,376578
41-43,41-43 Baugewerbe/Bau,TOT,Beschäftigungsgrad - Total,TOT,Geschlecht - Total,1992Q3,1992Q3,375604
41-43,41-43 Baugewerbe/Bau,TOT,Beschäftigungsgrad - Total,TOT,Geschlecht - Total,1992Q4,1992Q4,334959
41-43,41-43 Baugewerbe/Bau,TOT,Beschäftigungsgrad - Total,TOT,Geschlecht - Total,1993Q1,1993Q1,331206
41-43,41-43 Baugewerbe/Bau,TOT,Beschäftigungsgrad - Total,TOT,Geschlecht - Total,1993Q2,1993Q2,350453
41-43,41-43 Baugewerbe/Bau,TOT,Beschäftigungsgrad - Total,TOT,Geschlecht - Total,1993Q3,1993Q3,354425
41-43,41-43 Baugewerbe/Bau,TOT,Beschäftigungsgrad - Total,TOT,Geschlecht - Total,1993Q4,1993Q4,329471
41-43,41-43 Baugewerbe/Bau,TOT,Beschäftigungsgrad - Total,TOT,Geschlecht - Total,1994Q1,1994Q1,333611
41-43,41-43 Baugewerbe/Bau,TOT,Beschäftigungsgrad - Total,TOT,Geschlecht - Total,1994Q2,1994Q2,348875
41-43,41-43 Baugewerbe/Bau,TOT,Beschäftigungsgrad - Total,TOT,Geschlecht - Total,1994Q3,1994Q3,358143
41-43,41-43 Baugewerbe/Bau,TOT,Beschäftigungsgrad - Total,TOT,Geschlecht - Total,1994Q4,1994Q4,334757
41-43,41-43 Baugewerbe/Bau,TOT,Beschäftigungsgrad - Total,TOT,Geschlecht - Total,1995Q1,1995Q1,335566
41-43,41-43 Baugewerbe/Bau,TOT,Beschäftigungsgrad - Total,TOT,Geschlecht - Total,1995Q2,1995Q2,344722
41-43,41-43 Baugewerbe/Bau,TOT,Beschäftigungsgrad - Total,TOT,Geschlecht - Total,1995Q3,1995Q3,351675
41-43,41-43 Baugewerbe/Bau,TOT,Beschäftigungsgrad - Total,TOT,Geschlecht - Total,1995Q4,1995Q4,326892
41-43,41-43 Baugewerbe/Bau,TOT,Beschäftigungsgrad - Total,TOT,Geschlecht - Total,1996Q1,1996Q1,319229
41-43,41-43 Baugewerbe/Bau,TOT,Beschäftigungsgrad - Total,TOT,Geschlecht - Total,1996Q2,1996Q2,327975
41-43,41-43 Baugewerbe/Bau,TOT,Beschäftigungsgrad - Total,TOT,Geschlecht - Total,1996Q3,1996Q3,327626
41-43,41-43 Baugewerbe/Bau,TOT,Beschäftigungsgrad - Total,TOT,Geschlecht - Total,1996Q4,1996Q4,305553
41-43,41-43 Baugewerbe/Bau,TOT,Beschäftigungsgrad - Total,TOT,Geschlecht - Total,1997Q1,1997Q1,301641
41-43,41-43 Baugewerbe/Bau,TOT,Beschäftigungsgrad - Total,TOT,Geschlecht - Total,1997Q2,1997Q2,311231
41-43,41-43 Baugewerbe/Bau,TOT,Beschäftigungsgrad - Total,TOT,Geschlecht - Total,1997Q3,1997Q3,307959
41-43,41-43 Baugewerbe/Bau,TOT,Beschäftigungsgrad - Total,TOT,Geschlecht - Total,1997Q4,1997Q4,291943
41-43,41-43 Baugewerbe/Bau,TOT,Beschäftigungsgrad - Total,TOT,Geschlecht - Total,1998Q1,1998Q1,291293
41-43,41-43 Baugewerbe/Bau,TOT,Beschäftigungsgrad - Total,TOT,Geschlecht - Total,1998Q2,1998Q2,303008
41-43,41-43 Baugewerbe/Bau,TOT,Beschäftigungsgrad - Total,TOT,Geschlecht - Total,1998Q3,1998Q3,305040
41-43,41-43 Baugewerbe/Bau,TOT,Beschäftigungsgrad - Total,TOT,Geschlecht - Total,1998Q4,1998Q4,284328
41-43,41-43 Baugewerbe/Bau,TOT,Beschäftigungsgrad - Total,TOT,Geschlecht - Total,1999Q1,1999Q1,284455
41-43,41-43 Baugewerbe/Bau,TOT,Beschäftigungsgrad - Total,TOT,Geschlecht - Total,1999Q2,1999Q2,298005
41-43,41-43 Baugewerbe/Bau,TOT,Beschäftigungsgrad - Total,TOT,Geschlecht - Total,1999Q3,1999Q3,299080
41-43,41-43 Baugewerbe/Bau,TOT,Beschäftigungsgrad - Total,TOT,Geschlecht - Total,1999Q4,1999Q4,287717
41-43,41-43 Baugewerbe/Bau,TOT,Beschäftigungsgrad - Total,TOT,Geschlecht - Total,2000Q1,2000Q1,291102
41-43,41-43 Baugewerbe/Bau,TOT,Beschäftigungsgrad - Total,TOT,Geschlecht - Total,2000Q2,2000Q2,297223
41-43,41-43 Baugewerbe/Bau,TOT,Beschäftigungsgrad - Total,TOT,Geschlecht - Total,2000Q3,2000Q3,303545
41-43,41-43 Baugewerbe/Bau,TOT,Beschäftigungsgrad - Total,TOT,Geschlecht - Total,2000Q4,2000Q4,290796
41-43,41-43 Baugewerbe/Bau,TOT,Beschäftigungsgrad - Total,TOT,Geschlecht - Total,2001Q1,2001Q1,292191
41-43,41-43 Baugewerbe/Bau,TOT,Beschäftigungsgrad - Total,TOT,Geschlecht - Total,2001Q2,2001Q2,305037
41-43,41-43 Baugewerbe/Bau,TOT,Beschäftigungsgrad - Total,TOT,Geschlecht - Total,2001Q3,2001Q3,308289
41-43,41-43 Baugewerbe/Bau,TOT,Beschäftigungsgrad - Total,TOT,Geschlecht - Total,2001Q4,2001Q4,290747
41-43,41-43 Baugewerbe/Bau,TOT,Beschäftigungsgrad - Total,TOT,Geschlecht - Total,2002Q1,2002Q1,292150
41-43,41-43 Baugewerbe/Bau,TOT,Beschäftigungsgrad - Total,TOT,Geschlecht - Total,2002Q2,2002Q2,302626
41-43,41-43 Baugewerbe/Bau,TOT,Beschäftigungsgrad - Total,TOT,Geschlecht - Total,2002Q3,2002Q3,307386
41-43,41-43 Baugewerbe/Bau,TOT,Beschäftigungsgrad - Total,TOT,Geschlecht - Total,2002Q4,2002Q4,295340
41-43,41-43 Baugewerbe/Bau,TOT,Beschäftigungsgrad - Total,TOT,Geschlecht - Total,2003Q1,2003Q1,292651
41-43,41-43 Baugewerbe/Bau,TOT,Beschäftigungsgrad - Total,TOT,Geschlecht - Total,2003Q2,2003Q2,303699
41-43,41-43 Baugewerbe/Bau,TOT,Beschäftigungsgrad - Total,TOT,Geschlecht - Total,2003Q3,2003Q3,305543
41-43,41-43 Baugewerbe/Bau,TOT,Beschäftigungsgrad - Total,TOT,Geschlecht - Total,2003Q4,2003Q4,297763
41-43,41-43 Baugewerbe/Bau,TOT,Beschäftigungsgrad - Total,TOT,Geschlecht - Total,2004Q1,2004Q1,294194
41-43,41-43 Baugewerbe/Bau,TOT,Beschäftigungsgrad - Total,TOT,Geschlecht - Total,2004Q2,2004Q2,299134
41-43,41-43 Baugewerbe/Bau,TOT,Beschäftigungsgrad - Total,TOT,Geschlecht - Total,2004Q3,2004Q3,308278
41-43,41-43 Baugewerbe/Bau,TOT,Beschäftigungsgrad - Total,TOT,Geschlecht - Total,2004Q4,2004Q4,298188
41-43,41-43 Baugewerbe/Bau,TOT,Beschäftigungsgrad - Total,TOT,Geschlecht - Total,2005Q1,2005Q1,292361
41-43,41-43 Baugewerbe/Bau,TOT,Beschäftigungsgrad - Total,TOT,Geschlecht - Total,2005Q2,2005Q2,306375
41-43,41-43 Baugewerbe/Bau,TOT,Beschäftigungsgrad - Total,TOT,Geschlecht - Total,2005Q3,2005Q3,314024
41-43,41-43 Baugewerbe/Bau,TOT,Beschäftigungsgrad - Total,TOT,Geschlecht - Total,2005Q4,2005Q4,303878
41-43,41-43 Baugewerbe/Bau,TOT,Beschäftigungsgrad - Total,TOT,Geschlecht - Total,2006Q1,2006Q1,300155
41-43,41-43 Baugewerbe/Bau,TOT,Beschäftigungsgrad - Total,TOT,Geschlecht - Total,2006Q2,2006Q2,312089
41-43,41-43 Baugewerbe/Bau,TOT,Beschäftigungsgrad - Total,TOT,Geschlecht - Total,2006Q3,2006Q3,319217
41-43,41-43 Baugewerbe/Bau,TOT,Beschäftigungsgrad - Total,TOT,Geschlecht - Total,2006Q4,2006Q4,311029
41-43,41-43 Baugewerbe/Bau,TOT,Beschäftigungsgrad - Total,TOT,Geschlecht - Total,2007Q1,2007Q1,311455
41-43,41-43 Baugewerbe/Bau,TOT,Beschäftigungsgrad - Total,TOT,Geschlecht - Total,2007Q2,2007Q2,321216
41-43,41-43 Baugewerbe/Bau,TOT,Beschäftigungsgrad - Total,TOT,Geschlecht - Total,2007Q3,2007Q3,328869
41-43,41-43 Baugewerbe/Bau,TOT,Beschäftigungsgrad - Total,TOT,Geschlecht - Total,2007Q4,2007Q4,324454
41-43,41-43 Baugewerbe/Bau,TOT,Beschäftigungsgrad - Total,TOT,Geschlecht - Total,2008Q1,2008Q1,322438
41-43,41-43 Baugewerbe/Bau,TOT,Beschäftigungsgrad - Total,TOT,Geschlecht - Total,2008Q2,2008Q2,326968
41-43,41-43 Baugewerbe/Bau,TOT,Beschäftigungsgrad - Total,TOT,Geschlecht - Total,2008Q3,2008Q3,332116
41-43,41-43 Baugewerbe/Bau,TOT,Beschäftigungsgrad - Total,TOT,Geschlecht - Total,2008Q4,2008Q4,320336
41-43,41-43 Baugewerbe/Bau,TOT,Beschäftigungsgrad - Total,TOT,Geschlecht - Total,2009Q1,2009Q1,318797
41-43,41-43 Baugewerbe/Bau,TOT,Beschäftigungsgrad - Total,TOT,Geschlecht - Total,2009Q2,2009Q2,325795
41-43,41-43 Baugewerbe/Bau,TOT,Beschäftigungsgrad - Total,TOT,Geschlecht - Total,2009Q3,2009Q3,333163
41-43,41-43 Baugewerbe/Bau,TOT,Beschäftigungsgrad - Total,TOT,Geschlecht - Total,2009Q4,2009Q4,324474
41-43,41-43 Baugewerbe/Bau,TOT,Beschäftigungsgrad - Total,TOT,Geschlecht - Total,2010Q1,2010Q1,324285
41-43,41-43 Baugewerbe/Bau,TOT,Beschäftigungsgrad - Total,TOT,Geschlecht - Total,2010Q2,2010Q2,333434
41-43,41-43 Baugewerbe/Bau,TOT,Beschäftigungsgrad - Total,TOT,Geschlecht - Total,2010Q3,2010Q3,338535
41-43,41-43 Baugewerbe/Bau,TOT,Beschäftigungsgrad - Total,TOT,Geschlecht - Total,2010Q4,2010Q4,331988
41-43,41-43 Baugewerbe/Bau,TOT,Beschäftigungsgrad - Total,TOT,Geschlecht - Total,2011Q1,2011Q1,327708
41-43,41-43 Baugewerbe/Bau,TOT,Beschäftigungsgrad - Total,TOT,Geschlecht - Total,2011Q2,2011Q2,335187
41-43,41-43 Baugewerbe/Bau,TOT,Beschäftigungsgrad - Total,TOT,Geschlecht - Total,2011Q3,2011Q3,341423
41-43,41-43 Baugewerbe/Bau,TOT,Beschäftigungsgrad - Total,TOT,Geschlecht - Total,2011Q4,2011Q4,333614
41-43,41-43 Baugewerbe/Bau,TOT,Beschäftigungsgrad - Total,TOT,Geschlecht - Total,2012Q1,2012Q1,332920
41-43,41-43 Baugewerbe/Bau,TOT,Beschäftigungsgrad - Total,TOT,Geschlecht - Total,2012Q2,2012Q2,340557
41-43,41-43 Baugewerbe/Bau,TOT,Beschäftigungsgrad - Total,TOT,Geschlecht - Total,2012Q3,2012Q3,349010
41-43,41-43 Baugewerbe/Bau,TOT,Beschäftigungsgrad - Total,TOT,Geschlecht - Total,2012Q4,2012Q4,339696
41-43,41-43 Baugewerbe/Bau,TOT,Beschäftigungsgrad - Total,TOT,Geschlecht - Total,2013Q1,2013Q1,338252
41-43,41-43 Baugewerbe/Bau,TOT,Beschäftigungsgrad - Total,TOT,Geschlecht - Total,2013Q2,2013Q2,347221
41-43,41-43 Baugewerbe/Bau,TOT,Beschäftigungsgrad - Total,TOT,Geschlecht - Total,2013Q3,2013Q3,353183
41-43,41-43 Baugewerbe/Bau,TOT,Beschäftigungsgrad - Total,TOT,Geschlecht - Total,2013Q4,2013Q4,344083
41-43,41-43 Baugewerbe/Bau,TOT,Beschäftigungsgrad - Total,TOT,Geschlecht - Total,2014Q1,2014Q1,342973
41-43,41-43 Baugewerbe/Bau,TOT,Beschäftigungsgrad - Total,TOT,Geschlecht - Total,2014Q2,2014Q2,352091
41-43,41-43 Baugewerbe/Bau,TOT,Beschäftigungsgrad - Total,TOT,Geschlecht - Total,2014Q3,2014Q3,355067
41-43,41-43 Baugewerbe/Bau,TOT,Beschäftigungsgrad - Total,TOT,Geschlecht - Total,2014Q4,2014Q4,344673
41-43,41-43 Baugewerbe/Bau,TOT,Beschäftigungsgrad - Total,TOT,Geschlecht - Total,2015Q1,2015Q1,345177
41-43,41-43 Baugewerbe/Bau,TOT,Beschäftigungsgrad - Total,TOT,Geschlecht - Total,2015Q2,2015Q2,351738
41-43,41-43 Baugewerbe/Bau,TOT,Beschäftigungsgrad - Total,TOT,Geschlecht - Total,2015Q3,2015Q3,355597
41-43,41-43 Baugewerbe/Bau,TOT,Beschäftigungsgrad - Total,TOT,Geschlecht - Total,2015Q4,2015Q4,346474
41-43,41-43 Baugewerbe/Bau,TOT,Beschäftigungsgrad - Total,TOT,Geschlecht - Total,2016Q1,2016Q1,343178
41-43,41-43 Baugewerbe/Bau,TOT,Beschäftigungsgrad - Total,TOT,Geschlecht - Total,2016Q2,2016Q2,353000
41-43,41-43 Baugewerbe/Bau,TOT,Beschäftigungsgrad - Total,TOT,Geschlecht - Total,2016Q3,2016Q3,353173
41-43,41-43 Baugewerbe/Bau,TOT,Beschäftigungsgrad - Total,TOT,Geschlecht - Total,2016Q4,2016Q4,346384
41-43,41-43 Baugewerbe/Bau,TOT,Beschäftigungsgrad - Total,TOT,Geschlecht - Total,2017Q1,2017Q1,344924
41-43,41-43 Baugewerbe/Bau,TOT,Beschäftigungsgrad - Total,TOT,Geschlecht - Total,2017Q2,2017Q2,353229
41-43,41-43 Baugewerbe/Bau,TOT,Beschäftigungsgrad - Total,TOT,Geschlecht - Total,2017Q3,2017Q3,355524
41-43,41-43 Baugewerbe/Bau,TOT,Beschäftigungsgrad - Total,TOT,Geschlecht - Total,2017Q4,2017Q4,350700
41-43,41-43 Baugewerbe/Bau,TOT,Beschäftigungsgrad - Total,TOT,Geschlecht - Total,2018Q1,2018Q1,349928
41-43,41-43 Baugewerbe/Bau,TOT,Beschäftigungsgrad - Total,TOT,Geschlecht - Total,2018Q2,2018Q2,356921
41-43,41-43 Baugewerbe/Bau,TOT,Beschäftigungsgrad - Total,TOT,Geschlecht - Total,2018Q3,2018Q3,360916
41-43,41-43 Baugewerbe/Bau,TOT,Beschäftigungsgrad - Total,TOT,Geschlecht - Total,2018Q4,2018Q4,350594
41-43,41-43 Baugewerbe/Bau,TOT,Beschäftigungsgrad - Total,TOT,Geschlecht - Total,2019Q1,2019Q1,352443
41-43,41-43 Baugewerbe/Bau,TOT,Beschäftigungsgrad - Total,TOT,Geschlecht - Total,2019Q2,2019Q2,361227
41-43,41-43 Baugewerbe/Bau,TOT,Beschäftigungsgrad - Total,TOT,Geschlecht - Total,2019Q3,2019Q3,365180
41-43,41-43 Baugewerbe/Bau,TOT,Beschäftigungsgrad - Total,TOT,Geschlecht - Total,2019Q4,2019Q4,358755
41-43,41-43 Baugewerbe/Bau,TOT,Beschäftigungsgrad - Total,TOT,Geschlecht - Total,2020Q1,2020Q1,356091
41-43,41-43 Baugewerbe/Bau,TOT,Beschäftigungsgrad - Total,TOT,Geschlecht - Total,2020Q2,2020Q2,361738
41-43,41-43 Baugewerbe/Bau,TOT,Beschäftigungsgrad - Total,TOT,Geschlecht - Total,2020Q3,2020Q3,364262
41-43,41-43 Baugewerbe/Bau,TOT,Beschäftigungsgrad - Total,TOT,Geschlecht - Total,2020Q4,2020Q4,356040
41-43,41-43 Baugewerbe/Bau,TOT,Beschäftigungsgrad - Total,TOT,Geschlecht - Total,2021Q1,2021Q1,353761
41-43,41-43 Baugewerbe/Bau,TOT,Beschäftigungsgrad - Total,TOT,Geschlecht - Total,2021Q2,2021Q2,361633
41-43,41-43 Baugewerbe/Bau,TOT,Beschäftigungsgrad - Total,TOT,Geschlecht - Total,2021Q3,2021Q3,368568
41-43,41-43 Baugewerbe/Bau,TOT,Beschäftigungsgrad - Total,TOT,Geschlecht - Total,2021Q4,2021Q4,362553
41-43,41-43 Baugewerbe/Bau,TOT,Beschäftigungsgrad - Total,TOT,Geschlecht - Total,2022Q1,2022Q1,365014
41-43,41-43 Baugewerbe/Bau,TOT,Beschäftigungsgrad - Total,TOT,Geschlecht - Total,2022Q2,2022Q2,367469
41-43,41-43 Baugewerbe/Bau,TOT,Beschäftigungsgrad - Total,TOT,Geschlecht - Total,2022Q3,2022Q3,372346
41-43,41-43 Baugewerbe/Bau,TOT,Beschäftigungsgrad - Total,TOT,Geschlecht - Total,2022Q4,2022Q4,370697
41-43,41-43 Baugewerbe/Bau,TOT,Beschäftigungsgrad - Total,TOT,Geschlecht - Total,2023Q1,2023Q1,368779
41-43,41-43 Baugewerbe/Bau,TOT,Beschäftigungsgrad - Total,TOT,Geschlecht - Total,2023Q2,2023Q2,370606
41-43,41-43 Baugewerbe/Bau,TOT,Beschäftigungsgrad - Total,TOT,Geschlecht - Total,2023Q3,2023Q3,373278
41-43,41-43 Baugewerbe/Bau,TOT,Beschäftigungsgrad - Total,TOT,Geschlecht - Total,2023Q4,2023Q4,367675
41-43,41-43 Baugewerbe/Bau,TOT,Beschäftigungsgrad - Total,TOT,Geschlecht - Total,2024Q1,2024Q1,366652
41-43,41-43 Baugewerbe/Bau,TOT,Beschäftigungsgrad - Total,TOT,Geschlecht - Total,2024Q2,2024Q2,373660
41-43,41-43 Baugewerbe/Bau,TOT,Beschäftigungsgrad - Total,TOT,Geschlecht - Total,2024Q3,2024Q3,379950
41-43,41-43 Baugewerbe/Bau,TOT,Beschäftigungsgrad - Total,TOT,Geschlecht - Total,2024Q4,2024Q4,374350
41-43,41-43 Baugewerbe/Bau,TOT,Beschäftigungsgrad - Total,TOT,Geschlecht - Total,2025Q1,2025Q1,375392
41-43,41-43 Baugewerbe/Bau,TOT,Beschäftigungsgrad - Total,TOT,Geschlecht - Total,2025Q2,2025Q2,380277
41-43,41-43 Baugewerbe/Bau,TOT,Beschäftigungsgrad - Total,TOT,Geschlecht - Total,2025Q3,2025Q3,382272
41-43,41-43 Baugewerbe/Bau,TOT,Beschäftigungsgrad - Total,TOT,Geschlecht - Total,2025Q4,2025Q4,380917
41-43,41-43 Baugewerbe/Bau,TOT,Beschäftigungsgrad - Total,TOT,Geschlecht - Total,2026Q1,2026Q1,382889
41-43,41-43 Baugewerbe/Bau,TOT,Beschäftigungsgrad - Total,TOT,Geschlecht - Total,2026Q2,2026Q2,386926
41-43,41-43 Baugewerbe/Bau,3,"Total,saisonbereinigt",TOT,Geschlecht - Total,1991Q3,1991Q3,380778
41-43,41-43 Baugewerbe/Bau,3,"Total,saisonbereinigt",TOT,Geschlecht - Total,1991Q4,1991Q4,343079
41-43,41-43 Baugewerbe/Bau,3,"Total,saisonbereinigt",TOT,Geschlecht - Total,1992Q1,1992Q1,367217
41-43,41-43 Baugewerbe/Bau,3,"Total,saisonbereinigt",TOT,Geschlecht - Total,1992Q2,1992Q2,368999
41-43,41-43 Baugewerbe/Bau,3,"Total,saisonbereinigt",TOT,Geschlecht - Total,1992Q3,1992Q3,362387
41-43,41-43 Baugewerbe/Bau,3,"Total,saisonbereinigt",TOT,Geschlecht - Total,1992Q4,1992Q4,345003
41-43,41-43 Baugewerbe/Bau,3,"Total,saisonbereinigt",TOT,Geschlecht - Total,1993Q1,1993Q1,340588
41-43,41-43 Baugewerbe/Bau,3,"Total,saisonbereinigt",TOT,Geschlecht - Total,1993Q2,1993Q2,343449
41-43,41-43 Baugewerbe/Bau,3,"Total,saisonbereinigt",TOT,Geschlecht - Total,1993Q3,1993Q3,342212
41-43,41-43 Baugewerbe/Bau,3,"Total,saisonbereinigt",TOT,Geschlecht - Total,1993Q4,1993Q4,339166
41-43,41-43 Baugewerbe/Bau,3,"Total,saisonbereinigt",TOT,Geschlecht - Total,1994Q1,1994Q1,342895
41-43,41-43 Baugewerbe/Bau,3,"Total,saisonbereinigt",TOT,Geschlecht - Total,1994Q2,1994Q2,341953
41-43,41-43 Baugewerbe/Bau,3,"Total,saisonbereinigt",TOT,Geschlecht - Total,1994Q3,1994Q3,346126
41-43,41-43 Baugewerbe/Bau,3,"Total,saisonbereinigt",TOT,Geschlecht - Total,1994Q4,1994Q4,344373
41-43,41-43 Baugewerbe/Bau,3,"Total,saisonbereinigt",TOT,Geschlecht - Total,1995Q1,1995Q1,344697
41-43,41-43 Baugewerbe/Bau,3,"Total,saisonbereinigt",TOT,Geschlecht - Total,1995Q2,1995Q2,337982
41-43,41-43 Baugewerbe/Bau,3,"Total,saisonbereinigt",TOT,Geschlecht - Total,1995Q3,1995Q3,340228
41-43,41-43 Baugewerbe/Bau,3,"Total,saisonbereinigt",TOT,Geschlecht - Total,1995Q4,1995Q4,336011
41-43,41-43 Baugewerbe/Bau,3,"Total,saisonbereinigt",TOT,Geschlecht - Total,1996Q1,1996Q1,327645
41-43,41-43 Baugewerbe/Bau,3,"Total,saisonbereinigt",TOT,Geschlecht - Total,1996Q2,1996Q2,321747
41-43,41-43 Baugewerbe/Bau,3,"Total,saisonbereinigt",TOT,Geschlecht - Total,1996Q3,1996Q3,317307
41-43,41-43 Baugewerbe/Bau,3,"Total,saisonbereinigt",TOT,Geschlecht - Total,1996Q4,1996Q4,313803
41-43,41-43 Baugewerbe/Bau,3,"Total,saisonbereinigt",TOT,Geschlecht - Total,1997Q1,1997Q1,309229
41-43,41-43 Baugewerbe/Bau,3,"Total,saisonbereinigt",TOT,Geschlecht - Total,1997Q2,1997Q2,305641
41-43,41-43 Baugewerbe/Bau,3,"Total,saisonbereinigt",TOT,Geschlecht - Total,1997Q3,1997Q3,298558
41-43,41-43 Baugewerbe/Bau,3,"Total,saisonbereinigt",TOT,Geschlecht - Total,1997Q4,1997Q4,299474
41-43,41-43 Baugewerbe/Bau,3,"Total,saisonbereinigt",TOT,Geschlecht - Total,1998Q1,1998Q1,298360
41-43,41-43 Baugewerbe/Bau,3,"Total,saisonbereinigt",TOT,Geschlecht - Total,1998Q2,1998Q2,297813
41-43,41-43 Baugewerbe/Bau,3,"Total,saisonbereinigt",TOT,Geschlecht - Total,1998Q3,1998Q3,296120
41-43,41-43 Baugewerbe/Bau,3,"Total,saisonbereinigt",TOT,Geschlecht - Total,1998Q4,1998Q4,291187
41-43,41-43 Baugewerbe/Bau,3,"Total,saisonbereinigt",TOT,Geschlecht - Total,1999Q1,1999Q1,291200
41-43,41-43 Baugewerbe/Bau,3,"Total,saisonbereinigt",TOT,Geschlecht - Total,1999Q2,1999Q2,293097
41-43,41-43 Baugewerbe/Bau,3,"Total,saisonbereinigt",TOT,Geschlecht - Total,1999Q3,1999Q3,290792
41-43,41-43 Baugewerbe/Bau,3,"Total,saisonbereinigt",TOT,Geschlecht - Total,1999Q4,1999Q4,294038
41-43,41-43 Baugewerbe/Bau,3,"Total,saisonbereinigt",TOT,Geschlecht - Total,2000Q1,2000Q1,297961
41-43,41-43 Baugewerbe/Bau,3,"Total,saisonbereinigt",TOT,Geschlecht - Total,2000Q2,2000Q2,292516
41-43,41-43 Baugewerbe/Bau,3,"Total,saisonbereinigt",TOT,Geschlecht - Total,2000Q3,2000Q3,295561
41-43,41-43 Baugewerbe/Bau,3,"Total,saisonbereinigt",TOT,Geschlecht - Total,2000Q4,2000Q4,296584
41-43,41-43 Baugewerbe/Bau,3,"Total,saisonbereinigt",TOT,Geschlecht - Total,2001Q1,2001Q1,298985
41-43,41-43 Baugewerbe/Bau,3,"Total,saisonbereinigt",TOT,Geschlecht - Total,2001Q2,2001Q2,300533
41-43,41-43 Baugewerbe/Bau,3,"Total,saisonbereinigt",TOT,Geschlecht - Total,2001Q3,2001Q3,300448
41-43,41-43 Baugewerbe/Bau,3,"Total,saisonbereinigt",TOT,Geschlecht - Total,2001Q4,2001Q4,296043
41-43,41-43 Baugewerbe/Bau,3,"Total,saisonbereinigt",TOT,Geschlecht - Total,2002Q1,2002Q1,298792
41-43,41-43 Baugewerbe/Bau,3,"Total,saisonbereinigt",TOT,Geschlecht - Total,2002Q2,2002Q2,298523
41-43,41-43 Baugewerbe/Bau,3,"Total,saisonbereinigt",TOT,Geschlecht - Total,2002Q3,2002Q3,299851
41-43,41-43 Baugewerbe/Bau,3,"Total,saisonbereinigt",TOT,Geschlecht - Total,2002Q4,2002Q4,300185
41-43,41-43 Baugewerbe/Bau,3,"Total,saisonbereinigt",TOT,Geschlecht - Total,2003Q1,2003Q1,299129
41-43,41-43 Baugewerbe/Bau,3,"Total,saisonbereinigt",TOT,Geschlecht - Total,2003Q2,2003Q2,300031
41-43,41-43 Baugewerbe/Bau,3,"Total,saisonbereinigt",TOT,Geschlecht - Total,2003Q3,2003Q3,298242
41-43,41-43 Baugewerbe/Bau,3,"Total,saisonbereinigt",TOT,Geschlecht - Total,2003Q4,2003Q4,302190
41-43,41-43 Baugewerbe/Bau,3,"Total,saisonbereinigt",TOT,Geschlecht - Total,2004Q1,2004Q1,300498
41-43,41-43 Baugewerbe/Bau,3,"Total,saisonbereinigt",TOT,Geschlecht - Total,2004Q2,2004Q2,295955
41-43,41-43 Baugewerbe/Bau,3,"Total,saisonbereinigt",TOT,Geschlecht - Total,2004Q3,2004Q3,301104
41-43,41-43 Baugewerbe/Bau,3,"Total,saisonbereinigt",TOT,Geschlecht - Total,2004Q4,2004Q4,302181
41-43,41-43 Baugewerbe/Bau,3,"Total,saisonbereinigt",TOT,Geschlecht - Total,2005Q1,2005Q1,298433
41-43,41-43 Baugewerbe/Bau,3,"Total,saisonbereinigt",TOT,Geschlecht - Total,2005Q2,2005Q2,303536
41-43,41-43 Baugewerbe/Bau,3,"Total,saisonbereinigt",TOT,Geschlecht - Total,2005Q3,2005Q3,306886
41-43,41-43 Baugewerbe/Bau,3,"Total,saisonbereinigt",TOT,Geschlecht - Total,2005Q4,2005Q4,307547
41-43,41-43 Baugewerbe/Bau,3,"Total,saisonbereinigt",TOT,Geschlecht - Total,2006Q1,2006Q1,306235
41-43,41-43 Baugewerbe/Bau,3,"Total,saisonbereinigt",TOT,Geschlecht - Total,2006Q2,2006Q2,309500
41-43,41-43 Baugewerbe/Bau,3,"Total,saisonbereinigt",TOT,Geschlecht - Total,2006Q3,2006Q3,312205
41-43,41-43 Baugewerbe/Bau,3,"Total,saisonbereinigt",TOT,Geschlecht - Total,2006Q4,2006Q4,314406
41-43,41-43 Baugewerbe/Bau,3,"Total,saisonbereinigt",TOT,Geschlecht - Total,2007Q1,2007Q1,317568
41-43,41-43 Baugewerbe/Bau,3,"Total,saisonbereinigt",TOT,Geschlecht - Total,2007Q2,2007Q2,318876
41-43,41-43 Baugewerbe/Bau,3,"Total,saisonbereinigt",TOT,Geschlecht - Total,2007Q3,2007Q3,321815
41-43,41-43 Baugewerbe/Bau,3,"Total,saisonbereinigt",TOT,Geschlecht - Total,2007Q4,2007Q4,327703
41-43,41-43 Baugewerbe/Bau,3,"Total,saisonbereinigt",TOT,Geschlecht - Total,2008Q1,2008Q1,328571
41-43,41-43 Baugewerbe/Bau,3,"Total,saisonbereinigt",TOT,Geschlecht - Total,2008Q2,2008Q2,324834
41-43,41-43 Baugewerbe/Bau,3,"Total,saisonbereinigt",TOT,Geschlecht - Total,2008Q3,2008Q3,325108
41-43,41-43 Baugewerbe/Bau,3,"Total,saisonbereinigt",TOT,Geschlecht - Total,2008Q4,2008Q4,323458
41-43,41-43 Baugewerbe/Bau,3,"Total,saisonbereinigt",TOT,Geschlecht - Total,2009Q1,2009Q1,324586
41-43,41-43 Baugewerbe/Bau,3,"Total,saisonbereinigt",TOT,Geschlecht - Total,2009Q2,2009Q2,323862
41-43,41-43 Baugewerbe/Bau,3,"Total,saisonbereinigt",TOT,Geschlecht - Total,2009Q3,2009Q3,326255
41-43,41-43 Baugewerbe/Bau,3,"Total,saisonbereinigt",TOT,Geschlecht - Total,2009Q4,2009Q4,327636
41-43,41-43 Baugewerbe/Bau,3,"Total,saisonbereinigt",TOT,Geschlecht - Total,2010Q1,2010Q1,329877
41-43,41-43 Baugewerbe/Bau,3,"Total,saisonbereinigt",TOT,Geschlecht - Total,2010Q2,2010Q2,331552
41-43,41-43 Baugewerbe/Bau,3,"Total,saisonbereinigt",TOT,Geschlecht - Total,2010Q3,2010Q3,331736
41-43,41-43 Baugewerbe/Bau,3,"Total,saisonbereinigt",TOT,Geschlecht - Total,2010Q4,2010Q4,335183
41-43,41-43 Baugewerbe/Bau,3,"Total,saisonbereinigt",TOT,Geschlecht - Total,2011Q1,2011Q1,333101
41-43,41-43 Baugewerbe/Bau,3,"Total,saisonbereinigt",TOT,Geschlecht - Total,2011Q2,2011Q2,333352
41-43,41-43 Baugewerbe/Bau,3,"Total,saisonbereinigt",TOT,Geschlecht - Total,2011Q3,2011Q3,334779
41-43,41-43 Baugewerbe/Bau,3,"Total,saisonbereinigt",TOT,Geschlecht - Total,2011Q4,2011Q4,336792
41-43,41-43 Baugewerbe/Bau,3,"Total,saisonbereinigt",TOT,Geschlecht - Total,2012Q1,2012Q1,338204
41-43,41-43 Baugewerbe/Bau,3,"Total,saisonbereinigt",TOT,Geschlecht - Total,2012Q2,2012Q2,338664
41-43,41-43 Baugewerbe/Bau,3,"Total,saisonbereinigt",TOT,Geschlecht - Total,2012Q3,2012Q3,342494
41-43,41-43 Baugewerbe/Bau,3,"Total,saisonbereinigt",TOT,Geschlecht - Total,2012Q4,2012Q4,342822
41-43,41-43 Baugewerbe/Bau,3,"Total,saisonbereinigt",TOT,Geschlecht - Total,2013Q1,2013Q1,343533
41-43,41-43 Baugewerbe/Bau,3,"Total,saisonbereinigt",TOT,Geschlecht - Total,2013Q2,2013Q2,345179
41-43,41-43 Baugewerbe/Bau,3,"Total,saisonbereinigt",TOT,Geschlecht - Total,2013Q3,2013Q3,346882
41-43,41-43 Baugewerbe/Bau,3,"Total,saisonbereinigt",TOT,Geschlecht - Total,2013Q4,2013Q4,347166
41-43,41-43 Baugewerbe/Bau,3,"Total,saisonbereinigt",TOT,Geschlecht - Total,2014Q1,2014Q1,348200
41-43,41-43 Baugewerbe/Bau,3,"Total,saisonbereinigt",TOT,Geschlecht - Total,2014Q2,2014Q2,349939
41-43,41-43 Baugewerbe/Bau,3,"Total,saisonbereinigt",TOT,Geschlecht - Total,2014Q3,2014Q3,349034
41-43,41-43 Baugewerbe/Bau,3,"Total,saisonbereinigt",TOT,Geschlecht - Total,2014Q4,2014Q4,347652
41-43,41-43 Baugewerbe/Bau,3,"Total,saisonbereinigt",TOT,Geschlecht - Total,2015Q1,2015Q1,350291
41-43,41-43 Baugewerbe/Bau,3,"Total,saisonbereinigt",TOT,Geschlecht - Total,2015Q2,2015Q2,349577
41-43,41-43 Baugewerbe/Bau,3,"Total,saisonbereinigt",TOT,Geschlecht - Total,2015Q3,2015Q3,349796
41-43,41-43 Baugewerbe/Bau,3,"Total,saisonbereinigt",TOT,Geschlecht - Total,2015Q4,2015Q4,349381
41-43,41-43 Baugewerbe/Bau,3,"Total,saisonbereinigt",TOT,Geschlecht - Total,2016Q1,2016Q1,348102
41-43,41-43 Baugewerbe/Bau,3,"Total,saisonbereinigt",TOT,Geschlecht - Total,2016Q2,2016Q2,350841
41-43,41-43 Baugewerbe/Bau,3,"Total,saisonbereinigt",TOT,Geschlecht - Total,2016Q3,2016Q3,347666
41-43,41-43 Baugewerbe/Bau,3,"Total,saisonbereinigt",TOT,Geschlecht - Total,2016Q4,2016Q4,349171
41-43,41-43 Baugewerbe/Bau,3,"Total,saisonbereinigt",TOT,Geschlecht - Total,2017Q1,2017Q1,349691
41-43,41-43 Baugewerbe/Bau,3,"Total,saisonbereinigt",TOT,Geschlecht - Total,2017Q2,2017Q2,351111
41-43,41-43 Baugewerbe/Bau,3,"Total,saisonbereinigt",TOT,Geschlecht - Total,2017Q3,2017Q3,350270
41-43,41-43 Baugewerbe/Bau,3,"Total,saisonbereinigt",TOT,Geschlecht - Total,2017Q4,2017Q4,353350
41-43,41-43 Baugewerbe/Bau,3,"Total,saisonbereinigt",TOT,Geschlecht - Total,2018Q1,2018Q1,354546
41-43,41-43 Baugewerbe/Bau,3,"Total,saisonbereinigt",TOT,Geschlecht - Total,2018Q2,2018Q2,354896
41-43,41-43 Baugewerbe/Bau,3,"Total,saisonbereinigt",TOT,Geschlecht - Total,2018Q3,2018Q3,355877
41-43,41-43 Baugewerbe/Bau,3,"Total,saisonbereinigt",TOT,Geschlecht - Total,2018Q4,2018Q4,353021
41-43,41-43 Baugewerbe/Bau,3,"Total,saisonbereinigt",TOT,Geschlecht - Total,2019Q1,2019Q1,356879
41-43,41-43 Baugewerbe/Bau,3,"Total,saisonbereinigt",TOT,Geschlecht - Total,2019Q2,2019Q2,359344
41-43,41-43 Baugewerbe/Bau,3,"Total,saisonbereinigt",TOT,Geschlecht - Total,2019Q3,2019Q3,360332
41-43,41-43 Baugewerbe/Bau,3,"Total,saisonbereinigt",TOT,Geschlecht - Total,2019Q4,2019Q4,361041
41-43,41-43 Baugewerbe/Bau,3,"Total,saisonbereinigt",TOT,Geschlecht - Total,2020Q1,2020Q1,360328
41-43,41-43 Baugewerbe/Bau,3,"Total,saisonbereinigt",TOT,Geschlecht - Total,2020Q2,2020Q2,360058
41-43,41-43 Baugewerbe/Bau,3,"Total,saisonbereinigt",TOT,Geschlecht - Total,2020Q3,2020Q3,359624
41-43,41-43 Baugewerbe/Bau,3,"Total,saisonbereinigt",TOT,Geschlecht - Total,2020Q4,2020Q4,358157
41-43,41-43 Baugewerbe/Bau,3,"Total,saisonbereinigt",TOT,Geschlecht - Total,2021Q1,2021Q1,357712
41-43,41-43 Baugewerbe/Bau,3,"Total,saisonbereinigt",TOT,Geschlecht - Total,2021Q2,2021Q2,360169
41-43,41-43 Baugewerbe/Bau,3,"Total,saisonbereinigt",TOT,Geschlecht - Total,2021Q3,2021Q3,364037
41-43,41-43 Baugewerbe/Bau,3,"Total,saisonbereinigt",TOT,Geschlecht - Total,2021Q4,2021Q4,364625
41-43,41-43 Baugewerbe/Bau,3,"Total,saisonbereinigt",TOT,Geschlecht - Total,2022Q1,2022Q1,368767
41-43,41-43 Baugewerbe/Bau,3,"Total,saisonbereinigt",TOT,Geschlecht - Total,2022Q2,2022Q2,366208
41-43,41-43 Baugewerbe/Bau,3,"Total,saisonbereinigt",TOT,Geschlecht - Total,2022Q3,2022Q3,367959
41-43,41-43 Baugewerbe/Bau,3,"Total,saisonbereinigt",TOT,Geschlecht - Total,2022Q4,2022Q4,372689
41-43,41-43 Baugewerbe/Bau,3,"Total,saisonbereinigt",TOT,Geschlecht - Total,2023Q1,2023Q1,372291
41-43,41-43 Baugewerbe/Bau,3,"Total,saisonbereinigt",TOT,Geschlecht - Total,2023Q2,2023Q2,369541
41-43,41-43 Baugewerbe/Bau,3,"Total,saisonbereinigt",TOT,Geschlecht - Total,2023Q3,2023Q3,369047
41-43,41-43 Baugewerbe/Bau,3,"Total,saisonbereinigt",TOT,Geschlecht - Total,2023Q4,2023Q4,369543
41-43,41-43 Baugewerbe/Bau,3,"Total,saisonbereinigt",TOT,Geschlecht - Total,2024Q1,2024Q1,369911
41-43,41-43 Baugewerbe/Bau,3,"Total,saisonbereinigt",TOT,Geschlecht - Total,2024Q2,2024Q2,372743
41-43,41-43 Baugewerbe/Bau,3,"Total,saisonbereinigt",TOT,Geschlecht - Total,2024Q3,2024Q3,375806
41-43,41-43 Baugewerbe/Bau,3,"Total,saisonbereinigt",TOT,Geschlecht - Total,2024Q4,2024Q4,376158
41-43,41-43 Baugewerbe/Bau,3,"Total,saisonbereinigt",TOT,Geschlecht - Total,2025Q1,2025Q1,378529
41-43,41-43 Baugewerbe/Bau,3,"Total,saisonbereinigt",TOT,Geschlecht - Total,2025Q2,2025Q2,379470
41-43,41-43 Baugewerbe/Bau,3,"Total,saisonbereinigt",TOT,Geschlecht - Total,2025Q3,2025Q3,378230
41-43,41-43 Baugewerbe/Bau,3,"Total,saisonbereinigt",TOT,Geschlecht - Total,2025Q4,2025Q4,382698
41-43,41-43 Baugewerbe/Bau,3,"Total,saisonbereinigt",TOT,Geschlecht - Total,2026Q1,2026Q1,385924
41-43,41-43 Baugewerbe/Bau,3,"Total,saisonbereinigt",TOT,Geschlecht - Total,2026Q2,2026Q2,386190
41-42,41-42 Hoch- und Tiefbau,TOT,Beschäftigungsgrad - Total,TOT,Geschlecht - Total,1991Q3,1991Q3,162212
41-42,41-42 Hoch- und Tiefbau,TOT,Beschäftigungsgrad - Total,TOT,Geschlecht - Total,1991Q4,1991Q4,136756
41-42,41-42 Hoch- und Tiefbau,TOT,Beschäftigungsgrad - Total,TOT,Geschlecht - Total,1992Q1,1992Q1,146631
41-42,41-42 Hoch- und Tiefbau,TOT,Beschäftigungsgrad - Total,TOT,Geschlecht - Total,1992Q2,1992Q2,154688
41-42,41-42 Hoch- und Tiefbau,TOT,Beschäftigungsgrad - Total,TOT,Geschlecht - Total,1992Q3,1992Q3,154317
41-42,41-42 Hoch- und Tiefbau,TOT,Beschäftigungsgrad - Total,TOT,Geschlecht - Total,1992Q4,1992Q4,137598
41-42,41-42 Hoch- und Tiefbau,TOT,Beschäftigungsgrad - Total,TOT,Geschlecht - Total,1993Q1,1993Q1,136045
41-42,41-42 Hoch- und Tiefbau,TOT,Beschäftigungsgrad - Total,TOT,Geschlecht - Total,1993Q2,1993Q2,143977
41-42,41-42 Hoch- und Tiefbau,TOT,Beschäftigungsgrad - Total,TOT,Geschlecht - Total,1993Q3,1993Q3,145620
41-42,41-42 Hoch- und Tiefbau,TOT,Beschäftigungsgrad - Total,TOT,Geschlecht - Total,1993Q4,1993Q4,135373
41-42,41-42 Hoch- und Tiefbau,TOT,Beschäftigungsgrad - Total,TOT,Geschlecht - Total,1994Q1,1994Q1,137077
41-42,41-42 Hoch- und Tiefbau,TOT,Beschäftigungsgrad - Total,TOT,Geschlecht - Total,1994Q2,1994Q2,143354
41-42,41-42 Hoch- und Tiefbau,TOT,Beschäftigungsgrad - Total,TOT,Geschlecht - Total,1994Q3,1994Q3,147157
41-42,41-42 Hoch- und Tiefbau,TOT,Beschäftigungsgrad - Total,TOT,Geschlecht - Total,1994Q4,1994Q4,137555
41-42,41-42 Hoch- und Tiefbau,TOT,Beschäftigungsgrad - Total,TOT,Geschlecht - Total,1995Q1,1995Q1,137881
41-42,41-42 Hoch- und Tiefbau,TOT,Beschäftigungsgrad - Total,TOT,Geschlecht - Total,1995Q2,1995Q2,141664
41-42,41-42 Hoch- und Tiefbau,TOT,Beschäftigungsgrad - Total,TOT,Geschlecht - Total,1995Q3,1995Q3,144522
41-42,41-42 Hoch- und Tiefbau,TOT,Beschäftigungsgrad - Total,TOT,Geschlecht - Total,1995Q4,1995Q4,132839
41-42,41-42 Hoch- und Tiefbau,TOT,Beschäftigungsgrad - Total,TOT,Geschlecht - Total,1996Q1,1996Q1,128296
41-42,41-42 Hoch- und Tiefbau,TOT,Beschäftigungsgrad - Total,TOT,Geschlecht - Total,1996Q2,1996Q2,130318
41-42,41-42 Hoch- und Tiefbau,TOT,Beschäftigungsgrad - Total,TOT,Geschlecht - Total,1996Q3,1996Q3,128696
41-42,41-42 Hoch- und Tiefbau,TOT,Beschäftigungsgrad - Total,TOT,Geschlecht - Total,1996Q4,1996Q4,118631
41-42,41-42 Hoch- und Tiefbau,TOT,Beschäftigungsgrad - Total,TOT,Geschlecht - Total,1997Q1,1997Q1,115754
41-42,41-42 Hoch- und Tiefbau,TOT,Beschäftigungsgrad - Total,TOT,Geschlecht - Total,1997Q2,1997Q2,118000
41-42,41-42 Hoch- und Tiefbau,TOT,Beschäftigungsgrad - Total,TOT,Geschlecht - Total,1997Q3,1997Q3,115405
41-42,41-42 Hoch- und Tiefbau,TOT,Beschäftigungsgrad - Total,TOT,Geschlecht - Total,1997Q4,1997Q4,108060
41-42,41-42 Hoch- und Tiefbau,TOT,Beschäftigungsgrad - Total,TOT,Geschlecht - Total,1998Q1,1998Q1,106491
41-42,41-42 Hoch- und Tiefbau,TOT,Beschäftigungsgrad - Total,TOT,Geschlecht - Total,1998Q2,1998Q2,109426
41-42,41-42 Hoch- und Tiefbau,TOT,Beschäftigungsgrad - Total,TOT,Geschlecht - Total,1998Q3,1998Q3,108767
41-42,41-42 Hoch- und Tiefbau,TOT,Beschäftigungsgrad - Total,TOT,Geschlecht - Total,1998Q4,1998Q4,101425
41-42,41-42 Hoch- und Tiefbau,TOT,Beschäftigungsgrad - Total,TOT,Geschlecht - Total,1999Q1,1999Q1,101526
41-42,41-42 Hoch- und Tiefbau,TOT,Beschäftigungsgrad - Total,TOT,Geschlecht - Total,1999Q2,1999Q2,106423
41-42,41-42 Hoch- und Tiefbau,TOT,Beschäftigungsgrad - Total,TOT,Geschlecht - Total,1999Q3,1999Q3,106864
41-42,41-42 Hoch- und Tiefbau,TOT,Beschäftigungsgrad - Total,TOT,Geschlecht - Total,1999Q4,1999Q4,102849
41-42,41-42 Hoch- und Tiefbau,TOT,Beschäftigungsgrad - Total,TOT,Geschlecht - Total,2000Q1,2000Q1,104120
41-42,41-42 Hoch- und Tiefbau,TOT,Beschäftigungsgrad - Total,TOT,Geschlecht - Total,2000Q2,2000Q2,106361
41-42,41-42 Hoch- und Tiefbau,TOT,Beschäftigungsgrad - Total,TOT,Geschlecht - Total,2000Q3,2000Q3,108660
41-42,41-42 Hoch- und Tiefbau,TOT,Beschäftigungsgrad - Total,TOT,Geschlecht - Total,2000Q4,2000Q4,104125
41-42,41-42 Hoch- und Tiefbau,TOT,Beschäftigungsgrad - Total,TOT,Geschlecht - Total,2001Q1,2001Q1,104667
41-42,41-42 Hoch- und Tiefbau,TOT,Beschäftigungsgrad - Total,TOT,Geschlecht - Total,2001Q2,2001Q2,109315
41-42,41-42 Hoch- und Tiefbau,TOT,Beschäftigungsgrad - Total,TOT,Geschlecht - Total,2001Q3,2001Q3,110527
41-42,41-42 Hoch- und Tiefbau,TOT,Beschäftigungsgrad - Total,TOT,Geschlecht - Total,2001Q4,2001Q4,103991
41-42,41-42 Hoch- und Tiefbau,TOT,Beschäftigungsgrad - Total,TOT,Geschlecht - Total,2002Q1,2002Q1,104235
41-42,41-42 Hoch- und Tiefbau,TOT,Beschäftigungsgrad - Total,TOT,Geschlecht - Total,2002Q2,2002Q2,107732
41-42,41-42 Hoch- und Tiefbau,TOT,Beschäftigungsgrad - Total,TOT,Geschlecht - Total,2002Q3,2002Q3,109156
41-42,41-42 Hoch- und Tiefbau,TOT,Beschäftigungsgrad - Total,TOT,Geschlecht - Total,2002Q4,2002Q4,104618
41-42,41-42 Hoch- und Tiefbau,TOT,Beschäftigungsgrad - Total,TOT,Geschlecht - Total,2003Q1,2003Q1,103423
41-42,41-42 Hoch- und Tiefbau,TOT,Beschäftigungsgrad - Total,TOT,Geschlecht - Total,2003Q2,2003Q2,107053
41-42,41-42 Hoch- und Tiefbau,TOT,Beschäftigungsgrad - Total,TOT,Geschlecht - Total,2003Q3,2003Q3,107431
41-42,41-42 Hoch- und Tiefbau,TOT,Beschäftigungsgrad - Total,TOT,Geschlecht - Total,2003Q4,2003Q4,104440
41-42,41-42 Hoch- und Tiefbau,TOT,Beschäftigungsgrad - Total,TOT,Geschlecht - Total,2004Q1,2004Q1,102926
41-42,41-42 Hoch- und Tiefbau,TOT,Beschäftigungsgrad - Total,TOT,Geschlecht - Total,2004Q2,2004Q2,104392
41-42,41-42 Hoch- und Tiefbau,TOT,Beschäftigungsgrad - Total,TOT,Geschlecht - Total,2004Q3,2004Q3,107301
41-42,41-42 Hoch- und Tiefbau,TOT,Beschäftigungsgrad - Total,TOT,Geschlecht - Total,2004Q4,2004Q4,103517
41-42,41-42 Hoch- und Tiefbau,TOT,Beschäftigungsgrad - Total,TOT,Geschlecht - Total,2005Q1,2005Q1,101237
41-42,41-42 Hoch- und Tiefbau,TOT,Beschäftigungsgrad - Total,TOT,Geschlecht - Total,2005Q2,2005Q2,105799
41-42,41-42 Hoch- und Tiefbau,TOT,Beschäftigungsgrad - Total,TOT,Geschlecht - Total,2005Q3,2005Q3,107885
41-42,41-42 Hoch- und Tiefbau,TOT,Beschäftigungsgrad - Total,TOT,Geschlecht - Total,2005Q4,2005Q4,104441
41-42,41-42 Hoch- und Tiefbau,TOT,Beschäftigungsgrad - Total,TOT,Geschlecht - Total,2006Q1,2006Q1,102943
41-42,41-42 Hoch- und Tiefbau,TOT,Beschäftigungsgrad - Total,TOT,Geschlecht - Total,2006Q2,2006Q2,106779
41-42,41-42 Hoch- und Tiefbau,TOT,Beschäftigungsgrad - Total,TOT,Geschlecht - Total,2006Q3,2006Q3,108999
41-42,41-42 Hoch- und Tiefbau,TOT,Beschäftigungsgrad - Total,TOT,Geschlecht - Total,2006Q4,2006Q4,105990
41-42,41-42 Hoch- und Tiefbau,TOT,Beschäftigungsgrad - Total,TOT,Geschlecht - Total,2007Q1,2007Q1,105905
41-42,41-42 Hoch- und Tiefbau,TOT,Beschäftigungsgrad - Total,TOT,Geschlecht - Total,2007Q2,2007Q2,108975
41-42,41-42 Hoch- und Tiefbau,TOT,Beschäftigungsgrad - Total,TOT,Geschlecht - Total,2007Q3,2007Q3,111319
41-42,41-42 Hoch- und Tiefbau,TOT,Beschäftigungsgrad - Total,TOT,Geschlecht - Total,2007Q4,2007Q4,109594
41-42,41-42 Hoch- und Tiefbau,TOT,Beschäftigungsgrad - Total,TOT,Geschlecht - Total,2008Q1,2008Q1,108681
41-42,41-42 Hoch- und Tiefbau,TOT,Beschäftigungsgrad - Total,TOT,Geschlecht - Total,2008Q2,2008Q2,109977
41-42,41-42 Hoch- und Tiefbau,TOT,Beschäftigungsgrad - Total,TOT,Geschlecht - Total,2008Q3,2008Q3,111213
41-42,41-42 Hoch- und Tiefbau,TOT,Beschäftigungsgrad - Total,TOT,Geschlecht - Total,2008Q4,2008Q4,107347
41-42,41-42 Hoch- und Tiefbau,TOT,Beschäftigungsgrad - Total,TOT,Geschlecht - Total,2009Q1,2009Q1,107005
41-42,41-42 Hoch- und Tiefbau,TOT,Beschäftigungsgrad - Total,TOT,Geschlecht - Total,2009Q2,2009Q2,109723
41-42,41-42 Hoch- und Tiefbau,TOT,Beschäftigungsgrad - Total,TOT,Geschlecht - Total,2009Q3,2009Q3,112350
41-42,41-42 Hoch- und Tiefbau,TOT,Beschäftigungsgrad - Total,TOT,Geschlecht - Total,2009Q4,2009Q4,109511
41-42,41-42 Hoch- und Tiefbau,TOT,Beschäftigungsgrad - Total,TOT,Geschlecht - Total,2010Q1,2010Q1,109662
41-42,41-42 Hoch- und Tiefbau,TOT,Beschäftigungsgrad - Total,TOT,Geschlecht - Total,2010Q2,2010Q2,113136
41-42,41-42 Hoch- und Tiefbau,TOT,Beschäftigungsgrad - Total,TOT,Geschlecht - Total,2010Q3,2010Q3,114472
41-42,41-42 Hoch- und Tiefbau,TOT,Beschäftigungsgrad - Total,TOT,Geschlecht - Total,2010Q4,2010Q4,109615
41-42,41-42 Hoch- und Tiefbau,TOT,Beschäftigungsgrad - Total,TOT,Geschlecht - Total,2011Q1,2011Q1,108783
41-42,41-42 Hoch- und Tiefbau,TOT,Beschäftigungsgrad - Total,TOT,Geschlecht - Total,2011Q2,2011Q2,113080
41-42,41-42 Hoch- und Tiefbau,TOT,Beschäftigungsgrad - Total,TOT,Geschlecht - Total,2011Q3,2011Q3,114278
41-42,41-42 Hoch- und Tiefbau,TOT,Beschäftigungsgrad - Total,TOT,Geschlecht - Total,2011Q4,2011Q4,108215
41-42,41-42 Hoch- und Tiefbau,TOT,Beschäftigungsgrad - Total,TOT,Geschlecht - Total,2012Q1,2012Q1,109161
41-42,41-42 Hoch- und Tiefbau,TOT,Beschäftigungsgrad - Total,TOT,Geschlecht - Total,2012Q2,2012Q2,114032
41-42,41-42 Hoch- und Tiefbau,TOT,Beschäftigungsgrad - Total,TOT,Geschlecht - Total,2012Q3,2012Q3,115764
41-42,41-42 Hoch- und Tiefbau,TOT,Beschäftigungsgrad - Total,TOT,Geschlecht - Total,2012Q4,2012Q4,109796
41-42,41-42 Hoch- und Tiefbau,TOT,Beschäftigungsgrad - Total,TOT,Geschlecht - Total,2013Q1,2013Q1,111894
41-42,41-42 Hoch- und Tiefbau,TOT,Beschäftigungsgrad - Total,TOT,Geschlecht - Total,2013Q2,2013Q2,117376
41-42,41-42 Hoch- und Tiefbau,TOT,Beschäftigungsgrad - Total,TOT,Geschlecht - Total,2013Q3,2013Q3,119237
41-42,41-42 Hoch- und Tiefbau,TOT,Beschäftigungsgrad - Total,TOT,Geschlecht - Total,2013Q4,2013Q4,112694
41-42,41-42 Hoch- und Tiefbau,TOT,Beschäftigungsgrad - Total,TOT,Geschlecht - Total,2014Q1,2014Q1,112811
41-42,41-42 Hoch- und Tiefbau,TOT,Beschäftigungsgrad - Total,TOT,Geschlecht - Total,2014Q2,2014Q2,120474
41-42,41-42 Hoch- und Tiefbau,TOT,Beschäftigungsgrad - Total,TOT,Geschlecht - Total,2014Q3,2014Q3,119736
41-42,41-42 Hoch- und Tiefbau,TOT,Beschäftigungsgrad - Total,TOT,Geschlecht - Total,2014Q4,2014Q4,112490
41-42,41-42 Hoch- und Tiefbau,TOT,Beschäftigungsgrad - Total,TOT,Geschlecht - Total,2015Q1,2015Q1,113013
41-42,41-42 Hoch- und Tiefbau,TOT,Beschäftigungsgrad - Total,TOT,Geschlecht - Total,2015Q2,2015Q2,116959
41-42,41-42 Hoch- und Tiefbau,TOT,Beschäftigungsgrad - Total,TOT,Geschlecht - Total,2015Q3,2015Q3,115880
41-42,41-42 Hoch- und Tiefbau,TOT,Beschäftigungsgrad - Total,TOT,Geschlecht - Total,2015Q4,2015Q4,111180
41-42,41-42 Hoch- und Tiefbau,TOT,Beschäftigungsgrad - Total,TOT,Geschlecht - Total,2016Q1,2016Q1,111319
41-42,41-42 Hoch- und Tiefbau,TOT,Beschäftigungsgrad - Total,TOT,Geschlecht - Total,2016Q2,2016Q2,115546
41-42,41-42 Hoch- und Tiefbau,TOT,Beschäftigungsgrad - Total,TOT,Geschlecht - Total,2016Q3,2016Q3,115969
41-42,41-42 Hoch- und Tiefbau,TOT,Beschäftigungsgrad - Total,TOT,Geschlecht - Total,2016Q4,2016Q4,110273
41-42,41-42 Hoch- und Tiefbau,TOT,Beschäftigungsgrad - Total,TOT,Geschlecht - Total,2017Q1,2017Q1,110893
41-42,41-42 Hoch- und Tiefbau,TOT,Beschäftigungsgrad - Total,TOT,Geschlecht - Total,2017Q2,2017Q2,115196
41-42,41-42 Hoch- und Tiefbau,TOT,Beschäftigungsgrad - Total,TOT,Geschlecht - Total,2017Q3,2017Q3,117306
41-42,41-42 Hoch- und Tiefbau,TOT,Beschäftigungsgrad - Total,TOT,Geschlecht - Total,2017Q4,2017Q4,113941
41-42,41-42 Hoch- und Tiefbau,TOT,Beschäftigungsgrad - Total,TOT,Geschlecht - Total,2018Q1,2018Q1,113008
41-42,41-42 Hoch- und Tiefbau,TOT,Beschäftigungsgrad - Total,TOT,Geschlecht - Total,2018Q2,2018Q2,117578
41-42,41-42 Hoch- und Tiefbau,TOT,Beschäftigungsgrad - Total,TOT,Geschlecht - Total,2018Q3,2018Q3,117151
41-42,41-42 Hoch- und Tiefbau,TOT,Beschäftigungsgrad - Total,TOT,Geschlecht - Total,2018Q4,2018Q4,111911
41-42,41-42 Hoch- und Tiefbau,TOT,Beschäftigungsgrad - Total,TOT,Geschlecht - Total,2019Q1,2019Q1,111237
41-42,41-42 Hoch- und Tiefbau,TOT,Beschäftigungsgrad - Total,TOT,Geschlecht - Total,2019Q2,2019Q2,116946
41-42,41-42 Hoch- und Tiefbau,TOT,Beschäftigungsgrad - Total,TOT,Geschlecht - Total,2019Q3,2019Q3,119088
41-42,41-42 Hoch- und Tiefbau,TOT,Beschäftigungsgrad - Total,TOT,Geschlecht - Total,2019Q4,2019Q4,111722
41-42,41-42 Hoch- und Tiefbau,TOT,Beschäftigungsgrad - Total,TOT,Geschlecht - Total,2020Q1,2020Q1,112712
41-42,41-42 Hoch- und Tiefbau,TOT,Beschäftigungsgrad - Total,TOT,Geschlecht - Total,2020Q2,2020Q2,116513
41-42,41-42 Hoch- und Tiefbau,TOT,Beschäftigungsgrad - Total,TOT,Geschlecht - Total,2020Q3,2020Q3,117671
41-42,41-42 Hoch- und Tiefbau,TOT,Beschäftigungsgrad - Total,TOT,Geschlecht - Total,2020Q4,2020Q4,112242
41-42,41-42 Hoch- und Tiefbau,TOT,Beschäftigungsgrad - Total,TOT,Geschlecht - Total,2021Q1,2021Q1,111886
41-42,41-42 Hoch- und Tiefbau,TOT,Beschäftigungsgrad - Total,TOT,Geschlecht - Total,2021Q2,2021Q2,117669
41-42,41-42 Hoch- und Tiefbau,TOT,Beschäftigungsgrad - Total,TOT,Geschlecht - Total,2021Q3,2021Q3,118937
41-42,41-42 Hoch- und Tiefbau,TOT,Beschäftigungsgrad - Total,TOT,Geschlecht - Total,2021Q4,2021Q4,113825
41-42,41-42 Hoch- und Tiefbau,TOT,Beschäftigungsgrad - Total,TOT,Geschlecht - Total,2022Q1,2022Q1,114855
41-42,41-42 Hoch- und Tiefbau,TOT,Beschäftigungsgrad - Total,TOT,Geschlecht - Total,2022Q2,2022Q2,116919
41-42,41-42 Hoch- und Tiefbau,TOT,Beschäftigungsgrad - Total,TOT,Geschlecht - Total,2022Q3,2022Q3,117784
41-42,41-42 Hoch- und Tiefbau,TOT,Beschäftigungsgrad - Total,TOT,Geschlecht - Total,2022Q4,2022Q4,113774
41-42,41-42 Hoch- und Tiefbau,TOT,Beschäftigungsgrad - Total,TOT,Geschlecht - Total,2023Q1,2023Q1,113139
41-42,41-42 Hoch- und Tiefbau,TOT,Beschäftigungsgrad - Total,TOT,Geschlecht - Total,2023Q2,2023Q2,115565
41-42,41-42 Hoch- und Tiefbau,TOT,Beschäftigungsgrad - Total,TOT,Geschlecht - Total,2023Q3,2023Q3,115518
41-42,41-42 Hoch- und Tiefbau,TOT,Beschäftigungsgrad - Total,TOT,Geschlecht - Total,2023Q4,2023Q4,110867
41-42,41-42 Hoch- und Tiefbau,TOT,Beschäftigungsgrad - Total,TOT,Geschlecht - Total,2024Q1,2024Q1,110024
41-42,41-42 Hoch- und Tiefbau,TOT,Beschäftigungsgrad - Total,TOT,Geschlecht - Total,2024Q2,2024Q2,112795
41-42,41-42 Hoch- und Tiefbau,TOT,Beschäftigungsgrad - Total,TOT,Geschlecht - Total,2024Q3,2024Q3,115480
41-42,41-42 Hoch- und Tiefbau,TOT,Beschäftigungsgrad - Total,TOT,Geschlecht - Total,2024Q4,2024Q4,112835
41-42,41-42 Hoch- und Tiefbau,TOT,Beschäftigungsgrad - Total,TOT,Geschlecht - Total,2025Q1,2025Q1,113687
41-42,41-42 Hoch- und Tiefbau,TOT,Beschäftigungsgrad - Total,TOT,Geschlecht - Total,2025Q2,2025Q2,117036
41-42,41-42 Hoch- und Tiefbau,TOT,Beschäftigungsgrad - Total,TOT,Geschlecht - Total,2025Q3,2025Q3,118179
41-42,41-42 Hoch- und Tiefbau,TOT,Beschäftigungsgrad - Total,TOT,Geschlecht - Total,2025Q4,2025Q4,116599
41-42,41-42 Hoch- und Tiefbau,TOT,Beschäftigungsgrad - Total,TOT,Geschlecht - Total,2026Q1,2026Q1,118040
41-42,41-42 Hoch- und Tiefbau,TOT,Beschäftigungsgrad - Total,TOT,Geschlecht - Total,2026Q2,2026Q2,119212
41-42,41-42 Hoch- und Tiefbau,3,"Total,saisonbereinigt",TOT,Geschlecht - Total,1991Q3,1991Q3,155837
41-42,41-42 Hoch- und Tiefbau,3,"Total,saisonbereinigt",TOT,Geschlecht - Total,1991Q4,1991Q4,141522
41-42,41-42 Hoch- und Tiefbau,3,"Total,saisonbereinigt",TOT,Geschlecht - Total,1992Q1,1992Q1,150953
41-42,41-42 Hoch- und Tiefbau,3,"Total,saisonbereinigt",TOT,Geschlecht - Total,1992Q2,1992Q2,151382
41-42,41-42 Hoch- und Tiefbau,3,"Total,saisonbereinigt",TOT,Geschlecht - Total,1992Q3,1992Q3,148399
41-42,41-42 Hoch- und Tiefbau,3,"Total,saisonbereinigt",TOT,Geschlecht - Total,1992Q4,1992Q4,142288
41-42,41-42 Hoch- und Tiefbau,3,"Total,saisonbereinigt",TOT,Geschlecht - Total,1993Q1,1993Q1,140005
41-42,41-42 Hoch- und Tiefbau,3,"Total,saisonbereinigt",TOT,Geschlecht - Total,1993Q2,1993Q2,140926
41-42,41-42 Hoch- und Tiefbau,3,"Total,saisonbereinigt",TOT,Geschlecht - Total,1993Q3,1993Q3,140199
41-42,41-42 Hoch- und Tiefbau,3,"Total,saisonbereinigt",TOT,Geschlecht - Total,1993Q4,1993Q4,139844
41-42,41-42 Hoch- und Tiefbau,3,"Total,saisonbereinigt",TOT,Geschlecht - Total,1994Q1,1994Q1,140991
41-42,41-42 Hoch- und Tiefbau,3,"Total,saisonbereinigt",TOT,Geschlecht - Total,1994Q2,1994Q2,140346
41-42,41-42 Hoch- und Tiefbau,3,"Total,saisonbereinigt",TOT,Geschlecht - Total,1994Q3,1994Q3,141874
41-42,41-42 Hoch- und Tiefbau,3,"Total,saisonbereinigt",TOT,Geschlecht - Total,1994Q4,1994Q4,141933
41-42,41-42 Hoch- und Tiefbau,3,"Total,saisonbereinigt",TOT,Geschlecht - Total,1995Q1,1995Q1,141726
41-42,41-42 Hoch- und Tiefbau,3,"Total,saisonbereinigt",TOT,Geschlecht - Total,1995Q2,1995Q2,138737
41-42,41-42 Hoch- und Tiefbau,3,"Total,saisonbereinigt",TOT,Geschlecht - Total,1995Q3,1995Q3,139548
41-42,41-42 Hoch- und Tiefbau,3,"Total,saisonbereinigt",TOT,Geschlecht - Total,1995Q4,1995Q4,136881
41-42,41-42 Hoch- und Tiefbau,3,"Total,saisonbereinigt",TOT,Geschlecht - Total,1996Q1,1996Q1,131758
41-42,41-42 Hoch- und Tiefbau,3,"Total,saisonbereinigt",TOT,Geschlecht - Total,1996Q2,1996Q2,127701
41-42,41-42 Hoch- und Tiefbau,3,"Total,saisonbereinigt",TOT,Geschlecht - Total,1996Q3,1996Q3,124484
41-42,41-42 Hoch- und Tiefbau,3,"Total,saisonbereinigt",TOT,Geschlecht - Total,1996Q4,1996Q4,122043
41-42,41-42 Hoch- und Tiefbau,3,"Total,saisonbereinigt",TOT,Geschlecht - Total,1997Q1,1997Q1,118739
41-42,41-42 Hoch- und Tiefbau,3,"Total,saisonbereinigt",TOT,Geschlecht - Total,1997Q2,1997Q2,115758
41-42,41-42 Hoch- und Tiefbau,3,"Total,saisonbereinigt",TOT,Geschlecht - Total,1997Q3,1997Q3,111802
41-42,41-42 Hoch- und Tiefbau,3,"Total,saisonbereinigt",TOT,Geschlecht - Total,1997Q4,1997Q4,110969
41-42,41-42 Hoch- und Tiefbau,3,"Total,saisonbereinigt",TOT,Geschlecht - Total,1998Q1,1998Q1,109139
41-42,41-42 Hoch- und Tiefbau,3,"Total,saisonbereinigt",TOT,Geschlecht - Total,1998Q2,1998Q2,107447
41-42,41-42 Hoch- und Tiefbau,3,"Total,saisonbereinigt",TOT,Geschlecht - Total,1998Q3,1998Q3,105556
41-42,41-42 Hoch- und Tiefbau,3,"Total,saisonbereinigt",TOT,Geschlecht - Total,1998Q4,1998Q4,103937
41-42,41-42 Hoch- und Tiefbau,3,"Total,saisonbereinigt",TOT,Geschlecht - Total,1999Q1,1999Q1,103982
41-42,41-42 Hoch- und Tiefbau,3,"Total,saisonbereinigt",TOT,Geschlecht - Total,1999Q2,1999Q2,104595
41-42,41-42 Hoch- und Tiefbau,3,"Total,saisonbereinigt",TOT,Geschlecht - Total,1999Q3,1999Q3,103884
41-42,41-42 Hoch- und Tiefbau,3,"Total,saisonbereinigt",TOT,Geschlecht - Total,1999Q4,1999Q4,105159
41-42,41-42 Hoch- und Tiefbau,3,"Total,saisonbereinigt",TOT,Geschlecht - Total,2000Q1,2000Q1,106606
41-42,41-42 Hoch- und Tiefbau,3,"Total,saisonbereinigt",TOT,Geschlecht - Total,2000Q2,2000Q2,104615
41-42,41-42 Hoch- und Tiefbau,3,"Total,saisonbereinigt",TOT,Geschlecht - Total,2000Q3,2000Q3,105798
41-42,41-42 Hoch- und Tiefbau,3,"Total,saisonbereinigt",TOT,Geschlecht - Total,2000Q4,2000Q4,106235
41-42,41-42 Hoch- und Tiefbau,3,"Total,saisonbereinigt",TOT,Geschlecht - Total,2001Q1,2001Q1,107123
41-42,41-42 Hoch- und Tiefbau,3,"Total,saisonbereinigt",TOT,Geschlecht - Total,2001Q2,2001Q2,107641
41-42,41-42 Hoch- und Tiefbau,3,"Total,saisonbereinigt",TOT,Geschlecht - Total,2001Q3,2001Q3,107729
41-42,41-42 Hoch- und Tiefbau,3,"Total,saisonbereinigt",TOT,Geschlecht - Total,2001Q4,2001Q4,105910
41-42,41-42 Hoch- und Tiefbau,3,"Total,saisonbereinigt",TOT,Geschlecht - Total,2002Q1,2002Q1,106630
41-42,41-42 Hoch- und Tiefbau,3,"Total,saisonbereinigt",TOT,Geschlecht - Total,2002Q2,2002Q2,106202
41-42,41-42 Hoch- und Tiefbau,3,"Total,saisonbereinigt",TOT,Geschlecht - Total,2002Q3,2002Q3,106496
41-42,41-42 Hoch- und Tiefbau,3,"Total,saisonbereinigt",TOT,Geschlecht - Total,2002Q4,2002Q4,106368
41-42,41-42 Hoch- und Tiefbau,3,"Total,saisonbereinigt",TOT,Geschlecht - Total,2003Q1,2003Q1,105747
41-42,41-42 Hoch- und Tiefbau,3,"Total,saisonbereinigt",TOT,Geschlecht - Total,2003Q2,2003Q2,105667
41-42,41-42 Hoch- und Tiefbau,3,"Total,saisonbereinigt",TOT,Geschlecht - Total,2003Q3,2003Q3,104875
41-42,41-42 Hoch- und Tiefbau,3,"Total,saisonbereinigt",TOT,Geschlecht - Total,2003Q4,2003Q4,106049
41-42,41-42 Hoch- und Tiefbau,3,"Total,saisonbereinigt",TOT,Geschlecht - Total,2004Q1,2004Q1,105183
41-42,41-42 Hoch- und Tiefbau,3,"Total,saisonbereinigt",TOT,Geschlecht - Total,2004Q2,2004Q2,103158
41-42,41-42 Hoch- und Tiefbau,3,"Total,saisonbereinigt",TOT,Geschlecht - Total,2004Q3,2004Q3,104797
41-42,41-42 Hoch- und Tiefbau,3,"Total,saisonbereinigt",TOT,Geschlecht - Total,2004Q4,2004Q4,105001
41-42,41-42 Hoch- und Tiefbau,3,"Total,saisonbereinigt",TOT,Geschlecht - Total,2005Q1,2005Q1,103419
41-42,41-42 Hoch- und Tiefbau,3,"Total,saisonbereinigt",TOT,Geschlecht - Total,2005Q2,2005Q2,104637
41-42,41-42 Hoch- und Tiefbau,3,"Total,saisonbereinigt",TOT,Geschlecht - Total,2005Q3,2005Q3,105394
41-42,41-42 Hoch- und Tiefbau,3,"Total,saisonbereinigt",TOT,Geschlecht - Total,2005Q4,2005Q4,105863
41-42,41-42 Hoch- und Tiefbau,3,"Total,saisonbereinigt",TOT,Geschlecht - Total,2006Q1,2006Q1,105155
41-42,41-42 Hoch- und Tiefbau,3,"Total,saisonbereinigt",TOT,Geschlecht - Total,2006Q2,2006Q2,105637
41-42,41-42 Hoch- und Tiefbau,3,"Total,saisonbereinigt",TOT,Geschlecht - Total,2006Q3,2006Q3,106501
41-42,41-42 Hoch- und Tiefbau,3,"Total,saisonbereinigt",TOT,Geschlecht - Total,2006Q4,2006Q4,107411
41-42,41-42 Hoch- und Tiefbau,3,"Total,saisonbereinigt",TOT,Geschlecht - Total,2007Q1,2007Q1,108172
41-42,41-42 Hoch- und Tiefbau,3,"Total,saisonbereinigt",TOT,Geschlecht - Total,2007Q2,2007Q2,107815
41-42,41-42 Hoch- und Tiefbau,3,"Total,saisonbereinigt",TOT,Geschlecht - Total,2007Q3,2007Q3,108746
41-42,41-42 Hoch- und Tiefbau,3,"Total,saisonbereinigt",TOT,Geschlecht - Total,2007Q4,2007Q4,111121
41-42,41-42 Hoch- und Tiefbau,3,"Total,saisonbereinigt",TOT,Geschlecht - Total,2008Q1,2008Q1,111001
41-42,41-42 Hoch- und Tiefbau,3,"Total,saisonbereinigt",TOT,Geschlecht - Total,2008Q2,2008Q2,108769
41-42,41-42 Hoch- und Tiefbau,3,"Total,saisonbereinigt",TOT,Geschlecht - Total,2008Q3,2008Q3,108585
41-42,41-42 Hoch- und Tiefbau,3,"Total,saisonbereinigt",TOT,Geschlecht - Total,2008Q4,2008Q4,108983
41-42,41-42 Hoch- und Tiefbau,3,"Total,saisonbereinigt",TOT,Geschlecht - Total,2009Q1,2009Q1,109257
41-42,41-42 Hoch- und Tiefbau,3,"Total,saisonbereinigt",TOT,Geschlecht - Total,2009Q2,2009Q2,108461
41-42,41-42 Hoch- und Tiefbau,3,"Total,saisonbereinigt",TOT,Geschlecht - Total,2009Q3,2009Q3,109624
41-42,41-42 Hoch- und Tiefbau,3,"Total,saisonbereinigt",TOT,Geschlecht - Total,2009Q4,2009Q4,111364
41-42,41-42 Hoch- und Tiefbau,3,"Total,saisonbereinigt",TOT,Geschlecht - Total,2010Q1,2010Q1,111941
41-42,41-42 Hoch- und Tiefbau,3,"Total,saisonbereinigt",TOT,Geschlecht - Total,2010Q2,2010Q2,111727
41-42,41-42 Hoch- und Tiefbau,3,"Total,saisonbereinigt",TOT,Geschlecht - Total,2010Q3,2010Q3,111666
41-42,41-42 Hoch- und Tiefbau,3,"Total,saisonbereinigt",TOT,Geschlecht - Total,2010Q4,2010Q4,111628
41-42,41-42 Hoch- und Tiefbau,3,"Total,saisonbereinigt",TOT,Geschlecht - Total,2011Q1,2011Q1,111037
41-42,41-42 Hoch- und Tiefbau,3,"Total,saisonbereinigt",TOT,Geschlecht - Total,2011Q2,2011Q2,111554
41-42,41-42 Hoch- und Tiefbau,3,"Total,saisonbereinigt",TOT,Geschlecht - Total,2011Q3,2011Q3,111441
41-42,41-42 Hoch- und Tiefbau,3,"Total,saisonbereinigt",TOT,Geschlecht - Total,2011Q4,2011Q4,110363
41-42,41-42 Hoch- und Tiefbau,3,"Total,saisonbereinigt",TOT,Geschlecht - Total,2012Q1,2012Q1,111419
41-42,41-42 Hoch- und Tiefbau,3,"Total,saisonbereinigt",TOT,Geschlecht - Total,2012Q2,2012Q2,112375
41-42,41-42 Hoch- und Tiefbau,3,"Total,saisonbereinigt",TOT,Geschlecht - Total,2012Q3,2012Q3,112879
41-42,41-42 Hoch- und Tiefbau,3,"Total,saisonbereinigt",TOT,Geschlecht - Total,2012Q4,2012Q4,112079
41-42,41-42 Hoch- und Tiefbau,3,"Total,saisonbereinigt",TOT,Geschlecht - Total,2013Q1,2013Q1,114248
41-42,41-42 Hoch- und Tiefbau,3,"Total,saisonbereinigt",TOT,Geschlecht - Total,2013Q2,2013Q2,115548
41-42,41-42 Hoch- und Tiefbau,3,"Total,saisonbereinigt",TOT,Geschlecht - Total,2013Q3,2013Q3,116254
41-42,41-42 Hoch- und Tiefbau,3,"Total,saisonbereinigt",TOT,Geschlecht - Total,2013Q4,2013Q4,115124
41-42,41-42 Hoch- und Tiefbau,3,"Total,saisonbereinigt",TOT,Geschlecht - Total,2014Q1,2014Q1,115224
41-42,41-42 Hoch- und Tiefbau,3,"Total,saisonbereinigt",TOT,Geschlecht - Total,2014Q2,2014Q2,118486
41-42,41-42 Hoch- und Tiefbau,3,"Total,saisonbereinigt",TOT,Geschlecht - Total,2014Q3,2014Q3,116758
41-42,41-42 Hoch- und Tiefbau,3,"Total,saisonbereinigt",TOT,Geschlecht - Total,2014Q4,2014Q4,114956
41-42,41-42 Hoch- und Tiefbau,3,"Total,saisonbereinigt",TOT,Geschlecht - Total,2015Q1,2015Q1,115459
41-42,41-42 Hoch- und Tiefbau,3,"Total,saisonbereinigt",TOT,Geschlecht - Total,2015Q2,2015Q2,114959
41-42,41-42 Hoch- und Tiefbau,3,"Total,saisonbereinigt",TOT,Geschlecht - Total,2015Q3,2015Q3,113024
41-42,41-42 Hoch- und Tiefbau,3,"Total,saisonbereinigt",TOT,Geschlecht - Total,2015Q4,2015Q4,113621
41-42,41-42 Hoch- und Tiefbau,3,"Total,saisonbereinigt",TOT,Geschlecht - Total,2016Q1,2016Q1,113742
41-42,41-42 Hoch- und Tiefbau,3,"Total,saisonbereinigt",TOT,Geschlecht - Total,2016Q2,2016Q2,113541
41-42,41-42 Hoch- und Tiefbau,3,"Total,saisonbereinigt",TOT,Geschlecht - Total,2016Q3,2016Q3,113147
41-42,41-42 Hoch- und Tiefbau,3,"Total,saisonbereinigt",TOT,Geschlecht - Total,2016Q4,2016Q4,112668
41-42,41-42 Hoch- und Tiefbau,3,"Total,saisonbereinigt",TOT,Geschlecht - Total,2017Q1,2017Q1,113286
41-42,41-42 Hoch- und Tiefbau,3,"Total,saisonbereinigt",TOT,Geschlecht - Total,2017Q2,2017Q2,113214
41-42,41-42 Hoch- und Tiefbau,3,"Total,saisonbereinigt",TOT,Geschlecht - Total,2017Q3,2017Q3,114518
41-42,41-42 Hoch- und Tiefbau,3,"Total,saisonbereinigt",TOT,Geschlecht - Total,2017Q4,2017Q4,116333
41-42,41-42 Hoch- und Tiefbau,3,"Total,saisonbereinigt",TOT,Geschlecht - Total,2018Q1,2018Q1,115416
41-42,41-42 Hoch- und Tiefbau,3,"Total,saisonbereinigt",TOT,Geschlecht - Total,2018Q2,2018Q2,115600
41-42,41-42 Hoch- und Tiefbau,3,"Total,saisonbereinigt",TOT,Geschlecht - Total,2018Q3,2018Q3,114457
41-42,41-42 Hoch- und Tiefbau,3,"Total,saisonbereinigt",TOT,Geschlecht - Total,2018Q4,2018Q4,114147
41-42,41-42 Hoch- und Tiefbau,3,"Total,saisonbereinigt",TOT,Geschlecht - Total,2019Q1,2019Q1,113543
41-42,41-42 Hoch- und Tiefbau,3,"Total,saisonbereinigt",TOT,Geschlecht - Total,2019Q2,2019Q2,115086
41-42,41-42 Hoch- und Tiefbau,3,"Total,saisonbereinigt",TOT,Geschlecht - Total,2019Q3,2019Q3,116422
41-42,41-42 Hoch- und Tiefbau,3,"Total,saisonbereinigt",TOT,Geschlecht - Total,2019Q4,2019Q4,113834
41-42,41-42 Hoch- und Tiefbau,3,"Total,saisonbereinigt",TOT,Geschlecht - Total,2020Q1,2020Q1,114967
41-42,41-42 Hoch- und Tiefbau,3,"Total,saisonbereinigt",TOT,Geschlecht - Total,2020Q2,2020Q2,114788
41-42,41-42 Hoch- und Tiefbau,3,"Total,saisonbereinigt",TOT,Geschlecht - Total,2020Q3,2020Q3,115115
41-42,41-42 Hoch- und Tiefbau,3,"Total,saisonbereinigt",TOT,Geschlecht - Total,2020Q4,2020Q4,114231
41-42,41-42 Hoch- und Tiefbau,3,"Total,saisonbereinigt",TOT,Geschlecht - Total,2021Q1,2021Q1,114041
41-42,41-42 Hoch- und Tiefbau,3,"Total,saisonbereinigt",TOT,Geschlecht - Total,2021Q2,2021Q2,116060
41-42,41-42 Hoch- und Tiefbau,3,"Total,saisonbereinigt",TOT,Geschlecht - Total,2021Q3,2021Q3,116427
41-42,41-42 Hoch- und Tiefbau,3,"Total,saisonbereinigt",TOT,Geschlecht - Total,2021Q4,2021Q4,115734
41-42,41-42 Hoch- und Tiefbau,3,"Total,saisonbereinigt",TOT,Geschlecht - Total,2022Q1,2022Q1,116947
41-42,41-42 Hoch- und Tiefbau,3,"Total,saisonbereinigt",TOT,Geschlecht - Total,2022Q2,2022Q2,115453
41-42,41-42 Hoch- und Tiefbau,3,"Total,saisonbereinigt",TOT,Geschlecht - Total,2022Q3,2022Q3,115392
41-42,41-42 Hoch- und Tiefbau,3,"Total,saisonbereinigt",TOT,Geschlecht - Total,2022Q4,2022Q4,115575
41-42,41-42 Hoch- und Tiefbau,3,"Total,saisonbereinigt",TOT,Geschlecht - Total,2023Q1,2023Q1,115058
41-42,41-42 Hoch- und Tiefbau,3,"Total,saisonbereinigt",TOT,Geschlecht - Total,2023Q2,2023Q2,114266
41-42,41-42 Hoch- und Tiefbau,3,"Total,saisonbereinigt",TOT,Geschlecht - Total,2023Q3,2023Q3,113252
41-42,41-42 Hoch- und Tiefbau,3,"Total,saisonbereinigt",TOT,Geschlecht - Total,2023Q4,2023Q4,112531
41-42,41-42 Hoch- und Tiefbau,3,"Total,saisonbereinigt",TOT,Geschlecht - Total,2024Q1,2024Q1,111752
41-42,41-42 Hoch- und Tiefbau,3,"Total,saisonbereinigt",TOT,Geschlecht - Total,2024Q2,2024Q2,111667
41-42,41-42 Hoch- und Tiefbau,3,"Total,saisonbereinigt",TOT,Geschlecht - Total,2024Q3,2024Q3,113291
41-42,41-42 Hoch- und Tiefbau,3,"Total,saisonbereinigt",TOT,Geschlecht - Total,2024Q4,2024Q4,114442
41-42,41-42 Hoch- und Tiefbau,3,"Total,saisonbereinigt",TOT,Geschlecht - Total,2025Q1,2025Q1,115348
41-42,41-42 Hoch- und Tiefbau,3,"Total,saisonbereinigt",TOT,Geschlecht - Total,2025Q2,2025Q2,115987
41-42,41-42 Hoch- und Tiefbau,3,"Total,saisonbereinigt",TOT,Geschlecht - Total,2025Q3,2025Q3,116020
41-42,41-42 Hoch- und Tiefbau,3,"Total,saisonbereinigt",TOT,Geschlecht - Total,2025Q4,2025Q4,118165
41-42,41-42 Hoch- und Tiefbau,3,"Total,saisonbereinigt",TOT,Geschlecht - Total,2026Q1,2026Q1,119674
41-42,41-42 Hoch- und Tiefbau,3,"Total,saisonbereinigt",TOT,Geschlecht - Total,2026Q2,2026Q2,118236
43,43 Sonstiges Ausbaugewerbe,TOT,Beschäftigungsgrad - Total,TOT,Geschlecht - Total,1991Q3,1991Q3,232676
43,43 Sonstiges Ausbaugewerbe,TOT,Beschäftigungsgrad - Total,TOT,Geschlecht - Total,1991Q4,1991Q4,196212
43,43 Sonstiges Ausbaugewerbe,TOT,Beschäftigungsgrad - Total,TOT,Geschlecht - Total,1992Q1,1992Q1,210348
43,43 Sonstiges Ausbaugewerbe,TOT,Beschäftigungsgrad - Total,TOT,Geschlecht - Total,1992Q2,1992Q2,221890
43,43 Sonstiges Ausbaugewerbe,TOT,Beschäftigungsgrad - Total,TOT,Geschlecht - Total,1992Q3,1992Q3,221286
43,43 Sonstiges Ausbaugewerbe,TOT,Beschäftigungsgrad - Total,TOT,Geschlecht - Total,1992Q4,1992Q4,197361
43,43 Sonstiges Ausbaugewerbe,TOT,Beschäftigungsgrad - Total,TOT,Geschlecht - Total,1993Q1,1993Q1,195161
43,43 Sonstiges Ausbaugewerbe,TOT,Beschäftigungsgrad - Total,TOT,Geschlecht - Total,1993Q2,1993Q2,206476
43,43 Sonstiges Ausbaugewerbe,TOT,Beschäftigungsgrad - Total,TOT,Geschlecht - Total,1993Q3,1993Q3,208805
43,43 Sonstiges Ausbaugewerbe,TOT,Beschäftigungsgrad - Total,TOT,Geschlecht - Total,1993Q4,1993Q4,194098
43,43 Sonstiges Ausbaugewerbe,TOT,Beschäftigungsgrad - Total,TOT,Geschlecht - Total,1994Q1,1994Q1,196534
43,43 Sonstiges Ausbaugewerbe,TOT,Beschäftigungsgrad - Total,TOT,Geschlecht - Total,1994Q2,1994Q2,205521
43,43 Sonstiges Ausbaugewerbe,TOT,Beschäftigungsgrad - Total,TOT,Geschlecht - Total,1994Q3,1994Q3,210985
43,43 Sonstiges Ausbaugewerbe,TOT,Beschäftigungsgrad - Total,TOT,Geschlecht - Total,1994Q4,1994Q4,197202
43,43 Sonstiges Ausbaugewerbe,TOT,Beschäftigungsgrad - Total,TOT,Geschlecht - Total,1995Q1,1995Q1,197684
43,43 Sonstiges Ausbaugewerbe,TOT,Beschäftigungsgrad - Total,TOT,Geschlecht - Total,1995Q2,1995Q2,203058
43,43 Sonstiges Ausbaugewerbe,TOT,Beschäftigungsgrad - Total,TOT,Geschlecht - Total,1995Q3,1995Q3,207152
43,43 Sonstiges Ausbaugewerbe,TOT,Beschäftigungsgrad - Total,TOT,Geschlecht - Total,1995Q4,1995Q4,194053
43,43 Sonstiges Ausbaugewerbe,TOT,Beschäftigungsgrad - Total,TOT,Geschlecht - Total,1996Q1,1996Q1,190933
43,43 Sonstiges Ausbaugewerbe,TOT,Beschäftigungsgrad - Total,TOT,Geschlecht - Total,1996Q2,1996Q2,197656
43,43 Sonstiges Ausbaugewerbe,TOT,Beschäftigungsgrad - Total,TOT,Geschlecht - Total,1996Q3,1996Q3,198930
43,43 Sonstiges Ausbaugewerbe,TOT,Beschäftigungsgrad - Total,TOT,Geschlecht - Total,1996Q4,1996Q4,186922
43,43 Sonstiges Ausbaugewerbe,TOT,Beschäftigungsgrad - Total,TOT,Geschlecht - Total,1997Q1,1997Q1,185888
43,43 Sonstiges Ausbaugewerbe,TOT,Beschäftigungsgrad - Total,TOT,Geschlecht - Total,1997Q2,1997Q2,193231
43,43 Sonstiges Ausbaugewerbe,TOT,Beschäftigungsgrad - Total,TOT,Geschlecht - Total,1997Q3,1997Q3,192554
43,43 Sonstiges Ausbaugewerbe,TOT,Beschäftigungsgrad - Total,TOT,Geschlecht - Total,1997Q4,1997Q4,183883
43,43 Sonstiges Ausbaugewerbe,TOT,Beschäftigungsgrad - Total,TOT,Geschlecht - Total,1998Q1,1998Q1,184802
43,43 Sonstiges Ausbaugewerbe,TOT,Beschäftigungsgrad - Total,TOT,Geschlecht - Total,1998Q2,1998Q2,193581
43,43 Sonstiges Ausbaugewerbe,TOT,Beschäftigungsgrad - Total,TOT,Geschlecht - Total,1998Q3,1998Q3,196272
43,43 Sonstiges Ausbaugewerbe,TOT,Beschäftigungsgrad - Total,TOT,Geschlecht - Total,1998Q4,1998Q4,182903
43,43 Sonstiges Ausbaugewerbe,TOT,Beschäftigungsgrad - Total,TOT,Geschlecht - Total,1999Q1,1999Q1,182930
43,43 Sonstiges Ausbaugewerbe,TOT,Beschäftigungsgrad - Total,TOT,Geschlecht - Total,1999Q2,1999Q2,191582
43,43 Sonstiges Ausbaugewerbe,TOT,Beschäftigungsgrad - Total,TOT,Geschlecht - Total,1999Q3,1999Q3,192216
43,43 Sonstiges Ausbaugewerbe,TOT,Beschäftigungsgrad - Total,TOT,Geschlecht - Total,1999Q4,1999Q4,184868
43,43 Sonstiges Ausbaugewerbe,TOT,Beschäftigungsgrad - Total,TOT,Geschlecht - Total,2000Q1,2000Q1,186983
43,43 Sonstiges Ausbaugewerbe,TOT,Beschäftigungsgrad - Total,TOT,Geschlecht - Total,2000Q2,2000Q2,190863
43,43 Sonstiges Ausbaugewerbe,TOT,Beschäftigungsgrad - Total,TOT,Geschlecht - Total,2000Q3,2000Q3,194885
43,43 Sonstiges Ausbaugewerbe,TOT,Beschäftigungsgrad - Total,TOT,Geschlecht - Total,2000Q4,2000Q4,186671
43,43 Sonstiges Ausbaugewerbe,TOT,Beschäftigungsgrad - Total,TOT,Geschlecht - Total,2001Q1,2001Q1,187524
43,43 Sonstiges Ausbaugewerbe,TOT,Beschäftigungsgrad - Total,TOT,Geschlecht - Total,2001Q2,2001Q2,195721
43,43 Sonstiges Ausbaugewerbe,TOT,Beschäftigungsgrad - Total,TOT,Geschlecht - Total,2001Q3,2001Q3,197763
43,43 Sonstiges Ausbaugewerbe,TOT,Beschäftigungsgrad - Total,TOT,Geschlecht - Total,2001Q4,2001Q4,186756
43,43 Sonstiges Ausbaugewerbe,TOT,Beschäftigungsgrad - Total,TOT,Geschlecht - Total,2002Q1,2002Q1,187915
43,43 Sonstiges Ausbaugewerbe,TOT,Beschäftigungsgrad - Total,TOT,Geschlecht - Total,2002Q2,2002Q2,194895
43,43 Sonstiges Ausbaugewerbe,TOT,Beschäftigungsgrad - Total,TOT,Geschlecht - Total,2002Q3,2002Q3,198230
43,43 Sonstiges Ausbaugewerbe,TOT,Beschäftigungsgrad - Total,TOT,Geschlecht - Total,2002Q4,2002Q4,190721
43,43 Sonstiges Ausbaugewerbe,TOT,Beschäftigungsgrad - Total,TOT,Geschlecht - Total,2003Q1,2003Q1,189228
43,43 Sonstiges Ausbaugewerbe,TOT,Beschäftigungsgrad - Total,TOT,Geschlecht - Total,2003Q2,2003Q2,196646
43,43 Sonstiges Ausbaugewerbe,TOT,Beschäftigungsgrad - Total,TOT,Geschlecht - Total,2003Q3,2003Q3,198113
43,43 Sonstiges Ausbaugewerbe,TOT,Beschäftigungsgrad - Total,TOT,Geschlecht - Total,2003Q4,2003Q4,193322
43,43 Sonstiges Ausbaugewerbe,TOT,Beschäftigungsgrad - Total,TOT,Geschlecht - Total,2004Q1,2004Q1,191268
43,43 Sonstiges Ausbaugewerbe,TOT,Beschäftigungsgrad - Total,TOT,Geschlecht - Total,2004Q2,2004Q2,194742
43,43 Sonstiges Ausbaugewerbe,TOT,Beschäftigungsgrad - Total,TOT,Geschlecht - Total,2004Q3,2004Q3,200977
43,43 Sonstiges Ausbaugewerbe,TOT,Beschäftigungsgrad - Total,TOT,Geschlecht - Total,2004Q4,2004Q4,194671
43,43 Sonstiges Ausbaugewerbe,TOT,Beschäftigungsgrad - Total,TOT,Geschlecht - Total,2005Q1,2005Q1,191124
43,43 Sonstiges Ausbaugewerbe,TOT,Beschäftigungsgrad - Total,TOT,Geschlecht - Total,2005Q2,2005Q2,200576
43,43 Sonstiges Ausbaugewerbe,TOT,Beschäftigungsgrad - Total,TOT,Geschlecht - Total,2005Q3,2005Q3,206139
43,43 Sonstiges Ausbaugewerbe,TOT,Beschäftigungsgrad - Total,TOT,Geschlecht - Total,2005Q4,2005Q4,199438
43,43 Sonstiges Ausbaugewerbe,TOT,Beschäftigungsgrad - Total,TOT,Geschlecht - Total,2006Q1,2006Q1,197211
43,43 Sonstiges Ausbaugewerbe,TOT,Beschäftigungsgrad - Total,TOT,Geschlecht - Total,2006Q2,2006Q2,205311
43,43 Sonstiges Ausbaugewerbe,TOT,Beschäftigungsgrad - Total,TOT,Geschlecht - Total,2006Q3,2006Q3,210218
43,43 Sonstiges Ausbaugewerbe,TOT,Beschäftigungsgrad - Total,TOT,Geschlecht - Total,2006Q4,2006Q4,205040
43,43 Sonstiges Ausbaugewerbe,TOT,Beschäftigungsgrad - Total,TOT,Geschlecht - Total,2007Q1,2007Q1,205550
43,43 Sonstiges Ausbaugewerbe,TOT,Beschäftigungsgrad - Total,TOT,Geschlecht - Total,2007Q2,2007Q2,212241
43,43 Sonstiges Ausbaugewerbe,TOT,Beschäftigungsgrad - Total,TOT,Geschlecht - Total,2007Q3,2007Q3,217550
43,43 Sonstiges Ausbaugewerbe,TOT,Beschäftigungsgrad - Total,TOT,Geschlecht - Total,2007Q4,2007Q4,214860
43,43 Sonstiges Ausbaugewerbe,TOT,Beschäftigungsgrad - Total,TOT,Geschlecht - Total,2008Q1,2008Q1,213756
43,43 Sonstiges Ausbaugewerbe,TOT,Beschäftigungsgrad - Total,TOT,Geschlecht - Total,2008Q2,2008Q2,216991
43,43 Sonstiges Ausbaugewerbe,TOT,Beschäftigungsgrad - Total,TOT,Geschlecht - Total,2008Q3,2008Q3,220902
43,43 Sonstiges Ausbaugewerbe,TOT,Beschäftigungsgrad - Total,TOT,Geschlecht - Total,2008Q4,2008Q4,212989
43,43 Sonstiges Ausbaugewerbe,TOT,Beschäftigungsgrad - Total,TOT,Geschlecht - Total,2009Q1,2009Q1,211792
43,43 Sonstiges Ausbaugewerbe,TOT,Beschäftigungsgrad - Total,TOT,Geschlecht - Total,2009Q2,2009Q2,216072
43,43 Sonstiges Ausbaugewerbe,TOT,Beschäftigungsgrad - Total,TOT,Geschlecht - Total,2009Q3,2009Q3,220813
43,43 Sonstiges Ausbaugewerbe,TOT,Beschäftigungsgrad - Total,TOT,Geschlecht - Total,2009Q4,2009Q4,214963
43,43 Sonstiges Ausbaugewerbe,TOT,Beschäftigungsgrad - Total,TOT,Geschlecht - Total,2010Q1,2010Q1,214623
43,43 Sonstiges Ausbaugewerbe,TOT,Beschäftigungsgrad - Total,TOT,Geschlecht - Total,2010Q2,2010Q2,220298
43,43 Sonstiges Ausbaugewerbe,TOT,Beschäftigungsgrad - Total,TOT,Geschlecht - Total,2010Q3,2010Q3,224063
43,43 Sonstiges Ausbaugewerbe,TOT,Beschäftigungsgrad - Total,TOT,Geschlecht - Total,2010Q4,2010Q4,222373
43,43 Sonstiges Ausbaugewerbe,TOT,Beschäftigungsgrad - Total,TOT,Geschlecht - Total,2011Q1,2011Q1,218925
43,43 Sonstiges Ausbaugewerbe,TOT,Beschäftigungsgrad - Total,TOT,Geschlecht - Total,2011Q2,2011Q2,222107
43,43 Sonstiges Ausbaugewerbe,TOT,Beschäftigungsgrad - Total,TOT,Geschlecht - Total,2011Q3,2011Q3,227145
43,43 Sonstiges Ausbaugewerbe,TOT,Beschäftigungsgrad - Total,TOT,Geschlecht - Total,2011Q4,2011Q4,225399
43,43 Sonstiges Ausbaugewerbe,TOT,Beschäftigungsgrad - Total,TOT,Geschlecht - Total,2012Q1,2012Q1,223759
43,43 Sonstiges Ausbaugewerbe,TOT,Beschäftigungsgrad - Total,TOT,Geschlecht - Total,2012Q2,2012Q2,226526
43,43 Sonstiges Ausbaugewerbe,TOT,Beschäftigungsgrad - Total,TOT,Geschlecht - Total,2012Q3,2012Q3,233245
43,43 Sonstiges Ausbaugewerbe,TOT,Beschäftigungsgrad - Total,TOT,Geschlecht - Total,2012Q4,2012Q4,229900
43,43 Sonstiges Ausbaugewerbe,TOT,Beschäftigungsgrad - Total,TOT,Geschlecht - Total,2013Q1,2013Q1,226358
43,43 Sonstiges Ausbaugewerbe,TOT,Beschäftigungsgrad - Total,TOT,Geschlecht - Total,2013Q2,2013Q2,229844
43,43 Sonstiges Ausbaugewerbe,TOT,Beschäftigungsgrad - Total,TOT,Geschlecht - Total,2013Q3,2013Q3,233946
43,43 Sonstiges Ausbaugewerbe,TOT,Beschäftigungsgrad - Total,TOT,Geschlecht - Total,2013Q4,2013Q4,231389
43,43 Sonstiges Ausbaugewerbe,TOT,Beschäftigungsgrad - Total,TOT,Geschlecht - Total,2014Q1,2014Q1,230162
43,43 Sonstiges Ausbaugewerbe,TOT,Beschäftigungsgrad - Total,TOT,Geschlecht - Total,2014Q2,2014Q2,231617
43,43 Sonstiges Ausbaugewerbe,TOT,Beschäftigungsgrad - Total,TOT,Geschlecht - Total,2014Q3,2014Q3,235331
43,43 Sonstiges Ausbaugewerbe,TOT,Beschäftigungsgrad - Total,TOT,Geschlecht - Total,2014Q4,2014Q4,232183
43,43 Sonstiges Ausbaugewerbe,TOT,Beschäftigungsgrad - Total,TOT,Geschlecht - Total,2015Q1,2015Q1,232164
43,43 Sonstiges Ausbaugewerbe,TOT,Beschäftigungsgrad - Total,TOT,Geschlecht - Total,2015Q2,2015Q2,234779
43,43 Sonstiges Ausbaugewerbe,TOT,Beschäftigungsgrad - Total,TOT,Geschlecht - Total,2015Q3,2015Q3,239717
43,43 Sonstiges Ausbaugewerbe,TOT,Beschäftigungsgrad - Total,TOT,Geschlecht - Total,2015Q4,2015Q4,235294
43,43 Sonstiges Ausbaugewerbe,TOT,Beschäftigungsgrad - Total,TOT,Geschlecht - Total,2016Q1,2016Q1,231860
43,43 Sonstiges Ausbaugewerbe,TOT,Beschäftigungsgrad - Total,TOT,Geschlecht - Total,2016Q2,2016Q2,237454
43,43 Sonstiges Ausbaugewerbe,TOT,Beschäftigungsgrad - Total,TOT,Geschlecht - Total,2016Q3,2016Q3,237205
43,43 Sonstiges Ausbaugewerbe,TOT,Beschäftigungsgrad - Total,TOT,Geschlecht - Total,2016Q4,2016Q4,236111
43,43 Sonstiges Ausbaugewerbe,TOT,Beschäftigungsgrad - Total,TOT,Geschlecht - Total,2017Q1,2017Q1,234031
43,43 Sonstiges Ausbaugewerbe,TOT,Beschäftigungsgrad - Total,TOT,Geschlecht - Total,2017Q2,2017Q2,238033
43,43 Sonstiges Ausbaugewerbe,TOT,Beschäftigungsgrad - Total,TOT,Geschlecht - Total,2017Q3,2017Q3,238218
43,43 Sonstiges Ausbaugewerbe,TOT,Beschäftigungsgrad - Total,TOT,Geschlecht - Total,2017Q4,2017Q4,236760
43,43 Sonstiges Ausbaugewerbe,TOT,Beschäftigungsgrad - Total,TOT,Geschlecht - Total,2018Q1,2018Q1,236921
43,43 Sonstiges Ausbaugewerbe,TOT,Beschäftigungsgrad - Total,TOT,Geschlecht - Total,2018Q2,2018Q2,239342
43,43 Sonstiges Ausbaugewerbe,TOT,Beschäftigungsgrad - Total,TOT,Geschlecht - Total,2018Q3,2018Q3,243765
43,43 Sonstiges Ausbaugewerbe,TOT,Beschäftigungsgrad - Total,TOT,Geschlecht - Total,2018Q4,2018Q4,238684
43,43 Sonstiges Ausbaugewerbe,TOT,Beschäftigungsgrad - Total,TOT,Geschlecht - Total,2019Q1,2019Q1,241205
43,43 Sonstiges Ausbaugewerbe,TOT,Beschäftigungsgrad - Total,TOT,Geschlecht - Total,2019Q2,2019Q2,244282
43,43 Sonstiges Ausbaugewerbe,TOT,Beschäftigungsgrad - Total,TOT,Geschlecht - Total,2019Q3,2019Q3,246092
43,43 Sonstiges Ausbaugewerbe,TOT,Beschäftigungsgrad - Total,TOT,Geschlecht - Total,2019Q4,2019Q4,247033
43,43 Sonstiges Ausbaugewerbe,TOT,Beschäftigungsgrad - Total,TOT,Geschlecht - Total,2020Q1,2020Q1,243379
43,43 Sonstiges Ausbaugewerbe,TOT,Beschäftigungsgrad - Total,TOT,Geschlecht - Total,2020Q2,2020Q2,245226
43,43 Sonstiges Ausbaugewerbe,TOT,Beschäftigungsgrad - Total,TOT,Geschlecht - Total,2020Q3,2020Q3,246590
43,43 Sonstiges Ausbaugewerbe,TOT,Beschäftigungsgrad - Total,TOT,Geschlecht - Total,2020Q4,2020Q4,243797
43,43 Sonstiges Ausbaugewerbe,TOT,Beschäftigungsgrad - Total,TOT,Geschlecht - Total,2021Q1,2021Q1,241875
43,43 Sonstiges Ausbaugewerbe,TOT,Beschäftigungsgrad - Total,TOT,Geschlecht - Total,2021Q2,2021Q2,243964
43,43 Sonstiges Ausbaugewerbe,TOT,Beschäftigungsgrad - Total,TOT,Geschlecht - Total,2021Q3,2021Q3,249631
43,43 Sonstiges Ausbaugewerbe,TOT,Beschäftigungsgrad - Total,TOT,Geschlecht - Total,2021Q4,2021Q4,248728
43,43 Sonstiges Ausbaugewerbe,TOT,Beschäftigungsgrad - Total,TOT,Geschlecht - Total,2022Q1,2022Q1,250159
43,43 Sonstiges Ausbaugewerbe,TOT,Beschäftigungsgrad - Total,TOT,Geschlecht - Total,2022Q2,2022Q2,250550
43,43 Sonstiges Ausbaugewerbe,TOT,Beschäftigungsgrad - Total,TOT,Geschlecht - Total,2022Q3,2022Q3,254563
43,43 Sonstiges Ausbaugewerbe,TOT,Beschäftigungsgrad - Total,TOT,Geschlecht - Total,2022Q4,2022Q4,256923
43,43 Sonstiges Ausbaugewerbe,TOT,Beschäftigungsgrad - Total,TOT,Geschlecht - Total,2023Q1,2023Q1,255640
43,43 Sonstiges Ausbaugewerbe,TOT,Beschäftigungsgrad - Total,TOT,Geschlecht - Total,2023Q2,2023Q2,255041
43,43 Sonstiges Ausbaugewerbe,TOT,Beschäftigungsgrad - Total,TOT,Geschlecht - Total,2023Q3,2023Q3,257761
43,43 Sonstiges Ausbaugewerbe,TOT,Beschäftigungsgrad - Total,TOT,Geschlecht - Total,2023Q4,2023Q4,256809
43,43 Sonstiges Ausbaugewerbe,TOT,Beschäftigungsgrad - Total,TOT,Geschlecht - Total,2024Q1,2024Q1,256628
43,43 Sonstiges Ausbaugewerbe,TOT,Beschäftigungsgrad - Total,TOT,Geschlecht - Total,2024Q2,2024Q2,260865
43,43 Sonstiges Ausbaugewerbe,TOT,Beschäftigungsgrad - Total,TOT,Geschlecht - Total,2024Q3,2024Q3,264470
43,43 Sonstiges Ausbaugewerbe,TOT,Beschäftigungsgrad - Total,TOT,Geschlecht - Total,2024Q4,2024Q4,261515
43,43 Sonstiges Ausbaugewerbe,TOT,Beschäftigungsgrad - Total,TOT,Geschlecht - Total,2025Q1,2025Q1,261705
43,43 Sonstiges Ausbaugewerbe,TOT,Beschäftigungsgrad - Total,TOT,Geschlecht - Total,2025Q2,2025Q2,263241
43,43 Sonstiges Ausbaugewerbe,TOT,Beschäftigungsgrad - Total,TOT,Geschlecht - Total,2025Q3,2025Q3,264093
43,43 Sonstiges Ausbaugewerbe,TOT,Beschäftigungsgrad - Total,TOT,Geschlecht - Total,2025Q4,2025Q4,264318
43,43 Sonstiges Ausbaugewerbe,TOT,Beschäftigungsgrad - Total,TOT,Geschlecht - Total,2026Q1,2026Q1,264849
43,43 Sonstiges Ausbaugewerbe,TOT,Beschäftigungsgrad - Total,TOT,Geschlecht - Total,2026Q2,2026Q2,267714
43,43 Sonstiges Ausbaugewerbe,3,"Total,saisonbereinigt",TOT,Geschlecht - Total,1991Q3,1991Q3,224599
43,43 Sonstiges Ausbaugewerbe,3,"Total,saisonbereinigt",TOT,Geschlecht - Total,1991Q4,1991Q4,201903
43,43 Sonstiges Ausbaugewerbe,3,"Total,saisonbereinigt",TOT,Geschlecht - Total,1992Q1,1992Q1,216325
43,43 Sonstiges Ausbaugewerbe,3,"Total,saisonbereinigt",TOT,Geschlecht - Total,1992Q2,1992Q2,217530
43,43 Sonstiges Ausbaugewerbe,3,"Total,saisonbereinigt",TOT,Geschlecht - Total,1992Q3,1992Q3,213700
43,43 Sonstiges Ausbaugewerbe,3,"Total,saisonbereinigt",TOT,Geschlecht - Total,1992Q4,1992Q4,203029
43,43 Sonstiges Ausbaugewerbe,3,"Total,saisonbereinigt",TOT,Geschlecht - Total,1993Q1,1993Q1,200641
43,43 Sonstiges Ausbaugewerbe,3,"Total,saisonbereinigt",TOT,Geschlecht - Total,1993Q2,1993Q2,202450
43,43 Sonstiges Ausbaugewerbe,3,"Total,saisonbereinigt",TOT,Geschlecht - Total,1993Q3,1993Q3,201769
43,43 Sonstiges Ausbaugewerbe,3,"Total,saisonbereinigt",TOT,Geschlecht - Total,1993Q4,1993Q4,199592
43,43 Sonstiges Ausbaugewerbe,3,"Total,saisonbereinigt",TOT,Geschlecht - Total,1994Q1,1994Q1,201958
43,43 Sonstiges Ausbaugewerbe,3,"Total,saisonbereinigt",TOT,Geschlecht - Total,1994Q2,1994Q2,201545
43,43 Sonstiges Ausbaugewerbe,3,"Total,saisonbereinigt",TOT,Geschlecht - Total,1994Q3,1994Q3,204034
43,43 Sonstiges Ausbaugewerbe,3,"Total,saisonbereinigt",TOT,Geschlecht - Total,1994Q4,1994Q4,202678
43,43 Sonstiges Ausbaugewerbe,3,"Total,saisonbereinigt",TOT,Geschlecht - Total,1995Q1,1995Q1,203014
43,43 Sonstiges Ausbaugewerbe,3,"Total,saisonbereinigt",TOT,Geschlecht - Total,1995Q2,1995Q2,199200
43,43 Sonstiges Ausbaugewerbe,3,"Total,saisonbereinigt",TOT,Geschlecht - Total,1995Q3,1995Q3,200494
43,43 Sonstiges Ausbaugewerbe,3,"Total,saisonbereinigt",TOT,Geschlecht - Total,1995Q4,1995Q4,199318
43,43 Sonstiges Ausbaugewerbe,3,"Total,saisonbereinigt",TOT,Geschlecht - Total,1996Q1,1996Q1,195914
43,43 Sonstiges Ausbaugewerbe,3,"Total,saisonbereinigt",TOT,Geschlecht - Total,1996Q2,1996Q2,194025
43,43 Sonstiges Ausbaugewerbe,3,"Total,saisonbereinigt",TOT,Geschlecht - Total,1996Q3,1996Q3,192703
43,43 Sonstiges Ausbaugewerbe,3,"Total,saisonbereinigt",TOT,Geschlecht - Total,1996Q4,1996Q4,191867
43,43 Sonstiges Ausbaugewerbe,3,"Total,saisonbereinigt",TOT,Geschlecht - Total,1997Q1,1997Q1,190504
43,43 Sonstiges Ausbaugewerbe,3,"Total,saisonbereinigt",TOT,Geschlecht - Total,1997Q2,1997Q2,189889
43,43 Sonstiges Ausbaugewerbe,3,"Total,saisonbereinigt",TOT,Geschlecht - Total,1997Q3,1997Q3,186677
43,43 Sonstiges Ausbaugewerbe,3,"Total,saisonbereinigt",TOT,Geschlecht - Total,1997Q4,1997Q4,188557
43,43 Sonstiges Ausbaugewerbe,3,"Total,saisonbereinigt",TOT,Geschlecht - Total,1998Q1,1998Q1,189228
43,43 Sonstiges Ausbaugewerbe,3,"Total,saisonbereinigt",TOT,Geschlecht - Total,1998Q2,1998Q2,190388
43,43 Sonstiges Ausbaugewerbe,3,"Total,saisonbereinigt",TOT,Geschlecht - Total,1998Q3,1998Q3,190517
43,43 Sonstiges Ausbaugewerbe,3,"Total,saisonbereinigt",TOT,Geschlecht - Total,1998Q4,1998Q4,187264
43,43 Sonstiges Ausbaugewerbe,3,"Total,saisonbereinigt",TOT,Geschlecht - Total,1999Q1,1999Q1,187213
43,43 Sonstiges Ausbaugewerbe,3,"Total,saisonbereinigt",TOT,Geschlecht - Total,1999Q2,1999Q2,188551
43,43 Sonstiges Ausbaugewerbe,3,"Total,saisonbereinigt",TOT,Geschlecht - Total,1999Q3,1999Q3,186859
43,43 Sonstiges Ausbaugewerbe,3,"Total,saisonbereinigt",TOT,Geschlecht - Total,1999Q4,1999Q4,188891
43,43 Sonstiges Ausbaugewerbe,3,"Total,saisonbereinigt",TOT,Geschlecht - Total,2000Q1,2000Q1,191327
43,43 Sonstiges Ausbaugewerbe,3,"Total,saisonbereinigt",TOT,Geschlecht - Total,2000Q2,2000Q2,187974
43,43 Sonstiges Ausbaugewerbe,3,"Total,saisonbereinigt",TOT,Geschlecht - Total,2000Q3,2000Q3,189709
43,43 Sonstiges Ausbaugewerbe,3,"Total,saisonbereinigt",TOT,Geschlecht - Total,2000Q4,2000Q4,190363
43,43 Sonstiges Ausbaugewerbe,3,"Total,saisonbereinigt",TOT,Geschlecht - Total,2001Q1,2001Q1,191813
43,43 Sonstiges Ausbaugewerbe,3,"Total,saisonbereinigt",TOT,Geschlecht - Total,2001Q2,2001Q2,192985
43,43 Sonstiges Ausbaugewerbe,3,"Total,saisonbereinigt",TOT,Geschlecht - Total,2001Q3,2001Q3,192665
43,43 Sonstiges Ausbaugewerbe,3,"Total,saisonbereinigt",TOT,Geschlecht - Total,2001Q4,2001Q4,190147
43,43 Sonstiges Ausbaugewerbe,3,"Total,saisonbereinigt",TOT,Geschlecht - Total,2002Q1,2002Q1,192103
43,43 Sonstiges Ausbaugewerbe,3,"Total,saisonbereinigt",TOT,Geschlecht - Total,2002Q2,2002Q2,192415
43,43 Sonstiges Ausbaugewerbe,3,"Total,saisonbereinigt",TOT,Geschlecht - Total,2002Q3,2002Q3,193309
43,43 Sonstiges Ausbaugewerbe,3,"Total,saisonbereinigt",TOT,Geschlecht - Total,2002Q4,2002Q4,193827
43,43 Sonstiges Ausbaugewerbe,3,"Total,saisonbereinigt",TOT,Geschlecht - Total,2003Q1,2003Q1,193319
43,43 Sonstiges Ausbaugewerbe,3,"Total,saisonbereinigt",TOT,Geschlecht - Total,2003Q2,2003Q2,194456
43,43 Sonstiges Ausbaugewerbe,3,"Total,saisonbereinigt",TOT,Geschlecht - Total,2003Q3,2003Q3,193329
43,43 Sonstiges Ausbaugewerbe,3,"Total,saisonbereinigt",TOT,Geschlecht - Total,2003Q4,2003Q4,196147
43,43 Sonstiges Ausbaugewerbe,3,"Total,saisonbereinigt",TOT,Geschlecht - Total,2004Q1,2004Q1,195257
43,43 Sonstiges Ausbaugewerbe,3,"Total,saisonbereinigt",TOT,Geschlecht - Total,2004Q2,2004Q2,192878
43,43 Sonstiges Ausbaugewerbe,3,"Total,saisonbereinigt",TOT,Geschlecht - Total,2004Q3,2004Q3,196278
43,43 Sonstiges Ausbaugewerbe,3,"Total,saisonbereinigt",TOT,Geschlecht - Total,2004Q4,2004Q4,197185
43,43 Sonstiges Ausbaugewerbe,3,"Total,saisonbereinigt",TOT,Geschlecht - Total,2005Q1,2005Q1,194961
43,43 Sonstiges Ausbaugewerbe,3,"Total,saisonbereinigt",TOT,Geschlecht - Total,2005Q2,2005Q2,198972
43,43 Sonstiges Ausbaugewerbe,3,"Total,saisonbereinigt",TOT,Geschlecht - Total,2005Q3,2005Q3,201469
43,43 Sonstiges Ausbaugewerbe,3,"Total,saisonbereinigt",TOT,Geschlecht - Total,2005Q4,2005Q4,201687
43,43 Sonstiges Ausbaugewerbe,3,"Total,saisonbereinigt",TOT,Geschlecht - Total,2006Q1,2006Q1,201033
43,43 Sonstiges Ausbaugewerbe,3,"Total,saisonbereinigt",TOT,Geschlecht - Total,2006Q2,2006Q2,203927
43,43 Sonstiges Ausbaugewerbe,3,"Total,saisonbereinigt",TOT,Geschlecht - Total,2006Q3,2006Q3,205685
43,43 Sonstiges Ausbaugewerbe,3,"Total,saisonbereinigt",TOT,Geschlecht - Total,2006Q4,2006Q4,206997
43,43 Sonstiges Ausbaugewerbe,3,"Total,saisonbereinigt",TOT,Geschlecht - Total,2007Q1,2007Q1,209352
43,43 Sonstiges Ausbaugewerbe,3,"Total,saisonbereinigt",TOT,Geschlecht - Total,2007Q2,2007Q2,211123
43,43 Sonstiges Ausbaugewerbe,3,"Total,saisonbereinigt",TOT,Geschlecht - Total,2007Q3,2007Q3,213058
43,43 Sonstiges Ausbaugewerbe,3,"Total,saisonbereinigt",TOT,Geschlecht - Total,2007Q4,2007Q4,216574
43,43 Sonstiges Ausbaugewerbe,3,"Total,saisonbereinigt",TOT,Geschlecht - Total,2008Q1,2008Q1,217540
43,43 Sonstiges Ausbaugewerbe,3,"Total,saisonbereinigt",TOT,Geschlecht - Total,2008Q2,2008Q2,216112
43,43 Sonstiges Ausbaugewerbe,3,"Total,saisonbereinigt",TOT,Geschlecht - Total,2008Q3,2008Q3,216532
43,43 Sonstiges Ausbaugewerbe,3,"Total,saisonbereinigt",TOT,Geschlecht - Total,2008Q4,2008Q4,214453
43,43 Sonstiges Ausbaugewerbe,3,"Total,saisonbereinigt",TOT,Geschlecht - Total,2009Q1,2009Q1,215305
43,43 Sonstiges Ausbaugewerbe,3,"Total,saisonbereinigt",TOT,Geschlecht - Total,2009Q2,2009Q2,215448
43,43 Sonstiges Ausbaugewerbe,3,"Total,saisonbereinigt",TOT,Geschlecht - Total,2009Q3,2009Q3,216637
43,43 Sonstiges Ausbaugewerbe,3,"Total,saisonbereinigt",TOT,Geschlecht - Total,2009Q4,2009Q4,216260
43,43 Sonstiges Ausbaugewerbe,3,"Total,saisonbereinigt",TOT,Geschlecht - Total,2010Q1,2010Q1,217916
43,43 Sonstiges Ausbaugewerbe,3,"Total,saisonbereinigt",TOT,Geschlecht - Total,2010Q2,2010Q2,219874
43,43 Sonstiges Ausbaugewerbe,3,"Total,saisonbereinigt",TOT,Geschlecht - Total,2010Q3,2010Q3,220063
43,43 Sonstiges Ausbaugewerbe,3,"Total,saisonbereinigt",TOT,Geschlecht - Total,2010Q4,2010Q4,223523
43,43 Sonstiges Ausbaugewerbe,3,"Total,saisonbereinigt",TOT,Geschlecht - Total,2011Q1,2011Q1,222029
43,43 Sonstiges Ausbaugewerbe,3,"Total,saisonbereinigt",TOT,Geschlecht - Total,2011Q2,2011Q2,221861
43,43 Sonstiges Ausbaugewerbe,3,"Total,saisonbereinigt",TOT,Geschlecht - Total,2011Q3,2011Q3,223332
43,43 Sonstiges Ausbaugewerbe,3,"Total,saisonbereinigt",TOT,Geschlecht - Total,2011Q4,2011Q4,226374
43,43 Sonstiges Ausbaugewerbe,3,"Total,saisonbereinigt",TOT,Geschlecht - Total,2012Q1,2012Q1,226748
43,43 Sonstiges Ausbaugewerbe,3,"Total,saisonbereinigt",TOT,Geschlecht - Total,2012Q2,2012Q2,226346
43,43 Sonstiges Ausbaugewerbe,3,"Total,saisonbereinigt",TOT,Geschlecht - Total,2012Q3,2012Q3,229633
43,43 Sonstiges Ausbaugewerbe,3,"Total,saisonbereinigt",TOT,Geschlecht - Total,2012Q4,2012Q4,230683
43,43 Sonstiges Ausbaugewerbe,3,"Total,saisonbereinigt",TOT,Geschlecht - Total,2013Q1,2013Q1,229251
43,43 Sonstiges Ausbaugewerbe,3,"Total,saisonbereinigt",TOT,Geschlecht - Total,2013Q2,2013Q2,229669
43,43 Sonstiges Ausbaugewerbe,3,"Total,saisonbereinigt",TOT,Geschlecht - Total,2013Q3,2013Q3,230621
43,43 Sonstiges Ausbaugewerbe,3,"Total,saisonbereinigt",TOT,Geschlecht - Total,2013Q4,2013Q4,232037
43,43 Sonstiges Ausbaugewerbe,3,"Total,saisonbereinigt",TOT,Geschlecht - Total,2014Q1,2014Q1,232912
43,43 Sonstiges Ausbaugewerbe,3,"Total,saisonbereinigt",TOT,Geschlecht - Total,2014Q2,2014Q2,231464
43,43 Sonstiges Ausbaugewerbe,3,"Total,saisonbereinigt",TOT,Geschlecht - Total,2014Q3,2014Q3,232284
43,43 Sonstiges Ausbaugewerbe,3,"Total,saisonbereinigt",TOT,Geschlecht - Total,2014Q4,2014Q4,232690
43,43 Sonstiges Ausbaugewerbe,3,"Total,saisonbereinigt",TOT,Geschlecht - Total,2015Q1,2015Q1,234753
43,43 Sonstiges Ausbaugewerbe,3,"Total,saisonbereinigt",TOT,Geschlecht - Total,2015Q2,2015Q2,234675
43,43 Sonstiges Ausbaugewerbe,3,"Total,saisonbereinigt",TOT,Geschlecht - Total,2015Q3,2015Q3,236840
43,43 Sonstiges Ausbaugewerbe,3,"Total,saisonbereinigt",TOT,Geschlecht - Total,2015Q4,2015Q4,235723
43,43 Sonstiges Ausbaugewerbe,3,"Total,saisonbereinigt",TOT,Geschlecht - Total,2016Q1,2016Q1,234270
43,43 Sonstiges Ausbaugewerbe,3,"Total,saisonbereinigt",TOT,Geschlecht - Total,2016Q2,2016Q2,237373
43,43 Sonstiges Ausbaugewerbe,3,"Total,saisonbereinigt",TOT,Geschlecht - Total,2016Q3,2016Q3,234579
43,43 Sonstiges Ausbaugewerbe,3,"Total,saisonbereinigt",TOT,Geschlecht - Total,2016Q4,2016Q4,236472
43,43 Sonstiges Ausbaugewerbe,3,"Total,saisonbereinigt",TOT,Geschlecht - Total,2017Q1,2017Q1,236287
43,43 Sonstiges Ausbaugewerbe,3,"Total,saisonbereinigt",TOT,Geschlecht - Total,2017Q2,2017Q2,237980
43,43 Sonstiges Ausbaugewerbe,3,"Total,saisonbereinigt",TOT,Geschlecht - Total,2017Q3,2017Q3,235781
43,43 Sonstiges Ausbaugewerbe,3,"Total,saisonbereinigt",TOT,Geschlecht - Total,2017Q4,2017Q4,237071
43,43 Sonstiges Ausbaugewerbe,3,"Total,saisonbereinigt",TOT,Geschlecht - Total,2018Q1,2018Q1,239013
43,43 Sonstiges Ausbaugewerbe,3,"Total,saisonbereinigt",TOT,Geschlecht - Total,2018Q2,2018Q2,239334
43,43 Sonstiges Ausbaugewerbe,3,"Total,saisonbereinigt",TOT,Geschlecht - Total,2018Q3,2018Q3,241468
43,43 Sonstiges Ausbaugewerbe,3,"Total,saisonbereinigt",TOT,Geschlecht - Total,2018Q4,2018Q4,238922
43,43 Sonstiges Ausbaugewerbe,3,"Total,saisonbereinigt",TOT,Geschlecht - Total,2019Q1,2019Q1,243191
43,43 Sonstiges Ausbaugewerbe,3,"Total,saisonbereinigt",TOT,Geschlecht - Total,2019Q2,2019Q2,244288
43,43 Sonstiges Ausbaugewerbe,3,"Total,saisonbereinigt",TOT,Geschlecht - Total,2019Q3,2019Q3,243971
43,43 Sonstiges Ausbaugewerbe,3,"Total,saisonbereinigt",TOT,Geschlecht - Total,2019Q4,2019Q4,247205
43,43 Sonstiges Ausbaugewerbe,3,"Total,saisonbereinigt",TOT,Geschlecht - Total,2020Q1,2020Q1,245241
43,43 Sonstiges Ausbaugewerbe,3,"Total,saisonbereinigt",TOT,Geschlecht - Total,2020Q2,2020Q2,245273
43,43 Sonstiges Ausbaugewerbe,3,"Total,saisonbereinigt",TOT,Geschlecht - Total,2020Q3,2020Q3,244591
43,43 Sonstiges Ausbaugewerbe,3,"Total,saisonbereinigt",TOT,Geschlecht - Total,2020Q4,2020Q4,243960
43,43 Sonstiges Ausbaugewerbe,3,"Total,saisonbereinigt",TOT,Geschlecht - Total,2021Q1,2021Q1,243559
43,43 Sonstiges Ausbaugewerbe,3,"Total,saisonbereinigt",TOT,Geschlecht - Total,2021Q2,2021Q2,244076
43,43 Sonstiges Ausbaugewerbe,3,"Total,saisonbereinigt",TOT,Geschlecht - Total,2021Q3,2021Q3,247689
43,43 Sonstiges Ausbaugewerbe,3,"Total,saisonbereinigt",TOT,Geschlecht - Total,2021Q4,2021Q4,248924
43,43 Sonstiges Ausbaugewerbe,3,"Total,saisonbereinigt",TOT,Geschlecht - Total,2022Q1,2022Q1,251721
43,43 Sonstiges Ausbaugewerbe,3,"Total,saisonbereinigt",TOT,Geschlecht - Total,2022Q2,2022Q2,250725
43,43 Sonstiges Ausbaugewerbe,3,"Total,saisonbereinigt",TOT,Geschlecht - Total,2022Q3,2022Q3,252691
43,43 Sonstiges Ausbaugewerbe,3,"Total,saisonbereinigt",TOT,Geschlecht - Total,2022Q4,2022Q4,257087
43,43 Sonstiges Ausbaugewerbe,3,"Total,saisonbereinigt",TOT,Geschlecht - Total,2023Q1,2023Q1,257147
43,43 Sonstiges Ausbaugewerbe,3,"Total,saisonbereinigt",TOT,Geschlecht - Total,2023Q2,2023Q2,255235
43,43 Sonstiges Ausbaugewerbe,3,"Total,saisonbereinigt",TOT,Geschlecht - Total,2023Q3,2023Q3,255949
43,43 Sonstiges Ausbaugewerbe,3,"Total,saisonbereinigt",TOT,Geschlecht - Total,2023Q4,2023Q4,256963
43,43 Sonstiges Ausbaugewerbe,3,"Total,saisonbereinigt",TOT,Geschlecht - Total,2024Q1,2024Q1,258071
43,43 Sonstiges Ausbaugewerbe,3,"Total,saisonbereinigt",TOT,Geschlecht - Total,2024Q2,2024Q2,261054
43,43 Sonstiges Ausbaugewerbe,3,"Total,saisonbereinigt",TOT,Geschlecht - Total,2024Q3,2024Q3,262686
43,43 Sonstiges Ausbaugewerbe,3,"Total,saisonbereinigt",TOT,Geschlecht - Total,2024Q4,2024Q4,261680
43,43 Sonstiges Ausbaugewerbe,3,"Total,saisonbereinigt",TOT,Geschlecht - Total,2025Q1,2025Q1,263110
43,43 Sonstiges Ausbaugewerbe,3,"Total,saisonbereinigt",TOT,Geschlecht - Total,2025Q2,2025Q2,263425
43,43 Sonstiges Ausbaugewerbe,3,"Total,saisonbereinigt",TOT,Geschlecht - Total,2025Q3,2025Q3,262350
43,43 Sonstiges Ausbaugewerbe,3,"Total,saisonbereinigt",TOT,Geschlecht - Total,2025Q4,2025Q4,264522
43,43 Sonstiges Ausbaugewerbe,3,"Total,saisonbereinigt",TOT,Geschlecht - Total,2026Q1,2026Q1,266215
43,43 Sonstiges Ausbaugewerbe,3,"Total,saisonbereinigt",TOT,Geschlecht - Total,2026Q2,2026Q2,267866
49-53,49-53 Verkehr und Lagerei,TOT,Beschäftigungsgrad - Total,TOT,Geschlecht - Total,1991Q3,1991Q3,235440
49-53,49-53 Verkehr und Lagerei,TOT,Beschäftigungsgrad - Total,TOT,Geschlecht - Total,1991Q4,1991Q4,235646
49-53,49-53 Verkehr und Lagerei,TOT,Beschäftigungsgrad - Total,TOT,Geschlecht - Total,1992Q1,1992Q1,235036
49-53,49-53 Verkehr und Lagerei,TOT,Beschäftigungsgrad - Total,TOT,Geschlecht - Total,1992Q2,1992Q2,235305
49-53,49-53 Verkehr und Lagerei,TOT,Beschäftigungsgrad - Total,TOT,Geschlecht - Total,1992Q3,1992Q3,229138
49-53,49-53 Verkehr und Lagerei,TOT,Beschäftigungsgrad - Total,TOT,Geschlecht - Total,1992Q4,1992Q4,227843
49-53,49-53 Verkehr und Lagerei,TOT,Beschäftigungsgrad - Total,TOT,Geschlecht - Total,1993Q1,1993Q1,230527
49-53,49-53 Verkehr und Lagerei,TOT,Beschäftigungsgrad - Total,TOT,Geschlecht - Total,1993Q2,1993Q2,227403
49-53,49-53 Verkehr und Lagerei,TOT,Beschäftigungsgrad - Total,TOT,Geschlecht - Total,1993Q3,1993Q3,222926
49-53,49-53 Verkehr und Lagerei,TOT,Beschäftigungsgrad - Total,TOT,Geschlecht - Total,1993Q4,1993Q4,224669
49-53,49-53 Verkehr und Lagerei,TOT,Beschäftigungsgrad - Total,TOT,Geschlecht - Total,1994Q1,1994Q1,221092
49-53,49-53 Verkehr und Lagerei,TOT,Beschäftigungsgrad - Total,TOT,Geschlecht - Total,1994Q2,1994Q2,216949
49-53,49-53 Verkehr und Lagerei,TOT,Beschäftigungsgrad - Total,TOT,Geschlecht - Total,1994Q3,1994Q3,219227
49-53,49-53 Verkehr und Lagerei,TOT,Beschäftigungsgrad - Total,TOT,Geschlecht - Total,1994Q4,1994Q4,220787
49-53,49-53 Verkehr und Lagerei,TOT,Beschäftigungsgrad - Total,TOT,Geschlecht - Total,1995Q1,1995Q1,222753
49-53,49-53 Verkehr und Lagerei,TOT,Beschäftigungsgrad - Total,TOT,Geschlecht - Total,1995Q2,1995Q2,222790
49-53,49-53 Verkehr und Lagerei,TOT,Beschäftigungsgrad - Total,TOT,Geschlecht - Total,1995Q3,1995Q3,222699
49-53,49-53 Verkehr und Lagerei,TOT,Beschäftigungsgrad - Total,TOT,Geschlecht - Total,1995Q4,1995Q4,223552
49-53,49-53 Verkehr und Lagerei,TOT,Beschäftigungsgrad - Total,TOT,Geschlecht - Total,1996Q1,1996Q1,221799
49-53,49-53 Verkehr und Lagerei,TOT,Beschäftigungsgrad - Total,TOT,Geschlecht - Total,1996Q2,1996Q2,221965
49-53,49-53 Verkehr und Lagerei,TOT,Beschäftigungsgrad - Total,TOT,Geschlecht - Total,1996Q3,1996Q3,218121
49-53,49-53 Verkehr und Lagerei,TOT,Beschäftigungsgrad - Total,TOT,Geschlecht - Total,1996Q4,1996Q4,218544
49-53,49-53 Verkehr und Lagerei,TOT,Beschäftigungsgrad - Total,TOT,Geschlecht - Total,1997Q1,1997Q1,217868
49-53,49-53 Verkehr und Lagerei,TOT,Beschäftigungsgrad - Total,TOT,Geschlecht - Total,1997Q2,1997Q2,217363
49-53,49-53 Verkehr und Lagerei,TOT,Beschäftigungsgrad - Total,TOT,Geschlecht - Total,1997Q3,1997Q3,211908
49-53,49-53 Verkehr und Lagerei,TOT,Beschäftigungsgrad - Total,TOT,Geschlecht - Total,1997Q4,1997Q4,214060
49-53,49-53 Verkehr und Lagerei,TOT,Beschäftigungsgrad - Total,TOT,Geschlecht - Total,1998Q1,1998Q1,213287
49-53,49-53 Verkehr und Lagerei,TOT,Beschäftigungsgrad - Total,TOT,Geschlecht - Total,1998Q2,1998Q2,213685
49-53,49-53 Verkehr und Lagerei,TOT,Beschäftigungsgrad - Total,TOT,Geschlecht - Total,1998Q3,1998Q3,214016
49-53,49-53 Verkehr und Lagerei,TOT,Beschäftigungsgrad - Total,TOT,Geschlecht - Total,1998Q4,1998Q4,215808
49-53,49-53 Verkehr und Lagerei,TOT,Beschäftigungsgrad - Total,TOT,Geschlecht - Total,1999Q1,1999Q1,218162
49-53,49-53 Verkehr und Lagerei,TOT,Beschäftigungsgrad - Total,TOT,Geschlecht - Total,1999Q2,1999Q2,219946
49-53,49-53 Verkehr und Lagerei,TOT,Beschäftigungsgrad - Total,TOT,Geschlecht - Total,1999Q3,1999Q3,224609
49-53,49-53 Verkehr und Lagerei,TOT,Beschäftigungsgrad - Total,TOT,Geschlecht - Total,1999Q4,1999Q4,228740
49-53,49-53 Verkehr und Lagerei,TOT,Beschäftigungsgrad - Total,TOT,Geschlecht - Total,2000Q1,2000Q1,232434
49-53,49-53 Verkehr und Lagerei,TOT,Beschäftigungsgrad - Total,TOT,Geschlecht - Total,2000Q2,2000Q2,232321
49-53,49-53 Verkehr und Lagerei,TOT,Beschäftigungsgrad - Total,TOT,Geschlecht - Total,2000Q3,2000Q3,233333
49-53,49-53 Verkehr und Lagerei,TOT,Beschäftigungsgrad - Total,TOT,Geschlecht - Total,2000Q4,2000Q4,238838
49-53,49-53 Verkehr und Lagerei,TOT,Beschäftigungsgrad - Total,TOT,Geschlecht - Total,2001Q1,2001Q1,239116
49-53,49-53 Verkehr und Lagerei,TOT,Beschäftigungsgrad - Total,TOT,Geschlecht - Total,2001Q2,2001Q2,237135
49-53,49-53 Verkehr und Lagerei,TOT,Beschäftigungsgrad - Total,TOT,Geschlecht - Total,2001Q3,2001Q3,238840
49-53,49-53 Verkehr und Lagerei,TOT,Beschäftigungsgrad - Total,TOT,Geschlecht - Total,2001Q4,2001Q4,241279
49-53,49-53 Verkehr und Lagerei,TOT,Beschäftigungsgrad - Total,TOT,Geschlecht - Total,2002Q1,2002Q1,234631
49-53,49-53 Verkehr und Lagerei,TOT,Beschäftigungsgrad - Total,TOT,Geschlecht - Total,2002Q2,2002Q2,234507
49-53,49-53 Verkehr und Lagerei,TOT,Beschäftigungsgrad - Total,TOT,Geschlecht - Total,2002Q3,2002Q3,236479
49-53,49-53 Verkehr und Lagerei,TOT,Beschäftigungsgrad - Total,TOT,Geschlecht - Total,2002Q4,2002Q4,234499
49-53,49-53 Verkehr und Lagerei,TOT,Beschäftigungsgrad - Total,TOT,Geschlecht - Total,2003Q1,2003Q1,232583
49-53,49-53 Verkehr und Lagerei,TOT,Beschäftigungsgrad - Total,TOT,Geschlecht - Total,2003Q2,2003Q2,229772
49-53,49-53 Verkehr und Lagerei,TOT,Beschäftigungsgrad - Total,TOT,Geschlecht - Total,2003Q3,2003Q3,231188
49-53,49-53 Verkehr und Lagerei,TOT,Beschäftigungsgrad - Total,TOT,Geschlecht - Total,2003Q4,2003Q4,230564
49-53,49-53 Verkehr und Lagerei,TOT,Beschäftigungsgrad - Total,TOT,Geschlecht - Total,2004Q1,2004Q1,233713
49-53,49-53 Verkehr und Lagerei,TOT,Beschäftigungsgrad - Total,TOT,Geschlecht - Total,2004Q2,2004Q2,229118
49-53,49-53 Verkehr und Lagerei,TOT,Beschäftigungsgrad - Total,TOT,Geschlecht - Total,2004Q3,2004Q3,229722
49-53,49-53 Verkehr und Lagerei,TOT,Beschäftigungsgrad - Total,TOT,Geschlecht - Total,2004Q4,2004Q4,232229
49-53,49-53 Verkehr und Lagerei,TOT,Beschäftigungsgrad - Total,TOT,Geschlecht - Total,2005Q1,2005Q1,231408
49-53,49-53 Verkehr und Lagerei,TOT,Beschäftigungsgrad - Total,TOT,Geschlecht - Total,2005Q2,2005Q2,227200
49-53,49-53 Verkehr und Lagerei,TOT,Beschäftigungsgrad - Total,TOT,Geschlecht - Total,2005Q3,2005Q3,229183
49-53,49-53 Verkehr und Lagerei,TOT,Beschäftigungsgrad - Total,TOT,Geschlecht - Total,2005Q4,2005Q4,231110
49-53,49-53 Verkehr und Lagerei,TOT,Beschäftigungsgrad - Total,TOT,Geschlecht - Total,2006Q1,2006Q1,230903
49-53,49-53 Verkehr und Lagerei,TOT,Beschäftigungsgrad - Total,TOT,Geschlecht - Total,2006Q2,2006Q2,227738
49-53,49-53 Verkehr und Lagerei,TOT,Beschäftigungsgrad - Total,TOT,Geschlecht - Total,2006Q3,2006Q3,230494
49-53,49-53 Verkehr und Lagerei,TOT,Beschäftigungsgrad - Total,TOT,Geschlecht - Total,2006Q4,2006Q4,234783
49-53,49-53 Verkehr und Lagerei,TOT,Beschäftigungsgrad - Total,TOT,Geschlecht - Total,2007Q1,2007Q1,235105
49-53,49-53 Verkehr und Lagerei,TOT,Beschäftigungsgrad - Total,TOT,Geschlecht - Total,2007Q2,2007Q2,232638
49-53,49-53 Verkehr und Lagerei,TOT,Beschäftigungsgrad - Total,TOT,Geschlecht - Total,2007Q3,2007Q3,234648
49-53,49-53 Verkehr und Lagerei,TOT,Beschäftigungsgrad - Total,TOT,Geschlecht - Total,2007Q4,2007Q4,237802
49-53,49-53 Verkehr und Lagerei,TOT,Beschäftigungsgrad - Total,TOT,Geschlecht - Total,2008Q1,2008Q1,240510
49-53,49-53 Verkehr und Lagerei,TOT,Beschäftigungsgrad - Total,TOT,Geschlecht - Total,2008Q2,2008Q2,239020
49-53,49-53 Verkehr und Lagerei,TOT,Beschäftigungsgrad - Total,TOT,Geschlecht - Total,2008Q3,2008Q3,240663
49-53,49-53 Verkehr und Lagerei,TOT,Beschäftigungsgrad - Total,TOT,Geschlecht - Total,2008Q4,2008Q4,241431
49-53,49-53 Verkehr und Lagerei,TOT,Beschäftigungsgrad - Total,TOT,Geschlecht - Total,2009Q1,2009Q1,240413
49-53,49-53 Verkehr und Lagerei,TOT,Beschäftigungsgrad - Total,TOT,Geschlecht - Total,2009Q2,2009Q2,233982
49-53,49-53 Verkehr und Lagerei,TOT,Beschäftigungsgrad - Total,TOT,Geschlecht - Total,2009Q3,2009Q3,232859
49-53,49-53 Verkehr und Lagerei,TOT,Beschäftigungsgrad - Total,TOT,Geschlecht - Total,2009Q4,2009Q4,232915
49-53,49-53 Verkehr und Lagerei,TOT,Beschäftigungsgrad - Total,TOT,Geschlecht - Total,2010Q1,2010Q1,233764
49-53,49-53 Verkehr und Lagerei,TOT,Beschäftigungsgrad - Total,TOT,Geschlecht - Total,2010Q2,2010Q2,230843
49-53,49-53 Verkehr und Lagerei,TOT,Beschäftigungsgrad - Total,TOT,Geschlecht - Total,2010Q3,2010Q3,232195
49-53,49-53 Verkehr und Lagerei,TOT,Beschäftigungsgrad - Total,TOT,Geschlecht - Total,2010Q4,2010Q4,235226
49-53,49-53 Verkehr und Lagerei,TOT,Beschäftigungsgrad - Total,TOT,Geschlecht - Total,2011Q1,2011Q1,238727
49-53,49-53 Verkehr und Lagerei,TOT,Beschäftigungsgrad - Total,TOT,Geschlecht - Total,2011Q2,2011Q2,232818
49-53,49-53 Verkehr und Lagerei,TOT,Beschäftigungsgrad - Total,TOT,Geschlecht - Total,2011Q3,2011Q3,235084
49-53,49-53 Verkehr und Lagerei,TOT,Beschäftigungsgrad - Total,TOT,Geschlecht - Total,2011Q4,2011Q4,236587
49-53,49-53 Verkehr und Lagerei,TOT,Beschäftigungsgrad - Total,TOT,Geschlecht - Total,2012Q1,2012Q1,235984
49-53,49-53 Verkehr und Lagerei,TOT,Beschäftigungsgrad - Total,TOT,Geschlecht - Total,2012Q2,2012Q2,234196
49-53,49-53 Verkehr und Lagerei,TOT,Beschäftigungsgrad - Total,TOT,Geschlecht - Total,2012Q3,2012Q3,237079
49-53,49-53 Verkehr und Lagerei,TOT,Beschäftigungsgrad - Total,TOT,Geschlecht - Total,2012Q4,2012Q4,240743
49-53,49-53 Verkehr und Lagerei,TOT,Beschäftigungsgrad - Total,TOT,Geschlecht - Total,2013Q1,2013Q1,240821
49-53,49-53 Verkehr und Lagerei,TOT,Beschäftigungsgrad - Total,TOT,Geschlecht - Total,2013Q2,2013Q2,238194
49-53,49-53 Verkehr und Lagerei,TOT,Beschäftigungsgrad - Total,TOT,Geschlecht - Total,2013Q3,2013Q3,238788
49-53,49-53 Verkehr und Lagerei,TOT,Beschäftigungsgrad - Total,TOT,Geschlecht - Total,2013Q4,2013Q4,240934
49-53,49-53 Verkehr und Lagerei,TOT,Beschäftigungsgrad - Total,TOT,Geschlecht - Total,2014Q1,2014Q1,243191
49-53,49-53 Verkehr und Lagerei,TOT,Beschäftigungsgrad - Total,TOT,Geschlecht - Total,2014Q2,2014Q2,239711
49-53,49-53 Verkehr und Lagerei,TOT,Beschäftigungsgrad - Total,TOT,Geschlecht - Total,2014Q3,2014Q3,240681
49-53,49-53 Verkehr und Lagerei,TOT,Beschäftigungsgrad - Total,TOT,Geschlecht - Total,2014Q4,2014Q4,242675
49-53,49-53 Verkehr und Lagerei,TOT,Beschäftigungsgrad - Total,TOT,Geschlecht - Total,2015Q1,2015Q1,244678
49-53,49-53 Verkehr und Lagerei,TOT,Beschäftigungsgrad - Total,TOT,Geschlecht - Total,2015Q2,2015Q2,239572
49-53,49-53 Verkehr und Lagerei,TOT,Beschäftigungsgrad - Total,TOT,Geschlecht - Total,2015Q3,2015Q3,241804
49-53,49-53 Verkehr und Lagerei,TOT,Beschäftigungsgrad - Total,TOT,Geschlecht - Total,2015Q4,2015Q4,242745
49-53,49-53 Verkehr und Lagerei,TOT,Beschäftigungsgrad - Total,TOT,Geschlecht - Total,2016Q1,2016Q1,241716
49-53,49-53 Verkehr und Lagerei,TOT,Beschäftigungsgrad - Total,TOT,Geschlecht - Total,2016Q2,2016Q2,238752
49-53,49-53 Verkehr und Lagerei,TOT,Beschäftigungsgrad - Total,TOT,Geschlecht - Total,2016Q3,2016Q3,242879
49-53,49-53 Verkehr und Lagerei,TOT,Beschäftigungsgrad - Total,TOT,Geschlecht - Total,2016Q4,2016Q4,245690
49-53,49-53 Verkehr und Lagerei,TOT,Beschäftigungsgrad - Total,TOT,Geschlecht - Total,2017Q1,2017Q1,244205
49-53,49-53 Verkehr und Lagerei,TOT,Beschäftigungsgrad - Total,TOT,Geschlecht - Total,2017Q2,2017Q2,242920
49-53,49-53 Verkehr und Lagerei,TOT,Beschäftigungsgrad - Total,TOT,Geschlecht - Total,2017Q3,2017Q3,241441
49-53,49-53 Verkehr und Lagerei,TOT,Beschäftigungsgrad - Total,TOT,Geschlecht - Total,2017Q4,2017Q4,251293
49-53,49-53 Verkehr und Lagerei,TOT,Beschäftigungsgrad - Total,TOT,Geschlecht - Total,2018Q1,2018Q1,252281
49-53,49-53 Verkehr und Lagerei,TOT,Beschäftigungsgrad - Total,TOT,Geschlecht - Total,2018Q2,2018Q2,247541
49-53,49-53 Verkehr und Lagerei,TOT,Beschäftigungsgrad - Total,TOT,Geschlecht - Total,2018Q3,2018Q3,247001
49-53,49-53 Verkehr und Lagerei,TOT,Beschäftigungsgrad - Total,TOT,Geschlecht - Total,2018Q4,2018Q4,251664
49-53,49-53 Verkehr und Lagerei,TOT,Beschäftigungsgrad - Total,TOT,Geschlecht - Total,2019Q1,2019Q1,254741
49-53,49-53 Verkehr und Lagerei,TOT,Beschäftigungsgrad - Total,TOT,Geschlecht - Total,2019Q2,2019Q2,251172
49-53,49-53 Verkehr und Lagerei,TOT,Beschäftigungsgrad - Total,TOT,Geschlecht - Total,2019Q3,2019Q3,251108
49-53,49-53 Verkehr und Lagerei,TOT,Beschäftigungsgrad - Total,TOT,Geschlecht - Total,2019Q4,2019Q4,257223
49-53,49-53 Verkehr und Lagerei,TOT,Beschäftigungsgrad - Total,TOT,Geschlecht - Total,2020Q1,2020Q1,258414
49-53,49-53 Verkehr und Lagerei,TOT,Beschäftigungsgrad - Total,TOT,Geschlecht - Total,2020Q2,2020Q2,251187
49-53,49-53 Verkehr und Lagerei,TOT,Beschäftigungsgrad - Total,TOT,Geschlecht - Total,2020Q3,2020Q3,249225
49-53,49-53 Verkehr und Lagerei,TOT,Beschäftigungsgrad - Total,TOT,Geschlecht - Total,2020Q4,2020Q4,256378
49-53,49-53 Verkehr und Lagerei,TOT,Beschäftigungsgrad - Total,TOT,Geschlecht - Total,2021Q1,2021Q1,251388
49-53,49-53 Verkehr und Lagerei,TOT,Beschäftigungsgrad - Total,TOT,Geschlecht - Total,2021Q2,2021Q2,245886
49-53,49-53 Verkehr und Lagerei,TOT,Beschäftigungsgrad - Total,TOT,Geschlecht - Total,2021Q3,2021Q3,248108
49-53,49-53 Verkehr und Lagerei,TOT,Beschäftigungsgrad - Total,TOT,Geschlecht - Total,2021Q4,2021Q4,254825
49-53,49-53 Verkehr und Lagerei,TOT,Beschäftigungsgrad - Total,TOT,Geschlecht - Total,2022Q1,2022Q1,255036
49-53,49-53 Verkehr und Lagerei,TOT,Beschäftigungsgrad - Total,TOT,Geschlecht - Total,2022Q2,2022Q2,252067
49-53,49-53 Verkehr und Lagerei,TOT,Beschäftigungsgrad - Total,TOT,Geschlecht - Total,2022Q3,2022Q3,253870
49-53,49-53 Verkehr und Lagerei,TOT,Beschäftigungsgrad - Total,TOT,Geschlecht - Total,2022Q4,2022Q4,262203
49-53,49-53 Verkehr und Lagerei,TOT,Beschäftigungsgrad - Total,TOT,Geschlecht - Total,2023Q1,2023Q1,263107
49-53,49-53 Verkehr und Lagerei,TOT,Beschäftigungsgrad - Total,TOT,Geschlecht - Total,2023Q2,2023Q2,257872
49-53,49-53 Verkehr und Lagerei,TOT,Beschäftigungsgrad - Total,TOT,Geschlecht - Total,2023Q3,2023Q3,260614
49-53,49-53 Verkehr und Lagerei,TOT,Beschäftigungsgrad - Total,TOT,Geschlecht - Total,2023Q4,2023Q4,266377
49-53,49-53 Verkehr und Lagerei,TOT,Beschäftigungsgrad - Total,TOT,Geschlecht - Total,2024Q1,2024Q1,267598
49-53,49-53 Verkehr und Lagerei,TOT,Beschäftigungsgrad - Total,TOT,Geschlecht - Total,2024Q2,2024Q2,267166
49-53,49-53 Verkehr und Lagerei,TOT,Beschäftigungsgrad - Total,TOT,Geschlecht - Total,2024Q3,2024Q3,270197
49-53,49-53 Verkehr und Lagerei,TOT,Beschäftigungsgrad - Total,TOT,Geschlecht - Total,2024Q4,2024Q4,274709
49-53,49-53 Verkehr und Lagerei,TOT,Beschäftigungsgrad - Total,TOT,Geschlecht - Total,2025Q1,2025Q1,274316
49-53,49-53 Verkehr und Lagerei,TOT,Beschäftigungsgrad - Total,TOT,Geschlecht - Total,2025Q2,2025Q2,268824
49-53,49-53 Verkehr und Lagerei,TOT,Beschäftigungsgrad - Total,TOT,Geschlecht - Total,2025Q3,2025Q3,270834
49-53,49-53 Verkehr und Lagerei,TOT,Beschäftigungsgrad - Total,TOT,Geschlecht - Total,2025Q4,2025Q4,272100
49-53,49-53 Verkehr und Lagerei,TOT,Beschäftigungsgrad - Total,TOT,Geschlecht - Total,2026Q1,2026Q1,275101
49-53,49-53 Verkehr und Lagerei,TOT,Beschäftigungsgrad - Total,TOT,Geschlecht - Total,2026Q2,2026Q2,275391
49-53,49-53 Verkehr und Lagerei,3,"Total,saisonbereinigt",TOT,Geschlecht - Total,1991Q3,1991Q3,236872
49-53,49-53 Verkehr und Lagerei,3,"Total,saisonbereinigt",TOT,Geschlecht - Total,1991Q4,1991Q4,235450
49-53,49-53 Verkehr und Lagerei,3,"Total,saisonbereinigt",TOT,Geschlecht - Total,1992Q1,1992Q1,234280
49-53,49-53 Verkehr und Lagerei,3,"Total,saisonbereinigt",TOT,Geschlecht - Total,1992Q2,1992Q2,234857
49-53,49-53 Verkehr und Lagerei,3,"Total,saisonbereinigt",TOT,Geschlecht - Total,1992Q3,1992Q3,230527
49-53,49-53 Verkehr und Lagerei,3,"Total,saisonbereinigt",TOT,Geschlecht - Total,1992Q4,1992Q4,227589
49-53,49-53 Verkehr und Lagerei,3,"Total,saisonbereinigt",TOT,Geschlecht - Total,1993Q1,1993Q1,229845
49-53,49-53 Verkehr und Lagerei,3,"Total,saisonbereinigt",TOT,Geschlecht - Total,1993Q2,1993Q2,226997
49-53,49-53 Verkehr und Lagerei,3,"Total,saisonbereinigt",TOT,Geschlecht - Total,1993Q3,1993Q3,224261
49-53,49-53 Verkehr und Lagerei,3,"Total,saisonbereinigt",TOT,Geschlecht - Total,1993Q4,1993Q4,224347
49-53,49-53 Verkehr und Lagerei,3,"Total,saisonbereinigt",TOT,Geschlecht - Total,1994Q1,1994Q1,220470
49-53,49-53 Verkehr und Lagerei,3,"Total,saisonbereinigt",TOT,Geschlecht - Total,1994Q2,1994Q2,216655
49-53,49-53 Verkehr und Lagerei,3,"Total,saisonbereinigt",TOT,Geschlecht - Total,1994Q3,1994Q3,220460
49-53,49-53 Verkehr und Lagerei,3,"Total,saisonbereinigt",TOT,Geschlecht - Total,1994Q4,1994Q4,220430
49-53,49-53 Verkehr und Lagerei,3,"Total,saisonbereinigt",TOT,Geschlecht - Total,1995Q1,1995Q1,222133
49-53,49-53 Verkehr und Lagerei,3,"Total,saisonbereinigt",TOT,Geschlecht - Total,1995Q2,1995Q2,222611
49-53,49-53 Verkehr und Lagerei,3,"Total,saisonbereinigt",TOT,Geschlecht - Total,1995Q3,1995Q3,223874
49-53,49-53 Verkehr und Lagerei,3,"Total,saisonbereinigt",TOT,Geschlecht - Total,1995Q4,1995Q4,223133
49-53,49-53 Verkehr und Lagerei,3,"Total,saisonbereinigt",TOT,Geschlecht - Total,1996Q1,1996Q1,221155
49-53,49-53 Verkehr und Lagerei,3,"Total,saisonbereinigt",TOT,Geschlecht - Total,1996Q2,1996Q2,221986
49-53,49-53 Verkehr und Lagerei,3,"Total,saisonbereinigt",TOT,Geschlecht - Total,1996Q3,1996Q3,219178
49-53,49-53 Verkehr und Lagerei,3,"Total,saisonbereinigt",TOT,Geschlecht - Total,1996Q4,1996Q4,218017
49-53,49-53 Verkehr und Lagerei,3,"Total,saisonbereinigt",TOT,Geschlecht - Total,1997Q1,1997Q1,217249
49-53,49-53 Verkehr und Lagerei,3,"Total,saisonbereinigt",TOT,Geschlecht - Total,1997Q2,1997Q2,217612
49-53,49-53 Verkehr und Lagerei,3,"Total,saisonbereinigt",TOT,Geschlecht - Total,1997Q3,1997Q3,212793
49-53,49-53 Verkehr und Lagerei,3,"Total,saisonbereinigt",TOT,Geschlecht - Total,1997Q4,1997Q4,213452
49-53,49-53 Verkehr und Lagerei,3,"Total,saisonbereinigt",TOT,Geschlecht - Total,1998Q1,1998Q1,212698
49-53,49-53 Verkehr und Lagerei,3,"Total,saisonbereinigt",TOT,Geschlecht - Total,1998Q2,1998Q2,214151
49-53,49-53 Verkehr und Lagerei,3,"Total,saisonbereinigt",TOT,Geschlecht - Total,1998Q3,1998Q3,214746
49-53,49-53 Verkehr und Lagerei,3,"Total,saisonbereinigt",TOT,Geschlecht - Total,1998Q4,1998Q4,215137
49-53,49-53 Verkehr und Lagerei,3,"Total,saisonbereinigt",TOT,Geschlecht - Total,1999Q1,1999Q1,217567
49-53,49-53 Verkehr und Lagerei,3,"Total,saisonbereinigt",TOT,Geschlecht - Total,1999Q2,1999Q2,220606
49-53,49-53 Verkehr und Lagerei,3,"Total,saisonbereinigt",TOT,Geschlecht - Total,1999Q3,1999Q3,225253
49-53,49-53 Verkehr und Lagerei,3,"Total,saisonbereinigt",TOT,Geschlecht - Total,1999Q4,1999Q4,228005
49-53,49-53 Verkehr und Lagerei,3,"Total,saisonbereinigt",TOT,Geschlecht - Total,2000Q1,2000Q1,231714
49-53,49-53 Verkehr und Lagerei,3,"Total,saisonbereinigt",TOT,Geschlecht - Total,2000Q2,2000Q2,233243
49-53,49-53 Verkehr und Lagerei,3,"Total,saisonbereinigt",TOT,Geschlecht - Total,2000Q3,2000Q3,233928
49-53,49-53 Verkehr und Lagerei,3,"Total,saisonbereinigt",TOT,Geschlecht - Total,2000Q4,2000Q4,237998
49-53,49-53 Verkehr und Lagerei,3,"Total,saisonbereinigt",TOT,Geschlecht - Total,2001Q1,2001Q1,238273
49-53,49-53 Verkehr und Lagerei,3,"Total,saisonbereinigt",TOT,Geschlecht - Total,2001Q2,2001Q2,238341
49-53,49-53 Verkehr und Lagerei,3,"Total,saisonbereinigt",TOT,Geschlecht - Total,2001Q3,2001Q3,239368
49-53,49-53 Verkehr und Lagerei,3,"Total,saisonbereinigt",TOT,Geschlecht - Total,2001Q4,2001Q4,240354
49-53,49-53 Verkehr und Lagerei,3,"Total,saisonbereinigt",TOT,Geschlecht - Total,2002Q1,2002Q1,233695
49-53,49-53 Verkehr und Lagerei,3,"Total,saisonbereinigt",TOT,Geschlecht - Total,2002Q2,2002Q2,235956
49-53,49-53 Verkehr und Lagerei,3,"Total,saisonbereinigt",TOT,Geschlecht - Total,2002Q3,2002Q3,236925
49-53,49-53 Verkehr und Lagerei,3,"Total,saisonbereinigt",TOT,Geschlecht - Total,2002Q4,2002Q4,233541
49-53,49-53 Verkehr und Lagerei,3,"Total,saisonbereinigt",TOT,Geschlecht - Total,2003Q1,2003Q1,231574
49-53,49-53 Verkehr und Lagerei,3,"Total,saisonbereinigt",TOT,Geschlecht - Total,2003Q2,2003Q2,231356
49-53,49-53 Verkehr und Lagerei,3,"Total,saisonbereinigt",TOT,Geschlecht - Total,2003Q3,2003Q3,231617
49-53,49-53 Verkehr und Lagerei,3,"Total,saisonbereinigt",TOT,Geschlecht - Total,2003Q4,2003Q4,229558
49-53,49-53 Verkehr und Lagerei,3,"Total,saisonbereinigt",TOT,Geschlecht - Total,2004Q1,2004Q1,232615
49-53,49-53 Verkehr und Lagerei,3,"Total,saisonbereinigt",TOT,Geschlecht - Total,2004Q2,2004Q2,230836
49-53,49-53 Verkehr und Lagerei,3,"Total,saisonbereinigt",TOT,Geschlecht - Total,2004Q3,2004Q3,230137
49-53,49-53 Verkehr und Lagerei,3,"Total,saisonbereinigt",TOT,Geschlecht - Total,2004Q4,2004Q4,231198
49-53,49-53 Verkehr und Lagerei,3,"Total,saisonbereinigt",TOT,Geschlecht - Total,2005Q1,2005Q1,230231
49-53,49-53 Verkehr und Lagerei,3,"Total,saisonbereinigt",TOT,Geschlecht - Total,2005Q2,2005Q2,228995
49-53,49-53 Verkehr und Lagerei,3,"Total,saisonbereinigt",TOT,Geschlecht - Total,2005Q3,2005Q3,229611
49-53,49-53 Verkehr und Lagerei,3,"Total,saisonbereinigt",TOT,Geschlecht - Total,2005Q4,2005Q4,230092
49-53,49-53 Verkehr und Lagerei,3,"Total,saisonbereinigt",TOT,Geschlecht - Total,2006Q1,2006Q1,229621
49-53,49-53 Verkehr und Lagerei,3,"Total,saisonbereinigt",TOT,Geschlecht - Total,2006Q2,2006Q2,229602
49-53,49-53 Verkehr und Lagerei,3,"Total,saisonbereinigt",TOT,Geschlecht - Total,2006Q3,2006Q3,230964
49-53,49-53 Verkehr und Lagerei,3,"Total,saisonbereinigt",TOT,Geschlecht - Total,2006Q4,2006Q4,233754
49-53,49-53 Verkehr und Lagerei,3,"Total,saisonbereinigt",TOT,Geschlecht - Total,2007Q1,2007Q1,233708
49-53,49-53 Verkehr und Lagerei,3,"Total,saisonbereinigt",TOT,Geschlecht - Total,2007Q2,2007Q2,234556
49-53,49-53 Verkehr und Lagerei,3,"Total,saisonbereinigt",TOT,Geschlecht - Total,2007Q3,2007Q3,235239
49-53,49-53 Verkehr und Lagerei,3,"Total,saisonbereinigt",TOT,Geschlecht - Total,2007Q4,2007Q4,236684
49-53,49-53 Verkehr und Lagerei,3,"Total,saisonbereinigt",TOT,Geschlecht - Total,2008Q1,2008Q1,239056
49-53,49-53 Verkehr und Lagerei,3,"Total,saisonbereinigt",TOT,Geschlecht - Total,2008Q2,2008Q2,240988
49-53,49-53 Verkehr und Lagerei,3,"Total,saisonbereinigt",TOT,Geschlecht - Total,2008Q3,2008Q3,241356
49-53,49-53 Verkehr und Lagerei,3,"Total,saisonbereinigt",TOT,Geschlecht - Total,2008Q4,2008Q4,240237
49-53,49-53 Verkehr und Lagerei,3,"Total,saisonbereinigt",TOT,Geschlecht - Total,2009Q1,2009Q1,238950
49-53,49-53 Verkehr und Lagerei,3,"Total,saisonbereinigt",TOT,Geschlecht - Total,2009Q2,2009Q2,235897
49-53,49-53 Verkehr und Lagerei,3,"Total,saisonbereinigt",TOT,Geschlecht - Total,2009Q3,2009Q3,233586
49-53,49-53 Verkehr und Lagerei,3,"Total,saisonbereinigt",TOT,Geschlecht - Total,2009Q4,2009Q4,231747
49-53,49-53 Verkehr und Lagerei,3,"Total,saisonbereinigt",TOT,Geschlecht - Total,2010Q1,2010Q1,232297
49-53,49-53 Verkehr und Lagerei,3,"Total,saisonbereinigt",TOT,Geschlecht - Total,2010Q2,2010Q2,232756
49-53,49-53 Verkehr und Lagerei,3,"Total,saisonbereinigt",TOT,Geschlecht - Total,2010Q3,2010Q3,232929
49-53,49-53 Verkehr und Lagerei,3,"Total,saisonbereinigt",TOT,Geschlecht - Total,2010Q4,2010Q4,234084
49-53,49-53 Verkehr und Lagerei,3,"Total,saisonbereinigt",TOT,Geschlecht - Total,2011Q1,2011Q1,237134
49-53,49-53 Verkehr und Lagerei,3,"Total,saisonbereinigt",TOT,Geschlecht - Total,2011Q2,2011Q2,234810
49-53,49-53 Verkehr und Lagerei,3,"Total,saisonbereinigt",TOT,Geschlecht - Total,2011Q3,2011Q3,235842
49-53,49-53 Verkehr und Lagerei,3,"Total,saisonbereinigt",TOT,Geschlecht - Total,2011Q4,2011Q4,235425
49-53,49-53 Verkehr und Lagerei,3,"Total,saisonbereinigt",TOT,Geschlecht - Total,2012Q1,2012Q1,234341
49-53,49-53 Verkehr und Lagerei,3,"Total,saisonbereinigt",TOT,Geschlecht - Total,2012Q2,2012Q2,236277
49-53,49-53 Verkehr und Lagerei,3,"Total,saisonbereinigt",TOT,Geschlecht - Total,2012Q3,2012Q3,237881
49-53,49-53 Verkehr und Lagerei,3,"Total,saisonbereinigt",TOT,Geschlecht - Total,2012Q4,2012Q4,239479
49-53,49-53 Verkehr und Lagerei,3,"Total,saisonbereinigt",TOT,Geschlecht - Total,2013Q1,2013Q1,239130
49-53,49-53 Verkehr und Lagerei,3,"Total,saisonbereinigt",TOT,Geschlecht - Total,2013Q2,2013Q2,240344
49-53,49-53 Verkehr und Lagerei,3,"Total,saisonbereinigt",TOT,Geschlecht - Total,2013Q3,2013Q3,239694
49-53,49-53 Verkehr und Lagerei,3,"Total,saisonbereinigt",TOT,Geschlecht - Total,2013Q4,2013Q4,239548
49-53,49-53 Verkehr und Lagerei,3,"Total,saisonbereinigt",TOT,Geschlecht - Total,2014Q1,2014Q1,241469
49-53,49-53 Verkehr und Lagerei,3,"Total,saisonbereinigt",TOT,Geschlecht - Total,2014Q2,2014Q2,241893
49-53,49-53 Verkehr und Lagerei,3,"Total,saisonbereinigt",TOT,Geschlecht - Total,2014Q3,2014Q3,241739
49-53,49-53 Verkehr und Lagerei,3,"Total,saisonbereinigt",TOT,Geschlecht - Total,2014Q4,2014Q4,241139
49-53,49-53 Verkehr und Lagerei,3,"Total,saisonbereinigt",TOT,Geschlecht - Total,2015Q1,2015Q1,242903
49-53,49-53 Verkehr und Lagerei,3,"Total,saisonbereinigt",TOT,Geschlecht - Total,2015Q2,2015Q2,241799
49-53,49-53 Verkehr und Lagerei,3,"Total,saisonbereinigt",TOT,Geschlecht - Total,2015Q3,2015Q3,243007
49-53,49-53 Verkehr und Lagerei,3,"Total,saisonbereinigt",TOT,Geschlecht - Total,2015Q4,2015Q4,241081
49-53,49-53 Verkehr und Lagerei,3,"Total,saisonbereinigt",TOT,Geschlecht - Total,2016Q1,2016Q1,239880
49-53,49-53 Verkehr und Lagerei,3,"Total,saisonbereinigt",TOT,Geschlecht - Total,2016Q2,2016Q2,241060
49-53,49-53 Verkehr und Lagerei,3,"Total,saisonbereinigt",TOT,Geschlecht - Total,2016Q3,2016Q3,244216
49-53,49-53 Verkehr und Lagerei,3,"Total,saisonbereinigt",TOT,Geschlecht - Total,2016Q4,2016Q4,243871
49-53,49-53 Verkehr und Lagerei,3,"Total,saisonbereinigt",TOT,Geschlecht - Total,2017Q1,2017Q1,242266
49-53,49-53 Verkehr und Lagerei,3,"Total,saisonbereinigt",TOT,Geschlecht - Total,2017Q2,2017Q2,245361
49-53,49-53 Verkehr und Lagerei,3,"Total,saisonbereinigt",TOT,Geschlecht - Total,2017Q3,2017Q3,242909
49-53,49-53 Verkehr und Lagerei,3,"Total,saisonbereinigt",TOT,Geschlecht - Total,2017Q4,2017Q4,249279
49-53,49-53 Verkehr und Lagerei,3,"Total,saisonbereinigt",TOT,Geschlecht - Total,2018Q1,2018Q1,250213
49-53,49-53 Verkehr und Lagerei,3,"Total,saisonbereinigt",TOT,Geschlecht - Total,2018Q2,2018Q2,250112
49-53,49-53 Verkehr und Lagerei,3,"Total,saisonbereinigt",TOT,Geschlecht - Total,2018Q3,2018Q3,248629
49-53,49-53 Verkehr und Lagerei,3,"Total,saisonbereinigt",TOT,Geschlecht - Total,2018Q4,2018Q4,249481
49-53,49-53 Verkehr und Lagerei,3,"Total,saisonbereinigt",TOT,Geschlecht - Total,2019Q1,2019Q1,252662
49-53,49-53 Verkehr und Lagerei,3,"Total,saisonbereinigt",TOT,Geschlecht - Total,2019Q2,2019Q2,253791
49-53,49-53 Verkehr und Lagerei,3,"Total,saisonbereinigt",TOT,Geschlecht - Total,2019Q3,2019Q3,252893
49-53,49-53 Verkehr und Lagerei,3,"Total,saisonbereinigt",TOT,Geschlecht - Total,2019Q4,2019Q4,254847
49-53,49-53 Verkehr und Lagerei,3,"Total,saisonbereinigt",TOT,Geschlecht - Total,2020Q1,2020Q1,256330
49-53,49-53 Verkehr und Lagerei,3,"Total,saisonbereinigt",TOT,Geschlecht - Total,2020Q2,2020Q2,253792
49-53,49-53 Verkehr und Lagerei,3,"Total,saisonbereinigt",TOT,Geschlecht - Total,2020Q3,2020Q3,251092
49-53,49-53 Verkehr und Lagerei,3,"Total,saisonbereinigt",TOT,Geschlecht - Total,2020Q4,2020Q4,253927
49-53,49-53 Verkehr und Lagerei,3,"Total,saisonbereinigt",TOT,Geschlecht - Total,2021Q1,2021Q1,249398
49-53,49-53 Verkehr und Lagerei,3,"Total,saisonbereinigt",TOT,Geschlecht - Total,2021Q2,2021Q2,248371
49-53,49-53 Verkehr und Lagerei,3,"Total,saisonbereinigt",TOT,Geschlecht - Total,2021Q3,2021Q3,250037
49-53,49-53 Verkehr und Lagerei,3,"Total,saisonbereinigt",TOT,Geschlecht - Total,2021Q4,2021Q4,252386
49-53,49-53 Verkehr und Lagerei,3,"Total,saisonbereinigt",TOT,Geschlecht - Total,2022Q1,2022Q1,252998
49-53,49-53 Verkehr und Lagerei,3,"Total,saisonbereinigt",TOT,Geschlecht - Total,2022Q2,2022Q2,254594
49-53,49-53 Verkehr und Lagerei,3,"Total,saisonbereinigt",TOT,Geschlecht - Total,2022Q3,2022Q3,255858
49-53,49-53 Verkehr und Lagerei,3,"Total,saisonbereinigt",TOT,Geschlecht - Total,2022Q4,2022Q4,259707
49-53,49-53 Verkehr und Lagerei,3,"Total,saisonbereinigt",TOT,Geschlecht - Total,2023Q1,2023Q1,261018
49-53,49-53 Verkehr und Lagerei,3,"Total,saisonbereinigt",TOT,Geschlecht - Total,2023Q2,2023Q2,260439
49-53,49-53 Verkehr und Lagerei,3,"Total,saisonbereinigt",TOT,Geschlecht - Total,2023Q3,2023Q3,262613
49-53,49-53 Verkehr und Lagerei,3,"Total,saisonbereinigt",TOT,Geschlecht - Total,2023Q4,2023Q4,263873
49-53,49-53 Verkehr und Lagerei,3,"Total,saisonbereinigt",TOT,Geschlecht - Total,2024Q1,2024Q1,265524
49-53,49-53 Verkehr und Lagerei,3,"Total,saisonbereinigt",TOT,Geschlecht - Total,2024Q2,2024Q2,269785
49-53,49-53 Verkehr und Lagerei,3,"Total,saisonbereinigt",TOT,Geschlecht - Total,2024Q3,2024Q3,272219
49-53,49-53 Verkehr und Lagerei,3,"Total,saisonbereinigt",TOT,Geschlecht - Total,2024Q4,2024Q4,272163
49-53,49-53 Verkehr und Lagerei,3,"Total,saisonbereinigt",TOT,Geschlecht - Total,2025Q1,2025Q1,272262
49-53,49-53 Verkehr und Lagerei,3,"Total,saisonbereinigt",TOT,Geschlecht - Total,2025Q2,2025Q2,271381
49-53,49-53 Verkehr und Lagerei,3,"Total,saisonbereinigt",TOT,Geschlecht - Total,2025Q3,2025Q3,272819
49-53,49-53 Verkehr und Lagerei,3,"Total,saisonbereinigt",TOT,Geschlecht - Total,2025Q4,2025Q4,269645
49-53,49-53 Verkehr und Lagerei,3,"Total,saisonbereinigt",TOT,Geschlecht - Total,2026Q1,2026Q1,273084
49-53,49-53 Verkehr und Lagerei,3,"Total,saisonbereinigt",TOT,Geschlecht - Total,2026Q2,2026Q2,277942
49,49 Landverkehr und Transport in Rohrfernleitungen,TOT,Beschäftigungsgrad - Total,TOT,Geschlecht - Total,1991Q3,1991Q3,110875
49,49 Landverkehr und Transport in Rohrfernleitungen,TOT,Beschäftigungsgrad - Total,TOT,Geschlecht - Total,1991Q4,1991Q4,109731
49,49 Landverkehr und Transport in Rohrfernleitungen,TOT,Beschäftigungsgrad - Total,TOT,Geschlecht - Total,1992Q1,1992Q1,109482
49,49 Landverkehr und Transport in Rohrfernleitungen,TOT,Beschäftigungsgrad - Total,TOT,Geschlecht - Total,1992Q2,1992Q2,108962
49,49 Landverkehr und Transport in Rohrfernleitungen,TOT,Beschäftigungsgrad - Total,TOT,Geschlecht - Total,1992Q3,1992Q3,108380
49,49 Landverkehr und Transport in Rohrfernleitungen,TOT,Beschäftigungsgrad - Total,TOT,Geschlecht - Total,1992Q4,1992Q4,108779
49,49 Landverkehr und Transport in Rohrfernleitungen,TOT,Beschäftigungsgrad - Total,TOT,Geschlecht - Total,1993Q1,1993Q1,105795
49,49 Landverkehr und Transport in Rohrfernleitungen,TOT,Beschäftigungsgrad - Total,TOT,Geschlecht - Total,1993Q2,1993Q2,102999
49,49 Landverkehr und Transport in Rohrfernleitungen,TOT,Beschäftigungsgrad - Total,TOT,Geschlecht - Total,1993Q3,1993Q3,102606
49,49 Landverkehr und Transport in Rohrfernleitungen,TOT,Beschäftigungsgrad - Total,TOT,Geschlecht - Total,1993Q4,1993Q4,103953
49,49 Landverkehr und Transport in Rohrfernleitungen,TOT,Beschäftigungsgrad - Total,TOT,Geschlecht - Total,1994Q1,1994Q1,101534
49,49 Landverkehr und Transport in Rohrfernleitungen,TOT,Beschäftigungsgrad - Total,TOT,Geschlecht - Total,1994Q2,1994Q2,97246
49,49 Landverkehr und Transport in Rohrfernleitungen,TOT,Beschäftigungsgrad - Total,TOT,Geschlecht - Total,1994Q3,1994Q3,97314
49,49 Landverkehr und Transport in Rohrfernleitungen,TOT,Beschäftigungsgrad - Total,TOT,Geschlecht - Total,1994Q4,1994Q4,97903
49,49 Landverkehr und Transport in Rohrfernleitungen,TOT,Beschäftigungsgrad - Total,TOT,Geschlecht - Total,1995Q1,1995Q1,99451
49,49 Landverkehr und Transport in Rohrfernleitungen,TOT,Beschäftigungsgrad - Total,TOT,Geschlecht - Total,1995Q2,1995Q2,97515
49,49 Landverkehr und Transport in Rohrfernleitungen,TOT,Beschäftigungsgrad - Total,TOT,Geschlecht - Total,1995Q3,1995Q3,95284
49,49 Landverkehr und Transport in Rohrfernleitungen,TOT,Beschäftigungsgrad - Total,TOT,Geschlecht - Total,1995Q4,1995Q4,96611
49,49 Landverkehr und Transport in Rohrfernleitungen,TOT,Beschäftigungsgrad - Total,TOT,Geschlecht - Total,1996Q1,1996Q1,95935
49,49 Landverkehr und Transport in Rohrfernleitungen,TOT,Beschäftigungsgrad - Total,TOT,Geschlecht - Total,1996Q2,1996Q2,93618
49,49 Landverkehr und Transport in Rohrfernleitungen,TOT,Beschäftigungsgrad - Total,TOT,Geschlecht - Total,1996Q3,1996Q3,91395
49,49 Landverkehr und Transport in Rohrfernleitungen,TOT,Beschäftigungsgrad - Total,TOT,Geschlecht - Total,1996Q4,1996Q4,93261
49,49 Landverkehr und Transport in Rohrfernleitungen,TOT,Beschäftigungsgrad - Total,TOT,Geschlecht - Total,1997Q1,1997Q1,92713
49,49 Landverkehr und Transport in Rohrfernleitungen,TOT,Beschäftigungsgrad - Total,TOT,Geschlecht - Total,1997Q2,1997Q2,91271
49,49 Landverkehr und Transport in Rohrfernleitungen,TOT,Beschäftigungsgrad - Total,TOT,Geschlecht - Total,1997Q3,1997Q3,90191
49,49 Landverkehr und Transport in Rohrfernleitungen,TOT,Beschäftigungsgrad - Total,TOT,Geschlecht - Total,1997Q4,1997Q4,91758
49,49 Landverkehr und Transport in Rohrfernleitungen,TOT,Beschäftigungsgrad - Total,TOT,Geschlecht - Total,1998Q1,1998Q1,91432
49,49 Landverkehr und Transport in Rohrfernleitungen,TOT,Beschäftigungsgrad - Total,TOT,Geschlecht - Total,1998Q2,1998Q2,91515
49,49 Landverkehr und Transport in Rohrfernleitungen,TOT,Beschäftigungsgrad - Total,TOT,Geschlecht - Total,1998Q3,1998Q3,91010
49,49 Landverkehr und Transport in Rohrfernleitungen,TOT,Beschäftigungsgrad - Total,TOT,Geschlecht - Total,1998Q4,1998Q4,92166
49,49 Landverkehr und Transport in Rohrfernleitungen,TOT,Beschäftigungsgrad - Total,TOT,Geschlecht - Total,1999Q1,1999Q1,91718
49,49 Landverkehr und Transport in Rohrfernleitungen,TOT,Beschäftigungsgrad - Total,TOT,Geschlecht - Total,1999Q2,1999Q2,91014
49,49 Landverkehr und Transport in Rohrfernleitungen,TOT,Beschäftigungsgrad - Total,TOT,Geschlecht - Total,1999Q3,1999Q3,91983
49,49 Landverkehr und Transport in Rohrfernleitungen,TOT,Beschäftigungsgrad - Total,TOT,Geschlecht - Total,1999Q4,1999Q4,93549
49,49 Landverkehr und Transport in Rohrfernleitungen,TOT,Beschäftigungsgrad - Total,TOT,Geschlecht - Total,2000Q1,2000Q1,93662
49,49 Landverkehr und Transport in Rohrfernleitungen,TOT,Beschäftigungsgrad - Total,TOT,Geschlecht - Total,2000Q2,2000Q2,92390
49,49 Landverkehr und Transport in Rohrfernleitungen,TOT,Beschäftigungsgrad - Total,TOT,Geschlecht - Total,2000Q3,2000Q3,94715
49,49 Landverkehr und Transport in Rohrfernleitungen,TOT,Beschäftigungsgrad - Total,TOT,Geschlecht - Total,2000Q4,2000Q4,97460
49,49 Landverkehr und Transport in Rohrfernleitungen,TOT,Beschäftigungsgrad - Total,TOT,Geschlecht - Total,2001Q1,2001Q1,99186
49,49 Landverkehr und Transport in Rohrfernleitungen,TOT,Beschäftigungsgrad - Total,TOT,Geschlecht - Total,2001Q2,2001Q2,97397
49,49 Landverkehr und Transport in Rohrfernleitungen,TOT,Beschäftigungsgrad - Total,TOT,Geschlecht - Total,2001Q3,2001Q3,98827
49,49 Landverkehr und Transport in Rohrfernleitungen,TOT,Beschäftigungsgrad - Total,TOT,Geschlecht - Total,2001Q4,2001Q4,101882
49,49 Landverkehr und Transport in Rohrfernleitungen,TOT,Beschäftigungsgrad - Total,TOT,Geschlecht - Total,2002Q1,2002Q1,98397
49,49 Landverkehr und Transport in Rohrfernleitungen,TOT,Beschäftigungsgrad - Total,TOT,Geschlecht - Total,2002Q2,2002Q2,98567
49,49 Landverkehr und Transport in Rohrfernleitungen,TOT,Beschäftigungsgrad - Total,TOT,Geschlecht - Total,2002Q3,2002Q3,100087
49,49 Landverkehr und Transport in Rohrfernleitungen,TOT,Beschäftigungsgrad - Total,TOT,Geschlecht - Total,2002Q4,2002Q4,101044
49,49 Landverkehr und Transport in Rohrfernleitungen,TOT,Beschäftigungsgrad - Total,TOT,Geschlecht - Total,2003Q1,2003Q1,100885
49,49 Landverkehr und Transport in Rohrfernleitungen,TOT,Beschäftigungsgrad - Total,TOT,Geschlecht - Total,2003Q2,2003Q2,98645
49,49 Landverkehr und Transport in Rohrfernleitungen,TOT,Beschäftigungsgrad - Total,TOT,Geschlecht - Total,2003Q3,2003Q3,99080
49,49 Landverkehr und Transport in Rohrfernleitungen,TOT,Beschäftigungsgrad - Total,TOT,Geschlecht - Total,2003Q4,2003Q4,102084
49,49 Landverkehr und Transport in Rohrfernleitungen,TOT,Beschäftigungsgrad - Total,TOT,Geschlecht - Total,2004Q1,2004Q1,101552
49,49 Landverkehr und Transport in Rohrfernleitungen,TOT,Beschäftigungsgrad - Total,TOT,Geschlecht - Total,2004Q2,2004Q2,98528
49,49 Landverkehr und Transport in Rohrfernleitungen,TOT,Beschäftigungsgrad - Total,TOT,Geschlecht - Total,2004Q3,2004Q3,99393
49,49 Landverkehr und Transport in Rohrfernleitungen,TOT,Beschäftigungsgrad - Total,TOT,Geschlecht - Total,2004Q4,2004Q4,102606
49,49 Landverkehr und Transport in Rohrfernleitungen,TOT,Beschäftigungsgrad - Total,TOT,Geschlecht - Total,2005Q1,2005Q1,104578
49,49 Landverkehr und Transport in Rohrfernleitungen,TOT,Beschäftigungsgrad - Total,TOT,Geschlecht - Total,2005Q2,2005Q2,100827
49,49 Landverkehr und Transport in Rohrfernleitungen,TOT,Beschäftigungsgrad - Total,TOT,Geschlecht - Total,2005Q3,2005Q3,102105
49,49 Landverkehr und Transport in Rohrfernleitungen,TOT,Beschäftigungsgrad - Total,TOT,Geschlecht - Total,2005Q4,2005Q4,106748
49,49 Landverkehr und Transport in Rohrfernleitungen,TOT,Beschäftigungsgrad - Total,TOT,Geschlecht - Total,2006Q1,2006Q1,106971
49,49 Landverkehr und Transport in Rohrfernleitungen,TOT,Beschäftigungsgrad - Total,TOT,Geschlecht - Total,2006Q2,2006Q2,103438
49,49 Landverkehr und Transport in Rohrfernleitungen,TOT,Beschäftigungsgrad - Total,TOT,Geschlecht - Total,2006Q3,2006Q3,104699
49,49 Landverkehr und Transport in Rohrfernleitungen,TOT,Beschäftigungsgrad - Total,TOT,Geschlecht - Total,2006Q4,2006Q4,108282
49,49 Landverkehr und Transport in Rohrfernleitungen,TOT,Beschäftigungsgrad - Total,TOT,Geschlecht - Total,2007Q1,2007Q1,109195
49,49 Landverkehr und Transport in Rohrfernleitungen,TOT,Beschäftigungsgrad - Total,TOT,Geschlecht - Total,2007Q2,2007Q2,106663
49,49 Landverkehr und Transport in Rohrfernleitungen,TOT,Beschäftigungsgrad - Total,TOT,Geschlecht - Total,2007Q3,2007Q3,107144
49,49 Landverkehr und Transport in Rohrfernleitungen,TOT,Beschäftigungsgrad - Total,TOT,Geschlecht - Total,2007Q4,2007Q4,110429
49,49 Landverkehr und Transport in Rohrfernleitungen,TOT,Beschäftigungsgrad - Total,TOT,Geschlecht - Total,2008Q1,2008Q1,112250
49,49 Landverkehr und Transport in Rohrfernleitungen,TOT,Beschäftigungsgrad - Total,TOT,Geschlecht - Total,2008Q2,2008Q2,109283
49,49 Landverkehr und Transport in Rohrfernleitungen,TOT,Beschäftigungsgrad - Total,TOT,Geschlecht - Total,2008Q3,2008Q3,109911
49,49 Landverkehr und Transport in Rohrfernleitungen,TOT,Beschäftigungsgrad - Total,TOT,Geschlecht - Total,2008Q4,2008Q4,111981
49,49 Landverkehr und Transport in Rohrfernleitungen,TOT,Beschäftigungsgrad - Total,TOT,Geschlecht - Total,2009Q1,2009Q1,112278
49,49 Landverkehr und Transport in Rohrfernleitungen,TOT,Beschäftigungsgrad - Total,TOT,Geschlecht - Total,2009Q2,2009Q2,109177
49,49 Landverkehr und Transport in Rohrfernleitungen,TOT,Beschäftigungsgrad - Total,TOT,Geschlecht - Total,2009Q3,2009Q3,109135
49,49 Landverkehr und Transport in Rohrfernleitungen,TOT,Beschäftigungsgrad - Total,TOT,Geschlecht - Total,2009Q4,2009Q4,111597
49,49 Landverkehr und Transport in Rohrfernleitungen,TOT,Beschäftigungsgrad - Total,TOT,Geschlecht - Total,2010Q1,2010Q1,113144
49,49 Landverkehr und Transport in Rohrfernleitungen,TOT,Beschäftigungsgrad - Total,TOT,Geschlecht - Total,2010Q2,2010Q2,109786
49,49 Landverkehr und Transport in Rohrfernleitungen,TOT,Beschäftigungsgrad - Total,TOT,Geschlecht - Total,2010Q3,2010Q3,110406
49,49 Landverkehr und Transport in Rohrfernleitungen,TOT,Beschäftigungsgrad - Total,TOT,Geschlecht - Total,2010Q4,2010Q4,114573
49,49 Landverkehr und Transport in Rohrfernleitungen,TOT,Beschäftigungsgrad - Total,TOT,Geschlecht - Total,2011Q1,2011Q1,113295
49,49 Landverkehr und Transport in Rohrfernleitungen,TOT,Beschäftigungsgrad - Total,TOT,Geschlecht - Total,2011Q2,2011Q2,111779
49,49 Landverkehr und Transport in Rohrfernleitungen,TOT,Beschäftigungsgrad - Total,TOT,Geschlecht - Total,2011Q3,2011Q3,112996
49,49 Landverkehr und Transport in Rohrfernleitungen,TOT,Beschäftigungsgrad - Total,TOT,Geschlecht - Total,2011Q4,2011Q4,115740
49,49 Landverkehr und Transport in Rohrfernleitungen,TOT,Beschäftigungsgrad - Total,TOT,Geschlecht - Total,2012Q1,2012Q1,115974
49,49 Landverkehr und Transport in Rohrfernleitungen,TOT,Beschäftigungsgrad - Total,TOT,Geschlecht - Total,2012Q2,2012Q2,114468
49,49 Landverkehr und Transport in Rohrfernleitungen,TOT,Beschäftigungsgrad - Total,TOT,Geschlecht - Total,2012Q3,2012Q3,116071
49,49 Landverkehr und Transport in Rohrfernleitungen,TOT,Beschäftigungsgrad - Total,TOT,Geschlecht - Total,2012Q4,2012Q4,120467
49,49 Landverkehr und Transport in Rohrfernleitungen,TOT,Beschäftigungsgrad - Total,TOT,Geschlecht - Total,2013Q1,2013Q1,120262
49,49 Landverkehr und Transport in Rohrfernleitungen,TOT,Beschäftigungsgrad - Total,TOT,Geschlecht - Total,2013Q2,2013Q2,117088
49,49 Landverkehr und Transport in Rohrfernleitungen,TOT,Beschäftigungsgrad - Total,TOT,Geschlecht - Total,2013Q3,2013Q3,118205
49,49 Landverkehr und Transport in Rohrfernleitungen,TOT,Beschäftigungsgrad - Total,TOT,Geschlecht - Total,2013Q4,2013Q4,120624
49,49 Landverkehr und Transport in Rohrfernleitungen,TOT,Beschäftigungsgrad - Total,TOT,Geschlecht - Total,2014Q1,2014Q1,121757
49,49 Landverkehr und Transport in Rohrfernleitungen,TOT,Beschäftigungsgrad - Total,TOT,Geschlecht - Total,2014Q2,2014Q2,118448
49,49 Landverkehr und Transport in Rohrfernleitungen,TOT,Beschäftigungsgrad - Total,TOT,Geschlecht - Total,2014Q3,2014Q3,119768
49,49 Landverkehr und Transport in Rohrfernleitungen,TOT,Beschäftigungsgrad - Total,TOT,Geschlecht - Total,2014Q4,2014Q4,122331
49,49 Landverkehr und Transport in Rohrfernleitungen,TOT,Beschäftigungsgrad - Total,TOT,Geschlecht - Total,2015Q1,2015Q1,123398
49,49 Landverkehr und Transport in Rohrfernleitungen,TOT,Beschäftigungsgrad - Total,TOT,Geschlecht - Total,2015Q2,2015Q2,120058
49,49 Landverkehr und Transport in Rohrfernleitungen,TOT,Beschäftigungsgrad - Total,TOT,Geschlecht - Total,2015Q3,2015Q3,119378
49,49 Landverkehr und Transport in Rohrfernleitungen,TOT,Beschäftigungsgrad - Total,TOT,Geschlecht - Total,2015Q4,2015Q4,121998
49,49 Landverkehr und Transport in Rohrfernleitungen,TOT,Beschäftigungsgrad - Total,TOT,Geschlecht - Total,2016Q1,2016Q1,122164
49,49 Landverkehr und Transport in Rohrfernleitungen,TOT,Beschäftigungsgrad - Total,TOT,Geschlecht - Total,2016Q2,2016Q2,118816
49,49 Landverkehr und Transport in Rohrfernleitungen,TOT,Beschäftigungsgrad - Total,TOT,Geschlecht - Total,2016Q3,2016Q3,119482
49,49 Landverkehr und Transport in Rohrfernleitungen,TOT,Beschäftigungsgrad - Total,TOT,Geschlecht - Total,2016Q4,2016Q4,123368
49,49 Landverkehr und Transport in Rohrfernleitungen,TOT,Beschäftigungsgrad - Total,TOT,Geschlecht - Total,2017Q1,2017Q1,121882
49,49 Landverkehr und Transport in Rohrfernleitungen,TOT,Beschäftigungsgrad - Total,TOT,Geschlecht - Total,2017Q2,2017Q2,120391
49,49 Landverkehr und Transport in Rohrfernleitungen,TOT,Beschäftigungsgrad - Total,TOT,Geschlecht - Total,2017Q3,2017Q3,119611
49,49 Landverkehr und Transport in Rohrfernleitungen,TOT,Beschäftigungsgrad - Total,TOT,Geschlecht - Total,2017Q4,2017Q4,124362
49,49 Landverkehr und Transport in Rohrfernleitungen,TOT,Beschäftigungsgrad - Total,TOT,Geschlecht - Total,2018Q1,2018Q1,124076
49,49 Landverkehr und Transport in Rohrfernleitungen,TOT,Beschäftigungsgrad - Total,TOT,Geschlecht - Total,2018Q2,2018Q2,120244
49,49 Landverkehr und Transport in Rohrfernleitungen,TOT,Beschäftigungsgrad - Total,TOT,Geschlecht - Total,2018Q3,2018Q3,119574
49,49 Landverkehr und Transport in Rohrfernleitungen,TOT,Beschäftigungsgrad - Total,TOT,Geschlecht - Total,2018Q4,2018Q4,123971
49,49 Landverkehr und Transport in Rohrfernleitungen,TOT,Beschäftigungsgrad - Total,TOT,Geschlecht - Total,2019Q1,2019Q1,126017
49,49 Landverkehr und Transport in Rohrfernleitungen,TOT,Beschäftigungsgrad - Total,TOT,Geschlecht - Total,2019Q2,2019Q2,121907
49,49 Landverkehr und Transport in Rohrfernleitungen,TOT,Beschäftigungsgrad - Total,TOT,Geschlecht - Total,2019Q3,2019Q3,121293
49,49 Landverkehr und Transport in Rohrfernleitungen,TOT,Beschäftigungsgrad - Total,TOT,Geschlecht - Total,2019Q4,2019Q4,127339
49,49 Landverkehr und Transport in Rohrfernleitungen,TOT,Beschäftigungsgrad - Total,TOT,Geschlecht - Total,2020Q1,2020Q1,124769
49,49 Landverkehr und Transport in Rohrfernleitungen,TOT,Beschäftigungsgrad - Total,TOT,Geschlecht - Total,2020Q2,2020Q2,119194
49,49 Landverkehr und Transport in Rohrfernleitungen,TOT,Beschäftigungsgrad - Total,TOT,Geschlecht - Total,2020Q3,2020Q3,119510
49,49 Landverkehr und Transport in Rohrfernleitungen,TOT,Beschäftigungsgrad - Total,TOT,Geschlecht - Total,2020Q4,2020Q4,128522
49,49 Landverkehr und Transport in Rohrfernleitungen,TOT,Beschäftigungsgrad - Total,TOT,Geschlecht - Total,2021Q1,2021Q1,127306
49,49 Landverkehr und Transport in Rohrfernleitungen,TOT,Beschäftigungsgrad - Total,TOT,Geschlecht - Total,2021Q2,2021Q2,121600
49,49 Landverkehr und Transport in Rohrfernleitungen,TOT,Beschäftigungsgrad - Total,TOT,Geschlecht - Total,2021Q3,2021Q3,124641
49,49 Landverkehr und Transport in Rohrfernleitungen,TOT,Beschäftigungsgrad - Total,TOT,Geschlecht - Total,2021Q4,2021Q4,131626
49,49 Landverkehr und Transport in Rohrfernleitungen,TOT,Beschäftigungsgrad - Total,TOT,Geschlecht - Total,2022Q1,2022Q1,130188
49,49 Landverkehr und Transport in Rohrfernleitungen,TOT,Beschäftigungsgrad - Total,TOT,Geschlecht - Total,2022Q2,2022Q2,125683
49,49 Landverkehr und Transport in Rohrfernleitungen,TOT,Beschäftigungsgrad - Total,TOT,Geschlecht - Total,2022Q3,2022Q3,125405
49,49 Landverkehr und Transport in Rohrfernleitungen,TOT,Beschäftigungsgrad - Total,TOT,Geschlecht - Total,2022Q4,2022Q4,132817
49,49 Landverkehr und Transport in Rohrfernleitungen,TOT,Beschäftigungsgrad - Total,TOT,Geschlecht - Total,2023Q1,2023Q1,135566
49,49 Landverkehr und Transport in Rohrfernleitungen,TOT,Beschäftigungsgrad - Total,TOT,Geschlecht - Total,2023Q2,2023Q2,129388
49,49 Landverkehr und Transport in Rohrfernleitungen,TOT,Beschäftigungsgrad - Total,TOT,Geschlecht - Total,2023Q3,2023Q3,130643
49,49 Landverkehr und Transport in Rohrfernleitungen,TOT,Beschäftigungsgrad - Total,TOT,Geschlecht - Total,2023Q4,2023Q4,135904
49,49 Landverkehr und Transport in Rohrfernleitungen,TOT,Beschäftigungsgrad - Total,TOT,Geschlecht - Total,2024Q1,2024Q1,136522
49,49 Landverkehr und Transport in Rohrfernleitungen,TOT,Beschäftigungsgrad - Total,TOT,Geschlecht - Total,2024Q2,2024Q2,134658
49,49 Landverkehr und Transport in Rohrfernleitungen,TOT,Beschäftigungsgrad - Total,TOT,Geschlecht - Total,2024Q3,2024Q3,135240
49,49 Landverkehr und Transport in Rohrfernleitungen,TOT,Beschäftigungsgrad - Total,TOT,Geschlecht - Total,2024Q4,2024Q4,138095
49,49 Landverkehr und Transport in Rohrfernleitungen,TOT,Beschäftigungsgrad - Total,TOT,Geschlecht - Total,2025Q1,2025Q1,139541
49,49 Landverkehr und Transport in Rohrfernleitungen,TOT,Beschäftigungsgrad - Total,TOT,Geschlecht - Total,2025Q2,2025Q2,134362
49,49 Landverkehr und Transport in Rohrfernleitungen,TOT,Beschäftigungsgrad - Total,TOT,Geschlecht - Total,2025Q3,2025Q3,135594
49,49 Landverkehr und Transport in Rohrfernleitungen,TOT,Beschäftigungsgrad - Total,TOT,Geschlecht - Total,2025Q4,2025Q4,138552
49,49 Landverkehr und Transport in Rohrfernleitungen,TOT,Beschäftigungsgrad - Total,TOT,Geschlecht - Total,2026Q1,2026Q1,139881
49,49 Landverkehr und Transport in Rohrfernleitungen,TOT,Beschäftigungsgrad - Total,TOT,Geschlecht - Total,2026Q2,2026Q2,138467
49,49 Landverkehr und Transport in Rohrfernleitungen,3,"Total,saisonbereinigt",TOT,Geschlecht - Total,1991Q3,1991Q3,111815
49,49 Landverkehr und Transport in Rohrfernleitungen,3,"Total,saisonbereinigt",TOT,Geschlecht - Total,1991Q4,1991Q4,108778
49,49 Landverkehr und Transport in Rohrfernleitungen,3,"Total,saisonbereinigt",TOT,Geschlecht - Total,1992Q1,1992Q1,108686
49,49 Landverkehr und Transport in Rohrfernleitungen,3,"Total,saisonbereinigt",TOT,Geschlecht - Total,1992Q2,1992Q2,109770
49,49 Landverkehr und Transport in Rohrfernleitungen,3,"Total,saisonbereinigt",TOT,Geschlecht - Total,1992Q3,1992Q3,109364
49,49 Landverkehr und Transport in Rohrfernleitungen,3,"Total,saisonbereinigt",TOT,Geschlecht - Total,1992Q4,1992Q4,107797
49,49 Landverkehr und Transport in Rohrfernleitungen,3,"Total,saisonbereinigt",TOT,Geschlecht - Total,1993Q1,1993Q1,105036
49,49 Landverkehr und Transport in Rohrfernleitungen,3,"Total,saisonbereinigt",TOT,Geschlecht - Total,1993Q2,1993Q2,103739
49,49 Landverkehr und Transport in Rohrfernleitungen,3,"Total,saisonbereinigt",TOT,Geschlecht - Total,1993Q3,1993Q3,103586
49,49 Landverkehr und Transport in Rohrfernleitungen,3,"Total,saisonbereinigt",TOT,Geschlecht - Total,1993Q4,1993Q4,102976
49,49 Landverkehr und Transport in Rohrfernleitungen,3,"Total,saisonbereinigt",TOT,Geschlecht - Total,1994Q1,1994Q1,100820
49,49 Landverkehr und Transport in Rohrfernleitungen,3,"Total,saisonbereinigt",TOT,Geschlecht - Total,1994Q2,1994Q2,97937
49,49 Landverkehr und Transport in Rohrfernleitungen,3,"Total,saisonbereinigt",TOT,Geschlecht - Total,1994Q3,1994Q3,98261
49,49 Landverkehr und Transport in Rohrfernleitungen,3,"Total,saisonbereinigt",TOT,Geschlecht - Total,1994Q4,1994Q4,96964
49,49 Landverkehr und Transport in Rohrfernleitungen,3,"Total,saisonbereinigt",TOT,Geschlecht - Total,1995Q1,1995Q1,98746
49,49 Landverkehr und Transport in Rohrfernleitungen,3,"Total,saisonbereinigt",TOT,Geschlecht - Total,1995Q2,1995Q2,98229
49,49 Landverkehr und Transport in Rohrfernleitungen,3,"Total,saisonbereinigt",TOT,Geschlecht - Total,1995Q3,1995Q3,96222
49,49 Landverkehr und Transport in Rohrfernleitungen,3,"Total,saisonbereinigt",TOT,Geschlecht - Total,1995Q4,1995Q4,95663
49,49 Landverkehr und Transport in Rohrfernleitungen,3,"Total,saisonbereinigt",TOT,Geschlecht - Total,1996Q1,1996Q1,95222
49,49 Landverkehr und Transport in Rohrfernleitungen,3,"Total,saisonbereinigt",TOT,Geschlecht - Total,1996Q2,1996Q2,94360
49,49 Landverkehr und Transport in Rohrfernleitungen,3,"Total,saisonbereinigt",TOT,Geschlecht - Total,1996Q3,1996Q3,92296
49,49 Landverkehr und Transport in Rohrfernleitungen,3,"Total,saisonbereinigt",TOT,Geschlecht - Total,1996Q4,1996Q4,92324
49,49 Landverkehr und Transport in Rohrfernleitungen,3,"Total,saisonbereinigt",TOT,Geschlecht - Total,1997Q1,1997Q1,91976
49,49 Landverkehr und Transport in Rohrfernleitungen,3,"Total,saisonbereinigt",TOT,Geschlecht - Total,1997Q2,1997Q2,92069
49,49 Landverkehr und Transport in Rohrfernleitungen,3,"Total,saisonbereinigt",TOT,Geschlecht - Total,1997Q3,1997Q3,91079
49,49 Landverkehr und Transport in Rohrfernleitungen,3,"Total,saisonbereinigt",TOT,Geschlecht - Total,1997Q4,1997Q4,90811
49,49 Landverkehr und Transport in Rohrfernleitungen,3,"Total,saisonbereinigt",TOT,Geschlecht - Total,1998Q1,1998Q1,90665
49,49 Landverkehr und Transport in Rohrfernleitungen,3,"Total,saisonbereinigt",TOT,Geschlecht - Total,1998Q2,1998Q2,92378
49,49 Landverkehr und Transport in Rohrfernleitungen,3,"Total,saisonbereinigt",TOT,Geschlecht - Total,1998Q3,1998Q3,91916
49,49 Landverkehr und Transport in Rohrfernleitungen,3,"Total,saisonbereinigt",TOT,Geschlecht - Total,1998Q4,1998Q4,91177
49,49 Landverkehr und Transport in Rohrfernleitungen,3,"Total,saisonbereinigt",TOT,Geschlecht - Total,1999Q1,1999Q1,90916
49,49 Landverkehr und Transport in Rohrfernleitungen,3,"Total,saisonbereinigt",TOT,Geschlecht - Total,1999Q2,1999Q2,91942
49,49 Landverkehr und Transport in Rohrfernleitungen,3,"Total,saisonbereinigt",TOT,Geschlecht - Total,1999Q3,1999Q3,92904
49,49 Landverkehr und Transport in Rohrfernleitungen,3,"Total,saisonbereinigt",TOT,Geschlecht - Total,1999Q4,1999Q4,92509
49,49 Landverkehr und Transport in Rohrfernleitungen,3,"Total,saisonbereinigt",TOT,Geschlecht - Total,2000Q1,2000Q1,92792
49,49 Landverkehr und Transport in Rohrfernleitungen,3,"Total,saisonbereinigt",TOT,Geschlecht - Total,2000Q2,2000Q2,93420
49,49 Landverkehr und Transport in Rohrfernleitungen,3,"Total,saisonbereinigt",TOT,Geschlecht - Total,2000Q3,2000Q3,95672
49,49 Landverkehr und Transport in Rohrfernleitungen,3,"Total,saisonbereinigt",TOT,Geschlecht - Total,2000Q4,2000Q4,96336
49,49 Landverkehr und Transport in Rohrfernleitungen,3,"Total,saisonbereinigt",TOT,Geschlecht - Total,2001Q1,2001Q1,98186
49,49 Landverkehr und Transport in Rohrfernleitungen,3,"Total,saisonbereinigt",TOT,Geschlecht - Total,2001Q2,2001Q2,98610
49,49 Landverkehr und Transport in Rohrfernleitungen,3,"Total,saisonbereinigt",TOT,Geschlecht - Total,2001Q3,2001Q3,99814
49,49 Landverkehr und Transport in Rohrfernleitungen,3,"Total,saisonbereinigt",TOT,Geschlecht - Total,2001Q4,2001Q4,100688
49,49 Landverkehr und Transport in Rohrfernleitungen,3,"Total,saisonbereinigt",TOT,Geschlecht - Total,2002Q1,2002Q1,97307
49,49 Landverkehr und Transport in Rohrfernleitungen,3,"Total,saisonbereinigt",TOT,Geschlecht - Total,2002Q2,2002Q2,99915
49,49 Landverkehr und Transport in Rohrfernleitungen,3,"Total,saisonbereinigt",TOT,Geschlecht - Total,2002Q3,2002Q3,101090
49,49 Landverkehr und Transport in Rohrfernleitungen,3,"Total,saisonbereinigt",TOT,Geschlecht - Total,2002Q4,2002Q4,99846
49,49 Landverkehr und Transport in Rohrfernleitungen,3,"Total,saisonbereinigt",TOT,Geschlecht - Total,2003Q1,2003Q1,99663
49,49 Landverkehr und Transport in Rohrfernleitungen,3,"Total,saisonbereinigt",TOT,Geschlecht - Total,2003Q2,2003Q2,100098
49,49 Landverkehr und Transport in Rohrfernleitungen,3,"Total,saisonbereinigt",TOT,Geschlecht - Total,2003Q3,2003Q3,100093
49,49 Landverkehr und Transport in Rohrfernleitungen,3,"Total,saisonbereinigt",TOT,Geschlecht - Total,2003Q4,2003Q4,100858
49,49 Landverkehr und Transport in Rohrfernleitungen,3,"Total,saisonbereinigt",TOT,Geschlecht - Total,2004Q1,2004Q1,100238
49,49 Landverkehr und Transport in Rohrfernleitungen,3,"Total,saisonbereinigt",TOT,Geschlecht - Total,2004Q2,2004Q2,100040
49,49 Landverkehr und Transport in Rohrfernleitungen,3,"Total,saisonbereinigt",TOT,Geschlecht - Total,2004Q3,2004Q3,100451
49,49 Landverkehr und Transport in Rohrfernleitungen,3,"Total,saisonbereinigt",TOT,Geschlecht - Total,2004Q4,2004Q4,101356
49,49 Landverkehr und Transport in Rohrfernleitungen,3,"Total,saisonbereinigt",TOT,Geschlecht - Total,2005Q1,2005Q1,103157
49,49 Landverkehr und Transport in Rohrfernleitungen,3,"Total,saisonbereinigt",TOT,Geschlecht - Total,2005Q2,2005Q2,102409
49,49 Landverkehr und Transport in Rohrfernleitungen,3,"Total,saisonbereinigt",TOT,Geschlecht - Total,2005Q3,2005Q3,103238
49,49 Landverkehr und Transport in Rohrfernleitungen,3,"Total,saisonbereinigt",TOT,Geschlecht - Total,2005Q4,2005Q4,105436
49,49 Landverkehr und Transport in Rohrfernleitungen,3,"Total,saisonbereinigt",TOT,Geschlecht - Total,2006Q1,2006Q1,105470
49,49 Landverkehr und Transport in Rohrfernleitungen,3,"Total,saisonbereinigt",TOT,Geschlecht - Total,2006Q2,2006Q2,105065
49,49 Landverkehr und Transport in Rohrfernleitungen,3,"Total,saisonbereinigt",TOT,Geschlecht - Total,2006Q3,2006Q3,105908
49,49 Landverkehr und Transport in Rohrfernleitungen,3,"Total,saisonbereinigt",TOT,Geschlecht - Total,2006Q4,2006Q4,106944
49,49 Landverkehr und Transport in Rohrfernleitungen,3,"Total,saisonbereinigt",TOT,Geschlecht - Total,2007Q1,2007Q1,107629
49,49 Landverkehr und Transport in Rohrfernleitungen,3,"Total,saisonbereinigt",TOT,Geschlecht - Total,2007Q2,2007Q2,108341
49,49 Landverkehr und Transport in Rohrfernleitungen,3,"Total,saisonbereinigt",TOT,Geschlecht - Total,2007Q3,2007Q3,108410
49,49 Landverkehr und Transport in Rohrfernleitungen,3,"Total,saisonbereinigt",TOT,Geschlecht - Total,2007Q4,2007Q4,109067
49,49 Landverkehr und Transport in Rohrfernleitungen,3,"Total,saisonbereinigt",TOT,Geschlecht - Total,2008Q1,2008Q1,110622
49,49 Landverkehr und Transport in Rohrfernleitungen,3,"Total,saisonbereinigt",TOT,Geschlecht - Total,2008Q2,2008Q2,110995
49,49 Landverkehr und Transport in Rohrfernleitungen,3,"Total,saisonbereinigt",TOT,Geschlecht - Total,2008Q3,2008Q3,111220
49,49 Landverkehr und Transport in Rohrfernleitungen,3,"Total,saisonbereinigt",TOT,Geschlecht - Total,2008Q4,2008Q4,110608
49,49 Landverkehr und Transport in Rohrfernleitungen,3,"Total,saisonbereinigt",TOT,Geschlecht - Total,2009Q1,2009Q1,110646
49,49 Landverkehr und Transport in Rohrfernleitungen,3,"Total,saisonbereinigt",TOT,Geschlecht - Total,2009Q2,2009Q2,110878
49,49 Landverkehr und Transport in Rohrfernleitungen,3,"Total,saisonbereinigt",TOT,Geschlecht - Total,2009Q3,2009Q3,110427
49,49 Landverkehr und Transport in Rohrfernleitungen,3,"Total,saisonbereinigt",TOT,Geschlecht - Total,2009Q4,2009Q4,110252
49,49 Landverkehr und Transport in Rohrfernleitungen,3,"Total,saisonbereinigt",TOT,Geschlecht - Total,2010Q1,2010Q1,111500
49,49 Landverkehr und Transport in Rohrfernleitungen,3,"Total,saisonbereinigt",TOT,Geschlecht - Total,2010Q2,2010Q2,111476
49,49 Landverkehr und Transport in Rohrfernleitungen,3,"Total,saisonbereinigt",TOT,Geschlecht - Total,2010Q3,2010Q3,111712
49,49 Landverkehr und Transport in Rohrfernleitungen,3,"Total,saisonbereinigt",TOT,Geschlecht - Total,2010Q4,2010Q4,113213
49,49 Landverkehr und Transport in Rohrfernleitungen,3,"Total,saisonbereinigt",TOT,Geschlecht - Total,2011Q1,2011Q1,111642
49,49 Landverkehr und Transport in Rohrfernleitungen,3,"Total,saisonbereinigt",TOT,Geschlecht - Total,2011Q2,2011Q2,113489
49,49 Landverkehr und Transport in Rohrfernleitungen,3,"Total,saisonbereinigt",TOT,Geschlecht - Total,2011Q3,2011Q3,114351
49,49 Landverkehr und Transport in Rohrfernleitungen,3,"Total,saisonbereinigt",TOT,Geschlecht - Total,2011Q4,2011Q4,114346
49,49 Landverkehr und Transport in Rohrfernleitungen,3,"Total,saisonbereinigt",TOT,Geschlecht - Total,2012Q1,2012Q1,114295
49,49 Landverkehr und Transport in Rohrfernleitungen,3,"Total,saisonbereinigt",TOT,Geschlecht - Total,2012Q2,2012Q2,116196
49,49 Landverkehr und Transport in Rohrfernleitungen,3,"Total,saisonbereinigt",TOT,Geschlecht - Total,2012Q3,2012Q3,117529
49,49 Landverkehr und Transport in Rohrfernleitungen,3,"Total,saisonbereinigt",TOT,Geschlecht - Total,2012Q4,2012Q4,118946
49,49 Landverkehr und Transport in Rohrfernleitungen,3,"Total,saisonbereinigt",TOT,Geschlecht - Total,2013Q1,2013Q1,118529
49,49 Landverkehr und Transport in Rohrfernleitungen,3,"Total,saisonbereinigt",TOT,Geschlecht - Total,2013Q2,2013Q2,118853
49,49 Landverkehr und Transport in Rohrfernleitungen,3,"Total,saisonbereinigt",TOT,Geschlecht - Total,2013Q3,2013Q3,119774
49,49 Landverkehr und Transport in Rohrfernleitungen,3,"Total,saisonbereinigt",TOT,Geschlecht - Total,2013Q4,2013Q4,119009
49,49 Landverkehr und Transport in Rohrfernleitungen,3,"Total,saisonbereinigt",TOT,Geschlecht - Total,2014Q1,2014Q1,120007
49,49 Landverkehr und Transport in Rohrfernleitungen,3,"Total,saisonbereinigt",TOT,Geschlecht - Total,2014Q2,2014Q2,120229
49,49 Landverkehr und Transport in Rohrfernleitungen,3,"Total,saisonbereinigt",TOT,Geschlecht - Total,2014Q3,2014Q3,121485
49,49 Landverkehr und Transport in Rohrfernleitungen,3,"Total,saisonbereinigt",TOT,Geschlecht - Total,2014Q4,2014Q4,120573
49,49 Landverkehr und Transport in Rohrfernleitungen,3,"Total,saisonbereinigt",TOT,Geschlecht - Total,2015Q1,2015Q1,121599
49,49 Landverkehr und Transport in Rohrfernleitungen,3,"Total,saisonbereinigt",TOT,Geschlecht - Total,2015Q2,2015Q2,121891
49,49 Landverkehr und Transport in Rohrfernleitungen,3,"Total,saisonbereinigt",TOT,Geschlecht - Total,2015Q3,2015Q3,121226
49,49 Landverkehr und Transport in Rohrfernleitungen,3,"Total,saisonbereinigt",TOT,Geschlecht - Total,2015Q4,2015Q4,120118
49,49 Landverkehr und Transport in Rohrfernleitungen,3,"Total,saisonbereinigt",TOT,Geschlecht - Total,2016Q1,2016Q1,120319
49,49 Landverkehr und Transport in Rohrfernleitungen,3,"Total,saisonbereinigt",TOT,Geschlecht - Total,2016Q2,2016Q2,120710
49,49 Landverkehr und Transport in Rohrfernleitungen,3,"Total,saisonbereinigt",TOT,Geschlecht - Total,2016Q3,2016Q3,121454
49,49 Landverkehr und Transport in Rohrfernleitungen,3,"Total,saisonbereinigt",TOT,Geschlecht - Total,2016Q4,2016Q4,121328
49,49 Landverkehr und Transport in Rohrfernleitungen,3,"Total,saisonbereinigt",TOT,Geschlecht - Total,2017Q1,2017Q1,119989
49,49 Landverkehr und Transport in Rohrfernleitungen,3,"Total,saisonbereinigt",TOT,Geschlecht - Total,2017Q2,2017Q2,122380
49,49 Landverkehr und Transport in Rohrfernleitungen,3,"Total,saisonbereinigt",TOT,Geschlecht - Total,2017Q3,2017Q3,121711
49,49 Landverkehr und Transport in Rohrfernleitungen,3,"Total,saisonbereinigt",TOT,Geschlecht - Total,2017Q4,2017Q4,122181
49,49 Landverkehr und Transport in Rohrfernleitungen,3,"Total,saisonbereinigt",TOT,Geschlecht - Total,2018Q1,2018Q1,122078
49,49 Landverkehr und Transport in Rohrfernleitungen,3,"Total,saisonbereinigt",TOT,Geschlecht - Total,2018Q2,2018Q2,122320
49,49 Landverkehr und Transport in Rohrfernleitungen,3,"Total,saisonbereinigt",TOT,Geschlecht - Total,2018Q3,2018Q3,121762
49,49 Landverkehr und Transport in Rohrfernleitungen,3,"Total,saisonbereinigt",TOT,Geschlecht - Total,2018Q4,2018Q4,121687
49,49 Landverkehr und Transport in Rohrfernleitungen,3,"Total,saisonbereinigt",TOT,Geschlecht - Total,2019Q1,2019Q1,123967
49,49 Landverkehr und Transport in Rohrfernleitungen,3,"Total,saisonbereinigt",TOT,Geschlecht - Total,2019Q2,2019Q2,124047
49,49 Landverkehr und Transport in Rohrfernleitungen,3,"Total,saisonbereinigt",TOT,Geschlecht - Total,2019Q3,2019Q3,123583
49,49 Landverkehr und Transport in Rohrfernleitungen,3,"Total,saisonbereinigt",TOT,Geschlecht - Total,2019Q4,2019Q4,124933
49,49 Landverkehr und Transport in Rohrfernleitungen,3,"Total,saisonbereinigt",TOT,Geschlecht - Total,2020Q1,2020Q1,122702
49,49 Landverkehr und Transport in Rohrfernleitungen,3,"Total,saisonbereinigt",TOT,Geschlecht - Total,2020Q2,2020Q2,121341
49,49 Landverkehr und Transport in Rohrfernleitungen,3,"Total,saisonbereinigt",TOT,Geschlecht - Total,2020Q3,2020Q3,121755
49,49 Landverkehr und Transport in Rohrfernleitungen,3,"Total,saisonbereinigt",TOT,Geschlecht - Total,2020Q4,2020Q4,126100
49,49 Landverkehr und Transport in Rohrfernleitungen,3,"Total,saisonbereinigt",TOT,Geschlecht - Total,2021Q1,2021Q1,125183
49,49 Landverkehr und Transport in Rohrfernleitungen,3,"Total,saisonbereinigt",TOT,Geschlecht - Total,2021Q2,2021Q2,123806
49,49 Landverkehr und Transport in Rohrfernleitungen,3,"Total,saisonbereinigt",TOT,Geschlecht - Total,2021Q3,2021Q3,126924
49,49 Landverkehr und Transport in Rohrfernleitungen,3,"Total,saisonbereinigt",TOT,Geschlecht - Total,2021Q4,2021Q4,129230
49,49 Landverkehr und Transport in Rohrfernleitungen,3,"Total,saisonbereinigt",TOT,Geschlecht - Total,2022Q1,2022Q1,127987
49,49 Landverkehr und Transport in Rohrfernleitungen,3,"Total,saisonbereinigt",TOT,Geschlecht - Total,2022Q2,2022Q2,127967
49,49 Landverkehr und Transport in Rohrfernleitungen,3,"Total,saisonbereinigt",TOT,Geschlecht - Total,2022Q3,2022Q3,127621
49,49 Landverkehr und Transport in Rohrfernleitungen,3,"Total,saisonbereinigt",TOT,Geschlecht - Total,2022Q4,2022Q4,130490
49,49 Landverkehr und Transport in Rohrfernleitungen,3,"Total,saisonbereinigt",TOT,Geschlecht - Total,2023Q1,2023Q1,133299
49,49 Landverkehr und Transport in Rohrfernleitungen,3,"Total,saisonbereinigt",TOT,Geschlecht - Total,2023Q2,2023Q2,131701
49,49 Landverkehr und Transport in Rohrfernleitungen,3,"Total,saisonbereinigt",TOT,Geschlecht - Total,2023Q3,2023Q3,132837
49,49 Landverkehr und Transport in Rohrfernleitungen,3,"Total,saisonbereinigt",TOT,Geschlecht - Total,2023Q4,2023Q4,133657
49,49 Landverkehr und Transport in Rohrfernleitungen,3,"Total,saisonbereinigt",TOT,Geschlecht - Total,2024Q1,2024Q1,134267
49,49 Landverkehr und Transport in Rohrfernleitungen,3,"Total,saisonbereinigt",TOT,Geschlecht - Total,2024Q2,2024Q2,137010
49,49 Landverkehr und Transport in Rohrfernleitungen,3,"Total,saisonbereinigt",TOT,Geschlecht - Total,2024Q3,2024Q3,137381
49,49 Landverkehr und Transport in Rohrfernleitungen,3,"Total,saisonbereinigt",TOT,Geschlecht - Total,2024Q4,2024Q4,135958
49,49 Landverkehr und Transport in Rohrfernleitungen,3,"Total,saisonbereinigt",TOT,Geschlecht - Total,2025Q1,2025Q1,137290
49,49 Landverkehr und Transport in Rohrfernleitungen,3,"Total,saisonbereinigt",TOT,Geschlecht - Total,2025Q2,2025Q2,136614
49,49 Landverkehr und Transport in Rohrfernleitungen,3,"Total,saisonbereinigt",TOT,Geschlecht - Total,2025Q3,2025Q3,137618
49,49 Landverkehr und Transport in Rohrfernleitungen,3,"Total,saisonbereinigt",TOT,Geschlecht - Total,2025Q4,2025Q4,136587
49,49 Landverkehr und Transport in Rohrfernleitungen,3,"Total,saisonbereinigt",TOT,Geschlecht - Total,2026Q1,2026Q1,137641
49,49 Landverkehr und Transport in Rohrfernleitungen,3,"Total,saisonbereinigt",TOT,Geschlecht - Total,2026Q2,2026Q2,140703
52,52 Lagerei sowie Erbring. v. sonst. Dienstl. für den Verk.,TOT,Beschäftigungsgrad - Total,TOT,Geschlecht - Total,1991Q3,1991Q3,30563
52,52 Lagerei sowie Erbring. v. sonst. Dienstl. für den Verk.,TOT,Beschäftigungsgrad - Total,TOT,Geschlecht - Total,1991Q4,1991Q4,31484
52,52 Lagerei sowie Erbring. v. sonst. Dienstl. für den Verk.,TOT,Beschäftigungsgrad - Total,TOT,Geschlecht - Total,1992Q1,1992Q1,31812
52,52 Lagerei sowie Erbring. v. sonst. Dienstl. für den Verk.,TOT,Beschäftigungsgrad - Total,TOT,Geschlecht - Total,1992Q2,1992Q2,32588
52,52 Lagerei sowie Erbring. v. sonst. Dienstl. für den Verk.,TOT,Beschäftigungsgrad - Total,TOT,Geschlecht - Total,1992Q3,1992Q3,32718
52,52 Lagerei sowie Erbring. v. sonst. Dienstl. für den Verk.,TOT,Beschäftigungsgrad - Total,TOT,Geschlecht - Total,1992Q4,1992Q4,32981
52,52 Lagerei sowie Erbring. v. sonst. Dienstl. für den Verk.,TOT,Beschäftigungsgrad - Total,TOT,Geschlecht - Total,1993Q1,1993Q1,33301
52,52 Lagerei sowie Erbring. v. sonst. Dienstl. für den Verk.,TOT,Beschäftigungsgrad - Total,TOT,Geschlecht - Total,1993Q2,1993Q2,33999
52,52 Lagerei sowie Erbring. v. sonst. Dienstl. für den Verk.,TOT,Beschäftigungsgrad - Total,TOT,Geschlecht - Total,1993Q3,1993Q3,34829
52,52 Lagerei sowie Erbring. v. sonst. Dienstl. für den Verk.,TOT,Beschäftigungsgrad - Total,TOT,Geschlecht - Total,1993Q4,1993Q4,35454
52,52 Lagerei sowie Erbring. v. sonst. Dienstl. für den Verk.,TOT,Beschäftigungsgrad - Total,TOT,Geschlecht - Total,1994Q1,1994Q1,35796
52,52 Lagerei sowie Erbring. v. sonst. Dienstl. für den Verk.,TOT,Beschäftigungsgrad - Total,TOT,Geschlecht - Total,1994Q2,1994Q2,36263
52,52 Lagerei sowie Erbring. v. sonst. Dienstl. für den Verk.,TOT,Beschäftigungsgrad - Total,TOT,Geschlecht - Total,1994Q3,1994Q3,37576
52,52 Lagerei sowie Erbring. v. sonst. Dienstl. für den Verk.,TOT,Beschäftigungsgrad - Total,TOT,Geschlecht - Total,1994Q4,1994Q4,38803
52,52 Lagerei sowie Erbring. v. sonst. Dienstl. für den Verk.,TOT,Beschäftigungsgrad - Total,TOT,Geschlecht - Total,1995Q1,1995Q1,39746
52,52 Lagerei sowie Erbring. v. sonst. Dienstl. für den Verk.,TOT,Beschäftigungsgrad - Total,TOT,Geschlecht - Total,1995Q2,1995Q2,41137
52,52 Lagerei sowie Erbring. v. sonst. Dienstl. für den Verk.,TOT,Beschäftigungsgrad - Total,TOT,Geschlecht - Total,1995Q3,1995Q3,42237
52,52 Lagerei sowie Erbring. v. sonst. Dienstl. für den Verk.,TOT,Beschäftigungsgrad - Total,TOT,Geschlecht - Total,1995Q4,1995Q4,42675
52,52 Lagerei sowie Erbring. v. sonst. Dienstl. für den Verk.,TOT,Beschäftigungsgrad - Total,TOT,Geschlecht - Total,1996Q1,1996Q1,43774
52,52 Lagerei sowie Erbring. v. sonst. Dienstl. für den Verk.,TOT,Beschäftigungsgrad - Total,TOT,Geschlecht - Total,1996Q2,1996Q2,43849
52,52 Lagerei sowie Erbring. v. sonst. Dienstl. für den Verk.,TOT,Beschäftigungsgrad - Total,TOT,Geschlecht - Total,1996Q3,1996Q3,43768
52,52 Lagerei sowie Erbring. v. sonst. Dienstl. für den Verk.,TOT,Beschäftigungsgrad - Total,TOT,Geschlecht - Total,1996Q4,1996Q4,43666
52,52 Lagerei sowie Erbring. v. sonst. Dienstl. für den Verk.,TOT,Beschäftigungsgrad - Total,TOT,Geschlecht - Total,1997Q1,1997Q1,43763
52,52 Lagerei sowie Erbring. v. sonst. Dienstl. für den Verk.,TOT,Beschäftigungsgrad - Total,TOT,Geschlecht - Total,1997Q2,1997Q2,44149
52,52 Lagerei sowie Erbring. v. sonst. Dienstl. für den Verk.,TOT,Beschäftigungsgrad - Total,TOT,Geschlecht - Total,1997Q3,1997Q3,45774
52,52 Lagerei sowie Erbring. v. sonst. Dienstl. für den Verk.,TOT,Beschäftigungsgrad - Total,TOT,Geschlecht - Total,1997Q4,1997Q4,46722
52,52 Lagerei sowie Erbring. v. sonst. Dienstl. für den Verk.,TOT,Beschäftigungsgrad - Total,TOT,Geschlecht - Total,1998Q1,1998Q1,46198
52,52 Lagerei sowie Erbring. v. sonst. Dienstl. für den Verk.,TOT,Beschäftigungsgrad - Total,TOT,Geschlecht - Total,1998Q2,1998Q2,45788
52,52 Lagerei sowie Erbring. v. sonst. Dienstl. für den Verk.,TOT,Beschäftigungsgrad - Total,TOT,Geschlecht - Total,1998Q3,1998Q3,46493
52,52 Lagerei sowie Erbring. v. sonst. Dienstl. für den Verk.,TOT,Beschäftigungsgrad - Total,TOT,Geschlecht - Total,1998Q4,1998Q4,45841
52,52 Lagerei sowie Erbring. v. sonst. Dienstl. für den Verk.,TOT,Beschäftigungsgrad - Total,TOT,Geschlecht - Total,1999Q1,1999Q1,46450
52,52 Lagerei sowie Erbring. v. sonst. Dienstl. für den Verk.,TOT,Beschäftigungsgrad - Total,TOT,Geschlecht - Total,1999Q2,1999Q2,47722
52,52 Lagerei sowie Erbring. v. sonst. Dienstl. für den Verk.,TOT,Beschäftigungsgrad - Total,TOT,Geschlecht - Total,1999Q3,1999Q3,49145
52,52 Lagerei sowie Erbring. v. sonst. Dienstl. für den Verk.,TOT,Beschäftigungsgrad - Total,TOT,Geschlecht - Total,1999Q4,1999Q4,49940
52,52 Lagerei sowie Erbring. v. sonst. Dienstl. für den Verk.,TOT,Beschäftigungsgrad - Total,TOT,Geschlecht - Total,2000Q1,2000Q1,52226
52,52 Lagerei sowie Erbring. v. sonst. Dienstl. für den Verk.,TOT,Beschäftigungsgrad - Total,TOT,Geschlecht - Total,2000Q2,2000Q2,52273
52,52 Lagerei sowie Erbring. v. sonst. Dienstl. für den Verk.,TOT,Beschäftigungsgrad - Total,TOT,Geschlecht - Total,2000Q3,2000Q3,51766
52,52 Lagerei sowie Erbring. v. sonst. Dienstl. für den Verk.,TOT,Beschäftigungsgrad - Total,TOT,Geschlecht - Total,2000Q4,2000Q4,52038
52,52 Lagerei sowie Erbring. v. sonst. Dienstl. für den Verk.,TOT,Beschäftigungsgrad - Total,TOT,Geschlecht - Total,2001Q1,2001Q1,52231
52,52 Lagerei sowie Erbring. v. sonst. Dienstl. für den Verk.,TOT,Beschäftigungsgrad - Total,TOT,Geschlecht - Total,2001Q2,2001Q2,51250
52,52 Lagerei sowie Erbring. v. sonst. Dienstl. für den Verk.,TOT,Beschäftigungsgrad - Total,TOT,Geschlecht - Total,2001Q3,2001Q3,51226
52,52 Lagerei sowie Erbring. v. sonst. Dienstl. für den Verk.,TOT,Beschäftigungsgrad - Total,TOT,Geschlecht - Total,2001Q4,2001Q4,51494
52,52 Lagerei sowie Erbring. v. sonst. Dienstl. für den Verk.,TOT,Beschäftigungsgrad - Total,TOT,Geschlecht - Total,2002Q1,2002Q1,49831
52,52 Lagerei sowie Erbring. v. sonst. Dienstl. für den Verk.,TOT,Beschäftigungsgrad - Total,TOT,Geschlecht - Total,2002Q2,2002Q2,49376
52,52 Lagerei sowie Erbring. v. sonst. Dienstl. für den Verk.,TOT,Beschäftigungsgrad - Total,TOT,Geschlecht - Total,2002Q3,2002Q3,50693
52,52 Lagerei sowie Erbring. v. sonst. Dienstl. für den Verk.,TOT,Beschäftigungsgrad - Total,TOT,Geschlecht - Total,2002Q4,2002Q4,50245
52,52 Lagerei sowie Erbring. v. sonst. Dienstl. für den Verk.,TOT,Beschäftigungsgrad - Total,TOT,Geschlecht - Total,2003Q1,2003Q1,50275
52,52 Lagerei sowie Erbring. v. sonst. Dienstl. für den Verk.,TOT,Beschäftigungsgrad - Total,TOT,Geschlecht - Total,2003Q2,2003Q2,49784
52,52 Lagerei sowie Erbring. v. sonst. Dienstl. für den Verk.,TOT,Beschäftigungsgrad - Total,TOT,Geschlecht - Total,2003Q3,2003Q3,49559
52,52 Lagerei sowie Erbring. v. sonst. Dienstl. für den Verk.,TOT,Beschäftigungsgrad - Total,TOT,Geschlecht - Total,2003Q4,2003Q4,49481
52,52 Lagerei sowie Erbring. v. sonst. Dienstl. für den Verk.,TOT,Beschäftigungsgrad - Total,TOT,Geschlecht - Total,2004Q1,2004Q1,50832
52,52 Lagerei sowie Erbring. v. sonst. Dienstl. für den Verk.,TOT,Beschäftigungsgrad - Total,TOT,Geschlecht - Total,2004Q2,2004Q2,51326
52,52 Lagerei sowie Erbring. v. sonst. Dienstl. für den Verk.,TOT,Beschäftigungsgrad - Total,TOT,Geschlecht - Total,2004Q3,2004Q3,52365
52,52 Lagerei sowie Erbring. v. sonst. Dienstl. für den Verk.,TOT,Beschäftigungsgrad - Total,TOT,Geschlecht - Total,2004Q4,2004Q4,52502
52,52 Lagerei sowie Erbring. v. sonst. Dienstl. für den Verk.,TOT,Beschäftigungsgrad - Total,TOT,Geschlecht - Total,2005Q1,2005Q1,51860
52,52 Lagerei sowie Erbring. v. sonst. Dienstl. für den Verk.,TOT,Beschäftigungsgrad - Total,TOT,Geschlecht - Total,2005Q2,2005Q2,52377
52,52 Lagerei sowie Erbring. v. sonst. Dienstl. für den Verk.,TOT,Beschäftigungsgrad - Total,TOT,Geschlecht - Total,2005Q3,2005Q3,51864
52,52 Lagerei sowie Erbring. v. sonst. Dienstl. für den Verk.,TOT,Beschäftigungsgrad - Total,TOT,Geschlecht - Total,2005Q4,2005Q4,50827
52,52 Lagerei sowie Erbring. v. sonst. Dienstl. für den Verk.,TOT,Beschäftigungsgrad - Total,TOT,Geschlecht - Total,2006Q1,2006Q1,50759
52,52 Lagerei sowie Erbring. v. sonst. Dienstl. für den Verk.,TOT,Beschäftigungsgrad - Total,TOT,Geschlecht - Total,2006Q2,2006Q2,50819
52,52 Lagerei sowie Erbring. v. sonst. Dienstl. für den Verk.,TOT,Beschäftigungsgrad - Total,TOT,Geschlecht - Total,2006Q3,2006Q3,51529
52,52 Lagerei sowie Erbring. v. sonst. Dienstl. für den Verk.,TOT,Beschäftigungsgrad - Total,TOT,Geschlecht - Total,2006Q4,2006Q4,52314
52,52 Lagerei sowie Erbring. v. sonst. Dienstl. für den Verk.,TOT,Beschäftigungsgrad - Total,TOT,Geschlecht - Total,2007Q1,2007Q1,52188
52,52 Lagerei sowie Erbring. v. sonst. Dienstl. für den Verk.,TOT,Beschäftigungsgrad - Total,TOT,Geschlecht - Total,2007Q2,2007Q2,52466
52,52 Lagerei sowie Erbring. v. sonst. Dienstl. für den Verk.,TOT,Beschäftigungsgrad - Total,TOT,Geschlecht - Total,2007Q3,2007Q3,53346
52,52 Lagerei sowie Erbring. v. sonst. Dienstl. für den Verk.,TOT,Beschäftigungsgrad - Total,TOT,Geschlecht - Total,2007Q4,2007Q4,53920
52,52 Lagerei sowie Erbring. v. sonst. Dienstl. für den Verk.,TOT,Beschäftigungsgrad - Total,TOT,Geschlecht - Total,2008Q1,2008Q1,54608
52,52 Lagerei sowie Erbring. v. sonst. Dienstl. für den Verk.,TOT,Beschäftigungsgrad - Total,TOT,Geschlecht - Total,2008Q2,2008Q2,55371
52,52 Lagerei sowie Erbring. v. sonst. Dienstl. für den Verk.,TOT,Beschäftigungsgrad - Total,TOT,Geschlecht - Total,2008Q3,2008Q3,55608
52,52 Lagerei sowie Erbring. v. sonst. Dienstl. für den Verk.,TOT,Beschäftigungsgrad - Total,TOT,Geschlecht - Total,2008Q4,2008Q4,55189
52,52 Lagerei sowie Erbring. v. sonst. Dienstl. für den Verk.,TOT,Beschäftigungsgrad - Total,TOT,Geschlecht - Total,2009Q1,2009Q1,55374
52,52 Lagerei sowie Erbring. v. sonst. Dienstl. für den Verk.,TOT,Beschäftigungsgrad - Total,TOT,Geschlecht - Total,2009Q2,2009Q2,54903
52,52 Lagerei sowie Erbring. v. sonst. Dienstl. für den Verk.,TOT,Beschäftigungsgrad - Total,TOT,Geschlecht - Total,2009Q3,2009Q3,54285
52,52 Lagerei sowie Erbring. v. sonst. Dienstl. für den Verk.,TOT,Beschäftigungsgrad - Total,TOT,Geschlecht - Total,2009Q4,2009Q4,53827
52,52 Lagerei sowie Erbring. v. sonst. Dienstl. für den Verk.,TOT,Beschäftigungsgrad - Total,TOT,Geschlecht - Total,2010Q1,2010Q1,53696
52,52 Lagerei sowie Erbring. v. sonst. Dienstl. für den Verk.,TOT,Beschäftigungsgrad - Total,TOT,Geschlecht - Total,2010Q2,2010Q2,53624
52,52 Lagerei sowie Erbring. v. sonst. Dienstl. für den Verk.,TOT,Beschäftigungsgrad - Total,TOT,Geschlecht - Total,2010Q3,2010Q3,54347
52,52 Lagerei sowie Erbring. v. sonst. Dienstl. für den Verk.,TOT,Beschäftigungsgrad - Total,TOT,Geschlecht - Total,2010Q4,2010Q4,54502
52,52 Lagerei sowie Erbring. v. sonst. Dienstl. für den Verk.,TOT,Beschäftigungsgrad - Total,TOT,Geschlecht - Total,2011Q1,2011Q1,56971
52,52 Lagerei sowie Erbring. v. sonst. Dienstl. für den Verk.,TOT,Beschäftigungsgrad - Total,TOT,Geschlecht - Total,2011Q2,2011Q2,55575
52,52 Lagerei sowie Erbring. v. sonst. Dienstl. für den Verk.,TOT,Beschäftigungsgrad - Total,TOT,Geschlecht - Total,2011Q3,2011Q3,55941
52,52 Lagerei sowie Erbring. v. sonst. Dienstl. für den Verk.,TOT,Beschäftigungsgrad - Total,TOT,Geschlecht - Total,2011Q4,2011Q4,55281
52,52 Lagerei sowie Erbring. v. sonst. Dienstl. für den Verk.,TOT,Beschäftigungsgrad - Total,TOT,Geschlecht - Total,2012Q1,2012Q1,55456
52,52 Lagerei sowie Erbring. v. sonst. Dienstl. für den Verk.,TOT,Beschäftigungsgrad - Total,TOT,Geschlecht - Total,2012Q2,2012Q2,55716
52,52 Lagerei sowie Erbring. v. sonst. Dienstl. für den Verk.,TOT,Beschäftigungsgrad - Total,TOT,Geschlecht - Total,2012Q3,2012Q3,55590
52,52 Lagerei sowie Erbring. v. sonst. Dienstl. für den Verk.,TOT,Beschäftigungsgrad - Total,TOT,Geschlecht - Total,2012Q4,2012Q4,55319
52,52 Lagerei sowie Erbring. v. sonst. Dienstl. für den Verk.,TOT,Beschäftigungsgrad - Total,TOT,Geschlecht - Total,2013Q1,2013Q1,55083
52,52 Lagerei sowie Erbring. v. sonst. Dienstl. für den Verk.,TOT,Beschäftigungsgrad - Total,TOT,Geschlecht - Total,2013Q2,2013Q2,55419
52,52 Lagerei sowie Erbring. v. sonst. Dienstl. für den Verk.,TOT,Beschäftigungsgrad - Total,TOT,Geschlecht - Total,2013Q3,2013Q3,56118
52,52 Lagerei sowie Erbring. v. sonst. Dienstl. für den Verk.,TOT,Beschäftigungsgrad - Total,TOT,Geschlecht - Total,2013Q4,2013Q4,55439
52,52 Lagerei sowie Erbring. v. sonst. Dienstl. für den Verk.,TOT,Beschäftigungsgrad - Total,TOT,Geschlecht - Total,2014Q1,2014Q1,55943
52,52 Lagerei sowie Erbring. v. sonst. Dienstl. für den Verk.,TOT,Beschäftigungsgrad - Total,TOT,Geschlecht - Total,2014Q2,2014Q2,55725
52,52 Lagerei sowie Erbring. v. sonst. Dienstl. für den Verk.,TOT,Beschäftigungsgrad - Total,TOT,Geschlecht - Total,2014Q3,2014Q3,55423
52,52 Lagerei sowie Erbring. v. sonst. Dienstl. für den Verk.,TOT,Beschäftigungsgrad - Total,TOT,Geschlecht - Total,2014Q4,2014Q4,55684
52,52 Lagerei sowie Erbring. v. sonst. Dienstl. für den Verk.,TOT,Beschäftigungsgrad - Total,TOT,Geschlecht - Total,2015Q1,2015Q1,56585
52,52 Lagerei sowie Erbring. v. sonst. Dienstl. für den Verk.,TOT,Beschäftigungsgrad - Total,TOT,Geschlecht - Total,2015Q2,2015Q2,56262
52,52 Lagerei sowie Erbring. v. sonst. Dienstl. für den Verk.,TOT,Beschäftigungsgrad - Total,TOT,Geschlecht - Total,2015Q3,2015Q3,57103
52,52 Lagerei sowie Erbring. v. sonst. Dienstl. für den Verk.,TOT,Beschäftigungsgrad - Total,TOT,Geschlecht - Total,2015Q4,2015Q4,56359
52,52 Lagerei sowie Erbring. v. sonst. Dienstl. für den Verk.,TOT,Beschäftigungsgrad - Total,TOT,Geschlecht - Total,2016Q1,2016Q1,55107
52,52 Lagerei sowie Erbring. v. sonst. Dienstl. für den Verk.,TOT,Beschäftigungsgrad - Total,TOT,Geschlecht - Total,2016Q2,2016Q2,56935
52,52 Lagerei sowie Erbring. v. sonst. Dienstl. für den Verk.,TOT,Beschäftigungsgrad - Total,TOT,Geschlecht - Total,2016Q3,2016Q3,57505
52,52 Lagerei sowie Erbring. v. sonst. Dienstl. für den Verk.,TOT,Beschäftigungsgrad - Total,TOT,Geschlecht - Total,2016Q4,2016Q4,56787
52,52 Lagerei sowie Erbring. v. sonst. Dienstl. für den Verk.,TOT,Beschäftigungsgrad - Total,TOT,Geschlecht - Total,2017Q1,2017Q1,57797
52,52 Lagerei sowie Erbring. v. sonst. Dienstl. für den Verk.,TOT,Beschäftigungsgrad - Total,TOT,Geschlecht - Total,2017Q2,2017Q2,57914
52,52 Lagerei sowie Erbring. v. sonst. Dienstl. für den Verk.,TOT,Beschäftigungsgrad - Total,TOT,Geschlecht - Total,2017Q3,2017Q3,58379
52,52 Lagerei sowie Erbring. v. sonst. Dienstl. für den Verk.,TOT,Beschäftigungsgrad - Total,TOT,Geschlecht - Total,2017Q4,2017Q4,58391
52,52 Lagerei sowie Erbring. v. sonst. Dienstl. für den Verk.,TOT,Beschäftigungsgrad - Total,TOT,Geschlecht - Total,2018Q1,2018Q1,59254
52,52 Lagerei sowie Erbring. v. sonst. Dienstl. für den Verk.,TOT,Beschäftigungsgrad - Total,TOT,Geschlecht - Total,2018Q2,2018Q2,59791
52,52 Lagerei sowie Erbring. v. sonst. Dienstl. für den Verk.,TOT,Beschäftigungsgrad - Total,TOT,Geschlecht - Total,2018Q3,2018Q3,59949
52,52 Lagerei sowie Erbring. v. sonst. Dienstl. für den Verk.,TOT,Beschäftigungsgrad - Total,TOT,Geschlecht - Total,2018Q4,2018Q4,60034
52,52 Lagerei sowie Erbring. v. sonst. Dienstl. für den Verk.,TOT,Beschäftigungsgrad - Total,TOT,Geschlecht - Total,2019Q1,2019Q1,60701
52,52 Lagerei sowie Erbring. v. sonst. Dienstl. für den Verk.,TOT,Beschäftigungsgrad - Total,TOT,Geschlecht - Total,2019Q2,2019Q2,60995
52,52 Lagerei sowie Erbring. v. sonst. Dienstl. für den Verk.,TOT,Beschäftigungsgrad - Total,TOT,Geschlecht - Total,2019Q3,2019Q3,61060
52,52 Lagerei sowie Erbring. v. sonst. Dienstl. für den Verk.,TOT,Beschäftigungsgrad - Total,TOT,Geschlecht - Total,2019Q4,2019Q4,60705
52,52 Lagerei sowie Erbring. v. sonst. Dienstl. für den Verk.,TOT,Beschäftigungsgrad - Total,TOT,Geschlecht - Total,2020Q1,2020Q1,61165
52,52 Lagerei sowie Erbring. v. sonst. Dienstl. für den Verk.,TOT,Beschäftigungsgrad - Total,TOT,Geschlecht - Total,2020Q2,2020Q2,60250
52,52 Lagerei sowie Erbring. v. sonst. Dienstl. für den Verk.,TOT,Beschäftigungsgrad - Total,TOT,Geschlecht - Total,2020Q3,2020Q3,60377
52,52 Lagerei sowie Erbring. v. sonst. Dienstl. für den Verk.,TOT,Beschäftigungsgrad - Total,TOT,Geschlecht - Total,2020Q4,2020Q4,59891
52,52 Lagerei sowie Erbring. v. sonst. Dienstl. für den Verk.,TOT,Beschäftigungsgrad - Total,TOT,Geschlecht - Total,2021Q1,2021Q1,60149
52,52 Lagerei sowie Erbring. v. sonst. Dienstl. für den Verk.,TOT,Beschäftigungsgrad - Total,TOT,Geschlecht - Total,2021Q2,2021Q2,60679
52,52 Lagerei sowie Erbring. v. sonst. Dienstl. für den Verk.,TOT,Beschäftigungsgrad - Total,TOT,Geschlecht - Total,2021Q3,2021Q3,61256
52,52 Lagerei sowie Erbring. v. sonst. Dienstl. für den Verk.,TOT,Beschäftigungsgrad - Total,TOT,Geschlecht - Total,2021Q4,2021Q4,61529
52,52 Lagerei sowie Erbring. v. sonst. Dienstl. für den Verk.,TOT,Beschäftigungsgrad - Total,TOT,Geschlecht - Total,2022Q1,2022Q1,62845
52,52 Lagerei sowie Erbring. v. sonst. Dienstl. für den Verk.,TOT,Beschäftigungsgrad - Total,TOT,Geschlecht - Total,2022Q2,2022Q2,64168
52,52 Lagerei sowie Erbring. v. sonst. Dienstl. für den Verk.,TOT,Beschäftigungsgrad - Total,TOT,Geschlecht - Total,2022Q3,2022Q3,65316
52,52 Lagerei sowie Erbring. v. sonst. Dienstl. für den Verk.,TOT,Beschäftigungsgrad - Total,TOT,Geschlecht - Total,2022Q4,2022Q4,65558
52,52 Lagerei sowie Erbring. v. sonst. Dienstl. für den Verk.,TOT,Beschäftigungsgrad - Total,TOT,Geschlecht - Total,2023Q1,2023Q1,66249
52,52 Lagerei sowie Erbring. v. sonst. Dienstl. für den Verk.,TOT,Beschäftigungsgrad - Total,TOT,Geschlecht - Total,2023Q2,2023Q2,67038
52,52 Lagerei sowie Erbring. v. sonst. Dienstl. für den Verk.,TOT,Beschäftigungsgrad - Total,TOT,Geschlecht - Total,2023Q3,2023Q3,68050
52,52 Lagerei sowie Erbring. v. sonst. Dienstl. für den Verk.,TOT,Beschäftigungsgrad - Total,TOT,Geschlecht - Total,2023Q4,2023Q4,67933
52,52 Lagerei sowie Erbring. v. sonst. Dienstl. für den Verk.,TOT,Beschäftigungsgrad - Total,TOT,Geschlecht - Total,2024Q1,2024Q1,68332
52,52 Lagerei sowie Erbring. v. sonst. Dienstl. für den Verk.,TOT,Beschäftigungsgrad - Total,TOT,Geschlecht - Total,2024Q2,2024Q2,69308
52,52 Lagerei sowie Erbring. v. sonst. Dienstl. für den Verk.,TOT,Beschäftigungsgrad - Total,TOT,Geschlecht - Total,2024Q3,2024Q3,70428
52,52 Lagerei sowie Erbring. v. sonst. Dienstl. für den Verk.,TOT,Beschäftigungsgrad - Total,TOT,Geschlecht - Total,2024Q4,2024Q4,71086
52,52 Lagerei sowie Erbring. v. sonst. Dienstl. für den Verk.,TOT,Beschäftigungsgrad - Total,TOT,Geschlecht - Total,2025Q1,2025Q1,70583
52,52 Lagerei sowie Erbring. v. sonst. Dienstl. für den Verk.,TOT,Beschäftigungsgrad - Total,TOT,Geschlecht - Total,2025Q2,2025Q2,70811
52,52 Lagerei sowie Erbring. v. sonst. Dienstl. für den Verk.,TOT,Beschäftigungsgrad - Total,TOT,Geschlecht - Total,2025Q3,2025Q3,70762
52,52 Lagerei sowie Erbring. v. sonst. Dienstl. für den Verk.,TOT,Beschäftigungsgrad - Total,TOT,Geschlecht - Total,2025Q4,2025Q4,69589
52,52 Lagerei sowie Erbring. v. sonst. Dienstl. für den Verk.,TOT,Beschäftigungsgrad - Total,TOT,Geschlecht - Total,2026Q1,2026Q1,71068
52,52 Lagerei sowie Erbring. v. sonst. Dienstl. für den Verk.,TOT,Beschäftigungsgrad - Total,TOT,Geschlecht - Total,2026Q2,2026Q2,71364
52,52 Lagerei sowie Erbring. v. sonst. Dienstl. für den Verk.,3,"Total,saisonbereinigt",TOT,Geschlecht - Total,1991Q3,1991Q3,30518
52,52 Lagerei sowie Erbring. v. sonst. Dienstl. für den Verk.,3,"Total,saisonbereinigt",TOT,Geschlecht - Total,1991Q4,1991Q4,31391
52,52 Lagerei sowie Erbring. v. sonst. Dienstl. für den Verk.,3,"Total,saisonbereinigt",TOT,Geschlecht - Total,1992Q1,1992Q1,31890
52,52 Lagerei sowie Erbring. v. sonst. Dienstl. für den Verk.,3,"Total,saisonbereinigt",TOT,Geschlecht - Total,1992Q2,1992Q2,32654
52,52 Lagerei sowie Erbring. v. sonst. Dienstl. für den Verk.,3,"Total,saisonbereinigt",TOT,Geschlecht - Total,1992Q3,1992Q3,32669
52,52 Lagerei sowie Erbring. v. sonst. Dienstl. für den Verk.,3,"Total,saisonbereinigt",TOT,Geschlecht - Total,1992Q4,1992Q4,32888
52,52 Lagerei sowie Erbring. v. sonst. Dienstl. für den Verk.,3,"Total,saisonbereinigt",TOT,Geschlecht - Total,1993Q1,1993Q1,33372
52,52 Lagerei sowie Erbring. v. sonst. Dienstl. für den Verk.,3,"Total,saisonbereinigt",TOT,Geschlecht - Total,1993Q2,1993Q2,34078
52,52 Lagerei sowie Erbring. v. sonst. Dienstl. für den Verk.,3,"Total,saisonbereinigt",TOT,Geschlecht - Total,1993Q3,1993Q3,34770
52,52 Lagerei sowie Erbring. v. sonst. Dienstl. für den Verk.,3,"Total,saisonbereinigt",TOT,Geschlecht - Total,1993Q4,1993Q4,35358
52,52 Lagerei sowie Erbring. v. sonst. Dienstl. für den Verk.,3,"Total,saisonbereinigt",TOT,Geschlecht - Total,1994Q1,1994Q1,35866
52,52 Lagerei sowie Erbring. v. sonst. Dienstl. für den Verk.,3,"Total,saisonbereinigt",TOT,Geschlecht - Total,1994Q2,1994Q2,36359
52,52 Lagerei sowie Erbring. v. sonst. Dienstl. für den Verk.,3,"Total,saisonbereinigt",TOT,Geschlecht - Total,1994Q3,1994Q3,37500
52,52 Lagerei sowie Erbring. v. sonst. Dienstl. für den Verk.,3,"Total,saisonbereinigt",TOT,Geschlecht - Total,1994Q4,1994Q4,38713
52,52 Lagerei sowie Erbring. v. sonst. Dienstl. für den Verk.,3,"Total,saisonbereinigt",TOT,Geschlecht - Total,1995Q1,1995Q1,39810
52,52 Lagerei sowie Erbring. v. sonst. Dienstl. für den Verk.,3,"Total,saisonbereinigt",TOT,Geschlecht - Total,1995Q2,1995Q2,41248
52,52 Lagerei sowie Erbring. v. sonst. Dienstl. für den Verk.,3,"Total,saisonbereinigt",TOT,Geschlecht - Total,1995Q3,1995Q3,42145
52,52 Lagerei sowie Erbring. v. sonst. Dienstl. für den Verk.,3,"Total,saisonbereinigt",TOT,Geschlecht - Total,1995Q4,1995Q4,42603
52,52 Lagerei sowie Erbring. v. sonst. Dienstl. für den Verk.,3,"Total,saisonbereinigt",TOT,Geschlecht - Total,1996Q1,1996Q1,43816
52,52 Lagerei sowie Erbring. v. sonst. Dienstl. für den Verk.,3,"Total,saisonbereinigt",TOT,Geschlecht - Total,1996Q2,1996Q2,43973
52,52 Lagerei sowie Erbring. v. sonst. Dienstl. für den Verk.,3,"Total,saisonbereinigt",TOT,Geschlecht - Total,1996Q3,1996Q3,43676
52,52 Lagerei sowie Erbring. v. sonst. Dienstl. für den Verk.,3,"Total,saisonbereinigt",TOT,Geschlecht - Total,1996Q4,1996Q4,43611
52,52 Lagerei sowie Erbring. v. sonst. Dienstl. für den Verk.,3,"Total,saisonbereinigt",TOT,Geschlecht - Total,1997Q1,1997Q1,43773
52,52 Lagerei sowie Erbring. v. sonst. Dienstl. für den Verk.,3,"Total,saisonbereinigt",TOT,Geschlecht - Total,1997Q2,1997Q2,44290
52,52 Lagerei sowie Erbring. v. sonst. Dienstl. für den Verk.,3,"Total,saisonbereinigt",TOT,Geschlecht - Total,1997Q3,1997Q3,45675
52,52 Lagerei sowie Erbring. v. sonst. Dienstl. für den Verk.,3,"Total,saisonbereinigt",TOT,Geschlecht - Total,1997Q4,1997Q4,46677
52,52 Lagerei sowie Erbring. v. sonst. Dienstl. für den Verk.,3,"Total,saisonbereinigt",TOT,Geschlecht - Total,1998Q1,1998Q1,46186
52,52 Lagerei sowie Erbring. v. sonst. Dienstl. für den Verk.,3,"Total,saisonbereinigt",TOT,Geschlecht - Total,1998Q2,1998Q2,45944
52,52 Lagerei sowie Erbring. v. sonst. Dienstl. für den Verk.,3,"Total,saisonbereinigt",TOT,Geschlecht - Total,1998Q3,1998Q3,46385
52,52 Lagerei sowie Erbring. v. sonst. Dienstl. für den Verk.,3,"Total,saisonbereinigt",TOT,Geschlecht - Total,1998Q4,1998Q4,45819
52,52 Lagerei sowie Erbring. v. sonst. Dienstl. für den Verk.,3,"Total,saisonbereinigt",TOT,Geschlecht - Total,1999Q1,1999Q1,46415
52,52 Lagerei sowie Erbring. v. sonst. Dienstl. für den Verk.,3,"Total,saisonbereinigt",TOT,Geschlecht - Total,1999Q2,1999Q2,47893
52,52 Lagerei sowie Erbring. v. sonst. Dienstl. für den Verk.,3,"Total,saisonbereinigt",TOT,Geschlecht - Total,1999Q3,1999Q3,49022
52,52 Lagerei sowie Erbring. v. sonst. Dienstl. für den Verk.,3,"Total,saisonbereinigt",TOT,Geschlecht - Total,1999Q4,1999Q4,49940
52,52 Lagerei sowie Erbring. v. sonst. Dienstl. für den Verk.,3,"Total,saisonbereinigt",TOT,Geschlecht - Total,2000Q1,2000Q1,52169
52,52 Lagerei sowie Erbring. v. sonst. Dienstl. für den Verk.,3,"Total,saisonbereinigt",TOT,Geschlecht - Total,2000Q2,2000Q2,52456
52,52 Lagerei sowie Erbring. v. sonst. Dienstl. für den Verk.,3,"Total,saisonbereinigt",TOT,Geschlecht - Total,2000Q3,2000Q3,51632
52,52 Lagerei sowie Erbring. v. sonst. Dienstl. für den Verk.,3,"Total,saisonbereinigt",TOT,Geschlecht - Total,2000Q4,2000Q4,52063
52,52 Lagerei sowie Erbring. v. sonst. Dienstl. für den Verk.,3,"Total,saisonbereinigt",TOT,Geschlecht - Total,2001Q1,2001Q1,52160
52,52 Lagerei sowie Erbring. v. sonst. Dienstl. für den Verk.,3,"Total,saisonbereinigt",TOT,Geschlecht - Total,2001Q2,2001Q2,51425
52,52 Lagerei sowie Erbring. v. sonst. Dienstl. für den Verk.,3,"Total,saisonbereinigt",TOT,Geschlecht - Total,2001Q3,2001Q3,51087
52,52 Lagerei sowie Erbring. v. sonst. Dienstl. für den Verk.,3,"Total,saisonbereinigt",TOT,Geschlecht - Total,2001Q4,2001Q4,51538
52,52 Lagerei sowie Erbring. v. sonst. Dienstl. für den Verk.,3,"Total,saisonbereinigt",TOT,Geschlecht - Total,2002Q1,2002Q1,49765
52,52 Lagerei sowie Erbring. v. sonst. Dienstl. für den Verk.,3,"Total,saisonbereinigt",TOT,Geschlecht - Total,2002Q2,2002Q2,49523
52,52 Lagerei sowie Erbring. v. sonst. Dienstl. für den Verk.,3,"Total,saisonbereinigt",TOT,Geschlecht - Total,2002Q3,2002Q3,50559
52,52 Lagerei sowie Erbring. v. sonst. Dienstl. für den Verk.,3,"Total,saisonbereinigt",TOT,Geschlecht - Total,2002Q4,2002Q4,50305
52,52 Lagerei sowie Erbring. v. sonst. Dienstl. für den Verk.,3,"Total,saisonbereinigt",TOT,Geschlecht - Total,2003Q1,2003Q1,50207
52,52 Lagerei sowie Erbring. v. sonst. Dienstl. für den Verk.,3,"Total,saisonbereinigt",TOT,Geschlecht - Total,2003Q2,2003Q2,49911
52,52 Lagerei sowie Erbring. v. sonst. Dienstl. für den Verk.,3,"Total,saisonbereinigt",TOT,Geschlecht - Total,2003Q3,2003Q3,49436
52,52 Lagerei sowie Erbring. v. sonst. Dienstl. für den Verk.,3,"Total,saisonbereinigt",TOT,Geschlecht - Total,2003Q4,2003Q4,49547
52,52 Lagerei sowie Erbring. v. sonst. Dienstl. für den Verk.,3,"Total,saisonbereinigt",TOT,Geschlecht - Total,2004Q1,2004Q1,50773
52,52 Lagerei sowie Erbring. v. sonst. Dienstl. für den Verk.,3,"Total,saisonbereinigt",TOT,Geschlecht - Total,2004Q2,2004Q2,51439
52,52 Lagerei sowie Erbring. v. sonst. Dienstl. für den Verk.,3,"Total,saisonbereinigt",TOT,Geschlecht - Total,2004Q3,2004Q3,52236
52,52 Lagerei sowie Erbring. v. sonst. Dienstl. für den Verk.,3,"Total,saisonbereinigt",TOT,Geschlecht - Total,2004Q4,2004Q4,52572
52,52 Lagerei sowie Erbring. v. sonst. Dienstl. für den Verk.,3,"Total,saisonbereinigt",TOT,Geschlecht - Total,2005Q1,2005Q1,51820
52,52 Lagerei sowie Erbring. v. sonst. Dienstl. für den Verk.,3,"Total,saisonbereinigt",TOT,Geschlecht - Total,2005Q2,2005Q2,52475
52,52 Lagerei sowie Erbring. v. sonst. Dienstl. für den Verk.,3,"Total,saisonbereinigt",TOT,Geschlecht - Total,2005Q3,2005Q3,51723
52,52 Lagerei sowie Erbring. v. sonst. Dienstl. für den Verk.,3,"Total,saisonbereinigt",TOT,Geschlecht - Total,2005Q4,2005Q4,50911
52,52 Lagerei sowie Erbring. v. sonst. Dienstl. für den Verk.,3,"Total,saisonbereinigt",TOT,Geschlecht - Total,2006Q1,2006Q1,50737
52,52 Lagerei sowie Erbring. v. sonst. Dienstl. für den Verk.,3,"Total,saisonbereinigt",TOT,Geschlecht - Total,2006Q2,2006Q2,50890
52,52 Lagerei sowie Erbring. v. sonst. Dienstl. für den Verk.,3,"Total,saisonbereinigt",TOT,Geschlecht - Total,2006Q3,2006Q3,51380
52,52 Lagerei sowie Erbring. v. sonst. Dienstl. für den Verk.,3,"Total,saisonbereinigt",TOT,Geschlecht - Total,2006Q4,2006Q4,52422
52,52 Lagerei sowie Erbring. v. sonst. Dienstl. für den Verk.,3,"Total,saisonbereinigt",TOT,Geschlecht - Total,2007Q1,2007Q1,52178
52,52 Lagerei sowie Erbring. v. sonst. Dienstl. für den Verk.,3,"Total,saisonbereinigt",TOT,Geschlecht - Total,2007Q2,2007Q2,52510
52,52 Lagerei sowie Erbring. v. sonst. Dienstl. für den Verk.,3,"Total,saisonbereinigt",TOT,Geschlecht - Total,2007Q3,2007Q3,53194
52,52 Lagerei sowie Erbring. v. sonst. Dienstl. für den Verk.,3,"Total,saisonbereinigt",TOT,Geschlecht - Total,2007Q4,2007Q4,54040
52,52 Lagerei sowie Erbring. v. sonst. Dienstl. für den Verk.,3,"Total,saisonbereinigt",TOT,Geschlecht - Total,2008Q1,2008Q1,54617
52,52 Lagerei sowie Erbring. v. sonst. Dienstl. für den Verk.,3,"Total,saisonbereinigt",TOT,Geschlecht - Total,2008Q2,2008Q2,55387
52,52 Lagerei sowie Erbring. v. sonst. Dienstl. für den Verk.,3,"Total,saisonbereinigt",TOT,Geschlecht - Total,2008Q3,2008Q3,55449
52,52 Lagerei sowie Erbring. v. sonst. Dienstl. für den Verk.,3,"Total,saisonbereinigt",TOT,Geschlecht - Total,2008Q4,2008Q4,55326
52,52 Lagerei sowie Erbring. v. sonst. Dienstl. für den Verk.,3,"Total,saisonbereinigt",TOT,Geschlecht - Total,2009Q1,2009Q1,55395
52,52 Lagerei sowie Erbring. v. sonst. Dienstl. für den Verk.,3,"Total,saisonbereinigt",TOT,Geschlecht - Total,2009Q2,2009Q2,54896
52,52 Lagerei sowie Erbring. v. sonst. Dienstl. für den Verk.,3,"Total,saisonbereinigt",TOT,Geschlecht - Total,2009Q3,2009Q3,54131
52,52 Lagerei sowie Erbring. v. sonst. Dienstl. für den Verk.,3,"Total,saisonbereinigt",TOT,Geschlecht - Total,2009Q4,2009Q4,53972
52,52 Lagerei sowie Erbring. v. sonst. Dienstl. für den Verk.,3,"Total,saisonbereinigt",TOT,Geschlecht - Total,2010Q1,2010Q1,53721
52,52 Lagerei sowie Erbring. v. sonst. Dienstl. für den Verk.,3,"Total,saisonbereinigt",TOT,Geschlecht - Total,2010Q2,2010Q2,53602
52,52 Lagerei sowie Erbring. v. sonst. Dienstl. für den Verk.,3,"Total,saisonbereinigt",TOT,Geschlecht - Total,2010Q3,2010Q3,54185
52,52 Lagerei sowie Erbring. v. sonst. Dienstl. für den Verk.,3,"Total,saisonbereinigt",TOT,Geschlecht - Total,2010Q4,2010Q4,54678
52,52 Lagerei sowie Erbring. v. sonst. Dienstl. für den Verk.,3,"Total,saisonbereinigt",TOT,Geschlecht - Total,2011Q1,2011Q1,56984
52,52 Lagerei sowie Erbring. v. sonst. Dienstl. für den Verk.,3,"Total,saisonbereinigt",TOT,Geschlecht - Total,2011Q2,2011Q2,55543
52,52 Lagerei sowie Erbring. v. sonst. Dienstl. für den Verk.,3,"Total,saisonbereinigt",TOT,Geschlecht - Total,2011Q3,2011Q3,55767
52,52 Lagerei sowie Erbring. v. sonst. Dienstl. für den Verk.,3,"Total,saisonbereinigt",TOT,Geschlecht - Total,2011Q4,2011Q4,55490
52,52 Lagerei sowie Erbring. v. sonst. Dienstl. für den Verk.,3,"Total,saisonbereinigt",TOT,Geschlecht - Total,2012Q1,2012Q1,55451
52,52 Lagerei sowie Erbring. v. sonst. Dienstl. für den Verk.,3,"Total,saisonbereinigt",TOT,Geschlecht - Total,2012Q2,2012Q2,55684
52,52 Lagerei sowie Erbring. v. sonst. Dienstl. für den Verk.,3,"Total,saisonbereinigt",TOT,Geschlecht - Total,2012Q3,2012Q3,55403
52,52 Lagerei sowie Erbring. v. sonst. Dienstl. für den Verk.,3,"Total,saisonbereinigt",TOT,Geschlecht - Total,2012Q4,2012Q4,55559
52,52 Lagerei sowie Erbring. v. sonst. Dienstl. für den Verk.,3,"Total,saisonbereinigt",TOT,Geschlecht - Total,2013Q1,2013Q1,55063
52,52 Lagerei sowie Erbring. v. sonst. Dienstl. für den Verk.,3,"Total,saisonbereinigt",TOT,Geschlecht - Total,2013Q2,2013Q2,55384
52,52 Lagerei sowie Erbring. v. sonst. Dienstl. für den Verk.,3,"Total,saisonbereinigt",TOT,Geschlecht - Total,2013Q3,2013Q3,55922
52,52 Lagerei sowie Erbring. v. sonst. Dienstl. für den Verk.,3,"Total,saisonbereinigt",TOT,Geschlecht - Total,2013Q4,2013Q4,55705
52,52 Lagerei sowie Erbring. v. sonst. Dienstl. für den Verk.,3,"Total,saisonbereinigt",TOT,Geschlecht - Total,2014Q1,2014Q1,55908
52,52 Lagerei sowie Erbring. v. sonst. Dienstl. für den Verk.,3,"Total,saisonbereinigt",TOT,Geschlecht - Total,2014Q2,2014Q2,55683
52,52 Lagerei sowie Erbring. v. sonst. Dienstl. für den Verk.,3,"Total,saisonbereinigt",TOT,Geschlecht - Total,2014Q3,2014Q3,55234
52,52 Lagerei sowie Erbring. v. sonst. Dienstl. für den Verk.,3,"Total,saisonbereinigt",TOT,Geschlecht - Total,2014Q4,2014Q4,55961
52,52 Lagerei sowie Erbring. v. sonst. Dienstl. für den Verk.,3,"Total,saisonbereinigt",TOT,Geschlecht - Total,2015Q1,2015Q1,56544
52,52 Lagerei sowie Erbring. v. sonst. Dienstl. für den Verk.,3,"Total,saisonbereinigt",TOT,Geschlecht - Total,2015Q2,2015Q2,56210
52,52 Lagerei sowie Erbring. v. sonst. Dienstl. für den Verk.,3,"Total,saisonbereinigt",TOT,Geschlecht - Total,2015Q3,2015Q3,56915
52,52 Lagerei sowie Erbring. v. sonst. Dienstl. für den Verk.,3,"Total,saisonbereinigt",TOT,Geschlecht - Total,2015Q4,2015Q4,56644
52,52 Lagerei sowie Erbring. v. sonst. Dienstl. für den Verk.,3,"Total,saisonbereinigt",TOT,Geschlecht - Total,2016Q1,2016Q1,55066
52,52 Lagerei sowie Erbring. v. sonst. Dienstl. für den Verk.,3,"Total,saisonbereinigt",TOT,Geschlecht - Total,2016Q2,2016Q2,56875
52,52 Lagerei sowie Erbring. v. sonst. Dienstl. für den Verk.,3,"Total,saisonbereinigt",TOT,Geschlecht - Total,2016Q3,2016Q3,57320
52,52 Lagerei sowie Erbring. v. sonst. Dienstl. für den Verk.,3,"Total,saisonbereinigt",TOT,Geschlecht - Total,2016Q4,2016Q4,57080
52,52 Lagerei sowie Erbring. v. sonst. Dienstl. für den Verk.,3,"Total,saisonbereinigt",TOT,Geschlecht - Total,2017Q1,2017Q1,57748
52,52 Lagerei sowie Erbring. v. sonst. Dienstl. für den Verk.,3,"Total,saisonbereinigt",TOT,Geschlecht - Total,2017Q2,2017Q2,57851
52,52 Lagerei sowie Erbring. v. sonst. Dienstl. für den Verk.,3,"Total,saisonbereinigt",TOT,Geschlecht - Total,2017Q3,2017Q3,58197
52,52 Lagerei sowie Erbring. v. sonst. Dienstl. für den Verk.,3,"Total,saisonbereinigt",TOT,Geschlecht - Total,2017Q4,2017Q4,58685
52,52 Lagerei sowie Erbring. v. sonst. Dienstl. für den Verk.,3,"Total,saisonbereinigt",TOT,Geschlecht - Total,2018Q1,2018Q1,59208
52,52 Lagerei sowie Erbring. v. sonst. Dienstl. für den Verk.,3,"Total,saisonbereinigt",TOT,Geschlecht - Total,2018Q2,2018Q2,59731
52,52 Lagerei sowie Erbring. v. sonst. Dienstl. für den Verk.,3,"Total,saisonbereinigt",TOT,Geschlecht - Total,2018Q3,2018Q3,59753
52,52 Lagerei sowie Erbring. v. sonst. Dienstl. für den Verk.,3,"Total,saisonbereinigt",TOT,Geschlecht - Total,2018Q4,2018Q4,60332
52,52 Lagerei sowie Erbring. v. sonst. Dienstl. für den Verk.,3,"Total,saisonbereinigt",TOT,Geschlecht - Total,2019Q1,2019Q1,60668
52,52 Lagerei sowie Erbring. v. sonst. Dienstl. für den Verk.,3,"Total,saisonbereinigt",TOT,Geschlecht - Total,2019Q2,2019Q2,60930
52,52 Lagerei sowie Erbring. v. sonst. Dienstl. für den Verk.,3,"Total,saisonbereinigt",TOT,Geschlecht - Total,2019Q3,2019Q3,60861
52,52 Lagerei sowie Erbring. v. sonst. Dienstl. für den Verk.,3,"Total,saisonbereinigt",TOT,Geschlecht - Total,2019Q4,2019Q4,60987
52,52 Lagerei sowie Erbring. v. sonst. Dienstl. für den Verk.,3,"Total,saisonbereinigt",TOT,Geschlecht - Total,2020Q1,2020Q1,61156
52,52 Lagerei sowie Erbring. v. sonst. Dienstl. für den Verk.,3,"Total,saisonbereinigt",TOT,Geschlecht - Total,2020Q2,2020Q2,60181
52,52 Lagerei sowie Erbring. v. sonst. Dienstl. für den Verk.,3,"Total,saisonbereinigt",TOT,Geschlecht - Total,2020Q3,2020Q3,60178
52,52 Lagerei sowie Erbring. v. sonst. Dienstl. für den Verk.,3,"Total,saisonbereinigt",TOT,Geschlecht - Total,2020Q4,2020Q4,60152
52,52 Lagerei sowie Erbring. v. sonst. Dienstl. für den Verk.,3,"Total,saisonbereinigt",TOT,Geschlecht - Total,2021Q1,2021Q1,60165
52,52 Lagerei sowie Erbring. v. sonst. Dienstl. für den Verk.,3,"Total,saisonbereinigt",TOT,Geschlecht - Total,2021Q2,2021Q2,60598
52,52 Lagerei sowie Erbring. v. sonst. Dienstl. für den Verk.,3,"Total,saisonbereinigt",TOT,Geschlecht - Total,2021Q3,2021Q3,61061
52,52 Lagerei sowie Erbring. v. sonst. Dienstl. für den Verk.,3,"Total,saisonbereinigt",TOT,Geschlecht - Total,2021Q4,2021Q4,61778
52,52 Lagerei sowie Erbring. v. sonst. Dienstl. für den Verk.,3,"Total,saisonbereinigt",TOT,Geschlecht - Total,2022Q1,2022Q1,62883
52,52 Lagerei sowie Erbring. v. sonst. Dienstl. für den Verk.,3,"Total,saisonbereinigt",TOT,Geschlecht - Total,2022Q2,2022Q2,64082
52,52 Lagerei sowie Erbring. v. sonst. Dienstl. für den Verk.,3,"Total,saisonbereinigt",TOT,Geschlecht - Total,2022Q3,2022Q3,65103
52,52 Lagerei sowie Erbring. v. sonst. Dienstl. für den Verk.,3,"Total,saisonbereinigt",TOT,Geschlecht - Total,2022Q4,2022Q4,65811
52,52 Lagerei sowie Erbring. v. sonst. Dienstl. für den Verk.,3,"Total,saisonbereinigt",TOT,Geschlecht - Total,2023Q1,2023Q1,66306
52,52 Lagerei sowie Erbring. v. sonst. Dienstl. für den Verk.,3,"Total,saisonbereinigt",TOT,Geschlecht - Total,2023Q2,2023Q2,66953
52,52 Lagerei sowie Erbring. v. sonst. Dienstl. für den Verk.,3,"Total,saisonbereinigt",TOT,Geschlecht - Total,2023Q3,2023Q3,67813
52,52 Lagerei sowie Erbring. v. sonst. Dienstl. für den Verk.,3,"Total,saisonbereinigt",TOT,Geschlecht - Total,2023Q4,2023Q4,68191
52,52 Lagerei sowie Erbring. v. sonst. Dienstl. für den Verk.,3,"Total,saisonbereinigt",TOT,Geschlecht - Total,2024Q1,2024Q1,68402
52,52 Lagerei sowie Erbring. v. sonst. Dienstl. für den Verk.,3,"Total,saisonbereinigt",TOT,Geschlecht - Total,2024Q2,2024Q2,69227
52,52 Lagerei sowie Erbring. v. sonst. Dienstl. für den Verk.,3,"Total,saisonbereinigt",TOT,Geschlecht - Total,2024Q3,2024Q3,70167
52,52 Lagerei sowie Erbring. v. sonst. Dienstl. für den Verk.,3,"Total,saisonbereinigt",TOT,Geschlecht - Total,2024Q4,2024Q4,71357
52,52 Lagerei sowie Erbring. v. sonst. Dienstl. für den Verk.,3,"Total,saisonbereinigt",TOT,Geschlecht - Total,2025Q1,2025Q1,70661
52,52 Lagerei sowie Erbring. v. sonst. Dienstl. für den Verk.,3,"Total,saisonbereinigt",TOT,Geschlecht - Total,2025Q2,2025Q2,70735
52,52 Lagerei sowie Erbring. v. sonst. Dienstl. für den Verk.,3,"Total,saisonbereinigt",TOT,Geschlecht - Total,2025Q3,2025Q3,70489
52,52 Lagerei sowie Erbring. v. sonst. Dienstl. für den Verk.,3,"Total,saisonbereinigt",TOT,Geschlecht - Total,2025Q4,2025Q4,69853
52,52 Lagerei sowie Erbring. v. sonst. Dienstl. für den Verk.,3,"Total,saisonbereinigt",TOT,Geschlecht - Total,2026Q1,2026Q1,71151
52,52 Lagerei sowie Erbring. v. sonst. Dienstl. für den Verk.,3,"Total,saisonbereinigt",TOT,Geschlecht - Total,2026Q2,2026Q2,71292
53,"53 Post-, Kurier- und Expressdienste",TOT,Beschäftigungsgrad - Total,TOT,Geschlecht - Total,1991Q3,1991Q3,66430
53,"53 Post-, Kurier- und Expressdienste",TOT,Beschäftigungsgrad - Total,TOT,Geschlecht - Total,1991Q4,1991Q4,65959
53,"53 Post-, Kurier- und Expressdienste",TOT,Beschäftigungsgrad - Total,TOT,Geschlecht - Total,1992Q1,1992Q1,65542
53,"53 Post-, Kurier- und Expressdienste",TOT,Beschäftigungsgrad - Total,TOT,Geschlecht - Total,1992Q2,1992Q2,65554
53,"53 Post-, Kurier- und Expressdienste",TOT,Beschäftigungsgrad - Total,TOT,Geschlecht - Total,1992Q3,1992Q3,61900
53,"53 Post-, Kurier- und Expressdienste",TOT,Beschäftigungsgrad - Total,TOT,Geschlecht - Total,1992Q4,1992Q4,60520
53,"53 Post-, Kurier- und Expressdienste",TOT,Beschäftigungsgrad - Total,TOT,Geschlecht - Total,1993Q1,1993Q1,68215
53,"53 Post-, Kurier- und Expressdienste",TOT,Beschäftigungsgrad - Total,TOT,Geschlecht - Total,1993Q2,1993Q2,67464
53,"53 Post-, Kurier- und Expressdienste",TOT,Beschäftigungsgrad - Total,TOT,Geschlecht - Total,1993Q3,1993Q3,62782
53,"53 Post-, Kurier- und Expressdienste",TOT,Beschäftigungsgrad - Total,TOT,Geschlecht - Total,1993Q4,1993Q4,62644
53,"53 Post-, Kurier- und Expressdienste",TOT,Beschäftigungsgrad - Total,TOT,Geschlecht - Total,1994Q1,1994Q1,61759
53,"53 Post-, Kurier- und Expressdienste",TOT,Beschäftigungsgrad - Total,TOT,Geschlecht - Total,1994Q2,1994Q2,61355
53,"53 Post-, Kurier- und Expressdienste",TOT,Beschäftigungsgrad - Total,TOT,Geschlecht - Total,1994Q3,1994Q3,62224
53,"53 Post-, Kurier- und Expressdienste",TOT,Beschäftigungsgrad - Total,TOT,Geschlecht - Total,1994Q4,1994Q4,62227
53,"53 Post-, Kurier- und Expressdienste",TOT,Beschäftigungsgrad - Total,TOT,Geschlecht - Total,1995Q1,1995Q1,61781
53,"53 Post-, Kurier- und Expressdienste",TOT,Beschäftigungsgrad - Total,TOT,Geschlecht - Total,1995Q2,1995Q2,62042
53,"53 Post-, Kurier- und Expressdienste",TOT,Beschäftigungsgrad - Total,TOT,Geschlecht - Total,1995Q3,1995Q3,63391
53,"53 Post-, Kurier- und Expressdienste",TOT,Beschäftigungsgrad - Total,TOT,Geschlecht - Total,1995Q4,1995Q4,62587
53,"53 Post-, Kurier- und Expressdienste",TOT,Beschäftigungsgrad - Total,TOT,Geschlecht - Total,1996Q1,1996Q1,60273
53,"53 Post-, Kurier- und Expressdienste",TOT,Beschäftigungsgrad - Total,TOT,Geschlecht - Total,1996Q2,1996Q2,62376
53,"53 Post-, Kurier- und Expressdienste",TOT,Beschäftigungsgrad - Total,TOT,Geschlecht - Total,1996Q3,1996Q3,62431
53,"53 Post-, Kurier- und Expressdienste",TOT,Beschäftigungsgrad - Total,TOT,Geschlecht - Total,1996Q4,1996Q4,61899
53,"53 Post-, Kurier- und Expressdienste",TOT,Beschäftigungsgrad - Total,TOT,Geschlecht - Total,1997Q1,1997Q1,61813
53,"53 Post-, Kurier- und Expressdienste",TOT,Beschäftigungsgrad - Total,TOT,Geschlecht - Total,1997Q2,1997Q2,62167
53,"53 Post-, Kurier- und Expressdienste",TOT,Beschäftigungsgrad - Total,TOT,Geschlecht - Total,1997Q3,1997Q3,61740
53,"53 Post-, Kurier- und Expressdienste",TOT,Beschäftigungsgrad - Total,TOT,Geschlecht - Total,1997Q4,1997Q4,61813
53,"53 Post-, Kurier- und Expressdienste",TOT,Beschäftigungsgrad - Total,TOT,Geschlecht - Total,1998Q1,1998Q1,61888
53,"53 Post-, Kurier- und Expressdienste",TOT,Beschäftigungsgrad - Total,TOT,Geschlecht - Total,1998Q2,1998Q2,61977
53,"53 Post-, Kurier- und Expressdienste",TOT,Beschäftigungsgrad - Total,TOT,Geschlecht - Total,1998Q3,1998Q3,62075
53,"53 Post-, Kurier- und Expressdienste",TOT,Beschäftigungsgrad - Total,TOT,Geschlecht - Total,1998Q4,1998Q4,63742
53,"53 Post-, Kurier- und Expressdienste",TOT,Beschäftigungsgrad - Total,TOT,Geschlecht - Total,1999Q1,1999Q1,65472
53,"53 Post-, Kurier- und Expressdienste",TOT,Beschäftigungsgrad - Total,TOT,Geschlecht - Total,1999Q2,1999Q2,67271
53,"53 Post-, Kurier- und Expressdienste",TOT,Beschäftigungsgrad - Total,TOT,Geschlecht - Total,1999Q3,1999Q3,69156
53,"53 Post-, Kurier- und Expressdienste",TOT,Beschäftigungsgrad - Total,TOT,Geschlecht - Total,1999Q4,1999Q4,71366
53,"53 Post-, Kurier- und Expressdienste",TOT,Beschäftigungsgrad - Total,TOT,Geschlecht - Total,2000Q1,2000Q1,72282
53,"53 Post-, Kurier- und Expressdienste",TOT,Beschäftigungsgrad - Total,TOT,Geschlecht - Total,2000Q2,2000Q2,73369
53,"53 Post-, Kurier- und Expressdienste",TOT,Beschäftigungsgrad - Total,TOT,Geschlecht - Total,2000Q3,2000Q3,72410
53,"53 Post-, Kurier- und Expressdienste",TOT,Beschäftigungsgrad - Total,TOT,Geschlecht - Total,2000Q4,2000Q4,75088
53,"53 Post-, Kurier- und Expressdienste",TOT,Beschäftigungsgrad - Total,TOT,Geschlecht - Total,2001Q1,2001Q1,74275
53,"53 Post-, Kurier- und Expressdienste",TOT,Beschäftigungsgrad - Total,TOT,Geschlecht - Total,2001Q2,2001Q2,72326
53,"53 Post-, Kurier- und Expressdienste",TOT,Beschäftigungsgrad - Total,TOT,Geschlecht - Total,2001Q3,2001Q3,72184
53,"53 Post-, Kurier- und Expressdienste",TOT,Beschäftigungsgrad - Total,TOT,Geschlecht - Total,2001Q4,2001Q4,73500
53,"53 Post-, Kurier- und Expressdienste",TOT,Beschäftigungsgrad - Total,TOT,Geschlecht - Total,2002Q1,2002Q1,72405
53,"53 Post-, Kurier- und Expressdienste",TOT,Beschäftigungsgrad - Total,TOT,Geschlecht - Total,2002Q2,2002Q2,71927
53,"53 Post-, Kurier- und Expressdienste",TOT,Beschäftigungsgrad - Total,TOT,Geschlecht - Total,2002Q3,2002Q3,70526
53,"53 Post-, Kurier- und Expressdienste",TOT,Beschäftigungsgrad - Total,TOT,Geschlecht - Total,2002Q4,2002Q4,67618
53,"53 Post-, Kurier- und Expressdienste",TOT,Beschäftigungsgrad - Total,TOT,Geschlecht - Total,2003Q1,2003Q1,66193
53,"53 Post-, Kurier- und Expressdienste",TOT,Beschäftigungsgrad - Total,TOT,Geschlecht - Total,2003Q2,2003Q2,65780
53,"53 Post-, Kurier- und Expressdienste",TOT,Beschäftigungsgrad - Total,TOT,Geschlecht - Total,2003Q3,2003Q3,67037
53,"53 Post-, Kurier- und Expressdienste",TOT,Beschäftigungsgrad - Total,TOT,Geschlecht - Total,2003Q4,2003Q4,65923
53,"53 Post-, Kurier- und Expressdienste",TOT,Beschäftigungsgrad - Total,TOT,Geschlecht - Total,2004Q1,2004Q1,66886
53,"53 Post-, Kurier- und Expressdienste",TOT,Beschäftigungsgrad - Total,TOT,Geschlecht - Total,2004Q2,2004Q2,65404
53,"53 Post-, Kurier- und Expressdienste",TOT,Beschäftigungsgrad - Total,TOT,Geschlecht - Total,2004Q3,2004Q3,64769
53,"53 Post-, Kurier- und Expressdienste",TOT,Beschäftigungsgrad - Total,TOT,Geschlecht - Total,2004Q4,2004Q4,65356
53,"53 Post-, Kurier- und Expressdienste",TOT,Beschäftigungsgrad - Total,TOT,Geschlecht - Total,2005Q1,2005Q1,63152
53,"53 Post-, Kurier- und Expressdienste",TOT,Beschäftigungsgrad - Total,TOT,Geschlecht - Total,2005Q2,2005Q2,61924
53,"53 Post-, Kurier- und Expressdienste",TOT,Beschäftigungsgrad - Total,TOT,Geschlecht - Total,2005Q3,2005Q3,63279
53,"53 Post-, Kurier- und Expressdienste",TOT,Beschäftigungsgrad - Total,TOT,Geschlecht - Total,2005Q4,2005Q4,62497
53,"53 Post-, Kurier- und Expressdienste",TOT,Beschäftigungsgrad - Total,TOT,Geschlecht - Total,2006Q1,2006Q1,62224
53,"53 Post-, Kurier- und Expressdienste",TOT,Beschäftigungsgrad - Total,TOT,Geschlecht - Total,2006Q2,2006Q2,62184
53,"53 Post-, Kurier- und Expressdienste",TOT,Beschäftigungsgrad - Total,TOT,Geschlecht - Total,2006Q3,2006Q3,62835
53,"53 Post-, Kurier- und Expressdienste",TOT,Beschäftigungsgrad - Total,TOT,Geschlecht - Total,2006Q4,2006Q4,62753
53,"53 Post-, Kurier- und Expressdienste",TOT,Beschäftigungsgrad - Total,TOT,Geschlecht - Total,2007Q1,2007Q1,62359
53,"53 Post-, Kurier- und Expressdienste",TOT,Beschäftigungsgrad - Total,TOT,Geschlecht - Total,2007Q2,2007Q2,61712
53,"53 Post-, Kurier- und Expressdienste",TOT,Beschäftigungsgrad - Total,TOT,Geschlecht - Total,2007Q3,2007Q3,62336
53,"53 Post-, Kurier- und Expressdienste",TOT,Beschäftigungsgrad - Total,TOT,Geschlecht - Total,2007Q4,2007Q4,61604
53,"53 Post-, Kurier- und Expressdienste",TOT,Beschäftigungsgrad - Total,TOT,Geschlecht - Total,2008Q1,2008Q1,61620
53,"53 Post-, Kurier- und Expressdienste",TOT,Beschäftigungsgrad - Total,TOT,Geschlecht - Total,2008Q2,2008Q2,61656
53,"53 Post-, Kurier- und Expressdienste",TOT,Beschäftigungsgrad - Total,TOT,Geschlecht - Total,2008Q3,2008Q3,61864
53,"53 Post-, Kurier- und Expressdienste",TOT,Beschäftigungsgrad - Total,TOT,Geschlecht - Total,2008Q4,2008Q4,61271
53,"53 Post-, Kurier- und Expressdienste",TOT,Beschäftigungsgrad - Total,TOT,Geschlecht - Total,2009Q1,2009Q1,59855
53,"53 Post-, Kurier- und Expressdienste",TOT,Beschäftigungsgrad - Total,TOT,Geschlecht - Total,2009Q2,2009Q2,56985
53,"53 Post-, Kurier- und Expressdienste",TOT,Beschäftigungsgrad - Total,TOT,Geschlecht - Total,2009Q3,2009Q3,56841
53,"53 Post-, Kurier- und Expressdienste",TOT,Beschäftigungsgrad - Total,TOT,Geschlecht - Total,2009Q4,2009Q4,55220
53,"53 Post-, Kurier- und Expressdienste",TOT,Beschäftigungsgrad - Total,TOT,Geschlecht - Total,2010Q1,2010Q1,54442
53,"53 Post-, Kurier- und Expressdienste",TOT,Beschäftigungsgrad - Total,TOT,Geschlecht - Total,2010Q2,2010Q2,54385
53,"53 Post-, Kurier- und Expressdienste",TOT,Beschäftigungsgrad - Total,TOT,Geschlecht - Total,2010Q3,2010Q3,54548
53,"53 Post-, Kurier- und Expressdienste",TOT,Beschäftigungsgrad - Total,TOT,Geschlecht - Total,2010Q4,2010Q4,53535
53,"53 Post-, Kurier- und Expressdienste",TOT,Beschäftigungsgrad - Total,TOT,Geschlecht - Total,2011Q1,2011Q1,54158
53,"53 Post-, Kurier- und Expressdienste",TOT,Beschäftigungsgrad - Total,TOT,Geschlecht - Total,2011Q2,2011Q2,51829
53,"53 Post-, Kurier- und Expressdienste",TOT,Beschäftigungsgrad - Total,TOT,Geschlecht - Total,2011Q3,2011Q3,52168
53,"53 Post-, Kurier- und Expressdienste",TOT,Beschäftigungsgrad - Total,TOT,Geschlecht - Total,2011Q4,2011Q4,51691
53,"53 Post-, Kurier- und Expressdienste",TOT,Beschäftigungsgrad - Total,TOT,Geschlecht - Total,2012Q1,2012Q1,50097
53,"53 Post-, Kurier- und Expressdienste",TOT,Beschäftigungsgrad - Total,TOT,Geschlecht - Total,2012Q2,2012Q2,49592
53,"53 Post-, Kurier- und Expressdienste",TOT,Beschäftigungsgrad - Total,TOT,Geschlecht - Total,2012Q3,2012Q3,50066
53,"53 Post-, Kurier- und Expressdienste",TOT,Beschäftigungsgrad - Total,TOT,Geschlecht - Total,2012Q4,2012Q4,50114
53,"53 Post-, Kurier- und Expressdienste",TOT,Beschäftigungsgrad - Total,TOT,Geschlecht - Total,2013Q1,2013Q1,50333
53,"53 Post-, Kurier- und Expressdienste",TOT,Beschäftigungsgrad - Total,TOT,Geschlecht - Total,2013Q2,2013Q2,49529
53,"53 Post-, Kurier- und Expressdienste",TOT,Beschäftigungsgrad - Total,TOT,Geschlecht - Total,2013Q3,2013Q3,48545
53,"53 Post-, Kurier- und Expressdienste",TOT,Beschäftigungsgrad - Total,TOT,Geschlecht - Total,2013Q4,2013Q4,49386
53,"53 Post-, Kurier- und Expressdienste",TOT,Beschäftigungsgrad - Total,TOT,Geschlecht - Total,2014Q1,2014Q1,49924
53,"53 Post-, Kurier- und Expressdienste",TOT,Beschäftigungsgrad - Total,TOT,Geschlecht - Total,2014Q2,2014Q2,49454
53,"53 Post-, Kurier- und Expressdienste",TOT,Beschäftigungsgrad - Total,TOT,Geschlecht - Total,2014Q3,2014Q3,49439
53,"53 Post-, Kurier- und Expressdienste",TOT,Beschäftigungsgrad - Total,TOT,Geschlecht - Total,2014Q4,2014Q4,49418
53,"53 Post-, Kurier- und Expressdienste",TOT,Beschäftigungsgrad - Total,TOT,Geschlecht - Total,2015Q1,2015Q1,49390
53,"53 Post-, Kurier- und Expressdienste",TOT,Beschäftigungsgrad - Total,TOT,Geschlecht - Total,2015Q2,2015Q2,47608
53,"53 Post-, Kurier- und Expressdienste",TOT,Beschäftigungsgrad - Total,TOT,Geschlecht - Total,2015Q3,2015Q3,49113
53,"53 Post-, Kurier- und Expressdienste",TOT,Beschäftigungsgrad - Total,TOT,Geschlecht - Total,2015Q4,2015Q4,49115
53,"53 Post-, Kurier- und Expressdienste",TOT,Beschäftigungsgrad - Total,TOT,Geschlecht - Total,2016Q1,2016Q1,48749
53,"53 Post-, Kurier- und Expressdienste",TOT,Beschäftigungsgrad - Total,TOT,Geschlecht - Total,2016Q2,2016Q2,46471
53,"53 Post-, Kurier- und Expressdienste",TOT,Beschäftigungsgrad - Total,TOT,Geschlecht - Total,2016Q3,2016Q3,49290
53,"53 Post-, Kurier- und Expressdienste",TOT,Beschäftigungsgrad - Total,TOT,Geschlecht - Total,2016Q4,2016Q4,49008
53,"53 Post-, Kurier- und Expressdienste",TOT,Beschäftigungsgrad - Total,TOT,Geschlecht - Total,2017Q1,2017Q1,48923
53,"53 Post-, Kurier- und Expressdienste",TOT,Beschäftigungsgrad - Total,TOT,Geschlecht - Total,2017Q2,2017Q2,48489
53,"53 Post-, Kurier- und Expressdienste",TOT,Beschäftigungsgrad - Total,TOT,Geschlecht - Total,2017Q3,2017Q3,47321
53,"53 Post-, Kurier- und Expressdienste",TOT,Beschäftigungsgrad - Total,TOT,Geschlecht - Total,2017Q4,2017Q4,52313
53,"53 Post-, Kurier- und Expressdienste",TOT,Beschäftigungsgrad - Total,TOT,Geschlecht - Total,2018Q1,2018Q1,51720
53,"53 Post-, Kurier- und Expressdienste",TOT,Beschäftigungsgrad - Total,TOT,Geschlecht - Total,2018Q2,2018Q2,49900
53,"53 Post-, Kurier- und Expressdienste",TOT,Beschäftigungsgrad - Total,TOT,Geschlecht - Total,2018Q3,2018Q3,50105
53,"53 Post-, Kurier- und Expressdienste",TOT,Beschäftigungsgrad - Total,TOT,Geschlecht - Total,2018Q4,2018Q4,50270
53,"53 Post-, Kurier- und Expressdienste",TOT,Beschäftigungsgrad - Total,TOT,Geschlecht - Total,2019Q1,2019Q1,50462
53,"53 Post-, Kurier- und Expressdienste",TOT,Beschäftigungsgrad - Total,TOT,Geschlecht - Total,2019Q2,2019Q2,50518
53,"53 Post-, Kurier- und Expressdienste",TOT,Beschäftigungsgrad - Total,TOT,Geschlecht - Total,2019Q3,2019Q3,50849
53,"53 Post-, Kurier- und Expressdienste",TOT,Beschäftigungsgrad - Total,TOT,Geschlecht - Total,2019Q4,2019Q4,51451
53,"53 Post-, Kurier- und Expressdienste",TOT,Beschäftigungsgrad - Total,TOT,Geschlecht - Total,2020Q1,2020Q1,54737
53,"53 Post-, Kurier- und Expressdienste",TOT,Beschäftigungsgrad - Total,TOT,Geschlecht - Total,2020Q2,2020Q2,53868
53,"53 Post-, Kurier- und Expressdienste",TOT,Beschäftigungsgrad - Total,TOT,Geschlecht - Total,2020Q3,2020Q3,52041
53,"53 Post-, Kurier- und Expressdienste",TOT,Beschäftigungsgrad - Total,TOT,Geschlecht - Total,2020Q4,2020Q4,51087
53,"53 Post-, Kurier- und Expressdienste",TOT,Beschäftigungsgrad - Total,TOT,Geschlecht - Total,2021Q1,2021Q1,47926
53,"53 Post-, Kurier- und Expressdienste",TOT,Beschäftigungsgrad - Total,TOT,Geschlecht - Total,2021Q2,2021Q2,47019
53,"53 Post-, Kurier- und Expressdienste",TOT,Beschäftigungsgrad - Total,TOT,Geschlecht - Total,2021Q3,2021Q3,45947
53,"53 Post-, Kurier- und Expressdienste",TOT,Beschäftigungsgrad - Total,TOT,Geschlecht - Total,2021Q4,2021Q4,45847
53,"53 Post-, Kurier- und Expressdienste",TOT,Beschäftigungsgrad - Total,TOT,Geschlecht - Total,2022Q1,2022Q1,46338
53,"53 Post-, Kurier- und Expressdienste",TOT,Beschäftigungsgrad - Total,TOT,Geschlecht - Total,2022Q2,2022Q2,45631
53,"53 Post-, Kurier- und Expressdienste",TOT,Beschäftigungsgrad - Total,TOT,Geschlecht - Total,2022Q3,2022Q3,46616
53,"53 Post-, Kurier- und Expressdienste",TOT,Beschäftigungsgrad - Total,TOT,Geschlecht - Total,2022Q4,2022Q4,47270
53,"53 Post-, Kurier- und Expressdienste",TOT,Beschäftigungsgrad - Total,TOT,Geschlecht - Total,2023Q1,2023Q1,44431
53,"53 Post-, Kurier- und Expressdienste",TOT,Beschäftigungsgrad - Total,TOT,Geschlecht - Total,2023Q2,2023Q2,43798
53,"53 Post-, Kurier- und Expressdienste",TOT,Beschäftigungsgrad - Total,TOT,Geschlecht - Total,2023Q3,2023Q3,43760
53,"53 Post-, Kurier- und Expressdienste",TOT,Beschäftigungsgrad - Total,TOT,Geschlecht - Total,2023Q4,2023Q4,44241
53,"53 Post-, Kurier- und Expressdienste",TOT,Beschäftigungsgrad - Total,TOT,Geschlecht - Total,2024Q1,2024Q1,43968
53,"53 Post-, Kurier- und Expressdienste",TOT,Beschäftigungsgrad - Total,TOT,Geschlecht - Total,2024Q2,2024Q2,42511
53,"53 Post-, Kurier- und Expressdienste",TOT,Beschäftigungsgrad - Total,TOT,Geschlecht - Total,2024Q3,2024Q3,43563
53,"53 Post-, Kurier- und Expressdienste",TOT,Beschäftigungsgrad - Total,TOT,Geschlecht - Total,2024Q4,2024Q4,44311
53,"53 Post-, Kurier- und Expressdienste",TOT,Beschäftigungsgrad - Total,TOT,Geschlecht - Total,2025Q1,2025Q1,43692
53,"53 Post-, Kurier- und Expressdienste",TOT,Beschäftigungsgrad - Total,TOT,Geschlecht - Total,2025Q2,2025Q2,42057
53,"53 Post-, Kurier- und Expressdienste",TOT,Beschäftigungsgrad - Total,TOT,Geschlecht - Total,2025Q3,2025Q3,42580
53,"53 Post-, Kurier- und Expressdienste",TOT,Beschäftigungsgrad - Total,TOT,Geschlecht - Total,2025Q4,2025Q4,41976
53,"53 Post-, Kurier- und Expressdienste",TOT,Beschäftigungsgrad - Total,TOT,Geschlecht - Total,2026Q1,2026Q1,41955
53,"53 Post-, Kurier- und Expressdienste",TOT,Beschäftigungsgrad - Total,TOT,Geschlecht - Total,2026Q2,2026Q2,41861
53,"53 Post-, Kurier- und Expressdienste",3,"Total,saisonbereinigt",TOT,Geschlecht - Total,1991Q3,1991Q3,66190
53,"53 Post-, Kurier- und Expressdienste",3,"Total,saisonbereinigt",TOT,Geschlecht - Total,1991Q4,1991Q4,65923
53,"53 Post-, Kurier- und Expressdienste",3,"Total,saisonbereinigt",TOT,Geschlecht - Total,1992Q1,1992Q1,65687
53,"53 Post-, Kurier- und Expressdienste",3,"Total,saisonbereinigt",TOT,Geschlecht - Total,1992Q2,1992Q2,65688
53,"53 Post-, Kurier- und Expressdienste",3,"Total,saisonbereinigt",TOT,Geschlecht - Total,1992Q3,1992Q3,61671
53,"53 Post-, Kurier- und Expressdienste",3,"Total,saisonbereinigt",TOT,Geschlecht - Total,1992Q4,1992Q4,60482
53,"53 Post-, Kurier- und Expressdienste",3,"Total,saisonbereinigt",TOT,Geschlecht - Total,1993Q1,1993Q1,68373
53,"53 Post-, Kurier- und Expressdienste",3,"Total,saisonbereinigt",TOT,Geschlecht - Total,1993Q2,1993Q2,67592
53,"53 Post-, Kurier- und Expressdienste",3,"Total,saisonbereinigt",TOT,Geschlecht - Total,1993Q3,1993Q3,62572
53,"53 Post-, Kurier- und Expressdienste",3,"Total,saisonbereinigt",TOT,Geschlecht - Total,1993Q4,1993Q4,62591
53,"53 Post-, Kurier- und Expressdienste",3,"Total,saisonbereinigt",TOT,Geschlecht - Total,1994Q1,1994Q1,61898
53,"53 Post-, Kurier- und Expressdienste",3,"Total,saisonbereinigt",TOT,Geschlecht - Total,1994Q2,1994Q2,61462
53,"53 Post-, Kurier- und Expressdienste",3,"Total,saisonbereinigt",TOT,Geschlecht - Total,1994Q3,1994Q3,62052
53,"53 Post-, Kurier- und Expressdienste",3,"Total,saisonbereinigt",TOT,Geschlecht - Total,1994Q4,1994Q4,62150
53,"53 Post-, Kurier- und Expressdienste",3,"Total,saisonbereinigt",TOT,Geschlecht - Total,1995Q1,1995Q1,61909
53,"53 Post-, Kurier- und Expressdienste",3,"Total,saisonbereinigt",TOT,Geschlecht - Total,1995Q2,1995Q2,62153
53,"53 Post-, Kurier- und Expressdienste",3,"Total,saisonbereinigt",TOT,Geschlecht - Total,1995Q3,1995Q3,63256
53,"53 Post-, Kurier- und Expressdienste",3,"Total,saisonbereinigt",TOT,Geschlecht - Total,1995Q4,1995Q4,62475
53,"53 Post-, Kurier- und Expressdienste",3,"Total,saisonbereinigt",TOT,Geschlecht - Total,1996Q1,1996Q1,60381
53,"53 Post-, Kurier- und Expressdienste",3,"Total,saisonbereinigt",TOT,Geschlecht - Total,1996Q2,1996Q2,62510
53,"53 Post-, Kurier- und Expressdienste",3,"Total,saisonbereinigt",TOT,Geschlecht - Total,1996Q3,1996Q3,62336
53,"53 Post-, Kurier- und Expressdienste",3,"Total,saisonbereinigt",TOT,Geschlecht - Total,1996Q4,1996Q4,61733
53,"53 Post-, Kurier- und Expressdienste",3,"Total,saisonbereinigt",TOT,Geschlecht - Total,1997Q1,1997Q1,61921
53,"53 Post-, Kurier- und Expressdienste",3,"Total,saisonbereinigt",TOT,Geschlecht - Total,1997Q2,1997Q2,62325
53,"53 Post-, Kurier- und Expressdienste",3,"Total,saisonbereinigt",TOT,Geschlecht - Total,1997Q3,1997Q3,61666
53,"53 Post-, Kurier- und Expressdienste",3,"Total,saisonbereinigt",TOT,Geschlecht - Total,1997Q4,1997Q4,61610
53,"53 Post-, Kurier- und Expressdienste",3,"Total,saisonbereinigt",TOT,Geschlecht - Total,1998Q1,1998Q1,61993
53,"53 Post-, Kurier- und Expressdienste",3,"Total,saisonbereinigt",TOT,Geschlecht - Total,1998Q2,1998Q2,62163
53,"53 Post-, Kurier- und Expressdienste",3,"Total,saisonbereinigt",TOT,Geschlecht - Total,1998Q3,1998Q3,62001
53,"53 Post-, Kurier- und Expressdienste",3,"Total,saisonbereinigt",TOT,Geschlecht - Total,1998Q4,1998Q4,63521
53,"53 Post-, Kurier- und Expressdienste",3,"Total,saisonbereinigt",TOT,Geschlecht - Total,1999Q1,1999Q1,65569
53,"53 Post-, Kurier- und Expressdienste",3,"Total,saisonbereinigt",TOT,Geschlecht - Total,1999Q2,1999Q2,67487
53,"53 Post-, Kurier- und Expressdienste",3,"Total,saisonbereinigt",TOT,Geschlecht - Total,1999Q3,1999Q3,69087
53,"53 Post-, Kurier- und Expressdienste",3,"Total,saisonbereinigt",TOT,Geschlecht - Total,1999Q4,1999Q4,71110
53,"53 Post-, Kurier- und Expressdienste",3,"Total,saisonbereinigt",TOT,Geschlecht - Total,2000Q1,2000Q1,72355
53,"53 Post-, Kurier- und Expressdienste",3,"Total,saisonbereinigt",TOT,Geschlecht - Total,2000Q2,2000Q2,73644
53,"53 Post-, Kurier- und Expressdienste",3,"Total,saisonbereinigt",TOT,Geschlecht - Total,2000Q3,2000Q3,72344
53,"53 Post-, Kurier- und Expressdienste",3,"Total,saisonbereinigt",TOT,Geschlecht - Total,2000Q4,2000Q4,74801
53,"53 Post-, Kurier- und Expressdienste",3,"Total,saisonbereinigt",TOT,Geschlecht - Total,2001Q1,2001Q1,74323
53,"53 Post-, Kurier- und Expressdienste",3,"Total,saisonbereinigt",TOT,Geschlecht - Total,2001Q2,2001Q2,72642
53,"53 Post-, Kurier- und Expressdienste",3,"Total,saisonbereinigt",TOT,Geschlecht - Total,2001Q3,2001Q3,72116
53,"53 Post-, Kurier- und Expressdienste",3,"Total,saisonbereinigt",TOT,Geschlecht - Total,2001Q4,2001Q4,73188
53,"53 Post-, Kurier- und Expressdienste",3,"Total,saisonbereinigt",TOT,Geschlecht - Total,2002Q1,2002Q1,72445
53,"53 Post-, Kurier- und Expressdienste",3,"Total,saisonbereinigt",TOT,Geschlecht - Total,2002Q2,2002Q2,72303
53,"53 Post-, Kurier- und Expressdienste",3,"Total,saisonbereinigt",TOT,Geschlecht - Total,2002Q3,2002Q3,70405
53,"53 Post-, Kurier- und Expressdienste",3,"Total,saisonbereinigt",TOT,Geschlecht - Total,2002Q4,2002Q4,67337
53,"53 Post-, Kurier- und Expressdienste",3,"Total,saisonbereinigt",TOT,Geschlecht - Total,2003Q1,2003Q1,66230
53,"53 Post-, Kurier- und Expressdienste",3,"Total,saisonbereinigt",TOT,Geschlecht - Total,2003Q2,2003Q2,66163
53,"53 Post-, Kurier- und Expressdienste",3,"Total,saisonbereinigt",TOT,Geschlecht - Total,2003Q3,2003Q3,66874
53,"53 Post-, Kurier- und Expressdienste",3,"Total,saisonbereinigt",TOT,Geschlecht - Total,2003Q4,2003Q4,65660
53,"53 Post-, Kurier- und Expressdienste",3,"Total,saisonbereinigt",TOT,Geschlecht - Total,2004Q1,2004Q1,66919
53,"53 Post-, Kurier- und Expressdienste",3,"Total,saisonbereinigt",TOT,Geschlecht - Total,2004Q2,2004Q2,65832
53,"53 Post-, Kurier- und Expressdienste",3,"Total,saisonbereinigt",TOT,Geschlecht - Total,2004Q3,2004Q3,64550
53,"53 Post-, Kurier- und Expressdienste",3,"Total,saisonbereinigt",TOT,Geschlecht - Total,2004Q4,2004Q4,65120
53,"53 Post-, Kurier- und Expressdienste",3,"Total,saisonbereinigt",TOT,Geschlecht - Total,2005Q1,2005Q1,63187
53,"53 Post-, Kurier- und Expressdienste",3,"Total,saisonbereinigt",TOT,Geschlecht - Total,2005Q2,2005Q2,62350
53,"53 Post-, Kurier- und Expressdienste",3,"Total,saisonbereinigt",TOT,Geschlecht - Total,2005Q3,2005Q3,63012
53,"53 Post-, Kurier- und Expressdienste",3,"Total,saisonbereinigt",TOT,Geschlecht - Total,2005Q4,2005Q4,62313
53,"53 Post-, Kurier- und Expressdienste",3,"Total,saisonbereinigt",TOT,Geschlecht - Total,2006Q1,2006Q1,62236
53,"53 Post-, Kurier- und Expressdienste",3,"Total,saisonbereinigt",TOT,Geschlecht - Total,2006Q2,2006Q2,62647
53,"53 Post-, Kurier- und Expressdienste",3,"Total,saisonbereinigt",TOT,Geschlecht - Total,2006Q3,2006Q3,62528
53,"53 Post-, Kurier- und Expressdienste",3,"Total,saisonbereinigt",TOT,Geschlecht - Total,2006Q4,2006Q4,62589
53,"53 Post-, Kurier- und Expressdienste",3,"Total,saisonbereinigt",TOT,Geschlecht - Total,2007Q1,2007Q1,62369
53,"53 Post-, Kurier- und Expressdienste",3,"Total,saisonbereinigt",TOT,Geschlecht - Total,2007Q2,2007Q2,62175
53,"53 Post-, Kurier- und Expressdienste",3,"Total,saisonbereinigt",TOT,Geschlecht - Total,2007Q3,2007Q3,62025
53,"53 Post-, Kurier- und Expressdienste",3,"Total,saisonbereinigt",TOT,Geschlecht - Total,2007Q4,2007Q4,61449
53,"53 Post-, Kurier- und Expressdienste",3,"Total,saisonbereinigt",TOT,Geschlecht - Total,2008Q1,2008Q1,61622
53,"53 Post-, Kurier- und Expressdienste",3,"Total,saisonbereinigt",TOT,Geschlecht - Total,2008Q2,2008Q2,62119
53,"53 Post-, Kurier- und Expressdienste",3,"Total,saisonbereinigt",TOT,Geschlecht - Total,2008Q3,2008Q3,61568
53,"53 Post-, Kurier- und Expressdienste",3,"Total,saisonbereinigt",TOT,Geschlecht - Total,2008Q4,2008Q4,61111
53,"53 Post-, Kurier- und Expressdienste",3,"Total,saisonbereinigt",TOT,Geschlecht - Total,2009Q1,2009Q1,59859
53,"53 Post-, Kurier- und Expressdienste",3,"Total,saisonbereinigt",TOT,Geschlecht - Total,2009Q2,2009Q2,57385
53,"53 Post-, Kurier- und Expressdienste",3,"Total,saisonbereinigt",TOT,Geschlecht - Total,2009Q3,2009Q3,56603
53,"53 Post-, Kurier- und Expressdienste",3,"Total,saisonbereinigt",TOT,Geschlecht - Total,2009Q4,2009Q4,55077
53,"53 Post-, Kurier- und Expressdienste",3,"Total,saisonbereinigt",TOT,Geschlecht - Total,2010Q1,2010Q1,54428
53,"53 Post-, Kurier- und Expressdienste",3,"Total,saisonbereinigt",TOT,Geschlecht - Total,2010Q2,2010Q2,54752
53,"53 Post-, Kurier- und Expressdienste",3,"Total,saisonbereinigt",TOT,Geschlecht - Total,2010Q3,2010Q3,54347
53,"53 Post-, Kurier- und Expressdienste",3,"Total,saisonbereinigt",TOT,Geschlecht - Total,2010Q4,2010Q4,53403
53,"53 Post-, Kurier- und Expressdienste",3,"Total,saisonbereinigt",TOT,Geschlecht - Total,2011Q1,2011Q1,54119
53,"53 Post-, Kurier- und Expressdienste",3,"Total,saisonbereinigt",TOT,Geschlecht - Total,2011Q2,2011Q2,52169
53,"53 Post-, Kurier- und Expressdienste",3,"Total,saisonbereinigt",TOT,Geschlecht - Total,2011Q3,2011Q3,52009
53,"53 Post-, Kurier- und Expressdienste",3,"Total,saisonbereinigt",TOT,Geschlecht - Total,2011Q4,2011Q4,51558
53,"53 Post-, Kurier- und Expressdienste",3,"Total,saisonbereinigt",TOT,Geschlecht - Total,2012Q1,2012Q1,50044
53,"53 Post-, Kurier- und Expressdienste",3,"Total,saisonbereinigt",TOT,Geschlecht - Total,2012Q2,2012Q2,49909
53,"53 Post-, Kurier- und Expressdienste",3,"Total,saisonbereinigt",TOT,Geschlecht - Total,2012Q3,2012Q3,49939
53,"53 Post-, Kurier- und Expressdienste",3,"Total,saisonbereinigt",TOT,Geschlecht - Total,2012Q4,2012Q4,49984
53,"53 Post-, Kurier- und Expressdienste",3,"Total,saisonbereinigt",TOT,Geschlecht - Total,2013Q1,2013Q1,50274
53,"53 Post-, Kurier- und Expressdienste",3,"Total,saisonbereinigt",TOT,Geschlecht - Total,2013Q2,2013Q2,49819
53,"53 Post-, Kurier- und Expressdienste",3,"Total,saisonbereinigt",TOT,Geschlecht - Total,2013Q3,2013Q3,48461
53,"53 Post-, Kurier- und Expressdienste",3,"Total,saisonbereinigt",TOT,Geschlecht - Total,2013Q4,2013Q4,49252
53,"53 Post-, Kurier- und Expressdienste",3,"Total,saisonbereinigt",TOT,Geschlecht - Total,2014Q1,2014Q1,49854
53,"53 Post-, Kurier- und Expressdienste",3,"Total,saisonbereinigt",TOT,Geschlecht - Total,2014Q2,2014Q2,49723
53,"53 Post-, Kurier- und Expressdienste",3,"Total,saisonbereinigt",TOT,Geschlecht - Total,2014Q3,2014Q3,49396
53,"53 Post-, Kurier- und Expressdienste",3,"Total,saisonbereinigt",TOT,Geschlecht - Total,2014Q4,2014Q4,49261
53,"53 Post-, Kurier- und Expressdienste",3,"Total,saisonbereinigt",TOT,Geschlecht - Total,2015Q1,2015Q1,49328
53,"53 Post-, Kurier- und Expressdienste",3,"Total,saisonbereinigt",TOT,Geschlecht - Total,2015Q2,2015Q2,47842
53,"53 Post-, Kurier- und Expressdienste",3,"Total,saisonbereinigt",TOT,Geschlecht - Total,2015Q3,2015Q3,49117
53,"53 Post-, Kurier- und Expressdienste",3,"Total,saisonbereinigt",TOT,Geschlecht - Total,2015Q4,2015Q4,48927
53,"53 Post-, Kurier- und Expressdienste",3,"Total,saisonbereinigt",TOT,Geschlecht - Total,2016Q1,2016Q1,48697
53,"53 Post-, Kurier- und Expressdienste",3,"Total,saisonbereinigt",TOT,Geschlecht - Total,2016Q2,2016Q2,46681
53,"53 Post-, Kurier- und Expressdienste",3,"Total,saisonbereinigt",TOT,Geschlecht - Total,2016Q3,2016Q3,49337
53,"53 Post-, Kurier- und Expressdienste",3,"Total,saisonbereinigt",TOT,Geschlecht - Total,2016Q4,2016Q4,48785
53,"53 Post-, Kurier- und Expressdienste",3,"Total,saisonbereinigt",TOT,Geschlecht - Total,2017Q1,2017Q1,48875
53,"53 Post-, Kurier- und Expressdienste",3,"Total,saisonbereinigt",TOT,Geschlecht - Total,2017Q2,2017Q2,48710
53,"53 Post-, Kurier- und Expressdienste",3,"Total,saisonbereinigt",TOT,Geschlecht - Total,2017Q3,2017Q3,47391
53,"53 Post-, Kurier- und Expressdienste",3,"Total,saisonbereinigt",TOT,Geschlecht - Total,2017Q4,2017Q4,52034
53,"53 Post-, Kurier- und Expressdienste",3,"Total,saisonbereinigt",TOT,Geschlecht - Total,2018Q1,2018Q1,51677
53,"53 Post-, Kurier- und Expressdienste",3,"Total,saisonbereinigt",TOT,Geschlecht - Total,2018Q2,2018Q2,50148
53,"53 Post-, Kurier- und Expressdienste",3,"Total,saisonbereinigt",TOT,Geschlecht - Total,2018Q3,2018Q3,50187
53,"53 Post-, Kurier- und Expressdienste",3,"Total,saisonbereinigt",TOT,Geschlecht - Total,2018Q4,2018Q4,49966
53,"53 Post-, Kurier- und Expressdienste",3,"Total,saisonbereinigt",TOT,Geschlecht - Total,2019Q1,2019Q1,50415
53,"53 Post-, Kurier- und Expressdienste",3,"Total,saisonbereinigt",TOT,Geschlecht - Total,2019Q2,2019Q2,50814
53,"53 Post-, Kurier- und Expressdienste",3,"Total,saisonbereinigt",TOT,Geschlecht - Total,2019Q3,2019Q3,50930
53,"53 Post-, Kurier- und Expressdienste",3,"Total,saisonbereinigt",TOT,Geschlecht - Total,2019Q4,2019Q4,51099
53,"53 Post-, Kurier- und Expressdienste",3,"Total,saisonbereinigt",TOT,Geschlecht - Total,2020Q1,2020Q1,54684
53,"53 Post-, Kurier- und Expressdienste",3,"Total,saisonbereinigt",TOT,Geschlecht - Total,2020Q2,2020Q2,54230
53,"53 Post-, Kurier- und Expressdienste",3,"Total,saisonbereinigt",TOT,Geschlecht - Total,2020Q3,2020Q3,52118
53,"53 Post-, Kurier- und Expressdienste",3,"Total,saisonbereinigt",TOT,Geschlecht - Total,2020Q4,2020Q4,50709
53,"53 Post-, Kurier- und Expressdienste",3,"Total,saisonbereinigt",TOT,Geschlecht - Total,2021Q1,2021Q1,47862
53,"53 Post-, Kurier- und Expressdienste",3,"Total,saisonbereinigt",TOT,Geschlecht - Total,2021Q2,2021Q2,47392
53,"53 Post-, Kurier- und Expressdienste",3,"Total,saisonbereinigt",TOT,Geschlecht - Total,2021Q3,2021Q3,46001
53,"53 Post-, Kurier- und Expressdienste",3,"Total,saisonbereinigt",TOT,Geschlecht - Total,2021Q4,2021Q4,45483
53,"53 Post-, Kurier- und Expressdienste",3,"Total,saisonbereinigt",TOT,Geschlecht - Total,2022Q1,2022Q1,46270
53,"53 Post-, Kurier- und Expressdienste",3,"Total,saisonbereinigt",TOT,Geschlecht - Total,2022Q2,2022Q2,46038
53,"53 Post-, Kurier- und Expressdienste",3,"Total,saisonbereinigt",TOT,Geschlecht - Total,2022Q3,2022Q3,46655
53,"53 Post-, Kurier- und Expressdienste",3,"Total,saisonbereinigt",TOT,Geschlecht - Total,2022Q4,2022Q4,46870
53,"53 Post-, Kurier- und Expressdienste",3,"Total,saisonbereinigt",TOT,Geschlecht - Total,2023Q1,2023Q1,44367
53,"53 Post-, Kurier- und Expressdienste",3,"Total,saisonbereinigt",TOT,Geschlecht - Total,2023Q2,2023Q2,44222
53,"53 Post-, Kurier- und Expressdienste",3,"Total,saisonbereinigt",TOT,Geschlecht - Total,2023Q3,2023Q3,43785
53,"53 Post-, Kurier- und Expressdienste",3,"Total,saisonbereinigt",TOT,Geschlecht - Total,2023Q4,2023Q4,43848
53,"53 Post-, Kurier- und Expressdienste",3,"Total,saisonbereinigt",TOT,Geschlecht - Total,2024Q1,2024Q1,43899
53,"53 Post-, Kurier- und Expressdienste",3,"Total,saisonbereinigt",TOT,Geschlecht - Total,2024Q2,2024Q2,42958
53,"53 Post-, Kurier- und Expressdienste",3,"Total,saisonbereinigt",TOT,Geschlecht - Total,2024Q3,2024Q3,43569
53,"53 Post-, Kurier- und Expressdienste",3,"Total,saisonbereinigt",TOT,Geschlecht - Total,2024Q4,2024Q4,43916
53,"53 Post-, Kurier- und Expressdienste",3,"Total,saisonbereinigt",TOT,Geschlecht - Total,2025Q1,2025Q1,43603
53,"53 Post-, Kurier- und Expressdienste",3,"Total,saisonbereinigt",TOT,Geschlecht - Total,2025Q2,2025Q2,42543
53,"53 Post-, Kurier- und Expressdienste",3,"Total,saisonbereinigt",TOT,Geschlecht - Total,2025Q3,2025Q3,42559
53,"53 Post-, Kurier- und Expressdienste",3,"Total,saisonbereinigt",TOT,Geschlecht - Total,2025Q4,2025Q4,41604
53,"53 Post-, Kurier- und Expressdienste",3,"Total,saisonbereinigt",TOT,Geschlecht - Total,2026Q1,2026Q1,41860
53,"53 Post-, Kurier- und Expressdienste",3,"Total,saisonbereinigt",TOT,Geschlecht - Total,2026Q2,2026Q2,42374
78,78 Vermittlung und Überlassung von Arbeitskräften,TOT,Beschäftigungsgrad - Total,TOT,Geschlecht - Total,1991Q3,1991Q3,24479
78,78 Vermittlung und Überlassung von Arbeitskräften,TOT,Beschäftigungsgrad - Total,TOT,Geschlecht - Total,1991Q4,1991Q4,21955
78,78 Vermittlung und Überlassung von Arbeitskräften,TOT,Beschäftigungsgrad - Total,TOT,Geschlecht - Total,1992Q1,1992Q1,21482
78,78 Vermittlung und Überlassung von Arbeitskräften,TOT,Beschäftigungsgrad - Total,TOT,Geschlecht - Total,1992Q2,1992Q2,26755
78,78 Vermittlung und Überlassung von Arbeitskräften,TOT,Beschäftigungsgrad - Total,TOT,Geschlecht - Total,1992Q3,1992Q3,28683
78,78 Vermittlung und Überlassung von Arbeitskräften,TOT,Beschäftigungsgrad - Total,TOT,Geschlecht - Total,1992Q4,1992Q4,24205
78,78 Vermittlung und Überlassung von Arbeitskräften,TOT,Beschäftigungsgrad - Total,TOT,Geschlecht - Total,1993Q1,1993Q1,22376
78,78 Vermittlung und Überlassung von Arbeitskräften,TOT,Beschäftigungsgrad - Total,TOT,Geschlecht - Total,1993Q2,1993Q2,27103
78,78 Vermittlung und Überlassung von Arbeitskräften,TOT,Beschäftigungsgrad - Total,TOT,Geschlecht - Total,1993Q3,1993Q3,29478
78,78 Vermittlung und Überlassung von Arbeitskräften,TOT,Beschäftigungsgrad - Total,TOT,Geschlecht - Total,1993Q4,1993Q4,26369
78,78 Vermittlung und Überlassung von Arbeitskräften,TOT,Beschäftigungsgrad - Total,TOT,Geschlecht - Total,1994Q1,1994Q1,26341
78,78 Vermittlung und Überlassung von Arbeitskräften,TOT,Beschäftigungsgrad - Total,TOT,Geschlecht - Total,1994Q2,1994Q2,34364
78,78 Vermittlung und Überlassung von Arbeitskräften,TOT,Beschäftigungsgrad - Total,TOT,Geschlecht - Total,1994Q3,1994Q3,39072
78,78 Vermittlung und Überlassung von Arbeitskräften,TOT,Beschäftigungsgrad - Total,TOT,Geschlecht - Total,1994Q4,1994Q4,35124
78,78 Vermittlung und Überlassung von Arbeitskräften,TOT,Beschäftigungsgrad - Total,TOT,Geschlecht - Total,1995Q1,1995Q1,34103
78,78 Vermittlung und Überlassung von Arbeitskräften,TOT,Beschäftigungsgrad - Total,TOT,Geschlecht - Total,1995Q2,1995Q2,41862
78,78 Vermittlung und Überlassung von Arbeitskräften,TOT,Beschäftigungsgrad - Total,TOT,Geschlecht - Total,1995Q3,1995Q3,43818
78,78 Vermittlung und Überlassung von Arbeitskräften,TOT,Beschäftigungsgrad - Total,TOT,Geschlecht - Total,1995Q4,1995Q4,35936
78,78 Vermittlung und Überlassung von Arbeitskräften,TOT,Beschäftigungsgrad - Total,TOT,Geschlecht - Total,1996Q1,1996Q1,32229
78,78 Vermittlung und Überlassung von Arbeitskräften,TOT,Beschäftigungsgrad - Total,TOT,Geschlecht - Total,1996Q2,1996Q2,38111
78,78 Vermittlung und Überlassung von Arbeitskräften,TOT,Beschäftigungsgrad - Total,TOT,Geschlecht - Total,1996Q3,1996Q3,40608
78,78 Vermittlung und Überlassung von Arbeitskräften,TOT,Beschäftigungsgrad - Total,TOT,Geschlecht - Total,1996Q4,1996Q4,35795
78,78 Vermittlung und Überlassung von Arbeitskräften,TOT,Beschäftigungsgrad - Total,TOT,Geschlecht - Total,1997Q1,1997Q1,35482
78,78 Vermittlung und Überlassung von Arbeitskräften,TOT,Beschäftigungsgrad - Total,TOT,Geschlecht - Total,1997Q2,1997Q2,45680
78,78 Vermittlung und Überlassung von Arbeitskräften,TOT,Beschäftigungsgrad - Total,TOT,Geschlecht - Total,1997Q3,1997Q3,51248
78,78 Vermittlung und Überlassung von Arbeitskräften,TOT,Beschäftigungsgrad - Total,TOT,Geschlecht - Total,1997Q4,1997Q4,45519
78,78 Vermittlung und Überlassung von Arbeitskräften,TOT,Beschäftigungsgrad - Total,TOT,Geschlecht - Total,1998Q1,1998Q1,43985
78,78 Vermittlung und Überlassung von Arbeitskräften,TOT,Beschäftigungsgrad - Total,TOT,Geschlecht - Total,1998Q2,1998Q2,54786
78,78 Vermittlung und Überlassung von Arbeitskräften,TOT,Beschäftigungsgrad - Total,TOT,Geschlecht - Total,1998Q3,1998Q3,59830
78,78 Vermittlung und Überlassung von Arbeitskräften,TOT,Beschäftigungsgrad - Total,TOT,Geschlecht - Total,1998Q4,1998Q4,52442
78,78 Vermittlung und Überlassung von Arbeitskräften,TOT,Beschäftigungsgrad - Total,TOT,Geschlecht - Total,1999Q1,1999Q1,50860
78,78 Vermittlung und Überlassung von Arbeitskräften,TOT,Beschäftigungsgrad - Total,TOT,Geschlecht - Total,1999Q2,1999Q2,64382
78,78 Vermittlung und Überlassung von Arbeitskräften,TOT,Beschäftigungsgrad - Total,TOT,Geschlecht - Total,1999Q3,1999Q3,72243
78,78 Vermittlung und Überlassung von Arbeitskräften,TOT,Beschäftigungsgrad - Total,TOT,Geschlecht - Total,1999Q4,1999Q4,65399
78,78 Vermittlung und Überlassung von Arbeitskräften,TOT,Beschäftigungsgrad - Total,TOT,Geschlecht - Total,2000Q1,2000Q1,64695
78,78 Vermittlung und Überlassung von Arbeitskräften,TOT,Beschäftigungsgrad - Total,TOT,Geschlecht - Total,2000Q2,2000Q2,81114
78,78 Vermittlung und Überlassung von Arbeitskräften,TOT,Beschäftigungsgrad - Total,TOT,Geschlecht - Total,2000Q3,2000Q3,86669
78,78 Vermittlung und Überlassung von Arbeitskräften,TOT,Beschäftigungsgrad - Total,TOT,Geschlecht - Total,2000Q4,2000Q4,72036
78,78 Vermittlung und Überlassung von Arbeitskräften,TOT,Beschäftigungsgrad - Total,TOT,Geschlecht - Total,2001Q1,2001Q1,64708
78,78 Vermittlung und Überlassung von Arbeitskräften,TOT,Beschäftigungsgrad - Total,TOT,Geschlecht - Total,2001Q2,2001Q2,74472
78,78 Vermittlung und Überlassung von Arbeitskräften,TOT,Beschäftigungsgrad - Total,TOT,Geschlecht - Total,2001Q3,2001Q3,75679
78,78 Vermittlung und Überlassung von Arbeitskräften,TOT,Beschäftigungsgrad - Total,TOT,Geschlecht - Total,2001Q4,2001Q4,62291
78,78 Vermittlung und Überlassung von Arbeitskräften,TOT,Beschäftigungsgrad - Total,TOT,Geschlecht - Total,2002Q1,2002Q1,56803
78,78 Vermittlung und Überlassung von Arbeitskräften,TOT,Beschäftigungsgrad - Total,TOT,Geschlecht - Total,2002Q2,2002Q2,67386
78,78 Vermittlung und Überlassung von Arbeitskräften,TOT,Beschäftigungsgrad - Total,TOT,Geschlecht - Total,2002Q3,2002Q3,70264
78,78 Vermittlung und Überlassung von Arbeitskräften,TOT,Beschäftigungsgrad - Total,TOT,Geschlecht - Total,2002Q4,2002Q4,58698
78,78 Vermittlung und Überlassung von Arbeitskräften,TOT,Beschäftigungsgrad - Total,TOT,Geschlecht - Total,2003Q1,2003Q1,54037
78,78 Vermittlung und Überlassung von Arbeitskräften,TOT,Beschäftigungsgrad - Total,TOT,Geschlecht - Total,2003Q2,2003Q2,65036
78,78 Vermittlung und Überlassung von Arbeitskräften,TOT,Beschäftigungsgrad - Total,TOT,Geschlecht - Total,2003Q3,2003Q3,68887
78,78 Vermittlung und Überlassung von Arbeitskräften,TOT,Beschäftigungsgrad - Total,TOT,Geschlecht - Total,2003Q4,2003Q4,58761
78,78 Vermittlung und Überlassung von Arbeitskräften,TOT,Beschäftigungsgrad - Total,TOT,Geschlecht - Total,2004Q1,2004Q1,55384
78,78 Vermittlung und Überlassung von Arbeitskräften,TOT,Beschäftigungsgrad - Total,TOT,Geschlecht - Total,2004Q2,2004Q2,68265
78,78 Vermittlung und Überlassung von Arbeitskräften,TOT,Beschäftigungsgrad - Total,TOT,Geschlecht - Total,2004Q3,2004Q3,73767
78,78 Vermittlung und Überlassung von Arbeitskräften,TOT,Beschäftigungsgrad - Total,TOT,Geschlecht - Total,2004Q4,2004Q4,63967
78,78 Vermittlung und Überlassung von Arbeitskräften,TOT,Beschäftigungsgrad - Total,TOT,Geschlecht - Total,2005Q1,2005Q1,61315
78,78 Vermittlung und Überlassung von Arbeitskräften,TOT,Beschäftigungsgrad - Total,TOT,Geschlecht - Total,2005Q2,2005Q2,77840
78,78 Vermittlung und Überlassung von Arbeitskräften,TOT,Beschäftigungsgrad - Total,TOT,Geschlecht - Total,2005Q3,2005Q3,87311
78,78 Vermittlung und Überlassung von Arbeitskräften,TOT,Beschäftigungsgrad - Total,TOT,Geschlecht - Total,2005Q4,2005Q4,78882
78,78 Vermittlung und Überlassung von Arbeitskräften,TOT,Beschäftigungsgrad - Total,TOT,Geschlecht - Total,2006Q1,2006Q1,78015
78,78 Vermittlung und Überlassung von Arbeitskräften,TOT,Beschäftigungsgrad - Total,TOT,Geschlecht - Total,2006Q2,2006Q2,99494
78,78 Vermittlung und Überlassung von Arbeitskräften,TOT,Beschäftigungsgrad - Total,TOT,Geschlecht - Total,2006Q3,2006Q3,107539
78,78 Vermittlung und Überlassung von Arbeitskräften,TOT,Beschäftigungsgrad - Total,TOT,Geschlecht - Total,2006Q4,2006Q4,90667
78,78 Vermittlung und Überlassung von Arbeitskräften,TOT,Beschäftigungsgrad - Total,TOT,Geschlecht - Total,2007Q1,2007Q1,83300
78,78 Vermittlung und Überlassung von Arbeitskräften,TOT,Beschäftigungsgrad - Total,TOT,Geschlecht - Total,2007Q2,2007Q2,100576
78,78 Vermittlung und Überlassung von Arbeitskräften,TOT,Beschäftigungsgrad - Total,TOT,Geschlecht - Total,2007Q3,2007Q3,108473
78,78 Vermittlung und Überlassung von Arbeitskräften,TOT,Beschäftigungsgrad - Total,TOT,Geschlecht - Total,2007Q4,2007Q4,95951
78,78 Vermittlung und Überlassung von Arbeitskräften,TOT,Beschäftigungsgrad - Total,TOT,Geschlecht - Total,2008Q1,2008Q1,93196
78,78 Vermittlung und Überlassung von Arbeitskräften,TOT,Beschäftigungsgrad - Total,TOT,Geschlecht - Total,2008Q2,2008Q2,114706
78,78 Vermittlung und Überlassung von Arbeitskräften,TOT,Beschäftigungsgrad - Total,TOT,Geschlecht - Total,2008Q3,2008Q3,117657
78,78 Vermittlung und Überlassung von Arbeitskräften,TOT,Beschäftigungsgrad - Total,TOT,Geschlecht - Total,2008Q4,2008Q4,93007
78,78 Vermittlung und Überlassung von Arbeitskräften,TOT,Beschäftigungsgrad - Total,TOT,Geschlecht - Total,2009Q1,2009Q1,79665
78,78 Vermittlung und Überlassung von Arbeitskräften,TOT,Beschäftigungsgrad - Total,TOT,Geschlecht - Total,2009Q2,2009Q2,90433
78,78 Vermittlung und Überlassung von Arbeitskräften,TOT,Beschäftigungsgrad - Total,TOT,Geschlecht - Total,2009Q3,2009Q3,93671
78,78 Vermittlung und Überlassung von Arbeitskräften,TOT,Beschäftigungsgrad - Total,TOT,Geschlecht - Total,2009Q4,2009Q4,82175
78,78 Vermittlung und Überlassung von Arbeitskräften,TOT,Beschäftigungsgrad - Total,TOT,Geschlecht - Total,2010Q1,2010Q1,81249
78,78 Vermittlung und Überlassung von Arbeitskräften,TOT,Beschäftigungsgrad - Total,TOT,Geschlecht - Total,2010Q2,2010Q2,105085
78,78 Vermittlung und Überlassung von Arbeitskräften,TOT,Beschäftigungsgrad - Total,TOT,Geschlecht - Total,2010Q3,2010Q3,115742
78,78 Vermittlung und Überlassung von Arbeitskräften,TOT,Beschäftigungsgrad - Total,TOT,Geschlecht - Total,2010Q4,2010Q4,99921
78,78 Vermittlung und Überlassung von Arbeitskräften,TOT,Beschäftigungsgrad - Total,TOT,Geschlecht - Total,2011Q1,2011Q1,92810
78,78 Vermittlung und Überlassung von Arbeitskräften,TOT,Beschäftigungsgrad - Total,TOT,Geschlecht - Total,2011Q2,2011Q2,112020
78,78 Vermittlung und Überlassung von Arbeitskräften,TOT,Beschäftigungsgrad - Total,TOT,Geschlecht - Total,2011Q3,2011Q3,117863
78,78 Vermittlung und Überlassung von Arbeitskräften,TOT,Beschäftigungsgrad - Total,TOT,Geschlecht - Total,2011Q4,2011Q4,100962
78,78 Vermittlung und Überlassung von Arbeitskräften,TOT,Beschäftigungsgrad - Total,TOT,Geschlecht - Total,2012Q1,2012Q1,98929
78,78 Vermittlung und Überlassung von Arbeitskräften,TOT,Beschäftigungsgrad - Total,TOT,Geschlecht - Total,2012Q2,2012Q2,117424
78,78 Vermittlung und Überlassung von Arbeitskräften,TOT,Beschäftigungsgrad - Total,TOT,Geschlecht - Total,2012Q3,2012Q3,125460
78,78 Vermittlung und Überlassung von Arbeitskräften,TOT,Beschäftigungsgrad - Total,TOT,Geschlecht - Total,2012Q4,2012Q4,107403
78,78 Vermittlung und Überlassung von Arbeitskräften,TOT,Beschäftigungsgrad - Total,TOT,Geschlecht - Total,2013Q1,2013Q1,97928
78,78 Vermittlung und Überlassung von Arbeitskräften,TOT,Beschäftigungsgrad - Total,TOT,Geschlecht - Total,2013Q2,2013Q2,118135
78,78 Vermittlung und Überlassung von Arbeitskräften,TOT,Beschäftigungsgrad - Total,TOT,Geschlecht - Total,2013Q3,2013Q3,128027
78,78 Vermittlung und Überlassung von Arbeitskräften,TOT,Beschäftigungsgrad - Total,TOT,Geschlecht - Total,2013Q4,2013Q4,110060
78,78 Vermittlung und Überlassung von Arbeitskräften,TOT,Beschäftigungsgrad - Total,TOT,Geschlecht - Total,2014Q1,2014Q1,101045
78,78 Vermittlung und Überlassung von Arbeitskräften,TOT,Beschäftigungsgrad - Total,TOT,Geschlecht - Total,2014Q2,2014Q2,119818
78,78 Vermittlung und Überlassung von Arbeitskräften,TOT,Beschäftigungsgrad - Total,TOT,Geschlecht - Total,2014Q3,2014Q3,128197
78,78 Vermittlung und Überlassung von Arbeitskräften,TOT,Beschäftigungsgrad - Total,TOT,Geschlecht - Total,2014Q4,2014Q4,109352
78,78 Vermittlung und Überlassung von Arbeitskräften,TOT,Beschäftigungsgrad - Total,TOT,Geschlecht - Total,2015Q1,2015Q1,99133
78,78 Vermittlung und Überlassung von Arbeitskräften,TOT,Beschäftigungsgrad - Total,TOT,Geschlecht - Total,2015Q2,2015Q2,119914
78,78 Vermittlung und Überlassung von Arbeitskräften,TOT,Beschäftigungsgrad - Total,TOT,Geschlecht - Total,2015Q3,2015Q3,125780
78,78 Vermittlung und Überlassung von Arbeitskräften,TOT,Beschäftigungsgrad - Total,TOT,Geschlecht - Total,2015Q4,2015Q4,112943
78,78 Vermittlung und Überlassung von Arbeitskräften,TOT,Beschäftigungsgrad - Total,TOT,Geschlecht - Total,2016Q1,2016Q1,97721
78,78 Vermittlung und Überlassung von Arbeitskräften,TOT,Beschäftigungsgrad - Total,TOT,Geschlecht - Total,2016Q2,2016Q2,114668
78,78 Vermittlung und Überlassung von Arbeitskräften,TOT,Beschäftigungsgrad - Total,TOT,Geschlecht - Total,2016Q3,2016Q3,124904
78,78 Vermittlung und Überlassung von Arbeitskräften,TOT,Beschäftigungsgrad - Total,TOT,Geschlecht - Total,2016Q4,2016Q4,113483
78,78 Vermittlung und Überlassung von Arbeitskräften,TOT,Beschäftigungsgrad - Total,TOT,Geschlecht - Total,2017Q1,2017Q1,101541
78,78 Vermittlung und Überlassung von Arbeitskräften,TOT,Beschäftigungsgrad - Total,TOT,Geschlecht - Total,2017Q2,2017Q2,123782
78,78 Vermittlung und Überlassung von Arbeitskräften,TOT,Beschäftigungsgrad - Total,TOT,Geschlecht - Total,2017Q3,2017Q3,127636
78,78 Vermittlung und Überlassung von Arbeitskräften,TOT,Beschäftigungsgrad - Total,TOT,Geschlecht - Total,2017Q4,2017Q4,114825
78,78 Vermittlung und Überlassung von Arbeitskräften,TOT,Beschäftigungsgrad - Total,TOT,Geschlecht - Total,2018Q1,2018Q1,112742
78,78 Vermittlung und Überlassung von Arbeitskräften,TOT,Beschäftigungsgrad - Total,TOT,Geschlecht - Total,2018Q2,2018Q2,128901
78,78 Vermittlung und Überlassung von Arbeitskräften,TOT,Beschäftigungsgrad - Total,TOT,Geschlecht - Total,2018Q3,2018Q3,134749
78,78 Vermittlung und Überlassung von Arbeitskräften,TOT,Beschäftigungsgrad - Total,TOT,Geschlecht - Total,2018Q4,2018Q4,126055
78,78 Vermittlung und Überlassung von Arbeitskräften,TOT,Beschäftigungsgrad - Total,TOT,Geschlecht - Total,2019Q1,2019Q1,117213
78,78 Vermittlung und Überlassung von Arbeitskräften,TOT,Beschäftigungsgrad - Total,TOT,Geschlecht - Total,2019Q2,2019Q2,130849
78,78 Vermittlung und Überlassung von Arbeitskräften,TOT,Beschäftigungsgrad - Total,TOT,Geschlecht - Total,2019Q3,2019Q3,137682
78,78 Vermittlung und Überlassung von Arbeitskräften,TOT,Beschäftigungsgrad - Total,TOT,Geschlecht - Total,2019Q4,2019Q4,127330
78,78 Vermittlung und Überlassung von Arbeitskräften,TOT,Beschäftigungsgrad - Total,TOT,Geschlecht - Total,2020Q1,2020Q1,113232
78,78 Vermittlung und Überlassung von Arbeitskräften,TOT,Beschäftigungsgrad - Total,TOT,Geschlecht - Total,2020Q2,2020Q2,109586
78,78 Vermittlung und Überlassung von Arbeitskräften,TOT,Beschäftigungsgrad - Total,TOT,Geschlecht - Total,2020Q3,2020Q3,127375
78,78 Vermittlung und Überlassung von Arbeitskräften,TOT,Beschäftigungsgrad - Total,TOT,Geschlecht - Total,2020Q4,2020Q4,116937
78,78 Vermittlung und Überlassung von Arbeitskräften,TOT,Beschäftigungsgrad - Total,TOT,Geschlecht - Total,2021Q1,2021Q1,113152
78,78 Vermittlung und Überlassung von Arbeitskräften,TOT,Beschäftigungsgrad - Total,TOT,Geschlecht - Total,2021Q2,2021Q2,145544
78,78 Vermittlung und Überlassung von Arbeitskräften,TOT,Beschäftigungsgrad - Total,TOT,Geschlecht - Total,2021Q3,2021Q3,148057
78,78 Vermittlung und Überlassung von Arbeitskräften,TOT,Beschäftigungsgrad - Total,TOT,Geschlecht - Total,2021Q4,2021Q4,142537
78,78 Vermittlung und Überlassung von Arbeitskräften,TOT,Beschäftigungsgrad - Total,TOT,Geschlecht - Total,2022Q1,2022Q1,126378
78,78 Vermittlung und Überlassung von Arbeitskräften,TOT,Beschäftigungsgrad - Total,TOT,Geschlecht - Total,2022Q2,2022Q2,141183
78,78 Vermittlung und Überlassung von Arbeitskräften,TOT,Beschäftigungsgrad - Total,TOT,Geschlecht - Total,2022Q3,2022Q3,143092
78,78 Vermittlung und Überlassung von Arbeitskräften,TOT,Beschäftigungsgrad - Total,TOT,Geschlecht - Total,2022Q4,2022Q4,135397
78,78 Vermittlung und Überlassung von Arbeitskräften,TOT,Beschäftigungsgrad - Total,TOT,Geschlecht - Total,2023Q1,2023Q1,124515
78,78 Vermittlung und Überlassung von Arbeitskräften,TOT,Beschäftigungsgrad - Total,TOT,Geschlecht - Total,2023Q2,2023Q2,144790
78,78 Vermittlung und Überlassung von Arbeitskräften,TOT,Beschäftigungsgrad - Total,TOT,Geschlecht - Total,2023Q3,2023Q3,144393
78,78 Vermittlung und Überlassung von Arbeitskräften,TOT,Beschäftigungsgrad - Total,TOT,Geschlecht - Total,2023Q4,2023Q4,139038
78,78 Vermittlung und Überlassung von Arbeitskräften,TOT,Beschäftigungsgrad - Total,TOT,Geschlecht - Total,2024Q1,2024Q1,133090
78,78 Vermittlung und Überlassung von Arbeitskräften,TOT,Beschäftigungsgrad - Total,TOT,Geschlecht - Total,2024Q2,2024Q2,140044
78,78 Vermittlung und Überlassung von Arbeitskräften,TOT,Beschäftigungsgrad - Total,TOT,Geschlecht - Total,2024Q3,2024Q3,142121
78,78 Vermittlung und Überlassung von Arbeitskräften,TOT,Beschäftigungsgrad - Total,TOT,Geschlecht - Total,2024Q4,2024Q4,133313
78,78 Vermittlung und Überlassung von Arbeitskräften,TOT,Beschäftigungsgrad - Total,TOT,Geschlecht - Total,2025Q1,2025Q1,123063
78,78 Vermittlung und Überlassung von Arbeitskräften,TOT,Beschäftigungsgrad - Total,TOT,Geschlecht - Total,2025Q2,2025Q2,139078
78,78 Vermittlung und Überlassung von Arbeitskräften,TOT,Beschäftigungsgrad - Total,TOT,Geschlecht - Total,2025Q3,2025Q3,149364
78,78 Vermittlung und Überlassung von Arbeitskräften,TOT,Beschäftigungsgrad - Total,TOT,Geschlecht - Total,2025Q4,2025Q4,154149
78,78 Vermittlung und Überlassung von Arbeitskräften,TOT,Beschäftigungsgrad - Total,TOT,Geschlecht - Total,2026Q1,2026Q1,141534
78,78 Vermittlung und Überlassung von Arbeitskräften,TOT,Beschäftigungsgrad - Total,TOT,Geschlecht - Total,2026Q2,2026Q2,166107
78,78 Vermittlung und Überlassung von Arbeitskräften,3,"Total,saisonbereinigt",TOT,Geschlecht - Total,1991Q3,1991Q3,21893
78,78 Vermittlung und Überlassung von Arbeitskräften,3,"Total,saisonbereinigt",TOT,Geschlecht - Total,1991Q4,1991Q4,23213
78,78 Vermittlung und Überlassung von Arbeitskräften,3,"Total,saisonbereinigt",TOT,Geschlecht - Total,1992Q1,1992Q1,24459
78,78 Vermittlung und Überlassung von Arbeitskräften,3,"Total,saisonbereinigt",TOT,Geschlecht - Total,1992Q2,1992Q2,25294
78,78 Vermittlung und Überlassung von Arbeitskräften,3,"Total,saisonbereinigt",TOT,Geschlecht - Total,1992Q3,1992Q3,25652
78,78 Vermittlung und Überlassung von Arbeitskräften,3,"Total,saisonbereinigt",TOT,Geschlecht - Total,1992Q4,1992Q4,25591
78,78 Vermittlung und Überlassung von Arbeitskräften,3,"Total,saisonbereinigt",TOT,Geschlecht - Total,1993Q1,1993Q1,25476
78,78 Vermittlung und Überlassung von Arbeitskräften,3,"Total,saisonbereinigt",TOT,Geschlecht - Total,1993Q2,1993Q2,25624
78,78 Vermittlung und Überlassung von Arbeitskräften,3,"Total,saisonbereinigt",TOT,Geschlecht - Total,1993Q3,1993Q3,26363
78,78 Vermittlung und Überlassung von Arbeitskräften,3,"Total,saisonbereinigt",TOT,Geschlecht - Total,1993Q4,1993Q4,27879
78,78 Vermittlung und Überlassung von Arbeitskräften,3,"Total,saisonbereinigt",TOT,Geschlecht - Total,1994Q1,1994Q1,29989
78,78 Vermittlung und Überlassung von Arbeitskräften,3,"Total,saisonbereinigt",TOT,Geschlecht - Total,1994Q2,1994Q2,32491
78,78 Vermittlung und Überlassung von Arbeitskräften,3,"Total,saisonbereinigt",TOT,Geschlecht - Total,1994Q3,1994Q3,34944
78,78 Vermittlung und Überlassung von Arbeitskräften,3,"Total,saisonbereinigt",TOT,Geschlecht - Total,1994Q4,1994Q4,37136
78,78 Vermittlung und Überlassung von Arbeitskräften,3,"Total,saisonbereinigt",TOT,Geschlecht - Total,1995Q1,1995Q1,38825
78,78 Vermittlung und Überlassung von Arbeitskräften,3,"Total,saisonbereinigt",TOT,Geschlecht - Total,1995Q2,1995Q2,39580
78,78 Vermittlung und Überlassung von Arbeitskräften,3,"Total,saisonbereinigt",TOT,Geschlecht - Total,1995Q3,1995Q3,39188
78,78 Vermittlung und Überlassung von Arbeitskräften,3,"Total,saisonbereinigt",TOT,Geschlecht - Total,1995Q4,1995Q4,37996
78,78 Vermittlung und Überlassung von Arbeitskräften,3,"Total,saisonbereinigt",TOT,Geschlecht - Total,1996Q1,1996Q1,36690
78,78 Vermittlung und Überlassung von Arbeitskräften,3,"Total,saisonbereinigt",TOT,Geschlecht - Total,1996Q2,1996Q2,36034
78,78 Vermittlung und Überlassung von Arbeitskräften,3,"Total,saisonbereinigt",TOT,Geschlecht - Total,1996Q3,1996Q3,36317
78,78 Vermittlung und Überlassung von Arbeitskräften,3,"Total,saisonbereinigt",TOT,Geschlecht - Total,1996Q4,1996Q4,37848
78,78 Vermittlung und Überlassung von Arbeitskräften,3,"Total,saisonbereinigt",TOT,Geschlecht - Total,1997Q1,1997Q1,40392
78,78 Vermittlung und Überlassung von Arbeitskräften,3,"Total,saisonbereinigt",TOT,Geschlecht - Total,1997Q2,1997Q2,43191
78,78 Vermittlung und Überlassung von Arbeitskräften,3,"Total,saisonbereinigt",TOT,Geschlecht - Total,1997Q3,1997Q3,45831
78,78 Vermittlung und Überlassung von Arbeitskräften,3,"Total,saisonbereinigt",TOT,Geschlecht - Total,1997Q4,1997Q4,48130
78,78 Vermittlung und Überlassung von Arbeitskräften,3,"Total,saisonbereinigt",TOT,Geschlecht - Total,1998Q1,1998Q1,50075
78,78 Vermittlung und Überlassung von Arbeitskräften,3,"Total,saisonbereinigt",TOT,Geschlecht - Total,1998Q2,1998Q2,51800
78,78 Vermittlung und Überlassung von Arbeitskräften,3,"Total,saisonbereinigt",TOT,Geschlecht - Total,1998Q3,1998Q3,53504
78,78 Vermittlung und Überlassung von Arbeitskräften,3,"Total,saisonbereinigt",TOT,Geschlecht - Total,1998Q4,1998Q4,55451
78,78 Vermittlung und Überlassung von Arbeitskräften,3,"Total,saisonbereinigt",TOT,Geschlecht - Total,1999Q1,1999Q1,57906
78,78 Vermittlung und Überlassung von Arbeitskräften,3,"Total,saisonbereinigt",TOT,Geschlecht - Total,1999Q2,1999Q2,60869
78,78 Vermittlung und Überlassung von Arbeitskräften,3,"Total,saisonbereinigt",TOT,Geschlecht - Total,1999Q3,1999Q3,64601
78,78 Vermittlung und Überlassung von Arbeitskräften,3,"Total,saisonbereinigt",TOT,Geschlecht - Total,1999Q4,1999Q4,69154
78,78 Vermittlung und Überlassung von Arbeitskräften,3,"Total,saisonbereinigt",TOT,Geschlecht - Total,2000Q1,2000Q1,73671
78,78 Vermittlung und Überlassung von Arbeitskräften,3,"Total,saisonbereinigt",TOT,Geschlecht - Total,2000Q2,2000Q2,76676
78,78 Vermittlung und Überlassung von Arbeitskräften,3,"Total,saisonbereinigt",TOT,Geschlecht - Total,2000Q3,2000Q3,77498
78,78 Vermittlung und Überlassung von Arbeitskräften,3,"Total,saisonbereinigt",TOT,Geschlecht - Total,2000Q4,2000Q4,76174
78,78 Vermittlung und Überlassung von Arbeitskräften,3,"Total,saisonbereinigt",TOT,Geschlecht - Total,2001Q1,2001Q1,73706
78,78 Vermittlung und Überlassung von Arbeitskräften,3,"Total,saisonbereinigt",TOT,Geschlecht - Total,2001Q2,2001Q2,70380
78,78 Vermittlung und Überlassung von Arbeitskräften,3,"Total,saisonbereinigt",TOT,Geschlecht - Total,2001Q3,2001Q3,67667
78,78 Vermittlung und Überlassung von Arbeitskräften,3,"Total,saisonbereinigt",TOT,Geschlecht - Total,2001Q4,2001Q4,65873
78,78 Vermittlung und Überlassung von Arbeitskräften,3,"Total,saisonbereinigt",TOT,Geschlecht - Total,2002Q1,2002Q1,64722
78,78 Vermittlung und Überlassung von Arbeitskräften,3,"Total,saisonbereinigt",TOT,Geschlecht - Total,2002Q2,2002Q2,63668
78,78 Vermittlung und Überlassung von Arbeitskräften,3,"Total,saisonbereinigt",TOT,Geschlecht - Total,2002Q3,2002Q3,62824
78,78 Vermittlung und Überlassung von Arbeitskräften,3,"Total,saisonbereinigt",TOT,Geschlecht - Total,2002Q4,2002Q4,62078
78,78 Vermittlung und Überlassung von Arbeitskräften,3,"Total,saisonbereinigt",TOT,Geschlecht - Total,2003Q1,2003Q1,61586
78,78 Vermittlung und Überlassung von Arbeitskräften,3,"Total,saisonbereinigt",TOT,Geschlecht - Total,2003Q2,2003Q2,61436
78,78 Vermittlung und Überlassung von Arbeitskräften,3,"Total,saisonbereinigt",TOT,Geschlecht - Total,2003Q3,2003Q3,61589
78,78 Vermittlung und Überlassung von Arbeitskräften,3,"Total,saisonbereinigt",TOT,Geschlecht - Total,2003Q4,2003Q4,62146
78,78 Vermittlung und Überlassung von Arbeitskräften,3,"Total,saisonbereinigt",TOT,Geschlecht - Total,2004Q1,2004Q1,63132
78,78 Vermittlung und Überlassung von Arbeitskräften,3,"Total,saisonbereinigt",TOT,Geschlecht - Total,2004Q2,2004Q2,64481
78,78 Vermittlung und Überlassung von Arbeitskräften,3,"Total,saisonbereinigt",TOT,Geschlecht - Total,2004Q3,2004Q3,65955
78,78 Vermittlung und Überlassung von Arbeitskräften,3,"Total,saisonbereinigt",TOT,Geschlecht - Total,2004Q4,2004Q4,67640
78,78 Vermittlung und Überlassung von Arbeitskräften,3,"Total,saisonbereinigt",TOT,Geschlecht - Total,2005Q1,2005Q1,69907
78,78 Vermittlung und Überlassung von Arbeitskräften,3,"Total,saisonbereinigt",TOT,Geschlecht - Total,2005Q2,2005Q2,73523
78,78 Vermittlung und Überlassung von Arbeitskräften,3,"Total,saisonbereinigt",TOT,Geschlecht - Total,2005Q3,2005Q3,78067
78,78 Vermittlung und Überlassung von Arbeitskräften,3,"Total,saisonbereinigt",TOT,Geschlecht - Total,2005Q4,2005Q4,83386
78,78 Vermittlung und Überlassung von Arbeitskräften,3,"Total,saisonbereinigt",TOT,Geschlecht - Total,2006Q1,2006Q1,88968
78,78 Vermittlung und Überlassung von Arbeitskräften,3,"Total,saisonbereinigt",TOT,Geschlecht - Total,2006Q2,2006Q2,93975
78,78 Vermittlung und Überlassung von Arbeitskräften,3,"Total,saisonbereinigt",TOT,Geschlecht - Total,2006Q3,2006Q3,96187
78,78 Vermittlung und Überlassung von Arbeitskräften,3,"Total,saisonbereinigt",TOT,Geschlecht - Total,2006Q4,2006Q4,95784
78,78 Vermittlung und Überlassung von Arbeitskräften,3,"Total,saisonbereinigt",TOT,Geschlecht - Total,2007Q1,2007Q1,94997
78,78 Vermittlung und Überlassung von Arbeitskräften,3,"Total,saisonbereinigt",TOT,Geschlecht - Total,2007Q2,2007Q2,95027
78,78 Vermittlung und Überlassung von Arbeitskräften,3,"Total,saisonbereinigt",TOT,Geschlecht - Total,2007Q3,2007Q3,97057
78,78 Vermittlung und Überlassung von Arbeitskräften,3,"Total,saisonbereinigt",TOT,Geschlecht - Total,2007Q4,2007Q4,101269
78,78 Vermittlung und Überlassung von Arbeitskräften,3,"Total,saisonbereinigt",TOT,Geschlecht - Total,2008Q1,2008Q1,106272
78,78 Vermittlung und Überlassung von Arbeitskräften,3,"Total,saisonbereinigt",TOT,Geschlecht - Total,2008Q2,2008Q2,108457
78,78 Vermittlung und Überlassung von Arbeitskräften,3,"Total,saisonbereinigt",TOT,Geschlecht - Total,2008Q3,2008Q3,105316
78,78 Vermittlung und Überlassung von Arbeitskräften,3,"Total,saisonbereinigt",TOT,Geschlecht - Total,2008Q4,2008Q4,98040
78,78 Vermittlung und Überlassung von Arbeitskräften,3,"Total,saisonbereinigt",TOT,Geschlecht - Total,2009Q1,2009Q1,90801
78,78 Vermittlung und Überlassung von Arbeitskräften,3,"Total,saisonbereinigt",TOT,Geschlecht - Total,2009Q2,2009Q2,85624
78,78 Vermittlung und Überlassung von Arbeitskräften,3,"Total,saisonbereinigt",TOT,Geschlecht - Total,2009Q3,2009Q3,83867
78,78 Vermittlung und Überlassung von Arbeitskräften,3,"Total,saisonbereinigt",TOT,Geschlecht - Total,2009Q4,2009Q4,86493
78,78 Vermittlung und Überlassung von Arbeitskräften,3,"Total,saisonbereinigt",TOT,Geschlecht - Total,2010Q1,2010Q1,92562
78,78 Vermittlung und Überlassung von Arbeitskräften,3,"Total,saisonbereinigt",TOT,Geschlecht - Total,2010Q2,2010Q2,99620
78,78 Vermittlung und Überlassung von Arbeitskräften,3,"Total,saisonbereinigt",TOT,Geschlecht - Total,2010Q3,2010Q3,103729
78,78 Vermittlung und Überlassung von Arbeitskräften,3,"Total,saisonbereinigt",TOT,Geschlecht - Total,2010Q4,2010Q4,104942
78,78 Vermittlung und Überlassung von Arbeitskräften,3,"Total,saisonbereinigt",TOT,Geschlecht - Total,2011Q1,2011Q1,105655
78,78 Vermittlung und Überlassung von Arbeitskräften,3,"Total,saisonbereinigt",TOT,Geschlecht - Total,2011Q2,2011Q2,106352
78,78 Vermittlung und Überlassung von Arbeitskräften,3,"Total,saisonbereinigt",TOT,Geschlecht - Total,2011Q3,2011Q3,105796
78,78 Vermittlung und Überlassung von Arbeitskräften,3,"Total,saisonbereinigt",TOT,Geschlecht - Total,2011Q4,2011Q4,105703
78,78 Vermittlung und Überlassung von Arbeitskräften,3,"Total,saisonbereinigt",TOT,Geschlecht - Total,2012Q1,2012Q1,112594
78,78 Vermittlung und Überlassung von Arbeitskräften,3,"Total,saisonbereinigt",TOT,Geschlecht - Total,2012Q2,2012Q2,111578
78,78 Vermittlung und Überlassung von Arbeitskräften,3,"Total,saisonbereinigt",TOT,Geschlecht - Total,2012Q3,2012Q3,112888
78,78 Vermittlung und Überlassung von Arbeitskräften,3,"Total,saisonbereinigt",TOT,Geschlecht - Total,2012Q4,2012Q4,112092
78,78 Vermittlung und Überlassung von Arbeitskräften,3,"Total,saisonbereinigt",TOT,Geschlecht - Total,2013Q1,2013Q1,111339
78,78 Vermittlung und Überlassung von Arbeitskräften,3,"Total,saisonbereinigt",TOT,Geschlecht - Total,2013Q2,2013Q2,112353
78,78 Vermittlung und Überlassung von Arbeitskräften,3,"Total,saisonbereinigt",TOT,Geschlecht - Total,2013Q3,2013Q3,115546
78,78 Vermittlung und Überlassung von Arbeitskräften,3,"Total,saisonbereinigt",TOT,Geschlecht - Total,2013Q4,2013Q4,114501
78,78 Vermittlung und Überlassung von Arbeitskräften,3,"Total,saisonbereinigt",TOT,Geschlecht - Total,2014Q1,2014Q1,114650
78,78 Vermittlung und Überlassung von Arbeitskräften,3,"Total,saisonbereinigt",TOT,Geschlecht - Total,2014Q2,2014Q2,114085
78,78 Vermittlung und Überlassung von Arbeitskräften,3,"Total,saisonbereinigt",TOT,Geschlecht - Total,2014Q3,2014Q3,116130
78,78 Vermittlung und Überlassung von Arbeitskräften,3,"Total,saisonbereinigt",TOT,Geschlecht - Total,2014Q4,2014Q4,113386
78,78 Vermittlung und Überlassung von Arbeitskräften,3,"Total,saisonbereinigt",TOT,Geschlecht - Total,2015Q1,2015Q1,112143
78,78 Vermittlung und Überlassung von Arbeitskräften,3,"Total,saisonbereinigt",TOT,Geschlecht - Total,2015Q2,2015Q2,114363
78,78 Vermittlung und Überlassung von Arbeitskräften,3,"Total,saisonbereinigt",TOT,Geschlecht - Total,2015Q3,2015Q3,114402
78,78 Vermittlung und Überlassung von Arbeitskräften,3,"Total,saisonbereinigt",TOT,Geschlecht - Total,2015Q4,2015Q4,116671
78,78 Vermittlung und Überlassung von Arbeitskräften,3,"Total,saisonbereinigt",TOT,Geschlecht - Total,2016Q1,2016Q1,110233
78,78 Vermittlung und Überlassung von Arbeitskräften,3,"Total,saisonbereinigt",TOT,Geschlecht - Total,2016Q2,2016Q2,109503
78,78 Vermittlung und Überlassung von Arbeitskräften,3,"Total,saisonbereinigt",TOT,Geschlecht - Total,2016Q3,2016Q3,114135
78,78 Vermittlung und Überlassung von Arbeitskräften,3,"Total,saisonbereinigt",TOT,Geschlecht - Total,2016Q4,2016Q4,116749
78,78 Vermittlung und Überlassung von Arbeitskräften,3,"Total,saisonbereinigt",TOT,Geschlecht - Total,2017Q1,2017Q1,114239
78,78 Vermittlung und Überlassung von Arbeitskräften,3,"Total,saisonbereinigt",TOT,Geschlecht - Total,2017Q2,2017Q2,118292
78,78 Vermittlung und Überlassung von Arbeitskräften,3,"Total,saisonbereinigt",TOT,Geschlecht - Total,2017Q3,2017Q3,117247
78,78 Vermittlung und Überlassung von Arbeitskräften,3,"Total,saisonbereinigt",TOT,Geschlecht - Total,2017Q4,2017Q4,117643
78,78 Vermittlung und Überlassung von Arbeitskräften,3,"Total,saisonbereinigt",TOT,Geschlecht - Total,2018Q1,2018Q1,126497
78,78 Vermittlung und Überlassung von Arbeitskräften,3,"Total,saisonbereinigt",TOT,Geschlecht - Total,2018Q2,2018Q2,123201
78,78 Vermittlung und Überlassung von Arbeitskräften,3,"Total,saisonbereinigt",TOT,Geschlecht - Total,2018Q3,2018Q3,124571
78,78 Vermittlung und Überlassung von Arbeitskräften,3,"Total,saisonbereinigt",TOT,Geschlecht - Total,2018Q4,2018Q4,128529
78,78 Vermittlung und Überlassung von Arbeitskräften,3,"Total,saisonbereinigt",TOT,Geschlecht - Total,2019Q1,2019Q1,131109
78,78 Vermittlung und Überlassung von Arbeitskräften,3,"Total,saisonbereinigt",TOT,Geschlecht - Total,2019Q2,2019Q2,125190
78,78 Vermittlung und Überlassung von Arbeitskräften,3,"Total,saisonbereinigt",TOT,Geschlecht - Total,2019Q3,2019Q3,127992
78,78 Vermittlung und Überlassung von Arbeitskräften,3,"Total,saisonbereinigt",TOT,Geschlecht - Total,2019Q4,2019Q4,129277
78,78 Vermittlung und Überlassung von Arbeitskräften,3,"Total,saisonbereinigt",TOT,Geschlecht - Total,2020Q1,2020Q1,126261
78,78 Vermittlung und Überlassung von Arbeitskräften,3,"Total,saisonbereinigt",TOT,Geschlecht - Total,2020Q2,2020Q2,104959
78,78 Vermittlung und Überlassung von Arbeitskräften,3,"Total,saisonbereinigt",TOT,Geschlecht - Total,2020Q3,2020Q3,119033
78,78 Vermittlung und Überlassung von Arbeitskräften,3,"Total,saisonbereinigt",TOT,Geschlecht - Total,2020Q4,2020Q4,118259
78,78 Vermittlung und Überlassung von Arbeitskräften,3,"Total,saisonbereinigt",TOT,Geschlecht - Total,2021Q1,2021Q1,125721
78,78 Vermittlung und Überlassung von Arbeitskräften,3,"Total,saisonbereinigt",TOT,Geschlecht - Total,2021Q2,2021Q2,139703
78,78 Vermittlung und Überlassung von Arbeitskräften,3,"Total,saisonbereinigt",TOT,Geschlecht - Total,2021Q3,2021Q3,138937
78,78 Vermittlung und Überlassung von Arbeitskräften,3,"Total,saisonbereinigt",TOT,Geschlecht - Total,2021Q4,2021Q4,143589
78,78 Vermittlung und Überlassung von Arbeitskräften,3,"Total,saisonbereinigt",TOT,Geschlecht - Total,2022Q1,2022Q1,140024
78,78 Vermittlung und Überlassung von Arbeitskräften,3,"Total,saisonbereinigt",TOT,Geschlecht - Total,2022Q2,2022Q2,135805
78,78 Vermittlung und Überlassung von Arbeitskräften,3,"Total,saisonbereinigt",TOT,Geschlecht - Total,2022Q3,2022Q3,134775
78,78 Vermittlung und Überlassung von Arbeitskräften,3,"Total,saisonbereinigt",TOT,Geschlecht - Total,2022Q4,2022Q4,135847
78,78 Vermittlung und Überlassung von Arbeitskräften,3,"Total,saisonbereinigt",TOT,Geschlecht - Total,2023Q1,2023Q1,137718
78,78 Vermittlung und Überlassung von Arbeitskräften,3,"Total,saisonbereinigt",TOT,Geschlecht - Total,2023Q2,2023Q2,139525
78,78 Vermittlung und Überlassung von Arbeitskräften,3,"Total,saisonbereinigt",TOT,Geschlecht - Total,2023Q3,2023Q3,136410
78,78 Vermittlung und Überlassung von Arbeitskräften,3,"Total,saisonbereinigt",TOT,Geschlecht - Total,2023Q4,2023Q4,138996
78,78 Vermittlung und Überlassung von Arbeitskräften,3,"Total,saisonbereinigt",TOT,Geschlecht - Total,2024Q1,2024Q1,147064
78,78 Vermittlung und Überlassung von Arbeitskräften,3,"Total,saisonbereinigt",TOT,Geschlecht - Total,2024Q2,2024Q2,135129
78,78 Vermittlung und Überlassung von Arbeitskräften,3,"Total,saisonbereinigt",TOT,Geschlecht - Total,2024Q3,2024Q3,134567
78,78 Vermittlung und Überlassung von Arbeitskräften,3,"Total,saisonbereinigt",TOT,Geschlecht - Total,2024Q4,2024Q4,132913
78,78 Vermittlung und Überlassung von Arbeitskräften,3,"Total,saisonbereinigt",TOT,Geschlecht - Total,2025Q1,2025Q1,135854
78,78 Vermittlung und Überlassung von Arbeitskräften,3,"Total,saisonbereinigt",TOT,Geschlecht - Total,2025Q2,2025Q2,134374
78,78 Vermittlung und Überlassung von Arbeitskräften,3,"Total,saisonbereinigt",TOT,Geschlecht - Total,2025Q3,2025Q3,141660
78,78 Vermittlung und Überlassung von Arbeitskräften,3,"Total,saisonbereinigt",TOT,Geschlecht - Total,2025Q4,2025Q4,153362
78,78 Vermittlung und Überlassung von Arbeitskräften,3,"Total,saisonbereinigt",TOT,Geschlecht - Total,2026Q1,2026Q1,156085
78,78 Vermittlung und Überlassung von Arbeitskräften,3,"Total,saisonbereinigt",TOT,Geschlecht - Total,2026Q2,2026Q2,160732
