Offene Stellen,Offene Stellen_label,Wirtschaftsabteilung,Wirtschaftsabteilung_label,Quartal,Quartal_label,value
1,Offene Stellen - Total,5-96,5-96 Total,1992Q2,1992Q2,
1,Offene Stellen - Total,5-96,5-96 Total,1992Q3,1992Q3,
1,Offene Stellen - Total,5-96,5-96 Total,1992Q4,1992Q4,
1,Offene Stellen - Total,5-96,5-96 Total,1993Q1,1993Q1,
1,Offene Stellen - Total,5-96,5-96 Total,1993Q2,1993Q2,
1,Offene Stellen - Total,5-96,5-96 Total,1993Q3,1993Q3,
1,Offene Stellen - Total,5-96,5-96 Total,1993Q4,1993Q4,
1,Offene Stellen - Total,5-96,5-96 Total,1994Q1,1994Q1,
1,Offene Stellen - Total,5-96,5-96 Total,1994Q2,1994Q2,
1,Offene Stellen - Total,5-96,5-96 Total,1994Q3,1994Q3,
1,Offene Stellen - Total,5-96,5-96 Total,1994Q4,1994Q4,
1,Offene Stellen - Total,5-96,5-96 Total,1995Q1,1995Q1,
1,Offene Stellen - Total,5-96,5-96 Total,1995Q2,1995Q2,
1,Offene Stellen - Total,5-96,5-96 Total,1995Q3,1995Q3,
1,Offene Stellen - Total,5-96,5-96 Total,1995Q4,1995Q4,
1,Offene Stellen - Total,5-96,5-96 Total,1996Q1,1996Q1,
1,Offene Stellen - Total,5-96,5-96 Total,1996Q2,1996Q2,
1,Offene Stellen - Total,5-96,5-96 Total,1996Q3,1996Q3,
1,Offene Stellen - Total,5-96,5-96 Total,1996Q4,1996Q4,
1,Offene Stellen - Total,5-96,5-96 Total,1997Q1,1997Q1,
1,Offene Stellen - Total,5-96,5-96 Total,1997Q2,1997Q2,
1,Offene Stellen - Total,5-96,5-96 Total,1997Q3,1997Q3,
1,Offene Stellen - Total,5-96,5-96 Total,1997Q4,1997Q4,
1,Offene Stellen - Total,5-96,5-96 Total,1998Q1,1998Q1,
1,Offene Stellen - Total,5-96,5-96 Total,1998Q2,1998Q2,
1,Offene Stellen - Total,5-96,5-96 Total,1998Q3,1998Q3,
1,Offene Stellen - Total,5-96,5-96 Total,1998Q4,1998Q4,
1,Offene Stellen - Total,5-96,5-96 Total,1999Q1,1999Q1,
1,Offene Stellen - Total,5-96,5-96 Total,1999Q2,1999Q2,
1,Offene Stellen - Total,5-96,5-96 Total,1999Q3,1999Q3,
1,Offene Stellen - Total,5-96,5-96 Total,1999Q4,1999Q4,
1,Offene Stellen - Total,5-96,5-96 Total,2000Q1,2000Q1,
1,Offene Stellen - Total,5-96,5-96 Total,2000Q2,2000Q2,
1,Offene Stellen - Total,5-96,5-96 Total,2000Q3,2000Q3,
1,Offene Stellen - Total,5-96,5-96 Total,2000Q4,2000Q4,
1,Offene Stellen - Total,5-96,5-96 Total,2001Q1,2001Q1,
1,Offene Stellen - Total,5-96,5-96 Total,2001Q2,2001Q2,
1,Offene Stellen - Total,5-96,5-96 Total,2001Q3,2001Q3,
1,Offene Stellen - Total,5-96,5-96 Total,2001Q4,2001Q4,
1,Offene Stellen - Total,5-96,5-96 Total,2002Q1,2002Q1,
1,Offene Stellen - Total,5-96,5-96 Total,2002Q2,2002Q2,
1,Offene Stellen - Total,5-96,5-96 Total,2002Q3,2002Q3,
1,Offene Stellen - Total,5-96,5-96 Total,2002Q4,2002Q4,
1,Offene Stellen - Total,5-96,5-96 Total,2003Q1,2003Q1,
1,Offene Stellen - Total,5-96,5-96 Total,2003Q2,2003Q2,36729.0
1,Offene Stellen - Total,5-96,5-96 Total,2003Q3,2003Q3,29219.0
1,Offene Stellen - Total,5-96,5-96 Total,2003Q4,2003Q4,29043.0
1,Offene Stellen - Total,5-96,5-96 Total,2004Q1,2004Q1,40276.0
1,Offene Stellen - Total,5-96,5-96 Total,2004Q2,2004Q2,39672.0
1,Offene Stellen - Total,5-96,5-96 Total,2004Q3,2004Q3,31277.0
1,Offene Stellen - Total,5-96,5-96 Total,2004Q4,2004Q4,30972.0
1,Offene Stellen - Total,5-96,5-96 Total,2005Q1,2005Q1,35382.0
1,Offene Stellen - Total,5-96,5-96 Total,2005Q2,2005Q2,35404.0
1,Offene Stellen - Total,5-96,5-96 Total,2005Q3,2005Q3,36153.0
1,Offene Stellen - Total,5-96,5-96 Total,2005Q4,2005Q4,40946.0
1,Offene Stellen - Total,5-96,5-96 Total,2006Q1,2006Q1,50667.0
1,Offene Stellen - Total,5-96,5-96 Total,2006Q2,2006Q2,52742.0
1,Offene Stellen - Total,5-96,5-96 Total,2006Q3,2006Q3,51835.0
1,Offene Stellen - Total,5-96,5-96 Total,2006Q4,2006Q4,56996.0
1,Offene Stellen - Total,5-96,5-96 Total,2007Q1,2007Q1,65416.0
1,Offene Stellen - Total,5-96,5-96 Total,2007Q2,2007Q2,72413.0
1,Offene Stellen - Total,5-96,5-96 Total,2007Q3,2007Q3,72778.0
1,Offene Stellen - Total,5-96,5-96 Total,2007Q4,2007Q4,69773.0
1,Offene Stellen - Total,5-96,5-96 Total,2008Q1,2008Q1,78215.0
1,Offene Stellen - Total,5-96,5-96 Total,2008Q2,2008Q2,76075.0
1,Offene Stellen - Total,5-96,5-96 Total,2008Q3,2008Q3,73317.0
1,Offene Stellen - Total,5-96,5-96 Total,2008Q4,2008Q4,52066.0
1,Offene Stellen - Total,5-96,5-96 Total,2009Q1,2009Q1,49533.0
1,Offene Stellen - Total,5-96,5-96 Total,2009Q2,2009Q2,49095.0
1,Offene Stellen - Total,5-96,5-96 Total,2009Q3,2009Q3,44662.0
1,Offene Stellen - Total,5-96,5-96 Total,2009Q4,2009Q4,46800.0
1,Offene Stellen - Total,5-96,5-96 Total,2010Q1,2010Q1,51162.0
1,Offene Stellen - Total,5-96,5-96 Total,2010Q2,2010Q2,56596.0
1,Offene Stellen - Total,5-96,5-96 Total,2010Q3,2010Q3,57031.0
1,Offene Stellen - Total,5-96,5-96 Total,2010Q4,2010Q4,56133.0
1,Offene Stellen - Total,5-96,5-96 Total,2011Q1,2011Q1,64606.0
1,Offene Stellen - Total,5-96,5-96 Total,2011Q2,2011Q2,64463.0
1,Offene Stellen - Total,5-96,5-96 Total,2011Q3,2011Q3,55910.0
1,Offene Stellen - Total,5-96,5-96 Total,2011Q4,2011Q4,51435.0
1,Offene Stellen - Total,5-96,5-96 Total,2012Q1,2012Q1,58246.0
1,Offene Stellen - Total,5-96,5-96 Total,2012Q2,2012Q2,55413.0
1,Offene Stellen - Total,5-96,5-96 Total,2012Q3,2012Q3,53323.0
1,Offene Stellen - Total,5-96,5-96 Total,2012Q4,2012Q4,51427.0
1,Offene Stellen - Total,5-96,5-96 Total,2013Q1,2013Q1,57685.0
1,Offene Stellen - Total,5-96,5-96 Total,2013Q2,2013Q2,57896.0
1,Offene Stellen - Total,5-96,5-96 Total,2013Q3,2013Q3,57211.0
1,Offene Stellen - Total,5-96,5-96 Total,2013Q4,2013Q4,55392.0
1,Offene Stellen - Total,5-96,5-96 Total,2014Q1,2014Q1,61844.0
1,Offene Stellen - Total,5-96,5-96 Total,2014Q2,2014Q2,59709.0
1,Offene Stellen - Total,5-96,5-96 Total,2014Q3,2014Q3,57344.0
1,Offene Stellen - Total,5-96,5-96 Total,2014Q4,2014Q4,55420.0
1,Offene Stellen - Total,5-96,5-96 Total,2015Q1,2015Q1,57568.0
1,Offene Stellen - Total,5-96,5-96 Total,2015Q2,2015Q2,53885.0
1,Offene Stellen - Total,5-96,5-96 Total,2015Q3,2015Q3,49970.0
1,Offene Stellen - Total,5-96,5-96 Total,2015Q4,2015Q4,50090.0
1,Offene Stellen - Total,5-96,5-96 Total,2016Q1,2016Q1,52670.0
1,Offene Stellen - Total,5-96,5-96 Total,2016Q2,2016Q2,54383.0
1,Offene Stellen - Total,5-96,5-96 Total,2016Q3,2016Q3,54567.0
1,Offene Stellen - Total,5-96,5-96 Total,2016Q4,2016Q4,53147.0
1,Offene Stellen - Total,5-96,5-96 Total,2017Q1,2017Q1,59879.0
1,Offene Stellen - Total,5-96,5-96 Total,2017Q2,2017Q2,60070.0
1,Offene Stellen - Total,5-96,5-96 Total,2017Q3,2017Q3,58638.0
1,Offene Stellen - Total,5-96,5-96 Total,2017Q4,2017Q4,62103.0
1,Offene Stellen - Total,5-96,5-96 Total,2018Q1,2018Q1,70628.0
1,Offene Stellen - Total,5-96,5-96 Total,2018Q2,2018Q2,74717.0
1,Offene Stellen - Total,5-96,5-96 Total,2018Q3,2018Q3,73957.0
1,Offene Stellen - Total,5-96,5-96 Total,2018Q4,2018Q4,75972.0
1,Offene Stellen - Total,5-96,5-96 Total,2019Q1,2019Q1,79746.0
1,Offene Stellen - Total,5-96,5-96 Total,2019Q2,2019Q2,87003.0
1,Offene Stellen - Total,5-96,5-96 Total,2019Q3,2019Q3,81766.0
1,Offene Stellen - Total,5-96,5-96 Total,2019Q4,2019Q4,82244.0
1,Offene Stellen - Total,5-96,5-96 Total,2020Q1,2020Q1,70358.0
1,Offene Stellen - Total,5-96,5-96 Total,2020Q2,2020Q2,60789.0
1,Offene Stellen - Total,5-96,5-96 Total,2020Q3,2020Q3,66380.0
1,Offene Stellen - Total,5-96,5-96 Total,2020Q4,2020Q4,65789.0
1,Offene Stellen - Total,5-96,5-96 Total,2021Q1,2021Q1,72105.0
1,Offene Stellen - Total,5-96,5-96 Total,2021Q2,2021Q2,87582.0
1,Offene Stellen - Total,5-96,5-96 Total,2021Q3,2021Q3,97390.0
1,Offene Stellen - Total,5-96,5-96 Total,2021Q4,2021Q4,102822.0
1,Offene Stellen - Total,5-96,5-96 Total,2022Q1,2022Q1,119846.0
1,Offene Stellen - Total,5-96,5-96 Total,2022Q2,2022Q2,126407.0
1,Offene Stellen - Total,5-96,5-96 Total,2022Q3,2022Q3,122958.0
1,Offene Stellen - Total,5-96,5-96 Total,2022Q4,2022Q4,121582.0
1,Offene Stellen - Total,5-96,5-96 Total,2023Q1,2023Q1,123366.0
1,Offene Stellen - Total,5-96,5-96 Total,2023Q2,2023Q2,122050.0
1,Offene Stellen - Total,5-96,5-96 Total,2023Q3,2023Q3,112766.0
1,Offene Stellen - Total,5-96,5-96 Total,2023Q4,2023Q4,107089.0
1,Offene Stellen - Total,5-96,5-96 Total,2024Q1,2024Q1,110521.0
1,Offene Stellen - Total,5-96,5-96 Total,2024Q2,2024Q2,103136.0
1,Offene Stellen - Total,5-96,5-96 Total,2024Q3,2024Q3,99866.0
1,Offene Stellen - Total,5-96,5-96 Total,2024Q4,2024Q4,92043.0
1,Offene Stellen - Total,5-96,5-96 Total,2025Q1,2025Q1,95511.0
1,Offene Stellen - Total,5-96,5-96 Total,2025Q2,2025Q2,96069.0
1,Offene Stellen - Total,5-96,5-96 Total,2025Q3,2025Q3,90897.0
1,Offene Stellen - Total,5-96,5-96 Total,2025Q4,2025Q4,89152.0
1,Offene Stellen - Total,5-96,5-96 Total,2026Q1,2026Q1,101661.0
1,Offene Stellen - Total,5-96,5-96 Total,2026Q2,2026Q2,98682.0
1,Offene Stellen - Total,5-43,5-43 SEKTOR II,1992Q2,1992Q2,
1,Offene Stellen - Total,5-43,5-43 SEKTOR II,1992Q3,1992Q3,
1,Offene Stellen - Total,5-43,5-43 SEKTOR II,1992Q4,1992Q4,
1,Offene Stellen - Total,5-43,5-43 SEKTOR II,1993Q1,1993Q1,
1,Offene Stellen - Total,5-43,5-43 SEKTOR II,1993Q2,1993Q2,
1,Offene Stellen - Total,5-43,5-43 SEKTOR II,1993Q3,1993Q3,
1,Offene Stellen - Total,5-43,5-43 SEKTOR II,1993Q4,1993Q4,
1,Offene Stellen - Total,5-43,5-43 SEKTOR II,1994Q1,1994Q1,
1,Offene Stellen - Total,5-43,5-43 SEKTOR II,1994Q2,1994Q2,
1,Offene Stellen - Total,5-43,5-43 SEKTOR II,1994Q3,1994Q3,
1,Offene Stellen - Total,5-43,5-43 SEKTOR II,1994Q4,1994Q4,
1,Offene Stellen - Total,5-43,5-43 SEKTOR II,1995Q1,1995Q1,
1,Offene Stellen - Total,5-43,5-43 SEKTOR II,1995Q2,1995Q2,
1,Offene Stellen - Total,5-43,5-43 SEKTOR II,1995Q3,1995Q3,
1,Offene Stellen - Total,5-43,5-43 SEKTOR II,1995Q4,1995Q4,
1,Offene Stellen - Total,5-43,5-43 SEKTOR II,1996Q1,1996Q1,
1,Offene Stellen - Total,5-43,5-43 SEKTOR II,1996Q2,1996Q2,
1,Offene Stellen - Total,5-43,5-43 SEKTOR II,1996Q3,1996Q3,
1,Offene Stellen - Total,5-43,5-43 SEKTOR II,1996Q4,1996Q4,
1,Offene Stellen - Total,5-43,5-43 SEKTOR II,1997Q1,1997Q1,
1,Offene Stellen - Total,5-43,5-43 SEKTOR II,1997Q2,1997Q2,
1,Offene Stellen - Total,5-43,5-43 SEKTOR II,1997Q3,1997Q3,
1,Offene Stellen - Total,5-43,5-43 SEKTOR II,1997Q4,1997Q4,
1,Offene Stellen - Total,5-43,5-43 SEKTOR II,1998Q1,1998Q1,
1,Offene Stellen - Total,5-43,5-43 SEKTOR II,1998Q2,1998Q2,
1,Offene Stellen - Total,5-43,5-43 SEKTOR II,1998Q3,1998Q3,
1,Offene Stellen - Total,5-43,5-43 SEKTOR II,1998Q4,1998Q4,
1,Offene Stellen - Total,5-43,5-43 SEKTOR II,1999Q1,1999Q1,
1,Offene Stellen - Total,5-43,5-43 SEKTOR II,1999Q2,1999Q2,
1,Offene Stellen - Total,5-43,5-43 SEKTOR II,1999Q3,1999Q3,
1,Offene Stellen - Total,5-43,5-43 SEKTOR II,1999Q4,1999Q4,
1,Offene Stellen - Total,5-43,5-43 SEKTOR II,2000Q1,2000Q1,
1,Offene Stellen - Total,5-43,5-43 SEKTOR II,2000Q2,2000Q2,
1,Offene Stellen - Total,5-43,5-43 SEKTOR II,2000Q3,2000Q3,
1,Offene Stellen - Total,5-43,5-43 SEKTOR II,2000Q4,2000Q4,
1,Offene Stellen - Total,5-43,5-43 SEKTOR II,2001Q1,2001Q1,
1,Offene Stellen - Total,5-43,5-43 SEKTOR II,2001Q2,2001Q2,
1,Offene Stellen - Total,5-43,5-43 SEKTOR II,2001Q3,2001Q3,
1,Offene Stellen - Total,5-43,5-43 SEKTOR II,2001Q4,2001Q4,
1,Offene Stellen - Total,5-43,5-43 SEKTOR II,2002Q1,2002Q1,
1,Offene Stellen - Total,5-43,5-43 SEKTOR II,2002Q2,2002Q2,
1,Offene Stellen - Total,5-43,5-43 SEKTOR II,2002Q3,2002Q3,
1,Offene Stellen - Total,5-43,5-43 SEKTOR II,2002Q4,2002Q4,
1,Offene Stellen - Total,5-43,5-43 SEKTOR II,2003Q1,2003Q1,
1,Offene Stellen - Total,5-43,5-43 SEKTOR II,2003Q2,2003Q2,10562.0
1,Offene Stellen - Total,5-43,5-43 SEKTOR II,2003Q3,2003Q3,8131.0
1,Offene Stellen - Total,5-43,5-43 SEKTOR II,2003Q4,2003Q4,8278.0
1,Offene Stellen - Total,5-43,5-43 SEKTOR II,2004Q1,2004Q1,11302.0
1,Offene Stellen - Total,5-43,5-43 SEKTOR II,2004Q2,2004Q2,12152.0
1,Offene Stellen - Total,5-43,5-43 SEKTOR II,2004Q3,2004Q3,9286.0
1,Offene Stellen - Total,5-43,5-43 SEKTOR II,2004Q4,2004Q4,9100.0
1,Offene Stellen - Total,5-43,5-43 SEKTOR II,2005Q1,2005Q1,10735.0
1,Offene Stellen - Total,5-43,5-43 SEKTOR II,2005Q2,2005Q2,10252.0
1,Offene Stellen - Total,5-43,5-43 SEKTOR II,2005Q3,2005Q3,10384.0
1,Offene Stellen - Total,5-43,5-43 SEKTOR II,2005Q4,2005Q4,12823.0
1,Offene Stellen - Total,5-43,5-43 SEKTOR II,2006Q1,2006Q1,16057.0
1,Offene Stellen - Total,5-43,5-43 SEKTOR II,2006Q2,2006Q2,17530.0
1,Offene Stellen - Total,5-43,5-43 SEKTOR II,2006Q3,2006Q3,16333.0
1,Offene Stellen - Total,5-43,5-43 SEKTOR II,2006Q4,2006Q4,16667.0
1,Offene Stellen - Total,5-43,5-43 SEKTOR II,2007Q1,2007Q1,21054.0
1,Offene Stellen - Total,5-43,5-43 SEKTOR II,2007Q2,2007Q2,22489.0
1,Offene Stellen - Total,5-43,5-43 SEKTOR II,2007Q3,2007Q3,21916.0
1,Offene Stellen - Total,5-43,5-43 SEKTOR II,2007Q4,2007Q4,20746.0
1,Offene Stellen - Total,5-43,5-43 SEKTOR II,2008Q1,2008Q1,22980.0
1,Offene Stellen - Total,5-43,5-43 SEKTOR II,2008Q2,2008Q2,23204.0
1,Offene Stellen - Total,5-43,5-43 SEKTOR II,2008Q3,2008Q3,22323.0
1,Offene Stellen - Total,5-43,5-43 SEKTOR II,2008Q4,2008Q4,13983.0
1,Offene Stellen - Total,5-43,5-43 SEKTOR II,2009Q1,2009Q1,11555.0
1,Offene Stellen - Total,5-43,5-43 SEKTOR II,2009Q2,2009Q2,10953.0
1,Offene Stellen - Total,5-43,5-43 SEKTOR II,2009Q3,2009Q3,10430.0
1,Offene Stellen - Total,5-43,5-43 SEKTOR II,2009Q4,2009Q4,10991.0
1,Offene Stellen - Total,5-43,5-43 SEKTOR II,2010Q1,2010Q1,13150.0
1,Offene Stellen - Total,5-43,5-43 SEKTOR II,2010Q2,2010Q2,15798.0
1,Offene Stellen - Total,5-43,5-43 SEKTOR II,2010Q3,2010Q3,15385.0
1,Offene Stellen - Total,5-43,5-43 SEKTOR II,2010Q4,2010Q4,16560.0
1,Offene Stellen - Total,5-43,5-43 SEKTOR II,2011Q1,2011Q1,19336.0
1,Offene Stellen - Total,5-43,5-43 SEKTOR II,2011Q2,2011Q2,19332.0
1,Offene Stellen - Total,5-43,5-43 SEKTOR II,2011Q3,2011Q3,15571.0
1,Offene Stellen - Total,5-43,5-43 SEKTOR II,2011Q4,2011Q4,14419.0
1,Offene Stellen - Total,5-43,5-43 SEKTOR II,2012Q1,2012Q1,16965.0
1,Offene Stellen - Total,5-43,5-43 SEKTOR II,2012Q2,2012Q2,15530.0
1,Offene Stellen - Total,5-43,5-43 SEKTOR II,2012Q3,2012Q3,14803.0
1,Offene Stellen - Total,5-43,5-43 SEKTOR II,2012Q4,2012Q4,13147.0
1,Offene Stellen - Total,5-43,5-43 SEKTOR II,2013Q1,2013Q1,15047.0
1,Offene Stellen - Total,5-43,5-43 SEKTOR II,2013Q2,2013Q2,14426.0
1,Offene Stellen - Total,5-43,5-43 SEKTOR II,2013Q3,2013Q3,14788.0
1,Offene Stellen - Total,5-43,5-43 SEKTOR II,2013Q4,2013Q4,14000.0
1,Offene Stellen - Total,5-43,5-43 SEKTOR II,2014Q1,2014Q1,16304.0
1,Offene Stellen - Total,5-43,5-43 SEKTOR II,2014Q2,2014Q2,15694.0
1,Offene Stellen - Total,5-43,5-43 SEKTOR II,2014Q3,2014Q3,14083.0
1,Offene Stellen - Total,5-43,5-43 SEKTOR II,2014Q4,2014Q4,13736.0
1,Offene Stellen - Total,5-43,5-43 SEKTOR II,2015Q1,2015Q1,13478.0
1,Offene Stellen - Total,5-43,5-43 SEKTOR II,2015Q2,2015Q2,11906.0
1,Offene Stellen - Total,5-43,5-43 SEKTOR II,2015Q3,2015Q3,10333.0
1,Offene Stellen - Total,5-43,5-43 SEKTOR II,2015Q4,2015Q4,10520.0
1,Offene Stellen - Total,5-43,5-43 SEKTOR II,2016Q1,2016Q1,10943.0
1,Offene Stellen - Total,5-43,5-43 SEKTOR II,2016Q2,2016Q2,11412.0
1,Offene Stellen - Total,5-43,5-43 SEKTOR II,2016Q3,2016Q3,10997.0
1,Offene Stellen - Total,5-43,5-43 SEKTOR II,2016Q4,2016Q4,11540.0
1,Offene Stellen - Total,5-43,5-43 SEKTOR II,2017Q1,2017Q1,13628.0
1,Offene Stellen - Total,5-43,5-43 SEKTOR II,2017Q2,2017Q2,13742.0
1,Offene Stellen - Total,5-43,5-43 SEKTOR II,2017Q3,2017Q3,14062.0
1,Offene Stellen - Total,5-43,5-43 SEKTOR II,2017Q4,2017Q4,15008.0
1,Offene Stellen - Total,5-43,5-43 SEKTOR II,2018Q1,2018Q1,18298.0
1,Offene Stellen - Total,5-43,5-43 SEKTOR II,2018Q2,2018Q2,19827.0
1,Offene Stellen - Total,5-43,5-43 SEKTOR II,2018Q3,2018Q3,18890.0
1,Offene Stellen - Total,5-43,5-43 SEKTOR II,2018Q4,2018Q4,20247.0
1,Offene Stellen - Total,5-43,5-43 SEKTOR II,2019Q1,2019Q1,20393.0
1,Offene Stellen - Total,5-43,5-43 SEKTOR II,2019Q2,2019Q2,20879.0
1,Offene Stellen - Total,5-43,5-43 SEKTOR II,2019Q3,2019Q3,18690.0
1,Offene Stellen - Total,5-43,5-43 SEKTOR II,2019Q4,2019Q4,18037.0
1,Offene Stellen - Total,5-43,5-43 SEKTOR II,2020Q1,2020Q1,15543.0
1,Offene Stellen - Total,5-43,5-43 SEKTOR II,2020Q2,2020Q2,13127.0
1,Offene Stellen - Total,5-43,5-43 SEKTOR II,2020Q3,2020Q3,14903.0
1,Offene Stellen - Total,5-43,5-43 SEKTOR II,2020Q4,2020Q4,14264.0
1,Offene Stellen - Total,5-43,5-43 SEKTOR II,2021Q1,2021Q1,18131.0
1,Offene Stellen - Total,5-43,5-43 SEKTOR II,2021Q2,2021Q2,20634.0
1,Offene Stellen - Total,5-43,5-43 SEKTOR II,2021Q3,2021Q3,23047.0
1,Offene Stellen - Total,5-43,5-43 SEKTOR II,2021Q4,2021Q4,23375.0
1,Offene Stellen - Total,5-43,5-43 SEKTOR II,2022Q1,2022Q1,27410.0
1,Offene Stellen - Total,5-43,5-43 SEKTOR II,2022Q2,2022Q2,29660.0
1,Offene Stellen - Total,5-43,5-43 SEKTOR II,2022Q3,2022Q3,28670.0
1,Offene Stellen - Total,5-43,5-43 SEKTOR II,2022Q4,2022Q4,28304.0
1,Offene Stellen - Total,5-43,5-43 SEKTOR II,2023Q1,2023Q1,29342.0
1,Offene Stellen - Total,5-43,5-43 SEKTOR II,2023Q2,2023Q2,29920.0
1,Offene Stellen - Total,5-43,5-43 SEKTOR II,2023Q3,2023Q3,26347.0
1,Offene Stellen - Total,5-43,5-43 SEKTOR II,2023Q4,2023Q4,24549.0
1,Offene Stellen - Total,5-43,5-43 SEKTOR II,2024Q1,2024Q1,23896.0
1,Offene Stellen - Total,5-43,5-43 SEKTOR II,2024Q2,2024Q2,22259.0
1,Offene Stellen - Total,5-43,5-43 SEKTOR II,2024Q3,2024Q3,23536.0
1,Offene Stellen - Total,5-43,5-43 SEKTOR II,2024Q4,2024Q4,21523.0
1,Offene Stellen - Total,5-43,5-43 SEKTOR II,2025Q1,2025Q1,21058.0
1,Offene Stellen - Total,5-43,5-43 SEKTOR II,2025Q2,2025Q2,20207.0
1,Offene Stellen - Total,5-43,5-43 SEKTOR II,2025Q3,2025Q3,20824.0
1,Offene Stellen - Total,5-43,5-43 SEKTOR II,2025Q4,2025Q4,20003.0
1,Offene Stellen - Total,5-43,5-43 SEKTOR II,2026Q1,2026Q1,23045.0
1,Offene Stellen - Total,5-43,5-43 SEKTOR II,2026Q2,2026Q2,24613.0
1,Offene Stellen - Total,10-33,10-33 Verarbeitendes Gewerbe/Herstellung von Waren,1992Q2,1992Q2,
1,Offene Stellen - Total,10-33,10-33 Verarbeitendes Gewerbe/Herstellung von Waren,1992Q3,1992Q3,
1,Offene Stellen - Total,10-33,10-33 Verarbeitendes Gewerbe/Herstellung von Waren,1992Q4,1992Q4,
1,Offene Stellen - Total,10-33,10-33 Verarbeitendes Gewerbe/Herstellung von Waren,1993Q1,1993Q1,
1,Offene Stellen - Total,10-33,10-33 Verarbeitendes Gewerbe/Herstellung von Waren,1993Q2,1993Q2,
1,Offene Stellen - Total,10-33,10-33 Verarbeitendes Gewerbe/Herstellung von Waren,1993Q3,1993Q3,
1,Offene Stellen - Total,10-33,10-33 Verarbeitendes Gewerbe/Herstellung von Waren,1993Q4,1993Q4,
1,Offene Stellen - Total,10-33,10-33 Verarbeitendes Gewerbe/Herstellung von Waren,1994Q1,1994Q1,
1,Offene Stellen - Total,10-33,10-33 Verarbeitendes Gewerbe/Herstellung von Waren,1994Q2,1994Q2,
1,Offene Stellen - Total,10-33,10-33 Verarbeitendes Gewerbe/Herstellung von Waren,1994Q3,1994Q3,
1,Offene Stellen - Total,10-33,10-33 Verarbeitendes Gewerbe/Herstellung von Waren,1994Q4,1994Q4,
1,Offene Stellen - Total,10-33,10-33 Verarbeitendes Gewerbe/Herstellung von Waren,1995Q1,1995Q1,
1,Offene Stellen - Total,10-33,10-33 Verarbeitendes Gewerbe/Herstellung von Waren,1995Q2,1995Q2,
1,Offene Stellen - Total,10-33,10-33 Verarbeitendes Gewerbe/Herstellung von Waren,1995Q3,1995Q3,
1,Offene Stellen - Total,10-33,10-33 Verarbeitendes Gewerbe/Herstellung von Waren,1995Q4,1995Q4,
1,Offene Stellen - Total,10-33,10-33 Verarbeitendes Gewerbe/Herstellung von Waren,1996Q1,1996Q1,
1,Offene Stellen - Total,10-33,10-33 Verarbeitendes Gewerbe/Herstellung von Waren,1996Q2,1996Q2,
1,Offene Stellen - Total,10-33,10-33 Verarbeitendes Gewerbe/Herstellung von Waren,1996Q3,1996Q3,
1,Offene Stellen - Total,10-33,10-33 Verarbeitendes Gewerbe/Herstellung von Waren,1996Q4,1996Q4,
1,Offene Stellen - Total,10-33,10-33 Verarbeitendes Gewerbe/Herstellung von Waren,1997Q1,1997Q1,
1,Offene Stellen - Total,10-33,10-33 Verarbeitendes Gewerbe/Herstellung von Waren,1997Q2,1997Q2,
1,Offene Stellen - Total,10-33,10-33 Verarbeitendes Gewerbe/Herstellung von Waren,1997Q3,1997Q3,
1,Offene Stellen - Total,10-33,10-33 Verarbeitendes Gewerbe/Herstellung von Waren,1997Q4,1997Q4,
1,Offene Stellen - Total,10-33,10-33 Verarbeitendes Gewerbe/Herstellung von Waren,1998Q1,1998Q1,
1,Offene Stellen - Total,10-33,10-33 Verarbeitendes Gewerbe/Herstellung von Waren,1998Q2,1998Q2,
1,Offene Stellen - Total,10-33,10-33 Verarbeitendes Gewerbe/Herstellung von Waren,1998Q3,1998Q3,
1,Offene Stellen - Total,10-33,10-33 Verarbeitendes Gewerbe/Herstellung von Waren,1998Q4,1998Q4,
1,Offene Stellen - Total,10-33,10-33 Verarbeitendes Gewerbe/Herstellung von Waren,1999Q1,1999Q1,
1,Offene Stellen - Total,10-33,10-33 Verarbeitendes Gewerbe/Herstellung von Waren,1999Q2,1999Q2,
1,Offene Stellen - Total,10-33,10-33 Verarbeitendes Gewerbe/Herstellung von Waren,1999Q3,1999Q3,
1,Offene Stellen - Total,10-33,10-33 Verarbeitendes Gewerbe/Herstellung von Waren,1999Q4,1999Q4,
1,Offene Stellen - Total,10-33,10-33 Verarbeitendes Gewerbe/Herstellung von Waren,2000Q1,2000Q1,
1,Offene Stellen - Total,10-33,10-33 Verarbeitendes Gewerbe/Herstellung von Waren,2000Q2,2000Q2,
1,Offene Stellen - Total,10-33,10-33 Verarbeitendes Gewerbe/Herstellung von Waren,2000Q3,2000Q3,
1,Offene Stellen - Total,10-33,10-33 Verarbeitendes Gewerbe/Herstellung von Waren,2000Q4,2000Q4,
1,Offene Stellen - Total,10-33,10-33 Verarbeitendes Gewerbe/Herstellung von Waren,2001Q1,2001Q1,
1,Offene Stellen - Total,10-33,10-33 Verarbeitendes Gewerbe/Herstellung von Waren,2001Q2,2001Q2,
1,Offene Stellen - Total,10-33,10-33 Verarbeitendes Gewerbe/Herstellung von Waren,2001Q3,2001Q3,
1,Offene Stellen - Total,10-33,10-33 Verarbeitendes Gewerbe/Herstellung von Waren,2001Q4,2001Q4,
1,Offene Stellen - Total,10-33,10-33 Verarbeitendes Gewerbe/Herstellung von Waren,2002Q1,2002Q1,
1,Offene Stellen - Total,10-33,10-33 Verarbeitendes Gewerbe/Herstellung von Waren,2002Q2,2002Q2,
1,Offene Stellen - Total,10-33,10-33 Verarbeitendes Gewerbe/Herstellung von Waren,2002Q3,2002Q3,
1,Offene Stellen - Total,10-33,10-33 Verarbeitendes Gewerbe/Herstellung von Waren,2002Q4,2002Q4,
1,Offene Stellen - Total,10-33,10-33 Verarbeitendes Gewerbe/Herstellung von Waren,2003Q1,2003Q1,
1,Offene Stellen - Total,10-33,10-33 Verarbeitendes Gewerbe/Herstellung von Waren,2003Q2,2003Q2,5054.0
1,Offene Stellen - Total,10-33,10-33 Verarbeitendes Gewerbe/Herstellung von Waren,2003Q3,2003Q3,4022.0
1,Offene Stellen - Total,10-33,10-33 Verarbeitendes Gewerbe/Herstellung von Waren,2003Q4,2003Q4,4507.0
1,Offene Stellen - Total,10-33,10-33 Verarbeitendes Gewerbe/Herstellung von Waren,2004Q1,2004Q1,6800.0
1,Offene Stellen - Total,10-33,10-33 Verarbeitendes Gewerbe/Herstellung von Waren,2004Q2,2004Q2,7124.0
1,Offene Stellen - Total,10-33,10-33 Verarbeitendes Gewerbe/Herstellung von Waren,2004Q3,2004Q3,5942.0
1,Offene Stellen - Total,10-33,10-33 Verarbeitendes Gewerbe/Herstellung von Waren,2004Q4,2004Q4,5591.0
1,Offene Stellen - Total,10-33,10-33 Verarbeitendes Gewerbe/Herstellung von Waren,2005Q1,2005Q1,6404.0
1,Offene Stellen - Total,10-33,10-33 Verarbeitendes Gewerbe/Herstellung von Waren,2005Q2,2005Q2,6462.0
1,Offene Stellen - Total,10-33,10-33 Verarbeitendes Gewerbe/Herstellung von Waren,2005Q3,2005Q3,7067.0
1,Offene Stellen - Total,10-33,10-33 Verarbeitendes Gewerbe/Herstellung von Waren,2005Q4,2005Q4,8642.0
1,Offene Stellen - Total,10-33,10-33 Verarbeitendes Gewerbe/Herstellung von Waren,2006Q1,2006Q1,10763.0
1,Offene Stellen - Total,10-33,10-33 Verarbeitendes Gewerbe/Herstellung von Waren,2006Q2,2006Q2,11552.0
1,Offene Stellen - Total,10-33,10-33 Verarbeitendes Gewerbe/Herstellung von Waren,2006Q3,2006Q3,11237.0
1,Offene Stellen - Total,10-33,10-33 Verarbeitendes Gewerbe/Herstellung von Waren,2006Q4,2006Q4,11896.0
1,Offene Stellen - Total,10-33,10-33 Verarbeitendes Gewerbe/Herstellung von Waren,2007Q1,2007Q1,14255.0
1,Offene Stellen - Total,10-33,10-33 Verarbeitendes Gewerbe/Herstellung von Waren,2007Q2,2007Q2,15629.0
1,Offene Stellen - Total,10-33,10-33 Verarbeitendes Gewerbe/Herstellung von Waren,2007Q3,2007Q3,15838.0
1,Offene Stellen - Total,10-33,10-33 Verarbeitendes Gewerbe/Herstellung von Waren,2007Q4,2007Q4,14757.0
1,Offene Stellen - Total,10-33,10-33 Verarbeitendes Gewerbe/Herstellung von Waren,2008Q1,2008Q1,16347.0
1,Offene Stellen - Total,10-33,10-33 Verarbeitendes Gewerbe/Herstellung von Waren,2008Q2,2008Q2,15605.0
1,Offene Stellen - Total,10-33,10-33 Verarbeitendes Gewerbe/Herstellung von Waren,2008Q3,2008Q3,15119.0
1,Offene Stellen - Total,10-33,10-33 Verarbeitendes Gewerbe/Herstellung von Waren,2008Q4,2008Q4,9126.0
1,Offene Stellen - Total,10-33,10-33 Verarbeitendes Gewerbe/Herstellung von Waren,2009Q1,2009Q1,6981.0
1,Offene Stellen - Total,10-33,10-33 Verarbeitendes Gewerbe/Herstellung von Waren,2009Q2,2009Q2,6289.0
1,Offene Stellen - Total,10-33,10-33 Verarbeitendes Gewerbe/Herstellung von Waren,2009Q3,2009Q3,6101.0
1,Offene Stellen - Total,10-33,10-33 Verarbeitendes Gewerbe/Herstellung von Waren,2009Q4,2009Q4,6496.0
1,Offene Stellen - Total,10-33,10-33 Verarbeitendes Gewerbe/Herstellung von Waren,2010Q1,2010Q1,7995.0
1,Offene Stellen - Total,10-33,10-33 Verarbeitendes Gewerbe/Herstellung von Waren,2010Q2,2010Q2,10017.0
1,Offene Stellen - Total,10-33,10-33 Verarbeitendes Gewerbe/Herstellung von Waren,2010Q3,2010Q3,10288.0
1,Offene Stellen - Total,10-33,10-33 Verarbeitendes Gewerbe/Herstellung von Waren,2010Q4,2010Q4,11253.0
1,Offene Stellen - Total,10-33,10-33 Verarbeitendes Gewerbe/Herstellung von Waren,2011Q1,2011Q1,13419.0
1,Offene Stellen - Total,10-33,10-33 Verarbeitendes Gewerbe/Herstellung von Waren,2011Q2,2011Q2,13533.0
1,Offene Stellen - Total,10-33,10-33 Verarbeitendes Gewerbe/Herstellung von Waren,2011Q3,2011Q3,10728.0
1,Offene Stellen - Total,10-33,10-33 Verarbeitendes Gewerbe/Herstellung von Waren,2011Q4,2011Q4,9931.0
1,Offene Stellen - Total,10-33,10-33 Verarbeitendes Gewerbe/Herstellung von Waren,2012Q1,2012Q1,10945.0
1,Offene Stellen - Total,10-33,10-33 Verarbeitendes Gewerbe/Herstellung von Waren,2012Q2,2012Q2,10537.0
1,Offene Stellen - Total,10-33,10-33 Verarbeitendes Gewerbe/Herstellung von Waren,2012Q3,2012Q3,9957.0
1,Offene Stellen - Total,10-33,10-33 Verarbeitendes Gewerbe/Herstellung von Waren,2012Q4,2012Q4,8889.0
1,Offene Stellen - Total,10-33,10-33 Verarbeitendes Gewerbe/Herstellung von Waren,2013Q1,2013Q1,9622.0
1,Offene Stellen - Total,10-33,10-33 Verarbeitendes Gewerbe/Herstellung von Waren,2013Q2,2013Q2,10023.0
1,Offene Stellen - Total,10-33,10-33 Verarbeitendes Gewerbe/Herstellung von Waren,2013Q3,2013Q3,10363.0
1,Offene Stellen - Total,10-33,10-33 Verarbeitendes Gewerbe/Herstellung von Waren,2013Q4,2013Q4,9900.0
1,Offene Stellen - Total,10-33,10-33 Verarbeitendes Gewerbe/Herstellung von Waren,2014Q1,2014Q1,11332.0
1,Offene Stellen - Total,10-33,10-33 Verarbeitendes Gewerbe/Herstellung von Waren,2014Q2,2014Q2,11643.0
1,Offene Stellen - Total,10-33,10-33 Verarbeitendes Gewerbe/Herstellung von Waren,2014Q3,2014Q3,10398.0
1,Offene Stellen - Total,10-33,10-33 Verarbeitendes Gewerbe/Herstellung von Waren,2014Q4,2014Q4,9937.0
1,Offene Stellen - Total,10-33,10-33 Verarbeitendes Gewerbe/Herstellung von Waren,2015Q1,2015Q1,8537.0
1,Offene Stellen - Total,10-33,10-33 Verarbeitendes Gewerbe/Herstellung von Waren,2015Q2,2015Q2,8153.0
1,Offene Stellen - Total,10-33,10-33 Verarbeitendes Gewerbe/Herstellung von Waren,2015Q3,2015Q3,7647.0
1,Offene Stellen - Total,10-33,10-33 Verarbeitendes Gewerbe/Herstellung von Waren,2015Q4,2015Q4,7634.0
1,Offene Stellen - Total,10-33,10-33 Verarbeitendes Gewerbe/Herstellung von Waren,2016Q1,2016Q1,7858.0
1,Offene Stellen - Total,10-33,10-33 Verarbeitendes Gewerbe/Herstellung von Waren,2016Q2,2016Q2,8173.0
1,Offene Stellen - Total,10-33,10-33 Verarbeitendes Gewerbe/Herstellung von Waren,2016Q3,2016Q3,8160.0
1,Offene Stellen - Total,10-33,10-33 Verarbeitendes Gewerbe/Herstellung von Waren,2016Q4,2016Q4,8981.0
1,Offene Stellen - Total,10-33,10-33 Verarbeitendes Gewerbe/Herstellung von Waren,2017Q1,2017Q1,9842.0
1,Offene Stellen - Total,10-33,10-33 Verarbeitendes Gewerbe/Herstellung von Waren,2017Q2,2017Q2,10281.0
1,Offene Stellen - Total,10-33,10-33 Verarbeitendes Gewerbe/Herstellung von Waren,2017Q3,2017Q3,10543.0
1,Offene Stellen - Total,10-33,10-33 Verarbeitendes Gewerbe/Herstellung von Waren,2017Q4,2017Q4,11019.0
1,Offene Stellen - Total,10-33,10-33 Verarbeitendes Gewerbe/Herstellung von Waren,2018Q1,2018Q1,12623.0
1,Offene Stellen - Total,10-33,10-33 Verarbeitendes Gewerbe/Herstellung von Waren,2018Q2,2018Q2,13996.0
1,Offene Stellen - Total,10-33,10-33 Verarbeitendes Gewerbe/Herstellung von Waren,2018Q3,2018Q3,13118.0
1,Offene Stellen - Total,10-33,10-33 Verarbeitendes Gewerbe/Herstellung von Waren,2018Q4,2018Q4,13766.0
1,Offene Stellen - Total,10-33,10-33 Verarbeitendes Gewerbe/Herstellung von Waren,2019Q1,2019Q1,14377.0
1,Offene Stellen - Total,10-33,10-33 Verarbeitendes Gewerbe/Herstellung von Waren,2019Q2,2019Q2,13979.0
1,Offene Stellen - Total,10-33,10-33 Verarbeitendes Gewerbe/Herstellung von Waren,2019Q3,2019Q3,12640.0
1,Offene Stellen - Total,10-33,10-33 Verarbeitendes Gewerbe/Herstellung von Waren,2019Q4,2019Q4,12442.0
1,Offene Stellen - Total,10-33,10-33 Verarbeitendes Gewerbe/Herstellung von Waren,2020Q1,2020Q1,10170.0
1,Offene Stellen - Total,10-33,10-33 Verarbeitendes Gewerbe/Herstellung von Waren,2020Q2,2020Q2,8435.0
1,Offene Stellen - Total,10-33,10-33 Verarbeitendes Gewerbe/Herstellung von Waren,2020Q3,2020Q3,9017.0
1,Offene Stellen - Total,10-33,10-33 Verarbeitendes Gewerbe/Herstellung von Waren,2020Q4,2020Q4,9636.0
1,Offene Stellen - Total,10-33,10-33 Verarbeitendes Gewerbe/Herstellung von Waren,2021Q1,2021Q1,11692.0
1,Offene Stellen - Total,10-33,10-33 Verarbeitendes Gewerbe/Herstellung von Waren,2021Q2,2021Q2,13971.0
1,Offene Stellen - Total,10-33,10-33 Verarbeitendes Gewerbe/Herstellung von Waren,2021Q3,2021Q3,15665.0
1,Offene Stellen - Total,10-33,10-33 Verarbeitendes Gewerbe/Herstellung von Waren,2021Q4,2021Q4,16503.0
1,Offene Stellen - Total,10-33,10-33 Verarbeitendes Gewerbe/Herstellung von Waren,2022Q1,2022Q1,18871.0
1,Offene Stellen - Total,10-33,10-33 Verarbeitendes Gewerbe/Herstellung von Waren,2022Q2,2022Q2,19826.0
1,Offene Stellen - Total,10-33,10-33 Verarbeitendes Gewerbe/Herstellung von Waren,2022Q3,2022Q3,19672.0
1,Offene Stellen - Total,10-33,10-33 Verarbeitendes Gewerbe/Herstellung von Waren,2022Q4,2022Q4,19405.0
1,Offene Stellen - Total,10-33,10-33 Verarbeitendes Gewerbe/Herstellung von Waren,2023Q1,2023Q1,19079.0
1,Offene Stellen - Total,10-33,10-33 Verarbeitendes Gewerbe/Herstellung von Waren,2023Q2,2023Q2,20664.0
1,Offene Stellen - Total,10-33,10-33 Verarbeitendes Gewerbe/Herstellung von Waren,2023Q3,2023Q3,17843.0
1,Offene Stellen - Total,10-33,10-33 Verarbeitendes Gewerbe/Herstellung von Waren,2023Q4,2023Q4,16348.0
1,Offene Stellen - Total,10-33,10-33 Verarbeitendes Gewerbe/Herstellung von Waren,2024Q1,2024Q1,15584.0
1,Offene Stellen - Total,10-33,10-33 Verarbeitendes Gewerbe/Herstellung von Waren,2024Q2,2024Q2,14584.0
1,Offene Stellen - Total,10-33,10-33 Verarbeitendes Gewerbe/Herstellung von Waren,2024Q3,2024Q3,14501.0
1,Offene Stellen - Total,10-33,10-33 Verarbeitendes Gewerbe/Herstellung von Waren,2024Q4,2024Q4,12904.0
1,Offene Stellen - Total,10-33,10-33 Verarbeitendes Gewerbe/Herstellung von Waren,2025Q1,2025Q1,13254.0
1,Offene Stellen - Total,10-33,10-33 Verarbeitendes Gewerbe/Herstellung von Waren,2025Q2,2025Q2,12475.0
1,Offene Stellen - Total,10-33,10-33 Verarbeitendes Gewerbe/Herstellung von Waren,2025Q3,2025Q3,12162.0
1,Offene Stellen - Total,10-33,10-33 Verarbeitendes Gewerbe/Herstellung von Waren,2025Q4,2025Q4,10604.0
1,Offene Stellen - Total,10-33,10-33 Verarbeitendes Gewerbe/Herstellung von Waren,2026Q1,2026Q1,12561.0
1,Offene Stellen - Total,10-33,10-33 Verarbeitendes Gewerbe/Herstellung von Waren,2026Q2,2026Q2,14948.0
1,Offene Stellen - Total,24-25,24-25 Herstellung von Metallerzeugnissen,1992Q2,1992Q2,
1,Offene Stellen - Total,24-25,24-25 Herstellung von Metallerzeugnissen,1992Q3,1992Q3,
1,Offene Stellen - Total,24-25,24-25 Herstellung von Metallerzeugnissen,1992Q4,1992Q4,
1,Offene Stellen - Total,24-25,24-25 Herstellung von Metallerzeugnissen,1993Q1,1993Q1,
1,Offene Stellen - Total,24-25,24-25 Herstellung von Metallerzeugnissen,1993Q2,1993Q2,
1,Offene Stellen - Total,24-25,24-25 Herstellung von Metallerzeugnissen,1993Q3,1993Q3,
1,Offene Stellen - Total,24-25,24-25 Herstellung von Metallerzeugnissen,1993Q4,1993Q4,
1,Offene Stellen - Total,24-25,24-25 Herstellung von Metallerzeugnissen,1994Q1,1994Q1,
1,Offene Stellen - Total,24-25,24-25 Herstellung von Metallerzeugnissen,1994Q2,1994Q2,
1,Offene Stellen - Total,24-25,24-25 Herstellung von Metallerzeugnissen,1994Q3,1994Q3,
1,Offene Stellen - Total,24-25,24-25 Herstellung von Metallerzeugnissen,1994Q4,1994Q4,
1,Offene Stellen - Total,24-25,24-25 Herstellung von Metallerzeugnissen,1995Q1,1995Q1,
1,Offene Stellen - Total,24-25,24-25 Herstellung von Metallerzeugnissen,1995Q2,1995Q2,
1,Offene Stellen - Total,24-25,24-25 Herstellung von Metallerzeugnissen,1995Q3,1995Q3,
1,Offene Stellen - Total,24-25,24-25 Herstellung von Metallerzeugnissen,1995Q4,1995Q4,
1,Offene Stellen - Total,24-25,24-25 Herstellung von Metallerzeugnissen,1996Q1,1996Q1,
1,Offene Stellen - Total,24-25,24-25 Herstellung von Metallerzeugnissen,1996Q2,1996Q2,
1,Offene Stellen - Total,24-25,24-25 Herstellung von Metallerzeugnissen,1996Q3,1996Q3,
1,Offene Stellen - Total,24-25,24-25 Herstellung von Metallerzeugnissen,1996Q4,1996Q4,
1,Offene Stellen - Total,24-25,24-25 Herstellung von Metallerzeugnissen,1997Q1,1997Q1,
1,Offene Stellen - Total,24-25,24-25 Herstellung von Metallerzeugnissen,1997Q2,1997Q2,
1,Offene Stellen - Total,24-25,24-25 Herstellung von Metallerzeugnissen,1997Q3,1997Q3,
1,Offene Stellen - Total,24-25,24-25 Herstellung von Metallerzeugnissen,1997Q4,1997Q4,
1,Offene Stellen - Total,24-25,24-25 Herstellung von Metallerzeugnissen,1998Q1,1998Q1,
1,Offene Stellen - Total,24-25,24-25 Herstellung von Metallerzeugnissen,1998Q2,1998Q2,
1,Offene Stellen - Total,24-25,24-25 Herstellung von Metallerzeugnissen,1998Q3,1998Q3,
1,Offene Stellen - Total,24-25,24-25 Herstellung von Metallerzeugnissen,1998Q4,1998Q4,
1,Offene Stellen - Total,24-25,24-25 Herstellung von Metallerzeugnissen,1999Q1,1999Q1,
1,Offene Stellen - Total,24-25,24-25 Herstellung von Metallerzeugnissen,1999Q2,1999Q2,
1,Offene Stellen - Total,24-25,24-25 Herstellung von Metallerzeugnissen,1999Q3,1999Q3,
1,Offene Stellen - Total,24-25,24-25 Herstellung von Metallerzeugnissen,1999Q4,1999Q4,
1,Offene Stellen - Total,24-25,24-25 Herstellung von Metallerzeugnissen,2000Q1,2000Q1,
1,Offene Stellen - Total,24-25,24-25 Herstellung von Metallerzeugnissen,2000Q2,2000Q2,
1,Offene Stellen - Total,24-25,24-25 Herstellung von Metallerzeugnissen,2000Q3,2000Q3,
1,Offene Stellen - Total,24-25,24-25 Herstellung von Metallerzeugnissen,2000Q4,2000Q4,
1,Offene Stellen - Total,24-25,24-25 Herstellung von Metallerzeugnissen,2001Q1,2001Q1,
1,Offene Stellen - Total,24-25,24-25 Herstellung von Metallerzeugnissen,2001Q2,2001Q2,
1,Offene Stellen - Total,24-25,24-25 Herstellung von Metallerzeugnissen,2001Q3,2001Q3,
1,Offene Stellen - Total,24-25,24-25 Herstellung von Metallerzeugnissen,2001Q4,2001Q4,
1,Offene Stellen - Total,24-25,24-25 Herstellung von Metallerzeugnissen,2002Q1,2002Q1,
1,Offene Stellen - Total,24-25,24-25 Herstellung von Metallerzeugnissen,2002Q2,2002Q2,
1,Offene Stellen - Total,24-25,24-25 Herstellung von Metallerzeugnissen,2002Q3,2002Q3,
1,Offene Stellen - Total,24-25,24-25 Herstellung von Metallerzeugnissen,2002Q4,2002Q4,
1,Offene Stellen - Total,24-25,24-25 Herstellung von Metallerzeugnissen,2003Q1,2003Q1,
1,Offene Stellen - Total,24-25,24-25 Herstellung von Metallerzeugnissen,2003Q2,2003Q2,1681.0
1,Offene Stellen - Total,24-25,24-25 Herstellung von Metallerzeugnissen,2003Q3,2003Q3,1299.0
1,Offene Stellen - Total,24-25,24-25 Herstellung von Metallerzeugnissen,2003Q4,2003Q4,1439.0
1,Offene Stellen - Total,24-25,24-25 Herstellung von Metallerzeugnissen,2004Q1,2004Q1,1799.0
1,Offene Stellen - Total,24-25,24-25 Herstellung von Metallerzeugnissen,2004Q2,2004Q2,2172.0
1,Offene Stellen - Total,24-25,24-25 Herstellung von Metallerzeugnissen,2004Q3,2004Q3,1671.0
1,Offene Stellen - Total,24-25,24-25 Herstellung von Metallerzeugnissen,2004Q4,2004Q4,1486.0
1,Offene Stellen - Total,24-25,24-25 Herstellung von Metallerzeugnissen,2005Q1,2005Q1,1495.0
1,Offene Stellen - Total,24-25,24-25 Herstellung von Metallerzeugnissen,2005Q2,2005Q2,1513.0
1,Offene Stellen - Total,24-25,24-25 Herstellung von Metallerzeugnissen,2005Q3,2005Q3,1634.0
1,Offene Stellen - Total,24-25,24-25 Herstellung von Metallerzeugnissen,2005Q4,2005Q4,2185.0
1,Offene Stellen - Total,24-25,24-25 Herstellung von Metallerzeugnissen,2006Q1,2006Q1,3037.0
1,Offene Stellen - Total,24-25,24-25 Herstellung von Metallerzeugnissen,2006Q2,2006Q2,3037.0
1,Offene Stellen - Total,24-25,24-25 Herstellung von Metallerzeugnissen,2006Q3,2006Q3,3086.0
1,Offene Stellen - Total,24-25,24-25 Herstellung von Metallerzeugnissen,2006Q4,2006Q4,3572.0
1,Offene Stellen - Total,24-25,24-25 Herstellung von Metallerzeugnissen,2007Q1,2007Q1,3594.0
1,Offene Stellen - Total,24-25,24-25 Herstellung von Metallerzeugnissen,2007Q2,2007Q2,4355.0
1,Offene Stellen - Total,24-25,24-25 Herstellung von Metallerzeugnissen,2007Q3,2007Q3,4608.0
1,Offene Stellen - Total,24-25,24-25 Herstellung von Metallerzeugnissen,2007Q4,2007Q4,4178.0
1,Offene Stellen - Total,24-25,24-25 Herstellung von Metallerzeugnissen,2008Q1,2008Q1,4345.0
1,Offene Stellen - Total,24-25,24-25 Herstellung von Metallerzeugnissen,2008Q2,2008Q2,3854.0
1,Offene Stellen - Total,24-25,24-25 Herstellung von Metallerzeugnissen,2008Q3,2008Q3,3788.0
1,Offene Stellen - Total,24-25,24-25 Herstellung von Metallerzeugnissen,2008Q4,2008Q4,1844.0
1,Offene Stellen - Total,24-25,24-25 Herstellung von Metallerzeugnissen,2009Q1,2009Q1,946.0
1,Offene Stellen - Total,24-25,24-25 Herstellung von Metallerzeugnissen,2009Q2,2009Q2,1078.0
1,Offene Stellen - Total,24-25,24-25 Herstellung von Metallerzeugnissen,2009Q3,2009Q3,1224.0
1,Offene Stellen - Total,24-25,24-25 Herstellung von Metallerzeugnissen,2009Q4,2009Q4,1005.0
1,Offene Stellen - Total,24-25,24-25 Herstellung von Metallerzeugnissen,2010Q1,2010Q1,1304.0
1,Offene Stellen - Total,24-25,24-25 Herstellung von Metallerzeugnissen,2010Q2,2010Q2,1897.0
1,Offene Stellen - Total,24-25,24-25 Herstellung von Metallerzeugnissen,2010Q3,2010Q3,2166.0
1,Offene Stellen - Total,24-25,24-25 Herstellung von Metallerzeugnissen,2010Q4,2010Q4,2280.0
1,Offene Stellen - Total,24-25,24-25 Herstellung von Metallerzeugnissen,2011Q1,2011Q1,2702.0
1,Offene Stellen - Total,24-25,24-25 Herstellung von Metallerzeugnissen,2011Q2,2011Q2,2642.0
1,Offene Stellen - Total,24-25,24-25 Herstellung von Metallerzeugnissen,2011Q3,2011Q3,1975.0
1,Offene Stellen - Total,24-25,24-25 Herstellung von Metallerzeugnissen,2011Q4,2011Q4,1525.0
1,Offene Stellen - Total,24-25,24-25 Herstellung von Metallerzeugnissen,2012Q1,2012Q1,2052.0
1,Offene Stellen - Total,24-25,24-25 Herstellung von Metallerzeugnissen,2012Q2,2012Q2,2002.0
1,Offene Stellen - Total,24-25,24-25 Herstellung von Metallerzeugnissen,2012Q3,2012Q3,1699.0
1,Offene Stellen - Total,24-25,24-25 Herstellung von Metallerzeugnissen,2012Q4,2012Q4,1736.0
1,Offene Stellen - Total,24-25,24-25 Herstellung von Metallerzeugnissen,2013Q1,2013Q1,2003.0
1,Offene Stellen - Total,24-25,24-25 Herstellung von Metallerzeugnissen,2013Q2,2013Q2,2064.0
1,Offene Stellen - Total,24-25,24-25 Herstellung von Metallerzeugnissen,2013Q3,2013Q3,1871.0
1,Offene Stellen - Total,24-25,24-25 Herstellung von Metallerzeugnissen,2013Q4,2013Q4,1736.0
1,Offene Stellen - Total,24-25,24-25 Herstellung von Metallerzeugnissen,2014Q1,2014Q1,2344.0
1,Offene Stellen - Total,24-25,24-25 Herstellung von Metallerzeugnissen,2014Q2,2014Q2,2223.0
1,Offene Stellen - Total,24-25,24-25 Herstellung von Metallerzeugnissen,2014Q3,2014Q3,2024.0
1,Offene Stellen - Total,24-25,24-25 Herstellung von Metallerzeugnissen,2014Q4,2014Q4,2270.0
1,Offene Stellen - Total,24-25,24-25 Herstellung von Metallerzeugnissen,2015Q1,2015Q1,1362.0
1,Offene Stellen - Total,24-25,24-25 Herstellung von Metallerzeugnissen,2015Q2,2015Q2,1461.0
1,Offene Stellen - Total,24-25,24-25 Herstellung von Metallerzeugnissen,2015Q3,2015Q3,834.0
1,Offene Stellen - Total,24-25,24-25 Herstellung von Metallerzeugnissen,2015Q4,2015Q4,1343.0
1,Offene Stellen - Total,24-25,24-25 Herstellung von Metallerzeugnissen,2016Q1,2016Q1,881.0
1,Offene Stellen - Total,24-25,24-25 Herstellung von Metallerzeugnissen,2016Q2,2016Q2,955.0
1,Offene Stellen - Total,24-25,24-25 Herstellung von Metallerzeugnissen,2016Q3,2016Q3,991.0
1,Offene Stellen - Total,24-25,24-25 Herstellung von Metallerzeugnissen,2016Q4,2016Q4,1083.0
1,Offene Stellen - Total,24-25,24-25 Herstellung von Metallerzeugnissen,2017Q1,2017Q1,1404.0
1,Offene Stellen - Total,24-25,24-25 Herstellung von Metallerzeugnissen,2017Q2,2017Q2,1478.0
1,Offene Stellen - Total,24-25,24-25 Herstellung von Metallerzeugnissen,2017Q3,2017Q3,1536.0
1,Offene Stellen - Total,24-25,24-25 Herstellung von Metallerzeugnissen,2017Q4,2017Q4,1412.0
1,Offene Stellen - Total,24-25,24-25 Herstellung von Metallerzeugnissen,2018Q1,2018Q1,1552.0
1,Offene Stellen - Total,24-25,24-25 Herstellung von Metallerzeugnissen,2018Q2,2018Q2,1593.0
1,Offene Stellen - Total,24-25,24-25 Herstellung von Metallerzeugnissen,2018Q3,2018Q3,1560.0
1,Offene Stellen - Total,24-25,24-25 Herstellung von Metallerzeugnissen,2018Q4,2018Q4,1915.0
1,Offene Stellen - Total,24-25,24-25 Herstellung von Metallerzeugnissen,2019Q1,2019Q1,1632.0
1,Offene Stellen - Total,24-25,24-25 Herstellung von Metallerzeugnissen,2019Q2,2019Q2,1944.0
1,Offene Stellen - Total,24-25,24-25 Herstellung von Metallerzeugnissen,2019Q3,2019Q3,1603.0
1,Offene Stellen - Total,24-25,24-25 Herstellung von Metallerzeugnissen,2019Q4,2019Q4,1460.0
1,Offene Stellen - Total,24-25,24-25 Herstellung von Metallerzeugnissen,2020Q1,2020Q1,901.0
1,Offene Stellen - Total,24-25,24-25 Herstellung von Metallerzeugnissen,2020Q2,2020Q2,862.0
1,Offene Stellen - Total,24-25,24-25 Herstellung von Metallerzeugnissen,2020Q3,2020Q3,1038.0
1,Offene Stellen - Total,24-25,24-25 Herstellung von Metallerzeugnissen,2020Q4,2020Q4,1191.0
1,Offene Stellen - Total,24-25,24-25 Herstellung von Metallerzeugnissen,2021Q1,2021Q1,1243.0
1,Offene Stellen - Total,24-25,24-25 Herstellung von Metallerzeugnissen,2021Q2,2021Q2,1733.0
1,Offene Stellen - Total,24-25,24-25 Herstellung von Metallerzeugnissen,2021Q3,2021Q3,1853.0
1,Offene Stellen - Total,24-25,24-25 Herstellung von Metallerzeugnissen,2021Q4,2021Q4,1970.0
1,Offene Stellen - Total,24-25,24-25 Herstellung von Metallerzeugnissen,2022Q1,2022Q1,2398.0
1,Offene Stellen - Total,24-25,24-25 Herstellung von Metallerzeugnissen,2022Q2,2022Q2,2504.0
1,Offene Stellen - Total,24-25,24-25 Herstellung von Metallerzeugnissen,2022Q3,2022Q3,2677.0
1,Offene Stellen - Total,24-25,24-25 Herstellung von Metallerzeugnissen,2022Q4,2022Q4,2730.0
1,Offene Stellen - Total,24-25,24-25 Herstellung von Metallerzeugnissen,2023Q1,2023Q1,2480.0
1,Offene Stellen - Total,24-25,24-25 Herstellung von Metallerzeugnissen,2023Q2,2023Q2,2542.0
1,Offene Stellen - Total,24-25,24-25 Herstellung von Metallerzeugnissen,2023Q3,2023Q3,2886.0
1,Offene Stellen - Total,24-25,24-25 Herstellung von Metallerzeugnissen,2023Q4,2023Q4,1967.0
1,Offene Stellen - Total,24-25,24-25 Herstellung von Metallerzeugnissen,2024Q1,2024Q1,1953.0
1,Offene Stellen - Total,24-25,24-25 Herstellung von Metallerzeugnissen,2024Q2,2024Q2,1946.0
1,Offene Stellen - Total,24-25,24-25 Herstellung von Metallerzeugnissen,2024Q3,2024Q3,1704.0
1,Offene Stellen - Total,24-25,24-25 Herstellung von Metallerzeugnissen,2024Q4,2024Q4,1407.0
1,Offene Stellen - Total,24-25,24-25 Herstellung von Metallerzeugnissen,2025Q1,2025Q1,1575.0
1,Offene Stellen - Total,24-25,24-25 Herstellung von Metallerzeugnissen,2025Q2,2025Q2,1561.0
1,Offene Stellen - Total,24-25,24-25 Herstellung von Metallerzeugnissen,2025Q3,2025Q3,1533.0
1,Offene Stellen - Total,24-25,24-25 Herstellung von Metallerzeugnissen,2025Q4,2025Q4,1388.0
1,Offene Stellen - Total,24-25,24-25 Herstellung von Metallerzeugnissen,2026Q1,2026Q1,1761.0
1,Offene Stellen - Total,24-25,24-25 Herstellung von Metallerzeugnissen,2026Q2,2026Q2,1795.0
1,Offene Stellen - Total,26,26 Herstellung von Datenverarbeitungsgeräten und Uhren,1992Q2,1992Q2,
1,Offene Stellen - Total,26,26 Herstellung von Datenverarbeitungsgeräten und Uhren,1992Q3,1992Q3,
1,Offene Stellen - Total,26,26 Herstellung von Datenverarbeitungsgeräten und Uhren,1992Q4,1992Q4,
1,Offene Stellen - Total,26,26 Herstellung von Datenverarbeitungsgeräten und Uhren,1993Q1,1993Q1,
1,Offene Stellen - Total,26,26 Herstellung von Datenverarbeitungsgeräten und Uhren,1993Q2,1993Q2,
1,Offene Stellen - Total,26,26 Herstellung von Datenverarbeitungsgeräten und Uhren,1993Q3,1993Q3,
1,Offene Stellen - Total,26,26 Herstellung von Datenverarbeitungsgeräten und Uhren,1993Q4,1993Q4,
1,Offene Stellen - Total,26,26 Herstellung von Datenverarbeitungsgeräten und Uhren,1994Q1,1994Q1,
1,Offene Stellen - Total,26,26 Herstellung von Datenverarbeitungsgeräten und Uhren,1994Q2,1994Q2,
1,Offene Stellen - Total,26,26 Herstellung von Datenverarbeitungsgeräten und Uhren,1994Q3,1994Q3,
1,Offene Stellen - Total,26,26 Herstellung von Datenverarbeitungsgeräten und Uhren,1994Q4,1994Q4,
1,Offene Stellen - Total,26,26 Herstellung von Datenverarbeitungsgeräten und Uhren,1995Q1,1995Q1,
1,Offene Stellen - Total,26,26 Herstellung von Datenverarbeitungsgeräten und Uhren,1995Q2,1995Q2,
1,Offene Stellen - Total,26,26 Herstellung von Datenverarbeitungsgeräten und Uhren,1995Q3,1995Q3,
1,Offene Stellen - Total,26,26 Herstellung von Datenverarbeitungsgeräten und Uhren,1995Q4,1995Q4,
1,Offene Stellen - Total,26,26 Herstellung von Datenverarbeitungsgeräten und Uhren,1996Q1,1996Q1,
1,Offene Stellen - Total,26,26 Herstellung von Datenverarbeitungsgeräten und Uhren,1996Q2,1996Q2,
1,Offene Stellen - Total,26,26 Herstellung von Datenverarbeitungsgeräten und Uhren,1996Q3,1996Q3,
1,Offene Stellen - Total,26,26 Herstellung von Datenverarbeitungsgeräten und Uhren,1996Q4,1996Q4,
1,Offene Stellen - Total,26,26 Herstellung von Datenverarbeitungsgeräten und Uhren,1997Q1,1997Q1,
1,Offene Stellen - Total,26,26 Herstellung von Datenverarbeitungsgeräten und Uhren,1997Q2,1997Q2,
1,Offene Stellen - Total,26,26 Herstellung von Datenverarbeitungsgeräten und Uhren,1997Q3,1997Q3,
1,Offene Stellen - Total,26,26 Herstellung von Datenverarbeitungsgeräten und Uhren,1997Q4,1997Q4,
1,Offene Stellen - Total,26,26 Herstellung von Datenverarbeitungsgeräten und Uhren,1998Q1,1998Q1,
1,Offene Stellen - Total,26,26 Herstellung von Datenverarbeitungsgeräten und Uhren,1998Q2,1998Q2,
1,Offene Stellen - Total,26,26 Herstellung von Datenverarbeitungsgeräten und Uhren,1998Q3,1998Q3,
1,Offene Stellen - Total,26,26 Herstellung von Datenverarbeitungsgeräten und Uhren,1998Q4,1998Q4,
1,Offene Stellen - Total,26,26 Herstellung von Datenverarbeitungsgeräten und Uhren,1999Q1,1999Q1,
1,Offene Stellen - Total,26,26 Herstellung von Datenverarbeitungsgeräten und Uhren,1999Q2,1999Q2,
1,Offene Stellen - Total,26,26 Herstellung von Datenverarbeitungsgeräten und Uhren,1999Q3,1999Q3,
1,Offene Stellen - Total,26,26 Herstellung von Datenverarbeitungsgeräten und Uhren,1999Q4,1999Q4,
1,Offene Stellen - Total,26,26 Herstellung von Datenverarbeitungsgeräten und Uhren,2000Q1,2000Q1,
1,Offene Stellen - Total,26,26 Herstellung von Datenverarbeitungsgeräten und Uhren,2000Q2,2000Q2,
1,Offene Stellen - Total,26,26 Herstellung von Datenverarbeitungsgeräten und Uhren,2000Q3,2000Q3,
1,Offene Stellen - Total,26,26 Herstellung von Datenverarbeitungsgeräten und Uhren,2000Q4,2000Q4,
1,Offene Stellen - Total,26,26 Herstellung von Datenverarbeitungsgeräten und Uhren,2001Q1,2001Q1,
1,Offene Stellen - Total,26,26 Herstellung von Datenverarbeitungsgeräten und Uhren,2001Q2,2001Q2,
1,Offene Stellen - Total,26,26 Herstellung von Datenverarbeitungsgeräten und Uhren,2001Q3,2001Q3,
1,Offene Stellen - Total,26,26 Herstellung von Datenverarbeitungsgeräten und Uhren,2001Q4,2001Q4,
1,Offene Stellen - Total,26,26 Herstellung von Datenverarbeitungsgeräten und Uhren,2002Q1,2002Q1,
1,Offene Stellen - Total,26,26 Herstellung von Datenverarbeitungsgeräten und Uhren,2002Q2,2002Q2,
1,Offene Stellen - Total,26,26 Herstellung von Datenverarbeitungsgeräten und Uhren,2002Q3,2002Q3,
1,Offene Stellen - Total,26,26 Herstellung von Datenverarbeitungsgeräten und Uhren,2002Q4,2002Q4,
1,Offene Stellen - Total,26,26 Herstellung von Datenverarbeitungsgeräten und Uhren,2003Q1,2003Q1,
1,Offene Stellen - Total,26,26 Herstellung von Datenverarbeitungsgeräten und Uhren,2003Q2,2003Q2,611.0
1,Offene Stellen - Total,26,26 Herstellung von Datenverarbeitungsgeräten und Uhren,2003Q3,2003Q3,547.0
1,Offene Stellen - Total,26,26 Herstellung von Datenverarbeitungsgeräten und Uhren,2003Q4,2003Q4,613.0
1,Offene Stellen - Total,26,26 Herstellung von Datenverarbeitungsgeräten und Uhren,2004Q1,2004Q1,914.0
1,Offene Stellen - Total,26,26 Herstellung von Datenverarbeitungsgeräten und Uhren,2004Q2,2004Q2,1068.0
1,Offene Stellen - Total,26,26 Herstellung von Datenverarbeitungsgeräten und Uhren,2004Q3,2004Q3,900.0
1,Offene Stellen - Total,26,26 Herstellung von Datenverarbeitungsgeräten und Uhren,2004Q4,2004Q4,915.0
1,Offene Stellen - Total,26,26 Herstellung von Datenverarbeitungsgeräten und Uhren,2005Q1,2005Q1,944.0
1,Offene Stellen - Total,26,26 Herstellung von Datenverarbeitungsgeräten und Uhren,2005Q2,2005Q2,999.0
1,Offene Stellen - Total,26,26 Herstellung von Datenverarbeitungsgeräten und Uhren,2005Q3,2005Q3,1169.0
1,Offene Stellen - Total,26,26 Herstellung von Datenverarbeitungsgeräten und Uhren,2005Q4,2005Q4,1570.0
1,Offene Stellen - Total,26,26 Herstellung von Datenverarbeitungsgeräten und Uhren,2006Q1,2006Q1,1881.0
1,Offene Stellen - Total,26,26 Herstellung von Datenverarbeitungsgeräten und Uhren,2006Q2,2006Q2,1833.0
1,Offene Stellen - Total,26,26 Herstellung von Datenverarbeitungsgeräten und Uhren,2006Q3,2006Q3,1779.0
1,Offene Stellen - Total,26,26 Herstellung von Datenverarbeitungsgeräten und Uhren,2006Q4,2006Q4,1897.0
1,Offene Stellen - Total,26,26 Herstellung von Datenverarbeitungsgeräten und Uhren,2007Q1,2007Q1,2233.0
1,Offene Stellen - Total,26,26 Herstellung von Datenverarbeitungsgeräten und Uhren,2007Q2,2007Q2,2569.0
1,Offene Stellen - Total,26,26 Herstellung von Datenverarbeitungsgeräten und Uhren,2007Q3,2007Q3,2627.0
1,Offene Stellen - Total,26,26 Herstellung von Datenverarbeitungsgeräten und Uhren,2007Q4,2007Q4,2701.0
1,Offene Stellen - Total,26,26 Herstellung von Datenverarbeitungsgeräten und Uhren,2008Q1,2008Q1,2855.0
1,Offene Stellen - Total,26,26 Herstellung von Datenverarbeitungsgeräten und Uhren,2008Q2,2008Q2,2939.0
1,Offene Stellen - Total,26,26 Herstellung von Datenverarbeitungsgeräten und Uhren,2008Q3,2008Q3,2685.0
1,Offene Stellen - Total,26,26 Herstellung von Datenverarbeitungsgeräten und Uhren,2008Q4,2008Q4,1580.0
1,Offene Stellen - Total,26,26 Herstellung von Datenverarbeitungsgeräten und Uhren,2009Q1,2009Q1,1020.0
1,Offene Stellen - Total,26,26 Herstellung von Datenverarbeitungsgeräten und Uhren,2009Q2,2009Q2,979.0
1,Offene Stellen - Total,26,26 Herstellung von Datenverarbeitungsgeräten und Uhren,2009Q3,2009Q3,881.0
1,Offene Stellen - Total,26,26 Herstellung von Datenverarbeitungsgeräten und Uhren,2009Q4,2009Q4,1198.0
1,Offene Stellen - Total,26,26 Herstellung von Datenverarbeitungsgeräten und Uhren,2010Q1,2010Q1,1551.0
1,Offene Stellen - Total,26,26 Herstellung von Datenverarbeitungsgeräten und Uhren,2010Q2,2010Q2,2103.0
1,Offene Stellen - Total,26,26 Herstellung von Datenverarbeitungsgeräten und Uhren,2010Q3,2010Q3,2172.0
1,Offene Stellen - Total,26,26 Herstellung von Datenverarbeitungsgeräten und Uhren,2010Q4,2010Q4,2572.0
1,Offene Stellen - Total,26,26 Herstellung von Datenverarbeitungsgeräten und Uhren,2011Q1,2011Q1,3151.0
1,Offene Stellen - Total,26,26 Herstellung von Datenverarbeitungsgeräten und Uhren,2011Q2,2011Q2,3173.0
1,Offene Stellen - Total,26,26 Herstellung von Datenverarbeitungsgeräten und Uhren,2011Q3,2011Q3,2633.0
1,Offene Stellen - Total,26,26 Herstellung von Datenverarbeitungsgeräten und Uhren,2011Q4,2011Q4,2747.0
1,Offene Stellen - Total,26,26 Herstellung von Datenverarbeitungsgeräten und Uhren,2012Q1,2012Q1,2636.0
1,Offene Stellen - Total,26,26 Herstellung von Datenverarbeitungsgeräten und Uhren,2012Q2,2012Q2,2502.0
1,Offene Stellen - Total,26,26 Herstellung von Datenverarbeitungsgeräten und Uhren,2012Q3,2012Q3,2139.0
1,Offene Stellen - Total,26,26 Herstellung von Datenverarbeitungsgeräten und Uhren,2012Q4,2012Q4,1938.0
1,Offene Stellen - Total,26,26 Herstellung von Datenverarbeitungsgeräten und Uhren,2013Q1,2013Q1,2048.0
1,Offene Stellen - Total,26,26 Herstellung von Datenverarbeitungsgeräten und Uhren,2013Q2,2013Q2,2166.0
1,Offene Stellen - Total,26,26 Herstellung von Datenverarbeitungsgeräten und Uhren,2013Q3,2013Q3,2270.0
1,Offene Stellen - Total,26,26 Herstellung von Datenverarbeitungsgeräten und Uhren,2013Q4,2013Q4,2044.0
1,Offene Stellen - Total,26,26 Herstellung von Datenverarbeitungsgeräten und Uhren,2014Q1,2014Q1,2155.0
1,Offene Stellen - Total,26,26 Herstellung von Datenverarbeitungsgeräten und Uhren,2014Q2,2014Q2,2367.0
1,Offene Stellen - Total,26,26 Herstellung von Datenverarbeitungsgeräten und Uhren,2014Q3,2014Q3,2001.0
1,Offene Stellen - Total,26,26 Herstellung von Datenverarbeitungsgeräten und Uhren,2014Q4,2014Q4,2008.0
1,Offene Stellen - Total,26,26 Herstellung von Datenverarbeitungsgeräten und Uhren,2015Q1,2015Q1,1809.0
1,Offene Stellen - Total,26,26 Herstellung von Datenverarbeitungsgeräten und Uhren,2015Q2,2015Q2,1618.0
1,Offene Stellen - Total,26,26 Herstellung von Datenverarbeitungsgeräten und Uhren,2015Q3,2015Q3,1450.0
1,Offene Stellen - Total,26,26 Herstellung von Datenverarbeitungsgeräten und Uhren,2015Q4,2015Q4,1396.0
1,Offene Stellen - Total,26,26 Herstellung von Datenverarbeitungsgeräten und Uhren,2016Q1,2016Q1,1762.0
1,Offene Stellen - Total,26,26 Herstellung von Datenverarbeitungsgeräten und Uhren,2016Q2,2016Q2,1597.0
1,Offene Stellen - Total,26,26 Herstellung von Datenverarbeitungsgeräten und Uhren,2016Q3,2016Q3,1402.0
1,Offene Stellen - Total,26,26 Herstellung von Datenverarbeitungsgeräten und Uhren,2016Q4,2016Q4,1409.0
1,Offene Stellen - Total,26,26 Herstellung von Datenverarbeitungsgeräten und Uhren,2017Q1,2017Q1,1870.0
1,Offene Stellen - Total,26,26 Herstellung von Datenverarbeitungsgeräten und Uhren,2017Q2,2017Q2,2001.0
1,Offene Stellen - Total,26,26 Herstellung von Datenverarbeitungsgeräten und Uhren,2017Q3,2017Q3,2091.0
1,Offene Stellen - Total,26,26 Herstellung von Datenverarbeitungsgeräten und Uhren,2017Q4,2017Q4,2605.0
1,Offene Stellen - Total,26,26 Herstellung von Datenverarbeitungsgeräten und Uhren,2018Q1,2018Q1,3228.0
1,Offene Stellen - Total,26,26 Herstellung von Datenverarbeitungsgeräten und Uhren,2018Q2,2018Q2,3250.0
1,Offene Stellen - Total,26,26 Herstellung von Datenverarbeitungsgeräten und Uhren,2018Q3,2018Q3,2792.0
1,Offene Stellen - Total,26,26 Herstellung von Datenverarbeitungsgeräten und Uhren,2018Q4,2018Q4,2815.0
1,Offene Stellen - Total,26,26 Herstellung von Datenverarbeitungsgeräten und Uhren,2019Q1,2019Q1,3032.0
1,Offene Stellen - Total,26,26 Herstellung von Datenverarbeitungsgeräten und Uhren,2019Q2,2019Q2,2715.0
1,Offene Stellen - Total,26,26 Herstellung von Datenverarbeitungsgeräten und Uhren,2019Q3,2019Q3,2320.0
1,Offene Stellen - Total,26,26 Herstellung von Datenverarbeitungsgeräten und Uhren,2019Q4,2019Q4,2211.0
1,Offene Stellen - Total,26,26 Herstellung von Datenverarbeitungsgeräten und Uhren,2020Q1,2020Q1,1806.0
1,Offene Stellen - Total,26,26 Herstellung von Datenverarbeitungsgeräten und Uhren,2020Q2,2020Q2,1583.0
1,Offene Stellen - Total,26,26 Herstellung von Datenverarbeitungsgeräten und Uhren,2020Q3,2020Q3,1741.0
1,Offene Stellen - Total,26,26 Herstellung von Datenverarbeitungsgeräten und Uhren,2020Q4,2020Q4,1669.0
1,Offene Stellen - Total,26,26 Herstellung von Datenverarbeitungsgeräten und Uhren,2021Q1,2021Q1,2352.0
1,Offene Stellen - Total,26,26 Herstellung von Datenverarbeitungsgeräten und Uhren,2021Q2,2021Q2,2805.0
1,Offene Stellen - Total,26,26 Herstellung von Datenverarbeitungsgeräten und Uhren,2021Q3,2021Q3,3106.0
1,Offene Stellen - Total,26,26 Herstellung von Datenverarbeitungsgeräten und Uhren,2021Q4,2021Q4,3272.0
1,Offene Stellen - Total,26,26 Herstellung von Datenverarbeitungsgeräten und Uhren,2022Q1,2022Q1,4071.0
1,Offene Stellen - Total,26,26 Herstellung von Datenverarbeitungsgeräten und Uhren,2022Q2,2022Q2,4189.0
1,Offene Stellen - Total,26,26 Herstellung von Datenverarbeitungsgeräten und Uhren,2022Q3,2022Q3,3989.0
1,Offene Stellen - Total,26,26 Herstellung von Datenverarbeitungsgeräten und Uhren,2022Q4,2022Q4,3961.0
1,Offene Stellen - Total,26,26 Herstellung von Datenverarbeitungsgeräten und Uhren,2023Q1,2023Q1,4147.0
1,Offene Stellen - Total,26,26 Herstellung von Datenverarbeitungsgeräten und Uhren,2023Q2,2023Q2,3665.0
1,Offene Stellen - Total,26,26 Herstellung von Datenverarbeitungsgeräten und Uhren,2023Q3,2023Q3,3534.0
1,Offene Stellen - Total,26,26 Herstellung von Datenverarbeitungsgeräten und Uhren,2023Q4,2023Q4,3578.0
1,Offene Stellen - Total,26,26 Herstellung von Datenverarbeitungsgeräten und Uhren,2024Q1,2024Q1,2725.0
1,Offene Stellen - Total,26,26 Herstellung von Datenverarbeitungsgeräten und Uhren,2024Q2,2024Q2,2343.0
1,Offene Stellen - Total,26,26 Herstellung von Datenverarbeitungsgeräten und Uhren,2024Q3,2024Q3,2438.0
1,Offene Stellen - Total,26,26 Herstellung von Datenverarbeitungsgeräten und Uhren,2024Q4,2024Q4,2185.0
1,Offene Stellen - Total,26,26 Herstellung von Datenverarbeitungsgeräten und Uhren,2025Q1,2025Q1,2269.0
1,Offene Stellen - Total,26,26 Herstellung von Datenverarbeitungsgeräten und Uhren,2025Q2,2025Q2,2078.0
1,Offene Stellen - Total,26,26 Herstellung von Datenverarbeitungsgeräten und Uhren,2025Q3,2025Q3,2054.0
1,Offene Stellen - Total,26,26 Herstellung von Datenverarbeitungsgeräten und Uhren,2025Q4,2025Q4,1911.0
1,Offene Stellen - Total,26,26 Herstellung von Datenverarbeitungsgeräten und Uhren,2026Q1,2026Q1,2126.0
1,Offene Stellen - Total,26,26 Herstellung von Datenverarbeitungsgeräten und Uhren,2026Q2,2026Q2,3103.0
1,Offene Stellen - Total,28,28 Maschinenbau,1992Q2,1992Q2,
1,Offene Stellen - Total,28,28 Maschinenbau,1992Q3,1992Q3,
1,Offene Stellen - Total,28,28 Maschinenbau,1992Q4,1992Q4,
1,Offene Stellen - Total,28,28 Maschinenbau,1993Q1,1993Q1,
1,Offene Stellen - Total,28,28 Maschinenbau,1993Q2,1993Q2,
1,Offene Stellen - Total,28,28 Maschinenbau,1993Q3,1993Q3,
1,Offene Stellen - Total,28,28 Maschinenbau,1993Q4,1993Q4,
1,Offene Stellen - Total,28,28 Maschinenbau,1994Q1,1994Q1,
1,Offene Stellen - Total,28,28 Maschinenbau,1994Q2,1994Q2,
1,Offene Stellen - Total,28,28 Maschinenbau,1994Q3,1994Q3,
1,Offene Stellen - Total,28,28 Maschinenbau,1994Q4,1994Q4,
1,Offene Stellen - Total,28,28 Maschinenbau,1995Q1,1995Q1,
1,Offene Stellen - Total,28,28 Maschinenbau,1995Q2,1995Q2,
1,Offene Stellen - Total,28,28 Maschinenbau,1995Q3,1995Q3,
1,Offene Stellen - Total,28,28 Maschinenbau,1995Q4,1995Q4,
1,Offene Stellen - Total,28,28 Maschinenbau,1996Q1,1996Q1,
1,Offene Stellen - Total,28,28 Maschinenbau,1996Q2,1996Q2,
1,Offene Stellen - Total,28,28 Maschinenbau,1996Q3,1996Q3,
1,Offene Stellen - Total,28,28 Maschinenbau,1996Q4,1996Q4,
1,Offene Stellen - Total,28,28 Maschinenbau,1997Q1,1997Q1,
1,Offene Stellen - Total,28,28 Maschinenbau,1997Q2,1997Q2,
1,Offene Stellen - Total,28,28 Maschinenbau,1997Q3,1997Q3,
1,Offene Stellen - Total,28,28 Maschinenbau,1997Q4,1997Q4,
1,Offene Stellen - Total,28,28 Maschinenbau,1998Q1,1998Q1,
1,Offene Stellen - Total,28,28 Maschinenbau,1998Q2,1998Q2,
1,Offene Stellen - Total,28,28 Maschinenbau,1998Q3,1998Q3,
1,Offene Stellen - Total,28,28 Maschinenbau,1998Q4,1998Q4,
1,Offene Stellen - Total,28,28 Maschinenbau,1999Q1,1999Q1,
1,Offene Stellen - Total,28,28 Maschinenbau,1999Q2,1999Q2,
1,Offene Stellen - Total,28,28 Maschinenbau,1999Q3,1999Q3,
1,Offene Stellen - Total,28,28 Maschinenbau,1999Q4,1999Q4,
1,Offene Stellen - Total,28,28 Maschinenbau,2000Q1,2000Q1,
1,Offene Stellen - Total,28,28 Maschinenbau,2000Q2,2000Q2,
1,Offene Stellen - Total,28,28 Maschinenbau,2000Q3,2000Q3,
1,Offene Stellen - Total,28,28 Maschinenbau,2000Q4,2000Q4,
1,Offene Stellen - Total,28,28 Maschinenbau,2001Q1,2001Q1,
1,Offene Stellen - Total,28,28 Maschinenbau,2001Q2,2001Q2,
1,Offene Stellen - Total,28,28 Maschinenbau,2001Q3,2001Q3,
1,Offene Stellen - Total,28,28 Maschinenbau,2001Q4,2001Q4,
1,Offene Stellen - Total,28,28 Maschinenbau,2002Q1,2002Q1,
1,Offene Stellen - Total,28,28 Maschinenbau,2002Q2,2002Q2,
1,Offene Stellen - Total,28,28 Maschinenbau,2002Q3,2002Q3,
1,Offene Stellen - Total,28,28 Maschinenbau,2002Q4,2002Q4,
1,Offene Stellen - Total,28,28 Maschinenbau,2003Q1,2003Q1,
1,Offene Stellen - Total,28,28 Maschinenbau,2003Q2,2003Q2,571.0
1,Offene Stellen - Total,28,28 Maschinenbau,2003Q3,2003Q3,365.0
1,Offene Stellen - Total,28,28 Maschinenbau,2003Q4,2003Q4,467.0
1,Offene Stellen - Total,28,28 Maschinenbau,2004Q1,2004Q1,765.0
1,Offene Stellen - Total,28,28 Maschinenbau,2004Q2,2004Q2,768.0
1,Offene Stellen - Total,28,28 Maschinenbau,2004Q3,2004Q3,725.0
1,Offene Stellen - Total,28,28 Maschinenbau,2004Q4,2004Q4,740.0
1,Offene Stellen - Total,28,28 Maschinenbau,2005Q1,2005Q1,794.0
1,Offene Stellen - Total,28,28 Maschinenbau,2005Q2,2005Q2,884.0
1,Offene Stellen - Total,28,28 Maschinenbau,2005Q3,2005Q3,879.0
1,Offene Stellen - Total,28,28 Maschinenbau,2005Q4,2005Q4,894.0
1,Offene Stellen - Total,28,28 Maschinenbau,2006Q1,2006Q1,1184.0
1,Offene Stellen - Total,28,28 Maschinenbau,2006Q2,2006Q2,1353.0
1,Offene Stellen - Total,28,28 Maschinenbau,2006Q3,2006Q3,1462.0
1,Offene Stellen - Total,28,28 Maschinenbau,2006Q4,2006Q4,1580.0
1,Offene Stellen - Total,28,28 Maschinenbau,2007Q1,2007Q1,1970.0
1,Offene Stellen - Total,28,28 Maschinenbau,2007Q2,2007Q2,2328.0
1,Offene Stellen - Total,28,28 Maschinenbau,2007Q3,2007Q3,2249.0
1,Offene Stellen - Total,28,28 Maschinenbau,2007Q4,2007Q4,2363.0
1,Offene Stellen - Total,28,28 Maschinenbau,2008Q1,2008Q1,2629.0
1,Offene Stellen - Total,28,28 Maschinenbau,2008Q2,2008Q2,2310.0
1,Offene Stellen - Total,28,28 Maschinenbau,2008Q3,2008Q3,2144.0
1,Offene Stellen - Total,28,28 Maschinenbau,2008Q4,2008Q4,1188.0
1,Offene Stellen - Total,28,28 Maschinenbau,2009Q1,2009Q1,809.0
1,Offene Stellen - Total,28,28 Maschinenbau,2009Q2,2009Q2,724.0
1,Offene Stellen - Total,28,28 Maschinenbau,2009Q3,2009Q3,715.0
1,Offene Stellen - Total,28,28 Maschinenbau,2009Q4,2009Q4,726.0
1,Offene Stellen - Total,28,28 Maschinenbau,2010Q1,2010Q1,1039.0
1,Offene Stellen - Total,28,28 Maschinenbau,2010Q2,2010Q2,1247.0
1,Offene Stellen - Total,28,28 Maschinenbau,2010Q3,2010Q3,1358.0
1,Offene Stellen - Total,28,28 Maschinenbau,2010Q4,2010Q4,1543.0
1,Offene Stellen - Total,28,28 Maschinenbau,2011Q1,2011Q1,1870.0
1,Offene Stellen - Total,28,28 Maschinenbau,2011Q2,2011Q2,1810.0
1,Offene Stellen - Total,28,28 Maschinenbau,2011Q3,2011Q3,1350.0
1,Offene Stellen - Total,28,28 Maschinenbau,2011Q4,2011Q4,1230.0
1,Offene Stellen - Total,28,28 Maschinenbau,2012Q1,2012Q1,1414.0
1,Offene Stellen - Total,28,28 Maschinenbau,2012Q2,2012Q2,1335.0
1,Offene Stellen - Total,28,28 Maschinenbau,2012Q3,2012Q3,1390.0
1,Offene Stellen - Total,28,28 Maschinenbau,2012Q4,2012Q4,1044.0
1,Offene Stellen - Total,28,28 Maschinenbau,2013Q1,2013Q1,1175.0
1,Offene Stellen - Total,28,28 Maschinenbau,2013Q2,2013Q2,1223.0
1,Offene Stellen - Total,28,28 Maschinenbau,2013Q3,2013Q3,1082.0
1,Offene Stellen - Total,28,28 Maschinenbau,2013Q4,2013Q4,1119.0
1,Offene Stellen - Total,28,28 Maschinenbau,2014Q1,2014Q1,1357.0
1,Offene Stellen - Total,28,28 Maschinenbau,2014Q2,2014Q2,1311.0
1,Offene Stellen - Total,28,28 Maschinenbau,2014Q3,2014Q3,1181.0
1,Offene Stellen - Total,28,28 Maschinenbau,2014Q4,2014Q4,1208.0
1,Offene Stellen - Total,28,28 Maschinenbau,2015Q1,2015Q1,1002.0
1,Offene Stellen - Total,28,28 Maschinenbau,2015Q2,2015Q2,986.0
1,Offene Stellen - Total,28,28 Maschinenbau,2015Q3,2015Q3,1036.0
1,Offene Stellen - Total,28,28 Maschinenbau,2015Q4,2015Q4,1056.0
1,Offene Stellen - Total,28,28 Maschinenbau,2016Q1,2016Q1,1228.0
1,Offene Stellen - Total,28,28 Maschinenbau,2016Q2,2016Q2,1315.0
1,Offene Stellen - Total,28,28 Maschinenbau,2016Q3,2016Q3,1396.0
1,Offene Stellen - Total,28,28 Maschinenbau,2016Q4,2016Q4,1363.0
1,Offene Stellen - Total,28,28 Maschinenbau,2017Q1,2017Q1,1241.0
1,Offene Stellen - Total,28,28 Maschinenbau,2017Q2,2017Q2,1648.0
1,Offene Stellen - Total,28,28 Maschinenbau,2017Q3,2017Q3,1737.0
1,Offene Stellen - Total,28,28 Maschinenbau,2017Q4,2017Q4,1764.0
1,Offene Stellen - Total,28,28 Maschinenbau,2018Q1,2018Q1,1919.0
1,Offene Stellen - Total,28,28 Maschinenbau,2018Q2,2018Q2,2155.0
1,Offene Stellen - Total,28,28 Maschinenbau,2018Q3,2018Q3,2195.0
1,Offene Stellen - Total,28,28 Maschinenbau,2018Q4,2018Q4,2110.0
1,Offene Stellen - Total,28,28 Maschinenbau,2019Q1,2019Q1,2186.0
1,Offene Stellen - Total,28,28 Maschinenbau,2019Q2,2019Q2,1916.0
1,Offene Stellen - Total,28,28 Maschinenbau,2019Q3,2019Q3,1579.0
1,Offene Stellen - Total,28,28 Maschinenbau,2019Q4,2019Q4,1741.0
1,Offene Stellen - Total,28,28 Maschinenbau,2020Q1,2020Q1,1420.0
1,Offene Stellen - Total,28,28 Maschinenbau,2020Q2,2020Q2,1040.0
1,Offene Stellen - Total,28,28 Maschinenbau,2020Q3,2020Q3,1057.0
1,Offene Stellen - Total,28,28 Maschinenbau,2020Q4,2020Q4,1221.0
1,Offene Stellen - Total,28,28 Maschinenbau,2021Q1,2021Q1,1594.0
1,Offene Stellen - Total,28,28 Maschinenbau,2021Q2,2021Q2,1988.0
1,Offene Stellen - Total,28,28 Maschinenbau,2021Q3,2021Q3,2088.0
1,Offene Stellen - Total,28,28 Maschinenbau,2021Q4,2021Q4,2237.0
1,Offene Stellen - Total,28,28 Maschinenbau,2022Q1,2022Q1,2745.0
1,Offene Stellen - Total,28,28 Maschinenbau,2022Q2,2022Q2,2767.0
1,Offene Stellen - Total,28,28 Maschinenbau,2022Q3,2022Q3,2801.0
1,Offene Stellen - Total,28,28 Maschinenbau,2022Q4,2022Q4,2718.0
1,Offene Stellen - Total,28,28 Maschinenbau,2023Q1,2023Q1,3005.0
1,Offene Stellen - Total,28,28 Maschinenbau,2023Q2,2023Q2,3096.0
1,Offene Stellen - Total,28,28 Maschinenbau,2023Q3,2023Q3,2984.0
1,Offene Stellen - Total,28,28 Maschinenbau,2023Q4,2023Q4,2593.0
1,Offene Stellen - Total,28,28 Maschinenbau,2024Q1,2024Q1,2762.0
1,Offene Stellen - Total,28,28 Maschinenbau,2024Q2,2024Q2,2044.0
1,Offene Stellen - Total,28,28 Maschinenbau,2024Q3,2024Q3,1993.0
1,Offene Stellen - Total,28,28 Maschinenbau,2024Q4,2024Q4,1998.0
1,Offene Stellen - Total,28,28 Maschinenbau,2025Q1,2025Q1,1924.0
1,Offene Stellen - Total,28,28 Maschinenbau,2025Q2,2025Q2,1773.0
1,Offene Stellen - Total,28,28 Maschinenbau,2025Q3,2025Q3,1814.0
1,Offene Stellen - Total,28,28 Maschinenbau,2025Q4,2025Q4,1356.0
1,Offene Stellen - Total,28,28 Maschinenbau,2026Q1,2026Q1,1808.0
1,Offene Stellen - Total,28,28 Maschinenbau,2026Q2,2026Q2,1779.0
1,Offene Stellen - Total,41-43,41-43 Baugewerbe/Bau,1992Q2,1992Q2,
1,Offene Stellen - Total,41-43,41-43 Baugewerbe/Bau,1992Q3,1992Q3,
1,Offene Stellen - Total,41-43,41-43 Baugewerbe/Bau,1992Q4,1992Q4,
1,Offene Stellen - Total,41-43,41-43 Baugewerbe/Bau,1993Q1,1993Q1,
1,Offene Stellen - Total,41-43,41-43 Baugewerbe/Bau,1993Q2,1993Q2,
1,Offene Stellen - Total,41-43,41-43 Baugewerbe/Bau,1993Q3,1993Q3,
1,Offene Stellen - Total,41-43,41-43 Baugewerbe/Bau,1993Q4,1993Q4,
1,Offene Stellen - Total,41-43,41-43 Baugewerbe/Bau,1994Q1,1994Q1,
1,Offene Stellen - Total,41-43,41-43 Baugewerbe/Bau,1994Q2,1994Q2,
1,Offene Stellen - Total,41-43,41-43 Baugewerbe/Bau,1994Q3,1994Q3,
1,Offene Stellen - Total,41-43,41-43 Baugewerbe/Bau,1994Q4,1994Q4,
1,Offene Stellen - Total,41-43,41-43 Baugewerbe/Bau,1995Q1,1995Q1,
1,Offene Stellen - Total,41-43,41-43 Baugewerbe/Bau,1995Q2,1995Q2,
1,Offene Stellen - Total,41-43,41-43 Baugewerbe/Bau,1995Q3,1995Q3,
1,Offene Stellen - Total,41-43,41-43 Baugewerbe/Bau,1995Q4,1995Q4,
1,Offene Stellen - Total,41-43,41-43 Baugewerbe/Bau,1996Q1,1996Q1,
1,Offene Stellen - Total,41-43,41-43 Baugewerbe/Bau,1996Q2,1996Q2,
1,Offene Stellen - Total,41-43,41-43 Baugewerbe/Bau,1996Q3,1996Q3,
1,Offene Stellen - Total,41-43,41-43 Baugewerbe/Bau,1996Q4,1996Q4,
1,Offene Stellen - Total,41-43,41-43 Baugewerbe/Bau,1997Q1,1997Q1,
1,Offene Stellen - Total,41-43,41-43 Baugewerbe/Bau,1997Q2,1997Q2,
1,Offene Stellen - Total,41-43,41-43 Baugewerbe/Bau,1997Q3,1997Q3,
1,Offene Stellen - Total,41-43,41-43 Baugewerbe/Bau,1997Q4,1997Q4,
1,Offene Stellen - Total,41-43,41-43 Baugewerbe/Bau,1998Q1,1998Q1,
1,Offene Stellen - Total,41-43,41-43 Baugewerbe/Bau,1998Q2,1998Q2,
1,Offene Stellen - Total,41-43,41-43 Baugewerbe/Bau,1998Q3,1998Q3,
1,Offene Stellen - Total,41-43,41-43 Baugewerbe/Bau,1998Q4,1998Q4,
1,Offene Stellen - Total,41-43,41-43 Baugewerbe/Bau,1999Q1,1999Q1,
1,Offene Stellen - Total,41-43,41-43 Baugewerbe/Bau,1999Q2,1999Q2,
1,Offene Stellen - Total,41-43,41-43 Baugewerbe/Bau,1999Q3,1999Q3,
1,Offene Stellen - Total,41-43,41-43 Baugewerbe/Bau,1999Q4,1999Q4,
1,Offene Stellen - Total,41-43,41-43 Baugewerbe/Bau,2000Q1,2000Q1,
1,Offene Stellen - Total,41-43,41-43 Baugewerbe/Bau,2000Q2,2000Q2,
1,Offene Stellen - Total,41-43,41-43 Baugewerbe/Bau,2000Q3,2000Q3,
1,Offene Stellen - Total,41-43,41-43 Baugewerbe/Bau,2000Q4,2000Q4,
1,Offene Stellen - Total,41-43,41-43 Baugewerbe/Bau,2001Q1,2001Q1,
1,Offene Stellen - Total,41-43,41-43 Baugewerbe/Bau,2001Q2,2001Q2,
1,Offene Stellen - Total,41-43,41-43 Baugewerbe/Bau,2001Q3,2001Q3,
1,Offene Stellen - Total,41-43,41-43 Baugewerbe/Bau,2001Q4,2001Q4,
1,Offene Stellen - Total,41-43,41-43 Baugewerbe/Bau,2002Q1,2002Q1,
1,Offene Stellen - Total,41-43,41-43 Baugewerbe/Bau,2002Q2,2002Q2,
1,Offene Stellen - Total,41-43,41-43 Baugewerbe/Bau,2002Q3,2002Q3,
1,Offene Stellen - Total,41-43,41-43 Baugewerbe/Bau,2002Q4,2002Q4,
1,Offene Stellen - Total,41-43,41-43 Baugewerbe/Bau,2003Q1,2003Q1,
1,Offene Stellen - Total,41-43,41-43 Baugewerbe/Bau,2003Q2,2003Q2,5238.0
1,Offene Stellen - Total,41-43,41-43 Baugewerbe/Bau,2003Q3,2003Q3,3930.0
1,Offene Stellen - Total,41-43,41-43 Baugewerbe/Bau,2003Q4,2003Q4,3632.0
1,Offene Stellen - Total,41-43,41-43 Baugewerbe/Bau,2004Q1,2004Q1,4070.0
1,Offene Stellen - Total,41-43,41-43 Baugewerbe/Bau,2004Q2,2004Q2,4629.0
1,Offene Stellen - Total,41-43,41-43 Baugewerbe/Bau,2004Q3,2004Q3,3030.0
1,Offene Stellen - Total,41-43,41-43 Baugewerbe/Bau,2004Q4,2004Q4,3263.0
1,Offene Stellen - Total,41-43,41-43 Baugewerbe/Bau,2005Q1,2005Q1,4060.0
1,Offene Stellen - Total,41-43,41-43 Baugewerbe/Bau,2005Q2,2005Q2,3481.0
1,Offene Stellen - Total,41-43,41-43 Baugewerbe/Bau,2005Q3,2005Q3,3021.0
1,Offene Stellen - Total,41-43,41-43 Baugewerbe/Bau,2005Q4,2005Q4,3780.0
1,Offene Stellen - Total,41-43,41-43 Baugewerbe/Bau,2006Q1,2006Q1,4868.0
1,Offene Stellen - Total,41-43,41-43 Baugewerbe/Bau,2006Q2,2006Q2,5489.0
1,Offene Stellen - Total,41-43,41-43 Baugewerbe/Bau,2006Q3,2006Q3,4592.0
1,Offene Stellen - Total,41-43,41-43 Baugewerbe/Bau,2006Q4,2006Q4,4295.0
1,Offene Stellen - Total,41-43,41-43 Baugewerbe/Bau,2007Q1,2007Q1,6195.0
1,Offene Stellen - Total,41-43,41-43 Baugewerbe/Bau,2007Q2,2007Q2,6157.0
1,Offene Stellen - Total,41-43,41-43 Baugewerbe/Bau,2007Q3,2007Q3,5376.0
1,Offene Stellen - Total,41-43,41-43 Baugewerbe/Bau,2007Q4,2007Q4,5278.0
1,Offene Stellen - Total,41-43,41-43 Baugewerbe/Bau,2008Q1,2008Q1,5792.0
1,Offene Stellen - Total,41-43,41-43 Baugewerbe/Bau,2008Q2,2008Q2,6810.0
1,Offene Stellen - Total,41-43,41-43 Baugewerbe/Bau,2008Q3,2008Q3,6398.0
1,Offene Stellen - Total,41-43,41-43 Baugewerbe/Bau,2008Q4,2008Q4,4272.0
1,Offene Stellen - Total,41-43,41-43 Baugewerbe/Bau,2009Q1,2009Q1,3919.0
1,Offene Stellen - Total,41-43,41-43 Baugewerbe/Bau,2009Q2,2009Q2,4104.0
1,Offene Stellen - Total,41-43,41-43 Baugewerbe/Bau,2009Q3,2009Q3,3764.0
1,Offene Stellen - Total,41-43,41-43 Baugewerbe/Bau,2009Q4,2009Q4,3978.0
1,Offene Stellen - Total,41-43,41-43 Baugewerbe/Bau,2010Q1,2010Q1,4640.0
1,Offene Stellen - Total,41-43,41-43 Baugewerbe/Bau,2010Q2,2010Q2,5146.0
1,Offene Stellen - Total,41-43,41-43 Baugewerbe/Bau,2010Q3,2010Q3,4431.0
1,Offene Stellen - Total,41-43,41-43 Baugewerbe/Bau,2010Q4,2010Q4,4578.0
1,Offene Stellen - Total,41-43,41-43 Baugewerbe/Bau,2011Q1,2011Q1,5133.0
1,Offene Stellen - Total,41-43,41-43 Baugewerbe/Bau,2011Q2,2011Q2,5060.0
1,Offene Stellen - Total,41-43,41-43 Baugewerbe/Bau,2011Q3,2011Q3,4436.0
1,Offene Stellen - Total,41-43,41-43 Baugewerbe/Bau,2011Q4,2011Q4,4060.0
1,Offene Stellen - Total,41-43,41-43 Baugewerbe/Bau,2012Q1,2012Q1,5494.0
1,Offene Stellen - Total,41-43,41-43 Baugewerbe/Bau,2012Q2,2012Q2,4535.0
1,Offene Stellen - Total,41-43,41-43 Baugewerbe/Bau,2012Q3,2012Q3,4402.0
1,Offene Stellen - Total,41-43,41-43 Baugewerbe/Bau,2012Q4,2012Q4,3773.0
1,Offene Stellen - Total,41-43,41-43 Baugewerbe/Bau,2013Q1,2013Q1,4865.0
1,Offene Stellen - Total,41-43,41-43 Baugewerbe/Bau,2013Q2,2013Q2,3888.0
1,Offene Stellen - Total,41-43,41-43 Baugewerbe/Bau,2013Q3,2013Q3,4051.0
1,Offene Stellen - Total,41-43,41-43 Baugewerbe/Bau,2013Q4,2013Q4,3751.0
1,Offene Stellen - Total,41-43,41-43 Baugewerbe/Bau,2014Q1,2014Q1,4596.0
1,Offene Stellen - Total,41-43,41-43 Baugewerbe/Bau,2014Q2,2014Q2,3687.0
1,Offene Stellen - Total,41-43,41-43 Baugewerbe/Bau,2014Q3,2014Q3,3118.0
1,Offene Stellen - Total,41-43,41-43 Baugewerbe/Bau,2014Q4,2014Q4,3291.0
1,Offene Stellen - Total,41-43,41-43 Baugewerbe/Bau,2015Q1,2015Q1,4334.0
1,Offene Stellen - Total,41-43,41-43 Baugewerbe/Bau,2015Q2,2015Q2,3259.0
1,Offene Stellen - Total,41-43,41-43 Baugewerbe/Bau,2015Q3,2015Q3,2211.0
1,Offene Stellen - Total,41-43,41-43 Baugewerbe/Bau,2015Q4,2015Q4,2426.0
1,Offene Stellen - Total,41-43,41-43 Baugewerbe/Bau,2016Q1,2016Q1,2547.0
1,Offene Stellen - Total,41-43,41-43 Baugewerbe/Bau,2016Q2,2016Q2,2706.0
1,Offene Stellen - Total,41-43,41-43 Baugewerbe/Bau,2016Q3,2016Q3,2359.0
1,Offene Stellen - Total,41-43,41-43 Baugewerbe/Bau,2016Q4,2016Q4,2054.0
1,Offene Stellen - Total,41-43,41-43 Baugewerbe/Bau,2017Q1,2017Q1,3249.0
1,Offene Stellen - Total,41-43,41-43 Baugewerbe/Bau,2017Q2,2017Q2,2935.0
1,Offene Stellen - Total,41-43,41-43 Baugewerbe/Bau,2017Q3,2017Q3,2920.0
1,Offene Stellen - Total,41-43,41-43 Baugewerbe/Bau,2017Q4,2017Q4,3305.0
1,Offene Stellen - Total,41-43,41-43 Baugewerbe/Bau,2018Q1,2018Q1,4825.0
1,Offene Stellen - Total,41-43,41-43 Baugewerbe/Bau,2018Q2,2018Q2,5129.0
1,Offene Stellen - Total,41-43,41-43 Baugewerbe/Bau,2018Q3,2018Q3,4884.0
1,Offene Stellen - Total,41-43,41-43 Baugewerbe/Bau,2018Q4,2018Q4,5635.0
1,Offene Stellen - Total,41-43,41-43 Baugewerbe/Bau,2019Q1,2019Q1,4963.0
1,Offene Stellen - Total,41-43,41-43 Baugewerbe/Bau,2019Q2,2019Q2,5872.0
1,Offene Stellen - Total,41-43,41-43 Baugewerbe/Bau,2019Q3,2019Q3,5047.0
1,Offene Stellen - Total,41-43,41-43 Baugewerbe/Bau,2019Q4,2019Q4,4471.0
1,Offene Stellen - Total,41-43,41-43 Baugewerbe/Bau,2020Q1,2020Q1,4369.0
1,Offene Stellen - Total,41-43,41-43 Baugewerbe/Bau,2020Q2,2020Q2,3911.0
1,Offene Stellen - Total,41-43,41-43 Baugewerbe/Bau,2020Q3,2020Q3,5135.0
1,Offene Stellen - Total,41-43,41-43 Baugewerbe/Bau,2020Q4,2020Q4,3723.0
1,Offene Stellen - Total,41-43,41-43 Baugewerbe/Bau,2021Q1,2021Q1,5563.0
1,Offene Stellen - Total,41-43,41-43 Baugewerbe/Bau,2021Q2,2021Q2,5684.0
1,Offene Stellen - Total,41-43,41-43 Baugewerbe/Bau,2021Q3,2021Q3,6365.0
1,Offene Stellen - Total,41-43,41-43 Baugewerbe/Bau,2021Q4,2021Q4,5695.0
1,Offene Stellen - Total,41-43,41-43 Baugewerbe/Bau,2022Q1,2022Q1,7222.0
1,Offene Stellen - Total,41-43,41-43 Baugewerbe/Bau,2022Q2,2022Q2,8153.0
1,Offene Stellen - Total,41-43,41-43 Baugewerbe/Bau,2022Q3,2022Q3,7547.0
1,Offene Stellen - Total,41-43,41-43 Baugewerbe/Bau,2022Q4,2022Q4,7285.0
1,Offene Stellen - Total,41-43,41-43 Baugewerbe/Bau,2023Q1,2023Q1,8372.0
1,Offene Stellen - Total,41-43,41-43 Baugewerbe/Bau,2023Q2,2023Q2,7482.0
1,Offene Stellen - Total,41-43,41-43 Baugewerbe/Bau,2023Q3,2023Q3,6857.0
1,Offene Stellen - Total,41-43,41-43 Baugewerbe/Bau,2023Q4,2023Q4,6531.0
1,Offene Stellen - Total,41-43,41-43 Baugewerbe/Bau,2024Q1,2024Q1,6622.0
1,Offene Stellen - Total,41-43,41-43 Baugewerbe/Bau,2024Q2,2024Q2,6135.0
1,Offene Stellen - Total,41-43,41-43 Baugewerbe/Bau,2024Q3,2024Q3,7564.0
1,Offene Stellen - Total,41-43,41-43 Baugewerbe/Bau,2024Q4,2024Q4,7227.0
1,Offene Stellen - Total,41-43,41-43 Baugewerbe/Bau,2025Q1,2025Q1,6424.0
1,Offene Stellen - Total,41-43,41-43 Baugewerbe/Bau,2025Q2,2025Q2,6408.0
1,Offene Stellen - Total,41-43,41-43 Baugewerbe/Bau,2025Q3,2025Q3,7444.0
1,Offene Stellen - Total,41-43,41-43 Baugewerbe/Bau,2025Q4,2025Q4,8145.0
1,Offene Stellen - Total,41-43,41-43 Baugewerbe/Bau,2026Q1,2026Q1,9212.0
1,Offene Stellen - Total,41-43,41-43 Baugewerbe/Bau,2026Q2,2026Q2,8244.0
1,Offene Stellen - Total,45-96,45-96 SEKTOR III,1992Q2,1992Q2,
1,Offene Stellen - Total,45-96,45-96 SEKTOR III,1992Q3,1992Q3,
1,Offene Stellen - Total,45-96,45-96 SEKTOR III,1992Q4,1992Q4,
1,Offene Stellen - Total,45-96,45-96 SEKTOR III,1993Q1,1993Q1,
1,Offene Stellen - Total,45-96,45-96 SEKTOR III,1993Q2,1993Q2,
1,Offene Stellen - Total,45-96,45-96 SEKTOR III,1993Q3,1993Q3,
1,Offene Stellen - Total,45-96,45-96 SEKTOR III,1993Q4,1993Q4,
1,Offene Stellen - Total,45-96,45-96 SEKTOR III,1994Q1,1994Q1,
1,Offene Stellen - Total,45-96,45-96 SEKTOR III,1994Q2,1994Q2,
1,Offene Stellen - Total,45-96,45-96 SEKTOR III,1994Q3,1994Q3,
1,Offene Stellen - Total,45-96,45-96 SEKTOR III,1994Q4,1994Q4,
1,Offene Stellen - Total,45-96,45-96 SEKTOR III,1995Q1,1995Q1,
1,Offene Stellen - Total,45-96,45-96 SEKTOR III,1995Q2,1995Q2,
1,Offene Stellen - Total,45-96,45-96 SEKTOR III,1995Q3,1995Q3,
1,Offene Stellen - Total,45-96,45-96 SEKTOR III,1995Q4,1995Q4,
1,Offene Stellen - Total,45-96,45-96 SEKTOR III,1996Q1,1996Q1,
1,Offene Stellen - Total,45-96,45-96 SEKTOR III,1996Q2,1996Q2,
1,Offene Stellen - Total,45-96,45-96 SEKTOR III,1996Q3,1996Q3,
1,Offene Stellen - Total,45-96,45-96 SEKTOR III,1996Q4,1996Q4,
1,Offene Stellen - Total,45-96,45-96 SEKTOR III,1997Q1,1997Q1,
1,Offene Stellen - Total,45-96,45-96 SEKTOR III,1997Q2,1997Q2,
1,Offene Stellen - Total,45-96,45-96 SEKTOR III,1997Q3,1997Q3,
1,Offene Stellen - Total,45-96,45-96 SEKTOR III,1997Q4,1997Q4,
1,Offene Stellen - Total,45-96,45-96 SEKTOR III,1998Q1,1998Q1,
1,Offene Stellen - Total,45-96,45-96 SEKTOR III,1998Q2,1998Q2,
1,Offene Stellen - Total,45-96,45-96 SEKTOR III,1998Q3,1998Q3,
1,Offene Stellen - Total,45-96,45-96 SEKTOR III,1998Q4,1998Q4,
1,Offene Stellen - Total,45-96,45-96 SEKTOR III,1999Q1,1999Q1,
1,Offene Stellen - Total,45-96,45-96 SEKTOR III,1999Q2,1999Q2,
1,Offene Stellen - Total,45-96,45-96 SEKTOR III,1999Q3,1999Q3,
1,Offene Stellen - Total,45-96,45-96 SEKTOR III,1999Q4,1999Q4,
1,Offene Stellen - Total,45-96,45-96 SEKTOR III,2000Q1,2000Q1,
1,Offene Stellen - Total,45-96,45-96 SEKTOR III,2000Q2,2000Q2,
1,Offene Stellen - Total,45-96,45-96 SEKTOR III,2000Q3,2000Q3,
1,Offene Stellen - Total,45-96,45-96 SEKTOR III,2000Q4,2000Q4,
1,Offene Stellen - Total,45-96,45-96 SEKTOR III,2001Q1,2001Q1,
1,Offene Stellen - Total,45-96,45-96 SEKTOR III,2001Q2,2001Q2,
1,Offene Stellen - Total,45-96,45-96 SEKTOR III,2001Q3,2001Q3,
1,Offene Stellen - Total,45-96,45-96 SEKTOR III,2001Q4,2001Q4,
1,Offene Stellen - Total,45-96,45-96 SEKTOR III,2002Q1,2002Q1,
1,Offene Stellen - Total,45-96,45-96 SEKTOR III,2002Q2,2002Q2,
1,Offene Stellen - Total,45-96,45-96 SEKTOR III,2002Q3,2002Q3,
1,Offene Stellen - Total,45-96,45-96 SEKTOR III,2002Q4,2002Q4,
1,Offene Stellen - Total,45-96,45-96 SEKTOR III,2003Q1,2003Q1,
1,Offene Stellen - Total,45-96,45-96 SEKTOR III,2003Q2,2003Q2,26167.0
1,Offene Stellen - Total,45-96,45-96 SEKTOR III,2003Q3,2003Q3,21088.0
1,Offene Stellen - Total,45-96,45-96 SEKTOR III,2003Q4,2003Q4,20764.0
1,Offene Stellen - Total,45-96,45-96 SEKTOR III,2004Q1,2004Q1,28975.0
1,Offene Stellen - Total,45-96,45-96 SEKTOR III,2004Q2,2004Q2,27519.0
1,Offene Stellen - Total,45-96,45-96 SEKTOR III,2004Q3,2004Q3,21991.0
1,Offene Stellen - Total,45-96,45-96 SEKTOR III,2004Q4,2004Q4,21872.0
1,Offene Stellen - Total,45-96,45-96 SEKTOR III,2005Q1,2005Q1,24647.0
1,Offene Stellen - Total,45-96,45-96 SEKTOR III,2005Q2,2005Q2,25152.0
1,Offene Stellen - Total,45-96,45-96 SEKTOR III,2005Q3,2005Q3,25769.0
1,Offene Stellen - Total,45-96,45-96 SEKTOR III,2005Q4,2005Q4,28123.0
1,Offene Stellen - Total,45-96,45-96 SEKTOR III,2006Q1,2006Q1,34611.0
1,Offene Stellen - Total,45-96,45-96 SEKTOR III,2006Q2,2006Q2,35211.0
1,Offene Stellen - Total,45-96,45-96 SEKTOR III,2006Q3,2006Q3,35502.0
1,Offene Stellen - Total,45-96,45-96 SEKTOR III,2006Q4,2006Q4,40329.0
1,Offene Stellen - Total,45-96,45-96 SEKTOR III,2007Q1,2007Q1,44362.0
1,Offene Stellen - Total,45-96,45-96 SEKTOR III,2007Q2,2007Q2,49924.0
1,Offene Stellen - Total,45-96,45-96 SEKTOR III,2007Q3,2007Q3,50862.0
1,Offene Stellen - Total,45-96,45-96 SEKTOR III,2007Q4,2007Q4,49027.0
1,Offene Stellen - Total,45-96,45-96 SEKTOR III,2008Q1,2008Q1,55235.0
1,Offene Stellen - Total,45-96,45-96 SEKTOR III,2008Q2,2008Q2,52871.0
1,Offene Stellen - Total,45-96,45-96 SEKTOR III,2008Q3,2008Q3,50994.0
1,Offene Stellen - Total,45-96,45-96 SEKTOR III,2008Q4,2008Q4,38083.0
1,Offene Stellen - Total,45-96,45-96 SEKTOR III,2009Q1,2009Q1,37978.0
1,Offene Stellen - Total,45-96,45-96 SEKTOR III,2009Q2,2009Q2,38142.0
1,Offene Stellen - Total,45-96,45-96 SEKTOR III,2009Q3,2009Q3,34232.0
1,Offene Stellen - Total,45-96,45-96 SEKTOR III,2009Q4,2009Q4,35810.0
1,Offene Stellen - Total,45-96,45-96 SEKTOR III,2010Q1,2010Q1,38012.0
1,Offene Stellen - Total,45-96,45-96 SEKTOR III,2010Q2,2010Q2,40798.0
1,Offene Stellen - Total,45-96,45-96 SEKTOR III,2010Q3,2010Q3,41645.0
1,Offene Stellen - Total,45-96,45-96 SEKTOR III,2010Q4,2010Q4,39573.0
1,Offene Stellen - Total,45-96,45-96 SEKTOR III,2011Q1,2011Q1,45270.0
1,Offene Stellen - Total,45-96,45-96 SEKTOR III,2011Q2,2011Q2,45131.0
1,Offene Stellen - Total,45-96,45-96 SEKTOR III,2011Q3,2011Q3,40339.0
1,Offene Stellen - Total,45-96,45-96 SEKTOR III,2011Q4,2011Q4,37016.0
1,Offene Stellen - Total,45-96,45-96 SEKTOR III,2012Q1,2012Q1,41281.0
1,Offene Stellen - Total,45-96,45-96 SEKTOR III,2012Q2,2012Q2,39882.0
1,Offene Stellen - Total,45-96,45-96 SEKTOR III,2012Q3,2012Q3,38520.0
1,Offene Stellen - Total,45-96,45-96 SEKTOR III,2012Q4,2012Q4,38280.0
1,Offene Stellen - Total,45-96,45-96 SEKTOR III,2013Q1,2013Q1,42638.0
1,Offene Stellen - Total,45-96,45-96 SEKTOR III,2013Q2,2013Q2,43470.0
1,Offene Stellen - Total,45-96,45-96 SEKTOR III,2013Q3,2013Q3,42423.0
1,Offene Stellen - Total,45-96,45-96 SEKTOR III,2013Q4,2013Q4,41392.0
1,Offene Stellen - Total,45-96,45-96 SEKTOR III,2014Q1,2014Q1,45540.0
1,Offene Stellen - Total,45-96,45-96 SEKTOR III,2014Q2,2014Q2,44014.0
1,Offene Stellen - Total,45-96,45-96 SEKTOR III,2014Q3,2014Q3,43261.0
1,Offene Stellen - Total,45-96,45-96 SEKTOR III,2014Q4,2014Q4,41684.0
1,Offene Stellen - Total,45-96,45-96 SEKTOR III,2015Q1,2015Q1,44090.0
1,Offene Stellen - Total,45-96,45-96 SEKTOR III,2015Q2,2015Q2,41980.0
1,Offene Stellen - Total,45-96,45-96 SEKTOR III,2015Q3,2015Q3,39638.0
1,Offene Stellen - Total,45-96,45-96 SEKTOR III,2015Q4,2015Q4,39570.0
1,Offene Stellen - Total,45-96,45-96 SEKTOR III,2016Q1,2016Q1,41727.0
1,Offene Stellen - Total,45-96,45-96 SEKTOR III,2016Q2,2016Q2,42970.0
1,Offene Stellen - Total,45-96,45-96 SEKTOR III,2016Q3,2016Q3,43570.0
1,Offene Stellen - Total,45-96,45-96 SEKTOR III,2016Q4,2016Q4,41607.0
1,Offene Stellen - Total,45-96,45-96 SEKTOR III,2017Q1,2017Q1,46251.0
1,Offene Stellen - Total,45-96,45-96 SEKTOR III,2017Q2,2017Q2,46328.0
1,Offene Stellen - Total,45-96,45-96 SEKTOR III,2017Q3,2017Q3,44575.0
1,Offene Stellen - Total,45-96,45-96 SEKTOR III,2017Q4,2017Q4,47094.0
1,Offene Stellen - Total,45-96,45-96 SEKTOR III,2018Q1,2018Q1,52329.0
1,Offene Stellen - Total,45-96,45-96 SEKTOR III,2018Q2,2018Q2,54890.0
1,Offene Stellen - Total,45-96,45-96 SEKTOR III,2018Q3,2018Q3,55068.0
1,Offene Stellen - Total,45-96,45-96 SEKTOR III,2018Q4,2018Q4,55725.0
1,Offene Stellen - Total,45-96,45-96 SEKTOR III,2019Q1,2019Q1,59352.0
1,Offene Stellen - Total,45-96,45-96 SEKTOR III,2019Q2,2019Q2,66125.0
1,Offene Stellen - Total,45-96,45-96 SEKTOR III,2019Q3,2019Q3,63076.0
1,Offene Stellen - Total,45-96,45-96 SEKTOR III,2019Q4,2019Q4,64207.0
1,Offene Stellen - Total,45-96,45-96 SEKTOR III,2020Q1,2020Q1,54815.0
1,Offene Stellen - Total,45-96,45-96 SEKTOR III,2020Q2,2020Q2,47662.0
1,Offene Stellen - Total,45-96,45-96 SEKTOR III,2020Q3,2020Q3,51477.0
1,Offene Stellen - Total,45-96,45-96 SEKTOR III,2020Q4,2020Q4,51525.0
1,Offene Stellen - Total,45-96,45-96 SEKTOR III,2021Q1,2021Q1,53974.0
1,Offene Stellen - Total,45-96,45-96 SEKTOR III,2021Q2,2021Q2,66948.0
1,Offene Stellen - Total,45-96,45-96 SEKTOR III,2021Q3,2021Q3,74343.0
1,Offene Stellen - Total,45-96,45-96 SEKTOR III,2021Q4,2021Q4,79447.0
1,Offene Stellen - Total,45-96,45-96 SEKTOR III,2022Q1,2022Q1,92436.0
1,Offene Stellen - Total,45-96,45-96 SEKTOR III,2022Q2,2022Q2,96747.0
1,Offene Stellen - Total,45-96,45-96 SEKTOR III,2022Q3,2022Q3,94289.0
1,Offene Stellen - Total,45-96,45-96 SEKTOR III,2022Q4,2022Q4,93278.0
1,Offene Stellen - Total,45-96,45-96 SEKTOR III,2023Q1,2023Q1,94024.0
1,Offene Stellen - Total,45-96,45-96 SEKTOR III,2023Q2,2023Q2,92130.0
1,Offene Stellen - Total,45-96,45-96 SEKTOR III,2023Q3,2023Q3,86419.0
1,Offene Stellen - Total,45-96,45-96 SEKTOR III,2023Q4,2023Q4,82540.0
1,Offene Stellen - Total,45-96,45-96 SEKTOR III,2024Q1,2024Q1,86625.0
1,Offene Stellen - Total,45-96,45-96 SEKTOR III,2024Q2,2024Q2,80877.0
1,Offene Stellen - Total,45-96,45-96 SEKTOR III,2024Q3,2024Q3,76330.0
1,Offene Stellen - Total,45-96,45-96 SEKTOR III,2024Q4,2024Q4,70520.0
1,Offene Stellen - Total,45-96,45-96 SEKTOR III,2025Q1,2025Q1,74454.0
1,Offene Stellen - Total,45-96,45-96 SEKTOR III,2025Q2,2025Q2,75862.0
1,Offene Stellen - Total,45-96,45-96 SEKTOR III,2025Q3,2025Q3,70073.0
1,Offene Stellen - Total,45-96,45-96 SEKTOR III,2025Q4,2025Q4,69149.0
1,Offene Stellen - Total,45-96,45-96 SEKTOR III,2026Q1,2026Q1,78616.0
1,Offene Stellen - Total,45-96,45-96 SEKTOR III,2026Q2,2026Q2,74069.0
1,Offene Stellen - Total,45-47,"45-47 Handel, Instandhaltung und Rep. von Kraftfahrzeugen",1992Q2,1992Q2,
1,Offene Stellen - Total,45-47,"45-47 Handel, Instandhaltung und Rep. von Kraftfahrzeugen",1992Q3,1992Q3,
1,Offene Stellen - Total,45-47,"45-47 Handel, Instandhaltung und Rep. von Kraftfahrzeugen",1992Q4,1992Q4,
1,Offene Stellen - Total,45-47,"45-47 Handel, Instandhaltung und Rep. von Kraftfahrzeugen",1993Q1,1993Q1,
1,Offene Stellen - Total,45-47,"45-47 Handel, Instandhaltung und Rep. von Kraftfahrzeugen",1993Q2,1993Q2,
1,Offene Stellen - Total,45-47,"45-47 Handel, Instandhaltung und Rep. von Kraftfahrzeugen",1993Q3,1993Q3,
1,Offene Stellen - Total,45-47,"45-47 Handel, Instandhaltung und Rep. von Kraftfahrzeugen",1993Q4,1993Q4,
1,Offene Stellen - Total,45-47,"45-47 Handel, Instandhaltung und Rep. von Kraftfahrzeugen",1994Q1,1994Q1,
1,Offene Stellen - Total,45-47,"45-47 Handel, Instandhaltung und Rep. von Kraftfahrzeugen",1994Q2,1994Q2,
1,Offene Stellen - Total,45-47,"45-47 Handel, Instandhaltung und Rep. von Kraftfahrzeugen",1994Q3,1994Q3,
1,Offene Stellen - Total,45-47,"45-47 Handel, Instandhaltung und Rep. von Kraftfahrzeugen",1994Q4,1994Q4,
1,Offene Stellen - Total,45-47,"45-47 Handel, Instandhaltung und Rep. von Kraftfahrzeugen",1995Q1,1995Q1,
1,Offene Stellen - Total,45-47,"45-47 Handel, Instandhaltung und Rep. von Kraftfahrzeugen",1995Q2,1995Q2,
1,Offene Stellen - Total,45-47,"45-47 Handel, Instandhaltung und Rep. von Kraftfahrzeugen",1995Q3,1995Q3,
1,Offene Stellen - Total,45-47,"45-47 Handel, Instandhaltung und Rep. von Kraftfahrzeugen",1995Q4,1995Q4,
1,Offene Stellen - Total,45-47,"45-47 Handel, Instandhaltung und Rep. von Kraftfahrzeugen",1996Q1,1996Q1,
1,Offene Stellen - Total,45-47,"45-47 Handel, Instandhaltung und Rep. von Kraftfahrzeugen",1996Q2,1996Q2,
1,Offene Stellen - Total,45-47,"45-47 Handel, Instandhaltung und Rep. von Kraftfahrzeugen",1996Q3,1996Q3,
1,Offene Stellen - Total,45-47,"45-47 Handel, Instandhaltung und Rep. von Kraftfahrzeugen",1996Q4,1996Q4,
1,Offene Stellen - Total,45-47,"45-47 Handel, Instandhaltung und Rep. von Kraftfahrzeugen",1997Q1,1997Q1,
1,Offene Stellen - Total,45-47,"45-47 Handel, Instandhaltung und Rep. von Kraftfahrzeugen",1997Q2,1997Q2,
1,Offene Stellen - Total,45-47,"45-47 Handel, Instandhaltung und Rep. von Kraftfahrzeugen",1997Q3,1997Q3,
1,Offene Stellen - Total,45-47,"45-47 Handel, Instandhaltung und Rep. von Kraftfahrzeugen",1997Q4,1997Q4,
1,Offene Stellen - Total,45-47,"45-47 Handel, Instandhaltung und Rep. von Kraftfahrzeugen",1998Q1,1998Q1,
1,Offene Stellen - Total,45-47,"45-47 Handel, Instandhaltung und Rep. von Kraftfahrzeugen",1998Q2,1998Q2,
1,Offene Stellen - Total,45-47,"45-47 Handel, Instandhaltung und Rep. von Kraftfahrzeugen",1998Q3,1998Q3,
1,Offene Stellen - Total,45-47,"45-47 Handel, Instandhaltung und Rep. von Kraftfahrzeugen",1998Q4,1998Q4,
1,Offene Stellen - Total,45-47,"45-47 Handel, Instandhaltung und Rep. von Kraftfahrzeugen",1999Q1,1999Q1,
1,Offene Stellen - Total,45-47,"45-47 Handel, Instandhaltung und Rep. von Kraftfahrzeugen",1999Q2,1999Q2,
1,Offene Stellen - Total,45-47,"45-47 Handel, Instandhaltung und Rep. von Kraftfahrzeugen",1999Q3,1999Q3,
1,Offene Stellen - Total,45-47,"45-47 Handel, Instandhaltung und Rep. von Kraftfahrzeugen",1999Q4,1999Q4,
1,Offene Stellen - Total,45-47,"45-47 Handel, Instandhaltung und Rep. von Kraftfahrzeugen",2000Q1,2000Q1,
1,Offene Stellen - Total,45-47,"45-47 Handel, Instandhaltung und Rep. von Kraftfahrzeugen",2000Q2,2000Q2,
1,Offene Stellen - Total,45-47,"45-47 Handel, Instandhaltung und Rep. von Kraftfahrzeugen",2000Q3,2000Q3,
1,Offene Stellen - Total,45-47,"45-47 Handel, Instandhaltung und Rep. von Kraftfahrzeugen",2000Q4,2000Q4,
1,Offene Stellen - Total,45-47,"45-47 Handel, Instandhaltung und Rep. von Kraftfahrzeugen",2001Q1,2001Q1,
1,Offene Stellen - Total,45-47,"45-47 Handel, Instandhaltung und Rep. von Kraftfahrzeugen",2001Q2,2001Q2,
1,Offene Stellen - Total,45-47,"45-47 Handel, Instandhaltung und Rep. von Kraftfahrzeugen",2001Q3,2001Q3,
1,Offene Stellen - Total,45-47,"45-47 Handel, Instandhaltung und Rep. von Kraftfahrzeugen",2001Q4,2001Q4,
1,Offene Stellen - Total,45-47,"45-47 Handel, Instandhaltung und Rep. von Kraftfahrzeugen",2002Q1,2002Q1,
1,Offene Stellen - Total,45-47,"45-47 Handel, Instandhaltung und Rep. von Kraftfahrzeugen",2002Q2,2002Q2,
1,Offene Stellen - Total,45-47,"45-47 Handel, Instandhaltung und Rep. von Kraftfahrzeugen",2002Q3,2002Q3,
1,Offene Stellen - Total,45-47,"45-47 Handel, Instandhaltung und Rep. von Kraftfahrzeugen",2002Q4,2002Q4,
1,Offene Stellen - Total,45-47,"45-47 Handel, Instandhaltung und Rep. von Kraftfahrzeugen",2003Q1,2003Q1,
1,Offene Stellen - Total,45-47,"45-47 Handel, Instandhaltung und Rep. von Kraftfahrzeugen",2003Q2,2003Q2,7105.0
1,Offene Stellen - Total,45-47,"45-47 Handel, Instandhaltung und Rep. von Kraftfahrzeugen",2003Q3,2003Q3,5670.0
1,Offene Stellen - Total,45-47,"45-47 Handel, Instandhaltung und Rep. von Kraftfahrzeugen",2003Q4,2003Q4,5725.0
1,Offene Stellen - Total,45-47,"45-47 Handel, Instandhaltung und Rep. von Kraftfahrzeugen",2004Q1,2004Q1,8260.0
1,Offene Stellen - Total,45-47,"45-47 Handel, Instandhaltung und Rep. von Kraftfahrzeugen",2004Q2,2004Q2,7050.0
1,Offene Stellen - Total,45-47,"45-47 Handel, Instandhaltung und Rep. von Kraftfahrzeugen",2004Q3,2004Q3,5212.0
1,Offene Stellen - Total,45-47,"45-47 Handel, Instandhaltung und Rep. von Kraftfahrzeugen",2004Q4,2004Q4,4968.0
1,Offene Stellen - Total,45-47,"45-47 Handel, Instandhaltung und Rep. von Kraftfahrzeugen",2005Q1,2005Q1,5971.0
1,Offene Stellen - Total,45-47,"45-47 Handel, Instandhaltung und Rep. von Kraftfahrzeugen",2005Q2,2005Q2,5517.0
1,Offene Stellen - Total,45-47,"45-47 Handel, Instandhaltung und Rep. von Kraftfahrzeugen",2005Q3,2005Q3,5904.0
1,Offene Stellen - Total,45-47,"45-47 Handel, Instandhaltung und Rep. von Kraftfahrzeugen",2005Q4,2005Q4,5919.0
1,Offene Stellen - Total,45-47,"45-47 Handel, Instandhaltung und Rep. von Kraftfahrzeugen",2006Q1,2006Q1,7492.0
1,Offene Stellen - Total,45-47,"45-47 Handel, Instandhaltung und Rep. von Kraftfahrzeugen",2006Q2,2006Q2,6752.0
1,Offene Stellen - Total,45-47,"45-47 Handel, Instandhaltung und Rep. von Kraftfahrzeugen",2006Q3,2006Q3,7158.0
1,Offene Stellen - Total,45-47,"45-47 Handel, Instandhaltung und Rep. von Kraftfahrzeugen",2006Q4,2006Q4,8225.0
1,Offene Stellen - Total,45-47,"45-47 Handel, Instandhaltung und Rep. von Kraftfahrzeugen",2007Q1,2007Q1,9156.0
1,Offene Stellen - Total,45-47,"45-47 Handel, Instandhaltung und Rep. von Kraftfahrzeugen",2007Q2,2007Q2,10562.0
1,Offene Stellen - Total,45-47,"45-47 Handel, Instandhaltung und Rep. von Kraftfahrzeugen",2007Q3,2007Q3,11688.0
1,Offene Stellen - Total,45-47,"45-47 Handel, Instandhaltung und Rep. von Kraftfahrzeugen",2007Q4,2007Q4,12579.0
1,Offene Stellen - Total,45-47,"45-47 Handel, Instandhaltung und Rep. von Kraftfahrzeugen",2008Q1,2008Q1,13430.0
1,Offene Stellen - Total,45-47,"45-47 Handel, Instandhaltung und Rep. von Kraftfahrzeugen",2008Q2,2008Q2,13611.0
1,Offene Stellen - Total,45-47,"45-47 Handel, Instandhaltung und Rep. von Kraftfahrzeugen",2008Q3,2008Q3,13381.0
1,Offene Stellen - Total,45-47,"45-47 Handel, Instandhaltung und Rep. von Kraftfahrzeugen",2008Q4,2008Q4,8388.0
1,Offene Stellen - Total,45-47,"45-47 Handel, Instandhaltung und Rep. von Kraftfahrzeugen",2009Q1,2009Q1,7023.0
1,Offene Stellen - Total,45-47,"45-47 Handel, Instandhaltung und Rep. von Kraftfahrzeugen",2009Q2,2009Q2,7598.0
1,Offene Stellen - Total,45-47,"45-47 Handel, Instandhaltung und Rep. von Kraftfahrzeugen",2009Q3,2009Q3,7538.0
1,Offene Stellen - Total,45-47,"45-47 Handel, Instandhaltung und Rep. von Kraftfahrzeugen",2009Q4,2009Q4,7780.0
1,Offene Stellen - Total,45-47,"45-47 Handel, Instandhaltung und Rep. von Kraftfahrzeugen",2010Q1,2010Q1,8420.0
1,Offene Stellen - Total,45-47,"45-47 Handel, Instandhaltung und Rep. von Kraftfahrzeugen",2010Q2,2010Q2,9331.0
1,Offene Stellen - Total,45-47,"45-47 Handel, Instandhaltung und Rep. von Kraftfahrzeugen",2010Q3,2010Q3,10184.0
1,Offene Stellen - Total,45-47,"45-47 Handel, Instandhaltung und Rep. von Kraftfahrzeugen",2010Q4,2010Q4,8392.0
1,Offene Stellen - Total,45-47,"45-47 Handel, Instandhaltung und Rep. von Kraftfahrzeugen",2011Q1,2011Q1,10299.0
1,Offene Stellen - Total,45-47,"45-47 Handel, Instandhaltung und Rep. von Kraftfahrzeugen",2011Q2,2011Q2,10700.0
1,Offene Stellen - Total,45-47,"45-47 Handel, Instandhaltung und Rep. von Kraftfahrzeugen",2011Q3,2011Q3,9828.0
1,Offene Stellen - Total,45-47,"45-47 Handel, Instandhaltung und Rep. von Kraftfahrzeugen",2011Q4,2011Q4,8423.0
1,Offene Stellen - Total,45-47,"45-47 Handel, Instandhaltung und Rep. von Kraftfahrzeugen",2012Q1,2012Q1,8414.0
1,Offene Stellen - Total,45-47,"45-47 Handel, Instandhaltung und Rep. von Kraftfahrzeugen",2012Q2,2012Q2,8384.0
1,Offene Stellen - Total,45-47,"45-47 Handel, Instandhaltung und Rep. von Kraftfahrzeugen",2012Q3,2012Q3,9052.0
1,Offene Stellen - Total,45-47,"45-47 Handel, Instandhaltung und Rep. von Kraftfahrzeugen",2012Q4,2012Q4,9130.0
1,Offene Stellen - Total,45-47,"45-47 Handel, Instandhaltung und Rep. von Kraftfahrzeugen",2013Q1,2013Q1,8441.0
1,Offene Stellen - Total,45-47,"45-47 Handel, Instandhaltung und Rep. von Kraftfahrzeugen",2013Q2,2013Q2,8579.0
1,Offene Stellen - Total,45-47,"45-47 Handel, Instandhaltung und Rep. von Kraftfahrzeugen",2013Q3,2013Q3,7347.0
1,Offene Stellen - Total,45-47,"45-47 Handel, Instandhaltung und Rep. von Kraftfahrzeugen",2013Q4,2013Q4,8475.0
1,Offene Stellen - Total,45-47,"45-47 Handel, Instandhaltung und Rep. von Kraftfahrzeugen",2014Q1,2014Q1,8482.0
1,Offene Stellen - Total,45-47,"45-47 Handel, Instandhaltung und Rep. von Kraftfahrzeugen",2014Q2,2014Q2,9831.0
1,Offene Stellen - Total,45-47,"45-47 Handel, Instandhaltung und Rep. von Kraftfahrzeugen",2014Q3,2014Q3,9383.0
1,Offene Stellen - Total,45-47,"45-47 Handel, Instandhaltung und Rep. von Kraftfahrzeugen",2014Q4,2014Q4,8825.0
1,Offene Stellen - Total,45-47,"45-47 Handel, Instandhaltung und Rep. von Kraftfahrzeugen",2015Q1,2015Q1,8744.0
1,Offene Stellen - Total,45-47,"45-47 Handel, Instandhaltung und Rep. von Kraftfahrzeugen",2015Q2,2015Q2,8096.0
1,Offene Stellen - Total,45-47,"45-47 Handel, Instandhaltung und Rep. von Kraftfahrzeugen",2015Q3,2015Q3,7619.0
1,Offene Stellen - Total,45-47,"45-47 Handel, Instandhaltung und Rep. von Kraftfahrzeugen",2015Q4,2015Q4,6681.0
1,Offene Stellen - Total,45-47,"45-47 Handel, Instandhaltung und Rep. von Kraftfahrzeugen",2016Q1,2016Q1,6839.0
1,Offene Stellen - Total,45-47,"45-47 Handel, Instandhaltung und Rep. von Kraftfahrzeugen",2016Q2,2016Q2,7580.0
1,Offene Stellen - Total,45-47,"45-47 Handel, Instandhaltung und Rep. von Kraftfahrzeugen",2016Q3,2016Q3,8356.0
1,Offene Stellen - Total,45-47,"45-47 Handel, Instandhaltung und Rep. von Kraftfahrzeugen",2016Q4,2016Q4,7537.0
1,Offene Stellen - Total,45-47,"45-47 Handel, Instandhaltung und Rep. von Kraftfahrzeugen",2017Q1,2017Q1,8082.0
1,Offene Stellen - Total,45-47,"45-47 Handel, Instandhaltung und Rep. von Kraftfahrzeugen",2017Q2,2017Q2,8984.0
1,Offene Stellen - Total,45-47,"45-47 Handel, Instandhaltung und Rep. von Kraftfahrzeugen",2017Q3,2017Q3,7061.0
1,Offene Stellen - Total,45-47,"45-47 Handel, Instandhaltung und Rep. von Kraftfahrzeugen",2017Q4,2017Q4,7535.0
1,Offene Stellen - Total,45-47,"45-47 Handel, Instandhaltung und Rep. von Kraftfahrzeugen",2018Q1,2018Q1,7854.0
1,Offene Stellen - Total,45-47,"45-47 Handel, Instandhaltung und Rep. von Kraftfahrzeugen",2018Q2,2018Q2,10743.0
1,Offene Stellen - Total,45-47,"45-47 Handel, Instandhaltung und Rep. von Kraftfahrzeugen",2018Q3,2018Q3,10456.0
1,Offene Stellen - Total,45-47,"45-47 Handel, Instandhaltung und Rep. von Kraftfahrzeugen",2018Q4,2018Q4,9887.0
1,Offene Stellen - Total,45-47,"45-47 Handel, Instandhaltung und Rep. von Kraftfahrzeugen",2019Q1,2019Q1,10022.0
1,Offene Stellen - Total,45-47,"45-47 Handel, Instandhaltung und Rep. von Kraftfahrzeugen",2019Q2,2019Q2,11319.0
1,Offene Stellen - Total,45-47,"45-47 Handel, Instandhaltung und Rep. von Kraftfahrzeugen",2019Q3,2019Q3,11529.0
1,Offene Stellen - Total,45-47,"45-47 Handel, Instandhaltung und Rep. von Kraftfahrzeugen",2019Q4,2019Q4,10823.0
1,Offene Stellen - Total,45-47,"45-47 Handel, Instandhaltung und Rep. von Kraftfahrzeugen",2020Q1,2020Q1,8719.0
1,Offene Stellen - Total,45-47,"45-47 Handel, Instandhaltung und Rep. von Kraftfahrzeugen",2020Q2,2020Q2,7811.0
1,Offene Stellen - Total,45-47,"45-47 Handel, Instandhaltung und Rep. von Kraftfahrzeugen",2020Q3,2020Q3,9440.0
1,Offene Stellen - Total,45-47,"45-47 Handel, Instandhaltung und Rep. von Kraftfahrzeugen",2020Q4,2020Q4,8687.0
1,Offene Stellen - Total,45-47,"45-47 Handel, Instandhaltung und Rep. von Kraftfahrzeugen",2021Q1,2021Q1,8742.0
1,Offene Stellen - Total,45-47,"45-47 Handel, Instandhaltung und Rep. von Kraftfahrzeugen",2021Q2,2021Q2,12619.0
1,Offene Stellen - Total,45-47,"45-47 Handel, Instandhaltung und Rep. von Kraftfahrzeugen",2021Q3,2021Q3,12824.0
1,Offene Stellen - Total,45-47,"45-47 Handel, Instandhaltung und Rep. von Kraftfahrzeugen",2021Q4,2021Q4,13781.0
1,Offene Stellen - Total,45-47,"45-47 Handel, Instandhaltung und Rep. von Kraftfahrzeugen",2022Q1,2022Q1,15533.0
1,Offene Stellen - Total,45-47,"45-47 Handel, Instandhaltung und Rep. von Kraftfahrzeugen",2022Q2,2022Q2,17835.0
1,Offene Stellen - Total,45-47,"45-47 Handel, Instandhaltung und Rep. von Kraftfahrzeugen",2022Q3,2022Q3,18631.0
1,Offene Stellen - Total,45-47,"45-47 Handel, Instandhaltung und Rep. von Kraftfahrzeugen",2022Q4,2022Q4,19545.0
1,Offene Stellen - Total,45-47,"45-47 Handel, Instandhaltung und Rep. von Kraftfahrzeugen",2023Q1,2023Q1,17010.0
1,Offene Stellen - Total,45-47,"45-47 Handel, Instandhaltung und Rep. von Kraftfahrzeugen",2023Q2,2023Q2,17760.0
1,Offene Stellen - Total,45-47,"45-47 Handel, Instandhaltung und Rep. von Kraftfahrzeugen",2023Q3,2023Q3,17655.0
1,Offene Stellen - Total,45-47,"45-47 Handel, Instandhaltung und Rep. von Kraftfahrzeugen",2023Q4,2023Q4,15945.0
1,Offene Stellen - Total,45-47,"45-47 Handel, Instandhaltung und Rep. von Kraftfahrzeugen",2024Q1,2024Q1,15258.0
1,Offene Stellen - Total,45-47,"45-47 Handel, Instandhaltung und Rep. von Kraftfahrzeugen",2024Q2,2024Q2,12774.0
1,Offene Stellen - Total,45-47,"45-47 Handel, Instandhaltung und Rep. von Kraftfahrzeugen",2024Q3,2024Q3,11990.0
1,Offene Stellen - Total,45-47,"45-47 Handel, Instandhaltung und Rep. von Kraftfahrzeugen",2024Q4,2024Q4,10507.0
1,Offene Stellen - Total,45-47,"45-47 Handel, Instandhaltung und Rep. von Kraftfahrzeugen",2025Q1,2025Q1,11786.0
1,Offene Stellen - Total,45-47,"45-47 Handel, Instandhaltung und Rep. von Kraftfahrzeugen",2025Q2,2025Q2,12001.0
1,Offene Stellen - Total,45-47,"45-47 Handel, Instandhaltung und Rep. von Kraftfahrzeugen",2025Q3,2025Q3,12142.0
1,Offene Stellen - Total,45-47,"45-47 Handel, Instandhaltung und Rep. von Kraftfahrzeugen",2025Q4,2025Q4,12285.0
1,Offene Stellen - Total,45-47,"45-47 Handel, Instandhaltung und Rep. von Kraftfahrzeugen",2026Q1,2026Q1,12070.0
1,Offene Stellen - Total,45-47,"45-47 Handel, Instandhaltung und Rep. von Kraftfahrzeugen",2026Q2,2026Q2,12113.0
1,Offene Stellen - Total,49-53,49-53 Verkehr und Lagerei,1992Q2,1992Q2,
1,Offene Stellen - Total,49-53,49-53 Verkehr und Lagerei,1992Q3,1992Q3,
1,Offene Stellen - Total,49-53,49-53 Verkehr und Lagerei,1992Q4,1992Q4,
1,Offene Stellen - Total,49-53,49-53 Verkehr und Lagerei,1993Q1,1993Q1,
1,Offene Stellen - Total,49-53,49-53 Verkehr und Lagerei,1993Q2,1993Q2,
1,Offene Stellen - Total,49-53,49-53 Verkehr und Lagerei,1993Q3,1993Q3,
1,Offene Stellen - Total,49-53,49-53 Verkehr und Lagerei,1993Q4,1993Q4,
1,Offene Stellen - Total,49-53,49-53 Verkehr und Lagerei,1994Q1,1994Q1,
1,Offene Stellen - Total,49-53,49-53 Verkehr und Lagerei,1994Q2,1994Q2,
1,Offene Stellen - Total,49-53,49-53 Verkehr und Lagerei,1994Q3,1994Q3,
1,Offene Stellen - Total,49-53,49-53 Verkehr und Lagerei,1994Q4,1994Q4,
1,Offene Stellen - Total,49-53,49-53 Verkehr und Lagerei,1995Q1,1995Q1,
1,Offene Stellen - Total,49-53,49-53 Verkehr und Lagerei,1995Q2,1995Q2,
1,Offene Stellen - Total,49-53,49-53 Verkehr und Lagerei,1995Q3,1995Q3,
1,Offene Stellen - Total,49-53,49-53 Verkehr und Lagerei,1995Q4,1995Q4,
1,Offene Stellen - Total,49-53,49-53 Verkehr und Lagerei,1996Q1,1996Q1,
1,Offene Stellen - Total,49-53,49-53 Verkehr und Lagerei,1996Q2,1996Q2,
1,Offene Stellen - Total,49-53,49-53 Verkehr und Lagerei,1996Q3,1996Q3,
1,Offene Stellen - Total,49-53,49-53 Verkehr und Lagerei,1996Q4,1996Q4,
1,Offene Stellen - Total,49-53,49-53 Verkehr und Lagerei,1997Q1,1997Q1,
1,Offene Stellen - Total,49-53,49-53 Verkehr und Lagerei,1997Q2,1997Q2,
1,Offene Stellen - Total,49-53,49-53 Verkehr und Lagerei,1997Q3,1997Q3,
1,Offene Stellen - Total,49-53,49-53 Verkehr und Lagerei,1997Q4,1997Q4,
1,Offene Stellen - Total,49-53,49-53 Verkehr und Lagerei,1998Q1,1998Q1,
1,Offene Stellen - Total,49-53,49-53 Verkehr und Lagerei,1998Q2,1998Q2,
1,Offene Stellen - Total,49-53,49-53 Verkehr und Lagerei,1998Q3,1998Q3,
1,Offene Stellen - Total,49-53,49-53 Verkehr und Lagerei,1998Q4,1998Q4,
1,Offene Stellen - Total,49-53,49-53 Verkehr und Lagerei,1999Q1,1999Q1,
1,Offene Stellen - Total,49-53,49-53 Verkehr und Lagerei,1999Q2,1999Q2,
1,Offene Stellen - Total,49-53,49-53 Verkehr und Lagerei,1999Q3,1999Q3,
1,Offene Stellen - Total,49-53,49-53 Verkehr und Lagerei,1999Q4,1999Q4,
1,Offene Stellen - Total,49-53,49-53 Verkehr und Lagerei,2000Q1,2000Q1,
1,Offene Stellen - Total,49-53,49-53 Verkehr und Lagerei,2000Q2,2000Q2,
1,Offene Stellen - Total,49-53,49-53 Verkehr und Lagerei,2000Q3,2000Q3,
1,Offene Stellen - Total,49-53,49-53 Verkehr und Lagerei,2000Q4,2000Q4,
1,Offene Stellen - Total,49-53,49-53 Verkehr und Lagerei,2001Q1,2001Q1,
1,Offene Stellen - Total,49-53,49-53 Verkehr und Lagerei,2001Q2,2001Q2,
1,Offene Stellen - Total,49-53,49-53 Verkehr und Lagerei,2001Q3,2001Q3,
1,Offene Stellen - Total,49-53,49-53 Verkehr und Lagerei,2001Q4,2001Q4,
1,Offene Stellen - Total,49-53,49-53 Verkehr und Lagerei,2002Q1,2002Q1,
1,Offene Stellen - Total,49-53,49-53 Verkehr und Lagerei,2002Q2,2002Q2,
1,Offene Stellen - Total,49-53,49-53 Verkehr und Lagerei,2002Q3,2002Q3,
1,Offene Stellen - Total,49-53,49-53 Verkehr und Lagerei,2002Q4,2002Q4,
1,Offene Stellen - Total,49-53,49-53 Verkehr und Lagerei,2003Q1,2003Q1,
1,Offene Stellen - Total,49-53,49-53 Verkehr und Lagerei,2003Q2,2003Q2,1102.0
1,Offene Stellen - Total,49-53,49-53 Verkehr und Lagerei,2003Q3,2003Q3,896.0
1,Offene Stellen - Total,49-53,49-53 Verkehr und Lagerei,2003Q4,2003Q4,1125.0
1,Offene Stellen - Total,49-53,49-53 Verkehr und Lagerei,2004Q1,2004Q1,1447.0
1,Offene Stellen - Total,49-53,49-53 Verkehr und Lagerei,2004Q2,2004Q2,1684.0
1,Offene Stellen - Total,49-53,49-53 Verkehr und Lagerei,2004Q3,2004Q3,1121.0
1,Offene Stellen - Total,49-53,49-53 Verkehr und Lagerei,2004Q4,2004Q4,1454.0
1,Offene Stellen - Total,49-53,49-53 Verkehr und Lagerei,2005Q1,2005Q1,1281.0
1,Offene Stellen - Total,49-53,49-53 Verkehr und Lagerei,2005Q2,2005Q2,1195.0
1,Offene Stellen - Total,49-53,49-53 Verkehr und Lagerei,2005Q3,2005Q3,1263.0
1,Offene Stellen - Total,49-53,49-53 Verkehr und Lagerei,2005Q4,2005Q4,1332.0
1,Offene Stellen - Total,49-53,49-53 Verkehr und Lagerei,2006Q1,2006Q1,1616.0
1,Offene Stellen - Total,49-53,49-53 Verkehr und Lagerei,2006Q2,2006Q2,1941.0
1,Offene Stellen - Total,49-53,49-53 Verkehr und Lagerei,2006Q3,2006Q3,1656.0
1,Offene Stellen - Total,49-53,49-53 Verkehr und Lagerei,2006Q4,2006Q4,1996.0
1,Offene Stellen - Total,49-53,49-53 Verkehr und Lagerei,2007Q1,2007Q1,2347.0
1,Offene Stellen - Total,49-53,49-53 Verkehr und Lagerei,2007Q2,2007Q2,2973.0
1,Offene Stellen - Total,49-53,49-53 Verkehr und Lagerei,2007Q3,2007Q3,2795.0
1,Offene Stellen - Total,49-53,49-53 Verkehr und Lagerei,2007Q4,2007Q4,2690.0
1,Offene Stellen - Total,49-53,49-53 Verkehr und Lagerei,2008Q1,2008Q1,3354.0
1,Offene Stellen - Total,49-53,49-53 Verkehr und Lagerei,2008Q2,2008Q2,2954.0
1,Offene Stellen - Total,49-53,49-53 Verkehr und Lagerei,2008Q3,2008Q3,3079.0
1,Offene Stellen - Total,49-53,49-53 Verkehr und Lagerei,2008Q4,2008Q4,1914.0
1,Offene Stellen - Total,49-53,49-53 Verkehr und Lagerei,2009Q1,2009Q1,1635.0
1,Offene Stellen - Total,49-53,49-53 Verkehr und Lagerei,2009Q2,2009Q2,1718.0
1,Offene Stellen - Total,49-53,49-53 Verkehr und Lagerei,2009Q3,2009Q3,1644.0
1,Offene Stellen - Total,49-53,49-53 Verkehr und Lagerei,2009Q4,2009Q4,1709.0
1,Offene Stellen - Total,49-53,49-53 Verkehr und Lagerei,2010Q1,2010Q1,1968.0
1,Offene Stellen - Total,49-53,49-53 Verkehr und Lagerei,2010Q2,2010Q2,2329.0
1,Offene Stellen - Total,49-53,49-53 Verkehr und Lagerei,2010Q3,2010Q3,1880.0
1,Offene Stellen - Total,49-53,49-53 Verkehr und Lagerei,2010Q4,2010Q4,1865.0
1,Offene Stellen - Total,49-53,49-53 Verkehr und Lagerei,2011Q1,2011Q1,1867.0
1,Offene Stellen - Total,49-53,49-53 Verkehr und Lagerei,2011Q2,2011Q2,2038.0
1,Offene Stellen - Total,49-53,49-53 Verkehr und Lagerei,2011Q3,2011Q3,1977.0
1,Offene Stellen - Total,49-53,49-53 Verkehr und Lagerei,2011Q4,2011Q4,1954.0
1,Offene Stellen - Total,49-53,49-53 Verkehr und Lagerei,2012Q1,2012Q1,1869.0
1,Offene Stellen - Total,49-53,49-53 Verkehr und Lagerei,2012Q2,2012Q2,1927.0
1,Offene Stellen - Total,49-53,49-53 Verkehr und Lagerei,2012Q3,2012Q3,1866.0
1,Offene Stellen - Total,49-53,49-53 Verkehr und Lagerei,2012Q4,2012Q4,1584.0
1,Offene Stellen - Total,49-53,49-53 Verkehr und Lagerei,2013Q1,2013Q1,1914.0
1,Offene Stellen - Total,49-53,49-53 Verkehr und Lagerei,2013Q2,2013Q2,1842.0
1,Offene Stellen - Total,49-53,49-53 Verkehr und Lagerei,2013Q3,2013Q3,2139.0
1,Offene Stellen - Total,49-53,49-53 Verkehr und Lagerei,2013Q4,2013Q4,1826.0
1,Offene Stellen - Total,49-53,49-53 Verkehr und Lagerei,2014Q1,2014Q1,2002.0
1,Offene Stellen - Total,49-53,49-53 Verkehr und Lagerei,2014Q2,2014Q2,1889.0
1,Offene Stellen - Total,49-53,49-53 Verkehr und Lagerei,2014Q3,2014Q3,2001.0
1,Offene Stellen - Total,49-53,49-53 Verkehr und Lagerei,2014Q4,2014Q4,2108.0
1,Offene Stellen - Total,49-53,49-53 Verkehr und Lagerei,2015Q1,2015Q1,2198.0
1,Offene Stellen - Total,49-53,49-53 Verkehr und Lagerei,2015Q2,2015Q2,2074.0
1,Offene Stellen - Total,49-53,49-53 Verkehr und Lagerei,2015Q3,2015Q3,1832.0
1,Offene Stellen - Total,49-53,49-53 Verkehr und Lagerei,2015Q4,2015Q4,2171.0
1,Offene Stellen - Total,49-53,49-53 Verkehr und Lagerei,2016Q1,2016Q1,2565.0
1,Offene Stellen - Total,49-53,49-53 Verkehr und Lagerei,2016Q2,2016Q2,1888.0
1,Offene Stellen - Total,49-53,49-53 Verkehr und Lagerei,2016Q3,2016Q3,2031.0
1,Offene Stellen - Total,49-53,49-53 Verkehr und Lagerei,2016Q4,2016Q4,2372.0
1,Offene Stellen - Total,49-53,49-53 Verkehr und Lagerei,2017Q1,2017Q1,2938.0
1,Offene Stellen - Total,49-53,49-53 Verkehr und Lagerei,2017Q2,2017Q2,3328.0
1,Offene Stellen - Total,49-53,49-53 Verkehr und Lagerei,2017Q3,2017Q3,2852.0
1,Offene Stellen - Total,49-53,49-53 Verkehr und Lagerei,2017Q4,2017Q4,2729.0
1,Offene Stellen - Total,49-53,49-53 Verkehr und Lagerei,2018Q1,2018Q1,3340.0
1,Offene Stellen - Total,49-53,49-53 Verkehr und Lagerei,2018Q2,2018Q2,2699.0
1,Offene Stellen - Total,49-53,49-53 Verkehr und Lagerei,2018Q3,2018Q3,3496.0
1,Offene Stellen - Total,49-53,49-53 Verkehr und Lagerei,2018Q4,2018Q4,3267.0
1,Offene Stellen - Total,49-53,49-53 Verkehr und Lagerei,2019Q1,2019Q1,3800.0
1,Offene Stellen - Total,49-53,49-53 Verkehr und Lagerei,2019Q2,2019Q2,4647.0
1,Offene Stellen - Total,49-53,49-53 Verkehr und Lagerei,2019Q3,2019Q3,4273.0
1,Offene Stellen - Total,49-53,49-53 Verkehr und Lagerei,2019Q4,2019Q4,5887.0
1,Offene Stellen - Total,49-53,49-53 Verkehr und Lagerei,2020Q1,2020Q1,4424.0
1,Offene Stellen - Total,49-53,49-53 Verkehr und Lagerei,2020Q2,2020Q2,2188.0
1,Offene Stellen - Total,49-53,49-53 Verkehr und Lagerei,2020Q3,2020Q3,2407.0
1,Offene Stellen - Total,49-53,49-53 Verkehr und Lagerei,2020Q4,2020Q4,3551.0
1,Offene Stellen - Total,49-53,49-53 Verkehr und Lagerei,2021Q1,2021Q1,2422.0
1,Offene Stellen - Total,49-53,49-53 Verkehr und Lagerei,2021Q2,2021Q2,3536.0
1,Offene Stellen - Total,49-53,49-53 Verkehr und Lagerei,2021Q3,2021Q3,3320.0
1,Offene Stellen - Total,49-53,49-53 Verkehr und Lagerei,2021Q4,2021Q4,3301.0
1,Offene Stellen - Total,49-53,49-53 Verkehr und Lagerei,2022Q1,2022Q1,3674.0
1,Offene Stellen - Total,49-53,49-53 Verkehr und Lagerei,2022Q2,2022Q2,4363.0
1,Offene Stellen - Total,49-53,49-53 Verkehr und Lagerei,2022Q3,2022Q3,4675.0
1,Offene Stellen - Total,49-53,49-53 Verkehr und Lagerei,2022Q4,2022Q4,4035.0
1,Offene Stellen - Total,49-53,49-53 Verkehr und Lagerei,2023Q1,2023Q1,4479.0
1,Offene Stellen - Total,49-53,49-53 Verkehr und Lagerei,2023Q2,2023Q2,4302.0
1,Offene Stellen - Total,49-53,49-53 Verkehr und Lagerei,2023Q3,2023Q3,4466.0
1,Offene Stellen - Total,49-53,49-53 Verkehr und Lagerei,2023Q4,2023Q4,3811.0
1,Offene Stellen - Total,49-53,49-53 Verkehr und Lagerei,2024Q1,2024Q1,4122.0
1,Offene Stellen - Total,49-53,49-53 Verkehr und Lagerei,2024Q2,2024Q2,3755.0
1,Offene Stellen - Total,49-53,49-53 Verkehr und Lagerei,2024Q3,2024Q3,3638.0
1,Offene Stellen - Total,49-53,49-53 Verkehr und Lagerei,2024Q4,2024Q4,3347.0
1,Offene Stellen - Total,49-53,49-53 Verkehr und Lagerei,2025Q1,2025Q1,3830.0
1,Offene Stellen - Total,49-53,49-53 Verkehr und Lagerei,2025Q2,2025Q2,3410.0
1,Offene Stellen - Total,49-53,49-53 Verkehr und Lagerei,2025Q3,2025Q3,3814.0
1,Offene Stellen - Total,49-53,49-53 Verkehr und Lagerei,2025Q4,2025Q4,3422.0
1,Offene Stellen - Total,49-53,49-53 Verkehr und Lagerei,2026Q1,2026Q1,4622.0
1,Offene Stellen - Total,49-53,49-53 Verkehr und Lagerei,2026Q2,2026Q2,4358.0
1,Offene Stellen - Total,55-56,55-56 Gastgewerbe/Beherbergung und Gastronomie,1992Q2,1992Q2,
1,Offene Stellen - Total,55-56,55-56 Gastgewerbe/Beherbergung und Gastronomie,1992Q3,1992Q3,
1,Offene Stellen - Total,55-56,55-56 Gastgewerbe/Beherbergung und Gastronomie,1992Q4,1992Q4,
1,Offene Stellen - Total,55-56,55-56 Gastgewerbe/Beherbergung und Gastronomie,1993Q1,1993Q1,
1,Offene Stellen - Total,55-56,55-56 Gastgewerbe/Beherbergung und Gastronomie,1993Q2,1993Q2,
1,Offene Stellen - Total,55-56,55-56 Gastgewerbe/Beherbergung und Gastronomie,1993Q3,1993Q3,
1,Offene Stellen - Total,55-56,55-56 Gastgewerbe/Beherbergung und Gastronomie,1993Q4,1993Q4,
1,Offene Stellen - Total,55-56,55-56 Gastgewerbe/Beherbergung und Gastronomie,1994Q1,1994Q1,
1,Offene Stellen - Total,55-56,55-56 Gastgewerbe/Beherbergung und Gastronomie,1994Q2,1994Q2,
1,Offene Stellen - Total,55-56,55-56 Gastgewerbe/Beherbergung und Gastronomie,1994Q3,1994Q3,
1,Offene Stellen - Total,55-56,55-56 Gastgewerbe/Beherbergung und Gastronomie,1994Q4,1994Q4,
1,Offene Stellen - Total,55-56,55-56 Gastgewerbe/Beherbergung und Gastronomie,1995Q1,1995Q1,
1,Offene Stellen - Total,55-56,55-56 Gastgewerbe/Beherbergung und Gastronomie,1995Q2,1995Q2,
1,Offene Stellen - Total,55-56,55-56 Gastgewerbe/Beherbergung und Gastronomie,1995Q3,1995Q3,
1,Offene Stellen - Total,55-56,55-56 Gastgewerbe/Beherbergung und Gastronomie,1995Q4,1995Q4,
1,Offene Stellen - Total,55-56,55-56 Gastgewerbe/Beherbergung und Gastronomie,1996Q1,1996Q1,
1,Offene Stellen - Total,55-56,55-56 Gastgewerbe/Beherbergung und Gastronomie,1996Q2,1996Q2,
1,Offene Stellen - Total,55-56,55-56 Gastgewerbe/Beherbergung und Gastronomie,1996Q3,1996Q3,
1,Offene Stellen - Total,55-56,55-56 Gastgewerbe/Beherbergung und Gastronomie,1996Q4,1996Q4,
1,Offene Stellen - Total,55-56,55-56 Gastgewerbe/Beherbergung und Gastronomie,1997Q1,1997Q1,
1,Offene Stellen - Total,55-56,55-56 Gastgewerbe/Beherbergung und Gastronomie,1997Q2,1997Q2,
1,Offene Stellen - Total,55-56,55-56 Gastgewerbe/Beherbergung und Gastronomie,1997Q3,1997Q3,
1,Offene Stellen - Total,55-56,55-56 Gastgewerbe/Beherbergung und Gastronomie,1997Q4,1997Q4,
1,Offene Stellen - Total,55-56,55-56 Gastgewerbe/Beherbergung und Gastronomie,1998Q1,1998Q1,
1,Offene Stellen - Total,55-56,55-56 Gastgewerbe/Beherbergung und Gastronomie,1998Q2,1998Q2,
1,Offene Stellen - Total,55-56,55-56 Gastgewerbe/Beherbergung und Gastronomie,1998Q3,1998Q3,
1,Offene Stellen - Total,55-56,55-56 Gastgewerbe/Beherbergung und Gastronomie,1998Q4,1998Q4,
1,Offene Stellen - Total,55-56,55-56 Gastgewerbe/Beherbergung und Gastronomie,1999Q1,1999Q1,
1,Offene Stellen - Total,55-56,55-56 Gastgewerbe/Beherbergung und Gastronomie,1999Q2,1999Q2,
1,Offene Stellen - Total,55-56,55-56 Gastgewerbe/Beherbergung und Gastronomie,1999Q3,1999Q3,
1,Offene Stellen - Total,55-56,55-56 Gastgewerbe/Beherbergung und Gastronomie,1999Q4,1999Q4,
1,Offene Stellen - Total,55-56,55-56 Gastgewerbe/Beherbergung und Gastronomie,2000Q1,2000Q1,
1,Offene Stellen - Total,55-56,55-56 Gastgewerbe/Beherbergung und Gastronomie,2000Q2,2000Q2,
1,Offene Stellen - Total,55-56,55-56 Gastgewerbe/Beherbergung und Gastronomie,2000Q3,2000Q3,
1,Offene Stellen - Total,55-56,55-56 Gastgewerbe/Beherbergung und Gastronomie,2000Q4,2000Q4,
1,Offene Stellen - Total,55-56,55-56 Gastgewerbe/Beherbergung und Gastronomie,2001Q1,2001Q1,
1,Offene Stellen - Total,55-56,55-56 Gastgewerbe/Beherbergung und Gastronomie,2001Q2,2001Q2,
1,Offene Stellen - Total,55-56,55-56 Gastgewerbe/Beherbergung und Gastronomie,2001Q3,2001Q3,
1,Offene Stellen - Total,55-56,55-56 Gastgewerbe/Beherbergung und Gastronomie,2001Q4,2001Q4,
1,Offene Stellen - Total,55-56,55-56 Gastgewerbe/Beherbergung und Gastronomie,2002Q1,2002Q1,
1,Offene Stellen - Total,55-56,55-56 Gastgewerbe/Beherbergung und Gastronomie,2002Q2,2002Q2,
1,Offene Stellen - Total,55-56,55-56 Gastgewerbe/Beherbergung und Gastronomie,2002Q3,2002Q3,
1,Offene Stellen - Total,55-56,55-56 Gastgewerbe/Beherbergung und Gastronomie,2002Q4,2002Q4,
1,Offene Stellen - Total,55-56,55-56 Gastgewerbe/Beherbergung und Gastronomie,2003Q1,2003Q1,
1,Offene Stellen - Total,55-56,55-56 Gastgewerbe/Beherbergung und Gastronomie,2003Q2,2003Q2,3958.0
1,Offene Stellen - Total,55-56,55-56 Gastgewerbe/Beherbergung und Gastronomie,2003Q3,2003Q3,3487.0
1,Offene Stellen - Total,55-56,55-56 Gastgewerbe/Beherbergung und Gastronomie,2003Q4,2003Q4,2646.0
1,Offene Stellen - Total,55-56,55-56 Gastgewerbe/Beherbergung und Gastronomie,2004Q1,2004Q1,3334.0
1,Offene Stellen - Total,55-56,55-56 Gastgewerbe/Beherbergung und Gastronomie,2004Q2,2004Q2,2352.0
1,Offene Stellen - Total,55-56,55-56 Gastgewerbe/Beherbergung und Gastronomie,2004Q3,2004Q3,2044.0
1,Offene Stellen - Total,55-56,55-56 Gastgewerbe/Beherbergung und Gastronomie,2004Q4,2004Q4,1932.0
1,Offene Stellen - Total,55-56,55-56 Gastgewerbe/Beherbergung und Gastronomie,2005Q1,2005Q1,2273.0
1,Offene Stellen - Total,55-56,55-56 Gastgewerbe/Beherbergung und Gastronomie,2005Q2,2005Q2,2051.0
1,Offene Stellen - Total,55-56,55-56 Gastgewerbe/Beherbergung und Gastronomie,2005Q3,2005Q3,2747.0
1,Offene Stellen - Total,55-56,55-56 Gastgewerbe/Beherbergung und Gastronomie,2005Q4,2005Q4,1850.0
1,Offene Stellen - Total,55-56,55-56 Gastgewerbe/Beherbergung und Gastronomie,2006Q1,2006Q1,3269.0
1,Offene Stellen - Total,55-56,55-56 Gastgewerbe/Beherbergung und Gastronomie,2006Q2,2006Q2,2890.0
1,Offene Stellen - Total,55-56,55-56 Gastgewerbe/Beherbergung und Gastronomie,2006Q3,2006Q3,3145.0
1,Offene Stellen - Total,55-56,55-56 Gastgewerbe/Beherbergung und Gastronomie,2006Q4,2006Q4,3659.0
1,Offene Stellen - Total,55-56,55-56 Gastgewerbe/Beherbergung und Gastronomie,2007Q1,2007Q1,4841.0
1,Offene Stellen - Total,55-56,55-56 Gastgewerbe/Beherbergung und Gastronomie,2007Q2,2007Q2,4708.0
1,Offene Stellen - Total,55-56,55-56 Gastgewerbe/Beherbergung und Gastronomie,2007Q3,2007Q3,4607.0
1,Offene Stellen - Total,55-56,55-56 Gastgewerbe/Beherbergung und Gastronomie,2007Q4,2007Q4,4137.0
1,Offene Stellen - Total,55-56,55-56 Gastgewerbe/Beherbergung und Gastronomie,2008Q1,2008Q1,4996.0
1,Offene Stellen - Total,55-56,55-56 Gastgewerbe/Beherbergung und Gastronomie,2008Q2,2008Q2,5305.0
1,Offene Stellen - Total,55-56,55-56 Gastgewerbe/Beherbergung und Gastronomie,2008Q3,2008Q3,5014.0
1,Offene Stellen - Total,55-56,55-56 Gastgewerbe/Beherbergung und Gastronomie,2008Q4,2008Q4,2803.0
1,Offene Stellen - Total,55-56,55-56 Gastgewerbe/Beherbergung und Gastronomie,2009Q1,2009Q1,4079.0
1,Offene Stellen - Total,55-56,55-56 Gastgewerbe/Beherbergung und Gastronomie,2009Q2,2009Q2,3178.0
1,Offene Stellen - Total,55-56,55-56 Gastgewerbe/Beherbergung und Gastronomie,2009Q3,2009Q3,2662.0
1,Offene Stellen - Total,55-56,55-56 Gastgewerbe/Beherbergung und Gastronomie,2009Q4,2009Q4,2979.0
1,Offene Stellen - Total,55-56,55-56 Gastgewerbe/Beherbergung und Gastronomie,2010Q1,2010Q1,3601.0
1,Offene Stellen - Total,55-56,55-56 Gastgewerbe/Beherbergung und Gastronomie,2010Q2,2010Q2,2271.0
1,Offene Stellen - Total,55-56,55-56 Gastgewerbe/Beherbergung und Gastronomie,2010Q3,2010Q3,3199.0
1,Offene Stellen - Total,55-56,55-56 Gastgewerbe/Beherbergung und Gastronomie,2010Q4,2010Q4,2783.0
1,Offene Stellen - Total,55-56,55-56 Gastgewerbe/Beherbergung und Gastronomie,2011Q1,2011Q1,4295.0
1,Offene Stellen - Total,55-56,55-56 Gastgewerbe/Beherbergung und Gastronomie,2011Q2,2011Q2,3180.0
1,Offene Stellen - Total,55-56,55-56 Gastgewerbe/Beherbergung und Gastronomie,2011Q3,2011Q3,2723.0
1,Offene Stellen - Total,55-56,55-56 Gastgewerbe/Beherbergung und Gastronomie,2011Q4,2011Q4,1904.0
1,Offene Stellen - Total,55-56,55-56 Gastgewerbe/Beherbergung und Gastronomie,2012Q1,2012Q1,3063.0
1,Offene Stellen - Total,55-56,55-56 Gastgewerbe/Beherbergung und Gastronomie,2012Q2,2012Q2,2216.0
1,Offene Stellen - Total,55-56,55-56 Gastgewerbe/Beherbergung und Gastronomie,2012Q3,2012Q3,1961.0
1,Offene Stellen - Total,55-56,55-56 Gastgewerbe/Beherbergung und Gastronomie,2012Q4,2012Q4,2493.0
1,Offene Stellen - Total,55-56,55-56 Gastgewerbe/Beherbergung und Gastronomie,2013Q1,2013Q1,3132.0
1,Offene Stellen - Total,55-56,55-56 Gastgewerbe/Beherbergung und Gastronomie,2013Q2,2013Q2,3294.0
1,Offene Stellen - Total,55-56,55-56 Gastgewerbe/Beherbergung und Gastronomie,2013Q3,2013Q3,3344.0
1,Offene Stellen - Total,55-56,55-56 Gastgewerbe/Beherbergung und Gastronomie,2013Q4,2013Q4,2301.0
1,Offene Stellen - Total,55-56,55-56 Gastgewerbe/Beherbergung und Gastronomie,2014Q1,2014Q1,3926.0
1,Offene Stellen - Total,55-56,55-56 Gastgewerbe/Beherbergung und Gastronomie,2014Q2,2014Q2,3085.0
1,Offene Stellen - Total,55-56,55-56 Gastgewerbe/Beherbergung und Gastronomie,2014Q3,2014Q3,3235.0
1,Offene Stellen - Total,55-56,55-56 Gastgewerbe/Beherbergung und Gastronomie,2014Q4,2014Q4,2588.0
1,Offene Stellen - Total,55-56,55-56 Gastgewerbe/Beherbergung und Gastronomie,2015Q1,2015Q1,3706.0
1,Offene Stellen - Total,55-56,55-56 Gastgewerbe/Beherbergung und Gastronomie,2015Q2,2015Q2,3016.0
1,Offene Stellen - Total,55-56,55-56 Gastgewerbe/Beherbergung und Gastronomie,2015Q3,2015Q3,2272.0
1,Offene Stellen - Total,55-56,55-56 Gastgewerbe/Beherbergung und Gastronomie,2015Q4,2015Q4,1775.0
1,Offene Stellen - Total,55-56,55-56 Gastgewerbe/Beherbergung und Gastronomie,2016Q1,2016Q1,2771.0
1,Offene Stellen - Total,55-56,55-56 Gastgewerbe/Beherbergung und Gastronomie,2016Q2,2016Q2,2942.0
1,Offene Stellen - Total,55-56,55-56 Gastgewerbe/Beherbergung und Gastronomie,2016Q3,2016Q3,2990.0
1,Offene Stellen - Total,55-56,55-56 Gastgewerbe/Beherbergung und Gastronomie,2016Q4,2016Q4,2120.0
1,Offene Stellen - Total,55-56,55-56 Gastgewerbe/Beherbergung und Gastronomie,2017Q1,2017Q1,3325.0
1,Offene Stellen - Total,55-56,55-56 Gastgewerbe/Beherbergung und Gastronomie,2017Q2,2017Q2,3235.0
1,Offene Stellen - Total,55-56,55-56 Gastgewerbe/Beherbergung und Gastronomie,2017Q3,2017Q3,3612.0
1,Offene Stellen - Total,55-56,55-56 Gastgewerbe/Beherbergung und Gastronomie,2017Q4,2017Q4,2927.0
1,Offene Stellen - Total,55-56,55-56 Gastgewerbe/Beherbergung und Gastronomie,2018Q1,2018Q1,3756.0
1,Offene Stellen - Total,55-56,55-56 Gastgewerbe/Beherbergung und Gastronomie,2018Q2,2018Q2,4655.0
1,Offene Stellen - Total,55-56,55-56 Gastgewerbe/Beherbergung und Gastronomie,2018Q3,2018Q3,5110.0
1,Offene Stellen - Total,55-56,55-56 Gastgewerbe/Beherbergung und Gastronomie,2018Q4,2018Q4,4152.0
1,Offene Stellen - Total,55-56,55-56 Gastgewerbe/Beherbergung und Gastronomie,2019Q1,2019Q1,5165.0
1,Offene Stellen - Total,55-56,55-56 Gastgewerbe/Beherbergung und Gastronomie,2019Q2,2019Q2,6801.0
1,Offene Stellen - Total,55-56,55-56 Gastgewerbe/Beherbergung und Gastronomie,2019Q3,2019Q3,6608.0
1,Offene Stellen - Total,55-56,55-56 Gastgewerbe/Beherbergung und Gastronomie,2019Q4,2019Q4,5272.0
1,Offene Stellen - Total,55-56,55-56 Gastgewerbe/Beherbergung und Gastronomie,2020Q1,2020Q1,2736.0
1,Offene Stellen - Total,55-56,55-56 Gastgewerbe/Beherbergung und Gastronomie,2020Q2,2020Q2,3034.0
1,Offene Stellen - Total,55-56,55-56 Gastgewerbe/Beherbergung und Gastronomie,2020Q3,2020Q3,3374.0
1,Offene Stellen - Total,55-56,55-56 Gastgewerbe/Beherbergung und Gastronomie,2020Q4,2020Q4,1267.0
1,Offene Stellen - Total,55-56,55-56 Gastgewerbe/Beherbergung und Gastronomie,2021Q1,2021Q1,3686.0
1,Offene Stellen - Total,55-56,55-56 Gastgewerbe/Beherbergung und Gastronomie,2021Q2,2021Q2,6107.0
1,Offene Stellen - Total,55-56,55-56 Gastgewerbe/Beherbergung und Gastronomie,2021Q3,2021Q3,7153.0
1,Offene Stellen - Total,55-56,55-56 Gastgewerbe/Beherbergung und Gastronomie,2021Q4,2021Q4,6325.0
1,Offene Stellen - Total,55-56,55-56 Gastgewerbe/Beherbergung und Gastronomie,2022Q1,2022Q1,12781.0
1,Offene Stellen - Total,55-56,55-56 Gastgewerbe/Beherbergung und Gastronomie,2022Q2,2022Q2,8880.0
1,Offene Stellen - Total,55-56,55-56 Gastgewerbe/Beherbergung und Gastronomie,2022Q3,2022Q3,8190.0
1,Offene Stellen - Total,55-56,55-56 Gastgewerbe/Beherbergung und Gastronomie,2022Q4,2022Q4,8220.0
1,Offene Stellen - Total,55-56,55-56 Gastgewerbe/Beherbergung und Gastronomie,2023Q1,2023Q1,8252.0
1,Offene Stellen - Total,55-56,55-56 Gastgewerbe/Beherbergung und Gastronomie,2023Q2,2023Q2,7392.0
1,Offene Stellen - Total,55-56,55-56 Gastgewerbe/Beherbergung und Gastronomie,2023Q3,2023Q3,7008.0
1,Offene Stellen - Total,55-56,55-56 Gastgewerbe/Beherbergung und Gastronomie,2023Q4,2023Q4,5653.0
1,Offene Stellen - Total,55-56,55-56 Gastgewerbe/Beherbergung und Gastronomie,2024Q1,2024Q1,6269.0
1,Offene Stellen - Total,55-56,55-56 Gastgewerbe/Beherbergung und Gastronomie,2024Q2,2024Q2,6759.0
1,Offene Stellen - Total,55-56,55-56 Gastgewerbe/Beherbergung und Gastronomie,2024Q3,2024Q3,6056.0
1,Offene Stellen - Total,55-56,55-56 Gastgewerbe/Beherbergung und Gastronomie,2024Q4,2024Q4,5886.0
1,Offene Stellen - Total,55-56,55-56 Gastgewerbe/Beherbergung und Gastronomie,2025Q1,2025Q1,6294.0
1,Offene Stellen - Total,55-56,55-56 Gastgewerbe/Beherbergung und Gastronomie,2025Q2,2025Q2,6383.0
1,Offene Stellen - Total,55-56,55-56 Gastgewerbe/Beherbergung und Gastronomie,2025Q3,2025Q3,5009.0
1,Offene Stellen - Total,55-56,55-56 Gastgewerbe/Beherbergung und Gastronomie,2025Q4,2025Q4,5565.0
1,Offene Stellen - Total,55-56,55-56 Gastgewerbe/Beherbergung und Gastronomie,2026Q1,2026Q1,6695.0
1,Offene Stellen - Total,55-56,55-56 Gastgewerbe/Beherbergung und Gastronomie,2026Q2,2026Q2,5033.0
1,Offene Stellen - Total,58-63,58-63 Information und Kommunikation,1992Q2,1992Q2,
1,Offene Stellen - Total,58-63,58-63 Information und Kommunikation,1992Q3,1992Q3,
1,Offene Stellen - Total,58-63,58-63 Information und Kommunikation,1992Q4,1992Q4,
1,Offene Stellen - Total,58-63,58-63 Information und Kommunikation,1993Q1,1993Q1,
1,Offene Stellen - Total,58-63,58-63 Information und Kommunikation,1993Q2,1993Q2,
1,Offene Stellen - Total,58-63,58-63 Information und Kommunikation,1993Q3,1993Q3,
1,Offene Stellen - Total,58-63,58-63 Information und Kommunikation,1993Q4,1993Q4,
1,Offene Stellen - Total,58-63,58-63 Information und Kommunikation,1994Q1,1994Q1,
1,Offene Stellen - Total,58-63,58-63 Information und Kommunikation,1994Q2,1994Q2,
1,Offene Stellen - Total,58-63,58-63 Information und Kommunikation,1994Q3,1994Q3,
1,Offene Stellen - Total,58-63,58-63 Information und Kommunikation,1994Q4,1994Q4,
1,Offene Stellen - Total,58-63,58-63 Information und Kommunikation,1995Q1,1995Q1,
1,Offene Stellen - Total,58-63,58-63 Information und Kommunikation,1995Q2,1995Q2,
1,Offene Stellen - Total,58-63,58-63 Information und Kommunikation,1995Q3,1995Q3,
1,Offene Stellen - Total,58-63,58-63 Information und Kommunikation,1995Q4,1995Q4,
1,Offene Stellen - Total,58-63,58-63 Information und Kommunikation,1996Q1,1996Q1,
1,Offene Stellen - Total,58-63,58-63 Information und Kommunikation,1996Q2,1996Q2,
1,Offene Stellen - Total,58-63,58-63 Information und Kommunikation,1996Q3,1996Q3,
1,Offene Stellen - Total,58-63,58-63 Information und Kommunikation,1996Q4,1996Q4,
1,Offene Stellen - Total,58-63,58-63 Information und Kommunikation,1997Q1,1997Q1,
1,Offene Stellen - Total,58-63,58-63 Information und Kommunikation,1997Q2,1997Q2,
1,Offene Stellen - Total,58-63,58-63 Information und Kommunikation,1997Q3,1997Q3,
1,Offene Stellen - Total,58-63,58-63 Information und Kommunikation,1997Q4,1997Q4,
1,Offene Stellen - Total,58-63,58-63 Information und Kommunikation,1998Q1,1998Q1,
1,Offene Stellen - Total,58-63,58-63 Information und Kommunikation,1998Q2,1998Q2,
1,Offene Stellen - Total,58-63,58-63 Information und Kommunikation,1998Q3,1998Q3,
1,Offene Stellen - Total,58-63,58-63 Information und Kommunikation,1998Q4,1998Q4,
1,Offene Stellen - Total,58-63,58-63 Information und Kommunikation,1999Q1,1999Q1,
1,Offene Stellen - Total,58-63,58-63 Information und Kommunikation,1999Q2,1999Q2,
1,Offene Stellen - Total,58-63,58-63 Information und Kommunikation,1999Q3,1999Q3,
1,Offene Stellen - Total,58-63,58-63 Information und Kommunikation,1999Q4,1999Q4,
1,Offene Stellen - Total,58-63,58-63 Information und Kommunikation,2000Q1,2000Q1,
1,Offene Stellen - Total,58-63,58-63 Information und Kommunikation,2000Q2,2000Q2,
1,Offene Stellen - Total,58-63,58-63 Information und Kommunikation,2000Q3,2000Q3,
1,Offene Stellen - Total,58-63,58-63 Information und Kommunikation,2000Q4,2000Q4,
1,Offene Stellen - Total,58-63,58-63 Information und Kommunikation,2001Q1,2001Q1,
1,Offene Stellen - Total,58-63,58-63 Information und Kommunikation,2001Q2,2001Q2,
1,Offene Stellen - Total,58-63,58-63 Information und Kommunikation,2001Q3,2001Q3,
1,Offene Stellen - Total,58-63,58-63 Information und Kommunikation,2001Q4,2001Q4,
1,Offene Stellen - Total,58-63,58-63 Information und Kommunikation,2002Q1,2002Q1,
1,Offene Stellen - Total,58-63,58-63 Information und Kommunikation,2002Q2,2002Q2,
1,Offene Stellen - Total,58-63,58-63 Information und Kommunikation,2002Q3,2002Q3,
1,Offene Stellen - Total,58-63,58-63 Information und Kommunikation,2002Q4,2002Q4,
1,Offene Stellen - Total,58-63,58-63 Information und Kommunikation,2003Q1,2003Q1,
1,Offene Stellen - Total,58-63,58-63 Information und Kommunikation,2003Q2,2003Q2,978.0
1,Offene Stellen - Total,58-63,58-63 Information und Kommunikation,2003Q3,2003Q3,770.0
1,Offene Stellen - Total,58-63,58-63 Information und Kommunikation,2003Q4,2003Q4,800.0
1,Offene Stellen - Total,58-63,58-63 Information und Kommunikation,2004Q1,2004Q1,1571.0
1,Offene Stellen - Total,58-63,58-63 Information und Kommunikation,2004Q2,2004Q2,1453.0
1,Offene Stellen - Total,58-63,58-63 Information und Kommunikation,2004Q3,2004Q3,1519.0
1,Offene Stellen - Total,58-63,58-63 Information und Kommunikation,2004Q4,2004Q4,1574.0
1,Offene Stellen - Total,58-63,58-63 Information und Kommunikation,2005Q1,2005Q1,1848.0
1,Offene Stellen - Total,58-63,58-63 Information und Kommunikation,2005Q2,2005Q2,1530.0
1,Offene Stellen - Total,58-63,58-63 Information und Kommunikation,2005Q3,2005Q3,1499.0
1,Offene Stellen - Total,58-63,58-63 Information und Kommunikation,2005Q4,2005Q4,1781.0
1,Offene Stellen - Total,58-63,58-63 Information und Kommunikation,2006Q1,2006Q1,2501.0
1,Offene Stellen - Total,58-63,58-63 Information und Kommunikation,2006Q2,2006Q2,2408.0
1,Offene Stellen - Total,58-63,58-63 Information und Kommunikation,2006Q3,2006Q3,2521.0
1,Offene Stellen - Total,58-63,58-63 Information und Kommunikation,2006Q4,2006Q4,3558.0
1,Offene Stellen - Total,58-63,58-63 Information und Kommunikation,2007Q1,2007Q1,3444.0
1,Offene Stellen - Total,58-63,58-63 Information und Kommunikation,2007Q2,2007Q2,3784.0
1,Offene Stellen - Total,58-63,58-63 Information und Kommunikation,2007Q3,2007Q3,3916.0
1,Offene Stellen - Total,58-63,58-63 Information und Kommunikation,2007Q4,2007Q4,4034.0
1,Offene Stellen - Total,58-63,58-63 Information und Kommunikation,2008Q1,2008Q1,4380.0
1,Offene Stellen - Total,58-63,58-63 Information und Kommunikation,2008Q2,2008Q2,4125.0
1,Offene Stellen - Total,58-63,58-63 Information und Kommunikation,2008Q3,2008Q3,4014.0
1,Offene Stellen - Total,58-63,58-63 Information und Kommunikation,2008Q4,2008Q4,2852.0
1,Offene Stellen - Total,58-63,58-63 Information und Kommunikation,2009Q1,2009Q1,2600.0
1,Offene Stellen - Total,58-63,58-63 Information und Kommunikation,2009Q2,2009Q2,2235.0
1,Offene Stellen - Total,58-63,58-63 Information und Kommunikation,2009Q3,2009Q3,2108.0
1,Offene Stellen - Total,58-63,58-63 Information und Kommunikation,2009Q4,2009Q4,2311.0
1,Offene Stellen - Total,58-63,58-63 Information und Kommunikation,2010Q1,2010Q1,2425.0
1,Offene Stellen - Total,58-63,58-63 Information und Kommunikation,2010Q2,2010Q2,2646.0
1,Offene Stellen - Total,58-63,58-63 Information und Kommunikation,2010Q3,2010Q3,3017.0
1,Offene Stellen - Total,58-63,58-63 Information und Kommunikation,2010Q4,2010Q4,3306.0
1,Offene Stellen - Total,58-63,58-63 Information und Kommunikation,2011Q1,2011Q1,3539.0
1,Offene Stellen - Total,58-63,58-63 Information und Kommunikation,2011Q2,2011Q2,3573.0
1,Offene Stellen - Total,58-63,58-63 Information und Kommunikation,2011Q3,2011Q3,2933.0
1,Offene Stellen - Total,58-63,58-63 Information und Kommunikation,2011Q4,2011Q4,2801.0
1,Offene Stellen - Total,58-63,58-63 Information und Kommunikation,2012Q1,2012Q1,2641.0
1,Offene Stellen - Total,58-63,58-63 Information und Kommunikation,2012Q2,2012Q2,2361.0
1,Offene Stellen - Total,58-63,58-63 Information und Kommunikation,2012Q3,2012Q3,2658.0
1,Offene Stellen - Total,58-63,58-63 Information und Kommunikation,2012Q4,2012Q4,2699.0
1,Offene Stellen - Total,58-63,58-63 Information und Kommunikation,2013Q1,2013Q1,3069.0
1,Offene Stellen - Total,58-63,58-63 Information und Kommunikation,2013Q2,2013Q2,3535.0
1,Offene Stellen - Total,58-63,58-63 Information und Kommunikation,2013Q3,2013Q3,3964.0
1,Offene Stellen - Total,58-63,58-63 Information und Kommunikation,2013Q4,2013Q4,3645.0
1,Offene Stellen - Total,58-63,58-63 Information und Kommunikation,2014Q1,2014Q1,4044.0
1,Offene Stellen - Total,58-63,58-63 Information und Kommunikation,2014Q2,2014Q2,3413.0
1,Offene Stellen - Total,58-63,58-63 Information und Kommunikation,2014Q3,2014Q3,3437.0
1,Offene Stellen - Total,58-63,58-63 Information und Kommunikation,2014Q4,2014Q4,3489.0
1,Offene Stellen - Total,58-63,58-63 Information und Kommunikation,2015Q1,2015Q1,3566.0
1,Offene Stellen - Total,58-63,58-63 Information und Kommunikation,2015Q2,2015Q2,3600.0
1,Offene Stellen - Total,58-63,58-63 Information und Kommunikation,2015Q3,2015Q3,3661.0
1,Offene Stellen - Total,58-63,58-63 Information und Kommunikation,2015Q4,2015Q4,3764.0
1,Offene Stellen - Total,58-63,58-63 Information und Kommunikation,2016Q1,2016Q1,4306.0
1,Offene Stellen - Total,58-63,58-63 Information und Kommunikation,2016Q2,2016Q2,4384.0
1,Offene Stellen - Total,58-63,58-63 Information und Kommunikation,2016Q3,2016Q3,3641.0
1,Offene Stellen - Total,58-63,58-63 Information und Kommunikation,2016Q4,2016Q4,4491.0
1,Offene Stellen - Total,58-63,58-63 Information und Kommunikation,2017Q1,2017Q1,4358.0
1,Offene Stellen - Total,58-63,58-63 Information und Kommunikation,2017Q2,2017Q2,4167.0
1,Offene Stellen - Total,58-63,58-63 Information und Kommunikation,2017Q3,2017Q3,3428.0
1,Offene Stellen - Total,58-63,58-63 Information und Kommunikation,2017Q4,2017Q4,3897.0
1,Offene Stellen - Total,58-63,58-63 Information und Kommunikation,2018Q1,2018Q1,3984.0
1,Offene Stellen - Total,58-63,58-63 Information und Kommunikation,2018Q2,2018Q2,5630.0
1,Offene Stellen - Total,58-63,58-63 Information und Kommunikation,2018Q3,2018Q3,4935.0
1,Offene Stellen - Total,58-63,58-63 Information und Kommunikation,2018Q4,2018Q4,5528.0
1,Offene Stellen - Total,58-63,58-63 Information und Kommunikation,2019Q1,2019Q1,5632.0
1,Offene Stellen - Total,58-63,58-63 Information und Kommunikation,2019Q2,2019Q2,5621.0
1,Offene Stellen - Total,58-63,58-63 Information und Kommunikation,2019Q3,2019Q3,5919.0
1,Offene Stellen - Total,58-63,58-63 Information und Kommunikation,2019Q4,2019Q4,5902.0
1,Offene Stellen - Total,58-63,58-63 Information und Kommunikation,2020Q1,2020Q1,5607.0
1,Offene Stellen - Total,58-63,58-63 Information und Kommunikation,2020Q2,2020Q2,4672.0
1,Offene Stellen - Total,58-63,58-63 Information und Kommunikation,2020Q3,2020Q3,4550.0
1,Offene Stellen - Total,58-63,58-63 Information und Kommunikation,2020Q4,2020Q4,4665.0
1,Offene Stellen - Total,58-63,58-63 Information und Kommunikation,2021Q1,2021Q1,4551.0
1,Offene Stellen - Total,58-63,58-63 Information und Kommunikation,2021Q2,2021Q2,5126.0
1,Offene Stellen - Total,58-63,58-63 Information und Kommunikation,2021Q3,2021Q3,6222.0
1,Offene Stellen - Total,58-63,58-63 Information und Kommunikation,2021Q4,2021Q4,6688.0
1,Offene Stellen - Total,58-63,58-63 Information und Kommunikation,2022Q1,2022Q1,6857.0
1,Offene Stellen - Total,58-63,58-63 Information und Kommunikation,2022Q2,2022Q2,8259.0
1,Offene Stellen - Total,58-63,58-63 Information und Kommunikation,2022Q3,2022Q3,7615.0
1,Offene Stellen - Total,58-63,58-63 Information und Kommunikation,2022Q4,2022Q4,7129.0
1,Offene Stellen - Total,58-63,58-63 Information und Kommunikation,2023Q1,2023Q1,6659.0
1,Offene Stellen - Total,58-63,58-63 Information und Kommunikation,2023Q2,2023Q2,5923.0
1,Offene Stellen - Total,58-63,58-63 Information und Kommunikation,2023Q3,2023Q3,5971.0
1,Offene Stellen - Total,58-63,58-63 Information und Kommunikation,2023Q4,2023Q4,5104.0
1,Offene Stellen - Total,58-63,58-63 Information und Kommunikation,2024Q1,2024Q1,6417.0
1,Offene Stellen - Total,58-63,58-63 Information und Kommunikation,2024Q2,2024Q2,5481.0
1,Offene Stellen - Total,58-63,58-63 Information und Kommunikation,2024Q3,2024Q3,4358.0
1,Offene Stellen - Total,58-63,58-63 Information und Kommunikation,2024Q4,2024Q4,4398.0
1,Offene Stellen - Total,58-63,58-63 Information und Kommunikation,2025Q1,2025Q1,4787.0
1,Offene Stellen - Total,58-63,58-63 Information und Kommunikation,2025Q2,2025Q2,4529.0
1,Offene Stellen - Total,58-63,58-63 Information und Kommunikation,2025Q3,2025Q3,4596.0
1,Offene Stellen - Total,58-63,58-63 Information und Kommunikation,2025Q4,2025Q4,4329.0
1,Offene Stellen - Total,58-63,58-63 Information und Kommunikation,2026Q1,2026Q1,4321.0
1,Offene Stellen - Total,58-63,58-63 Information und Kommunikation,2026Q2,2026Q2,4684.0
1,Offene Stellen - Total,62-63,62-63 Informationstechnologische und Informationsdienstl.,1992Q2,1992Q2,
1,Offene Stellen - Total,62-63,62-63 Informationstechnologische und Informationsdienstl.,1992Q3,1992Q3,
1,Offene Stellen - Total,62-63,62-63 Informationstechnologische und Informationsdienstl.,1992Q4,1992Q4,
1,Offene Stellen - Total,62-63,62-63 Informationstechnologische und Informationsdienstl.,1993Q1,1993Q1,
1,Offene Stellen - Total,62-63,62-63 Informationstechnologische und Informationsdienstl.,1993Q2,1993Q2,
1,Offene Stellen - Total,62-63,62-63 Informationstechnologische und Informationsdienstl.,1993Q3,1993Q3,
1,Offene Stellen - Total,62-63,62-63 Informationstechnologische und Informationsdienstl.,1993Q4,1993Q4,
1,Offene Stellen - Total,62-63,62-63 Informationstechnologische und Informationsdienstl.,1994Q1,1994Q1,
1,Offene Stellen - Total,62-63,62-63 Informationstechnologische und Informationsdienstl.,1994Q2,1994Q2,
1,Offene Stellen - Total,62-63,62-63 Informationstechnologische und Informationsdienstl.,1994Q3,1994Q3,
1,Offene Stellen - Total,62-63,62-63 Informationstechnologische und Informationsdienstl.,1994Q4,1994Q4,
1,Offene Stellen - Total,62-63,62-63 Informationstechnologische und Informationsdienstl.,1995Q1,1995Q1,
1,Offene Stellen - Total,62-63,62-63 Informationstechnologische und Informationsdienstl.,1995Q2,1995Q2,
1,Offene Stellen - Total,62-63,62-63 Informationstechnologische und Informationsdienstl.,1995Q3,1995Q3,
1,Offene Stellen - Total,62-63,62-63 Informationstechnologische und Informationsdienstl.,1995Q4,1995Q4,
1,Offene Stellen - Total,62-63,62-63 Informationstechnologische und Informationsdienstl.,1996Q1,1996Q1,
1,Offene Stellen - Total,62-63,62-63 Informationstechnologische und Informationsdienstl.,1996Q2,1996Q2,
1,Offene Stellen - Total,62-63,62-63 Informationstechnologische und Informationsdienstl.,1996Q3,1996Q3,
1,Offene Stellen - Total,62-63,62-63 Informationstechnologische und Informationsdienstl.,1996Q4,1996Q4,
1,Offene Stellen - Total,62-63,62-63 Informationstechnologische und Informationsdienstl.,1997Q1,1997Q1,
1,Offene Stellen - Total,62-63,62-63 Informationstechnologische und Informationsdienstl.,1997Q2,1997Q2,
1,Offene Stellen - Total,62-63,62-63 Informationstechnologische und Informationsdienstl.,1997Q3,1997Q3,
1,Offene Stellen - Total,62-63,62-63 Informationstechnologische und Informationsdienstl.,1997Q4,1997Q4,
1,Offene Stellen - Total,62-63,62-63 Informationstechnologische und Informationsdienstl.,1998Q1,1998Q1,
1,Offene Stellen - Total,62-63,62-63 Informationstechnologische und Informationsdienstl.,1998Q2,1998Q2,
1,Offene Stellen - Total,62-63,62-63 Informationstechnologische und Informationsdienstl.,1998Q3,1998Q3,
1,Offene Stellen - Total,62-63,62-63 Informationstechnologische und Informationsdienstl.,1998Q4,1998Q4,
1,Offene Stellen - Total,62-63,62-63 Informationstechnologische und Informationsdienstl.,1999Q1,1999Q1,
1,Offene Stellen - Total,62-63,62-63 Informationstechnologische und Informationsdienstl.,1999Q2,1999Q2,
1,Offene Stellen - Total,62-63,62-63 Informationstechnologische und Informationsdienstl.,1999Q3,1999Q3,
1,Offene Stellen - Total,62-63,62-63 Informationstechnologische und Informationsdienstl.,1999Q4,1999Q4,
1,Offene Stellen - Total,62-63,62-63 Informationstechnologische und Informationsdienstl.,2000Q1,2000Q1,
1,Offene Stellen - Total,62-63,62-63 Informationstechnologische und Informationsdienstl.,2000Q2,2000Q2,
1,Offene Stellen - Total,62-63,62-63 Informationstechnologische und Informationsdienstl.,2000Q3,2000Q3,
1,Offene Stellen - Total,62-63,62-63 Informationstechnologische und Informationsdienstl.,2000Q4,2000Q4,
1,Offene Stellen - Total,62-63,62-63 Informationstechnologische und Informationsdienstl.,2001Q1,2001Q1,
1,Offene Stellen - Total,62-63,62-63 Informationstechnologische und Informationsdienstl.,2001Q2,2001Q2,
1,Offene Stellen - Total,62-63,62-63 Informationstechnologische und Informationsdienstl.,2001Q3,2001Q3,
1,Offene Stellen - Total,62-63,62-63 Informationstechnologische und Informationsdienstl.,2001Q4,2001Q4,
1,Offene Stellen - Total,62-63,62-63 Informationstechnologische und Informationsdienstl.,2002Q1,2002Q1,
1,Offene Stellen - Total,62-63,62-63 Informationstechnologische und Informationsdienstl.,2002Q2,2002Q2,
1,Offene Stellen - Total,62-63,62-63 Informationstechnologische und Informationsdienstl.,2002Q3,2002Q3,
1,Offene Stellen - Total,62-63,62-63 Informationstechnologische und Informationsdienstl.,2002Q4,2002Q4,
1,Offene Stellen - Total,62-63,62-63 Informationstechnologische und Informationsdienstl.,2003Q1,2003Q1,
1,Offene Stellen - Total,62-63,62-63 Informationstechnologische und Informationsdienstl.,2003Q2,2003Q2,783.0
1,Offene Stellen - Total,62-63,62-63 Informationstechnologische und Informationsdienstl.,2003Q3,2003Q3,611.0
1,Offene Stellen - Total,62-63,62-63 Informationstechnologische und Informationsdienstl.,2003Q4,2003Q4,604.0
1,Offene Stellen - Total,62-63,62-63 Informationstechnologische und Informationsdienstl.,2004Q1,2004Q1,1393.0
1,Offene Stellen - Total,62-63,62-63 Informationstechnologische und Informationsdienstl.,2004Q2,2004Q2,1263.0
1,Offene Stellen - Total,62-63,62-63 Informationstechnologische und Informationsdienstl.,2004Q3,2004Q3,1312.0
1,Offene Stellen - Total,62-63,62-63 Informationstechnologische und Informationsdienstl.,2004Q4,2004Q4,1381.0
1,Offene Stellen - Total,62-63,62-63 Informationstechnologische und Informationsdienstl.,2005Q1,2005Q1,1611.0
1,Offene Stellen - Total,62-63,62-63 Informationstechnologische und Informationsdienstl.,2005Q2,2005Q2,1317.0
1,Offene Stellen - Total,62-63,62-63 Informationstechnologische und Informationsdienstl.,2005Q3,2005Q3,1310.0
1,Offene Stellen - Total,62-63,62-63 Informationstechnologische und Informationsdienstl.,2005Q4,2005Q4,1561.0
1,Offene Stellen - Total,62-63,62-63 Informationstechnologische und Informationsdienstl.,2006Q1,2006Q1,2233.0
1,Offene Stellen - Total,62-63,62-63 Informationstechnologische und Informationsdienstl.,2006Q2,2006Q2,2145.0
1,Offene Stellen - Total,62-63,62-63 Informationstechnologische und Informationsdienstl.,2006Q3,2006Q3,2261.0
1,Offene Stellen - Total,62-63,62-63 Informationstechnologische und Informationsdienstl.,2006Q4,2006Q4,3327.0
1,Offene Stellen - Total,62-63,62-63 Informationstechnologische und Informationsdienstl.,2007Q1,2007Q1,3094.0
1,Offene Stellen - Total,62-63,62-63 Informationstechnologische und Informationsdienstl.,2007Q2,2007Q2,3411.0
1,Offene Stellen - Total,62-63,62-63 Informationstechnologische und Informationsdienstl.,2007Q3,2007Q3,3397.0
1,Offene Stellen - Total,62-63,62-63 Informationstechnologische und Informationsdienstl.,2007Q4,2007Q4,3669.0
1,Offene Stellen - Total,62-63,62-63 Informationstechnologische und Informationsdienstl.,2008Q1,2008Q1,3875.0
1,Offene Stellen - Total,62-63,62-63 Informationstechnologische und Informationsdienstl.,2008Q2,2008Q2,3730.0
1,Offene Stellen - Total,62-63,62-63 Informationstechnologische und Informationsdienstl.,2008Q3,2008Q3,3599.0
1,Offene Stellen - Total,62-63,62-63 Informationstechnologische und Informationsdienstl.,2008Q4,2008Q4,2512.0
1,Offene Stellen - Total,62-63,62-63 Informationstechnologische und Informationsdienstl.,2009Q1,2009Q1,2390.0
1,Offene Stellen - Total,62-63,62-63 Informationstechnologische und Informationsdienstl.,2009Q2,2009Q2,2022.0
1,Offene Stellen - Total,62-63,62-63 Informationstechnologische und Informationsdienstl.,2009Q3,2009Q3,1875.0
1,Offene Stellen - Total,62-63,62-63 Informationstechnologische und Informationsdienstl.,2009Q4,2009Q4,1960.0
1,Offene Stellen - Total,62-63,62-63 Informationstechnologische und Informationsdienstl.,2010Q1,2010Q1,2072.0
1,Offene Stellen - Total,62-63,62-63 Informationstechnologische und Informationsdienstl.,2010Q2,2010Q2,2176.0
1,Offene Stellen - Total,62-63,62-63 Informationstechnologische und Informationsdienstl.,2010Q3,2010Q3,2540.0
1,Offene Stellen - Total,62-63,62-63 Informationstechnologische und Informationsdienstl.,2010Q4,2010Q4,2615.0
1,Offene Stellen - Total,62-63,62-63 Informationstechnologische und Informationsdienstl.,2011Q1,2011Q1,2583.0
1,Offene Stellen - Total,62-63,62-63 Informationstechnologische und Informationsdienstl.,2011Q2,2011Q2,2744.0
1,Offene Stellen - Total,62-63,62-63 Informationstechnologische und Informationsdienstl.,2011Q3,2011Q3,2152.0
1,Offene Stellen - Total,62-63,62-63 Informationstechnologische und Informationsdienstl.,2011Q4,2011Q4,2157.0
1,Offene Stellen - Total,62-63,62-63 Informationstechnologische und Informationsdienstl.,2012Q1,2012Q1,2023.0
1,Offene Stellen - Total,62-63,62-63 Informationstechnologische und Informationsdienstl.,2012Q2,2012Q2,1871.0
1,Offene Stellen - Total,62-63,62-63 Informationstechnologische und Informationsdienstl.,2012Q3,2012Q3,2115.0
1,Offene Stellen - Total,62-63,62-63 Informationstechnologische und Informationsdienstl.,2012Q4,2012Q4,2022.0
1,Offene Stellen - Total,62-63,62-63 Informationstechnologische und Informationsdienstl.,2013Q1,2013Q1,2233.0
1,Offene Stellen - Total,62-63,62-63 Informationstechnologische und Informationsdienstl.,2013Q2,2013Q2,2826.0
1,Offene Stellen - Total,62-63,62-63 Informationstechnologische und Informationsdienstl.,2013Q3,2013Q3,3215.0
1,Offene Stellen - Total,62-63,62-63 Informationstechnologische und Informationsdienstl.,2013Q4,2013Q4,2696.0
1,Offene Stellen - Total,62-63,62-63 Informationstechnologische und Informationsdienstl.,2014Q1,2014Q1,3218.0
1,Offene Stellen - Total,62-63,62-63 Informationstechnologische und Informationsdienstl.,2014Q2,2014Q2,2450.0
1,Offene Stellen - Total,62-63,62-63 Informationstechnologische und Informationsdienstl.,2014Q3,2014Q3,2559.0
1,Offene Stellen - Total,62-63,62-63 Informationstechnologische und Informationsdienstl.,2014Q4,2014Q4,2541.0
1,Offene Stellen - Total,62-63,62-63 Informationstechnologische und Informationsdienstl.,2015Q1,2015Q1,2676.0
1,Offene Stellen - Total,62-63,62-63 Informationstechnologische und Informationsdienstl.,2015Q2,2015Q2,2744.0
1,Offene Stellen - Total,62-63,62-63 Informationstechnologische und Informationsdienstl.,2015Q3,2015Q3,3008.0
1,Offene Stellen - Total,62-63,62-63 Informationstechnologische und Informationsdienstl.,2015Q4,2015Q4,2975.0
1,Offene Stellen - Total,62-63,62-63 Informationstechnologische und Informationsdienstl.,2016Q1,2016Q1,3636.0
1,Offene Stellen - Total,62-63,62-63 Informationstechnologische und Informationsdienstl.,2016Q2,2016Q2,3763.0
1,Offene Stellen - Total,62-63,62-63 Informationstechnologische und Informationsdienstl.,2016Q3,2016Q3,2952.0
1,Offene Stellen - Total,62-63,62-63 Informationstechnologische und Informationsdienstl.,2016Q4,2016Q4,3739.0
1,Offene Stellen - Total,62-63,62-63 Informationstechnologische und Informationsdienstl.,2017Q1,2017Q1,3532.0
1,Offene Stellen - Total,62-63,62-63 Informationstechnologische und Informationsdienstl.,2017Q2,2017Q2,3401.0
1,Offene Stellen - Total,62-63,62-63 Informationstechnologische und Informationsdienstl.,2017Q3,2017Q3,2699.0
1,Offene Stellen - Total,62-63,62-63 Informationstechnologische und Informationsdienstl.,2017Q4,2017Q4,3153.0
1,Offene Stellen - Total,62-63,62-63 Informationstechnologische und Informationsdienstl.,2018Q1,2018Q1,3240.0
1,Offene Stellen - Total,62-63,62-63 Informationstechnologische und Informationsdienstl.,2018Q2,2018Q2,4769.0
1,Offene Stellen - Total,62-63,62-63 Informationstechnologische und Informationsdienstl.,2018Q3,2018Q3,4035.0
1,Offene Stellen - Total,62-63,62-63 Informationstechnologische und Informationsdienstl.,2018Q4,2018Q4,4489.0
1,Offene Stellen - Total,62-63,62-63 Informationstechnologische und Informationsdienstl.,2019Q1,2019Q1,4705.0
1,Offene Stellen - Total,62-63,62-63 Informationstechnologische und Informationsdienstl.,2019Q2,2019Q2,4582.0
1,Offene Stellen - Total,62-63,62-63 Informationstechnologische und Informationsdienstl.,2019Q3,2019Q3,5040.0
1,Offene Stellen - Total,62-63,62-63 Informationstechnologische und Informationsdienstl.,2019Q4,2019Q4,5078.0
1,Offene Stellen - Total,62-63,62-63 Informationstechnologische und Informationsdienstl.,2020Q1,2020Q1,4756.0
1,Offene Stellen - Total,62-63,62-63 Informationstechnologische und Informationsdienstl.,2020Q2,2020Q2,3838.0
1,Offene Stellen - Total,62-63,62-63 Informationstechnologische und Informationsdienstl.,2020Q3,2020Q3,3921.0
1,Offene Stellen - Total,62-63,62-63 Informationstechnologische und Informationsdienstl.,2020Q4,2020Q4,3980.0
1,Offene Stellen - Total,62-63,62-63 Informationstechnologische und Informationsdienstl.,2021Q1,2021Q1,3766.0
1,Offene Stellen - Total,62-63,62-63 Informationstechnologische und Informationsdienstl.,2021Q2,2021Q2,4295.0
1,Offene Stellen - Total,62-63,62-63 Informationstechnologische und Informationsdienstl.,2021Q3,2021Q3,5264.0
1,Offene Stellen - Total,62-63,62-63 Informationstechnologische und Informationsdienstl.,2021Q4,2021Q4,5475.0
1,Offene Stellen - Total,62-63,62-63 Informationstechnologische und Informationsdienstl.,2022Q1,2022Q1,5920.0
1,Offene Stellen - Total,62-63,62-63 Informationstechnologische und Informationsdienstl.,2022Q2,2022Q2,7011.0
1,Offene Stellen - Total,62-63,62-63 Informationstechnologische und Informationsdienstl.,2022Q3,2022Q3,6375.0
1,Offene Stellen - Total,62-63,62-63 Informationstechnologische und Informationsdienstl.,2022Q4,2022Q4,6250.0
1,Offene Stellen - Total,62-63,62-63 Informationstechnologische und Informationsdienstl.,2023Q1,2023Q1,5702.0
1,Offene Stellen - Total,62-63,62-63 Informationstechnologische und Informationsdienstl.,2023Q2,2023Q2,5161.0
1,Offene Stellen - Total,62-63,62-63 Informationstechnologische und Informationsdienstl.,2023Q3,2023Q3,5238.0
1,Offene Stellen - Total,62-63,62-63 Informationstechnologische und Informationsdienstl.,2023Q4,2023Q4,4350.0
1,Offene Stellen - Total,62-63,62-63 Informationstechnologische und Informationsdienstl.,2024Q1,2024Q1,5578.0
1,Offene Stellen - Total,62-63,62-63 Informationstechnologische und Informationsdienstl.,2024Q2,2024Q2,4757.0
1,Offene Stellen - Total,62-63,62-63 Informationstechnologische und Informationsdienstl.,2024Q3,2024Q3,3676.0
1,Offene Stellen - Total,62-63,62-63 Informationstechnologische und Informationsdienstl.,2024Q4,2024Q4,3762.0
1,Offene Stellen - Total,62-63,62-63 Informationstechnologische und Informationsdienstl.,2025Q1,2025Q1,4137.0
1,Offene Stellen - Total,62-63,62-63 Informationstechnologische und Informationsdienstl.,2025Q2,2025Q2,3740.0
1,Offene Stellen - Total,62-63,62-63 Informationstechnologische und Informationsdienstl.,2025Q3,2025Q3,3855.0
1,Offene Stellen - Total,62-63,62-63 Informationstechnologische und Informationsdienstl.,2025Q4,2025Q4,3681.0
1,Offene Stellen - Total,62-63,62-63 Informationstechnologische und Informationsdienstl.,2026Q1,2026Q1,3482.0
1,Offene Stellen - Total,62-63,62-63 Informationstechnologische und Informationsdienstl.,2026Q2,2026Q2,3920.0
1,Offene Stellen - Total,64-66,64-66 Erbringung von Finanz- und Versicherungsdienstl.,1992Q2,1992Q2,
1,Offene Stellen - Total,64-66,64-66 Erbringung von Finanz- und Versicherungsdienstl.,1992Q3,1992Q3,
1,Offene Stellen - Total,64-66,64-66 Erbringung von Finanz- und Versicherungsdienstl.,1992Q4,1992Q4,
1,Offene Stellen - Total,64-66,64-66 Erbringung von Finanz- und Versicherungsdienstl.,1993Q1,1993Q1,
1,Offene Stellen - Total,64-66,64-66 Erbringung von Finanz- und Versicherungsdienstl.,1993Q2,1993Q2,
1,Offene Stellen - Total,64-66,64-66 Erbringung von Finanz- und Versicherungsdienstl.,1993Q3,1993Q3,
1,Offene Stellen - Total,64-66,64-66 Erbringung von Finanz- und Versicherungsdienstl.,1993Q4,1993Q4,
1,Offene Stellen - Total,64-66,64-66 Erbringung von Finanz- und Versicherungsdienstl.,1994Q1,1994Q1,
1,Offene Stellen - Total,64-66,64-66 Erbringung von Finanz- und Versicherungsdienstl.,1994Q2,1994Q2,
1,Offene Stellen - Total,64-66,64-66 Erbringung von Finanz- und Versicherungsdienstl.,1994Q3,1994Q3,
1,Offene Stellen - Total,64-66,64-66 Erbringung von Finanz- und Versicherungsdienstl.,1994Q4,1994Q4,
1,Offene Stellen - Total,64-66,64-66 Erbringung von Finanz- und Versicherungsdienstl.,1995Q1,1995Q1,
1,Offene Stellen - Total,64-66,64-66 Erbringung von Finanz- und Versicherungsdienstl.,1995Q2,1995Q2,
1,Offene Stellen - Total,64-66,64-66 Erbringung von Finanz- und Versicherungsdienstl.,1995Q3,1995Q3,
1,Offene Stellen - Total,64-66,64-66 Erbringung von Finanz- und Versicherungsdienstl.,1995Q4,1995Q4,
1,Offene Stellen - Total,64-66,64-66 Erbringung von Finanz- und Versicherungsdienstl.,1996Q1,1996Q1,
1,Offene Stellen - Total,64-66,64-66 Erbringung von Finanz- und Versicherungsdienstl.,1996Q2,1996Q2,
1,Offene Stellen - Total,64-66,64-66 Erbringung von Finanz- und Versicherungsdienstl.,1996Q3,1996Q3,
1,Offene Stellen - Total,64-66,64-66 Erbringung von Finanz- und Versicherungsdienstl.,1996Q4,1996Q4,
1,Offene Stellen - Total,64-66,64-66 Erbringung von Finanz- und Versicherungsdienstl.,1997Q1,1997Q1,
1,Offene Stellen - Total,64-66,64-66 Erbringung von Finanz- und Versicherungsdienstl.,1997Q2,1997Q2,
1,Offene Stellen - Total,64-66,64-66 Erbringung von Finanz- und Versicherungsdienstl.,1997Q3,1997Q3,
1,Offene Stellen - Total,64-66,64-66 Erbringung von Finanz- und Versicherungsdienstl.,1997Q4,1997Q4,
1,Offene Stellen - Total,64-66,64-66 Erbringung von Finanz- und Versicherungsdienstl.,1998Q1,1998Q1,
1,Offene Stellen - Total,64-66,64-66 Erbringung von Finanz- und Versicherungsdienstl.,1998Q2,1998Q2,
1,Offene Stellen - Total,64-66,64-66 Erbringung von Finanz- und Versicherungsdienstl.,1998Q3,1998Q3,
1,Offene Stellen - Total,64-66,64-66 Erbringung von Finanz- und Versicherungsdienstl.,1998Q4,1998Q4,
1,Offene Stellen - Total,64-66,64-66 Erbringung von Finanz- und Versicherungsdienstl.,1999Q1,1999Q1,
1,Offene Stellen - Total,64-66,64-66 Erbringung von Finanz- und Versicherungsdienstl.,1999Q2,1999Q2,
1,Offene Stellen - Total,64-66,64-66 Erbringung von Finanz- und Versicherungsdienstl.,1999Q3,1999Q3,
1,Offene Stellen - Total,64-66,64-66 Erbringung von Finanz- und Versicherungsdienstl.,1999Q4,1999Q4,
1,Offene Stellen - Total,64-66,64-66 Erbringung von Finanz- und Versicherungsdienstl.,2000Q1,2000Q1,
1,Offene Stellen - Total,64-66,64-66 Erbringung von Finanz- und Versicherungsdienstl.,2000Q2,2000Q2,
1,Offene Stellen - Total,64-66,64-66 Erbringung von Finanz- und Versicherungsdienstl.,2000Q3,2000Q3,
1,Offene Stellen - Total,64-66,64-66 Erbringung von Finanz- und Versicherungsdienstl.,2000Q4,2000Q4,
1,Offene Stellen - Total,64-66,64-66 Erbringung von Finanz- und Versicherungsdienstl.,2001Q1,2001Q1,
1,Offene Stellen - Total,64-66,64-66 Erbringung von Finanz- und Versicherungsdienstl.,2001Q2,2001Q2,
1,Offene Stellen - Total,64-66,64-66 Erbringung von Finanz- und Versicherungsdienstl.,2001Q3,2001Q3,
1,Offene Stellen - Total,64-66,64-66 Erbringung von Finanz- und Versicherungsdienstl.,2001Q4,2001Q4,
1,Offene Stellen - Total,64-66,64-66 Erbringung von Finanz- und Versicherungsdienstl.,2002Q1,2002Q1,
1,Offene Stellen - Total,64-66,64-66 Erbringung von Finanz- und Versicherungsdienstl.,2002Q2,2002Q2,
1,Offene Stellen - Total,64-66,64-66 Erbringung von Finanz- und Versicherungsdienstl.,2002Q3,2002Q3,
1,Offene Stellen - Total,64-66,64-66 Erbringung von Finanz- und Versicherungsdienstl.,2002Q4,2002Q4,
1,Offene Stellen - Total,64-66,64-66 Erbringung von Finanz- und Versicherungsdienstl.,2003Q1,2003Q1,
1,Offene Stellen - Total,64-66,64-66 Erbringung von Finanz- und Versicherungsdienstl.,2003Q2,2003Q2,1507.0
1,Offene Stellen - Total,64-66,64-66 Erbringung von Finanz- und Versicherungsdienstl.,2003Q3,2003Q3,1971.0
1,Offene Stellen - Total,64-66,64-66 Erbringung von Finanz- und Versicherungsdienstl.,2003Q4,2003Q4,1715.0
1,Offene Stellen - Total,64-66,64-66 Erbringung von Finanz- und Versicherungsdienstl.,2004Q1,2004Q1,3041.0
1,Offene Stellen - Total,64-66,64-66 Erbringung von Finanz- und Versicherungsdienstl.,2004Q2,2004Q2,3118.0
1,Offene Stellen - Total,64-66,64-66 Erbringung von Finanz- und Versicherungsdienstl.,2004Q3,2004Q3,3010.0
1,Offene Stellen - Total,64-66,64-66 Erbringung von Finanz- und Versicherungsdienstl.,2004Q4,2004Q4,2905.0
1,Offene Stellen - Total,64-66,64-66 Erbringung von Finanz- und Versicherungsdienstl.,2005Q1,2005Q1,3379.0
1,Offene Stellen - Total,64-66,64-66 Erbringung von Finanz- und Versicherungsdienstl.,2005Q2,2005Q2,3405.0
1,Offene Stellen - Total,64-66,64-66 Erbringung von Finanz- und Versicherungsdienstl.,2005Q3,2005Q3,3544.0
1,Offene Stellen - Total,64-66,64-66 Erbringung von Finanz- und Versicherungsdienstl.,2005Q4,2005Q4,4384.0
1,Offene Stellen - Total,64-66,64-66 Erbringung von Finanz- und Versicherungsdienstl.,2006Q1,2006Q1,4911.0
1,Offene Stellen - Total,64-66,64-66 Erbringung von Finanz- und Versicherungsdienstl.,2006Q2,2006Q2,5106.0
1,Offene Stellen - Total,64-66,64-66 Erbringung von Finanz- und Versicherungsdienstl.,2006Q3,2006Q3,5100.0
1,Offene Stellen - Total,64-66,64-66 Erbringung von Finanz- und Versicherungsdienstl.,2006Q4,2006Q4,4884.0
1,Offene Stellen - Total,64-66,64-66 Erbringung von Finanz- und Versicherungsdienstl.,2007Q1,2007Q1,5120.0
1,Offene Stellen - Total,64-66,64-66 Erbringung von Finanz- und Versicherungsdienstl.,2007Q2,2007Q2,5324.0
1,Offene Stellen - Total,64-66,64-66 Erbringung von Finanz- und Versicherungsdienstl.,2007Q3,2007Q3,5164.0
1,Offene Stellen - Total,64-66,64-66 Erbringung von Finanz- und Versicherungsdienstl.,2007Q4,2007Q4,5212.0
1,Offene Stellen - Total,64-66,64-66 Erbringung von Finanz- und Versicherungsdienstl.,2008Q1,2008Q1,6010.0
1,Offene Stellen - Total,64-66,64-66 Erbringung von Finanz- und Versicherungsdienstl.,2008Q2,2008Q2,5097.0
1,Offene Stellen - Total,64-66,64-66 Erbringung von Finanz- und Versicherungsdienstl.,2008Q3,2008Q3,4512.0
1,Offene Stellen - Total,64-66,64-66 Erbringung von Finanz- und Versicherungsdienstl.,2008Q4,2008Q4,3424.0
1,Offene Stellen - Total,64-66,64-66 Erbringung von Finanz- und Versicherungsdienstl.,2009Q1,2009Q1,3424.0
1,Offene Stellen - Total,64-66,64-66 Erbringung von Finanz- und Versicherungsdienstl.,2009Q2,2009Q2,3279.0
1,Offene Stellen - Total,64-66,64-66 Erbringung von Finanz- und Versicherungsdienstl.,2009Q3,2009Q3,3719.0
1,Offene Stellen - Total,64-66,64-66 Erbringung von Finanz- und Versicherungsdienstl.,2009Q4,2009Q4,4164.0
1,Offene Stellen - Total,64-66,64-66 Erbringung von Finanz- und Versicherungsdienstl.,2010Q1,2010Q1,4587.0
1,Offene Stellen - Total,64-66,64-66 Erbringung von Finanz- und Versicherungsdienstl.,2010Q2,2010Q2,4535.0
1,Offene Stellen - Total,64-66,64-66 Erbringung von Finanz- und Versicherungsdienstl.,2010Q3,2010Q3,4905.0
1,Offene Stellen - Total,64-66,64-66 Erbringung von Finanz- und Versicherungsdienstl.,2010Q4,2010Q4,4902.0
1,Offene Stellen - Total,64-66,64-66 Erbringung von Finanz- und Versicherungsdienstl.,2011Q1,2011Q1,5251.0
1,Offene Stellen - Total,64-66,64-66 Erbringung von Finanz- und Versicherungsdienstl.,2011Q2,2011Q2,5034.0
1,Offene Stellen - Total,64-66,64-66 Erbringung von Finanz- und Versicherungsdienstl.,2011Q3,2011Q3,3974.0
1,Offene Stellen - Total,64-66,64-66 Erbringung von Finanz- und Versicherungsdienstl.,2011Q4,2011Q4,3751.0
1,Offene Stellen - Total,64-66,64-66 Erbringung von Finanz- und Versicherungsdienstl.,2012Q1,2012Q1,4303.0
1,Offene Stellen - Total,64-66,64-66 Erbringung von Finanz- und Versicherungsdienstl.,2012Q2,2012Q2,4129.0
1,Offene Stellen - Total,64-66,64-66 Erbringung von Finanz- und Versicherungsdienstl.,2012Q3,2012Q3,3808.0
1,Offene Stellen - Total,64-66,64-66 Erbringung von Finanz- und Versicherungsdienstl.,2012Q4,2012Q4,3391.0
1,Offene Stellen - Total,64-66,64-66 Erbringung von Finanz- und Versicherungsdienstl.,2013Q1,2013Q1,4257.0
1,Offene Stellen - Total,64-66,64-66 Erbringung von Finanz- und Versicherungsdienstl.,2013Q2,2013Q2,3732.0
1,Offene Stellen - Total,64-66,64-66 Erbringung von Finanz- und Versicherungsdienstl.,2013Q3,2013Q3,3847.0
1,Offene Stellen - Total,64-66,64-66 Erbringung von Finanz- und Versicherungsdienstl.,2013Q4,2013Q4,3757.0
1,Offene Stellen - Total,64-66,64-66 Erbringung von Finanz- und Versicherungsdienstl.,2014Q1,2014Q1,4360.0
1,Offene Stellen - Total,64-66,64-66 Erbringung von Finanz- und Versicherungsdienstl.,2014Q2,2014Q2,4409.0
1,Offene Stellen - Total,64-66,64-66 Erbringung von Finanz- und Versicherungsdienstl.,2014Q3,2014Q3,4425.0
1,Offene Stellen - Total,64-66,64-66 Erbringung von Finanz- und Versicherungsdienstl.,2014Q4,2014Q4,4240.0
1,Offene Stellen - Total,64-66,64-66 Erbringung von Finanz- und Versicherungsdienstl.,2015Q1,2015Q1,4440.0
1,Offene Stellen - Total,64-66,64-66 Erbringung von Finanz- und Versicherungsdienstl.,2015Q2,2015Q2,4525.0
1,Offene Stellen - Total,64-66,64-66 Erbringung von Finanz- und Versicherungsdienstl.,2015Q3,2015Q3,4735.0
1,Offene Stellen - Total,64-66,64-66 Erbringung von Finanz- und Versicherungsdienstl.,2015Q4,2015Q4,4412.0
1,Offene Stellen - Total,64-66,64-66 Erbringung von Finanz- und Versicherungsdienstl.,2016Q1,2016Q1,4955.0
1,Offene Stellen - Total,64-66,64-66 Erbringung von Finanz- und Versicherungsdienstl.,2016Q2,2016Q2,4936.0
1,Offene Stellen - Total,64-66,64-66 Erbringung von Finanz- und Versicherungsdienstl.,2016Q3,2016Q3,4677.0
1,Offene Stellen - Total,64-66,64-66 Erbringung von Finanz- und Versicherungsdienstl.,2016Q4,2016Q4,4416.0
1,Offene Stellen - Total,64-66,64-66 Erbringung von Finanz- und Versicherungsdienstl.,2017Q1,2017Q1,5765.0
1,Offene Stellen - Total,64-66,64-66 Erbringung von Finanz- und Versicherungsdienstl.,2017Q2,2017Q2,5131.0
1,Offene Stellen - Total,64-66,64-66 Erbringung von Finanz- und Versicherungsdienstl.,2017Q3,2017Q3,5089.0
1,Offene Stellen - Total,64-66,64-66 Erbringung von Finanz- und Versicherungsdienstl.,2017Q4,2017Q4,5740.0
1,Offene Stellen - Total,64-66,64-66 Erbringung von Finanz- und Versicherungsdienstl.,2018Q1,2018Q1,4859.0
1,Offene Stellen - Total,64-66,64-66 Erbringung von Finanz- und Versicherungsdienstl.,2018Q2,2018Q2,4775.0
1,Offene Stellen - Total,64-66,64-66 Erbringung von Finanz- und Versicherungsdienstl.,2018Q3,2018Q3,4757.0
1,Offene Stellen - Total,64-66,64-66 Erbringung von Finanz- und Versicherungsdienstl.,2018Q4,2018Q4,4834.0
1,Offene Stellen - Total,64-66,64-66 Erbringung von Finanz- und Versicherungsdienstl.,2019Q1,2019Q1,5085.0
1,Offene Stellen - Total,64-66,64-66 Erbringung von Finanz- und Versicherungsdienstl.,2019Q2,2019Q2,5291.0
1,Offene Stellen - Total,64-66,64-66 Erbringung von Finanz- und Versicherungsdienstl.,2019Q3,2019Q3,5200.0
1,Offene Stellen - Total,64-66,64-66 Erbringung von Finanz- und Versicherungsdienstl.,2019Q4,2019Q4,4950.0
1,Offene Stellen - Total,64-66,64-66 Erbringung von Finanz- und Versicherungsdienstl.,2020Q1,2020Q1,4401.0
1,Offene Stellen - Total,64-66,64-66 Erbringung von Finanz- und Versicherungsdienstl.,2020Q2,2020Q2,3709.0
1,Offene Stellen - Total,64-66,64-66 Erbringung von Finanz- und Versicherungsdienstl.,2020Q3,2020Q3,3863.0
1,Offene Stellen - Total,64-66,64-66 Erbringung von Finanz- und Versicherungsdienstl.,2020Q4,2020Q4,3928.0
1,Offene Stellen - Total,64-66,64-66 Erbringung von Finanz- und Versicherungsdienstl.,2021Q1,2021Q1,4059.0
1,Offene Stellen - Total,64-66,64-66 Erbringung von Finanz- und Versicherungsdienstl.,2021Q2,2021Q2,5077.0
1,Offene Stellen - Total,64-66,64-66 Erbringung von Finanz- und Versicherungsdienstl.,2021Q3,2021Q3,6099.0
1,Offene Stellen - Total,64-66,64-66 Erbringung von Finanz- und Versicherungsdienstl.,2021Q4,2021Q4,6265.0
1,Offene Stellen - Total,64-66,64-66 Erbringung von Finanz- und Versicherungsdienstl.,2022Q1,2022Q1,6897.0
1,Offene Stellen - Total,64-66,64-66 Erbringung von Finanz- und Versicherungsdienstl.,2022Q2,2022Q2,7878.0
1,Offene Stellen - Total,64-66,64-66 Erbringung von Finanz- und Versicherungsdienstl.,2022Q3,2022Q3,7435.0
1,Offene Stellen - Total,64-66,64-66 Erbringung von Finanz- und Versicherungsdienstl.,2022Q4,2022Q4,6934.0
1,Offene Stellen - Total,64-66,64-66 Erbringung von Finanz- und Versicherungsdienstl.,2023Q1,2023Q1,6567.0
1,Offene Stellen - Total,64-66,64-66 Erbringung von Finanz- und Versicherungsdienstl.,2023Q2,2023Q2,6591.0
1,Offene Stellen - Total,64-66,64-66 Erbringung von Finanz- und Versicherungsdienstl.,2023Q3,2023Q3,6359.0
1,Offene Stellen - Total,64-66,64-66 Erbringung von Finanz- und Versicherungsdienstl.,2023Q4,2023Q4,6161.0
1,Offene Stellen - Total,64-66,64-66 Erbringung von Finanz- und Versicherungsdienstl.,2024Q1,2024Q1,5684.0
1,Offene Stellen - Total,64-66,64-66 Erbringung von Finanz- und Versicherungsdienstl.,2024Q2,2024Q2,5876.0
1,Offene Stellen - Total,64-66,64-66 Erbringung von Finanz- und Versicherungsdienstl.,2024Q3,2024Q3,5517.0
1,Offene Stellen - Total,64-66,64-66 Erbringung von Finanz- und Versicherungsdienstl.,2024Q4,2024Q4,5141.0
1,Offene Stellen - Total,64-66,64-66 Erbringung von Finanz- und Versicherungsdienstl.,2025Q1,2025Q1,5312.0
1,Offene Stellen - Total,64-66,64-66 Erbringung von Finanz- und Versicherungsdienstl.,2025Q2,2025Q2,4868.0
1,Offene Stellen - Total,64-66,64-66 Erbringung von Finanz- und Versicherungsdienstl.,2025Q3,2025Q3,4480.0
1,Offene Stellen - Total,64-66,64-66 Erbringung von Finanz- und Versicherungsdienstl.,2025Q4,2025Q4,4602.0
1,Offene Stellen - Total,64-66,64-66 Erbringung von Finanz- und Versicherungsdienstl.,2026Q1,2026Q1,4941.0
1,Offene Stellen - Total,64-66,64-66 Erbringung von Finanz- und Versicherungsdienstl.,2026Q2,2026Q2,5620.0
1,Offene Stellen - Total,68-75,"68-75 Grundstk- u. Wohn.wesen, freiberufl., wiss., techn. Dienstl.",1992Q2,1992Q2,
1,Offene Stellen - Total,68-75,"68-75 Grundstk- u. Wohn.wesen, freiberufl., wiss., techn. Dienstl.",1992Q3,1992Q3,
1,Offene Stellen - Total,68-75,"68-75 Grundstk- u. Wohn.wesen, freiberufl., wiss., techn. Dienstl.",1992Q4,1992Q4,
1,Offene Stellen - Total,68-75,"68-75 Grundstk- u. Wohn.wesen, freiberufl., wiss., techn. Dienstl.",1993Q1,1993Q1,
1,Offene Stellen - Total,68-75,"68-75 Grundstk- u. Wohn.wesen, freiberufl., wiss., techn. Dienstl.",1993Q2,1993Q2,
1,Offene Stellen - Total,68-75,"68-75 Grundstk- u. Wohn.wesen, freiberufl., wiss., techn. Dienstl.",1993Q3,1993Q3,
1,Offene Stellen - Total,68-75,"68-75 Grundstk- u. Wohn.wesen, freiberufl., wiss., techn. Dienstl.",1993Q4,1993Q4,
1,Offene Stellen - Total,68-75,"68-75 Grundstk- u. Wohn.wesen, freiberufl., wiss., techn. Dienstl.",1994Q1,1994Q1,
1,Offene Stellen - Total,68-75,"68-75 Grundstk- u. Wohn.wesen, freiberufl., wiss., techn. Dienstl.",1994Q2,1994Q2,
1,Offene Stellen - Total,68-75,"68-75 Grundstk- u. Wohn.wesen, freiberufl., wiss., techn. Dienstl.",1994Q3,1994Q3,
1,Offene Stellen - Total,68-75,"68-75 Grundstk- u. Wohn.wesen, freiberufl., wiss., techn. Dienstl.",1994Q4,1994Q4,
1,Offene Stellen - Total,68-75,"68-75 Grundstk- u. Wohn.wesen, freiberufl., wiss., techn. Dienstl.",1995Q1,1995Q1,
1,Offene Stellen - Total,68-75,"68-75 Grundstk- u. Wohn.wesen, freiberufl., wiss., techn. Dienstl.",1995Q2,1995Q2,
1,Offene Stellen - Total,68-75,"68-75 Grundstk- u. Wohn.wesen, freiberufl., wiss., techn. Dienstl.",1995Q3,1995Q3,
1,Offene Stellen - Total,68-75,"68-75 Grundstk- u. Wohn.wesen, freiberufl., wiss., techn. Dienstl.",1995Q4,1995Q4,
1,Offene Stellen - Total,68-75,"68-75 Grundstk- u. Wohn.wesen, freiberufl., wiss., techn. Dienstl.",1996Q1,1996Q1,
1,Offene Stellen - Total,68-75,"68-75 Grundstk- u. Wohn.wesen, freiberufl., wiss., techn. Dienstl.",1996Q2,1996Q2,
1,Offene Stellen - Total,68-75,"68-75 Grundstk- u. Wohn.wesen, freiberufl., wiss., techn. Dienstl.",1996Q3,1996Q3,
1,Offene Stellen - Total,68-75,"68-75 Grundstk- u. Wohn.wesen, freiberufl., wiss., techn. Dienstl.",1996Q4,1996Q4,
1,Offene Stellen - Total,68-75,"68-75 Grundstk- u. Wohn.wesen, freiberufl., wiss., techn. Dienstl.",1997Q1,1997Q1,
1,Offene Stellen - Total,68-75,"68-75 Grundstk- u. Wohn.wesen, freiberufl., wiss., techn. Dienstl.",1997Q2,1997Q2,
1,Offene Stellen - Total,68-75,"68-75 Grundstk- u. Wohn.wesen, freiberufl., wiss., techn. Dienstl.",1997Q3,1997Q3,
1,Offene Stellen - Total,68-75,"68-75 Grundstk- u. Wohn.wesen, freiberufl., wiss., techn. Dienstl.",1997Q4,1997Q4,
1,Offene Stellen - Total,68-75,"68-75 Grundstk- u. Wohn.wesen, freiberufl., wiss., techn. Dienstl.",1998Q1,1998Q1,
1,Offene Stellen - Total,68-75,"68-75 Grundstk- u. Wohn.wesen, freiberufl., wiss., techn. Dienstl.",1998Q2,1998Q2,
1,Offene Stellen - Total,68-75,"68-75 Grundstk- u. Wohn.wesen, freiberufl., wiss., techn. Dienstl.",1998Q3,1998Q3,
1,Offene Stellen - Total,68-75,"68-75 Grundstk- u. Wohn.wesen, freiberufl., wiss., techn. Dienstl.",1998Q4,1998Q4,
1,Offene Stellen - Total,68-75,"68-75 Grundstk- u. Wohn.wesen, freiberufl., wiss., techn. Dienstl.",1999Q1,1999Q1,
1,Offene Stellen - Total,68-75,"68-75 Grundstk- u. Wohn.wesen, freiberufl., wiss., techn. Dienstl.",1999Q2,1999Q2,
1,Offene Stellen - Total,68-75,"68-75 Grundstk- u. Wohn.wesen, freiberufl., wiss., techn. Dienstl.",1999Q3,1999Q3,
1,Offene Stellen - Total,68-75,"68-75 Grundstk- u. Wohn.wesen, freiberufl., wiss., techn. Dienstl.",1999Q4,1999Q4,
1,Offene Stellen - Total,68-75,"68-75 Grundstk- u. Wohn.wesen, freiberufl., wiss., techn. Dienstl.",2000Q1,2000Q1,
1,Offene Stellen - Total,68-75,"68-75 Grundstk- u. Wohn.wesen, freiberufl., wiss., techn. Dienstl.",2000Q2,2000Q2,
1,Offene Stellen - Total,68-75,"68-75 Grundstk- u. Wohn.wesen, freiberufl., wiss., techn. Dienstl.",2000Q3,2000Q3,
1,Offene Stellen - Total,68-75,"68-75 Grundstk- u. Wohn.wesen, freiberufl., wiss., techn. Dienstl.",2000Q4,2000Q4,
1,Offene Stellen - Total,68-75,"68-75 Grundstk- u. Wohn.wesen, freiberufl., wiss., techn. Dienstl.",2001Q1,2001Q1,
1,Offene Stellen - Total,68-75,"68-75 Grundstk- u. Wohn.wesen, freiberufl., wiss., techn. Dienstl.",2001Q2,2001Q2,
1,Offene Stellen - Total,68-75,"68-75 Grundstk- u. Wohn.wesen, freiberufl., wiss., techn. Dienstl.",2001Q3,2001Q3,
1,Offene Stellen - Total,68-75,"68-75 Grundstk- u. Wohn.wesen, freiberufl., wiss., techn. Dienstl.",2001Q4,2001Q4,
1,Offene Stellen - Total,68-75,"68-75 Grundstk- u. Wohn.wesen, freiberufl., wiss., techn. Dienstl.",2002Q1,2002Q1,
1,Offene Stellen - Total,68-75,"68-75 Grundstk- u. Wohn.wesen, freiberufl., wiss., techn. Dienstl.",2002Q2,2002Q2,
1,Offene Stellen - Total,68-75,"68-75 Grundstk- u. Wohn.wesen, freiberufl., wiss., techn. Dienstl.",2002Q3,2002Q3,
1,Offene Stellen - Total,68-75,"68-75 Grundstk- u. Wohn.wesen, freiberufl., wiss., techn. Dienstl.",2002Q4,2002Q4,
1,Offene Stellen - Total,68-75,"68-75 Grundstk- u. Wohn.wesen, freiberufl., wiss., techn. Dienstl.",2003Q1,2003Q1,
1,Offene Stellen - Total,68-75,"68-75 Grundstk- u. Wohn.wesen, freiberufl., wiss., techn. Dienstl.",2003Q2,2003Q2,3436.0
1,Offene Stellen - Total,68-75,"68-75 Grundstk- u. Wohn.wesen, freiberufl., wiss., techn. Dienstl.",2003Q3,2003Q3,2403.0
1,Offene Stellen - Total,68-75,"68-75 Grundstk- u. Wohn.wesen, freiberufl., wiss., techn. Dienstl.",2003Q4,2003Q4,2615.0
1,Offene Stellen - Total,68-75,"68-75 Grundstk- u. Wohn.wesen, freiberufl., wiss., techn. Dienstl.",2004Q1,2004Q1,3888.0
1,Offene Stellen - Total,68-75,"68-75 Grundstk- u. Wohn.wesen, freiberufl., wiss., techn. Dienstl.",2004Q2,2004Q2,4041.0
1,Offene Stellen - Total,68-75,"68-75 Grundstk- u. Wohn.wesen, freiberufl., wiss., techn. Dienstl.",2004Q3,2004Q3,3181.0
1,Offene Stellen - Total,68-75,"68-75 Grundstk- u. Wohn.wesen, freiberufl., wiss., techn. Dienstl.",2004Q4,2004Q4,3122.0
1,Offene Stellen - Total,68-75,"68-75 Grundstk- u. Wohn.wesen, freiberufl., wiss., techn. Dienstl.",2005Q1,2005Q1,3385.0
1,Offene Stellen - Total,68-75,"68-75 Grundstk- u. Wohn.wesen, freiberufl., wiss., techn. Dienstl.",2005Q2,2005Q2,4206.0
1,Offene Stellen - Total,68-75,"68-75 Grundstk- u. Wohn.wesen, freiberufl., wiss., techn. Dienstl.",2005Q3,2005Q3,3950.0
1,Offene Stellen - Total,68-75,"68-75 Grundstk- u. Wohn.wesen, freiberufl., wiss., techn. Dienstl.",2005Q4,2005Q4,4857.0
1,Offene Stellen - Total,68-75,"68-75 Grundstk- u. Wohn.wesen, freiberufl., wiss., techn. Dienstl.",2006Q1,2006Q1,6004.0
1,Offene Stellen - Total,68-75,"68-75 Grundstk- u. Wohn.wesen, freiberufl., wiss., techn. Dienstl.",2006Q2,2006Q2,6410.0
1,Offene Stellen - Total,68-75,"68-75 Grundstk- u. Wohn.wesen, freiberufl., wiss., techn. Dienstl.",2006Q3,2006Q3,6314.0
1,Offene Stellen - Total,68-75,"68-75 Grundstk- u. Wohn.wesen, freiberufl., wiss., techn. Dienstl.",2006Q4,2006Q4,6915.0
1,Offene Stellen - Total,68-75,"68-75 Grundstk- u. Wohn.wesen, freiberufl., wiss., techn. Dienstl.",2007Q1,2007Q1,7632.0
1,Offene Stellen - Total,68-75,"68-75 Grundstk- u. Wohn.wesen, freiberufl., wiss., techn. Dienstl.",2007Q2,2007Q2,8846.0
1,Offene Stellen - Total,68-75,"68-75 Grundstk- u. Wohn.wesen, freiberufl., wiss., techn. Dienstl.",2007Q3,2007Q3,9212.0
1,Offene Stellen - Total,68-75,"68-75 Grundstk- u. Wohn.wesen, freiberufl., wiss., techn. Dienstl.",2007Q4,2007Q4,8099.0
1,Offene Stellen - Total,68-75,"68-75 Grundstk- u. Wohn.wesen, freiberufl., wiss., techn. Dienstl.",2008Q1,2008Q1,8710.0
1,Offene Stellen - Total,68-75,"68-75 Grundstk- u. Wohn.wesen, freiberufl., wiss., techn. Dienstl.",2008Q2,2008Q2,8224.0
1,Offene Stellen - Total,68-75,"68-75 Grundstk- u. Wohn.wesen, freiberufl., wiss., techn. Dienstl.",2008Q3,2008Q3,7561.0
1,Offene Stellen - Total,68-75,"68-75 Grundstk- u. Wohn.wesen, freiberufl., wiss., techn. Dienstl.",2008Q4,2008Q4,6413.0
1,Offene Stellen - Total,68-75,"68-75 Grundstk- u. Wohn.wesen, freiberufl., wiss., techn. Dienstl.",2009Q1,2009Q1,5922.0
1,Offene Stellen - Total,68-75,"68-75 Grundstk- u. Wohn.wesen, freiberufl., wiss., techn. Dienstl.",2009Q2,2009Q2,6361.0
1,Offene Stellen - Total,68-75,"68-75 Grundstk- u. Wohn.wesen, freiberufl., wiss., techn. Dienstl.",2009Q3,2009Q3,5916.0
1,Offene Stellen - Total,68-75,"68-75 Grundstk- u. Wohn.wesen, freiberufl., wiss., techn. Dienstl.",2009Q4,2009Q4,6335.0
1,Offene Stellen - Total,68-75,"68-75 Grundstk- u. Wohn.wesen, freiberufl., wiss., techn. Dienstl.",2010Q1,2010Q1,6465.0
1,Offene Stellen - Total,68-75,"68-75 Grundstk- u. Wohn.wesen, freiberufl., wiss., techn. Dienstl.",2010Q2,2010Q2,8186.0
1,Offene Stellen - Total,68-75,"68-75 Grundstk- u. Wohn.wesen, freiberufl., wiss., techn. Dienstl.",2010Q3,2010Q3,7937.0
1,Offene Stellen - Total,68-75,"68-75 Grundstk- u. Wohn.wesen, freiberufl., wiss., techn. Dienstl.",2010Q4,2010Q4,7985.0
1,Offene Stellen - Total,68-75,"68-75 Grundstk- u. Wohn.wesen, freiberufl., wiss., techn. Dienstl.",2011Q1,2011Q1,8739.0
1,Offene Stellen - Total,68-75,"68-75 Grundstk- u. Wohn.wesen, freiberufl., wiss., techn. Dienstl.",2011Q2,2011Q2,8868.0
1,Offene Stellen - Total,68-75,"68-75 Grundstk- u. Wohn.wesen, freiberufl., wiss., techn. Dienstl.",2011Q3,2011Q3,8192.0
1,Offene Stellen - Total,68-75,"68-75 Grundstk- u. Wohn.wesen, freiberufl., wiss., techn. Dienstl.",2011Q4,2011Q4,7811.0
1,Offene Stellen - Total,68-75,"68-75 Grundstk- u. Wohn.wesen, freiberufl., wiss., techn. Dienstl.",2012Q1,2012Q1,8469.0
1,Offene Stellen - Total,68-75,"68-75 Grundstk- u. Wohn.wesen, freiberufl., wiss., techn. Dienstl.",2012Q2,2012Q2,8390.0
1,Offene Stellen - Total,68-75,"68-75 Grundstk- u. Wohn.wesen, freiberufl., wiss., techn. Dienstl.",2012Q3,2012Q3,7574.0
1,Offene Stellen - Total,68-75,"68-75 Grundstk- u. Wohn.wesen, freiberufl., wiss., techn. Dienstl.",2012Q4,2012Q4,7429.0
1,Offene Stellen - Total,68-75,"68-75 Grundstk- u. Wohn.wesen, freiberufl., wiss., techn. Dienstl.",2013Q1,2013Q1,8605.0
1,Offene Stellen - Total,68-75,"68-75 Grundstk- u. Wohn.wesen, freiberufl., wiss., techn. Dienstl.",2013Q2,2013Q2,9211.0
1,Offene Stellen - Total,68-75,"68-75 Grundstk- u. Wohn.wesen, freiberufl., wiss., techn. Dienstl.",2013Q3,2013Q3,8377.0
1,Offene Stellen - Total,68-75,"68-75 Grundstk- u. Wohn.wesen, freiberufl., wiss., techn. Dienstl.",2013Q4,2013Q4,9038.0
1,Offene Stellen - Total,68-75,"68-75 Grundstk- u. Wohn.wesen, freiberufl., wiss., techn. Dienstl.",2014Q1,2014Q1,8781.0
1,Offene Stellen - Total,68-75,"68-75 Grundstk- u. Wohn.wesen, freiberufl., wiss., techn. Dienstl.",2014Q2,2014Q2,7863.0
1,Offene Stellen - Total,68-75,"68-75 Grundstk- u. Wohn.wesen, freiberufl., wiss., techn. Dienstl.",2014Q3,2014Q3,8332.0
1,Offene Stellen - Total,68-75,"68-75 Grundstk- u. Wohn.wesen, freiberufl., wiss., techn. Dienstl.",2014Q4,2014Q4,7427.0
1,Offene Stellen - Total,68-75,"68-75 Grundstk- u. Wohn.wesen, freiberufl., wiss., techn. Dienstl.",2015Q1,2015Q1,7141.0
1,Offene Stellen - Total,68-75,"68-75 Grundstk- u. Wohn.wesen, freiberufl., wiss., techn. Dienstl.",2015Q2,2015Q2,7319.0
1,Offene Stellen - Total,68-75,"68-75 Grundstk- u. Wohn.wesen, freiberufl., wiss., techn. Dienstl.",2015Q3,2015Q3,6467.0
1,Offene Stellen - Total,68-75,"68-75 Grundstk- u. Wohn.wesen, freiberufl., wiss., techn. Dienstl.",2015Q4,2015Q4,6612.0
1,Offene Stellen - Total,68-75,"68-75 Grundstk- u. Wohn.wesen, freiberufl., wiss., techn. Dienstl.",2016Q1,2016Q1,6775.0
1,Offene Stellen - Total,68-75,"68-75 Grundstk- u. Wohn.wesen, freiberufl., wiss., techn. Dienstl.",2016Q2,2016Q2,7077.0
1,Offene Stellen - Total,68-75,"68-75 Grundstk- u. Wohn.wesen, freiberufl., wiss., techn. Dienstl.",2016Q3,2016Q3,7177.0
1,Offene Stellen - Total,68-75,"68-75 Grundstk- u. Wohn.wesen, freiberufl., wiss., techn. Dienstl.",2016Q4,2016Q4,6979.0
1,Offene Stellen - Total,68-75,"68-75 Grundstk- u. Wohn.wesen, freiberufl., wiss., techn. Dienstl.",2017Q1,2017Q1,7312.0
1,Offene Stellen - Total,68-75,"68-75 Grundstk- u. Wohn.wesen, freiberufl., wiss., techn. Dienstl.",2017Q2,2017Q2,6807.0
1,Offene Stellen - Total,68-75,"68-75 Grundstk- u. Wohn.wesen, freiberufl., wiss., techn. Dienstl.",2017Q3,2017Q3,8168.0
1,Offene Stellen - Total,68-75,"68-75 Grundstk- u. Wohn.wesen, freiberufl., wiss., techn. Dienstl.",2017Q4,2017Q4,8795.0
1,Offene Stellen - Total,68-75,"68-75 Grundstk- u. Wohn.wesen, freiberufl., wiss., techn. Dienstl.",2018Q1,2018Q1,9370.0
1,Offene Stellen - Total,68-75,"68-75 Grundstk- u. Wohn.wesen, freiberufl., wiss., techn. Dienstl.",2018Q2,2018Q2,9027.0
1,Offene Stellen - Total,68-75,"68-75 Grundstk- u. Wohn.wesen, freiberufl., wiss., techn. Dienstl.",2018Q3,2018Q3,9710.0
1,Offene Stellen - Total,68-75,"68-75 Grundstk- u. Wohn.wesen, freiberufl., wiss., techn. Dienstl.",2018Q4,2018Q4,9585.0
1,Offene Stellen - Total,68-75,"68-75 Grundstk- u. Wohn.wesen, freiberufl., wiss., techn. Dienstl.",2019Q1,2019Q1,9607.0
1,Offene Stellen - Total,68-75,"68-75 Grundstk- u. Wohn.wesen, freiberufl., wiss., techn. Dienstl.",2019Q2,2019Q2,10647.0
1,Offene Stellen - Total,68-75,"68-75 Grundstk- u. Wohn.wesen, freiberufl., wiss., techn. Dienstl.",2019Q3,2019Q3,10252.0
1,Offene Stellen - Total,68-75,"68-75 Grundstk- u. Wohn.wesen, freiberufl., wiss., techn. Dienstl.",2019Q4,2019Q4,10335.0
1,Offene Stellen - Total,68-75,"68-75 Grundstk- u. Wohn.wesen, freiberufl., wiss., techn. Dienstl.",2020Q1,2020Q1,8771.0
1,Offene Stellen - Total,68-75,"68-75 Grundstk- u. Wohn.wesen, freiberufl., wiss., techn. Dienstl.",2020Q2,2020Q2,9056.0
1,Offene Stellen - Total,68-75,"68-75 Grundstk- u. Wohn.wesen, freiberufl., wiss., techn. Dienstl.",2020Q3,2020Q3,8792.0
1,Offene Stellen - Total,68-75,"68-75 Grundstk- u. Wohn.wesen, freiberufl., wiss., techn. Dienstl.",2020Q4,2020Q4,10387.0
1,Offene Stellen - Total,68-75,"68-75 Grundstk- u. Wohn.wesen, freiberufl., wiss., techn. Dienstl.",2021Q1,2021Q1,9603.0
1,Offene Stellen - Total,68-75,"68-75 Grundstk- u. Wohn.wesen, freiberufl., wiss., techn. Dienstl.",2021Q2,2021Q2,11859.0
1,Offene Stellen - Total,68-75,"68-75 Grundstk- u. Wohn.wesen, freiberufl., wiss., techn. Dienstl.",2021Q3,2021Q3,12485.0
1,Offene Stellen - Total,68-75,"68-75 Grundstk- u. Wohn.wesen, freiberufl., wiss., techn. Dienstl.",2021Q4,2021Q4,13881.0
1,Offene Stellen - Total,68-75,"68-75 Grundstk- u. Wohn.wesen, freiberufl., wiss., techn. Dienstl.",2022Q1,2022Q1,15236.0
1,Offene Stellen - Total,68-75,"68-75 Grundstk- u. Wohn.wesen, freiberufl., wiss., techn. Dienstl.",2022Q2,2022Q2,15606.0
1,Offene Stellen - Total,68-75,"68-75 Grundstk- u. Wohn.wesen, freiberufl., wiss., techn. Dienstl.",2022Q3,2022Q3,15869.0
1,Offene Stellen - Total,68-75,"68-75 Grundstk- u. Wohn.wesen, freiberufl., wiss., techn. Dienstl.",2022Q4,2022Q4,15667.0
1,Offene Stellen - Total,68-75,"68-75 Grundstk- u. Wohn.wesen, freiberufl., wiss., techn. Dienstl.",2023Q1,2023Q1,16268.0
1,Offene Stellen - Total,68-75,"68-75 Grundstk- u. Wohn.wesen, freiberufl., wiss., techn. Dienstl.",2023Q2,2023Q2,14597.0
1,Offene Stellen - Total,68-75,"68-75 Grundstk- u. Wohn.wesen, freiberufl., wiss., techn. Dienstl.",2023Q3,2023Q3,13674.0
1,Offene Stellen - Total,68-75,"68-75 Grundstk- u. Wohn.wesen, freiberufl., wiss., techn. Dienstl.",2023Q4,2023Q4,13337.0
1,Offene Stellen - Total,68-75,"68-75 Grundstk- u. Wohn.wesen, freiberufl., wiss., techn. Dienstl.",2024Q1,2024Q1,13245.0
1,Offene Stellen - Total,68-75,"68-75 Grundstk- u. Wohn.wesen, freiberufl., wiss., techn. Dienstl.",2024Q2,2024Q2,13609.0
1,Offene Stellen - Total,68-75,"68-75 Grundstk- u. Wohn.wesen, freiberufl., wiss., techn. Dienstl.",2024Q3,2024Q3,13751.0
1,Offene Stellen - Total,68-75,"68-75 Grundstk- u. Wohn.wesen, freiberufl., wiss., techn. Dienstl.",2024Q4,2024Q4,12894.0
1,Offene Stellen - Total,68-75,"68-75 Grundstk- u. Wohn.wesen, freiberufl., wiss., techn. Dienstl.",2025Q1,2025Q1,12496.0
1,Offene Stellen - Total,68-75,"68-75 Grundstk- u. Wohn.wesen, freiberufl., wiss., techn. Dienstl.",2025Q2,2025Q2,11409.0
1,Offene Stellen - Total,68-75,"68-75 Grundstk- u. Wohn.wesen, freiberufl., wiss., techn. Dienstl.",2025Q3,2025Q3,11564.0
1,Offene Stellen - Total,68-75,"68-75 Grundstk- u. Wohn.wesen, freiberufl., wiss., techn. Dienstl.",2025Q4,2025Q4,11916.0
1,Offene Stellen - Total,68-75,"68-75 Grundstk- u. Wohn.wesen, freiberufl., wiss., techn. Dienstl.",2026Q1,2026Q1,13428.0
1,Offene Stellen - Total,68-75,"68-75 Grundstk- u. Wohn.wesen, freiberufl., wiss., techn. Dienstl.",2026Q2,2026Q2,12169.0
1,Offene Stellen - Total,77+79-82,77+79-82 Erbringung von sonst. wirtschaftlichen Dienst. (ohne 78),1992Q2,1992Q2,
1,Offene Stellen - Total,77+79-82,77+79-82 Erbringung von sonst. wirtschaftlichen Dienst. (ohne 78),1992Q3,1992Q3,
1,Offene Stellen - Total,77+79-82,77+79-82 Erbringung von sonst. wirtschaftlichen Dienst. (ohne 78),1992Q4,1992Q4,
1,Offene Stellen - Total,77+79-82,77+79-82 Erbringung von sonst. wirtschaftlichen Dienst. (ohne 78),1993Q1,1993Q1,
1,Offene Stellen - Total,77+79-82,77+79-82 Erbringung von sonst. wirtschaftlichen Dienst. (ohne 78),1993Q2,1993Q2,
1,Offene Stellen - Total,77+79-82,77+79-82 Erbringung von sonst. wirtschaftlichen Dienst. (ohne 78),1993Q3,1993Q3,
1,Offene Stellen - Total,77+79-82,77+79-82 Erbringung von sonst. wirtschaftlichen Dienst. (ohne 78),1993Q4,1993Q4,
1,Offene Stellen - Total,77+79-82,77+79-82 Erbringung von sonst. wirtschaftlichen Dienst. (ohne 78),1994Q1,1994Q1,
1,Offene Stellen - Total,77+79-82,77+79-82 Erbringung von sonst. wirtschaftlichen Dienst. (ohne 78),1994Q2,1994Q2,
1,Offene Stellen - Total,77+79-82,77+79-82 Erbringung von sonst. wirtschaftlichen Dienst. (ohne 78),1994Q3,1994Q3,
1,Offene Stellen - Total,77+79-82,77+79-82 Erbringung von sonst. wirtschaftlichen Dienst. (ohne 78),1994Q4,1994Q4,
1,Offene Stellen - Total,77+79-82,77+79-82 Erbringung von sonst. wirtschaftlichen Dienst. (ohne 78),1995Q1,1995Q1,
1,Offene Stellen - Total,77+79-82,77+79-82 Erbringung von sonst. wirtschaftlichen Dienst. (ohne 78),1995Q2,1995Q2,
1,Offene Stellen - Total,77+79-82,77+79-82 Erbringung von sonst. wirtschaftlichen Dienst. (ohne 78),1995Q3,1995Q3,
1,Offene Stellen - Total,77+79-82,77+79-82 Erbringung von sonst. wirtschaftlichen Dienst. (ohne 78),1995Q4,1995Q4,
1,Offene Stellen - Total,77+79-82,77+79-82 Erbringung von sonst. wirtschaftlichen Dienst. (ohne 78),1996Q1,1996Q1,
1,Offene Stellen - Total,77+79-82,77+79-82 Erbringung von sonst. wirtschaftlichen Dienst. (ohne 78),1996Q2,1996Q2,
1,Offene Stellen - Total,77+79-82,77+79-82 Erbringung von sonst. wirtschaftlichen Dienst. (ohne 78),1996Q3,1996Q3,
1,Offene Stellen - Total,77+79-82,77+79-82 Erbringung von sonst. wirtschaftlichen Dienst. (ohne 78),1996Q4,1996Q4,
1,Offene Stellen - Total,77+79-82,77+79-82 Erbringung von sonst. wirtschaftlichen Dienst. (ohne 78),1997Q1,1997Q1,
1,Offene Stellen - Total,77+79-82,77+79-82 Erbringung von sonst. wirtschaftlichen Dienst. (ohne 78),1997Q2,1997Q2,
1,Offene Stellen - Total,77+79-82,77+79-82 Erbringung von sonst. wirtschaftlichen Dienst. (ohne 78),1997Q3,1997Q3,
1,Offene Stellen - Total,77+79-82,77+79-82 Erbringung von sonst. wirtschaftlichen Dienst. (ohne 78),1997Q4,1997Q4,
1,Offene Stellen - Total,77+79-82,77+79-82 Erbringung von sonst. wirtschaftlichen Dienst. (ohne 78),1998Q1,1998Q1,
1,Offene Stellen - Total,77+79-82,77+79-82 Erbringung von sonst. wirtschaftlichen Dienst. (ohne 78),1998Q2,1998Q2,
1,Offene Stellen - Total,77+79-82,77+79-82 Erbringung von sonst. wirtschaftlichen Dienst. (ohne 78),1998Q3,1998Q3,
1,Offene Stellen - Total,77+79-82,77+79-82 Erbringung von sonst. wirtschaftlichen Dienst. (ohne 78),1998Q4,1998Q4,
1,Offene Stellen - Total,77+79-82,77+79-82 Erbringung von sonst. wirtschaftlichen Dienst. (ohne 78),1999Q1,1999Q1,
1,Offene Stellen - Total,77+79-82,77+79-82 Erbringung von sonst. wirtschaftlichen Dienst. (ohne 78),1999Q2,1999Q2,
1,Offene Stellen - Total,77+79-82,77+79-82 Erbringung von sonst. wirtschaftlichen Dienst. (ohne 78),1999Q3,1999Q3,
1,Offene Stellen - Total,77+79-82,77+79-82 Erbringung von sonst. wirtschaftlichen Dienst. (ohne 78),1999Q4,1999Q4,
1,Offene Stellen - Total,77+79-82,77+79-82 Erbringung von sonst. wirtschaftlichen Dienst. (ohne 78),2000Q1,2000Q1,
1,Offene Stellen - Total,77+79-82,77+79-82 Erbringung von sonst. wirtschaftlichen Dienst. (ohne 78),2000Q2,2000Q2,
1,Offene Stellen - Total,77+79-82,77+79-82 Erbringung von sonst. wirtschaftlichen Dienst. (ohne 78),2000Q3,2000Q3,
1,Offene Stellen - Total,77+79-82,77+79-82 Erbringung von sonst. wirtschaftlichen Dienst. (ohne 78),2000Q4,2000Q4,
1,Offene Stellen - Total,77+79-82,77+79-82 Erbringung von sonst. wirtschaftlichen Dienst. (ohne 78),2001Q1,2001Q1,
1,Offene Stellen - Total,77+79-82,77+79-82 Erbringung von sonst. wirtschaftlichen Dienst. (ohne 78),2001Q2,2001Q2,
1,Offene Stellen - Total,77+79-82,77+79-82 Erbringung von sonst. wirtschaftlichen Dienst. (ohne 78),2001Q3,2001Q3,
1,Offene Stellen - Total,77+79-82,77+79-82 Erbringung von sonst. wirtschaftlichen Dienst. (ohne 78),2001Q4,2001Q4,
1,Offene Stellen - Total,77+79-82,77+79-82 Erbringung von sonst. wirtschaftlichen Dienst. (ohne 78),2002Q1,2002Q1,
1,Offene Stellen - Total,77+79-82,77+79-82 Erbringung von sonst. wirtschaftlichen Dienst. (ohne 78),2002Q2,2002Q2,
1,Offene Stellen - Total,77+79-82,77+79-82 Erbringung von sonst. wirtschaftlichen Dienst. (ohne 78),2002Q3,2002Q3,
1,Offene Stellen - Total,77+79-82,77+79-82 Erbringung von sonst. wirtschaftlichen Dienst. (ohne 78),2002Q4,2002Q4,
1,Offene Stellen - Total,77+79-82,77+79-82 Erbringung von sonst. wirtschaftlichen Dienst. (ohne 78),2003Q1,2003Q1,
1,Offene Stellen - Total,77+79-82,77+79-82 Erbringung von sonst. wirtschaftlichen Dienst. (ohne 78),2003Q2,2003Q2,1422.0
1,Offene Stellen - Total,77+79-82,77+79-82 Erbringung von sonst. wirtschaftlichen Dienst. (ohne 78),2003Q3,2003Q3,967.0
1,Offene Stellen - Total,77+79-82,77+79-82 Erbringung von sonst. wirtschaftlichen Dienst. (ohne 78),2003Q4,2003Q4,1108.0
1,Offene Stellen - Total,77+79-82,77+79-82 Erbringung von sonst. wirtschaftlichen Dienst. (ohne 78),2004Q1,2004Q1,1709.0
1,Offene Stellen - Total,77+79-82,77+79-82 Erbringung von sonst. wirtschaftlichen Dienst. (ohne 78),2004Q2,2004Q2,1757.0
1,Offene Stellen - Total,77+79-82,77+79-82 Erbringung von sonst. wirtschaftlichen Dienst. (ohne 78),2004Q3,2004Q3,1322.0
1,Offene Stellen - Total,77+79-82,77+79-82 Erbringung von sonst. wirtschaftlichen Dienst. (ohne 78),2004Q4,2004Q4,1325.0
1,Offene Stellen - Total,77+79-82,77+79-82 Erbringung von sonst. wirtschaftlichen Dienst. (ohne 78),2005Q1,2005Q1,1379.0
1,Offene Stellen - Total,77+79-82,77+79-82 Erbringung von sonst. wirtschaftlichen Dienst. (ohne 78),2005Q2,2005Q2,1727.0
1,Offene Stellen - Total,77+79-82,77+79-82 Erbringung von sonst. wirtschaftlichen Dienst. (ohne 78),2005Q3,2005Q3,1609.0
1,Offene Stellen - Total,77+79-82,77+79-82 Erbringung von sonst. wirtschaftlichen Dienst. (ohne 78),2005Q4,2005Q4,2041.0
1,Offene Stellen - Total,77+79-82,77+79-82 Erbringung von sonst. wirtschaftlichen Dienst. (ohne 78),2006Q1,2006Q1,2480.0
1,Offene Stellen - Total,77+79-82,77+79-82 Erbringung von sonst. wirtschaftlichen Dienst. (ohne 78),2006Q2,2006Q2,2670.0
1,Offene Stellen - Total,77+79-82,77+79-82 Erbringung von sonst. wirtschaftlichen Dienst. (ohne 78),2006Q3,2006Q3,2631.0
1,Offene Stellen - Total,77+79-82,77+79-82 Erbringung von sonst. wirtschaftlichen Dienst. (ohne 78),2006Q4,2006Q4,2909.0
1,Offene Stellen - Total,77+79-82,77+79-82 Erbringung von sonst. wirtschaftlichen Dienst. (ohne 78),2007Q1,2007Q1,3302.0
1,Offene Stellen - Total,77+79-82,77+79-82 Erbringung von sonst. wirtschaftlichen Dienst. (ohne 78),2007Q2,2007Q2,3868.0
1,Offene Stellen - Total,77+79-82,77+79-82 Erbringung von sonst. wirtschaftlichen Dienst. (ohne 78),2007Q3,2007Q3,4034.0
1,Offene Stellen - Total,77+79-82,77+79-82 Erbringung von sonst. wirtschaftlichen Dienst. (ohne 78),2007Q4,2007Q4,3511.0
1,Offene Stellen - Total,77+79-82,77+79-82 Erbringung von sonst. wirtschaftlichen Dienst. (ohne 78),2008Q1,2008Q1,3822.0
1,Offene Stellen - Total,77+79-82,77+79-82 Erbringung von sonst. wirtschaftlichen Dienst. (ohne 78),2008Q2,2008Q2,3679.0
1,Offene Stellen - Total,77+79-82,77+79-82 Erbringung von sonst. wirtschaftlichen Dienst. (ohne 78),2008Q3,2008Q3,3422.0
1,Offene Stellen - Total,77+79-82,77+79-82 Erbringung von sonst. wirtschaftlichen Dienst. (ohne 78),2008Q4,2008Q4,2732.0
1,Offene Stellen - Total,77+79-82,77+79-82 Erbringung von sonst. wirtschaftlichen Dienst. (ohne 78),2009Q1,2009Q1,2486.0
1,Offene Stellen - Total,77+79-82,77+79-82 Erbringung von sonst. wirtschaftlichen Dienst. (ohne 78),2009Q2,2009Q2,2685.0
1,Offene Stellen - Total,77+79-82,77+79-82 Erbringung von sonst. wirtschaftlichen Dienst. (ohne 78),2009Q3,2009Q3,2113.0
1,Offene Stellen - Total,77+79-82,77+79-82 Erbringung von sonst. wirtschaftlichen Dienst. (ohne 78),2009Q4,2009Q4,1912.0
1,Offene Stellen - Total,77+79-82,77+79-82 Erbringung von sonst. wirtschaftlichen Dienst. (ohne 78),2010Q1,2010Q1,1612.0
1,Offene Stellen - Total,77+79-82,77+79-82 Erbringung von sonst. wirtschaftlichen Dienst. (ohne 78),2010Q2,2010Q2,1719.0
1,Offene Stellen - Total,77+79-82,77+79-82 Erbringung von sonst. wirtschaftlichen Dienst. (ohne 78),2010Q3,2010Q3,1858.0
1,Offene Stellen - Total,77+79-82,77+79-82 Erbringung von sonst. wirtschaftlichen Dienst. (ohne 78),2010Q4,2010Q4,1861.0
1,Offene Stellen - Total,77+79-82,77+79-82 Erbringung von sonst. wirtschaftlichen Dienst. (ohne 78),2011Q1,2011Q1,1662.0
1,Offene Stellen - Total,77+79-82,77+79-82 Erbringung von sonst. wirtschaftlichen Dienst. (ohne 78),2011Q2,2011Q2,1358.0
1,Offene Stellen - Total,77+79-82,77+79-82 Erbringung von sonst. wirtschaftlichen Dienst. (ohne 78),2011Q3,2011Q3,1324.0
1,Offene Stellen - Total,77+79-82,77+79-82 Erbringung von sonst. wirtschaftlichen Dienst. (ohne 78),2011Q4,2011Q4,1216.0
1,Offene Stellen - Total,77+79-82,77+79-82 Erbringung von sonst. wirtschaftlichen Dienst. (ohne 78),2012Q1,2012Q1,1868.0
1,Offene Stellen - Total,77+79-82,77+79-82 Erbringung von sonst. wirtschaftlichen Dienst. (ohne 78),2012Q2,2012Q2,1598.0
1,Offene Stellen - Total,77+79-82,77+79-82 Erbringung von sonst. wirtschaftlichen Dienst. (ohne 78),2012Q3,2012Q3,1521.0
1,Offene Stellen - Total,77+79-82,77+79-82 Erbringung von sonst. wirtschaftlichen Dienst. (ohne 78),2012Q4,2012Q4,1563.0
1,Offene Stellen - Total,77+79-82,77+79-82 Erbringung von sonst. wirtschaftlichen Dienst. (ohne 78),2013Q1,2013Q1,1856.0
1,Offene Stellen - Total,77+79-82,77+79-82 Erbringung von sonst. wirtschaftlichen Dienst. (ohne 78),2013Q2,2013Q2,1828.0
1,Offene Stellen - Total,77+79-82,77+79-82 Erbringung von sonst. wirtschaftlichen Dienst. (ohne 78),2013Q3,2013Q3,1990.0
1,Offene Stellen - Total,77+79-82,77+79-82 Erbringung von sonst. wirtschaftlichen Dienst. (ohne 78),2013Q4,2013Q4,2244.0
1,Offene Stellen - Total,77+79-82,77+79-82 Erbringung von sonst. wirtschaftlichen Dienst. (ohne 78),2014Q1,2014Q1,2473.0
1,Offene Stellen - Total,77+79-82,77+79-82 Erbringung von sonst. wirtschaftlichen Dienst. (ohne 78),2014Q2,2014Q2,2008.0
1,Offene Stellen - Total,77+79-82,77+79-82 Erbringung von sonst. wirtschaftlichen Dienst. (ohne 78),2014Q3,2014Q3,2047.0
1,Offene Stellen - Total,77+79-82,77+79-82 Erbringung von sonst. wirtschaftlichen Dienst. (ohne 78),2014Q4,2014Q4,1508.0
1,Offene Stellen - Total,77+79-82,77+79-82 Erbringung von sonst. wirtschaftlichen Dienst. (ohne 78),2015Q1,2015Q1,1881.0
1,Offene Stellen - Total,77+79-82,77+79-82 Erbringung von sonst. wirtschaftlichen Dienst. (ohne 78),2015Q2,2015Q2,2028.0
1,Offene Stellen - Total,77+79-82,77+79-82 Erbringung von sonst. wirtschaftlichen Dienst. (ohne 78),2015Q3,2015Q3,1764.0
1,Offene Stellen - Total,77+79-82,77+79-82 Erbringung von sonst. wirtschaftlichen Dienst. (ohne 78),2015Q4,2015Q4,2499.0
1,Offene Stellen - Total,77+79-82,77+79-82 Erbringung von sonst. wirtschaftlichen Dienst. (ohne 78),2016Q1,2016Q1,1742.0
1,Offene Stellen - Total,77+79-82,77+79-82 Erbringung von sonst. wirtschaftlichen Dienst. (ohne 78),2016Q2,2016Q2,1904.0
1,Offene Stellen - Total,77+79-82,77+79-82 Erbringung von sonst. wirtschaftlichen Dienst. (ohne 78),2016Q3,2016Q3,1612.0
1,Offene Stellen - Total,77+79-82,77+79-82 Erbringung von sonst. wirtschaftlichen Dienst. (ohne 78),2016Q4,2016Q4,1293.0
1,Offene Stellen - Total,77+79-82,77+79-82 Erbringung von sonst. wirtschaftlichen Dienst. (ohne 78),2017Q1,2017Q1,1699.0
1,Offene Stellen - Total,77+79-82,77+79-82 Erbringung von sonst. wirtschaftlichen Dienst. (ohne 78),2017Q2,2017Q2,1825.0
1,Offene Stellen - Total,77+79-82,77+79-82 Erbringung von sonst. wirtschaftlichen Dienst. (ohne 78),2017Q3,2017Q3,1921.0
1,Offene Stellen - Total,77+79-82,77+79-82 Erbringung von sonst. wirtschaftlichen Dienst. (ohne 78),2017Q4,2017Q4,2516.0
1,Offene Stellen - Total,77+79-82,77+79-82 Erbringung von sonst. wirtschaftlichen Dienst. (ohne 78),2018Q1,2018Q1,2918.0
1,Offene Stellen - Total,77+79-82,77+79-82 Erbringung von sonst. wirtschaftlichen Dienst. (ohne 78),2018Q2,2018Q2,2744.0
1,Offene Stellen - Total,77+79-82,77+79-82 Erbringung von sonst. wirtschaftlichen Dienst. (ohne 78),2018Q3,2018Q3,2528.0
1,Offene Stellen - Total,77+79-82,77+79-82 Erbringung von sonst. wirtschaftlichen Dienst. (ohne 78),2018Q4,2018Q4,2018.0
1,Offene Stellen - Total,77+79-82,77+79-82 Erbringung von sonst. wirtschaftlichen Dienst. (ohne 78),2019Q1,2019Q1,2011.0
1,Offene Stellen - Total,77+79-82,77+79-82 Erbringung von sonst. wirtschaftlichen Dienst. (ohne 78),2019Q2,2019Q2,2966.0
1,Offene Stellen - Total,77+79-82,77+79-82 Erbringung von sonst. wirtschaftlichen Dienst. (ohne 78),2019Q3,2019Q3,2440.0
1,Offene Stellen - Total,77+79-82,77+79-82 Erbringung von sonst. wirtschaftlichen Dienst. (ohne 78),2019Q4,2019Q4,2428.0
1,Offene Stellen - Total,77+79-82,77+79-82 Erbringung von sonst. wirtschaftlichen Dienst. (ohne 78),2020Q1,2020Q1,2124.0
1,Offene Stellen - Total,77+79-82,77+79-82 Erbringung von sonst. wirtschaftlichen Dienst. (ohne 78),2020Q2,2020Q2,1669.0
1,Offene Stellen - Total,77+79-82,77+79-82 Erbringung von sonst. wirtschaftlichen Dienst. (ohne 78),2020Q3,2020Q3,1908.0
1,Offene Stellen - Total,77+79-82,77+79-82 Erbringung von sonst. wirtschaftlichen Dienst. (ohne 78),2020Q4,2020Q4,1932.0
1,Offene Stellen - Total,77+79-82,77+79-82 Erbringung von sonst. wirtschaftlichen Dienst. (ohne 78),2021Q1,2021Q1,2214.0
1,Offene Stellen - Total,77+79-82,77+79-82 Erbringung von sonst. wirtschaftlichen Dienst. (ohne 78),2021Q2,2021Q2,2692.0
1,Offene Stellen - Total,77+79-82,77+79-82 Erbringung von sonst. wirtschaftlichen Dienst. (ohne 78),2021Q3,2021Q3,3668.0
1,Offene Stellen - Total,77+79-82,77+79-82 Erbringung von sonst. wirtschaftlichen Dienst. (ohne 78),2021Q4,2021Q4,3752.0
1,Offene Stellen - Total,77+79-82,77+79-82 Erbringung von sonst. wirtschaftlichen Dienst. (ohne 78),2022Q1,2022Q1,4070.0
1,Offene Stellen - Total,77+79-82,77+79-82 Erbringung von sonst. wirtschaftlichen Dienst. (ohne 78),2022Q2,2022Q2,4076.0
1,Offene Stellen - Total,77+79-82,77+79-82 Erbringung von sonst. wirtschaftlichen Dienst. (ohne 78),2022Q3,2022Q3,4312.0
1,Offene Stellen - Total,77+79-82,77+79-82 Erbringung von sonst. wirtschaftlichen Dienst. (ohne 78),2022Q4,2022Q4,4874.0
1,Offene Stellen - Total,77+79-82,77+79-82 Erbringung von sonst. wirtschaftlichen Dienst. (ohne 78),2023Q1,2023Q1,5013.0
1,Offene Stellen - Total,77+79-82,77+79-82 Erbringung von sonst. wirtschaftlichen Dienst. (ohne 78),2023Q2,2023Q2,5178.0
1,Offene Stellen - Total,77+79-82,77+79-82 Erbringung von sonst. wirtschaftlichen Dienst. (ohne 78),2023Q3,2023Q3,4099.0
1,Offene Stellen - Total,77+79-82,77+79-82 Erbringung von sonst. wirtschaftlichen Dienst. (ohne 78),2023Q4,2023Q4,3585.0
1,Offene Stellen - Total,77+79-82,77+79-82 Erbringung von sonst. wirtschaftlichen Dienst. (ohne 78),2024Q1,2024Q1,4461.0
1,Offene Stellen - Total,77+79-82,77+79-82 Erbringung von sonst. wirtschaftlichen Dienst. (ohne 78),2024Q2,2024Q2,3437.0
1,Offene Stellen - Total,77+79-82,77+79-82 Erbringung von sonst. wirtschaftlichen Dienst. (ohne 78),2024Q3,2024Q3,4187.0
1,Offene Stellen - Total,77+79-82,77+79-82 Erbringung von sonst. wirtschaftlichen Dienst. (ohne 78),2024Q4,2024Q4,3856.0
1,Offene Stellen - Total,77+79-82,77+79-82 Erbringung von sonst. wirtschaftlichen Dienst. (ohne 78),2025Q1,2025Q1,3466.0
1,Offene Stellen - Total,77+79-82,77+79-82 Erbringung von sonst. wirtschaftlichen Dienst. (ohne 78),2025Q2,2025Q2,3805.0
1,Offene Stellen - Total,77+79-82,77+79-82 Erbringung von sonst. wirtschaftlichen Dienst. (ohne 78),2025Q3,2025Q3,3657.0
1,Offene Stellen - Total,77+79-82,77+79-82 Erbringung von sonst. wirtschaftlichen Dienst. (ohne 78),2025Q4,2025Q4,3351.0
1,Offene Stellen - Total,77+79-82,77+79-82 Erbringung von sonst. wirtschaftlichen Dienst. (ohne 78),2026Q1,2026Q1,4072.0
1,Offene Stellen - Total,77+79-82,77+79-82 Erbringung von sonst. wirtschaftlichen Dienst. (ohne 78),2026Q2,2026Q2,2852.0
1,Offene Stellen - Total,84,84 Öffentliche Verwaltung,1992Q2,1992Q2,
1,Offene Stellen - Total,84,84 Öffentliche Verwaltung,1992Q3,1992Q3,
1,Offene Stellen - Total,84,84 Öffentliche Verwaltung,1992Q4,1992Q4,
1,Offene Stellen - Total,84,84 Öffentliche Verwaltung,1993Q1,1993Q1,
1,Offene Stellen - Total,84,84 Öffentliche Verwaltung,1993Q2,1993Q2,
1,Offene Stellen - Total,84,84 Öffentliche Verwaltung,1993Q3,1993Q3,
1,Offene Stellen - Total,84,84 Öffentliche Verwaltung,1993Q4,1993Q4,
1,Offene Stellen - Total,84,84 Öffentliche Verwaltung,1994Q1,1994Q1,
1,Offene Stellen - Total,84,84 Öffentliche Verwaltung,1994Q2,1994Q2,
1,Offene Stellen - Total,84,84 Öffentliche Verwaltung,1994Q3,1994Q3,
1,Offene Stellen - Total,84,84 Öffentliche Verwaltung,1994Q4,1994Q4,
1,Offene Stellen - Total,84,84 Öffentliche Verwaltung,1995Q1,1995Q1,
1,Offene Stellen - Total,84,84 Öffentliche Verwaltung,1995Q2,1995Q2,
1,Offene Stellen - Total,84,84 Öffentliche Verwaltung,1995Q3,1995Q3,
1,Offene Stellen - Total,84,84 Öffentliche Verwaltung,1995Q4,1995Q4,
1,Offene Stellen - Total,84,84 Öffentliche Verwaltung,1996Q1,1996Q1,
1,Offene Stellen - Total,84,84 Öffentliche Verwaltung,1996Q2,1996Q2,
1,Offene Stellen - Total,84,84 Öffentliche Verwaltung,1996Q3,1996Q3,
1,Offene Stellen - Total,84,84 Öffentliche Verwaltung,1996Q4,1996Q4,
1,Offene Stellen - Total,84,84 Öffentliche Verwaltung,1997Q1,1997Q1,
1,Offene Stellen - Total,84,84 Öffentliche Verwaltung,1997Q2,1997Q2,
1,Offene Stellen - Total,84,84 Öffentliche Verwaltung,1997Q3,1997Q3,
1,Offene Stellen - Total,84,84 Öffentliche Verwaltung,1997Q4,1997Q4,
1,Offene Stellen - Total,84,84 Öffentliche Verwaltung,1998Q1,1998Q1,
1,Offene Stellen - Total,84,84 Öffentliche Verwaltung,1998Q2,1998Q2,
1,Offene Stellen - Total,84,84 Öffentliche Verwaltung,1998Q3,1998Q3,
1,Offene Stellen - Total,84,84 Öffentliche Verwaltung,1998Q4,1998Q4,
1,Offene Stellen - Total,84,84 Öffentliche Verwaltung,1999Q1,1999Q1,
1,Offene Stellen - Total,84,84 Öffentliche Verwaltung,1999Q2,1999Q2,
1,Offene Stellen - Total,84,84 Öffentliche Verwaltung,1999Q3,1999Q3,
1,Offene Stellen - Total,84,84 Öffentliche Verwaltung,1999Q4,1999Q4,
1,Offene Stellen - Total,84,84 Öffentliche Verwaltung,2000Q1,2000Q1,
1,Offene Stellen - Total,84,84 Öffentliche Verwaltung,2000Q2,2000Q2,
1,Offene Stellen - Total,84,84 Öffentliche Verwaltung,2000Q3,2000Q3,
1,Offene Stellen - Total,84,84 Öffentliche Verwaltung,2000Q4,2000Q4,
1,Offene Stellen - Total,84,84 Öffentliche Verwaltung,2001Q1,2001Q1,
1,Offene Stellen - Total,84,84 Öffentliche Verwaltung,2001Q2,2001Q2,
1,Offene Stellen - Total,84,84 Öffentliche Verwaltung,2001Q3,2001Q3,
1,Offene Stellen - Total,84,84 Öffentliche Verwaltung,2001Q4,2001Q4,
1,Offene Stellen - Total,84,84 Öffentliche Verwaltung,2002Q1,2002Q1,
1,Offene Stellen - Total,84,84 Öffentliche Verwaltung,2002Q2,2002Q2,
1,Offene Stellen - Total,84,84 Öffentliche Verwaltung,2002Q3,2002Q3,
1,Offene Stellen - Total,84,84 Öffentliche Verwaltung,2002Q4,2002Q4,
1,Offene Stellen - Total,84,84 Öffentliche Verwaltung,2003Q1,2003Q1,
1,Offene Stellen - Total,84,84 Öffentliche Verwaltung,2003Q2,2003Q2,786.0
1,Offene Stellen - Total,84,84 Öffentliche Verwaltung,2003Q3,2003Q3,457.0
1,Offene Stellen - Total,84,84 Öffentliche Verwaltung,2003Q4,2003Q4,561.0
1,Offene Stellen - Total,84,84 Öffentliche Verwaltung,2004Q1,2004Q1,883.0
1,Offene Stellen - Total,84,84 Öffentliche Verwaltung,2004Q2,2004Q2,760.0
1,Offene Stellen - Total,84,84 Öffentliche Verwaltung,2004Q3,2004Q3,622.0
1,Offene Stellen - Total,84,84 Öffentliche Verwaltung,2004Q4,2004Q4,631.0
1,Offene Stellen - Total,84,84 Öffentliche Verwaltung,2005Q1,2005Q1,398.0
1,Offene Stellen - Total,84,84 Öffentliche Verwaltung,2005Q2,2005Q2,592.0
1,Offene Stellen - Total,84,84 Öffentliche Verwaltung,2005Q3,2005Q3,615.0
1,Offene Stellen - Total,84,84 Öffentliche Verwaltung,2005Q4,2005Q4,864.0
1,Offene Stellen - Total,84,84 Öffentliche Verwaltung,2006Q1,2006Q1,914.0
1,Offene Stellen - Total,84,84 Öffentliche Verwaltung,2006Q2,2006Q2,861.0
1,Offene Stellen - Total,84,84 Öffentliche Verwaltung,2006Q3,2006Q3,971.0
1,Offene Stellen - Total,84,84 Öffentliche Verwaltung,2006Q4,2006Q4,1014.0
1,Offene Stellen - Total,84,84 Öffentliche Verwaltung,2007Q1,2007Q1,1092.0
1,Offene Stellen - Total,84,84 Öffentliche Verwaltung,2007Q2,2007Q2,1293.0
1,Offene Stellen - Total,84,84 Öffentliche Verwaltung,2007Q3,2007Q3,1233.0
1,Offene Stellen - Total,84,84 Öffentliche Verwaltung,2007Q4,2007Q4,1559.0
1,Offene Stellen - Total,84,84 Öffentliche Verwaltung,2008Q1,2008Q1,1520.0
1,Offene Stellen - Total,84,84 Öffentliche Verwaltung,2008Q2,2008Q2,1450.0
1,Offene Stellen - Total,84,84 Öffentliche Verwaltung,2008Q3,2008Q3,1382.0
1,Offene Stellen - Total,84,84 Öffentliche Verwaltung,2008Q4,2008Q4,1339.0
1,Offene Stellen - Total,84,84 Öffentliche Verwaltung,2009Q1,2009Q1,1411.0
1,Offene Stellen - Total,84,84 Öffentliche Verwaltung,2009Q2,2009Q2,1361.0
1,Offene Stellen - Total,84,84 Öffentliche Verwaltung,2009Q3,2009Q3,1280.0
1,Offene Stellen - Total,84,84 Öffentliche Verwaltung,2009Q4,2009Q4,1183.0
1,Offene Stellen - Total,84,84 Öffentliche Verwaltung,2010Q1,2010Q1,1303.0
1,Offene Stellen - Total,84,84 Öffentliche Verwaltung,2010Q2,2010Q2,1281.0
1,Offene Stellen - Total,84,84 Öffentliche Verwaltung,2010Q3,2010Q3,1339.0
1,Offene Stellen - Total,84,84 Öffentliche Verwaltung,2010Q4,2010Q4,1472.0
1,Offene Stellen - Total,84,84 Öffentliche Verwaltung,2011Q1,2011Q1,1363.0
1,Offene Stellen - Total,84,84 Öffentliche Verwaltung,2011Q2,2011Q2,1376.0
1,Offene Stellen - Total,84,84 Öffentliche Verwaltung,2011Q3,2011Q3,1625.0
1,Offene Stellen - Total,84,84 Öffentliche Verwaltung,2011Q4,2011Q4,1415.0
1,Offene Stellen - Total,84,84 Öffentliche Verwaltung,2012Q1,2012Q1,1532.0
1,Offene Stellen - Total,84,84 Öffentliche Verwaltung,2012Q2,2012Q2,1483.0
1,Offene Stellen - Total,84,84 Öffentliche Verwaltung,2012Q3,2012Q3,1542.0
1,Offene Stellen - Total,84,84 Öffentliche Verwaltung,2012Q4,2012Q4,1432.0
1,Offene Stellen - Total,84,84 Öffentliche Verwaltung,2013Q1,2013Q1,1372.0
1,Offene Stellen - Total,84,84 Öffentliche Verwaltung,2013Q2,2013Q2,1804.0
1,Offene Stellen - Total,84,84 Öffentliche Verwaltung,2013Q3,2013Q3,2015.0
1,Offene Stellen - Total,84,84 Öffentliche Verwaltung,2013Q4,2013Q4,1759.0
1,Offene Stellen - Total,84,84 Öffentliche Verwaltung,2014Q1,2014Q1,1899.0
1,Offene Stellen - Total,84,84 Öffentliche Verwaltung,2014Q2,2014Q2,2021.0
1,Offene Stellen - Total,84,84 Öffentliche Verwaltung,2014Q3,2014Q3,2014.0
1,Offene Stellen - Total,84,84 Öffentliche Verwaltung,2014Q4,2014Q4,1844.0
1,Offene Stellen - Total,84,84 Öffentliche Verwaltung,2015Q1,2015Q1,2056.0
1,Offene Stellen - Total,84,84 Öffentliche Verwaltung,2015Q2,2015Q2,1783.0
1,Offene Stellen - Total,84,84 Öffentliche Verwaltung,2015Q3,2015Q3,1673.0
1,Offene Stellen - Total,84,84 Öffentliche Verwaltung,2015Q4,2015Q4,1669.0
1,Offene Stellen - Total,84,84 Öffentliche Verwaltung,2016Q1,2016Q1,1965.0
1,Offene Stellen - Total,84,84 Öffentliche Verwaltung,2016Q2,2016Q2,1948.0
1,Offene Stellen - Total,84,84 Öffentliche Verwaltung,2016Q3,2016Q3,1863.0
1,Offene Stellen - Total,84,84 Öffentliche Verwaltung,2016Q4,2016Q4,1760.0
1,Offene Stellen - Total,84,84 Öffentliche Verwaltung,2017Q1,2017Q1,1983.0
1,Offene Stellen - Total,84,84 Öffentliche Verwaltung,2017Q2,2017Q2,1837.0
1,Offene Stellen - Total,84,84 Öffentliche Verwaltung,2017Q3,2017Q3,1897.0
1,Offene Stellen - Total,84,84 Öffentliche Verwaltung,2017Q4,2017Q4,1839.0
1,Offene Stellen - Total,84,84 Öffentliche Verwaltung,2018Q1,2018Q1,2390.0
1,Offene Stellen - Total,84,84 Öffentliche Verwaltung,2018Q2,2018Q2,1636.0
1,Offene Stellen - Total,84,84 Öffentliche Verwaltung,2018Q3,2018Q3,1809.0
1,Offene Stellen - Total,84,84 Öffentliche Verwaltung,2018Q4,2018Q4,1943.0
1,Offene Stellen - Total,84,84 Öffentliche Verwaltung,2019Q1,2019Q1,2223.0
1,Offene Stellen - Total,84,84 Öffentliche Verwaltung,2019Q2,2019Q2,2226.0
1,Offene Stellen - Total,84,84 Öffentliche Verwaltung,2019Q3,2019Q3,1922.0
1,Offene Stellen - Total,84,84 Öffentliche Verwaltung,2019Q4,2019Q4,2070.0
1,Offene Stellen - Total,84,84 Öffentliche Verwaltung,2020Q1,2020Q1,1985.0
1,Offene Stellen - Total,84,84 Öffentliche Verwaltung,2020Q2,2020Q2,1901.0
1,Offene Stellen - Total,84,84 Öffentliche Verwaltung,2020Q3,2020Q3,2048.0
1,Offene Stellen - Total,84,84 Öffentliche Verwaltung,2020Q4,2020Q4,2130.0
1,Offene Stellen - Total,84,84 Öffentliche Verwaltung,2021Q1,2021Q1,2722.0
1,Offene Stellen - Total,84,84 Öffentliche Verwaltung,2021Q2,2021Q2,2452.0
1,Offene Stellen - Total,84,84 Öffentliche Verwaltung,2021Q3,2021Q3,2328.0
1,Offene Stellen - Total,84,84 Öffentliche Verwaltung,2021Q4,2021Q4,2798.0
1,Offene Stellen - Total,84,84 Öffentliche Verwaltung,2022Q1,2022Q1,2556.0
1,Offene Stellen - Total,84,84 Öffentliche Verwaltung,2022Q2,2022Q2,2814.0
1,Offene Stellen - Total,84,84 Öffentliche Verwaltung,2022Q3,2022Q3,2779.0
1,Offene Stellen - Total,84,84 Öffentliche Verwaltung,2022Q4,2022Q4,2635.0
1,Offene Stellen - Total,84,84 Öffentliche Verwaltung,2023Q1,2023Q1,2835.0
1,Offene Stellen - Total,84,84 Öffentliche Verwaltung,2023Q2,2023Q2,2922.0
1,Offene Stellen - Total,84,84 Öffentliche Verwaltung,2023Q3,2023Q3,2943.0
1,Offene Stellen - Total,84,84 Öffentliche Verwaltung,2023Q4,2023Q4,2647.0
1,Offene Stellen - Total,84,84 Öffentliche Verwaltung,2024Q1,2024Q1,3115.0
1,Offene Stellen - Total,84,84 Öffentliche Verwaltung,2024Q2,2024Q2,2803.0
1,Offene Stellen - Total,84,84 Öffentliche Verwaltung,2024Q3,2024Q3,2780.0
1,Offene Stellen - Total,84,84 Öffentliche Verwaltung,2024Q4,2024Q4,2880.0
1,Offene Stellen - Total,84,84 Öffentliche Verwaltung,2025Q1,2025Q1,2699.0
1,Offene Stellen - Total,84,84 Öffentliche Verwaltung,2025Q2,2025Q2,2945.0
1,Offene Stellen - Total,84,84 Öffentliche Verwaltung,2025Q3,2025Q3,2439.0
1,Offene Stellen - Total,84,84 Öffentliche Verwaltung,2025Q4,2025Q4,2383.0
1,Offene Stellen - Total,84,84 Öffentliche Verwaltung,2026Q1,2026Q1,3013.0
1,Offene Stellen - Total,84,84 Öffentliche Verwaltung,2026Q2,2026Q2,3256.0
1,Offene Stellen - Total,85,85 Erziehung und Unterricht,1992Q2,1992Q2,
1,Offene Stellen - Total,85,85 Erziehung und Unterricht,1992Q3,1992Q3,
1,Offene Stellen - Total,85,85 Erziehung und Unterricht,1992Q4,1992Q4,
1,Offene Stellen - Total,85,85 Erziehung und Unterricht,1993Q1,1993Q1,
1,Offene Stellen - Total,85,85 Erziehung und Unterricht,1993Q2,1993Q2,
1,Offene Stellen - Total,85,85 Erziehung und Unterricht,1993Q3,1993Q3,
1,Offene Stellen - Total,85,85 Erziehung und Unterricht,1993Q4,1993Q4,
1,Offene Stellen - Total,85,85 Erziehung und Unterricht,1994Q1,1994Q1,
1,Offene Stellen - Total,85,85 Erziehung und Unterricht,1994Q2,1994Q2,
1,Offene Stellen - Total,85,85 Erziehung und Unterricht,1994Q3,1994Q3,
1,Offene Stellen - Total,85,85 Erziehung und Unterricht,1994Q4,1994Q4,
1,Offene Stellen - Total,85,85 Erziehung und Unterricht,1995Q1,1995Q1,
1,Offene Stellen - Total,85,85 Erziehung und Unterricht,1995Q2,1995Q2,
1,Offene Stellen - Total,85,85 Erziehung und Unterricht,1995Q3,1995Q3,
1,Offene Stellen - Total,85,85 Erziehung und Unterricht,1995Q4,1995Q4,
1,Offene Stellen - Total,85,85 Erziehung und Unterricht,1996Q1,1996Q1,
1,Offene Stellen - Total,85,85 Erziehung und Unterricht,1996Q2,1996Q2,
1,Offene Stellen - Total,85,85 Erziehung und Unterricht,1996Q3,1996Q3,
1,Offene Stellen - Total,85,85 Erziehung und Unterricht,1996Q4,1996Q4,
1,Offene Stellen - Total,85,85 Erziehung und Unterricht,1997Q1,1997Q1,
1,Offene Stellen - Total,85,85 Erziehung und Unterricht,1997Q2,1997Q2,
1,Offene Stellen - Total,85,85 Erziehung und Unterricht,1997Q3,1997Q3,
1,Offene Stellen - Total,85,85 Erziehung und Unterricht,1997Q4,1997Q4,
1,Offene Stellen - Total,85,85 Erziehung und Unterricht,1998Q1,1998Q1,
1,Offene Stellen - Total,85,85 Erziehung und Unterricht,1998Q2,1998Q2,
1,Offene Stellen - Total,85,85 Erziehung und Unterricht,1998Q3,1998Q3,
1,Offene Stellen - Total,85,85 Erziehung und Unterricht,1998Q4,1998Q4,
1,Offene Stellen - Total,85,85 Erziehung und Unterricht,1999Q1,1999Q1,
1,Offene Stellen - Total,85,85 Erziehung und Unterricht,1999Q2,1999Q2,
1,Offene Stellen - Total,85,85 Erziehung und Unterricht,1999Q3,1999Q3,
1,Offene Stellen - Total,85,85 Erziehung und Unterricht,1999Q4,1999Q4,
1,Offene Stellen - Total,85,85 Erziehung und Unterricht,2000Q1,2000Q1,
1,Offene Stellen - Total,85,85 Erziehung und Unterricht,2000Q2,2000Q2,
1,Offene Stellen - Total,85,85 Erziehung und Unterricht,2000Q3,2000Q3,
1,Offene Stellen - Total,85,85 Erziehung und Unterricht,2000Q4,2000Q4,
1,Offene Stellen - Total,85,85 Erziehung und Unterricht,2001Q1,2001Q1,
1,Offene Stellen - Total,85,85 Erziehung und Unterricht,2001Q2,2001Q2,
1,Offene Stellen - Total,85,85 Erziehung und Unterricht,2001Q3,2001Q3,
1,Offene Stellen - Total,85,85 Erziehung und Unterricht,2001Q4,2001Q4,
1,Offene Stellen - Total,85,85 Erziehung und Unterricht,2002Q1,2002Q1,
1,Offene Stellen - Total,85,85 Erziehung und Unterricht,2002Q2,2002Q2,
1,Offene Stellen - Total,85,85 Erziehung und Unterricht,2002Q3,2002Q3,
1,Offene Stellen - Total,85,85 Erziehung und Unterricht,2002Q4,2002Q4,
1,Offene Stellen - Total,85,85 Erziehung und Unterricht,2003Q1,2003Q1,
1,Offene Stellen - Total,85,85 Erziehung und Unterricht,2003Q2,2003Q2,945.0
1,Offene Stellen - Total,85,85 Erziehung und Unterricht,2003Q3,2003Q3,828.0
1,Offene Stellen - Total,85,85 Erziehung und Unterricht,2003Q4,2003Q4,1144.0
1,Offene Stellen - Total,85,85 Erziehung und Unterricht,2004Q1,2004Q1,1081.0
1,Offene Stellen - Total,85,85 Erziehung und Unterricht,2004Q2,2004Q2,1103.0
1,Offene Stellen - Total,85,85 Erziehung und Unterricht,2004Q3,2004Q3,719.0
1,Offene Stellen - Total,85,85 Erziehung und Unterricht,2004Q4,2004Q4,553.0
1,Offene Stellen - Total,85,85 Erziehung und Unterricht,2005Q1,2005Q1,1104.0
1,Offene Stellen - Total,85,85 Erziehung und Unterricht,2005Q2,2005Q2,1209.0
1,Offene Stellen - Total,85,85 Erziehung und Unterricht,2005Q3,2005Q3,669.0
1,Offene Stellen - Total,85,85 Erziehung und Unterricht,2005Q4,2005Q4,737.0
1,Offene Stellen - Total,85,85 Erziehung und Unterricht,2006Q1,2006Q1,1199.0
1,Offene Stellen - Total,85,85 Erziehung und Unterricht,2006Q2,2006Q2,1615.0
1,Offene Stellen - Total,85,85 Erziehung und Unterricht,2006Q3,2006Q3,1112.0
1,Offene Stellen - Total,85,85 Erziehung und Unterricht,2006Q4,2006Q4,1166.0
1,Offene Stellen - Total,85,85 Erziehung und Unterricht,2007Q1,2007Q1,1456.0
1,Offene Stellen - Total,85,85 Erziehung und Unterricht,2007Q2,2007Q2,1965.0
1,Offene Stellen - Total,85,85 Erziehung und Unterricht,2007Q3,2007Q3,1159.0
1,Offene Stellen - Total,85,85 Erziehung und Unterricht,2007Q4,2007Q4,1311.0
1,Offene Stellen - Total,85,85 Erziehung und Unterricht,2008Q1,2008Q1,2155.0
1,Offene Stellen - Total,85,85 Erziehung und Unterricht,2008Q2,2008Q2,1938.0
1,Offene Stellen - Total,85,85 Erziehung und Unterricht,2008Q3,2008Q3,1319.0
1,Offene Stellen - Total,85,85 Erziehung und Unterricht,2008Q4,2008Q4,1442.0
1,Offene Stellen - Total,85,85 Erziehung und Unterricht,2009Q1,2009Q1,1716.0
1,Offene Stellen - Total,85,85 Erziehung und Unterricht,2009Q2,2009Q2,1815.0
1,Offene Stellen - Total,85,85 Erziehung und Unterricht,2009Q3,2009Q3,983.0
1,Offene Stellen - Total,85,85 Erziehung und Unterricht,2009Q4,2009Q4,1002.0
1,Offene Stellen - Total,85,85 Erziehung und Unterricht,2010Q1,2010Q1,1467.0
1,Offene Stellen - Total,85,85 Erziehung und Unterricht,2010Q2,2010Q2,1636.0
1,Offene Stellen - Total,85,85 Erziehung und Unterricht,2010Q3,2010Q3,1268.0
1,Offene Stellen - Total,85,85 Erziehung und Unterricht,2010Q4,2010Q4,967.0
1,Offene Stellen - Total,85,85 Erziehung und Unterricht,2011Q1,2011Q1,1298.0
1,Offene Stellen - Total,85,85 Erziehung und Unterricht,2011Q2,2011Q2,1467.0
1,Offene Stellen - Total,85,85 Erziehung und Unterricht,2011Q3,2011Q3,997.0
1,Offene Stellen - Total,85,85 Erziehung und Unterricht,2011Q4,2011Q4,1140.0
1,Offene Stellen - Total,85,85 Erziehung und Unterricht,2012Q1,2012Q1,1535.0
1,Offene Stellen - Total,85,85 Erziehung und Unterricht,2012Q2,2012Q2,1814.0
1,Offene Stellen - Total,85,85 Erziehung und Unterricht,2012Q3,2012Q3,1213.0
1,Offene Stellen - Total,85,85 Erziehung und Unterricht,2012Q4,2012Q4,1269.0
1,Offene Stellen - Total,85,85 Erziehung und Unterricht,2013Q1,2013Q1,1904.0
1,Offene Stellen - Total,85,85 Erziehung und Unterricht,2013Q2,2013Q2,1832.0
1,Offene Stellen - Total,85,85 Erziehung und Unterricht,2013Q3,2013Q3,1215.0
1,Offene Stellen - Total,85,85 Erziehung und Unterricht,2013Q4,2013Q4,763.0
1,Offene Stellen - Total,85,85 Erziehung und Unterricht,2014Q1,2014Q1,1408.0
1,Offene Stellen - Total,85,85 Erziehung und Unterricht,2014Q2,2014Q2,1163.0
1,Offene Stellen - Total,85,85 Erziehung und Unterricht,2014Q3,2014Q3,824.0
1,Offene Stellen - Total,85,85 Erziehung und Unterricht,2014Q4,2014Q4,1479.0
1,Offene Stellen - Total,85,85 Erziehung und Unterricht,2015Q1,2015Q1,1131.0
1,Offene Stellen - Total,85,85 Erziehung und Unterricht,2015Q2,2015Q2,1635.0
1,Offene Stellen - Total,85,85 Erziehung und Unterricht,2015Q3,2015Q3,1699.0
1,Offene Stellen - Total,85,85 Erziehung und Unterricht,2015Q4,2015Q4,1710.0
1,Offene Stellen - Total,85,85 Erziehung und Unterricht,2016Q1,2016Q1,1325.0
1,Offene Stellen - Total,85,85 Erziehung und Unterricht,2016Q2,2016Q2,1409.0
1,Offene Stellen - Total,85,85 Erziehung und Unterricht,2016Q3,2016Q3,2067.0
1,Offene Stellen - Total,85,85 Erziehung und Unterricht,2016Q4,2016Q4,1285.0
1,Offene Stellen - Total,85,85 Erziehung und Unterricht,2017Q1,2017Q1,1591.0
1,Offene Stellen - Total,85,85 Erziehung und Unterricht,2017Q2,2017Q2,1242.0
1,Offene Stellen - Total,85,85 Erziehung und Unterricht,2017Q3,2017Q3,1537.0
1,Offene Stellen - Total,85,85 Erziehung und Unterricht,2017Q4,2017Q4,1429.0
1,Offene Stellen - Total,85,85 Erziehung und Unterricht,2018Q1,2018Q1,2435.0
1,Offene Stellen - Total,85,85 Erziehung und Unterricht,2018Q2,2018Q2,2289.0
1,Offene Stellen - Total,85,85 Erziehung und Unterricht,2018Q3,2018Q3,2019.0
1,Offene Stellen - Total,85,85 Erziehung und Unterricht,2018Q4,2018Q4,2437.0
1,Offene Stellen - Total,85,85 Erziehung und Unterricht,2019Q1,2019Q1,2332.0
1,Offene Stellen - Total,85,85 Erziehung und Unterricht,2019Q2,2019Q2,2527.0
1,Offene Stellen - Total,85,85 Erziehung und Unterricht,2019Q3,2019Q3,1649.0
1,Offene Stellen - Total,85,85 Erziehung und Unterricht,2019Q4,2019Q4,2147.0
1,Offene Stellen - Total,85,85 Erziehung und Unterricht,2020Q1,2020Q1,2148.0
1,Offene Stellen - Total,85,85 Erziehung und Unterricht,2020Q2,2020Q2,2149.0
1,Offene Stellen - Total,85,85 Erziehung und Unterricht,2020Q3,2020Q3,1906.0
1,Offene Stellen - Total,85,85 Erziehung und Unterricht,2020Q4,2020Q4,1847.0
1,Offene Stellen - Total,85,85 Erziehung und Unterricht,2021Q1,2021Q1,2619.0
1,Offene Stellen - Total,85,85 Erziehung und Unterricht,2021Q2,2021Q2,3001.0
1,Offene Stellen - Total,85,85 Erziehung und Unterricht,2021Q3,2021Q3,2590.0
1,Offene Stellen - Total,85,85 Erziehung und Unterricht,2021Q4,2021Q4,2516.0
1,Offene Stellen - Total,85,85 Erziehung und Unterricht,2022Q1,2022Q1,2676.0
1,Offene Stellen - Total,85,85 Erziehung und Unterricht,2022Q2,2022Q2,3123.0
1,Offene Stellen - Total,85,85 Erziehung und Unterricht,2022Q3,2022Q3,3073.0
1,Offene Stellen - Total,85,85 Erziehung und Unterricht,2022Q4,2022Q4,2636.0
1,Offene Stellen - Total,85,85 Erziehung und Unterricht,2023Q1,2023Q1,2753.0
1,Offene Stellen - Total,85,85 Erziehung und Unterricht,2023Q2,2023Q2,3060.0
1,Offene Stellen - Total,85,85 Erziehung und Unterricht,2023Q3,2023Q3,2717.0
1,Offene Stellen - Total,85,85 Erziehung und Unterricht,2023Q4,2023Q4,2781.0
1,Offene Stellen - Total,85,85 Erziehung und Unterricht,2024Q1,2024Q1,3588.0
1,Offene Stellen - Total,85,85 Erziehung und Unterricht,2024Q2,2024Q2,3229.0
1,Offene Stellen - Total,85,85 Erziehung und Unterricht,2024Q3,2024Q3,2743.0
1,Offene Stellen - Total,85,85 Erziehung und Unterricht,2024Q4,2024Q4,2580.0
1,Offene Stellen - Total,85,85 Erziehung und Unterricht,2025Q1,2025Q1,2883.0
1,Offene Stellen - Total,85,85 Erziehung und Unterricht,2025Q2,2025Q2,2588.0
1,Offene Stellen - Total,85,85 Erziehung und Unterricht,2025Q3,2025Q3,2866.0
1,Offene Stellen - Total,85,85 Erziehung und Unterricht,2025Q4,2025Q4,2764.0
1,Offene Stellen - Total,85,85 Erziehung und Unterricht,2026Q1,2026Q1,3622.0
1,Offene Stellen - Total,85,85 Erziehung und Unterricht,2026Q2,2026Q2,3267.0
1,Offene Stellen - Total,86-88,86-88 Gesundheits- und Sozialwesen,1992Q2,1992Q2,
1,Offene Stellen - Total,86-88,86-88 Gesundheits- und Sozialwesen,1992Q3,1992Q3,
1,Offene Stellen - Total,86-88,86-88 Gesundheits- und Sozialwesen,1992Q4,1992Q4,
1,Offene Stellen - Total,86-88,86-88 Gesundheits- und Sozialwesen,1993Q1,1993Q1,
1,Offene Stellen - Total,86-88,86-88 Gesundheits- und Sozialwesen,1993Q2,1993Q2,
1,Offene Stellen - Total,86-88,86-88 Gesundheits- und Sozialwesen,1993Q3,1993Q3,
1,Offene Stellen - Total,86-88,86-88 Gesundheits- und Sozialwesen,1993Q4,1993Q4,
1,Offene Stellen - Total,86-88,86-88 Gesundheits- und Sozialwesen,1994Q1,1994Q1,
1,Offene Stellen - Total,86-88,86-88 Gesundheits- und Sozialwesen,1994Q2,1994Q2,
1,Offene Stellen - Total,86-88,86-88 Gesundheits- und Sozialwesen,1994Q3,1994Q3,
1,Offene Stellen - Total,86-88,86-88 Gesundheits- und Sozialwesen,1994Q4,1994Q4,
1,Offene Stellen - Total,86-88,86-88 Gesundheits- und Sozialwesen,1995Q1,1995Q1,
1,Offene Stellen - Total,86-88,86-88 Gesundheits- und Sozialwesen,1995Q2,1995Q2,
1,Offene Stellen - Total,86-88,86-88 Gesundheits- und Sozialwesen,1995Q3,1995Q3,
1,Offene Stellen - Total,86-88,86-88 Gesundheits- und Sozialwesen,1995Q4,1995Q4,
1,Offene Stellen - Total,86-88,86-88 Gesundheits- und Sozialwesen,1996Q1,1996Q1,
1,Offene Stellen - Total,86-88,86-88 Gesundheits- und Sozialwesen,1996Q2,1996Q2,
1,Offene Stellen - Total,86-88,86-88 Gesundheits- und Sozialwesen,1996Q3,1996Q3,
1,Offene Stellen - Total,86-88,86-88 Gesundheits- und Sozialwesen,1996Q4,1996Q4,
1,Offene Stellen - Total,86-88,86-88 Gesundheits- und Sozialwesen,1997Q1,1997Q1,
1,Offene Stellen - Total,86-88,86-88 Gesundheits- und Sozialwesen,1997Q2,1997Q2,
1,Offene Stellen - Total,86-88,86-88 Gesundheits- und Sozialwesen,1997Q3,1997Q3,
1,Offene Stellen - Total,86-88,86-88 Gesundheits- und Sozialwesen,1997Q4,1997Q4,
1,Offene Stellen - Total,86-88,86-88 Gesundheits- und Sozialwesen,1998Q1,1998Q1,
1,Offene Stellen - Total,86-88,86-88 Gesundheits- und Sozialwesen,1998Q2,1998Q2,
1,Offene Stellen - Total,86-88,86-88 Gesundheits- und Sozialwesen,1998Q3,1998Q3,
1,Offene Stellen - Total,86-88,86-88 Gesundheits- und Sozialwesen,1998Q4,1998Q4,
1,Offene Stellen - Total,86-88,86-88 Gesundheits- und Sozialwesen,1999Q1,1999Q1,
1,Offene Stellen - Total,86-88,86-88 Gesundheits- und Sozialwesen,1999Q2,1999Q2,
1,Offene Stellen - Total,86-88,86-88 Gesundheits- und Sozialwesen,1999Q3,1999Q3,
1,Offene Stellen - Total,86-88,86-88 Gesundheits- und Sozialwesen,1999Q4,1999Q4,
1,Offene Stellen - Total,86-88,86-88 Gesundheits- und Sozialwesen,2000Q1,2000Q1,
1,Offene Stellen - Total,86-88,86-88 Gesundheits- und Sozialwesen,2000Q2,2000Q2,
1,Offene Stellen - Total,86-88,86-88 Gesundheits- und Sozialwesen,2000Q3,2000Q3,
1,Offene Stellen - Total,86-88,86-88 Gesundheits- und Sozialwesen,2000Q4,2000Q4,
1,Offene Stellen - Total,86-88,86-88 Gesundheits- und Sozialwesen,2001Q1,2001Q1,
1,Offene Stellen - Total,86-88,86-88 Gesundheits- und Sozialwesen,2001Q2,2001Q2,
1,Offene Stellen - Total,86-88,86-88 Gesundheits- und Sozialwesen,2001Q3,2001Q3,
1,Offene Stellen - Total,86-88,86-88 Gesundheits- und Sozialwesen,2001Q4,2001Q4,
1,Offene Stellen - Total,86-88,86-88 Gesundheits- und Sozialwesen,2002Q1,2002Q1,
1,Offene Stellen - Total,86-88,86-88 Gesundheits- und Sozialwesen,2002Q2,2002Q2,
1,Offene Stellen - Total,86-88,86-88 Gesundheits- und Sozialwesen,2002Q3,2002Q3,
1,Offene Stellen - Total,86-88,86-88 Gesundheits- und Sozialwesen,2002Q4,2002Q4,
1,Offene Stellen - Total,86-88,86-88 Gesundheits- und Sozialwesen,2003Q1,2003Q1,
1,Offene Stellen - Total,86-88,86-88 Gesundheits- und Sozialwesen,2003Q2,2003Q2,3678.0
1,Offene Stellen - Total,86-88,86-88 Gesundheits- und Sozialwesen,2003Q3,2003Q3,2701.0
1,Offene Stellen - Total,86-88,86-88 Gesundheits- und Sozialwesen,2003Q4,2003Q4,2187.0
1,Offene Stellen - Total,86-88,86-88 Gesundheits- und Sozialwesen,2004Q1,2004Q1,2458.0
1,Offene Stellen - Total,86-88,86-88 Gesundheits- und Sozialwesen,2004Q2,2004Q2,2999.0
1,Offene Stellen - Total,86-88,86-88 Gesundheits- und Sozialwesen,2004Q3,2004Q3,2235.0
1,Offene Stellen - Total,86-88,86-88 Gesundheits- und Sozialwesen,2004Q4,2004Q4,2221.0
1,Offene Stellen - Total,86-88,86-88 Gesundheits- und Sozialwesen,2005Q1,2005Q1,2500.0
1,Offene Stellen - Total,86-88,86-88 Gesundheits- und Sozialwesen,2005Q2,2005Q2,2678.0
1,Offene Stellen - Total,86-88,86-88 Gesundheits- und Sozialwesen,2005Q3,2005Q3,2713.0
1,Offene Stellen - Total,86-88,86-88 Gesundheits- und Sozialwesen,2005Q4,2005Q4,2838.0
1,Offene Stellen - Total,86-88,86-88 Gesundheits- und Sozialwesen,2006Q1,2006Q1,3002.0
1,Offene Stellen - Total,86-88,86-88 Gesundheits- und Sozialwesen,2006Q2,2006Q2,3422.0
1,Offene Stellen - Total,86-88,86-88 Gesundheits- und Sozialwesen,2006Q3,2006Q3,3657.0
1,Offene Stellen - Total,86-88,86-88 Gesundheits- und Sozialwesen,2006Q4,2006Q4,4271.0
1,Offene Stellen - Total,86-88,86-88 Gesundheits- und Sozialwesen,2007Q1,2007Q1,3887.0
1,Offene Stellen - Total,86-88,86-88 Gesundheits- und Sozialwesen,2007Q2,2007Q2,4671.0
1,Offene Stellen - Total,86-88,86-88 Gesundheits- und Sozialwesen,2007Q3,2007Q3,4512.0
1,Offene Stellen - Total,86-88,86-88 Gesundheits- und Sozialwesen,2007Q4,2007Q4,4182.0
1,Offene Stellen - Total,86-88,86-88 Gesundheits- und Sozialwesen,2008Q1,2008Q1,4771.0
1,Offene Stellen - Total,86-88,86-88 Gesundheits- und Sozialwesen,2008Q2,2008Q2,4977.0
1,Offene Stellen - Total,86-88,86-88 Gesundheits- und Sozialwesen,2008Q3,2008Q3,5669.0
1,Offene Stellen - Total,86-88,86-88 Gesundheits- und Sozialwesen,2008Q4,2008Q4,5174.0
1,Offene Stellen - Total,86-88,86-88 Gesundheits- und Sozialwesen,2009Q1,2009Q1,5924.0
1,Offene Stellen - Total,86-88,86-88 Gesundheits- und Sozialwesen,2009Q2,2009Q2,5973.0
1,Offene Stellen - Total,86-88,86-88 Gesundheits- und Sozialwesen,2009Q3,2009Q3,5003.0
1,Offene Stellen - Total,86-88,86-88 Gesundheits- und Sozialwesen,2009Q4,2009Q4,4521.0
1,Offene Stellen - Total,86-88,86-88 Gesundheits- und Sozialwesen,2010Q1,2010Q1,4731.0
1,Offene Stellen - Total,86-88,86-88 Gesundheits- und Sozialwesen,2010Q2,2010Q2,5262.0
1,Offene Stellen - Total,86-88,86-88 Gesundheits- und Sozialwesen,2010Q3,2010Q3,4499.0
1,Offene Stellen - Total,86-88,86-88 Gesundheits- und Sozialwesen,2010Q4,2010Q4,4766.0
1,Offene Stellen - Total,86-88,86-88 Gesundheits- und Sozialwesen,2011Q1,2011Q1,5498.0
1,Offene Stellen - Total,86-88,86-88 Gesundheits- und Sozialwesen,2011Q2,2011Q2,5791.0
1,Offene Stellen - Total,86-88,86-88 Gesundheits- und Sozialwesen,2011Q3,2011Q3,5093.0
1,Offene Stellen - Total,86-88,86-88 Gesundheits- und Sozialwesen,2011Q4,2011Q4,5131.0
1,Offene Stellen - Total,86-88,86-88 Gesundheits- und Sozialwesen,2012Q1,2012Q1,6032.0
1,Offene Stellen - Total,86-88,86-88 Gesundheits- und Sozialwesen,2012Q2,2012Q2,6231.0
1,Offene Stellen - Total,86-88,86-88 Gesundheits- und Sozialwesen,2012Q3,2012Q3,6372.0
1,Offene Stellen - Total,86-88,86-88 Gesundheits- und Sozialwesen,2012Q4,2012Q4,6031.0
1,Offene Stellen - Total,86-88,86-88 Gesundheits- und Sozialwesen,2013Q1,2013Q1,6667.0
1,Offene Stellen - Total,86-88,86-88 Gesundheits- und Sozialwesen,2013Q2,2013Q2,6034.0
1,Offene Stellen - Total,86-88,86-88 Gesundheits- und Sozialwesen,2013Q3,2013Q3,6333.0
1,Offene Stellen - Total,86-88,86-88 Gesundheits- und Sozialwesen,2013Q4,2013Q4,6117.0
1,Offene Stellen - Total,86-88,86-88 Gesundheits- und Sozialwesen,2014Q1,2014Q1,6413.0
1,Offene Stellen - Total,86-88,86-88 Gesundheits- und Sozialwesen,2014Q2,2014Q2,6620.0
1,Offene Stellen - Total,86-88,86-88 Gesundheits- und Sozialwesen,2014Q3,2014Q3,5873.0
1,Offene Stellen - Total,86-88,86-88 Gesundheits- und Sozialwesen,2014Q4,2014Q4,6442.0
1,Offene Stellen - Total,86-88,86-88 Gesundheits- und Sozialwesen,2015Q1,2015Q1,7027.0
1,Offene Stellen - Total,86-88,86-88 Gesundheits- und Sozialwesen,2015Q2,2015Q2,6433.0
1,Offene Stellen - Total,86-88,86-88 Gesundheits- und Sozialwesen,2015Q3,2015Q3,6691.0
1,Offene Stellen - Total,86-88,86-88 Gesundheits- und Sozialwesen,2015Q4,2015Q4,6033.0
1,Offene Stellen - Total,86-88,86-88 Gesundheits- und Sozialwesen,2016Q1,2016Q1,7066.0
1,Offene Stellen - Total,86-88,86-88 Gesundheits- und Sozialwesen,2016Q2,2016Q2,7391.0
1,Offene Stellen - Total,86-88,86-88 Gesundheits- und Sozialwesen,2016Q3,2016Q3,7055.0
1,Offene Stellen - Total,86-88,86-88 Gesundheits- und Sozialwesen,2016Q4,2016Q4,7279.0
1,Offene Stellen - Total,86-88,86-88 Gesundheits- und Sozialwesen,2017Q1,2017Q1,7438.0
1,Offene Stellen - Total,86-88,86-88 Gesundheits- und Sozialwesen,2017Q2,2017Q2,6794.0
1,Offene Stellen - Total,86-88,86-88 Gesundheits- und Sozialwesen,2017Q3,2017Q3,6795.0
1,Offene Stellen - Total,86-88,86-88 Gesundheits- und Sozialwesen,2017Q4,2017Q4,6923.0
1,Offene Stellen - Total,86-88,86-88 Gesundheits- und Sozialwesen,2018Q1,2018Q1,8294.0
1,Offene Stellen - Total,86-88,86-88 Gesundheits- und Sozialwesen,2018Q2,2018Q2,8262.0
1,Offene Stellen - Total,86-88,86-88 Gesundheits- und Sozialwesen,2018Q3,2018Q3,7878.0
1,Offene Stellen - Total,86-88,86-88 Gesundheits- und Sozialwesen,2018Q4,2018Q4,8938.0
1,Offene Stellen - Total,86-88,86-88 Gesundheits- und Sozialwesen,2019Q1,2019Q1,10379.0
1,Offene Stellen - Total,86-88,86-88 Gesundheits- und Sozialwesen,2019Q2,2019Q2,11357.0
1,Offene Stellen - Total,86-88,86-88 Gesundheits- und Sozialwesen,2019Q3,2019Q3,10286.0
1,Offene Stellen - Total,86-88,86-88 Gesundheits- und Sozialwesen,2019Q4,2019Q4,11887.0
1,Offene Stellen - Total,86-88,86-88 Gesundheits- und Sozialwesen,2020Q1,2020Q1,11096.0
1,Offene Stellen - Total,86-88,86-88 Gesundheits- und Sozialwesen,2020Q2,2020Q2,9091.0
1,Offene Stellen - Total,86-88,86-88 Gesundheits- und Sozialwesen,2020Q3,2020Q3,10626.0
1,Offene Stellen - Total,86-88,86-88 Gesundheits- und Sozialwesen,2020Q4,2020Q4,11167.0
1,Offene Stellen - Total,86-88,86-88 Gesundheits- und Sozialwesen,2021Q1,2021Q1,10539.0
1,Offene Stellen - Total,86-88,86-88 Gesundheits- und Sozialwesen,2021Q2,2021Q2,11719.0
1,Offene Stellen - Total,86-88,86-88 Gesundheits- und Sozialwesen,2021Q3,2021Q3,13532.0
1,Offene Stellen - Total,86-88,86-88 Gesundheits- und Sozialwesen,2021Q4,2021Q4,16119.0
1,Offene Stellen - Total,86-88,86-88 Gesundheits- und Sozialwesen,2022Q1,2022Q1,17997.0
1,Offene Stellen - Total,86-88,86-88 Gesundheits- und Sozialwesen,2022Q2,2022Q2,18857.0
1,Offene Stellen - Total,86-88,86-88 Gesundheits- und Sozialwesen,2022Q3,2022Q3,17800.0
1,Offene Stellen - Total,86-88,86-88 Gesundheits- und Sozialwesen,2022Q4,2022Q4,17491.0
1,Offene Stellen - Total,86-88,86-88 Gesundheits- und Sozialwesen,2023Q1,2023Q1,20261.0
1,Offene Stellen - Total,86-88,86-88 Gesundheits- und Sozialwesen,2023Q2,2023Q2,20717.0
1,Offene Stellen - Total,86-88,86-88 Gesundheits- und Sozialwesen,2023Q3,2023Q3,17475.0
1,Offene Stellen - Total,86-88,86-88 Gesundheits- und Sozialwesen,2023Q4,2023Q4,19061.0
1,Offene Stellen - Total,86-88,86-88 Gesundheits- und Sozialwesen,2024Q1,2024Q1,19762.0
1,Offene Stellen - Total,86-88,86-88 Gesundheits- und Sozialwesen,2024Q2,2024Q2,19443.0
1,Offene Stellen - Total,86-88,86-88 Gesundheits- und Sozialwesen,2024Q3,2024Q3,17865.0
1,Offene Stellen - Total,86-88,86-88 Gesundheits- und Sozialwesen,2024Q4,2024Q4,15377.0
1,Offene Stellen - Total,86-88,86-88 Gesundheits- und Sozialwesen,2025Q1,2025Q1,16592.0
1,Offene Stellen - Total,86-88,86-88 Gesundheits- und Sozialwesen,2025Q2,2025Q2,19921.0
1,Offene Stellen - Total,86-88,86-88 Gesundheits- und Sozialwesen,2025Q3,2025Q3,15894.0
1,Offene Stellen - Total,86-88,86-88 Gesundheits- und Sozialwesen,2025Q4,2025Q4,15695.0
1,Offene Stellen - Total,86-88,86-88 Gesundheits- und Sozialwesen,2026Q1,2026Q1,17793.0
1,Offene Stellen - Total,86-88,86-88 Gesundheits- und Sozialwesen,2026Q2,2026Q2,17806.0
1,Offene Stellen - Total,90-96,"90-96 Kunst, Unterhaltung u. Erholung, sonstige Dienstl.",1992Q2,1992Q2,
1,Offene Stellen - Total,90-96,"90-96 Kunst, Unterhaltung u. Erholung, sonstige Dienstl.",1992Q3,1992Q3,
1,Offene Stellen - Total,90-96,"90-96 Kunst, Unterhaltung u. Erholung, sonstige Dienstl.",1992Q4,1992Q4,
1,Offene Stellen - Total,90-96,"90-96 Kunst, Unterhaltung u. Erholung, sonstige Dienstl.",1993Q1,1993Q1,
1,Offene Stellen - Total,90-96,"90-96 Kunst, Unterhaltung u. Erholung, sonstige Dienstl.",1993Q2,1993Q2,
1,Offene Stellen - Total,90-96,"90-96 Kunst, Unterhaltung u. Erholung, sonstige Dienstl.",1993Q3,1993Q3,
1,Offene Stellen - Total,90-96,"90-96 Kunst, Unterhaltung u. Erholung, sonstige Dienstl.",1993Q4,1993Q4,
1,Offene Stellen - Total,90-96,"90-96 Kunst, Unterhaltung u. Erholung, sonstige Dienstl.",1994Q1,1994Q1,
1,Offene Stellen - Total,90-96,"90-96 Kunst, Unterhaltung u. Erholung, sonstige Dienstl.",1994Q2,1994Q2,
1,Offene Stellen - Total,90-96,"90-96 Kunst, Unterhaltung u. Erholung, sonstige Dienstl.",1994Q3,1994Q3,
1,Offene Stellen - Total,90-96,"90-96 Kunst, Unterhaltung u. Erholung, sonstige Dienstl.",1994Q4,1994Q4,
1,Offene Stellen - Total,90-96,"90-96 Kunst, Unterhaltung u. Erholung, sonstige Dienstl.",1995Q1,1995Q1,
1,Offene Stellen - Total,90-96,"90-96 Kunst, Unterhaltung u. Erholung, sonstige Dienstl.",1995Q2,1995Q2,
1,Offene Stellen - Total,90-96,"90-96 Kunst, Unterhaltung u. Erholung, sonstige Dienstl.",1995Q3,1995Q3,
1,Offene Stellen - Total,90-96,"90-96 Kunst, Unterhaltung u. Erholung, sonstige Dienstl.",1995Q4,1995Q4,
1,Offene Stellen - Total,90-96,"90-96 Kunst, Unterhaltung u. Erholung, sonstige Dienstl.",1996Q1,1996Q1,
1,Offene Stellen - Total,90-96,"90-96 Kunst, Unterhaltung u. Erholung, sonstige Dienstl.",1996Q2,1996Q2,
1,Offene Stellen - Total,90-96,"90-96 Kunst, Unterhaltung u. Erholung, sonstige Dienstl.",1996Q3,1996Q3,
1,Offene Stellen - Total,90-96,"90-96 Kunst, Unterhaltung u. Erholung, sonstige Dienstl.",1996Q4,1996Q4,
1,Offene Stellen - Total,90-96,"90-96 Kunst, Unterhaltung u. Erholung, sonstige Dienstl.",1997Q1,1997Q1,
1,Offene Stellen - Total,90-96,"90-96 Kunst, Unterhaltung u. Erholung, sonstige Dienstl.",1997Q2,1997Q2,
1,Offene Stellen - Total,90-96,"90-96 Kunst, Unterhaltung u. Erholung, sonstige Dienstl.",1997Q3,1997Q3,
1,Offene Stellen - Total,90-96,"90-96 Kunst, Unterhaltung u. Erholung, sonstige Dienstl.",1997Q4,1997Q4,
1,Offene Stellen - Total,90-96,"90-96 Kunst, Unterhaltung u. Erholung, sonstige Dienstl.",1998Q1,1998Q1,
1,Offene Stellen - Total,90-96,"90-96 Kunst, Unterhaltung u. Erholung, sonstige Dienstl.",1998Q2,1998Q2,
1,Offene Stellen - Total,90-96,"90-96 Kunst, Unterhaltung u. Erholung, sonstige Dienstl.",1998Q3,1998Q3,
1,Offene Stellen - Total,90-96,"90-96 Kunst, Unterhaltung u. Erholung, sonstige Dienstl.",1998Q4,1998Q4,
1,Offene Stellen - Total,90-96,"90-96 Kunst, Unterhaltung u. Erholung, sonstige Dienstl.",1999Q1,1999Q1,
1,Offene Stellen - Total,90-96,"90-96 Kunst, Unterhaltung u. Erholung, sonstige Dienstl.",1999Q2,1999Q2,
1,Offene Stellen - Total,90-96,"90-96 Kunst, Unterhaltung u. Erholung, sonstige Dienstl.",1999Q3,1999Q3,
1,Offene Stellen - Total,90-96,"90-96 Kunst, Unterhaltung u. Erholung, sonstige Dienstl.",1999Q4,1999Q4,
1,Offene Stellen - Total,90-96,"90-96 Kunst, Unterhaltung u. Erholung, sonstige Dienstl.",2000Q1,2000Q1,
1,Offene Stellen - Total,90-96,"90-96 Kunst, Unterhaltung u. Erholung, sonstige Dienstl.",2000Q2,2000Q2,
1,Offene Stellen - Total,90-96,"90-96 Kunst, Unterhaltung u. Erholung, sonstige Dienstl.",2000Q3,2000Q3,
1,Offene Stellen - Total,90-96,"90-96 Kunst, Unterhaltung u. Erholung, sonstige Dienstl.",2000Q4,2000Q4,
1,Offene Stellen - Total,90-96,"90-96 Kunst, Unterhaltung u. Erholung, sonstige Dienstl.",2001Q1,2001Q1,
1,Offene Stellen - Total,90-96,"90-96 Kunst, Unterhaltung u. Erholung, sonstige Dienstl.",2001Q2,2001Q2,
1,Offene Stellen - Total,90-96,"90-96 Kunst, Unterhaltung u. Erholung, sonstige Dienstl.",2001Q3,2001Q3,
1,Offene Stellen - Total,90-96,"90-96 Kunst, Unterhaltung u. Erholung, sonstige Dienstl.",2001Q4,2001Q4,
1,Offene Stellen - Total,90-96,"90-96 Kunst, Unterhaltung u. Erholung, sonstige Dienstl.",2002Q1,2002Q1,
1,Offene Stellen - Total,90-96,"90-96 Kunst, Unterhaltung u. Erholung, sonstige Dienstl.",2002Q2,2002Q2,
1,Offene Stellen - Total,90-96,"90-96 Kunst, Unterhaltung u. Erholung, sonstige Dienstl.",2002Q3,2002Q3,
1,Offene Stellen - Total,90-96,"90-96 Kunst, Unterhaltung u. Erholung, sonstige Dienstl.",2002Q4,2002Q4,
1,Offene Stellen - Total,90-96,"90-96 Kunst, Unterhaltung u. Erholung, sonstige Dienstl.",2003Q1,2003Q1,
1,Offene Stellen - Total,90-96,"90-96 Kunst, Unterhaltung u. Erholung, sonstige Dienstl.",2003Q2,2003Q2,1250.0
1,Offene Stellen - Total,90-96,"90-96 Kunst, Unterhaltung u. Erholung, sonstige Dienstl.",2003Q3,2003Q3,938.0
1,Offene Stellen - Total,90-96,"90-96 Kunst, Unterhaltung u. Erholung, sonstige Dienstl.",2003Q4,2003Q4,1138.0
1,Offene Stellen - Total,90-96,"90-96 Kunst, Unterhaltung u. Erholung, sonstige Dienstl.",2004Q1,2004Q1,1303.0
1,Offene Stellen - Total,90-96,"90-96 Kunst, Unterhaltung u. Erholung, sonstige Dienstl.",2004Q2,2004Q2,1203.0
1,Offene Stellen - Total,90-96,"90-96 Kunst, Unterhaltung u. Erholung, sonstige Dienstl.",2004Q3,2004Q3,1007.0
1,Offene Stellen - Total,90-96,"90-96 Kunst, Unterhaltung u. Erholung, sonstige Dienstl.",2004Q4,2004Q4,1188.0
1,Offene Stellen - Total,90-96,"90-96 Kunst, Unterhaltung u. Erholung, sonstige Dienstl.",2005Q1,2005Q1,1130.0
1,Offene Stellen - Total,90-96,"90-96 Kunst, Unterhaltung u. Erholung, sonstige Dienstl.",2005Q2,2005Q2,1042.0
1,Offene Stellen - Total,90-96,"90-96 Kunst, Unterhaltung u. Erholung, sonstige Dienstl.",2005Q3,2005Q3,1257.0
1,Offene Stellen - Total,90-96,"90-96 Kunst, Unterhaltung u. Erholung, sonstige Dienstl.",2005Q4,2005Q4,1520.0
1,Offene Stellen - Total,90-96,"90-96 Kunst, Unterhaltung u. Erholung, sonstige Dienstl.",2006Q1,2006Q1,1224.0
1,Offene Stellen - Total,90-96,"90-96 Kunst, Unterhaltung u. Erholung, sonstige Dienstl.",2006Q2,2006Q2,1137.0
1,Offene Stellen - Total,90-96,"90-96 Kunst, Unterhaltung u. Erholung, sonstige Dienstl.",2006Q3,2006Q3,1237.0
1,Offene Stellen - Total,90-96,"90-96 Kunst, Unterhaltung u. Erholung, sonstige Dienstl.",2006Q4,2006Q4,1732.0
1,Offene Stellen - Total,90-96,"90-96 Kunst, Unterhaltung u. Erholung, sonstige Dienstl.",2007Q1,2007Q1,2084.0
1,Offene Stellen - Total,90-96,"90-96 Kunst, Unterhaltung u. Erholung, sonstige Dienstl.",2007Q2,2007Q2,1930.0
1,Offene Stellen - Total,90-96,"90-96 Kunst, Unterhaltung u. Erholung, sonstige Dienstl.",2007Q3,2007Q3,2543.0
1,Offene Stellen - Total,90-96,"90-96 Kunst, Unterhaltung u. Erholung, sonstige Dienstl.",2007Q4,2007Q4,1713.0
1,Offene Stellen - Total,90-96,"90-96 Kunst, Unterhaltung u. Erholung, sonstige Dienstl.",2008Q1,2008Q1,2085.0
1,Offene Stellen - Total,90-96,"90-96 Kunst, Unterhaltung u. Erholung, sonstige Dienstl.",2008Q2,2008Q2,1509.0
1,Offene Stellen - Total,90-96,"90-96 Kunst, Unterhaltung u. Erholung, sonstige Dienstl.",2008Q3,2008Q3,1640.0
1,Offene Stellen - Total,90-96,"90-96 Kunst, Unterhaltung u. Erholung, sonstige Dienstl.",2008Q4,2008Q4,1602.0
1,Offene Stellen - Total,90-96,"90-96 Kunst, Unterhaltung u. Erholung, sonstige Dienstl.",2009Q1,2009Q1,1758.0
1,Offene Stellen - Total,90-96,"90-96 Kunst, Unterhaltung u. Erholung, sonstige Dienstl.",2009Q2,2009Q2,1938.0
1,Offene Stellen - Total,90-96,"90-96 Kunst, Unterhaltung u. Erholung, sonstige Dienstl.",2009Q3,2009Q3,1266.0
1,Offene Stellen - Total,90-96,"90-96 Kunst, Unterhaltung u. Erholung, sonstige Dienstl.",2009Q4,2009Q4,1913.0
1,Offene Stellen - Total,90-96,"90-96 Kunst, Unterhaltung u. Erholung, sonstige Dienstl.",2010Q1,2010Q1,1433.0
1,Offene Stellen - Total,90-96,"90-96 Kunst, Unterhaltung u. Erholung, sonstige Dienstl.",2010Q2,2010Q2,1601.0
1,Offene Stellen - Total,90-96,"90-96 Kunst, Unterhaltung u. Erholung, sonstige Dienstl.",2010Q3,2010Q3,1559.0
1,Offene Stellen - Total,90-96,"90-96 Kunst, Unterhaltung u. Erholung, sonstige Dienstl.",2010Q4,2010Q4,1274.0
1,Offene Stellen - Total,90-96,"90-96 Kunst, Unterhaltung u. Erholung, sonstige Dienstl.",2011Q1,2011Q1,1460.0
1,Offene Stellen - Total,90-96,"90-96 Kunst, Unterhaltung u. Erholung, sonstige Dienstl.",2011Q2,2011Q2,1745.0
1,Offene Stellen - Total,90-96,"90-96 Kunst, Unterhaltung u. Erholung, sonstige Dienstl.",2011Q3,2011Q3,1674.0
1,Offene Stellen - Total,90-96,"90-96 Kunst, Unterhaltung u. Erholung, sonstige Dienstl.",2011Q4,2011Q4,1471.0
1,Offene Stellen - Total,90-96,"90-96 Kunst, Unterhaltung u. Erholung, sonstige Dienstl.",2012Q1,2012Q1,1554.0
1,Offene Stellen - Total,90-96,"90-96 Kunst, Unterhaltung u. Erholung, sonstige Dienstl.",2012Q2,2012Q2,1350.0
1,Offene Stellen - Total,90-96,"90-96 Kunst, Unterhaltung u. Erholung, sonstige Dienstl.",2012Q3,2012Q3,951.0
1,Offene Stellen - Total,90-96,"90-96 Kunst, Unterhaltung u. Erholung, sonstige Dienstl.",2012Q4,2012Q4,1259.0
1,Offene Stellen - Total,90-96,"90-96 Kunst, Unterhaltung u. Erholung, sonstige Dienstl.",2013Q1,2013Q1,1421.0
1,Offene Stellen - Total,90-96,"90-96 Kunst, Unterhaltung u. Erholung, sonstige Dienstl.",2013Q2,2013Q2,1777.0
1,Offene Stellen - Total,90-96,"90-96 Kunst, Unterhaltung u. Erholung, sonstige Dienstl.",2013Q3,2013Q3,1851.0
1,Offene Stellen - Total,90-96,"90-96 Kunst, Unterhaltung u. Erholung, sonstige Dienstl.",2013Q4,2013Q4,1467.0
1,Offene Stellen - Total,90-96,"90-96 Kunst, Unterhaltung u. Erholung, sonstige Dienstl.",2014Q1,2014Q1,1754.0
1,Offene Stellen - Total,90-96,"90-96 Kunst, Unterhaltung u. Erholung, sonstige Dienstl.",2014Q2,2014Q2,1711.0
1,Offene Stellen - Total,90-96,"90-96 Kunst, Unterhaltung u. Erholung, sonstige Dienstl.",2014Q3,2014Q3,1689.0
1,Offene Stellen - Total,90-96,"90-96 Kunst, Unterhaltung u. Erholung, sonstige Dienstl.",2014Q4,2014Q4,1733.0
1,Offene Stellen - Total,90-96,"90-96 Kunst, Unterhaltung u. Erholung, sonstige Dienstl.",2015Q1,2015Q1,2199.0
1,Offene Stellen - Total,90-96,"90-96 Kunst, Unterhaltung u. Erholung, sonstige Dienstl.",2015Q2,2015Q2,1471.0
1,Offene Stellen - Total,90-96,"90-96 Kunst, Unterhaltung u. Erholung, sonstige Dienstl.",2015Q3,2015Q3,1225.0
1,Offene Stellen - Total,90-96,"90-96 Kunst, Unterhaltung u. Erholung, sonstige Dienstl.",2015Q4,2015Q4,2244.0
1,Offene Stellen - Total,90-96,"90-96 Kunst, Unterhaltung u. Erholung, sonstige Dienstl.",2016Q1,2016Q1,1418.0
1,Offene Stellen - Total,90-96,"90-96 Kunst, Unterhaltung u. Erholung, sonstige Dienstl.",2016Q2,2016Q2,1512.0
1,Offene Stellen - Total,90-96,"90-96 Kunst, Unterhaltung u. Erholung, sonstige Dienstl.",2016Q3,2016Q3,2102.0
1,Offene Stellen - Total,90-96,"90-96 Kunst, Unterhaltung u. Erholung, sonstige Dienstl.",2016Q4,2016Q4,2075.0
1,Offene Stellen - Total,90-96,"90-96 Kunst, Unterhaltung u. Erholung, sonstige Dienstl.",2017Q1,2017Q1,1760.0
1,Offene Stellen - Total,90-96,"90-96 Kunst, Unterhaltung u. Erholung, sonstige Dienstl.",2017Q2,2017Q2,2978.0
1,Offene Stellen - Total,90-96,"90-96 Kunst, Unterhaltung u. Erholung, sonstige Dienstl.",2017Q3,2017Q3,2215.0
1,Offene Stellen - Total,90-96,"90-96 Kunst, Unterhaltung u. Erholung, sonstige Dienstl.",2017Q4,2017Q4,2765.0
1,Offene Stellen - Total,90-96,"90-96 Kunst, Unterhaltung u. Erholung, sonstige Dienstl.",2018Q1,2018Q1,3130.0
1,Offene Stellen - Total,90-96,"90-96 Kunst, Unterhaltung u. Erholung, sonstige Dienstl.",2018Q2,2018Q2,2429.0
1,Offene Stellen - Total,90-96,"90-96 Kunst, Unterhaltung u. Erholung, sonstige Dienstl.",2018Q3,2018Q3,2370.0
1,Offene Stellen - Total,90-96,"90-96 Kunst, Unterhaltung u. Erholung, sonstige Dienstl.",2018Q4,2018Q4,3138.0
1,Offene Stellen - Total,90-96,"90-96 Kunst, Unterhaltung u. Erholung, sonstige Dienstl.",2019Q1,2019Q1,3097.0
1,Offene Stellen - Total,90-96,"90-96 Kunst, Unterhaltung u. Erholung, sonstige Dienstl.",2019Q2,2019Q2,2724.0
1,Offene Stellen - Total,90-96,"90-96 Kunst, Unterhaltung u. Erholung, sonstige Dienstl.",2019Q3,2019Q3,2999.0
1,Offene Stellen - Total,90-96,"90-96 Kunst, Unterhaltung u. Erholung, sonstige Dienstl.",2019Q4,2019Q4,2504.0
1,Offene Stellen - Total,90-96,"90-96 Kunst, Unterhaltung u. Erholung, sonstige Dienstl.",2020Q1,2020Q1,2803.0
1,Offene Stellen - Total,90-96,"90-96 Kunst, Unterhaltung u. Erholung, sonstige Dienstl.",2020Q2,2020Q2,2383.0
1,Offene Stellen - Total,90-96,"90-96 Kunst, Unterhaltung u. Erholung, sonstige Dienstl.",2020Q3,2020Q3,2563.0
1,Offene Stellen - Total,90-96,"90-96 Kunst, Unterhaltung u. Erholung, sonstige Dienstl.",2020Q4,2020Q4,1965.0
1,Offene Stellen - Total,90-96,"90-96 Kunst, Unterhaltung u. Erholung, sonstige Dienstl.",2021Q1,2021Q1,2816.0
1,Offene Stellen - Total,90-96,"90-96 Kunst, Unterhaltung u. Erholung, sonstige Dienstl.",2021Q2,2021Q2,2759.0
1,Offene Stellen - Total,90-96,"90-96 Kunst, Unterhaltung u. Erholung, sonstige Dienstl.",2021Q3,2021Q3,4122.0
1,Offene Stellen - Total,90-96,"90-96 Kunst, Unterhaltung u. Erholung, sonstige Dienstl.",2021Q4,2021Q4,4021.0
1,Offene Stellen - Total,90-96,"90-96 Kunst, Unterhaltung u. Erholung, sonstige Dienstl.",2022Q1,2022Q1,4160.0
1,Offene Stellen - Total,90-96,"90-96 Kunst, Unterhaltung u. Erholung, sonstige Dienstl.",2022Q2,2022Q2,5056.0
1,Offene Stellen - Total,90-96,"90-96 Kunst, Unterhaltung u. Erholung, sonstige Dienstl.",2022Q3,2022Q3,3910.0
1,Offene Stellen - Total,90-96,"90-96 Kunst, Unterhaltung u. Erholung, sonstige Dienstl.",2022Q4,2022Q4,4110.0
1,Offene Stellen - Total,90-96,"90-96 Kunst, Unterhaltung u. Erholung, sonstige Dienstl.",2023Q1,2023Q1,3928.0
1,Offene Stellen - Total,90-96,"90-96 Kunst, Unterhaltung u. Erholung, sonstige Dienstl.",2023Q2,2023Q2,3688.0
1,Offene Stellen - Total,90-96,"90-96 Kunst, Unterhaltung u. Erholung, sonstige Dienstl.",2023Q3,2023Q3,4052.0
1,Offene Stellen - Total,90-96,"90-96 Kunst, Unterhaltung u. Erholung, sonstige Dienstl.",2023Q4,2023Q4,4453.0
1,Offene Stellen - Total,90-96,"90-96 Kunst, Unterhaltung u. Erholung, sonstige Dienstl.",2024Q1,2024Q1,4703.0
1,Offene Stellen - Total,90-96,"90-96 Kunst, Unterhaltung u. Erholung, sonstige Dienstl.",2024Q2,2024Q2,3712.0
1,Offene Stellen - Total,90-96,"90-96 Kunst, Unterhaltung u. Erholung, sonstige Dienstl.",2024Q3,2024Q3,3445.0
1,Offene Stellen - Total,90-96,"90-96 Kunst, Unterhaltung u. Erholung, sonstige Dienstl.",2024Q4,2024Q4,3654.0
1,Offene Stellen - Total,90-96,"90-96 Kunst, Unterhaltung u. Erholung, sonstige Dienstl.",2025Q1,2025Q1,4310.0
1,Offene Stellen - Total,90-96,"90-96 Kunst, Unterhaltung u. Erholung, sonstige Dienstl.",2025Q2,2025Q2,4002.0
1,Offene Stellen - Total,90-96,"90-96 Kunst, Unterhaltung u. Erholung, sonstige Dienstl.",2025Q3,2025Q3,3612.0
1,Offene Stellen - Total,90-96,"90-96 Kunst, Unterhaltung u. Erholung, sonstige Dienstl.",2025Q4,2025Q4,2839.0
1,Offene Stellen - Total,90-96,"90-96 Kunst, Unterhaltung u. Erholung, sonstige Dienstl.",2026Q1,2026Q1,4041.0
1,Offene Stellen - Total,90-96,"90-96 Kunst, Unterhaltung u. Erholung, sonstige Dienstl.",2026Q2,2026Q2,2911.0
