date,jt_vs,jt_vs_sa,y_vs_chg_2w,y_vs_sa_chg_2w,y_vs_chg_4w,y_vs_sa_chg_4w,y_vs_chg_8w,y_vs_sa_chg_8w,y_vs_chg_13w,y_vs_sa_chg_13w,y_vs_chg_26w,y_vs_sa_chg_26w,jt_f,jt_f_sa,y_f_chg_2w,y_f_sa_chg_2w,y_f_chg_4w,y_f_sa_chg_4w,y_f_chg_8w,y_f_sa_chg_8w,y_f_chg_13w,y_f_sa_chg_13w,y_f_chg_26w,y_f_sa_chg_26w,jt_c,jt_c_sa,y_c_chg_2w,y_c_sa_chg_2w,y_c_chg_4w,y_c_sa_chg_4w,y_c_chg_8w,y_c_sa_chg_8w,y_c_chg_13w,y_c_sa_chg_13w,y_c_chg_26w,y_c_sa_chg_26w,jt_h,jt_h_sa,y_h_chg_2w,y_h_sa_chg_2w,y_h_chg_4w,y_h_sa_chg_4w,y_h_chg_8w,y_h_sa_chg_8w,y_h_chg_13w,y_h_sa_chg_13w,y_h_chg_26w,y_h_sa_chg_26w,jt_isco7,jt_isco7_sa,y_isco7_chg_2w,y_isco7_sa_chg_2w,y_isco7_chg_4w,y_isco7_sa_chg_4w,y_isco7_chg_8w,y_isco7_sa_chg_8w,y_isco7_chg_13w,y_isco7_sa_chg_13w,y_isco7_chg_26w,y_isco7_sa_chg_26w,jt_isco8,jt_isco8_sa,y_isco8_chg_2w,y_isco8_sa_chg_2w,y_isco8_chg_4w,y_isco8_sa_chg_4w,y_isco8_chg_8w,y_isco8_sa_chg_8w,y_isco8_chg_13w,y_isco8_sa_chg_13w,y_isco8_chg_26w,y_isco8_sa_chg_26w,jt_isco9,jt_isco9_sa,y_isco9_chg_2w,y_isco9_sa_chg_2w,y_isco9_chg_4w,y_isco9_sa_chg_4w,y_isco9_chg_8w,y_isco9_sa_chg_8w,y_isco9_chg_13w,y_isco9_sa_chg_13w,y_isco9_chg_26w,y_isco9_sa_chg_26w
2018-01-01,64.44386,0.56614,0.05532,0.00894,0.07776,-0.00257,0.10398,-0.00867,0.10482,-0.01563,0.0338,-0.04745,78.21834,0.76562,0.00629,-0.00447,0.02277,-0.00264,0.03246,-0.00557,0.05689,0.00783,0.08364,0.01206,88.55557,0.80966,0.02126,0.0016,0.0399,0.00662,0.0622,0.01508,0.10445,0.04543,0.11787,0.03992,78.6328,0.84637,-0.02217,-0.02679,0.01686,-0.05711,0.02954,-0.04637,0.08246,0.01905,0.06033,-0.01468,81.37305,0.78367,0.01298,-0.0026,0.02831,-0.00343,0.03019,-0.00683,0.04686,0.0118,0.07582,0.01519,74.8892,0.6513,0.05238,0.0179,0.06805,0.01587,0.07435,0.00591,0.07372,0.01198,0.16246,0.02496,56.70139,0.54488,0.05124,0.01742,0.09344,0.01314,0.09587,-0.00845,0.14035,0.0142,0.24531,0.02939
2018-01-08,65.80804,0.56842,0.07036,0.01295,0.07337,-0.00427,0.08797,-0.00692,0.0746,-0.02377,0.03661,-0.04523,78.60863,0.76312,0.0082,-0.00117,0.02532,-0.00088,0.03092,-0.00257,0.04587,0.00692,0.07177,0.00811,89.92451,0.81027,0.01657,0.00484,0.05147,0.01694,0.05213,0.0164,0.08789,0.04266,0.08621,0.02673,77.45425,0.82757,0.02379,-0.02951,0.08911,-0.00857,0.06735,-0.00806,0.06245,0.00648,0.03754,-0.03227,82.14605,0.77962,0.0092,0.00087,0.02796,0.0017,0.01703,-0.00249,0.03051,0.01032,0.05314,0.00734,77.31351,0.66217,0.02943,0.00787,0.03855,-0.00365,0.04455,-0.00076,0.04981,0.00472,0.11172,0.00349,57.94529,0.55408,0.04864,-0.00152,0.09017,0.00348,0.06984,-0.02177,0.13092,0.01093,0.2262,0.01268
2018-01-15,68.00916,0.57508,0.02126,-0.01151,0.03916,-0.01829,0.06822,-0.01269,0.03982,-0.0324,0.01778,-0.04355,78.71039,0.76115,0.01638,0.00183,0.0168,-0.00573,0.04465,0.00827,0.03989,0.00534,0.06058,0.00322,90.43842,0.81126,0.01825,0.00502,0.04626,0.01243,0.06098,0.02533,0.08083,0.04124,0.07564,0.02151,76.88958,0.81958,0.03992,-0.03031,0.0792,-0.01366,0.09678,0.0111,0.05732,0.0043,0.04626,-0.0244,82.42921,0.78108,0.01513,-0.00083,0.01676,-0.00584,0.0139,-0.00157,0.01581,0.00157,0.05572,0.00868,78.81218,0.66921,0.01488,-0.00203,0.03331,-0.00815,0.01758,-0.01187,0.02148,-0.00629,0.09726,-0.00154,59.60681,0.56231,0.04014,-0.00428,0.0563,-0.01231,0.06223,-0.0192,0.10329,0.00821,0.20824,0.01251
2018-01-22,70.43806,0.58137,0.00282,-0.01722,0.01157,-0.02187,0.0082,-0.02334,-0.0075,-0.04737,0.01645,-0.03638,79.25314,0.76195,0.01699,0.00029,0.01815,-0.00206,0.03849,0.00953,0.02906,0.00276,0.04931,-7e-05,91.41447,0.81512,0.03433,0.0121,0.03251,0.00792,0.06239,0.03276,0.06125,0.03498,0.06922,0.01975,79.29672,0.79806,0.0638,0.02094,0.02333,-0.00145,0.0857,0.06771,0.01711,0.0247,0.0145,-0.00649,82.90201,0.78049,0.01859,0.00083,0.00764,-0.00802,0.01528,0.00734,0.00763,0.00116,0.04715,0.00682,79.58865,0.67004,0.00886,-0.01152,0.01469,-0.01408,0.01741,-0.00471,0.02449,-0.00448,0.09222,-0.0023,60.76373,0.55256,0.03961,0.005,0.03144,-0.00881,0.045,-7e-05,0.07929,0.01346,0.19889,0.02219
2018-01-29,69.45494,0.56357,0.01753,-0.00678,0.02433,-0.0061,0.01706,-0.01423,-0.01931,-0.03925,0.04206,-0.00822,79.99975,0.76298,0.00041,-0.00756,0.00947,-0.00293,0.03092,0.00901,0.00787,-0.00566,0.0271,-0.00505,92.08915,0.81628,0.02751,0.00741,0.02144,0.00846,0.05859,0.03773,0.03971,0.02603,0.04167,0.00743,79.95871,0.78926,0.03777,0.01665,0.01247,0.01074,0.07026,0.07748,0.01056,0.03625,-0.01474,-0.00503,83.67666,0.78025,0.0016,-0.00501,0.00182,-0.0034,0.00821,0.00869,-0.01412,-0.00827,0.02986,-0.00147,79.98527,0.66718,0.01816,-0.00613,0.0059,-0.00996,0.01735,0.00324,0.03031,0.00303,0.06756,-0.00833,61.99961,0.55803,0.01554,-0.00803,0.00223,-0.02159,0.01283,-0.01335,0.03617,0.00176,0.14619,0.00543
2018-02-05,70.63669,0.56415,0.00872,-0.00465,0.0136,-0.00265,0.00796,-0.01364,-0.01865,-0.03177,0.01429,-0.01919,80.59938,0.76224,0.00114,-0.00235,0.00546,-0.00169,0.02566,0.01121,0.01102,-0.00069,0.02209,-0.00173,94.55256,0.82722,-0.00176,-0.00418,0.00063,-0.00055,0.0344,0.02788,0.03112,0.02309,0.0123,-0.00686,84.3562,0.819,-0.03804,-0.02239,-0.01998,0.00051,0.00902,0.04642,-0.01015,0.02682,-0.04229,-0.01692,84.44309,0.78132,-0.01075,-0.00885,-0.01063,-0.00419,0.0088,0.01416,-0.01199,-0.00409,0.02553,-0.00127,80.29409,0.65851,0.00578,-0.00255,0.00578,0.0029,0.00145,0.00477,0.02736,0.00626,0.06579,-0.00064,63.17037,0.55756,-0.00786,-0.0138,-0.01865,-0.02525,0.02357,0.00152,0.01284,-0.00277,0.17664,0.02445
2018-02-12,70.67217,0.55679,0.00669,0.00068,0.02796,0.0056,0.00064,-0.01214,-0.00258,-0.01494,-0.00549,-0.02466,80.03249,0.75542,0.00906,0.00463,0.02739,0.014,0.02726,0.01462,0.02368,0.00817,0.03294,0.00725,94.62219,0.82369,-0.0059,0.00105,0.01407,0.0129,0.03388,0.02924,0.03887,0.03004,0.02587,0.0038,82.97912,0.80592,-0.02439,-0.00592,0.01629,0.02476,-0.00829,0.02813,0.01774,0.05183,-0.00805,0.0075,83.81083,0.77524,0.00022,0.00161,-0.00282,0.00428,0.01004,0.0147,0.00207,0.00383,0.0569,0.01631,81.43742,0.66105,-0.01204,-0.00383,-0.01522,-0.00372,-0.00335,0.00584,0.01591,0.00534,0.06466,0.00251,62.96291,0.54999,-0.01311,-0.01356,0.00561,-0.00689,0.0408,0.01501,0.04849,0.01398,0.23535,0.0472
2018-02-19,71.25275,0.5595,0.00483,0.002,-0.00333,-0.00148,-0.00751,-0.01682,-0.03057,-0.0234,0.0008,-0.03494,80.69147,0.75989,0.00431,0.00066,0.01998,0.0116,0.01436,0.00661,0.01033,-0.00061,0.02897,0.00086,94.38596,0.82303,0.0024,0.00363,0.02894,0.02485,0.03563,0.02947,0.03733,0.0281,0.03338,0.00271,81.14705,0.79661,0.01878,0.0229,0.06094,0.06916,0.00185,0.02727,0.02295,0.04672,0.00262,0.00044,83.53542,0.77247,0.00012,0.00466,0.00758,0.01536,0.00236,0.01018,0.00642,0.00568,0.07439,0.02179,80.75807,0.65596,-0.0,0.00545,0.00267,0.00937,-0.00314,0.00696,0.00838,0.00014,0.07623,0.00152,62.67409,0.54376,-0.01088,-0.01145,0.01315,0.00874,0.0493,0.02676,0.05614,0.01672,0.25974,0.04477
2018-02-26,71.14471,0.55747,0.02114,0.00492,-0.0071,-0.00813,-0.01736,-0.02348,-0.02512,-0.01438,0.02179,-0.03278,80.75749,0.76005,0.01817,0.00937,0.02124,0.01194,0.00989,0.00466,0.01257,-0.00071,0.05022,0.01076,94.06361,0.82474,0.02009,0.01185,0.03637,0.02927,0.03136,0.02535,0.04423,0.02849,0.04272,0.00135,80.95567,0.8,0.04169,0.03067,0.05708,0.06674,-0.00373,0.02276,0.0224,0.048,-0.00334,-0.01683,83.82935,0.77685,-0.00304,0.00267,0.00637,0.0121,-0.00352,0.0048,0.01474,0.00747,0.08712,0.02233,80.45689,0.65722,-0.00322,0.00011,0.01139,0.0132,0.01344,0.00834,0.02999,0.00637,0.10345,0.00687,62.13758,0.53644,0.01896,0.00667,0.01058,0.00824,0.05543,0.02958,0.10388,0.03457,0.31686,0.05152
2018-03-05,71.59714,0.5615,-0.00813,-0.00348,-0.00556,-0.01099,-0.04865,-0.03718,0.00641,-0.00205,0.0399,-0.03799,81.03935,0.76055,0.0156,0.01093,0.0201,0.0129,-0.00506,-0.00323,0.01682,0.00402,0.04612,0.00619,94.61229,0.82667,0.02648,0.02121,0.03375,0.02842,0.01198,0.01565,0.04692,0.02879,0.03777,-0.00547,82.67061,0.81951,0.04139,0.04626,0.02959,0.04591,-0.02259,0.00601,-0.00408,0.01679,-0.00153,-0.03426,83.54534,0.77713,0.00746,0.01069,0.01964,0.01834,-0.01257,-0.00515,0.0317,0.01928,0.09384,0.01776,80.75791,0.66141,0.00268,0.00392,-0.00431,0.00187,0.02046,0.0088,0.03478,0.0023,0.10098,0.00078,61.99218,0.53231,0.02429,0.02018,0.04303,0.02677,0.03629,0.02747,0.13266,0.04679,0.35584,0.06673
2018-03-12,72.64849,0.56239,-0.02765,-0.01305,-0.02658,-0.01774,-0.04582,-0.03001,-0.03885,-0.02005,0.05547,-0.03628,82.22463,0.76942,0.00302,0.00257,-0.00013,0.00062,-0.00896,-0.00787,0.00405,-0.00342,0.03349,-0.00364,95.95339,0.83659,0.01596,0.01742,0.01954,0.01634,0.01606,0.01371,0.04307,0.02553,0.02857,-0.01696,84.33107,0.83068,0.01477,0.03607,-0.02419,0.00337,-0.00985,0.01514,0.01393,0.02931,0.00632,-0.03087,83.57479,0.77951,0.00944,0.00943,0.01289,0.01042,-0.00173,-0.00229,0.04934,0.02838,0.10379,0.01831,80.19798,0.65733,0.01465,0.01309,0.01205,0.00956,0.02859,0.00744,0.07232,0.01998,0.11973,0.00668,63.31602,0.5431,-0.00823,0.00157,0.03499,0.02191,0.01051,0.01168,0.16792,0.06311,0.35749,0.06582
2018-03-19,71.01535,0.55802,0.00259,-0.00752,-0.00419,-0.01534,-0.0074,-0.01617,-0.02617,-0.01932,0.07282,-0.03384,82.30367,0.77148,0.00442,0.00196,-0.00551,-0.00499,-0.00457,-0.0079,0.01638,0.00364,0.03121,-0.00737,97.11771,0.84788,0.00708,0.00721,0.0065,0.00462,0.01217,0.00585,0.03487,0.01544,0.01839,-0.02723,86.09216,0.86577,-0.01133,-0.00036,-0.0557,-0.04189,-0.01906,-0.00802,-0.00543,0.00026,-0.028,-0.07433,84.16889,0.78782,0.01209,0.00765,-0.00519,-0.00518,-0.00219,-0.00875,0.04329,0.01923,0.09583,0.00907,80.97409,0.66533,-0.00696,-0.00205,-0.0058,-0.00241,0.02172,0.00106,0.07294,0.01688,0.11816,0.00429,63.49796,0.55249,0.01829,0.00659,0.03568,0.01803,0.03965,0.01148,0.19104,0.0585,0.37061,0.06815
2018-03-26,70.63989,0.54934,0.0011,-0.00469,-0.01034,-0.01535,-0.02216,-0.01324,-0.03045,-0.01675,0.07088,-0.02973,82.47304,0.77199,-0.00314,-0.00195,-0.01112,-0.00728,-0.0115,-0.01272,0.01968,0.00207,0.03988,-0.00092,97.48492,0.85402,0.00352,-0.00108,-0.00483,-0.00392,0.00436,-0.00289,0.02383,0.00364,0.01664,-0.02963,85.57633,0.86674,-0.03839,-0.03269,-0.05753,-0.04398,-0.02999,-0.02342,-0.02441,-0.02368,0.02464,-0.04071,84.36362,0.78894,0.00342,0.00099,-0.00983,-0.0073,-0.00346,-0.0108,0.03849,0.01325,0.0992,0.0116,81.3732,0.67042,-0.00257,-0.00353,0.00203,-0.00486,0.00076,-0.01432,0.07762,0.01222,0.12483,0.00645,62.79503,0.54467,0.04358,0.02033,0.04438,0.02135,0.05411,0.01581,0.20001,0.05892,0.38908,0.07452
2018-04-02,71.19904,0.55051,-0.00676,-0.00782,-0.04333,-0.02618,-0.02586,-0.00741,-0.06428,-0.03182,0.07226,-0.02623,82.66784,0.77344,-0.00989,-0.00695,-0.02466,-0.01612,-0.01083,-0.0141,0.02531,0.00423,0.04287,0.00057,97.80551,0.85509,-0.00058,-0.00259,-0.02106,-0.01277,0.00428,-0.00186,0.01215,-0.00551,0.01729,-0.02848,85.11674,0.86542,-0.04488,-0.04153,-0.05068,-0.0399,-0.02758,-0.01741,-0.02044,-0.03372,0.06613,-0.02335,85.18641,0.79548,-0.01707,-0.01283,-0.03159,-0.0235,-0.00142,-0.01116,0.02766,0.00338,0.10655,0.01559,80.4102,0.66328,0.00118,-0.00036,0.02487,0.00693,0.03058,0.00031,0.08265,0.01298,0.14499,0.01578,64.65949,0.55908,0.01708,0.01144,-0.00646,0.0007,0.06083,0.01192,0.09205,0.0152,0.40702,0.08624
2018-04-09,70.71754,0.54465,-0.01142,-0.01066,-0.01977,-0.01227,0.01893,0.0148,-0.03536,-0.02147,0.09241,-0.01323,82.21423,0.77004,-0.008,-0.00533,-0.00884,-0.00849,0.00229,-0.00547,0.02477,0.00119,0.0508,0.00471,97.82834,0.85294,-0.00833,-0.00285,-0.00341,-0.00263,0.0125,0.00252,-0.00155,-0.01594,0.0337,-0.01937,82.29145,0.83405,-0.0199,-0.01129,0.01469,0.01176,0.00051,0.00225,-0.02345,-0.03875,0.10805,0.01433,84.65224,0.78993,-0.0132,-0.00829,-0.01444,-0.01271,0.01821,0.00648,0.02196,-0.00298,0.11934,0.02506,81.16434,0.66689,0.00461,-0.00133,0.01635,-0.00212,0.0296,-0.00318,0.05897,-0.00123,0.14954,0.0218,65.53169,0.56501,0.00076,0.00101,-0.02365,-0.01022,0.07148,0.0141,0.08425,0.00175,0.37358,0.07306
2018-04-16,70.71754,0.54268,-0.03682,-0.01836,-0.00322,-0.00083,-0.01261,-0.00034,-0.0212,-0.01115,0.06456,-0.02706,81.84992,0.76649,-0.01491,-0.00917,0.00095,-0.00291,0.00865,-0.00049,0.0199,-0.00212,0.05252,0.00568,97.74862,0.8525,-0.02049,-0.01018,0.00564,0.00123,0.02391,0.00962,-0.0048,-0.01972,0.02955,-0.02373,81.29711,0.82388,-0.00608,0.00163,0.03879,0.03387,0.05177,0.0361,-0.01046,-0.0287,0.1095,0.0158,83.73226,0.78265,-0.01477,-0.01067,0.00301,-0.00358,0.04736,0.02525,0.03929,0.00711,0.1268,0.02615,80.50473,0.66292,0.02366,0.00729,0.02768,0.00347,0.06823,0.01439,0.07419,0.00475,0.16005,0.02865,65.76367,0.57052,-0.02314,-0.01074,0.00383,-0.00655,0.12445,0.03569,0.09512,0.0043,0.33861,0.05871
2018-04-23,69.90972,0.534,-0.00844,-0.00161,-0.01195,0.00211,-0.01077,0.00471,0.02413,0.01099,0.12893,0.00678,81.55615,0.76471,-0.00084,-0.00316,-0.00039,-0.00544,0.0257,0.01041,0.01968,-0.00283,0.07762,0.01997,97.01385,0.85009,0.00496,0.00021,0.00923,0.00104,0.03598,0.01323,0.00751,-0.01522,0.04846,-0.01201,80.65347,0.82276,0.0353,0.02305,0.02921,0.02057,0.06164,0.04327,-0.00256,-0.03119,0.08159,0.00492,83.53464,0.78164,-0.00125,-0.00442,0.00643,-0.0035,0.05121,0.02541,0.03922,0.00567,0.1497,0.03937,81.53812,0.66556,0.01169,-0.00079,-0.00127,-0.00946,0.06552,0.01665,0.0661,0.00218,0.15912,0.03484,65.58158,0.56602,-0.0244,-0.01123,0.00932,-0.00554,0.1532,0.04498,0.11082,0.00873,0.33649,0.07832
2018-04-30,68.11369,0.52432,0.03488,0.01753,0.01826,0.01877,0.00551,0.00826,0.06258,0.03103,0.13112,0.01013,80.6292,0.75732,0.0161,0.00626,0.01418,0.00202,0.043,0.01674,0.01908,0.00061,0.08279,0.02533,95.7458,0.84232,0.02668,0.01141,0.02588,0.01091,0.04243,0.01533,0.00188,-0.0186,0.04629,-0.00951,80.80301,0.82551,0.04515,0.03224,0.02433,0.02249,0.03322,0.01755,-0.02503,-0.04128,0.07179,0.00308,82.49514,0.77198,0.01805,0.00709,0.03115,0.01233,0.06201,0.03022,0.04461,0.0068,0.15549,0.04859,82.40983,0.67021,0.00392,-0.00382,0.00558,-0.00662,0.06407,0.01242,0.03615,-0.01137,0.14513,0.03449,64.24194,0.55978,0.02761,0.00419,0.06772,0.01122,0.17298,0.04381,0.10619,0.00367,0.31811,0.07509
2018-05-07,69.31967,0.53238,-0.00354,0.00372,0.03948,0.02706,-0.03891,-0.01369,0.03356,0.01258,0.18382,0.03917,81.48753,0.76155,0.00046,-0.00227,0.01123,0.00303,0.04016,0.01613,0.01095,-0.00104,0.08338,0.02698,97.49465,0.8503,0.00426,0.00083,0.01596,0.00515,0.01538,-0.00072,-0.01825,-0.02995,0.04218,-0.00778,83.50019,0.84581,-0.00588,-0.00248,-0.01398,-0.00951,-0.00148,-0.01412,-0.03248,-0.04373,0.05096,-0.00457,83.43027,0.77723,0.00769,0.00092,0.03312,0.01918,0.04929,0.02163,0.03798,0.00282,0.15883,0.05744,82.49098,0.66477,-0.0128,-0.00868,0.01304,-0.00106,0.05534,0.01149,0.03741,-0.0069,0.15607,0.04727,63.9817,0.55479,0.03456,0.00569,0.09744,0.02432,0.10361,0.01949,0.16172,0.02722,0.30332,0.07774
2018-05-14,70.48982,0.54185,-0.01606,0.00124,-0.00942,0.00049,-0.03224,-0.01867,-0.00292,-0.00972,0.19101,0.04458,81.92742,0.76359,-0.00189,-0.00424,0.00769,0.00242,0.02836,0.00764,0.00905,-0.00092,0.07984,0.02449,98.29989,0.85373,-0.00077,-0.0005,0.01817,0.00839,-0.00634,-0.01673,-0.01251,-0.02624,0.04479,-0.00584,84.45096,0.85775,-0.01992,-0.00974,0.01249,0.00223,-0.04842,-0.06245,-0.02534,-0.04433,0.05234,-0.00794,83.9844,0.77907,0.01287,0.00524,0.04422,0.02882,0.03008,0.00788,0.05471,0.01247,0.15434,0.05672,82.73289,0.66639,0.00165,-0.0028,0.03946,0.01092,0.03889,-0.00073,0.04799,-0.00282,0.16884,0.05391,66.0158,0.56397,0.03903,0.00703,0.12016,0.04224,0.0763,0.00278,0.17822,0.03322,0.2482,0.06794
2018-05-21,69.07454,0.5361,0.04317,0.02335,0.00119,0.0026,0.00208,-0.00457,0.03236,-0.01154,0.23355,0.0595,81.5247,0.75927,0.01077,0.0053,0.0261,0.01585,0.02397,0.00509,0.01845,0.00147,0.07877,0.02489,97.90957,0.85113,0.01166,0.00433,0.0265,0.01219,-0.00644,-0.01835,-0.00381,-0.02538,0.03451,-0.01354,83.00948,0.84333,-0.00815,-0.00703,0.03151,0.0227,-0.03087,-0.04815,-0.01988,-0.04627,0.06389,0.0117,84.07213,0.77815,0.02523,0.01826,0.04449,0.02891,0.03509,0.01161,0.06753,0.01612,0.13649,0.04865,81.43497,0.6561,0.02618,0.00762,0.06687,0.02611,0.06192,0.01157,0.06729,0.00139,0.16506,0.0471,66.19288,0.56048,0.06078,0.01863,0.14255,0.05052,0.08802,0.01434,0.19277,0.02805,0.20976,0.05977
2018-05-28,69.35763,0.5431,0.00675,-0.00076,-0.01253,-0.01051,0.03228,0.00189,0.04812,-0.0184,0.22411,0.05031,81.77272,0.75934,0.0096,0.00666,0.02841,0.01472,0.01698,0.00253,0.03718,0.01146,0.08652,0.03628,98.22387,0.85323,0.01895,0.00889,0.01613,0.00442,-0.0049,-0.01836,-0.00144,-0.02713,0.02458,-0.0127,82.76887,0.84801,0.03307,0.01198,0.00868,-0.00494,-0.02806,-0.05643,-0.02517,-0.06483,0.04164,0.0064,85.06511,0.78431,0.03095,0.02358,0.02992,0.01788,0.02052,0.003,0.07133,0.01487,0.13187,0.05454,82.86946,0.66359,0.03775,0.01372,0.05817,0.01905,0.04898,0.00415,0.07133,0.0005,0.14438,0.04578,68.59241,0.57101,0.07808,0.0352,0.09858,0.03258,0.06206,0.00375,0.19294,0.01695,0.15578,0.05459
2018-06-04,72.05622,0.55945,-0.04024,-0.02074,-0.07541,-0.04075,0.00444,-0.0041,0.03328,-0.03593,0.1586,0.02816,82.40277,0.76457,0.01516,0.01055,0.02861,0.0131,-0.00285,-0.00664,0.02881,0.00216,0.07694,0.03019,99.05113,0.85546,0.01467,0.00786,-0.00058,-0.00588,-0.03155,-0.03174,-0.00873,-0.03425,0.01229,-0.01629,82.33325,0.8363,0.03998,0.02973,0.01267,-0.0046,-0.04315,-0.05206,0.00256,-0.05105,0.21473,0.13318,86.1934,0.79641,0.01879,0.01064,0.01565,0.00245,-0.00021,-0.01763,0.06023,-0.00152,0.11466,0.04307,83.56677,0.66371,0.03966,0.01849,0.04175,0.01255,0.02181,-0.00487,0.06397,-0.00152,0.14932,0.05602,70.2161,0.5791,0.07708,0.03189,0.00563,-0.00483,0.01207,-0.01565,0.19704,0.01994,0.12601,0.0528
2018-06-11,69.82591,0.54234,-0.01915,-0.00975,-0.02304,-0.01915,0.02607,0.00262,0.09813,-0.01623,0.17137,0.04448,82.55767,0.766,0.01863,0.00806,0.02051,0.00523,-0.00215,-0.00549,0.02932,-0.00022,0.07517,0.03052,100.08565,0.86212,-0.00277,-0.00447,-0.02407,-0.02512,-0.04367,-0.04177,-0.0139,-0.04249,0.00685,-0.01823,85.50601,0.85998,-0.02361,-0.01692,-0.06017,-0.06468,-0.05517,-0.0579,-0.00751,-0.06018,0.127,0.08361,87.69796,0.80789,-0.001,-0.0057,-0.01353,-0.02094,-0.01253,-0.02784,0.05189,-0.01007,0.10328,0.03932,85.99754,0.67731,0.01968,0.00533,-0.00054,-0.01165,-0.00489,-0.01943,0.04422,-0.0133,0.10512,0.03934,73.94806,0.60621,0.01902,-0.00262,-0.03915,-0.03946,0.00515,-0.0242,0.16232,0.00271,0.03759,0.01431
2018-06-18,69.15677,0.5387,-0.03665,-0.02001,0.00089,-0.00717,0.0163,-0.00658,0.10165,-0.01452,0.16487,0.04798,83.6521,0.77512,0.01325,0.00256,-0.00207,-0.01075,-0.01176,-0.01246,0.01459,-0.01101,0.06695,0.02379,100.50397,0.86332,-0.01502,-0.01374,-0.03209,-0.03054,-0.03417,-0.03583,-0.01593,-0.04267,0.00453,-0.01895,85.62483,0.86603,-0.02626,-0.03434,-0.06048,-0.07085,-0.0387,-0.05262,-0.02269,-0.07459,0.13342,0.09265,87.81259,0.80705,-0.00307,-0.00819,-0.009,-0.0173,0.00873,-0.01551,0.05036,-0.01016,0.10846,0.04424,86.88069,0.68221,0.00202,-0.00595,-0.00464,-0.01454,-0.00205,-0.01864,0.04214,-0.01259,0.08713,0.03321,75.62869,0.611,-0.06635,-0.03672,-0.04773,-0.03618,0.02846,-0.01381,0.15077,0.00964,-0.01695,-0.00112
2018-06-25,68.48878,0.53259,-0.00397,-0.0094,0.04538,0.0124,0.04119,-0.00803,0.10451,-0.01297,0.13788,0.04769,84.09602,0.77406,0.00184,-0.00283,-0.01112,-0.01219,-0.01269,-0.01332,0.01981,-0.00299,0.06334,0.02655,99.80813,0.85765,-0.02136,-0.02065,-0.0207,-0.02278,-0.02276,-0.0319,-0.00702,-0.03327,0.00397,-0.0169,83.48718,0.84307,-0.03744,-0.04777,-0.03642,-0.05149,-0.02548,-0.04601,0.05028,-0.01703,0.12947,0.09838,87.61046,0.80219,-0.01255,-0.01524,-0.00913,-0.01488,0.02442,-0.00793,0.05846,-0.00165,0.10134,0.04735,87.68957,0.68264,-0.01983,-0.01697,-0.00868,-0.0149,-0.00884,-0.02515,0.04381,-0.00577,0.08286,0.04076,75.35443,0.60359,-0.05709,-0.03683,-0.03325,-0.02884,0.04775,-0.01507,0.15756,0.01561,-0.01698,0.01238
2018-07-02,66.62232,0.51869,0.03896,0.01284,0.08636,0.03666,0.09115,0.006,0.14592,0.00559,0.13027,0.14283,84.76038,0.77768,-0.01512,-0.01331,-0.03059,-0.01975,0.00062,-0.00688,0.01712,-0.00367,0.03778,0.08332,98.99403,0.84958,-0.01732,-0.0168,-0.03099,-0.02586,-0.00921,-0.02348,0.00508,-0.02297,-0.01131,0.04528,83.3766,0.83169,-0.03514,-0.03651,-0.05512,-0.04746,-0.03228,-0.04852,0.08838,0.01037,0.0881,0.1448,87.54262,0.79886,-0.00594,-0.0091,-0.01562,-0.02008,0.04101,0.00032,0.07676,0.0122,0.08307,0.11426,87.05598,0.67626,-0.00664,-0.0086,-0.01914,-0.01742,0.01981,-0.01218,0.05758,0.0028,0.06326,0.12875,70.61109,0.57428,0.01994,0.00054,0.00641,-0.01082,0.15883,0.01367,0.28843,0.07105,0.03932,0.13095
2018-07-09,68.217,0.52319,0.04955,0.0218,0.05027,0.02177,0.09143,0.00033,0.13246,0.00824,0.15559,0.15772,84.25071,0.77123,-0.01294,-0.00935,-0.02221,-0.01072,0.00624,-0.00449,0.0254,0.00352,0.0645,0.09942,97.67655,0.837,0.00067,-0.00213,-0.02008,-0.01664,0.00522,-0.0158,0.0353,-0.00343,0.02783,0.06762,80.36153,0.7953,0.00106,-0.00373,0.00531,0.00678,0.02716,-0.01005,0.13466,0.05308,0.1544,0.19591,86.51098,0.78695,0.00347,0.00036,0.00102,-0.0069,0.05634,0.00793,0.09529,0.02804,0.13212,0.14257,85.95074,0.66566,0.01137,0.00208,-0.00435,-0.00779,0.03446,-0.00347,0.08553,0.02303,0.11989,0.15874,71.05271,0.56676,0.02528,0.008,0.0461,0.01525,0.18294,0.03229,0.26685,0.07131,0.04057,0.14022
2018-07-16,69.21819,0.53153,0.04562,0.02382,0.0154,0.0006,0.10777,-0.00542,0.08762,-0.0159,0.20571,0.17418,83.479,0.76437,-0.01571,-0.00644,-0.00971,-0.0017,0.01796,0.00141,0.03198,0.00781,0.08155,0.10872,97.27909,0.83278,-0.01391,-0.00906,-0.00215,-0.00529,0.01455,-0.01315,0.03452,-0.00401,0.04839,0.08208,80.44666,0.79518,-0.02071,-0.01094,0.02318,0.01824,0.05491,0.00463,0.12123,0.0445,0.19076,0.22589,87.02236,0.78976,-0.00973,-0.01098,0.01789,0.00179,0.06006,0.00806,0.0842,0.01904,0.12729,0.13981,86.47758,0.66766,-0.01258,-0.00882,0.00261,-0.0041,0.03842,-0.00365,0.07993,0.0239,0.13311,0.16437,72.01907,0.57482,-0.01327,-0.01136,0.08001,0.02237,0.19345,0.0341,0.22234,0.05441,0.08216,0.1604
2018-07-23,71.59682,0.54499,0.00069,-3e-05,-0.00401,-0.02043,0.06411,-0.0208,0.10232,-0.00421,0.201,0.16472,83.16082,0.76188,-0.00939,-0.00137,-0.00158,-0.00113,0.02058,0.00223,0.05683,0.0228,0.09437,0.11309,97.74232,0.83487,-0.02074,-0.01451,-0.00211,-0.00912,0.01188,-0.01422,0.04065,0.00321,0.05565,0.08517,80.44666,0.79157,0.00425,0.0105,0.01135,0.00548,0.04022,-0.00013,0.08437,0.03611,0.50497,0.4269,86.81102,0.78731,-0.00244,-0.00726,0.03385,0.00695,0.06248,0.00958,0.1063,0.0337,0.14281,0.1467,86.92818,0.66774,-0.01554,-0.00987,-0.00016,-0.01026,0.04157,0.00188,0.08725,0.03266,0.14639,0.17122,72.84912,0.57475,0.02031,0.00726,0.08379,0.01377,0.19467,0.04589,0.20316,0.06959,0.36407,0.3289
2018-07-30,72.3761,0.55535,-0.0289,-0.02322,0.0044,-0.03066,0.04519,-0.03574,0.06451,-0.0209,0.23918,0.17239,82.16771,0.75793,0.0061,0.00474,0.0322,0.01287,0.04374,0.01314,0.06252,0.02472,0.12614,0.12457,95.92615,0.82371,0.01192,0.00378,0.02248,0.00238,0.03316,0.00067,0.04432,0.00909,0.08521,0.09903,78.78048,0.78424,0.04482,0.02918,0.02418,-0.00106,0.11303,0.0418,0.0993,0.04435,0.58542,0.44863,86.17554,0.77878,0.0279,0.01277,0.05752,0.02041,0.07609,0.02177,0.10614,0.04179,0.17375,0.16439,85.3893,0.65885,0.01538,0.00472,0.03971,0.00524,0.07193,0.01802,0.10518,0.04586,0.18522,0.18533,71.0636,0.56345,0.09453,0.03374,0.15145,0.0245,0.22745,0.05574,0.19158,0.07142,0.44941,0.3636
2018-08-06,71.64602,0.54496,-0.00469,-0.0204,0.03919,-0.02145,0.06557,-0.02068,0.14538,0.02659,0.28728,0.19164,82.37983,0.76051,0.00788,0.00023,0.02909,0.00623,0.04651,0.0135,0.07165,0.02802,0.14592,0.13225,95.71516,0.82036,0.01903,0.00539,0.02582,0.00085,0.03951,0.00626,0.06156,0.02217,0.1091,0.10839,80.78844,0.80208,0.00707,-0.00502,0.02173,-0.01683,0.12325,0.03999,0.08624,0.03916,0.57949,0.43681,86.59919,0.78005,0.03638,0.01421,0.05526,0.01484,0.08849,0.03101,0.11643,0.05462,0.19504,0.17749,85.57696,0.65787,0.01563,-0.00039,0.03898,0.00432,0.07586,0.02119,0.11438,0.05417,0.22374,0.20099,74.32855,0.58201,0.06221,0.00651,0.13081,0.01703,0.22399,0.06332,0.12189,0.05052,0.43374,0.35859
2018-08-13,70.28411,0.53213,0.0343,-0.00743,0.09097,-0.00602,0.09915,-0.0007,0.1945,0.0543,0.36788,0.22531,82.66855,0.76266,0.02594,0.00814,0.02794,0.00312,0.04502,0.01208,0.07015,0.02542,0.15422,0.13797,97.06977,0.82749,0.01043,-0.00139,0.01674,-0.00786,0.04177,0.00608,0.05803,0.0204,0.10665,0.10763,82.31116,0.81342,-0.01975,-0.03024,0.03101,-0.01361,0.10779,0.03497,0.0797,0.0364,0.55651,0.4309,88.57953,0.79154,0.02882,0.00764,0.04142,0.00628,0.06971,0.02345,0.09446,0.04424,0.18247,0.17731,86.70298,0.66357,0.02396,0.00052,0.03572,0.00044,0.07611,0.02512,0.11532,0.05673,0.2249,0.19851,77.78097,0.59719,0.05201,-0.00924,0.10504,0.01173,0.15727,0.04088,0.05939,0.03472,0.38387,0.34306
2018-08-20,71.3098,0.52456,0.04409,-0.00105,0.06839,-0.00037,0.05572,-0.00893,0.19489,0.07104,0.37286,0.24417,83.02914,0.76074,0.02105,0.00599,0.0222,0.00337,0.03757,0.01143,0.05923,0.02342,0.1546,0.14204,97.53655,0.82575,0.00666,-0.00454,0.01401,-0.0051,0.03179,0.00302,0.03846,0.01184,0.10388,0.11311,81.35958,0.79706,0.01456,-0.0118,0.02854,-0.00561,0.10865,0.04263,0.08547,0.05798,0.565,0.4529,89.74987,0.79426,0.01822,0.00062,0.02769,0.00263,0.05125,0.01453,0.0646,0.03253,0.16747,0.17466,86.91453,0.65748,0.02299,0.00471,0.04174,0.01214,0.0745,0.03408,0.09161,0.04571,0.23846,0.21683,78.95281,0.58852,0.06458,0.01052,0.10232,0.03212,0.115,0.0407,0.01424,0.03173,0.4201,0.38423
2018-08-27,72.69492,0.5247,0.05479,0.00141,0.0406,-0.00508,0.08567,0.01608,0.16791,0.06871,0.3467,0.24241,84.81322,0.7708,0.00195,-0.00502,0.01119,0.00027,0.03624,0.01387,0.04757,0.02482,0.13914,0.13848,98.08239,0.8261,0.00624,-0.00647,0.01045,-0.00171,0.03704,0.01198,0.02606,0.01443,0.08422,0.10631,80.68555,0.78318,0.05178,0.01663,0.08675,0.04286,0.08116,0.04451,0.06854,0.07123,0.57368,0.47157,91.13246,0.79918,0.01225,-0.00136,0.01756,0.00136,0.05384,0.02183,0.05651,0.03967,0.15313,0.17466,88.78026,0.66409,0.01149,-8e-05,0.03099,0.01278,0.06457,0.03631,0.06819,0.04528,0.19398,0.2018,81.82648,0.58795,0.05041,0.02097,0.066,0.03124,0.07116,0.05639,-0.03114,0.03764,0.39624,0.39837
2018-09-03,74.45402,0.52351,0.02327,0.00067,0.02538,0.00077,0.0348,0.01094,0.12129,0.0641,0.27182,0.21911,84.77668,0.76674,0.00113,-0.00263,0.01693,0.00728,0.02982,0.01591,0.04678,0.02803,0.14356,0.14311,98.18608,0.8212,0.00731,-0.00055,0.01335,0.00541,0.02028,0.0116,0.02121,0.01796,0.08572,0.11023,82.54424,0.78525,0.01378,0.00619,0.09936,0.05681,0.04918,0.04334,0.21162,0.18423,0.54263,0.47701,91.38506,0.79489,0.0093,0.002,0.03149,0.01617,0.04309,0.02568,0.05134,0.0446,0.13982,0.17402,88.91286,0.66219,0.01832,0.00743,0.03549,0.01687,0.06138,0.04251,0.08022,0.05755,0.17928,0.19656,84.05123,0.59904,0.03545,0.0216,0.0824,0.04628,0.00746,0.03583,-0.05934,0.03286,0.36989,0.38965
2018-09-10,76.67804,0.52611,-0.01345,-0.00649,0.0075,0.00532,0.07022,0.04544,0.06669,0.06071,0.27044,0.228,84.97835,0.76578,0.00922,0.00529,0.01662,0.00897,0.03888,0.02275,0.04455,0.03074,0.14451,0.14432,98.69471,0.81963,0.00418,0.00476,0.02462,0.01394,0.02951,0.0229,0.02104,0.02426,0.08314,0.11241,84.8638,0.79981,0.03324,0.02623,0.07447,0.04858,0.03407,0.04144,0.13553,0.14379,0.5476,0.49387,92.24878,0.79782,0.00524,0.00272,0.02716,0.01717,0.04806,0.03685,0.04885,0.04939,0.13375,0.17768,89.8003,0.66401,0.01927,0.01286,0.03899,0.02468,0.06197,0.04803,0.05832,0.05264,0.17697,0.20228,85.95099,0.60892,0.01485,0.01028,0.04726,0.02915,-0.02981,0.02361,-0.10731,0.0116,0.33887,0.37817
2018-09-17,76.18683,0.52419,0.00206,9e-05,-0.01186,-0.00856,0.10195,0.06224,0.05739,0.06249,0.24076,0.21861,84.87246,0.76411,0.01578,0.0099,0.01504,0.00807,0.04237,0.02397,0.05161,0.0348,0.14363,0.14572,98.90338,0.82065,0.006,0.00596,0.01753,0.00812,0.03841,0.02724,0.02078,0.02372,0.08851,0.11924,83.68196,0.79144,0.08441,0.05062,0.07788,0.04824,0.06201,0.05837,0.15974,0.16724,0.53759,0.50249,92.23496,0.79689,0.02198,0.01417,0.02292,0.01191,0.05108,0.0389,0.05531,0.0544,0.12915,0.17793,90.54211,0.66962,0.01686,0.00944,0.03145,0.02194,0.06803,0.05068,0.04317,0.0458,0.15574,0.19019,87.0309,0.62064,0.04534,0.02469,0.0115,0.00859,-0.0532,0.01127,-0.14574,-0.01076,0.3105,0.37174
2018-09-24,75.64649,0.51961,0.02123,0.01181,0.04331,0.02116,0.12639,0.07599,0.03021,0.06067,0.27989,0.23332,85.76195,0.77107,0.00733,0.00368,0.02478,0.0136,0.02548,0.01309,0.04269,0.02954,0.13562,0.14057,99.10731,0.82439,0.02036,0.00918,0.02632,0.01369,0.022,0.0132,0.01107,0.01637,0.08722,0.11957,87.68497,0.82604,0.0399,0.02235,-0.00515,0.00165,0.00716,0.02899,0.0754,0.11541,0.45509,0.46623,92.73256,0.80054,0.0218,0.01445,0.03566,0.02047,0.03035,0.02626,0.04051,0.04901,0.12425,0.17442,91.53119,0.67687,0.01934,0.01182,0.03257,0.02353,0.03655,0.02633,0.03741,0.04653,0.13252,0.17718,87.22724,0.6192,0.03194,0.01887,0.00484,0.02514,-0.08197,0.00105,-0.15079,-0.00323,0.31705,0.37727
2018-10-01,76.34394,0.52428,-0.0139,-0.00865,0.00918,0.01017,0.11209,0.06912,-0.01366,0.13724,0.25277,0.21521,86.21164,0.77401,-0.00073,-0.00184,0.01268,0.00864,0.03058,0.02161,0.02031,0.08698,0.1275,0.13543,99.49684,0.82661,0.01146,0.00216,0.00684,0.00619,0.01147,0.01392,-0.01631,0.06825,0.08074,0.1135,90.74572,0.84206,-0.00602,-0.00238,-0.04565,-0.01347,-0.04992,0.01234,-0.00026,0.13443,0.40061,0.45021,94.26261,0.81106,0.00092,-0.00226,0.01124,0.00951,0.02143,0.02779,0.00585,0.10206,0.09614,0.15379,92.06882,0.67906,0.01435,0.0125,0.025,0.02564,0.03004,0.0303,0.00537,0.12595,0.13377,0.18198,90.9772,0.64533,-0.03237,-0.0161,-0.06924,-0.01045,-0.12859,-0.01973,-0.19334,0.05991,0.28313,0.36404
2018-10-08,77.2528,0.53143,0.02162,0.00935,0.06225,0.04012,0.08066,0.05619,0.02043,0.14948,0.26053,0.21857,86.3905,0.77475,0.01732,0.00993,0.02189,0.01378,0.02723,0.02002,0.03813,0.0959,0.13051,0.14001,101.12471,0.83357,0.00584,0.00451,0.00477,0.00895,-0.00846,0.00559,-0.00721,0.07105,0.07242,0.11196,91.18332,0.84838,-0.04331,-0.0207,-0.03759,-0.00714,0.09683,0.1211,0.0174,0.14282,0.43503,0.47783,94.75451,0.81499,0.01356,0.00602,0.02034,0.01968,0.01395,0.02449,0.03363,0.11453,0.09018,0.14895,93.30169,0.68869,0.01298,0.01171,0.02211,0.02335,0.0294,0.03105,0.03166,0.13572,0.11622,0.16703,90.01334,0.63807,-0.02627,0.00627,-0.0736,-0.00554,-0.12164,-0.00617,-0.17862,0.06891,0.30975,0.37841
2018-10-15,75.28288,0.51563,0.02341,0.01882,0.11518,0.0708,0.08646,0.07119,0.10858,0.19008,0.29625,0.23324,86.1486,0.77217,0.01342,0.01047,0.02692,0.01591,0.03036,0.02435,0.04803,0.10092,0.14024,0.14771,100.63701,0.82877,-0.00456,0.00404,0.02053,0.01912,0.00133,0.01512,0.01341,0.08608,0.08087,0.1199,90.19932,0.83968,-0.03986,-0.01109,-0.01472,0.01013,0.06836,0.10391,0.06201,0.18138,0.45117,0.48683,94.34928,0.8088,0.01031,0.01177,0.02753,0.02699,0.0255,0.03842,0.03975,0.12077,0.09074,0.15311,93.38967,0.69156,0.0105,0.01314,0.03546,0.02874,0.01765,0.02509,0.04924,0.14047,0.11005,0.16208,88.03209,0.62923,-0.0381,0.00565,-0.06397,0.00268,-0.12842,-0.00871,-0.11468,0.10599,0.32038,0.37915
2018-10-22,78.92293,0.54077,0.03977,0.03078,0.07962,0.05483,0.02073,0.04591,0.08951,0.16894,0.21818,0.1936,87.88671,0.78467,0.0045,0.00385,0.00068,-0.00051,0.01554,0.01423,0.03552,0.09029,0.1227,0.1405,101.71534,0.83808,-0.00106,0.00444,-0.0042,-0.00049,-0.00744,0.00629,0.01441,0.08196,0.06264,0.10904,87.23371,0.82769,0.00598,0.01355,0.01237,0.02734,0.11252,0.131,0.38788,0.39079,0.48901,0.49737,96.03941,0.82101,0.00669,0.01366,-0.00512,0.00579,0.01351,0.03028,0.033,0.113,0.06288,0.13416,94.51268,0.7004,0.00902,0.01164,0.00385,0.0028,-0.00065,0.01502,0.0544,0.13856,0.10744,0.15395,87.6491,0.64434,-0.04861,-0.01181,-0.08639,-0.02409,-0.15177,-0.03446,0.13374,0.25931,0.3116,0.34786
2018-10-29,77.04496,0.53445,0.08968,0.05198,0.10197,0.05896,0.01151,0.04583,0.16409,0.19329,0.23889,0.2003,87.30468,0.78265,0.01333,0.00543,0.01768,0.01297,0.02426,0.01797,0.05988,0.09985,0.12413,0.13916,100.17776,0.83281,0.0252,0.01508,0.0046,0.00772,0.00027,0.00795,0.03915,0.08994,0.06683,0.1074,86.60358,0.82859,0.02619,0.02122,-0.00448,0.02581,0.08882,0.11285,0.4422,0.40428,0.47662,0.47789,95.32244,0.82057,0.01704,0.01522,0.01007,0.01828,0.01224,0.02898,0.06112,0.1226,0.08086,0.14358,94.37018,0.7047,0.0247,0.0156,0.00492,0.00466,0.0062,0.01869,0.07243,0.13948,0.09973,0.13932,84.67795,0.63487,-0.02689,-0.00296,-0.06377,-0.00928,-0.12522,-0.0189,0.21638,0.29217,0.30989,0.33164
2018-11-05,82.06205,0.57155,0.03833,0.02406,0.01733,0.01606,-0.08238,0.08997,0.12389,0.16505,0.18635,0.17614,88.28197,0.78853,-0.0038,-0.00436,0.00522,0.00624,-0.00362,0.07247,0.06931,0.10423,0.11414,0.13069,101.60718,0.84252,-0.00314,-0.00493,-0.01317,-0.00336,-0.03674,0.05233,0.04479,0.08622,0.0637,0.1001,87.7553,0.84124,0.00636,0.01379,0.13967,0.12824,0.03381,0.13525,0.4541,0.39765,0.48847,0.48188,96.6819,0.83467,-0.01174,-0.00787,-0.00626,0.00482,-0.01932,0.07846,0.07041,0.12287,0.05464,0.11522,95.36495,0.71204,-0.00512,-0.00885,0.00713,0.0077,-0.02938,0.09297,0.09813,0.14683,0.09433,0.12897,83.38843,0.63253,-0.03971,-0.01228,-0.05186,-0.00063,-0.11993,0.0727,0.27797,0.30807,0.382,0.36674
2018-11-12,83.95409,0.58643,0.01128,0.00698,-0.02575,0.00039,-0.06102,0.09448,0.14515,0.17101,0.15254,0.15737,88.46812,0.78808,0.00429,0.00754,0.00334,0.00844,0.01375,0.08257,0.07856,0.11256,0.12279,0.13772,102.70262,0.84789,-0.0201,-0.00736,-0.0188,-0.004,-0.02247,0.05673,0.04595,0.08723,0.0605,0.09804,88.87142,0.84981,-0.02988,0.00459,0.08432,0.09378,0.04386,0.1414,0.44161,0.39451,0.50197,0.50594,96.94653,0.83579,-0.00685,0.00307,-0.00197,0.01142,0.01026,0.09373,0.08042,0.13306,0.06511,0.12208,96.70153,0.7203,-0.01931,-0.01093,-0.01721,-0.00365,-0.00461,0.1041,0.09825,0.14178,0.08949,0.12831,82.40061,0.63191,-0.0379,-0.00632,-0.06885,-0.01139,-0.10273,0.07507,0.30629,0.30833,0.42665,0.37238
2018-11-19,85.20714,0.5956,-0.02022,-0.00799,-0.05455,-0.00893,-0.02054,0.1101,0.14894,0.17312,0.12115,0.14582,87.94678,0.78417,0.00905,0.0106,0.01485,0.01474,0.0266,0.08893,0.09004,0.11861,0.14468,0.15343,101.2881,0.83759,-0.01006,0.00157,-0.00325,0.00678,0.0069,0.07727,0.06299,0.10127,0.07884,0.11233,88.31319,0.85503,0.13247,0.11445,0.09892,0.10365,0.08469,0.16604,0.44177,0.39493,0.54475,0.53094,95.54728,0.8268,0.00554,0.01269,0.01873,0.02449,0.02671,0.10277,0.09663,0.14213,0.09804,0.14426,94.87697,0.70319,0.01231,0.01654,-0.00449,0.01222,0.0328,0.12884,0.13453,0.17112,0.11627,0.15008,80.07719,0.62025,-0.01265,0.01165,-0.07156,-0.01037,-0.02673,0.11497,0.40016,0.3525,0.48172,0.38441
2018-11-26,84.9013,0.59341,-0.03662,-0.00659,-0.08209,-0.01312,0.0128,0.1163,0.15308,0.1737,0.12466,0.15428,88.84794,0.79562,-0.00095,0.0009,0.00647,0.00499,0.02432,0.07935,0.08741,0.11366,0.13493,0.14074,100.63851,0.84053,0.00132,0.00336,-0.00431,0.00023,0.02527,0.07951,0.05669,0.09188,0.09079,0.11305,86.21561,0.8544,0.11773,0.08919,0.09372,0.08704,0.40427,0.36407,0.47274,0.40034,0.53964,0.5056,96.28236,0.83885,0.00491,0.00836,0.00215,0.01069,0.0304,0.09515,0.09145,0.13499,0.08925,0.12812,94.83423,0.70937,0.00215,0.00728,0.00128,0.01403,0.05082,0.12959,0.11776,0.15652,0.12617,0.14585,79.27801,0.62559,-0.03217,-0.00507,-0.06563,-0.00962,0.25346,0.27806,0.44113,0.36073,0.51782,0.37611
2018-12-03,83.48422,0.58761,-0.03504,-0.00093,-0.09802,0.07391,0.0743,0.14013,0.13426,0.15502,0.13731,0.14956,88.74262,0.79477,0.00575,0.00414,-0.00879,0.06623,0.0427,0.08773,0.09246,0.11508,0.13268,0.13788,100.26871,0.83916,0.00688,0.00521,-0.02388,0.0557,0.03821,0.08359,0.06317,0.09228,0.09145,0.106,100.01229,0.96948,-0.02963,-0.0108,-0.09289,0.00701,0.24884,0.26339,0.27319,0.29278,0.33049,0.38212,96.0766,0.83948,0.01311,0.0118,-0.01314,0.07364,0.05279,0.10368,0.08416,0.12943,0.08227,0.12128,96.04507,0.71974,-0.0166,-0.00432,-0.03626,0.08527,0.05372,0.12444,0.09171,0.13901,0.10838,0.12576,79.06404,0.6319,-0.05967,-0.02202,-0.0718,0.07333,0.30274,0.29515,0.45631,0.35679,0.51302,0.35471
2018-12-10,81.79198,0.58682,-0.04719,-0.00653,-0.0362,0.09409,0.1276,0.14978,0.19101,0.1673,0.14214,0.13877,88.76386,0.79652,0.00742,0.00409,0.01038,0.07413,0.0635,0.09624,0.0957,0.11358,0.12162,0.12724,100.77133,0.84389,-0.00563,-0.00313,-0.00373,0.06073,0.05345,0.08486,0.06082,0.08815,0.08637,0.09912,96.36544,0.9436,-0.02147,-0.00215,-0.03731,0.04761,0.32418,0.29529,0.36288,0.35008,0.36876,0.38301,96.75554,0.84721,-0.00275,0.00233,0.01225,0.08231,0.06959,0.11033,0.08094,0.12828,0.06873,0.10538,95.03775,0.71665,-0.00087,0.00674,0.01282,0.10775,0.10192,0.14222,0.1121,0.14964,0.10913,0.11354,76.72744,0.62052,-0.03457,-0.00455,-0.03639,0.08646,0.38891,0.32008,0.49982,0.36657,0.53987,0.34805
2018-12-17,80.55893,0.58668,-0.06526,0.07484,0.03598,0.11903,0.19342,0.17076,0.17343,0.15612,0.15963,0.14101,89.25253,0.79891,-0.01445,0.06209,0.01159,0.07418,0.06908,0.10173,0.08751,0.11092,0.10994,0.11902,100.95895,0.84437,-0.03056,0.05049,0.01018,0.07049,0.06402,0.09075,0.06635,0.09553,0.08055,0.09271,97.04928,0.95868,-0.0652,0.01781,-0.01295,0.06238,0.32013,0.28563,0.3258,0.33525,0.37447,0.39047,97.33661,0.85129,-0.02591,0.06184,0.00784,0.07828,0.07609,0.11756,0.06996,0.12353,0.05761,0.09483,94.45082,0.71542,-0.01999,0.08959,0.03746,0.11662,0.12442,0.14666,0.10791,0.14439,0.12341,0.11776,74.34661,0.60988,-0.0129,0.09535,0.04828,0.12534,0.4478,0.33037,0.53408,0.3825,0.61128,0.35792
2018-12-24,77.93201,0.58028,0.01154,0.10062,0.10337,0.12943,0.2562,0.18845,0.24235,0.17265,0.22957,0.16486,89.42288,0.80061,0.00293,0.07003,0.01773,0.07435,0.07204,0.10216,0.08912,0.11103,0.12755,0.12746,100.20448,0.84076,0.0019,0.06387,0.02971,0.07928,0.07449,0.0981,0.07531,0.1032,0.09219,0.09969,94.29611,0.94145,-0.01619,0.04976,0.28393,0.27703,0.35029,0.30851,0.35307,0.35082,0.38793,0.38017,96.48906,0.84955,0.01505,0.07998,0.02819,0.08446,0.08593,0.11938,0.08048,0.12541,0.0738,0.09914,94.95552,0.72339,0.01369,0.10101,0.04948,0.11556,0.13359,0.15092,0.09168,0.13065,0.12601,0.10895,74.07461,0.61597,-0.00188,0.09101,0.34151,0.28768,0.51362,0.35679,0.5509,0.3805,0.59819,0.3323
2018-12-31,75.30139,0.66152,0.10831,0.04419,0.19104,0.06622,0.30009,0.10558,0.27011,0.07797,0.27125,0.08377,87.96261,0.861,0.02642,0.0121,0.05195,0.02151,0.09835,0.04829,0.10506,0.04845,0.15166,0.06846,97.87414,0.89486,0.04202,0.02,0.06361,0.02789,0.08653,0.03755,0.09866,0.04525,0.11268,0.03976,90.72199,0.97649,0.05589,0.04457,0.37673,0.25638,0.39959,0.27825,0.40098,0.31578,0.44149,0.32801,94.81448,0.91312,0.03465,0.01644,0.0668,0.03004,0.10835,0.06072,0.08976,0.05173,0.10487,0.04283,92.56289,0.80501,0.05862,0.02702,0.09337,0.03917,0.14519,0.06087,0.12772,0.05603,0.16636,0.03364,73.38747,0.70523,0.06199,0.02999,0.40351,0.22182,0.5568,0.28109,0.59067,0.30413,0.6013,0.25052
2019-01-07,78.83115,0.68091,0.09078,0.0288,0.16995,0.05569,0.20121,0.06172,0.23529,0.06909,0.2616,0.08185,89.6849,0.87065,0.01476,0.00432,0.05258,0.02211,0.08098,0.0392,0.08899,0.04411,0.13638,0.0623,100.39514,0.90462,0.02775,0.01542,0.0574,0.02413,0.06183,0.02682,0.08021,0.04091,0.09124,0.03417,92.76958,0.99121,0.30506,0.22726,0.3755,0.24768,0.37259,0.27106,0.41049,0.33501,0.41688,0.30963,97.94105,0.92952,0.01294,0.00449,0.05665,0.02802,0.06352,0.03939,0.05471,0.03442,0.07409,0.02741,96.25579,0.8244,0.0353,0.01456,0.08797,0.03446,0.08932,0.03435,0.08196,0.03131,0.13435,0.02122,73.93536,0.70698,0.34403,0.19667,0.44137,0.23362,0.55732,0.28171,0.59457,0.3095,0.59912,0.2361
2019-01-14,83.45705,0.70571,0.07465,0.02203,0.15198,0.05173,0.16725,0.0484,0.16929,0.04316,0.21149,0.07071,90.28655,0.87309,0.02487,0.00941,0.05683,0.02755,0.07722,0.03701,0.08799,0.0468,0.13157,0.06238,101.98666,0.91486,0.02072,0.00789,0.0533,0.02026,0.04818,0.01718,0.06656,0.03381,0.07657,0.02508,95.79241,1.02107,0.30386,0.21181,0.33745,0.22325,0.37104,0.27261,0.36644,0.30545,0.37217,0.27819,98.09957,0.92957,0.03108,0.0136,0.06772,0.03928,0.06613,0.04593,0.04904,0.03234,0.07411,0.0267,97.98854,0.83203,0.03283,0.01214,0.08382,0.03004,0.07861,0.03425,0.05795,0.02161,0.12948,0.02246,77.93641,0.73522,0.32159,0.19183,0.38111,0.20503,0.47655,0.25187,0.49142,0.27316,0.51702,0.20844
2019-01-21,85.98765,0.70971,0.07258,0.02689,0.13851,0.05902,0.09934,0.03309,0.1181,0.02466,0.22473,0.09191,91.00868,0.87497,0.03727,0.01779,0.05336,0.02781,0.06652,0.03486,0.08419,0.05021,0.12297,0.06133,103.18152,0.92004,0.02885,0.00871,0.04349,0.01882,0.04338,0.01986,0.04754,0.02708,0.06779,0.02103,121.06966,1.21847,0.05398,0.02042,0.05169,0.03149,0.06276,0.07546,0.07287,0.10658,0.10216,0.09453,99.2089,0.93401,0.04314,0.02353,0.05616,0.03492,0.04977,0.04081,0.02893,0.02116,0.06984,0.02858,99.65385,0.83896,0.05087,0.01991,0.08014,0.03535,0.05007,0.02085,0.05031,0.01539,0.1218,0.01977,99.37162,0.90365,0.07242,0.03695,0.1283,0.06911,0.14775,0.08873,0.15687,0.08855,0.21176,0.04638
2019-01-28,89.68718,0.72774,0.07195,0.0297,0.09155,0.03937,0.07952,0.02519,0.06425,0.00701,0.14226,0.05835,92.53209,0.8825,0.03119,0.01814,0.04411,0.02678,0.05253,0.02914,0.06063,0.03931,0.09395,0.05122,104.10013,0.92275,0.03191,0.01237,0.02155,0.00966,0.03507,0.02121,0.02663,0.01745,0.04678,0.01297,124.8998,1.23287,0.02577,0.01145,0.0166,0.02187,0.02154,0.0594,0.02387,0.07361,-0.00113,0.00907,101.14824,0.94316,0.03553,0.02569,0.03895,0.03068,0.03071,0.03179,0.01861,0.02098,0.05418,0.02045,101.20503,0.84418,0.04938,0.0179,0.0474,0.02171,0.02427,0.00987,0.02546,-0.00015,0.08598,0.00384,103.00016,0.92705,0.04504,0.0132,0.10922,0.05927,0.11536,0.06942,0.07688,0.03946,0.14455,0.00767
2019-02-04,92.22832,0.7366,0.06148,0.03213,0.02672,0.00603,0.03701,0.0029,0.05558,0.01109,0.10838,0.04095,94.4006,0.89276,0.01551,0.01002,0.02698,0.01709,0.0297,0.01669,0.04193,0.02646,0.07314,0.04246,106.15782,0.92875,0.01423,0.01011,0.00419,0.00269,0.01293,0.01136,0.0181,0.01387,0.01793,-0.00258,127.60487,1.23889,-0.00217,0.01107,-0.00212,0.02337,-0.00396,0.05338,0.02364,0.08423,-0.05253,-0.03856,103.48911,0.95754,0.01248,0.01138,0.00651,0.01137,-0.00159,0.00731,-0.01473,-0.00765,0.02179,-0.00504,104.72356,0.85887,0.02785,0.01545,0.00124,-0.00012,-0.00323,0.00218,-0.00346,-0.01785,0.04622,-0.01659,106.56788,0.9406,0.05211,0.03216,0.08045,0.04809,0.09541,0.06876,0.0814,0.05867,0.1135,-0.01144
2019-02-11,96.14044,0.75744,0.01828,0.00967,0.01326,-0.00333,0.01289,-0.00744,0.00645,-0.01364,0.07585,0.02566,95.41785,0.90064,0.01254,0.00864,0.01929,0.00946,0.02356,0.01412,0.04102,0.02516,0.0665,0.03819,107.42225,0.93512,-0.01004,-0.00271,-0.00486,-0.00308,0.00955,0.01041,0.01391,0.01081,0.00911,-0.01103,128.1179,1.24432,-0.00894,0.01043,0.02511,0.04936,0.02133,0.0819,0.04187,0.11143,-0.03492,-0.02244,104.74253,0.96885,0.00329,0.00499,-0.00149,0.00665,-0.01378,-0.00491,-0.01417,-0.01098,0.01518,-0.01867,106.20228,0.86208,-0.00189,0.00381,-0.00481,0.00421,-0.01937,-0.00636,-0.00797,-0.01347,0.02285,-0.03071,107.63891,0.94025,0.06142,0.04608,0.06911,0.04684,0.09529,0.07623,0.09214,0.06405,0.11809,-0.01622
2019-02-18,97.89821,0.76873,-0.03275,-0.0261,-0.03441,-0.02593,-0.00319,-0.01986,-0.02419,-0.0273,0.10022,0.02359,95.86511,0.90278,0.01129,0.00707,0.01249,0.00705,0.02467,0.01711,0.05013,0.03481,0.06777,0.0351,107.66873,0.93886,-0.0099,-0.00742,-0.00011,0.00104,0.01028,0.00981,0.01491,0.01106,0.00917,-0.01898,127.32734,1.24996,6e-05,0.0123,0.01053,0.04397,0.02802,0.07656,0.07143,0.13601,-0.02319,-0.0315,104.78047,0.96893,-0.0059,-2e-05,-0.00605,0.00589,-0.01785,-0.00702,0.00128,0.00213,0.0129,-0.02969,107.64052,0.87431,-0.0259,-0.01556,-0.02784,-0.01451,-0.03692,-0.02067,-0.01609,-0.02104,0.01793,-0.04545,112.1209,0.97276,0.02694,0.01594,0.01724,0.01962,0.0367,0.03562,0.05825,0.03191,0.09754,-0.05547
2019-02-25,97.89821,0.7671,-0.00494,-0.01299,-0.01102,-0.01418,-0.01794,-0.03273,-0.02465,-0.01942,0.11895,0.02355,96.61414,0.90928,0.00667,0.00082,0.00806,0.00236,0.02128,0.0159,0.0437,0.02708,0.06207,0.02327,106.34331,0.93241,0.00524,-0.00037,0.01324,0.01154,0.01639,0.01471,0.03228,0.02116,0.01994,-0.01888,126.97316,1.25475,0.03435,0.03893,0.00485,0.03752,0.02298,0.07031,0.04543,0.10525,-0.0012,-0.02376,105.08752,0.97385,-0.00476,0.00165,-0.00792,0.00111,-0.02863,-0.01868,-0.00201,-0.00687,0.01857,-0.03517,106.00184,0.86589,-0.00292,0.0004,-0.02208,-0.01184,-0.01259,-0.01153,0.00753,-0.01067,0.02922,-0.04981,114.24978,0.98632,0.00724,0.00077,0.00554,0.01015,0.00622,0.00588,0.05322,0.01538,0.09519,-0.08726
2019-03-04,94.69248,0.74263,-0.00172,0.00017,0.01002,-0.00313,0.008,-0.00788,0.00269,-0.00545,0.18772,0.04818,96.94757,0.90985,0.00119,-2e-05,0.00264,-0.0004,0.01232,0.01196,0.03682,0.0228,0.07528,0.03297,106.60298,0.93144,0.00989,0.00846,0.0087,0.00867,0.00253,0.00877,0.02659,0.01372,0.03006,-0.01303,127.33491,1.26226,0.01047,0.03167,-0.00185,0.03001,0.00429,0.04422,0.045,0.08934,0.01382,-0.03417,104.1624,0.96891,-0.00015,0.00591,-0.00804,-0.00406,-0.01087,-0.00477,-0.00174,-0.00814,0.04404,-0.02298,104.85305,0.85875,-0.002,0.00106,-0.00446,0.00229,-0.01021,-0.01472,0.01527,-0.01325,0.03602,-0.04972,115.14136,0.98869,-0.00945,0.00369,0.01385,0.02067,-0.03667,-0.02218,0.03895,-0.00208,0.10164,-0.08466
2019-03-11,97.41499,0.75411,-0.00612,-0.00118,-0.00037,-0.00412,-0.00063,-0.00642,-0.04103,-0.02853,0.1746,0.03098,97.2586,0.9101,0.00138,0.00154,0.00419,0.00466,0.01131,0.00912,0.02366,0.01366,0.07282,0.03016,106.90032,0.93204,0.00796,0.01192,0.01448,0.01349,0.01103,0.01058,0.02409,0.01097,0.0333,-0.0147,131.33496,1.29367,-0.02852,-0.00141,-0.00369,0.03254,-0.00544,0.02945,0.00431,0.03293,-0.01073,-0.06918,104.58697,0.9755,-0.00318,-0.00054,-0.01231,-0.01155,-0.02507,-0.0256,-0.0113,-0.02291,0.04691,-0.02854,105.69188,0.86629,-0.01921,-0.01224,-0.01463,-0.01057,-0.01259,-0.02527,-0.00267,-0.0361,0.04453,-0.04997,115.07732,0.98709,-0.00169,0.00938,0.02449,0.02939,0.00144,0.01218,0.0267,-0.01852,0.11682,-0.07659
2019-03-18,94.52988,0.7428,0.01176,-0.0033,0.03233,0.00607,0.0236,0.001,-0.01176,-0.01511,0.21914,0.05012,97.06276,0.90983,0.00145,-0.00038,0.01203,0.01006,0.02337,0.01597,0.02062,0.0081,0.07917,0.03322,107.65736,0.9399,-0.00118,0.00022,0.01038,0.00877,0.01169,0.00604,0.01332,-0.00281,0.01855,-0.03004,128.66826,1.29393,-0.01219,-0.00166,0.0173,0.03258,0.03741,0.06182,0.0367,0.05522,0.0087,-0.06644,104.14674,0.97482,-0.00789,-0.00996,-0.01187,-0.01291,-0.00853,-0.01695,-0.01155,-0.0287,0.04793,-0.03188,104.64334,0.85981,-0.00247,0.00123,-0.00933,-0.00616,0.00681,-0.0112,0.01399,-0.02663,0.04104,-0.05414,114.05385,0.99238,0.02351,0.01699,0.01913,0.016,0.03072,0.01191,0.05032,-0.02458,0.10477,-0.09382
2019-03-25,96.81895,0.75293,0.00579,-0.00293,-0.00699,-0.01856,-0.01331,-0.0115,-0.01029,-0.00778,0.156,0.01586,97.39264,0.91164,0.0028,0.00312,0.01312,0.01354,0.03366,0.02595,0.03528,0.01643,0.07046,0.0257,107.75131,0.94395,0.00647,0.00157,0.00311,0.00316,0.01413,0.00597,0.0157,-0.00351,0.011,-0.03781,127.58953,1.29227,0.02556,0.03395,0.01804,0.03278,0.06923,0.0937,0.02576,0.02935,0.01232,-0.0755,104.25481,0.97496,-0.00916,-0.01102,-0.02087,-0.01979,0.00633,-0.0039,-0.00619,-0.02627,0.0413,-0.03778,103.66102,0.85405,0.00467,0.00167,0.00971,0.00031,0.02168,-0.00077,0.03145,-0.0217,0.05493,-0.04537,114.88263,0.99647,0.02622,0.02001,0.00068,-0.00427,0.03281,0.00819,0.03049,-0.0482,0.07376,-0.12081
2019-04-01,95.64142,0.7395,0.02033,0.00937,-0.002,-0.00474,-0.00164,0.00819,0.00089,0.00579,0.15224,0.0173,97.20389,0.90945,0.01056,0.01044,0.00965,0.01237,0.03737,0.02692,0.04217,0.02001,0.07176,0.02588,107.53003,0.94011,0.01158,0.00856,-0.00612,9e-05,0.02088,0.01346,0.01276,-0.0055,0.00106,-0.04581,127.09949,1.29227,0.02986,0.03424,0.00615,0.0142,0.04439,0.06772,0.02892,0.01223,0.01732,-0.09244,103.32475,0.96485,-0.00401,-0.00295,-0.00285,-0.00071,0.01501,0.00212,0.01386,-0.0089,0.03712,-0.04282,104.38508,0.86104,-0.00688,-0.0074,-0.00578,-0.01702,0.02313,-0.00583,0.03426,-0.02239,0.04962,-0.05294,116.73558,1.00936,-0.00428,-0.00098,-0.04983,-0.04285,0.03079,-0.00766,0.00668,-0.05361,0.05059,-0.13943
2019-04-08,97.37939,0.75,-0.0127,-0.01562,-0.00026,-0.0023,-0.02497,-0.01282,0.0213,0.01276,0.11935,-0.00017,97.66569,0.91476,0.01029,0.01042,0.0071,0.00446,0.0292,0.01789,0.04352,0.01818,0.06853,0.02112,108.44793,0.94553,-0.00333,0.00159,-0.0034,-0.00291,0.00913,-0.00036,0.01021,-0.00673,-0.00267,-0.05398,130.85069,1.32621,-0.00733,-0.00116,-0.00175,-0.00309,0.01692,0.02539,0.00453,-0.02538,-0.01578,-0.12797,103.29959,0.96394,-0.01182,-0.00878,-0.01292,-0.01405,0.0066,-0.00317,0.01837,-0.007,0.03112,-0.0478,104.14521,0.85571,0.00501,-0.00136,0.00207,-0.0147,0.02217,-0.01022,0.04842,-0.01009,0.04439,-0.05286,117.89537,1.01648,-0.02489,-0.02428,-0.0225,-0.01721,0.01468,-0.02987,0.00285,-0.0734,0.03099,-0.15487
2019-04-15,97.58571,0.74887,-0.02189,-0.01412,-0.00845,-0.00507,-0.04271,-0.02329,0.03609,0.02754,0.12809,0.00513,98.23045,0.91989,-0.0009,0.00192,0.01121,0.00591,0.01353,0.00387,0.04006,0.01558,0.0547,0.00874,108.77528,0.94867,-0.01749,-0.00847,0.0013,-0.00273,0.00644,-0.00566,0.00938,-0.00874,-0.01157,-0.06324,130.89463,1.32652,-0.02302,-0.02004,0.01977,0.02923,0.00769,9e-05,0.00419,-0.02726,-0.02636,-0.14011,102.91059,0.9619,0.00117,0.00224,0.00338,-0.00404,0.00481,-0.00932,0.0239,-0.00564,0.02749,-0.05547,103.66674,0.85365,0.00111,-0.00962,0.01629,-0.00504,0.01681,-0.02345,0.06761,0.00084,0.02951,-0.06332,116.23558,1.00838,-0.04574,-0.04187,0.01137,-0.00409,0.01647,-0.03981,0.01717,-0.06472,0.05069,-0.13545
2019-04-22,96.14237,0.73437,0.0126,0.01332,-0.00637,0.00706,-0.02833,-0.00668,0.09538,0.06725,0.10682,-0.00524,98.6703,0.92518,-0.00316,-0.00596,0.02028,0.01241,0.004,-0.00725,0.03577,0.01112,0.05038,0.00016,108.08663,0.94712,-6e-05,-0.0045,0.01099,0.0028,0.00929,-0.01003,0.01933,-0.00604,-0.0122,-0.0674,129.8916,1.32505,0.00562,-0.00193,0.05028,0.06092,0.02694,0.0241,0.02731,-0.01205,-0.0289,-0.12823,102.07883,0.95516,-0.00112,-0.00527,0.02778,0.01589,0.00847,-0.00905,0.03976,0.00742,0.03219,-0.05444,104.66739,0.85435,-0.00293,-0.01334,0.01186,-0.00108,0.01376,-0.02117,0.06807,0.00438,0.01835,-0.06447,114.96037,0.9922,0.00246,0.00707,0.03211,0.01247,0.04204,-0.0244,0.04745,-0.04217,0.04473,-0.10928
2019-04-29,95.44991,0.73475,0.01373,0.00904,0.00037,0.01293,0.00391,0.0104,0.0733,0.05133,0.13619,0.01755,98.1419,0.92181,0.01212,0.00398,0.02745,0.01455,0.02737,0.00626,0.03142,0.01191,0.05213,0.00385,106.8723,0.9402,0.01912,0.00573,0.02717,0.01337,0.02405,0.00024,0.01963,-0.00448,-0.02144,-0.07079,127.8808,1.30648,0.0438,0.04927,0.03801,0.05352,0.02343,0.01514,-0.02441,-0.06454,-0.03065,-0.12046,103.03048,0.96414,0.00222,-0.00628,0.01791,0.00283,0.00562,-0.01545,0.03492,-0.00053,0.01722,-0.06195,103.78198,0.84403,0.01516,0.00458,0.02908,0.01119,0.03024,-0.01168,0.05902,0.00399,0.01674,-0.05607,110.91868,0.96651,0.05985,0.03778,0.08485,0.03519,0.06731,-0.01824,0.06284,-0.03179,0.0497,-0.09356
2019-05-06,97.35405,0.74769,-0.01874,-0.00626,-0.02472,-0.01052,-0.01672,-0.0024,0.05002,0.02985,0.121,0.01241,98.35868,0.91922,0.02351,0.01838,0.02195,0.01343,0.02994,0.01024,0.02995,0.016,0.05612,0.00861,108.0797,0.94262,0.01105,0.0073,0.01257,0.00254,0.00761,-0.00801,-0.00017,-0.01645,-0.03733,-0.07988,130.6211,1.32312,0.04441,0.06285,0.01871,0.02848,0.00118,-0.01862,-0.0744,-0.12279,-0.05452,-0.13923,101.96478,0.94989,0.02893,0.02116,0.01978,0.01087,0.02739,0.00606,0.03707,0.00261,0.02286,-0.0495,104.36096,0.84101,0.01483,0.01226,0.02006,0.00448,0.0345,-0.00236,0.04985,0.00126,0.01337,-0.05139,115.24268,0.99927,0.02958,0.00539,0.03803,-0.01266,0.01972,-0.04352,0.02968,-0.07011,0.00499,-0.12076
2019-05-13,96.76068,0.7438,-0.01318,0.00389,-0.03454,-0.01821,0.02783,0.01896,0.06895,0.0393,0.0972,-0.00221,99.33144,0.9258,0.01515,0.01057,0.0023,-0.00204,0.02602,0.00715,0.02449,0.01303,0.04082,-0.00482,108.91617,0.94593,0.00789,0.00764,0.00513,-0.00293,0.00587,-0.00714,-0.00473,-0.02185,-0.04921,-0.091,133.48199,1.35575,-0.00555,0.00425,-0.01184,-0.02914,-0.01527,-0.05491,-0.0737,-0.13387,-0.10504,-0.21343,103.25878,0.95787,0.01566,0.0091,0.00142,-0.00528,0.01877,-0.00093,0.02977,-0.00768,0.01102,-0.05784,105.35558,0.84861,0.01371,0.0066,0.00051,-0.01842,0.03637,-0.00299,0.03107,-0.01724,-0.00221,-0.06558,117.55718,1.00429,0.02359,-0.00259,0.00504,-0.03572,0.00573,-0.06121,0.02376,-0.08027,-0.04539,-0.14369
2019-05-20,95.52996,0.74143,-0.0061,-0.00425,-0.02211,-0.01374,0.05839,0.03499,0.1275,0.05089,0.09734,-0.00867,100.67127,0.93759,-0.00153,-0.00494,-0.01596,-0.01966,0.01484,-0.00212,0.01679,0.00028,0.01714,-0.02459,109.27412,0.94992,0.0015,-0.00476,-0.00167,-0.01284,0.00478,-0.00999,-0.00566,-0.03004,-0.05889,-0.09951,136.42212,1.38597,-0.02461,-0.03437,-0.02222,-0.03682,-0.03649,-0.08671,-0.08831,-0.16752,-0.14583,-0.25777,104.9144,0.97105,-0.00889,-0.01029,-0.01878,-0.02494,0.00434,-0.01479,0.0116,-0.03182,-0.01707,-0.07869,105.90872,0.85327,0.00515,-0.00778,0.00187,-0.02009,0.04501,0.00122,0.03457,-0.0244,-0.01162,-0.07744,118.65163,1.00467,0.00821,-0.01806,0.00962,-0.03687,-0.00354,-0.06101,0.03713,-0.08738,-0.09874,-0.17637
2019-05-27,95.48504,0.74768,-0.02165,-0.0221,0.00354,-0.00254,0.10292,0.05394,0.14723,0.04297,0.09786,-0.015,100.83627,0.93636,-0.01266,-0.01261,-8e-05,-0.00829,0.01352,-7e-05,0.0176,-0.00381,0.01871,-0.01649,109.77555,0.95358,-0.00273,-0.01057,-0.00303,-0.01313,0.00365,-0.0125,-0.01195,-0.04004,-0.06553,-0.09681,132.74133,1.36,-0.00633,-0.03339,-0.01405,-0.03838,0.00525,-0.047,-0.0446,-0.12901,-0.13157,-0.2176,104.87597,0.96697,-0.01402,-0.01438,-0.01207,-0.01828,0.01203,-0.00438,0.02063,-0.02829,-0.01021,-0.06257,106.79969,0.85521,-0.01302,-0.02502,0.00113,-0.02287,0.04675,0.00352,0.02154,-0.03914,-0.03464,-0.08402,120.32987,1.0017,-0.01812,-0.03313,-0.01616,-0.05343,0.00071,-0.05168,0.03985,-0.10264,-0.12721,-0.17296
2019-06-03,94.94735,0.73718,-0.01611,-0.00948,0.00821,0.00811,0.07898,0.04891,0.18453,0.05363,0.08606,-0.01136,100.51716,0.93265,-0.01445,-0.01471,0.00782,-0.00319,0.00704,0.00107,0.0371,0.01017,0.01047,-0.02301,109.43797,0.94516,-0.00317,-0.00808,-0.00489,-0.01055,-0.00428,-0.00944,0.00338,-0.02676,-0.07213,-0.09533,133.06498,1.35161,0.00245,-0.00245,-0.01721,-0.04711,-0.06242,-0.10966,-0.02984,-0.12352,-0.14543,-0.24931,103.98124,0.96077,-0.00998,-0.01465,0.00746,-0.00481,0.02546,0.00284,0.04586,-0.01484,-0.01144,-0.06261,106.45456,0.8455,-0.00326,-0.01232,0.01415,-0.00684,0.03243,0.00252,0.02043,-0.03646,-0.04634,-0.08472,119.6256,0.98661,0.0014,-0.01881,-0.01764,-0.03086,-0.01452,-0.05189,0.06034,-0.08257,-0.14711,-0.17118
2019-06-10,93.41818,0.72558,0.02574,0.01956,0.06461,0.03717,0.09426,0.05196,0.22486,0.05951,0.09827,0.01051,99.55976,0.92376,0.01274,0.00432,0.02367,0.00919,0.01753,0.01146,0.04802,0.01651,0.01406,-0.0178,109.47536,0.943,-0.0003,-0.00256,0.00073,-0.00421,-0.01292,-0.01683,0.00899,-0.02567,-0.07846,-0.09815,131.90101,1.3266,-0.00777,-0.00499,-0.00347,-0.02577,-0.08339,-0.12627,-0.01498,-0.10211,-0.14477,-0.22203,103.40513,0.95259,0.00198,-0.0039,0.01733,0.00435,0.02262,-8e-05,0.05887,-0.00563,-0.00919,-0.05547,105.40936,0.83019,0.01434,0.00215,0.03584,0.01543,0.03941,0.01208,0.04733,-0.01387,-0.03757,-0.0652,118.14998,0.96857,0.00199,-0.0203,0.00069,-0.02549,0.00434,-0.03941,0.08778,-0.05807,-0.14133,-0.14809
2019-06-17,93.41818,0.72769,0.02471,0.0176,0.08231,0.04872,0.1072,0.05541,0.23365,0.06523,0.07901,0.00639,99.06464,0.91793,0.0226,0.01152,0.0313,0.01754,0.02724,0.02089,0.05736,0.02511,0.01804,-0.0152,109.09125,0.93708,-0.00173,-0.00247,0.00646,0.00285,-0.00633,-0.013,0.00516,-0.02722,-0.07629,-0.09431,133.39089,1.34915,-0.01961,-0.04465,-0.0146,-0.04989,-0.07307,-0.12727,-0.02702,-0.12166,-0.2525,-0.36418,102.9439,0.94612,0.01762,0.00983,0.02356,0.01015,0.03292,0.00407,0.06018,-0.00318,-0.01285,-0.05736,106.10718,0.83318,0.01747,0.00548,0.04306,0.02131,0.02376,-0.00181,0.02668,-0.02751,-0.06799,-0.08412,119.79328,0.9678,-0.01901,-0.01205,-0.01304,-0.02414,0.00465,-0.04377,0.05184,-0.06924,-0.16654,-0.14878
2019-06-24,95.82301,0.74515,0.03789,0.01761,0.09903,0.05648,0.12405,0.04717,0.16801,0.02364,0.0323,-0.0086,100.8285,0.92808,0.01079,0.00487,0.0136,0.00822,0.01521,0.0098,0.03398,0.00926,-0.00176,-0.02693,109.44252,0.94044,0.00103,-0.00165,0.0067,0.00063,-0.00719,-0.02056,-0.00462,-0.03429,-0.08121,-0.09675,130.87671,1.32161,0.00433,-0.02078,0.01958,-0.00861,-0.04969,-0.10316,-0.0131,-0.10485,-0.23456,-0.32144,103.60995,0.94869,0.01532,0.00825,0.02439,0.0139,0.02434,-0.00945,0.04778,-0.01151,-0.02588,-0.06006,106.92071,0.83234,0.0212,0.01328,0.04556,0.02639,0.02478,-0.00348,0.02277,-0.02367,-0.07331,-0.07751,118.38513,0.94827,-0.0013,-0.00519,0.01714,0.00176,0.03947,-0.03098,0.04199,-0.0726,-0.15532,-0.11673
2019-07-01,95.72675,0.74529,0.05621,0.03113,0.07019,0.04079,0.14433,0.04537,0.15121,0.01151,0.01803,0.11083,101.30314,0.92946,0.00851,0.00601,-0.00077,0.00426,0.01291,0.0031,0.02839,0.00587,-0.01415,0.04809,108.90239,0.93461,0.00821,0.00532,0.00062,0.00111,-0.00403,-0.02108,-0.01155,-0.04031,-0.0879,-0.02645,130.77498,1.3045,0.00511,-0.00524,-0.046,-0.06256,-0.03023,-0.07351,-0.01127,-0.10466,-0.2487,-0.24697,104.75734,0.95595,0.00585,0.00031,0.01786,0.00766,0.02178,-0.01728,0.02294,-0.03391,-0.04703,0.00548,107.9612,0.83866,0.02514,0.01584,0.01802,0.00936,0.01055,-0.02258,0.01485,-0.03055,-0.08823,0.01743,117.51542,0.95575,0.00609,-0.01209,0.00317,-0.02103,0.06475,-0.05668,0.04362,-0.08582,-0.15253,0.00129
2019-07-08,99.45368,0.76275,0.05891,0.03887,0.02786,0.01479,0.13085,0.02805,0.096,-0.01293,-0.02602,0.07393,101.91653,0.93294,0.00278,0.00336,-0.006,0.00228,0.02286,0.00988,0.02396,0.00294,-0.02302,0.03367,109.55568,0.93879,0.00566,0.00228,-0.01364,-0.01262,0.0023,-0.02039,-0.01275,-0.04724,-0.09,-0.04047,131.44344,1.30084,0.01518,0.01217,-0.0802,-0.1005,-0.01787,-0.07275,-0.02022,-0.10259,-0.23057,-0.22023,105.19736,0.95694,0.00894,0.00565,0.0052,-0.00443,0.03377,-0.01101,0.01252,-0.0408,-0.04676,-0.00524,109.18743,0.84562,0.02386,0.01311,0.00345,-0.00335,-0.00511,-0.03659,-0.00384,-0.04277,-0.08235,0.01253,118.23131,0.94308,0.01847,0.00695,0.00365,-0.01392,0.07285,-0.03905,0.02806,-0.08147,-0.14666,0.02166
2019-07-15,101.10779,0.77641,0.01324,0.00967,0.02299,0.00669,0.1317,0.00868,0.08879,-0.02241,-0.02195,0.05978,102.16563,0.93547,-0.00921,-0.00175,-0.00394,0.00336,0.02129,0.00479,0.01407,-0.00684,-0.01999,0.03274,109.79596,0.93993,-0.00752,-0.00421,-0.01271,-0.01585,0.00605,-0.02259,-0.02076,-0.0545,-0.08416,-0.03791,131.44344,1.29926,-0.05085,-0.05732,-0.05934,-0.07738,-0.01155,-0.07476,-0.03042,-0.11285,-0.23805,-0.23171,105.36971,0.95626,0.01195,0.00735,0.00914,-0.00608,0.03913,-0.00931,0.00351,-0.04983,-0.04775,-0.00548,110.67586,0.85449,-0.00695,-0.00647,-0.0185,-0.02312,-0.00251,-0.03817,-0.03569,-0.06417,-0.08734,0.00319,118.23131,0.94366,-0.0029,-0.00894,0.01792,-0.01963,0.08703,-0.03315,0.03295,-0.07073,-0.14768,0.00697
2019-07-22,105.312,0.80162,-0.02932,-0.02408,0.02277,-0.0093,0.09432,-0.0087,0.01045,-0.0725,-0.03979,0.033,102.1996,0.9363,-0.00876,-0.00108,0.00159,0.00158,0.02493,0.00674,0.01411,-0.01096,-0.0197,0.02691,110.17594,0.94107,-0.0192,-0.0149,-0.0138,-0.02119,-0.00473,-0.03121,-0.03093,-0.06136,-0.09035,-0.04743,133.43868,1.313,-0.09395,-0.11267,-0.06793,-0.09455,-0.02737,-0.08551,-0.05471,-0.11618,-0.25742,-0.31575,106.13746,0.96259,-0.0037,-0.01008,-5e-05,-0.02335,0.02828,-0.01965,-0.00728,-0.06186,-0.06106,-0.02436,111.79219,0.85873,-0.01993,-0.01646,-0.01987,-0.02987,-0.02553,-0.05306,-0.04656,-0.06885,-0.10447,-0.0159,120.41471,0.95003,-0.01455,-0.02087,0.02195,-0.03274,0.04641,-0.05146,-0.00259,-0.06711,-0.1795,-0.05158
2019-07-29,102.44599,0.78608,0.00963,-0.00298,0.06927,0.00457,0.0925,-0.01729,0.0586,-0.03378,0.03149,0.07136,101.22503,0.93372,0.00532,0.00511,0.01369,-0.00116,0.02993,0.00362,0.02009,-0.00805,-0.00963,0.0224,108.97008,0.93572,-0.00523,-0.01164,-0.00465,-0.02219,-0.00031,-0.02957,-0.04028,-0.06631,-0.0805,-0.04757,124.75899,1.24194,-0.00894,-0.02006,0.01653,-0.01095,0.03529,-0.02517,-0.00639,-0.05592,-0.18748,-0.24133,106.62852,0.96361,-0.00278,-0.01343,0.00385,-0.02494,0.01812,-0.02643,-0.0171,-0.06142,-0.06313,-0.03211,109.90707,0.84802,-0.01163,-0.01665,-0.00735,-0.03194,-0.00502,-0.03934,-0.03993,-0.06006,-0.0879,-0.01184,117.88853,0.93472,0.02088,-0.01069,0.06138,-0.03566,0.04638,-0.05906,-0.01236,-0.06178,-0.15219,-0.03515
2019-08-05,102.224,0.77755,0.05366,0.01478,0.10021,0.01326,0.07804,-0.02075,0.0676,-0.01744,0.02166,0.05657,101.30481,0.93522,0.01044,0.00266,0.02903,0.0076,0.02837,0.0001,0.0254,-0.00739,-0.01273,0.01063,108.06107,0.92617,0.0055,-0.00629,0.01616,-0.00777,-0.00386,-0.03187,-0.03716,-0.06343,-0.06485,-0.04208,120.90226,1.20033,0.02872,0.01812,0.06776,0.02776,0.06947,-0.0005,0.02149,-0.01644,-0.16454,-0.21965,105.74442,0.9525,0.00366,-0.01327,0.02842,-0.00657,0.01339,-0.03047,-0.0137,-0.05211,-0.04867,-0.02171,109.56387,0.84227,6e-05,-0.01341,-0.00853,-0.03324,1e-05,-0.03417,-0.03475,-0.05264,-0.07183,-0.00825,118.66315,0.92916,0.03703,-0.01187,0.06894,-0.02513,0.03353,-0.05923,-0.02398,-0.05065,-0.14741,-0.03619
2019-08-12,103.43245,0.7831,0.05908,0.00756,0.10627,0.00199,0.05384,-0.03327,0.02643,-0.04151,0.02343,0.05088,101.76357,0.93883,0.00833,-0.00627,0.02532,0.00143,0.0255,-0.00294,0.01595,-0.01785,-0.00298,0.01884,108.40071,0.92408,0.00058,-0.01055,0.019,-0.00675,-0.00223,-0.03253,-0.04469,-0.06915,-0.06142,-0.03841,123.64419,1.22188,0.02569,0.00911,0.0508,0.00262,0.04158,-0.02364,-0.03383,-0.07956,-0.18597,-0.24433,106.33255,0.95018,0.00665,-0.01151,0.02972,-0.00323,0.00171,-0.03404,-0.0182,-0.05016,-0.04846,-0.01429,108.62852,0.83137,0.00434,-0.01529,0.01629,-0.01505,0.00129,-0.02852,-0.03227,-0.04834,-0.04778,0.00827,120.35008,0.92403,0.03967,-0.02496,0.06789,-0.01352,0.00996,-0.06242,-0.06754,-0.06343,-0.14284,-0.02291
2019-08-19,107.70974,0.79232,0.04417,-0.00152,0.06996,0.0006,0.02206,-0.03832,-0.02675,-0.05956,-0.0162,0.03975,102.36194,0.93788,0.0184,0.00494,0.0233,0.00517,0.01213,-0.00925,0.00034,-0.02487,-0.00871,0.01769,108.65553,0.91988,0.0106,-0.00148,0.00919,-0.01002,-0.01048,-0.03445,-0.05354,-0.06947,-0.06519,-0.03418,124.37404,1.21845,0.03795,0.00963,0.04352,0.00904,0.02469,-0.03205,-0.06309,-0.09026,-0.20921,-0.25293,106.1319,0.93924,0.02467,0.00669,0.02833,0.0037,-0.0037,-0.0328,-0.02834,-0.04688,-0.04514,-0.00212,109.57051,0.82887,-0.00859,-0.01983,-0.00578,-0.0232,-0.02596,-0.03855,-0.04465,-0.05303,-0.05803,0.00948,123.05734,0.91729,0.03077,-0.01325,0.02394,-0.01872,-0.00756,-0.04435,-0.13101,-0.08899,-0.15757,-0.01787
2019-08-26,109.54286,0.79066,0.04456,-0.00556,0.02172,-0.02187,-0.02858,-0.06153,-0.04303,-0.05797,-0.0417,0.0319,102.61126,0.93255,0.01685,0.00771,0.01602,0.00478,0.01004,-0.00722,0.00109,-0.01268,-0.01332,0.0203,108.46361,0.91353,0.01841,0.0038,0.00436,-0.00738,-0.01563,-0.03382,-0.05422,-0.05677,-0.07028,-0.02937,126.82116,1.23099,0.02448,-0.0065,0.01846,-0.01422,-0.00538,-0.03417,-0.09103,-0.0886,-0.22859,-0.26423,107.03935,0.93868,0.02292,0.00828,0.01421,-0.00149,-0.01565,-0.03795,-0.03021,-0.03428,-0.06074,-0.00699,109.0997,0.81608,0.0119,0.00024,0.00234,-0.0074,-0.02303,-0.0262,-0.05499,-0.04488,-0.05249,0.02834,125.1247,0.89907,0.02714,0.01144,-0.01414,-0.0234,-0.04014,-0.01615,-0.16066,-0.07032,-0.16015,0.00814
2019-09-02,112.46768,0.7908,0.0247,0.00212,-0.02015,-0.03401,-0.03573,-0.0385,-0.08312,-0.06499,-0.06301,0.03565,104.24587,0.94282,0.00481,0.00022,-0.00064,-0.0075,-0.00947,-0.01715,-0.02568,-0.03318,-0.03277,0.00346,109.80752,0.9184,-0.00139,-0.00854,-0.0197,-0.0241,-0.04759,-0.04899,-0.07526,-0.06857,-0.0842,-0.03975,129.09425,1.22809,0.00537,-0.00059,0.0016,-0.02825,-0.03976,-0.04207,-0.11915,-0.1258,-0.24391,-0.26052,108.74985,0.94593,0.00358,-0.003,-0.01461,-0.02389,-0.03628,-0.04374,-0.05479,-0.04777,-0.0832,-0.01851,108.62963,0.80903,0.00284,-0.00336,0.00861,-0.00093,-0.02864,-0.02108,-0.06543,-0.04826,-0.0632,0.02442,126.84413,0.90403,-0.00663,-0.00547,-0.03313,-0.0341,-0.08209,-0.03109,-0.19565,-0.0886,-0.17934,-0.01019
2019-09-09,114.42397,0.78509,-0.02186,-0.0163,-0.04739,-0.03526,-0.04623,-0.02499,-0.10335,-0.049,-0.09518,0.01639,104.34053,0.94026,-0.00082,-0.00292,0.00017,-0.00438,-0.00443,-0.01243,-0.0324,-0.0343,-0.03215,0.00472,110.46005,0.91734,-0.01379,-0.01119,-0.02083,-0.02579,-0.05807,-0.05459,-0.08667,-0.07248,-0.0988,-0.04941,129.92577,1.22449,-0.00588,-0.00773,-0.00878,-0.02625,-0.04946,-0.0406,-0.13177,-0.11992,-0.27335,-0.29454,109.49277,0.94696,-0.00851,-0.00977,-0.0272,-0.03082,-0.04747,-0.04656,-0.06428,-0.04984,-0.10061,-0.02845,110.3985,0.81632,-0.00945,-0.00764,-0.01477,-0.01347,-0.04205,-0.02669,-0.08107,-0.05133,-0.07638,0.01943,128.52076,0.9105,-0.04019,-0.03484,-0.05425,-0.04889,-0.09884,-0.03199,-0.21062,-0.09003,-0.21897,-0.04949
2019-09-16,115.2452,0.79292,-0.04376,-0.03612,-0.04477,-0.03892,-0.07878,-0.05134,-0.12535,-0.05884,-0.13091,-0.0059,104.74737,0.94304,-0.00543,-0.00772,-0.01092,-0.01442,-0.01299,-0.02207,-0.03719,-0.04031,-0.04752,-0.00784,109.65438,0.90986,-0.01833,-0.01556,-0.01949,-0.02443,-0.05561,-0.05492,-0.08104,-0.06709,-0.12863,-0.07568,129.78708,1.22749,-0.00374,-0.02766,-0.01805,-0.04109,-0.07956,-0.08517,-0.23174,-0.24253,-0.34148,-0.36801,109.13877,0.94294,-0.01813,-0.0209,-0.03115,-0.0365,-0.04345,-0.04291,-0.06888,-0.05418,-0.11809,-0.04203,108.93765,0.80567,0.00576,0.00244,-0.0203,-0.01535,-0.03502,-0.02264,-0.09221,-0.05661,-0.10337,-0.0031,126.00328,0.89856,-0.02668,-0.02863,-0.03076,-0.02563,-0.10938,-0.03796,-0.20762,-0.07954,-0.27302,-0.10153
2019-09-23,111.92232,0.76879,-0.0261,-0.01896,-0.04923,-0.03966,-0.06338,-0.03603,-0.11619,-0.03225,-0.1261,-0.00816,104.25503,0.93734,0.00099,-0.00146,-0.00589,-0.012,-0.01783,-0.02433,-0.03457,-0.0362,-0.05091,-0.01114,108.93672,0.90615,-0.00714,-0.0146,-0.01991,-0.02643,-0.05598,-0.05574,-0.07695,-0.06246,-0.15006,-0.09502,129.16193,1.21677,-0.00291,-0.01853,-0.02341,-0.01995,-0.09782,-0.08857,-0.2244,-0.21659,-0.38189,-0.40817,108.5605,0.93718,-0.01885,-0.02104,-0.02944,-0.03646,-0.05008,-0.04482,-0.0703,-0.04855,-0.12333,-0.04716,109.3553,0.80867,-0.00537,-0.00582,-0.02531,-0.0188,-0.04277,-0.03284,-0.09394,-0.05384,-0.14155,-0.03525,123.35602,0.87566,-0.01465,-0.01405,-0.02637,0.00725,-0.13311,-0.04737,-0.18935,-0.04413,-0.30114,-0.12791
2019-09-30,110.20164,0.7568,-0.00105,-0.0028,-0.0159,-0.0045,-0.04875,-0.02411,-0.11569,0.09932,-0.14513,-0.02838,104.17909,0.93532,-0.00553,-0.0067,-0.00884,-0.00966,-0.01397,-0.01545,-0.04137,0.04222,-0.06296,-0.02198,107.64428,0.8943,-0.00119,-0.00887,-0.02845,-0.02489,-0.04703,-0.03754,-0.07724,0.01386,-0.16334,-0.10691,129.30119,1.19984,-0.01436,-0.01343,-0.0413,-0.01382,-0.10847,-0.05744,-0.24014,-0.1423,-0.40692,-0.42013,107.16049,0.92204,-0.01326,-0.0156,-0.02198,-0.01984,-0.03131,-0.01764,-0.0684,0.03939,-0.11968,-0.04112,109.56466,0.80811,-0.02591,-0.01779,-0.03693,-0.02015,-0.059,-0.03691,-0.10158,0.04798,-0.17548,-0.06294,122.64166,0.86993,-0.00419,0.003,-0.05064,0.00302,-0.14366,-0.04118,-0.18795,0.08711,-0.33353,-0.16319
2019-10-07,109.00169,0.74983,-0.02376,-0.0207,0.00122,0.01028,-0.05397,-0.02402,-0.11134,0.08685,-0.15124,-0.03728,104.35844,0.93588,-0.00687,-0.01055,-0.0046,-0.00805,-0.02673,-0.02624,-0.04588,0.03073,-0.07455,-0.0313,108.15862,0.89155,-0.01285,-0.01184,-0.03803,-0.02881,-0.06116,-0.04172,-0.07824,0.00677,-0.1757,-0.11424,128.7855,1.19824,-0.02056,-0.00142,-0.04104,-0.01435,-0.11704,-0.09595,-0.21469,-0.11764,-0.40735,-0.42466,106.51445,0.91614,-0.0108,-0.01541,-0.02083,-0.01574,-0.03495,-0.01798,-0.05855,0.03556,-0.12043,-0.0419,108.76846,0.80285,-0.02005,-0.01297,-0.02769,-0.01322,-0.06663,-0.04208,-0.07881,0.0553,-0.18447,-0.07401,121.54866,0.86161,-0.0119,0.02131,-0.04715,0.0169,-0.16061,-0.04618,-0.16995,0.10313,-0.33116,-0.16068
2019-10-14,110.08552,0.754,-0.01486,-0.0017,-0.0356,-0.01241,-0.06801,-0.01791,-0.10171,0.08219,-0.16601,-0.04945,103.60339,0.92863,-0.00333,-0.00296,-0.0021,-0.00765,-0.02552,-0.02267,-0.03359,0.03959,-0.07355,-0.02978,107.51669,0.88543,-0.0273,-0.01601,-0.03684,-0.03049,-0.06167,-0.04057,-0.06474,0.0166,-0.17833,-0.11496,127.4447,1.18641,-0.02733,-0.00039,-0.06264,-0.04408,-0.11487,-0.08183,-0.21414,-0.11885,-0.4067,-0.42013,105.7392,0.90644,-0.00884,-0.00424,-0.01269,-0.00641,-0.03106,-0.00932,-0.05108,0.04434,-0.11988,-0.03658,106.72602,0.79032,-0.01131,-0.00237,-0.01502,-0.00729,-0.04945,-0.02533,-0.05357,0.06736,-0.16253,-0.05432,122.12731,0.87293,-0.04664,1e-05,-0.08111,-0.01233,-0.16929,-0.05245,-0.17487,0.0777,-0.36005,-0.19491
2019-10-21,106.41213,0.72913,0.02558,0.03098,-0.01488,0.00363,-0.05275,0.00495,-0.04972,0.10549,-0.15128,-0.03928,103.64114,0.92533,0.00229,0.0025,-0.01201,-0.01233,-0.02691,-0.0226,-0.03333,0.03787,-0.08089,-0.03215,106.76833,0.87971,-0.0255,-0.01697,-0.03681,-0.0293,-0.0562,-0.03694,-0.06132,0.01393,-0.18694,-0.11904,126.13828,1.19682,-0.02092,-0.01292,-0.07619,-0.06862,-0.20952,-0.21185,-0.21444,-0.19956,-0.42239,-0.45357,105.36432,0.90073,-0.01015,-0.00033,-0.02126,-0.00837,-0.03553,-0.01197,-0.05417,0.0375,-0.12603,-0.03907,106.58759,0.78988,-0.0078,-0.00025,-0.01792,-0.01404,-0.0722,-0.04082,-0.06074,0.05295,-0.15561,-0.05524,120.10256,0.88292,-0.03568,-0.0044,-0.10963,-0.05463,-0.16869,-0.06389,-0.17737,0.01553,-0.36183,-0.22141
2019-10-28,108.44941,0.7523,-0.02105,-0.01072,-0.03339,-0.01961,-0.08789,-0.01576,-0.02561,0.10514,-0.17721,-0.06542,103.25827,0.92566,0.00124,-0.00469,-0.00518,-0.00579,-0.02525,-0.02452,-0.02913,0.03045,-0.08253,-0.03584,104.58131,0.86942,-0.0098,-0.01448,-0.01911,-0.01265,-0.03851,-0.02573,-0.04192,0.01874,-0.18154,-0.1164,123.9615,1.18602,-0.0363,-0.0437,-0.07007,-0.04363,-0.19186,-0.18585,-0.18225,-0.18541,-0.42765,-0.46118,104.80468,0.9022,-0.00389,-0.00217,-0.00953,0.0022,-0.03698,-0.01356,-0.04683,0.0293,-0.12821,-0.04719,105.51895,0.78795,-0.00375,-0.00493,-0.02292,-0.01676,-0.061,-0.03312,-0.04997,0.04823,-0.15085,-0.05925,116.43131,0.87295,-0.03616,-0.01234,-0.09799,-0.0442,-0.14114,-0.04141,-0.14158,0.02662,-0.33752,-0.20083
2019-11-04,109.13435,0.7601,-0.03945,-0.02734,-0.05512,-0.03429,-0.10704,0.09602,-0.04303,0.07401,-0.1862,-0.07801,103.87841,0.92783,-0.01426,-0.01483,-0.02223,-0.01819,-0.03859,0.04971,-0.03719,0.01802,-0.08486,-0.03941,104.04558,0.86274,-0.0116,-0.01233,-0.02405,-0.01291,-0.04533,0.04542,-0.02876,0.02135,-0.18288,-0.12125,123.49997,1.1839,-0.05646,-0.0557,-0.07925,-0.0816,-0.20444,-0.12636,-0.18211,-0.20322,-0.44924,-0.4949,104.29524,0.9004,-0.01123,-0.00804,-0.01442,-0.00224,-0.04281,0.06104,-0.03545,0.0304,-0.11207,-0.03768,105.7566,0.78963,-0.0102,-0.01379,-0.04005,-0.02885,-0.06923,0.06646,-0.03841,0.04439,-0.1451,-0.06103,115.81736,0.87851,-0.07668,-0.05022,-0.11907,-0.06308,-0.1401,0.07853,-0.12646,0.01445,-0.34332,-0.21904
2019-11-11,106.16626,0.74158,-0.0126,-0.0089,-0.03361,-0.00549,-0.08761,0.09509,-0.00292,0.0924,-0.14676,-0.04526,103.38628,0.92097,-0.00641,-0.0011,-0.02347,-0.01501,-0.03691,0.04564,-0.01863,0.0367,-0.07951,-0.034,103.55627,0.85494,-0.00941,0.00183,-0.02578,-0.01008,-0.03728,0.04338,-0.01751,0.03074,-0.17458,-0.11257,119.46151,1.14232,-0.03504,7e-05,-0.05572,-0.03775,-0.1534,-0.06172,-0.15747,-0.16478,-0.44309,-0.4666,104.39713,0.90002,-0.00567,0.00438,-0.0186,-0.0029,-0.03946,0.05168,-0.03082,0.03587,-0.10761,-0.0358,105.12286,0.78303,-0.01924,-0.01183,-0.03495,-0.01804,-0.04687,0.07512,-0.01602,0.05661,-0.14066,-0.05539,112.22136,0.8606,-0.06415,-0.03186,-0.09596,-0.04012,-0.10096,0.10414,-0.08076,0.04051,-0.31145,-0.20048
2019-11-18,104.82881,0.73276,-0.01631,-0.00695,-0.03844,0.00132,-0.05667,0.10343,0.01084,0.09931,-0.1386,-0.03193,102.39665,0.91301,-0.00808,-0.00337,-0.01509,-0.01027,-0.0222,0.05521,-0.00904,0.04256,-0.07297,-0.02894,102.83859,0.85041,-0.01259,-0.00058,-0.02013,-0.00764,-0.0222,0.05161,-0.01231,0.03529,-0.17371,-0.11173,116.52777,1.1282,-0.02416,-0.02591,-0.14432,-0.14323,-0.14052,-0.06064,-0.15596,-0.16267,-0.43009,-0.4535,103.12384,0.89236,-0.00322,0.0058,-0.01457,-0.0036,-0.02701,0.05842,-0.01729,0.04476,-0.1021,-0.03533,104.67793,0.77583,-0.03015,-0.01506,-0.05527,-0.02677,-0.03505,0.08185,-0.014,0.06251,-0.14948,-0.05854,106.93607,0.82829,-0.0459,-0.01286,-0.06634,-0.00927,-0.05765,0.12234,-0.03056,0.07112,-0.26265,-0.16065
2019-11-25,104.82881,0.73269,-0.02128,0.0034,-0.05639,0.00386,-0.03536,0.10193,0.00139,0.08987,-0.13073,-0.01915,102.72323,0.91987,-0.01717,-0.01391,-0.02017,-0.01873,-0.02469,0.04333,-0.0144,0.03298,-0.07664,-0.03909,102.58227,0.85676,-0.01653,-0.01191,-0.01977,-0.01307,-0.02302,0.03688,-0.01698,0.0274,-0.1764,-0.12286,115.27605,1.14239,-0.02143,-0.03782,-0.13097,-0.14222,-0.14042,-0.14514,-0.15134,-0.17563,-0.42985,-0.46902,103.8055,0.9044,-0.01301,-0.00728,-0.02771,-0.01576,-0.03997,0.03382,-0.03148,0.02728,-0.11717,-0.05944,103.10048,0.7712,-0.01602,-0.0062,-0.03898,-0.01637,-0.02897,0.07163,0.00264,0.07321,-0.1332,-0.05558,105.02243,0.82875,-0.034,-0.00827,-0.04784,0.00279,-0.05925,0.0697,0.0006,0.07846,-0.21797,-0.14503
2019-12-02,103.11898,0.72581,-0.0225,0.00827,-0.05495,0.13031,0.02475,0.13163,0.02193,0.10064,-0.12608,-0.02613,101.56911,0.90964,-0.00706,-0.0069,-0.01673,0.0679,-0.01298,0.04647,-0.00728,0.03664,-0.07485,-0.03777,101.54379,0.84983,-0.00764,-0.00706,-0.02181,0.05833,-0.01326,0.03832,-0.00967,0.02882,-0.17266,-0.12427,113.71298,1.10229,-0.12314,-0.11732,-0.13597,-0.04476,-0.10855,-0.10168,-0.14164,-0.13473,-0.43971,-0.45514,102.7915,0.89816,-0.01139,-0.0094,-0.02881,0.06327,-0.02816,0.03334,-0.03006,0.02926,-0.11643,-0.05897,101.5215,0.76078,-0.0259,-0.01172,-0.0304,0.09531,-0.01256,0.0754,0.00239,0.07268,-0.11679,-0.04863,102.02727,0.81543,-0.02141,0.00359,-0.02388,0.14161,-0.02039,0.08414,0.02027,0.07841,-0.17516,-0.12135
2019-12-09,102.59838,0.73609,-0.03587,0.00045,-0.05588,0.10059,0.01793,0.09802,0.00912,0.06539,-0.10712,-0.02457,100.95993,0.90596,-0.00306,-0.00482,-0.01377,0.06065,-0.00936,0.03989,0.00026,0.03902,-0.07338,-0.03796,100.88634,0.84485,-0.00329,-0.00116,-0.0118,0.05347,0.00166,0.03924,-0.01328,0.02307,-0.17054,-0.12404,112.8056,1.10458,-0.11194,-0.1044,-0.10345,-0.02397,-0.10457,-0.1239,-0.16307,-0.17462,-0.43347,-0.46182,102.45499,0.89712,-0.0149,-0.00848,-0.02125,0.05458,-0.01812,0.03368,-0.03883,0.02139,-0.11756,-0.06424,101.44873,0.76499,-0.02333,-0.01016,-0.01235,0.09316,0.00242,0.06903,0.0051,0.07075,-0.11811,-0.06036,101.45215,0.82048,-0.01433,0.01106,-0.00553,0.14426,-0.00277,0.07249,-0.01058,0.04054,-0.17479,-0.13416
2019-12-16,100.7992,0.73408,-0.0332,0.12204,-0.01896,0.10211,0.05017,0.0999,-0.00636,0.05294,-0.07919,-0.01107,100.85185,0.90274,-0.00974,0.07481,-0.00723,0.06548,0.00603,0.05493,-0.01073,0.03247,-0.06794,-0.03173,100.76819,0.84277,-0.01428,0.06539,-0.00211,0.05925,0.00967,0.04291,-0.05179,-0.00859,-0.16724,-0.12195,99.70996,0.98497,-0.01463,0.07257,0.00445,0.08259,0.00943,-0.00742,-0.14284,-0.12548,-0.3599,-0.33944,101.62097,0.88876,-0.01762,0.07267,-0.01262,0.06202,-0.00435,0.04713,-0.05285,0.01215,-0.11091,-0.05838,98.89248,0.74906,-0.00462,0.10702,0.0214,0.10862,0.04597,0.09058,-0.01229,0.05351,-0.09064,-0.04291,99.84242,0.81902,-0.00252,0.13802,0.0093,0.13161,0.03322,0.08209,-0.08253,-0.022,-0.13388,-0.1204
2019-12-23,98.91796,0.73654,-0.02075,0.10013,0.02228,0.09808,0.07124,0.09553,-0.01121,0.02409,-0.07474,-0.02482,100.65113,0.90114,-0.01074,0.06547,-0.00461,0.06206,0.00814,0.05443,-0.01692,0.02506,-0.06133,-0.03152,100.55422,0.84369,-0.00854,0.05463,-0.00331,0.04995,0.01012,0.04201,-0.07921,-0.03256,-0.16289,-0.12037,100.17845,1.00017,0.00956,0.08043,-0.01087,-0.00292,-0.01822,-0.03465,-0.20306,-0.19157,-0.35615,-0.34884,100.92858,0.88863,-0.00645,0.06307,-0.0126,0.04959,0.00409,0.04849,-0.05704,0.00138,-0.10021,-0.05711,99.08207,0.75483,0.01124,0.10332,0.01041,0.088,0.04169,0.08351,-0.05254,0.0186,-0.07985,-0.0451,99.99806,0.83154,0.00893,0.1332,-0.01198,0.06691,0.0367,0.06788,-0.1379,-0.08378,-0.08896,-0.10181
2019-12-30,97.45286,0.85612,0.01473,-0.01993,0.08434,0.00132,0.07718,-0.03357,-0.0333,-0.12771,-0.05056,-0.13576,99.86967,0.97754,0.00254,-0.00933,0.00381,-0.02143,0.01376,-0.02469,-0.02252,-0.0642,-0.05085,-0.10784,99.32954,0.90816,0.01235,-0.00614,0.00874,-0.02001,0.01521,-0.024,-0.0933,-0.12077,-0.14968,-0.1833,98.25119,1.05753,0.01936,0.01002,0.03174,-0.05692,-0.00428,-0.09077,-0.21949,-0.27783,-0.33486,-0.40565,99.83037,0.96143,0.00509,-0.01065,0.00067,-0.02993,0.00709,-0.02975,-0.05504,-0.08052,-0.08975,-0.1322,98.43547,0.85608,0.02614,0.0016,0.01839,-0.0199,0.05016,-0.01167,-0.08226,-0.11091,-0.07713,-0.15041,99.59123,0.95704,0.01184,-0.00641,0.00357,-0.05747,0.05517,-0.04983,-0.17928,-0.2503,-0.06935,-0.20324
2020-01-06,96.86552,0.83668,0.04394,-0.00206,0.07818,-0.00256,0.08791,-0.01023,-0.0449,-0.12414,-0.00791,-0.09965,99.57021,0.96661,0.00619,-0.0034,0.00447,-0.02076,0.01265,-0.02033,-0.03005,-0.06203,-0.03718,-0.08904,99.69578,0.89832,0.00527,-0.00468,0.01362,-0.01423,0.00868,-0.01967,-0.10573,-0.12101,-0.14016,-0.16376,101.13634,1.0806,-0.02024,-0.08335,-0.00126,-0.09992,-0.0349,-0.11304,-0.24533,-0.30703,-0.3296,-0.4096,100.27801,0.9517,-0.0062,-0.01348,0.00319,-0.02091,-0.00575,-0.02428,-0.06573,-0.07747,-0.08334,-0.11553,100.19592,0.85815,-0.00082,-0.01532,0.01495,-0.02413,0.01565,-0.0247,-0.11469,-0.12931,-0.08198,-0.14577,100.89148,0.96474,-0.02073,-0.06629,0.00277,-0.07177,0.03176,-0.07089,-0.19422,-0.26381,-0.0671,-0.21397
2020-01-13,98.88824,0.83619,0.0686,0.02125,0.07046,-0.00221,0.04698,-0.03471,-0.07158,-0.13165,-0.00189,-0.07826,100.12299,0.96821,0.00127,-0.0121,0.01335,-0.01054,0.00862,-0.02323,-0.04134,-0.06936,-0.04507,-0.09277,100.55602,0.90202,-0.00357,-0.01387,0.0118,-0.01634,-0.01003,-0.0341,-0.12146,-0.13155,-0.14893,-0.16939,100.1537,1.06755,0.01214,-0.06695,0.00496,-0.09001,-0.05735,-0.1376,-0.24503,-0.30127,-0.33157,-0.40583,100.33815,0.95078,-0.0044,-0.01928,0.00838,-0.01489,-0.01855,-0.03227,-0.07251,-0.08092,-0.09064,-0.12271,101.00902,0.85768,-0.00755,-0.0215,0.02405,-0.01804,0.00947,-0.02193,-0.11513,-0.12168,-0.07553,-0.13673,100.77075,0.95063,-0.00818,-0.05106,0.0237,-0.04952,-0.00389,-0.08961,-0.22443,-0.27261,-0.04007,-0.17856
2020-01-20,101.12174,0.83462,0.0328,-0.00051,0.04789,-0.00255,-0.00953,-0.0476,-0.10688,-0.14477,-0.01912,-0.07961,100.18673,0.96321,-0.00171,-0.01735,0.01282,-0.00764,-0.00416,-0.028,-0.0492,-0.07003,-0.04927,-0.09057,100.22116,0.89364,0.0083,-0.00955,0.01348,-0.00794,-0.04662,-0.05946,-0.13382,-0.13297,-0.15144,-0.16724,99.08907,0.99725,0.01938,-0.01657,-0.00742,-0.03173,-0.13747,-0.13777,-0.26471,-0.25401,-0.33542,-0.34929,99.65649,0.93822,0.00945,-0.00743,0.01691,-0.0011,-0.03418,-0.03732,-0.07597,-0.07657,-0.09121,-0.11685,100.11355,0.84283,0.01579,-0.00881,0.03095,-0.00448,-0.02434,-0.04026,-0.10101,-0.10819,-0.06542,-0.12412,98.79968,0.89845,0.024,-0.00548,0.04927,0.00097,-0.07285,-0.10142,-0.22424,-0.23694,-0.02017,-0.13468
2020-01-27,105.67165,0.85744,0.00174,-0.02346,-0.0066,-0.03488,-0.0744,-0.09681,-0.15558,-0.17056,-0.04139,-0.08017,100.2504,0.95611,0.01207,0.00156,0.00991,-0.00326,-0.01299,-0.02991,-0.055,-0.06629,-0.04869,-0.07641,100.1975,0.88816,0.01542,-0.00248,0.00642,-0.00399,-0.07593,-0.07703,-0.14574,-0.13514,-0.1508,-0.15751,101.3697,1.00061,-0.0071,-0.02306,-0.03491,-0.03385,-0.21243,-0.192,-0.30009,-0.27577,-0.34338,-0.33801,99.89698,0.9315,0.01284,0.00439,0.00641,0.00019,-0.0473,-0.04148,-0.08538,-0.07649,-0.08854,-0.10865,100.24603,0.83618,0.03185,0.00346,0.03119,0.00823,-0.06354,-0.06275,-0.10618,-0.10748,-0.0696,-0.11654,99.94685,0.89957,0.03214,0.00154,0.05141,0.00764,-0.13746,-0.15181,-0.22825,-0.22745,0.00361,-0.10424
2020-02-03,104.43834,0.83412,0.01462,-0.00204,0.00902,-0.00766,-0.09795,-0.1057,-0.14961,-0.15202,-0.0343,-0.06698,100.01512,0.94585,0.01455,0.00972,0.00814,0.00043,-0.02395,-0.03251,-0.04951,-0.05743,-0.05178,-0.07035,101.05336,0.88409,0.00513,0.00161,-0.00487,-0.00544,-0.10877,-0.0967,-0.15868,-0.1426,-0.15735,-0.15427,101.00938,0.98068,-0.02629,-0.01515,-0.03369,-0.01311,-0.2408,-0.20098,-0.32661,-0.29169,-0.33576,-0.31455,100.5983,0.93079,0.00739,0.00633,-0.00891,-0.00338,-0.06225,-0.04988,-0.07944,-0.06808,-0.08628,-0.10283,101.69428,0.83402,0.01493,0.00432,0.00069,-0.00057,-0.11167,-0.08885,-0.11095,-0.10543,-0.08511,-0.11878,101.17109,0.89297,0.02468,0.00645,0.0289,0.00088,-0.19209,-0.18622,-0.24826,-0.2335,-0.00101,-0.10158
2020-02-10,105.8558,0.83398,-0.00833,-0.01143,-0.02194,-0.0325,-0.12601,-0.12144,-0.14426,-0.13765,-0.04682,-0.07006,101.46012,0.95767,-0.00213,-0.00482,-0.00468,-0.01269,-0.04811,-0.05309,-0.06204,-0.0707,-0.07161,-0.08867,101.74279,0.88568,-0.00887,-0.00152,-0.02158,-0.01775,-0.12373,-0.10837,-0.15987,-0.14331,-0.16015,-0.15726,100.6502,0.97754,-0.02801,-0.01078,-0.062,-0.04759,-0.24168,-0.20397,-0.339,-0.30182,-0.33208,-0.31319,101.17916,0.93589,-0.00634,-0.00421,-0.02671,-0.01738,-0.07405,-0.06165,-0.07922,-0.07167,-0.09338,-0.11618,103.43838,0.83964,-0.00063,0.00477,-0.01424,-0.00389,-0.14245,-0.1108,-0.12666,-0.11201,-0.10053,-0.12758,103.15883,0.90111,0.01868,0.0061,-0.02695,-0.0401,-0.21193,-0.20018,-0.25096,-0.241,-0.00627,-0.11404
2020-02-17,105.96487,0.83207,-0.00551,-0.00562,-0.0548,-0.04505,-0.13358,-0.12753,-0.14784,-0.13124,-0.04494,-0.08761,101.47082,0.95557,-0.00632,-0.00929,-0.01676,-0.02036,-0.05408,-0.05672,-0.06451,-0.0715,-0.07308,-0.0938,101.57224,0.8857,-0.00995,-0.00705,-0.0593,-0.05151,-0.13025,-0.11523,-0.16341,-0.14702,-0.15471,-0.15882,98.35354,0.96553,-0.0076,0.00204,-0.13102,-0.10604,-0.23121,-0.19925,-0.32478,-0.29083,-0.31313,-0.3037,101.34133,0.93712,-0.01618,-0.00971,-0.05024,-0.03622,-0.08169,-0.06726,-0.0863,-0.08009,-0.07846,-0.11065,103.21234,0.83835,-0.01403,-0.00489,-0.05363,-0.03578,-0.13402,-0.10235,-0.1374,-0.12105,-0.10993,-0.14341,103.66776,0.89942,0.00412,-0.00557,-0.11639,-0.10239,-0.2461,-0.2214,-0.23941,-0.23177,0.0101,-0.11886
2020-02-24,104.97455,0.82255,-0.01373,-0.02108,-0.06826,-0.06192,-0.13966,-0.1327,-0.13193,-0.10901,0.00874,-0.05825,101.24401,0.95285,-0.00255,-0.00788,-0.02268,-0.02665,-0.05913,-0.05967,-0.06315,-0.07208,-0.06222,-0.08997,100.84044,0.88416,-0.01283,-0.01624,-0.08182,-0.07303,-0.13914,-0.12349,-0.16217,-0.15026,-0.13654,-0.1508,97.83058,0.96676,-0.03496,-0.0368,-0.18394,-0.15816,-0.25526,-0.22351,-0.32818,-0.29338,-0.30107,-0.30306,100.53781,0.93168,-0.0205,-0.01318,-0.05337,-0.04167,-0.08407,-0.07003,-0.08848,-0.08673,-0.05788,-0.10106,103.37304,0.84441,-0.01361,-0.00866,-0.09187,-0.07098,-0.12935,-0.10977,-0.13549,-0.12879,-0.09091,-0.14146,105.08551,0.90721,-0.04479,-0.04619,-0.17963,-0.15945,-0.27064,-0.2457,-0.21844,-0.2235,0.03075,-0.12891
2020-03-02,105.38073,0.82645,-0.04956,-0.03943,-0.10602,-0.09804,-0.15325,-0.13957,-0.14483,-0.12677,0.02319,-0.06829,100.82949,0.94628,-0.01051,-0.01107,-0.03183,-0.03294,-0.06043,-0.05645,-0.06806,-0.07441,-0.04497,-0.07537,100.56146,0.87865,-0.04984,-0.04447,-0.10441,-0.09126,-0.14883,-0.12563,-0.16458,-0.15309,-0.12431,-0.14213,97.60654,0.96757,-0.12437,-0.10808,-0.21433,-0.18786,-0.27311,-0.24272,-0.34726,-0.32041,-0.27813,-0.29728,99.70168,0.92742,-0.03462,-0.02651,-0.05382,-0.0465,-0.08359,-0.07241,-0.08905,-0.08823,-0.03639,-0.09175,101.76412,0.83345,-0.04017,-0.03089,-0.11228,-0.08828,-0.11952,-0.10475,-0.11889,-0.1213,-0.07359,-0.13132,104.09536,0.89384,-0.12001,-0.09681,-0.21479,-0.1871,-0.25901,-0.22172,-0.19154,-0.19976,0.03433,-0.12647
2020-03-09,103.5336,0.80148,-0.05529,-0.04085,-0.10641,-0.08894,-0.14218,-0.11938,-0.11518,-0.08995,0.09574,-0.0231,100.98578,0.94498,-0.02018,-0.01878,-0.04364,-0.0404,-0.05864,-0.05655,-0.07362,-0.07697,-0.04041,-0.07173,99.54695,0.86793,-0.06989,-0.0568,-0.1044,-0.09061,-0.14595,-0.12644,-0.15938,-0.14711,-0.10592,-0.12879,94.40998,0.92996,-0.15437,-0.12135,-0.19156,-0.15638,-0.27954,-0.24096,-0.32308,-0.2872,-0.24188,-0.2554,98.47691,0.91851,-0.03356,-0.02849,-0.04865,-0.04427,-0.05961,-0.05579,-0.08191,-0.08563,-0.02255,-0.08603,101.96579,0.83575,-0.07934,-0.06232,-0.13006,-0.10691,-0.11332,-0.10715,-0.12258,-0.13112,-0.05659,-0.12445,100.37921,0.86102,-0.14117,-0.11326,-0.19011,-0.16009,-0.24233,-0.20154,-0.16597,-0.1747,0.10139,-0.07778
2020-03-16,100.15808,0.78702,-0.05941,-0.05861,-0.08335,-0.08248,-0.09558,-0.0907,-0.0733,-0.06402,0.14182,-0.00017,99.76994,0.9352,-0.02155,-0.02186,-0.03795,-0.03636,-0.04615,-0.04823,-0.05783,-0.0642,-0.0314,-0.06518,95.549,0.83418,-0.05743,-0.04679,-0.07542,-0.06372,-0.10541,-0.09182,-0.12175,-0.11336,-0.07015,-0.09698,85.46689,0.85949,-0.10274,-0.07978,-0.11529,-0.09321,-0.22157,-0.18376,-0.25323,-0.21395,-0.17088,-0.18928,96.25021,0.90091,-0.01989,-0.01999,-0.03311,-0.03105,-0.03207,-0.03669,-0.0613,-0.07053,-0.00183,-0.07085,97.67669,0.80257,-0.07513,-0.0574,-0.08494,-0.06657,-0.07515,-0.07493,-0.07932,-0.09642,-0.02602,-0.09897,91.60238,0.79703,-0.1077,-0.09028,-0.1468,-0.11901,-0.15647,-0.13691,-0.05597,-0.0984,0.22979,0.00632
2020-03-23,97.8094,0.76063,-0.05411,-0.04809,-0.07663,-0.07078,-0.07678,-0.0598,-0.06425,-0.04891,0.25583,0.0831,98.94788,0.9262,-0.02395,-0.02162,-0.03729,-0.03302,-0.04066,-0.04213,-0.04517,-0.05658,-0.02152,-0.05572,92.58959,0.81113,-0.0371,-0.03382,-0.06243,-0.05046,-0.08225,-0.07245,-0.09088,-0.08781,-0.03232,-0.06585,79.83591,0.8086,-0.04398,-0.03503,-0.08739,-0.06536,-0.16816,-0.13391,-0.19209,-0.15727,-0.10385,-0.13462,95.17175,0.89002,-0.01561,-0.01578,-0.03243,-0.02836,-0.02707,-0.03299,-0.04579,-0.05849,0.01449,-0.05652,93.87621,0.77343,-0.0551,-0.04459,-0.04128,-0.03879,-0.05161,-0.05614,-0.02882,-0.0637,0.01254,-0.07052,86.20858,0.74776,-0.05698,-0.04683,-0.11093,-0.08625,-0.08537,-0.08012,0.05676,-0.01803,0.31531,0.05717
2020-03-30,94.2081,0.72841,-0.02546,-0.02387,-0.05283,-0.04153,-0.03273,-0.01487,-0.01786,-0.00805,0.32298,0.1275,97.62025,0.91334,-0.01677,-0.01449,-0.02954,-0.02351,-0.02837,-0.03256,-0.02898,-0.04363,-0.01017,-0.04581,90.06168,0.78739,-0.01909,-0.01692,-0.04959,-0.03437,-0.0619,-0.05348,-0.06217,-0.06253,-0.00138,-0.0402,76.68638,0.7797,-0.014,-0.01342,-0.07481,-0.05486,-0.14295,-0.10633,-0.14782,-0.12782,-0.04078,-0.09712,94.33574,0.88091,-0.01349,-0.01105,-0.03146,-0.02591,-0.02855,-0.03596,-0.03673,-0.05168,0.02218,-0.05122,90.33783,0.74517,-0.01061,-0.00917,-0.00815,-0.01647,-0.01075,-0.02955,0.00559,-0.03949,0.03858,-0.05317,81.7368,0.70674,-0.04382,-0.02873,-0.05631,-0.03462,0.00482,-0.02303,0.13394,0.04706,0.37684,0.09152
2020-04-06,92.51652,0.71254,-0.02381,-0.02269,-0.04003,-0.03045,-0.02593,-0.01286,0.03873,0.02449,0.35515,0.14991,96.57852,0.90458,-0.01368,-0.0114,-0.01568,-0.01615,-0.02704,-0.03271,-0.00736,-0.027,-0.00823,-0.04559,89.15462,0.77731,-0.02631,-0.01664,-0.0464,-0.03582,-0.0577,-0.05175,-0.0385,-0.04275,0.01941,-0.02815,76.32489,0.77358,-0.04541,-0.03033,-0.10883,-0.08458,-0.16525,-0.12642,-0.11167,-0.10257,-0.05527,-0.10269,93.68648,0.87424,-0.01709,-0.01258,-0.01152,-0.01152,-0.03056,-0.03504,-0.01884,-0.03807,0.02651,-0.04707,88.70406,0.72884,0.01462,0.0058,0.01924,-0.00025,0.01083,-0.01669,0.03696,-0.01647,0.0671,-0.03016,81.29647,0.70093,-0.05721,-0.03942,-0.06448,-0.04146,0.03518,-0.00685,0.15776,0.04984,0.3682,0.08754
2020-04-13,91.80979,0.70455,-0.02809,-0.01767,-0.01334,-0.00822,-0.0022,0.00698,0.07506,0.05339,0.38947,0.16919,95.98352,0.89885,-0.01299,-0.00902,-0.00852,-0.01187,-0.02534,-0.03084,-0.00389,-0.0234,0.00094,-0.03771,88.34281,0.77047,-0.0311,-0.01745,-0.03244,-0.0281,-0.05277,-0.04965,-0.03127,-0.03784,0.03737,-0.01576,75.613,0.76628,-0.06168,-0.04144,-0.12013,-0.09055,-0.15481,-0.12352,-0.11463,-0.10455,-0.02713,-0.08148,93.06292,0.86986,-0.01822,-0.01485,0.00108,-0.00564,-0.0285,-0.03698,-0.01955,-0.04179,0.03544,-0.04382,89.37972,0.736,0.00248,-0.0073,0.0107,-0.00836,0.00097,-0.03137,0.04475,-0.01505,0.05823,-0.03559,78.15484,0.67802,-0.01306,-0.0059,-0.01133,-0.0179,0.0712,0.0083,0.23771,0.09405,0.44635,0.12996
2020-04-20,90.31401,0.68985,-0.01662,-0.00775,-0.00016,0.01098,0.02771,0.03316,0.09826,0.06516,0.41446,0.18545,95.25776,0.89318,-0.00204,-0.00476,-0.0035,-0.00911,-0.01321,-0.02218,-7e-05,-0.02055,0.01076,-0.03354,86.80917,0.76067,-0.02063,-0.01918,-0.02114,-0.02199,-0.03333,-0.03984,-0.02034,-0.03427,0.05821,-0.00377,72.85876,0.74325,-0.06643,-0.05425,-0.0885,-0.06855,-0.12401,-0.09772,-0.09617,-0.09528,-0.01395,-0.0616,92.0851,0.86165,0.00567,0.00106,0.00554,-0.00462,-0.01884,-0.03128,-0.01649,-0.04028,0.0579,-0.02887,90.00134,0.73464,0.00455,-0.00604,-0.01078,-0.01734,-0.0008,-0.02849,0.03958,-0.01593,0.05374,-0.03183,76.64531,0.66151,-0.00771,-0.00204,0.02875,0.00613,0.12825,0.03712,0.26305,0.10226,0.454,0.15774
2020-04-27,89.23086,0.68688,0.01518,0.00945,0.02123,0.02666,0.02571,0.02484,0.13523,0.09039,0.43097,0.19887,94.73667,0.88983,0.00453,-0.00285,0.0012,-0.00905,-0.00273,-0.0202,0.00667,-0.01013,0.00767,-0.03404,85.59515,0.75302,-0.00138,-0.01065,-0.01294,-0.01911,-0.01659,-0.0297,-0.00593,-0.02238,0.07453,0.01159,70.94916,0.72484,-0.06229,-0.04912,-0.07364,-0.05147,-0.0909,-0.07351,-0.06185,-0.06224,0.00748,-0.04095,91.36752,0.855,0.01965,0.00921,0.00301,-0.01005,-0.00606,-0.02348,-0.00345,-0.03216,0.06704,-0.01575,89.60172,0.7287,0.0082,-0.00107,-0.00262,-0.01308,0.01751,-0.01897,0.04093,-0.00906,0.06324,-0.01729,77.1338,0.67212,0.00176,-0.012,0.06479,0.01159,0.18109,0.05761,0.30043,0.1232,0.42212,0.15031
2020-05-04,88.81325,0.6821,0.01673,0.01873,0.01469,0.01758,0.0418,0.03827,0.13559,0.08504,0.42239,0.19775,95.06375,0.88842,-0.00146,-0.00435,-0.01154,-0.01655,-0.00287,-0.01871,-0.00239,-0.01292,0.00278,-0.03696,85.01811,0.74149,-0.00052,-0.00281,-0.01185,-0.01593,-0.00654,-0.01662,0.00158,-0.01166,0.08307,0.02204,68.01872,0.68899,-0.02364,-0.0143,-0.06331,-0.04184,-0.03923,-0.03711,-0.01358,-0.02287,0.07183,0.00989,92.60686,0.86272,-0.00013,-0.00568,-0.01926,-0.02352,-0.01875,-0.03349,-0.00744,-0.03475,0.04596,-0.02648,90.41113,0.7286,-0.01526,-0.0113,-0.00825,-0.01645,0.00477,-0.02292,0.02907,-0.01335,0.06107,-0.01232,76.05468,0.65947,0.03674,0.00817,0.10653,0.03461,0.21866,0.09433,0.3289,0.13192,0.43033,0.16569
2020-05-11,90.58539,0.69633,0.00596,0.01722,0.01129,0.0152,0.06087,0.0407,0.11386,0.06759,0.41113,0.19657,95.16597,0.88697,-0.00332,-0.00619,-0.01697,-0.01897,0.00738,-0.0094,-0.0102,-0.01797,0.01153,-0.02945,85.47721,0.74237,-0.01158,-0.00846,-0.02102,-0.02155,0.00286,-0.00781,-0.00034,-0.01395,0.09079,0.02738,66.52969,0.67573,-0.01211,-0.00235,-0.03941,-0.03297,0.01912,-0.00473,0.01048,-0.01138,0.14225,0.05094,93.16333,0.86422,-0.01632,-0.01926,-0.02955,-0.03134,-0.01333,-0.02805,-0.01537,-0.04451,0.04125,-0.02791,90.33648,0.72763,-0.01073,-0.01202,-0.00963,-0.02301,0.01822,-0.01526,0.02992,-0.01557,0.07744,-0.00264,77.26973,0.66012,0.06291,0.0236,0.08347,0.0262,0.21809,0.09065,0.32668,0.12695,0.3909,0.16408
2020-05-18,90.29912,0.70083,-0.00201,-0.00115,0.02788,0.02218,0.09305,0.0571,0.12076,0.04363,0.4483,0.21333,94.92457,0.88407,-0.01009,-0.0122,-0.00974,-0.01307,0.00722,-0.00863,-0.00915,-0.0223,0.01602,-0.02413,84.97426,0.73868,-0.01134,-0.01312,-0.01246,-0.01786,0.00713,-0.00605,0.0104,-0.01181,0.10185,0.03557,66.41062,0.67469,-0.04063,-0.02754,-0.03895,-0.02916,0.00805,-0.01297,0.01725,-0.01287,0.11582,0.04275,92.59512,0.85703,-0.01913,-0.01784,-0.02424,-0.02665,-0.01459,-0.02896,0.00858,-0.03055,0.03938,-0.02423,89.03104,0.71729,0.00712,-0.00515,0.01009,-0.01115,0.04884,0.00366,0.03184,-0.02236,0.10647,0.01283,78.84897,0.66764,0.06731,0.02644,0.09672,0.03099,0.22681,0.10443,0.32804,0.11292,0.33615,0.1484
2020-05-25,91.1249,0.71354,0.0053,-0.00202,0.00439,-0.00182,0.08849,0.04147,0.16206,0.05077,0.44093,0.2042,94.8503,0.88078,-0.0137,-0.01278,-0.00392,-0.01116,0.00422,-0.00814,0.001,-0.0179,0.01299,-0.02038,84.48725,0.73391,-0.00954,-0.01309,-0.00369,-0.01059,0.00659,-0.0075,0.03059,-0.00055,0.10636,0.04678,65.72413,0.67338,-0.02764,-0.03062,-0.01862,-0.02204,0.00195,-0.02541,0.04037,-0.00967,0.10789,0.04823,91.64257,0.84496,-0.01344,-0.01208,-0.00904,-0.01343,-0.01174,-0.02359,0.03356,-0.01433,0.04223,-0.01281,89.367,0.71562,0.00111,-0.01099,0.02018,-0.00588,0.04696,0.00309,0.05157,-0.01267,0.12083,0.03362,82.13113,0.68371,0.01934,0.0026,0.10923,0.04602,0.17868,0.08006,0.31883,0.09458,0.28222,0.14731
2020-06-01,90.11799,0.69968,0.02995,0.02333,0.02671,0.02068,0.12406,0.07759,0.19648,0.05848,0.44538,0.21713,93.96714,0.87187,0.00035,-0.00087,0.00877,-0.00216,0.01492,0.00783,0.02477,-0.00096,0.01501,-0.01768,84.01082,0.72556,-0.00113,-0.00473,0.00537,-0.0007,0.01281,0.00508,0.04821,0.01096,0.1018,0.04911,63.71217,0.64716,0.00175,-0.00162,0.02572,0.00473,0.04472,0.01544,0.1059,0.02313,0.10488,0.03522,90.82353,0.83919,-0.00521,-0.00881,0.00052,-0.00996,0.00252,-0.01635,0.0578,-0.00352,0.03741,-0.01592,89.66489,0.71215,0.00295,-0.006,0.01314,-0.00647,0.04019,0.00749,0.05142,-0.01002,0.11781,0.03894,84.15655,0.69408,0.02755,0.00455,0.10134,0.05973,0.19191,0.10125,0.27939,0.0733,0.21396,0.12244
2020-06-08,91.60813,0.71152,-0.00091,0.0002,0.04903,0.02551,0.10095,0.05561,0.23838,0.06686,0.43229,0.22984,93.55104,0.868,0.00991,0.00162,0.02476,0.00957,0.01374,0.0075,0.03585,0.00525,0.01974,-0.01196,83.68083,0.72081,0.00591,0.0025,0.02439,0.01375,0.01758,0.00901,0.0636,0.01832,0.10837,0.0559,63.90769,0.64276,0.00927,0.00858,0.06093,0.02825,0.04987,0.02337,0.11996,0.0318,0.09995,0.04557,90.41056,0.83288,0.00446,-0.00135,0.01671,0.00329,0.01668,-0.00492,0.06466,-0.0004,0.042,-0.00798,89.46652,0.70463,0.01905,0.00511,0.02812,0.00775,0.03994,0.01061,0.07522,0.00667,0.11922,0.05044,83.71946,0.68632,0.08818,0.04341,0.12425,0.06445,0.20723,0.10508,0.32056,0.09692,0.19417,0.12222
2020-06-15,92.81678,0.72301,-0.00314,-0.00264,0.0634,0.03493,0.08708,0.04091,0.23213,0.06384,0.40422,0.22618,93.99983,0.871,0.00842,-0.00129,0.01713,0.00444,0.00208,-0.002,0.02806,-0.00097,0.01879,-0.01379,83.91564,0.72083,0.00651,0.00404,0.01984,0.0118,0.01826,0.00759,0.05876,0.01638,0.09766,0.04954,63.8239,0.64553,0.02392,0.00635,0.04891,0.01619,0.05332,0.01882,0.11028,0.02467,0.09407,0.04425,90.35049,0.83038,0.00576,-0.00115,0.00989,-0.00231,0.01528,-0.01067,0.06335,-0.00032,0.0409,-0.00787,89.92922,0.70615,0.01016,-0.00047,0.03837,0.0148,0.03459,0.00592,0.05789,-0.00256,0.10495,0.04651,86.47538,0.69863,0.0718,0.05518,0.11862,0.07344,0.18545,0.08844,0.30271,0.10472,0.13174,0.1042
2020-06-22,91.52485,0.71172,0.04998,0.02531,0.08373,0.04329,0.10575,0.03274,0.34206,0.13201,0.39705,0.24036,94.4782,0.86962,0.01471,0.00795,0.00818,0.00301,-0.00447,-0.00785,0.02477,0.00086,0.01674,-0.00959,84.17508,0.72332,0.01838,0.01124,0.01032,0.00309,0.01999,0.00356,0.06441,0.02196,0.10014,0.05367,64.50006,0.65133,0.05119,0.01967,0.02096,-0.00336,0.04738,0.01049,0.10922,0.02265,0.09162,0.05163,90.81411,0.83153,0.01219,0.00464,-0.00273,-0.01016,0.02836,-0.00505,0.06316,0.00197,0.03235,-0.00608,91.17063,0.70973,0.0089,0.00264,0.02625,0.00898,0.00762,-0.0148,0.04259,-0.00682,0.07774,0.03882,91.10195,0.72973,0.03314,0.02104,0.06262,0.03404,0.14943,0.05083,0.24466,0.0752,0.05249,0.0676
2020-06-29,92.52534,0.72036,0.06675,0.03757,0.09481,0.05691,0.14447,0.04394,0.34704,0.13555,0.31905,0.27964,94.79107,0.86971,0.00864,0.00574,0.0061,0.00999,0.00162,-0.00683,0.01938,-0.00218,-0.0041,0.13029,84.46217,0.72486,0.01324,0.00776,0.0074,0.00578,0.0309,0.0085,0.06482,0.02233,0.06359,0.27514,65.35067,0.65188,0.0244,0.00984,0.01852,0.01072,0.04631,0.01182,0.12561,0.0307,0.0307,0.34812,90.87059,0.82923,0.00411,-0.00116,0.002,-0.00639,0.04234,0.0014,0.06116,0.00047,0.0085,0.17077,90.84268,0.70568,0.02792,0.01527,0.02671,0.01397,0.03449,-0.00273,0.03281,-0.01367,0.05254,0.29432,92.68473,0.7538,0.04368,0.01827,0.08224,0.04152,0.16866,0.02449,0.21421,0.04446,-0.00722,0.2462
2020-07-06,96.09963,0.73703,0.03214,0.01798,0.04949,0.03011,0.12201,0.02113,0.30462,0.12542,0.28491,0.34773,95.86782,0.87757,-0.00644,-0.00494,-0.01076,-0.00207,0.00445,-0.00667,-0.00088,-0.01859,-0.00659,0.05461,85.72209,0.73456,-0.00791,-0.00815,-0.00665,-0.00474,0.02729,0.00196,0.06023,0.0146,0.06096,0.09697,67.80169,0.671,-0.02875,-0.02303,-0.01043,-0.00488,0.0392,-0.00071,0.06349,-0.00011,0.04808,0.09387,91.92131,0.83617,-0.01474,-0.0148,-3e-05,-0.00821,0.04517,-0.0005,0.04622,-0.009,0.01418,0.06164,91.98235,0.71237,0.01719,0.00634,0.01149,0.00287,0.02493,-0.01025,0.02907,-0.01369,0.06692,0.14112,94.12142,0.75077,0.02853,0.013,0.07381,0.04063,0.14394,0.01661,0.18177,0.0377,-0.02472,0.13135
2020-07-13,98.70131,0.75793,0.0263,0.01934,0.02227,0.00599,0.14938,0.02045,0.29246,0.1158,0.25157,0.30907,95.61024,0.87545,-0.00252,0.00425,-0.0148,-0.00644,0.01354,-0.00219,0.00485,-0.01431,0.00097,0.05362,85.58029,0.73263,-0.00576,-0.00199,-0.00154,-0.00421,0.03999,0.00651,0.07085,0.02208,0.07971,0.09997,66.94531,0.66172,-0.00574,0.00087,0.0042,0.00263,0.06915,0.01283,0.09883,0.02308,0.04535,0.086,91.24393,0.82807,-0.0021,-0.00522,0.00534,-0.00836,0.05494,0.00441,0.05608,-0.00203,0.03044,0.06426,93.37936,0.72095,-0.00118,-0.00131,-0.00364,-0.00889,0.03016,-0.00965,0.0129,-0.02054,0.05348,0.12159,96.73284,0.77207,0.03695,0.02325,0.05974,0.015,0.14291,0.01117,0.16857,0.03591,-0.07664,0.08201
2020-07-20,99.18813,0.75501,0.01681,0.01213,0.02032,-0.01055,0.15299,0.03184,0.28791,0.12029,0.2761,0.31529,95.25066,0.87264,-0.00435,0.00287,-0.01255,-0.01086,0.01456,-0.00261,0.01084,-0.013,0.00249,0.05075,85.04388,0.72641,0.00127,0.00342,0.00957,0.00047,0.04471,0.0108,0.08018,0.03049,0.08442,0.10087,65.85221,0.64797,0.01887,0.01816,0.02588,0.01386,0.07609,0.02223,0.09097,0.03368,0.05251,0.09082,90.56637,0.82137,0.01493,0.0066,0.03118,0.00511,0.06081,0.00869,0.07564,0.01142,0.03232,0.06455,93.56376,0.71871,-0.0056,-0.00347,-0.01815,-0.02378,0.0168,-0.01512,0.01362,-0.0159,0.06733,0.12924,96.80654,0.76377,0.04403,0.02762,0.08169,0.01679,0.16368,0.03958,0.15118,0.05548,-0.08921,0.068
2020-07-27,101.29765,0.77727,-0.00393,-0.01335,0.04536,-0.01296,0.21258,0.06646,0.26051,0.10848,0.28081,0.29358,95.36891,0.8797,-0.01231,-0.0107,-0.00444,-0.01682,0.0152,-0.00922,0.00099,-0.02392,0.01082,0.04711,85.08726,0.73064,0.00424,-0.00222,0.02332,0.00272,0.053,0.01464,0.08095,0.03397,0.0959,0.10082,66.56125,0.6626,0.01,0.00175,0.02728,0.00111,0.07487,0.01139,0.0739,0.0213,0.09548,0.07125,91.05195,0.82284,0.00746,-0.00314,0.04027,0.00778,0.06039,0.01066,0.07074,0.01641,0.04209,0.07045,93.26884,0.71964,-0.00246,-0.00758,0.00758,-0.01669,0.01913,-0.01673,0.02144,-0.00823,0.09339,0.13889,100.30734,0.79532,0.02198,-0.00825,0.07985,-0.01703,0.13044,0.0096,0.09357,0.02711,-0.12371,0.00399
2020-08-03,100.85569,0.76714,0.00345,-0.02268,0.0691,-0.00898,0.23578,0.08878,0.25255,0.11271,0.30484,0.30069,94.83627,0.8755,-0.00823,-0.01373,0.01538,-0.0046,0.01889,-0.00798,0.00519,-0.02404,0.02362,0.05034,85.15227,0.72982,0.00828,-0.00295,0.03416,0.0067,0.05619,0.01737,0.08136,0.0337,0.10523,0.10439,67.09481,0.66613,0.00688,-0.0043,0.05015,0.00416,0.09635,0.01646,0.08659,0.03275,0.10559,0.06609,91.91822,0.82796,0.01601,-0.00149,0.04521,0.00771,0.04906,0.00173,0.0538,0.00827,0.03562,0.05966,93.03958,0.71524,-0.01262,-0.02031,0.01328,-0.01311,0.00842,-0.02324,0.03109,0.00103,0.11739,0.15193,101.06869,0.79139,0.03608,-0.01083,0.06531,-0.02402,0.11348,0.00687,0.07633,0.03377,-0.15413,-0.02193
2020-08-10,100.8992,0.76392,0.04949,0.00039,0.12435,0.01446,0.24257,0.09853,0.26688,0.12897,0.34022,0.3161,94.19505,0.869,0.00796,-0.00612,0.02877,0.00425,0.01687,-0.01002,0.02196,-0.01148,0.03805,0.0557,85.44824,0.72842,0.019,0.00494,0.0416,0.01072,0.06362,0.02074,0.09116,0.04133,0.10893,0.10057,67.22675,0.66435,0.01711,-0.00065,0.06467,0.01021,0.07258,0.00654,0.13041,0.06232,0.11522,0.06354,91.73132,0.81971,0.03256,0.01092,0.04933,0.01277,0.04839,0.00746,0.0575,0.01659,0.03789,0.0612,93.03958,0.71206,0.01006,-0.00911,0.03393,-0.00076,0.01738,-0.01338,0.04613,0.01293,0.1296,0.14987,102.51199,0.78707,0.05662,-0.00878,0.07847,-0.00383,0.08504,0.00139,0.04841,0.03713,-0.15645,-0.02382
2020-08-17,101.20324,0.74446,0.06543,0.0137,0.13003,0.04239,0.26051,0.12928,0.29225,0.1697,0.35951,0.33951,94.05566,0.86177,0.02381,0.00914,0.02745,0.00826,0.02146,-0.00063,0.02541,-0.00183,0.03959,0.06115,85.85765,0.72687,0.02566,0.00965,0.03481,0.01033,0.06739,0.02784,0.09051,0.04738,0.10734,0.10075,67.55613,0.66183,0.04298,0.00846,0.04894,0.00837,0.0889,0.02297,0.0969,0.05562,0.11396,0.06907,93.39003,0.82648,0.02873,0.00919,0.02874,0.00358,0.03181,-0.00044,0.03053,0.00633,0.01704,0.05208,91.8657,0.69494,0.02623,0.00719,0.03559,0.00866,0.02959,0.00547,0.07232,0.03518,0.13901,0.15443,104.71491,0.78056,0.02821,-0.01319,0.0758,0.02279,0.0795,0.02741,0.0061,0.03548,-0.15179,-0.0047
2020-08-24,105.89219,0.76431,0.07133,0.01407,0.15997,0.07942,0.20637,0.11099,0.23999,0.15343,0.28988,0.30823,94.94508,0.86288,0.02064,0.01037,0.01973,0.0076,0.01409,-0.00324,0.01198,-0.00248,0.03052,0.05852,87.07176,0.73336,0.02217,0.00578,0.029,0.01192,0.05502,0.02354,0.07352,0.04733,0.09045,0.09457,68.37719,0.6637,0.04676,0.01085,0.04632,0.01028,0.05068,0.01795,0.0649,0.0579,0.09852,0.07368,94.71819,0.83063,0.01624,0.00186,0.01934,0.00287,0.02849,0.00216,0.00839,0.00152,-0.00068,0.04466,93.97582,0.70295,0.02363,0.00835,0.01147,-4e-05,0.00917,-0.00014,0.06586,0.04629,0.12136,0.15301,108.31662,0.77829,0.02068,0.00494,0.04685,0.02663,0.02886,0.04096,-0.02775,0.05272,-0.17941,-0.00715
2020-08-31,107.82453,0.75816,0.06064,0.02869,0.15591,0.09776,0.18421,0.12759,0.20803,0.15865,0.27857,0.32209,96.29478,0.87091,0.00356,-0.00088,0.00346,-0.00338,-0.00864,-0.01512,-0.00952,-0.01672,0.01578,0.04967,88.06116,0.73652,0.00892,0.00069,0.0213,0.01067,0.04444,0.02809,0.05112,0.03815,0.07694,0.095,70.45936,0.67029,0.00572,-9e-05,0.044,0.0123,0.01449,0.01361,-0.00092,0.01209,0.04802,0.05942,96.07347,0.83567,0.0,-0.00561,0.00369,-0.00597,0.01477,0.00358,-0.01928,-0.0124,-0.01932,0.03744,94.27538,0.70213,0.00912,0.00146,-0.0048,-0.01012,0.01053,0.00928,0.06314,0.04896,0.10689,0.15029,107.66943,0.76737,0.04628,0.03598,0.04522,0.03089,0.0188,0.05506,-0.05114,0.04914,-0.16476,0.00899
2020-09-07,113.44572,0.77838,0.08274,0.06535,0.10514,0.08407,0.11355,0.10147,0.15658,0.16298,0.22114,0.30807,96.90467,0.87325,-0.00089,-0.00277,-0.01157,-0.01427,-0.01627,-0.02179,-0.01555,-0.01721,0.01529,0.0501,89.00257,0.73914,0.00668,0.00614,0.02115,0.01002,0.03458,0.02439,0.0421,0.03757,0.07338,0.09558,71.57432,0.67456,-0.00042,-0.00057,0.00743,-0.00367,0.01859,0.02432,-0.01787,0.01377,0.01762,0.04745,96.25654,0.83248,0.00305,0.00102,-0.0009,-0.00531,0.0063,0.00375,-0.02129,-0.00758,-0.02455,0.04091,96.19603,0.7113,-0.01188,-0.00839,-0.01601,-0.01262,-0.00274,0.00498,0.04092,0.04377,0.10555,0.15971,110.55646,0.78324,0.02564,0.02169,0.00609,0.00523,-0.01604,0.04192,-0.0957,0.0253,-0.16054,0.01368
2020-09-14,114.36266,0.78685,0.08982,0.06907,0.11546,0.08689,0.11774,0.10604,0.13967,0.16233,0.26043,0.32902,96.63729,0.87003,-0.0001,-0.0025,-0.00583,-0.00889,-0.00387,-0.0125,-0.00902,-0.01282,0.01958,0.05196,88.8466,0.73721,0.01227,0.00998,0.03149,0.0175,0.04942,0.03254,0.03674,0.03316,0.08382,0.10236,70.8626,0.6702,0.03806,0.01239,0.03809,0.0146,0.07241,0.05647,-0.0146,0.01958,0.0671,0.07465,96.0738,0.83006,0.00369,-0.00036,0.00299,-0.00402,0.0097,0.00625,-0.02111,-0.00755,-0.02206,0.04626,95.13535,0.70359,-0.01379,-0.01159,-0.0058,-0.00318,0.02309,0.0214,0.04449,0.04907,0.13454,0.18108,112.65205,0.80335,-0.00101,-0.00509,0.00344,0.00462,-0.04596,0.02085,-0.13124,-0.00053,-0.14006,0.02759
2020-09-21,122.83194,0.84373,0.02069,0.01872,0.04,0.03157,0.06471,0.07043,0.04097,0.10835,0.14873,0.26501,96.81871,0.87048,-0.01069,-0.01149,-0.00553,-0.01084,-0.00386,-0.01054,-0.00784,-0.01044,0.02318,0.05809,89.59701,0.74528,0.01437,0.00388,0.02528,0.01162,0.045,0.02897,0.03357,0.03171,0.07471,0.09538,71.54457,0.67399,0.00785,-0.0031,0.00416,0.00767,0.03575,0.04346,-0.01587,0.02898,0.06829,0.09462,96.55038,0.8335,-0.00394,-0.00633,0.00898,-0.00071,-0.0032,-0.0007,-0.02898,-0.00805,-0.02871,0.04427,95.05333,0.70291,-0.00418,-0.00423,-0.00227,-0.00011,0.03636,0.02721,0.03371,0.04564,0.15286,0.19749,113.39131,0.80493,-0.01906,-0.01646,-0.01719,0.01432,-0.07088,0.01111,-0.1544,-0.0076,-0.13721,0.04631
2020-09-28,124.63508,0.85592,0.02353,0.01782,0.02448,0.02983,0.05352,0.06182,-0.02078,0.14408,0.1644,0.27267,96.62774,0.86753,-0.00573,-0.00639,-0.01205,-0.01174,-0.00565,-0.00712,-0.02303,0.13247,0.02868,0.0629,89.93697,0.74719,0.01898,0.00752,0.02266,0.01742,0.03932,0.0335,-0.00115,0.25281,0.07106,0.09669,73.55947,0.68259,3e-05,0.00221,-0.02827,0.00131,-0.01012,0.03902,-0.08432,0.31741,0.05405,0.10272,96.42818,0.82969,-0.0007,-0.00365,0.01104,0.00956,-0.00949,0.00245,-0.04962,0.17031,-0.02678,0.04792,93.82314,0.692,0.00811,0.0084,0.0154,0.01941,0.0676,0.05724,0.0191,0.308,0.16865,0.21136,112.53832,0.79826,0.00445,0.00971,-0.02528,0.02417,-0.06422,0.03275,-0.18236,0.20174,-0.11403,0.06656
2020-10-05,125.37385,0.86245,0.01891,0.01285,0.0076,0.0174,0.03893,0.05436,-0.01511,0.22231,0.19282,0.29385,95.78379,0.85899,0.00521,0.00065,-0.00476,-0.00752,-0.00424,-0.0048,-0.00572,0.0732,0.03326,0.06698,90.88474,0.74916,0.01076,0.00773,0.01316,0.01437,0.01847,0.02551,0.00069,0.08237,0.05807,0.09157,72.10617,0.67089,-0.00366,0.01076,0.01107,0.02799,-0.02374,0.01149,-0.01449,0.09399,0.05792,0.10471,96.17023,0.82717,0.01296,0.00562,0.0072,0.00906,-0.02027,-0.0039,-0.03063,0.07064,-0.02138,0.05168,94.65631,0.69869,0.00192,0.00412,0.01348,0.01759,0.05887,0.0524,0.03678,0.15481,0.15947,0.20662,111.22973,0.78846,0.00191,0.03079,-0.022,0.03669,-0.08151,0.02805,-0.17473,0.09365,-0.10995,0.06754
2020-10-12,127.56723,0.87374,0.00094,0.01201,0.00204,0.01916,0.02855,0.06762,-0.03164,0.19327,0.19007,0.29551,96.07413,0.86114,-0.00636,-0.00536,0.00197,-0.00362,-0.00704,-0.00509,-0.00386,0.06793,0.03864,0.07349,91.64399,0.75471,0.00361,0.0099,0.01739,0.01504,0.01206,0.022,0.00827,0.07789,0.06329,0.09488,73.56173,0.6848,-0.0283,-0.0009,0.03306,0.04187,-0.0444,0.00352,-0.04867,0.06293,0.04051,0.09097,96.36087,0.82604,0.01175,0.01321,0.0067,0.01026,-0.02235,-0.00114,-0.02428,0.06628,-0.0152,0.05949,94.58386,0.70041,0.00724,0.011,0.02905,0.02459,0.05866,0.05466,0.04007,0.14213,0.18885,0.22351,113.03928,0.80797,-0.0296,0.01446,-0.04923,0.01623,-0.11557,0.00056,-0.20984,0.04611,-0.12042,0.04927
2020-10-19,127.74528,0.8753,-0.0111,0.00455,0.02376,0.03886,0.02028,0.07388,-0.00917,0.195,0.20532,0.30629,96.28285,0.85964,-0.00992,-0.00818,0.00169,0.0003,-0.00537,-0.00243,-0.00826,0.06375,0.04231,0.08016,91.86232,0.7569,0.00237,0.00663,0.01923,0.01736,0.00271,0.01347,0.00393,0.07038,0.0713,0.10139,71.84247,0.68165,0.01479,0.01723,0.03146,0.03579,-0.02804,0.00813,-0.03525,0.05714,0.07577,0.10158,97.41706,0.83279,-0.00569,0.00345,-0.01207,2e-05,-0.03461,-0.01028,-0.04028,0.05313,-0.00947,0.06915,94.83783,0.70281,0.01154,0.01347,0.03872,0.02731,0.04776,0.04985,0.05299,0.14515,0.17791,0.21708,111.44212,0.81925,-0.02386,0.00591,-0.05463,-0.00321,-0.12181,-0.01643,-0.20882,0.01252,-0.08736,0.06308
2020-10-26,127.6866,0.88575,0.0011,0.00715,0.02834,0.03199,0.0014,0.06634,0.01611,0.18511,0.22535,0.30936,95.46302,0.85578,0.00839,0.00174,0.00649,0.00462,0.00625,0.00425,0.00983,0.07103,0.05265,0.08645,91.97468,0.76461,0.01373,0.00514,0.0163,0.01608,0.00685,0.01238,0.01384,0.06685,0.07456,0.10141,71.48018,0.6839,0.06314,0.04277,0.01868,0.03771,-0.01498,0.01907,0.02009,0.04995,0.10788,0.12395,97.49276,0.83925,-0.00499,-0.00295,-0.02031,-0.0071,-0.03837,-0.0138,-0.02675,0.05405,-7e-05,0.07294,95.26832,0.71141,0.02166,0.01359,0.0514,0.03783,0.03138,0.03714,0.07044,0.14713,0.19019,0.21412,109.69355,0.82243,-0.02023,0.00177,-0.03996,0.00859,-0.12589,-0.0251,-0.1987,-0.02312,-0.02965,0.09625
2020-11-02,126.3272,0.87985,0.03525,0.03431,0.03109,0.03696,-0.03389,0.12015,0.04175,0.18798,0.23548,0.32158,95.32819,0.85146,0.01172,0.00848,0.00052,0.00273,-0.00971,0.14854,0.01834,0.07438,0.06337,0.10066,92.08034,0.76353,0.01682,0.01072,0.00524,0.01114,-0.0244,0.23647,0.02207,0.07069,0.08985,0.11933,72.90472,0.69888,0.01643,0.01857,-0.03443,-0.0165,-0.07609,0.30112,0.01749,0.03334,0.11941,0.13488,96.86313,0.83623,-0.00642,-0.00343,-0.02728,-0.01296,-0.05389,0.16377,-0.01725,0.05139,0.01284,0.08183,95.93247,0.71628,0.02687,0.01384,0.04478,0.03481,-0.00331,0.28372,0.08369,0.15089,0.19659,0.21729,108.78323,0.82516,-0.03152,-0.00912,-0.06086,-0.00864,-0.15414,0.17484,-0.21411,-0.0557,-0.00546,0.11757
2020-11-09,127.82763,0.89289,0.0272,0.02485,0.02645,0.04847,-0.03402,0.19187,0.05789,0.18713,0.22471,0.30945,96.2637,0.85752,-0.00189,0.00288,-0.009,-0.00148,-0.01068,0.07466,0.01574,0.06718,0.06403,0.09972,93.23778,0.76975,0.00253,0.01094,-0.00524,0.00696,-0.02456,0.06178,0.01628,0.05925,0.09988,0.12465,75.99363,0.72667,-0.04183,-0.00507,-0.07498,-0.03835,-0.0649,0.0382,-0.01344,0.00122,0.05057,0.08203,97.00609,0.8363,-0.01539,-0.00415,-0.02885,-0.0114,-0.03898,0.06151,-0.01855,0.04461,0.02189,0.08718,97.33187,0.725,0.02911,0.02425,0.02877,0.03007,0.00828,0.1285,0.07979,0.13694,0.19592,0.21305,107.47476,0.8242,-0.02014,0.00682,-0.06978,-0.01566,-0.1459,0.05792,-0.1954,-0.06095,0.00263,0.11017
2020-11-16,130.78011,0.91416,-0.00402,0.00265,-0.0034,0.03502,-0.05543,0.15284,0.05204,0.16981,0.17334,0.26539,96.44542,0.85994,-0.01107,-0.00575,-0.00705,-0.00273,-0.0077,0.06913,0.01383,0.06298,0.06603,0.09831,93.62877,0.77425,-0.01138,0.00042,-0.01621,-0.00388,-0.0131,0.05834,0.01544,0.05337,0.1111,0.12926,74.10246,0.71745,-0.05004,-0.03507,-0.05768,-0.02766,-0.05561,0.03028,0.01555,0.01345,0.07786,0.0938,96.24125,0.8328,-0.02099,-0.00953,-0.02281,-0.01029,-0.02306,0.05952,-0.01309,0.04576,0.03873,0.09455,98.50987,0.73012,0.01744,0.02097,0.00871,0.02254,-0.00138,0.11242,0.06219,0.11925,0.20263,0.22413,105.35415,0.81604,-0.03029,0.00048,-0.07106,-0.01322,-0.1522,0.03804,-0.15694,-0.04018,0.03977,0.11979
2020-11-23,131.30495,0.91774,-0.00073,0.02362,-0.0262,0.03434,-0.03603,0.15256,0.04024,0.1548,0.16553,0.27003,96.08216,0.8604,-0.00712,-0.00436,-0.00023,-0.00037,-0.00618,0.06299,0.01832,0.061,0.07461,0.10122,93.47365,0.78069,-0.00775,-0.00398,-0.0093,-0.0037,-0.01337,0.04659,0.01577,0.04724,0.12223,0.1312,72.81509,0.7216,-0.0346,-0.03328,-0.03304,-0.01864,-0.04813,0.01719,0.03157,0.01578,0.0979,0.09058,95.51275,0.83215,-0.01366,-0.00725,-0.01843,-0.0067,-0.02114,0.05377,-0.00899,0.04314,0.05158,0.09749,100.16518,0.74924,-0.00033,0.00583,-0.01904,-0.00069,-0.00301,0.09871,0.05207,0.10672,0.1948,0.21496,105.31056,0.83102,-0.05066,-0.02248,-0.08951,-0.03369,-0.16275,0.00075,-0.15599,-0.05987,0.06337,0.11719
2020-11-30,130.25483,0.91681,0.00062,0.03237,-0.06303,0.08319,-0.00393,0.15404,0.05839,0.16343,0.17675,0.28341,95.3776,0.85419,0.00407,0.00302,-0.01022,0.14581,0.01073,0.07262,0.02555,0.06639,0.08968,0.11091,92.5632,0.77467,-0.00489,-0.0043,-0.02949,0.22533,0.00739,0.05679,0.02457,0.05685,0.14645,0.14714,70.39444,0.68238,-0.00805,0.0074,-0.04315,0.31762,0.03583,0.05147,0.04898,0.04733,0.15761,0.15252,94.22113,0.82327,-0.00186,-0.00076,-0.02736,0.17673,0.00704,0.07003,-4e-05,0.04984,0.08627,0.1204,100.22826,0.75108,-0.00859,0.00157,-0.04602,0.24892,0.01747,0.10745,0.04115,0.10133,0.2062,0.217,102.16296,0.81652,-0.04205,-0.01369,-0.09933,0.18348,-0.13963,-0.0172,-0.11974,-0.04015,0.14477,0.15708
2020-12-07,131.20923,0.94136,-0.02549,0.01072,-0.05891,0.1434,0.00299,0.12647,0.05582,0.14509,0.19085,0.27177,95.39762,0.85605,0.00694,0.00399,-0.0017,0.07614,0.0176,0.0698,0.03133,0.0673,0.09838,0.11618,92.74949,0.77671,-0.00156,0.00028,-0.01943,0.05482,0.0147,0.05751,0.03002,0.05801,0.16472,0.15627,70.29557,0.68832,0.00162,0.01464,0.01089,0.07655,0.05525,0.04389,0.03613,0.03369,0.19258,0.16321,94.20766,0.8249,-0.00484,0.00055,-0.01043,0.07291,0.01045,0.06272,-0.00334,0.04848,0.1014,0.13382,100.13259,0.75507,-0.01872,-0.00652,-0.01992,0.09843,0.03823,0.1121,0.06209,0.11594,0.23994,0.23104,99.97568,0.80854,-0.04093,-0.01121,-0.08183,0.07358,-0.14488,-0.03908,-0.0717,-0.01162,0.21504,0.19332
2020-12-14,130.33533,0.94918,-0.06361,0.05082,-0.0522,0.11782,0.03754,0.13084,0.10596,0.16669,0.18471,0.25013,95.76561,0.85721,-0.01423,0.14279,-0.00065,0.07186,0.02102,0.0675,0.02886,0.06478,0.09587,0.11653,92.1109,0.77037,-0.02473,0.22963,0.00316,0.06223,0.02872,0.05863,0.04541,0.06919,0.17707,0.16355,69.82792,0.68978,-0.03538,0.31022,0.0022,0.05794,0.07367,0.03811,0.08292,0.05507,0.20121,0.15382,94.04575,0.82251,-0.02555,0.17749,-0.00026,0.06982,0.01235,0.0584,-0.00097,0.05381,0.10181,0.13206,99.36749,0.75266,-0.03776,0.24734,-0.01,0.08988,0.05767,0.10928,0.08622,0.13202,0.25708,0.23114,97.86735,0.80282,-0.0598,0.19718,-0.08734,0.05126,-0.11641,-0.03957,-0.01015,0.02812,0.26091,0.20881
2020-12-21,127.86496,0.95208,-0.0343,0.13268,-0.0101,0.11822,0.07603,0.13189,0.10351,0.15665,0.22618,0.26921,96.06004,0.86004,-0.00858,0.07215,-0.00596,0.06335,0.01789,0.06289,0.03126,0.06854,0.10187,0.12073,92.60478,0.77699,-0.0179,0.05454,-0.00412,0.05029,0.02666,0.05064,0.03981,0.06367,0.18761,0.16772,70.40938,0.70296,0.00926,0.06191,-0.01561,0.03583,0.06882,0.02794,0.08551,0.06564,0.18687,0.14226,93.7521,0.82545,-0.00563,0.07236,-0.00276,0.06047,0.01311,0.05311,0.00028,0.05232,0.12297,0.14215,98.25802,0.74855,-0.00122,0.10494,0.01634,0.0994,0.06491,0.10081,0.11526,0.15185,0.29448,0.25019,95.88383,0.79733,-0.04265,0.08479,-0.08044,0.03444,-0.07367,-0.02146,0.02032,0.05391,0.29306,0.20433
2020-12-28,122.04535,1.0,0.01218,0.06701,0.06308,0.07085,0.11916,0.07254,0.18911,0.12859,0.26148,0.19722,94.4024,1.0,0.01378,-0.07093,0.02117,-0.07319,0.03644,-0.0786,0.05293,-0.06958,0.12112,-0.02583,89.83341,1.0,0.02859,-0.1674,0.038,-0.16854,0.05693,-0.17207,0.07229,-0.15612,0.23094,-0.04979,67.35712,1.0,0.03896,-0.25227,0.08254,-0.26615,0.11516,-0.26262,0.15111,-0.2147,0.26276,-0.14109,91.64294,1.0,0.02595,-0.10768,0.03537,-0.1067,0.03286,-0.12472,0.02404,-0.12238,0.14789,-0.03679,95.61538,1.0,0.02885,-0.15746,0.06656,-0.14147,0.10213,-0.14404,0.14675,-0.09664,0.33917,-0.00321,92.01532,1.0,-0.0293,-0.14592,-0.04475,-0.20069,-0.03404,-0.22885,0.08357,-0.13517,0.35127,-0.00405
2021-01-04,123.47924,1.08476,0.02506,-0.01446,0.06577,-0.01693,0.11647,-0.00452,0.21112,0.07154,0.24842,0.11541,95.23569,0.93219,0.00265,-0.0088,0.01933,-0.00634,0.02708,-0.01161,0.0392,-0.00622,0.12518,0.05098,90.94746,0.83153,0.01403,-0.00425,0.0348,0.00269,0.04277,-0.0,0.05734,0.0092,0.23019,0.12866,71.06131,0.76487,-0.02464,-0.02608,0.04388,-0.03265,0.03914,-0.03516,0.07348,0.01072,0.2354,0.11084,93.22461,0.89781,0.00288,-0.0119,0.02111,-0.01019,0.01065,-0.0247,0.00955,-0.01897,0.14464,0.07594,98.1379,0.8535,0.01758,-0.00554,0.05934,0.01367,0.06333,-0.00108,0.11834,0.05181,0.33582,0.16486,91.79453,0.88212,-0.03948,-0.05035,-0.06867,-0.11266,-0.02032,-0.10575,0.07849,-0.02611,0.37682,0.14576
2021-01-11,123.53138,1.06701,0.05029,0.00385,0.09468,0.01301,0.12144,0.01944,0.22895,0.10224,0.2629,0.12948,95.70294,0.92907,0.00729,-0.00226,0.02169,-0.00436,0.02804,-0.00572,0.04267,0.00556,0.12764,0.05881,92.4019,0.8326,0.00915,-0.00114,0.02548,-0.0036,0.03389,0.00212,0.05457,0.01699,0.21948,0.13299,69.98153,0.74773,0.04194,-0.01388,0.07132,-0.01983,0.04078,-0.02571,0.09374,0.02805,0.27323,0.13408,94.0215,0.89232,0.00918,0.00097,0.01261,-0.01141,-0.00136,-0.01894,0.00931,-0.0068,0.14919,0.09055,98.37361,0.84254,0.03665,0.01599,0.06835,0.01939,0.08108,0.02847,0.14305,0.08138,0.32591,0.16763,89.31941,0.85408,-0.01591,-0.05477,-0.03185,-0.09083,0.03906,-0.05716,0.11316,0.00316,0.43422,0.16775
2021-01-18,126.57377,1.0703,0.03972,-0.00247,0.08701,0.01367,0.13883,0.04557,0.21648,0.11129,0.17767,0.07435,95.48791,0.92339,0.01664,0.00245,0.02399,-0.00047,0.03185,-0.0014,0.05098,0.0164,0.13108,0.06554,92.2236,0.82728,0.02048,0.00694,0.03091,0.00035,0.04413,0.01228,0.06711,0.03101,0.23128,0.14482,69.31032,0.73879,0.07025,-0.00657,0.08577,-0.00789,0.091,0.00606,0.11507,0.04444,0.31032,0.15891,93.49316,0.88592,0.01817,0.00171,0.01592,-0.00736,0.00493,-0.0096,0.0321,0.01602,0.15727,0.096,99.86353,0.84796,0.04103,0.01921,0.04779,0.00141,0.08083,0.03672,0.11864,0.07193,0.30264,0.15639,88.17079,0.83177,-0.03039,-0.06231,0.00736,-0.05591,0.0987,-0.00082,0.15351,0.05056,0.4167,0.16521
2021-01-25,129.74339,1.07085,0.04227,0.00917,0.05276,0.00169,0.08753,0.03789,0.20593,0.12425,0.14785,0.06276,96.40107,0.92681,0.01429,-0.00211,0.01496,-0.00541,0.02761,0.00176,0.04241,0.01542,0.12431,0.06615,93.24731,0.83146,0.01618,-0.00246,0.01823,-0.00353,0.03264,0.0092,0.05989,0.03457,0.22531,0.14447,72.91656,0.73385,0.02819,-0.00596,0.03013,0.00353,0.04818,0.03476,0.08605,0.074,0.25702,0.16804,94.88463,0.8933,0.0034,-0.01239,-0.00243,-0.01801,-0.01166,-0.01553,0.02741,0.01889,0.14549,0.09244,101.97912,0.85853,0.03058,0.0034,0.03336,-0.00257,0.07457,0.04186,0.11187,0.067,0.28756,0.15008,87.89798,0.79931,-0.0162,-0.03606,0.01121,-0.02816,0.11303,0.05192,0.21097,0.11936,0.45884,0.21236
2021-02-01,131.60089,1.06783,0.04548,0.01614,0.04757,0.01241,0.10276,0.06076,0.18597,0.1336,0.11224,0.05529,97.07653,0.92584,0.00724,-0.00292,0.0076,-0.00527,0.02393,0.00458,0.04421,0.02628,0.11598,0.07346,94.11251,0.83422,0.01022,-0.00659,0.0077,-0.00269,0.02354,0.00966,0.06632,0.04864,0.21821,0.15027,74.17963,0.73222,0.0145,-0.00132,-0.00454,-0.00251,0.04524,0.05308,0.10017,0.10154,0.2605,0.19858,95.19232,0.88763,-0.00222,-0.00907,-0.01024,-0.01451,-0.01414,-0.01001,0.03061,0.03044,0.15035,0.10197,103.96104,0.86717,0.0065,-0.0178,0.00377,-0.01475,0.05469,0.03619,0.10418,0.06639,0.27712,0.15726,85.49139,0.76946,0.03894,0.0064,0.05191,0.0069,0.16626,0.09537,0.2655,0.17327,0.52625,0.26511
2021-02-08,135.22751,1.08002,0.01007,-0.00748,0.02444,0.00643,0.1059,0.07628,0.15769,0.12232,0.09949,0.0509,97.77895,0.92471,0.00065,-0.0033,0.00621,-0.00136,0.01217,0.00126,0.04754,0.03254,0.10407,0.0719,94.75594,0.829,0.00202,-0.00107,0.00821,0.00572,0.01485,0.01174,0.08226,0.0654,0.22143,0.16297,74.97239,0.72789,0.00188,0.00949,-0.0285,-0.00588,0.01748,0.0477,0.06488,0.08081,0.27835,0.22363,95.2069,0.88091,-0.00581,-0.00563,-0.0138,-0.00752,-0.01147,-0.00206,0.0412,0.04257,0.15557,0.11009,105.09762,0.86193,0.0027,-0.00597,0.01191,0.00907,0.04428,0.04337,0.10755,0.07611,0.29079,0.18095,86.47441,0.76325,0.02786,0.0079,0.07324,0.03367,0.14484,0.09276,0.24612,0.17112,0.55858,0.29209
2021-02-15,137.58639,1.08397,0.002,-0.00373,0.04768,0.0319,0.10341,0.08527,0.11529,0.09559,0.08113,0.04223,97.77895,0.92292,0.00036,-0.00235,0.00767,-0.00093,0.02053,0.0117,0.05149,0.03533,0.11453,0.08246,95.07399,0.82763,-0.00249,0.0039,0.01283,0.01193,0.02493,0.02196,0.09421,0.07588,0.23459,0.17298,75.25499,0.7309,-0.01877,-0.00119,0.00482,0.01395,0.0171,0.04487,0.06135,0.08035,0.24875,0.19778,94.98137,0.87856,-0.00804,-0.00545,-0.01082,-0.00224,-0.00089,0.00697,0.05251,0.04879,0.17431,0.11813,104.63635,0.84937,-0.00271,0.00305,0.03153,0.03531,0.07463,0.07455,0.13221,0.10488,0.31981,0.20756,88.82012,0.77586,0.01249,0.0005,0.09067,0.05508,0.11942,0.08139,0.23332,0.15997,0.53894,0.27361
2021-02-22,136.58873,1.07254,0.01423,0.01391,0.03303,0.0362,0.12728,0.10905,0.12044,0.11523,0.11762,0.0504,97.84281,0.9214,0.00555,0.00195,0.01247,0.00717,0.02569,0.01839,0.05528,0.04022,0.1308,0.09233,94.94742,0.82793,0.00617,0.00679,0.01415,0.01273,0.03649,0.03036,0.10481,0.08396,0.25075,0.17746,75.11369,0.73738,-0.03033,-0.01537,0.01752,0.03122,0.02892,0.04585,0.0643,0.0748,0.26167,0.19104,94.65405,0.87528,-0.00804,-0.0019,-0.00925,0.00249,0.01944,0.02665,0.06112,0.05435,0.19115,0.1225,105.38097,0.85596,0.00919,0.01505,0.03988,0.04444,0.06007,0.06393,0.13566,0.10824,0.34315,0.21477,88.88352,0.77115,0.04415,0.02577,0.10068,0.08009,0.14426,0.11118,0.2599,0.17706,0.58571,0.27946
2021-03-01,137.86102,1.08024,0.04559,0.03562,0.05269,0.04834,0.13492,0.11486,0.11182,0.11997,0.11075,0.02501,97.81442,0.92058,0.00731,0.00141,0.0162,0.00985,0.02735,0.02166,0.06253,0.04452,0.13395,0.08746,94.83702,0.83153,0.01536,0.00804,0.01572,0.01235,0.04213,0.0345,0.11897,0.09029,0.25638,0.17202,73.84249,0.72971,0.02404,0.01514,0.05001,0.05559,0.07243,0.07814,0.10355,0.10519,0.28928,0.19438,94.21756,0.87311,-0.0028,0.00321,-0.00395,0.0045,0.03469,0.03907,0.08631,0.07056,0.20067,0.11892,104.35269,0.85241,0.03433,0.03226,0.05073,0.05095,0.08658,0.07312,0.15853,0.11567,0.38361,0.22759,89.92958,0.77637,0.07722,0.05458,0.10871,0.08846,0.18361,0.14231,0.3005,0.19723,0.5957,0.25474
2021-03-08,138.53269,1.08645,0.01854,0.02229,0.07952,0.06986,0.12663,0.11499,0.1279,0.12669,0.14629,0.03013,98.38621,0.92335,0.00687,0.00522,0.00593,0.00261,0.03031,0.02877,0.06502,0.04888,0.13997,0.09102,95.53351,0.83472,0.00793,0.00594,0.00659,0.00601,0.05046,0.04814,0.13078,0.09826,0.26585,0.17672,72.83533,0.72201,0.04935,0.0466,0.04733,0.05358,0.12048,0.11175,0.15099,0.12952,0.34899,0.21269,93.89325,0.87339,-0.00122,0.00438,0.00236,0.00546,0.04487,0.04468,0.10509,0.08534,0.21638,0.12003,106.34972,0.87101,0.03041,0.02939,0.03198,0.0343,0.07938,0.06256,0.16746,0.1151,0.37674,0.21944,92.80782,0.79692,0.05414,0.05432,0.06672,0.05909,0.16574,0.14581,0.30888,0.20493,0.56774,0.24007
2021-03-15,144.14605,1.11587,0.00679,0.01272,0.0532,0.05337,0.08607,0.08647,0.0712,0.08344,0.14477,0.01634,98.52928,0.92199,0.00883,0.00843,0.01276,0.01263,0.03957,0.03525,0.06513,0.05175,0.15305,0.10179,96.2938,0.83956,0.00035,0.00432,0.01195,0.01003,0.06497,0.05484,0.12594,0.09436,0.26567,0.17258,75.61774,0.74485,0.02536,0.04045,0.01222,0.03092,0.05579,0.06385,0.10923,0.09876,0.30198,0.18303,93.95408,0.87632,-0.00115,0.0013,0.01003,0.00921,0.05508,0.04716,0.10288,0.07825,0.22726,0.12091,107.93513,0.88467,0.01586,0.01869,0.04179,0.03924,0.07843,0.05337,0.1573,0.09913,0.35306,0.19521,96.87351,0.83095,0.02923,0.03388,0.02636,0.0263,0.11235,0.10342,0.27385,0.18068,0.49216,0.19312
2021-03-22,141.10042,1.10874,0.05987,0.04756,0.09124,0.07285,0.08752,0.07082,0.11116,0.11256,0.17889,0.03574,99.06254,0.92857,-0.00094,-0.00261,0.01306,0.01122,0.03787,0.02968,0.06848,0.05219,0.15528,0.10178,96.29094,0.84066,-0.00133,7e-05,0.02203,0.01763,0.08038,0.06285,0.14215,0.10405,0.27977,0.18184,76.43004,0.76861,-0.00193,0.00699,0.0112,0.01462,0.04504,0.04264,0.09338,0.07661,0.29853,0.17004,93.77851,0.87777,0.00358,0.00108,0.02896,0.02416,0.06601,0.04958,0.12265,0.08983,0.24013,0.12701,109.58348,0.9004,0.00153,0.00491,0.01941,0.01949,0.0811,0.05385,0.16069,0.09835,0.35498,0.19774,97.83265,0.85124,0.01193,0.00477,0.03959,0.03109,0.1197,0.0846,0.2673,0.15042,0.47199,0.17573
2021-03-29,145.12474,1.12859,0.0461,0.04065,0.07811,0.06652,0.05454,0.05918,0.06086,0.06863,0.13113,-0.00101,99.39922,0.93042,0.0039,0.0042,0.01097,0.01181,0.03875,0.03119,0.06477,0.04375,0.15766,0.10415,96.3279,0.84388,0.01159,0.00571,0.026,0.02215,0.08898,0.06801,0.14795,0.10633,0.27603,0.17856,77.53523,0.7853,-0.01282,-0.00953,0.02136,0.02254,0.03106,0.02688,0.097,0.07361,0.27158,0.14348,93.84586,0.87762,0.0112,0.00791,0.03879,0.03457,0.07026,0.05202,0.12095,0.0856,0.24161,0.12827,109.64673,0.90336,0.02553,0.02056,0.03412,0.02217,0.09148,0.06084,0.1678,0.09343,0.34269,0.18533,99.70548,0.86483,-0.00279,-0.00758,0.06756,0.05385,0.12315,0.08339,0.24705,0.13112,0.44626,0.1588
2021-04-05,149.54841,1.1563,0.02959,0.02529,0.04364,0.04513,0.02493,0.04391,0.0308,0.04387,0.12893,0.00312,98.96917,0.92596,0.01401,0.01383,0.02425,0.02616,0.05013,0.03914,0.08273,0.05721,0.17593,0.11891,96.16277,0.84073,0.02339,0.01756,0.04358,0.04213,0.10354,0.08109,0.16347,0.11946,0.30558,0.20231,76.28256,0.7756,0.01315,0.00764,0.06984,0.05817,0.06825,0.0593,0.15084,0.10011,0.30922,0.15114,94.11445,0.87885,0.02529,0.02309,0.04242,0.03922,0.0875,0.06483,0.13381,0.09491,0.26015,0.14161,109.75106,0.9053,0.01786,0.01458,0.04593,0.02826,0.10154,0.06278,0.19447,0.11305,0.36793,0.20201,98.99954,0.85601,0.02734,0.02632,0.09283,0.08672,0.18135,0.11759,0.27661,0.17187,0.47692,0.18113
2021-04-12,151.81429,1.16924,0.03061,0.02586,0.03121,0.0331,0.02922,0.04389,0.02762,0.02724,0.11524,-0.00455,99.78664,0.93463,0.00704,0.00761,0.02647,0.02262,0.05007,0.0376,0.08149,0.05326,0.17026,0.11262,97.44412,0.84959,0.01425,0.01644,0.0524,0.04481,0.10861,0.08339,0.15638,0.116,0.30527,0.19885,76.54147,0.77577,0.03462,0.03207,0.04305,0.03293,0.09526,0.07576,0.16411,0.10604,0.30216,0.15156,94.89647,0.88553,0.02729,0.02666,0.04461,0.03795,0.09341,0.0732,0.13859,0.09734,0.26157,0.14419,112.44584,0.92392,0.00838,0.00161,0.03517,0.01412,0.10416,0.06219,0.15997,0.08625,0.33749,0.18619,99.42687,0.85725,0.07055,0.06143,0.08379,0.07712,0.22174,0.14461,0.28843,0.16458,0.48723,0.19095
2021-04-19,153.97404,1.18159,0.01365,0.01984,-0.00341,-0.00203,0.00283,0.01772,-0.0319,-0.03694,0.12103,0.00065,100.35611,0.93979,0.01009,0.01232,0.02449,0.01846,0.04574,0.03394,0.07621,0.04913,0.16043,0.10403,98.41234,0.85829,0.01973,0.02457,0.0571,0.04522,0.1017,0.07563,0.15385,0.11381,0.29326,0.18983,77.28585,0.78323,0.05596,0.05053,0.03346,0.02801,0.08529,0.06037,0.1751,0.11447,0.28101,0.13841,96.49451,0.90193,0.0167,0.01613,0.03601,0.02542,0.07385,0.05264,0.12127,0.07998,0.24777,0.13021,111.7109,0.91989,0.02758,0.01368,0.06051,0.03436,0.11818,0.06392,0.16449,0.08446,0.34237,0.19057,101.706,0.88233,0.06375,0.0604,0.07706,0.0535,0.21332,0.1293,0.22817,0.11465,0.47685,0.19129
2021-04-26,156.4609,1.19511,0.00058,0.00723,-0.02187,-0.00734,0.00207,0.02619,-0.04816,-0.06149,0.09677,-0.01931,100.48924,0.94223,0.01929,0.01501,0.02748,0.01938,0.05331,0.03853,0.07857,0.05073,0.16601,0.1039,98.83222,0.86602,0.03762,0.02837,0.06139,0.04587,0.11278,0.07868,0.15607,0.1099,0.29249,0.18648,79.19126,0.80785,0.00815,0.00085,0.0095,0.00434,0.05526,0.03737,0.15742,0.09404,0.23351,0.11899,97.48577,0.91219,0.01686,0.01129,0.0303,0.01745,0.07996,0.05541,0.11493,0.07355,0.23067,0.11342,113.38785,0.92553,0.02657,0.01251,0.05547,0.03867,0.12175,0.07322,0.15801,0.08308,0.31119,0.17623,106.44159,0.91868,0.01236,0.01569,0.05208,0.02954,0.1648,0.08298,0.20469,0.093,0.40001,0.17682
2021-05-03,156.07522,1.20143,-0.01683,-0.02187,-0.01793,-0.00121,-0.01357,-0.00422,-0.06217,-0.07831,0.10007,-0.01042,101.36868,0.95212,0.01426,0.00614,0.02528,0.01298,0.04408,0.02206,0.06873,0.04719,0.14682,0.09002,100.35398,0.88286,0.03664,0.02065,0.05745,0.03896,0.1019,0.06735,0.14245,0.10163,0.26991,0.17659,81.61046,0.83376,-0.0213,-0.02252,-0.00149,0.00113,0.04222,0.02515,0.14573,0.09704,0.22014,0.11895,98.10644,0.91807,0.01899,0.00928,0.04325,0.02561,0.07226,0.04515,0.11618,0.07153,0.21417,0.10734,114.79155,0.93356,0.03205,0.02068,0.05317,0.03452,0.11546,0.06323,0.15662,0.09087,0.29175,0.17372,108.18961,0.94273,0.01252,-0.0069,0.08101,0.03087,0.14926,0.05322,0.20605,0.09184,0.37335,0.17127
2021-05-10,156.55215,1.20234,-0.02244,-0.01457,-0.00193,0.01079,-0.01532,-0.00216,-0.05027,-0.07142,0.08786,-0.01618,102.42769,0.95724,0.00804,0.00438,0.023,0.01499,0.04617,0.02592,0.05396,0.03936,0.1435,0.08892,102.55049,0.8944,0.0229,0.01749,0.05341,0.03858,0.091,0.06579,0.1286,0.09757,0.25437,0.17225,79.83632,0.8087,0.00135,0.00348,0.05006,0.04283,0.09961,0.06701,0.20047,0.14282,0.22725,0.13055,99.12951,0.92348,0.01322,0.00616,0.04672,0.03525,0.07645,0.05027,0.10984,0.06752,0.2053,0.10802,116.40102,0.93804,0.02815,0.02616,0.06664,0.04807,0.12623,0.08031,0.16545,0.10484,0.27628,0.17118,107.75759,0.93437,0.03923,0.01384,0.12729,0.06749,0.17286,0.09351,0.25075,0.12097,0.35948,0.17685
2021-05-17,153.44921,1.17956,-0.00112,0.02066,0.00626,0.01975,0.01667,0.01693,-0.03063,-0.05336,0.11749,0.01824,102.81401,0.95825,0.01086,0.00685,0.02074,0.01548,0.04964,0.02963,0.05995,0.04713,0.14469,0.09014,104.03128,0.90351,0.02007,0.01831,0.0422,0.03041,0.08316,0.06207,0.12829,0.0971,0.23834,0.16005,79.87216,0.81124,0.02025,0.02365,0.05015,0.03236,0.11556,0.07056,0.17657,0.11743,0.24672,0.14095,99.96903,0.92735,0.02381,0.01633,0.03652,0.02722,0.08082,0.05552,0.11572,0.06935,0.19608,0.10349,118.4706,0.95425,0.02047,0.01384,0.05438,0.02956,0.10098,0.05592,0.16569,0.10268,0.24841,0.14741,109.54363,0.93583,0.06764,0.03776,0.12651,0.07579,0.16943,0.086,0.2478,0.11364,0.32498,0.17724
2021-05-24,153.03954,1.18777,0.02098,0.02536,0.02448,0.03353,-0.02599,-0.04312,-0.00252,-0.06483,0.10635,-0.00425,103.25116,0.96162,0.01484,0.01061,0.02513,0.01915,0.04603,0.02731,0.07157,0.05211,0.14605,0.09346,104.89922,0.91189,0.02982,0.02109,0.04842,0.03282,0.0825,0.0602,0.13209,0.0935,0.23489,0.15931,79.94382,0.81218,0.04865,0.03935,0.04532,0.03303,0.13603,0.08552,0.18544,0.11624,0.23172,0.14117,100.43966,0.92964,0.03306,0.02909,0.0482,0.03796,0.07723,0.05228,0.12254,0.06815,0.20118,0.11435,119.67743,0.9642,0.03744,0.02191,0.0628,0.03455,0.08697,0.04015,0.1827,0.10653,0.26683,0.15949,111.98455,0.94821,0.08474,0.05364,0.10715,0.05344,0.11544,0.04877,0.2586,0.1024,0.33152,0.20674
2021-05-31,153.27718,1.20022,0.00739,-0.00091,0.00444,-0.003,-0.02838,-0.0666,-0.00097,-0.09496,0.10558,-0.0158,103.93086,0.9651,0.00977,0.00864,0.01834,0.00907,0.04285,0.02786,0.06721,0.04293,0.13318,0.08953,106.11942,0.92182,0.02169,0.01211,0.04203,0.0284,0.07668,0.05411,0.1228,0.08173,0.21365,0.15385,81.48918,0.8349,0.02931,0.00871,0.04377,0.02402,0.12478,0.06699,0.1683,0.0892,0.19537,0.13044,102.34951,0.94368,0.01242,0.01089,0.02781,0.01954,0.06195,0.04206,0.10527,0.04836,0.16411,0.09438,120.89552,0.96809,0.03323,0.01572,0.05914,0.02871,0.08609,0.04053,0.19428,0.11192,0.25577,0.16751,116.95356,0.9736,0.05514,0.03803,0.06314,0.02235,0.09641,0.03808,0.22698,0.05751,0.21965,0.15201
2021-06-07,156.25036,1.21313,0.00342,0.00816,-0.01342,-0.01296,-0.06323,-0.09001,0.01631,-0.09656,0.09653,-0.00719,104.78317,0.97223,0.01014,0.00854,0.02265,0.01094,0.0339,0.02708,0.07037,0.04214,0.13502,0.0929,108.02729,0.93298,0.01807,0.01173,0.03569,0.02721,0.0613,0.05151,0.11945,0.07846,0.2019,0.15365,83.83289,0.85153,-0.00317,-0.00631,0.04719,0.02418,0.11536,0.07927,0.17203,0.08317,0.19109,0.11641,103.76045,0.95873,0.01465,0.00887,0.02841,0.01503,0.05535,0.03087,0.1007,0.03469,0.15664,0.08991,124.15856,0.98611,0.02444,0.01264,0.05586,0.03225,0.06936,0.03832,0.17926,0.10434,0.23845,0.16616,121.47413,1.00185,0.02066,-0.0002,0.04042,0.02603,0.07415,0.03272,0.19778,0.03514,0.15283,0.11738
2021-06-14,154.40988,1.19931,-0.00293,-0.00209,0.01034,-0.00282,-0.0371,-0.06839,0.06868,-0.0671,0.06953,-0.01447,104.94672,0.97374,0.00848,0.00044,0.02831,0.01414,0.02866,0.02287,0.08254,0.05004,0.13792,0.09788,108.4209,0.93392,0.01991,0.01629,0.0393,0.03166,0.06749,0.05805,0.1241,0.07822,0.20048,0.15605,83.87767,0.84361,0.01405,0.01531,0.06229,0.0382,0.14263,0.10792,0.17377,0.08427,0.18742,0.13165,103.62021,0.95457,0.01521,0.00864,0.04273,0.0283,0.06174,0.03643,0.11278,0.04266,0.14752,0.0866,124.91332,0.9838,0.02508,0.01299,0.0442,0.02637,0.08603,0.05908,0.16915,0.09608,0.20861,0.15463,123.40229,1.01163,0.00758,-0.01568,0.0381,0.0102,0.09218,0.04371,0.17138,0.01244,0.10818,0.09433
2021-06-21,156.78542,1.2213,-0.01678,-0.02112,-0.04926,-0.07664,-0.05126,-0.0951,0.06095,-0.07682,0.01814,-0.05878,105.84593,0.98077,0.01239,0.0024,0.02039,0.00816,0.02959,0.02462,0.08124,0.04959,0.13802,0.09744,109.97882,0.94471,0.01731,0.01549,0.0325,0.02739,0.06727,0.0559,0.12049,0.07779,0.19991,0.15898,83.56702,0.84522,0.05052,0.03049,0.08678,0.05248,0.12454,0.08346,0.18763,0.09343,0.23675,0.17572,105.28083,0.9676,0.01356,0.00616,0.02769,0.01432,0.05943,0.0291,0.10464,0.03719,0.1382,0.08042,127.1926,0.99875,0.03068,0.01961,0.02275,0.0056,0.08576,0.05818,0.16739,0.09939,0.18859,0.14636,123.98355,1.00165,0.01936,0.02623,0.00749,-0.00467,0.10248,0.04782,0.16151,0.02531,0.08047,0.09725
2021-06-28,153.9574,1.19722,0.01331,-0.00073,-0.03268,-0.0636,-0.00846,-0.07428,0.06624,-0.06964,-0.02297,-0.07718,105.83688,0.97417,0.01967,0.01371,0.02407,0.01879,0.04539,0.03955,0.08724,0.0604,0.13116,0.09767,110.57969,0.95021,0.01901,0.01537,0.03325,0.02571,0.07394,0.05518,0.11157,0.07223,0.18431,0.1486,85.05619,0.85891,0.04757,0.0229,0.07761,0.04298,0.11419,0.06951,0.15914,0.06987,0.20249,0.16224,105.19608,0.96321,0.02711,0.01966,0.03321,0.02252,0.07178,0.03457,0.10764,0.04268,0.12684,0.08048,128.04564,0.99679,0.01865,0.01338,0.02545,0.01182,0.10541,0.07393,0.14976,0.0919,0.16932,0.14386,124.33796,0.99595,0.03029,0.02588,0.03129,0.01573,0.13355,0.05466,0.15974,0.02768,0.05105,0.09077
2021-07-05,154.15394,1.20018,-0.03303,-0.05552,-0.05049,-0.07705,-0.00665,-0.09492,0.09521,-0.04075,-0.0331,0.10924,107.15703,0.98317,0.00791,0.00576,0.011,0.01614,0.03508,0.02487,0.08608,0.0617,0.11226,0.18345,111.88286,0.96019,0.01493,0.0119,0.02473,0.0243,0.06496,0.04336,0.12214,0.08285,0.17232,0.23902,87.78909,0.87571,0.03451,0.02199,0.06509,0.05509,0.08446,0.04839,0.13762,0.05103,0.16172,0.22202,106.70829,0.97375,0.01395,0.00816,0.0262,0.01584,0.06013,0.01828,0.11143,0.0467,0.11458,0.17167,131.09434,1.01836,-0.00769,-0.01401,0.01279,0.00607,0.10137,0.06165,0.14522,0.08896,0.13547,0.27621,126.38411,1.02788,-0.01165,-0.0309,0.03242,0.00669,0.13543,0.00322,0.15691,0.00926,-0.02288,0.15885
2021-07-12,156.00723,1.19649,-0.04539,-0.06287,-0.04696,-0.06557,0.01789,-0.07991,0.08527,-0.0318,0.00116,0.1526,107.91818,0.98788,0.00432,0.00508,0.00034,0.00872,0.03928,0.02649,0.08208,0.05936,0.11981,0.18529,112.68202,0.96558,0.01397,0.01034,0.02712,0.02639,0.07321,0.04586,0.12876,0.08285,0.17971,0.23221,89.10254,0.88181,0.02868,0.02008,0.07563,0.06972,0.10271,0.0529,0.11859,0.04553,0.16509,0.22739,108.04813,0.98287,0.00594,0.00287,0.01823,0.00813,0.05703,0.01055,0.10801,0.04684,0.1183,0.16389,130.4342,1.01017,0.00667,-0.00156,0.04006,0.03271,0.12252,0.08028,0.15303,0.09994,0.14923,0.27367,128.10409,1.02183,0.00097,-0.01015,0.05209,0.03351,0.13579,0.01516,0.1543,0.02637,-0.01391,0.18608
2021-07-19,149.06154,1.14465,-0.01805,-0.02153,-0.0021,-0.01846,0.10702,-0.01245,0.15797,0.03758,0.05816,0.18911,108.00413,0.98893,0.00307,0.01038,0.00902,0.01646,0.05189,0.03485,0.07825,0.0549,0.1256,0.18668,113.55311,0.9721,0.00965,0.01239,0.03368,0.02851,0.07329,0.04005,0.12082,0.07603,0.17583,0.22562,90.8188,0.8977,0.02956,0.0331,0.03475,0.03098,0.08406,0.03017,0.09012,0.02394,0.15939,0.22464,108.19645,0.98192,0.01209,0.00768,0.03088,0.01478,0.06571,0.01532,0.11282,0.05023,0.12328,0.16971,130.08602,1.00435,0.02064,0.02008,0.06161,0.05258,0.12266,0.07553,0.15276,0.10611,0.15695,0.27359,124.91186,0.99698,0.04459,0.03759,0.09428,0.0525,0.15722,0.02709,0.20249,0.07664,0.01129,0.1947
2021-07-26,148.92652,1.13361,-0.00164,-0.0027,0.02503,-0.01067,0.11694,0.01086,0.15225,0.04219,0.08835,0.20416,108.38432,0.99296,-0.00397,0.00365,0.02082,0.02077,0.05592,0.03739,0.08107,0.05317,0.13084,0.1854,114.25658,0.97593,0.01297,0.01604,0.03938,0.02946,0.07854,0.04657,0.11801,0.07658,0.17514,0.22129,91.65777,0.90189,0.04564,0.04963,0.03394,0.02653,0.08279,0.03676,0.06574,0.02494,0.16731,0.17492,108.68979,0.98573,0.01222,0.00527,0.03733,0.01205,0.06999,0.01905,0.10381,0.03988,0.12291,0.1633,131.30385,1.00861,0.03317,0.03427,0.07798,0.06212,0.13084,0.08952,0.13228,0.09315,0.15434,0.26741,128.2287,1.01168,0.05107,0.04366,0.09916,0.03893,0.12306,0.01529,0.16214,0.08382,-0.02065,0.13031
2021-08-02,146.37124,1.12313,0.01625,0.00307,0.04617,-0.01787,0.1215,0.00445,0.173,0.06789,0.11977,0.2068,108.33552,0.99931,0.00593,0.00608,0.02382,0.00873,0.06217,0.03527,0.07307,0.04284,0.14227,0.18092,114.64925,0.98449,0.0238,0.01612,0.03927,0.01906,0.07212,0.03795,0.11157,0.07496,0.18176,0.21648,93.50349,0.9308,0.00504,-0.00212,0.01818,-0.00671,0.05442,-0.00202,0.06495,0.02191,0.1574,0.13743,109.50404,0.9896,0.01857,0.0071,0.03306,0.00244,0.06407,0.01629,0.08779,0.03581,0.12944,0.16365,132.77065,1.02443,0.04014,0.0325,0.08747,0.05557,0.10884,0.06426,0.11683,0.08285,0.14473,0.24333,130.48162,1.03457,0.04757,0.0149,0.09977,-0.00347,0.10513,-0.01094,0.13872,0.07943,-0.02706,0.10804
2021-08-09,148.68165,1.13092,0.02672,-0.00798,0.06804,-0.01434,0.13551,0.02851,0.14544,0.05524,0.11978,0.19879,107.95437,0.99661,0.02488,0.01712,0.03893,0.01776,0.07805,0.04826,0.08496,0.04955,0.15532,0.1829,115.73797,0.99197,0.02607,0.01342,0.04487,0.01947,0.08476,0.05108,0.11144,0.07468,0.1861,0.20903,95.84108,0.95152,-0.01119,-0.0231,0.02518,-0.01682,0.04205,-0.02478,0.02231,-0.01227,0.13175,0.10157,110.01821,0.991,0.02481,0.00678,0.0381,0.00242,0.07799,0.02945,0.08601,0.0405,0.12879,0.15806,135.65917,1.04288,0.04337,0.02785,0.07929,0.04757,0.10668,0.06443,0.0951,0.06634,0.13929,0.22467,134.77731,1.05534,0.04575,-0.00473,0.07955,-0.01835,0.08486,-0.0182,0.08694,0.05588,-0.02454,0.10506
2021-08-16,148.74905,1.1262,0.02945,-0.02094,0.10935,0.00601,0.13822,0.03849,0.1528,0.0716,0.11363,0.17889,108.97805,1.00538,0.01779,0.00265,0.04249,0.0184,0.07155,0.04186,0.07995,0.04301,0.14337,0.17073,117.37747,1.00061,0.01511,0.00294,0.03832,0.01153,0.08361,0.04783,0.09754,0.06295,0.17458,0.19956,93.9748,0.92868,0.01308,-0.00459,0.04765,-0.0008,0.06059,-0.00134,0.05962,0.02351,0.16386,0.13358,111.53733,0.99669,0.01423,-0.00466,0.03379,0.00054,0.07335,0.03302,0.07203,0.03414,0.11022,0.14872,138.10034,1.05693,0.0455,0.02308,0.05751,0.02296,0.08903,0.05318,0.07096,0.04473,0.13518,0.21561,136.68904,1.04948,0.04983,-0.01837,0.05752,-0.02541,0.0818,-0.00128,0.06185,0.0636,-0.02002,0.12062
2021-08-23,152.65448,1.12294,0.04025,-0.00636,0.08966,0.02154,0.13072,0.0593,0.10914,0.06058,0.09655,0.19149,110.64064,1.01373,0.01371,0.00064,0.03439,0.01663,0.05256,0.0301,0.0695,0.04135,0.12984,0.16347,118.75552,1.00539,0.01832,0.00605,0.03768,0.01711,0.07172,0.04273,0.0908,0.06582,0.16007,0.1959,94.76885,0.92842,0.03678,0.00628,0.04725,0.01023,0.04469,-0.00678,0.03904,0.02493,0.14089,0.13299,112.74754,0.99779,0.01297,-0.00437,0.03149,0.007,0.0679,0.03436,0.07006,0.0462,0.10252,0.1517,141.54272,1.07073,0.03443,0.01972,0.04903,0.02741,0.05945,0.03973,0.07113,0.05296,0.10934,0.20466,140.94342,1.05061,0.03232,-0.01362,0.02175,-0.02365,0.06571,0.02301,0.05794,0.10434,-0.04748,0.11415
2021-08-30,153.12906,1.10525,0.07762,0.02695,0.072,0.02232,0.12063,0.07055,0.10665,0.07917,0.09315,0.2064,110.91655,1.00804,0.02427,0.01575,0.03745,0.02654,0.05639,0.0381,0.06181,0.0466,0.12612,0.16751,119.15122,1.00355,0.02287,0.00859,0.03161,0.01889,0.07208,0.04896,0.08091,0.07212,0.14995,0.19782,95.20356,0.92409,0.03413,0.00378,0.03559,0.00469,0.02605,0.00274,0.02317,0.04124,0.14937,0.15723,113.12435,0.99204,0.01929,0.00519,0.03002,0.01385,0.06054,0.03357,0.05323,0.04602,0.09557,0.15647,144.38361,1.08,0.01149,-0.00012,0.01966,0.00869,0.02971,0.02176,0.05148,0.0556,0.09496,0.2114,143.50022,1.0311,0.00732,-0.00703,0.00487,-0.00748,0.03846,0.06439,-0.00598,0.09451,-0.05944,0.13411
2021-09-06,158.79866,1.11657,0.0475,0.0279,0.06317,0.04285,0.0812,0.07444,0.07893,0.08937,0.064,0.20851,112.15713,1.01437,0.0204,0.01598,0.03766,0.0305,0.0365,0.02777,0.0604,0.05076,0.11911,0.1636,120.93131,1.01144,0.01901,0.01106,0.03818,0.03161,0.05382,0.04801,0.07365,0.07519,0.14086,0.19403,98.25432,0.9347,0.0101,0.00394,0.01645,-0.00796,0.01346,0.01801,0.01627,0.03323,0.09123,0.12814,114.20962,0.99342,0.01828,0.01136,0.03843,0.02703,0.04298,0.03199,0.05082,0.05522,0.0873,0.16169,146.41542,1.09045,0.01412,0.00769,0.02538,0.01687,0.01275,0.01683,0.05019,0.06182,0.08308,0.20832,145.49892,1.03699,-0.01024,-0.01003,0.00492,0.00015,0.02119,0.07701,-0.03753,0.08224,-0.04548,0.15556
2021-09-13,165.01445,1.13221,-0.00521,-0.00463,0.02603,0.03248,0.03207,0.05395,0.0008,0.05263,0.04033,0.19672,113.60894,1.02378,0.01286,0.01079,0.02788,0.02346,0.03096,0.02238,0.05116,0.04784,0.1075,0.1536,121.87595,1.01214,0.00855,0.0103,0.04361,0.03629,0.05547,0.05451,0.06795,0.07783,0.13674,0.19577,98.45275,0.92788,0.00141,0.00091,0.01235,-0.00054,-0.00481,0.01137,0.01163,0.04738,0.09757,0.13652,115.3061,0.99723,0.01053,0.00866,0.03827,0.03248,0.03621,0.03427,0.03123,0.04394,0.07717,0.16124,146.04287,1.07988,0.00807,0.00881,0.0298,0.03023,0.01724,0.02934,0.03375,0.05855,0.08405,0.21774,144.55082,1.02407,-0.00243,-0.00044,0.02297,0.02413,0.01345,0.08714,-0.05395,0.08189,-0.03585,0.17139
2021-09-20,166.34125,1.14448,0.01496,0.01494,0.03768,0.03776,0.03088,0.05332,-0.04035,0.01804,0.05789,0.23826,114.44531,1.03035,0.01691,0.01452,0.01757,0.01347,0.02836,0.01804,0.05251,0.04785,0.10272,0.1526,123.2298,1.0225,0.01881,0.02054,0.03281,0.02562,0.04542,0.04106,0.07089,0.08119,0.13247,0.19586,99.24646,0.93865,0.00629,-0.01191,-0.00245,-0.017,0.00334,0.01354,0.04136,0.08229,0.07656,0.13582,116.29741,1.00478,0.01979,0.01567,0.03531,0.02736,0.02815,0.02605,0.03038,0.04323,0.07122,0.16129,148.48312,1.09813,0.0111,0.00918,0.00993,0.01232,-0.00393,0.00353,0.01816,0.04697,0.0832,0.22339,144.00855,1.02696,0.01532,0.01018,0.04303,0.04666,0.00788,0.08611,-0.06977,0.07194,-0.02557,0.19401
2021-09-27,164.15509,1.12758,0.0314,0.03711,0.04536,0.04822,0.03143,0.05595,-0.08366,-0.00753,0.0742,0.24373,115.0703,1.03458,0.01482,0.01266,0.01826,0.01156,0.02833,0.0205,0.04039,0.03727,0.09467,0.1445,122.91746,1.02244,0.03477,0.02599,0.03923,0.03007,0.05387,0.04876,0.06544,0.07637,0.11867,0.18216,98.59191,0.92878,0.01092,-0.00145,-0.00922,-0.00195,-0.00125,0.02457,0.0374,0.09237,0.07432,0.144,116.51983,1.00589,0.02746,0.02382,0.02964,0.01972,0.03541,0.03809,0.01733,0.0378,0.06384,0.15333,147.22153,1.08869,0.02156,0.02142,0.00986,0.01307,0.02982,0.035,0.01702,0.05196,0.0982,0.24335,144.19971,1.02363,0.02546,0.02457,0.03342,0.07187,0.03405,0.13132,-0.09372,0.0631,-0.02236,0.19917
2021-10-04,168.83021,1.15942,0.02238,0.02282,0.01696,0.03159,0.00373,0.025,-0.11715,0.15,0.05398,0.21643,116.38064,1.04487,0.00065,-0.00104,-0.00111,-0.00273,0.01196,0.00976,0.02411,0.12175,0.08525,0.13682,125.54813,1.04305,0.01374,0.00508,0.01507,0.0164,0.02584,0.03262,0.04472,0.15617,0.1087,0.17391,99.87101,0.92674,-0.00868,-0.0051,-0.00295,0.02597,-0.02464,0.0386,0.02118,0.17099,0.06667,0.15639,118.59866,1.02046,0.01522,0.01169,0.00438,0.00495,0.00462,0.0176,0.00284,0.12497,0.04981,0.1422,150.13167,1.10731,-0.00116,0.00314,-0.01232,-3e-05,0.01123,0.02829,-0.00851,0.18726,0.08859,0.24079,146.21447,1.03714,0.02729,0.03648,0.01619,0.07686,-0.02443,0.08847,-0.1554,0.14959,-0.02362,0.19726
2021-10-11,169.3095,1.16469,0.01353,0.01111,0.00589,0.02147,0.01195,0.04126,-0.0775,0.1844,0.06051,0.2182,116.77582,1.04724,0.00338,-0.00111,0.003,-0.00108,0.01845,0.01789,0.03487,0.12593,0.08468,0.13913,127.19106,1.04844,0.00431,0.00407,0.01136,0.01821,0.02081,0.03819,0.04514,0.14936,0.10253,0.17421,99.66898,0.92734,-0.01992,-0.0005,-0.01695,0.01191,0.00184,0.0406,0.04158,0.18186,0.10469,0.1886,119.71891,1.02971,0.00212,-0.0041,-0.00199,0.00179,0.00246,0.01893,0.00929,0.11705,0.05745,0.15162,150.39515,1.11011,-0.01145,-0.00835,-0.0122,-0.00089,0.0224,0.04216,-0.0033,0.17373,0.10646,0.25718,147.87081,1.0482,0.00777,0.0473,-0.00931,0.06301,-0.05297,0.07103,-0.14572,0.15971,-0.01736,0.20459
2021-10-18,172.60914,1.18224,-0.00531,0.00878,-0.00655,0.01556,-0.04324,0.0026,-0.08619,0.15153,0.03709,0.19149,116.45586,1.04383,-0.00176,-0.00169,0.0106,0.00457,0.02546,0.02779,0.04391,0.13178,0.08571,0.1402,127.27279,1.04812,0.00132,0.01133,0.01221,0.01544,0.02266,0.04185,0.04908,0.14959,0.0993,0.17209,99.00378,0.92165,0.00578,0.03107,0.0058,0.03055,0.006,0.05361,0.06353,0.2007,0.10951,0.19156,120.40336,1.03214,-0.01068,-0.00673,-0.00691,-0.00131,-0.01243,0.00903,0.00939,0.11949,0.04869,0.14806,149.95732,1.11046,-0.01117,-0.00317,-0.01372,-0.00879,0.00677,0.02798,0.00364,0.16749,0.10286,0.25139,150.20474,1.07362,-0.0108,0.04038,-0.0337,0.03945,-0.08956,0.03234,-0.159,0.11805,-0.01287,0.21268
2021-10-25,171.60104,1.1758,-0.00755,0.01036,-0.01332,0.00772,-0.06976,-0.01328,-0.05546,0.16198,0.06795,0.22402,117.17105,1.04613,-0.00038,3e-05,0.0099,0.00895,0.02803,0.03208,0.04604,0.13223,0.08268,0.14336,127.73984,1.05251,0.00702,0.01414,0.01408,0.0187,0.03308,0.05118,0.0511,0.14471,0.09856,0.17715,97.68335,0.92683,0.00303,0.01241,0.00804,0.02652,0.05803,0.09411,0.09531,0.14997,0.11555,0.1848,119.97305,1.02561,-0.0041,0.00589,0.00561,0.01837,-0.00119,0.0224,0.0173,0.12342,0.05699,0.16097,148.67336,1.10176,-0.00076,0.00746,0.01976,0.02193,0.01686,0.04335,0.01948,0.17426,0.12087,0.25847,149.01935,1.0955,-0.01694,0.01572,0.0006,0.05946,-0.10105,0.00341,-0.15729,0.04649,0.01226,0.20643
2021-11-01,171.6932,1.19101,-0.00125,0.00678,-0.01301,-0.0066,-0.12389,-0.07097,-0.04538,0.13891,0.0679,0.22038,116.25119,1.04214,0.01238,0.00625,0.01308,0.01249,0.02982,0.02971,0.0645,0.13808,0.10142,0.1605,127.4404,1.05945,0.01088,0.00411,0.01061,0.01622,0.02762,0.03936,0.06315,0.14152,0.11042,0.1855,99.57635,0.95271,2e-05,-0.00052,-0.02176,0.01263,0.02714,0.06844,0.08681,0.11552,0.11659,0.18321,119.11794,1.02541,0.0038,0.00543,0.00024,0.01265,-0.00485,0.01828,0.03829,0.12784,0.07324,0.17091,148.28164,1.10728,-0.00257,-0.00562,0.02384,0.02832,0.00975,0.03337,0.02498,0.16048,0.14247,0.27045,148.58205,1.114,-0.02315,-0.00093,-0.03998,0.01161,-0.12045,-0.02727,-0.14559,0.02862,0.0241,0.2119
2021-11-08,170.30626,1.18616,-0.00582,-0.00263,0.00603,0.01979,-0.1248,0.12326,-0.02241,0.14355,0.08073,0.22741,117.12639,1.04616,0.01028,0.00892,0.01541,0.01897,0.01759,0.12046,0.06485,0.13335,0.09632,0.15388,128.63628,1.06665,0.00701,0.00455,0.00934,0.01998,0.01964,0.13256,0.06717,0.13435,0.1058,0.17395,97.97912,0.93925,0.00499,0.0141,0.01912,0.02869,0.0409,0.15848,0.10705,0.11384,0.15106,0.20316,119.48119,1.0315,0.00975,0.01249,0.00446,0.01714,-0.00457,0.11393,0.03939,0.11756,0.07765,0.16801,148.56037,1.10922,0.02054,0.01447,0.03503,0.04304,0.00198,0.18535,0.04035,0.15833,0.14755,0.26463,146.49474,1.11121,0.01785,0.04374,-0.04407,0.00802,-0.15702,0.07551,-0.10256,0.04918,0.05495,0.22885
2021-11-15,171.4782,1.1978,-0.01177,-0.01338,-0.03693,-0.01296,-0.08916,0.15129,-0.03398,0.10728,0.06221,0.20235,117.69055,1.04839,0.00069,0.00624,0.0147,0.02323,0.02682,0.12477,0.05873,0.12772,0.09485,0.15256,128.82661,1.06356,-0.00027,0.0121,0.01033,0.02641,0.03187,0.13423,0.0702,0.1366,0.10245,0.16992,99.5779,0.95219,-0.02177,0.01315,0.0002,0.02306,0.04253,0.15701,0.09837,0.11007,0.13348,0.19421,119.57095,1.03084,-0.00355,0.00722,-0.00556,0.01034,0.01053,0.11592,0.03563,0.11458,0.07732,0.16411,147.89995,1.10166,0.02648,0.03394,0.02077,0.03677,0.01351,0.18218,0.05996,0.17088,0.15901,0.27906,145.14312,1.11307,-0.01723,0.01254,-0.05781,-0.00711,-0.12967,0.09484,-0.0771,0.05703,0.0703,0.21406
2021-11-22,169.31459,1.18352,0.01192,0.02242,-0.0572,-0.021,-0.06841,0.15024,-0.01135,0.13091,0.05435,0.20199,118.33049,1.05508,0.00507,0.01005,0.01796,0.02313,0.02738,0.12053,0.05641,0.12212,0.0844,0.13999,129.53859,1.0712,0.00231,0.01542,0.01873,0.03249,0.03073,0.12651,0.0635,0.13008,0.09455,0.16134,98.46833,0.95335,0.01406,0.01459,0.04959,0.06759,0.06932,0.16899,0.09802,0.10806,0.13744,0.18452,120.6461,1.04398,-0.00524,0.00465,-0.00676,0.00403,0.00736,0.10764,0.03034,0.1055,0.06017,0.13986,151.61132,1.12369,0.0142,0.02858,-0.00285,0.02142,-0.00731,0.15426,0.03567,0.1517,0.13092,0.25771,149.10914,1.15495,-0.06083,-0.03572,-0.10159,-0.05605,-0.15282,0.03672,-0.09964,0.00981,0.04152,0.16003
2021-11-29,169.45996,1.18442,-0.02546,0.00042,-0.11235,-0.06438,-0.04353,0.15336,-0.01219,0.12723,0.03381,0.18738,117.77219,1.05463,0.014,0.01699,0.01652,0.01721,0.0407,0.12373,0.06057,0.12091,0.09215,0.13977,128.79212,1.07567,0.0106,0.01431,0.01684,0.02315,0.04251,0.12155,0.06387,0.1257,0.09871,0.15353,97.40983,0.96534,0.02247,0.00991,0.04999,0.05581,0.09838,0.11147,0.12333,0.11598,0.14489,0.17727,119.14645,1.03806,-0.00201,0.00312,-0.00509,0.00564,0.02436,0.11098,0.04019,0.11045,0.07361,0.14136,151.81692,1.1356,-0.00557,0.00283,-0.01377,0.00506,-0.00163,0.14042,0.04135,0.15581,0.13751,0.24727,142.64239,1.12561,-0.04129,-0.01965,-0.08382,-0.03889,-0.11961,0.01638,-0.05378,0.0396,0.10166,0.18255
2021-12-06,171.33324,1.20594,-0.06831,-0.04342,-0.13005,0.10348,-0.04337,0.12398,-0.01384,0.11914,0.02622,0.15918,118.93092,1.06513,0.01282,0.01308,0.00215,0.10149,0.04051,0.11509,0.05537,0.11284,0.08167,0.12849,129.83763,1.08663,0.01639,0.01706,0.0102,0.11258,0.04352,0.11434,0.0626,0.11884,0.10103,0.148,99.8528,0.96794,0.03504,0.05301,0.02136,0.1298,0.0838,0.1003,0.07376,0.09491,0.13001,0.17817,120.01374,1.04864,-0.00153,-0.00063,-0.00898,0.09679,0.03054,0.10461,0.03471,0.10647,0.06658,0.13409,153.76382,1.15227,-0.01681,-0.00716,-0.03193,0.1423,-0.01156,0.11549,0.03132,0.1465,0.1339,0.23251,140.0386,1.11923,-0.0434,-0.02033,-0.11815,0.0675,-0.09346,0.02339,-0.00826,0.07332,0.12057,0.17499
2021-12-13,165.14635,1.18484,-0.08916,-0.0648,-0.05424,0.16424,0.00814,0.14486,0.0395,0.14409,0.06208,0.17749,119.42109,1.07162,0.00249,0.00023,0.01194,0.10155,0.04439,0.10789,0.0536,0.10576,0.08076,0.12591,130.15729,1.08998,0.00617,0.00884,0.02132,0.10782,0.0547,0.11102,0.06442,0.11794,0.10445,0.14829,99.59815,0.97525,0.02692,0.0459,0.04232,0.13395,0.08905,0.07784,0.08495,0.08915,0.14895,0.17567,118.90669,1.04117,-0.00309,0.00252,0.01618,0.10558,0.04441,0.10789,0.04455,0.11729,0.08296,0.1451,150.97191,1.13843,-0.00825,0.00222,-0.00711,0.14541,0.02373,0.12912,0.04865,0.15919,0.16807,0.25045,136.75202,1.10596,-0.04436,-0.01924,-0.07627,0.10195,-0.03862,0.05443,0.01914,0.0895,0.13078,0.16172
2021-12-20,159.62931,1.16252,-0.06626,0.1469,-0.01189,0.17125,0.03773,0.14256,0.10237,0.22022,0.10146,0.2071,120.45521,1.07821,-0.01053,0.08841,0.00925,0.0974,0.03443,0.0979,0.0477,0.10475,0.07412,0.12065,131.96521,1.10369,-0.00608,0.09552,0.01178,0.09402,0.04474,0.09648,0.0575,0.11468,0.08863,0.13035,103.35178,1.02094,-0.01321,0.07679,0.01879,0.1014,0.05826,0.04132,0.0338,0.05353,0.123,0.15296,119.83019,1.04801,-0.00747,0.09741,0.01422,0.10362,0.03339,0.0974,0.03964,0.11806,0.07534,0.13627,151.1794,1.14511,-0.01538,0.14946,-0.00447,0.13284,0.03697,0.12743,0.06388,0.17642,0.18374,0.26011,133.9604,1.0989,-0.07814,0.08783,-0.05702,0.09278,-6e-05,0.0712,0.04752,0.12207,0.19562,0.19506
2021-12-27,150.42168,1.12004,0.03834,0.22904,0.07753,0.21774,0.11283,0.19439,0.17228,0.25127,0.16558,0.24337,119.71792,1.07185,0.00943,0.10132,0.02379,0.10651,0.04417,0.10535,0.05217,0.10723,0.08242,0.12092,130.96081,1.09881,0.01505,0.09898,0.02525,0.09841,0.05195,0.10247,0.04997,0.10579,0.08778,0.12532,102.27931,1.02115,0.01499,0.08805,0.04609,0.05565,0.05711,0.04026,0.03559,0.05163,0.12579,0.1416,118.53966,1.04369,0.01933,0.10307,0.0296,0.10534,0.04865,0.10579,0.04571,0.11553,0.08489,0.13384,149.72695,1.14066,0.00115,0.14318,0.0123,0.13536,0.0487,0.13473,0.07983,0.19139,0.18356,0.23888,130.68581,1.08672,-0.03339,0.12119,-0.03906,0.05526,0.02729,0.07804,0.07873,0.13607,0.21327,0.18332
2022-01-03,149.0522,1.30942,0.05823,0.02434,0.09963,0.02051,0.12305,0.00223,0.19383,0.06643,0.18326,0.0637,119.18644,1.16662,0.02,0.00899,0.03828,0.0136,0.04798,0.00892,0.0597,0.01507,0.08918,0.02444,131.16233,1.19921,0.01797,-0.0015,0.03298,0.00176,0.04464,0.00216,0.06125,0.01775,0.09441,0.03272,101.98604,1.09773,0.03244,0.02461,0.06113,-0.0295,0.07293,-0.01641,0.04455,-0.0146,0.16258,0.08499,118.93545,1.14542,0.02185,0.0062,0.03988,0.00782,0.04204,0.00308,0.04684,0.01723,0.08946,0.037,148.8539,1.29457,0.01108,-0.01662,0.02104,-0.02681,0.06208,-0.00316,0.09793,0.05353,0.1922,0.08399,123.49242,1.18673,0.02292,0.00495,0.028,-0.04411,0.09295,-0.02151,0.15603,0.04767,0.29143,0.11033
2022-01-10,156.1887,1.34908,0.03774,-0.01131,0.06596,-0.01938,0.08178,-0.024,0.14959,0.0338,0.1354,0.01099,120.84742,1.17317,0.01422,0.00519,0.03206,0.00634,0.03864,0.0048,0.04814,0.01321,0.07393,0.01486,132.93203,1.1978,0.01004,-0.00058,0.03268,0.0032,0.03787,0.00767,0.05492,0.02485,0.08293,0.03577,103.81274,1.1092,0.03064,-0.0324,0.04484,-0.05611,0.0328,-0.04635,0.0606,0.00673,0.15365,0.07605,120.83061,1.14676,0.01008,0.00227,0.02779,0.0023,0.02772,0.00835,0.04772,0.03458,0.07785,0.03796,149.89878,1.28384,0.01114,-0.00782,0.03106,-0.01629,0.05791,0.01493,0.11013,0.08345,0.19995,0.1092,126.32246,1.20791,-0.00587,-0.06592,0.04075,-0.04752,0.09943,-0.01536,0.15026,0.04488,0.35921,0.16165
2022-01-17,157.7313,1.33376,0.03912,-0.00384,0.05021,-0.02868,0.08836,-0.00483,0.13491,0.03996,0.13509,0.04109,121.56993,1.17561,0.01792,0.00461,0.02495,0.0005,0.03498,0.00178,0.04003,0.00842,0.06851,0.01379,133.51921,1.19771,0.01474,0.00326,0.03258,0.00245,0.03762,0.0102,0.04787,0.0225,0.07876,0.03533,105.29397,1.12234,0.02779,-0.05411,0.03874,-0.06008,0.02626,-0.05795,0.04323,-0.00914,0.1281,0.05176,121.53442,1.15163,0.01764,0.00162,0.0189,-0.00621,0.02197,0.00684,0.03893,0.02858,0.07477,0.03381,150.50321,1.27794,0.00985,-0.01018,0.04163,-0.0054,0.05192,0.01968,0.09886,0.0839,0.19307,0.10839,126.32246,1.19168,0.00497,-0.04906,0.0604,-0.02158,0.10328,0.00378,0.17375,0.09463,0.36344,0.18299
2022-01-24,162.08365,1.33778,0.02719,-0.00807,0.03276,-0.02335,0.08567,0.04496,0.13066,0.06204,0.1078,0.02898,122.56567,1.17836,0.01759,0.00115,0.01991,-0.00116,0.02966,0.0046,0.03503,0.01113,0.05888,0.01063,134.26699,1.19722,0.02242,0.00378,0.02605,0.00407,0.03937,0.02115,0.04516,0.03244,0.07617,0.03699,106.99328,1.0768,0.01378,-0.02371,0.01054,-0.0154,-0.00139,-0.00233,0.01848,0.03483,0.10871,0.09043,122.0485,1.14903,0.01753,3e-05,0.0185,0.00045,0.02074,0.01704,0.03901,0.03754,0.06888,0.0341,151.56929,1.27602,0.0197,-0.00847,0.03595,-0.00063,0.06115,0.04551,0.09945,0.08421,0.19046,0.11001,125.58073,1.14199,0.0469,0.01841,0.06905,0.02278,0.11742,0.07899,0.20119,0.15994,0.3932,0.23838
2022-01-31,163.90172,1.32993,0.01068,-0.02484,0.0213,-0.01827,0.07587,0.04138,0.11867,0.08147,0.10303,0.05728,123.74884,1.18022,0.0069,-0.00411,0.00935,-0.00468,0.0179,-0.00114,0.03468,0.02242,0.03788,0.0045,135.48784,1.20097,0.01758,-0.0008,0.01129,0.00039,0.01488,0.00363,0.04446,0.04397,0.06886,0.04258,108.22056,1.06823,0.01065,-0.00597,0.01112,0.01309,-0.02127,0.00455,0.0274,0.06768,0.09433,0.11069,123.67849,1.15325,0.00123,-0.00783,0.00208,-0.00474,0.00226,0.00597,0.03366,0.04307,0.06431,0.03633,151.98633,1.26776,0.03146,0.00478,0.04019,0.02365,0.06377,0.06429,0.11462,0.10997,0.1872,0.12446,126.9507,1.14262,0.05515,0.02748,0.06318,0.0226,0.11047,0.08018,0.1986,0.18328,0.37113,0.23753
2022-02-07,166.49036,1.3297,0.00542,-0.01528,0.01484,-0.00462,0.06879,0.04614,0.1055,0.08387,0.10625,0.07122,124.72221,1.17951,0.00227,-0.00231,0.00637,-0.00155,0.01267,0.00218,0.02955,0.02053,0.03475,0.0119,137.27673,1.201,0.00355,0.00029,0.00502,0.00447,0.01398,0.01596,0.0362,0.0396,0.06342,0.0502,108.46776,1.05309,-0.0032,0.00832,-0.01152,0.00976,-0.01787,0.03004,0.03976,0.08931,0.09647,0.12768,124.18789,1.14906,0.00096,0.00043,-7e-05,0.00605,0.00257,0.01359,0.03681,0.05045,0.0702,0.04811,154.55511,1.26755,0.01594,0.00784,0.02604,0.03122,0.05743,0.08055,0.10304,0.10631,0.17075,0.12347,131.46998,1.16039,0.02116,0.00437,0.05638,0.03215,0.08588,0.074,0.17552,0.17967,0.34698,0.22624
2022-02-14,165.65174,1.30508,0.01051,0.00657,0.03633,0.02385,0.08392,0.0778,0.09957,0.09507,0.12467,0.10545,124.60272,1.17611,0.00243,-0.00057,0.00979,0.00127,0.01655,0.01026,0.03412,0.02484,0.03558,0.01432,137.86965,1.20017,-0.00618,0.0012,0.00488,0.00775,0.01714,0.02248,0.03014,0.03332,0.06183,0.0478,109.37312,1.06226,0.00046,0.01906,-0.01202,0.00214,0.00668,0.05367,0.03197,0.08413,0.08668,0.11227,123.831,1.14542,0.00084,0.00309,0.00301,0.01305,0.02233,0.03592,0.04026,0.04953,0.07996,0.04961,156.76841,1.27254,0.00846,0.01887,0.00988,0.02509,0.06148,0.09475,0.09345,0.10818,0.15291,0.11072,133.95219,1.1701,0.00761,-0.00489,0.04044,0.02536,0.08474,0.08269,0.15972,0.15703,0.35921,0.22779
2022-02-21,167.39351,1.31443,0.00936,0.01065,0.05124,0.06831,0.0694,0.0593,0.06645,0.07108,0.15984,0.11374,125.00589,1.1772,0.00409,0.00076,0.00956,0.00576,0.01145,0.00683,0.02649,0.01787,0.04957,0.02492,137.7642,1.20129,0.00146,0.00418,0.01299,0.01708,0.01559,0.01893,0.02919,0.03126,0.08196,0.06062,108.12064,1.06141,-0.00835,0.00144,-0.0118,0.01306,0.01596,0.0518,0.0359,0.07647,0.12645,0.13176,124.30652,1.14949,-0.00102,0.00562,0.0022,0.01659,0.01576,0.03072,0.02895,0.03436,0.0919,0.05169,157.01864,1.27539,0.00994,0.02338,0.02432,0.04614,0.05327,0.08646,0.09198,0.10601,0.17533,0.12066,134.25186,1.16476,0.03449,0.02779,0.04525,0.05621,0.10443,0.12154,0.15678,0.15022,0.42215,0.25843
2022-02-28,167.39351,1.31165,0.02554,0.01728,0.05342,0.05966,0.09479,0.08817,0.04658,0.06015,0.19631,0.13374,124.90547,1.17554,0.00734,0.00184,0.00847,0.00354,0.01564,0.01394,0.02977,0.01886,0.06312,0.03128,137.01806,1.20137,0.01112,0.00655,0.00355,0.00324,0.02417,0.02829,0.03275,0.02783,0.11167,0.08154,109.42367,1.08132,-0.01247,-0.01692,-0.03203,-0.00854,-0.00414,0.03031,0.01919,0.06129,0.14766,0.13764,123.93548,1.14851,0.00217,0.00996,0.00019,0.01071,0.02319,0.03807,0.03213,0.03091,0.11511,0.06345,158.09411,1.29141,0.00141,0.00622,0.02268,0.04064,0.05408,0.06883,0.09235,0.09146,0.18941,0.11515,134.97122,1.16521,0.03258,0.03025,0.04448,0.05758,0.11762,0.13671,0.16427,0.14295,0.5476,0.33568
2022-03-07,168.96114,1.32508,0.04148,0.05765,0.05316,0.05077,0.08517,0.08632,0.04063,0.04004,0.20658,0.10837,125.51659,1.17796,0.00545,0.00499,0.00626,0.00372,0.02011,0.02468,0.02491,0.01565,0.06164,0.0272,137.96572,1.20547,0.01151,0.0129,0.00892,0.01149,0.02571,0.03948,0.03616,0.02916,0.11406,0.08006,107.21827,1.06285,-0.00348,0.01162,-0.00642,0.02028,0.03701,0.07307,0.05238,0.08326,0.20618,0.16743,124.17975,1.15511,0.00322,0.01096,0.00263,0.00754,0.02949,0.04121,0.0308,0.02762,0.13046,0.06595,158.57946,1.29877,0.01424,0.02276,0.0306,0.04933,0.06828,0.07896,0.09947,0.086,0.19552,0.11318,138.88214,1.19255,0.0104,0.02843,0.02793,0.04185,0.09562,0.13335,0.1299,0.10167,0.49189,0.28417
2022-03-14,171.66916,1.32893,0.02719,0.04238,0.04593,0.05395,0.07215,0.08464,0.02173,0.0334,0.20331,0.0884,125.82204,1.17738,0.00113,0.0017,0.0067,0.00899,0.02055,0.02266,0.02578,0.02014,0.06028,0.02481,138.54183,1.20791,-0.00749,-0.00331,0.0122,0.01473,0.02674,0.03269,0.03761,0.03035,0.11227,0.07181,108.05873,1.0644,-0.0198,0.00838,0.01892,0.05153,0.04369,0.07801,0.05899,0.08652,0.17586,0.13311,124.20414,1.15847,-0.00198,0.00075,0.01926,0.02287,0.03667,0.04104,0.03677,0.0278,0.12878,0.05406,158.31742,1.29763,0.02123,0.03442,0.0511,0.06966,0.07683,0.07623,0.11388,0.09126,0.19292,0.09886,139.36914,1.19546,0.01152,0.02734,0.04258,0.05733,0.10889,0.14461,0.10955,0.07222,0.46812,0.2541
2022-03-21,175.96994,1.38274,0.01121,-0.00689,0.01728,-0.00901,0.0351,0.01741,-0.00082,-0.01312,0.1674,0.03067,126.20099,1.18296,0.0008,-0.00127,0.00187,0.00107,0.02102,0.01799,0.02521,0.0159,0.06063,0.02212,139.55374,1.21836,-0.00257,-0.00141,0.00256,0.00185,0.01771,0.01512,0.02943,0.01567,0.10703,0.06352,106.84486,1.07447,-0.00295,0.00866,0.02809,0.03873,0.05639,0.07193,0.08629,0.09944,0.17637,0.11427,124.58008,1.16607,-0.00059,-0.00342,0.01353,0.01413,0.034,0.02887,0.03434,0.01821,0.12691,0.04687,160.83725,1.32153,0.01613,0.02657,0.02826,0.04032,0.06579,0.0592,0.11266,0.08368,0.17506,0.07621,140.32645,1.22097,0.01735,0.01342,0.05662,0.06533,0.10704,0.10616,0.14138,0.07299,0.43905,0.21909
2022-03-28,176.3362,1.37131,0.01825,0.01158,0.03927,0.02851,0.01237,0.0142,-0.00571,-0.0079,0.1703,0.04621,125.96364,1.17908,0.00557,0.00729,0.00711,0.01041,0.01869,0.01599,0.02875,0.01368,0.06378,0.02566,137.50431,1.2046,0.01984,0.01804,0.02055,0.02505,0.03114,0.02794,0.03602,0.01953,0.11852,0.07474,105.91916,1.07278,0.0395,0.04315,0.02881,0.03885,0.05743,0.06509,0.0871,0.08997,0.18497,0.1096,123.95842,1.15922,0.02128,0.02212,0.023,0.02736,0.03184,0.02463,0.03746,0.01831,0.13896,0.05959,161.67914,1.33205,0.02924,0.03524,0.0307,0.02819,0.0605,0.04936,0.09607,0.04749,0.16359,0.05915,140.97517,1.22279,0.0307,0.02999,0.07002,0.07913,0.10161,0.09218,0.12472,0.04725,0.4688,0.24709
2022-04-04,177.943,1.37585,0.006,-0.00212,0.03039,0.03555,-0.01547,-0.00405,-0.00885,-0.00272,0.13633,0.01275,126.30187,1.18169,0.00107,0.00234,0.01377,0.02096,0.01839,0.01272,0.02782,0.00938,0.0607,0.02108,139.1957,1.21696,0.00514,0.00326,0.01664,0.02799,0.01659,0.01224,0.03125,0.01497,0.10028,0.05543,106.52944,1.08313,0.03113,0.03007,0.04371,0.05279,0.04688,0.05948,0.113,0.09959,0.19688,0.10002,124.50659,1.16265,0.01413,0.01755,0.02679,0.03367,0.02739,0.01676,0.04071,0.01977,0.12864,0.04645,163.43176,1.3481,0.01194,0.01374,0.03656,0.02963,0.05667,0.03477,0.08586,0.03046,0.15358,0.04244,142.76121,1.2344,0.0386,0.05191,0.06585,0.0915,0.10074,0.07377,0.11712,0.06266,0.43899,0.22278
2022-04-11,179.55373,1.38288,0.02065,0.01693,0.02507,0.03069,-0.02076,-0.01776,-0.01235,-0.02281,0.12887,0.01144,126.66468,1.18637,0.00153,0.00312,0.01376,0.01367,0.01562,0.00725,0.02461,0.00165,0.06182,0.01978,140.23223,1.22264,0.0007,0.00701,0.01436,0.01796,0.01941,0.01198,0.02655,0.01093,0.0955,0.04369,110.1034,1.11593,-0.01029,-0.0043,0.02431,0.02647,0.0248,0.03018,0.08774,0.06931,0.17393,0.08667,126.59655,1.18134,0.00169,0.00524,0.01708,0.01817,0.01112,0.0014,0.02876,0.00338,0.11177,0.02924,166.40681,1.36729,0.00142,-0.00706,0.02448,0.00656,0.04775,0.01748,0.08091,0.02575,0.13323,0.02465,145.30309,1.25279,0.03815,0.04914,0.06361,0.08728,0.07997,0.04143,0.18166,0.11678,0.43373,0.22395
2022-04-18,179.01114,1.37373,0.02425,0.03767,0.01751,0.02642,-0.02018,-0.01139,0.00016,0.00113,0.12944,0.01106,126.43675,1.18403,0.01269,0.01861,0.01912,0.01692,0.02079,0.0135,0.02738,0.00537,0.06939,0.0279,139.91132,1.22022,0.01144,0.02473,0.01511,0.01327,0.02745,0.01805,0.02948,0.01283,0.10314,0.05083,109.84602,1.1132,0.0122,0.02271,0.02753,0.03319,0.04176,0.03772,0.08135,0.0609,0.16878,0.08196,126.26576,1.18021,0.01248,0.01612,0.0202,0.01474,0.01985,0.00607,0.0345,0.00523,0.12514,0.03764,165.38252,1.36185,0.02434,0.01589,0.03649,0.01888,0.06629,0.02704,0.08573,0.02448,0.14635,0.04207,148.27149,1.2863,0.02624,0.0396,0.04772,0.04083,0.04293,-0.01862,0.16161,0.08837,0.36088,0.15597
2022-04-25,183.26146,1.39982,0.00433,0.01375,-0.02589,-0.01431,-0.04057,-0.0302,-0.02022,-0.03306,0.09958,-0.01908,126.85885,1.18949,0.01221,0.01056,0.0115,0.00558,0.0199,0.00937,0.02304,-0.00049,0.06891,0.02119,140.33041,1.22966,0.01365,0.01095,0.01037,0.00289,0.02373,0.00438,0.02967,0.00455,0.09991,0.04212,108.97096,1.11164,0.03496,0.03077,0.02781,0.02624,0.0651,0.06227,0.08859,0.0556,0.15574,0.08332,126.81001,1.18658,0.01537,0.01293,0.00863,-0.00273,0.01615,-0.00229,0.02875,-0.00345,0.11967,0.02721,166.64348,1.36023,0.02303,0.01362,0.02891,0.02117,0.07389,0.04498,0.08278,0.0258,0.12961,0.03476,150.84668,1.30193,0.02452,0.03814,0.02952,0.01305,0.06177,-0.00796,0.15985,0.07844,0.30487,0.14508
2022-05-02,183.35134,1.4114,-0.00657,-0.01125,-0.04451,-0.03959,-0.04375,-0.04799,-0.01398,-0.02419,0.05624,-0.06798,128.04105,1.20264,0.00635,-0.00169,0.00456,-0.00824,0.01206,-0.00988,0.00309,-0.01792,0.05898,0.01289,141.51218,1.24494,0.00362,-0.01146,-5e-05,-0.01575,0.00668,-0.02081,0.02336,-0.0014,0.08484,0.03129,111.18592,1.13592,0.01515,0.01048,0.00303,0.00669,0.03561,0.02683,0.06514,0.04301,0.11157,0.04655,127.84158,1.19632,0.00762,-0.00138,0.00059,-0.01691,0.00595,-0.01879,0.02965,-0.00675,0.0987,0.01281,169.40725,1.37773,0.01187,0.00299,0.0194,0.00514,0.04607,0.0018,0.06511,0.01448,0.08901,-9e-05,152.16263,1.3259,0.02093,0.00123,0.03273,-0.01774,0.04202,-0.05585,0.14395,0.05425,0.26386,0.11597
2022-05-09,184.05576,1.41357,-0.03009,-0.02806,-0.04471,-0.04845,-0.04177,-0.04045,0.00068,-0.01264,0.04546,-0.07337,128.40802,1.20004,-0.00071,-0.00497,0.00184,-0.00643,0.01097,-0.00898,0.00505,-0.00863,0.0584,0.01386,142.24575,1.2406,-0.00323,-0.00805,0.00498,-0.00597,0.00914,-0.00868,0.02628,0.01059,0.0828,0.03656,112.78022,1.1424,-0.0069,-0.00453,0.00048,0.00371,0.05131,0.04032,0.05455,0.03837,0.08509,0.03072,128.75919,1.19951,-0.00663,-0.01566,-0.00586,-0.01677,0.00634,-0.01708,0.03221,-0.00234,0.08579,0.00745,170.48092,1.37386,0.00575,0.00755,0.02272,0.01092,0.04096,0.0047,0.06138,0.01716,0.08044,0.00143,154.54525,1.34007,0.00488,-0.02509,0.01538,-0.04585,0.03194,-0.04301,0.14586,0.04657,0.24034,0.11396
2022-05-16,182.14598,1.40015,-0.03819,-0.02835,-0.03704,-0.03782,-0.0264,-0.04008,0.02283,0.01038,0.04307,-0.07304,128.85369,1.20095,-0.00178,-0.00655,0.00165,-0.00343,0.00721,-0.01293,0.00142,-0.01052,0.05891,0.0145,142.02505,1.23348,-0.00366,-0.00429,0.01216,0.00478,0.01359,9e-05,0.03076,0.01448,0.08906,0.04347,112.87003,1.1464,-0.01193,-0.00379,0.01385,0.00452,0.06108,0.03885,0.05301,0.02814,0.0751,0.01396,128.81614,1.19495,-0.00698,-0.01553,-0.00034,-0.00867,0.01103,-0.01023,0.03816,8e-05,0.08075,0.00527,171.4181,1.38072,0.00744,0.00215,0.02875,0.00816,0.04931,0.01232,0.05438,0.00253,0.07952,-0.00234,155.34698,1.32713,0.01156,-0.01897,-0.00457,-0.05945,0.10526,0.04243,0.17201,0.07076,0.23779,0.14748
2022-05-23,178.51738,1.38551,-0.01508,-0.02039,-0.01508,-0.01589,0.00292,-0.01065,0.08756,0.04267,0.06031,-0.0624,128.31737,1.19507,0.00254,-0.00145,0.0083,0.00379,0.01232,-0.00567,0.02248,0.00705,0.06107,0.01892,141.78597,1.23255,0.00824,0.00208,0.01323,0.00149,0.01586,0.0005,0.05127,0.02936,0.08964,0.04504,112.0018,1.13787,0.00743,0.00824,0.03627,0.03603,0.06054,0.03623,0.08742,0.05529,0.0793,0.03249,127.90498,1.18385,0.00077,-0.00112,0.00745,0.00044,0.02124,0.00159,0.06118,0.01733,0.08805,0.02041,171.46069,1.3814,0.01687,0.00337,0.04372,0.02381,0.04724,0.00493,0.07633,0.01465,0.08202,-0.00637,155.29983,1.31498,0.01045,-0.02076,0.03133,-0.02102,0.10904,0.05969,0.22941,0.10821,0.22642,0.16029
2022-05-30,175.18994,1.3718,0.00119,-0.00947,0.0008,-0.00839,0.02492,-0.00505,0.14307,0.07359,0.07539,-0.05502,128.62446,1.19441,0.00343,0.00312,0.00747,-0.00164,0.009,-0.00541,0.03238,0.01241,0.05214,0.01746,141.50479,1.22919,0.01588,0.00907,0.00673,-0.00506,0.02113,0.00501,0.07642,0.05371,0.0753,0.04164,111.5233,1.14261,0.02609,0.00831,0.03247,0.02014,0.06368,0.02463,0.12606,0.07635,0.06224,0.03138,127.91741,1.17942,0.00668,0.00686,0.00535,-0.00189,0.01984,0.00372,0.0804,0.03254,0.07746,0.02139,172.69388,1.38287,0.02115,0.00601,0.02616,-0.00334,0.04484,0.00317,0.08886,0.02368,0.06115,-0.01212,157.14332,1.30816,-0.01595,-0.04048,0.009,-0.03811,0.11337,0.0722,0.32924,0.19273,0.1768,0.15112
2022-06-06,175.82603,1.36512,-0.0,0.00449,0.00308,0.008,0.02822,0.02209,0.15947,0.06833,0.04223,-0.07529,128.64366,1.19362,0.00575,0.00524,0.00911,-0.00255,-0.00161,-0.0089,0.03583,0.01155,0.05302,0.01958,142.95449,1.23463,0.00494,-0.00059,0.00414,-0.0027,0.01304,0.00892,0.07518,0.0509,0.06096,0.03471,112.83421,1.14611,0.02863,0.02779,0.05081,0.03661,0.04958,0.03281,0.14614,0.08416,0.04386,-0.00436,128.00406,1.18273,0.00667,0.00156,0.01227,-0.00031,0.02835,0.00684,0.09668,0.03832,0.0752,0.01983,174.35348,1.38477,0.0264,0.02044,0.01784,-0.00621,0.0349,0.00745,0.08736,0.02718,0.04315,-0.02183,156.92276,1.29422,0.02066,-0.00025,0.0163,0.00284,0.10924,0.08593,0.32038,0.1825,0.19033,0.19866
2022-06-13,175.39914,1.36233,-0.0004,0.00108,0.01105,-0.00226,0.05006,0.0386,0.17772,0.055,0.02655,-0.07053,129.06591,1.19753,0.00402,-0.00476,0.00555,-0.0095,-8e-05,-0.00611,0.03363,0.00466,0.04026,0.00727,143.75235,1.23826,-0.00901,-0.01413,0.00141,-0.00469,0.01552,0.01294,0.07196,0.04146,0.0456,0.02046,114.43333,1.15092,0.00622,0.01183,0.04658,0.03433,0.03931,0.02985,0.11036,0.04658,0.02494,-0.00246,128.77174,1.18627,-0.00132,-0.00874,0.01138,-0.00156,0.03211,0.0109,0.08874,0.02625,0.06222,0.01144,176.34609,1.38888,0.00491,-0.00935,0.01999,0.00416,0.02608,0.00214,0.07096,0.0076,0.02036,-0.03204,154.6364,1.26768,0.02535,0.00237,0.11034,0.10188,0.14518,0.11895,0.32317,0.18188,0.21979,0.25779
2022-06-20,175.82577,1.36961,0.00308,0.00351,0.01828,0.00524,0.0596,0.04091,0.16836,0.04379,0.00444,-0.08345,129.38284,1.19886,0.00335,-0.0078,0.00398,-0.00946,-0.00268,-0.00842,0.03455,0.00622,0.04102,0.00677,143.6611,1.23403,-0.0008,-0.00211,0.0026,-0.00099,0.01902,0.01393,0.07538,0.04785,0.04946,0.0269,116.06444,1.17391,0.02156,0.00882,0.02341,0.0002,0.02403,0.00063,0.08293,0.01483,0.03788,0.01605,128.85847,1.18429,0.00556,-0.00187,0.01369,0.00115,0.03782,0.01074,0.08949,0.02865,0.06352,0.01427,178.95687,1.40521,-0.00834,-0.02665,0.00338,-0.01888,0.00996,-0.02196,0.05609,-0.00747,0.00631,-0.04116,160.16511,1.29396,-0.00427,0.0031,0.07535,0.08071,0.13676,0.10393,0.2608,0.1461,0.16591,0.23788
2022-06-27,175.32924,1.36341,0.01145,-0.00334,0.0241,0.00335,0.10734,0.06476,0.17702,0.05411,0.00711,-0.04863,129.58506,1.19276,0.00152,-0.00474,0.00152,-0.00377,0.01248,0.00936,0.03405,0.01198,0.03298,0.00569,142.45685,1.22413,0.01052,0.00944,0.0143,0.01007,0.04632,0.03777,0.07964,0.05521,0.04987,0.03074,115.14481,1.16275,0.04011,0.0225,0.03022,0.00449,0.05773,0.03041,0.09003,0.01963,0.01378,0.00269,128.60239,1.17753,0.01271,0.00719,0.01441,0.0056,0.05542,0.02365,0.09783,0.04128,0.05547,0.01757,177.21119,1.37953,0.01501,0.01351,0.01821,0.0065,0.0414,0.01652,0.0616,0.01166,0.00323,-0.02513,158.55714,1.27005,0.08288,0.09952,0.10345,0.11032,0.20415,0.15315,0.30593,0.19983,0.15707,0.25553
2022-07-04,176.36806,1.37313,0.01515,0.00173,0.02506,0.01408,0.13544,0.07227,0.14648,0.01547,-0.01765,0.14891,129.81607,1.19106,0.00063,-0.00166,-0.01063,-0.00634,0.0229,0.01576,0.03198,0.01171,0.02075,0.10597,143.54562,1.23193,0.00341,0.00112,0.00886,0.01162,0.06112,0.05098,0.06694,0.04047,0.03364,0.12465,118.56688,1.18272,0.00181,-0.00862,-0.00117,-0.0038,0.05916,0.03624,0.07537,0.00043,-0.01505,0.07428,129.5752,1.18242,0.00808,0.00301,0.01588,0.00715,0.06658,0.02953,0.08449,0.02668,0.04058,0.11611,177.46385,1.37856,0.01182,0.00777,0.01676,0.01366,0.05959,0.02799,0.06237,0.01198,-0.0025,0.16097,159.48134,1.29706,0.07996,0.07761,0.09145,0.08309,0.30975,0.20383,0.28812,0.16012,0.12491,0.42694
2022-07-11,177.33683,1.36007,0.01251,0.00668,0.03859,0.04086,0.14959,0.07338,0.14298,0.03425,-0.0221,0.13783,129.78212,1.18802,0.0,0.00097,-0.00559,0.00339,0.02675,0.01714,0.03631,0.01812,0.02975,0.10936,143.95566,1.23357,0.00374,0.00064,0.01409,0.01763,0.06771,0.05196,0.06717,0.03276,0.04569,0.12282,119.7636,1.18525,-0.00951,-0.01801,-0.00694,-0.00448,0.07983,0.04503,0.07924,0.01735,-0.02808,0.05845,130.23737,1.18472,0.00167,-0.00158,0.02049,0.01245,0.07788,0.03634,0.08069,0.02586,0.05181,0.11536,179.87056,1.39304,0.00315,-0.00701,0.00598,-0.00202,0.054,0.01891,0.0484,-0.0011,-0.00755,0.13586,171.69844,1.36956,0.01899,0.0108,0.03138,0.01707,0.20675,0.10716,0.21332,0.10717,0.04288,0.34265
2022-07-18,179.03951,1.37486,0.00976,0.01235,0.04058,0.03567,0.15377,0.04248,0.12926,0.00993,-0.02311,0.1041,129.89831,1.1894,-0.01125,-0.00468,-0.00663,0.00103,0.02701,0.01279,0.04089,0.02252,0.03376,0.10915,144.03533,1.23304,0.00543,0.0105,0.01637,0.01492,0.06985,0.04668,0.07156,0.038,0.04243,0.11382,118.78193,1.17411,-0.00297,0.00482,0.0006,0.00043,0.06971,0.0234,0.08085,0.02106,-0.028,0.05656,130.62196,1.18544,0.00774,0.00414,0.02381,0.00959,0.07332,0.02709,0.08762,0.03241,0.05113,0.11559,179.56115,1.38633,0.00488,0.00589,0.00656,-0.00307,0.05178,0.01015,0.05583,0.01759,-0.00623,0.12885,172.23299,1.37467,0.01064,0.00547,0.05711,0.02322,0.18799,0.07489,0.17155,0.0676,0.06378,0.35373
2022-07-25,179.55548,1.36676,0.02576,0.03417,0.08128,0.06142,0.14409,0.04665,0.12227,0.01398,-0.01101,0.09891,129.78213,1.189,-0.00559,0.00242,0.01094,0.01313,0.03137,0.01609,0.04484,0.02168,0.03764,0.10571,144.49464,1.23421,0.0103,0.01699,0.03156,0.0277,0.06918,0.04768,0.06822,0.03757,0.042,0.10832,118.62486,1.16724,0.00259,0.01353,0.0267,0.02593,0.05955,0.0215,0.06168,0.02771,-0.01533,0.00832,130.4553,1.18313,0.01879,0.01404,0.04043,0.01804,0.07616,0.02981,0.08838,0.03065,0.06251,0.12182,180.43782,1.38604,0.00281,0.00498,0.02278,0.01001,0.04742,0.01171,0.04325,0.00896,-0.00358,0.12759,174.95921,1.38036,0.01216,0.00627,0.09126,0.04283,0.15419,0.0597,0.12504,0.06665,0.07104,0.32367
2022-08-01,180.78777,1.38721,0.03051,0.02332,0.10768,0.05819,0.14148,0.03031,0.07122,-0.04379,-0.00916,0.06629,128.43669,1.18472,0.00467,0.00571,0.03389,0.0221,0.04329,0.02002,0.05572,0.03081,0.05503,0.10762,144.81798,1.24355,0.01088,0.00442,0.05179,0.03936,0.06203,0.03579,0.06008,0.03269,0.04203,0.09408,118.42872,1.17893,0.00359,-0.00439,0.0604,0.04003,0.0598,0.00345,0.04359,0.00355,0.00668,-0.00212,131.63254,1.18957,0.01595,0.00545,0.04991,0.02238,0.07256,0.02923,0.06706,0.01956,0.06257,0.11464,180.43782,1.39222,0.00167,-0.00896,0.04213,0.01433,0.04262,-0.00103,0.02244,-0.01458,0.00827,0.12531,174.06576,1.38014,0.04598,0.01775,0.20001,0.12074,0.18957,0.08974,0.10483,0.06172,0.0872,0.32314
2022-08-08,184.18031,1.40093,0.05412,0.02725,0.10687,0.03252,0.09785,-0.01233,0.04476,-0.06073,-0.01059,0.05448,129.05617,1.19141,0.01663,0.01071,0.03252,0.01375,0.03806,0.01136,0.05308,0.02249,0.06099,0.10353,145.98341,1.2512,0.02104,0.01071,0.05288,0.03433,0.04912,0.0212,0.05508,0.02597,0.04133,0.07876,118.93185,1.18077,0.02405,0.01239,0.08738,0.04951,0.07207,0.00238,0.02896,-0.00764,0.02231,-0.00033,132.90644,1.19717,0.02124,0.00401,0.05623,0.02389,0.05731,0.01193,0.05191,0.00979,0.05745,0.10321,180.94538,1.39102,0.01991,0.00503,0.04774,0.02093,0.04193,-0.00048,0.01796,-0.01573,0.02367,0.1281,177.087,1.38663,0.07815,0.03656,0.17003,0.09009,0.16006,0.07055,0.08245,0.06739,0.07818,0.29859
2022-08-15,186.30414,1.41053,0.07488,0.03487,0.10878,0.0068,0.08796,-0.0162,0.01979,-0.08342,-0.00344,0.05221,129.0366,1.19044,0.02908,0.01639,0.03387,0.01175,0.0423,0.01571,0.05741,0.02502,0.05688,0.0968,146.39367,1.24796,0.04047,0.03494,0.05261,0.03176,0.0494,0.01837,0.05656,0.02899,0.04186,0.07975,118.85361,1.17454,0.05661,0.04442,0.06906,0.02297,0.0875,0.02806,0.02098,-0.01418,0.02141,0.00452,133.73227,1.19503,0.03342,0.01693,0.04836,0.0175,0.05245,0.01554,0.04102,0.00519,0.04773,0.10102,180.73929,1.38326,0.04039,0.02329,0.04493,0.01323,0.04336,0.00868,0.02385,-0.00488,0.03285,0.13206,182.06857,1.39789,0.14727,0.103,0.12381,0.05167,0.14421,0.07884,0.05612,0.07672,0.04545,0.26479
2022-08-22,194.14904,1.42817,0.05004,0.00528,0.05809,-0.01477,0.04138,-0.04339,-0.02506,-0.10506,-0.04709,0.02455,131.20227,1.20212,0.01563,0.00305,0.0202,0.00296,0.03055,0.0098,0.03774,0.01187,0.03853,0.08104,149.05529,1.26191,0.03118,0.02362,0.03647,0.01998,0.03547,0.00914,0.0365,0.01568,0.01804,0.06128,121.7925,1.19316,0.06184,0.03711,0.032,-0.00442,0.05413,0.002,-0.00747,-0.0228,-0.00545,-0.00405,135.72999,1.20117,0.03426,0.01988,0.03433,0.01177,0.04669,0.01667,0.02533,0.00308,0.03313,0.09554,184.54807,1.39605,0.02729,0.0159,0.02409,0.00169,0.0273,0.00787,0.00528,-0.02102,0.00069,0.10398,190.92682,1.42319,0.08522,0.05352,0.05766,0.01687,0.05685,0.01907,-0.00243,0.05207,-0.00502,0.22496
2022-08-29,200.25467,1.44539,0.03154,-0.02806,0.03052,-0.02787,0.00627,-0.06466,-0.05921,-0.12861,-0.06893,0.01558,132.78943,1.20682,0.00465,-0.00463,0.00909,-0.00208,0.02117,0.00386,0.01914,0.00505,0.02557,0.07488,152.31868,1.2829,0.01167,-0.00318,0.00974,-0.00356,0.01335,-0.01113,-0.00104,-0.01207,-0.00728,0.04289,125.5816,1.21896,0.01179,-0.02145,-0.00056,-0.03658,0.00287,-0.02401,-0.05667,-0.04497,-0.05925,-0.0515,138.2021,1.21196,0.01445,0.00057,0.02157,0.00685,0.02737,0.00183,-0.00272,-0.01115,0.01194,0.08405,188.03926,1.40655,0.00436,-0.01007,0.00047,-0.01536,0.00108,-0.01156,-0.02545,-0.0358,-0.03083,0.08211,208.88118,1.50089,-0.02045,-0.05133,-0.0087,-0.03101,-0.05767,-0.05388,-0.11468,-0.04161,-0.09695,0.12756
2022-09-05,203.86457,1.43345,0.00767,-0.02005,-0.00815,-0.04485,-0.05004,-0.09003,-0.10112,-0.14362,-0.08814,0.02444,133.25333,1.20517,0.0045,-9e-05,0.00536,-0.0024,0.01756,0.01037,0.01659,0.00803,0.02514,0.07685,153.70245,1.28553,0.00513,-0.00364,-0.00357,-0.01314,-0.0012,-0.00929,-0.01323,-0.01619,-0.01482,0.03753,129.3242,1.23028,-0.02811,-0.04154,-0.01408,-0.04713,-0.04434,-0.04781,-0.08924,-0.08853,-0.09063,-0.06447,140.37983,1.22106,7e-05,-0.00811,0.00102,-0.01195,0.00057,-0.01193,-0.01959,-0.01849,-0.00594,0.07699,189.58429,1.41195,-0.00311,-0.01421,-0.00555,-0.02141,-0.02689,-0.03431,-0.04065,-0.04901,-0.04901,0.06466,207.19706,1.47672,-0.02539,-0.03666,-0.00852,-0.01954,-0.07184,-0.03485,-0.09849,0.01616,-0.10312,0.11897
2022-09-12,206.57052,1.41733,-0.00099,0.00019,-0.01878,-0.02301,-0.06848,-0.07713,-0.12836,-0.12553,-0.10124,0.01989,133.40676,1.20219,0.00442,0.00255,0.00816,0.00396,0.01874,0.01171,0.00641,0.0026,0.02224,0.07394,154.09614,1.27972,-0.00191,-0.00038,-0.00306,-0.01339,-0.00047,-0.00256,-0.02458,-0.021,-0.02051,0.03625,127.06205,1.19751,-0.0122,-0.01513,0.01725,0.00509,-0.03688,-0.02438,-0.07693,-0.04905,-0.092,-0.06106,140.19946,1.21252,0.00702,0.00628,0.0039,-0.00195,-0.00281,-0.00556,-0.02436,-0.01481,-0.01221,0.07917,188.85965,1.39648,-0.00387,-0.00529,-0.0015,-0.00454,-0.0247,-0.02119,-0.04725,-0.03964,-0.0579,0.06185,204.61033,1.44956,0.01199,0.02032,0.01815,0.02717,-0.06315,0.00446,-0.07813,0.07591,-0.09839,0.13282
2022-09-19,205.42788,1.4134,-0.0157,-0.0248,-0.0158,-0.02862,-0.07515,-0.08629,-0.1403,-0.12724,-0.11989,0.00728,133.85294,1.20508,0.00086,-0.00231,0.01014,0.00684,0.01936,0.01037,0.00626,0.00055,0.01377,0.06687,154.49066,1.28189,-0.00865,-0.0095,-0.00096,-0.01085,0.00119,-0.00494,-0.02411,-0.02096,-0.02206,0.03712,125.68951,1.18874,0.01443,-0.00559,0.02145,0.00642,-0.03455,-0.02839,-0.0416,0.00121,-0.09988,-0.05101,140.39024,1.21294,0.00095,-0.00384,0.01194,0.00491,-0.00835,-0.01273,-0.02384,-0.01438,-0.01632,0.07967,188.994,1.39774,-0.00244,-0.0072,0.00313,0.00617,-0.02087,-0.01936,-0.04714,-0.03368,-0.06601,0.05263,201.93636,1.44006,0.01731,0.01712,-0.00077,0.00221,-0.04778,0.03455,-0.07526,0.09178,-0.09741,0.14582
2022-09-26,206.3659,1.41752,-0.0178,-0.02319,-0.02353,-0.03678,-0.08277,-0.09441,-0.14436,-0.10274,-0.10446,0.01968,133.99702,1.20474,0.00372,0.0014,0.01197,0.00594,0.01609,0.00925,-0.00103,-0.00629,0.02104,0.07592,153.80172,1.27934,-0.00115,-0.01301,0.00357,-0.00757,0.00451,-0.00176,-0.02758,-0.02447,-0.00368,0.06308,125.51132,1.18238,0.02982,0.02022,0.00343,0.01257,-0.03688,-0.01201,-0.06995,-0.01694,-0.07624,-0.00808,141.18347,1.21881,-0.0031,-0.00824,0.00568,-0.00502,-0.01428,-0.01455,-0.03858,-0.0237,-0.00838,0.09043,188.12789,1.39119,0.00239,0.00075,0.00061,0.0038,-0.01384,-0.01616,-0.05498,-0.03679,-0.05371,0.07551,207.06425,1.46988,0.00609,0.00685,-0.0494,-0.02287,-0.08017,0.00539,-0.11399,0.0557,-0.09608,0.15359
2022-10-03,202.20234,1.3886,-0.0001,-0.00381,-0.04223,-0.04518,-0.06827,-0.07182,-0.14316,0.13344,-0.07291,0.06083,133.9682,1.20277,0.00927,0.00915,0.01213,0.01276,0.01017,0.0091,-0.01088,0.09427,0.03407,0.09335,153.15393,1.27239,0.00776,-0.00135,0.00238,0.00385,-0.00649,-0.00156,-0.03121,0.08419,0.01548,0.08732,127.50309,1.18315,0.00692,0.01201,-0.03069,-0.00068,-0.07089,-0.00916,-0.08408,0.07385,-0.07135,0.02073,140.52324,1.2091,0.01098,0.00875,-0.00045,3e-05,-0.01919,-0.0083,-0.04049,0.08943,0.00384,0.10816,188.53218,1.39054,0.00559,0.01337,-0.02146,-0.0129,-0.028,-0.01979,-0.06106,0.14899,-0.05019,0.08656,205.43141,1.45718,-0.01777,-0.01491,-0.06386,-0.01531,-0.09981,0.0021,-0.12671,0.26682,-0.07987,0.17722
2022-10-10,202.69193,1.39433,-0.00583,-0.01359,-0.05066,-0.05413,-0.09591,-0.1045,-0.14442,0.10358,-0.07713,0.04636,134.49514,1.20615,0.00822,0.00453,0.0105,0.00776,0.00721,0.00705,-0.00633,0.09124,0.02375,0.08348,153.62507,1.26633,0.00473,0.00544,0.0026,0.01083,-0.01273,0.00301,-0.02013,0.09006,0.00939,0.08566,129.25377,1.2026,-0.02563,-0.00765,-0.05321,-0.02947,-0.08874,-0.06085,-0.09944,0.0411,-0.10349,-0.02815,140.74644,1.21057,0.0088,0.00321,-0.00669,-0.00361,-0.02214,-0.00801,-0.02672,0.08951,-0.00636,0.09445,188.57682,1.39194,-0.00177,0.00305,-0.02324,-0.01665,-0.03552,-0.029,-0.05337,0.13696,-0.05945,0.0654,208.32481,1.47673,-0.05515,-0.02973,-0.07986,-0.02271,-0.10337,0.01615,-0.14047,0.23548,-0.10501,0.13081
2022-10-17,202.1822,1.38479,-0.04213,-0.04137,-0.0603,-0.05768,-0.10944,-0.09298,-0.13493,0.09417,-0.06636,0.0638,135.20991,1.21192,0.00284,0.00361,0.00913,0.00353,-0.00701,-0.00713,-0.00685,0.08663,0.01956,0.07903,154.34182,1.27104,-0.00534,0.0052,0.00215,0.00591,-0.02614,-0.01232,-0.02718,0.07583,0.00281,0.07881,128.38542,1.19516,-0.03735,-0.01269,-0.05482,-0.03481,-0.08644,-0.0467,-0.1007,0.0355,-0.08777,-0.00828,142.06678,1.21785,-0.01131,-0.00872,-0.02006,-0.01764,-0.03718,-0.02014,-0.03355,0.08318,-0.01841,0.0856,189.58647,1.40392,-0.0269,-0.02627,-0.02393,-0.02553,-0.0509,-0.04707,-0.05878,0.11126,-0.06114,0.06179,201.7801,1.44227,-0.04692,-0.0004,-0.04705,0.03234,-0.0652,0.0832,-0.092,0.28613,-0.10058,0.13218
2022-10-24,201.51061,1.38074,-0.04509,-0.04054,-0.06067,-0.05763,-0.12358,-0.09457,-0.11876,0.08493,-0.06,0.06612,135.601,1.21068,0.00225,0.00322,0.00407,0.00331,-0.00672,-0.00505,-0.00689,0.08403,0.01081,0.07453,154.35148,1.27177,-0.00212,0.00539,0.00093,0.00581,-0.02323,-0.01084,-0.02454,0.07075,-0.00449,0.07467,125.94162,1.19495,-0.02831,-0.02183,-0.04017,-0.02459,-0.04352,-0.005,-0.07254,-0.01939,-0.07418,-0.0055,141.98505,1.21378,-0.01535,-0.00682,-0.01984,-0.00953,-0.0348,-0.01522,-0.02377,0.09117,-0.01942,0.08899,188.24234,1.39499,-0.0215,-0.0197,-0.01444,-0.01996,-0.04333,-0.03093,-0.04489,0.11863,-0.05001,0.0647,196.8355,1.44701,-0.02615,0.00701,-0.03237,0.02826,-0.0513,0.08483,-0.048,0.25703,-0.08192,0.11266
2022-10-31,193.66368,1.34342,-0.01897,-0.01631,-0.02719,-0.02664,-0.08824,-0.02864,-0.07504,0.11008,-0.03325,0.0978,135.59325,1.21553,0.00628,-8e-05,-0.00194,-0.00367,-0.01279,-0.01708,-0.00065,0.07681,0.00212,0.06074,153.51797,1.27624,0.00753,0.00071,-0.00885,-0.00541,-0.02578,-0.02137,-0.01703,0.06138,-0.0103,0.06042,123.59054,1.18247,-0.01815,-0.02212,-0.04148,-0.00848,-0.0555,-0.01703,-0.03536,-0.00567,-0.07062,-0.00899,140.46017,1.20913,-0.00885,-0.00892,-0.01875,-0.00833,-0.03363,-0.01403,-0.00421,0.09508,-0.01516,0.08536,184.48696,1.37764,0.00305,0.00074,-0.00668,-0.00689,-0.03633,-0.02324,-0.01386,0.13989,-0.0364,0.06812,192.31252,1.44187,-0.00013,0.03274,-0.0384,0.01742,-0.04602,0.08371,-0.01596,0.26141,-0.08521,0.09109
2022-11-07,192.42369,1.3402,-0.01632,-0.01709,-0.04767,-0.05038,-0.09962,0.18184,-0.05298,0.11521,-0.03784,0.08172,135.9067,1.2139,0.00181,9e-05,-0.00326,-0.0007,-0.02499,0.08313,0.00751,0.08104,0.00268,0.05962,154.02404,1.27716,0.00306,0.00042,-0.01529,-0.00783,-0.03668,0.07941,-0.01303,0.05279,-0.00948,0.05342,122.37644,1.17313,-0.0122,-0.00276,-0.03753,-0.03138,-0.04571,0.08387,-0.00647,0.00732,-0.03924,0.01784,139.80554,1.20696,-0.00456,-0.00271,-0.01556,-0.0044,-0.03556,0.09157,0.00527,0.09341,-0.0117,0.08022,184.19523,1.37529,0.00721,-0.00026,-0.01258,-0.01234,-0.03895,0.16425,0.00561,0.14383,-0.02065,0.07843,191.68842,1.45402,-0.00639,0.02124,-0.02555,0.03886,-0.0641,0.26997,-0.00394,0.2312,-0.0903,0.05801
2022-11-14,189.99079,1.32711,-0.00838,-0.01033,-0.05229,-0.03531,-0.08723,0.1708,-0.02278,0.13563,-0.01515,0.11121,136.44419,1.21545,-0.00816,-0.00359,-0.016,-0.01066,-0.02053,0.08193,-0.0005,0.07179,-0.00571,0.04899,154.67413,1.27695,-0.01626,-0.00612,-0.02823,-0.01823,-0.02677,0.07944,-0.01392,0.05076,-0.01665,0.04402,121.34701,1.16035,-0.02375,0.01364,-0.03346,-0.01189,-0.04076,0.08334,0.00043,0.01871,-0.06439,-0.00722,139.21755,1.20021,-0.00999,0.00059,-0.01748,-0.0025,-0.01603,0.09986,0.00645,0.09583,-0.01152,0.07634,185.04988,1.37838,-0.00971,-0.00763,-0.02763,-0.02154,-0.03533,0.15052,0.00879,0.13694,-0.04571,0.04401,192.28716,1.47461,-0.03828,-0.01533,-0.01905,0.05086,-0.06878,0.2376,-0.01011,0.18808,-0.08161,0.03404
2022-11-21,189.28413,1.32311,-0.03187,-0.03329,-0.06697,-0.03695,-0.07598,0.15585,-0.0226,0.12962,-0.01409,0.12526,136.15328,1.21399,-0.00506,-0.00079,-0.01075,-0.00836,-0.01373,0.08456,0.00077,0.06917,-0.00448,0.04838,154.49568,1.27758,-0.01829,-0.00825,-0.02414,-0.01665,-0.02815,0.06928,-0.01781,0.04561,-0.02026,0.03824,120.88305,1.17037,-0.02564,-0.02862,-0.00349,0.01959,-0.04489,0.0603,0.00204,0.01875,-0.0669,-0.02442,139.16739,1.20425,-0.01105,-0.00169,-0.01526,-0.00569,-0.01341,0.09677,0.00762,0.09246,-0.00606,0.07603,185.52332,1.37503,-0.01965,-0.01209,-0.02931,-0.01097,-0.03817,0.14015,-0.00457,0.125,-0.0448,0.0527,190.46327,1.47527,-0.01929,0.01761,-0.01956,0.05658,-0.03804,0.25313,-0.0026,0.17289,-0.0674,0.02875
2022-11-28,188.39788,1.31678,-0.04428,-0.02498,-0.06275,-0.002,-0.05743,0.14889,-0.01034,0.14419,-0.03495,0.10688,135.33067,1.21187,-0.0079,-0.00708,-0.01088,-0.01341,-0.0049,0.08284,0.00631,0.06983,0.00583,0.05214,152.15951,1.27083,-0.01217,-0.01211,-0.01708,-0.01596,-0.01049,0.07169,-0.00625,0.05496,-0.01019,0.03744,118.46445,1.17399,-0.00994,-0.02553,-0.01463,-0.00855,-0.014,0.00157,-0.00274,-0.00653,-0.05982,-0.03288,137.82644,1.2008,-0.00756,-0.00309,-0.01516,-0.0057,0.00569,0.10415,0.01469,0.0952,0.00779,0.07987,183.25371,1.37075,-0.0181,-0.01391,-0.02985,-0.01635,-0.01889,0.14287,-0.00552,0.11792,-0.03598,0.04387,184.92702,1.45928,0.01999,0.06619,-0.00792,0.0663,0.01331,0.24475,0.02002,0.16917,-0.05043,0.00254
2022-12-05,183.25077,1.28983,-0.03625,-0.00366,-0.05455,0.23221,-0.02248,0.16367,0.01443,0.16807,0.00188,0.13562,135.46425,1.2132,-0.00571,-0.00757,-0.02181,0.08384,0.0003,0.07914,0.00841,0.06881,0.00649,0.05186,151.66923,1.26934,-0.00595,-0.00841,-0.02172,0.08724,-0.00504,0.06828,-0.00162,0.05372,-0.00281,0.03688,117.78322,1.14175,0.02273,0.0482,-0.00849,0.11525,0.0122,0.03506,-0.00152,0.02405,-0.02431,0.02555,137.62966,1.20256,-0.00426,-0.004,-0.02032,0.09597,0.01627,0.10165,0.01392,0.09548,-0.00747,0.05961,181.87768,1.36294,-0.00985,0.00111,-0.0267,0.17659,0.00029,0.15459,-0.00871,0.11367,-0.02546,0.04482,186.78992,1.49288,-0.00028,0.03896,-0.03956,0.23112,0.01314,0.2104,-0.00513,0.10281,-0.06258,-0.04874
2022-12-12,180.05527,1.2918,-0.01933,0.02298,-0.03686,0.2061,0.01208,0.16361,0.03112,0.14542,0.0432,0.16711,134.26172,1.20479,-0.003,-0.00634,-0.00461,0.0926,0.01986,0.09015,0.01574,0.07134,0.02026,0.06618,150.30783,1.25872,-0.00497,-0.00385,0.0015,0.09767,0.01137,0.07123,0.00418,0.05725,0.00552,0.04315,117.28725,1.14846,-0.00474,0.01698,-0.00756,0.09523,0.03664,0.03199,-0.01632,-0.01201,-0.00296,0.02767,136.78416,1.19771,-0.00766,-0.00261,0.00147,0.10236,0.02747,0.10266,0.01246,0.09398,0.00453,0.06808,179.93613,1.35684,-0.01196,-0.00244,-0.00792,0.17206,0.02942,0.16227,-0.01118,0.10149,-0.00139,0.05834,188.62402,1.52547,-0.02737,0.00011,-0.0507,0.18674,0.01224,0.15976,-0.02198,0.05692,-0.05607,-0.06587
2022-12-19,176.60727,1.28616,-0.01898,0.23587,-0.00966,0.19279,0.05128,0.17658,0.02374,0.13452,0.03197,0.13352,134.69026,1.20563,-0.01618,0.09141,-0.00302,0.09293,0.01252,0.08161,0.00746,0.06633,0.00663,0.05069,150.76621,1.26093,-0.01586,0.09565,-0.00411,0.08594,0.01164,0.06678,0.0021,0.05808,0.00383,0.0391,120.46093,1.18995,-0.03053,0.06705,-0.04154,0.04071,0.00778,-0.01089,-0.06081,-0.05222,-0.08061,-0.06979,137.04381,1.19856,-0.01613,0.09997,0.00188,0.10247,0.02241,0.09748,0.0077,0.09405,0.00401,0.06601,180.08548,1.36406,-0.01702,0.17548,-0.00913,0.15112,0.0366,0.15126,-0.01981,0.08631,-0.02798,0.01045,186.73778,1.53184,-0.03929,0.19215,-0.01885,0.19656,0.01931,0.13084,-0.02395,0.05404,-0.05414,-0.10488
2022-12-26,176.57524,1.31478,-0.01788,0.18313,0.00569,0.15089,0.04775,0.13795,0.04663,0.12242,0.05594,0.13513,133.85876,1.19845,-0.00161,0.09893,0.00604,0.09625,0.01792,0.08471,0.02209,0.08221,0.0237,0.06285,149.5605,1.25487,0.0065,0.10152,0.0067,0.08765,0.0146,0.06832,0.02457,0.08755,0.01483,0.04937,116.73185,1.16544,-0.00284,0.07825,0.00064,0.01012,0.03767,0.02367,-0.00677,0.00885,-0.01396,-0.00312,135.73638,1.1951,0.0092,0.10497,0.02117,0.10985,0.03309,0.10161,0.03142,0.11414,0.02736,0.08175,177.78407,1.3544,0.00409,0.1745,0.01129,0.15922,0.03876,0.14563,0.00134,0.1123,0.01081,0.04456,183.46168,1.52558,-0.02398,0.18663,0.0214,0.17845,0.03547,0.12257,0.02021,0.09789,-0.01165,-0.07317
2023-01-02,173.25446,1.52204,0.00951,-0.04308,0.03392,-0.06854,0.07617,-0.06106,0.08199,-0.07261,0.0693,-0.07968,132.51036,1.29704,0.01338,0.00152,0.0226,-0.00469,0.02773,-0.01534,0.04545,-0.00092,0.02726,-0.04811,148.37435,1.35658,0.01195,-0.00971,0.01705,-0.01896,0.0191,-0.03079,0.04819,0.00314,0.01999,-0.05776,116.78285,1.257,-0.01136,-0.02633,0.02087,-0.08019,0.01162,-0.08954,0.0139,-0.05312,-0.00982,-0.10351,134.83337,1.29853,0.0183,0.0025,0.03734,0.00568,0.03722,-0.00253,0.04621,0.01873,0.02387,-0.03875,177.0209,1.53953,0.00803,-0.02436,0.02773,-0.022,0.0295,-0.05087,0.01158,-0.06243,0.00536,-0.15704,179.40141,1.724,0.02127,0.0044,0.05486,-0.02072,0.05144,-0.09554,0.05363,-0.08959,-0.0465,-0.33277
2023-01-09,173.41837,1.49791,0.02399,-0.03224,0.05081,-0.0425,0.07195,-0.04001,0.07866,-0.05722,0.06801,-0.07743,133.64334,1.29739,0.00766,-0.00268,0.02458,-0.00245,0.02215,-0.01537,0.03027,-0.00776,0.01551,-0.05504,150.53306,1.35639,0.0002,-0.01387,0.00985,-0.02644,0.00592,-0.03334,0.03012,-0.0044,0.00043,-0.0659,116.40046,1.24369,0.00348,-0.06813,0.04454,-0.06325,0.01034,-0.07789,-0.0045,-0.06924,0.01202,-0.07789,136.98544,1.30008,0.01186,0.00487,0.02596,0.0003,0.01869,-0.00204,0.02092,0.00495,0.00502,-0.04772,178.51168,1.5289,0.00717,-0.01528,0.03763,-0.00979,0.00998,-0.05229,-0.00641,-0.07156,-0.00679,-0.15577,179.06163,1.71221,0.0465,-0.00817,0.06629,-0.02698,0.0378,-0.11652,0.04126,-0.10466,-0.05621,-0.3642
2023-01-16,174.90163,1.47896,0.02418,-0.02546,0.06153,-0.01622,0.0615,-0.04173,0.07927,-0.03037,0.05326,-0.06434,134.2837,1.29855,0.00909,-0.00621,0.01558,-0.01131,0.01557,-0.02243,0.02659,-0.0076,0.01369,-0.05216,150.14688,1.34687,0.00504,-0.00925,0.01582,-0.01916,0.00525,-0.0309,0.03083,0.00299,0.00323,-0.05735,115.45639,1.23067,0.0326,-0.05386,0.05147,-0.05161,-0.00072,-0.09422,0.01438,-0.04378,0.02698,-0.05864,137.30098,1.30103,0.0187,0.00318,0.0205,-0.00498,0.00865,-0.00933,0.01566,0.00242,0.01004,-0.04247,178.44211,1.51518,0.01955,0.00235,0.04615,0.00014,-0.0029,-0.05685,-0.0025,-0.04947,-0.00833,-0.14896,183.2172,1.7284,0.03289,-0.02512,0.03889,-0.06571,0.00688,-0.14601,-0.00945,-0.15395,-0.08516,-0.39059
2023-01-23,177.57912,1.46567,0.02619,-0.01026,0.04182,-0.01294,0.01813,-0.04499,0.06668,-0.01881,0.03425,-0.06766,134.66716,1.29471,0.01679,0.00023,0.01181,-0.01154,0.00764,-0.02275,0.01782,-0.0095,0.01093,-0.04747,150.56297,1.34253,0.00965,-0.01257,0.00785,-0.01933,0.00345,-0.02351,0.02056,0.00392,0.00115,-0.05501,116.80602,1.17556,0.04091,0.00488,0.03701,0.01355,-0.03142,-0.03783,-0.00177,0.01389,0.02522,0.00277,138.61001,1.30495,0.01394,-0.00458,0.01167,-0.00824,-0.00369,-0.01234,0.00446,-0.00218,0.00221,-0.04508,179.79211,1.51362,0.03024,0.00549,0.02716,-0.01359,-0.01821,-0.06325,-0.00536,-0.05393,-0.01514,-0.15345,187.38755,1.70404,0.01892,-0.01881,0.01377,-0.05588,-0.02733,-0.11815,-0.03564,-0.14437,-0.10755,-0.38462
2023-01-30,179.131,1.4535,0.03647,0.00924,0.04086,0.00748,0.0317,-0.0163,0.04519,-0.01228,-0.00257,-0.08254,135.50493,1.29234,0.00643,-0.0051,0.00502,-0.01064,0.00968,-0.01168,0.00277,-0.01607,-0.00423,-0.04772,150.90431,1.33762,0.01072,-0.00991,0.00202,-0.01183,0.01545,0.00479,0.00684,-0.00096,-0.01074,-0.05574,119.21992,1.17681,0.01827,0.00225,-0.00906,-0.00935,-0.0275,-0.00251,-0.03654,-0.00332,0.01238,0.02469,139.86855,1.30421,0.00177,-0.00817,-0.00012,-0.00821,0.00094,0.00503,-0.01099,-0.00973,-0.00665,-0.04862,181.93037,1.51753,0.02609,-0.00221,0.00172,-0.02887,-0.02148,-0.05083,-0.02286,-0.07177,-0.0334,-0.16069,189.24349,1.70328,0.00581,-0.04059,-0.00324,-0.07483,-0.01096,-0.07981,-0.07038,-0.17032,-0.13909,-0.4115
2023-02-06,182.22974,1.45541,0.01523,-0.00268,0.02012,0.00248,0.0287,-0.00598,0.01598,-0.03349,-0.00547,-0.0769,136.92781,1.29494,-0.00489,-0.01177,-0.00237,-0.01293,0.01172,0.00118,-0.0048,-0.02141,-0.01846,-0.05419,152.01641,1.32995,-0.00179,-0.00676,-0.0039,-0.00689,0.02308,0.02976,0.0036,0.00063,-0.01721,-0.04947,121.58505,1.18045,-0.00375,0.00867,-0.03274,-0.01464,-0.02615,0.02343,-0.03299,0.01052,-0.00658,0.01872,140.54169,1.30037,-0.00224,-0.00366,-0.00709,-0.00233,0.00371,0.01688,-0.01687,-0.0132,-0.01156,-0.04907,185.22911,1.51911,-0.00299,-0.01908,-0.02664,-0.0425,-0.03325,-0.04201,-0.02612,-0.06539,-0.05143,-0.1684,190.93237,1.68523,-0.00505,-0.03707,-0.02672,-0.08954,-0.01,-0.05082,-0.0867,-0.17319,-0.16025,-0.42976
2023-02-13,185.66321,1.46274,0.00424,-0.00176,-3e-05,-0.02552,0.00752,-0.02206,0.0078,-0.02442,-0.01533,-0.07861,136.37621,1.28724,-0.0014,-0.00554,-1e-05,-0.01111,0.00962,0.00239,-0.00521,-0.0228,-0.01944,-0.05355,152.52164,1.32771,-0.00861,-0.00192,-0.0104,-0.01174,0.01669,0.02428,-0.00277,-0.00674,-0.02213,-0.05628,121.3986,1.17906,-0.02684,-0.0116,-0.04964,-0.04261,-0.04548,-0.00461,-0.06479,-0.02593,-0.00212,0.01808,140.11561,1.29605,-0.00188,-4e-05,-0.01161,-0.00435,-0.00188,0.00898,-0.01786,-0.01949,-0.00418,-0.0492,186.67717,1.51532,-0.02376,-0.02666,-0.04689,-0.05699,-0.04987,-0.05798,-0.05403,-0.09293,-0.05311,-0.1625,190.34316,1.66269,-0.009,-0.03423,-0.03081,-0.0803,-0.02046,-0.05514,-0.07223,-0.15403,-0.14854,-0.41834
2023-02-20,185.006,1.45273,0.00481,0.00516,-0.02274,-0.03205,0.02032,-0.00414,0.0087,-0.00436,0.01957,-0.06518,136.25806,1.28317,0.00253,-0.00115,-0.00413,-0.01121,0.01172,0.00779,-0.00524,-0.02079,-0.01977,-0.05941,151.74419,1.32319,-0.00211,-0.00013,-0.00436,-0.00418,0.01998,0.02667,-0.00249,-0.00736,-0.01905,-0.06299,121.12928,1.18911,-0.0291,-0.02331,-0.06599,-0.05138,-0.03313,-0.00223,-0.06879,-0.04317,0.01214,0.01196,140.22733,1.29671,-0.00486,0.00133,-0.01518,-0.0041,-0.00553,0.00674,-0.01357,-0.01643,7e-05,-0.05565,184.67552,1.50003,-0.02373,-0.02342,-0.04417,-0.04966,-0.03617,-0.03433,-0.04042,-0.0723,-0.03227,-0.1481,189.96826,1.64816,-0.02178,-0.05247,-0.04055,-0.06227,-0.04465,-0.07371,-0.06497,-0.14414,-0.12445,-0.40833
2023-02-27,186.45039,1.46098,-0.00425,-0.02375,-0.0088,-0.02378,0.01593,-0.01412,-0.02487,-0.03732,0.01779,-0.09128,136.18483,1.2817,0.00139,-0.00557,0.00464,-0.00103,0.00648,0.00351,-0.00048,-0.01769,-0.01517,-0.06279,151.20904,1.32579,-0.00181,-0.00982,0.0134,0.01663,0.0162,0.02065,-0.00397,-0.01752,-0.02591,-0.08523,118.14035,1.16746,-0.02342,-0.03102,-0.01861,0.00684,-0.01304,0.02199,-0.05725,-0.02635,0.02821,0.01162,139.85169,1.296,-0.00975,-0.00431,0.00106,0.01324,-0.00446,0.00677,-0.00681,-0.01533,0.0009,-0.06848,182.24246,1.48866,-0.02369,-0.03033,-0.02315,-0.02196,-0.01874,-0.02897,-0.03064,-0.07404,-0.0241,-0.15833,188.63003,1.62845,-0.02201,-0.04607,-0.00774,-0.00498,-0.04199,-0.06878,-0.06907,-0.16663,-0.11265,-0.42576
2023-03-06,185.89595,1.45789,-0.02742,-0.03721,0.00841,-0.00846,0.00715,-0.01668,-0.01237,-0.03245,0.05386,-0.08039,136.6034,1.28201,-0.00665,-0.01006,0.01412,0.01411,-0.00529,-0.00574,-0.0019,-0.01695,-0.02871,-0.08201,151.42392,1.32306,-0.00226,-0.00404,0.02708,0.03666,0.00339,0.0136,-0.00119,-0.01684,-0.03124,-0.09615,117.60403,1.1658,-0.038,-0.02807,0.00682,0.03808,-0.02331,0.00768,-0.02282,0.0015,0.02915,-0.01441,139.54557,1.29804,-0.01037,-0.00543,0.01088,0.01922,-0.0087,-0.00356,-0.02109,-0.03587,-0.00392,-0.08901,180.29369,1.47661,-0.02094,-0.02624,-0.00678,0.00049,-0.01399,-0.03085,-0.01689,-0.06885,-0.01379,-0.15236,185.83083,1.59569,-0.01918,-0.0098,0.01718,0.03872,-0.0533,-0.06273,-0.05774,-0.15155,-0.082,-0.37984
2023-03-13,185.65828,1.43722,-0.00457,-2e-05,0.00754,0.00346,-0.00278,-0.01531,0.01172,0.02169,0.06832,-0.07634,136.37439,1.27613,0.00324,0.00454,0.00964,0.0135,-0.00076,-0.0026,0.00445,-0.00515,-0.02783,-0.08139,150.93557,1.31597,0.01524,0.02645,0.02738,0.03602,0.01078,0.01462,0.00134,-0.01409,-0.01711,-0.08394,115.37294,1.13645,0.00493,0.03785,0.00437,0.03801,0.01908,0.05452,0.01358,0.03969,0.08132,0.03932,138.48819,1.2917,0.01092,0.01755,0.00985,0.01333,-0.0023,-0.00452,-0.00783,-0.0259,0.01274,-0.07871,177.9244,1.45833,0.00055,0.00837,-0.00313,-0.00099,0.01387,-0.00461,0.0099,-0.04315,0.01245,-0.12633,184.47791,1.58239,0.01459,0.04109,0.01069,0.02516,-0.05475,-0.07035,-0.03486,-0.12279,-0.06368,-0.35868
2023-03-20,180.79909,1.42068,0.03684,0.02875,0.04407,0.0279,0.03491,0.01764,0.00805,-0.001,0.07573,-0.08252,135.69544,1.27196,0.02091,0.02417,0.01591,0.019,-0.00022,-0.00752,-0.00082,-0.01564,-0.02806,-0.08457,151.08236,1.31901,0.0294,0.0407,0.02445,0.03084,0.00673,0.00196,0.00173,-0.01899,-0.02052,-0.09112,113.13562,1.13773,0.04658,0.06615,0.03519,0.04916,0.00351,0.0154,-0.02108,-0.01757,0.10604,0.04574,138.09856,1.29261,0.02147,0.02465,0.0098,0.01084,-0.00351,-0.01605,-0.00366,-0.02804,0.01614,-0.08021,176.51801,1.45037,0.01446,0.02673,0.00837,0.01534,0.00042,-0.02798,-0.00834,-0.07587,0.01514,-0.12513,182.26573,1.58589,0.03707,0.04852,-0.00428,-0.01144,-0.03111,-0.07724,-0.03093,-0.15893,-0.06875,-0.37547
2023-03-27,184.80935,1.4372,0.01217,0.00348,0.02495,0.00966,0.00978,0.01117,0.0089,0.01271,0.042,-0.11443,136.81636,1.28067,0.00638,0.00896,0.00183,0.00454,-0.0093,-0.01829,0.00157,-0.01937,-0.03927,-0.09888,153.2355,1.34242,0.01196,0.00957,0.00276,0.00402,-0.0122,-0.02659,-0.0095,-0.03818,-0.04098,-0.12002,115.94188,1.1743,-0.00056,0.00016,0.00567,0.01516,-0.02713,-0.02835,-0.00724,-0.01197,0.07308,-0.00225,140.00061,1.30924,-0.00106,-0.00422,-0.00552,-0.00647,-0.01198,-0.02896,-0.00394,-0.03239,-0.00374,-0.10516,178.0228,1.4667,-0.00369,-0.00936,0.00452,-0.00701,-0.00456,-0.03897,0.00946,-0.06774,0.01154,-0.13504,187.16921,1.62347,-0.00385,-0.01593,-0.03451,-0.0638,-0.05099,-0.11945,-0.03123,-0.17106,-0.09179,-0.41677
2023-04-03,187.45962,1.44943,0.00697,-0.00085,-0.00125,-0.00821,-0.03012,-0.02577,-0.01173,-0.00707,0.02146,-0.13445,138.53282,1.29612,-0.0049,-0.00517,-0.01914,-0.01984,-0.01742,-0.03211,-0.0174,-0.0472,-0.05488,-0.12062,155.52436,1.35972,-0.00481,-0.00986,-0.02306,-0.02306,-0.03161,-0.05144,-0.0269,-0.06089,-0.05853,-0.14326,118.40562,1.20388,-0.01089,-0.01699,-0.02992,-0.03039,-0.05936,-0.06277,-0.02339,-0.05039,0.06088,-0.03826,141.06343,1.31726,-0.01143,-0.01381,-0.01937,-0.02277,-0.01534,-0.03659,-0.02135,-0.05748,-0.00502,-0.10961,179.07055,1.4771,-0.006,-0.01139,-0.00725,-0.03134,-0.01347,-0.06248,-0.00615,-0.09461,0.00168,-0.15413,189.02295,1.6344,-0.03987,-0.05996,-0.06929,-0.10144,-0.07101,-0.17258,-0.09503,-0.24318,-0.11085,-0.44224
2023-04-10,187.05864,1.44069,0.01262,0.00617,-0.01024,-0.01877,-0.01851,-0.01524,-0.00987,-0.02021,0.00816,-0.1434,137.68878,1.28963,-0.00451,-0.00442,-0.0103,-0.0161,-0.00977,-0.02457,-0.01432,-0.04728,-0.0468,-0.11263,155.06754,1.35199,-0.00909,-0.00555,-0.01615,-0.0214,-0.02466,-0.04578,-0.02882,-0.0615,-0.05263,-0.14104,115.87716,1.17445,0.00623,0.015,0.01465,0.01651,-0.00826,-0.00715,0.01659,-0.00865,0.06902,-0.0219,139.85165,1.30503,-0.00446,-0.00225,-0.01202,-0.01785,-0.02324,-0.04285,-0.01558,-0.05267,-0.00122,-0.10361,177.36668,1.45734,0.00824,0.00235,0.01705,-0.00362,-0.00067,-0.04958,-0.00038,-0.08421,-0.00112,-0.14962,186.44936,1.60755,-0.03078,-0.04788,-0.06474,-0.09551,-0.06086,-0.16341,-0.09361,-0.25954,-0.10195,-0.42063
2023-04-17,188.76623,1.44859,-0.00816,-0.00737,-0.00877,-0.01027,-0.00494,0.01033,-0.0241,-0.03397,-0.00254,-0.15897,137.85446,1.29095,-0.01432,-0.01467,-0.01588,-0.02651,-0.00633,-0.01998,-0.01257,-0.04456,-0.04315,-0.10864,154.77609,1.34986,-0.01834,-0.0132,-0.0173,-0.02888,-0.02351,-0.04798,-0.02677,-0.06034,-0.04919,-0.13793,117.11675,1.18689,-0.01924,-0.0134,-0.0306,-0.03376,-0.00151,-0.01076,0.01242,-0.01486,0.07525,-0.01459,139.45135,1.30345,-0.00803,-0.00897,-0.01318,-0.0269,-0.01468,-0.03765,-0.00553,-0.04489,0.01113,-0.09472,177.99551,1.46571,-0.00125,-0.01994,-0.00789,-0.04331,0.0095,-0.05052,-0.00584,-0.09949,-0.01119,-0.16237,181.48584,1.57445,-0.03064,-0.04149,-0.02695,-0.0658,-0.01895,-0.11485,-0.07643,-0.23664,-0.095,-0.40047
2023-04-24,189.42006,1.44686,-0.02258,-0.02494,-0.0148,0.00151,-0.03783,-0.02717,-0.0304,-0.04885,0.00029,-0.1486,137.06729,1.28521,-0.00581,-0.01168,-0.01111,-0.02283,-0.01082,-0.02889,-0.00677,-0.03797,-0.04105,-0.11167,153.65811,1.34644,-0.00713,-0.01585,-0.01492,-0.03061,-0.01506,-0.04641,-0.01902,-0.05893,-0.05137,-0.14542,116.5993,1.18945,0.00836,0.00151,-0.03262,-0.04351,-0.05016,-0.06929,0.02704,-0.01112,0.05943,-0.01739,139.22792,1.30277,-0.0076,-0.01559,-0.00649,-0.02249,-0.01174,-0.03821,-0.00223,-0.0429,0.01333,-0.09669,178.82808,1.45969,0.00874,-0.00597,-0.00904,-0.03196,-0.02115,-0.08519,-0.00983,-0.09952,-0.01136,-0.14952,180.70989,1.55967,-0.03504,-0.04763,-0.01707,-0.05565,-0.02259,-0.13271,-0.07457,-0.24026,-0.16371,-0.44868
2023-05-01,187.22512,1.44122,-0.00061,-0.0029,-0.02891,-0.01756,-0.00412,0.0087,-0.04569,-0.07026,-0.00438,-0.14815,135.88075,1.27628,-0.00158,-0.01184,0.00176,-0.01227,0.00847,-0.01498,-0.00699,-0.03165,-0.03274,-0.09805,151.93721,1.33666,0.00106,-0.01568,-0.00874,-0.02838,-0.00104,-0.03242,-0.01747,-0.05477,-0.05195,-0.13918,114.86314,1.17348,-0.01158,-0.02035,-0.03035,-0.03237,0.00208,-0.01116,0.05078,0.02801,0.06127,-0.00718,138.33144,1.29449,-0.00519,-0.01793,0.00411,-0.01381,0.00808,-0.01764,0.00439,-0.03889,0.01061,-0.09104,177.77221,1.44576,-0.00664,-0.02337,-0.00626,-0.03114,0.01088,-0.0468,-0.01079,-0.08892,-0.01242,-0.13475,175.92537,1.53296,0.0038,-0.02431,-0.00184,-0.07114,0.03069,-0.08055,-0.07392,-0.24117,-0.15551,-0.41907
2023-05-08,185.14261,1.42192,0.00796,0.02645,-0.00836,0.00353,0.00064,0.02044,-0.02111,-0.0434,-0.02121,-0.15978,136.27074,1.27353,-0.00533,-0.01115,0.00053,-0.00846,-0.00109,-0.0246,-0.01373,-0.03278,-0.037,-0.10141,152.56324,1.33059,-0.00785,-0.01476,-0.00865,-0.02437,-0.00801,-0.03176,-0.02073,-0.05011,-0.06139,-0.1432,117.57433,1.19097,-0.04064,-0.04502,-0.02258,-0.02367,-0.01648,-0.03747,0.02731,0.0082,0.0324,-0.02736,138.17025,1.28718,0.00111,-0.0069,-0.01135,-0.025,-0.00085,-0.0274,0.0054,-0.03587,-0.00218,-0.09694,180.39146,1.45372,-0.01763,-0.02599,-0.01743,-0.04596,-0.01342,-0.07123,-0.026,-0.10301,-0.03664,-0.15618,174.37809,1.51204,0.01862,-0.00802,0.00415,-0.0679,-0.01903,-0.12081,-0.08053,-0.25657,-0.16947,-0.41348
2023-05-15,187.11153,1.43832,-0.02832,-0.01466,0.00386,0.0206,-0.01015,-0.01784,-0.02295,-0.05419,-0.04041,-0.18413,135.66558,1.26444,0.00335,-0.00043,0.0097,0.00653,0.00038,-0.02209,-0.0143,-0.03075,-0.03222,-0.09486,152.09893,1.32097,-0.0098,-0.0127,-0.00632,-0.0191,-0.00987,-0.03048,-0.01941,-0.04954,-0.05478,-0.13407,113.53307,1.15313,-0.01899,-0.01202,0.03001,0.023,0.03758,0.01267,0.06701,0.04401,0.07647,0.01552,137.61355,1.27655,0.00934,0.00412,-0.00152,-0.01076,0.00043,-0.0242,0.01393,-0.02971,0.00881,-0.07972,176.59136,1.42239,0.00038,-0.00777,0.01752,-0.00721,0.00401,-0.04926,0.00097,-0.06958,-0.01805,-0.13076,176.59463,1.50865,-0.00562,-0.04683,0.00822,-0.04906,-0.04303,-0.16064,-0.08225,-0.26431,-0.191,-0.41305
2023-05-22,186.61643,1.44837,-0.01619,-0.02292,-0.02338,-0.02868,-0.01286,-0.03375,0.01077,-0.06082,-0.04111,-0.19753,135.54396,1.26238,0.0059,0.00269,0.00029,-0.00606,0.00427,-0.01599,-0.01461,-0.03862,-0.02875,-0.08856,151.36611,1.31583,-0.00081,-0.00961,-0.00015,-0.0158,-0.00485,-0.02631,-0.0166,-0.05563,-0.05013,-0.12687,112.79637,1.14595,0.01883,0.02135,-0.01814,-0.02579,0.0512,0.02608,0.08692,0.05513,0.0765,0.02966,138.32396,1.28028,-0.01245,-0.01811,-0.00528,-0.01571,0.00257,-0.02172,0.01383,-0.03922,0.00238,-0.08048,177.21121,1.42773,0.00021,-0.01997,-0.01222,-0.05323,-0.00144,-0.06152,0.00849,-0.0758,-0.01621,-0.1356,177.6257,1.50402,-0.01421,-0.05988,-0.00562,-0.07706,-0.05636,-0.16621,-0.06361,-0.2642,-0.19671,-0.39882
2023-05-29,181.81256,1.42366,0.03312,0.03526,0.02553,0.02626,0.01017,-0.02565,0.04375,-0.05397,-0.01243,-0.1687,136.1198,1.26401,0.00633,0.00697,0.00669,-0.00271,0.00014,-0.01677,-0.0147,-0.0451,-0.05032,-0.10641,150.60858,1.30828,0.00351,-0.0064,0.00777,-0.00403,0.00084,-0.02076,-0.02203,-0.06772,-0.06547,-0.13276,111.37737,1.14111,0.04994,0.03502,0.03345,0.02121,0.07519,0.03722,0.09064,0.03796,0.03489,0.00115,138.89949,1.28067,-0.01076,-0.01487,0.00396,-0.00382,0.00012,-0.0208,0.00776,-0.05315,-0.02017,-0.09493,176.65934,1.41462,0.01713,0.00056,0.01725,-0.01566,0.00233,-0.05446,0.00674,-0.08429,-0.04357,-0.15078,175.60132,1.46182,0.01393,-0.00222,0.03259,-0.00941,-0.04765,-0.14241,-0.04681,-0.25912,-0.1847,-0.33207
2023-06-05,183.59555,1.42544,-0.00731,-0.00576,0.00907,0.01691,-0.02683,-0.05448,0.06706,-0.04794,-0.01412,-0.15144,136.34349,1.26506,-0.00557,-0.00874,-0.00162,-0.01613,-0.01036,-0.02043,-0.02685,-0.06506,-0.0475,-0.10198,151.24325,1.30621,0.00066,-0.00619,0.00064,-0.00739,-0.01296,-0.02433,-0.03008,-0.07931,-0.06747,-0.12585,114.92002,1.1673,-0.03628,-0.04714,0.00623,-0.01381,0.05026,0.0342,0.05318,-0.01591,0.0199,-0.03114,136.6019,1.26217,0.00726,0.00239,0.01062,-0.00239,0.0171,-0.00658,0.01754,-0.05314,-0.00477,-0.07429,177.24781,1.40776,-0.01242,-0.03326,0.00407,-0.02527,-0.00787,-0.05091,0.00316,-0.08351,-0.05651,-0.15457,175.10113,1.44414,0.00872,-0.01718,-0.02308,-0.05291,-0.06956,-0.15236,-0.02574,-0.2283,-0.1968,-0.3201
2023-06-12,187.83421,1.45892,-0.00735,-0.009,-0.01396,-0.03844,-0.03514,-0.0804,0.05595,-0.09803,-0.06569,-0.19983,136.98188,1.27097,0.00036,-0.00967,-0.00924,-0.02862,-0.01885,-0.03022,-0.03214,-0.07624,-0.05218,-0.10591,151.13746,1.30188,0.00425,0.00237,-0.00357,-0.01138,-0.01149,-0.02139,-0.01842,-0.06984,-0.06307,-0.11603,116.93986,1.17613,-0.01571,-0.01381,0.00735,-0.01033,0.03288,0.02304,0.06683,-0.00037,-0.0046,-0.03634,137.40441,1.2658,0.01488,0.01105,0.00196,-0.01344,0.01101,-0.01449,0.02073,-0.05281,-0.00936,-0.07392,179.6858,1.41519,0.00012,-0.01623,-0.01328,-0.04205,-0.02217,-0.06447,0.00252,-0.08318,-0.06417,-0.14717,178.04698,1.45959,0.01841,-0.00718,-0.05083,-0.11159,-0.09948,-0.20413,-0.02986,-0.23589,-0.22286,-0.34056
2023-06-19,182.25371,1.41969,0.0165,0.02267,0.01077,-0.00507,0.00309,-0.03556,0.06715,-0.08152,-0.03459,-0.13831,135.58376,1.25632,0.00397,-0.00739,0.00397,-0.00993,-0.01371,-0.02263,-0.02726,-0.06893,-0.0464,-0.09901,151.3438,1.30003,-2e-05,-0.0012,-0.0047,-0.01051,-0.01452,-0.0286,-0.02221,-0.07214,-0.06944,-0.12216,110.75061,1.12016,0.04412,0.03333,0.07062,0.05187,0.09381,0.07698,0.12986,0.06331,0.05634,0.03551,137.59338,1.26457,0.00334,-0.00479,0.00789,-0.00601,0.01408,-0.01773,0.01987,-0.05217,-0.01039,-0.0737,175.046,1.3745,0.0167,0.00799,0.01091,-0.00829,0.0098,-0.02169,0.02368,-0.04926,-0.03936,-0.10081,176.62747,1.42696,-0.03152,-0.03573,-0.05103,-0.08915,-0.08242,-0.18261,-0.03903,-0.21654,-0.2149,-0.28943
2023-06-26,186.45345,1.44992,-0.00665,-0.02944,-0.01497,-0.0519,0.01165,-0.06237,0.03281,-0.12715,-0.06631,-0.15365,137.03099,1.2613,-0.00959,-0.01895,-0.00651,-0.01407,-0.0253,-0.03754,-0.04077,-0.07951,-0.04805,-0.0934,151.77918,1.30424,-0.00778,-0.01375,-0.00688,-0.01673,-0.01928,-0.04404,-0.03177,-0.08184,-0.06958,-0.11936,115.1025,1.16232,0.02343,0.00348,0.0404,0.01601,0.06514,0.03875,0.0809,0.00972,0.0171,0.0065,139.44949,1.27685,-0.01274,-0.02449,-0.00382,-0.01698,0.00565,-0.03579,0.0002,-0.07277,-0.02461,-0.07927,179.70662,1.39896,-0.01339,-0.02583,-0.01467,-0.03879,-0.00551,-0.04702,0.00206,-0.0673,-0.06639,-0.1208,181.32435,1.45241,-0.06799,-0.10441,-0.07771,-0.133,-0.08271,-0.21259,-0.06251,-0.24571,-0.24204,-0.30955
2023-07-03,185.26038,1.44236,-0.00563,-0.02774,-0.03557,-0.0714,0.02432,-0.07266,0.03359,-0.12737,-0.08164,0.05228,136.12257,1.24893,-0.0,-0.00254,-0.00875,-0.0043,-0.01472,-0.03002,-0.03814,-0.07343,-0.05182,0.01442,151.34057,1.29882,-0.00468,-0.0093,-0.0136,-0.01694,-0.02676,-0.05827,-0.0325,-0.08236,-0.07832,-0.0235,115.63652,1.15349,0.02538,0.01854,0.04375,0.048,0.05047,0.02559,0.08628,0.01213,-0.00285,0.08763,138.05241,1.25978,0.00454,-0.00122,0.00642,-0.00418,0.01395,-0.03226,0.01668,-0.05213,-0.02345,0.03857,177.96974,1.38249,-0.0057,-0.01627,-0.01189,-0.02564,-0.00067,-0.05216,0.00787,-0.05952,-0.06438,0.06565,171.05984,1.39123,-0.02014,-0.05342,-0.04758,-0.09944,-0.02151,-0.18853,-0.01748,-0.19907,-0.22842,-0.12287
2023-07-10,185.21262,1.42047,-0.00837,-0.02246,-0.02148,-0.04196,0.05775,-0.04297,0.01821,-0.12319,-0.04709,0.10397,135.71667,1.24235,0.00311,0.00489,-0.0097,-0.0016,-0.02236,-0.04235,-0.03295,-0.06535,-0.04338,0.01801,150.59819,1.29049,0.00091,-0.00298,-0.00796,-0.01001,-0.02593,-0.06359,-0.02452,-0.07954,-0.06783,-0.02556,117.79911,1.1658,0.01658,0.01253,0.02535,0.03336,0.02744,-0.01442,0.05157,-0.01326,-0.01542,0.07343,137.67305,1.25235,0.00903,0.00752,0.00903,-0.00105,0.00962,-0.04332,0.01459,-0.05094,-0.01096,0.03993,177.29979,1.37313,-0.00129,-0.01296,-0.00901,-0.02242,0.00287,-0.04888,-0.00074,-0.0654,-0.05371,0.06383,168.99607,1.34801,-0.01043,-0.0286,-0.05125,-0.09254,0.00945,-0.13217,-0.00921,-0.16109,-0.2021,-0.05864
2023-07-17,184.21685,1.41461,-0.03011,-0.04365,-0.0076,-0.03048,0.07668,-0.05373,0.02209,-0.125,-0.01234,0.12389,136.12222,1.24639,-0.00875,-0.00176,-0.01761,-0.0127,-0.02603,-0.05165,-0.03097,-0.06408,-0.04577,0.00969,150.63257,1.28952,-0.00896,-0.00764,-0.00987,-0.01809,-0.01513,-0.05749,-0.02303,-0.0776,-0.06317,-0.02365,118.57176,1.17203,0.01792,0.02947,0.02167,0.02511,0.05215,0.00373,0.06205,0.00027,-0.02775,0.05678,138.67954,1.25856,0.00187,-0.00296,0.00614,-0.01172,0.01135,-0.04557,0.01676,-0.04983,-0.012,0.03976,176.95589,1.36622,-0.00623,-0.00937,-0.0011,-0.0134,0.01799,-0.03421,-0.00538,-0.06288,-0.04818,0.06394,167.61464,1.33781,-0.028,-0.04602,-0.03308,-0.09346,0.03052,-0.1141,-0.02011,-0.16383,-0.18788,-0.05368
2023-07-24,183.66156,1.39801,-0.01322,-0.0195,0.02703,-0.01046,0.05897,-0.05985,0.03165,-0.09975,0.0171,0.14378,136.13913,1.24723,-0.01277,-0.00649,-0.01892,-0.02347,-0.03123,-0.05985,-0.03451,-0.07369,-0.04714,-7e-05,150.73563,1.28752,-0.00886,-0.00703,-0.01249,-0.02732,-0.01826,-0.05963,-0.03298,-0.08649,-0.06339,-0.02865,119.75216,1.17833,0.00862,0.02084,0.02378,0.02275,0.04493,0.00514,0.03154,-0.00627,-0.0305,-0.00988,138.91681,1.25987,0.0,-0.00856,0.0095,-0.01881,0.01015,-0.04748,0.0156,-0.05379,-0.01092,0.03369,177.07033,1.36017,-0.00773,-0.00946,0.0093,-0.00823,0.01198,-0.03492,-0.00155,-0.05,-0.04788,0.05916,167.23369,1.31941,-0.04125,-0.06395,-0.00542,-0.07959,0.01495,-0.10899,-0.09631,-0.20843,-0.17918,-0.07114
2023-07-31,178.67026,1.37096,0.02321,0.01317,0.0621,-0.00127,0.07781,-0.04819,0.04329,-0.07789,0.04603,0.14553,134.93114,1.24463,-0.00894,-0.01094,-0.00602,-0.02572,-0.02584,-0.06284,-0.02593,-0.0664,-0.03216,0.00086,149.28292,1.28189,-0.00091,-0.01046,-0.01334,-0.04133,-0.01558,-0.05948,-0.0351,-0.08441,-0.0511,-0.02626,120.69602,1.2015,0.00368,-0.00436,0.00644,-0.02242,0.03081,-0.02945,0.00998,-0.03519,-0.03325,-0.04973,138.93834,1.2556,0.00426,-0.00876,0.00748,-0.02807,0.00388,-0.05152,0.0062,-0.05215,-0.00565,0.03262,175.85335,1.35685,0.00517,-0.00403,0.01135,-0.02651,0.02402,-0.02519,-0.00164,-0.04583,-0.02522,0.073,162.92161,1.29178,-0.00523,-0.04744,0.02737,-0.08909,0.04338,-0.08508,-0.08811,-0.1779,-0.1421,-0.03379
2023-08-07,181.23334,1.37851,0.04079,0.00904,0.08097,-0.00101,0.05655,-0.06353,-0.0001,-0.11637,0.06001,0.15581,134.40035,1.24075,-0.00622,-0.01699,-0.01279,-0.04075,-0.02582,-0.06525,-0.0236,-0.06863,-0.01058,0.01684,149.40016,1.28048,-0.00366,-0.02028,-0.01812,-0.05358,-0.01994,-0.06402,-0.04152,-0.09309,-0.04398,-0.0309,120.78494,1.19917,0.01503,0.00191,0.00204,-0.04778,0.03998,-0.03355,0.00496,-0.03556,-0.0179,-0.04748,138.91685,1.25131,0.0095,-0.01025,0.00058,-0.04227,0.01035,-0.04366,-0.00754,-0.06107,0.00152,0.03598,175.70211,1.35071,0.01716,0.00123,0.01199,-0.02646,0.02088,-0.02774,-0.01092,-0.05317,-0.01304,0.07147,160.33556,1.25547,0.03737,-0.01564,0.06398,-0.03962,0.04823,-0.0633,-0.09673,-0.15691,-0.12408,-0.01589
2023-08-14,182.81739,1.38413,0.03801,-0.01444,0.08492,-0.02325,0.03155,-0.08685,-0.01787,-0.12994,0.05374,0.13359,133.72488,1.23369,0.00295,-0.01478,-0.00856,-0.03895,-0.01855,-0.05669,-0.01818,-0.06411,-0.00664,0.02015,149.14646,1.27143,-0.01244,-0.03087,-0.00532,-0.0394,-0.01502,-0.06048,-0.03607,-0.08452,-0.03731,-0.02154,121.14063,1.19714,0.00274,-0.01806,0.02984,-0.02138,0.02257,-0.04459,0.00887,-0.02849,-0.02217,-0.04667,139.53062,1.24684,0.0032,-0.01932,0.00518,-0.03385,0.00108,-0.04543,-0.00505,-0.05,-0.00729,0.03439,176.76192,1.35282,0.00616,-0.02248,0.01911,-0.02081,0.0023,-0.04509,-0.019,-0.06118,-0.01986,0.05352,162.06977,1.24434,0.03277,-0.04165,0.06578,-0.02064,0.03314,-0.05742,-0.11849,-0.14874,-0.12921,-0.01156
2023-08-21,188.62645,1.38755,0.0386,-0.01005,0.03109,-0.04939,-0.0018,-0.09794,-0.05133,-0.13671,0.03599,0.145,133.5639,1.22376,-0.0066,-0.02376,-0.01255,-0.03637,-0.01241,-0.04145,-0.01435,-0.04994,0.00553,0.03666,148.85356,1.2602,-0.01451,-0.0333,-0.00585,-0.03231,-0.01136,-0.04828,-0.0341,-0.07124,-0.02149,0.01245,122.60016,1.20108,-0.01279,-0.04969,0.02066,-0.0176,0.02716,-0.02878,-0.00959,-0.02547,0.0001,0.01437,140.23686,1.24106,-0.00883,-0.03202,0.00064,-0.02867,0.00547,-0.03233,-0.0113,-0.04126,-0.00509,0.05677,178.71658,1.35194,-0.00508,-0.02769,0.00266,-0.02669,-0.01518,-0.0486,-0.0245,-0.0598,-0.01894,0.08403,166.32712,1.23982,0.02565,-0.02398,0.02048,-0.02941,-0.01252,-0.06585,-0.14214,-0.13463,-0.12778,0.00589
2023-08-28,189.76645,1.36969,0.0452,-0.00881,0.01478,-0.04692,-0.00154,-0.07143,-0.05382,-0.11473,0.0433,0.16294,134.11902,1.2189,-0.01148,-0.02417,-0.01995,-0.03711,-0.01997,-0.04536,-0.03615,-0.0613,0.00962,0.0482,147.29122,1.24056,0.00721,-0.00853,-0.00227,-0.01816,-0.01036,-0.03953,-0.04443,-0.06504,-0.01252,0.02756,121.4728,1.17908,0.02702,-0.00331,0.02422,-0.00703,0.01693,-0.00702,-0.05112,-0.03681,0.01918,0.0404,139.97768,1.22753,0.00197,-0.01454,-0.00357,-0.02345,0.00791,-0.02144,-0.02772,-0.04179,-0.00796,0.06767,177.8499,1.33033,0.01287,0.00167,0.01252,0.00132,-0.00593,-0.02017,-0.04997,-0.06649,-0.01702,0.10257,167.381,1.20269,0.03196,0.02101,0.01558,0.00401,-0.09711,-0.09171,-0.14466,-0.07294,-0.1295,0.04711
2023-09-04,195.90776,1.3775,-0.00723,-0.03934,-0.02259,-0.06252,-0.04851,-0.08444,-0.07608,-0.1035,0.00493,0.1695,132.682,1.2,-0.00599,-0.01261,-0.0132,-0.0245,-0.00942,-0.02177,-0.02121,-0.03692,0.01909,0.06745,146.69315,1.2269,0.00879,0.00098,-0.00185,-0.01045,-0.01806,-0.02943,-0.03855,-0.04654,-0.00964,0.04144,121.03182,1.15139,0.03388,0.03208,0.03786,0.01423,0.00718,0.01492,-0.0316,-0.01523,0.00393,0.07054,138.99808,1.20904,0.00956,0.00336,0.00976,-0.00139,0.00577,-0.00559,-0.02193,-0.02115,-0.00699,0.08289,177.8083,1.32425,0.00778,0.00099,0.00879,-0.00128,-0.01262,-0.01324,-0.05948,-0.07106,-0.01477,0.11515,170.59356,1.21584,-0.00504,-0.00542,-0.0148,-0.02368,-0.12912,-0.10196,-0.17558,-0.0918,-0.17072,0.01508
2023-09-11,198.34307,1.36088,-0.0291,-0.03811,-0.0492,-0.0636,-0.08635,-0.09874,-0.11519,-0.10179,-0.00222,0.17814,132.57953,1.19474,-0.00857,-0.01295,-0.01007,-0.01774,-0.01019,-0.02262,-0.02071,-0.02967,0.01883,0.06964,148.35362,1.23203,-0.00942,-0.00963,-0.00976,-0.02108,-0.03476,-0.04464,-0.04548,-0.04618,-0.0212,0.04006,124.75495,1.17576,-0.00273,-0.00372,-0.00706,-0.02321,-0.02702,-0.01215,-0.06695,-0.03597,0.00044,0.08836,140.25314,1.21299,-0.00553,-0.00891,-0.00407,-0.01157,-0.017,-0.02275,-0.02949,-0.02111,-0.01509,0.07882,180.13947,1.332,-0.00035,-0.00034,-0.0165,-0.02428,-0.03529,-0.03446,-0.06652,-0.06399,-0.02253,0.1187,172.73033,1.22371,-0.01587,-0.01701,-0.03063,-0.03679,-0.16155,-0.12515,-0.19893,-0.10468,-0.18323,-0.0
2023-09-18,194.49175,1.33816,-0.01547,-0.02318,-0.03191,-0.04855,-0.07682,-0.08397,-0.09533,-0.05678,-0.0111,0.14896,131.88743,1.18739,-0.00726,-0.01189,0.00014,-0.00508,-0.0045,-0.01781,-0.01968,-0.03008,0.02266,0.07452,147.98271,1.22789,-0.01055,-0.01143,-0.00554,-0.01597,-0.02849,-0.04098,-0.0483,-0.05002,-0.03195,0.02455,125.13271,1.18347,0.00385,-0.01785,0.00637,-0.01117,-0.02332,-0.01482,-0.06507,-0.02781,-0.03985,0.0381,140.32691,1.21239,0.0002,-0.00474,0.00482,-0.00366,-0.0107,-0.01556,-0.02967,-0.02153,-0.0258,0.06417,179.19136,1.32524,0.001,-0.00227,-0.01779,-0.02191,-0.0323,-0.03361,-0.06158,-0.05155,-0.02913,0.1098,169.7341,1.21042,-0.00981,-0.01826,-0.03234,-0.03645,-0.1583,-0.11481,-0.18302,-0.07289,-0.17794,-0.00395
2023-09-25,192.57185,1.32277,-0.0207,-0.02549,-0.01609,-0.02451,-0.07076,-0.07193,-0.09598,-0.0265,-0.00385,0.15466,131.44397,1.18179,-0.00152,-0.00479,-2e-05,-0.00825,0.00155,-0.00797,-0.00759,-0.01389,0.0202,0.07422,146.95651,1.2224,-0.00034,-0.01145,-0.00811,-0.02138,-0.02163,-0.03344,-0.03905,-0.03752,-0.026,0.02556,124.41445,1.17205,-0.00434,-0.0195,-0.00712,1e-05,-0.02403,0.00356,-0.05903,-0.00322,-0.01954,0.06429,139.47733,1.20408,0.00147,-0.00266,0.01152,0.002,-0.00591,-0.00428,-0.02481,-0.0065,-0.02562,0.06411,180.0773,1.33166,-0.01616,-0.02393,-0.01822,-0.02149,-0.03187,-0.03953,-0.06831,-0.0535,-0.03145,0.10142,169.98956,1.2067,-0.015,-0.01978,-0.11096,-0.09571,-0.16062,-0.1015,-0.1915,-0.06384,-0.19082,-0.02074
2023-10-02,191.4827,1.31498,-0.01669,-0.02537,-0.02652,-0.02192,-0.0623,-0.06002,-0.11148,0.17966,0.00242,0.158,130.93042,1.1755,0.00745,0.00681,0.00383,0.00273,-0.01268,-0.0179,-0.01422,0.08785,0.02507,0.08135,146.42145,1.21646,0.00506,-0.00453,-0.01624,-0.01898,-0.03875,-0.04094,-0.04736,0.05886,-0.01562,0.04059,125.61408,1.16562,0.00251,0.00668,-0.02956,0.00069,-0.0824,-0.02335,-0.08205,0.0755,-0.0147,0.08866,140.35468,1.20765,0.00462,0.00108,-0.00395,-0.00421,-0.03033,-0.02191,-0.03947,0.09071,-0.02954,0.06549,179.3708,1.32297,-0.01877,-0.01963,-0.02122,-0.01196,-0.05803,-0.05912,-0.07169,0.12517,-0.01732,0.12848,168.0693,1.19216,-0.02276,-0.01819,-0.11604,-0.07828,-0.14817,-0.06241,-0.21469,0.0762,-0.18504,-0.0039
2023-10-09,188.58489,1.29728,0.00472,0.00098,-0.03907,-0.03514,-0.04021,-0.02328,-0.06413,0.22716,-0.00086,0.14196,131.24473,1.177,0.0015,-0.00346,-0.00013,-0.00488,-0.01049,-0.01392,-0.01079,0.08336,0.01926,0.07731,146.90612,1.21095,-0.00777,-0.00992,-0.02525,-0.02356,-0.03994,-0.03058,-0.04441,0.05398,-0.02777,0.04058,123.87452,1.15255,-0.00279,0.01951,-0.02011,0.01106,-0.05383,-0.01639,-0.0637,0.08669,-0.00593,0.10363,139.68168,1.20141,0.01004,0.00467,-0.01298,-0.01117,-0.02672,-0.01353,-0.02518,0.09087,-0.03368,0.06158,177.16777,1.30773,-0.0021,0.00244,-0.01911,-0.01018,-0.05608,-0.05453,-0.05301,0.12923,-0.00909,0.12527,167.44037,1.18692,-0.09743,-0.07593,-0.13506,-0.08836,-0.16006,-0.06288,-0.19469,0.10245,-0.19315,-0.0209
2023-10-16,188.28622,1.28961,-0.00999,0.00345,-0.04639,-0.03543,-0.06793,-0.03052,-0.03369,0.24889,0.00364,0.16505,131.90594,1.18231,-0.00359,-0.00408,-0.00464,-0.01273,-0.01571,-0.01725,-0.01527,0.07377,0.0147,0.07485,147.16302,1.21192,-0.0212,-0.01445,-0.02307,-0.02502,-0.03776,-0.02607,-0.04108,0.05395,-0.03456,0.03799,125.92941,1.1723,-0.03199,-0.00599,-0.0295,-0.00365,-0.07566,-0.03251,-0.08455,0.05651,-0.04384,0.05784,141.00343,1.20873,-0.00854,-0.00529,-0.01544,-0.0119,-0.03465,-0.01686,-0.02828,0.08959,-0.04085,0.05686,176.00403,1.30334,-0.0025,0.00768,-0.01477,-0.0117,-0.04459,-0.03532,-0.04304,0.12682,0.00129,0.12989,164.24437,1.17397,-0.09545,-0.06009,-0.13016,-0.07837,-0.15755,-0.05494,-0.17122,0.11015,-0.16404,0.02243
2023-10-23,189.47414,1.29826,-0.04358,-0.03612,-0.05557,-0.04742,-0.07138,-0.01689,-0.0141,0.24353,0.00469,0.16374,131.44116,1.17354,-0.00162,-0.00142,0.00157,0.00028,-0.01635,-0.01623,-0.01308,0.07362,0.00892,0.06581,145.76477,1.20102,-0.01761,-0.01363,-0.01363,-0.01207,-0.03382,-0.02316,-0.03145,0.05784,-0.03127,0.03052,123.52899,1.17206,-0.01737,-0.00845,-0.01703,0.00355,-0.05293,-0.01639,-0.06015,-0.00361,-0.02755,0.04475,141.08431,1.20608,-0.02279,-0.01584,-0.01724,-0.00628,-0.03487,-0.01522,-0.02612,0.08747,-0.05366,0.03771,176.79605,1.31017,-0.01704,-0.01262,-0.0139,-0.01803,-0.04887,-0.03647,-0.04641,0.10916,-0.01484,0.09343,151.12668,1.11099,-0.04169,-0.01243,-0.05585,-0.00579,-0.08243,0.02654,-0.0917,0.13728,-0.09754,0.07162
2023-10-30,186.40478,1.29307,-0.03677,-0.03888,-0.03676,-0.0381,-0.06607,0.0032,0.00263,0.22342,0.00936,0.15323,131.4319,1.17823,-0.00105,-0.00865,-0.01644,-0.02063,-0.0075,-0.01033,-0.00639,0.06725,0.00779,0.05629,144.04358,1.19748,-0.00192,-0.01057,-0.02288,-0.02196,-0.01961,-0.0126,-0.01659,0.05815,-0.02594,0.02109,121.90106,1.16631,0.00257,0.00234,-0.05445,-0.02404,-0.03963,0.00252,-0.0428,-0.01454,-0.03021,0.03441,139.79969,1.20344,-0.00696,-0.00661,-0.02648,-0.01771,-0.02706,-0.00587,-0.01178,0.08478,-0.04964,0.02901,175.56435,1.31101,-0.01231,-0.01938,-0.03761,-0.04717,-0.04436,-0.03285,-0.02362,0.11883,-0.01469,0.08233,148.56698,1.11388,-0.03838,-0.01828,-0.03635,0.01587,-0.07492,0.02898,-0.05921,0.14411,-0.07842,0.05579
2023-11-06,181.21599,1.26214,-0.01253,-0.0113,-0.00118,0.01186,-0.06114,0.2325,0.06012,0.27218,0.03652,0.19568,131.22824,1.17212,0.00319,0.0017,-0.01037,-0.00904,-0.01646,0.09123,0.01334,0.08548,0.00242,0.05302,143.19739,1.18739,0.00406,0.00157,-0.01508,-0.00702,-0.02591,0.08793,-0.00257,0.06219,-0.02585,0.02524,121.38366,1.16361,0.00034,0.012,-0.03441,-0.02745,-0.05006,0.07751,-0.02274,-0.01192,-0.02942,0.0333,137.86904,1.19024,0.00568,0.00956,-0.01392,-0.00236,-0.02215,0.10811,0.00913,0.09705,-0.03934,0.03563,173.7826,1.29754,0.0032,-0.00541,-0.0377,-0.04435,-0.04184,0.15059,-0.00214,0.12464,-0.00459,0.09614,144.82643,1.09856,-0.01478,0.00664,-0.0289,0.02548,-0.08865,0.1698,-0.03028,0.14102,-0.05967,0.05456
2023-11-13,179.55098,1.25419,1e-05,0.00078,-0.02259,0.0049,-0.01704,0.27026,0.07291,0.26353,0.04591,0.21632,131.29432,1.16958,-0.01541,-0.01198,-0.01112,-0.00452,-0.01116,0.09078,0.01175,0.08426,0.00935,0.06102,143.76723,1.18691,-0.021,-0.01139,-0.01503,-0.00106,-0.02354,0.07802,-0.00129,0.06298,-0.02687,0.02838,122.21464,1.16865,-0.05688,-0.02638,-0.04756,-0.02886,-0.05099,0.07059,-0.03076,-0.01818,-0.04287,0.02982,138.82609,1.19684,-0.01966,-0.0111,-0.01951,-0.00496,-0.01917,0.09545,-0.00225,0.08439,-0.04334,0.02768,173.40383,1.29163,-0.02561,-0.02779,-0.03026,-0.02362,-0.03245,0.14533,-0.00088,0.11471,0.00064,0.09781,142.86559,1.09561,0.00211,0.03415,-0.03148,0.02343,-0.05616,0.19377,-0.01216,0.13718,-0.06514,0.01623
2023-11-20,178.94483,1.25084,0.0115,0.02316,-0.01673,0.03054,0.01676,0.28766,0.09204,0.28171,0.05136,0.20985,131.64728,1.17382,-0.01352,-0.01074,-0.01789,-0.01651,-0.01333,0.08227,0.02017,0.0866,-0.00702,0.03909,143.77824,1.18896,-0.01906,-0.00859,-0.02047,-0.01109,-0.01851,0.07691,0.01306,0.0837,-0.03454,0.00989,121.42473,1.17561,-0.03474,-0.03945,-0.03652,-0.01994,-0.05059,0.0532,0.00978,0.03984,-0.02384,0.02835,138.65265,1.1998,-0.01949,-0.01192,-0.01795,-0.00893,-0.01181,0.09852,0.00628,0.09803,-0.05484,0.01107,174.33823,1.29213,-0.04076,-0.03894,-0.03546,-0.01843,-0.03389,0.13803,0.0057,0.14384,-0.00579,0.0845,142.68577,1.1052,-0.01433,0.01884,-0.02815,0.03233,-0.046,0.17893,0.01674,0.14052,-0.0609,-7e-05
2023-11-27,179.55289,1.25496,-0.0226,0.00413,-0.03043,0.04131,0.04037,0.28683,0.10264,0.27767,0.04477,0.20207,129.27056,1.1576,0.00436,0.00746,0.0091,0.0103,0.00349,0.08956,0.04749,0.1095,0.00964,0.05339,140.74778,1.17552,0.0061,0.01033,0.00334,0.00936,0.00307,0.08334,0.03339,0.0926,-0.01452,0.01925,115.26333,1.14227,0.00988,-0.00248,0.01568,0.02656,0.00725,0.02618,0.07408,0.07721,0.03464,0.05716,136.09736,1.18574,0.00015,0.00614,-0.00059,0.01184,0.00957,0.10782,0.02033,0.10946,-0.03981,0.01811,168.96216,1.26385,-0.00477,0.00417,-0.00702,0.01432,-0.00219,0.15548,0.03468,0.16906,0.03381,0.11187,143.16721,1.12975,-0.03352,-0.01072,-0.04002,0.01311,-0.0412,0.11852,0.01772,0.12005,-0.06926,-0.03738
2023-12-04,181.00241,1.274,-0.02791,0.00738,-0.06004,0.22064,0.03255,0.24249,0.08769,0.273,0.02728,0.17439,129.86757,1.16308,-0.00443,-0.00577,-0.00615,0.10027,0.00557,0.08241,0.04117,0.10437,0.00692,0.0486,141.03829,1.18037,-0.00144,-0.0025,-0.011,0.09496,0.00437,0.07526,0.03007,0.08798,-0.01581,0.01199,117.20677,1.13616,-0.00185,0.01951,-0.01621,0.10496,-0.00447,0.01561,0.0367,0.08577,0.01069,0.06198,135.95001,1.18789,0.00157,0.00298,-0.00835,0.11047,0.01621,0.10034,0.01527,0.10404,-0.03388,0.01925,167.23175,1.25319,0.00553,0.02051,-0.00431,0.19494,0.02503,0.17665,0.04754,0.18621,0.06336,0.14315,140.64054,1.12404,-0.01401,0.01349,-0.06153,0.14432,-0.00619,0.13396,0.00589,0.10688,-0.03952,-0.03272
2023-12-11,175.49532,1.25909,-0.00801,0.03718,0.00567,0.26536,0.09467,0.27523,0.12768,0.27994,0.05032,0.17429,129.83417,1.16506,0.00472,0.00284,-4e-05,0.0953,0.02422,0.09253,0.04037,0.09932,0.00304,0.03363,141.60594,1.18585,-0.00274,-0.00097,-0.00864,0.07908,0.00864,0.06373,0.02544,0.08624,-0.02756,-0.00256,116.40209,1.13979,0.00574,0.02903,-0.0036,0.09944,0.01908,0.0119,0.07223,0.12433,0.0251,0.06516,136.11768,1.19188,-0.00074,0.0057,0.00034,0.10041,0.02211,0.09542,0.01483,0.09993,-0.0398,0.00487,168.15609,1.26801,-0.00226,0.01015,-0.00226,0.16895,0.03125,0.15417,0.04713,0.18269,0.06383,0.12458,138.36829,1.11903,-0.00673,0.02383,-0.02549,0.17034,0.01498,0.12055,0.0196,0.10467,-0.01845,-0.03115
2023-12-18,175.95019,1.28138,-0.03305,0.21326,0.03406,0.25713,0.09486,0.23634,0.09311,0.20574,0.04065,0.14418,129.2922,1.15731,-0.00173,0.10604,0.00464,0.09877,0.02742,0.09652,0.04318,0.10459,-0.00477,0.02329,140.8346,1.17787,-0.00957,0.09745,0.00201,0.088,0.01951,0.07202,0.01718,0.07457,-0.03707,-0.01401,116.99025,1.15567,-0.01439,0.08545,-0.0146,0.07314,0.01252,-0.0052,0.02697,0.06591,0.003,0.01482,136.1641,1.19087,-0.00991,0.10749,0.00625,0.10746,0.01726,0.09036,0.00398,0.0857,-0.0599,-0.02275,168.15609,1.2737,-0.00978,0.17444,0.00163,0.15646,0.0303,0.13264,0.03458,0.16134,0.05905,0.1097,138.66969,1.13753,-0.04819,0.13082,-0.01837,0.14659,0.01773,0.09525,0.00622,0.06894,-0.03959,-0.05438
2023-12-25,174.08894,1.29627,0.0138,0.22818,0.07303,0.24553,0.1225,0.23628,0.10191,0.18116,0.04339,0.09683,130.44653,1.1679,-0.00473,0.09246,-0.00555,0.07926,0.02956,0.09251,0.028,0.0881,-0.01734,0.00549,141.21856,1.18488,-0.00592,0.08005,-0.00027,0.07398,0.03142,0.08777,0.01358,0.06308,-0.04052,-0.02379,117.07045,1.16882,-0.00929,0.07041,-0.0083,-0.00037,0.04734,0.04662,0.04196,0.06751,-0.00072,-0.01106,136.0171,1.19757,0.00108,0.09471,0.01016,0.09598,0.02577,0.10025,-0.00083,0.07061,-0.06177,-0.03671,167.77677,1.27816,0.0,0.1588,0.00486,0.14116,0.04503,0.1578,0.03956,0.15491,0.05806,0.09665,137.43695,1.14286,-0.01888,0.14651,-0.00123,0.10541,0.05557,0.10285,0.00084,0.0431,-0.03061,-0.08014
2024-01-01,170.13578,1.49464,0.0694,0.04386,0.0985,0.02185,0.16368,0.03799,0.12819,-0.02165,0.07156,-0.09466,129.06861,1.26335,0.00638,-0.00727,0.0118,-0.01787,0.04913,0.00375,0.03986,-0.0065,-0.01533,-0.09966,139.48706,1.27532,0.01169,-0.00945,0.01553,-0.0197,0.04273,-0.0072,0.03332,-0.01828,-0.03234,-0.11983,115.30734,1.24112,-0.00022,-0.01231,0.01193,-0.08935,0.07367,-0.02164,0.07337,0.01317,0.01742,-0.08151,134.81501,1.29836,0.01632,-3e-05,0.02476,-0.01013,0.03003,-0.00315,0.01033,-0.02522,-0.06337,-0.1524,166.5116,1.44814,0.01152,-0.01798,0.02946,-0.01829,0.04991,-0.01523,0.05857,0.00331,0.0635,-0.08092,131.98692,1.26836,0.03133,0.01577,0.05897,-0.01036,0.10393,-0.01855,0.03776,-0.0801,0.0021,-0.21269
2024-01-08,176.49086,1.52444,0.05842,0.01735,0.0885,0.00987,0.11549,0.02255,0.06761,-0.0852,0.04615,-0.11902,129.82915,1.26036,-0.00082,-0.0132,0.02426,-0.00277,0.04148,0.00709,0.03037,-0.00605,-0.02554,-0.10131,140.38243,1.26493,0.00568,-0.00607,0.01743,-0.01535,0.03488,0.00342,0.01741,-0.01341,-0.04475,-0.1195,115.9832,1.23924,0.001,-0.07079,0.02276,-0.08754,0.04763,-0.01731,0.06171,0.01694,0.00558,-0.09162,136.16452,1.29229,0.00907,0.00127,0.02176,-0.00499,0.01367,-0.00036,-0.00872,-0.02929,-0.07596,-0.15119,167.77677,1.43696,0.00486,-0.01763,0.03358,-0.01477,0.04414,0.00244,0.04638,-0.00396,0.05788,-0.07359,134.84155,1.28937,0.018,-0.0411,0.04153,-0.04979,0.04915,-0.05845,0.00191,-0.12335,-0.02898,-0.25635
2024-01-15,181.94366,1.5385,0.02721,-0.02201,0.0588,-0.02078,0.08772,0.00052,0.03863,-0.08384,0.02246,-0.11107,129.89179,1.25608,0.00539,-0.0106,0.02267,-0.00225,0.03991,0.0083,0.03044,0.00108,-0.03305,-0.09753,141.11732,1.26587,0.0038,-0.01024,0.01746,-0.01598,0.02899,0.00622,0.0068,-0.01595,-0.0515,-0.11651,115.28187,1.22881,0.01216,-0.07704,0.02753,-0.07834,0.08265,0.03531,0.04447,0.00133,-0.00181,-0.08329,137.01562,1.29833,0.0083,-0.0101,0.01093,-0.0171,0.00818,-0.00652,-0.01293,-0.03273,-0.07855,-0.15737,168.42959,1.43016,0.01774,-0.00032,0.02863,-0.02382,0.04543,0.02054,0.04632,0.00307,0.047,-0.06951,136.1224,1.28412,0.0268,-0.02613,0.03678,-0.05134,0.03642,-0.06042,0.00866,-0.08772,-0.02182,-0.22838
2024-01-22,186.8021,1.54179,0.02841,-0.00747,0.04611,-0.00924,0.02961,-0.05468,0.01906,-0.07979,-0.02817,-0.16095,129.72213,1.24716,0.0251,0.01043,0.03531,0.01325,0.03973,0.01474,0.02229,-0.00781,-0.04283,-0.1009,141.1801,1.25886,0.01168,-0.00928,0.0317,0.01379,0.01469,-0.00642,0.00019,-0.02732,-0.05377,-0.1139,116.09926,1.16845,0.02174,-0.01676,0.0561,0.047,0.03485,0.05312,0.03468,0.04836,-0.00721,-0.02411,137.3997,1.29356,0.01258,-0.00627,0.01545,0.00427,-0.00505,-0.01699,-0.02829,-0.04976,-0.08153,-0.15682,168.59178,1.41933,0.02858,0.00286,0.03997,0.01664,0.03191,0.01571,0.0331,-0.01573,0.03305,-0.08044,137.26816,1.24827,0.02312,-0.00869,0.05686,-0.00255,0.01649,-0.04179,-0.00642,-0.06566,-0.02449,-0.19975
2024-01-29,186.89422,1.51649,0.03075,0.00123,0.05933,0.01614,0.02641,-0.03906,0.00671,-0.0702,0.00349,-0.09656,130.59152,1.24548,0.0172,0.00835,0.03689,0.02162,0.02686,0.01052,0.01427,-0.01096,-0.04764,-0.0981,141.65396,1.25563,0.01361,-0.00574,0.02678,0.01249,0.01046,-0.00767,-0.00951,-0.03706,-0.05467,-0.11408,116.68331,1.15177,0.01519,-0.0013,0.06101,0.06771,0.04542,0.08457,0.01315,0.04895,0.01988,0.02425,138.15338,1.28822,0.00261,-0.00699,0.00514,0.00698,-0.01628,-0.02003,-0.03831,-0.05576,-0.08425,-0.1577,171.41754,1.42984,0.0107,-0.0235,0.01986,0.00306,0.01748,0.00324,0.00914,-0.0365,0.01394,-0.09964,139.77005,1.258,0.00972,-0.02521,0.04246,-0.00819,-0.01587,-0.07204,-0.02042,-0.08832,-0.03423,-0.22159
2024-02-05,192.10987,1.53432,0.01721,-0.00177,0.0248,0.01268,-0.00085,-0.06133,-0.02226,-0.0765,-0.02445,-0.1557,132.97872,1.25759,0.00995,0.00282,0.01681,0.00986,0.00928,-0.00074,-0.01078,-0.03246,-0.06412,-0.11732,142.82938,1.24958,0.01979,0.02308,0.01715,0.01877,0.00914,0.00747,-0.02334,-0.03694,-0.06036,-0.11336,118.62341,1.15169,0.03362,0.06375,0.02432,0.07023,0.04336,0.10259,-0.00684,0.04521,0.01558,0.02854,139.12777,1.28729,0.00284,0.01054,-0.00792,0.00464,-0.02098,-0.01415,-0.04803,-0.06141,-0.08564,-0.16149,173.41031,1.42219,0.01108,0.01378,0.01022,0.01721,0.01646,0.02926,-0.00245,-0.0285,0.00998,-0.09729,140.44129,1.23958,0.03298,0.00614,0.00732,-0.00866,-0.02472,-0.05132,-0.03031,-0.08646,-0.03576,-0.23014
2024-02-12,192.64136,1.51772,0.02773,0.01491,0.02731,0.02131,-0.0219,-0.07847,-0.02516,-0.04721,-0.00094,-0.12858,132.83708,1.25383,0.01937,0.01327,0.01686,0.01054,0.00704,0.00048,-0.00237,-0.02324,-0.05979,-0.11876,143.58171,1.24989,0.01299,0.01823,0.01133,0.0222,-0.00526,0.00163,-0.02561,-0.0346,-0.06148,-0.11492,118.45523,1.15047,0.04514,0.069,0.05365,0.11365,0.03955,0.10571,-0.01249,0.048,0.02265,0.02536,138.51377,1.28123,0.00253,0.01397,-0.00272,0.01058,-0.02554,-0.01824,-0.04118,-0.05671,-0.0773,-0.16044,173.2518,1.40634,0.00906,0.02656,0.01633,0.04436,0.01331,0.02665,0.00151,-0.0169,0.01967,-0.0849,141.1285,1.23279,0.03243,0.01702,-0.00034,-0.00908,-0.04272,-0.06677,-0.05363,-0.12095,-0.02216,-0.2412
2024-03-04,195.41548,1.53255,0.00747,0.01445,-0.01577,-0.04543,-0.03297,-0.07789,-0.03726,-0.07187,-0.01798,-0.18322,134.30199,1.26042,0.0068,0.00703,0.00427,0.00149,-0.0034,-0.00325,-0.02665,-0.04751,-0.0679,-0.12824,145.65528,1.27265,-0.00258,-0.00431,-0.01649,-0.02021,-0.02456,-0.02274,-0.04698,-0.0738,-0.07794,-0.14938,122.61208,1.21545,-0.00901,0.00648,-0.02011,0.00613,-0.01797,0.01469,-0.0333,-0.01148,-0.03369,-0.08832,139.5227,1.29783,-0.01073,-0.0059,-0.02019,-0.02126,-0.03067,-0.03224,-0.06073,-0.08696,-0.07879,-0.17984,175.33117,1.43597,-0.00085,0.00343,-0.00775,-0.00093,0.00513,-0.00274,-0.01142,-0.05933,0.00484,-0.12384,145.07364,1.24571,-0.02484,-0.01479,-0.0382,-0.03924,-0.05357,-0.04931,-0.07636,-0.14058,-0.0497,-0.26315
2024-03-11,197.98284,1.53263,-0.0004,0.0064,-0.03108,-0.0552,-0.03849,-0.07063,-0.05249,-0.0756,-0.01594,-0.19587,135.40967,1.2671,-0.00246,-0.00272,-0.00968,-0.01109,-0.02065,-0.02775,-0.03613,-0.05611,-0.07263,-0.13549,145.44731,1.26812,-0.00165,0.00397,-0.01589,-0.02016,-0.02915,-0.03658,-0.04637,-0.07335,-0.07393,-0.14952,123.80224,1.21948,0.00814,0.04464,-0.0147,0.01686,-0.0297,-0.00267,-0.03672,-0.02005,-0.04522,-0.10546,138.86387,1.2952,-0.00524,-0.00339,-0.02132,-0.02701,-0.03853,-0.05141,-0.05894,-0.09136,-0.07147,-0.18006,174.82206,1.4329,0.0072,0.0178,-0.00234,0.00017,-0.00372,-0.0293,-0.00084,-0.05719,0.01008,-0.12718,145.70476,1.2498,-0.03174,-0.0261,-0.05596,-0.06385,-0.06395,-0.06719,-0.08547,-0.15744,-0.05476,-0.27409
2024-03-18,196.87431,1.547,-0.02306,-0.05988,-0.02503,-0.07401,-0.04432,-0.10071,-0.05554,-0.0986,-0.01133,-0.2078,135.21465,1.26745,-0.00251,-0.00554,-0.00741,-0.0106,-0.0204,-0.03293,-0.0329,-0.05577,-0.07025,-0.13562,145.27882,1.26835,-0.01394,-0.01591,-0.00788,-0.0113,-0.03422,-0.04978,-0.04454,-0.07599,-0.0748,-0.15306,121.50793,1.22193,-0.01121,-0.00035,0.01859,0.03236,-0.02708,-0.02121,-0.02508,-0.02379,-0.01656,-0.09176,138.02613,1.29193,-0.00957,-0.01536,-0.01317,-0.01879,-0.03743,-0.05947,-0.04841,-0.0848,-0.06335,-0.17496,175.18261,1.4394,-0.00691,-0.00436,0.00617,0.01205,-0.01255,-0.04605,0.0151,-0.04305,0.01688,-0.12194,141.46943,1.23092,-0.0137,-0.02445,-0.0318,-0.04266,-0.03219,-0.06124,-0.04515,-0.1396,-0.03549,-0.25786
2024-03-25,197.90308,1.53903,-0.03069,-0.06159,-0.0479,-0.09978,-0.05088,-0.08121,-0.0686,-0.10565,-0.02468,-0.21319,135.07621,1.26438,-0.00723,-0.00837,-0.00966,-0.01007,-0.02614,-0.03924,-0.03588,-0.06568,-0.06747,-0.13187,145.2078,1.27209,-0.01427,-0.02413,-0.0164,-0.02057,-0.03934,-0.05946,-0.05168,-0.0888,-0.07676,-0.15695,124.81037,1.26412,-0.02265,-0.02778,-0.01338,-0.00794,-0.05607,-0.06722,-0.04396,-0.05917,-0.04258,-0.13841,138.13643,1.29181,-0.01616,-0.02362,-0.02288,-0.02882,-0.04119,-0.06593,-0.05383,-0.09507,-0.06181,-0.17301,176.08098,1.4507,-0.00947,-0.01762,-0.00297,-0.01771,-0.01758,-0.05702,0.01595,-0.0581,0.015,-0.12906,141.08018,1.22371,-0.02501,-0.03775,-0.04239,-0.05769,-0.0347,-0.07058,-0.03732,-0.13582,-0.04156,-0.26385
2024-04-01,192.33358,1.48712,-0.00201,-0.01413,-0.01748,-0.03245,-0.0236,-0.01661,-0.048,-0.06156,0.00439,-0.16049,134.87564,1.2619,-0.00491,-0.00505,-0.00764,-0.00474,-0.01745,-0.03131,-0.04597,-0.0813,-0.06905,-0.1346,143.25404,1.25244,0.00615,0.00461,-0.00821,-0.00252,-0.02338,-0.03715,-0.05333,-0.08859,-0.06284,-0.13708,120.14588,1.22157,0.03014,0.03271,0.00219,0.00857,-0.02639,-0.0231,-0.02335,-0.05108,-0.01443,-0.12278,136.7058,1.27657,-0.00364,-0.00343,-0.01069,-0.01097,-0.0285,-0.05205,-0.06362,-0.10845,-0.0589,-0.1696,173.97176,1.43504,0.01318,0.01641,0.01299,-0.00181,-0.00263,-0.0456,0.02365,-0.05165,0.01637,-0.13089,139.53177,1.20647,-0.01836,-0.01821,-0.01599,-0.01007,-0.0428,-0.09463,-0.04552,-0.12332,-0.03291,-0.24931
2024-04-08,191.82987,1.47743,-0.01776,-0.03819,-0.00765,-0.01543,-0.01926,-0.01675,-0.05311,-0.08434,-0.01846,-0.18219,134.09942,1.25601,-0.00244,-0.0017,-0.01108,-0.01666,-0.02518,-0.0431,-0.04411,-0.08261,-0.06859,-0.1359,143.13567,1.24796,-0.00216,0.00356,-0.01347,-0.01642,-0.03021,-0.04911,-0.05337,-0.08687,-0.06429,-0.14395,121.98289,1.23634,0.00949,0.01984,-0.01523,-0.01953,-0.02831,-0.03237,-0.04096,-0.07857,-0.03434,-0.14036,135.90396,1.26819,-0.00682,-0.0052,-0.01759,-0.02439,-0.03572,-0.05732,-0.06099,-0.10733,-0.05535,-0.16397,174.41331,1.43308,0.00656,-8e-05,-0.00138,-0.02948,-0.00622,-0.05644,0.0178,-0.05826,0.01105,-0.13146,137.55184,1.18596,-0.01783,-0.01994,-0.00847,-0.00335,-0.02585,-0.08083,-0.03142,-0.12324,-0.02249,-0.23283
2024-04-15,191.94606,1.47299,-0.01549,-0.01832,-0.01978,-0.0267,-0.02269,-0.01596,-0.0502,-0.07301,-0.015,-0.17803,134.21307,1.25685,-0.00274,0.00031,-0.01309,-0.02233,-0.02754,-0.04586,-0.05307,-0.09316,-0.06998,-0.13804,144.13438,1.25705,-0.01427,-0.00713,-0.02655,-0.03848,-0.03768,-0.06228,-0.06354,-0.10155,-0.07054,-0.15379,123.76718,1.25428,-0.02714,-0.02414,-0.04484,-0.05357,-0.03645,-0.05486,-0.05213,-0.09467,-0.05475,-0.1652,136.20825,1.27314,-0.00708,-0.00754,-0.02458,-0.04068,-0.04059,-0.06929,-0.07295,-0.12718,-0.05804,-0.17328,176.26412,1.45145,-0.00019,-0.01822,-0.0186,-0.05811,-0.00902,-0.07573,0.00466,-0.08424,-0.00115,-0.14768,136.97017,1.18826,0.00242,0.00814,-0.0004,-0.01858,-0.02715,-0.09589,-0.03436,-0.1326,-0.0216,-0.23038
2024-04-22,188.42305,1.43924,0.01029,0.02276,-0.00312,0.01857,-0.01318,0.00915,-0.0201,-0.03382,0.0146,-0.12933,133.77198,1.25431,-0.00866,-0.01496,-0.01665,-0.02918,-0.02247,-0.04263,-0.05426,-0.09526,-0.07191,-0.14584,142.82601,1.25152,-0.01133,-0.01998,-0.02332,-0.03889,-0.02813,-0.05917,-0.06109,-0.1061,-0.06792,-0.15464,123.14027,1.25618,-0.02448,-0.03937,-0.04327,-0.05928,-0.03801,-0.05804,-0.05287,-0.10857,-0.05707,-0.15449,134.97653,1.26299,-0.01084,-0.0192,-0.01875,-0.03711,-0.02691,-0.05586,-0.06783,-0.12189,-0.05495,-0.17253,175.55772,1.433,-0.00789,-0.02939,-0.01466,-0.03931,0.01293,-0.03665,0.01099,-0.06963,-0.00285,-0.13571,135.09976,1.16602,0.00952,0.01659,0.00803,-0.0129,-0.00013,-0.0747,-0.03084,-0.133,-0.01721,-0.18994
2024-04-29,188.97193,1.45466,-0.00436,-0.00837,-0.00623,0.01584,-0.02458,-0.02129,-0.01556,-0.02723,-0.00952,-0.15627,133.84549,1.25716,-0.01038,-0.02264,-0.00989,-0.02657,-0.02702,-0.05847,-0.06161,-0.09861,-0.0844,-0.15856,142.07747,1.24992,-0.01246,-0.03135,-0.01529,-0.03462,-0.03079,-0.06663,-0.05791,-0.10056,-0.07344,-0.15553,120.40865,1.23014,-0.01819,-0.02943,-0.02851,-0.03167,-0.00901,-0.02519,-0.04431,-0.08462,-0.05722,-0.14403,135.24396,1.26559,-0.01763,-0.03313,-0.018,-0.04107,-0.03359,-0.06885,-0.06648,-0.12464,-0.06779,-0.18029,176.231,1.43323,-0.01842,-0.03989,-0.01542,-0.04379,0.01508,-0.04063,0.00066,-0.07258,-0.01871,-0.14186,137.30134,1.1964,-0.00281,-0.02673,-0.02725,-0.08456,-0.01083,-0.10852,-0.03022,-0.14066,-0.05301,-0.22155
2024-05-06,190.36228,1.46201,-0.01328,-0.00419,-0.0117,-0.00132,-0.03814,-0.03645,-0.04635,-0.08116,-0.0289,-0.17448,132.61394,1.23935,-0.00806,-0.01422,-0.01426,-0.02644,-0.0297,-0.05875,-0.06371,-0.09309,-0.06995,-0.13772,141.20716,1.23154,-0.01212,-0.01891,-0.01696,-0.03269,-0.03961,-0.06769,-0.05395,-0.08658,-0.06483,-0.13657,120.12545,1.21681,-0.01926,-0.0199,-0.01328,-0.01284,-0.02318,-0.04631,-0.04049,-0.07247,-0.04129,-0.1128,133.51322,1.24379,-0.00799,-0.01792,-0.01846,-0.03293,-0.04123,-0.07567,-0.0548,-0.10706,-0.05321,-0.15249,174.17192,1.4036,-0.00682,-0.00992,-0.00484,-0.02697,0.02247,-0.0202,-4e-05,-0.06471,-0.00623,-0.11125,136.38651,1.18261,-0.00148,-0.02949,-0.01753,-0.07748,-0.02351,-0.09946,-0.01818,-0.13409,-0.04997,-0.19977
2024-05-13,188.14876,1.44629,-0.00188,0.02421,-0.00296,0.01074,-0.03458,-0.0532,-0.0032,-0.02636,-0.0242,-0.16386,132.45569,1.23452,0.0005,-0.00393,-0.01464,-0.02353,-0.03225,-0.06112,-0.06105,-0.08714,-0.06959,-0.13671,140.30716,1.21856,-0.00287,-0.00327,-0.01143,-0.02379,-0.03428,-0.05748,-0.04559,-0.07702,-0.06319,-0.13342,118.21794,1.20071,-0.01051,-0.00225,0.00878,-0.00129,-0.01041,-0.04295,0.00664,-0.0247,-0.02774,-0.10164,132.86009,1.23246,-0.00038,-0.00794,-0.01641,-0.02861,-0.03948,-0.0716,-0.04777,-0.10194,-0.04587,-0.13959,172.98483,1.39334,0.00306,-0.00391,0.00977,-0.01763,0.0262,-0.01853,0.00475,-0.06315,-0.00368,-0.10957,136.91592,1.16968,-0.02451,-0.05784,-0.02677,-0.07731,-0.02692,-0.10695,-0.01409,-0.13327,-0.05551,-0.17798
2024-05-20,187.83427,1.45782,0.0016,0.00287,-0.01009,-0.00942,-0.02941,-0.05784,-0.00225,-0.0792,-0.02756,-0.18103,131.54527,1.22513,-0.00625,-0.01222,-0.00592,-0.01345,-0.03386,-0.06144,-0.05392,-0.08486,-0.0578,-0.12002,139.49526,1.21263,-0.0049,-0.01378,-0.00492,-0.02028,-0.03239,-0.05714,-0.0379,-0.07642,-0.05787,-0.12586,117.81218,1.1969,0.00609,0.00706,0.0055,0.00123,-0.00422,-0.03729,0.02258,-0.01668,-0.03447,-0.09559,132.44595,1.22588,-0.01055,-0.01501,-0.00832,-0.01875,-0.04661,-0.07992,-0.03951,-0.10007,-0.04109,-0.12688,172.98483,1.39368,0.00199,-0.01705,0.02799,0.00266,0.0237,-0.02647,0.01247,-0.06879,0.00473,-0.10552,136.18429,1.15312,-0.01607,-0.04799,-0.00809,-0.0618,-0.02878,-0.09746,-0.00562,-0.14369,-0.06009,-0.16166
2024-05-27,187.79495,1.4705,-0.00108,-0.01348,-0.01847,-0.03713,-0.01682,-0.06508,0.02485,-0.08136,-0.02541,-0.19129,132.52167,1.2306,-0.01513,-0.01961,-0.0173,-0.0319,-0.04533,-0.07154,-0.05755,-0.09553,-0.06444,-0.12036,139.9045,1.21529,-0.00858,-0.02052,-0.01573,-0.03201,-0.04148,-0.06987,-0.03681,-0.08032,-0.06657,-0.1246,116.97545,1.19847,0.0195,0.00095,0.02008,0.00648,-0.00295,-0.05086,0.03559,-0.02264,-0.02133,-0.06396,132.80947,1.22452,-0.01604,-0.02068,-0.01588,-0.02778,-0.05262,-0.08342,-0.03767,-0.10373,-0.05259,-0.12828,173.51424,1.38944,0.00669,-0.01372,0.03098,0.00316,0.0229,-0.02607,0.01813,-0.068,-0.00891,-0.10311,133.56002,1.11184,-0.00231,-0.01947,0.01688,-0.02396,-0.01966,-0.07882,0.03325,-0.12025,-0.04664,-0.10706
2024-06-03,188.13462,1.46068,-0.01167,-0.01229,-0.02675,-0.03513,-0.01118,-0.03325,0.02002,-0.11135,-0.05883,-0.21438,130.7228,1.21291,0.00033,-0.00123,-0.01566,-0.03231,-0.03919,-0.05436,-0.04238,-0.08074,-0.04707,-0.09728,138.81206,1.19885,-2e-05,-0.0065,-0.02304,-0.035,-0.03575,-0.04949,-0.03248,-0.07558,-0.0679,-0.116,118.52967,1.20396,-0.00059,-0.00583,-0.01003,-0.03347,-0.02916,-0.05845,-0.00041,-0.07684,-0.04643,-0.10833,131.04917,1.21087,0.00225,-0.00374,-0.02321,-0.04275,-0.0366,-0.06991,-0.01922,-0.09288,-0.04377,-0.11593,173.32883,1.37663,0.02595,0.01971,0.02745,0.00676,0.01741,-0.01598,0.01645,-0.06451,-0.02098,-0.10501,133.99614,1.10513,0.00811,-0.01381,-0.00609,-0.02197,-0.0063,-0.04939,0.02886,-0.12256,-0.06221,-0.10082
2024-06-10,187.59136,1.45703,-0.0174,-0.02365,-0.03171,-0.06394,-0.03226,-0.07618,0.03857,-0.12027,-0.05283,-0.18226,130.51704,1.21099,-0.0022,-0.01229,-0.01787,-0.03759,-0.04866,-0.06473,-0.03787,-0.07938,-0.04214,-0.08915,138.70353,1.19477,-0.00721,-0.01149,-0.02312,-0.03368,-0.03688,-0.04981,-0.0289,-0.07618,-0.06693,-0.11097,119.25589,1.19942,0.00057,0.00553,-0.01903,-0.04166,-0.03349,-0.05509,-0.00882,-0.08541,-0.06006,-0.10182,130.6794,1.20385,0.00016,-0.0071,-0.02345,-0.04299,-0.0343,-0.06711,-0.01332,-0.08871,-0.03905,-0.10426,174.67438,1.37572,0.02413,0.01688,0.01628,-0.0009,-0.00292,-0.03682,0.01094,-0.07,-0.02916,-0.09696,133.251,1.09237,0.01924,-0.00448,-0.00015,-0.02964,0.00492,-0.04385,0.03358,-0.11665,-0.0617,-0.08121
2024-06-17,185.93927,1.44839,-0.01526,-0.02284,-0.01951,-0.04842,0.00864,-0.02846,0.04681,-0.10919,-0.05761,-0.17228,130.76623,1.21168,-0.01598,-0.03108,-0.02811,-0.04799,-0.04891,-0.0643,-0.03862,-0.07985,-0.03605,-0.08337,138.80866,1.19235,-0.02302,-0.0285,-0.02761,-0.03686,-0.03529,-0.05081,-0.03167,-0.07707,-0.06239,-0.10386,118.46009,1.19814,-0.00945,-0.02764,-0.00966,-0.03853,0.00458,-0.02212,0.00874,-0.06797,-0.04766,-0.08372,131.34395,1.20713,-0.0254,-0.03901,-0.03861,-0.06117,-0.03678,-0.07661,-0.0157,-0.09016,-0.04828,-0.11388,177.82746,1.39635,0.00146,-0.01295,-0.00417,-0.02913,-0.02261,-0.06615,0.00175,-0.07888,-0.05051,-0.11743,135.08238,1.09132,-0.01408,-0.00817,-0.02086,-0.03566,-0.00071,-0.05492,0.01012,-0.11826,-0.09567,-0.08922
2024-06-24,184.32651,1.43338,-0.01456,-0.04028,0.00168,-0.02795,0.01674,-0.05476,0.04716,-0.10754,-0.05096,-0.13083,130.22949,1.1987,-0.0157,-0.0253,-0.02853,-0.03964,-0.04436,-0.05842,-0.03276,-0.06618,-0.0271,-0.06433,137.70324,1.18329,-0.01602,-0.0222,-0.02616,-0.03786,-0.02538,-0.04707,-0.02645,-0.06815,-0.04969,-0.08531,119.3241,1.20495,-0.01959,-0.04719,-0.02257,-0.05734,0.00962,-0.02473,0.00144,-0.07924,-0.06168,-0.08711,130.70087,1.19674,-0.02361,-0.03588,-0.03734,-0.05564,-0.02668,-0.07094,-0.00843,-0.07795,-0.04581,-0.09869,178.88922,1.3926,-0.00767,-0.01778,-0.00784,-0.02923,-0.02095,-0.06771,-0.00093,-0.07095,-0.05634,-0.10656,135.81493,1.08788,-0.01903,-0.02516,-0.03594,-0.05486,-0.00291,-0.07845,-0.00441,-0.12802,-0.10651,-0.07879
2024-07-01,183.10214,1.42555,-0.00432,-0.02558,0.01599,0.00188,0.05111,-0.03641,0.05503,-0.09892,-0.06874,0.07242,128.67594,1.1806,-0.01232,-0.01691,-0.02391,-0.02205,-0.02939,-0.04553,-0.0242,-0.0533,-0.02519,0.04718,135.6138,1.16385,-0.0047,-0.00836,-0.01301,-0.01449,-0.00633,-0.02888,-0.01004,-0.04849,-0.04885,0.01549,117.34088,1.17049,-0.00022,-0.01088,-0.01933,-0.02497,0.03237,0.00534,0.00913,-0.0717,-0.06245,0.01364,128.00796,1.16812,-0.01356,-0.02216,-0.01371,-0.02716,-0.00158,-0.04733,0.00504,-0.06115,-0.04288,0.01182,178.08642,1.3834,-0.00562,-0.01618,-0.00977,-0.02275,-0.00801,-0.06196,-0.00711,-0.07924,-0.07167,0.0544,133.18043,1.08315,-0.00688,-0.02749,-0.00022,-0.02741,0.03619,-0.09157,0.01321,-0.12599,-0.11926,0.04404
2024-07-08,181.64238,1.39309,0.01648,0.01233,-0.00056,-0.01225,0.05648,-0.04376,0.03659,-0.09785,-0.05538,0.08896,128.18434,1.1734,-0.01303,-0.01434,-0.03135,-0.02713,-0.02342,-0.04122,-0.02561,-0.05329,-0.01719,0.0496,135.49704,1.16109,-0.0103,-0.01566,-0.01408,-0.01612,-0.00881,-0.03781,-0.01154,-0.05707,-0.04656,0.00298,116.98673,1.15776,-0.00305,-0.01015,-0.01474,-0.01343,0.01277,-0.03064,0.0069,-0.06179,-0.112,-0.0478,127.61494,1.16086,-0.01406,-0.01976,-0.01111,-0.02412,0.00717,-0.04287,0.00601,-0.05664,-0.03174,0.01184,177.51756,1.37482,-0.00017,-0.01145,-0.01889,-0.03593,-0.00753,-0.06269,-0.00663,-0.0732,-0.05492,0.06207,133.23061,1.06272,-0.01724,-0.0297,0.00507,-0.0142,0.03477,-0.08016,0.00922,-0.1096,-0.13808,0.03534
2024-07-15,182.3109,1.39998,0.0204,0.02746,0.02872,0.01996,0.06865,-0.06322,0.03706,-0.10502,-0.04742,0.06853,127.09054,1.16369,-0.01173,-0.00514,-0.02141,-0.01631,-0.01193,-0.03208,-0.01786,-0.04488,-0.00361,0.06086,134.97637,1.15549,-0.00835,-0.00613,-0.0079,-0.01395,-0.00209,-0.0369,-0.00748,-0.05224,-0.03214,0.01638,117.31547,1.15961,-0.01912,-0.01409,0.01438,0.0164,0.00757,-0.04559,-0.00277,-0.07052,-0.11767,-0.05627,126.27216,1.14596,-0.00015,-0.005,0.00191,-0.01544,0.02112,-0.03082,0.01608,-0.0461,-0.01452,0.03319,177.08516,1.36721,-0.00417,-0.00656,-0.01851,-0.03702,-0.00283,-0.06149,-0.00578,-0.06345,-0.03658,0.08144,132.26427,1.05566,0.00671,8e-05,0.02058,-0.01926,0.04129,-0.07995,0.01321,-0.09779,-0.11674,0.04641
2024-07-22,184.63559,1.40543,-0.01677,-0.02458,0.01504,-0.02681,0.0542,-0.06623,0.03541,-0.09551,-0.04466,0.05044,126.51386,1.15905,-0.01856,-0.01279,-0.0163,-0.01878,-0.0063,-0.02722,-0.01866,-0.05058,-0.01187,0.04283,134.10082,1.14543,-0.00382,-0.00046,0.0008,-0.00922,0.00232,-0.03014,-0.00727,-0.04854,-0.03869,0.00405,116.63039,1.14761,-0.01173,-0.00328,0.03294,0.03262,0.02457,-0.01745,-0.00444,-0.04592,-0.11915,-0.11367,125.82098,1.1411,0.00299,-0.00437,0.01107,-0.0153,0.02751,-0.02413,0.01382,-0.05063,-0.0219,0.01751,177.48694,1.36337,-0.01872,-0.02448,-0.01322,-0.03848,0.00367,-0.04591,-0.01369,-0.06609,-0.04602,0.06209,130.93385,1.03302,0.0227,0.0155,0.03426,-0.02359,0.04212,-0.05996,0.01406,-0.05695,-0.08671,0.05441
2024-07-29,186.03062,1.42744,0.00815,-0.0075,0.03457,-0.0383,0.03756,-0.1016,0.00614,-0.12905,-0.02869,0.03874,125.59948,1.15855,-0.00979,-0.01117,-0.00561,-0.02348,0.00289,-0.02604,-0.02429,-0.05995,0.00273,0.0426,133.84971,1.14936,0.00045,-0.00782,0.00676,-0.01439,0.00158,-0.03423,-0.01649,-0.05497,-0.02809,0.00376,115.07281,1.14552,0.03415,0.0305,0.05271,0.03032,0.03844,-0.01981,-0.01351,-0.05941,-0.07464,-0.09442,126.25287,1.14096,0.00206,-0.01044,0.0123,-0.02017,0.0265,-0.02216,-0.0014,-0.05565,-0.01165,0.02258,176.34655,1.36065,-0.0144,-0.03045,0.00178,-0.03922,0.01347,-0.03901,-0.01935,-0.06928,-0.01846,0.08316,133.15174,1.05574,0.01378,-0.01934,0.03642,-0.06416,0.01551,-0.09588,-0.0235,-0.0809,-0.06663,0.06283
2024-08-05,181.53992,1.38084,0.03235,-0.00223,0.05708,-0.03151,0.06411,-0.05422,0.01829,-0.09332,0.00953,0.08287,124.16551,1.14626,0.00231,-0.00599,0.00819,-0.01409,0.01125,-0.01896,-0.00667,-0.04463,0.01522,0.04586,133.58863,1.14496,0.00464,-0.00875,0.00535,-0.02169,0.00497,-0.0296,-0.0115,-0.04998,-0.0252,-0.00568,115.26207,1.14434,0.0452,0.03589,0.02793,-0.01721,0.02733,-0.04554,-0.00084,-0.04033,-0.06677,-0.1,126.19718,1.13674,0.00805,-0.01093,0.01849,-0.01875,0.01946,-0.02977,0.00168,-0.04543,-0.01415,0.01439,174.16457,1.33889,0.00561,-0.014,0.01157,-0.02677,0.01525,-0.03474,-0.00619,-0.04654,0.00132,0.09136,133.9066,1.04852,0.0113,-0.03909,0.02955,-0.06595,0.00771,-0.09136,-0.03238,-0.06568,-0.05209,0.07182
2024-08-12,187.54642,1.41993,0.02621,-0.03079,0.03882,-0.08318,0.00395,-0.12469,-0.02107,-0.1375,-0.00361,0.0523,124.36984,1.14738,0.00422,-0.01231,0.00968,-0.01577,0.00427,-0.02727,-0.0091,-0.04957,0.02179,0.05211,133.91044,1.14155,0.00631,-0.00658,0.00585,-0.02295,0.00017,-0.03753,-0.01844,-0.0564,-0.01969,0.0012,119.00294,1.17601,0.01795,-0.00018,-0.00672,-0.06199,-0.01016,-0.08004,-0.03415,-0.07694,-0.08976,-0.12397,126.51333,1.13052,0.01022,-0.00973,0.01917,-0.01538,0.01477,-0.0263,0.002,-0.03766,-0.01144,0.02632,173.80643,1.3302,0.01642,-0.00876,0.01599,-0.02448,0.01458,-0.02858,-0.00839,-0.04642,0.01259,0.09841,134.98627,1.0364,0.02233,-0.04482,0.02029,-0.06069,-0.00391,-0.08328,-0.04201,-0.04471,-0.06163,0.07007
2024-08-19,187.41192,1.37862,0.02396,-0.02928,0.03858,-0.03942,0.00883,-0.08366,-0.02537,-0.10183,0.00117,0.09472,124.45205,1.14027,0.00587,-0.0081,0.01016,-0.00845,0.00297,-0.02147,-0.0041,-0.03516,0.02102,0.05634,134.20837,1.13621,0.00071,-0.01294,0.00152,-0.02093,-0.0018,-0.03296,-0.02076,-0.04943,-0.02777,0.00156,120.47211,1.18023,-0.01653,-0.05311,-0.0081,-0.05007,-0.0289,-0.09114,-0.05579,-0.07892,-0.10728,-0.12445,127.21346,1.12581,0.01035,-0.00782,0.01626,-0.00884,0.00856,-0.02595,-0.00165,-0.0268,-0.02247,0.02413,175.14124,1.32489,0.00593,-0.01276,0.01712,-0.00743,0.00526,-0.02112,-0.00764,-0.03672,0.00054,0.09846,135.41918,1.00943,0.01805,-0.02687,0.00761,-0.03638,-0.0104,-0.05156,-0.05478,-0.01798,-0.06917,0.0842
2024-08-26,192.46112,1.38914,0.01229,-0.05239,0.0029,-0.0633,-0.00669,-0.07923,-0.04904,-0.10993,-0.01997,0.08882,124.89441,1.13507,0.00544,-0.00346,0.00856,-0.00256,-0.00594,-0.0266,-0.00731,-0.02483,0.01354,0.05628,134.7549,1.13497,-0.00045,-0.01638,-0.00515,-0.01983,-0.01209,-0.03809,-0.0309,-0.04428,-0.03538,0.00475,121.13873,1.17583,-0.02423,-0.06182,-0.01356,-0.05012,-0.04149,-0.07414,-0.05496,-0.04132,-0.12754,-0.13142,127.80606,1.12079,0.00887,-0.00565,0.01403,-0.00199,-0.00193,-0.03032,-0.0155,-0.02455,-0.03125,0.02657,176.66022,1.32144,-0.00043,-0.01572,0.01167,0.00021,-0.00907,-0.02416,-0.02656,-0.03511,-0.02326,0.08806,138.00064,0.99159,-0.00199,-0.01587,-0.02018,-0.03173,-0.03787,-0.01551,-0.07732,0.0132,-0.08549,0.09793
2024-09-02,191.90164,1.34933,0.01428,-0.01013,0.00665,-0.0227,-0.02464,-0.05094,-0.0773,-0.10303,-0.02118,0.12378,125.18248,1.13217,0.00427,-0.00034,0.00304,-0.00487,-0.02104,-0.03357,-0.0049,-0.01654,0.00986,0.05424,134.30303,1.12328,0.00081,-0.00799,-0.00038,-0.00792,-0.01981,-0.02889,-0.03661,-0.04043,-0.03537,0.00868,118.48084,1.12712,0.00857,0.00304,-0.00058,-0.02833,-0.04188,-0.04102,-0.04604,-0.03149,-0.1183,-0.09158,128.53039,1.11799,0.00585,-0.00102,0.00096,-0.01102,-0.0191,-0.03268,-0.02503,-0.02305,-0.04016,0.02958,176.18036,1.31213,0.01112,0.00533,0.00363,-0.00797,-0.01843,-0.02075,-0.03683,-0.0405,-0.02222,0.09874,137.863,0.98257,-0.01026,-0.00951,-0.02121,-0.0254,-0.05687,-0.00772,-0.08852,0.02174,-0.09458,0.08926
2024-09-09,194.82683,1.33676,-0.00928,-0.01092,-0.03356,-0.04152,-0.05116,-0.04923,-0.08801,-0.06199,-0.03063,0.12525,125.57435,1.13161,0.0031,0.0009,-0.00536,-0.0115,-0.01782,-0.02997,-0.00444,-0.00977,0.00313,0.04714,134.69439,1.1186,-0.0047,-0.00346,-0.00565,-0.01458,-0.01961,-0.02362,-0.03916,-0.03479,-0.03643,0.01298,118.20366,1.11402,0.01093,0.01169,-0.00346,-0.01804,-0.0257,-0.01002,-0.05169,-0.01642,-0.10481,-0.07173,128.93918,1.11514,0.00511,0.00366,-0.00433,-0.01092,-0.01962,-0.02383,-0.02608,-0.01556,-0.05093,0.02624,176.58478,1.30572,0.01211,0.01592,-0.00138,-0.0041,-0.01981,-0.01337,-0.03966,-0.02696,-0.01878,0.11446,137.72544,0.97572,-0.01822,-0.01586,-0.02372,-0.02259,-0.05921,0.00713,-0.09218,0.03544,-0.08002,0.11112
2024-09-16,194.64286,1.3392,-0.00752,-0.01257,-0.02865,-0.04424,-0.05676,-0.05676,-0.09974,-0.06308,-0.03829,0.13171,125.71648,1.13183,-0.00122,-0.00452,-0.00712,-0.01302,-0.01972,-0.03402,0.00267,-0.00352,-3e-05,0.04655,134.41208,1.11529,-0.00119,7e-05,-0.00331,-0.01203,-0.0221,-0.03014,-0.03172,-0.0268,-0.03933,0.01203,119.49592,1.13016,-0.00907,-0.03137,-0.02096,-0.04107,-0.03814,-0.03109,-0.05591,-0.01574,-0.12398,-0.07746,129.28192,1.11697,-0.00486,-0.01,-0.00757,-0.01711,-0.01946,-0.0241,-0.0331,-0.02371,-0.05644,0.02481,178.13896,1.31746,-0.0074,-0.0133,-0.01166,-0.01369,-0.0325,-0.03369,-0.05217,-0.03854,-0.03881,0.08942,136.44917,0.97306,-0.01106,-0.01589,-0.01787,-0.01518,-0.05228,0.01864,-0.10472,0.02904,-0.08668,0.11128
2024-09-23,193.01878,1.32584,-0.02451,-0.0306,-0.00956,-0.01593,-0.05368,-0.04905,-0.0937,-0.02329,-0.03309,0.12553,125.96301,1.13251,-0.00843,-0.0124,-0.01437,-0.02404,-0.01604,-0.0274,0.00586,0.00186,-0.00783,0.03733,134.06117,1.11514,-0.00095,-0.01112,-0.00698,-0.01825,-0.01969,-0.02836,-0.02387,-0.01716,-0.05064,-0.00017,119.49592,1.12571,-0.01424,-0.02973,-0.02831,-0.02402,-0.04808,-0.0244,-0.06302,-0.00786,-0.14367,-0.0893,129.5986,1.1188,-0.00939,-0.01458,-0.01573,-0.02833,-0.02002,-0.0198,-0.03769,-0.02075,-0.07235,0.00548,178.72252,1.32164,-0.01333,-0.02002,-0.02051,-0.02436,-0.02752,-0.03347,-0.05546,-0.0356,-0.06289,0.05821,135.21646,0.95986,-0.00561,-0.00673,-0.01806,0.01622,-0.05336,0.0316,-0.10255,0.04923,-0.08983,0.10763
2024-09-30,193.17848,1.32663,-0.02128,-0.03167,-0.03109,-0.02824,-0.05257,-0.04741,-0.11732,0.17135,-0.0363,0.1128,125.56258,1.12731,-0.00591,-0.0085,-0.024,-0.02871,-0.01259,-0.01707,-0.00102,0.10047,-0.0001,0.04735,134.25248,1.11536,-0.00212,-0.01211,-0.01944,-0.02097,-0.02727,-0.02467,-0.0392,0.06398,-0.05231,-0.00302,118.41267,1.0988,-0.01201,-0.00971,-0.04133,-0.01269,-0.0332,0.03572,-0.07093,0.08534,-0.13684,-0.05959,128.65323,1.10697,-0.00272,-0.00711,-0.02003,-0.02166,-0.02199,-0.01073,-0.04768,0.07297,-0.07149,0.00851,176.81989,1.30416,-0.00429,-0.00039,-0.02198,-0.01278,-0.02744,-0.01783,-0.06502,0.13364,-0.04706,0.08574,134.93951,0.95716,-0.00688,0.00071,-0.03644,0.01768,-0.05639,0.04762,-0.13074,0.17003,-0.09064,0.10385
2024-10-07,188.28788,1.29524,0.01533,0.01467,-0.0182,-0.00772,-0.05959,-0.04894,-0.08872,0.18681,-0.01402,0.13458,124.90146,1.12011,-0.00599,-0.01164,-0.01252,-0.01848,-0.00266,-0.00448,0.00864,0.10289,0.0049,0.05548,133.93348,1.10401,-0.00603,-0.00713,-0.01404,-0.00903,-0.03395,-0.02116,-0.03543,0.06005,-0.05382,0.00087,117.79424,1.09598,-0.01427,0.00572,-0.02231,0.00803,-0.04048,-0.00034,-0.11809,0.01398,-0.08087,0.00136,128.38149,1.10422,-0.0064,-0.01375,-0.01536,-0.01291,-0.0239,-0.00928,-0.03752,0.06848,-0.07753,0.0009,176.3406,1.30162,-0.00728,-0.00434,-0.01845,-0.00927,-0.0377,-0.02999,-0.04861,0.13526,-0.0398,0.08962,134.45844,0.95312,-0.01252,0.02295,-0.03635,0.02972,-0.06544,0.05118,-0.14595,0.14494,-0.03204,0.16902
2024-10-14,189.06694,1.29496,-0.01002,0.00343,-0.02894,-0.01252,-0.06022,-0.02019,-0.08146,0.17354,-0.02574,0.11858,124.82111,1.11881,-0.0182,-0.02021,-0.01269,-0.021,0.00157,0.00303,0.0145,0.10575,0.0112,0.06319,133.96741,1.10326,-0.01735,-0.00887,-0.01886,-0.01811,-0.03394,-0.01945,-0.02485,0.06862,-0.05391,0.00213,116.99073,1.08909,-0.02968,-0.00298,-0.01754,0.00998,-0.04186,0.00851,-0.11522,0.01425,-0.07991,0.00178,128.30294,1.09986,-0.01736,-0.01455,-0.01198,-0.007,-0.02125,-0.00028,-0.03012,0.07929,-0.07387,0.01079,176.06221,1.30377,-0.01777,-0.0124,-0.02109,-0.01999,-0.03681,-0.02501,-0.03098,0.14489,-0.04866,0.07547,134.01124,0.95788,-0.02976,0.01697,-0.03504,0.03382,-0.06702,0.05328,-0.12825,0.1442,-0.02484,0.17584
2024-10-21,191.17416,1.30991,-0.03303,-0.02239,-0.04455,-0.03312,-0.08341,-0.03379,-0.07733,0.14595,-0.04385,0.08631,124.15293,1.10847,-0.00657,-0.00683,-0.0017,-0.00336,0.0153,0.01984,0.00692,0.09341,0.01437,0.07237,133.12558,1.09688,-0.00806,-0.00191,-0.0128,-0.01011,-0.02237,-0.00839,-0.03165,0.05259,-0.05211,0.00885,116.11281,1.10169,-0.00816,0.00231,-0.02034,-0.00038,-0.02841,0.01272,-0.11522,-0.06775,-0.08823,-0.02172,127.55975,1.09047,-0.00902,0.00084,-0.00436,0.00854,-0.02004,0.00279,-0.03523,0.06814,-0.07335,0.01558,175.05716,1.29728,-0.01125,-0.00493,-0.00716,-0.00911,-0.03549,-0.01836,-0.03278,0.12817,-0.0556,0.05219,132.77465,0.97607,-0.02413,0.00677,-0.03595,0.01538,-0.07995,0.02602,-0.09937,0.11135,-0.03476,0.13004
2024-10-28,187.17254,1.29839,-0.01911,-0.01596,-0.02217,-0.01918,-0.06539,0.00416,-0.03461,0.16779,-0.03768,0.08813,122.54908,1.0986,0.00562,-0.00079,0.01169,0.01164,0.03388,0.03577,0.02769,0.10255,0.01909,0.07444,131.64311,1.09439,-0.00153,-0.00924,-0.00799,-0.0037,-0.00594,0.00359,-0.0118,0.05874,-0.05095,0.00473,113.51864,1.08611,0.01251,0.01297,0.00848,0.04841,-0.01369,0.03174,-0.06197,-0.03501,-0.07343,-0.01151,126.07598,1.08531,0.00547,0.00756,-0.00199,0.01093,-0.01081,0.01274,-0.01027,0.07823,-0.07317,0.00817,172.93401,1.29137,-0.00338,-0.0076,-0.00559,-0.00504,-0.02384,-0.00533,0.00091,0.15244,-0.06086,0.02944,130.02242,0.97485,-0.00544,0.01685,-0.0207,0.02994,-0.0667,0.03424,-0.04417,0.14373,-0.03787,0.11523
2024-11-04,184.86036,1.28752,-0.01192,-0.01073,-0.04216,-0.04122,-0.0776,0.21045,-0.0086,0.17619,-0.03634,0.08064,123.33713,1.10163,0.0049,0.00348,0.00999,0.01399,0.01701,0.12614,0.02204,0.09049,-0.00156,0.04922,132.05275,1.09498,-0.00478,-0.0082,-0.02019,-0.01213,-0.0232,0.08436,-0.01386,0.04431,-0.05934,-0.01162,115.16575,1.104,-0.01229,-0.00269,-0.01858,-0.00837,-0.04474,0.08013,-0.06599,-0.05967,-0.083,-0.03426,126.40899,1.09131,0.00471,0.0077,-0.00867,0.00363,-0.03077,0.08863,-0.01581,0.05982,-0.08048,-0.00846,173.08713,1.29235,0.00414,-0.00418,-0.01961,-0.02072,-0.04486,0.14545,0.00755,0.1379,-0.06015,0.01861,129.57136,0.98284,-0.01212,0.00861,-0.03019,0.02146,-0.09473,0.14435,-0.02037,0.13749,-0.02494,0.11265
2024-11-11,183.59531,1.28244,-0.00312,-0.00322,-0.03221,-0.00767,-0.06543,0.19961,0.01783,0.1898,-0.02021,0.10033,123.23757,1.09781,0.00604,0.01243,0.01444,0.02403,0.02226,0.12519,0.03118,0.10169,-0.00081,0.04987,131.44116,1.08515,-0.00647,0.00554,-0.01538,-0.00135,-0.01714,0.07892,-0.00127,0.0576,-0.05717,-0.00885,114.9386,1.09907,-0.00398,0.03544,-0.02475,-0.00147,-0.09618,0.01089,-0.05758,-0.04703,-0.06974,-0.01309,126.76575,1.09286,-0.00742,0.00337,-0.00938,0.00672,-0.02526,0.07984,-0.01341,0.06398,-0.08781,-0.0202,172.34868,1.28377,-0.00221,0.00256,-0.01606,-0.00502,-0.02658,0.15311,0.02115,0.14483,-0.0532,0.03059,129.31534,0.99169,-0.01535,0.01309,-0.03314,0.01947,-0.11198,0.10637,-0.02047,0.11478,-0.01771,0.09348
2024-11-18,182.65736,1.27679,-0.0306,-0.03049,-0.04067,-0.00067,-0.04923,0.19171,0.02723,0.19655,-0.03939,0.08501,123.94207,1.10511,0.00506,0.01052,0.01703,0.0232,0.0217,0.11944,0.02522,0.0915,-0.01027,0.03736,131.422,1.08678,-0.01549,-0.00393,-0.00969,0.00171,-0.00596,0.08509,-0.00716,0.051,-0.0634,-0.01675,113.75084,1.10131,-0.00637,-0.00568,-0.00823,0.01311,-0.09002,0.00202,-0.05453,-0.04553,-0.06145,-0.01668,127.00411,1.099,-0.01332,-0.00406,-0.01576,-0.00575,-0.0202,0.08015,-0.02086,0.05093,-0.09405,-0.03404,173.80324,1.28817,-0.02365,-0.01654,-0.02853,-0.00925,-0.01839,0.16049,0.00824,0.13519,-0.05233,0.03883,128.00132,0.99146,-0.01829,0.01285,-0.04564,0.01064,-0.08732,0.11062,-0.01522,0.10217,-0.0044,0.08761
2024-11-25,183.02313,1.27922,-0.02919,-0.00445,-0.04421,0.02333,-0.03624,0.17664,0.03057,0.19874,-0.05424,0.07619,123.98137,1.11024,0.00835,0.0116,0.02193,0.02413,0.00831,0.09164,0.021,0.08112,-0.00304,0.03755,130.59112,1.09069,-0.00897,-0.00689,0.00207,0.00729,-0.01285,0.05878,-0.00462,0.04903,-0.06137,-0.02592,114.48085,1.13451,-0.02086,-0.03691,-0.02198,-0.01667,-0.10261,-0.10057,-0.0768,-0.0901,-0.06928,-0.04286,125.82462,1.09624,-0.00197,0.00334,-0.00883,0.00181,-0.02193,0.06237,-0.016,0.05112,-0.08311,-0.03254,171.96793,1.28633,-0.01388,-0.00757,-0.01836,-0.00029,-0.0154,0.13912,0.00339,0.12316,-0.04571,0.02779,127.33054,1.00478,-0.01807,0.00638,-0.04697,0.00431,-0.06086,0.08265,-0.00886,0.08473,-0.01344,0.04096
2024-12-02,177.06743,1.2463,-0.01039,0.02982,-0.037,0.25167,0.02048,0.21988,0.06082,0.22681,-0.02955,0.08783,124.56959,1.11563,0.01191,0.01268,0.00694,0.11215,0.01103,0.08552,0.01483,0.07079,-0.01293,0.02525,129.38624,1.08285,0.00589,0.00564,-0.00307,0.09649,0.00544,0.07027,0.00128,0.0491,-0.06031,-0.03279,113.02613,1.09563,-0.00187,0.01878,-0.02665,0.0885,-0.05788,-0.04454,-0.07575,-0.06009,-0.05271,-0.00809,125.31279,1.09494,-0.00247,-0.00169,-0.02229,0.085,-0.00424,0.06859,-0.01552,0.05262,-0.08681,-0.03759,169.69216,1.27163,-0.00499,0.00729,-0.02575,0.16617,0.02004,0.17218,0.01517,0.13924,-0.02782,0.03863,125.65961,1.00431,-0.02785,-0.00221,-0.06655,0.12289,-0.01098,0.11426,-0.00665,0.06752,0.00324,0.03542
2024-12-09,177.68094,1.27477,-0.01547,0.02778,-0.03432,0.20728,0.03146,0.18895,0.06291,0.18723,-0.0424,0.04676,125.01715,1.12184,0.01347,0.01253,0.00771,0.10116,0.00831,0.07028,0.0076,0.05691,-0.02362,0.01072,129.42013,1.0838,0.01114,0.01418,-0.00179,0.08026,0.0062,0.05548,0.00283,0.04778,-0.06985,-0.04686,112.09332,1.0976,-0.00115,0.02025,-0.07324,0.01236,-0.04039,-0.05327,-0.05602,-0.05531,-0.04332,-0.01905,125.57697,1.09958,-0.00688,-0.00153,-0.01603,0.07312,-0.00929,0.05154,-0.02552,0.0418,-0.09401,-0.05149,169.58088,1.27876,-0.00454,0.00728,-0.01069,0.15813,0.02838,0.1515,0.02175,0.14142,-0.03888,0.00491,125.0296,1.01116,-0.02943,-0.00207,-0.08154,0.0869,0.01521,0.10918,0.0134,0.07567,0.00849,0.02251
2024-12-16,175.22821,1.27612,-0.02689,0.22186,-0.00892,0.19238,0.06643,0.19612,0.06827,0.19479,-0.03552,0.04036,126.05268,1.12831,-0.0049,0.09947,0.00459,0.09624,0.00815,0.07118,-0.0027,0.05006,-0.03102,0.00346,130.14799,1.08849,-0.0089,0.09085,0.00377,0.08338,0.00865,0.05426,-0.00786,0.03883,-0.0752,-0.0546,112.81451,1.11442,-0.02483,0.06972,-0.08247,-0.01108,-0.03983,-0.06238,-0.0721,-0.06172,-0.04399,-0.02357,125.00291,1.09325,-0.01987,0.08668,-0.00451,0.0859,0.00051,0.06359,-0.02415,0.04853,-0.09433,-0.05277,168.84517,1.27892,-0.02086,0.15888,0.01044,0.16974,0.04234,0.14969,0.0141,0.12797,-0.03614,-0.00101,122.1596,1.0021,-0.0398,0.1251,-0.04368,0.09998,0.0369,0.10437,0.02016,0.08224,0.03472,0.01909
2024-12-23,174.93251,1.30255,-0.01915,0.1795,0.00834,0.15331,0.07259,0.17079,0.06688,0.14883,-0.04014,0.00318,126.70072,1.13437,-0.00568,0.08863,-0.01333,0.06751,0.0029,0.06225,-0.01361,0.03547,-0.03997,-0.01477,130.86123,1.09798,-0.01278,0.06609,-0.01489,0.0515,-0.00291,0.0398,-0.02742,0.01699,-0.08686,-0.07116,111.96477,1.11785,-0.07217,-0.00789,-0.08244,-0.08391,-0.03945,-0.06207,-0.08607,-0.08143,-0.04196,-0.03465,124.71344,1.09805,-0.00922,0.07465,-0.01322,0.06056,-0.00288,0.05188,-0.03602,0.02623,-0.09793,-0.06796,168.81057,1.28604,-0.00618,0.15085,0.00301,0.13941,0.03806,0.13731,-0.00787,0.09381,-0.03209,-0.01408,121.34976,1.00909,-0.05369,0.08897,-0.01457,0.07834,0.03876,0.08454,0.01418,0.0584,0.04342,0.00513
2024-12-30,170.51548,1.49797,0.01847,-0.02947,0.05969,-0.03179,0.10616,-0.02001,0.09179,-0.05854,-0.00946,-0.18298,125.43458,1.22778,0.00954,-0.00323,0.00405,-0.02663,0.00917,-0.03642,0.00093,-0.05312,-0.03053,-0.11205,128.9892,1.17934,0.01279,-0.00747,0.00853,-0.02622,0.00774,-0.03962,-0.01364,-0.067,-0.07588,-0.15634,110.01343,1.18414,-0.05911,-0.0808,-0.03208,-0.13304,-0.03931,-0.13972,-0.07094,-0.14493,-0.03268,-0.12259,122.51907,1.17994,0.01567,-0.00079,0.01847,-0.0164,0.01055,-0.03258,-0.02501,-0.06445,-0.08316,-0.15488,165.32305,1.4378,0.03196,0.01085,0.04699,0.00601,0.04372,-0.0283,0.01921,-0.0479,-0.003,-0.1574,117.29736,1.12719,-0.00403,-0.02512,0.05952,-0.00862,0.07592,-0.03768,0.04614,-0.06618,0.06626,-0.11
2025-01-06,171.58266,1.48205,0.02802,-0.02619,0.06811,-0.01833,0.09473,-0.00893,0.08198,-0.05223,-0.01239,-0.18242,125.98081,1.223,-0.00769,-0.02112,0.00059,-0.03088,0.00346,-0.03659,-0.00371,-0.04741,-0.02552,-0.0992,129.18834,1.16406,-0.00213,-0.01459,0.00801,-0.02478,0.00282,-0.03211,-0.01907,-0.05918,-0.06938,-0.13384,103.88394,1.10996,-0.01107,-0.07602,0.03544,-0.06563,0.00559,-0.07441,0.04221,-0.01262,0.0288,-0.05226,123.5642,1.1727,-0.00404,-0.0141,0.00685,-0.02158,-0.00158,-0.02514,-0.04156,-0.06759,-0.08775,-0.14732,167.76814,1.43689,0.00925,-0.01143,0.03949,-0.00663,0.02681,-0.02602,0.00926,-0.04564,-0.00805,-0.14803,114.83428,1.09806,0.04134,-0.01063,0.10535,0.02228,0.08699,-0.02623,0.13338,0.02409,0.09832,-0.09201
2025-01-13,173.66553,1.4685,0.04047,-0.00232,0.07603,0.00373,0.08749,-0.0065,0.06066,-0.05496,-0.04383,-0.19336,126.63118,1.22455,-0.00543,-0.0234,0.00355,-0.02506,-0.00524,-0.0458,-0.00325,-0.04256,-0.0361,-0.10692,130.63857,1.17187,-0.0042,-0.01875,0.00486,-0.02912,-0.00652,-0.04029,-0.02981,-0.06649,-0.08422,-0.1477,103.5107,1.10334,0.02873,-0.05224,0.04647,-0.0513,0.02225,-0.06105,0.03991,-0.01247,0.02725,-0.0523,124.4388,1.17915,0.00275,-0.01562,0.00504,-0.02231,-0.01661,-0.03777,-0.04511,-0.0685,-0.0981,-0.16061,170.60756,1.44865,0.01456,-0.00484,0.03158,-0.02005,0.0156,-0.02848,-0.01824,-0.06941,-0.03132,-0.17271,116.82419,1.10207,0.06382,0.0165,0.08426,0.00439,0.08458,-0.01524,0.11863,0.03164,0.05806,-0.11551
2025-01-20,176.3906,1.45586,0.039,0.00786,0.06372,0.01747,0.06123,0.01504,0.03628,-0.05964,-0.05286,-0.18417,125.01213,1.20188,0.00835,-0.00976,0.01644,-0.00526,0.0056,-0.0235,0.0074,-0.02104,-0.02391,-0.08397,128.91276,1.14948,0.01016,-0.01019,0.01216,-0.0117,0.00165,-0.02216,-0.02113,-0.04374,-0.07529,-0.13127,102.73431,1.03394,0.04703,0.01039,0.04685,0.02184,0.01894,0.01876,0.0305,0.04604,0.03805,0.0154,123.0653,1.15861,0.01093,-0.00748,0.01048,-0.00867,-0.00878,-0.01682,-0.03951,-0.05256,-0.08914,-0.14199,169.3193,1.42545,0.02997,0.0048,0.03494,-0.0021,0.01126,-0.01857,-0.02359,-0.07599,-0.01099,-0.13912,119.58119,1.08743,0.06147,0.03291,0.05412,0.0062,0.04216,-0.00309,0.07174,0.01869,0.02987,-0.1158
2025-01-27,180.69394,1.46618,0.03417,0.00606,0.04385,0.01178,0.03286,-0.01481,-0.00317,-0.07965,-0.07337,-0.18142,125.94299,1.20115,0.00903,-0.00165,0.0051,-0.0098,-0.00767,-0.03131,-0.00837,-0.02811,-0.03862,-0.0843,130.08997,1.15312,0.0091,-0.01038,-0.00078,-0.0134,-0.02166,-0.03816,-0.03962,-0.05401,-0.0902,-0.13681,106.48429,1.05109,0.01725,0.00095,-0.00747,-0.00668,-0.03903,-0.01468,-0.01222,0.0235,0.04922,0.0611,124.78143,1.16353,0.00228,-0.00669,-0.00777,-0.01617,-0.03654,-0.03926,-0.06355,-0.07006,-0.09807,-0.14646,173.09204,1.44381,0.01677,-0.0152,-0.00313,-0.03431,-0.03241,-0.06395,-0.06172,-0.12299,-0.02552,-0.14235,124.27942,1.11857,0.01922,-0.01211,0.01548,-0.02906,-0.00973,-0.05108,0.00659,-0.0285,-0.00927,-0.14231
2025-02-03,183.26994,1.46372,0.02379,0.00962,0.02492,0.0094,0.01581,-0.02429,-0.02797,-0.09555,-0.0843,-0.18722,126.05557,1.19212,0.00803,0.0045,0.00287,-0.00571,-0.00401,-0.01746,-0.02309,-0.04126,-0.04042,-0.07544,130.2227,1.13928,0.00198,-0.00151,-0.00515,-0.00733,-0.02299,-0.02694,-0.04612,-0.05593,-0.07503,-0.10692,107.56571,1.04433,-0.00017,0.01145,-0.02883,-0.00879,-0.04979,-0.00513,-0.01821,0.02541,0.04425,0.07085,124.41095,1.15112,-0.00045,-0.00119,-0.00838,-0.00356,-0.03983,-0.03564,-0.06571,-0.06828,-0.07894,-0.11895,174.39398,1.43025,0.00482,-0.0069,-0.0122,-0.01939,-0.03381,-0.04036,-0.06719,-0.11929,-0.03064,-0.13068,126.93172,1.12034,-0.00692,-0.02671,-0.01661,-0.04851,-0.03327,-0.05932,-0.00467,-0.02485,-0.00905,-0.13543
2025-02-10,186.86851,1.47224,0.00936,0.00573,0.01065,-0.01023,-0.00653,-0.04241,-0.03737,-0.08947,-0.10306,-0.20325,127.08021,1.1995,-0.00389,-0.00814,-0.00875,-0.02075,-0.01233,-0.0239,-0.03102,-0.05181,-0.04955,-0.08521,131.27366,1.14275,-0.00979,-0.00302,-0.01133,-0.01117,-0.03465,-0.03787,-0.05597,-0.06645,-0.07732,-0.11021,108.32065,1.05204,-0.0243,-0.00763,-0.02314,-0.00975,-0.00048,0.0453,-0.01291,0.03395,0.04059,0.06185,125.06618,1.15684,-0.01003,-0.00948,-0.02154,-0.01546,-0.05307,-0.05173,-0.07542,-0.08418,-0.0806,-0.12934,175.99453,1.4286,-0.01957,-0.01911,-0.01548,-0.00843,-0.03792,-0.03736,-0.07282,-0.11424,-0.03173,-0.1244,126.66767,1.10647,-0.00367,-0.01695,0.0003,-0.01964,0.0275,0.01568,0.00282,-0.02129,0.00672,-0.12739
2025-02-17,187.63037,1.47334,0.0011,-0.00022,-0.00234,-0.00243,-0.01828,-0.05979,-0.06485,-0.11154,-0.08301,-0.20769,127.06755,1.19662,-0.00512,-0.0102,-0.01067,-0.01824,-0.00668,-0.01462,-0.03461,-0.05415,-0.04373,-0.08329,130.4809,1.13778,-0.00712,-0.00582,-0.01039,-0.01046,-0.02863,-0.03239,-0.05664,-0.06775,-0.0698,-0.11022,107.54762,1.05578,-0.02867,-0.02024,-0.02666,-0.00308,0.00088,0.03508,-0.00732,0.02885,0.05704,0.05793,124.35465,1.14993,-0.00793,-0.00237,-0.01906,-0.00815,-0.04447,-0.03928,-0.07474,-0.08497,-0.05801,-0.11326,175.23522,1.42335,-0.01694,-0.01249,-0.02288,-0.01647,-0.04417,-0.04411,-0.06007,-0.09635,-0.02347,-0.12886,126.0529,1.09363,-0.00975,-0.0218,-0.01135,-0.0093,0.03673,0.04009,0.01099,-0.01456,0.04733,-0.10954
2025-02-24,188.61811,1.47796,0.00128,-0.01596,-0.01053,-0.02659,-0.0309,-0.08174,-0.0823,-0.12256,-0.07422,-0.21761,126.58539,1.19135,-0.00488,-0.01261,-0.01271,-0.02151,-0.00512,-0.01051,-0.02355,-0.04357,-0.04082,-0.08788,129.98785,1.13973,-0.00155,-0.00815,-0.02089,-0.02476,-0.02923,-0.03399,-0.05701,-0.07495,-0.06614,-0.11732,105.68894,1.04442,0.00119,-0.00213,-0.0318,-0.008,0.00169,0.03556,0.00814,0.04723,0.07637,0.0598,123.81173,1.14736,-0.01163,-0.00598,-0.02899,-0.02308,-0.0453,-0.04132,-0.0682,-0.08366,-0.04588,-0.11141,172.55061,1.40949,0.00416,0.01068,-0.02938,-0.02964,-0.04188,-0.06003,-0.04893,-0.09538,0.00095,-0.11757,126.20299,1.08952,0.00398,-0.00268,-0.02482,-0.02202,0.0155,0.0166,-0.00462,-0.04378,0.05936,-0.12887
2025-03-03,187.83737,1.47312,-0.00344,-0.00221,-0.0089,-0.03369,-0.04108,-0.08659,-0.08519,-0.13898,-0.07169,-0.24705,126.41689,1.18641,-0.00557,-0.00804,-0.00685,-0.01176,-0.01209,-0.01338,-0.02735,-0.04554,-0.03826,-0.08682,129.55216,1.13195,-0.00329,-0.00463,-0.01793,-0.01961,-0.03563,-0.03284,-0.06151,-0.0819,-0.06192,-0.11551,104.46416,1.03555,0.00207,0.01716,-0.02158,0.00366,0.00689,0.03905,0.02493,0.052,0.08315,0.04086,123.36847,1.14756,-0.01122,-0.00578,-0.03172,-0.03208,-0.05283,-0.05409,-0.07242,-0.09021,-0.04278,-0.12038,172.26605,1.41086,-0.00604,-0.00398,-0.02187,-0.02097,-0.05722,-0.09005,-0.04235,-0.10061,0.00072,-0.12697,124.82352,1.07183,-0.00161,0.0125,-0.01694,-0.01081,0.00221,0.01824,0.00996,-0.0321,0.07904,-0.11188
2025-03-10,188.85948,1.462,-0.0118,-0.01063,-0.017,-0.03218,-0.05674,-0.09384,-0.09908,-0.14047,-0.0679,-0.25417,125.96782,1.17875,-0.00787,-0.00891,-0.00361,-0.00316,-0.02241,-0.02789,-0.03099,-0.04619,-0.03733,-0.08597,129.78683,1.13158,-0.01937,-0.01661,-0.02359,-0.0267,-0.04292,-0.04822,-0.07247,-0.09464,-0.06832,-0.12738,105.81422,1.04229,-0.03294,-0.00587,0.02319,0.05505,-0.00196,0.02745,0.01346,0.03626,0.08417,0.0389,122.37213,1.14138,-0.01757,-0.0171,-0.03223,-0.03626,-0.05014,-0.05854,-0.07028,-0.09329,-0.03945,-0.12479,173.26926,1.42018,-0.0334,-0.04032,-0.02278,-0.02894,-0.06113,-0.10921,-0.05934,-0.13651,-0.01433,-0.15733,126.70528,1.08683,-0.02869,-0.01934,0.02719,0.03531,-0.00289,0.00866,-0.00485,-0.05317,0.06824,-0.12793
2025-03-17,187.19062,1.47091,-0.00547,-0.03147,-0.01598,-0.05736,-0.03903,-0.08814,-0.09715,-0.15442,-0.05115,-0.24886,125.71226,1.17838,-0.00129,-0.00372,0.00403,0.00361,-0.02047,-0.03069,-0.02839,-0.0466,-0.03267,-0.08356,129.1253,1.12732,-0.01468,-0.01498,-0.01844,-0.02193,-0.04026,-0.05102,-0.06787,-0.09343,-0.06006,-0.12025,104.68049,1.0527,-0.0236,-0.0135,0.02829,0.03816,0.02142,0.03328,0.0303,0.03814,0.08324,0.01975,121.98471,1.14178,-0.02073,-0.0263,-0.0259,-0.03113,-0.05206,-0.06912,-0.07192,-0.1013,-0.03869,-0.12863,171.2255,1.40688,-0.01593,-0.01699,-0.02179,-0.02764,-0.04699,-0.09252,-0.04954,-0.12898,0.00373,-0.13583,124.62236,1.08433,-0.01535,-0.02332,0.04863,0.04938,0.01928,0.00084,0.01428,-0.06315,0.08568,-0.11947
2025-03-24,186.63185,1.45137,-0.00527,-0.02155,-0.02058,-0.05515,-0.05985,-0.08958,-0.10031,-0.14565,-0.05725,-0.2428,124.97665,1.16984,0.0043,0.00575,0.00768,0.011,-0.01846,-0.02737,-0.02673,-0.05024,-0.02897,-0.07875,127.27237,1.11497,-0.0043,-0.01009,-0.00851,-0.00923,-0.03286,-0.04494,-0.06111,-0.08815,-0.04696,-0.10601,102.32839,1.03642,0.05805,0.06092,0.03459,0.04356,0.04332,0.04821,0.04826,0.04679,0.11941,0.04268,120.22184,1.12428,-0.01492,-0.01916,-0.01679,-0.01823,-0.04294,-0.05932,-0.06423,-0.09419,-0.02835,-0.11585,167.48191,1.37985,0.01098,0.01139,-0.01288,-0.03039,-0.01656,-0.05285,-0.02441,-0.10789,0.03165,-0.10214,123.07045,1.06749,0.05753,0.05465,0.04135,0.03863,0.03549,0.01157,0.02883,-0.05328,0.07961,-0.12431
2025-03-31,186.16655,1.43943,-0.01056,-0.02589,-0.03248,-0.05291,-0.07021,-0.08403,-0.09274,-0.12444,-0.05326,-0.22905,125.55062,1.17466,0.00533,0.00733,-0.00527,-0.00162,-0.0155,-0.02687,-0.03142,-0.05893,-0.03182,-0.08333,127.22952,1.11234,-0.00381,-0.00695,-0.01803,-0.01322,-0.03657,-0.04756,-0.0631,-0.08934,-0.05141,-0.10967,102.20957,1.03921,0.05315,0.05166,0.0291,0.03539,0.04246,0.05244,0.04118,0.02233,0.09856,0.00271,119.45542,1.11548,-0.00528,-0.00483,-0.0218,-0.02201,-0.03422,-0.05178,-0.05965,-0.09043,-0.03008,-0.11857,168.49844,1.38989,-0.00596,-0.01065,-0.03614,-0.06908,-0.02606,-0.07578,-0.02179,-0.10949,0.00852,-0.13652,122.70922,1.06102,0.06498,0.0727,0.01947,0.02906,0.02372,-0.01528,0.01924,-0.04383,0.0596,-0.13873
2025-04-07,185.64831,1.42982,-0.01539,-0.0336,-0.04043,-0.06166,-0.0744,-0.09569,-0.08722,-0.13019,-0.06757,-0.23903,125.5136,1.17559,0.00337,0.00525,-0.01887,-0.02473,-0.02035,-0.03471,-0.02189,-0.05179,-0.03184,-0.08583,126.72503,1.10488,-0.00423,0.00086,-0.01979,-0.02152,-0.04057,-0.05482,-0.05129,-0.07465,-0.04156,-0.1037,108.26855,1.09734,-0.02218,-0.01736,-0.02459,-0.0276,-0.01109,-0.00979,-0.01287,-0.03964,0.04178,-0.0479,118.42842,1.10512,-0.0019,0.00093,-0.01851,-0.02227,-0.03373,-0.04776,-0.04819,-0.07973,-0.02006,-0.10693,169.32162,1.39124,-0.02361,-0.04177,-0.03925,-0.08028,-0.02569,-0.08098,-0.01715,-0.10239,-0.00716,-0.15037,130.15068,1.12215,-0.0153,-0.01603,-0.02928,-0.02665,-0.03138,-0.08241,-0.03093,-0.1161,-0.00401,-0.20326
2025-04-14,184.19977,1.41354,-0.02215,-0.02702,-0.02342,-0.03077,-0.07629,-0.09201,-0.09851,-0.1384,-0.06889,-0.23883,126.21921,1.18199,-0.01054,-0.00896,-0.02441,-0.03431,-0.03292,-0.04943,-0.03295,-0.06436,-0.04333,-0.09968,126.74477,1.10539,-0.01427,-0.00627,-0.02224,-0.02909,-0.05021,-0.06845,-0.05608,-0.08121,-0.04524,-0.10884,107.64197,1.09087,-0.02284,-0.01627,-0.00669,-0.00488,-0.00375,-0.01231,-0.01217,-0.03983,0.03536,-0.05337,118.82478,1.11065,-0.01661,-0.01718,-0.02685,-0.03799,-0.04253,-0.06257,-0.05548,-0.09211,-0.02684,-0.11939,167.49496,1.37924,-0.03037,-0.05843,-0.02577,-0.06488,-0.02691,-0.09557,-0.01332,-0.10329,-0.01079,-0.1523,130.68289,1.13372,-0.04273,-0.04364,-0.02799,-0.04854,-0.03514,-0.10005,-0.05415,-0.14716,-0.01585,-0.21443
2025-04-21,182.79037,1.39622,-0.02542,-0.02806,-0.04009,-0.03442,-0.07542,-0.07974,-0.08602,-0.12453,-0.06171,-0.22104,125.9367,1.18084,-0.02217,-0.02999,-0.02594,-0.03837,-0.03013,-0.04907,-0.03108,-0.06293,-0.0427,-0.10446,126.18868,1.10574,-0.01563,-0.02238,-0.02456,-0.03571,-0.04618,-0.07185,-0.05533,-0.08753,-0.04414,-0.11191,105.86766,1.07998,-0.00247,-0.01024,0.00844,0.00465,0.01875,0.01087,0.00732,-0.03064,0.0392,-0.03612,118.20342,1.10604,-0.01664,-0.0232,-0.02659,-0.04109,-0.04223,-0.06556,-0.05167,-0.08942,-0.01879,-0.11455,165.32461,1.34947,-0.01602,-0.03851,-0.00373,-0.02247,-0.01561,-0.07156,0.01291,-0.06313,-0.00047,-0.12489,128.1594,1.10612,-0.0142,-0.01062,-0.00563,-0.02705,-0.01372,-0.08493,-0.03907,-0.13449,-0.00495,-0.16864
2025-04-28,180.12049,1.38653,-0.00131,-0.00376,-0.039,-0.03112,-0.06778,-0.0808,-0.07042,-0.10177,-0.06368,-0.21662,124.88891,1.17304,-0.01402,-0.02535,-0.01029,-0.02525,-0.02605,-0.05344,-0.03051,-0.05619,-0.03808,-0.0961,124.93599,1.09912,-0.00808,-0.02282,-0.01888,-0.03434,-0.04356,-0.0723,-0.05267,-0.0828,-0.03715,-0.09907,105.1834,1.07459,0.01653,0.01139,0.01299,0.01706,0.01981,0.00861,0.0622,0.0376,0.04013,-0.02785,116.85111,1.09348,-0.01042,-0.02081,-0.0127,-0.02977,-0.03724,-0.06339,-0.03686,-0.0764,-0.00925,-0.09689,162.40839,1.32081,0.00475,-0.00645,0.01047,-0.0067,0.00606,-0.04885,0.03859,-0.01935,0.01748,-0.08685,125.09887,1.09007,0.01539,-0.0049,0.00416,-0.04433,0.01214,-0.07586,-0.01576,-0.11381,0.00331,-0.14904
2025-05-05,178.14341,1.36816,-0.01505,-0.00637,-0.03541,-0.03403,-0.05188,-0.05317,-0.05794,-0.09167,-0.06407,-0.20691,123.14475,1.15086,-0.00386,-0.00839,-0.00151,-0.00998,-0.0125,-0.03513,-0.01774,-0.03418,-0.02412,-0.07747,124.21655,1.08336,-0.00907,-0.01334,-0.0212,-0.0333,-0.04038,-0.06036,-0.03031,-0.05099,-0.03689,-0.09135,105.60667,1.06974,0.01093,0.01489,0.01384,0.0178,0.00769,-0.0082,0.06362,0.04544,0.02548,-0.03158,116.23607,1.08284,-0.01012,-0.01788,-0.0155,-0.02549,-0.03361,-0.05779,-0.01417,-0.05066,-0.00702,-0.08641,162.6765,1.31096,0.01249,0.01604,0.01411,-0.00071,0.01322,-0.03056,0.03918,-0.01139,0.01437,-0.07889,126.33944,1.09549,0.0087,-0.01643,-0.00216,-0.05576,-0.01005,-0.0783,-0.00441,-0.11058,-0.01655,-0.15302
2025-05-12,179.88503,1.38277,-0.03774,-0.02737,-0.05414,-0.06124,-0.05797,-0.08314,-0.06824,-0.11378,-0.05533,-0.19577,123.13831,1.14768,0.00378,0.00011,-0.00873,-0.01512,-0.00302,-0.02388,-0.01913,-0.03339,-0.02561,-0.07885,123.92613,1.07629,-0.01089,-0.01152,-0.02861,-0.03935,-0.02986,-0.04607,-0.02262,-0.04376,-0.03452,-0.08851,106.92235,1.08599,-0.00349,0.00566,0.00295,-0.00743,-0.00044,-0.02829,0.0542,0.02791,0.00245,-0.06106,115.63402,1.07266,-0.00231,-0.00896,-0.0161,-0.02457,-0.02519,-0.04728,-0.00561,-0.04516,-0.00662,-0.08236,163.17931,1.31436,0.00569,-0.00025,-0.00118,-0.03069,0.01985,-0.02551,0.04431,-0.01016,0.01621,-0.07919,127.02461,1.08517,-0.01106,-0.03944,-0.00735,-0.05151,-0.00708,-0.07913,0.00389,-0.1061,-0.00626,-0.11715
2025-05-19,175.46231,1.3618,-0.02067,-0.02766,-0.0368,-0.04532,-0.05362,-0.08665,-0.01942,-0.09615,-0.02695,-0.16835,122.66948,1.14247,0.00236,-0.00159,-0.00429,-0.0107,-0.00497,-0.02484,-0.00944,-0.02914,-0.02384,-0.07478,123.0901,1.07002,-0.01224,-0.01997,-0.02217,-0.03614,-0.02806,-0.04585,-0.01394,-0.04247,-0.02956,-0.08224,106.76087,1.08463,0.00288,0.00291,0.01022,0.00622,-0.00402,-0.03359,0.06483,0.02908,0.0053,-0.04551,115.0599,1.06496,-0.00544,-0.00761,-0.01607,-0.02448,-0.02458,-0.04642,0.01809,-0.02829,-0.00317,-0.07247,164.70831,1.327,0.0016,-0.01674,-0.01193,-0.0491,0.00337,-0.05105,0.03895,-0.03251,0.01608,-0.08661,127.43829,1.07907,-0.01076,-0.03933,-0.00814,-0.05788,-0.03007,-0.09251,0.03595,-0.09498,0.00695,-0.08511
2025-05-26,173.09568,1.3554,-0.01704,-0.03387,-0.02995,-0.04968,-0.03483,-0.08371,0.0088,-0.09505,-0.05476,-0.21182,123.60425,1.14779,-0.01246,-0.01523,-0.01592,-0.02819,-0.01279,-0.02988,-0.01769,-0.04431,-0.03694,-0.08182,122.5769,1.06478,-0.01792,-0.02784,-0.02515,-0.03796,-0.0275,-0.04657,-0.00968,-0.04237,-0.04206,-0.08408,106.54937,1.09165,0.00646,-0.0131,0.00674,-0.00845,0.00088,-0.04231,0.06768,0.01257,0.00217,-0.03344,115.36726,1.0637,-0.01383,-0.01561,-0.02486,-0.03361,-0.02836,-0.04708,0.02396,-0.02775,-0.01446,-0.07311,164.10803,1.31412,-0.00683,-0.03045,-0.00436,-0.04216,0.02041,-0.02779,0.05244,-0.0222,0.01303,-0.07059,125.6195,1.04574,0.00375,-0.01207,0.00795,-0.03152,-0.01964,-0.07411,0.06428,-0.0851,0.00525,-0.04925
2025-06-02,171.83528,1.33414,-0.01647,-0.01765,-0.01707,-0.01914,-0.0256,-0.04938,0.01475,-0.10807,-0.06556,-0.20395,122.9593,1.14088,-0.00664,-0.0091,-0.01101,-0.02515,-0.0153,-0.02403,-0.01122,-0.04129,-0.02872,-0.07129,121.5832,1.05005,-0.01005,-0.01617,-0.01959,-0.02706,-0.02655,-0.03374,-0.00044,-0.03361,-0.03151,-0.06457,107.06809,1.08754,0.00732,0.0033,-0.00607,-0.026,0.0435,0.02465,0.05681,-0.01113,-0.01158,-0.06168,114.43439,1.05735,-0.01069,-0.01687,-0.01839,-0.0323,-0.01652,-0.04028,0.03195,-0.03017,-0.00617,-0.06364,164.97141,1.31026,-0.0135,-0.03235,-0.00087,-0.02986,0.02245,-0.00879,0.04497,-0.02636,0.0081,-0.06399,126.06672,1.03973,0.00266,-0.01854,-0.00791,-0.02254,-0.02332,-0.06347,0.0684,-0.07978,-0.01746,-0.04976
2025-06-09,170.14638,1.32153,-0.01314,-0.01581,-0.00406,-0.0219,-0.01367,-0.04504,0.03462,-0.1137,-0.05787,-0.17146,122.06388,1.13256,-0.00351,-0.01296,0.00575,-0.00876,-0.00904,-0.01588,-0.00654,-0.03978,-0.02941,-0.06944,120.3806,1.03694,-0.00736,-0.01012,-0.00129,-0.00671,0.00059,-0.00457,0.00448,-0.03274,-0.02705,-0.05611,107.23797,1.07855,0.00027,0.00465,-0.00338,-0.02085,0.04744,0.03663,0.06977,0.00264,-0.02182,-0.05141,113.77175,1.04809,-0.01118,-0.018,-0.00923,-0.02271,0.00719,-0.01591,0.03316,-0.0315,-0.00673,-0.05858,162.98748,1.28367,0.00249,-0.01171,0.02105,0.00518,0.0372,0.0159,0.04785,-0.02083,0.01435,-0.037,126.09071,1.03367,0.00418,-0.01945,0.00027,-0.02762,-0.00244,-0.04876,0.07345,-0.07477,-0.03157,-0.04612
2025-06-16,169.00472,1.31648,-0.00061,-0.00148,-0.01746,-0.04134,-0.00826,-0.04749,0.05095,-0.09444,-0.06774,-0.16906,122.14266,1.13177,-0.0044,-0.01604,-0.00068,-0.01415,-0.01113,-0.01748,-0.0044,-0.03695,-0.02164,-0.06212,120.36093,1.03389,-0.00964,-0.01089,-0.00602,-0.00971,0.00633,-0.00135,0.00838,-0.02682,-0.02203,-0.04943,107.85233,1.09085,-0.01329,-0.0293,-0.0141,-0.03981,0.04511,0.02305,0.05138,-0.0184,-0.03837,-0.06632,113.21124,1.04048,-0.00778,-0.01543,-0.00865,-0.02194,0.01567,-0.01298,0.03581,-0.02733,-0.00243,-0.05276,162.74358,1.2779,0.01281,0.0025,0.01549,-0.00195,0.0471,0.0263,0.05604,-0.00685,0.01545,-0.02615,126.40145,1.02119,-0.01054,-0.004,-0.02211,-0.03463,0.00884,-0.04211,0.0704,-0.05633,-0.03456,-0.02013
2025-06-23,167.91135,1.30573,0.0092,-0.00609,-0.00503,-0.03404,0.02468,-0.04008,0.04785,-0.09715,-0.07459,-0.14872,121.63595,1.1196,0.00929,0.0042,0.00318,-0.00169,-0.00102,-0.00627,-0.0023,-0.0285,-0.01155,-0.04316,119.49426,1.02682,0.00612,0.00341,-0.00241,-0.00861,0.01573,0.00074,0.01508,-0.01786,-0.01287,-0.03712,107.26724,1.0832,-0.00365,-0.0255,-0.00582,-0.03386,0.05981,0.03051,0.06787,-0.00411,-0.03457,-0.04927,112.49974,1.03009,0.00197,-0.00471,-0.00359,-0.01347,0.04126,0.00658,0.03835,-0.02166,0.00155,-0.03804,163.39294,1.27196,0.01851,0.01689,0.02488,0.01437,0.04731,0.02253,0.05747,0.00575,0.00536,-0.02052,126.61818,1.01422,-0.00389,-0.00817,-0.02737,-0.04259,0.04266,-0.03013,0.04936,-0.07103,-0.03648,0.00027
2025-06-30,168.90186,1.315,-0.01686,-0.03985,-0.00868,-0.03024,0.03384,-0.05464,0.04351,-0.10461,-0.08624,0.04084,121.60524,1.11573,0.00374,0.0019,-0.00433,0.00112,-0.00154,-0.01225,-0.00041,-0.0244,-0.00239,0.07172,119.20095,1.023,0.00365,0.00118,-0.00709,-0.00668,0.01836,-0.00059,0.01248,-0.02033,-0.00934,0.05667,106.41867,1.06154,-0.00082,-0.0105,0.04987,0.05065,0.06899,0.04267,0.05511,-0.01962,-0.00906,0.07352,112.32989,1.02505,-0.00087,-0.00651,0.00191,-0.00798,0.05165,0.01089,0.03145,-0.02814,0.00583,0.06306,164.82758,1.2804,0.00265,-0.00445,0.02335,0.02106,0.04785,0.01152,0.03099,-0.02703,-0.0039,0.1475,125.06963,1.01719,-0.0117,-0.03063,-0.01553,-0.04093,0.06896,-0.05655,0.0396,-0.0949,-0.03788,0.13917
2025-07-07,169.45629,1.29963,-0.0141,-0.02794,-0.00965,-0.02314,0.029,-0.07357,0.02153,-0.10884,-0.10234,0.01426,122.76613,1.1238,-0.00605,-0.00589,-0.01471,-0.00712,-0.00966,-0.02421,-0.01017,-0.03404,-0.0616,-0.00542,120.2257,1.03023,-0.00848,-0.01202,0.00188,0.00214,0.01085,-0.01378,0.01025,-0.02904,-0.05153,-0.00274,106.87559,1.0577,-0.00218,-0.00836,0.05099,0.05748,0.05871,0.01871,0.05536,-0.00826,-0.00463,0.07894,112.72163,1.02538,-0.00556,-0.00876,0.01657,0.0068,0.04763,0.0018,0.02956,-0.0272,-0.04806,-0.007,166.41786,1.28885,0.00625,-0.00252,0.01582,0.01072,0.03589,-0.00496,0.01017,-0.04799,-0.03804,0.08225,126.12527,1.00605,-0.02357,-0.03442,-0.00272,-0.02114,0.06791,-0.04609,0.02778,-0.08716,-0.03104,0.16254
2025-07-14,166.0545,1.27514,0.00832,0.00962,0.00936,-0.00616,0.06011,-0.06731,0.03286,-0.10043,-0.06436,0.03864,122.05977,1.11763,-0.00804,-0.00078,-0.01046,-0.00334,-0.00651,-0.02485,-0.01073,-0.03531,-0.03558,0.02072,119.63658,1.02417,-0.01071,-0.00786,0.01243,0.00837,0.01073,-0.01997,0.01148,-0.02762,-0.02783,0.01914,106.33164,1.05104,0.05073,0.06116,0.06005,0.06285,0.07889,0.03015,0.04812,-0.01354,0.00974,0.0934,112.23196,1.01854,0.00278,-0.00147,0.02453,0.00896,0.04733,-0.00195,0.03032,-0.02727,-0.02235,0.02117,165.26413,1.27595,0.02064,0.02552,0.03113,0.02825,0.03341,-0.0131,0.00256,-0.04901,-0.01577,0.1052,123.60661,0.98656,-0.00388,-0.0103,0.03165,-0.00749,0.09502,-0.02766,0.0405,-0.06728,0.01508,0.19707
2025-07-21,167.06632,1.27169,0.00452,0.0048,0.02986,-0.00604,0.06314,-0.04965,0.0266,-0.09651,-0.0653,0.01717,122.02318,1.11791,-0.00871,-0.00124,-0.00419,-0.00458,-0.00342,-0.02309,-0.01199,-0.04153,-0.01846,0.03358,119.20636,1.01821,0.01044,0.01416,0.01818,0.00935,0.01815,-0.01114,0.01184,-0.02438,-0.00655,0.03776,106.64304,1.04934,0.05329,0.06584,0.06601,0.06437,0.0633,0.02311,0.03164,-0.00548,0.01446,0.03945,112.09545,1.01662,0.02225,0.01556,0.04501,0.02005,0.04612,-0.00347,0.03467,-0.02513,-0.00214,0.03645,167.45818,1.28633,0.00951,0.01324,0.02189,0.00816,0.02631,-0.01528,-0.0132,-0.06175,-0.0086,0.11133,123.15261,0.97163,0.02136,0.01328,0.072,0.01246,0.09864,-0.00677,0.0355,-0.03415,0.03255,0.18473
2025-07-28,167.43611,1.28476,0.00103,-0.01577,0.04289,-0.0244,0.05083,-0.07619,0.00725,-0.11486,-0.07332,-0.02577,121.07845,1.11685,-0.00244,-0.00256,0.00281,-0.01337,0.0023,-0.02575,-0.00781,-0.03991,0.00601,0.04485,118.3554,1.01631,0.02338,0.01623,0.02564,0.00609,0.02484,-0.00736,0.01639,-0.01627,0.01155,0.04492,111.72549,1.1122,0.00888,0.0017,0.01821,-0.00798,0.02526,-0.03311,-0.02078,-0.06545,-0.03193,-0.04458,112.54434,1.01707,0.02169,0.01043,0.04964,0.01888,0.03793,-0.00865,0.02866,-0.02049,0.00613,0.03878,168.67559,1.30146,0.01028,0.00274,0.02394,-0.00954,0.02435,-0.02375,-0.02033,-0.0675,-0.0029,0.10143,123.12747,0.97626,0.03567,0.00281,0.08582,-0.01562,0.07911,-0.03308,0.01937,-0.03523,0.04491,0.18171
2025-08-04,167.82103,1.2765,0.02523,-0.01085,0.03903,-0.05043,0.05023,-0.06611,-0.0065,-0.11524,-0.0575,-0.01323,120.96045,1.11668,0.00455,-0.00335,0.00512,-0.01708,0.00492,-0.02535,-0.0065,-0.04329,0.01198,0.04097,120.45144,1.03237,0.00766,-0.00481,0.00895,-0.01592,0.00196,-0.0297,-0.00678,-0.04036,-0.00397,0.01725,112.3257,1.11518,0.01208,-0.00147,0.00734,-0.03877,-0.00038,-0.07327,-0.03586,-0.07702,-0.03334,-0.06099,114.58947,1.03218,0.02227,0.00449,0.03056,-0.005,0.01111,-0.03526,0.00725,-0.03574,-0.01001,0.01746,169.05026,1.29958,0.01226,-0.00508,0.01975,-0.01568,0.00523,-0.0462,-0.02388,-0.0675,0.00152,0.08896,125.7826,0.98491,0.04958,-0.00082,0.07082,-0.02496,0.03371,-0.06262,-0.0122,-0.04244,0.0324,0.16126
2025-08-11,167.60929,1.26899,0.04182,-0.00863,0.05028,-0.06115,0.03279,-0.07819,0.01386,-0.08199,-0.05813,-0.02525,120.78285,1.11429,0.00526,-0.01081,0.00399,-0.02151,0.00608,-0.02453,-0.00661,-0.04546,0.017,0.04514,121.12314,1.03254,0.0022,-0.01014,-0.00168,-0.02834,0.00277,-0.03136,-0.01218,-0.04476,-0.01043,0.01085,112.71708,1.11389,0.00926,-0.00968,0.01777,-0.03271,0.00067,-0.06446,-0.04908,-0.08897,-0.03978,-0.0627,114.9853,1.02751,0.02736,0.00844,0.02225,-0.01092,0.00929,-0.02932,-0.00101,-0.03721,-0.02084,0.01393,170.40945,1.3042,0.01353,-0.01228,0.00221,-0.04136,-0.01349,-0.06333,-0.02691,-0.06903,-0.01198,0.0625,127.51935,0.97907,0.04842,-0.01843,0.06142,-0.02017,0.01654,-0.06019,-0.01011,-0.01105,0.00418,0.13949
2025-08-18,172.0546,1.26565,0.01346,-0.03958,0.03232,-0.0436,-0.00316,-0.09093,-0.00768,-0.0722,-0.08372,-0.02772,121.51131,1.11333,0.00056,-0.01374,0.00078,-0.01851,-0.00626,-0.03101,-0.01454,-0.04564,0.00964,0.04199,121.37378,1.02755,0.00129,-0.01111,-3e-05,-0.02049,-0.00299,-0.031,-0.01584,-0.03977,-0.0144,0.01557,113.68248,1.11371,-0.00468,-0.0373,-0.00254,-0.04126,-0.01965,-0.07622,-0.05591,-0.0746,-0.04183,-0.04439,117.14133,1.03667,0.00811,-0.00949,0.00106,-0.02352,-0.01286,-0.0454,-0.02089,-0.04418,-0.04032,0.00289,171.12303,1.29449,0.0074,-0.0106,0.00433,-0.02344,-0.03176,-0.06755,-0.02201,-0.0541,-0.01003,0.08152,132.0191,0.98409,0.02023,-0.02414,0.02485,-0.01923,-0.02581,-0.0648,-0.02799,0.00987,-0.02514,0.1325
2025-08-25,174.61811,1.26036,0.00812,-0.05252,0.00761,-0.05178,-0.0178,-0.08518,-0.063,-0.11678,-0.08398,-0.00701,121.41811,1.10348,-0.00126,-0.0107,-0.00051,-0.01238,-0.00707,-0.02709,-0.0196,-0.03751,0.00931,0.04988,121.38989,1.0224,-0.00387,-0.0182,-0.00077,-0.01345,-0.00636,-0.02857,-0.03269,-0.04171,-0.01409,0.02694,113.76034,1.10422,0.00844,-0.02303,0.00692,-0.02512,-0.0329,-0.06036,-0.06135,-0.04601,-0.05043,-0.03674,118.13156,1.03595,-0.00497,-0.01936,-0.01116,-0.02752,-0.0182,-0.04446,-0.03753,-0.04536,-0.04542,0.00906,172.7144,1.29192,-0.01116,-0.02908,0.00039,-0.01421,-0.04324,-0.06734,-0.03745,-0.04839,-0.01487,0.09793,133.69421,0.96064,0.0124,-0.00174,-0.00618,-0.01746,-0.04615,-0.02316,-0.05546,0.03584,-0.02432,0.16548
2025-09-01,174.37037,1.22606,0.01861,-0.00402,0.01079,-0.01568,-0.03281,-0.05616,-0.07914,-0.09588,-0.08067,0.03112,121.57987,1.09959,0.00021,-0.00477,-0.0002,-0.00826,-0.0119,-0.02265,-0.0177,-0.03001,0.00843,0.05105,121.53007,1.01645,-0.00132,-0.00938,-0.00693,-0.01378,-0.01016,-0.0164,-0.03109,-0.03096,-0.0159,0.02853,113.1502,1.07641,0.00215,-0.00396,-0.00766,-0.03449,-0.03311,-0.02967,-0.06471,-0.05055,-0.04905,-0.00978,118.09099,1.02718,-0.00699,-0.01403,-0.01887,-0.03027,-0.01966,-0.0306,-0.03695,-0.03347,-0.04984,0.01654,172.38981,1.28389,-0.00305,-0.01284,-0.01424,-0.03052,-0.04143,-0.04993,-0.03528,-0.03763,-0.02129,0.09792,134.69002,0.95995,0.00453,0.00491,-0.03465,-0.03767,-0.06814,-0.01892,-0.08036,0.03002,-0.05214,0.1363
2025-09-08,176.03685,1.20783,-0.00051,0.00074,-0.01666,-0.01704,-0.05287,-0.04658,-0.08939,-0.05776,-0.0863,0.0373,121.26528,1.09278,0.00075,-0.00168,0.00208,-0.00301,-0.009,-0.0194,-0.02302,-0.02966,0.00318,0.04558,120.91996,1.0042,0.00311,0.00475,0.00445,-0.00302,-0.01063,-0.0122,-0.03139,-0.02337,-0.01714,0.03199,114.72028,1.08119,-0.00151,-0.0021,-0.01681,-0.03175,-0.05599,-0.04303,-0.08562,-0.05404,-0.07106,-0.03147,117.54423,1.01659,-0.00622,-0.00816,-0.01268,-0.0184,-0.01807,-0.02015,-0.03861,-0.02708,-0.05328,0.02134,170.78619,1.26284,0.01169,0.01487,-0.01567,-0.02197,-0.0338,-0.03077,-0.03197,-0.01617,-0.01504,0.11593,135.35164,0.9589,-0.01835,-0.01571,-0.04228,-0.04001,-0.08203,-0.01643,-0.09783,0.02865,-0.05893,0.13368
2025-09-15,177.61508,1.22204,-0.00768,-0.01166,-0.03437,-0.04733,-0.04325,-0.03504,-0.11294,-0.07463,-0.08168,0.05963,121.60565,1.09482,-0.00041,-0.00349,-0.00704,-0.0125,-0.01333,-0.02599,-0.01732,-0.02517,-0.01009,0.03356,121.36996,1.00707,-0.00562,-0.0044,-0.00296,-0.01052,-0.01419,-0.01929,-0.03016,-0.02261,-0.03353,0.01702,113.39378,1.07245,-0.00979,-0.03053,-0.01715,-0.03495,-0.05476,-0.04752,-0.08536,-0.04792,-0.07988,-0.02321,117.2654,1.01315,-0.01196,-0.01623,-0.0139,-0.02188,-0.02044,-0.02285,-0.03692,-0.02543,-0.06575,0.0123,171.86401,1.27105,-0.01122,-0.01768,-0.03594,-0.04411,-0.03514,-0.03588,-0.03844,-0.0193,-0.03481,0.09192,135.30001,0.96486,-0.039,-0.04257,-0.04943,-0.04558,-0.06704,0.00317,-0.09805,0.0362,-0.07816,0.12037
2025-09-22,175.94673,1.20857,-0.01615,-0.01778,-0.02521,-0.0334,-0.02963,-0.01513,-0.11685,-0.05156,-0.07638,0.0552,121.35652,1.0911,0.00133,-0.00133,-0.00657,-0.01471,-0.01328,-0.02341,-0.00928,-0.01465,-0.00801,0.03576,121.29581,1.00895,0.00134,-0.00777,-0.00559,-0.01512,-0.01521,-0.02116,-0.02753,-0.01925,-0.04088,0.01022,114.54716,1.07909,-0.01532,-0.02965,-0.03954,-0.03523,-0.06303,-0.03998,-0.09592,-0.04516,-0.09082,-0.02429,116.81356,1.00843,-0.00651,-0.01024,-0.00712,-0.01694,-0.01814,-0.01594,-0.03544,-0.01638,-0.06713,0.01064,172.78254,1.27772,-0.02704,-0.03685,-0.04361,-0.05313,-0.0314,-0.03732,-0.04927,-0.02627,-0.04253,0.08527,132.86777,0.94319,-0.02438,-0.0243,-0.04021,-0.00571,-0.0342,0.05077,-0.0818,0.0713,-0.05054,0.15104
2025-09-29,176.25121,1.21038,-0.0269,-0.03567,-0.04313,-0.04048,-0.07168,-0.06681,-0.12434,0.14546,-0.09551,0.02222,121.5555,1.09133,-0.00663,-0.00901,-0.0117,-0.01439,-0.02071,-0.02536,-0.00198,0.09612,-0.01534,0.0285,120.68803,1.00267,0.00267,-0.00612,-0.00326,-0.00262,-0.02707,-0.02197,-0.02155,0.077,-0.04034,0.00992,112.28311,1.04192,-0.00743,-0.00442,-0.02564,0.00482,-0.049,0.01629,-0.06082,0.09315,-0.09459,-0.00828,115.86258,0.99691,-0.00196,-0.00565,-0.0008,-0.00033,-0.01868,-0.00632,-0.02484,0.0912,-0.06491,0.0148,169.93484,1.25337,-0.02499,-0.02643,-0.02759,-0.01941,-0.02171,-0.00985,-0.03383,0.17453,-0.02753,0.10978,130.02286,0.92229,-0.01085,-0.003,-0.03469,0.01875,-0.02879,0.0742,-0.07453,0.23407,-0.06102,0.13337
2025-10-06,173.10473,1.19079,-0.00921,-0.01562,-0.03682,-0.02954,-0.07241,-0.06061,-0.12126,0.1231,-0.0788,0.03736,121.51746,1.08976,-0.00788,-0.01338,-0.01106,-0.01638,-0.01719,-0.02018,-0.05196,0.02861,-0.0134,0.03314,121.45836,1.00118,-0.00692,-0.00735,-0.01502,-0.00917,-0.03051,-0.0157,-0.06115,0.0263,-0.04677,0.00825,112.79213,1.04944,-0.0246,-0.00558,-0.03985,-0.01127,-0.06174,-0.02358,-0.05684,0.0872,-0.08578,-0.00432,116.05326,0.99818,-0.00061,-0.00669,-0.00546,-0.00175,-0.02004,-0.00447,-0.07539,0.0202,-0.06468,0.01472,168.10999,1.24087,-0.01703,-0.01629,-0.01842,-0.0088,-0.01072,0.00539,-0.04772,0.13024,-0.02162,0.11055,129.62843,0.91889,-0.01623,0.01859,-0.0415,0.02358,-0.04445,0.07109,-0.05723,0.2497,-0.0569,0.13517
2025-10-13,171.51041,1.17471,-0.01668,-0.00481,-0.0092,0.01229,-0.06536,-0.02464,-0.09412,0.13907,-0.0659,0.05472,120.75004,1.08232,-0.00511,-0.00538,-0.00634,-0.01349,-0.01885,-0.0192,-0.02512,0.05603,-0.00274,0.04536,121.01029,0.99655,-0.00591,0.0035,-0.01126,-0.00877,-0.03211,-0.01572,-0.03887,0.04676,-0.04151,0.01501,111.44866,1.0375,-0.01834,0.00925,-0.03826,-0.01257,-0.05878,-0.01035,-0.03662,0.10694,-0.07364,0.00877,115.63522,0.99127,0.00116,0.00532,-0.00663,-0.00097,-0.02273,-0.00176,-0.05113,0.04844,-0.05989,0.02485,165.68766,1.22694,-0.00266,0.00703,0.00082,0.00823,-0.00218,0.01973,-0.01829,0.1542,-0.00433,0.13151,128.61218,0.91928,-0.0241,0.02175,-0.01853,0.04874,-0.05056,0.06826,-0.02443,0.26435,-0.05527,0.1348
2025-10-20,171.51041,1.17518,-0.02787,-0.01392,-0.00453,0.01827,-0.08136,-0.02776,-0.08952,0.11368,-0.07735,0.03356,120.55953,1.07639,-0.0032,-0.003,-0.00676,-0.0087,-0.0088,-0.00674,-0.00654,0.0751,-0.00101,0.0529,120.61822,0.99383,-0.00815,-0.00182,-0.00967,-0.00604,-0.02411,-0.00937,-0.01818,0.06214,-0.04174,0.01898,110.0174,1.04386,-0.01563,-0.0057,-0.02446,-0.00475,-0.05729,-0.01933,-0.01666,0.04493,-0.07132,-0.0016,115.9819,0.99149,-0.00485,0.00494,-0.0111,0.00099,-0.02626,-0.00377,-0.03558,0.06158,-0.06862,0.0193,165.24691,1.22458,-0.00141,0.00749,0.01277,0.01581,7e-05,0.02717,0.00467,0.17308,0.00074,0.12525,127.5245,0.93748,-0.02569,0.00499,0.00627,0.05648,-0.04306,0.06358,-0.00285,0.21888,-0.05483,0.10281
2025-10-27,168.64992,1.1699,0.00761,0.0171,-0.02984,-0.02633,-0.07864,-0.01289,-0.07999,0.08909,-0.08652,0.016,120.13282,1.07694,-0.00123,-0.00811,-0.00911,-0.01097,0.00082,-0.0005,0.01393,0.08476,-0.00819,0.04219,120.29504,1.00005,-0.00538,-0.01226,-0.02389,-0.01935,-0.01944,-0.01035,-0.00476,0.06118,-0.05509,-6e-05,109.40429,1.04674,-0.02029,-0.02181,-0.02398,0.01147,-0.05342,-0.01281,-0.01139,0.02087,-0.07148,-0.00892,115.76979,0.99659,-0.00778,-0.00629,-0.01789,-0.006,-0.02674,-0.00454,-0.02191,0.05927,-0.07913,0.00104,165.24691,1.23397,0.00349,0.0012,0.00604,0.00956,-0.00592,0.01747,0.01779,0.16892,-0.01529,0.08939,125.51255,0.94103,0.00571,0.02699,0.00611,0.05545,-0.02799,0.07345,0.02506,0.21694,-0.05807,0.08913
2025-11-03,166.7306,1.16125,0.02401,0.03219,-0.03695,-0.03107,-0.07434,0.19459,-0.05133,0.10201,-0.05728,0.04591,120.17397,1.07338,-0.00357,-0.00569,-0.00621,-0.0038,0.00949,0.11407,0.01861,0.08426,-0.0001,0.04959,119.6346,0.99201,-0.00153,-0.00422,-0.01573,-0.00652,-0.01294,0.08766,0.00283,0.05761,-0.03113,0.01891,108.2976,1.03816,-0.00897,0.00095,-0.0228,-0.0123,-0.02625,0.0969,0.00262,0.01603,-0.03967,0.01531,115.4199,0.99644,-0.00628,-0.00395,-0.01466,-0.00272,-0.0211,0.09168,-0.01714,0.0532,-0.05213,0.02275,165.01393,1.23207,0.0142,0.00832,0.00784,0.01419,-0.00502,0.19583,0.02602,0.15646,0.03716,0.14714,124.24836,0.94247,0.0328,0.05149,-0.00308,0.04751,-0.03152,0.21389,0.04515,0.2037,-0.00911,0.12507
2025-11-10,169.93255,1.187,-0.03717,-0.04342,-0.05668,-0.03693,-0.10486,0.12689,-0.07101,0.05674,-0.06946,0.02854,119.98463,1.06883,-0.00789,-0.00286,-0.01259,-0.00571,-0.03985,0.04954,0.02376,0.0906,-0.00086,0.0485,119.64767,0.98778,-0.01861,-0.00709,-0.02109,-0.00695,-0.04695,0.0397,0.00177,0.0556,-0.03029,0.01988,107.18467,1.02493,-0.00377,0.03328,-0.02133,0.00222,-0.0075,0.11171,0.00978,0.02626,-0.02695,0.03438,114.86885,0.9903,-0.01019,0.00029,-0.01621,-0.00079,-0.06585,0.02809,-0.01985,0.05113,-0.01381,0.06055,165.82385,1.23517,0.00254,0.00836,-0.003,0.0115,-0.03459,0.13593,0.01534,0.13152,0.10218,0.23698,126.22949,0.96803,0.00039,0.02846,-0.03263,0.01952,-0.03184,0.20056,0.01444,0.15054,0.0545,0.16913
2025-11-17,170.73394,1.19344,-0.05953,-0.06326,-0.07718,-0.04603,-0.09,0.12034,-0.07663,0.04448,-0.06892,0.04033,119.74477,1.06769,-0.00264,0.00189,-0.00205,0.00196,-0.01694,0.07066,0.02453,0.08763,0.00175,0.04949,119.45129,0.98779,-0.01422,-0.0023,-0.01458,-0.00333,-0.02632,0.05553,0.00146,0.05534,-0.03268,0.01667,107.32669,1.03912,-0.01396,-0.01325,-0.03366,-0.01459,0.00038,0.10533,0.01491,0.03021,-0.04075,0.00683,114.69471,0.99249,-0.00843,0.00123,-0.01533,-0.00476,-0.04335,0.04722,-0.01984,0.04707,-0.01084,0.05758,167.35731,1.24039,-0.00627,0.00587,-0.01254,0.01136,-0.02808,0.14075,0.01225,0.13562,0.09292,0.23324,128.32431,0.99396,-0.03474,-0.00398,-0.04902,0.0071,-0.02224,0.18968,0.00293,0.12263,0.05136,0.14841
2025-11-24,163.61668,1.14358,-0.02027,0.0065,-0.0503,0.01343,-0.0456,0.14528,-0.02239,0.10977,-0.03428,0.09368,119.03804,1.06597,-0.00474,-0.00285,0.01002,0.01047,0.00615,0.08552,0.02949,0.08739,0.00637,0.04646,117.42107,0.9807,-0.00253,0.00014,0.00456,0.009,0.00855,0.07527,0.01924,0.06865,-0.0246,0.0142,106.78111,1.05821,-0.01764,-0.03106,-0.03017,-0.02428,0.01314,0.03059,0.01163,0.00927,-0.07263,-0.04365,113.69852,0.99059,-0.00609,-0.00108,-0.00901,0.00146,-0.01621,0.06248,-0.0082,0.05442,-0.01027,0.04696,166.24562,1.24353,-0.00553,0.00315,-0.01189,0.00792,-0.00137,0.15414,0.02346,0.14633,0.08912,0.20634,126.27893,0.99648,-0.03301,-0.00894,-0.03389,0.018,0.00698,0.15987,0.03297,0.12963,0.03986,0.09665
2025-12-01,160.57032,1.13019,-0.01877,0.01723,-0.03883,0.22565,-0.0337,0.1288,-0.00166,0.127,0.0152,0.13544,119.42814,1.06958,0.00059,7e-05,0.01579,0.11787,0.01991,0.09211,0.0266,0.08106,0.00323,0.04211,117.7523,0.98548,-0.00036,-0.00102,0.00284,0.09418,0.01674,0.07575,0.01567,0.05949,-0.03035,0.00062,105.82826,1.02586,-0.01997,-0.00133,-0.00353,0.1092,0.02201,0.04175,0.01674,0.04077,-0.05121,-0.00596,113.7279,0.99372,-0.00696,-0.00599,-0.00654,0.0944,-0.00435,0.06214,-0.01339,0.05001,-0.01069,0.04587,166.30717,1.24626,-0.00631,0.00549,-0.01276,0.18164,0.0113,0.15663,0.01451,0.13555,0.09997,0.20665,123.8661,0.98997,-0.0148,0.01109,-0.02853,0.16639,0.03868,0.168,0.03069,0.10628,0.04572,0.07831
2025-12-08,160.30058,1.15007,-0.03065,0.00694,-0.05107,0.16382,-0.01328,0.11319,0.00339,0.09506,0.01691,0.11604,118.47389,1.06312,0.01483,0.01332,-0.02761,0.05525,0.03322,0.09452,0.02682,0.07523,0.00777,0.04467,117.12418,0.98083,0.0071,0.00887,-0.02641,0.04665,0.02432,0.06878,0.01471,0.05536,-0.02659,0.00123,104.89795,1.02715,-0.01276,0.00679,0.01414,0.10949,0.03511,0.02705,0.01593,0.02258,-0.04119,-0.01559,113.00643,0.98951,-0.00294,0.00254,-0.05046,0.02888,0.00386,0.06012,-0.01527,0.04842,-0.00964,0.04149,165.32654,1.24668,-0.0064,0.00477,-0.03169,0.12443,0.02408,0.14186,0.01749,0.1321,0.09883,0.1841,122.11012,0.98755,-0.00091,0.02694,0.00082,0.18104,0.06345,0.15862,0.04311,0.10503,0.06548,0.07903
2025-12-15,157.55586,1.14742,-0.02044,0.20842,-0.01389,0.16636,0.00197,0.09632,0.03524,0.13425,0.02438,0.10981,119.4989,1.06965,0.01519,0.1178,-0.01491,0.0687,0.02792,0.08978,0.00736,0.05873,-0.02389,0.01118,117.70957,0.98446,0.00321,0.0952,-0.01192,0.05885,0.01826,0.05892,-0.00347,0.03962,-0.0535,-0.02744,103.71454,1.02453,0.01678,0.11054,0.03522,0.11991,0.04357,0.02667,0.00599,0.02471,-0.0356,-0.01287,112.93626,0.98772,0.00043,0.10039,-0.02845,0.05199,-0.00307,0.05371,-0.02993,0.03772,-0.03834,0.01044,165.25828,1.25175,-0.00649,0.17616,-0.01574,0.1294,0.01882,0.11495,0.00377,0.11122,0.09471,0.1688,122.03347,1.00106,-0.01394,0.1553,0.02816,0.18257,0.04932,0.1175,0.02206,0.08417,0.0456,0.02979
2025-12-22,155.38675,1.15701,-0.02106,0.15688,0.00495,0.13185,0.01457,0.08091,0.04583,0.10676,0.0353,0.09397,120.23089,1.07644,-0.04182,0.04193,-0.00383,0.07505,0.02039,0.07888,0.00128,0.05042,-0.03128,-0.00439,117.95631,0.9897,-0.03328,0.03779,0.00398,0.06627,0.01415,0.05342,-0.01372,0.02947,-0.05733,-0.03421,103.55947,1.03393,0.02724,0.10271,0.04466,0.05486,0.05183,0.0354,0.00564,0.02087,-0.02396,-0.01323,112.6738,0.99205,-0.04765,0.02634,-0.00726,0.06102,-0.00226,0.04751,-0.03286,0.02702,-0.03992,-0.00155,164.26917,1.25144,-0.02545,0.11966,0.01065,0.14622,0.03128,0.12457,0.0071,0.11155,0.08906,0.14123,121.99892,1.01449,0.00173,0.1541,0.04231,0.14187,0.05492,0.10211,0.03404,0.07974,0.04384,0.00557
2025-12-29,154.3361,1.35584,0.00669,-0.04206,0.00534,-0.09685,0.03639,-0.10249,0.03292,-0.12324,0.04121,-0.10473,121.31434,1.18745,-0.02966,-0.0491,0.00405,-0.02575,0.01017,-0.03409,-0.01339,-0.06762,-0.0471,-0.12681,118.0871,1.07966,-0.01507,-0.03635,0.01385,-0.01843,0.01349,-0.03032,-0.0192,-0.06708,-0.06516,-0.13226,105.45437,1.13506,0.01814,0.00938,0.02564,-0.06745,0.02436,-0.06758,-0.03596,-0.10142,-0.04262,-0.12797,112.98436,1.08811,-0.02886,-0.0484,0.00221,-0.03226,-0.00193,-0.0431,-0.04108,-0.0764,-0.05364,-0.1124,164.18517,1.4279,-0.00931,-0.04676,0.02437,-0.02501,0.03631,-0.03805,0.00652,-0.06475,0.07991,-0.05057,120.33251,1.15636,0.0427,0.02727,0.06918,0.00162,0.08402,-0.03024,0.0146,-0.1007,0.05855,-0.12039
2026-01-05,152.11426,1.31389,0.02657,-0.02504,0.03982,-0.05062,0.05384,-0.0567,0.04831,-0.08574,0.04559,-0.09408,115.20338,1.11838,0.03965,0.03311,0.06256,0.03927,0.06425,0.03226,0.04067,0.00453,-0.01328,-0.07781,114.03072,1.02749,0.03854,0.02848,0.05211,0.02213,0.04882,0.01749,0.01532,-0.01805,-0.04204,-0.09142,106.38089,1.13664,0.01696,-0.04784,0.02068,-0.08245,0.01146,-0.07001,-0.03069,-0.09152,-0.04698,-0.1333,107.30434,1.01839,0.04241,0.03468,0.0572,0.03125,0.04567,0.02534,0.01158,-0.00548,-0.01579,-0.05769,160.08778,1.37111,0.03705,0.02656,0.05759,0.01743,0.05392,0.01071,0.02741,-0.01969,0.09958,-0.00781,122.2101,1.16859,0.04051,-0.01223,0.06258,-0.02242,0.04465,-0.07234,0.00035,-0.11454,0.03892,-0.15583
2026-01-12,155.36804,1.31378,-0.00134,-0.05479,0.01608,-0.07004,0.03525,-0.06865,0.03116,-0.08435,0.0191,-0.09791,117.71662,1.13835,0.03474,0.02335,0.04349,0.02109,0.03342,1e-05,0.02296,-0.01067,-0.02975,-0.09255,116.307,1.04331,0.02937,0.01792,0.03054,7e-05,0.02184,-0.00712,-0.00275,-0.03175,-0.05291,-0.10032,107.36694,1.14444,0.00737,-0.07683,0.00807,-0.09325,-0.00743,-0.09472,-0.03843,-0.09817,-0.05683,-0.14348,109.72314,1.03971,0.03199,0.01615,0.02612,0.00172,0.0142,-0.00178,-0.00923,-0.02359,-0.03154,-0.07535,162.65714,1.38115,0.034,0.02175,0.03511,-0.01445,0.03419,-0.00237,0.01422,-0.0227,0.09804,-0.00221,125.47015,1.18364,0.0254,-0.02566,0.02058,-0.06507,0.01518,-0.09106,-0.03161,-0.12955,0.02037,-0.16181
2026-01-19,156.15645,1.28886,0.01291,-0.02559,0.00957,-0.05093,0.04452,-0.00719,0.01337,-0.08012,0.03192,-0.06226,119.77072,1.15149,0.02204,0.00615,0.02431,0.00383,0.00507,-0.02311,0.00557,-0.0222,-0.04544,-0.10407,118.42561,1.05597,0.01307,-0.00635,0.01014,-0.01284,-0.0095,-0.03188,-0.024,-0.04316,-0.06414,-0.10931,108.18466,1.08879,0.00366,-0.0346,0.00686,-0.01947,-0.03558,-0.03956,-0.05559,-0.04653,-0.04888,-0.07632,111.85549,1.05307,0.01419,-0.00344,0.00504,-0.01351,-0.02056,-0.02763,-0.03426,-0.04228,-0.04223,-0.08146,166.01832,1.39766,0.01981,-0.00913,0.02041,-0.02165,-0.00083,-0.03469,-0.00391,-0.04783,0.08868,-0.00931,127.16091,1.15636,0.02121,-0.01019,0.0121,-0.03976,-0.01915,-0.07113,-0.05213,-0.11607,0.00503,-0.14806
2026-01-26,155.15948,1.25899,0.01744,-0.01525,0.03089,-0.00564,0.04736,0.00478,-0.0071,-0.07308,0.03683,-0.02458,121.80617,1.1617,0.00845,-0.00226,0.00609,-0.00834,-0.01167,-0.03484,-0.02181,-0.04257,-0.05766,-0.10292,119.72298,1.06123,0.00114,-0.01784,-0.00036,-0.01188,-0.02828,-0.04206,-0.05058,-0.06125,-0.07464,-0.10991,108.15785,1.06761,0.0007,-0.01642,-0.00125,-0.00013,-0.03711,-0.01281,-0.06078,-0.02979,-0.03116,-0.02448,113.2337,1.05586,-0.00569,-0.01442,-0.00412,-0.01085,-0.03764,-0.03679,-0.05851,-0.05823,-0.04276,-0.07631,168.18669,1.40289,0.00108,-0.0362,0.01165,-0.01304,-0.01636,-0.0399,-0.0325,-0.07954,0.07141,-0.01253,128.65738,1.15798,-0.0047,-0.03941,0.01388,-0.03186,-0.01947,-0.06375,-0.08109,-0.12781,-0.00466,-0.14262
2026-02-02,158.17181,1.26327,-0.00329,-0.02534,0.01348,-0.00608,0.00787,-0.03066,-0.00627,-0.0561,0.03657,-0.01617,122.41003,1.15764,0.00222,-0.00233,0.00159,-0.007,-0.02222,-0.03781,-0.01837,-0.03467,-0.06529,-0.10136,119.97321,1.04961,-0.00289,-0.00649,-0.00313,-0.00464,-0.03462,-0.03703,-0.03387,-0.0387,-0.0558,-0.07872,108.58092,1.05419,0.00319,0.01514,-0.00904,0.01244,-0.06372,-0.02055,-0.04218,-0.00072,-0.01138,0.01155,113.44217,1.04963,-0.00902,-0.01008,-0.01091,-0.00591,-0.04495,-0.03792,-0.03561,-0.03045,-0.02651,-0.05488,169.30744,1.38854,0.00059,-0.01252,-0.00347,-0.00672,-0.02393,-0.02539,0.01085,-0.00933,0.0685,0.00218,129.85851,1.14617,-0.00892,-0.02958,-0.01687,-0.04992,-0.05983,-0.09052,-0.05192,-0.07863,0.00911,-0.12008
2026-02-09,157.86561,1.24374,0.01322,0.00961,0.01887,0.00139,0.01012,-0.01559,0.00167,-0.0282,0.0614,0.02487,122.83578,1.15943,-0.00234,-0.00608,-0.00964,-0.02108,-0.02399,-0.03653,-0.02405,-0.0421,-0.075,-0.11119,119.85947,1.04339,-0.0015,0.00596,-0.00845,-0.00719,-0.03406,-0.03396,-0.032,-0.03572,-0.05951,-0.08242,108.23328,1.05119,-0.00194,0.01629,-0.01538,-0.00147,-0.04728,-0.00608,-0.03638,0.00811,-0.02159,-0.0047,112.58917,1.04143,0.00158,0.00358,-0.01162,-0.0035,-0.03591,-0.02853,0.00616,0.00942,-0.01542,-0.05085,168.36777,1.3667,0.01056,0.02316,-0.00089,0.01208,-0.02312,-0.01528,0.08553,0.10545,0.06658,0.00767,128.05228,1.11856,0.01867,0.00756,-0.00529,-0.02599,-0.04529,-0.06451,0.03949,0.01859,0.02083,-0.11492
2026-02-16,157.65065,1.23793,0.01683,0.01926,0.03462,0.04374,0.01623,-0.00849,0.00835,-0.00415,0.0707,0.00375,122.68216,1.15532,-0.00063,-0.00468,-0.01878,-0.02694,-0.01844,-0.02764,-0.02224,-0.03814,-0.07453,-0.11504,119.62598,1.04312,-0.00024,0.00185,-0.01944,-0.01904,-0.03042,-0.03156,-0.03409,-0.03867,-0.0579,-0.089,108.92723,1.06933,-0.01219,-0.0027,-0.04215,-0.02009,-0.0522,-0.02306,-0.05485,-0.02338,-0.03213,-0.03648,112.41871,1.03956,-0.0019,0.00416,-0.02547,-0.01411,-0.03299,-0.02344,0.00918,0.01051,-0.01457,-0.05918,169.40729,1.37602,-0.00406,0.0058,-0.02082,-0.01305,-0.02619,-0.01757,0.07969,0.09761,0.06538,-0.01072,128.69971,1.11659,-0.00802,-0.02034,-0.03088,-0.03136,-0.05591,-0.06251,0.04829,0.02578,0.02419,-0.13404
2026-02-23,159.95307,1.25335,0.00557,-0.00822,0.01598,0.01042,-0.01068,-0.04462,-0.01216,-0.01609,0.06257,-0.02661,122.54798,1.15336,-0.00732,-0.015,-0.01765,-0.0265,-0.01722,-0.02407,-0.02245,-0.04093,-0.07375,-0.12175,119.6799,1.04935,-0.00696,-0.01315,-0.02793,-0.03017,-0.03423,-0.03654,-0.04301,-0.05445,-0.06004,-0.10186,108.02298,1.06748,-0.01346,-0.01776,-0.03591,-0.01268,-0.05418,-0.02522,-0.0833,-0.05292,-0.01586,-0.03559,112.76661,1.04501,-0.01318,-0.00708,-0.03366,-0.02594,-0.04206,-0.03422,-0.00209,-0.00745,-0.02096,-0.07683,170.14618,1.38985,-0.01133,-0.01108,-0.02769,-0.02687,-0.02807,-0.04002,0.06415,0.06002,0.05777,-0.04362,130.44271,1.12612,-0.02352,-0.03354,-0.03289,-0.03189,-0.07598,-0.08583,0.00667,-0.03299,0.01598,-0.17386
2026-03-02,160.30418,1.25719,0.01749,0.02448,-0.00554,-0.02459,-0.03896,-0.07128,0.01689,0.00844,0.06181,-0.06036,122.60497,1.15064,-0.01816,-0.02226,-0.02377,-0.03081,-0.02818,-0.03151,-0.02276,-0.03895,-0.07001,-0.11941,119.59757,1.04498,-0.0192,-0.02089,-0.03159,-0.03239,-0.04958,-0.04499,-0.04532,-0.05888,-0.05626,-0.10096,107.59975,1.06663,-0.03033,-0.01739,-0.05518,-0.03299,-0.05591,-0.02881,-0.06683,-0.04673,-0.01296,-0.05629,112.20502,1.04372,-0.02361,-0.01828,-0.03442,-0.03201,-0.04988,-0.04609,0.00274,-0.00413,-0.00968,-0.07718,168.71945,1.38182,-0.01682,-0.01885,-0.02053,-0.01867,-0.03555,-0.05846,0.08424,0.07109,0.06246,-0.04677,127.66733,1.09625,-0.02304,-0.01102,-0.04369,-0.04059,-0.07397,-0.06608,0.01458,-0.02796,0.04401,-0.1463
2026-03-09,160.84409,1.24513,0.01035,0.01864,-0.00858,-0.01698,-0.02278,-0.03797,0.01348,0.02099,0.07693,-0.05664,121.65126,1.13836,-0.01041,-0.0115,-0.01449,-0.01545,-0.01225,-0.01538,-0.01855,-0.03056,-0.05976,-0.10761,118.84681,1.0362,-0.02111,-0.01702,-0.02583,-0.02677,-0.02471,-0.02528,-0.0407,-0.05414,-0.04599,-0.0946,106.56868,1.04972,-0.02276,0.00508,-0.0324,-0.0046,-0.02409,0.00375,-0.05623,-0.03816,-0.01552,-0.06094,111.2809,1.03793,-0.02075,-0.01886,-0.02457,-0.02503,-0.01688,-0.01875,0.00572,-0.00693,0.00249,-0.07312,168.21763,1.37877,-0.01654,-0.01578,-0.02225,-0.02735,0.0174,0.00044,0.07994,0.052,0.07155,-0.04593,127.37474,1.09257,-0.0096,0.00165,-0.04021,-0.03852,-0.03343,-0.02503,0.02144,-0.026,0.03998,-0.15411
2026-03-16,163.10811,1.28167,-0.02263,-0.04907,-0.01778,-0.05224,-0.03052,-0.06613,-0.01049,-0.02445,0.05667,-0.09584,120.37849,1.12838,-0.00572,-0.00855,0.00034,-0.0007,-0.00413,-0.01105,-0.03102,-0.04756,-0.05177,-0.10071,117.30086,1.02409,-0.01263,-0.0115,-0.0112,-0.01252,-0.01089,-0.01642,-0.0502,-0.06707,-0.03251,-0.08243,104.33576,1.04924,-0.02562,-0.01559,-0.01049,-0.00297,-0.00039,0.01007,-0.04134,-0.03758,-0.00673,-0.06909,109.55557,1.02544,-0.01107,-0.01374,-0.00772,-0.00933,0.03402,0.02541,-0.00866,-0.02728,0.02119,-0.05885,165.88076,1.36297,-0.00377,0.00018,-0.00549,-0.00452,0.10181,0.10918,0.0906,0.05758,0.08181,-0.0358,124.72529,1.08523,-0.02113,-0.02957,-0.02583,-0.03115,0.06722,0.05193,0.02303,-0.05438,0.06034,-0.14211
2026-03-23,162.50845,1.26377,-0.01874,-0.03562,-0.02624,-0.05504,-0.02179,-0.03,-0.01007,-0.01279,0.06523,-0.0747,120.38453,1.12686,-0.00412,-0.00395,0.00045,0.00243,-0.00358,-0.00968,-0.03251,-0.05481,-0.04443,-0.09259,116.3376,1.01917,-0.00482,-0.00974,-0.00648,-0.00636,-0.00679,-0.01472,-0.04421,-0.06368,-0.02071,-0.0715,104.14361,1.0548,-0.00986,-0.00968,-0.01895,-0.01254,-0.01143,-0.00886,-0.02943,-0.0341,-0.00921,-0.08275,108.97142,1.01907,-0.0039,-0.00617,-0.0087,-0.00828,0.04111,0.031,-0.0073,-0.02857,0.03797,-0.04262,165.43475,1.36299,-0.0058,-0.01157,-0.0004,-0.01316,0.10562,0.11064,0.08139,0.02968,0.09342,-0.02532,126.15236,1.09422,-0.03091,-0.04017,-0.04455,-0.05394,0.06946,0.04815,0.00947,-0.07417,0.04835,-0.15541
2026-03-30,159.41662,1.2326,0.00497,-0.00317,-0.03361,-0.0467,-0.00884,0.00465,0.00802,0.0185,0.0878,-0.04171,119.69039,1.11983,0.00609,0.00785,-0.00452,-0.0007,0.00088,-0.0074,-0.03417,-0.05919,-0.03782,-0.08589,115.81949,1.01259,0.00144,-0.00102,-0.01858,-0.0126,-0.01111,-0.01769,-0.04686,-0.06518,-0.01612,-0.06588,101.66219,1.03364,0.01553,0.01263,-0.00077,0.00418,-0.02594,-0.01908,-0.00691,-0.02655,0.01,-0.08084,108.34249,1.01171,0.0034,0.00441,-0.016,-0.01408,0.03866,0.02584,-0.0131,-0.03599,0.04188,-0.04046,165.2561,1.36315,-0.00173,-0.0047,-0.01534,-0.03979,0.09564,0.08672,0.07291,0.01418,0.09438,-0.02925,122.08932,1.05566,-0.0048,-0.00157,-0.03166,-0.02549,0.07555,0.03748,0.04332,-0.01969,0.08124,-0.11929
2026-04-06,159.46342,1.22815,-0.00764,-0.01942,-0.01432,-0.02099,0.02225,0.03748,-0.0026,-0.00834,,,119.88866,1.12291,0.00458,0.00638,0.00228,7e-05,-0.00062,-0.01121,-0.05184,-0.08234,,,115.77743,1.00943,-0.00167,0.00338,0.00114,0.00148,-0.01382,-0.02333,-0.05649,-0.07337,,,103.1163,1.04512,-0.00917,-0.00285,0.00858,0.00836,-0.02626,-0.02522,-0.01681,-0.04177,,,108.54642,1.0129,-0.00482,-0.00212,0.00789,0.00628,0.03653,0.02669,-0.02705,-0.05221,,,164.47508,1.35142,0.00544,-0.00159,0.04055,0.02779,0.11222,0.10149,0.07025,0.01188,,,122.25302,1.05405,-0.01408,-0.01377,0.00706,0.01349,0.05952,0.01423,0.03856,-0.04129,,
2026-04-13,160.20858,1.22943,-0.03839,-0.04353,-0.01298,-0.0139,0.0175,0.03668,-0.01169,-0.01356,,,120.41955,1.12768,-0.01055,-0.00855,-0.00447,-0.01035,-0.00851,-0.01989,-0.05153,-0.08189,,,115.98684,1.01156,-0.02,-0.01158,0.00032,-0.0039,-0.01705,-0.0295,-0.05029,-0.06857,,,103.24105,1.04627,-0.01605,-0.00845,0.01021,0.01304,-0.02581,-0.03471,-0.01914,-0.04531,,,108.71033,1.01612,-0.01933,-0.01849,0.04206,0.03474,0.0295,0.01489,-0.02252,-0.05175,,,164.96995,1.35845,-0.01363,-0.03509,0.10789,0.1137,0.1012,0.07233,0.08264,0.02049,,,121.5036,1.05408,-0.02699,-0.02392,0.09552,0.08307,0.0708,0.0125,0.05368,-0.03225,,
2026-04-20,158.24489,1.20873,-0.00673,-0.00157,0.00456,0.02504,0.01992,0.04849,0.0183,0.01786,,,120.43824,1.12929,-0.0023,-0.00631,-0.00402,-0.01211,-0.0315,-0.04846,-0.05073,-0.08187,,,115.58363,1.01281,0.00282,-0.0019,-0.00031,-0.00835,-0.03609,-0.05579,-0.04113,-0.06616,,,102.17044,1.04226,0.01792,0.01121,0.00766,0.00368,-0.02102,-0.03061,0.0071,-0.02979,,,108.02314,1.01079,0.01277,0.0084,0.05025,0.03928,0.0054,-0.01262,-0.00825,-0.03918,,,165.3694,1.34983,0.03493,0.02938,0.10606,0.1238,0.09397,0.07071,0.09295,0.03852,,,120.53209,1.04029,0.02144,0.02725,0.11933,0.10208,0.05862,-0.00943,0.06031,-0.03199,,
2026-04-27,154.05828,1.18591,0.02643,0.02963,0.02563,0.05135,0.04423,0.06508,0.04424,0.0485,,,119.14945,1.11913,0.00614,-0.0018,0.00543,-0.0067,-0.02248,-0.04708,-0.03664,-0.06035,,,113.66754,0.99998,0.02073,0.00768,0.00761,-0.00509,-0.02176,-0.04449,-0.02535,-0.04866,,,101.58422,1.03782,0.02669,0.02149,-0.02519,-0.02326,-0.00498,-0.01712,0.03154,0.00531,,,106.60873,0.99763,0.0626,0.05322,0.05556,0.03992,0.0147,-0.00713,0.01673,-0.01808,,,162.72094,1.32336,0.1232,0.14879,0.11271,0.12651,0.09942,0.06931,0.1074,0.06701,,,118.22403,1.03017,0.12591,0.10699,0.11071,0.06296,0.07717,-0.01011,0.08318,-0.01482,,
2026-05-04,157.1802,1.20716,0.01137,0.02661,0.0371,0.05847,0.02237,0.04394,0.04311,0.03993,,,120.16147,1.12298,-0.00173,-0.0058,-0.00289,-0.01128,-0.03795,-0.06234,-0.0478,-0.0667,,,115.9099,1.01091,-0.00313,-0.00646,-0.01494,-0.02481,-0.0476,-0.06351,-0.0227,-0.04002,,,104.00097,1.05348,-0.01008,-0.00753,-0.03454,-0.03358,-0.02924,-0.04638,0.03216,0.01227,,,109.40261,1.01918,0.03701,0.03088,0.02842,0.02041,-0.02266,-0.04347,0.00943,-0.02443,,,171.14519,1.37921,0.06873,0.09442,0.06887,0.0737,0.03599,-0.00188,0.05703,0.01151,,,123.11606,1.06754,0.09583,0.07483,0.05209,0.00074,0.03462,-0.03158,0.06438,-0.04145,,
2026-05-11,158.12967,1.21554,-0.00077,0.02172,0.03087,0.05058,0.00581,0.00427,0.05963,0.05307,,,119.8816,1.11733,-0.00071,-0.0049,-0.00406,-0.00954,-0.05178,-0.07676,-0.0522,-0.06909,,,116.02379,1.00766,-0.01286,-0.01277,-0.01736,-0.0256,-0.0585,-0.0716,-0.02842,-0.0467,,,104.29552,1.05931,-0.05053,-0.04475,-0.03566,-0.04775,-0.02792,-0.05596,0.01535,-0.01281,,,113.28295,1.05085,-0.00663,-0.0133,-0.01206,-0.01985,-0.06773,-0.09016,-0.02145,-0.06028,,,182.76847,1.47215,-0.00934,-0.02228,-0.00604,-0.04137,-0.03687,-0.10885,-0.01746,-0.09778,,,133.10945,1.13716,-0.0135,-0.04403,-0.02257,-0.07058,-0.04615,-0.1244,-0.01796,-0.13352,,
2026-05-18,158.96683,1.23377,0.02544,0.03186,0.01529,0.02345,-0.00397,-0.0179,0.06183,0.00791,,,119.95386,1.11718,-0.00116,-0.00548,-0.02759,-0.03635,-0.04785,-0.07138,-0.05348,-0.0769,,,115.54748,1.00446,-0.01185,-0.01836,-0.03579,-0.04744,-0.04668,-0.06146,-0.02465,-0.05034,,,102.95278,1.04594,-0.02471,-0.02604,-0.02846,-0.03429,-0.01639,-0.04498,0.02404,-0.0131,,,113.45108,1.05007,-0.00828,-0.01048,-0.0427,-0.0519,-0.06337,-0.0857,-0.02354,-0.06969,,,182.90767,1.47363,0.00014,-0.02072,-0.01092,-0.05308,-0.02353,-0.09469,-0.01326,-0.10833,,,134.91465,1.14237,-0.03992,-0.07408,-0.05423,-0.11152,-0.05106,-0.12054,-0.02299,-0.15981,,
2026-05-25,158.00746,1.23726,0.03167,0.02886,0.01813,0.01373,0.01983,-0.01067,0.07565,-0.01052,,,119.79617,1.11243,-0.00335,-0.00464,-0.02776,-0.04037,-0.04564,-0.06501,-0.05247,-0.08082,,,114.53224,0.9949,-0.00457,-0.01284,-0.02914,-0.0394,-0.03233,-0.04824,-0.01779,-0.04741,,,99.02515,1.01456,0.01567,-0.003,0.02073,0.00614,0.03909,-0.00209,0.07356,0.01733,,,112.53138,1.03755,-0.00546,-0.00655,-0.0387,-0.04705,-0.04798,-0.06595,-0.01891,-0.06938,,,181.06084,1.44987,0.00334,-0.01909,-0.01194,-0.0572,-0.00177,-0.06151,-0.00599,-0.10363,,,131.31264,1.09313,-0.00919,-0.02655,-0.0302,-0.07308,-0.02674,-0.08483,0.00925,-0.14087,,
2026-06-01,163.01158,1.26563,-0.0099,-0.0084,-0.01421,-0.01452,-0.01311,-0.03122,0.04417,-0.0688,,,119.81421,1.11169,-0.02646,-0.03087,-0.03517,-0.05105,-0.04199,-0.05291,-0.04835,-0.08047,,,114.17794,0.9861,-0.02422,-0.02908,-0.03315,-0.0387,-0.0297,-0.03478,-0.01146,-0.04209,,,100.40845,1.0199,-0.00384,-0.00824,0.00549,-0.0128,0.04361,0.02324,0.05773,-0.00956,,,112.51206,1.03959,-0.03471,-0.04143,-0.04967,-0.06387,-0.03662,-0.06004,-0.01238,-0.07305,,,182.93271,1.45291,-0.01106,-0.03237,-0.03076,-0.07558,-0.01495,-0.06255,-0.02009,-0.11786,,,129.52911,1.06829,-0.01491,-0.03743,-0.0166,-0.03232,-0.01136,-0.05294,0.029,-0.11834,,
2026-06-08,163.01158,1.26612,-0.01313,-0.01513,-0.02431,-0.04631,0.00579,-0.01902,0.06261,-0.07763,,,119.39458,1.10779,-0.02449,-0.03574,-0.04792,-0.06722,-0.04168,-0.05151,-0.04199,-0.07705,,,114.00933,0.98206,-0.02469,-0.02656,-0.04186,-0.046,-0.0064,-0.01116,-0.00551,-0.04046,,,100.57684,1.01156,0.00499,0.00915,0.00802,-0.00822,0.0673,0.05418,0.04313,-0.02278,,,111.917,1.031,-0.03342,-0.0405,-0.05635,-0.07031,-0.01325,-0.03625,-0.00321,-0.06619,,,181.6652,1.43078,-0.01523,-0.03811,-0.03102,-0.06748,-0.00418,-0.04006,-0.00777,-0.09793,,,130.10551,1.06658,-0.0212,-0.04653,-0.02412,-0.05382,0.0072,-0.04049,0.01815,-0.12812,,
2026-06-15,161.39761,1.25722,-0.00435,-0.00612,-0.01897,-0.04135,0.03817,0.01138,0.06787,-0.0714,,,116.6442,1.08082,-0.00894,-0.02018,-0.02083,-0.03503,-0.0259,-0.03258,-0.02141,-0.05316,,,111.41199,0.95702,-0.00915,-0.00962,-0.0113,-0.01403,0.0118,0.00394,0.01862,-0.01536,,,100.02263,1.01166,0.00937,-0.00456,0.01242,-0.0107,0.05873,0.03484,0.0361,-0.03151,,,108.60684,0.99816,-0.0155,-0.02245,-0.02159,-0.0338,0.02068,-0.00759,0.03011,-0.03157,,,180.90955,1.42055,-0.01992,-0.04322,-0.01275,-0.04161,-0.00736,-0.04618,-0.00806,-0.09337,,,127.59791,1.03085,-0.00172,0.00511,0.00335,-0.00902,0.02446,-0.02721,0.03647,-0.08773,,
2026-06-22,160.87188,1.25099,-0.01133,-0.03117,0.00168,-0.02439,0.04926,-0.00931,0.07607,-0.06191,,,116.47049,1.07205,-0.02401,-0.03148,-0.01839,-0.02464,-0.02518,-0.03177,-0.01232,-0.03779,,,111.19438,0.9555,-0.01761,-0.01943,-0.00328,-0.00884,0.01354,-0.00137,0.02459,-0.00782,,,101.07822,1.0207,0.00302,-0.01736,0.01799,-0.00823,0.04303,0.01214,0.02084,-0.04866,,,108.17629,0.9905,-0.02372,-0.02981,-0.00965,-0.01889,0.02407,-0.01012,0.0456,-0.01405,,,178.89869,1.39267,-0.01604,-0.02937,0.01029,-0.00431,0.00885,-0.02738,0.01113,-0.055,,,127.34692,1.02005,-0.00298,-0.00729,0.00356,-0.01175,0.03507,-0.0375,0.03852,-0.08124,,
2026-06-29,160.69558,1.25111,-0.01468,-0.03523,0.00111,-0.0167,0.05766,-0.02437,0.07914,-0.06021,,,115.6009,1.06064,-0.01199,-0.01484,-0.00707,-0.00186,-0.01809,-0.02903,-0.00378,-0.0267,,,110.39243,0.9474,-0.00216,-0.00441,0.00357,0.00392,0.01904,8e-05,0.03225,-0.00069,,,100.96017,1.00709,0.00302,-0.00614,0.03791,0.03604,0.05298,0.0248,0.01703,-0.05429,,,106.92333,0.97572,-0.00618,-0.01135,0.01374,0.00383,0.03255,-0.00754,0.05571,-0.00446,,,177.30532,1.37733,0.00732,0.00161,0.01631,0.01304,0.01506,-0.03109,0.02001,-0.04343,,,127.37838,1.03597,0.00508,-0.01414,0.00533,-0.02062,0.04042,-0.08371,0.03635,-0.0996,,
2026-07-06,159.04857,1.21981,0.01316,0.00678,0.03085,0.02728,0.07019,-0.02299,,,,,113.67362,1.04057,0.00576,0.00685,0.00655,0.01571,0.00306,-0.00934,,,,,109.23678,0.93606,0.01458,0.01059,0.03701,0.03483,0.03326,0.00795,,,,,101.38309,1.00334,0.01493,0.00913,0.05881,0.0624,0.04756,0.007,,,,,105.61026,0.96069,0.01441,0.01092,0.04568,0.03406,0.05216,0.00585,,,,,176.02998,1.3633,0.02676,0.02506,0.0277,0.02742,0.01834,-0.02825,,,,,126.96687,1.01276,0.00657,-0.00446,0.03209,0.01333,0.04977,-0.06281,,,,
2026-07-13,158.33634,1.21587,0.01603,0.01854,0.05825,0.05273,0.09398,-0.02739,,,,,114.21466,1.04579,0.00498,0.01299,-0.00518,0.00245,0.00146,-0.01505,,,,,110.15359,0.94299,0.00575,0.00833,0.02336,0.01797,0.0293,-0.00139,,,,,101.26487,1.00096,0.03479,0.04218,0.04574,0.04554,0.03604,-0.01218,,,,,106.26221,0.96436,0.02004,0.01518,0.0432,0.02621,0.04983,0.00045,,,,,178.60372,1.37894,0.00892,0.01143,0.00545,-0.00457,0.00924,-0.04609,,,,,128.02546,1.02183,0.00025,-0.00648,0.02104,-0.01819,0.03469,-0.08337,,,,
2026-07-20,161.14151,1.22659,0.01746,0.0205,0.0475,0.01509,0.06956,-0.04077,,,,,114.3284,1.04742,0.00079,0.00886,-0.00691,-0.00714,-0.00159,-0.01975,,,,,110.82926,0.94665,0.02211,0.02424,0.01688,0.00747,0.02398,-0.00499,,,,,102.89627,1.01247,0.04324,0.05327,0.0246,0.02037,0.00717,-0.03233,,,,,107.13227,0.97161,0.03082,0.02314,0.03405,0.00877,0.04429,-0.00502,,,,,180.74005,1.38836,0.00092,0.00236,-0.00143,-0.02306,-0.00713,-0.06118,,,,,127.80086,1.0083,0.02536,0.01779,0.0314,-0.02575,0.03483,-0.06518,,,,
2026-07-27,160.87435,1.23441,0.04155,0.0342,0.05648,-0.00767,0.07605,-0.04533,,,,,114.78323,1.05878,-0.0101,-0.01054,-0.01109,-0.02717,0.0022,-0.02451,,,,,110.78651,0.95132,0.01751,0.00964,0.01542,-0.00384,0.02836,-0.00365,,,,,104.78774,1.04313,0.01058,0.00336,0.01452,-0.01124,-0.0153,-0.07109,,,,,108.39205,0.97955,0.0227,0.01103,0.01855,-0.01137,0.04352,-0.0031,,,,,180.19759,1.39037,-0.00344,-0.016,-0.00123,-0.04413,0.00384,-0.0527,,,,,128.05755,1.01535,0.02078,-0.01171,0.0349,-0.06309,0.03275,-0.07654,,,,
2026-08-03,163.95552,1.24709,0.02952,-0.00542,0.03816,-0.05027,0.05768,-0.0562,,,,,114.41827,1.05628,-0.00769,-0.016,-0.00347,-0.02505,0.00651,-0.02234,,,,,113.2792,0.9709,-0.00511,-0.01677,-0.00362,-0.02688,0.00594,-0.02419,,,,,107.34575,1.06574,-0.01787,-0.0329,-0.01063,-0.0554,-0.04347,-0.11294,,,,,110.43446,0.99475,0.00313,-0.01437,0.0062,-0.02821,0.02215,-0.0235,,,,,180.90583,1.39071,-0.00234,-0.02542,-0.00911,-0.05567,-0.00029,-0.05681,,,,,131.04187,1.02609,0.00589,-0.04353,0.01712,-0.07614,0.00737,-0.08972,,,,
2026-08-10,167.55894,1.26861,0.01433,-0.04187,0.03377,-0.08012,,,,,,,113.62342,1.04824,-0.001,-0.01663,0.00667,-0.0175,,,,,,,112.72672,0.96096,-0.00206,-0.01348,0.00581,-0.01936,,,,,,,105.89688,1.0465,0.0039,-0.0146,-0.00927,-0.05772,,,,,,,110.85275,0.99058,-0.00406,-0.0224,0.00636,-0.02576,,,,,,,179.57774,1.37437,0.00222,-0.02813,0.00376,-0.04152,,,,,,,130.71911,1.00364,0.01383,-0.05138,0.01337,-0.06518,,,,,,
2026-08-17,168.7963,1.24168,0.00839,-0.04485,0.02106,-0.05585,,,,,,,113.53829,1.04028,0.00425,-0.00905,0.00536,-0.01261,,,,,,,112.69981,0.95412,0.00151,-0.01011,0.00698,-0.01246,,,,,,,105.42755,1.03284,0.00737,-0.0225,-0.01701,-0.0527,,,,,,,110.78027,0.98038,0.00306,-0.01384,0.0099,-0.01378,,,,,,,180.48232,1.36529,-0.00678,-0.03024,-0.00571,-0.03812,,,,,,,131.81356,0.98256,0.01117,-0.03261,0.00332,-0.03943,,,,,,
2026-08-24,169.96076,1.22674,0.01916,-0.03825,0.01852,-0.03766,,,,,,,113.51004,1.03161,0.00767,-0.00086,0.01344,0.00266,,,,,,,112.49467,0.94748,0.00788,-0.00589,0.01275,0.00019,,,,,,,106.30947,1.03189,-0.01312,-0.04312,-0.0294,-0.05985,,,,,,,110.40322,0.96817,0.01046,-0.00336,0.02451,0.00827,,,,,,,179.97575,1.34624,0.00154,-0.01339,0.00508,-0.00857,,,,,,,132.52735,0.95226,-0.00046,-0.0138,-0.00208,-0.01345,,,,,,
2026-08-31,170.21181,1.19682,0.01257,-0.011,0.01881,-0.00593,,,,,,,114.02124,1.03123,0.0011,-0.00356,0.01002,0.00271,,,,,,,112.86946,0.94401,0.00547,-0.00235,0.00959,0.0027,,,,,,,106.20478,1.01034,-0.02421,-0.0302,-0.0332,-0.05754,,,,,,,111.11921,0.96654,0.00682,5e-05,0.01585,0.00471,,,,,,,179.25842,1.33505,0.00108,-0.00788,0.00889,-0.00115,,,,,,,133.28583,0.94994,-0.00776,-0.00682,-0.00959,-0.01358,,,,,,
2026-09-07,173.21741,1.18849,-0.00063,0.00059,,,,,,,,,114.3811,1.03074,0.00572,0.00352,,,,,,,,,113.38147,0.9416,0.00483,0.00607,,,,,,,,,104.91485,0.98878,-0.01649,-0.01673,,,,,,,,,111.55778,0.96481,0.01391,0.01163,,,,,,,,,180.25345,1.33285,0.00353,0.00482,,,,,,,,,132.46699,0.93846,-0.00162,0.00035,,,,,,,,
2026-09-14,172.35107,1.18583,0.00616,0.00507,,,,,,,,,114.1469,1.02767,0.00891,0.00627,,,,,,,,,113.48701,0.94166,0.0041,0.00505,,,,,,,,,103.63377,0.98014,-0.00921,-0.02734,,,,,,,,,111.8769,0.96659,0.00897,0.00466,,,,,,,,,179.45215,1.32717,0.00781,0.00673,,,,,,,,,132.25183,0.94312,-0.00184,-0.00676,,,,,,,,
2026-09-21,173.10877,1.18908,,,,,,,,,,,115.03568,1.03427,,,,,,,,,,,113.92863,0.94767,,,,,,,,,,,103.18434,0.97205,,,,,,,,,,,113.10908,0.97645,,,,,,,,,,,180.88958,1.33767,,,,,,,,,,,132.25183,0.93881,,,,,,,,,,
2026-09-28,173.413,1.19089,,,,,,,,,,,115.16339,1.03394,,,,,,,,,,,113.95233,0.94671,,,,,,,,,,,102.67915,0.9528,,,,,,,,,,,112.88033,0.97125,,,,,,,,,,,180.85282,1.3339,,,,,,,,,,,132.00795,0.93637,,,,,,,,,,
