project_id,project_number,title,project_type,project_subtype,process_type,pub_type,publication_id,publication_date,canton,city,postal_code,proc_office,n_lots,lot_publications
7981b090-0b55-490b-a3f6-67c39284fcdc,1819,Avenue de Valmont 12 à 20,tender,construction,open,tender,b9ef2b17-c8a1-4345-abc3-57dbfe8117b5,2024-07-30,VD,Lausanne,1001,Ville de Lausanne – SE - Service de l’eau (EAU) - Réseaux,0,[]
2a81191c-572d-4b3f-a910-2039c72c8421,1814,Orbe - Réaménagement Route d'Orny,tender,construction,open,tender,e23f8cc0-fb68-456c-bab6-3ecf749294e7,2024-07-27,VD,Orbe,1350,Commune d'Orbe - Services techniques,0,[]
06bba74c-14d3-4ee2-b9e6-164e5c2201b0,1735,"CONSTRUCTION D’UN COMPLEXE SCOLAIRE ET SPORTIF, AINSI QUE D’UNE UAPE AU MABILLON - Monthey",tender,construction,open,tender,ccc49a04-82f7-4b4f-b677-1c913dfd86b4,2024-07-26,VS,Monthey,1870,"Urbanisme, Bâtiments & Constructions",0,[]
77116719-0773-49c6-a655-eaab33265f37,1707,"Renouvell. la Gare Le Lieu LHand - Planification général en génie civil, phases 41 à 53",tender,construction,open,tender,eb3b277c-21b1-487d-bcc6-bf75d8760c3c,2024-07-25,VD,Gare Le Lieu,1345,TRAVYS SA,0,[]
9a44b7cc-e8b3-4d5b-a279-9f44b2a48e3c,1638,IBM - Construction de deux immeubles de logements à Montana-Village ,tender,construction,open,tender,b07368d5-41cd-4352-b0ce-cd8014e67e08,2024-07-24,VS,Montana,3963,Bourgeoisie de Montana,0,[]
5fb1ffef-9c71-4a97-9f9f-a7a5fbf05114,1645,IBM - Construction de deux immeubles de logements à Montana-Village ,tender,construction,open,tender,78feb366-0163-4776-89fd-5aa5a9d3b7c3,2024-07-24,VS,Montana,3963,Bourgeoisie de Montana,0,[]
2e6d8279-a450-4f38-8fa6-d57096ddcd5c,1649,IBM - Construction de deux immeubles de logements à Montana-Village ,tender,construction,open,tender,14da8288-92e8-44cf-bd90-4bcc6a3273ce,2024-07-24,VS,Montana,3963,Bourgeoisie de Montana,0,[]
d2161db0-a302-4fe3-bc90-b8585985ab35,1652,IBM - Construction de deux immeubles de logements à Montana-Village ,tender,construction,open,tender,067cb2a8-bd72-4039-ad56-14902630fb8c,2024-07-24,VS,Montana,3963,Bourgeoisie de Montana,0,[]
74ed25ef-c9ee-41c4-90e2-18b982c1fe4b,1658,IBM - Construction de deux immeubles de logements à Montana-Village ,tender,construction,open,tender,bb94f55c-5f89-4ea3-80d9-5ca0a0d6bd51,2024-07-24,VS,Montana,3963,Bourgeoisie de Montana,0,[]
6c230df7-428a-46a5-a620-c70edefcc496,1660,IBM - Construction de deux immeubles de logements à Montana-Village ,tender,construction,open,tender,fdbfaf50-e7b6-4fba-a218-409527bce66a,2024-07-24,VS,Montana,3963,Bourgeoisie de Montana,0,[]
6130687a-fd6f-4000-b195-f04105a4e0ea,491,Modernisation et extension du réseau informatique des écoles lausannoises - CFC 230 Installations électriques,tender,construction,open,tender,5070b75f-2d5e-450a-9524-c7eba6395788,2024-07-23,,,,Ville de Lausanne – EJQ - Service des écoles et du parascolaire (SEP),5,"[""5070b75f-2d5e-450a-9524-c7eba6395788"", ""5070b75f-2d5e-450a-9524-c7eba6395788"", ""5070b75f-2d5e-450a-9524-c7eba6395788"", ""5070b75f-2d5e-450a-9524-c7eba6395788"", ""5070b75f-2d5e-450a-9524-c7eba6395788""]"
41fcd404-289f-4f15-b926-ab7b8d545498,1498,Appel d'offres Viaduc Noës - Génie civil,tender,construction,open,tender,6696c2a5-df02-4bca-abc6-256971d1e822,2024-07-22,VS,Noës,3976,Ville de Sierre - Centrale des achats,0,[]
68ce7290-a2b1-4ae1-86bd-349ee308694b,1486,RENOVATION ET SURELEVATION DU COLLEGE DE GRAND-CHAMP,tender,construction,open,tender,a010b917-230f-4af6-ac25-a54804db9189,2024-07-20,VD,GLAND,1196,Ville de Gland - Service des bâtiments et de l'urbanisme ,0,[]
f57aae7f-1bbc-4f56-8ac0-008d0186f4f4,603,Rolle - chemin de Jolimont - Réaménagement routier,tender,construction,open,tender,ab0659bf-d145-4f07-a61b-5f6f1699ab40,2024-07-19,VD,Rolle,1180,Commune de Rolle (Ribi SA),0,[]
cf8f8fb6-cf90-4dd7-8916-cf619eaf19e4,1340,Réfection des berges de la Torneresse aux Moulins suite aux crues 2023,tender,construction,open,tender,6b4a0e0f-830c-43ed-a3af-29b092f5ba7e,2024-07-18,VD,Les Moulins,1660,Martin ingénieurs civils Sàrl,0,[]
b6c768e8-ad1a-4ab7-8bc7-743460aaea21,507,Terminal Combiné de Monthey - Rive Droite - Travaux préparatoires,tender,construction,open,tender,2523bcf4-ab12-49b8-bec3-fc364a733eda,2024-07-17,VS,Monthey,1870,Terminal combiné de Monthey SA,0,[]
26c14a25-6219-4d59-9bcc-c2dbff9c6910,1077,RENOVATION DE LA ZONE SPORTIVE DES TATTES,tender,construction,open,tender,49af79cd-bc24-4e58-886c-b44f81b2ad36,2024-07-15,GE,Onex,1213,Ville d'Onex,0,[]
afb631d6-7db6-4df0-aa47-41615516e566,566,Genève -AS25 - Campagne de reconnaissances				,tender,construction,open,advance_notice,2b915fa8-3dfa-4b13-a867-636bbd0f7ac7,2024-07-11,GE,Genève,1200,I-ESP-EIB-RWT,0,[]
2bb7aa3d-ebd5-44dd-bc55-df1c50802076,823,IBM - Construction de deux immeubles de logements à Montana-Village ,tender,construction,open,tender,a15c5888-dd2d-433f-a0b6-be88ad6c6241,2024-07-10,VS,Montana,3963,Bourgeoisie de Montana,0,[]
9b2e6163-8016-42a9-bf30-8473331212d7,839,Réfection Parking Florescat - Saxon,tender,construction,open,tender,3dfac6b6-f070-4063-b1f2-c77e576eae81,2024-07-09,VS,Saxon,1907,Service Technique,0,[]
6a3707b3-ab7d-4591-b73a-041380c6f10d,553,Attraktivierung Schwimmbad Visp,tender,construction,open,tender,f8df61d2-bb6d-4b7c-baf4-4972c9b16c6a,2024-07-04,VD,Visp,3930,Gemeinde Visp - Bau & Planung,0,[]
fc563725-8e22-4e99-ba03-77dd0a78ef57,478,Raccordement du réseau d'eau potable d'Ogens sur le réservoir de Bercher - Appareillage,tender,construction,open,tender,003b7f6b-ae71-4e94-b4d4-537f95cef5d8,2024-07-03,VD,Ogens,1045,CSD Ingénieurs SA ,0,[]
ce870b65-c3cc-40fe-bb58-1c9f213c1cf0,2868,Projet d'extension de l'Unithèque. Appel d'offre lot 50 revêtement de sol en terrazzo,tender,construction,open,tender,4e754da1-d9fe-438c-abc8-d1980f5baeae,2024-08-31,VD,Ecublens,1024,COPIL des constructions universitaires p/a DEIEP - Direction générale des Immeubles et du Patrimoine (DGIP),0,[]
5293b103-eef5-4403-b993-1c886c300848,2851,Projet d'extension de l'Unithèque. Appel d'offre lot 102 Transport à plateaux,tender,construction,open,tender,9630dcce-1f3a-4713-bcd6-94d34e219fc3,2024-08-30,VD,Ecublens,1024,COPIL des constructions universitaires p/a DEIEP - Direction générale des Immeubles et du Patrimoine (DGIP),0,[]
973468a5-6185-469e-b6b7-ad98897f6bb5,3009,Desk d'accueil et revêtement mural bois,tender,construction,open,tender,bde2dd8a-9601-4563-a3eb-988e562348a8,2024-08-30,VS,Sion,1950,Hôpital du Valais - Projets stratégiques,0,[]
2e58916c-7292-4223-907a-81d69c4199f2,3021,îlots hall d'entrée,tender,construction,open,tender,5e2ff0df-07da-4859-8caf-6f2b0d227bac,2024-08-30,VS,Sion,1950,Hôpital du Valais - Projets stratégiques,0,[]
7de79a7d-a47a-4e59-8a3a-cea178aa9505,3115,Transport des eaux usées d'Yvorne à Aigle - Electromécanique,tender,construction,open,tender,5d254155-04d3-463d-bbc2-7c64388fc261,2024-08-30,VD,Yvorne,1853,RWB Vaud SA,0,[]
f54260c8-ae7b-49ac-ab41-f51cf4a8303d,3030,Fondation clos du château appels d'offres phase 1,tender,construction,open,tender,a6a45bfc-a225-424b-94d5-05fb9599aa47,2024-08-29,,,,Fondation du Clos du Château à Corcelles-près-Concise - Pragma Partenaires SA,21,"[""a6a45bfc-a225-424b-94d5-05fb9599aa47"", ""a6a45bfc-a225-424b-94d5-05fb9599aa47"", ""a6a45bfc-a225-424b-94d5-05fb9599aa47"", ""a6a45bfc-a225-424b-94d5-05fb9599aa47"", ""a6a45bfc-a225-424b-94d5-05fb9599aa47"", ""a6a45bfc-a225-424b-94d5-05fb9599aa47"", ""a6a45bfc-a225-424b-94d5-05fb9599aa47"", ""a6a45bfc-a225-424b-94d5-05fb9599aa47"", ""a6a45bfc-a225-424b-94d5-05fb9599aa47"", ""a6a45bfc-a225-424b-94d5-05fb9599aa47"", ""a6a45bfc-a225-424b-94d5-05fb9599aa47"", ""a6a45bfc-a225-424b-94d5-05fb9599aa47"", ""a6a45bfc-a225-424b-94d5-05fb9599aa47"", ""a6a45bfc-a225-424b-94d5-05fb9599aa47"", ""a6a45bfc-a225-424b-94d5-05fb9599aa47"", ""a6a45bfc-a225-424b-94d5-05fb9599aa47"", ""a6a45bfc-a225-424b-94d5-05fb9599aa47"", ""a6a45bfc-a225-424b-94d5-05fb9599aa47"", ""a6a45bfc-a225-424b-94d5-05fb9599aa47"", ""a6a45bfc-a225-424b-94d5-05fb9599aa47"", ""a6a45bfc-a225-424b-94d5-05fb9599aa47""]"
c3298b98-e734-49d4-ba36-809b16a3300e,2652,Chemin des Lys - Travaux de génie civil pour le renouvellement de réseaux,tender,construction,open,tender,28e45eb2-fcab-4caf-9630-f325d3ff927a,2024-08-28,VD,"Chemin des Lys, Lausanne",1010,Direction des Services Industriels - Service Patrimoine - BEP - GC,0,[]
f29167ea-5cbf-4b26-927c-3c1bfc8877cc,1724,Quartier intergénérationnel d'habitations village d'Athenaz (Avusy) / Lot 24 - Chapes,tender,construction,open,tender,9485c919-48d8-4fa2-ac69-81ae3370929d,2024-08-27,GE,Avusy,1285,Commune d'Avusy,0,[]
789edcb8-ee3f-45ec-9bb1-8d23bd26cb5d,1708,Transformation du terrain de football principal des Abériaux en terrain synthétique ,tender,construction,open,tender,e2d9a34b-cc70-444e-988e-4fc791320d02,2024-08-26,VD,Prangins,1197,"Commune de Prangins - Service Travaux publics, déchets, voirie & espaces verts (IDSPORT)",0,[]
8c0d31e2-a6f8-43af-8bbf-d89ea29b1742,2642,Travaux de génie civil pour la construction de nouveaux réseaux - Avenue des Bergières - Avenue Collonges,tender,construction,open,tender,abcc10f8-0ff7-4099-bb13-26ccd44fd572,2024-08-23,VD,"Avenue des Bergières, Avenue Collonges",1004,Ville de Lausanne - SIL - Service patrimoine (PAT),0,[]
558e5bb0-4355-4689-b59f-d619a718fd5f,2195,Extension CAD – Midi-Grotte,tender,construction,open,tender,cde84249-3fa5-4c72-ad71-a5162dff7df5,2024-08-22,VD,Rue de la Grotte,1003,Ville de Lausanne – SIL – Service patrimoine (PAT),0,[]
0531a85e-765e-4b10-840f-f21d7798a943,2612,Rénovation immeuble rue de la Navigation 38 (2029) électricité,tender,construction,open,tender,40ecd11a-646c-4b28-9008-ab785f3a3ec9,2024-08-21,GE,Genève,1201,"Unité soumissions - Département de l'aménagement, des constructions et de la mobilité (DACM) de la Ville de Genève",0,[]
65427c0a-3113-44c7-a394-6c1593c0f15a,168,Les Jardins du Château_ CFC 400 Aménagements extérieurs,tender,construction,open,tender,8455dd23-0db2-4671-999d-b8e3d8caaff2,2024-08-20,VD,Crissier,1023,Commune de Crissier,0,[]
1761fab2-88f6-4043-be93-39d8979611f0,1680,MEY-21510-FACADE-CONSTRUCTION-LEGERE,tender,construction,open,tender,52e3ab6a-c53d-4dce-a371-41f8ec5612dd,2024-08-19,GE,Meyrin,1217,VILLE DE MEYRIN,0,[]
e975e6f4-3fb9-4607-9849-c5d5b5311e62,2357,MEY-22100-MENUISERIES-EXTERIEURES,tender,construction,open,tender,0e11dc69-19cf-4263-8e90-535085e414cd,2024-08-19,GE,Meyrin,1217,VILLE DE MEYRIN,0,[]
a55ed97c-9e55-4037-b194-98e221502667,2515,Construction d'une caserne de sapeur-pompiers,tender,construction,open,tender,bda87422-781d-4ad4-9bba-8e342ac273ab,2024-08-19,VD,Payerne,1530,SDIS Broye-Vully,0,[]
68809df2-1266-475a-91bf-4f4284c29f10,827,Conduite d'alimentation en eau de Champmartin,tender,construction,open,tender,67a255d9-2c7b-4c9d-b196-00987357747b,2024-08-19,,,,Commune de Cudrefin,2,"[""67a255d9-2c7b-4c9d-b196-00987357747b"", ""67a255d9-2c7b-4c9d-b196-00987357747b""]"
ce770af2-667b-4b19-a46e-159fe9c833ee,2303,Projet d'extension de l'Unithèque. Appel d'offre lot 23 installations photovoltaiques,tender,construction,open,tender,61680941-ee49-4d3e-8c6c-fc131afbb6c9,2024-08-16,VD,Ecublens,1024,COPIL des constructions universitaires p/a DEIEP - Direction générale des Immeubles et du Patrimoine (DGIP),0,[]
15fbb608-bf96-4ec1-bcf2-f1aaef3a6c06,2310,CHAMP-DOLLON - Installation de containers provisoires et création d'un local électrique - CFC : 272 - Ouvrages métalliques / Serrurerie,tender,construction,open,tender,10b9ad8a-a964-494c-9158-6fad9875f2cd,2024-08-16,GE,Puplinge,1241,"Etat de Genève, Département du territoire, Office cantonal des bâtiments (OCBA)",0,[]
d1cd7dbb-ddb8-4631-a686-5132bb45d58f,2335,CHAMP-DOLLON - Installation de containers provisoires et création d'un local électrique - CFC : 230 - Installations électriques,tender,construction,open,tender,fd98b94f-342c-4b10-ae18-9caf1148d763,2024-08-16,GE,Puplinge,1241,"Etat de Genève, Département du territoire, Office cantonal des bâtiments (OCBA)",0,[]
195171cc-4293-4104-9977-4196ffac2e1c,2350,CHAMP-DOLLON - Installation de containers provisoires et création d'un local électrique - CFC : 133 - Installation de containers provisoires,tender,construction,open,tender,138e7051-53d3-4aee-a58b-a66719738a2a,2024-08-16,GE,Puplinge,1241,"Etat de Genève, Département du territoire, Office cantonal des bâtiments (OCBA)",0,[]
0f500ddb-0702-4d4d-94bc-d3ec2ddda118,2409,Extension du Collège de l'Esplanade de Begnins - étape 2 - parcelle 179,tender,construction,open,tender,01e37020-9536-4cf3-9367-290d1e262844,2024-08-16,VD,Begnins,1268,Commune de Begnins (Réaliser.ch),0,[]
15226016-fb15-45c6-a13a-aa0cdf4177d1,821,IBM - Construction de deux immeubles de logements à Montana-Village ,tender,construction,open,tender,e081dc19-3ad4-4462-bcd0-665fe39e8165,2024-08-16,VS,Monatana,3963,Bourgeoisie de Montana,0,[]
35c39865-e0c6-48f5-83c5-ea30f093b05c,828,IBM - Construction de deux immeubles de logements à Montana-Village ,tender,construction,open,tender,acba2c0f-8507-4759-8c02-01f03ee16dcd,2024-08-16,VS,Montana,3963,Bourgeoisie de Montana,0,[]
b86e74db-c370-41c2-9fed-c3c68f69e0c6,2354,Travaux de Génie Civil pour renouvellement des conduites d’eau et du réseau de la fibre optique électrique,tender,construction,open,tender,773fb156-a543-46a0-b588-9b5b2c9ad9c5,2024-08-13,GE,Route de Collex,1239,"Services Industriels de Genève - Direction Droit, Achats & Risques",0,[]
e15b5b29-d882-4e01-aee1-ff3d8cb7dbdc,2286,STEP de l'AERA - AO CFC 226/271/285 Isolation - Gypserie - Peinture,tender,construction,open,tender,7e39b857-4a6e-41a2-9e3e-a6604015d242,2024-08-12,VD,Aigle,1860, Aalberti bureau d'architecture sa,0,[]
49bdbc04-ade3-4537-9c43-7d2f01b08c28,4126,Transformation des installations d'éclairage du terrain de football de copet 1,tender,construction,open,tender,cfa0376f-f01d-42ec-9071-d1f1558e7e90,2024-09-30,VD,Vevey,1800,"Commune de Vevey - Service de la famille, de l'éducation et du sport - Secteur sport (Thorsen Sàrl)",0,[]
13245e51-36c5-492a-8dc4-d0fae232d079,4408,Quartier intergénérationnel d'habitations village d'Athenaz (Avusy) / Lot 24 - Chapes 02,tender,construction,open,tender,359bb896-5606-40a5-bc66-34862d85b9e3,2024-09-30,GE,Village d'Athenaz (Avusy),1285,Commune d'Avusy,0,[]
1d5b291b-c917-477a-85ab-c97001dbcc09,1683,MEY-21430-FACADE-PREFABRIQUE-BOIS,tender,construction,open,tender,889e911d-b54a-457c-9a39-54a655a95131,2024-09-27,GE,MEYRIN,1217,VILLE DE MEYRIN,0,[]
536ca9a5-c480-44a2-bc7a-a2ad08371cb3,3613,Projet de bâtiment enterré pour la Flash Thérapie aux niveaux 06 et 07 du bâtiment BH au CHUV,tender,construction,open,tender,70c5b7f2-e5c0-48a7-bdcb-946b295cc633,2024-09-27,VD,Lausanne,1011,Ferrari Architectes Lausanne SA,0,[]
94b09579-8700-402e-b6d9-f375456f4f43,4322,"Transport, taille et montage de la charpente en bois",tender,construction,open,tender,0a8d12ff-f34f-4d57-990a-3f33ea53b1c9,2024-09-27,VD,Aigle,1860,DGIP-DIAD-Domaine 1 : Gymnases,0,[]
1cece9c3-cd28-4d10-87f7-5a3ca7495620,4387,CO de la Gradelle / Bâtiments D+E - Extension Modulaire - Travaux de Plâtrerie-Faux-Plafond-Peinture intérieure pour la surélévation des bâtiments D & E.,tender,construction,open,tender,f6ef20ab-4d91-4611-982c-26042145af27,2024-09-27,GE,Chêne-Bougeries,1224,"Département du territoire (DT), Office cantonal des bâtiments (OCBA), Direction des Constructions",0,[]
c2ac1c0b-bb0e-4f67-ad26-7ac532540a19,4391,CO de la Gradelle / Bâtiments D+E - Extension Modulaire - Travaux d'ouvrages métalliques courants (serrurerie) pour la surélévation des bâtiments D & E.,tender,construction,open,tender,b7633908-92bf-4ac5-b8c7-36eafc1f71ac,2024-09-27,GE,Chêne-Bougeries,1224,"Département du territoire (DT), Office cantonal des bâtiments (OCBA), Direction des Constructions",0,[]
e645afd0-1a53-4d0a-8ea0-31efd3095fe3,4210,La Cheneau - Château d'Oex,tender,construction,open,tender,34348797-f810-4d58-ba70-fdc9ed054efe,2024-09-25,VD,Château d'Oex,1660,Ville de Vevey,0,[]
d8e3db07-521c-4f55-9d77-e6882c4fa22d,903,Route de la Zone Industrielle SUD à Vétroz,tender,construction,open,award,9dbc129d-2cf9-427e-b8bc-c4e62c0159b7,2024-09-25,VS,Vétroz,1963,Commune de Vétroz - Service technique,0,[]
032ba615-18e3-406d-b429-67e07da153d1,2361,MEY-22830-PROTECTION-SOLAIRES,tender,construction,open,tender,54b77e51-2145-4dd4-98bb-8a0447566a08,2024-09-24,GE,Meyrin,1217,VILLE DE MEYRIN,0,[]
ac02eef8-e586-43dd-a714-36aea6408b08,2842,Forage Doublet Satigny,tender,construction,open,tender,5108fc1d-9822-45ac-9e66-69be1f004d78,2024-09-24,GE,Satigny,1242,Services Industriels de Genève,0,[]
3fae1828-1f88-42f5-9a32-ea263f5a86d3,3762,Travaux de Génie Civil_O_6597-2024_ID 185_Batterie Nord_Poste HT/MT de la Foretaille,tender,construction,open,tender,c038ae92-669d-40d5-b367-e4b106720236,2024-09-24,GE,Chemin des Clys 10 ; Bellevue,1293,Services industriels de Genève (SIG) - Direction Achats,0,[]
5fd4d86a-8211-4c00-908f-a4040c256cca,4001,Commune de Vully-les-Lacs - site scolaire de Salavaux / salle de sport double VD5 et transformation du bâtiment existant - CFC 233 Luminaires,tender,construction,open,tender,18da6052-a804-4502-878e-d269e74188cb,2024-09-23,VD,Salavaux,1585,Commune de Vully-les-Lacs,0,[]
ebec8511-d03e-4c0a-bea3-e4a0f84f3441,4029,Commune de Vully-les-Lacs - site scolaire de Salavaux / Salle de sport double VD5 et transformation du bâtiment existant CFC 231.8 Installations photovoltaïques ,tender,construction,open,tender,e8f9ffc5-0235-486e-a8cd-e7c7cb54f3ef,2024-09-23,VD,Salavaux,1585,Commune de Vully-les-Lacs,0,[]
b69dbec4-0b9a-47d5-8e27-624a3f11d655,4122,Réaménagement de l'avenue de Vaudagne et de la rue des Vernes,tender,construction,open,tender,bc65a16d-eb51-4f77-8af7-f09939c5943f,2024-09-22,GE,Meyrin,1217,"Ville de Meyrin - Service urbanisme, travaux publics et énergie",0,[]
15ab4bf9-bd8c-499c-b6ca-86b653e10ad7,3308,"Campus santé - Fourniture et installation de deux stations MT/BT clé en main, liaison MT entre les deux stations, introduction électrique sur les quatre bâtiments",tender,construction,open,tender,50116311-8d6d-4123-b2ed-9eb701b8cc39,2024-09-19,VD,Chavannes-près-Renens,1022,Service intercommunal des énergie SA,0,[]
535d408c-548f-4ea1-ad06-e4535816a2c2,3124,Surélévation des 3 salles de gymnastique du CO des Colombières à Versoix,tender,construction,open,tender,809ed82f-b513-45c8-8825-f86b6fd2c459,2024-09-18,GE,Chemin des Colombières 4,1290,Office cantonal des bâtiments (OCBA) - MARCH,0,[]
1bc682a6-c777-48ab-9449-65b7af267601,3660,MBC - Réfection de la voie Morges - La Gottaz,tender,construction,open,tender,e6cb863b-c897-42ed-af3a-0dca39c4c159,2024-09-18,VD,Morges,1110,MBC - Transports de la région Morges - Bière - Cossonay SA,0,[]
c5873d3b-5a2d-4028-8c37-406c1ea547a7,3925,Commune de Vully-les-Lacs - site scolaire de Salavaux / salle de sport double VD5 et transformation du bâtiment existant - CFC 250 Installations sanitaires,tender,construction,open,tender,79d8539b-d641-4cea-a871-f0dbac559bf5,2024-09-18,VD,Salavaux,1585,Commune de Vully-les-Lacs,0,[]
4f49adeb-c7c3-4d42-be3c-8b26054075f3,3571,Reprise des exutoires des réseaux d’eau pluviale et revitalisation de la bande riveraine du Rhône,tender,construction,open,tender,f24d0b01-c179-49a1-bd07-e5f5f10c91b3,2024-09-17,GE,"105 Route de Bellegarde, Chancy",1284,BMG Solution,0,[]
782baf4f-1ea1-4e7e-95ec-a5b0943e931c,3286,VOé distribution SA - Construction d’un bâtiment en vue de l’intégration d’équipement haute tension - CFC 211 Travaux de l'entreprise de maçonnerie,tender,construction,open,tender,ab84f2d6-2ff7-47cc-813a-7189ba559762,2024-09-16,VD,Vallorbe,1337,VOé distribution SA (Nicod Ingénieurs civils SA),0,[]
152f51d8-e23e-47bc-aec9-564bdfc67bb4,3291,VOé distribution SA - Construction d’un bâtiment en vue de l’intégration d’équipement haute tension - CFC 201 Terrassement et 4 Aménagements extérieurs,tender,construction,open,tender,6f6f636e-a012-4fd9-9374-1b3720286a2a,2024-09-16,VD,Vallorbe,1337,VOé distribution SA (Nicod Ingénieurs civils SA),0,[]
3d237715-a950-4d3c-8acb-30dbe93714a9,3619,Transformation du terrain de football de copet 1 en terrain synthétique ,tender,construction,open,tender,397a9ec7-3008-41ec-9c3a-8cd22316920d,2024-09-16,VD,Vevey,1800,"Commune de Vevey - Service de la famille, de l'éducation et du sport - Secteur sport (IDSPORT)",0,[]
734bbf3d-2e9f-4760-af4d-918783b6ef98,384,CHOULEX - Chemin de Champ-Dollon - Réhabilitation d'une conduite d'eau potable,tender,construction,open,award,f0a1e5e0-50c8-4343-82cf-12e8f423d2ef,2024-09-14,GE,Chemin de Champ-Dollon - Choulex,1244,Services industriels de Genève (SIG) - Direction Achats,0,[]
0c48fd86-884e-4024-abef-3e09cfa559cc,408,Verbois – Sécurisation de la passe à poisson – ouvrage métallique,tender,construction,open,award,cdc4cfb0-4721-45a0-8622-b6eb72bce1d2,2024-09-14,GE,Aire-La-Ville - Barrage de Verbois,1288,Services industriels de Genève (SIG) - Direction Achats,0,[]
4ce864b5-21e4-4e43-a4a0-38f845a74284,3573,CHUV – SITE DE CERY - Mise en séparatif du site - Secteur nord,tender,construction,open,tender,5e37188c-13c5-423e-be20-be11f6183315,2024-09-13,VD,Lausanne,1011,"Direction des constructions, ingénierie, technique et sécurité (CIT-S)",0,[]
b470af02-b845-4670-85f6-448a7dc87a9c,3540,Réfection des chemins AF - E2P3,tender,construction,open,tender,e7d85769-e925-431d-a41a-91f8d7f483b9,2024-09-11,VD,Puidoux,1070,Commune de Puidoux ,0,[]
174fe341-6dcb-4657-b964-ec21cd0eb9f4,3414,Commune de Vully-les-Lacs - site scolaire de Salavaux / salle de sport double VD5 et transformation du bâtiment existant - CFC 224 Etanchéité/Ferblanterie,tender,construction,open,tender,0b36dc8a-924c-48cf-8a87-eba61e47f9b3,2024-09-10,VD,Salavaux,1585,Commune de Vully-les-Lacs,0,[]
760d9fcf-97fb-43c2-90a4-9c7e8e7c9b5b,3510,"Mont-sur-Rolle, Salle Communale - CFC 25 Installations sanitaires",tender,construction,open,tender,86abefc4-0957-4b2f-b5fe-6c21c8669d32,2024-09-10,VD,Mont-sur-Rolle,1185,Ferrari Architectes Lausanne SA,0,[]
ca425a28-a5b8-4652-b9cb-a452ec45e78c,3553,"Mont-sur-Rolle, Salle Communale - CFC 230 Installations Electriques",tender,construction,open,tender,bd89f64b-4604-40bf-8dc4-4c49473b1f95,2024-09-10,VD,Mont-sur-Rolle,1185,Ferrari Architectes Lausanne SA,0,[]
4d7eeb42-c9c2-4cab-9ba0-5e58dd8805a5,3584,Surélévation des 3 salles de gymnastique du CO des Colombières à Versoix,tender,construction,open,tender,ec6ee534-d48f-4067-8316-5286016a886c,2024-09-10,GE,Chemin des Colombières 4,1290,Office cantonal des bâtiments (OCBA) - MARCH,0,[]
f84b8eee-f316-48ad-97c1-573ddb5f275b,3312,"Vieux-Lully, Bernex - lot 27300 Portes et vitrages intérieurs en bois (logements, commerces, centre culturel)",tender,construction,open,tender,1571a0bc-772f-4d46-a970-222bf5db18e4,2024-09-09,GE,Bernex,1233,Fondation de la Commune de Bernex pour le Logement,0,[]
ded33d51-fbf1-4975-9a3c-17770c0bfd8d,3528,"Mont-sur-Rolle, Salle Communale - CFC 231.51 Installations solaires photovoltaïques",tender,construction,open,tender,992e0ef4-d0b5-411a-a1e4-89b4104d866b,2024-09-07,VD,Mont-sur-Rolle,1185,Ferrari Architectes Lausanne SA,0,[]
5fdcc922-80d7-4916-b2c8-87455c74bc9f,3347,Armoires_Coffrets_Electrique_St-Léonard,tender,construction,open,tender,e1a0d951-7932-481d-8536-18a12d13732e,2024-09-06,VS,St-Léonard,1958,Électricité de la Lienne SA (Oiken SA),0,[]
c01c1b83-aa43-4781-8b96-02680bca3e15,3451,"Mont-sur-Rolle, Salle communale - CFC 214 Construction bois",tender,construction,open,tender,a1e117a2-43a9-4c81-84a4-ff9356045c81,2024-09-06,VD,Mont-sur-Rolle,1185,Ferrari Architectes Lausanne SA,0,[]
d29061fa-0903-4105-9815-3304b923bb57,3479,Commune de Valbroye - Construction d'un nouveau pôle enfance sur le site Sous-Bosset - Lot 7,tender,construction,open,tender,6e47d7c8-8cfc-499f-8575-fc4124f7362c,2024-09-06,VD,Granges-près-Marnand,1523,Commune de Valbroye,0,[]
7c93a41d-ff34-4b82-b672-4d451a03c939,3379,Mont-sur-Rolle Salle communale - CFC 211 Travaux de l'entreprise de maçonnerie,tender,construction,open,tender,37863856-5b98-444c-bc09-752a53bd026c,2024-09-05,VD,Mont-sur-Rolle,1185,Commune de Mont-sur-Rolle - Ferrari Architectes ,0,[]
646e204d-19b2-4b65-93b9-084e0f886dc0,3405,Mont-sur-Rolle Salle Communale - CFC 244 Installations de ventilation ,tender,construction,open,tender,1c32e4df-19a8-49e2-96c4-ad47e4a9da75,2024-09-05,VD,Mont-sur-Rolle,1185,Ferrari Architectes Lausanne SA,0,[]
2b8caf1f-215f-4e11-8c28-06b2b6108bc8,3410,"Mont-sur-Rolle, Salle Communale - CFC 221 Fenêtres, portes extérieures",tender,construction,open,tender,4f1d7852-dc98-4ae2-8051-cf5be77ec360,2024-09-05,VD,Mont-sur-Rolle,1185,Ferrari Architectes Lausanne SA,0,[]
41fc5941-2fbd-489d-adc7-add017226322,3413,"Mont-sur-Rolle, Salle Communale - CFC 242 Installations de chauffage",tender,construction,open,tender,5d09af8b-8253-48ed-935c-2ffb954a9840,2024-09-05,VD,Mont-sur-Rolle,1185,Ferrari Architectes Lausanne SA,0,[]
5c314518-3d94-464d-84ea-57c01b154809,1878,Commune de Vully-les-Lacs - site scolaire de Salavaux / salle de sport double VD5 et transformation du bâtiment existant - CFC 211.1 Echafaudages,tender,construction,open,tender,b5c4d044-665e-4e9d-ae59-a894736f5e06,2024-09-03,VD,Salavaux,1585,Commune de Vully-les-Lacs,0,[]
707e2f68-db80-4885-a625-60359d7a3651,3246,Mise en séparatif et réfection routière du quartier du Bornalet – Secteur 1,tender,construction,open,tender,71e4aee3-9c84-4594-a50b-bbc1b89dfcf2,2024-09-03,VD,Payerne,1530,"Commune de Payerne / Infrastructures, Travaux publics et Domaines",0,[]
c06bea2e-5fd2-419c-a2b2-930172b37d6f,3269,CO de la Gradelle / Bâtiments D+E - Extension Modulaire - Travaux d'installations électriques pour la surélévation des bâtiments D & E.,tender,construction,open,tender,16ecab19-a0ba-4b9f-9cb0-0dd3dc1eb92f,2024-09-03,GE,Chêne-Bougeries,1224,"Département du territoire (DT), Office cantonal des bâtiments (OCBA), Direction des Constructions",0,[]
ef361fb8-39ad-4b68-b60c-206dc581e14b,3275,CO de la Gradelle / Bâtiments D+E - Extension Modulaire - Travaux Installations CVC-MCR,tender,construction,open,tender,dfbb99c1-6eee-4909-bb0f-74c7f603cdf8,2024-09-03,GE,Chêne-Bougeries,1224,"Département du territoire (DT), Office cantonal des bâtiments (OCBA), Direction des Constructions",0,[]
38afce38-46ca-418e-b4df-5212b325c216,1252,Transformation EMS de l'Orme - 23000 - Installations électriques,tender,construction,open,abandonment,c4bee2e8-8819-4f91-adba-2670e45f79e9,2024-10-31,VD,Lausanne,1018,Fondation de l'Orme (Aeby Perneger & Associés SA),0,[]
0837821b-dcff-483e-93f2-653808c71120,5378,Extension du Cycle d'orientation de la Golette à Meyrin - CFC 272 Ouvrages métalliques,tender,construction,open,tender,c6a0a256-52e3-488c-aa7c-cf094cbb88a3,2024-10-31,GE,Meyrin,1217,Etat de Genève - Département du Territoire (DT),0,[]
7f7dc14e-6884-4e5c-ae6b-adab50f09e85,5932,Commune de Vully-les-Lacs - site scolaire de Salavaux / salle de sport double VD5 et transformation du bâtiment existant - CFC 242 Installations de chauffage,tender,construction,open,tender,6f768215-b50e-4a95-a531-85f3cc234907,2024-10-31,VD,Salavaux,1585,Commune de Vully-les-Lacs,0,[]
a2e6b68c-d069-47a9-8a2b-b2ae50448e51,5943,Commune de Vully-les-Lacs - site scolaire de Salavaux / salle de sport double VD5 et transformation du bâtiment existant - CFC 244 Installations de ventilation et de conditionnement d'air,tender,construction,open,tender,a97dd72d-1214-43e6-a399-5eb9188b6f8e,2024-10-31,VD,Salavaux,1585,Commune de Vully-les-Lacs,0,[]
dc28715d-0ee1-4a73-9441-599dbeed94b1,5987,Tribunal Cantonal_Lot 70 portes en bois,tender,construction,open,tender,03485b38-2524-4dae-9c42-8ce2926f69ba,2024-10-31,,,,"Etat de Vaud - DEIEP - DGIP, pa Pragma Partenaires SA",1,"[""03485b38-2524-4dae-9c42-8ce2926f69ba""]"
c14add2a-3311-47c8-8bc3-58a2f2bebc31,3977,Construction d'une école provisoire pour le site des Corbettes et de Verdeaux à Renens - Travaux de CFC122 Provisoires,tender,construction,open,tender,737675d1-36fa-48d8-aee4-eeefc88d1170,2024-10-30,VD,Renens,1020,werkbüro architectes sàrl,0,[]
c1fdaca0-4e08-4099-9911-18d1a003eb00,5328,Surélévation des 3 salles de gymnastiques des Colombières à Versoix - Menuiseries extérieures,tender,construction,open,tender,29750039-6789-4b34-b03c-a7c72c20353a,2024-10-30,GE,Versoix,1290,Office cantonal des bâtiments (OCBA) - MARCH,0,[]
a596b1dd-6584-4ad8-9025-56a8343973e1,5804, Foyer de la Cigale_CFC 23 Installations électriques,tender,construction,open,tender,d9e462d8-3605-4bc2-a43d-576c08d7af42,2024-10-29,VD,Lausanne,1010,Arcadie SA,0,[]
83c519c5-a7f5-4f11-bcce-1b65f7c4a301,5825,Foyer de la Cigale_CFC 201-211_Terrassements-maçonnerie-béton-canalisations,tender,construction,open,tender,1e106419-69af-4fe3-b3eb-31de840e44cb,2024-10-29,VD,Lausanne,1010,Arcadie SA,0,[]
908a511e-d666-480b-ac4f-292a9473ae63,5752,Projet d'extension de l'Unithèque. Appel d'offre lot 105 Laverie vaisselle,tender,construction,open,tender,b4aa33d4-3f9c-4f9f-828a-3fe382613763,2024-10-28,VD,"Ecublens VD, Suisse",1024,COPIL des constructions universitaires p/a DEIEP - Direction générale des Immeubles et du Patrimoine (DGIP),0,[]
474f7def-4b7b-4932-bdb5-39c753e8aa1b,5757,Projet d'extension de l'Unithèque. Appel d'offre lot 104 Hotte cuisine,tender,construction,open,tender,d6be348a-e7f0-4207-94e9-e3df7b669019,2024-10-28,VD,Ecublens,1024,COPIL des constructions universitaires p/a DEIEP - Direction générale des Immeubles et du Patrimoine (DGIP),0,[]
c293a3f5-a576-4314-bde2-e8d23937e262,5759,Projet d'extension de l'Unithèque. Appel d'offre lot 103 Cuisine professienelle,tender,construction,open,tender,7d0d51e6-0929-4f50-907d-9d39cb23746e,2024-10-28,VD,Ecublens,1024,COPIL des constructions universitaires p/a DEIEP - Direction générale des Immeubles et du Patrimoine (DGIP),0,[]
04228bb9-1f13-49f5-97a0-43705d5db841,5745,Immeuble David-Dufour 1-3-5 : Rénovation de la production de froid,tender,construction,open,tender,b40993b3-1f1d-461f-9f4a-5ee9e2efdc57,2024-10-26,GE,Rue David-Dufour 1-3-5,1205,Office Cantonal des Bâtiments (OCBA)-L.Chessex,0,[]
f0a6b6bc-615b-4217-8ae4-d59e87074d6b,394,Nouvelles centrales d'engagement et data center à Sierre,tender,construction,open,award,ba552f8c-5e50-488c-8f7f-d68ac6270cc2,2024-10-25,VS,Sierre,3960,Service immobilier et patrimoine - Investissements,0,[]
b6844887-682b-46a6-a818-bfb3a4157d45,5713,Foyer de la Cigale_CFC 214 Construction bois,tender,construction,open,tender,070b0de3-d72f-468f-9a3f-b3eafdd592f1,2024-10-25,VD,Lausanne,1010,Arcadie SA,0,[]
8be2c075-9a1b-4697-b55f-48ce836ba710,5717,Foyer de la Cigale_CFC 25 Installations sanitaires,tender,construction,open,tender,b4858d9f-ce10-40b8-990a-4e9127c4ff6b,2024-10-25,VD,Lausanne,1010,Arcadie SA,0,[]
ba6bd020-1520-47db-ab11-a4819e15b85e,4269,Transformation du Collège et de la salle de gymnastique de Verdeaux à Renens - Travaux de CFC 230 Installations électriques,tender,construction,open,tender,54b85d21-5d51-4f5c-bc54-67ac6bc3de45,2024-10-24,VD,Renens,1020,werkbüro architectes sàrl,0,[]
26f91ec2-5c88-4488-bcd6-f90657be1199,4271,Transformation du Collège et de la salle de gymnastique de Verdeaux à Renens - Travaux de CFC 221 Rénovation des fenêtres et bois/nouvelles fenêtres en bois,tender,construction,open,tender,aa319555-a6e0-486f-b695-9b3c17daebd0,2024-10-24,VD,Renens,1020,werkbüro architectes sàrl,0,[]
f3102bef-6847-4322-834c-4133f500a527,4333,Transformation du Collège et de la salle de gymnastique de Verdeaux à Renens - Travaux de CFC 250  Installations sanitaires,tender,construction,open,tender,ebd80dba-6131-4692-9987-c84583fc600b,2024-10-24,VD,Renens,1020,werkbüro architectes sàrl,0,[]
289964f3-d098-4a77-b683-0d2498bdc12b,4334,Transformation du Collège et de la salle de gymnastique de Verdeaux à Renens - Travaux de CFC213_221_225_227 Charpente métallique et serrurerie extérieure et intérieure,tender,construction,open,tender,306ebdc1-950e-4d43-a6ba-2cb05805bbef,2024-10-24,VD,Renens,1020,werkbüro architectes sàrl,0,[]
2fc5972c-adcb-40af-bc32-7b1663e97219,4335,"Transformation du Collège et de la salle de gymnastique de Verdeaux à Renens CFC24 Travaux de chauffage, ventilation et MCR",tender,construction,open,tender,46c33a6c-c60b-49c7-b49c-34b0e0b3731e,2024-10-24,VD,Renens,1020,werkbüro architectes sàrl,0,[]
6bd6c839-5013-41c5-a9ab-c8ca11ed8bb7,4336,Transformation du Collège et de la salle de gymnastique de Verdeaux à Renens - Travaux de CFC 112_211 Travaux de démolition et de maçonnerie/BA,tender,construction,open,tender,0a14598c-4f40-4e22-957e-05fe2d7ea52f,2024-10-24,VD,Renens,1020,werkbüro architectes sàrl,0,[]
fa8377b7-8fc5-4e61-b83c-f3309918f473,4337,Transformation du Collège et de la salle de gymnastique de Verdeaux à Renens - CFC273 - Menuiserie ,tender,construction,open,tender,6a0fdb08-48d6-401b-a56c-50cccc008b45,2024-10-24,VD,Renens,1020,werkbüro architectes sàrl,0,[]
ff436de0-fb0c-43ae-955d-3ebae53ad5af,4338,Transformation du Collège et de la salle de gymnastique de Verdeaux à Renens - CFC227-271-283-285 Travaux de plâtrerie/peinture,tender,construction,open,tender,eb0bf656-58fa-458f-adad-a3d9d3eb191a,2024-10-24,VD,Renens,1020,werkbüro architectes sàrl,0,[]
3ff323d8-9578-4937-b045-84091a07f045,4339,"Transformation du Collège et de la salle de gymnastique de Verdeaux à Renens - CFC281 Travaux de revêtement de sol (parquets, linoleum et moquette)",tender,construction,open,tender,a81f5cdf-43c6-47d3-9a88-3535c8acf84e,2024-10-24,VD,Renens,1020,werkbüro architectes sàrl,0,[]
8fe5efaf-d7a7-4995-9b4f-62755fc1cc3c,5514,Construction d'une liaison piétonnière publique - CRISSIER,tender,construction,open,tender,b3c310f6-5f81-410c-8e94-3722cff2739b,2024-10-24,VD,Crissier,1023,Commune de Crissier - Patrimoine Communal (Architecte paysagiste - Pascal Heyraud Sàrl),0,[]
8a08da85-44d2-43f8-8ccf-28b5b13d0379,5618,Wasserversorgung Biffig - Baumeisterarbeiten,tender,construction,open,tender,6ab8c5cd-15df-42cf-9a3b-32b2ce11e025,2024-10-24,VS,Eisten,3922,Gemeinde Eisten,0,[]
fe8474e0-3d7a-4515-8c41-4ef1bbca59f3,5349,Foyer pour personnes avec handicaps physiques à Martigny,tender,construction,open,tender,5ad6689c-4bb5-4056-825e-08f5b77528e4,2024-10-23,VS,Martigny,1920,Bonnard+Woeffray,0,[]
125f6231-e389-4a55-9f11-2e39ffadbf61,5521,"Patinoire des Vernets (2049TI) revêtement de sol, résines",tender,construction,open,tender,beb9e534-98c6-44dc-96c1-ad754ea4fe23,2024-10-23,GE,Genève Plainpalais,1227,"Unité soumissions - Département de l'aménagement, des constructions et de la mobilité (DACM) de la Ville de Genève",0,[]
5442f33a-6d19-470b-820c-89e9259477c5,5554,Commune de Veyrier      Les Grands - Esserts  Installations éclairages publics – Etape 1 ,tender,construction,open,tender,b2fc25c9-536c-4a37-a8f6-af493373f754,2024-10-23,GE,Les Grands Esserts - Veyrier,1255,Commune de Veyrier   - Service Aménagement-Construction-Infrastructures ,0,[]
a8cff63f-e2d6-47c7-a3e2-ec2affc77c54,707,Gare des Eaux-Vives-LOTBC - 2003Minimis - Sprinkler,tender,construction,open,award,bf51f8dc-2a00-4f9f-ae70-f4334c9afd48,2024-10-22,GE,"Esplanade Alice-Bailly 5,7,9,11,13,15,17,19,21",1200,Ville de Genève DACM - Unité soumissions,0,[]
0a71ff57-d0f3-4be1-9f5f-5c9f0c2908b7,832,Rénovation CVCR T1 Admin. (Travaux d'installation électrique),tender,construction,open,award,82e8b0bf-859c-4dc2-8d9f-0f31a4a1470e,2024-10-22,GE,Genève,1215,Genève Aéroport,0,[]
f49a2cac-3ba0-4b07-ac6b-0b265a24d752,5195,EMS - Goumoëns-La-Ville - CFC 272.2 Ouvrages métalliques courants,tender,construction,open,abandonment,754cf638-87af-4e4c-a0dd-f63b20b2ff3a,2024-10-19,VD,Goumoëns-La-Ville ,1376,Fondation LesChateaux,0,[]
374f2a9b-c2fd-4be0-b160-77a2dc86632a,3985,Transformation du Collège et de la salle de gymnastique de Verdeaux à Renens - Travaux de CFC 211.1 Echafaudages,tender,construction,open,tender,7089569e-c7cc-4afc-b531-5652d08a798c,2024-10-18,VD,Renens,1020,werkbüro architectes sàrl,0,[]
b06ea368-e4cb-4a70-8a30-f17e9b8d881c,4076,Transformation du Collège et de la salle de gymnastique de Verdeaux à Renens - Travaux de CFC 112_214_222_224 Charpente_Couverture_Ferblanterie_Toiture plate,tender,construction,open,tender,de820156-5b94-4374-a700-9491dd0214c8,2024-10-18,VD,Renens,1020,werkbüro architectes sàrl,0,[]
ce4acb2b-a826-4418-b015-046f4f980e2a,5295,Groupe scolaire des Vernets (2052TI) cloisons en éléments,tender,construction,open,tender,69f378dc-f459-45a1-b655-67220ee06d03,2024-10-18,GE,Genève,1227,"Unité soumissions - Département de l'aménagement, des constructions et de la mobilité (DACM) de la Ville de Genève",0,[]
449fe930-a21e-4f7d-b16c-f15261d64798,5377,STEP Aïre 2 - Renouvellement des turbos - Lot Barres d'énergie,tender,construction,open,tender,cc8aeab7-58b6-4c6e-8b84-c723a716b7db,2024-10-18,GE,Aïre,1219,Services industriels de Genève (SIG) - Direction Achats,0,[]
a6291083-69f5-4a53-b674-a385f61df54c,5397,STEP Aïre 2 - Renouvellement des turbos - Lot Montage et canalisations inox,tender,construction,open,tender,70973c10-5bd8-471a-a5cd-9d11ca50b19a,2024-10-18,GE,Aïre,1219,Services industriels de Genève (SIG) - Direction Achats,0,[]
9e8aa42e-58ef-4578-b266-19f899bd6ee6,5398,Meinier-Meynite Construction de logements-Protections Solaires,tender,construction,open,tender,15166529-0d87-46fa-a811-8dfa9d14356a,2024-10-18,GE,Meinier,1252,Fondation Immobilière de Meinier (FIM) - acau architecture sa,0,[]
71361fe8-cf46-49fc-935e-ee18be6e510b,1842,"Crèche de la Madeleine (2022) plâtrerie, faux-plafonds",tender,construction,open,award,fe8d6995-006a-4b03-b430-024a964f55af,2024-10-17,GE,Genève,1204,"Unité soumissions - Département de l'aménagement, des constructions et de la mobilité (DACM) de la Ville de Genève",0,[]
9d9e5c7a-21d5-4e5e-b2bd-805070791e08,4154,"Parc éolien de Sur Grati - Lot 6 - Travaux génie civil pour la route d'accès, les réseaux, les fondations et les plateformes des éoliennes",tender,construction,selective,tender,b7a9262a-fb97-4022-9445-e1ddfacc5638,2024-10-16,VD,Sur Grati,1325,VOé éole SA - achats,0,[]
d810578f-b37c-49f6-936a-6b8f25fe1c19,5238,Appel d’offres en vue de la réalisation et l’exploitation d’un réseau thermique,tender,construction,selective,tender,7fb07532-3cbd-4500-b94b-128dbe1ccc5a,2024-10-16,VD,St-Sulpice,1025,Commune de Saint-Sulpice,0,[]
ae025fb0-d7af-4585-8904-e90381c46475,456,Bois-du-Lan à Meyrin - Travaux de génie civil pour le renouvellement des réseaux SIG,tender,construction,open,award,0cd553d9-74d0-4ce8-a04e-44423b9b604c,2024-10-15,GE,Meyrin,1217,Services Industriels de Genève,0,[]
91186e83-a41b-44f1-b5b2-a32e1270f52e,5088,Transformation des infrastructutures électrique du terrain de football de copet 1,tender,construction,open,tender,870a2a4c-394f-4874-a951-e8fb1c1711b3,2024-10-15,VD,Vevey,1800,"Commune de Vevey - Service de la famille, de l'éducation et du sport - Secteur sport (Thorsen)",0,[]
49ca780d-7a79-404d-a3e2-538aea5fea87,5180,2024-176 Quai Gustave Ador,tender,construction,open,tender,3a044980-63fd-40ae-a6b0-fd2d349a2a12,2024-10-15,GE,Quai Gustave Ador,1207,Services industriels de Genève (SIG) - Direction Achats,0,[]
482eccab-3994-40bb-9d72-c9ea3b05c1bd,5212,Parc La Chiésaz - Aménagement d'un nouveau parc public,tender,construction,open,tender,e6f946e0-12e3-428a-ab75-3d1f54dae387,2024-10-15,VD,Saint-Légier-La Chiésaz,1806,Commune de Blonay – Saint-Légier / Service Urbanisme & Travaux,0,[]
cac10361-b5f3-41dd-a0f7-fd185d3a426b,5216,STEP Aïre – Lot AR01 - Echafaudages,tender,construction,open,tender,99cba328-c535-488f-84b6-cbe67036c77f,2024-10-15,GE,Aïre,1219,Services industriels de Genève (SIG) - Direction Achats,0,[]
5a3643c8-245f-4f88-854e-d687d74879a6,590,Transformation centrale chauffage Hôpital – CAD Sierre ,tender,construction,open,award,6f7b604d-dd68-456a-809f-a632f90f7c82,2024-10-15,,,,CSD INGÉNIEURS SA,1,"[""6f7b604d-dd68-456a-809f-a632f90f7c82""]"
82e8ce51-78f6-40df-a3d9-47f9a30f36b1,5045,Patinoire des Vernets (2048TI) fenêtres et portes extérieures,tender,construction,open,tender,f7c3b729-966a-42bb-8552-c65c4ea7102b,2024-10-14,GE,Genève Plainpalais,1227,"Unité soumissions - Département de l'aménagement, des constructions et de la mobilité (DACM) de la Ville de Genève",0,[]
b5d009e3-f780-4f56-a1cb-80db0cacf8c1,1981,Route des Orzières - PR 70 à 540,tender,construction,open,award,9829d3e4-fa67-460e-999f-f0f71c761239,2024-10-12,VS,Crans-Montana 1,3963 ,Commune de Crans-Montana,0,[]
8fde94cf-c956-40d7-944a-64565727030f,4831,Réfection des places de jeux de la Coquerellaz et de Veilloud à Ecublens/VD,tender,construction,open,tender,c47c6d8b-7288-4b5f-99bf-b9fa4635f92d,2024-10-11,VD,Chemin de Veilloud 19 – 1024 Ecublens,1024,ville d'Ecublens - service des travaux publics et de l'environnement,0,[]
610a6683-9e07-40b5-a71e-31e374f231a9,900,RC H201. Torma - Vers Encier (commune de Monthey) : Renforcement du couronnement d'un mur de soutènement,tender,construction,open,abandonment,36e4aca9-bfc9-4feb-b371-2752b4c88a80,2024-10-11,VS,Monthey,1870,Service de la mobilité / Dienststelle für Mobilität - Arrondissement 3 Bas-Valais / Kreis 3 Unterwallis,0,[]
7a9930fe-dbdf-4a5e-ab79-4bb8a75eedd1,3644,Baumeisterarbeiten Sofortmassnahmen Kipfen,tender,construction,open,award,1871ce91-2aaa-4200-a652-54a5e80e5127,2024-10-10,VS,St.Niklaus,3924,Matterhorn Gotthard Bahn,0,[]
4002c4e9-1606-4efe-95be-595a9ef88209,2117,STERN_06A (H-26359) Horizontalité CFC 24 Hydraulique,tender,construction,open,award,b647fac4-2770-4547-b478-855aa4483872,2024-10-09,GE,Rue Gabrielle-Perret-Gentil 2,1205,Centrale d'achats et d'ingénierie biomédicale Vaud-Genève (CAIB),0,[]
20573d73-7f5f-47c4-9f9f-6178ae9a37fa,2958,Extension de la Haute Ecole de Santé de Genève,tender,construction,open,tender,1aadfa13-8423-4e5f-bf91-92fffa5e4083,2024-10-09,GE,Genève,1206,"Etat de Genève, Département du Territoire - DT, Office cantonal des bâtiments - OCBA",0,[]
6f5cd326-97a5-484e-a0fd-490f1a23c1b3,4847,La Sarraz - Interface des Transports Publics de la Gare,tender,construction,open,tender,8d3089f5-b750-4ab2-bc0c-0b3d22c38b02,2024-10-08,VD,La Sarraz,1315,Commune de La Sarraz - Service technique ,0,[]
15017612-7013-4d1a-ac58-f2987d8c87ac,4766,Hôtel des Finances Groupes de secours,tender,construction,open,tender,bac4613f-550a-474f-8ebf-0df89635eade,2024-10-07,GE,Genève,1204,Office Cantonal des bâtiments (OCBA),0,[]
11f17530-c200-4722-93c1-464d62b9ee9a,1510,Services de piquet pour les portes des établissements de détention - Multisites,tender,construction,open,abandonment,ebd1371b-68d4-4abf-bba7-353242cd98c3,2024-10-05,GE,Genève,1211,Office cantonal des bâtiments - Service Achats et Contractualisation,0,[]
eeb13c67-9996-46df-85ec-925157868f58,4603,"SAT3_Agrandissement ""Ecole-Mairie"" et Piscine _ Aménagements Extérieurs",tender,construction,open,tender,c5101859-dbc8-4690-b755-86be22647f7c,2024-10-04,GE,Satigny,1242,Commune de Satigny (Giorgis Rodriguez Architectes SA),0,[]
ebe4f0e5-3f66-4901-8381-66a3053de733,1955,Transformation et agrandissement de la salle polyvalente de Chalais Charpente métallique 213.2 Fenêtres et portes extérieures 221.6,tender,construction,open,award,d799f742-827a-4e7a-9537-ea99b3102ca7,2024-10-03,VS,Chalais,3966,commune de Chalais - service technique ,0,[]
f381afbc-6104-4fee-a566-7d2abdaec335,4633,Patinoire des Vernets (2046TI) revêtements extérieurs,tender,construction,open,tender,1ad2b4b2-0fa4-41be-bdf1-36c8ece483e7,2024-10-03,GE,Genève Plainpalais,1227,"Unité soumissions - Département de l'aménagement, des constructions et de la mobilité (DACM) de la Ville de Genève",0,[]
d54852e3-4811-4a94-9f20-320cf06446d3,4638,Glissement d'Arveyes - Remise en état de caniveaux (coulisses) pour drainage de pente et canalisation de ruisseaux (790 m').,tender,construction,open,tender,54737a9d-f344-44a3-acbb-5fe3c18b4a0a,2024-10-03,VD,Arveyes,1884,Commune d'Ollon - Syndicat AF d'Arveyes  ,0,[]
97785d35-1ef1-432f-b8a4-c9e0e9ffe2f0,4419,Construction d'un pavillon scolaire de 8 salles de classe en élément préfabriqué.,tender,construction,open,tender,63917cc8-ec99-493b-b413-715fbb05f8f1,2024-10-02,VD,Bex,1880,Commune de Bex - Service des bâtiments communaux,0,[]
6d2a03b0-3fbb-4c82-9c1f-90807e9cb477,4652,"CONSTRUCTION D’UN COMPLEXE SCOLAIRE ET SPORTIF, AINSI QUE D’UNE UAPE AU MABILLON - Monthey",tender,construction,open,tender,da163ae8-8b82-460e-b821-a88556b7eddf,2024-10-02,VS,Monthey,1870,"Urbanisme, Bâtiments & Constructions",0,[]
14f62d28-7e0f-404e-b2a9-3fa6e260c42d,717,Renouvellement du poste moyenne et haute tension 125/17kV de Puidoux - Génie civil et béton armé,tender,construction,open,award,4461eb0a-8ee7-476a-8c6f-42d1163e9c96,2024-10-01,VD,Puidoux,1070,Romande Energie SA,0,[]
c057c8de-3734-4f1f-874e-33abacb4fdb6,1818,"Rte de Chenaule, partie Sud",tender,construction,open,award,c7beedc2-1587-42fe-98e9-291b736c79b8,2024-11-30,VD,Pully,1009,Ville de Pully - Direction des travaux et des services industriels,0,[]
b8a63735-5f29-4617-84ba-b59369b37d0a,6705,11191 Champ-Dollon - Remplacement de l'Hypervision,tender,construction,open,tender,9364a72a-65cc-4d3d-8126-119d1dea0c05,2024-11-30,GE,Puplinge,1241,Office Cantonal des bâtiments (OCBA),0,[]
cf248b41-b539-45b1-8d0e-fd2f956ed9e4,7436,Rénovation et assainissement énergétique de l'école supérieur de la santé à Lausanne,tender,construction,open,tender,027b00a5-23eb-461e-9a8f-79ccf7848cb3,2024-11-30,VD,Lausanne,1005,Etat de Vaud  - DEIEP - DGIP,0,[]
c0b64b00-a32f-4c02-8434-6176a46bc333,7476,Nouvel éclairage extérieur de la Cathédrale de Lausanne,tender,construction,open,tender,29542a11-63a9-492a-9669-e3f25d262c63,2024-11-30,VD,Lausanne,1001,CEMC Sàrl,0,[]
6179191d-0ea7-496e-8d10-e561a069274d,2480,IBM - Construction de deux immeubles de logements à Montana-Village ,tender,construction,open,abandonment,4abcd766-79a6-4380-9f4f-6d658f7c73ae,2024-11-29,VS,"Rue du Vorgyr, Montana",3963 ,Bourgeoisie de Montana,0,[]
7f9ddc38-a897-4bf5-82f0-52e291f55591,797,IBM - Construction de deux immeubles de logements à Montana-Village ,tender,construction,open,award,ccbbad56-edc0-4202-b50a-4703a1032a22,2024-11-29,VS,Montana,3963,Bourgeoisie de Montana,0,[]
f816c474-7532-4bec-bf42-792e9ed7d28c,805,IBM - Construction de deux immeubles de logements à Montana-Village ,tender,construction,open,award,8d68be41-21f1-4cdd-a1b4-674c939b7741,2024-11-29,VS,Montana,3963,Bourgeoisie de Montana,0,[]
6dafd87f-1032-43d6-902f-0fa08e116dbc,807,IBM - Construction de deux immeubles de logements à Montana-Village ,tender,construction,open,award,f7021ec1-ec27-49b5-9947-9c33d45bbd25,2024-11-29,VS,Montana,3963,Bourgeoisie de Montana,0,[]
74525ad8-7a49-4ee2-b031-454825c7cee1,808,IBM - Construction de deux immeubles de logements à Montana-Village,tender,construction,open,abandonment,306fdc2b-5f5d-4054-b816-bc8a22a8ff1a,2024-11-29,VS,Sierre,3963,Bourgeoisie de Montana,0,[]
0051dd63-c4c1-48ac-97b9-fbe5e7aed2ad,3385,Rue Jean Dassier 15 (2027) Sanitaires,tender,construction,open,award,6b24b03c-5b90-43b1-b325-8d1c4ebf76d6,2024-11-28,GE,Genève,1205,Ville de Genève DACM,0,[]
711cebfa-2b3a-403f-8b89-7aaa525f2528,5042,Crèche de la Madeleine (2000bis) menuiseries extérieures,tender,construction,open,award,13ff3d88-fa18-433b-858e-122761d04f05,2024-11-28,GE,Genève,1204,"Unité soumissions - Département de l'aménagement, des constructions et de la mobilité (DACM) de la Ville de Genève",0,[]
c8364c79-3b63-4871-83a0-f861979045be,3796,STEP Vétroz - Conthey -  CFC 247.6 Production spéciale d'énergie,tender,construction,open,award,2876b6d2-f8fe-4d28-8360-e10d02a48f15,2024-11-27,VS,STEP Vétroz-Conthey Route de la Zi 1,1963,Commune de Vétroz - Service technique,0,[]
dc13bd25-71ee-46cc-8dc9-8cc2a8e9488b,3824,STEP Vétroz - Conthey - CFC 242 Installations de chauffage,tender,construction,open,award,d50831ba-b06a-49c2-b768-87cece5e52d5,2024-11-27,VS,STEP Vétroz-Conthey Rte de la Zone industrielle 1,1963,Commune de Vétroz - service technique,0,[]
6f4b496e-8f7b-4ef0-a679-a1dacc01f0af,3828,STEP Vétroz - Conthey - CFC 250 Installations sanitaires,tender,construction,open,award,4ac6af72-2226-4c8a-bd76-a45cd755ab55,2024-11-27,VS,STEP Vétroz-Conthey Rte de la Zone industrielle 1,1963,Commune de Vétroz - service technique,0,[]
fd62a660-de06-44d6-8bdd-ee9e14d03aa5,4061,"Ecole de la Roseraie (2039) mise en conformité des embrasures, menuiserie bois",tender,construction,open,award,cf8286b7-4341-4df5-9119-69865ed92772,2024-11-27,GE,Genève,1205,"Unité soumissions - Département de l'aménagement, des constructions et de la mobilité (DACM) de la Ville de Genève",0,[]
707b11d7-87ed-4635-87f5-c90ea9ac236f,501,Foyer pour personnes avec handicaps physiques à Martigny,tender,construction,open,award,6b10b654-2b36-4c31-adb0-239a86da6c63,2024-11-27,,,,Bonnard+Woeffray,5,"[""6b10b654-2b36-4c31-adb0-239a86da6c63"", ""89400a37-d254-43b8-a95a-421849536bb9"", ""8479ab32-f4f6-44f6-9379-c9a000f5e1ce"", ""f63d2987-b424-4c20-9d8e-6bc91dc34db9"", ""9d7f76b5-ef9f-4780-a33d-c78e4791bd6a""]"
f4917300-5cf9-4828-be99-b32d481e4052,6696,469992 - Avenue de Béthusy - Réfection de l'encorbellement,tender,construction,open,tender,2360f25b-e7b7-4df7-9b0b-ac2a7a6824ec,2024-11-27,VD,Lausanne,1005,Ville de Lausanne – FIM – Service de la mobilité et de l’aménagement des espaces publics (MAP),0,[]
717a6e2e-1f36-4e27-81af-250166e35c17,7166,Rénovation et assainissement énergétique du Centre d'enseignement professionnel de Vevey,tender,construction,open,tender,ddadd592-abd2-4f19-b9ff-069b6bb30601,2024-11-25,VD,Vevey,1800,DGIP-DIAD-Domaine 2 : Ecoles professionnelles,0,[]
f0847b5f-363c-49b2-84ed-6e5f5f9724ea,7167,Rénovation et assainissement énergétique du Centre d'enseignement professionnel de Vevey,tender,construction,open,tender,62a6c41f-9a30-421c-9e2a-2286e091a930,2024-11-25,VD,Vevey,1800,DGIP-DIAD-Domaine 2 : Ecoles professionnelles,0,[]
e5b64b9b-ed8f-495e-a2ab-e40a514df5ad,497,STEP Aïre – Réfection des bétons du canal de surverse,tender,construction,open,award,24df6d22-f7b1-4538-b1d9-9f0c2dce69ae,2024-11-23,GE,STEP AIRE,1219,Services industriels de Genève (SIG) - Direction Achats,0,[]
aedd3f0d-335a-4798-83f0-fa28b18959a0,6555,Appel d'offres à investisseurs - Plaines-du-Loup PA2,tender,construction,open,tender,85cb3aa5-c40b-4f43-b360-10a7ae549a4e,2024-11-23,VD,Lausanne,1018,VILLE DE LAUSANNE Culture et développement urbain Bureau de développement et projet Métamorphose,0,[]
2e5fec90-6161-4995-a64d-5de0b9daa441,6820,"Immeuble rue des Jordils 65 - 1400 Yverdon-les-Bains, rénovation énergétique complète",tender,construction,open,tender,74712a5d-175a-4ec5-ac02-ed2d1422bc45,2024-11-23,VD,Yverdon-les-Bains,1400,Ville d'Yverdon-les-Bains,0,[]
692b41b7-0c47-4593-bed2-9df2434e07e1,2096,Rénovation immeuble Gallatin 15 (2028) crépis,tender,construction,open,award,bf9fb9b4-932e-4aa5-a409-c43e237aa843,2024-11-21,GE,Genève,1203,"Unité soumissions - Département de l'aménagement, des constructions et de la mobilité (DACM) de la Ville de Genève",0,[]
1876cb67-9f99-4bb8-bbb6-1dfee42d2d56,2964,290_NSAE à Vouvry - Construction de nouvelles structures d'accueil de l'enfance à Vouvry,tender,construction,open,award,4d744a6b-4633-4f9b-a66e-87c69c773785,2024-11-21,,,,Commune de Vouvry (Esposito+Javet architectes),3,"[""4d744a6b-4633-4f9b-a66e-87c69c773785"", ""74bc9538-0d42-4f94-8ea5-48796b04abd5"", ""87f5746a-e2c9-45c7-9cae-7d3fd563e508""]"
b73fb040-bfec-4b8d-9266-5e379bdbe4da,3632,290_NSAE à Vouvry - Construction de nouvelles structures d'accueil de l'enfance à Vouvry,tender,construction,open,award,20b99955-8035-40b2-b568-df406f31cd79,2024-11-21,VS,Vouvry,1896,Commune de Vouvry (Esposito+Javet architectes),0,[]
a1e4f64d-7651-4903-ab70-cacda741bc2e,6961,Installation et qualification d'une unité de production de l'air Médical & Technique pour l'EHC Hôpital de Morges,tender,construction,open,tender,d52a1a60-4409-497d-9a6f-d2281e7e0190,2024-11-21,VD,Morges,1110,Ensemble Hospitalier de la Côte,0,[]
b8a9d4fb-0e70-4631-954d-6d009ab218cf,6671,Crissier - Colice - Collecteurs,tender,construction,open,tender,5737a488-979f-4b98-9318-7019933e8161,2024-11-20,VD,Crissier,1023,Commune de Crissier (Ribi SA),0,[]
04c6c281-4055-4d51-b09a-133759e1ecfc,6958,Réaménagement du cimetière municipal d’Onex,tender,construction,open,tender,58f5cdd4-65c7-46cb-b872-8e207d1c419f,2024-11-20,GE,Onex,1213,Commune d'Onex - Espaces verts,0,[]
2760beeb-287c-4fe4-9e2b-6dd54f316051,3946,Construction en Entreprise Totale d'un bâtiment scolaire modulaire sur le site de l'établissement secondaire de Payerne et Environs ,tender,construction,open,award,6002c3f9-404e-452b-a873-bb062ebe6537,2024-11-19,VD,Payerne,1530,F-Partenaires SA,0,[]
dc37f196-a2b6-49f7-812a-93322db96081,2378,"Mesures d'isolation acoustique sur les bâtiments- Menuiseries Extérieures - Route de Saint-Julien 22-24, 1227 Carouge",tender,construction,open,award,9e988de7-82f4-4910-bdf4-bff900118af4,2024-11-18,GE,route de Saint-Julien 22-24,1227,Département de la santé et des mobilités / OCGC / Service des Routes,0,[]
2c712bac-6b68-418f-b8ec-fbdcad63b3d0,4383,LA FEUILLERE LE MONT SUR LAUSANNE,tender,construction,open,tender,d7c617b6-96cf-42b6-acb9-2d3bb598e8a6,2024-11-18,,,,FONDATION LA FEUILLERE,2,"[""d7c617b6-96cf-42b6-acb9-2d3bb598e8a6"", ""d7c617b6-96cf-42b6-acb9-2d3bb598e8a6""]"
fe7a3b0d-9205-4460-abab-69713e81e9cb,5582,Extension du Collège de l'Esplanade de Begnins - étape 2 - parcelle 179,tender,construction,open,tender,a637ac1c-e727-48ab-bc20-bd3447ff7781,2024-11-16,VD,Begnins,1268,Commune de Begnins (Réaliser.ch),0,[]
08ef24d5-6589-4905-b6c5-4e67227c8005,6701,LET - Lot 29 Revêtements en carrelage et faïence,tender,construction,open,tender,c87f3815-e80a-4294-9ae6-0037827b28d1,2024-11-16,VD,Chavannes-près-Renens,1022,"FMEL, p/a Pool Banquet",0,[]
74ceff2d-1dc0-4532-954f-2b588c13100e,6785,EMS Castel Notre-Dame Martigny - CFC 272.2 Ouvrages métalliques courants,tender,construction,open,tender,582f4042-a46e-418c-a9e3-5aa1e3cb9d71,2024-11-16,VS,Martigny,1920,Quartal Sàrl,0,[]
d1f1ebb6-8290-4008-98a4-18e63923aae7,1082,596-GyEchallens_Lot6_SciageSechageCollageDuBoisEnBLCPropreBois,tender,construction,open,award,6f96b4bb-871f-43c9-96e3-51b101605f82,2024-11-15,VD,Echallens,1040,DGIP-DIAD-Domaine 1 : Gymnases,0,[]
3e8b651e-2732-429f-8c82-3d1bf2e3d876,3046,Ligne ASD – Filets de protection contre les chutes de pierres et de blocs,tender,construction,open,award,c7be1ab4-7800-49fc-9d04-7e189cc51897,2024-11-15,VD,Aigle,1860,Transports Publics du Chablais SA,0,[]
81cb8410-2c77-463a-a331-0d37ded1bc36,5508,Extension du cycle d'orientation du Foron - Construction métallique ,tender,construction,open,tender,216ef875-0f6c-4b28-9fb8-66638648b22c,2024-11-15,GE,Thônex,1226,OFFICE CANTONAL DES BATIMENTS ,0,[]
1801cd08-5b57-41d0-ab82-1ec17fe24016,6462,"Les Plans-sur-Bex - Sécurisation contre les crues des Nants de Rapacolon, Chiborze et Noves. ",tender,construction,open,tender,77485543-4b3a-406c-bf69-20a0c2631764,2024-11-15,VD,Les Plans-sur-Bex,1880,Commune de Bex - Service technique,0,[]
53498104-30e3-4cd9-b006-4203f5a36966,6487,Rénovation école de Meyrin Village - CFC 242-243 CHAUFFAGE,tender,construction,open,tender,9dc04df2-b30e-4730-870a-e2177653127d,2024-11-15,GE,Avenue de Vaudagne 6-8. 1217 MEYRIN,1217,Ville de Meyrin - atba,0,[]
40b950ab-6e25-4127-a69c-6344f64cb4f2,6590,Densification CAD / Avenue du Biestchhorn à Sion,tender,construction,open,tender,07a7f9a5-0047-4dd2-8950-9f9dd3003fcc,2024-11-15,VS,Sion,1950,OIKEN SA - Génie civil,0,[]
b198ad07-466d-46e4-8e96-7eb02889f774,6703,"Démolition, assainissements de sites contaminés et maçonnerie",tender,construction,open,tender,dc2c3fc5-e1fe-44cc-84c8-e6f5b2994bd1,2024-11-15,VD,Lausanne,1003,CHUV - Constructions ingénierie technique et sécurité (CIT-S),0,[]
a5976dfe-3bd3-403c-950f-62c12d0dc95c,6717,Dispositifs de levage - Ouvrages métalliques courants et portes,tender,construction,open,tender,46f319ab-60f9-4b8e-ba8e-2bdc2614f127,2024-11-15,VD,Lausanne,1003,CHUV - Constructions ingénierie technique et sécurité (CIT-S),0,[]
68d948a3-f57a-44f1-945f-01a41fce3c41,6727,"Cloisons en éléments, peinture intérieure et plâtrerie",tender,construction,open,tender,e14c0f5b-ddb0-495f-9a37-65d3263a527d,2024-11-15,VD,Lausanne,1003,CHUV - Constructions ingénierie technique et sécurité (CIT-S),0,[]
ae05218a-627b-46cc-a53a-9731a9b9449d,6728,"Chardonne - Chemin des Combes et de la Fin - Réfection des chemins, de collecteurs et services",tender,construction,open,tender,b9d7a679-2188-4928-9814-34877c4f4288,2024-11-15,VD,Chardonne,1803,Gemetris SA,0,[]
fe101a64-32b4-468e-9816-a40ed10f3439,6729,Installations électriques,tender,construction,open,tender,0e4e9e39-9ca3-43ac-b5c2-5e5be7451c3e,2024-11-15,VD,Lausanne,1003,CHUV - Constructions ingénierie technique et sécurité (CIT-S),0,[]
303c19db-23a9-4e7a-be7e-9b39efbb2ed1,1750,Parking Chalet Bleu sur parcelle No 618 à Grimentz,tender,construction,open,award,d05cf38a-267d-4070-9d1b-74670f3e596d,2024-11-14,VS,Grimentz,3961,Commune d'Anniviers,0,[]
b7c00f15-8036-483d-a70c-32a4f28630c2,6375,Quai Wilson (M323TI) ingénieur en environnement,tender,construction,open,abandonment,d6ad131b-85b4-4fda-9e50-9a8027f748ec,2024-11-14,GE,Genève 3,1211,"Unité soumissions - Département de l'aménagement, des constructions et de la mobilité (DACM) de la Ville de Genève",0,[]
992b2a99-556f-42ac-9bc3-7b6b46265af6,2269,Route des Garettes Nord,tender,construction,open,award,cd9e1b1e-8353-4548-abdb-3f7e6e28c428,2024-11-13,VS,Fully,1926,"Commune de Fully, Service technique",0,[]
3fa5054a-f0bb-4465-8596-9d8bb637605f,6587,Bâtiment d'art contemporain (2068TI) Isolations spéciales,tender,construction,open,tender,10fd0a85-b291-4647-a218-ed2975f36795,2024-11-13,GE,Genève,1205,"Unité soumissions - Département de l'aménagement, des constructions et de la mobilité (DACM) de la Ville de Genève",0,[]
6746146e-8a31-4e8c-8a46-0be0a332cb42,6458,Patinoire des Vernets (2047TI) menuiserie,tender,construction,open,tender,4c376e5e-fc89-4742-b7fa-5b869df22da8,2024-11-12,GE,Genève,1227,"Unité soumissions - Département de l'aménagement, des constructions et de la mobilité (DACM) de la Ville de Genève",0,[]
73e78141-540b-4367-8926-93e4d9398902,6148,Passerelle Nestlé-Beaumont NES 04,tender,construction,open,tender,28b37adb-9e4a-4cd6-8b78-b7452414dd2b,2024-11-11,VD,"Avenue Pierre-Decker 5, Lausanne",1005,CHUV - Constructions ingénierie technique et sécurité (CIT-S),0,[]
3c55bba7-6130-43fb-8ebf-0c7ac8348713,6408,RENOVATION ET SURELEVATION DU COLLEGE DE GRAND-CHAMP,tender,construction,open,tender,43f32b11-dab5-4244-b728-fc376fba2906,2024-11-09,VD,GLAND,1196,Ville de Gland - Service des bâtiments et de l'urbanisme ,0,[]
9ea882af-d7b3-4c7d-8458-90396b037b30,248,Construction du Campus EDHEA et Ecole de couture du Valais à Sierre,tender,construction,open,award,7967a69e-ce2b-4681-a2e3-fb4a079272a7,2024-11-08,VS,Sierre,3960,"Etat du Valais, Département des finances et de l'énergie, Service immobilier et patrimoine, Avenue du Midi 18, 1950 Sion",0,[]
49370811-3a39-4ef5-8b36-c0fb4bbb76a1,2891,"Assainissement conduites sanitaires, 11 colonnes de 6 étages",tender,construction,open,award,880c5dd8-35e0-4b86-a3f8-2fb475d02eb1,2024-11-08,VS,Sion,1950,HVS-CHVR Site de Sion Département Infrastructures,0,[]
8716667f-2211-421d-b642-7536666f4511,5832,Plage Gitana,tender,construction,open,tender,bcf3b48d-b0d9-45eb-9bf0-d17a7d0c08f0,2024-11-08,GE,Bellevue,1293,Le Collectif SA,0,[]
70ce4ffb-416e-42a6-a3e5-f407b48e5960,5912,Agrandissement et rénovation de l'école du Belvédère_CFC 215_Construction légère préfabriquée_Façade,tender,construction,open,tender,2ee1c7cc-4c7a-4331-af26-7d2e4818fa90,2024-11-08,GE,Chêne-Bougeries,1224,Commune de Chêne-Bougeries - Giorgis Rodriguez Architectes SA,0,[]
7841285a-314d-4b0b-822e-54c7698ec3a7,5914,Agrandissement et rénovation de l'école du Belvédère_CFC 228.2_Stores à lamelles,tender,construction,open,tender,683f045a-c97c-4c83-8cd8-bbb90d28c6e3,2024-11-08,GE,Chêne-Bougeries,1224,Commune de Chêne-Bougeries - Giorgis Rodriguez Architectes SA,0,[]
2e207815-69b4-42ee-be71-2d8c74de181c,5916,Agrandissement et rénovation de l'école du Belvédère_CFC 228.3_Stores en toiles,tender,construction,open,tender,8dbf5430-3437-441b-a96d-891e8e9da365,2024-11-08,GE,Chêne-Bougeries,1224,Commune de Chêne-Bougeries - Giorgis Rodriguez Architectes SA,0,[]
2b3a1699-f24a-4a1f-b737-197138b2d15e,6295,Démolition de l’ancienne colonie de vacances et construction d’un bâtiment avec 6 appartements et garages,tender,construction,open,tender,bea5fa1a-2ed6-4d9a-ac01-d8f17ff54a60,2024-11-08,VD,Ropraz,1088,Ducrest Metzger Architectes,0,[]
fd7d8057-1ac2-4cf1-aac5-5de957958eed,1747,"Construction d 'une nurserie, crèche et UAPE à Saillon - CFC 283",tender,construction,open,award,88b4d8e2-2cbe-4800-86c0-81c7877ed89c,2024-11-06,VS,Saillon,1913,Commune de Saillon,0,[]
8ff5a96b-f050-4833-9866-50a1e61a774c,3621,CFC 226 ISOLATION PERIPHERIQUE DE LA SALLE POLYVALENTE DE CHALAIS,tender,construction,open,award,93802a69-58a3-4ee8-a17d-4e619f84a209,2024-11-06,VS,Chalais,3966,Commune de Chalais - Services techniques,0,[]
93fb54a7-fa1e-42fb-8645-bbc895918e42,6077,"Aménagement de la place du Zier, travaux de béton, béton armé, étanchéités et remblayages.",tender,construction,open,tender,a11db733-e4c4-41ea-88dd-b055fc5bf670,2024-11-06,VS,Crans,3963,Commune de Lens (eido architectes),0,[]
6b81a8b9-9f6a-41bf-a515-f13207bde89f,6205,Ecole des Contamines - Ecole Cayla - 2070 -  Implantation de pavillons provisoires,tender,construction,open,tender,932fddaa-26b7-4599-86f8-f5334b9698e5,2024-11-06,GE,Genève,1205,"Unité soumissions - Département de l'aménagement, des constructions et de la mobilité (DACM) de la Ville de Genève",0,[]
42f445d4-ecc4-44fd-900d-3e18a1e4bcb3,6207,Restauration de la Tour de Champel - 2072 - Travaux de pierre naturelle,tender,construction,open,tender,1853ac73-803b-480a-b4a8-987b9b6a6607,2024-11-06,GE,Genève,1205,"Unité soumissions - Département de l'aménagement, des constructions et de la mobilité (DACM) de la Ville de Genève",0,[]
4a23d829-4f1e-4e66-9d89-549c9261c5cc,5198,Complexe multisports de Colovray - Lot 36 Plâtrerie,tender,construction,open,tender,2139fa30-14df-4a13-b154-7d74b42891f8,2024-11-05,VD,Nyon,1260,Pragma partenaires SA,0,[]
393480a0-cdc5-4a03-a051-cd581f6ff66a,5830,Agrandissement et rénovation de l'école du Belvédère _CFC 221.0_Menuiseries extérieures en bois,tender,construction,open,tender,bca8d4a0-5350-4880-ac24-92abaf074e49,2024-11-05,GE,Chêne-Bougeries,1224,Commune de Chêne-Bougeries - Giorgis Rodriguez Architectes SA,0,[]
a57b89e7-ad8f-40ec-9952-3c95bb7823b5,5892,Agrandissement et rénovation de l'école du Belvédère _CFC 221.1_Menuiseries extérieures en bois-métal,tender,construction,open,tender,f85919bd-6785-4c3e-a1c7-d3bb8cdd056c,2024-11-05,GE,Chêne-Bougeries,1224,Commune de Chêne-Bougeries - Giorgis Rodriguez Architectes SA,0,[]
f1de1ae2-7cb5-43d8-8671-6b2bd6e7b7c7,6044,Agrandissement et rénovation de l'école du Belvédère_CFC 231_Tableaux électriques,tender,construction,open,tender,76441e9e-11aa-481d-8df2-022c58bd7a6c,2024-11-05,GE,Chêne-Bougeries,1224,Commune de Chêne-Bougeries - Giorgis Rodriguez Architectes SA,0,[]
06775408-fa4d-488e-8dce-d88ec353303c,6045,Bâtiment d'art contemporain (2061TI) stores à lamettes et stores toiles,tender,construction,open,tender,045d9f11-8db6-4c4e-b10e-9401d12d727e,2024-11-05,GE,Genève,1205,"Unité soumissions - Département de l'aménagement, des constructions et de la mobilité (DACM) de la Ville de Genève",0,[]
5f964279-5eb1-4060-b296-526613a559a8,6066,Agrandissement et rénovation de l'école du Belvédère_CFC 231.5_Installations photovoltaïques,tender,construction,open,tender,90981567-2452-4233-abb0-6adddf2c7845,2024-11-05,GE,Chêne-Bougeries,1224,Commune de Chêne-Bougeries - Giorgis Rodriguez Architectes SA,0,[]
148a33e1-4039-4d14-8f65-d44c663d89a0,6083,Passerelle sur le Foron - OA 6109 - Construction métallique,tender,construction,open,tender,dbaec731-4e53-462e-8eeb-717d5dbe3602,2024-11-05,GE,Thônex,1226,Office cantonal de l'Eau (OCEau) - SAEP,0,[]
8355ffa8-e831-4460-8939-568af662aaa7,5446,Commune d'Allaman - Entretien routier 2025 - Travaux de Génie Civil,tender,construction,open,tender,9acefdb5-148e-433f-aa44-28286300189b,2024-11-04,VD,Allaman,1165,rlj ingénieurs conseils SA,0,[]
0dc168bd-3a4c-45a0-9e57-0dfab08259dc,4673,Géothermie - Forages sur Nappe,tender,construction,open,tender,62e60f4d-8044-4519-b8ad-ea7d601f0473,2024-11-02,,,,Services industriels de Genève (SIG) - Direction Achats,1,"[""62e60f4d-8044-4519-b8ad-ea7d601f0473""]"
85e51e84-e19b-47da-89c6-7b957ffc20bf,5979,Quartier intergénérationnel d'habitations village d'Athenaz (Avusy) / Lot 28 - Aménagements extérieurs,tender,construction,open,tender,1d1bbfea-58a2-4cf4-8191-9e4b3b52ef76,2024-11-01,GE,Athenaz (Avusy),1285,Commune d'Avusy,0,[]
af91f20b-60a0-4b09-ba5d-da9e0fb7dbe4,6033,TRAVYS - Ligne Orbe-Chavornay - LOT 3 – Passage Supérieur RC293b,tender,construction,open,tender,65fca3da-11ab-4a32-9238-5521aedae328,2024-11-01,VD,Chavornay,1373,TRAVYS SA,0,[]
7adf2813-8ac2-46df-b842-b82a1660cee0,6445,Collecteur PGEE de La Tzoumaz et évacuateur de crue du torrent de Lué,tender,construction,open,award,239b05ad-b910-4d37-9afa-148b923427cb,2024-12-27,VS,La Tzoumaz,1918,"Commune de Riddes, Service technique",0,[]
4fe145cd-0ee2-46e8-a4bf-6455ef099869,1892,Muséum d'histoire naturelle (2024TI) ouvrages métalliques,tender,construction,open,award,1801e11c-edb3-4e5d-a988-a2019a76dae6,2024-12-24,GE,Genève,1208,"Unité soumissions - Département de l'aménagement, des constructions et de la mobilité (DACM) de la Ville de Genève",0,[]
9bbc9f3f-c7a2-402a-a5fc-2c097ba63598,3963,Rue Jean Dassier 15 (2025) Electricité,tender,construction,open,award,e6f3f78e-e975-45bc-956b-c86d5e6fb439,2024-12-24,GE,Genève,1201,"Ville de Genève - Unité soumissions - Département de l'aménagement, des constructions et de la mobilité (DACM) de la Ville de Genève",0,[]
5cc31a09-ba7f-4002-a1a9-f25d99063edd,4223,Patinoire intérieure des Vernets (2035TI) Installations sanitaires,tender,construction,open,award,f1a47fe1-1be9-4e6e-8112-7b523d98fbf4,2024-12-24,GE,Genève,1205,"Ville de Genève - Unité soumissions - Département de l'aménagement, des constructions et de la mobilité (DACM) de la Ville de Genève",0,[]
f860b8a4-0699-4c02-af84-9b5570e8de5e,1979,SZO Spital Wallis - SKP 272 Travaux généraux de construction métallique TP1 + TP7,tender,construction,open,award,3dcf4007-d402-44fb-b6cc-d3a0f21c1537,2024-12-23,VS,Brig-Glis,3900,Hôpital du Valais - Spital Wallis ,0,[]
ba3aa0d2-47f1-4d5b-a19d-510cd56d9da9,7622,Réaménagement de l’Espace Brunet à Verbier,tender,construction,open,tender,5d8b5bdb-1d33-4094-b0a3-a7453c6ae5c6,2024-12-23,VS,Verbier,1936,Commune de Val de Bagnes,0,[]
3204c064-2c4e-4f90-a881-2b23b6f45d29,8421,Rénovation et assainissement énergétique du Centre d'enseignement professionnel de Vevey,tender,construction,open,tender,a037bb84-f22e-40dc-9f40-55a7b0ae71f1,2024-12-23,VD,Vevey,1800,DGIP-DIAD-Domaine 2 : Ecoles professionnelles,0,[]
8ffafa0e-21e3-42d2-8dd6-f84087e591a3,8523,Commune de Valbroye _Pôle Enfance_Lot 4,tender,construction,open,tender,7ccc8c17-8cf1-4839-bb03-34eb655952a4,2024-12-23,VD,Granges-près-Marnand,1523,Commune de Valbroye,0,[]
9b80fe67-5635-4612-8c40-afe614222eff,8595,Pavillons scolaires provisoires à Jongny,tender,construction,open,tender,b0764c44-4dbc-4a09-b397-76a1633e6307,2024-12-21,VD,Jongny,1805,F-Partenaires SA,0,[]
3d7be06c-4d25-4a29-9a53-b2ebf2f554eb,8677,Ecublens-Stade du Croset - Transformation du terrain de football en synthetique,tender,construction,open,tender,656e8c2e-8c7f-4fa1-9346-7858681eb691,2024-12-21,VD,Ecublens,1024,ville d'Ecublens-service des travaux publics et de l'environnement,0,[]
4bca25a8-dc12-4106-9817-04a4287082a1,2018,"Erweiterung Sportzentrum Klostermatte & Heizzentrale, Brig-Glis",tender,construction,open,award,a6ac5201-6fb9-427c-9b98-35ff79e209de,2024-12-20,,,,Dienststelle für Immobilien und Bauliches Erbe,2,"[""a6ac5201-6fb9-427c-9b98-35ff79e209de"", ""2030cdb0-df34-463c-9234-219ffadc334a""]"
5ffc64c1-011b-40ea-a6f1-e5c387721edc,2875,Construction du nouveau Lycée-Collège Ella Maillart (au Cours Roger Bonvin) à Sion,tender,construction,open,award,479bdbf5-762b-4ed4-9b48-90f8f2f72dd3,2024-12-20,,,,Service immobilier et patrimoine / Dienststelle für Immobilien und Bauliches Erbe - Investissements / Investitionen,2,"[""479bdbf5-762b-4ed4-9b48-90f8f2f72dd3"", ""93754130-57db-40fb-bc2a-e6a8caa44d8e""]"
877250bb-f283-4655-b0d6-ed77ba8a98e0,5555,297_Groupe scolaire des Grands Esserts à Veyrier - Soumission chauffage ,tender,construction,open,abandonment,192f3fad-ef63-4b05-8549-65b8f084d0f5,2024-12-20,GE,Veyrier,1234,Commune de Veyrier,0,[]
389f0b5e-6d24-4f82-9221-9592fd5987b6,5573,297_Groupe scolaire des Grands Esserts à Veyrier - Soumission ascenseur / monte-charge,tender,construction,open,abandonment,c2b67407-e3b8-4c6e-b9cd-6a6d37c56e7a,2024-12-20,GE,Veyrier,1234,Commune de Veyrier,0,[]
82e7807e-9f6d-4bff-8815-e70b5e22fa13,8495,Construction d'un dépôt pour les travaux publics de la Commune d'Hérémence - Travaux spéciaux,tender,construction,open,tender,69da6b51-94f3-460b-b8f9-02a0e1114f9a,2024-12-20,VS,Hérémence,1987,Administration communale d'Hérémence,0,[]
311d14e3-5bd7-4f8a-8522-60af5bda6e96,8505,Construction d'un dépôt pour les travaux publics de la Commune d'Hérémence - Terrassement et maçonnerie,tender,construction,open,tender,fc49c518-c0f1-40f0-8844-d19d6e393904,2024-12-20,VS,Hérémence,1987,Administration communale d'Hérémence,0,[]
0a63f1a1-e13f-45ad-9bc7-c218792b32ee,8508,Construction d'un dépôt pour les travaux publics de la Commune d'Hérémence - Electricité,tender,construction,open,tender,c5926e8a-8512-47ec-ba7f-2dfc089e0642,2024-12-20,VS,Hérémence,1987,Administration communale d'Hérémence,0,[]
cb039825-6bc7-4c24-958a-b566c7327cc1,8515,Construction d'un dépôt pour les travaux publics de la Commune d'Hérémence - Chauffage et ventilation,tender,construction,open,tender,e0bd53ea-3515-431b-90bb-a2ef5c7ae3b9,2024-12-20,VS,Hérémence,1987,Administration communale d'Hérémence,0,[]
e6c5a1a7-34f5-48bd-acfc-2823f492daf8,8516,Construction d'un dépôt pour les travaux publics de la Commune d'Hérémence - Installations sanitaires,tender,construction,open,tender,34cfd374-3a53-411f-b8b9-f494de068d16,2024-12-20,VS,Hérémence,1987,Administration communale d'Hérémence,0,[]
44201f99-17ab-4b16-9aec-bb448c1cb30d,1640,IBM - Construction de deux immeubles de logements à Montana-Village ,tender,construction,open,award,129698eb-9bf7-4462-8ea5-48d359c85791,2024-12-19,VS,Montana,3963,Bourgeoisie de Montana,0,[]
dad1ed69-7fc3-4929-ae2e-44d702065960,4183,"RC no T9 St-Maurice - Brig, avenue de Tourbillon, correction de la chaussée",tender,construction,open,award,a313a635-548a-4ff8-b14e-bfcc229e803d,2024-12-19,VS,Sion,1950,Etat du Valais,0,[]
1367aa6c-0122-45dd-ba6d-155f4d84090c,7489,OA 1904 - Pont de Peney - Travaux de renforcement et d'élargissement,tender,construction,open,tender,60a070b4-a88b-4428-bd68-416925c80607,2024-12-19,GE,satigny,1242,République et canton de Genève - Département de la santé et des mobilités - Office cantonal du génie civil - Service des ouvrages d'art,0,[]
95f7804a-98a9-466b-affe-cff6af9282a5,8002,Rénovation énergétique et techniques d'un immeuble de logements et d'activités à Chêne-Bougeries,tender,construction,open,tender,aba1d8d1-158a-4dbb-acb9-024bfe32327a,2024-12-19,GE,Chêne-Bougeries,1224,Commune de Chêne-Bougeries p.a. Pascal Hüni architectes Sàrl,0,[]
17177011-9e96-4876-9732-70a70853a58b,811,IBM - Construction de deux immeubles de logements à Montana-Village ,tender,construction,open,award,9607579a-c235-41d5-b094-c83ab707ed06,2024-12-19,VS,Montana,3963,Bourgeoisie de Montana,0,[]
7e97d1a3-e58e-42ae-928e-13c2470640c8,819,IBM - Construction de deux immeubles de logements à Montana-Village ,tender,construction,open,award,25998018-cc1e-4d39-8481-abf2eab6542f,2024-12-19,VS,Montana,3963,Bourgeoisie de Montana,0,[]
5db3bdc9-da04-4821-92aa-d63b2a841df8,8265,"Marcelin, Nouvelle salle VD5 / AO-003, Construction en bois",tender,construction,open,abandonment,c17d6c0c-d5df-4cc3-97ab-3dd6dba0c35f,2024-12-19,VD,Morges,1110,"Direction de l'ingénierie, de l'architecture et de la durabilité – DIAD (aplanir sàrl)",0,[]
83fd8701-4cdf-4071-8a62-8da30c728eed,8266,"Marcelin, Nouvelle salle VD5 / AO-013, Installations électriques",tender,construction,open,abandonment,8628081b-76c6-4397-9cf6-c1d4c6f1a3f7,2024-12-19,VD,Morges,1110,"Direction de l'ingénierie, de l'architecture et de la durabilité – DIAD (aplanir sàrl)",0,[]
f45401ac-8222-4fc1-ba5e-4f4cfa11b3ae,8267,"Marcelin, Nouvelle salle VD5 / AO-015, Installations de chauffage",tender,construction,open,abandonment,c7776bd5-cc45-4e64-a635-ca09f3a4d605,2024-12-19,VD,Morges,1110,"Direction de l'ingénierie, de l'architecture et de la durabilité – DIAD (aplanir sàrl)",0,[]
c010f308-7d9f-44b8-a590-d6ec73c24086,8268,"Marcelin, Nouvelle salle VD5 / AO-016, Installations de ventilation",tender,construction,open,abandonment,799156e7-acbe-4715-bfa0-c240d6957f66,2024-12-19,VD,Morges,1110,"Direction de l'ingénierie, de l'architecture et de la durabilité – DIAD (aplanir sàrl)",0,[]
57c4be00-5279-4072-bafb-4e573266bc21,8269,"Marcelin, Nouvelle salle VD5 / AO-018, Installations sanitaires",tender,construction,open,abandonment,4a834e0b-5ffc-431e-858a-d4352652fba4,2024-12-19,VD,Morges,1110,"Direction de l'ingénierie, de l'architecture et de la durabilité – DIAD (aplanir sàrl)",0,[]
962a1380-d189-42f2-8806-081e528b9f7d,8325,"Villars, route des Layeux - Réseau de chauffage à distance et réaménagement de la route",tender,construction,open,tender,d3dc002b-3227-4256-9d68-6440ad588d67,2024-12-19,VD,Villars-sur-Ollon,1884,Commune d'Ollon - Service des travaux,0,[]
4a54e023-771e-4192-b67a-e2f5249221d2,833,. IBM - Construction de deux immeubles de logements à Montana-Village ,tender,construction,open,award,19e80efe-3d77-49bc-92db-b78c7a5d749c,2024-12-19,VS,Montana,3963,Bourgeoisie de Montana,0,[]
add26242-c9ca-422a-9034-3276d1c6da99,8464,Ville de Carouge - Mise en conformité de quais bus,tender,construction,open,tender,a7cbe1d9-d1a4-44ca-a01c-9daf5ccefd74,2024-12-19,GE,Carouge,1227,Ville de Carouge,0,[]
d126ef76-2ea5-4667-bb34-7e6a9959301b,3475,Genève AS25 - Campagne de reconnaissances,tender,construction,open,award,569d5242-e0ee-4de7-9758-f652ef69ec56,2024-12-18,GE,Genève,1200,SBB CFF FFS Achats projets de construction Région Ouest,0,[]
c27dedf2-ef02-458d-91ba-71b901ecd545,7997,Rénovation énergétique et techniques d'un Immeuble de logements et d'activités à Chêne-Bougeries,tender,construction,open,tender,206504e3-02ec-41af-ad55-089e084bac85,2024-12-18,GE,Chêne-Bougeries,1224,Commune de Chêne-Bougeries p.a. Pascal Hüni architectes Sàrl,0,[]
15f5b377-1b59-4dc2-b0b4-2bbb677b37da,8001,Rénovation énergétique et techniques d'un immeuble de logements et d'activités à Chêne-Bougeries,tender,construction,open,tender,feee222e-ff45-4f72-9417-552d06e8b238,2024-12-18,GE,Chêne-Bougeries,1224,Commune de Chêne-Bougeries p.a. Pascal Hüni architectes Sàrl,0,[]
7d5b7c3e-2993-401d-a78c-4b46dcc64a48,8354,Rénovation énergétique et techniques d'un Immeuble de logements et d'activités à Chêne-Bougeries,tender,construction,open,tender,2f1672cd-34a1-4681-865f-18857e9a450a,2024-12-18,GE,Chêne-Bougeries,1224,Commune de Chêne-Bougeries p.a. Pascal Hüni architectes Sàrl,0,[]
3b4f2859-6898-4b20-8cbb-25284a049493,8363,Aménagement de la voie verte d'agglomération - Noeud Marc Dufour,tender,construction,open,tender,99ef5b6f-1ee3-4173-a8a6-c3e0d8410a25,2024-12-18,VD,Lausanne,1002,Ville de Lausanne – FIM – Service de la mobilité et de l’aménagement des espaces publics (MAP),0,[]
38117748-fe61-4e41-8528-baa226ff4bbf,8370,Rénovation énergétique et techniques d'un Immeuble de logements et d'activités à Chêne-Bougeries,tender,construction,open,tender,2601feb5-4291-4533-8135-05dabf9fa77e,2024-12-18,GE,Chêne-Bougeries,1224,Commune de Chêne-Bougeries p.a. Pascal Hüni architectes Sàrl,0,[]
1d12d602-405f-47f6-8852-47ba49cb38f4,4225,Ecole Liotard - (2038TI) - Contrôle d'accès chantier ,tender,construction,open,award,61035d73-47a9-481f-a0bb-551c78b28c36,2024-12-17,GE,Genève,1205,"Ville de Genève Unité soumissions - Département de l'aménagement, des constructions et de la mobilité (DACM) de la Ville de Genève",0,[]
89b54510-ecfd-406c-b9a4-11bca5ad10b0,4873,Mise en conformité fenêtres simple vitrage patrimoine administratif VdG (2045) Fenêtres en bois ,tender,construction,open,award,c5298a76-f75b-4a1c-976a-a0597ca8a999,2024-12-17,GE,Genève,1205,"Unité soumissions - Département de l'aménagement, des constructions et de la mobilité (DACM) de la Ville de Genève",0,[]
e575347e-eec5-494e-885f-a8044c593888,8331,Commune de Vully-les-Lacs - site scolaire de Salavaux / salle de sport double VD5 et transformation du bâtiment existant - CFC 221.1 Fenêtre bois métal,tender,construction,open,tender,064ead12-1435-44e9-acd6-fd77174b9de9,2024-12-17,VD,Salavaux,1585,Commune de Vully-les-Lacs,0,[]
a415c55a-e2ee-4e46-8128-65df07f280dc,2512,Ateliers CFF d'Yverdon-les-Bains - Réparation dégâts grêle B4-C7 et D2 ,tender,construction,open,award,52c5b0c0-40c1-4263-b619-d88661ea7983,2024-12-16,VD,Yverdon-les-Bains,1400,"Chemins de fer fédéraux suisses CFF SA, Immobilier – Finances et Acquisition / IM-F-BE",0,[]
aaacb9b2-9741-4a96-9535-5a38900ad3c6,8189,Piste d'exercices PCi à Cossonay-Gollion,tender,construction,open,tender,11ee66e1-1e7d-4a05-bf5a-4d1de48117ac,2024-12-16,VD,"En Valézard, Cossonay",1304,Etat de Vaud - DEIEP-DGIP,0,[]
5cac3b48-cdff-4f1d-8050-c68195ca037d,1449,Ruisseau La Joy - Création d'une zone inondable,tender,construction,open,award,425c1c25-c90f-4a85-a2e0-9973bc27d1d0,2024-12-14,VD,Arzier-Le Muids,1273,Commune d'Arzier-Le Muids (Bernard Schenk SA),0,[]
b324f997-22ee-4f47-a2cc-1d596496359e,6171,Extension du cycle d'orientation du Foron - Construction bois CFC 214,tender,construction,open,tender,7b7c61e6-39ca-4a8f-b578-6fdeb01605a3,2024-12-14,GE,Thonex,1226,OFFICE CANTONAL DES BATIMENTS ,0,[]
568e7956-018b-4e25-9cab-a4f15aaae0a2,1258,Rénovation et assainissement énergétique du Centre d'enseignement professionnel à Vevey,tender,construction,open,award,2758138b-ed3b-4317-98cc-dcfc1f7edc69,2024-12-13,VD,Vevey,1800,DGIP-DIAD-Domaine 2 : Ecoles professionnelles,0,[]
d811661d-b90a-4b43-9c39-6effb3474e57,1430,Bassins - Chemin de la Trappe - Remplacement des collecteurs EC & EU et réfection de la chaussée,tender,construction,open,award,9b60e4ca-564c-45bb-ac10-1ec85e95c009,2024-12-13,VD,Bassins,1269,Commune de Bassins (Bernard Schenk SA),0,[]
9fb1110e-74da-4826-a517-4a7cfe8511a3,2482,Rénovation et assainissement énergétique du Centre d'enseignement professionnel de Vevey,tender,construction,open,award,bc777393-7c45-4711-9e29-34793349f54e,2024-12-13,VD,Vevey,1800,DGIP-DIAD-Domaine 2 : Ecoles professionnelles,0,[]
44e77ac0-d66a-4790-a7f2-1b94ccf59672,4015,Rénovation et assainissement énergétique du Centre d'enseignement professionnel de Vevey,tender,construction,open,award,a3cf9c1f-85d2-42ac-9243-de2a4589c09f,2024-12-13,VD,Vevey,1800,DGIP-DIAD-Domaine 2 : Ecoles professionnelles,0,[]
7ec9a2ab-7c1e-4f55-a84c-dc6b6a2d2979,8013,STEP Aïre 2+ - Lot AR 12-01 : Revêtements de sols sans joints   Micropolluants,tender,construction,open,tender,6c1dd059-4e8d-49d1-99fa-737452aae7da,2024-12-12,GE,"STEP Aïre2, Chemin de la Verseuse , 1219 Aïre",1219,Services industriels de Genève (SIG) - Direction Achats,0,[]
c86dfc00-969e-4a1c-b6ed-69d87df1f553,5812,Sanierung Regionalschulhaus Leuk-Stadt - BKP 221.1 Fenster aus Holz-Metall,tender,construction,open,award,56593de6-44aa-41b3-8b62-ef592a4a76d5,2024-12-11,VS,Leuk-Stadt,3953,Gemeinde Leuk,0,[]
4186b7f0-391c-4358-8562-fed550ee00c1,7191,Commune de Sullens - Aménagements routiers / Moille-Sullaz ,tender,construction,open,tender,cee1c5a0-376d-40be-9eca-d7c4119d3ed2,2024-12-11,VD,Sullens,1036,"Chevalier SA, bureau d'ingénieurs",0,[]
590fa657-ddb1-4dca-85f4-273520fa9a9a,7945,Installations de câblage - Rénovation centrales CVCR NSEF ET PPE TRIBAG zone administrative,tender,construction,open,tender,40bb7129-da41-4c6c-b272-6e363b702f9a,2024-12-11,GE,Le Grand-Saconnex,1218,Genève Aéroport,0,[]
dc8e18d9-b73d-4515-bc07-519c7f4ff3c7,3628,"Construction d'une nurserie, crèche et UAPE à Saillon - CFC 273",tender,construction,open,award,784c995f-d561-4026-9464-c341560f5782,2024-12-10,VS,Saillon,1913,Commune de Saillon,0,[]
a2c82437-6261-47bd-9e6a-edc9ebd4026d,3725,Rue Jean Dassier 15 (2026) - Chauffage ventilation,tender,construction,open,award,2bd9b1a1-7180-4dd5-bfeb-433e2c27127f,2024-12-10,GE,Genève,1201,Ville de Genève DACM,0,[]
c174466a-46df-42d2-a2dc-e7c157186cfc,4495,Végétalisation - Esplanade « Gustave Julliard » et Toiture « Médiation »,tender,construction,open,award,60c6f498-4789-471b-afa9-f0ad7580ccf1,2024-12-10,GE,Genève,1211,CAIB HUG,0,[]
b936de19-a431-4af9-82b3-d401ad69307d,7544,Projet d'extension de l'Unithèque. Appel d'offres lot 80 cloisons intérieures en bois,tender,construction,open,tender,f56578f5-84e1-41d0-b102-228a58928d0c,2024-12-09,VD,Ecublens,1024,COPIL des constructions universitaires p/a DEIEP - Direction générale des Immeubles et du Patrimoine (DGIP),0,[]
cca981c2-6072-47de-9aba-3281649a8e50,7857,	 REQUALIFICATION DES RUES DU VILLAGE - SECTEUR BERNEX VILLAGE,tender,construction,open,tender,208aa0a8-6df0-4fbe-831d-8757f1bdb966,2024-12-09,GE,Bernex,1233,Commune de Bernex ,0,[]
81b34375-b406-431f-a15e-f57d86cac913,7647,Transformation EMS de l'Orme - 22820 - Stores à lamelles,tender,construction,open,tender,715cd364-61bb-4371-bd35-814af9f64434,2024-12-07,VD,Lausanne,1018,Fondation de l'Orme (APAARCHITECTES SA),0,[]
5048f771-9353-41c2-946a-49715ae08cdb,7650,Transformation EMS de l'Orme - 22830 - Stores en toile,tender,construction,open,tender,6db9ecfb-0f15-4d35-baa4-c109a07202c1,2024-12-07,VD,Lausanne,1018,Fondation de l'Orme (APAARCHITECTES SA),0,[]
7ccc706f-bbdc-4364-b98f-e2eee9f2bcde,7869,RENOVATION ET SURELEVATION DU COLLEGE DE GRAND-CHAMP,tender,construction,open,tender,2cd039bf-628f-44ae-b262-f6a12119efbc,2024-12-07,VD,GLAND,1196,Ville de Gland - Service des bâtiments et de l'urbanisme ,0,[]
4ad8b4bc-4267-4afe-819a-bf1da2e85577,7875,REQUALIFICATION DES RUES DU VILLAGE -  SECTEUR BERNEX VILLAGE ,tender,construction,open,tender,abd6a1a8-2df7-4ad1-a02a-3c9e642cb1ed,2024-12-07,GE,Bernex,1233,Commune de Bernex - B+S ingénieurs SA,0,[]
a66e6dc4-e96a-4eb8-8714-fde203de44a8,2855,"Construction d'un centre médical, salle multi-usages, UAPE et crèche à Evolène - CFC 11, 17, 201 - Travaux spéciaux et terrassements",tender,construction,open,award,cf883e3b-120a-4970-bd2e-a18b1191edec,2024-12-06,VS,Evolène,1983,Madeleine architectes sàrl,0,[]
b2ddd7f2-32ec-4f43-a5c0-a419ade119dd,2869,Commune d'Evolène : UAPE - Béton,tender,construction,open,award,5570a625-0515-4554-8b0c-9cd0b7e26477,2024-12-06,VS,Evolène,1983,Madeleine architectes sàrl,0,[]
70fa0b3a-4574-4452-8eac-235abf8e2bb7,5478,"Construction d'un centre médical, salle multi-usages, UAPE et crèche à Evolène - CFC 214 - Charpente",tender,construction,open,award,87e1078d-7d58-4b8d-ae83-077cb44c464a,2024-12-06,VS,Evolène,1987,Madeleine architectes sàrl,0,[]
cec907f5-b374-4b47-bcc8-edb65f1ce6c2,7065,Puits de chute des Vignes d'Argent,tender,construction,open,tender,d95108da-c25a-4ebb-b6d6-af20349aa858,2024-12-06,VD,Lausanne,1002,Service de l'eau - Ville de Lausanne,0,[]
44d95db8-bdea-4972-aee3-5f7185a5b94f,7771,  Ville de Thônex _ Réaménagement de chaussée du chemin Louis-Valencien et Etienne-Chennaz,tender,construction,open,tender,152fb673-cd91-4a9d-8e95-7f40d0f3d63c,2024-12-06,,,,Ville de Thônex,3,"[""152fb673-cd91-4a9d-8e95-7f40d0f3d63c"", ""152fb673-cd91-4a9d-8e95-7f40d0f3d63c"", ""152fb673-cd91-4a9d-8e95-7f40d0f3d63c""]"
3e64a08b-51af-400f-a820-628268a83471,7782,Rénovation et assainissement énergétique de l'école supérieur de la santé à Lausanne,tender,construction,open,tender,f62b858b-24ae-44ac-93fb-1a2bac471444,2024-12-06,VD,Lausanne,1005,Etat de Vaud  - DEIEP - DGIP,0,[]
60fb0583-9bea-4884-b356-eae9e3ce830d,6496,Surélévation des 3 salles de gymnastiques des Colombières à Versoix - Stores en toile,tender,construction,open,tender,a0c742bc-ace3-4ac7-8a1a-a372b6d19f35,2024-12-05,,,,Office cantonal des bâtiments (OCBA) - MARCH,1,"[""a0c742bc-ace3-4ac7-8a1a-a372b6d19f35""]"
cfc67084-c5ab-41d8-a506-716944c235c4,6811,Surélévation des 3 salles de gymnastiques des Colombières à Versoix - Etanchéités,tender,construction,open,tender,bd98b555-3e88-4d86-a8be-a3594cbae758,2024-12-05,GE,Versoix,1290,Office cantonal des bâtiments (OCBA) - MARCH,0,[]
0e08598d-089d-49b0-a21f-2b2fad44d17a,7463,LIAISON CT AEROPORT/DEPOT HALLE 7 - FOURNITURE ET POSE DE TUYAUX POUR  RACCORDEMENT CAD,tender,construction,open,abandonment,6b9c732e-816c-4045-84b5-eed444a9a114,2024-12-05,GE,Le Grand-Saconnex,1218,"Services Industriels de Genève - Direction Droit, Achats & Risques              ",0,[]
2ac73569-46c5-4675-b69a-e6f12cb48bd1,7467,LIAISON CT AEROPORT/DEPOT HALLE 7 - TRAVAUX GENIE CIVIL POUR RACCORDEMENT CAD,tender,construction,open,abandonment,053ac24e-db64-4c41-83e5-c6e52a5f28c1,2024-12-05,GE,Le Grand-Saconnex,1218,"Services Industriels de Genève - Direction Droit, Achats & Risques              ",0,[]
f30c7563-750e-4df4-9fbd-e6e8765e7317,7560,297_Groupe scolaire des Grands Esserts à Veyrier - Soumission échafaudages,tender,construction,open,tender,dcbd51c1-9201-4081-afc7-89739592f131,2024-12-05,GE,Veyrier,1255,Commune de Veyrier ,0,[]
5fb6c41e-5e1c-42ad-a52e-e018f3ce076a,7751,MP2024.05.708 - Rénovation du complexe de toiture du dépôt de la Borde / Revêtement sols sportifs,tender,construction,open,tender,25737999-c302-4378-b350-a680b8e9cbde,2024-12-05,VD,Lausanne,1018,Transports publics de la région lausannoise sa,0,[]
eec984e3-2fa4-43e7-a6db-8250b1f66e1c,6937,CHUV 21-093 TAR,tender,construction,open,tender,b89d1759-6390-4de7-911e-8c20deb2c810,2024-12-04,VD,Lausanne,1011,"Etat de Vaud, DSAS, CHUV CITS",0,[]
90b2f06d-2b94-4833-9550-7e3a30df7d16,7661,"Ecole de Pâquis Centre - 2074 - Remplacement des appareils de traitement d'air des vestiaires gymnastique,piscine, local traitrement",tender,construction,open,tender,d0056c33-56ec-46ac-af2a-a3d8f3d76561,2024-12-04,GE,Genève 3,1211,"Unité soumissions - Département de l'aménagement, des constructions et de la mobilité (DACM) de la Ville de Genève",0,[]
038546da-b365-4320-9bcd-1ac50149fc3c,7670,"Cery Bâtiment de laboratoires - Route de Cery, 1008 Prilly",tender,construction,open,tender,6c8491da-4113-4772-a434-64666c53122a,2024-12-04,VD,Prilly,1008,CHUV-Construction Ingénierie Technique et Sécurité (CIT-S) - Diserens Maurel Architectes,0,[]
167d554e-16b0-44bb-8964-771992bda297,5229,Soumission Couverture - Ferblanterie - Etanchéité (CFC 175 - 222 - 224 - 224.1 - 224.3 - 324.1),tender,construction,open,abandonment,49f5204a-71fb-44ee-8c6f-3ca17e2d4d9b,2024-12-03,VS,Chalais,3966,Administration communale de Chalais - Service technique ,0,[]
40ed7089-5a25-4542-8fdf-d34f0efe30fd,7535,Salle polyvalente de Chalais - Couverture - Ferblanterie (CFC 222 - 224 - 224.1 - 224.3 - 324.1),tender,construction,open,tender,991287b6-8999-45d0-8242-0c6ff8fd0cc7,2024-12-03,VS,Chalais,3966,Administration communale de Chalais - Service technique,0,[]
333bde3f-dab5-46d6-9188-7ad843fca9aa,7602,Rénovation du Port du Chablais - Marché 1 - Travaux lacustres & Génie civil,tender,construction,open,tender,b61eb578-4e09-472b-8206-8fa914e1fb4d,2024-12-03,VD,Cudrefin,1588,Commune de Cudrefin ,0,[]
85bef70f-b03c-43bd-a974-34a9e4ef4bca,7607,Rénovation du Port du Chablais - Marché 2 - Équipements portuaires,tender,construction,open,tender,d757d73d-41cc-4a3b-96f8-bce490c4eab8,2024-12-03,VD,Cudrefin,1588,Commune de Cudrefin ,0,[]
ea232041-75a7-4a9b-a2ac-992d01e0c357,7609,Rénovation du Port du Chablais - Marché 3 - Installations électriques,tender,construction,open,tender,6f4e85a6-2b11-4335-b37a-f3ba913e37b3,2024-12-03,VD,Cudrefin,1588,Commune de Cudrefin ,0,[]
5bfb2ae3-fa9b-473b-90b7-34d13479ad55,2012,"SAT3 Agrandissement ""Ecole-Mairie"" et piscine",tender,construction,open,award,c263eee8-0bff-4ee9-988c-e7a2d70178fe,2024-12-02,GE,Satigny,1242,Commune de Satigny (Giorgis Rodriguez Architectes SA),0,[]
a0ebb230-f92c-4b65-86a3-1c8011a063f8,3821,STEP Vétroz - Conthey - CFC 244 Installations de ventilation et de conditionnement d'air,tender,construction,open,award,8525e63a-915b-4843-89f1-ccef1ead297d,2024-12-02,VS,Vétroz,1963,Commune de Vétroz - service technique,0,[]
3420a60c-6250-4662-9c80-3e170d147f3a,10008,Ufersanierung Feevispa,tender,construction,open,tender,e1258f21-c52c-4c8a-b566-b0502362b34f,2025-01-31,VS,Saas Fee,3906,Einwohner- und Burgergemeinde Saas-Fee,0,[]
9609347f-ba82-4875-880f-5a075dd49b48,10140,Commune de Valbroye _Pôle Enfance_Lot 11,tender,construction,open,tender,21787cd9-c411-4fbd-b330-bf00adb864b5,2025-01-31,VD,Granges-près-Marnand,1523,Commune de Valbroye ,0,[]
997b6da9-4d73-46a4-b369-ddef66ae4b42,10164,Projet Paradoxe - Faux.plafonds,tender,construction,open,tender,bc7b3aa9-6f4c-4e88-b907-04b44e912bd3,2025-01-31,VS,Leytron,1912,Gaetan dubuis,0,[]
a1aa18ed-2447-4d80-8508-1c131f3c2c14,1937,SZO Spital Wallis - SKP 273 Travaux de menuiserie TP1 + TP7,tender,construction,open,award,330671ba-cf91-45b7-9665-adb0d301449f,2025-01-31,,,,Hôpital du Valais - Spital Wallis ,4,"[""eab109de-cd49-4b51-8015-e2b2f1e97766"", ""330671ba-cf91-45b7-9665-adb0d301449f"", ""4c18a6a4-599b-4fde-8756-32f025dec7ec"", ""37c894d8-9f8a-4a2a-b8bb-0a721baeaded""]"
1b9c1b98-cffc-4138-b124-e1a9ba229ba5,7461,Rénovation école de Meyrin Village - CFC 228.3 Store,tender,construction,open,tender,c25d15d6-8365-4b99-bc91-a754d1400572,2025-01-31,GE,Avenue de Vaudagne 6-8. 1217 MEYRIN,1217,Ville de Meyrin - atba,0,[]
a3d67a21-3134-42a4-a387-9192b92f2832,9199,"Commune de Penthalaz - Réfection du ""Quartier En Sauffaz"" - Travaux de Génie Civil",tender,construction,open,tender,d29c02f6-0401-4e80-b8a1-26f27782c2b7,2025-01-31,VD,Penthalaz,1305,rlj ingénieurs conseils SA,0,[]
19fd8ada-4729-4ba1-90ee-2b8394700c4c,10097,STEP de Lucens - Lot 402 Façades métallique perforée et isolation - SBR,tender,construction,open,tender,5ab72c68-3495-4f43-a3c0-d72b86c23b95,2025-01-30,VD,"Lucens, Route de la Caséine 11",1522 ,Association intercommunale Epuration Moyenne Broye,0,[]
c6c29f70-7fb3-432b-911e-18ea8e2cc352,4066,Ecole de la Roseraie (2040) peintures intérieure et extérieure,tender,construction,open,award,5df0459d-807b-47f9-910f-5bdd827c7077,2025-01-30,GE,Genève,1205,"Unité soumissions - Département de l'aménagement, des constructions et de la mobilité (DACM) de la Ville de Genève",0,[]
785db6e3-6817-4447-904a-f877c804a1a9,5597,"15, rue Jean-Dassier (2041) menuiseries extérieures",tender,construction,open,award,086ea1fc-3f04-493b-9a4f-a0fb3384ab5d,2025-01-30,GE,Genève,1205,"Unité soumissions - Département de l'aménagement, des constructions et de la mobilité (DACM) de la Ville de Genève",0,[]
867027be-3f1b-4c2c-b209-8f4a439b260a,5929,Rue Jean Dassier 15 - 2069 - Serrurerie ,tender,construction,open,award,318c0ab8-a1a8-4e5e-bf9d-51a37eb7379f,2025-01-30,GE,Genève,1205,"Unité soumissions - Département de l'aménagement, des constructions et de la mobilité (DACM) de la Ville de Genève",0,[]
e905bae7-7d36-44b2-8359-05429ae99493,9881,Mise aux normes des éclairages d'un stade de foot - Equipements d'éclairage,tender,construction,open,tender,f006277c-cb26-4ab3-8ea4-de6d9d1a39f3,2025-01-29,GE,Carouge,1227,Ville de Carouge ,0,[]
637ce250-8d20-4c39-918e-efe93d109faf,9902,Mise aux normes des éclairages d’un stade de foot - Installations électriques,tender,construction,open,tender,dd9b5ec3-2db1-4d3b-89d7-fa1d0b69047a,2025-01-29,GE,Carouge,1227,Ville de Carouge ,0,[]
94e18174-8c04-4e4c-97f7-44835a03b1ec,4365,P2023-106 CENTRE SPORTIF DU ROCHER - 272,tender,construction,open,award,4825904a-0a20-4516-ab07-7823442f37c2,2025-01-28,,,,Architram architecture et urbanisme SA,1,"[""4825904a-0a20-4516-ab07-7823442f37c2""]"
040db12c-1ec1-460e-8d34-f1ae6a8e0f81,4584,Patinoire intérieure des Vernets (2032TI) Installations électriques,tender,construction,open,award,290aca05-6991-46c1-b4ff-f0a518738248,2025-01-28,GE,Genève,1205,"Unité soumissions - Département de l'aménagement, des constructions et de la mobilité (DACM) de la Ville de Genève",0,[]
16e2cc7c-c946-4732-a340-98de84681d53,9941,Stade de la Fontenette - Mise aux normes du système d'éclairage des stades,tender,construction,open,tender,3033d031-bc41-46ae-a8e7-999eda68c227,2025-01-28,GE,Carouge,1227,Ville de Carouge_Service des bâtiments,0,[]
bd4d4352-c8a0-49f8-a279-092fda5f4429,7974,Extension de la Haute Ecole de Santé de Genève,tender,construction,open,tender,579c24f5-9b2d-4fa2-b683-c16199f65840,2025-01-27,GE,Genève,1206,"Etat de Genève, Département du Territoire - DT, Office cantonal des bâtiments - OCBA",0,[]
30edc087-cf43-4402-bc5a-5a36d90bf559,9735,OIKEN INSULA - Lot 214.200 - Ossature bois,tender,construction,open,tender,eabc6711-8091-4458-8f99-ebb331478b80,2025-01-25,VS,Sion,1950,OIKEN SA (Pragma Partenaires SA),0,[]
3b9cfc4b-7925-40fb-8124-6c4512fc6d89,4979,"Sanierung Mutzenstrasse, Abschnitt 2",tender,construction,open,award,c51f61bd-873e-4bb3-811f-3cf851b25756,2025-01-24,VS,Steg,3940,SRP Ingenieur AG,0,[]
41e4e768-01a6-4fab-a847-00ba8b6f1936,8153,Rénovation école de Meyrin Village - CFC 272 Ouvrage Métallique,tender,construction,open,tender,64f67481-1cd9-4c4c-b1da-6205fbcafc7c,2025-01-24,GE,Avenue de Vaudagne 6-8.  MEYRIN,1217,Ville de Meyrin - atba,0,[]
eb5fe676-be5c-4c1e-8f41-f8027c1b5a98,9641,CO Aubépine - Mise en conformité partielle AEAI,tender,construction,open,tender,ceda5b26-128f-4d9d-8169-4530169a6410,2025-01-24,GE,Genève,1205,Office Cantonal des Bâtiments (OCBA) ,0,[]
379c81b1-0c39-4524-a724-ada8a5f68952,6657,Lot 3 - CFC 112.10 démolition ouvrages et techniques existants,tender,construction,open,tender,81a7942b-711b-4ec8-a576-4981b4b3fd25,2025-01-22,,,,"Etat de Genève, Département du territoire - DT, Office cantonal des bâtiments",1,"[""81a7942b-711b-4ec8-a576-4981b4b3fd25""]"
2224a73f-7ab7-4d13-9e45-14c0ccf9b8fa,7340,Rénovation école de Meyrin Village - CFC 222 Ferblanterie  224.1 Etanchéité souple toiture plate,tender,construction,open,tender,9793540e-47d9-41bf-b0e9-73fbc776cd97,2025-01-22,GE,Avenue de Vaudagne 6-8. 1217 MEYRIN,1217,Ville de Meyrin - atba,0,[]
266d0b92-3eb3-4cd4-87c6-bf6ccb4a57c0,7902,Exutoire Arve Grands Esserts,tender,construction,open,tender,1314e8b4-8b84-40e3-b377-ae2a080f3b9d,2025-01-22,GE,Veyrier,1255,CSD Ingénieurs,0,[]
ec8d15a4-e358-4e16-a957-af9d90ed6880,8497,Rénovation école de Meyrin Village - CFC 221.0 Fenêtres en bois neuve,tender,construction,open,tender,73b6014f-f7ce-47b5-b96a-f5057c830cc9,2025-01-22,GE,Avenue de Vaudagne 6-8.  MEYRIN,1217,Ville de Meyrin - atba,0,[]
521fcb35-87db-49b6-aad3-88fbf671bbeb,9418,Fondation clos du château appels d'offres fenêtres,tender,construction,open,tender,ac2606ea-5350-448e-9d1d-5fbcfacf4fe2,2025-01-22,,,,Fondation du Clos du Château à Corcelles-près-Concise - STOA architectes/Pragma Partenaires,2,"[""ac2606ea-5350-448e-9d1d-5fbcfacf4fe2"", ""ac2606ea-5350-448e-9d1d-5fbcfacf4fe2""]"
81be1311-47af-48ca-8b08-268da95da275,8364,Quartier Sécheron - Création de Zone 30km/h - 2014bis - Aménagements des zones 30 - Réfection et reprofilage des chaussées - Réalisation des fosses plantations,tender,construction,open,tender,a857b089-8150-4136-9430-c983da651178,2025-01-21,GE,Genève,1205,"Unité soumissions - Département de l'aménagement, des constructions et de la mobilité (DACM) de la Ville de Genève",0,[]
d8018273-edc9-43e3-b520-d4c93a07b27d,9222,"Commune de Blonay - Saint-Légier, Chemins 2025 : Lussy",tender,construction,open,tender,5c65f044-9729-46a2-b4fc-7b3a99c74a1c,2025-01-21,VD,St-Légier,1806,MCR & Associés Ingénieurs Civils ,0,[]
91e8ced4-e7d9-4547-a8b1-04d3d0ae4de3,9354,Commune de Blonay - Saint-Légier - Chemins 2025 - Ruelle de Borjaux,tender,construction,open,tender,0db73837-8250-44eb-91d3-0c3a802d4901,2025-01-21,VD,Blonay,1807,MCR & Associés Ingénieurs Civils ,0,[]
75b5a542-77c1-47d1-8127-19e8434fdaf0,9453,Agrandissement et rénovation de l'école du Belvédère_CFC 259_Régénération de l'eau des piscines,tender,construction,open,tender,765ae911-687c-4faa-8cde-feafb8979fac,2025-01-21,GE,Chêne-Bougeries,1224,Commune de Chêne-Bougeries - Giorgis Rodriguez Architectes SA,0,[]
2e9306b1-66e0-4f50-9305-af830d05dd73,9353,"PATAUGEOIRE DES PALETTES - CRÉATION D’UNE BUVETTE ET D’UN WC PMR, RÉFECTION DES WC PUBLICS ET RÉHABILITATION DES COLLECTEURS",tender,construction,open,tender,69545f91-0cb3-44d0-92cc-bda395cc444a,2025-01-20,GE,Grand-Lancy,1212,Ville de Lancy - Service des Sports et des locations,0,[]
0860d563-0122-4468-b011-47759e8f7f03,9414,LTE Hôtel de Police Gravière NHP,tender,construction,open,tender,71b49757-f036-49f5-b878-2e3efbebd2b1,2025-01-20,GE,Les Acacias ,1227,Office Cantonal des Bâtiments (OCBA) ,0,[]
110e16ad-aaf4-44d9-9c7a-4fb76352392f,1651,STEP de Lucens - IE 502 Installation électrique PTC-BOU-SBR,tender,construction,open,award,39979a67-b634-4526-a8c2-733560097caa,2025-01-17,VD,Lucens,1522,Association intercommunale Epuration Moyenne Broye,0,[]
3cee28b8-a518-46d5-b4ad-bf691ebc39c7,2241,SKP 7 Appareils et équipements médicaux,tender,construction,open,award,cab8133a-0a48-400f-98eb-0d0369bf690e,2025-01-17,VS,Brig-Glis,3900,Hôpital du Valais - Spital Wallis,0,[]
6c5325e4-24da-4a0c-adfe-7ce95097b5b2,4411,297_Groupe scolaire des Grands Esserts à Veyrier,tender,construction,open,award,82c3f0bd-71ae-488f-b89f-1eb7cfda5f51,2025-01-17,GE,Veyrier,1234,Commune de Veyrier,0,[]
0bf242b0-3806-4ff2-b2ad-b3c1882404ee,9392,"Parking du Grand-Signal, Crans-Montana",tender,construction,open,tender,c27c49ee-d673-42a5-9fe1-e5df1440e48b,2025-01-17,,,,Bonnard+Woeffray,2,"[""c27c49ee-d673-42a5-9fe1-e5df1440e48b"", ""c27c49ee-d673-42a5-9fe1-e5df1440e48b""]"
9699a6c3-813b-4c84-aaa6-c575f9008dca,1144,52119001_Renouvellement de la Gare du Sentier-Orient LHand,tender,construction,open,award,26d450da-295c-4d25-9462-553c22735cc1,2025-01-16,VD,Le Sentier-Orient,1347,TRAVYS SA,0,[]
239080df-c951-4d82-b5bf-20ccc5d966d2,2847,52119001_Renouvellement gare Le Sentier-Orient LHand et IS gare du Brassus,tender,construction,open,award,31851b23-f683-4d8e-a38a-9fc07c9aebf2,2025-01-16,VD,Le Sentier,1347,TRAVYS SA,0,[]
582b6928-ac3c-40aa-8488-44767be2e364,4956,52119001_Renouvellement gare Le Sentier-Orient LHand et renouvellement des IS Le Brassus,tender,construction,open,award,15c23d36-0f5e-43f4-bd68-2a903b043d99,2025-01-16,VD,Le Chenit,1347,TRAVYS SA,0,[]
f88f1d8f-c1d7-4d30-bd91-ae7b842b6959,6162,Extension du cycle d'orientation du Foron - Installation de chantier - Maçonnerie - Travaux spéciaux - Béton armé,tender,construction,open,tender,60409de7-86f5-4fd7-b10b-3d7f93e034b7,2025-01-16,GE,43 chemin du Foron à Thonex ,1226,OFFICE CANTONAL DES BATIMENTS ,0,[]
f81214ce-cbab-4e06-95b5-f674caff1aa5,9308,Réhabilitation STEP Yvonand - Travaux spéciaux,tender,construction,open,tender,b7a87869-04a1-4c44-85f2-3243694b7dc6,2025-01-16,VD,Yvonand,1462,Commune d'Yvonand,0,[]
38499e6f-9316-425a-9940-9a6cbbb35c52,9334,22-116/9183 CITE APE – BU21 - Installations électriques,tender,construction,open,tender,f0b83ae4-5f47-4ea2-ab43-5263c692b122,2025-01-16,VD,Lausanne,1011,CHUV Construction ingénierie technique et sécurité (CIT-S),0,[]
0813dd92-50cc-477f-ac5f-77b6d853f306,5635,Avenue Collonges – Avenue des Bergières,tender,construction,open,award,95a2cd66-3370-464c-b15f-fd0a5f3085e9,2025-01-15,VD,Lausanne,10002,Service Industriel de Lausanne - Patrimoine CAD,0,[]
3cdd5449-0531-4762-a02d-f925d5afde07,6518,Rénovation école de Meyrin Village - CFC 34 - MCR,tender,construction,open,tender,51a96867-bb6b-4bae-8dce-bf36d82fa914,2025-01-15,GE,Avenue de Vaudagne 6-8. 1217 MEYRIN,1217,Ville de Meyrin - atba,0,[]
9cbea0b3-2a34-440b-984a-cbfebfb4fe90,4220,"Mise en valeur de site archéologique de Saint-Antoine (2037TI) Etanchéités, isolations et ferblanterie",tender,construction,open,award,601dfa18-f815-4086-bb3f-3b3c8657dc68,2025-01-14,GE,Genève,1205,"Unité soumissions - Département de l'aménagement, des constructions et de la mobilité (DACM) de la Ville de Genève",0,[]
e1db3ad8-7260-489d-9f26-5fecc8de15f1,4582,Patinoire intérieure des Vernets (2031TI) Démolition + Béton-maçonnerie,tender,construction,open,award,35b31945-5d57-4975-98f7-92ce5fd352fb,2025-01-14,GE,Genève,1205,"Unité soumissions - Département de l'aménagement, des constructions et de la mobilité (DACM) de la Ville de Genève",0,[]
428fa65b-5780-4e69-a5cb-002c9c038348,4630,Patinoire des Vernets (2034TI) MCR,tender,construction,open,award,be73c67a-8d95-4549-a10a-241331560cad,2025-01-14,GE,Genève Plainpalais,1227,"Unité soumissions - Département de l'aménagement, des constructions et de la mobilité (DACM) de la Ville de Genève",0,[]
ae8d8907-31c6-4c7b-b723-837e2e7bb976,5225,"Immeuble 15, rue Jean Dassier (2042) ferblanterie, couverture",tender,construction,open,award,db7b5a3b-fff6-4f0f-9cf2-aa09edb86fad,2025-01-14,GE,Genève,1201,"Unité soumissions - Département de l'aménagement, des constructions et de la mobilité (DACM) de la Ville de Genève",0,[]
3817930d-fe30-4d37-a74e-2bd89e06e628,5846,Place Neuve (2044) aménagement esplanade végétalisée,tender,construction,open,award,d2bca65a-8612-40fa-aecf-2b11d7b78d39,2025-01-14,GE,Genève,1204,"Unité soumissions - Département de l'aménagement, des constructions et de la mobilité (DACM) de la Ville de Genève",0,[]
85738a82-1f7c-4450-8412-0acba5801d96,9081,Programme de remplacement de 18 transformateurs HT/BT - TRAVAUX ORNI,tender,construction,open,tender,311566e5-b37c-45ae-a6f7-6493b964db27,2025-01-14,GE,Le Grand Saconnex,1218,Genève Aéroport,0,[]
a0c7a98e-d497-48d3-802c-816bc02f6dd8,9191,Réhabilitation de la STEP d'Yvonand,tender,construction,open,tender,940ebe25-dd12-4fe7-b008-c782fb8be207,2025-01-14,VD,Yvonand,1462,Commune d'Yvonand,0,[]
61709dc8-e2ed-4e1f-aebc-4b2c4af43b1d,9210,STEP Yvonand - Installations électriques,tender,construction,open,tender,b383366b-c1ec-4a54-92aa-8e19ef367b41,2025-01-14,VD,Yvonand,1462,Commune d'Yvonand,0,[]
ec13882d-ca9c-4e49-9b77-a6660c06cb84,2713,Construction du nouveau bâtiment administratif du service de l’eau PROJET BASE Attribution d’un mandat d’ingénieur électricien,tender,construction,open,award,2eb5f9e7-4e9d-41b3-a96e-9f17ed365e07,2025-01-13,VD,Lausanne,1007,Epura SA - BASE,0,[]
71d1f164-917a-443d-a17d-0dd2ab9a614e,8833,Centre sportif de Rouelbeau - Meinier,tender,construction,open,tender,55a0d9ae-2112-4bda-80a9-0b595865cd20,2025-01-13,,,,Commune de Meinier,1,"[""55a0d9ae-2112-4bda-80a9-0b595865cd20""]"
1b95120e-b3db-4ab1-9736-a0f5ef9c54a2,9098,"""CSI Haut Entremont"" Agrandissement de la caserne pompier d'Orsières ",tender,construction,open,tender,382a0d51-164a-4c9e-bf5d-f3f2b3376b4a,2025-01-11,VS,Orsières,1937,Commune d'Orsières,0,[]
40e24846-3f14-4df0-b68d-1f829de9a5c8,9112,"Infrastruktursanierung Perimeter Z3, Ende Dorfplatz Holzji -  Nesselweg, Glis",tender,construction,open,tender,b94c0ce5-a85b-4e1c-820c-441a45d34526,2025-01-11,VS,Glis,3902,alpec engineering ag,0,[]
110a031b-f81f-4654-8138-9712a8133cd7,3180,Renaturation de la Valleyre - Le Mont-sur-Lausanne,tender,construction,open,award,65c88c30-71e6-415d-b30e-45bf42483d70,2025-01-10,VD,Le Mont-sur-Lausanne,1052,Commune du Mont-sur-Lausanne (Sollertia SA),0,[]
415f3c03-19cf-4427-b2ca-4087bd3db85b,4795,Satom SA - Bâtiment LAVACID,tender,construction,open,award,1620fd7a-5e24-4511-8b87-f9febb465628,2025-01-10,VS,Monthey ,1870,Satom SA (Sollertia SA),0,[]
0457d490-b49e-4543-ad7e-99a7fd1701d1,8307,Réfection de la chaussée Grand’Rue – Route des Soufflettes ,tender,construction,open,tender,70f47386-5bff-49e8-8b1f-563e4bcc917d,2025-01-10,VD,Founex,1297,Commune de Founex (Bernard Schenk SA),0,[]
70ffea2a-8d17-408c-9d6c-bf4724fbc9e7,8774,Ausbau Anergiezentrale Visp-West,tender,construction,open,tender,a7320120-46e2-4a28-8ab0-fcea7543ea7b,2025-01-10,VS,Visp,3930,enalpin AG,0,[]
80fcccc5-47c7-4217-bf6b-6da0d546af09,8936,Réaménagements du Chemin de Courseboux et de la Place de la Gare à Cully,tender,construction,open,tender,0508cbee-8f46-4205-bf6a-149afbd0900e,2025-01-10,VD,Cully,1096,Commune de Bourg-en-Lavaux,0,[]
1aba4cce-3e37-48de-a4ad-09803ecd2b9f,9047,"eDossier, rénovation des infrastructures des salles d’audiences",tender,construction,open,tender,a8744325-d608-4ed1-b6e4-ecc5ab5b79b1,2025-01-10,GE,Genève,1200,Office cantonal des bâtiments,0,[]
bbcd1f2d-37c6-4692-97c6-ca9cef70c5a8,8716,"Construction d'une école provisoire pour le site des Corbettes et de Verdeaux à Renens Travaux préparatoires d'installations de chantier, de fouilles et de terrassement",tender,construction,open,tender,9928eb7f-9e7c-4b3f-983b-3f2e0eef09a5,2025-01-09,VD,Renens,1020,werkbüro architectes sàrl,0,[]
2b47c0d4-f5eb-4231-a627-a6522db61c5a,8620,TRANSFORMATION ET AGRANDISSEMENT DE LA SALLE POLYVALENTE DE CHALAIS - CFC 240 SONDES GEOTHERMIQUES,tender,construction,open,tender,2820745b-0247-432a-a0da-0e9b7746e6cf,2025-01-08,VS,Chalais,3966,Administration communale de Chalais,0,[]
10a338f1-e836-4e77-9b5d-84e624aea2d0,1251,Collombey / CAD / Densification Colombes,tender,construction,open,award,e0f8b785-4757-458b-a2ca-d6de02c726a6,2025-01-07,VS,Collombey,1868,nco-ing SA,0,[]
fc02ab4e-2e13-418c-9318-b42314474df7,8431,SATOM_CAD_Nord_Lot_6_Franchissement_Rhône,tender,construction,open,tender,bc12f62f-4945-42a1-9c80-9fc0750f46a9,2025-01-07,VS,Illarsaz,1868,SATOM SA,0,[]
9f1fec1a-3081-4ef0-be23-8f97747e6e90,4897,Meinier-Meynite Construction de logements,tender,construction,open,award,fffcae60-fd64-4aeb-b034-c13e821aa615,2025-01-06,,,,Fondation Immobilière de Meinier,1,"[""fffcae60-fd64-4aeb-b034-c13e821aa615""]"
4b254177-cb5a-41d4-9363-9f944fa44e7f,4961,Meinier-Meynite Construction de logements-Menuiseries Extérieurs en Bois,tender,construction,open,award,885c06ce-8ce5-49ab-b02b-30978cc58be8,2025-01-06,GE,Meinier,1252,Fondation Immobilière de Meinier (FIM) - acau architecture sa,0,[]
0a212697-411c-4609-a185-e1a2dfe6f93b,5744,Sécurisation de la Dranse - Travaux de génie civil pour la zone amont Ville-Étape 1,tender,construction,open,award,8b913429-b0d4-4070-962f-30abf4be88fb,2025-01-06,VS,Martigny,1920,Commune de Martigny - Services Techniques ,0,[]
b9134926-5142-40ec-a804-4fd108b4b285,7539,IBM Construction de deux immeubles de logements à Montana-Village - CFC 214 Construction en bois,tender,construction,open,tender,1798129a-28de-435e-87d5-95c659354e38,2025-01-02,VS,Montana,3963,Bourgeoisie de Montana,0,[]
1c61fe81-3fe0-41a8-bb54-613d29b575d2,11601,CFPC-TERNIER-Rénovation étanchéité toitures salle de gym,tender,construction,open,tender,88666649-e9bc-4cae-aefa-cb15492a4fd9,2025-02-28,GE,Lancy,1213,Office cantonale des bâtiment (OCBA),0,[]
29e84944-107a-4b75-9646-e1584035495a,12177,"Réfection de la Route de Lousse aval et réfection et compléments des services (eau potable, eaux usées et eaux claires) - Travaux de génie-civil",tender,construction,open,tender,05023ace-85d8-4b95-b4ec-26b31aace051,2025-02-28,VS,Hérémence,1987,Administration communale d'Hérémence,0,[]
42ddfcf1-4c0d-40f6-ab90-bc68a0c5cce9,12266,Rénovation et assainissement énergétique du Centre d'enseignement professionnel de Vevey,tender,construction,open,tender,190b1500-872e-41a0-8fa2-cac3383cd7bf,2025-02-28,VD,Vevey,1800,DGIP-DIAD-Domaine 2 : Ecoles professionnelles,0,[]
ce593c19-4e19-4148-a5b0-c7f03d4e3d41,12272,"Création d’une zone modérée, mise aux normes Lhand des quais de bus et réfection complète de la chaussée. Route de Cojonnex,  Chemins du Praz-d’Eau, de la Vuillette et de Praz-Buchilly",tender,construction,open,tender,1d452d74-ec41-4bc4-a4a6-c9d38d394515,2025-02-28,VD,Lausanne,1000,Ville de Lausanne – FIM – Service de la mobilité et de l’aménagement des espaces publics (MAP),0,[]
1108cfa0-16a4-4734-8ecb-eb197550d5d6,1527,Police Internationale,tender,construction,open,award,e69c9211-bbe6-4c88-9d8b-367c3b196b1f,2025-02-28,GE,Le Grand-Saconnex,1218,REPUBLIQUE ET CANTON DE GENEVE - Département du Territoire (DT) - Office cantonal des bâtiments (OCBA),0,[]
bb812b8a-e9fc-4d9e-9ffe-bee26b106296,5035,MA III Sion sous-station H3 - LR0842_Renforcement de digue,tender,construction,open,award,24445689-115c-48ad-8ce5-c200a80c5bcb,2025-02-28,VS,Sion,1950,Service des dangers naturels / Dienststelle Naturgefahren - Section R&L / Sektion RuG,0,[]
e53d0393-bb15-4c1c-86c4-46d107fbe225,8418,"Construction d'un centre médical, salle multi-usages, UAPE et crèche à Evolène -Marché 5 - CFC 221 - Menuiseries extérieures",tender,construction,open,abandonment,77648895-4a04-43f8-b6fb-326b71dc001d,2025-02-28,VS,Evolène,1983,Madeleine architectes,0,[]
6cf5bd99-b6ce-4c07-b103-10b50ae1d6f3,6700,CFC 284.2 Exutoires de fumées,tender,construction,open,award,d0cdd8eb-c0a5-4e05-a969-d36189738e74,2025-02-27,GE,Grand-Lancy,1212,Fondation du Stade de Genève,0,[]
fc3cafc7-8936-4e96-8945-a41d4d9f8a47,6709,CFC 211.6 Maçonnerie - Buvettes et stockage,tender,construction,open,award,53d7b38f-0134-4902-be35-7b6d30cce576,2025-02-27,GE,Grand-Lancy,1212,Fondation du Stade de Genève,0,[]
2d461620-823c-4509-9716-35d7fc66c929,11077,Extension du Cycle d'orientation de la Golette à Meyrin - CFC 281.2 Revêtement de sol en linoléum ,tender,construction,open,tender,bddbc85a-69b9-4890-a67a-0b01eeeec0ae,2025-02-26,GE,Meyrin,1217,Etat de Genève - Département du Territoire (DT),0,[]
4e48cb56-c8f2-4a7a-99fc-e0900fe4f738,4469,Réaffectation ancien bâtiment des travaux publics - AO Gros œuvre ,tender,construction,open,award,815609ef-1aac-471e-a178-08e4af061370,2025-02-26,VS,Savièse,1965,Municipalité de Savièse,0,[]
fd832a76-81a7-4430-afab-fc0854fae80e,5406,EMS - Goumoëns-La-Ville - CFC 272.2 Ouvrages métalliques courants,tender,construction,open,award,2aa68ea2-0afa-4bec-aa91-607d3a5a4920,2025-02-26,VD,Goumoëns-La-Ville ,1376,Fondation LesChateaux,0,[]
e621526c-ff2d-4a0f-8d0a-bb445cd7403c,5670,"Centre sportif de Verbier - CFC 211 Maçonnerie, béton armé",tender,construction,open,award,85ac8090-633e-4fc4-b4f3-1ada5eb9b025,2025-02-26,VS,Verbier,1936,Quartal Sàrl,0,[]
58ca458f-2f73-46de-915c-9582ad46bbe5,5695,Centre sportif de Verbier - CFC 244 Ventilation,tender,construction,open,award,3ded2080-cf81-4724-b9c9-58b6650c6c21,2025-02-26,VS,Verbier,1936,Quartal Sàrl,0,[]
1894a43f-3915-4ccd-8520-506e082c11dc,5824,EMS - Goumoëns-La-Ville - CFC 214 Construction en Bois,tender,construction,open,award,38232baa-7860-4eb2-9e60-d5d72c87a3da,2025-02-26,VD,Goumoëns-La-Ville ,1376,Fondation Les Chateaux,0,[]
fde5504a-3597-4465-8214-139c2bf9cd97,6523,Immeuble Noble Contrée / isolation périphérique,tender,construction,open,award,b97b1a54-a977-4aa5-ae27-6aa3eeb6bb94,2025-02-26,VS,Veyras,3968,Commune de Noble-Contrée - service technique,0,[]
bcb40b82-7060-4160-b2e1-2edf135e015a,11434,Construction Passerelle de Prébois - Lot 7 - Charpente métallique,tender,construction,open,tender,a6529b30-1cc4-47a4-9685-f32f6a3b182b,2025-02-25,GE,Vernier,1214,Direction des projets d'espaces publics (DPEP) - B+S Ingenieurs,0,[]
7911893d-1842-45d2-b5e2-9bc253b16cb8,6069,Bâtiment d'Art Contemporain (BAC) - 2063TI - Façades,tender,construction,open,award,bf85131c-cac5-43bb-976f-33eb043d767b,2025-02-25,GE,Genève,1205,"Unité soumissions - Département de l'aménagement, des constructions et de la mobilité (DACM) de la Ville de Genève",0,[]
fe2e653a-78fd-48cd-88fc-a8553fbd4a37,10984,201246011262 UNI SCIENCE II,tender,construction,open,tender,f598d8f5-8cc2-4cb2-a75e-b6d3bf341a82,2025-02-24,GE,Genève,1205,Office Cantonal des Bâtiments,0,[]
c72f051e-8a03-4476-8b9c-25548da3ee4c,11110,201246021237 UNI DUFOUR,tender,construction,open,tender,d6b74bff-d780-4728-aca3-9fe2afedf007,2025-02-24,GE,Genève,1204,Office Cantonal des Bâtiments,0,[]
fab58e3a-e562-4489-90cf-64a9ee4b1827,8732,Transformation du bâtiment de la cure d'Evionnaz - CFC 211,tender,construction,open,award,57d5564e-9618-4cee-8aa3-a09ce8cd9387,2025-02-24,VS,Evionnaz,1902,Commune d'Evionnaz,0,[]
cddfabcd-fd75-4a29-8608-20d004af67a4,5278,"CFF, Gare d'Ependes: Mise en conformité LHand / Remplacement dalle de lʼaqueduc, nouveau drainage et accès aux quais ",tender,construction,open,award,dec65086-2896-409b-84b6-00f2e13d5dcd,2025-02-22,VD,Ependes,1434,SBB CFF FFS Achats projets de construction Région Ouest,0,[]
fbbc410e-49d0-4794-b227-11310aff92cb,6453,Cycle d'Orientation de Sécheron - Projet Cool-City - Réaménagement du préau et des espaces extérieurs,tender,construction,open,award,0d1a386a-37b7-46ca-8d61-f4ca1b7b4238,2025-02-22,GE,Genève,1203,REPUBLIQUE ET CANTON DE GENEVE  Etat de Genève-Département du territoire-Office de l'urbanisme-Direction des Projets d'Espaces Publics,0,[]
1ab5a259-5f2e-4759-b544-9e1c67736e9b,9287,Collecteur EU et EP du chemin de la Petite-Voie - Genthod,tender,construction,open,tender,56b7a371-ffb7-4d6e-9a47-24a416d881f9,2025-02-22,GE,Genthod,1294,Commune de Genthod,0,[]
a9d11d19-aa77-4b94-8e4a-6a2d485d0eea,11357,"Sanierung Hôtel Glacier du Rhône, Gletsch / BKP 273.3 Allgemeine Schreinerarbeiten",tender,construction,open,tender,e808139f-b711-4b6f-8245-c5c4fbf41f77,2025-02-21,VS,Obergoms,3999,Service immobilier et patrimoine / Dienststelle für Immobilien u. Bauliches Erbe - Gérance et entretien d'immeuble / Immobilienverwaltung u. Unterhalt,0,[]
05fc6b7b-28a7-449b-bc22-45a4f5063350,11593,LET - Lot 16 portes intérieures en métal ,tender,construction,open,tender,eda714a4-9972-4903-b0d7-4c2cf45552b4,2025-02-21,VD,Chavannes-près-Renens,1022,Fondation Maisons pour Etudiants Lausanne FMEL - pragma-sa ,0,[]
2f241f66-8d0f-42b4-8400-7ee0162155f6,11614,SZO Hôpital du Valais - SKP 358 Cuisine provisoire SEB,tender,construction,open,tender,53b9b3ff-d238-43d4-8984-fa17115f52f7,2025-02-21,VS,Brig-Glis,3900,Hôpital du Valais - Spital Wallis ,0,[]
46311ffc-20cf-4ba7-b972-2a136276bde4,11720,Agrandissement de l'Ecole primaire de Saxon (de type Portakabin),tender,construction,open,tender,44463bc0-1099-4f96-9dc1-1a7c7279df89,2025-02-21,VS,Saxon,1907,Administration Communale,0,[]
b9e13596-8797-43f5-a829-3f5bf6dcebb1,11736,Satom SA - Bâtiment LAVACID,tender,construction,open,tender,ada60de2-f9c5-4432-99e2-46328e291ac8,2025-02-21,VS,Monthey,1870,Satom SA (Sollertia SA),0,[]
d2685c0b-1542-4960-944e-b79c3927bea8,5335,CFC 230 - Rénovation et mise en conformité des installations électriques de l'Ecole Professionnelle Commerciale Vallée de la Jeunesse de Lausanne,tender,construction,open,award,f5e19931-267e-4209-a19a-ec015e2d3a0c,2025-02-21,VD,Lausanne,1007,Etat de Vaud DGIP DIAD (dettling péléraux architectes),0,[]
bb626846-2219-489a-8c50-266e20859e3b,5839,"Sécurisation et Restructuration du Centre des Congrès,d’Exposition - CCE Montreux",tender,construction,open,award,4d5cfc52-3e48-42da-875a-e153f2386877,2025-02-21,VD,Montreux,1820,Commune de Montreux,0,[]
f73afeee-4e3a-498a-aa6a-3299bc47b9b6,7163,Rénovation et assainissement énergétique du Centre d'enseignement professionnel de Vevey,tender,construction,open,award,fb5d7358-3385-44af-8347-80e49b734634,2025-02-21,VD,Vevey,1800,DGIP-DIAD-Domaine 2 : Ecoles professionnelles,0,[]
bacb0d47-fbbf-45e4-819e-e2c0b8941e77,7168,Rénovation et assainissement énergétique du Centre d'enseignement professionnel de Vevey,tender,construction,open,award,c8c54a85-aab4-4187-bb72-d6a968ac3c46,2025-02-21,VD,Vevey,1800,DGIP-DIAD-Domaine 2 : Ecoles professionnelles,0,[]
6cdf48b5-6907-426b-8eb1-d4233774bd67,10543,Extension de la Haute Ecole de Santé de Genève,tender,construction,open,tender,ebd337da-21ef-4103-ae5d-b7c54bfe1fb5,2025-02-20,GE,Genève,1206,"Etat de Genève, Département du Territoire - DT, Office cantonal des bâtiments - OCBA",0,[]
bbb2461a-8757-4024-9395-fa9e955a7bc8,11010,"Le Leman, Quai de Cologny -  Aménagements lacustres  Roselière tronçon 3",tender,construction,open,tender,47c6bb26-cfd8-4db5-8b54-9b03825764d3,2025-02-20,GE,Quai de Cologny,1223,DT - Office cantonal de l'eau - Service de l'aménagement des eaux et de la pêche,0,[]
0da12484-03e3-4d98-a6b7-9b3410634963,11257,Güterumschlaghalle P1 Saas-Fee - Instandsetzung 2025,tender,construction,open,tender,f59c9ab9-4b95-42ca-9a26-7d774fea7d19,2025-02-20,VS,Saas-Fee,3906,Gemeinde Saas-Fee ,0,[]
c4cb1ae7-3d6c-476f-bbce-f7c1b0401514,4222,Patinoire intérieure des Vernets (2033TI) installations chauffage - ventilation,tender,construction,open,award,d44a8113-2ab7-4ad9-9718-76d4514582ef,2025-02-20,GE,Genève,1205,"Unité soumissions - Département de l'aménagement, des constructions et de la mobilité (DACM) de la Ville de Genève",0,[]
fade6273-6bdc-43f0-8014-eeec2de18aa2,6261,Réfection de voie et abaissement des radiers dans les tunnels de la Crête à Martin et Larzette,tender,construction,open,award,e74bffbe-28b7-429e-8fc9-11c5623d9b69,2025-02-20,VS,sembrancher,1933,Achats - TMR SA,0,[]
9d3b44ed-97be-4a08-abf6-ace9b183e18d,7270,DRAG E-BUS - Lot 2 - Ligne 5 - Prestations CVSE,tender,construction,open,abandonment,e5b5b053-fbf3-4400-a5f2-75ea4ab0f832,2025-02-20,GE,Thônex,1226,OCGC - Service des Infrastructures Transports Publics (MOE),0,[]
a2f7aaff-86dd-4b9a-b689-bca2cf070328,7876,"Sportanlage Mühleye Visp, Neubau Kunstrasen",tender,construction,open,award,b3046e27-2484-4a29-bd84-e31e91a21edf,2025-02-20,VS,Visp,3930,Sportrasen GmbH,0,[]
a712e191-4ccd-4d59-8730-389462c6ba70,11430,"ASI Venoge, appel d'offres CFC 273.3 Menuiseries courantes",tender,construction,open,tender,d6ab2e22-45b8-46a3-a467-3e398784c323,2025-02-19,VD,Penthalaz,1305,ASI Venoge - Association Scolaire Intercommunale de la Venoge - (Ferrari Architecte),0,[]
59d6515f-08f2-4048-aa6b-e5ac4e7cc7c8,11535,Travaux de terrassement - génie civil - coffrage - béton - maçonnerie - Réservoir des Lapiès,tender,construction,open,tender,34bf0c0d-8231-4406-a49e-dfcb1fec6b9f,2025-02-19,VD,Leysin,1854,Commune de Leysin,0,[]
7aae21b0-cd71-41c5-b8bd-f9af5d4f1acf,11574,Aménagement du secteur Plage - travaux de jardinage - CFC 421,tender,construction,open,tender,6ca119be-ec7f-46d6-aafe-5565e05150a6,2025-02-19,VD,Yverdon-les-Bains,1400,Ville d'Yverdon-les-Bains - Service de l'urbanisme (URB),0,[]
37ec20b4-22c5-42d7-ac9e-e80231b026b9,10505,Campus Battelle - Infothèque,tender,construction,open,tender,4727d5fe-f6c0-4e61-afdf-0d047da2c969,2025-02-18,GE,Carouge,1227,Office Cantonale des Bâtiments (OCBA),0,[]
cba50e38-1403-471a-a6aa-0b721924fcd9,11095,Commune de Bex - Chemins de la Scie et de la Colline - Travaux de route et canalisations,tender,construction,open,tender,6aa69e41-9b32-4221-9821-34c6056d6411,2025-02-18,VD,Bex,1880,Commune de Bex - Service technique,0,[]
cce33bf8-9bcf-4bfa-9cb4-bd8fa21ffead,11131,Rénovation et assainissement énergétique de l'école supérieur de la santé à Lausanne,tender,construction,open,tender,061588f6-0302-489a-8ca0-0cc7087f5802,2025-02-18,VD,Lausanne,1005,Etat de Vaud - DEIEP - DGIP,0,[]
2afa7860-f67a-4854-91d3-3c21cb78f34e,11500,"Requalification du quartier Midi – Beau Séjour – Phase A, Réaménagement de l’espace public et plantations",tender,construction,open,tender,7c24a755-2389-4d69-8eee-56fd494fcd8c,2025-02-18,VD,"Rues Monnard, Beau Séjour, Midi, Gibbon et Grotte",1003,Ville de Lausanne – FIM – Service de la mobilité et de l’aménagement des espaces publics (MAP),0,[]
606fb9fa-4174-4cce-8b76-3942ea9b897e,5563,297_Groupe scolaire des Grands Esserts à Veyrier - Soumission sanitaire ,tender,construction,open,award,21c20250-491b-4094-9c71-14b215a7daa5,2025-02-18,GE,Veyrier,1234,Commune de Veyrier,0,[]
5998d3e4-aec9-48d6-9139-ad347e9efddb,7327,Extension du Cycle d'orientation de la Golette à Meyrin - CFC 285.1 Peinture intérieure,tender,construction,open,tender,bdfcf504-aa40-4e33-a50c-f392e0b154d6,2025-02-18,GE,Meyrin,1217,Etat de Genève - Département du Territoire (DT),0,[]
a33df825-56fc-47bb-a19c-22daf17e3f04,8884,Lot 20 / CFC 233.1 et 233.2 Lustrerie et Lustrerie de secours,tender,construction,open,tender,b6a3e1ee-5b28-4460-9d76-bd5e45aaf85b,2025-02-18,GE,Chemin Thury 6,1206,"Etat de Genève, Département du territoire - DT, Office cantonal des bâtiments",0,[]
1c74f934-f570-40d6-b48f-86acb0c55be0,5072,Services de piquet pour les portes des établissements de détention - multisites,tender,construction,open,award,8d676c2a-6302-4ed7-9d3e-9c5d4228a7bc,2025-02-17,GE,Genève,1201,Office cantonal des bâtiments (OCBA) - Service Achats et Contractualisation,0,[]
8324da4a-a836-4b98-afe6-fbd20c15e419,1431,"Vieux-Lully, Bernex - logements, commerces, centre culturel - lot 27200 Portes intérieures en métal",tender,construction,open,award,40a9a078-b82e-4d8f-ad4b-ccce84821865,2025-02-15,GE,Bernex,1233,Fondation de la Commune de Bernex pour le Logement,0,[]
40eeb9aa-5cc4-43ea-9001-56ec1fbac6fa,1448,"Vieux-Lully, Bernex - logements, commerces, centre culturel - lot 41100 Aménagements paysagers",tender,construction,open,award,09957762-97dc-46a9-b300-eb417d18ee83,2025-02-15,GE,Bernex,1233,Fondation de la Commune de Bernex pour le Logement ,0,[]
144f117c-354d-4d79-ad08-6462a7339c44,1967,"Vieux-Lully, Bernex - lot 22100 Fenêtres en bois (logements, commerces, centre culturel) ",tender,construction,open,award,47c5a481-15c3-4095-8ee8-f212d1c3594a,2025-02-15,GE,Bernex,1233,Fondation de la Commune de Bernex pour le Logement,0,[]
a6f81041-67bf-4848-a70a-f6ed04f3bf06,10590,Bât. IV - 1950 Sion - CFC 211,tender,construction,open,tender,116e5e07-a6a7-4ecc-aa6e-ecbbb044fd94,2025-02-14,,,,"Ville de Sion, Hôtel de Ville",1,"[""116e5e07-a6a7-4ecc-aa6e-ecbbb044fd94""]"
f102b753-b813-40b4-a433-aa776c813b3d,10598,Bât. IV - 1950 Sion - CFC 221,tender,construction,open,tender,d451f847-4418-4a2d-b981-1dd9d20a77be,2025-02-14,,,,"Ville de Sion, Hôtel de Ville",1,"[""d451f847-4418-4a2d-b981-1dd9d20a77be""]"
ade29f8f-fe14-495a-97be-c95612fdf365,11318,Commune de Vully-les-Lacs - site scolaire de Salavaux / salle de sport double VD5 et transformation du bâtiment existant - CFC 221.4 Fenêtre en aluminium et CFC 221.6 Portes extérieures en métal,tender,construction,open,tender,0181721a-4ba2-4432-84be-d48c247e9c75,2025-02-14,VD,Salavaux,1585,Commune de Vully-les-Lacs,0,[]
b515f6b3-5e9f-46ba-a095-82798afb290e,11324,Aménagements du Ru Malet + collecteurs avec rehaussement Carrefour de la route  des Chevaliers-de-Malte avec chemin du Pré-du-Camp - Aménagement d’une passerelle bois-métal,tender,construction,open,tender,c3a581df-0fc2-41cb-b293-de124e2fa5ed,2025-02-14,,,,Commune de Plan-les-Ouates - Service Construction et Aménagement - Solfor SA,4,"[""c3a581df-0fc2-41cb-b293-de124e2fa5ed"", ""c3a581df-0fc2-41cb-b293-de124e2fa5ed"", ""c3a581df-0fc2-41cb-b293-de124e2fa5ed"", ""c3a581df-0fc2-41cb-b293-de124e2fa5ed""]"
37a618f0-942c-41c3-a6ad-4de4b93bb5f4,3904,MATE4 - Rénovation Maternité - Etape 4 Bâtiment 3A - CFH 271.00 - ENDUITS INTERIEURS ,tender,construction,open,award,43417dfc-c4f5-4739-821e-bc4e474b1703,2025-02-14,GE,GENEVE,1205,Centrale d'achats et d'ingénierie biomédicale Vaud-Genève (CAIB),0,[]
76c4de0e-1c4d-4d5f-a338-fc0dad460c6b,5991,Sécurisation et Restructuration du Centre des Congrès d’Exposition - CCE Montreux,tender,construction,open,award,01a017f4-80bb-4e60-941e-de14e030f5ca,2025-02-14,VD,Montreux,1820,Commune de Montreux,0,[]
e8cd3167-15f2-4c37-b5c7-95186819dedd,7120,Entreprise de correction fluviale (ECF) de la Grande Eau à Aigle,tender,construction,open,award,25176d94-640a-406d-b893-aef0d3683570,2025-02-14,VD,Aigle,1860,Direction générale de l'environnement - DGE-EAU,0,[]
36e20f9b-e923-4bcd-9e99-60a1e819082a,10304,Remplacement de la conduite d'adduction d'eau potable de Haute-Veveyse - Pose d'une conduite de distribution et de défense incendie dans la route de Châtel-St-Denis entre le réservoir du Mont-Blanc et le chemin du Saugy,tender,construction,open,tender,d73e49ec-041e-43c0-90f1-6a47930af528,2025-02-13,VD,Blonay-St-Légier,1806,Comme de Blonay-St-Légier,0,[]
bdbcce1b-8b31-4769-a251-3ffdb12b222a,10615,Giratoire Saint-Michel à Moudon,tender,construction,open,tender,cb415691-0b5b-427d-bd43-f850f2b4aec4,2025-02-13,VD,Moudon,1510,Commune de Moudon - NPPR Ingénieurs et géomètres SA,0,[]
f1292e21-a011-4e39-bd21-b0634758fddd,11020,GENILAC – Sous-station MBC Plaza,tender,construction,open,tender,1e233c5d-d421-403d-ac80-2d82810fffd6,2025-02-13,GE,Genève,1201,Services industriels de Genève (SIG) - Direction Achats,0,[]
2d6a7533-631c-4e76-bca8-6f74edeb5d44,7291,"RC no 69 St-Pierre-de-Clages - Chamoson - Ovronnaz, intérieur de Grugnay, réfection de la chaussée",tender,construction,open,award,e0bf5fe6-6d5d-41a4-86f6-f8275cda9cd3,2025-02-13,VS,Chamoson,1955,"DMTE, Service de la mobilité, arrondissement 2, Valais central",0,[]
3a0f4ce6-25d6-481e-b71f-85d1d2278ca2,10698,"Projet d'extension de l'Unithèque. Appel d'offres lot 107 froid commercial, chambres froides",tender,construction,open,tender,6c3b1d93-0866-4b48-b69a-efa30f622bc3,2025-02-12,VD,Ecublens,1024,COPIL des constructions universitaires p/a DEIEP - Direction générale des Immeubles et du Patrimoine (DGIP),0,[]
d898cabd-17ae-44cd-9a20-c2017a3fa8ec,10981,"ASI Venoge, appel d'offres CFC 231 installations photovoltaïques",tender,construction,open,tender,e22bafb5-90dd-448b-b7ee-b569186a0994,2025-02-12,VD,Penthalaz,1305,ASI Venoge - Association Scolaire Intercommunale de la Venoge - (Ferrari Architecte),0,[]
e0ce8402-7080-44d1-ac6c-6b8ceae0f612,11056,EXTENSION DU CO DU SECHERON,tender,construction,open,tender,cb406d8a-9caa-4cce-b5e4-aead9f5fb7a0,2025-02-12,GE,Avenue Blanc 1-3,1202,Office cantonal des bâtiments (OCBA) - acau architecture sa,0,[]
9f421360-259f-4603-a2f9-aab1400c0dda,11083,"Projet d'extension de l'Unithèque. Appel d'offres lot 106 froid commercial, parties techniques frigorifiques",tender,construction,open,tender,1912c25d-b664-44ec-9e01-7577a8e1bfcb,2025-02-12,VD,Ecublens,1024,COPIL des constructions universitaires p/a DEIEP - Direction générale des Immeubles et du Patrimoine (DGIP),0,[]
0f9742a5-0d96-48d7-9ce7-1e618cbc8820,9649,Extension du cycle d'orientation du Foron - Electricité CFC 23,tender,construction,open,tender,460e688e-f140-4dc6-9215-f3a3f365823f,2025-02-12,GE,"Chemin du Foron, 43 - Thônex",1226,OFFICE CANTONAL DES BATIMENTS,0,[]
a7fc2fb6-d87d-46b5-9cab-3af369ce0fee,1091,Campus Santé - Lot 106 vitrage de toit plat / ETFE,tender,construction,open,award,191b033a-6c10-492e-bc7b-b7e32b87fc49,2025-02-11,VD,Chavannes-Près-Renens,1022,Etat Vaud - DGIP p/a Pool de mandataires Banquet,0,[]
a901ee6d-5a72-4dcd-bb03-a18cb4be2194,1603,WCP - Toilettes publiques de la Ville de Nyon - Cabines WC préfabriquées,tender,construction,open,award,5fe58b92-7292-4b97-82ca-e7def3f6a01f,2025-02-11,VD,Nyon,1260,Glatz & Delachaux,0,[]
bd932516-2c6b-40c7-b11a-3d76e3960d7d,1706,Assainissement Conduite Forcée Sublin,tender,construction,open,abandonment,e81b1163-cd3c-4f8f-a4a0-0a62a4a1213b,2025-02-11,,,,HYDRO Exploitation SA,3,"[""e81b1163-cd3c-4f8f-a4a0-0a62a4a1213b"", ""e81b1163-cd3c-4f8f-a4a0-0a62a4a1213b"", ""e81b1163-cd3c-4f8f-a4a0-0a62a4a1213b""]"
fdeb5a7a-25e6-488b-b7af-917025b53750,8991,Lot 19 / CFC 231.2 et 231.3 Ensemble d'appareillages et automatisme du Bâtiment,tender,construction,open,tender,765d16be-a600-474b-bbad-e4c2c042d1fa,2025-02-11,GE,Chemin Thury 6,1206,"Etat de Genève, Département du territoire - DT, Office cantonal des bâtiments",0,[]
f8c31e91-6c20-4ece-aa4b-2eac4f1f656b,10148,"Ville de Morges, Chemin de Tolochenaz",tender,construction,open,tender,4f561e93-041c-4bc2-b946-89db6c8e6b84,2025-02-10,VD,Morges,1110,"Ville de Morges, infrastructures et gestion urbaine",0,[]
04c56958-3f57-404a-bb73-6e2e8dd1fedf,10632,"Réaménagement routier et de conduites - Avenue des Baumes, chemin des Bulesses, chemin de Muraz",tender,construction,open,tender,6981d4e2-9656-4331-9307-fdd682629f9d,2025-02-07,VD,La Tour-de-Peilz,1814,Ville de La Tour-de-Peilz - Service de l'urbanisme et des travaux publics,0,[]
30a4f813-9654-4d6a-8089-3695ca2b90b9,6560,Elargissement  et construction d'un mur de soutèment - Route de Solalex à Gryon,tender,construction,open,award,9fa4230d-4142-4ab5-88cb-6c039b81a5ae,2025-02-06,VD,Gryon,1882,bgi sa,0,[]
751ee69b-8e18-4020-8bc0-80ba00db1508,10299,Modernisation et extension du réseau informatique des écoles lausannoises - CFC 230 Installations électriques - Lots 14-16,tender,construction,open,tender,d7432b45-c738-4242-8f20-533c8fafd63d,2025-02-05,,,,Ville de Lausanne – EJQ - Service des écoles et du parascolaire (SEP),3,"[""d7432b45-c738-4242-8f20-533c8fafd63d"", ""d7432b45-c738-4242-8f20-533c8fafd63d"", ""d7432b45-c738-4242-8f20-533c8fafd63d""]"
6e9eea28-8168-4d5f-b8a3-248ce774f1cf,10410,EXTENSION DU CO DU SECHERON,tender,construction,open,tender,beddf7c6-a99c-45dc-b05a-2a8974d69b11,2025-02-05,GE,Avenue Blanc 1-3,1202,Office cantonal des bâtiments (OCBA) - acau architecture sa,0,[]
6ecc63a9-c86f-430f-b664-1d90b4b62d22,10469,Piste d'exercices PCi à Cossonay-Gollion,tender,construction,open,tender,a024cf78-134c-45ee-a03f-53dd79a6526b,2025-02-05,VD,"En Valézard, Cossonay",1034,Etat de Vaud - DEIEP-DGIP,0,[]
b50d132b-dbd3-4523-bf30-f51eb65ff5cd,10493,Quartier intergénérationnel d'habitations village d'Athenaz (Avusy) / Lot 25 - Carrelage,tender,construction,open,tender,cb01a59f-98ad-4477-9315-1ecb44cc703e,2025-02-05,GE,Athenaz (Avusy),1285,Commune d'Avusy,0,[]
374cf3bf-3eed-4bcb-a5f2-8898e52cec1e,1984,SZO Spital Wallis - SKP 281 revêtements de sol et de mur TP1 + TP7,tender,construction,open,award,40bed8fd-0425-4768-8ad5-7c37e94d83d7,2025-02-05,,,,Hôpital du Valais - Spital Wallis ,2,"[""40bed8fd-0425-4768-8ad5-7c37e94d83d7"", ""81b0aaf6-05e0-45e5-8d9e-2078e829161e""]"
4b09aafd-4a74-4711-aac4-e5e46a23b155,2085,Extension du Cycle d'orientation de la Golette à Meyrin - CFC 230 Installations électriques,tender,construction,open,award,171f4e96-40c4-4312-b839-bc6d1c8a723b,2025-02-05,GE,Meyrin,1217,Etat de Genève - Département du Territoire (DT),0,[]
51cf9fc9-3189-483e-93eb-be1f50e8f368,2399,Extension du Cycle d'orientation de la Golette à Meyrin - CFC 273 Menuiserie,tender,construction,open,award,53d66861-aeca-4a70-9e9e-4814f66ea954,2025-02-05,GE,Meyrin,1217,Etat de Genève - Département du Territoire (DT),0,[]
252d43ed-55bc-44fa-b9bf-0b89dada1bf9,2936,Extension du Cycle d'orientation de la Golette à Meyrin - CFC 281.0 Chapes,tender,construction,open,award,8feb5e29-4062-46b5-8b61-b73c6336a88a,2025-02-05,GE,Meyrin,1217,Etat de Genève - Département du Territoire (DT),0,[]
0529be25-ae87-4b3d-8a5e-55b684983c94,3732,Baumeister Umbau Bahnhof Goppenstein,tender,construction,open,award,791865a0-6082-4ade-8b40-7a46644a2640,2025-02-05,VS,Goppenstein,3917,BLS AG - Finance & SCM - Strategische Beschaffung,0,[]
7336f439-5e7d-4eda-9462-40d8998d97f5,8186,Piste d'exercices PCi à Cossonay-Gollion,tender,construction,open,tender,13263eb6-7351-4ba5-a0bc-0402e686ef2a,2025-02-05,VD,"En Valézard, Cossonay",1304,Etat de Vaud - DEIEP-DGIP,0,[]
a609d3ca-66f0-407c-880e-047ee8bad99d,848,Extension du Cycle d'orientation de la Golette à Meyrin - CFC 271 Plâtrerie,tender,construction,open,award,edefa04c-61ff-4842-8ab7-01060a2e3abf,2025-02-05,GE,Meyrin,1217,Etat de Genève - Département du Territoire (DT),0,[]
ed264333-dd07-43e3-90d1-17b4df63f35a,9870,Blavignac 13 - 1227 Carouge,tender,construction,open,tender,69d249c8-fbc2-4316-9701-12a0aaa578de,2025-02-05,GE,Rue Blavignac 13 - Carouge,1227,Office cantonale des Bâtiments (OCBA),0,[]
6da5df7b-c550-4012-a63e-803b2f607e92,10232,"Commune de Hautemorges, réfection des chemins agricoles communaux, étape 1",tender,construction,open,tender,de677ef2-c61d-404b-8b68-3e2b2001f63c,2025-02-04,VD,Apples,1143,Commune de Hautemorges,0,[]
247125d3-626e-441e-b744-2b3b142eefe1,10240,"Bussigny, EMS Gravernayse / AO-39, Sols en pierres naturelles",tender,construction,open,tender,7204cc66-ed1f-45b7-9c7d-562e742c2fc0,2025-02-04,VD,Bussigny,1030,Fondation les Baumettes (aplanir sàrl),0,[]
3d0c88d3-6a27-4469-8df9-1bc11343007f,10255,Commune d’Arzier-Le Muids - Élargissement routier – RC 24,tender,construction,open,tender,203cd759-9b49-4d16-9409-f91a8e449deb,2025-02-04,VD,Arzier - Le Muids,1273,JMJ ingénieurs conseils Sàrl,0,[]
2a89115c-3b7d-48ae-923e-1b98ed166ff3,10301,"Centrale thermique (CTA) – Résine, Peinture intérieure et Cloisons",tender,construction,open,tender,cc5307ad-fd01-4a68-a9d8-b7cc110785ad,2025-02-04,GE,Grand-Saconnex,1218,Services industriels de Genève (SIG) - Direction Achats,0,[]
26941de2-b16b-4aaa-b3f4-cca0d981ffa7,10308,Centrale thermique (CTA) – Porte,tender,construction,open,tender,93de98da-2eaa-40a1-8f56-79c8f6409569,2025-02-04,GE,Grand-Saconnex,1218,Services industriels de Genève (SIG) - Direction Achats,0,[]
f75dd235-b9ec-4e54-8503-f22d14abd78a,6572,Extension du réseau de CAD - 2ème étape / Réaménagement rue du Martheray et Grand'Rue / Remplacement conduite ESP à la Grand'Rue,tender,construction,open,award,0cd03721-ff83-47b9-ab73-8c97bfe11d64,2025-02-04,VD,Begnins,1268,Commune de Begnins (Bovard & Fritsché SA),0,[]
e74f6e30-b3f0-462a-ada7-55e68edde181,10172,"REMPLACEMENT DES FENÊTRES EN BOIS, A L'ANCIENNE, DU BATIMENT DU BLUARD",tender,construction,open,tender,1f8d6a43-e4da-4796-9608-ed65fc0cc795,2025-02-03,VD,Morges,1110,"Ville de Morges - Bâtiments, sports et domaines",0,[]
8d2e6dab-2d17-4021-82b9-2825e23a33cb,3043,51-21125- Réseau MBC  Renouvellement de la voie Bussy-Chardonney - Yens,tender,construction,open,award,8c846cfd-f983-4592-a498-3348e69447cc,2025-02-03,VD,Hautemorges et Yens,1143/1169,MBC - Transports de la région Morges - Bière - Cossonay SA,0,[]
ed6e1eb1-f094-46db-9c5a-156f46316b49,3968,Construction en Entreprise Totale d'une surélévation d'un bâtiment scolaire sur le site du complexe scolaire des trois Sapins à Echallens,tender,construction,open,award,98b4a714-e3fd-41e9-aae8-0dfe6420d223,2025-02-03,VD,Echallens,1040,F-Partenaires SA,0,[]
808362a5-677a-4f3d-b424-cd4aba0999b3,10017,CAD Nord / LOT 2-Z.I. Aigle / Rhône VD – CRR STEP AERA,tender,construction,open,tender,edd70306-4799-48bb-ae62-d02681cf1c62,2025-02-01,VD,Aigle,1860,Genicad Sàrl,0,[]
f6dc943c-77f7-4432-b089-80b11fb47625,7674,Requalification paysagère et végétalisation du cimetière de Thônex,tender,construction,open,award,deb2ad2e-7037-4b19-a1a6-944ac6a49e5b,2025-02-01,GE,Thônex,1226,AVIS VERT,0,[]
1cdd5ded-eb64-4d23-a840-22387fb038ad,14139,Rénovation école de Meyrin Village - CFC 222 Ferblanterie  224.1 Etanchéité souple toiture plate,tender,construction,open,tender,caf1e670-80e5-42b0-ac78-f76e7c37a5fb,2025-03-31,GE,Avenue de Vaudagne 6-8. 1217 MEYRIN,1217,Ville de Meyrin - atba,0,[]
9a3e307b-10cc-4ce5-b583-66034e505e58,14223,"Création d’une zone modérée et mise aux normes de quais LHAND, Av de France Ouest et Av de la Vallombreuse",tender,construction,open,tender,b0c5730e-8937-4342-8bc1-74ff30618410,2025-03-31,VD,Lausanne,1000,Ville de Lausanne – FIM – Service de la mobilité et de l’aménagement des espaces publics (MAP),0,[]
ff51a852-6284-4733-bcc9-5ba16e2ed113,9309,Rénovation de la chaussée du Landtunnel-Riffelalp « Travaux de construction de la voie »,tender,construction,open,award,69660678-02b1-4979-b689-de870e1a3351,2025-03-31,VS,Zermatt,3920,Beschaffungsstelle Matterhorn Gotthard Bahn,0,[]
a9e2b0a7-55de-4442-a722-e70f866108ac,5890,"Gare des Eaux-Vives-LOTBC - 1977TI - Couverture, ferblanterie, étanchéités",tender,construction,open,award,3d6532e2-1fdc-4143-a288-6bea6bd9a65c,2025-03-29,GE,Genève,1205,"Unité soumissions - Département de l'aménagement, des constructions et de la mobilité (DACM) de la Ville de Genève",0,[]
98e89c4b-9248-4f2e-8c80-2f6ac7bbdc21,8349,"Mise en conformité des fenêtres de bâtiments à simple vitrage du patrimoine administratif, lot n°4 de la VdG -Etape 1 - Marché 3 - 2086 - Fenêtres en bois",tender,construction,open,award,97ec1dbd-87cd-48d8-bc9c-e8b53ca14c14,2025-03-29,GE,Genève,1205,"Unité soumissions - Département de l'aménagement, des constructions et de la mobilité (DACM) de la Ville de Genève",0,[]
891156d0-01a1-4138-bd41-edf8a61c596f,8358,"Mise en conformité des fenêtres de bâtiments à simple vitrage du patrimoine administratif VdG, lot n°4, -Etape 1 - Marché 3 - 2088 - Echafaudages",tender,construction,open,award,fdc0405a-6489-442a-ab38-ba02c51cb61d,2025-03-29,GE,Genève,1205,"Unité soumissions - Département de l'aménagement, des constructions et de la mobilité (DACM) de la Ville de Genève",0,[]
3f642018-4df0-416d-b27c-7d8ca1b3e9a0,13766,Belmont-sur-Lausanne - La Cérèce - assainissement routier et collecteurs,tender,construction,open,tender,912b17a2-6cb7-4889-8920-a37a843718b2,2025-03-28,VD,Belmont-sur-Lausanne,1092,Belmont-sur-Lausanne - Service des Infrastructures,0,[]
0c4657ac-56a5-4b92-b221-229cba93b85f,13916,2024-036 Rte de Base,tender,construction,open,tender,af3079ed-b08d-49b2-8822-84c510aaddc3,2025-03-28,GE,Rte de Base,1228,Services industriels de Genève (SIG) - Direction Achats,0,[]
f4980ec4-0e8a-4643-9da9-dad576503f6b,13978,Commune de Vully-les-Lacs - site scolaire de Salavaux / salle de sport double VD5 et transformation du bâtiment existant - CFC 214.4 Revêtements de façade,tender,construction,open,tender,5c9dcbd5-a122-4460-a470-519865d5cd98,2025-03-28,VD,Salavaux,1585,Commune de Vully-les-Lacs,0,[]
7e1c07dd-7524-4829-8679-87af46beb1c0,4121,"Renens, Sainte-Famille / AO-15, construction en bois",tender,construction,open,award,016f9348-19c0-4038-8f02-c2266458ba65,2025-03-28,VD,Renens,1020,Association Sainte-Famille (aplanir Sàrl),0,[]
86eecf06-ba96-43fe-b0b4-305037e3ba8d,6081,Nouvel établissement de formation de l'Ecole de Soins et Santé Communautaire ESSC à Saint-Loup (Pompaples) - CFC 273.0 Portes intérieures bois,tender,construction,open,award,e21522aa-a9f3-41a1-8db2-0490d9eadb0a,2025-03-28,VD,Pompaples,1318,Ecole de soins et santé communautaire - atelier cube sa,0,[]
1511cc93-f221-48ef-9107-a9eebd6e8d5c,6087,Nouvel établissement de formation de l'Ecole de Soins et Santé Communautaire ESSC à Saint-Loup (Pompaples) - CFC 273.4 Portes spéciales & asservies,tender,construction,open,award,3e3c4574-ce05-4cfd-b635-42a3446747e5,2025-03-28,VD,Pompaples,1318,Ecole de soins et santé communautaire - atelier cube sa,0,[]
08cfb1e8-0c82-4bbb-b1ed-93b25097856c,6779,EMS Castel Notre-Dame Martigny - CFC 211.7 Façade en briques de parement,tender,construction,open,award,8dbfea15-ed02-4e82-9ae7-664be99a12e0,2025-03-28,VS,Martigny,1920,Quartal Sàrl,0,[]
7706c3ba-4946-4062-93cf-ae0d1aa8e7f6,10076, Begegnungszone alti Gassa Ried-Brig,tender,construction,open,award,673abd5d-0004-4fee-9847-8cd5bb304d33,2025-03-27,VS,Ried-Brig,3911,Gemeinde Ried-Brig,0,[]
96c2f14d-6369-4ad7-882c-8ff0a2b193be,14000,"Renens, Sainte-Famille / AO-21, stores bâtiments",tender,construction,open,tender,92d04fc7-b7a1-44b8-8ed8-dac4d3ff4df8,2025-03-27,VD,Renens,1020,Association Sainte-Famille,0,[]
df0578c6-b1fb-415a-96f2-413d3df8244e,14001,"Renens, Sainte-Famille / AO-17, fenêtres bois-métal",tender,construction,open,tender,15c13840-0ba0-4289-9fd1-5b1a617e5280,2025-03-27,VD,Renens,1020,Association Sainte-Famille,0,[]
d62fdf70-331d-4fe6-882a-09e96a23fae6,3034,Projet de construction d’un site d’exploitation à Echallens en entreprise totale,tender,construction,open,award,f5307418-bb69-48a0-945d-9d5cf4c7e821,2025-03-27,VD,Echallens,1040,Romande Energie SA,0,[]
e9e40199-7384-4ce9-a493-54142facfb22,5157,"RENENS, SAINTE-FAMILLE / AO-22, installations électriques",tender,construction,open,award,20701a82-6c3f-4224-8a41-88e5e85ef8b9,2025-03-27,VD,Renens,1020,Association Sainte-Famille,0,[]
8ad2f1a8-5b97-4766-a5b9-80d8500baf3c,6685,Ecole Modulaire de la Plaine_CFC4_Aménagements extérieurs,tender,construction,open,award,bd913b47-51e2-4b23-bbc9-5df6fe549416,2025-03-27,VD,Chavannes-près-Renens,1022,Interval Paysage Sàrl,0,[]
8f219e89-42d7-4b0a-b824-fe86cec42187,9336,Réaménagement du parking du Midi,tender,construction,open,award,bc9f9f4b-dbba-4fb7-9f61-2ef1a49cc426,2025-03-27,VS,Martigny,1920,Commune de Martigny - Services Techniques ,0,[]
794f7c18-3457-41b9-b9ae-f918e8f2afdd,13845,162 - Mise en conformité 3 arrêts de bus LHand - Travaux de génie civil - Commune de Jongny,tender,construction,open,tender,e6030bde-d12d-4527-baec-4de7a9b9178c,2025-03-26,VD,Jongny ,1805,Commune de Jongny ,0,[]
be4a9343-10d5-4adf-9221-2802e2beccb7,13884,"Renens, Sainte-Famille / AO-19, étanchéité",tender,construction,open,tender,ba488dd2-6b89-472b-8cf4-a1eda5c1e6a6,2025-03-26,VD,Morges,1110,Association Sainte-Famille,0,[]
547781bb-6910-416b-b831-1c326b511e74,3896,MATE4 - Rénovation Maternité - Etape 4 Bâtiment 3A - CFH 255.00 - ISOLATION RESEAUX,tender,construction,open,abandonment,0abf4377-20b0-4ca6-be2f-63611b1d7a77,2025-03-26,GE,GENEVE,1205,Centrale d'achats et d'ingénierie biomédicale Vaud-Genève (CAIB),0,[]
1585ecc3-9490-4dcb-a03f-22c5ccedebb6,9185,Monthey_collecteur_EU_Sépey,tender,construction,open,award,376ba57e-492a-4385-abbd-0a948182e7da,2025-03-26,VS,Choëx,1871,nco-ing SA,0,[]
1dc2c1db-1a74-4464-8c94-6a27ab6e3143,10365,Signal Champex 2 - Pose de filets parepierres,tender,construction,open,award,a1c6cbcf-ca96-4ef4-80f2-05948ac8393a,2025-03-25,,,,Commune d'Orsières,1,"[""a1c6cbcf-ca96-4ef4-80f2-05948ac8393a""]"
d1437f44-1301-4e8a-af1d-852ab30bccff,10518,Nouvel établissement de formation de l'Ecole de Soins et Santé Communautaire ESSC à Saint-Loup (Pompaples) - CFC 282.5 Revêtements de parois bois et dérivés du bois,tender,construction,open,tender,46085ed1-37ac-4e94-a0ed-8eea4310b445,2025-03-25,VD,Pompaples,1318,Ecole de soins et santé communautaire - atelier cube sa,0,[]
acb83b49-739d-44ef-af9e-6804b2174368,11841,Nouvel établissement de formation de l'Ecole de Soins et Santé Communautaire ESSC à Saint-Loup (Pompaples) - CFC 283 Faux-plafonds,tender,construction,open,tender,76694b65-d28b-4bd7-8ba5-8dec1ea5215a,2025-03-25,VD,Pompaples,1318,Ecole de soins et santé communautaire - atelier cube sa,0,[]
87aa999f-8bf4-4647-a424-22c77802799c,13138,Commune de Payerne   Assainissement rues des Moulins et à Thomas,tender,construction,open,tender,c3a519a1-c3bd-435a-ba0c-150fa4b8a3cb,2025-03-25,VD,Payerne,1530,"Küng et Associés SA, ingénieurs civils EPFL-SIA",0,[]
cce66152-6a55-4755-89a5-58f2b161cce9,13670,EXTENSION DU CO SECHERON,tender,construction,open,tender,4513af69-e6cb-45d2-8d0c-4b2dca9b0fa7,2025-03-25,GE,Avenue Blanc 1-3,1202,Office cantonal des bâtiments (OCBA) - acau architecture sa,0,[]
03e13705-c271-4caa-9971-58bf8c84b692,13745,Dépôt de la Voirie de Lancy - Transformation et mises aux normes FEU,tender,construction,open,tender,cca798b3-3d55-499f-8ff5-b455e41906c8,2025-03-25,GE,Lancy,1212,Ville de Lancy (Pascal Hüni Architectes sàrl),0,[]
b2d8e8e9-e3f7-44c8-9783-ab117168a89e,6581,Bâtiment d'art contemporain (2066TI) installation MCR,tender,construction,open,award,fdd72342-ab5c-40ba-8f2f-6ebe9d8088cb,2025-03-22,GE,Genève,1205,"Unité soumissions - Département de l'aménagement, des constructions et de la mobilité (DACM) de la Ville de Genève",0,[]
c7c94d75-37de-4192-8640-74c081d8b05e,7465,SATOM_CAD_Nord_CRR_VS,tender,construction,open,award,601e8149-11a1-462e-bfff-c80297f9f006,2025-03-22,VS,Collombey,1868,SATOM SA,0,[]
d9ca165e-6487-44f0-8aa8-5507052898be,7470,satom_CAD_nord_lot_11bis_franchissement_anticipé_canal_bras-neuf,tender,construction,open,award,0c2b0522-fa1c-408e-bcc6-cd369db456b2,2025-03-22,VS,Collombey,1868,SATOM SA,0,[]
822da832-8143-40d6-af70-04ccaaaab4c7,13540,Chemin de la Tuilière - Jongny,tender,construction,open,tender,8b45662a-4604-42b5-866d-aec08086bb61,2025-03-21,VD,Jongny,1805,Commune de Jongny (Emyx Ingénieurs civils SA),0,[]
82bb4aed-00eb-47d3-b2df-aadc9cc78fdd,2516,05.04 HEIG-VD Changement des stores défectueux,tender,construction,open,award,f9b24a27-df49-42f0-ba1d-e189edce5d37,2025-03-21,VD,Yverdon-les-Bains,1400,Dolci Architectes SA,0,[]
606c76f4-9f50-499a-9799-5031e851f199,5037,Centre funéraire de Saint-Georges (1891TI-bis) fenêtres bois / métal,tender,construction,open,award,231dd5cc-0527-4312-a495-da4f26d055dd,2025-03-21,GE,Genève,1213,"Unité soumissions - Département de l'aménagement, des constructions et de la mobilité (DACM) de la Ville de Genève",0,[]
2a17b191-4aed-415f-8289-4e6986030617,5326,Travaux de réfection du sentier du bisse de Trient,tender,construction,open,award,df5cb985-b816-4ee7-87d0-3d1eaa83557d,2025-03-21,VS,Trient,1929,Commune de Trient,0,[]
e5eb365f-d38d-43b0-b799-3b8056ce8dc3,6502,Ecole Liotard - 1976TI bis1 - Assainissement de la régénération d'eau,tender,construction,open,award,952b523f-4288-4b87-b221-a906bbb8b22c,2025-03-21,GE,Genève 3,1211,"Unité soumissions - Département de l'aménagement, des constructions et de la mobilité (DACM) de la Ville de Genève",0,[]
2f638f32-3652-4d5b-b0ec-707e473b7c11,6573,Bâtiment d'art contemporain (2065TI) installations de ventilation,tender,construction,open,award,3afe2986-467f-4373-9238-83688df99a25,2025-03-21,GE,Genève,1205,"Unité soumissions - Département de l'aménagement, des constructions et de la mobilité (DACM) de la Ville de Genève",0,[]
71f1a1fe-ee4d-45cf-8f21-928269bc9c7a,7190,SEB - SKP 285: Maler-/Gipserarbeiten - 5.OG,tender,construction,open,award,04147499-c850-4b6b-9aa4-47996318069c,2025-03-21,VS,Brig,3900,Spitalzentrum Oberwallis,0,[]
012f6a23-8a9c-434a-9d3f-250a560a6674,9150,I-AEP-ENG-FS-RWT-PL3/Giovanni Convertini/Chavornay Raccordement boucle Travys Ligne de Contact,tender,construction,open,tender,c59d266b-a4cd-47bb-8c1b-1ac4c10439e5,2025-03-21,VD,Chavornay,1373,SBB CFF FFS Achats projets de construction Région Ouest,0,[]
387654f3-22cf-4aee-8e01-80596769f09d,453,22410 Etanchéité ferblanterie,tender,construction,open,award,359418e3-5924-4de8-b1f4-f242d4926426,2025-03-20,GE,route de Veyrier 53,1227,"Ville de Carouge - Service des constructions, entretien et sports",0,[]
637c6206-ac54-454b-bd6f-42681c81364c,4787,I-AEP-PJM-RWT-T4/Mariangela Acerra/Remplacement du pont sur l’Arbogne Travaux de GC,tender,construction,open,award,64373497-7a65-4717-b5d8-cf981f3e048d,2025-03-20,VD,Corcelles-Près-Payerne,1562,I-ESP-EIB-RWT,0,[]
cc30f9f8-3ae7-42ee-84b8-a92e98584128,7571,297_Groupe scolaire des Grands Esserts à Veyrier - Soumission maçonnerie et béton armé,tender,construction,open,award,442a9f83-2bd8-4c6b-9079-0d0fcab7492b,2025-03-20,GE,Veyrier,1255,Commune de Veyrier ,0,[]
7c1a2b5f-eb7e-4a91-9d3c-68329dbf9213,7588,297_Groupe scolaire des Grands Esserts à Veyrier - Soumission charpente bois,tender,construction,open,award,e5bf4a5b-b5e2-4689-b1c5-a3d4e643b71e,2025-03-20,GE,Veyrier,1255,Commune de Veyrier ,0,[]
e43efbcd-8242-4e60-b1c8-254d52011235,7774,"Modification de la géométrie des giratoires de la Métralie, de Cloux-Roussier et du Viaduc Nord, sur les RC no T9 St-Maurice - Brig et 630 Raccordement N9-T9 Sierre-Est, sur le territoire de la Ville de Sierre",tender,construction,open,award,151a001a-6a81-4c6c-adce-8ada3aeb618f,2025-03-20,VS,Sierre,3960,"DMTE, Service de la mobilité, arrondissement 2, Valais central",0,[]
e51a3915-9ec1-4db4-8eed-2ba37aafe229,8122,"Construction d'un passage inférieur au carrefour de Mont d'Orge, sur la RPS H206a Déviation Sion Est - La Muraz, PR 45",tender,construction,open,award,ba13a17a-bce4-4697-b9bb-fb542a97aa6e,2025-03-20,VS,Sion,1950,"Département de la mobilité, du territoire et de l'environnement",0,[]
8fc7784d-3cf3-4e20-82f5-bfb1eb435d9e,9533,"Correction de la chaussée sur la RC no 45 Sierre - Montana - Crans, sur la route de Montana à Veyras",tender,construction,open,award,43ff9ee9-4327-47ec-acea-417d3dcff0a3,2025-03-20,VS,Veyras,3968,"Département de la mobilité, du territoire et de l'environnement",0,[]
261aeed3-132e-4976-b15c-799da30ed870,10435,"Travaux de confortation et de réfection de la chaussée sur la route de Zinal, au lieu-dit ""Les Grands Pras"", sur la RC no 40 Sierre - Vissoie - Ayer - Zinal, sur le territoire de la commune d'Anniviers",tender,construction,open,award,967a959a-84c0-4b46-a0c1-85ecec02aede,2025-03-19,VS,Anniviers,3961,"Département de la mobilité, du territoire et de l'environnement",0,[]
c1cf3b4f-f72d-434a-a367-dbfc3b7e5474,13389,Extension du cycle d'orientation du Foron - CFC 211.1 Echafaudages - V2,tender,construction,open,tender,3b5202fe-ed1a-4e54-a0da-101714c1ddbe,2025-03-19,GE,"Chemin du Foron 43, Thonex ",1226,OFFICE CANTONAL DES BATIMENTS,0,[]
4943da22-b6cf-47a6-afb3-32a335fe1f88,13421,Modernisation et extension du réseau informatique des écoles lausannoises - CFC 230 Installations électriques - Lots 17-19,tender,construction,open,tender,3ca343d7-bcd6-41b8-b18f-9a22f33a17fa,2025-03-19,,,,Ville de Lausanne – EJQ - Service des écoles et du parascolaire (SEP),3,"[""3ca343d7-bcd6-41b8-b18f-9a22f33a17fa"", ""3ca343d7-bcd6-41b8-b18f-9a22f33a17fa"", ""3ca343d7-bcd6-41b8-b18f-9a22f33a17fa""]"
761db035-4368-46b6-9f4b-1778e8f740f4,13455,Extension du groupe scolaire de Corsier - Sol sportif et salle de gym,tender,construction,open,tender,17b237ff-944f-4f33-b592-436b6eb32053,2025-03-19,GE,Corsier,1246,FdMP réalisation,0,[]
58b49e65-67d8-4df1-8208-c5f5bb7dc647,10058,"Réfection de la chaussée sur le tronçon de la route de Plan Mayens compris entre les carrefours avec la route des Téléphériques et le chemin des Devins, sur la RC no 613 Pas de l'Ours - Plan Mayens, sur le territoire de la commune de Lens",tender,construction,open,award,ff8b94b6-44fe-45de-9b59-f09519ee04a8,2025-03-18,VS,Crans-Montana,3963,"Département de la mobilité, du territoire et de l'environnement",0,[]
ecdac970-da4d-4802-8797-ac6fb1607de9,12248,CHUV APE Nestlé Hôpital Orthopédique,tender,construction,open,tender,b3757ace-2441-43d1-9a9c-8cd4f74bb995,2025-03-18,VD,Lausanne,1011,CHUV Construction ingénierie technique et sécurité (CIT-S),0,[]
1621054b-7cd6-4ac0-b64e-e43eb5de08ea,13248,Extension du groupe scolaire de Corsier - Echafaudages,tender,construction,open,tender,7b918d76-6c77-492f-a253-680878b9f1f1,2025-03-18,GE,Corsier,1246,FdMP réalisation,0,[]
7fce87e8-59e6-49f2-b1f8-ace0a061097b,13249,Extension du groupe scolaire de Corsier - Terrassements et canalisations,tender,construction,open,tender,0bde3cd7-d0eb-4357-8c04-3342d1d77ff4,2025-03-18,GE,Corsier,1246,FdMP réalisation,0,[]
6ea82ee8-76ef-4f4e-9fb9-ec17ea8ead80,13250,Extension du groupe scolaire de Corsier - Maçonnerie et BA,tender,construction,open,tender,1b8da190-ac38-420c-856b-327bb4ce2068,2025-03-18,GE,Corsier,1246,FdMP réalisation,0,[]
3cdc1b0c-4498-426f-bac5-e9ca42444cca,13251,Extension du groupe scolaire de Corsier - Revêtement de façade en brique,tender,construction,open,tender,0204f162-d841-44d2-bae6-bbed2035aed8,2025-03-18,GE,Corsier,1246,FdMP réalisation,0,[]
f66d01b1-8396-422d-91fe-6e08ad11b7be,13253,Extension du groupe scolaire de Corsier - Charpente,tender,construction,open,tender,07ac01ee-b60d-4f0a-9545-410ae1d3b1a6,2025-03-18,GE,Corsier,1246,FdMP réalisation,0,[]
b7842eb0-a573-4390-b5a9-10fba8725e5c,13255,Extension du groupe scolaire de Corsier - Installations électriques,tender,construction,open,tender,efc4eb65-003a-4e8f-92bf-17ae01de2d2f,2025-03-18,GE,Corsier,1246,FdMP réalisation,0,[]
23cb691c-ead0-4d6a-87e0-316b251bf053,13259,Extension du groupe scolaire de Corsier - Installations de chauffage,tender,construction,open,tender,2a2a3711-2861-4d07-8c14-775efb6215c2,2025-03-18,GE,Corsier,1246,FdMP réalisation,0,[]
df8071ad-ea68-4e97-9af4-4593f4472fdc,13260,Extension du groupe scolaire de Corsier - Forage et sondes géothermiques,tender,construction,open,tender,abcbcb55-e657-43ac-b3cc-f4d3af791d2b,2025-03-18,GE,Corsier,1246,FdMP réalisation,0,[]
22103d56-57b8-439e-a1e7-bcb13f74b726,13261,Extension du groupe scolaire de Corsier - Installation de ventilation,tender,construction,open,tender,0a3efb76-3fc3-451b-b288-9a9229163cb5,2025-03-18,GE,Corsier,1246,FdMP réalisation,0,[]
a8a6274a-d85e-4aa9-a6bf-8082504e4d7a,13267,Extension du groupe scolaire de Corsier - Agencements de cuisine,tender,construction,open,tender,e9bd2d97-e6e8-4a53-a45b-732048b66067,2025-03-18,GE,Corsier,1246,FdMP réalisation,0,[]
5dc03257-8c71-4777-9a8d-3ace8e686dca,13268,Extension du groupe scolaire de Corsier - Démolition et dépollution,tender,construction,open,tender,774582e4-dc2d-4723-b375-f2b1db137c3b,2025-03-18,GE,Corsier,1246,FdMP réalisation,0,[]
4c443930-1757-4e16-8766-365f5a018214,13356,"00568 - CeRN & RC CGM, Rennaz",tender,construction,open,tender,e39d77a9-06ee-45b2-bc79-f2510ccebe9c,2025-03-18,VD,Rennaz,1847,DGIP-DIAD-Domaine 7 : Administrations et sécurité,0,[]
a78c50a0-9dbe-492e-af90-53b7c3518940,13366,Extension du groupe scolaire de Corsier - Installations sanitaires,tender,construction,open,tender,b80957df-d2ad-4cd3-9406-a44fe3a53db9,2025-03-18,GE,Corsier,1246,FdMP réalisation,0,[]
d6492d92-18d0-4a07-b7dd-a171225ca888,13367,Extension du groupe scolaire de Corsier - Ascenseurs et monte-charge,tender,construction,open,tender,8c41c7e0-7f7c-435a-8d57-889c9a54cae1,2025-03-18,GE,Corsier,1246,FdMP réalisation,0,[]
ce14b026-e762-4971-8f8d-adf66caeb0fa,3730,Projet de réhabilitation et extension de la Step de Granges - MA104 Charpente et revêtements bois (CFC 214),tender,construction,open,award,bcc03128-c55c-4d7d-9cfd-7298c303d417,2025-03-18,VS,Granges,3977,Association intercommunale pour la Step de Granges,0,[]
607a72c6-d179-4af7-835e-f4240345296d,3872,Gare des Eaux-Vives-LOTBC - 1956Bis minimis - Ascenseurs et monte-charges,tender,construction,open,award,8d1f13a7-17c8-47d4-aabe-b3459c81213b,2025-03-18,GE,Genève,1201,"Ville de Genève - Unité soumissions - Département de l'aménagement, des constructions et de la mobilité (DACM) de la Ville de Genève",0,[]
bc8efe3d-fd84-4c2e-942f-97b75fb64f79,5134,MP LEB 2024.06.198 Système Aérosol Extinction incendie locaux IS. ,tender,construction,open,award,be92228e-5f85-448e-874f-dbd6f9db9bea,2025-03-18,VD,Echallens,1040,Transports publics de la région lausannoise sa,0,[]
a844a79a-4392-4234-ab3e-691229f33512,5843,Bâtiment d'art contemporain (2055TI) échafaudages,tender,construction,open,award,594ec990-2611-4d20-aba0-e7162816ade3,2025-03-18,GE,Genève,1205,"Unité soumissions - Département de l'aménagement, des constructions et de la mobilité (DACM) de la Ville de Genève",0,[]
c97ca5dd-4874-4dc9-9efd-eea13c95fcd9,5897,Bâtiment d'Art Contemporain (BAC) - 2057TI - Installations électriques,tender,construction,open,award,04f9d958-06f4-453e-999d-881e53eb3409,2025-03-18,GE,Genève,1205,"Unité soumissions - Département de l'aménagement, des constructions et de la mobilité (DACM) de la Ville de Genève",0,[]
4f547a05-ce78-4fe1-940d-b51c48de29a5,6568,Bâtiment d'art contemporain (2064TI) installation de chauffage,tender,construction,open,award,e735ff06-7733-4d6f-aa89-6bf5bc4eda4e,2025-03-18,GE,Genève,1205,"Unité soumissions - Département de l'aménagement, des constructions et de la mobilité (DACM) de la Ville de Genève",0,[]
ab115918-1391-4833-908d-46ac1b077873,8377,Vernier 115 - 2016TI Bis - Electricité lustrerie ,tender,construction,open,award,858566dd-60a6-4e91-ac2b-04d7bda34c84,2025-03-18,GE,Genève,1205,"Unité soumissions - Département de l'aménagement, des constructions et de la mobilité (DACM) de la Ville de Genève",0,[]
a3cfe7a4-6aa3-4031-ad29-f48b3eaa62a3,9339,Route de Jussy (Chemisage) - Réhabilitation d'une conduite d'eau potable,tender,construction,open,award,238c6678-dc59-43ef-8101-cf4012a2b684,2025-03-18,GE,Jussy,1254,Services industriels de Genève (SIG) - Direction Achats,0,[]
72d20060-c56a-41a0-abd9-5de8aa6c0554,3388,CO de la Gradelle / Bâtiments D+E - Extension Modulaire  Travaux d'étanchéité-ferblanterie pour la surélévation des bâtiments D & E.,tender,construction,open,award,9102d1df-0144-4db2-ba88-85c81541ba83,2025-03-17,GE,Chêne-Bougeries,1224,"Département du territoire (DT), Office cantonal des bâtiments (OCBA), Direction des Constructions",0,[]
77f69346-c2e0-4a0a-aae7-446d5c1c7415,6998,"Réaménagement et optimisation énergétiques des infrastructures de la patinoire de Carouge sise place de Sardaigne - Installations de chauffage, ventilation, refroidissement et automation",tender,construction,open,award,f4cd9935-7274-4e01-9abf-d01b0d5a55eb,2025-03-17,GE,Carouge,1227,Ville de Carouge (MAD-Architectes),0,[]
bcc35203-8e7d-4328-af4e-93022dcf28ed,7316,Travaux de génie civil - FbE Station St. Niklaus-Josikurve,tender,construction,open,award,9ca37396-c2f5-4d6b-bfe0-1116707bb5d8,2025-03-17,VS,St.Niklaus,3924,Beschaffungsstelle Matterhorn Gotthard Bahn,0,[]
c74e60e1-59c4-40cf-9e26-4154c0a34abd,7374,Réaménagement et optimisation énergétiques des infrastructures de la patinoire de Carouge sise place de Sardaigne - Construction en Bois,tender,construction,open,award,2a20be79-a82c-4f50-af5f-db6d01485b49,2025-03-17,GE,Carouge,1227,Ville de Carouge (MAD-Architectes),0,[]
1af891ac-79e4-4024-9b15-331333851b0e,13203,Transformation du bâtiment de la Voirie d'Yvorne - Travaux de ferblanterie-couverture-photovoltaïque,tender,construction,open,tender,84eb5a2b-ccdc-43b8-a5a7-0ef8e5f422c7,2025-03-15,VD,Yvorne,1853,Commune d'Yvorne,0,[]
a5f38df1-b5de-4ecf-983f-3d0e104b0a83,4096,EMS - Goumoëns-La-Ville - CFC 221.0 Fenêtres en Bois ,tender,construction,open,award,9bfc3fca-cebd-4cc2-aa81-86087baf2316,2025-03-15,VD,Goumoëns-La-Ville ,1376,Fondation Les Châteaux,0,[]
ab318cae-af81-4f0f-81be-0a641e24cdde,11866,Extension du cycle d'orientation du Foron - CFC 211.1 Echafaudages ,tender,construction,open,abandonment,f7b07004-3b33-4e27-8af8-d26b9b554b04,2025-03-14,GE,"Chemin du Foron 43, Thonex ",1226,OFFICE CANTONAL DES BATIMENTS,0,[]
57077871-5849-4feb-8cea-9369aba9276b,12613,DAO_6556-2023-076_Chemin de Valérie,tender,construction,open,tender,f3179cfe-93de-4cf1-bf60-040f566b87e7,2025-03-14,GE,Chemin de Valérie ,1292,Services industriels de Genève (SIG) - Direction Achats,0,[]
709b783d-976b-405f-8945-f3fe2a3f3c3b,13140,CFC 273.0;273.1;273.3;258 Menuiserie intérieure - Paradoxe - Leytron ,tender,construction,open,tender,25825f72-a73d-4d44-b57e-9174e64b5a7f,2025-03-14,VS,Leytron,1912,Gaetan dubuis,0,[]
fb050fe3-9a16-46b2-b7a1-9f3d6ec95e94,13159,MC ECOLE LIOTARD - CAD Fourniture et pose de conduite,tender,construction,open,tender,b6d39af8-2b5a-478d-b6e2-abf260bdc526,2025-03-14,GE,Rue Liotard 66,1203,Services industriels de Genève (SIG) - Direction Achats,0,[]
161cfcca-2047-4025-be0f-3a7a79b2dea5,13193,Rénovation énergétique et techniques d'un immeuble de logements et d'activités à Chêne-Bougeries,tender,construction,open,tender,63d1868c-93d2-4cf8-9d0b-2d9cb4e82064,2025-03-14,GE,Chêne-Bougeries,1224,Commune de Chêne-Bougeries p.a. Pascal Hüni architectes Sàrl ,0,[]
c3e7623b-e040-438b-9ddf-11c28f808c04,5092,MATE 4 - RENOVATION MATERNITE ETAPE 4 BAT 3A - CFH 222.00/224.00,tender,construction,open,award,5dcb4734-dcb0-4673-ab18-b6aa99bee379,2025-03-14,GE,GENEVE,1205,Centrale d'achats et d'ingénierie biomédicale Vaud-Genève (CAIB),0,[]
a0b793ce-1667-42e9-a0f7-9cfd59bb0059,5840,Bâtiment d'art contemporain (2054TI) démolition second oeuvre,tender,construction,open,award,e7f81717-174d-4a38-9a71-4f8783cc84a0,2025-03-14,GE,Genève,1205,"Unité soumissions - Département de l'aménagement, des constructions et de la mobilité (DACM) de la Ville de Genève",0,[]
62667d20-b6bc-4559-b482-75a317825af9,5903,Bâtiment d'Art Contemporain (BAC) - 2058TI - Installations sanitaires,tender,construction,open,award,c34ed32b-141d-453e-a1e2-6d4264548e38,2025-03-14,GE,Genève,1205,"Unité soumissions - Département de l'aménagement, des constructions et de la mobilité (DACM) de la Ville de Genève",0,[]
bc2c7fb0-66f6-44f5-a739-05c6fbcace75,6499,Ecole Liotard - 1976TI bis2 - Assainissement du fond mobile,tender,construction,open,award,2efa1e76-dcb1-4130-b68f-93a47d30b256,2025-03-14,GE,Genève 3,1211,"Unité soumissions - Département de l'aménagement, des constructions et de la mobilité (DACM) de la Ville de Genève",0,[]
1d1e3608-2dbe-473e-8b40-7ef5c67a2bbe,6751,VERNIER 115 - 2071TI - Couverture -Étanchéité - Ferblanterie,tender,construction,open,award,7b0ee999-a36b-458c-ae1a-59ade68df9b6,2025-03-14,GE,Genève 3,1211,"Unité soumissions - Département de l'aménagement, des constructions et de la mobilité (DACM) de la Ville de Genève",0,[]
2b2caa22-eb6c-4962-b039-a24e936de437,7469,Construction du nouveau Lycée-Collège Ella Maillart (au Cours Roger Bonvin) à Sion,tender,construction,open,award,719994f6-8676-4921-abe9-c6700e922bed,2025-03-14,,,,Service immobilier et patrimoine / Dienststelle für Immobilien und Bauliches Erbe - Investissements / Investitionen,1,"[""719994f6-8676-4921-abe9-c6700e922bed""]"
87b3c312-b5d5-498f-b6fa-3586751aeb4d,7690,Complexe sportif des Perraires : réfection toiture (zones 1 à 6),tender,construction,open,award,a77ff15c-35b5-4093-be5a-04d5a67e5f99,2025-03-14,,,,Commune de Collombey-Muraz,5,"[""a77ff15c-35b5-4093-be5a-04d5a67e5f99"", ""3b712f7a-65c1-41e1-83fb-157e9f60bfe0"", ""ddc7bf0f-da4b-4004-b867-fa3504b01890"", ""3704db1d-f201-4fb1-97a2-6dd3b688582e"", ""094af144-66f8-485a-b695-35d342eb6b52""]"
578d8942-f505-4383-9ccc-6f15ec80f76e,8844,"Usine d'eau potable de Bret - Travaux d'entretien 2025-2028 - Travaux de réfection des filtres à charbon - Conception, fourniture, réalisation et mise en service des filtres à charbon - Travaux de l'Entreprise N° 2",tender,construction,open,abandonment,8ad834e8-31a6-4f36-98e1-987c39233883,2025-03-14,VD,Puidoux,1070,Ville de Lausanne – SE - Service de l’eau (EAU) - Ouvrages,0,[]
7f36b50e-323e-4798-83c9-57555751efe7,12329,"Transformation bâtiment ""Pont du Rhône"".",tender,construction,open,tender,459ef7be-7505-4bbe-9e10-f73044c633cc,2025-03-13,VS,Monthey,1870,SATOM SA (RETEL),0,[]
014596bd-dc5b-4e86-bb8a-d81f5e1e6fe8,12977,SATOM PONT-DU-RHONE /// AO CHAUFFAGE FROID,tender,construction,open,tender,a9f6c5d8-31bf-4a1c-9608-d64cb5976249,2025-03-13,VS,Monthey - ZI Boeuferrant 16,1870,a|alberti bureau d'architecture SA,0,[]
cb235aba-cda6-42bb-b114-506e0b675c02,13033,Tuyauterie GeniLac – GEV Lot BC – Mesures conservatoires,tender,construction,open,tender,849e9c90-642f-4e63-827f-1dc774613dbf,2025-03-13,GE,Prom. Louise-Boulaz 9-7,1208,Services industriels de Genève (SIG) - Direction Achats,0,[]
0cdc75e4-8382-44c5-96b3-c3e255bc0385,3156,Réhabilitation et extension de la STEP de Granges. Marché MA 61 : Travaux de ventilation,tender,construction,open,award,cf12a123-7924-4825-9508-8d3cb96164d3,2025-03-13,VS,Granges,3977,Association intercommunale pour la Step de Granges,0,[]
4814ab41-f4dd-46da-8ba5-10f074e246c1,5849,Bâtiment d'art contemporain (2056TI) béton armé,tender,construction,open,award,06b9e816-f6ca-4fe0-9ac4-f40df5eb0d13,2025-03-13,GE,Genève,1205,"Unité soumissions - Département de l'aménagement, des constructions et de la mobilité (DACM) de la Ville de Genève",0,[]
09a168ea-840c-4c4d-b9a4-876ed6978e8f,6065,Bâtiment d'Art Contemporain (BAC) - 2062TI - Maçonnerie ,tender,construction,open,award,b0bb166c-a8af-495f-bd43-cc13281ca681,2025-03-13,GE,Genève,1205,"Unité soumissions - Département de l'aménagement, des constructions et de la mobilité (DACM) de la Ville de Genève",0,[]
391c0fd6-fd3b-4aed-ac18-cfe8c22df863,12849,2025-2 Fourniture et pose de bétons bitumineux pour l'entretien des routes cantonales - 7 lots,tender,construction,open,tender,ffe73d77-87ff-4080-9297-f2631421d722,2025-03-12,,,,Direction générale de la mobilité et des routes - division Entretien ,7,"[""ffe73d77-87ff-4080-9297-f2631421d722"", ""ffe73d77-87ff-4080-9297-f2631421d722"", ""ffe73d77-87ff-4080-9297-f2631421d722"", ""ffe73d77-87ff-4080-9297-f2631421d722"", ""ffe73d77-87ff-4080-9297-f2631421d722"", ""ffe73d77-87ff-4080-9297-f2631421d722"", ""ffe73d77-87ff-4080-9297-f2631421d722""]"
2704238d-f9f5-448d-8ba7-09ccba80c60c,12935,LIAISON CT AEROPORT/DEPOT HALLE 7 - TRAVAUX GENIE CIVIL POUR RACCORDEMENT CHAUFFAGE A DISTANCE,tender,construction,open,tender,da53f441-4086-419e-ace4-60dd4bc3d100,2025-03-12,GE,Le Grand-Saconnex,1218,"Services Industriels de Genève - Direction Droit, Achats & Risques              ",0,[]
f8ed1741-43e0-48b6-9c1a-8c10fac2d4c9,12939,Commune de Vully-les-Lacs - site scolaire de Salavaux / salle de sport double VD5 et transformation du bâtiment existant - CFC 271.0  Plâtrerie,tender,construction,open,tender,66154178-0519-4b22-82a0-49fecdc1f5e1,2025-03-12,VD,Salavaux,1585,Commune de Vully-les-Lacs,0,[]
3c54850b-c5a7-4cb1-8b4b-721d77aff6e1,12944,Erneuerung Kirchstrasse - Kellereigasse - Kruzstrasse,tender,construction,open,tender,b9b489a9-02ea-4a17-8f06-5289fd0e44c6,2025-03-12,VS,Gampel,3945,Gemeinde Gampel-Bratsch,0,[]
a25a2fb2-ff5d-4161-af1a-89037e275b8b,12952,LIAISON CT AEROPORT/DEPOT HALLE 7 - FOURNITURE ET POSE DE TUYAUX POUR  RACCORDEMENT CHAUFFAGE A DISTANCE,tender,construction,open,tender,e9869e80-bdc8-43d6-b977-08504fca7d93,2025-03-12,GE,Le Grand-Saconnex,1218,"Services Industriels de Genève - Direction Droit, Achats & Risques              ",0,[]
5c0ae93b-c7d3-4323-b0e4-f3baf3c6ae5d,1986,SZO Spital Wallis - SKP 273 froid industriel TP7,tender,construction,open,award,b9773ac7-8096-4583-9fb7-f8de76789292,2025-03-12,VS,Brig-Glis,3900,Hôpital du Valais - Spital Wallis,0,[]
5b4de3a4-d95c-458e-a84f-abcab6d525a6,2067,Romainmôtier - chemins agricoles AF,tender,construction,open,award,c26b15dc-d31a-482e-ac63-9c60e0de4cc7,2025-03-12,VD,Romainmôtier,1323,DTP SA Bureau d'études,0,[]
cea9ff5b-05ab-451b-bf84-11d9f2ca9f2c,9807,"Réfection du revêtement de la route du Rawyl, PR 10+140 à 20+600, sur la RC no 205 Fortunau - Tseuzier - Rawyl",tender,construction,open,award,44aaf6d8-a646-445d-a04c-f44fd74bee0e,2025-03-12,VS,Ayent,1966,"Département de la mobilité, du territoire et de l'environnement",0,[]
3a56ea86-4bd5-4b25-810e-9141fc22b575,12897,Collège principal de Pully - Lot 18 Façades surélévation,tender,construction,open,tender,db33d132-0ecd-4cb7-9bad-63b69771abbc,2025-03-11,VD,Pully,1009,Itten+Brechbühl SA   ,0,[]
2cc6f9a8-c67c-4f63-be61-5e2fd196e1aa,9518,"Réfection de la chaussée sur la RC no 65 Salins - Mayens de Sion, sur la route de Salins à Pravidondaz ",tender,construction,open,award,59bfb092-f9f3-4537-adbb-484880e79584,2025-03-11,VS,Sion,1950,"Département de la mobilité, du territoire et de l'environnement",0,[]
f040e9b8-52c3-4799-b0bc-1d7394e7c465,12511,Appel d'offres avenue Max Huber et rue Notre-Dame-des Marais - Adaptation des voies publiques,tender,construction,open,tender,10b388d3-885e-46c2-acb1-e1b8246db325,2025-03-10,VS,Sierre,3960,Ville de Sierre - Centrale des achats,0,[]
670774e8-a7d1-48cc-9a42-44664d35cac3,12798,Bâtiment des travaux publics de Nendaz ,tender,construction,open,tender,fc8f0b8b-30de-4962-b36a-118e274574e4,2025-03-10,VS,Basse-Nendaz,1996,Commune de Nendaz,0,[]
64e14716-d79e-476a-89dd-098c2dcf9e6c,7662,Bâtiment des travaux publics de Nendaz,tender,construction,open,tender,39467118-8955-438f-ad36-a6cb8db042e3,2025-03-10,VS,Basse-Nendaz,1996,Commune de Nendaz,0,[]
1c3583e0-f79b-4450-af46-47bfd3171556,5969,Centre Culturel du Vieux-Moulin - Assainissement de l'enveloppe et de la production de chaleur - Couverture-Ferblanterie,tender,construction,open,award,ccb08820-3877-473f-af0d-efa4ebd53e5d,2025-03-08,VD,Saint-Prex,1162,Commune de Saint-Prex (FL Partenaires),0,[]
f45710e8-d2ed-4ee3-9916-a1cc8effeda5,5977,Centre Culturel du Vieux-Moulin - Assainissement de l'enveloppe et de la production de chaleur - Installation photovoltaïque,tender,construction,open,award,41c3f365-1233-4c68-a44a-4dd3dbe82882,2025-03-08,VD,Saint-Prex,1162,Commune de Saint-Prex (FL Partenaires),0,[]
dc12c17d-dd3a-4bf9-a36c-bb4656c943b3,5992,Centre Culturel du Vieux-Moulin - Assainissement de l'enveloppe et de la production de chaleur - Installations de chauffage,tender,construction,open,award,e4a50a19-c14d-4099-99b6-7003d39bfa0c,2025-03-08,VD,Saint-Prex,1162,Commune de Saint-Prex (FL Partenaires),0,[]
f23ab267-5963-4f93-a2f1-03464762f0c9,12595,"Neubau Ver- und Entsorgung Gebäude, Gletsch / BKP 211 Baumeisterarbeiten",tender,construction,open,tender,4f9f9791-2732-4f7d-882f-6593ad861cce,2025-03-07,VS,Obergoms,3999,Service immobilier et patrimoine / Dienststelle für Immobilien u. Bauliches Erbe - Gérance et entretien d'immeuble / Immobilienverwaltung u. Unterhalt,0,[]
e1b0f9a1-7fc7-42e9-a2af-b357bd2ff8a2,12708,Campagne de réfection des chaussées et trottoirs 2025,tender,construction,open,tender,dbcbb801-871c-4fc7-b824-a8ade9c5096d,2025-03-07,,,,Ville de Lausanne – FIM – Service de la mobilité et de l’aménagement des espaces publics (MAP),4,"[""dbcbb801-871c-4fc7-b824-a8ade9c5096d"", ""dbcbb801-871c-4fc7-b824-a8ade9c5096d"", ""dbcbb801-871c-4fc7-b824-a8ade9c5096d"", ""dbcbb801-871c-4fc7-b824-a8ade9c5096d""]"
fc3e1be1-fa6b-4140-bb67-9e3f00a20311,11792,Extension du cycle d'orientation du Foron -  CFC 214.4 Bardages,tender,construction,open,tender,ed574ddb-4600-42e4-b819-d79a15cdd164,2025-03-06,GE,"Chemin du Foron, 43 - Thônex",1226,OFFICE CANTONAL DES BATIMENTS,0,[]
0b08cc34-50f9-4f19-9927-a9ec293b2f99,12196,Rénovation du terrain synthétique de Praz-Dagoud,tender,construction,open,tender,c0e8d0f8-5913-423b-b7b9-1dac83774a5c,2025-03-06,VD,Saint-Légier,1806,Service de l'urbanisme et des travaux,0,[]
d087475d-3f64-4694-bd9d-79c64a148be8,6642,CO de la Gradelle / Pavillon provisoire - Containers Fourniture et installation,tender,construction,open,award,6e4918d4-6b26-48c8-9bd6-a77a4c85c9c3,2025-03-05,GE,Chêne-Bougeries,1224,"Département du territoire (DT), Office cantonal des bâtiments (OCBA), Direction des Constructions",0,[]
76634e3e-f508-4ef2-85cd-5f5c76f673fd,7214,Mehrzweckhalle Randa - Instandsetzung 2025,tender,construction,open,award,ded62478-a013-42b8-8434-d054a4a57a77,2025-03-05,VS,Randa,3928,Gemeinde Randa,0,[]
7a0e19ce-ea3a-495c-8764-61b240c13df1,7303,Police International - Surveillance de chantier,tender,construction,open,abandonment,35f11c22-ecc7-48a7-8f86-846102014a31,2025-03-05,GE,Le Grand-Saconnex,1218,Office cantonal des bâtiments (OCBA) - BKTK,0,[]
e85a6912-e51c-4e84-a764-4136f864006c,8580,Renforcement structurel et assainissement thermique de la toiture de l’Aula des Cèdres - HEP Lausanne,tender,construction,open,abandonment,1f20046c-50cb-4231-aefb-f978e1540b6d,2025-03-05,VD,Lausanne,1007,DGIP-DIAD-Domaine 3 : UNIL & Hautes écoles,0,[]
74b0c0b6-47b6-4363-b530-aac5324a7f43,9478,Agrandissement du groupe scolaire d'Anières,tender,construction,open,award,c7948fb2-3e38-4a18-8ae2-c1e40c3cc772,2025-03-05,,,,Commune d'Anières,1,"[""c7948fb2-3e38-4a18-8ae2-c1e40c3cc772""]"
35bbc0b1-7ee2-4b55-a89d-4cf6595028e8,12046,Requalification hydraulique des collecteurs EC/EU - Av. de la Concorde - BV Est - Chavannes-près-Renens,tender,construction,open,tender,80a8e0c2-f5f5-4c53-bde8-63ae9daeba70,2025-03-04,VD,Chavannes-près-Renens,1022,Commune de Chavannes-près-Renens - Service Travaux-Voirie-Environnement,0,[]
3f44656f-9e73-460b-80cb-178a772e7346,2606,CO de la Gradelle / Bâtiments D+E - Extension Modulaire - Travaux de Démolition-Installations-Maçonnerie-Béton,tender,construction,open,award,819cfa64-cf83-4ddc-b6ef-da3d553fca75,2025-03-03,GE,Chêne-Bougeries,1224,"Département du territoire (DT), Office cantonal des bâtiments (OCBA), Direction des Constructions",0,[]
78688ec2-7933-4bd5-8651-2024750ad73e,2613,CO de la Gradelle / Bâtiments D+E - Extension Modulaire - Travaux de Construction métallique,tender,construction,open,award,f2805a00-f47e-4205-9498-5b2d03a9a997,2025-03-03,GE,Chêne-Bougeries,1224,"Département du territoire (DT), Office cantonal des bâtiments (OCBA), Direction des Constructions",0,[]
170e6346-27f7-4100-9d61-5cfcf9f5a853,2616,CO de la Gradelle / Bâtiments D+E - Extension Modulaire - Travaux de Construction en bois calculée par ingénieur,tender,construction,open,award,5221c8b8-d3de-457a-8c5e-a6678316ec48,2025-03-03,GE,Chêne-Bougeries,1224,"Département du territoire (DT), Office cantonal des bâtiments (OCBA), Direction des Constructions",0,[]
4d56d2a4-f6bb-45be-8a4e-306dae08b76e,3258,CO de la Gradelle / Bâtiments D+E - Extension Modulaire - Travaux de bardage pour la surélévation des bâtiments D & E.,tender,construction,open,award,e339cfb6-15e2-460e-b7d5-520dbfd105e9,2025-03-03,GE,Chêne-Bougeries,1224,"Département du territoire (DT), Office cantonal des bâtiments (OCBA), Direction des Constructions",0,[]
e25ea8ad-208d-4cd6-afc6-4aa0f386308d,3262,CO de la Gradelle / Bâtiments D+E - Extension Modulaire - Travaux de fenêtres extérieures en bois-métal pour la surélévation des bâtiments D & E.,tender,construction,open,award,706e2549-9a16-43d8-97a1-b2a77fc47a31,2025-03-03,GE,Chêne-Bougeries,1224,"Département du territoire (DT), Office cantonal des bâtiments (OCBA), Direction des Constructions",0,[]
e3e0b279-6628-46b5-9809-28cd3cfa3d8b,7298,CFC 236 - Installation audio et vidéo,tender,construction,open,award,755e191f-f05c-47c2-8a13-8f163972a91b,2025-03-03,GE,Grand-Lancy,1212,Fondation du Stade de Genève,0,[]
ec3914ef-50e7-4d5a-9b2d-041c2b3dcb5a,11754,CFC 227 / 271 / 283 / 285 - Plâtrerie peinture et isolations spéciales,tender,construction,open,tender,b7c553ce-4329-4c2f-8198-0dcc074aa773,2025-03-01,GE,Pregny-Chambésy,1292,Etat de Genève Office cantonal des bâtiments Département du territoire,0,[]
5facba01-a6da-4ffb-89de-633350ef11bd,12328,Commune d'Yvorne - Mise en séparatif de Vers-Morey - Travaux génie civil,tender,construction,open,tender,a6626fcc-4b68-4ef8-a9ed-face3f45a3d0,2025-03-01,VD,Yvorne,1853,RWB Vaud SA,0,[]
23f8df39-405d-4b4d-9778-f19660a1e45c,2856,Chemin des Grandes Vignes - Fourniture et pose d'un collecteur EC PVC diamètre 800 mm,tender,construction,open,award,3d659444-8ac7-4036-b11b-358848d2c4ac,2025-03-01,VD,Chemin des Grandes Vignes,1297,Services Industriels de Terre Sainte et Environs,0,[]
e3bf0cbb-a256-4d7b-a2cd-47a5b5e4ab67,8983,Pose des conduites de la nouvelle STEP intercommunale de l'APEC - Lot 1 : STEP Lavasson / Chemin de Plannaz,tender,construction,open,tender,dc9cc44a-aa21-4b35-8736-c842a2e66ac1,2025-03-01,VD,Gland,1196,Bernard Schenk SA,0,[]
e3caf4bc-b43a-4386-9e78-3514f99669eb,9005,Pose des conduites de la nouvelle STEP intercommunale de l'APEC - Lot 2 : Chemin de Plannaz / STEP Dullive,tender,construction,open,tender,3870829c-0088-41b4-95d9-bcdbc63d73fb,2025-03-01,VD,Gland,1196,Bernard Schenk SA,0,[]
72c633cc-8e23-443a-afe3-876600f701a0,132,Extension de la Haute Ecole de Santé de Genève,tender,construction,open,award,3f079857-c69d-4038-bfd9-af5797fc512f,2025-04-30,,,,Office Cantonale des Bâtiments (OCBA) Putallaz Ing.,1,"[""3f079857-c69d-4038-bfd9-af5797fc512f""]"
76e610c3-d55b-4065-9909-03cace18a970,137,Extension de la Haute Ecole de Santé de Genève,tender,construction,open,award,6de84ed2-655c-43fc-9e4d-5ae14bf25d44,2025-04-30,GE,Genève,1206,Office Cantonale des Bâtiments (OCBA) Putallaz Ing.,0,[]
e28df14e-f283-41e9-8725-dd2ddc72a7d3,9531,"tpg - Bachet – Récupération d’énergie et production ECS – CFC 154 242 247  –Adaptations et installations de chauffage, installation solaire thermique",tender,construction,open,award,903fd0a6-9360-4222-8116-9e6e1aa5ec17,2025-04-30,GE,Grand-Lancy,1212,Transport publics genevois (tpg),0,[]
94fc9b12-dd1f-438f-a591-81d5257a05ff,11100,"Construction d'une nouvelle aile de salles de classe, aménagements extérieurs, démolition du Portakabin (ECA 1149) et mise en place d'une construction temporaire - 10 Installations électriques",tender,construction,open,award,585064e9-7c02-4365-86e1-60255353e735,2025-04-29,VD,Chavornay,1373,Commune de Chavornay - pour adresse: Beauverd & Halter Architectes Sàrl,0,[]
7359b37f-ddaf-45df-ba3c-4e765e49693c,13341,"Réfection de la chaussée sur la RC no 41 Vissoie - Grimentz - Barrage de Moiry, au lieu-dit ""Les Tsànèvèrettes"", sur le territoire de la commune d'Anniviers",tender,construction,open,award,3a421b05-655e-463b-8bc7-1337bde5a9f2,2025-04-29,VS,Mayoux,3961,Service de la mobilité,0,[]
0e28ae5c-3859-4faf-9353-8f1997863613,15678,Façades ventilées et protections solaires,tender,construction,open,tender,1ac4d20d-0843-49b7-b570-f355bd8cc775,2025-04-29,VD,Lausanne,1018,Fondation Lausannoise pour la Construction de Logements FLCL (MAGIZAN SA),0,[]
1889b2f5-4b98-4309-ad96-87d82e3c8c18,15842,Remise en état des clôtures de sécurité du pénitencier de Bochuz - Maçonnerie,tender,construction,open,tender,b5ec17c1-97af-4ce1-bb2e-eea0a737853a,2025-04-29,VD,Orbe,1350,Canton de Vaud-DGIP (bureau d'architecture Pierre Steiner SA),0,[]
341e6999-f763-44d5-a080-dc470fa5e5f2,15875,Remise en état des clôtures de sécurité du pénitencier de Bochuz - Serrurerie,tender,construction,open,tender,47ad2cd7-62cc-488c-9f24-c8fc1e3c24ea,2025-04-29,VD,Orbe,1350,Canton de Vaud-DGIP (bureau d'architecture Pierre Steiner SA),0,[]
e2492d85-047f-460a-9c82-f8ef091f9a26,15886,"Commune de Vully-les-Lacs - site scolaire de Salavaux / salle de sport double VD5 et transformation du bâtiment existant - CFC 281.2 Revêtements de sol en matières synthétiques, textiles, etc ",tender,construction,open,tender,47b274d6-9c08-480d-957f-99cfb2d11317,2025-04-29,VD,Salavaux,1585,Commune de Vully-les-Lacs,0,[]
199403cc-561f-46df-894a-0abacc7c8f0c,6338,"Thônex - installation de panneaux photovoltaïque - Ecole Marcelly, Ecole du Bois-Des-Arts",tender,construction,open,award,f79c6c0f-a797-4bcd-9a14-feb4111f6561,2025-04-29,,,,MMDConsulting,2,"[""9139e991-3020-4255-8272-4cfa7dba3eac"", ""f79c6c0f-a797-4bcd-9a14-feb4111f6561""]"
d3eb09d3-f44e-45a1-b396-4763e9b95308,7838,Construction d'un Pavillon Scolaire provisoire pour l'Ecole EN-Sauvy - LANCY ,tender,construction,open,award,61bd7f51-b5d9-4b7c-a8a8-2ff67676f8e5,2025-04-29,GE,Grand-Lancy,1212,Ville de Lancy (Pascal Hüni Architectes sàrl),0,[]
dd2eee6e-6248-4d93-b574-ef7df10279fd,7850,Construction d'un Pavillon Scolaire provisoire pour l'Ecole EN-Sauvy - LANCY,tender,construction,open,award,63b135e6-7431-43b3-aeb1-b104e50fb69e,2025-04-29,GE,Grand-Lancy,1212,Ville de Lancy (Pascal Hüni Architectes sàrl),0,[]
69a8a0fb-4672-49d0-86e4-e09020522b3a,7851,Construction d'un Pavillon Scolaire provisoire pour l'Ecole EN-Sauvy - LANCY,tender,construction,open,award,ce5d3ac3-beac-446f-83ea-9426490980d8,2025-04-29,GE,Grand-Lancy,1212,Ville de Lancy (Pascal Hüni Architectes sàrl),0,[]
abf9e83b-cdea-4efc-be58-c3b0937b65fc,8843,"Usine d'eau potable de Bret - Travaux d’entretien 2025-2028 - Travaux de réfection des actuels filtres à sable - Conception, fourniture, réalisation et mise en service des filtres à argile expansé - Travaux de l’Entreprise N° 1",tender,construction,open,award,d55850ad-8de5-4289-8e6a-7abe79c81883,2025-04-29,VD,Puidoux,1070,Ville de Lausanne – SE - Service de l’eau (EAU) - Ouvrages,0,[]
4363455d-969e-4270-963d-c4b31d72e519,12387,Rénovation et mise en conformité sécurité-énergie du groupe scolaire des Pervenches - Carrelages,tender,construction,open,tender,bf8da178-6170-4dc5-aa8b-25feb6d2a2f8,2025-04-28,GE,Carouge,1227,Ville de Carouge,0,[]
3a4c10ad-d6b2-4003-85f8-6b8942f37251,11197,Rue des Poujes (TC5) - Conthey - Travaux GC et CAD,tender,construction,open,award,5c31df17-4461-435a-afa5-4fcc35511930,2025-04-26,VS,Conthey,1964,"Sogaval SA, société gérée par OIKEN SA",0,[]
7266fece-d7c3-443f-b0e4-31e40cd3e4f6,15737,"Projet de construction d'un complexe scolaire comprenant un collège, une salle de gym triple type Macolin et locaux UAPE-PPLS",tender,construction,open,tender,f3303a85-b4ae-49b4-a81c-ff3894d7e892,2025-04-26,VD,Bussigny,1030,Bureau F-Partenaires SA,0,[]
435d4980-5bf9-4462-9510-64af469eceac,9613,"Voie Verte Agglomération - Quai des Vernets - 2081minimis - Installation de chantier travaux préparatoire - Espace vert, plans d'eau - Plantation ensemencement entretien - Equipements",tender,construction,open,award,8ad341e2-1b9b-4a01-a3dd-15151565b9b7,2025-04-26,GE,Genève,1201,"Unité soumissions - Département de l'aménagement, des constructions et de la mobilité (DACM) de la Ville de Genève",0,[]
6fa76f26-039b-46eb-8255-f4889be79090,15497,Projet de défense contre les chutes de blocs « Dona Gremé » Fourniture des textomurs. ,tender,construction,open,tender,5e84d887-1109-4df2-a6e1-9e444d26f0e7,2025-04-25,VS,Trient,1929,Commune de Trient (DNE 2020),0,[]
76681f14-5386-442a-8885-5ddcbe84bea9,15661,"Extension du Collège du Léman à Apples / Lot 4 CFC 221/228 Eléments de façade, fenêtres et stores",tender,construction,open,tender,116b5cbc-3ea6-4d76-966a-708fd03a04f6,2025-04-25,VD,Apples,1143,"ASSOCIATION SCOLAIRE INTERCOMMUNATE D,APPLES.BIERE ET ENVIRONS (Tecbat sarl)",0,[]
8d42c5f6-c78e-4de1-8062-3f811faed39c,15728,"Travaux de génie civil – Ovronnaz - Secteur Coop : Réfection de la route des Muverans et des services (mise en séparatif des eaux claires et eaux usées, réseau d'eau potable, éclairage, électrique et swisscom)",tender,construction,open,tender,8d8df74e-1f3b-414b-9950-afa4fff2955e,2025-04-25,VS,Leytron,1912,Gaetan dubuis,0,[]
1859b2af-1cd1-4472-8612-5131f9efc897,1694,Commune de Bellevue - Route de Valavran - Mesures de modération de trafic et Réseaux souterrains SIG,tender,construction,open,award,9fbbe855-ac80-45f6-9265-8ee00be07a60,2025-04-25,GE,Bellevue,1293,"Commune de Bellevue - Service technique, et SIG | Services industriels de Genève",0,[]
74a30d7c-5367-42d6-b2f8-1771ac408aa7,9796,Centre sportif de Verbier - CFC 230 Installations électriques,tender,construction,open,award,0c6a32b5-170f-4ed0-b7aa-e74ff57897d4,2025-04-25,VS,Verbier,1936,Quartal Sàrl,0,[]
243bf734-df39-47ae-ac17-5b60ab0c76c2,15603,Réfection de la route Romaine à Leytron,tender,construction,open,tender,03813bb0-c2ff-46cc-a863-5ea17dcd9f8b,2025-04-24,VS,Leytron,1912,Gaetan dubuis,0,[]
d4b32a37-6131-4be9-8399-7d9b73f61acc,15611,Aménagement du parc du Mouvement 2ème étape,tender,construction,open,tender,6112ee0e-e763-4a26-8650-d6b11183a992,2025-04-24,,,,Ville de Carouge - Service des Bâtiments,3,"[""6112ee0e-e763-4a26-8650-d6b11183a992"", ""6112ee0e-e763-4a26-8650-d6b11183a992"", ""6112ee0e-e763-4a26-8650-d6b11183a992""]"
b98d95df-d6b0-44b2-afa5-1db759a4e68f,15652,"Trinkwasserkraftwerk TWKW ""Gmeibrunnu""",tender,construction,open,tender,edfa8ea7-947f-4fa6-997e-c3023ef6d054,2025-04-24,,,,Gemeinde Saas-Balen,2,"[""edfa8ea7-947f-4fa6-997e-c3023ef6d054"", ""edfa8ea7-947f-4fa6-997e-c3023ef6d054""]"
1ac76b37-fb3f-492c-94eb-a92a7ccd365f,9023,Chemin du Stand à Gland - Pose de réseaux multiservices,tender,construction,open,award,cf339aba-51a4-41f0-afa0-55ec87c30c9e,2025-04-24,VD,Chemin du Stand à Gland,1196,Bernard Schenk SA,0,[]
4f571c11-a5d4-41eb-b17d-33652b91a521,15135,Assainissement - Collectif privés secteur Coq d’Inde - Mise en séparatif ,tender,construction,open,tender,99915823-2dca-446b-a0ad-daadb1162721,2025-04-23,GE,Chemin David-Munier / Coq D'Inde - Cologny,1223,Commune de Cologny,0,[]
5ee94050-e68e-4792-b7a7-b65e726deeb0,15549,Rénovation énergétique et techniques d'un immeuble de logements et d'activités à Chêne-Bougeries,tender,construction,open,tender,4e03e7e0-7928-4507-83a5-e90748847aec,2025-04-23,GE,Chêne-Bougeries,1224,Commune de Chêne-Bougeries p.a. Pascal Hüni Architectes Sàrl,0,[]
b52e5575-ab48-4650-afb7-42552359ced5,5810,"Chemins de Chamblandes, de Champittet et du Manoir",tender,construction,open,award,9dfa43e9-7027-4a56-9ef7-abc394588c4b,2025-04-23,VD,Pully,1009,Ville de Pully - Direction des travaux et des services industriels,0,[]
370331af-cdb7-4b32-b625-b48fb0897a90,14517,Parkings de Chetzeron et de Cry d'Er,tender,construction,open,tender,71c14e52-91c5-4ae5-a003-089df43f1872,2025-04-22,VS,Crans-Montana,3963,Bourgeoisie de Chermignon,0,[]
dd1ab4c9-02c9-4734-b19b-93fba9ceedc7,7165,Rénovation et assainissement énergétique du Centre d'enseignement professionnel de Vevey,tender,construction,open,award,52956484-2ac6-46f4-bd2f-d0d2e6eee1d2,2025-04-21,VD,Vevey,1800,DGIP-DIAD-Domaine 2 : Ecoles professionnelles,0,[]
3e3da93c-9163-477b-838e-7e7b4fa7a1fc,12705,Rénovation et transformation des laboratoires de sciences au CEC Emilie-Gourd - Phase 2 - Secteur physique et mise en conformité AEAI / CFC23 Installations électriques,tender,construction,open,abandonment,952c0e78-0f70-4e05-bad1-8ffe80cc6829,2025-04-18,GE,Genève,1208,Office cantonal des bâtiments (OCBA),0,[]
3290b302-3944-44f8-bcee-710965a2c59a,14427,Piscine - Réaménagement de la pataugeoire du parc des Franchises,tender,construction,open,tender,0ac4881a-2ad3-4573-a5ed-fe3d648662ce,2025-04-18,GE,Genève,1203,Office cantonal de l'agriculture et de la nature (OCAN) - Cochard SA,0,[]
5e7b31ce-2c30-4d98-b3a5-5fd07be5aa63,15413,Commune de Vully-les-Lacs - site scolaire de Salavaux / salle de sport double VD5 et transformation du bâtiment existant - CFC 281.0 Chapes,tender,construction,open,tender,19c1bc36-cc63-4fdf-95c1-5b17ebf0d2a6,2025-04-18,VD,Salavaux,1585,Commune de Vully-les-Lacs,0,[]
af88e85f-ffc3-4c6c-b717-46196ed9aa36,15429,AO 2023-049 Eugène-Lance,tender,construction,open,tender,aa026ed1-52c7-4cbc-87f5-fca9567b4226,2025-04-18,GE,Eugène Lance,1212,Services industriels de Genève (SIG) - Direction Achats,0,[]
4a9eb9ec-182c-4185-809e-dc4ad92e1640,6633,PA III : MESURE N° 30-31 AXE FORT TC TANGENCIEL MOYENNE CEINTURE / SECTEUR RC 38 – AVENUE DE L'AIN,tender,construction,open,award,63be1626-c862-4fc6-b6e5-6bc01b9a26e0,2025-04-18,GE,Vernier,1219,"REPUBLIQUE ET CANTON DE GENEVE  - Département de la santé et des mobilités (DSM), Office cantonale du génie civil (OCGC), Direction des ponts et chaussées - SR",0,[]
f6c37416-e7ac-4bbc-92c5-06e872df7848,6692,LET - Lot 13 Agencement de cuisine,tender,construction,open,award,d3401cdb-d34e-4ac0-8bee-c93afddec7ab,2025-04-18,VD,Chavannes-près-Renens,1022,"FMEL, p/a Pool Banquet",0,[]
be4089dc-0381-45c9-afa3-f28ce530306a,8015,LET - Lot 17a Eléments métalliques préconfectionnés (escaliers),tender,construction,open,award,22a2957a-9893-48e4-a086-95d64794f9d5,2025-04-18,VD,Chavannes-près-Renens,1022,"FMEL, p/a Pool Banquet",0,[]
81034b4b-e4e1-4042-9aee-fe7d921d2df5,8031,LET - Lot 17b Ouvrages métalliques courants,tender,construction,open,award,58bda71a-9db9-465d-8c40-9f03aea1bc57,2025-04-18,VD,Chavannes-près-Renens,1022,"FMEL, p/a Pool Banquet",0,[]
26c77707-3cd6-45fc-9cf1-c6d0d3615b30,10756,Salle de spectacles et bâtiment de logements du chemin des Chapelles 6 - Rénovation des toitures et des menuiseries,tender,construction,open,award,d0cd559d-7a87-448b-8782-40cdd7f5f3d6,2025-04-17,,,,Commune de Founex,4,"[""d0cd559d-7a87-448b-8782-40cdd7f5f3d6"", ""94dfbfc5-c860-4687-b351-ac69745d9949"", ""cb9c9f23-4447-4400-ab19-f78c882f7b02"", ""72620ef8-7900-4446-be07-b34d0a36971f""]"
12d5588c-46c8-467f-bca0-82a1981b5514,14530,Planification et construction en entreprise totale du bâtiment « Espace Famille » aux Avanchets,tender,construction,open,advance_notice,5366a047-b637-4857-b245-48de5c9c4376,2025-04-17,GE,Avanchets,1220,Ville de Vernier - Service des bâtiments (SBA),0,[]
4d47d899-1415-4145-8ba0-a6ad321ab9ae,15235,OIKEN INSULA - Lot 272.100 - Eléments métalliques,tender,construction,open,tender,7583105a-1f59-4327-983a-2f719850845a,2025-04-16,VS,Sion,1950,OIKEN SA (Pragma Partenaires SA),0,[]
316ecc5f-9efa-4b61-ad88-cfd4d101de68,13893,"Ecole Secondaire II Noëlla Rouget à Meyrin, construction d'un groupe scolaire et de salles omnisport",tender,construction,open,tender,ab37032b-4df9-4093-8fdb-88d35a876c6c,2025-04-15,GE,Meyrin,1217,"Etat de Genève, Département du territoire - DT, Office cantonal des bâtiments",0,[]
2390fbbd-4ab2-4347-93ce-82791ec449e0,14639,Commune de Lutry - Chemin de Mourat,tender,construction,open,tender,f73a6931-2f31-4989-b46b-70937096e00c,2025-04-15,VD,Lutry,1095,Commune de Lutry - Travaux et Domaines,0,[]
b7b5a641-1d5b-4ca6-ac7e-b609d86085d8,15143,Appel d'offres route de la Ferme - Génie civil,tender,construction,open,tender,5ea46779-df5a-4845-9c03-dddb69168418,2025-04-15,VS,Sierre,3960,Ville de Sierre - Centrale des achats,0,[]
1ac12b2e-5eef-4357-bc19-8aeaa2b15a83,14667,MEY-21700-ABRIS-PC,tender,construction,open,tender,bf1f813a-ddf5-45c4-ab05-6ed67c1e5dee,2025-04-14,GE,Meyrin,1217,Ville de Meyrin ,0,[]
f940d36c-1e16-443c-aa5e-ebd40af5edf3,14963,VEGETALISATION DU CIMETIERE DE CAROUGE,tender,construction,open,tender,854c5c78-443f-4d50-9438-e086d9d10d5c,2025-04-14,GE,"Place Sigismond, Carouge",1227,"Service Voirie, Espaces Verts et Matériel",0,[]
d2f3600c-94db-442c-b3cc-e1fb49ddd3d8,3430,Rénovation et assainisement énergétique du Centre d’enseignement professionnel - Commune de Vevey,tender,construction,open,award,2d93dd52-d30a-4f8b-b89a-4022a5527a85,2025-04-14,VD,Vevey,1800,DGIP-DIAD-Domaine 2 : Ecoles professionnelles,0,[]
0010999b-68f6-4bb0-89ec-a5fa082a7b37,7164,Rénovation et assainissement énergétique du Centre d'enseignement professionnel de Vevey,tender,construction,open,award,89e0d35e-bd82-4392-a4e8-da0818c6a481,2025-04-14,VD,Vevey,1800,DGIP-DIAD-Domaine 2 : Ecoles professionnelles,0,[]
0b47b4e8-f022-4e85-b14e-acb8e3246b64,11094,"Construction d'une nouvelle aile de salles de classe, aménagements extérieurs, démolition du Portakabin (ECA 1149) et mise en place d'une construction temporaire - 02 Travaux de maçonnerie",tender,construction,open,award,91cd6f2c-931b-4ce8-b1f0-c4a7689aa0b1,2025-04-12,VD,Chavornay,1373,Commune de Chavornay - pour adresse: Beauverd & Halter Architectes Sàrl,0,[]
7d54f433-cf2e-4392-8b88-c7ae0ccea299,11099,"Construction d'une nouvelle aile de salles de classe, aménagements extérieurs, démolition du Portakabin (ECA 1149) et mise en place d'une construction temporaire - 04 Construction en bois",tender,construction,open,award,6385faaf-3aca-4352-9e26-0c3bbdca521b,2025-04-12,VD,Chavornay,1373,Commune de Chavornay - pour adresse: Beauverd & Halter Architectes Sàrl,0,[]
4835903a-4dc2-44ed-810d-3b14b0ca5e73,10599,Bât. IV - 1950 Sion - CFC 226,tender,construction,open,tender,febf7a60-7930-4164-932a-1715ada0e96d,2025-04-11,,,,"Ville de Sion, Hôtel de Ville",1,"[""febf7a60-7930-4164-932a-1715ada0e96d""]"
3f2f22a6-8451-461c-b644-056152325432,10601,Bât. IV - 1950 Sion - CFC 273,tender,construction,open,tender,7cbd74ee-d663-49f5-8bb7-3d159ae63266,2025-04-11,,,,"Ville de Sion, Hôtel de Ville",1,"[""7cbd74ee-d663-49f5-8bb7-3d159ae63266""]"
5ea959dd-b980-4935-8d8b-65ebf8ffba33,12659,"Rte de l'Antenne, Cerisier-Chargneux",tender,construction,invitation,award,108b8fc9-a649-4f2d-b8d4-9636b58380ce,2025-04-11,VS,Haute-Nendaz,1997,"Commune de Nendaz, Service des travaux publics",0,[]
c9f69937-9e5e-4b80-a08f-936fb6bd9dd4,12955,CFC 237 - Installations MCR,tender,construction,open,tender,cf97747b-387b-422d-a8f8-c36b9cbfb968,2025-04-11,GE,Le Grand-Saconnex,1218,Office cantonal des bâtiments (OCBA) - BKTK,0,[]
b7caca26-2865-40dd-86b6-bfcfaa72599b,14425,HEPIA 1 - CVC,tender,construction,open,tender,94ceef69-28d0-40c2-933e-ae3d9843f32b,2025-04-11,GE,Rue de la Prairie 4,1202,Services industriels de Genève (SIG) - Direction Achats,0,[]
8211802f-e804-40b4-8b46-b0d78f3c4566,14464,Réfection de la route des Voëttes - Commune d'Ormont-Dessus,tender,construction,open,tender,6ace8763-7892-40ab-a5cd-7d88f61faf9b,2025-04-11,VD,Vers-L'Eglise,1864,Martin ingénieurs civils Sàrl,0,[]
42afb3a6-9cf0-46c8-9685-b74d1b924859,14996,REFECTION TORRENT DU COUDRAT : TRAVAUX DE GENIE CIVIL,tender,construction,open,tender,f5f95ea4-695d-404c-b146-01a68760a79e,2025-04-11,VS,Ovronnaz,1911,Gaetan dubuis,0,[]
e55f710b-7b4c-4ada-b784-b226a7bc7049,15005,Construction du nouveau bâtiment administratif du service de l'eau PROJET BASE Attribution d'un mandat d'ingénieur CVCS-MCR,tender,construction,open,tender,25d005b3-4db4-4ae1-9978-ac62899d916b,2025-04-11,VD,Lausanne,1007,Epura SA - BASE,0,[]
49174744-2912-4164-b8da-9721ca318d42,9024,"Kollegium Spiritus Sanctus, Brig - Sanierung Internat - BKP 211.5 – Aussentüren Mitteltrakt",tender,construction,open,abandonment,36966bfa-ad95-4710-9aa1-a9fe8ca483e3,2025-04-11,VS,Brig,3900,Etat du Valais - Département des finances et de l'énergie (DFE) - Service Immobilier et Patrimoine (SIP),0,[]
ddf51e9b-364f-4b97-812b-992f473a74be,10511,Clinique bernoise 2028 - CFC 230 Installations éléctriques,tender,construction,open,abandonment,2381db5f-9d23-45f6-88e4-3a203c4bb636,2025-04-10,VS,Crans-Montana,3963,"Berner Klink Montana, p.A. IAAG Architekten AG",0,[]
10e69fe2-5869-4d2f-aaaa-314fc804fe93,10806,Commune de Gryon - Ultrafiltration Sodoleuvre - Travaux génie civil construction station,tender,construction,open,award,60505c55-34ba-4866-9ad7-6276ccada3b2,2025-04-10,VD,Gryon,1882,RWB Vaud SA,0,[]
f59b0820-ae6a-4291-9d3f-2ce3bf6dc790,13711,Rénovation du terrain de football A,tender,construction,open,tender,33b44a78-30e0-43ed-8d94-c91c136b6264,2025-04-10,GE,Le Grand-Saconnex,1218,Ville du Grand-Saconnex,0,[]
0334dfc9-0b4c-4ed8-9a00-1c04dc0e4271,14701,Construction d'un complexe communal avec salle polyvalente - 02 Travaux de l'entreprise de maçonnerie,tender,construction,open,tender,f48c6d4b-af55-491b-b82b-5252c0f006e0,2025-04-10,VD,Champvent,1443,Commune de Champvent - Beauverd & Halter Architectes Sàrl,0,[]
2748793c-e57b-41e5-8062-ed5688914bb6,14870,Ecole de Commerce Nicolas Bouvier - CFC 228.2 - Stores à lamelles,tender,construction,open,tender,75120844-9aa3-4df1-924f-c9588bf5b81f,2025-04-10,GE,Genève,1203,Office cantonal des bâtiments (OCBA),0,[]
169bfedd-bb53-49d1-a82e-b76de9ad0e58,6094,CSI LE BIX : Lot 214.000 - Charpente bois,tender,construction,open,award,ce536ef7-6608-4c6e-b881-94c1a2aea80a,2025-04-10,VD,Arzier-Le Muids,1273,Pragma Partenaires SA,0,[]
eeb7b264-c284-4551-ad15-cccc03edb632,6105,CSI LE BIX : Lot 215.200 - Façades vitrées en poteaux-traverses,tender,construction,open,award,2b5d2d60-541c-44ab-a975-15b9fcb08188,2025-04-10,VD,Arzier-Le Muids,1273,Pragma Partenaires SA,0,[]
5edddd7f-4d8c-4dbd-bed4-5ebcbc2b2db3,6109,CSI LE BIX : Lot 221.100 - Fenêtres bois-métal,tender,construction,open,award,c6e7cfd7-c166-49a2-b0ef-226601c824d6,2025-04-10,VD,Arzier-Le Muids,1273,Pragma Partenaires SA,0,[]
b4be7778-bd2f-4a97-ae34-c4156d82f730,6114,CSI LE BIX : Lot 224.100 - Etanchéités souples (toiture plate),tender,construction,open,award,15a1222e-49db-4db3-8297-df55103ea900,2025-04-10,VD,Arzier-Le Muids,1273,Pragma Partenaires SA,0,[]
816dc08d-d8f3-40d2-af2d-0aca487d20f3,6386,Agrandissement de la caserne de Pompiers,tender,construction,open,tender,e17d9e46-a66c-43dd-9ad2-412afaf5e2f0,2025-04-10,VD,Gland,1196,Lp&Co développement SA,0,[]
55c3b7d2-372e-43eb-bcf8-77dcbeeb4529,13839,"Schulhaus Bitsch, BKP 221.1 Fenster aus Holz",tender,construction,open,tender,eba0932c-10f5-4f64-8e1c-1f2ff8bd1561,2025-04-09,VS,Bitsch,3982,Gemeinde Bitsch,0,[]
89ab8c82-d237-4ad9-8035-f957b2926403,10467,Patinoire des Vernets (2046TI-bis) revêtements extérieurs,tender,construction,open,award,7073f8d7-c1d6-4d3d-8d88-1218ba0b08cf,2025-04-08,GE,Genève Plainpalais,1227,"Unité soumissions - Département de l'aménagement, des constructions et de la mobilité (DACM) de la Ville de Genève",0,[]
408ecc99-de76-4fc4-92d1-94a3b3d7ad1a,10901,Correction et réfection de la chaussée à la sortie de Luc sur la RC no 79 Botyre - Icogne - Lens - Crans,tender,construction,invitation,award,3b168fc4-9f48-4a93-943b-f67cb1eaeef1,2025-04-08,VS,Ayent,1966,"Département de la mobilité, du territoire et de l'environnement",0,[]
cadedb0c-1bce-4548-bf1d-71a873296231,13984,RC 415-IL-S - Réfection de la traversée du Village,tender,construction,open,tender,3b8b6092-8717-4324-8234-96fe51b7b499,2025-04-08,VD,Chêne-Pâquier,1464,Commune de Chêne-Pâquier - Jaquier Pointet,0,[]
bdcace15-ae8f-48ed-abdd-5e9925c77b16,6584,Bâtiment d'art contemporain (2067TI) ferblanterie et étanchéité,tender,construction,open,award,12516a81-dc86-46cc-83ed-1a1b3b3166a1,2025-04-08,GE,Genève,1205,"Unité soumissions - Département de l'aménagement, des constructions et de la mobilité (DACM) de la Ville de Genève",0,[]
62ed039e-3c74-4693-b871-7ec3d77a9d05,6747,Réfection de pare-ballons et installation de mobiliier Chemin de-Roches 21 - 2073 - Clôtures,tender,construction,open,award,f8bd6af5-bd99-4a46-8980-7add7e37f638,2025-04-08,GE,Genève 3,1211,"Unité soumissions - Département de l'aménagement, des constructions et de la mobilité (DACM) de la Ville de Genève",0,[]
0e3870a7-6a4e-4055-b556-c225a4e66966,14537,Bâtiment des travaux publics de Nendaz,tender,construction,open,tender,28314604-f4b2-43e4-a21c-b30b64446007,2025-04-07,VS,Basse-Nendaz / Route de Nendaz 555,1996,Commune de Nendaz,0,[]
44ab1305-cc01-4e56-979c-8e69b50635a0,14631,Bâtiment des travaux publics de Nendaz,tender,construction,open,tender,6f20737e-d47c-40b0-9f1b-e6c48e38d9a2,2025-04-07,VS,Basse-Nendaz / Route de Nendaz 555,1996,Commune de Nendaz,0,[]
9be84fc7-80b2-4eb1-9162-fe328bd89050,14675,Fondation Foyers-Ateliers St-Hubert - site de Monthey ,tender,construction,open,tender,178b1d64-e8fc-4cb0-adf7-e41fa577b7dc,2025-04-07,VS,Monthey,1870,Fondation Foyers-Ateliers St-Hubert (Eponym Sàrl),0,[]
d3d0765d-7992-4720-8e07-d8eacc0bc536,14686,Ecole de Commerce Nicolas Bouvier - CFC 23 - Electricité,tender,construction,open,tender,a10e7a8b-6d63-41ae-a6ad-f934d08de2b4,2025-04-07,GE,Genève,1203,Office cantonal des bâtiments (OCBA),0,[]
7fedf006-773f-49b3-83df-08751bd1e299,5396,Meinier-Meynite Construction de logements-Serrurerie Gardes Corps,tender,construction,open,award,a863b1d8-bd54-4a5d-85f6-a03175c1d0d8,2025-04-07,GE,Meinier,1252,Fondation Immobilière de Meinier (FIM) - acau architecture sa,0,[]
d85765b3-59a0-4206-9af0-70130f508c77,5828,"GdR5, Genève - Remplacement des menuiseries extérieures (Lot 1) et rénovation et sécurisation des toitures et des terrasses (Lot 2)",tender,construction,open,award,58972333-cfb7-469a-b524-a291b647b2ff,2025-04-07,,,,Cougar Management,2,"[""e558b1b0-edad-4ba3-97be-3194067f4bfd"", ""58972333-cfb7-469a-b524-a291b647b2ff""]"
61b054a4-ade5-4d9d-9de2-b3039fc982ee,10485,TRANSFORMATION ET AGRANDISSEMENT DE LA SALLE POLYVALENTE DE CHALAIS - CFC 273.0 Portes intérieures en bois / CFC 273.2 Vitrages intérieurs en bois / CFC 273.3 Menuiserie courante / CFC 275 Cylindres de sureté,tender,construction,open,award,21bedf40-f5fd-4fb3-bc74-631de1f76183,2025-04-04,VS,Chalais,3966,Commune de Chalais - service technique ,0,[]
45096510-3ea7-41d0-b1b9-65b2a61da694,11858,Rénovation école de Meyrin Village - CFC 281.0 Chape,tender,construction,open,tender,8e7dd5c9-ff9c-43d4-baf9-9b68fdd91eb2,2025-04-04,GE,Av. Vaudagne 6-8,1217,Ville de Meyrin - atba,0,[]
9eed4dd6-3a66-4d9f-8da4-7cbacaba6057,11859,Rénovation école de Meyrin Village - CFC 281.1 Revêtement de sol sans joints,tender,construction,open,tender,678f2a4f-4e8d-4e17-b488-cb29aaf181d0,2025-04-04,GE,Av. Vaudagne 6-8,1217,Ville de Meyrin - atba,0,[]
3f575338-213a-44b9-9a7b-3628adcacecb,11860,Rénovation école de Meyrin Village - CFC 281.6 Carrelage,tender,construction,open,tender,101ad18b-3aa6-4c29-8877-fe7375a55cc3,2025-04-04,GE,Av. Vaudagne 6-8,1217,Ville de Meyrin - atba,0,[]
50bd245e-210c-4dbc-8dba-ce277422e4d9,1247,Construction d'une halle pour les cantonniers aux Haudères (Commune d'Evolène),tender,construction,open,award,1b17eb90-5d7e-4c71-ac13-658ec763dde3,2025-04-04,,,,Service immobilier et patrimoine / Dienststelle für Immobilien und Bauliches Erbe - Investissements / Investitionen,2,"[""1b17eb90-5d7e-4c71-ac13-658ec763dde3"", ""d20a6022-7d0a-4cdf-8b77-6faf77c5ea41""]"
60614395-7b48-438a-803a-fe9458c4ddc8,14339,SIL Lausanne - Liaisons 125kV & 21kV / PSD-MRD _ Dossier EGSI.001108,tender,construction,open,tender,342ec484-7d7b-4c6f-b3a5-18db5e99fa7d,2025-04-04,VD,Lausanne,1010,Direction des services industriels de Lausanne - SIL,0,[]
7066168f-16fd-47f2-aac7-dfbada676abd,1671,"Renens, Sainte-Famille / AO-13, terrassements, travaux spéciaux, maçonnerie et béton",tender,construction,open,award,19cd5854-6005-4178-84f5-f7ee2af5fd67,2025-04-04,VD,Renens,1020,Association Sainte-Famille (aplanir Sàrl),0,[]
09d08712-b605-4383-944f-054c5cff3671,3485,"Renens, Sainte-Famille / AO-26, chauffage",tender,construction,open,award,3a76e0b2-cc51-4966-a7b0-2938ea1207fb,2025-04-04,VD,Renens,1020,Association Sainte-Famille (aplanir Sàrl),0,[]
402ed05c-6cde-440e-b53e-26331f286e41,3486,"Renens, Sainte-Famille / AO-29, sanitaire",tender,construction,open,award,62bca43d-1f9a-42df-a132-8b4cc04a011f,2025-04-04,VD,Renens,1020,Association Sainte-Famille (aplanir Sàrl),0,[]
0ed5f217-a9ac-47a0-adff-57a473604425,3488,"Renens, Sainte-Famille / AO-45, cuisine professionnelle",tender,construction,open,award,564021e8-a7ac-4a85-a098-8ca74f99def0,2025-04-04,VD,Renens,1020,Association Sainte-Famille (aplanir Sàrl),0,[]
51cd5bc7-a600-4ad0-9196-11963db528a1,4120,"Renens, Sainte-Famille / AO-27, ventilation",tender,construction,open,award,901dbd81-0218-4b3f-a53e-cac51f64d0e1,2025-04-04,VD,Renens,1020,Association Sainte-Famille (aplanir Sàrl),0,[]
b6410432-fbd9-4c98-8bfa-14b498661b0e,6927,"Erweiterung Sportzentrum Klostermatte & Heizzentrale, Brig-Glis",tender,construction,open,award,53f2b548-065f-4c17-9d5c-cfd259dc3aaa,2025-04-04,VS,Brig-Glis,3900,Dienststelle für Immobilien und Bauliches Erbe,0,[]
1c23102c-a839-41e7-bda4-4c92b67626d0,14421,Fondation Foyers-Ateliers St-Hubert - site de Monthey ,tender,construction,open,tender,3c3e2056-1840-4f74-9182-ab5c598bbacb,2025-04-03,VS,Monthey,1870,Fondation Foyers-Ateliers St-Hubert (Eponym Sàrl),0,[]
ae3ca345-edd5-459b-bcad-6ca4264b4f7d,14424,LET - Lot 29 Revêtements en carrelage et faïence,tender,construction,open,tender,38e52bb0-1dbe-4acc-93ff-cb8dcf8c9dbf,2025-04-03,VD,Chavannes-près-Renens,1022,Fondation Maisons pour Etudiants Lausanne FMEL p/a Pragma-sa ,0,[]
c71d6c7a-f733-4df1-95be-86cb985c98ed,14506,Plan d'affectation Petite-Prairie 3,tender,construction,open,tender,7b97df6b-f0bf-4867-83f8-7220ca92b8c8,2025-04-03,VD,Nyon,1260,Ville de Nyon,0,[]
b909040b-41c3-4b38-802c-0396c130a747,13881,Nord - Lot 10-Evian - Golf - CRR Transit,tender,construction,open,tender,c5cdab4f-166b-4cb2-aeb3-0f4ea68a3559,2025-04-02,VD,Aigle,1860,Genicad Sàrl,0,[]
50436e46-d943-4751-8f40-bb5945e4ea38,14411,PDZIA Cherpines – Aménagements des infrastructures ETAPE A1a ,tender,construction,open,tender,01872414-5c2c-41e6-bce0-042730a093ae,2025-04-02,GE,plan les ouates,1228,FTI - FONDATION POUR LES TERRAINS INDUSTRIELS DE GENEVE ,0,[]
8160e731-44a6-482d-9ed7-ca775ca61b64,4053,Renouvellement de la gare de Vevey - Prestations de génie civil et ferroviaires,tender,construction,open,award,1ce792b5-da0f-4a1a-b3a5-e941c39b601e,2025-04-02,VD,Vevey,1800,Transports Montreux-Vevey-Riviera SA - Infrastructure Projets,0,[]
174d7b6f-8b94-4c65-951a-fcac6880f64c,5556,Réservoir des Dailles - Remise en état de l'ancienne cuve et travaux connexes - Travaux de réfection des revêtements intérieurs de la cuve N° 2 - Travaux de l'entreprise N° 2,tender,construction,open,award,f5b04378-30c1-4ee8-a331-e2448f60e1d9,2025-04-02,VD,Epalinges,1066,Ville de Lausanne – SE - Service de l’eau (EAU) - Ouvrages,0,[]
29ce74ab-6210-40b8-ac6b-59b467cfbdc0,5560,297_Groupe scolaire des Grands Esserts à Veyrier - Soumission ventilation ,tender,construction,open,award,66b3fd45-ec86-4f79-a88c-346989db2a0b,2025-04-02,GE,Veyrier,1234,Commune de Veyrier,0,[]
a07bfb9a-6210-49a8-8e28-49dffafd1b95,8856,Neubau Fleischzentrum und TKS Region Goms-Oberwallis,tender,construction,open,award,3c298a34-909d-4587-a638-c0603453a85d,2025-04-02,VS,Reckingen,3998,Gemeinde Goms,0,[]
a56fbf21-701b-4a60-8f54-7deea506bc2a,9976,Balisage position avion (Aile Est) - Travaux Génie Civil,tender,construction,open,award,beeda670-cc34-4f2b-af00-304c3053c902,2025-04-02,GE,Grand saconnex,1218,Genève Aéroport,0,[]
33f04a3b-54fd-46e8-b10f-0b522e5ac0f5,11842,Nouvel établissement de formation de l'Ecole de Soins et Santé Communautaire ESSC à Saint-Loup (Pompaples) - CFC 233 Lustrerie,tender,construction,open,tender,edddf372-c46b-4cc7-b5af-02402ad2177d,2025-04-01,VD,Pompaples,1318,Ecole de soins et santé communautaire - atelier cube sa,0,[]
6b2afa3b-e26d-4c48-8009-9d93eb39016e,13685,"MVR-N Assainissement des murs de soutènement, lot N°7",tender,construction,open,tender,c92f8671-6996-4d03-ac0a-d5b8aee08f6e,2025-04-01,VD,Montreux,1820,Transports Montreux-Vevey-Riviera SA - Infrastructure Projets,0,[]
36056ff8-e500-4b7e-92c9-beace5f60dbd,14216,Centre Hospitalier Universitaire Vaudois - CHUV - Aménagements extérieurs - Esplanade,tender,construction,open,tender,6604d529-5742-4889-9f82-aeae7ba6c6a2,2025-04-01,VD,Lausanne,1011,CHUV - Constructions ingénierie technique et sécurité (CIT-S),0,[]
868f8a77-be0e-4499-99c0-637cb8ef89ad,14281,Rénovation énergétique et techniques d'un immeuble de logements et d'activités à Chêne-Bougeries,tender,construction,open,tender,5d80a8ad-f697-45b6-83dd-d6b69bc1a317,2025-04-01,GE,Chêne-Bougeries,1224,Commune de Chêne-Bougeries p.a. Pascal Hüni architectes Sàrl ,0,[]
9d1c84e1-949b-437a-979e-504d476e31ec,14286,Commune de Vully-les-Lacs - site scolaire de Salavaux / salle de sport double VD5 et transformation du bâtiment existant - CFC 282.5 Revêtements de parois et plafond en bois,tender,construction,open,tender,95e2112f-0355-4369-8791-27536481e33e,2025-04-01,VD,Salavaux,1585,Commune de Vully-les-Lacs,0,[]
4cde0f47-bf6d-4999-a8b5-0f92b24a8850,14296,Rénovation énergétique et techniques d'un immeuble de logements et d'activités à Chêne-Bougeries,tender,construction,open,tender,80f8e135-1d43-4b56-ac30-ef30e5e33dfc,2025-04-01,GE,Chêne-Bougeries,1224,Commune de Chêne-Bougeries p.a. Pascal Hüni architectes Sàrl ,0,[]
424032c1-1752-4b4d-bd0d-677ae8c3145c,5886,297_Groupe scolaire des Grands Esserts à Veyrier - Soumission installations électriques,tender,construction,open,award,1ae12825-e55a-468e-945e-b6fd5875fe91,2025-04-01,GE,Veyrier,1255,Commune de Veyrier ,0,[]
7690f3e1-d918-4a2a-be43-f3d65b3cd303,5893,Bâtiment d'Art Contemporain (BAC) - 2059TI - Ascenseur et monte charge,tender,construction,open,award,2cf37fee-bcb2-4138-a14a-56e2eaa183c1,2025-04-01,GE,Genève,1205,"Unité soumissions - Département de l'aménagement, des constructions et de la mobilité (DACM) de la Ville de Genève",0,[]
9fe36c3c-de31-4328-b9d9-f8c77684825a,9085,Programme de remplacement de 18 transformateurs HT/BT - Installations câblage HT / BT,tender,construction,open,abandonment,9045123b-c071-40df-a4d8-dccecdc1a293,2025-04-01,GE,Le Grand Saconnex,1218,Genève Aéroport,0,[]
4723dc13-157a-42b6-be3e-f384dea999f2,9415,CEC EMILIE GOURD ,tender,construction,open,tender,b6a9d4cb-f5cc-4c6a-9d76-6e4f644f252e,2025-04-01,GE,GENÈVE ,1208,Office cantonal des bâtiments  (OCBA) ,0,[]
f5e47521-7df5-48bd-9251-8af46ad2aaff,10396,Langsamverkehrsbrücke Geschina (Brig-Glis),tender,construction,open,award,e353d303-407a-414b-a3fc-62c1dacb7100,2025-05-31,VS,Brig-Glis,3900,Stadtgemeinde Brig-Glis (AFRY Schweiz AG),0,[]
84e6ff55-6738-4eeb-a286-6c077af73df7,17777,Rénovation énergétique et techniques d'un immeuble de logements et d'activités à Chêne-Bougeries,tender,construction,open,tender,9ce07b8f-08d1-45ad-9022-5a4c1c6c6e69,2025-05-31,GE,Chêne-Bougeries,1224,Commune de Chêne-Bougeries p.a. Pascal Hüni architectes Sàrl,0,[]
87615ad2-2854-4501-b791-296cc986f0db,17779,Rénovation énergétique et techniques d'un immeuble de logements et d'activités à Chêne-Bougeries,tender,construction,open,tender,d3648a48-b5bf-4a84-8cfe-82219937ab86,2025-05-31,GE,Chêne-Bougeries,1224,Commune de Chêne-Bougeries (Pascal Hüni architectes Sàrl),0,[]
bbd12543-0f30-465d-b259-b7e79c71196b,17214,"Lot L10125, SL Materialbewirtschaftung",tender,construction,open,advance_notice,763def9e-928e-450e-b625-dd11fe538eb6,2025-05-30,VS,Leuk,3953,Dienststelle für Nationalstrassenbau / Service de la construction des routes nationales,0,[]
0dbe692a-a7af-4b0d-a43d-75c19518a290,17740,Coeur de cité - Soumission du volet travaux de fontainerie ,tender,construction,open,tender,d51e4597-ce3c-4cda-b88d-3479dfa70c00,2025-05-30,GE,Meyrin,1217,"Ville de Meyrin - Service de l'urbanisme, des travaux publics et de l'énergie (Oxalis architectes paysagistes associés sarl)",0,[]
ba5c9a3b-76c4-4d2f-9e00-335b0118a455,8199,Maison de Commune Châble - CFC 271 Plâtrerie,tender,construction,open,award,4e2cc25b-e4f6-447d-a86b-4ec8678be819,2025-05-30,VS,Le Châble,1934,Philippe Bruchez Architecture SA,0,[]
e2d9729c-9bb2-4083-9f26-a877e801d928,11585,HUG - Beau Séjour 26 : Verticalités sanitaires CFC 250 – installations sanitaires,tender,construction,open,award,160b3df5-8b4c-44cb-8a6f-19428a9d2420,2025-05-29,GE,Av. de Beau-Séjour 26,1206,Centrale d'achats et d'ingénierie biomédicale Vaud-Genève (CAIB),0,[]
8dffaca1-578f-4b5a-8133-11f7eab79edb,17517,"Appel d'offres Ecole de Borzuat ""rénovations + agrandissement"" - Aménagements extérieurs",tender,construction,open,tender,9bc564d3-6e54-4922-bc0e-e519e627c779,2025-05-29,VS,Sierre,3960,Ville de Sierre - Centrale des achats,0,[]
a89a4593-75dc-4b2c-9cd8-939b0b86012f,17523,"Appel d'offres Ecole de Borzuat ""rénovations + agrandissement"" - Construction bois (préau couvert)",tender,construction,open,tender,5a4965fc-7048-4899-aa27-3dcda11dfcc0,2025-05-29,VS,Sierre,3960,Ville de Sierre - Centrale des achats,0,[]
51af85ba-bf47-4a4d-a61d-06c22db0d70e,10416,Sanierung Regionalschulhaus Leuk - Innentüren aus Holz und allgemeine Schreinerarbeiten,tender,construction,open,award,2d2924b7-8ade-42a8-ab87-0cd4b2759137,2025-05-28,VS,Leuk-Stadt,3953,Gemeinde Leuk,0,[]
ebfafbef-bfc0-44f8-be95-1e3867997df2,14389,Lancy - Rehabilitations de collecteurs 2024 / 2025,tender,construction,open,abandonment,4e30314e-f8da-49ad-8327-852666a8bda5,2025-05-28,GE,Petit-Lancy,1213,Service des Travaux et de l'Energie,0,[]
cd986483-0f22-417b-a774-d3a0a6f5ac2c,14865,Neubau Fleischzentrum und TKS Region Goms-Oberwallis / 230 Elektroinstallationen,tender,construction,open,award,3af8e11f-ea46-4a21-9d41-ca3bb787a07d,2025-05-28,VS,Reckingen VS,3998,Gemeinde Goms,0,[]
8e59a396-a733-4902-90e3-43c0bd80ce3d,15213,"Réfection du revêtement entre le carrefour de Ban et le carrefour de Valençon, sur la RC no 46 Sierre - Chermignon - Crans, sur le territoire de la commune de Crans-Montana",tender,construction,invitation,award,fcb23854-1b31-47fe-b2f8-c6078f052bbb,2025-05-28,VS,Crans-Montana,3963,"Département de la mobilité, du territoire et de l'environnement",0,[]
c805fc3c-7cd0-4161-a891-72a2e45db827,17119,O_6556-2025-060_Pôle Bio_Forages dirigés ,tender,construction,open,tender,16a050d3-0971-4b93-982b-209dfa096c6e,2025-05-28,GE,Route de Peney,1242,Services industriels de Genève (SIG) - Direction Achats,0,[]
6594c3c8-a166-49e0-87a5-270b56465345,17656,Collège de la Passerelle - Rénovation des toitures ,tender,construction,open,tender,68440b55-6e72-473f-9bb7-bc37862a2bc6,2025-05-28,,,,Ville d'Yverdon-les-Bains,2,"[""68440b55-6e72-473f-9bb7-bc37862a2bc6"", ""68440b55-6e72-473f-9bb7-bc37862a2bc6""]"
d0338e9c-0cf2-425e-898a-471a4ccc92da,17308,Eco-Parc des Rouettes - Réalisation des aménagements publics - Phase 1,tender,construction,open,tender,482a1fc6-3e9a-481e-a50a-8366277e2d28,2025-05-27,GE,BERNEX,1233,Fondation pour les Terrains Industriels de Genève,0,[]
ebb96238-84a8-4446-8fb8-475045bd7228,17430,Commune de Gimel - Route de Beauregard,tender,construction,open,tender,7036b96e-d486-40e9-830b-3cc772cd33b1,2025-05-27,VD,Gimel,1188,Bureau d'ingénieurs Sabert SA,0,[]
1814a425-289d-4a8f-9db8-deb88c3c9631,17474,Rénovation et assainissement énergétique du Centre d'enseignement professionnel de Vevey,tender,construction,open,tender,a28baca3-de92-4b6a-8c09-af00a6e74a4f,2025-05-27,VD,Vevey,1800,DGIP-DAB-Domaine 2 : Ecoles professionnelles,0,[]
75852ada-e295-4001-87a6-e3df7885b37f,17512,2025-3 Chantiers d’entretien constructif – Bruit - 2 lots ,tender,construction,open,tender,ece0c4bd-819f-4856-a352-d73bfc69c7b7,2025-05-27,,,,Direction générale de la mobilité et des routes - division Entretien ,2,"[""ece0c4bd-819f-4856-a352-d73bfc69c7b7"", ""ece0c4bd-819f-4856-a352-d73bfc69c7b7""]"
09b5043b-73cc-44cc-ab98-b51dff6ac496,4585,Groupe scolaire sur le site des Vernets (2043TI) Equipement de places de jeux,tender,construction,open,award,7c2f51be-6768-4e22-975b-47ae6e624c49,2025-05-27,GE,Genève,1205,"Unité soumissions - Département de l'aménagement, des constructions et de la mobilité (DACM) de la Ville de Genève",0,[]
5daa9492-0d8f-4199-8530-3f3f325a78d4,12840,LET - Lot 19 Portes en bois,tender,construction,open,award,d5de422a-5324-4a44-b7c3-bdd2c142e833,2025-05-26,VD,Chavannes-près-Renens,1022,"FMEL, p/a Pool Banquet",0,[]
46166011-e8cd-432f-a434-ddfe603c3157,12847,LET - Lot 20 Armoires murales et rayonnages ,tender,construction,open,award,058d9e31-aeac-4549-b838-861d1dff9eea,2025-05-26,VD,Chavannes-près-Renens,1022,"FMEL, p/a Pool Banquet",0,[]
3f0c95fb-9438-4c55-a3b3-ea6065b1d023,15499,"Vieux-Lully, Bernex - logements, commerces, centre culturel - lot 25800 Agencements de cuisines",tender,construction,open,abandonment,7ba3ae11-1eb1-4842-947f-440b130df528,2025-05-26,GE,Bernex,1233,Fondation de la Commune de Bernex pour le Logement ,0,[]
7df5f531-a842-42da-98d0-7e0aef7cd462,15959,Projet d'extension de l'Unithèque. Appel d'offres lot 111 Faux-plafond métallique,tender,construction,open,tender,6db30bc2-872c-497d-a440-e5609b352763,2025-05-26,VD,Ecublens,1024,COPIL des constructions universitaires p/a DEIEP - Direction générale des Immeubles et du Patrimoine (DGIP),0,[]
31815b3d-38a3-4378-a1d9-482198461b64,6447,Protection contre les chutes de pierres et de blocs de la falaise Sous-les-Roches (Saint-Cergues),tender,construction,open,award,4fde672f-5c24-4e3a-8afa-f2fcdf2ce28f,2025-05-26,VD,Saint-Cergue,1264,Commune de St-Cergue (Karakas & Français SA),0,[]
90fca55f-981f-4820-b7bc-8241a43998f0,7416,"Fourniture et Mise en œuvre d'une installation photovoltaïque - STEP Yverdon, Décanteurs secondaires",tender,construction,open,award,d1a01e38-c420-4127-a04b-f667bd0574ee,2025-05-26,VD,Yverdon-les-Bains,1400,"Ville d'Yverdon-les-Bains - Service mobilité, environnement et infrastructures (MEI) - Planair SA",0,[]
d7f1b662-ff4a-4f82-84ca-3e6fb01a0fe4,17404,"Jongny, Construction d'une école, AO Terrassements - travaux spéciaux",tender,construction,open,tender,668a7d69-40bc-4594-a873-1e9adc4a3851,2025-05-24,VD,Jongny,1805,Commune de Jongny (Quartal Sàrl),0,[]
773ee036-f3aa-4681-9323-198db403ef48,17442,"Jongny, Construction d'une école, AO Défrichage - démolition",tender,construction,open,tender,2e9561c4-265e-4d71-900f-f8971cbb1d1c,2025-05-24,VD,Jongny,1805,Commune de Jongny (Quartal Sàrl),0,[]
6c2c8763-1699-4f03-9a86-8ca8aae96ad5,17443,"Jongny, Construction d'une école, AO Maçonnerie - BA",tender,construction,open,tender,81cc8e80-5789-413e-ac98-093616c77bcf,2025-05-24,VD,Jongny,1805,Commune de Jongny (Quartal Sàrl),0,[]
49d45ef5-0441-451e-b498-90e6c36166eb,17445,"Jongny, Construction d'une école, AO Installations électriques",tender,construction,open,tender,4928e8b1-6af8-459a-9688-64b7cf5e58dd,2025-05-24,VD,Jongny,1805,Commune de Jongny (Quartal Sàrl),0,[]
0411cb37-dd0a-415d-b952-87302ecc1362,17446,"Jongny, Construction d'une école, AO Chauffage",tender,construction,open,tender,cc007f1e-2509-47e5-99cc-ff9ecc08171b,2025-05-24,VD,Jongny,1805,Commune de Jongny (Quartal Sàrl),0,[]
f4d98fc0-6f89-4229-8ad9-f81373999bbc,17447,"Jongny, Construction d'une école, AO Ventilation",tender,construction,open,tender,2716aaa7-54ea-4ecf-a805-9153da08bed2,2025-05-24,VD,Jongny,1805,Commune de Jongny (Quartal Sàrl),0,[]
9e991136-0105-4ef6-843e-0d75bc535910,17449,"Jongny, Construction d'une école, AO Installations sanitaires ",tender,construction,open,tender,49e155bc-54bc-4737-a695-4b6e3aa1d121,2025-05-24,VD,Jongny,1805,Commune de Jongny (Quartal Sàrl),0,[]
b37dc6e4-b950-4df5-b69b-8b2be5d9f2b5,10222,Clinique bernoise 2028 - CFC 211 Travaux de construction,tender,construction,open,award,1852862d-a6a8-4a04-b0a8-25fa3ce0919e,2025-05-23,VS,Crans-Montana,3963,"Berner Klink Montana, p.A. IAAG Architekten AG",0,[]
a9939a43-5587-41fd-87c2-6892659ac65b,10515,Clinique bernoise 2028 - CFC 242 Installations de chauffage,tender,construction,open,award,3bf89f2d-153a-468f-8270-7faf84eeccd6,2025-05-23,VS,Crans-Montana,3963,"Berner Klink Montana, p.A. IAAG Architekten AG",0,[]
c42fb23b-bcba-49b0-b63b-967f84c404ad,10519,Clinique bernoise 2028 - CFC 244 Ventilation et climatisation,tender,construction,open,award,7c717da8-da39-4c1a-adf1-62048ab6e527,2025-05-23,VS,Crans-Montana,3963,"Berner Klink Montana, p.A. IAAG Architekten AG",0,[]
5c702d68-00f2-4aec-aab2-85a8df802b98,10522,Clinique bernoise 2028 - CFC 250 Installations sanitaires,tender,construction,open,award,23a6f4a9-459f-45e8-8d7d-70caea40a484,2025-05-23,VS,Crans-Montana,3963,"Berner Klink Montana, p.A. IAAG Architekten AG",0,[]
4f0f068b-6c3c-4b29-8339-0953af99c933,10524,Clinique bernoise 2028 - CFC 211.1 Ecafaudages,tender,construction,open,award,4e346c77-4d67-4ca8-9da2-9ddf1124b5f3,2025-05-23,VS,Crans-Montana,3963,"Berner Klink Montana, p.A. IAAG Architekten AG",0,[]
f33184f8-7feb-4fb8-820c-27589ab6dd77,10717,Centre sportif de Verbier - CFC 213 Bassins en inox,tender,construction,open,award,27d83297-78ad-48d2-a124-e4762e82f20c,2025-05-23,VS,Verbier,1936,Quartal Sàrl,0,[]
400e9d79-6588-4543-b873-bb12aa1b364f,10721,Centre sportif de Verbier - CFC 240 Chauffage,tender,construction,open,award,ae66ce29-0f64-43c6-b4c4-596411aa1a42,2025-05-23,VS,Verbier,1936,Quartal Sàrl,0,[]
2b146d71-cdac-471b-bf5b-c90f12c4bbb7,10726,Centre sportif de Verbier - CFC 250 Sanitaire,tender,construction,open,award,243f3937-4a25-4001-8d1c-efc89d417ed6,2025-05-23,VS,Verbier,1936,Quartal Sàrl,0,[]
fd8e8c2c-009a-4b53-8da7-75fc08337463,10728,Centre sportif de Verbier - CFC 278 Fond mobile,tender,construction,open,award,6f65105a-3e89-40b9-a7d0-571c97d198fa,2025-05-23,VS,Verbier,1936,Quartal Sàrl,0,[]
bd2be0f4-2361-45d1-ad59-dded773f2bf6,10732,Centre sportif de Verbier - CFC 358 Cuisine professionnelle,tender,construction,open,award,7034ecb3-17a8-4e56-b2b4-89075bc86b80,2025-05-23,VS,Verbier,1936,Quartal Sàrl,0,[]
4427e585-1a75-4d1b-9eb7-0fb72e4fb8e3,10738,Centre sportif de Verbier - CFC 448 Toboggans,tender,construction,open,award,1f0a32f6-30d4-4ce4-b5ed-a217233f521b,2025-05-23,VS,Verbier,1936,Quartal Sàrl,0,[]
ee8ef762-3f82-443e-8921-67f137396fac,11132,Clinique bernoise 2028 - CFC 271 Plâtrerie,tender,construction,open,award,6c316df2-ec6a-4678-a77c-e85b96929621,2025-05-23,VS,Crans-Montana,3963,"Berner Klink Montana, p.A. IAAG Architekten AG",0,[]
4a88d635-886a-474c-8d36-fdfeb717e8a0,11168,"Schulhaus Bitsch, BKP 211 Baumeisterarbeiten",tender,construction,open,award,667de5c7-fef6-4ad7-abb0-0758fce26477,2025-05-23,VS,Bitsch,3982,Gemeinde Bitsch,0,[]
15e2ce21-f768-4fde-81fa-fe2029492560,11177,"Schulhaus Bitsch, BKP 214 Montagebau in Holz",tender,construction,open,award,e95326c3-a399-4869-ad41-7f126340b85c,2025-05-23,VS,Bitsch,3982,Gemeinde Bitsch,0,[]
3e3a05f3-4ed9-4a2c-b6f6-281c0c0f632e,11178,"Schulhaus Bitsch, BKP 23 Elektroanlagen",tender,construction,open,award,fc7d3d25-a57e-474f-a77a-b165f2df17f6,2025-05-23,VS,Bitsch,3982,Gemeinde Bitsch,0,[]
a8e29b1d-baac-4276-bd85-1a1211d899f1,11183,"Schulhaus Bitsch, BKP 242 Heizungsanlagen",tender,construction,open,award,d11f428f-3508-4fac-aac9-36a62374f6b9,2025-05-23,VS,Bitsch,3982,Gemeinde Bitsch,0,[]
5a410ec8-3206-43cd-887b-ec0a99566575,12558,"Construction d'un parapet en béton armé et assainissement des bétons à la galerie d'entrée du tunnel d'Arolla et la galerie de Zano, sur la RC no 54 Sion - Les Haudères - Arolla, sur le territoire de la commune d'Evolène",tender,construction,open,award,55e7bf31-8a87-41b9-8aa6-59093d4a935f,2025-05-23,VS,Evolène,1983,"Département de la mobilité, du territoire et de l'environnement",0,[]
e1bb4baf-74ce-4ece-b927-e297e79657f1,12725,"Correction de la chaussée à l'intérieur d'Euseigne, sur la RC no 54 Sion - Les Haudères - Arolla, sur le territoire de la commune d'Hérémence",tender,construction,open,award,75a67942-3d13-47c6-8274-8095da1f9a7a,2025-05-23,VS,Euseigne,1982,"Département de la mobilité, du territoire et de l'environnement",0,[]
2209cff7-2fab-4995-882f-a4fbc0cc8d08,13661,EPFL DOUBLE DECK - CFC 4 Aménagements extérieurs,tender,construction,open,abandonment,7e7376e6-2bf2-4d4e-a9cf-5c699ff46d93,2025-05-23,VD,Lausanne,1015,EPFL - Achats,0,[]
6b5887ff-8741-4a7e-932f-0be3717e337f,14016,"Parking du Grand-Signal, Crans-Montana",tender,construction,open,award,f3c08261-9a3f-41c0-8680-30891ee8e0cb,2025-05-23,,,,Société des Parkings de Crans-Montana SA (Commune de Crans-Montana),1,"[""f3c08261-9a3f-41c0-8680-30891ee8e0cb""]"
e9b4933d-cd0f-40b6-a8b8-199cf826f7fe,16638,"Schulhaus Bitsch, BKP 271 Maler-/Gipserarbeiten",tender,construction,open,tender,3861d215-11dc-46b6-8f4d-4679879a6308,2025-05-23,VS,Bitsch,3982,Gemeinde Bitsch,0,[]
fb8363ed-c248-4abd-8f97-dd721bfbb1b8,17257,Commune de Vully-les-Lacs - site scolaire de Salavaux / salle de sport double VD5 et transformation du bâtiment existant - CFC 281.6 Carrelages et CFC 282.4 Revêtements de paroi en carreaux,tender,construction,open,tender,115ae412-e8be-4afb-8094-f526d508cf7f,2025-05-23,VD,Salavaux,1585,Commune de Vully-les-Lacs,0,[]
a24b04a0-a8ab-488b-a575-cd2d9a9b56ae,17354,"L10166, SB Centre entretien Sierre, CFC 215 Façades en bois",tender,construction,open,tender,d81a8391-1b9f-44e0-a4b4-236947b1c467,2025-05-23,VS,Sierre,3960,Dienststelle für Nationalstrassenbau / Service de la construction des routes nationales,0,[]
791ec2cb-2f43-4406-999f-023471c327e1,17371,"L10167, SB Centre entretien Sierre, CFC 221.1 Fenêtres bois-métal",tender,construction,open,tender,d425fedd-d7b8-41ff-af99-624216576bb7,2025-05-23,VS,Sierre,3960,Dienststelle für Nationalstrassenbau / Service de la construction des routes nationales,0,[]
490bf252-f20f-44b7-a221-2e798a5cbf59,17372,"L10168, SB Centre entretien Sierre, CFC 221.3 Portes et fenêtres en métal",tender,construction,open,tender,00fd455b-65ae-4041-a8c7-3dda76c802a0,2025-05-23,VS,Sierre,3960,Dienststelle für Nationalstrassenbau / Service de la construction des routes nationales,0,[]
d50cb374-6961-4202-9393-2bbeb70fbd85,17379,"L10170, SB Centre entretien Sierre, CFC 228 Stores",tender,construction,open,tender,36f44a61-cfa7-48d1-adf0-f4c6a9c89ea9,2025-05-23,VS,Sierre,3960,Dienststelle für Nationalstrassenbau / Service de la construction des routes nationales,0,[]
607ff6c4-24e7-41d9-a201-ed15878dddb7,17381,"L10171, SB Centre entretien Sierre, CFC 237 Installation de panneaux photovoltaïques ",tender,construction,open,tender,56adee78-ba90-4b46-a718-be437f436b6a,2025-05-23,VS,Sierre,3960,Dienststelle für Nationalstrassenbau / Service de la construction des routes nationales,0,[]
c721004d-c396-47f0-9073-a6c20956c5f8,17382,"L10173, SB Centre entretien Sierre, CFC 281.0 Chapes",tender,construction,open,tender,88f81857-886f-4e5c-ad70-9a5f5c4ace7d,2025-05-23,VS,Sierre,3960,Dienststelle für Nationalstrassenbau / Service de la construction des routes nationales,0,[]
94c33544-93f5-4437-ab17-2abebe98e529,17396,Création de trois terrains de padel couverts situés chemin de la Berne 5 - 1217 Meyrin,tender,construction,open,tender,40335d72-29a3-4416-8d2e-76ac3638b056,2025-05-23,GE,Meyrin,1217,Ville de Meyrin - Collectif architecture Sàrl,0,[]
7e6080ad-6060-4d46-bfe1-acfac292b733,3516,STEP de Lucens - Lot 260 - Serrurerie,tender,construction,open,award,84e1e098-91f6-4157-b577-6a8322e2104d,2025-05-23,VD,Lucens,1522,Association intercommunale Epuration Moyenne Broye,0,[]
37456eef-368d-4e89-88e2-33a3e77d0465,4715,STEP de Lucens - Lot 304 - Ventilation SBR,tender,construction,open,award,9fef71f0-eb1e-4b6a-b8b2-e58ff2540095,2025-05-23,VD,Lucens,1522,Association intercommunale Epuration Moyenne Broye,0,[]
5af5386d-0581-40fd-be0a-87655ec91cd4,5372,"Vieux-Lully, Bernex - lots 28100 Chapes (logements, commerces, centre culturel)",tender,construction,open,award,3d0bb8bc-5222-4fce-a521-5d53a64a8937,2025-05-23,GE,Bernex,1233,Fondation de la Commune de Bernex pour le Logement,0,[]
bae541ae-4998-454e-ab9f-c59803570eea,6127,STEP de Lucens - Lot 305-Sanitaire SBR,tender,construction,open,award,af77ab53-795c-412c-b8da-1dc934180fe5,2025-05-23,VD,Lucens,1522,Association intercommunale Epuration Moyenne Broye,0,[]
1916d0d3-3692-4b0e-a1de-7688ff3d98fd,7749,projet de construction d’un bâtiment de voirie à Rennaz - Travaux de maçonnerie,tender,construction,open,abandonment,8200092d-8494-4eef-8a84-f1cfdeea9b35,2025-05-23,VD,Rennaz,1847,Commune de Rennaz,0,[]
3c8b1b44-ffdc-44fc-8535-955523d978d5,7926,projet de construction d’un bâtiment de voirie à Rennaz - Travaux de construction bois,tender,construction,open,abandonment,2f2455d2-046d-415d-bab0-dc8b1d633f62,2025-05-23,VD,Rennaz,1847,Commune de Rennaz,0,[]
f78da6a2-5573-4c3b-b321-dde013b53a93,9787,Centre sportif de Verbier - CFC 261.1 Ascenseurs,tender,construction,open,award,b2be8674-7a94-41a6-9925-35bb15a0885e,2025-05-23,VS,Verbier,1936,Quartal Sàrl,0,[]
c4a558bc-9570-40c4-89b3-f76fe07d9c40,9792,Centre sportif de Verbier - CFC 211.1 Echafaudages,tender,construction,open,award,ef87b30b-cfd8-4ebc-abaa-653e0d87cd16,2025-05-23,VS,Verbier,1936,Quartal Sàrl,0,[]
c6e1016b-1b7b-47e9-88b1-67012096d2a9,17136,RENENS_EMS/CVE ROZAVERE-Installations Ascenseurs,tender,construction,selective,abandonment,8d3afacb-f741-4f5a-95a3-6c2825a24cbc,2025-05-22,VD,renens,1020,Fondation la Rozavère - EMS Renens (in out/acau arch.),0,[]
e1642e9c-feaa-4f05-846f-83a50c69e9c1,17139,RENENS_EMS/CVE ROZAVERE-Préfabriqués Bétons,tender,construction,selective,abandonment,463f6639-5e3a-4851-81c0-55b5891c23bc,2025-05-22,VD,renens,1020,Fondation la Rozavère - EMS Renens (in out/acau arch.),0,[]
025e60a7-67b0-4eca-9300-2f31e27c31d1,17156,RENENS_EMS/CVE ROZAVERE-Gros Œuvre Bois,tender,construction,selective,abandonment,f96b27f2-d457-4265-847c-8e086723f192,2025-05-22,VD,renens,1020,Fondation la Rozavère - EMS Renens (in out/acau arch.),0,[]
7e37bbc5-47fe-4b60-af1c-4db375e0468f,17169,RENENS_EMS/CVE ROZAVERE-MCR,tender,construction,selective,abandonment,44ece25f-60b1-4301-96e1-1ac978b0c090,2025-05-22,VD,renens,1020,Fondation la Rozavère - EMS Renens (in out/acau arch.),0,[]
b5dc8ffd-ea4d-4f02-b07c-387ede3fcbdf,17189,Campus scolaire et sportif à Champagne.           Lot 2315 Equipement de production d'énergie électrique_Installation Photovoltaïque,tender,construction,open,tender,ea5ff6b4-042b-4d9d-a598-de734456558a,2025-05-22,VD,Champagne,1424,Commune de Champagne (Fesselet Krampulz architectes),0,[]
586188af-0310-4fbc-b368-496f806d28d0,17192,Campus scolaire et sportif à Champagne.           Lot 2420 Installation de chauffage,tender,construction,open,tender,87a0f84c-7dac-4544-b244-4c7f9ebfbe7e,2025-05-22,VD,Champagne,1424,Commune de Champagne (Fesselet Krampulz architectes),0,[]
1c9a1267-98fe-45dc-ac16-2218073a4b4f,17196,Campus scolaire et sportif à Champagne.           Lot 2440 Installation de ventilation,tender,construction,open,tender,fb35f612-f6c5-4bdd-882c-64c8b7581e40,2025-05-22,VD,Champagne,1424,Commune de Champagne (Fesselet Krampulz architectes),0,[]
7a9d89ad-563a-4476-8c98-edf1992bd170,17198,Campus scolaire et sportif à Champagne.           Lot 2500 Installations sanitaires,tender,construction,open,tender,2a593c1b-4aaf-4ea8-a3f3-80eb21a4b2bb,2025-05-22,VD,Champagne,1424,Commune de Champagne (Fesselet Krampulz architectes),0,[]
86236514-4fc8-4667-b9f8-c3436b0dfe64,17250,Campus scolaire et sportif à Champagne.           Lot 2300 Installations électriques,tender,construction,open,tender,90c6195d-b1aa-4210-9ea4-bfbbab636bcb,2025-05-22,VD,Champagne,1424,Commune de Champagne (Fesselet Krampulz architectes),0,[]
c270e9ed-23b5-4074-b361-052c31ee764a,5151,Collège du Grand-Pré à Prilly - Assainissement-transformation-mise en conformité,tender,construction,open,award,e32daa8b-dadb-41df-a19f-bb6a2e33178d,2025-05-22,,,,ASIGOS,1,"[""e32daa8b-dadb-41df-a19f-bb6a2e33178d""]"
1fd0fed7-2fee-46db-8c87-0c4cc9f9e8d2,7513,"VEVEY, Avenue des Crosets, Aménagements extérieurs",tender,construction,open,award,78d2b721-b344-4ee2-9906-13afb7bcc740,2025-05-22,VD,Vevey,1800,( Ville de Vevey ) Bureau d'architecture paysagère Paysagestion SA,0,[]
5a2fd718-a56f-42a5-8450-2f29cbc0ada5,8924,Collège du Grand-Pré à Prilly - Assainissement-transformation-mise en conformité,tender,construction,open,award,a0d7ff50-f052-4f62-acf4-5f797b8b2736,2025-05-22,VD,Prilly,1008,ASIGOS,0,[]
fb2a298a-0e1d-4796-83b6-7b95e069a8e0,8971,Collège du Grand-Pré à Prilly - Assainissement-transformation-mise en conformité,tender,construction,open,award,af21d0b5-9e6d-4f3d-b876-8b3989d60b96,2025-05-22,VD,Prilly,1008,ASIGOS,0,[]
db18286c-327a-45b7-89df-f07188981302,8977,Collège du Grand-Pré à Prilly - Assainissement-transformation-mise en conformité,tender,construction,open,award,06036401-43e8-4808-8c8a-64e89a75436c,2025-05-22,VD,Prilly,1008,ASIGOS,0,[]
54f669d9-1d21-4b77-abc1-730be488f82c,8982,Collège du Grand-Pré à Prilly - Assainissement-transformation-mise en conformité,tender,construction,open,award,60e00635-0e9c-40d3-b77b-b5c56d2309fa,2025-05-22,VD,Prilly,1008,ASIGOS,0,[]
3cea7224-a439-4a78-ae21-4662f0e4a406,8996,Collège du Grand-Pré à Prilly - Assainissement-transformation-mise en conformité,tender,construction,open,award,8cee2b07-78c7-4398-9655-fe3f8592c8de,2025-05-22,VD,Prilly,1008,ASIGOS,0,[]
5ea1bb63-76c6-4ba9-8df1-0cc5418e17de,9026,Collège du Grand-Pré à Prilly - Assainissement-transformation-mise en conformité,tender,construction,open,award,e8ca1a4a-9d5a-453f-b445-177a434b090d,2025-05-22,VD,Prilly,1008,ASIGOS,0,[]
fb628dfb-8598-4f52-86ed-536991cfacea,9031,Collège du Grand-Pré à Prilly - Assainissement-transformation-mise en conformité,tender,construction,open,award,cd6399cc-09c1-4c3a-8e33-4b78c12b4781,2025-05-22,VD,Prilly,1008,ASIGOS,0,[]
6c626678-cd7c-4927-92c1-5686cd8dbab8,9045,Collège du Grand-Pré à Prilly - Assainissement-transformation-mise en conformité,tender,construction,open,award,c033861c-afe5-4371-9cb0-e17d63035d86,2025-05-22,VD,Prilly,1008,ASIGOS,0,[]
aa022c83-6bb1-4480-9a6f-baad1a28f2c3,9431,Collège du Grand-Pré à Prilly - Assainissement-transformation-mise en conformité,tender,construction,open,award,7241f758-16e1-4a5b-b9a2-f6814fb5c5c7,2025-05-22,VD,Prilly,1008,ASIGOS,0,[]
1face861-e2c7-44c9-ba3c-52664be05e49,10461,VE 31.05 Réfection de voie à crémaillère du KM 6220 au KM 7330 (1080M),tender,construction,open,award,b35a36b6-afac-4206-9df1-8f0433573a87,2025-05-21,VS,Salvan,1922,Achats - TMR SA,0,[]
6871d4be-d5b3-4e33-96eb-253fbb2bea9d,12842," Parking de L'HEPIA assainissement des bétons, revêtement et peinture",tender,construction,open,award,a47df9b0-04f7-4dd9-b907-f0436272c7e2,2025-05-21,GE,"	Rue de la Prairie, Genève",1201,Fondation des Parkings  - Service des achats,0,[]
9168e121-705e-4c35-b0bd-200810a5efe8,17207,Mise à disposition de deux soudeurs,tender,construction,open,tender,e037c8c3-73dc-447f-a24a-6e99c2c90e5a,2025-05-21,GE,Le Lignon,1219,Services industriels de Genève (SIG) - Direction Achats,0,[]
fcf0cf8b-12f8-4244-a6e7-666a03f3cd95,2034,Maintenance électrique - Etablissements pénitentiaires du canton de Genève,tender,construction,open,award,4908a10e-e3e2-424e-9c7e-b37a846275cc,2025-05-21,GE,Genève,1211,Office cantonal des bâtiments (OCBA) - Service Achats et Contractualisation,0,[]
b3b75427-bdcd-4f3c-94e4-d24aa097ee3a,8847,Installation de chauffage CFC 242  - Assainissement et rénovation de la sous-station principale de chauffage - HEPIA Prairie,tender,construction,open,award,ccbf179c-aaaf-4701-b05e-c45227aea198,2025-05-21,GE,Genève,1202,Office cantonal des bâtiments (OCBA),0,[]
61aa8ae0-a4a3-40db-8178-1c3b4fccdba6,11676,"EPFL DOUBLE DECK - CFC 1 Travaux préparatoires: Démolitions, terrassements, travaux spéciaux",tender,construction,open,award,e1ea81e7-8639-471d-b3d7-82c5a5fdd227,2025-05-20,VD,Lausanne,1015,EPFL - Achats,0,[]
641ae037-0492-4730-ae67-86887d764161,17071,Gare Le Sentier - prestations BT et MALT,tender,construction,open,tender,19e9cbba-fc95-430a-b8c7-bd431ae05bf8,2025-05-20,VD,Le Chenit,1347,TRAVYS SA,0,[]
e851e96b-8553-4cda-ba03-7efbffc7da47,7648,RC72 - Rue du Trabli - Aménagement de trottoirs et chaussée,tender,construction,open,award,19f4438b-5d8c-4e40-867f-ad0e6dcc9937,2025-05-20,GE,Cartigny,1236,"RÉPUBLIQUE ET CANTON DE GENÈVE - Département de la santé et des mobilités (DSM), Office cantonal du génie civil (OCGC), Service des routes",0,[]
86a45c32-fff4-4ee8-90fe-7f791112cf80,17000,Travaux de génie civil et charpente métallique - Démolition et reconstruction de la passerelle Nant Manant et aménagement de ses abords ,tender,construction,open,tender,f45a9b9c-3674-46df-ace8-3a1f6d2b30f9,2025-05-19,GE,Lancy,1212,Service des travaux et de l'énergie de la Ville de Lancy (BM ingénieurs),0,[]
9fecd07c-15be-45f8-9872-f9bbe1f1efce,17019,Collège  principal de Pully - Lot 19 Plâtrerie - Peinture,tender,construction,open,tender,9a1927bd-5988-4652-8cf6-0e5954005338,2025-05-19,VD,Pully,1009 ,Itten+Brechbühl SA,0,[]
27fdfd5d-ae6b-4c92-9a4f-562d64598f5d,9555,STEP ORBE - Lot ARC05 - Portes et Fenêtres en métal,tender,construction,open,award,48a15fcc-630f-4eb7-82d8-4feeed06234c,2025-05-19,VD,Orbe,1350,Commune d'Orbe (Doms Architecte Sàrl),0,[]
9b7463b9-3693-4fb8-a8fc-b2187f246a2f,11320,"Construction d'une nouvelle aile de salles de classe, aménagements extérieurs, démolition du Portakabin (ECA 1149) et mise en place d'une construction temporaire - 12 Installations chauffage",tender,construction,invitation,award,0dd0b41c-3157-4a00-875c-808c7030d87e,2025-05-18,VD,Chavornay,1373,Commune de Chavornay - pour adresse: Beauverd & Halter Architectes Sàrl,0,[]
2f43789e-42da-4608-9eb1-73de954762e2,11328,"Construction d'une nouvelle aile de salles de classe, aménagements extérieurs, démolition du Portakabin (ECA 1149) et mise en place d'une construction temporaire - 13 Installations ventilation",tender,construction,invitation,award,6322730d-5b52-42e0-9bb0-4667ae994063,2025-05-18,VD,Chavornay,1373,Commune de Chavornay - pour adresse: Beauverd & Halter Architectes Sàrl,0,[]
5398311b-83bd-4fb5-b09e-f3e04bc1eb81,11331,"Construction d'une nouvelle aile de salles de classe, aménagements extérieurs, démolition du Portakabin (ECA 1149) et mise en place d'une construction temporaire - 14A Installations sanitaires",tender,construction,invitation,award,00c6efcf-2aea-4548-bf4e-c0c9d5da481f,2025-05-18,VD,Chavornay,1373,Commune de Chavornay - pour adresse: Beauverd & Halter Architectes Sàrl,0,[]
04525056-3809-42b3-b619-f86f2792a7e1,16839,Passage Morillons - Roxbury,tender,construction,open,tender,29517bf4-9951-4720-9f23-02152bcc68ef,2025-05-17,GE,Route de Morillons,1202,Services industriels de Genève (SIG) - Direction Achats,0,[]
0ac011ea-16e9-4016-b8b7-4e28f724bdcb,16943,IBM - Construction de deux immeubles de logements à Montana-Village ,tender,construction,open,tender,999ae93d-3c5f-4efb-a436-b075f1b24e7b,2025-05-17,VS,Montana,3963,Bourgeoisie de Montana,0,[]
c4adcfa4-d6f1-43ad-a097-c4b93be373b0,16947,IBM - Construction de deux immeubles de logements à Montana-Village ,tender,construction,open,tender,b46fc0ee-b2ad-4c7c-97e5-9d75dd8318ba,2025-05-17,VS,Montana,3963,Bourgeoisie de Montana,0,[]
f89b8241-eb0c-44af-bc20-a84dec09e8b7,17028,"Affaire n°20-094, Cery Bâtiment de laboratoires, site de Cery nord à Prilly, CFC n° 23, travaux installation électrique",tender,construction,open,tender,fa179e00-d587-4d1d-8ae9-6badb69cd6aa,2025-05-17,VD,Prilly,1008,CHUV-Construction Ingénierie Technique et Sécurité (CIT-S) - Diserens Maurel Architectes,0,[]
dba71178-ccb0-4f84-a64f-fcdfb0abf082,5691,Rénovation et assainissement énergétique de l'école supérieur de la santé à Lausanne,tender,construction,open,award,e6de253f-6559-44f6-aa0d-6be67538db8a,2025-05-17,VD,Lausanne,1005,Etat de Vaud  - DEIEP - DGIP,0,[]
175680f3-b375-40d2-86d8-943ec522e518,7417,Rénovation et assainissement énergétique de l'école supérieur de la santé à Lausanne,tender,construction,open,award,98231448-165c-4f05-adb1-7fccad3bf0b7,2025-05-17,VD,Lausanne,1005,Etat de Vaud  - DEIEP - DGIP,0,[]
8ef16b7f-37b7-4a86-ad3a-6e56e19bea8b,7428,Rénovation et assainissement énergétique de l'école supérieur de lasanté à Lausanne,tender,construction,open,award,6572bba3-87fb-478c-b82e-a4f2c959e96c,2025-05-17,VD,Lausanne,1005,Etat de Vaud  - DEIEP - DGIP,0,[]
228d7dc5-99a4-428e-a89c-59afe557c24b,7430,Rénovation et assainissement énergétique de l'école supérieur de la santé à Lausanne,tender,construction,open,award,915c2567-e87f-4855-ad33-1667e153ef1d,2025-05-17,VD,Lausanne,1005,Etat de Vaud  - DEIEP - DGIP,0,[]
822503f6-2b14-4a56-88be-5bd4b6f6b0b3,7431,Rénovation et assainissement énergétique de l'école supérieur de la santé à Lausanne,tender,construction,open,award,b8aea832-5b37-43bd-b6c5-d86ca00ddc50,2025-05-17,VD,Lausanne,1005,Etat de Vaud  - DEIEP - DGIP,0,[]
aa5e0b4d-81b3-417d-aea7-85b5ea2c3a4a,7433,Rénovation et assainissement énergétique de l'école supérieur de la santé à Lausanne,tender,construction,open,award,e5aa42e1-194c-448f-a289-c5b4dd9fc2b9,2025-05-17,VD,Lausanne,1005,Etat de Vaud  - DEIEP - DGIP,0,[]
5655c0ae-dc88-463d-93c4-dae427ba7650,7780,Rénovation et assainissement énergétique de l'école supérieur de la santé à Lausanne,tender,construction,open,award,14de2d81-7af5-49bf-8dbf-00525683dfb9,2025-05-17,VD,Lausanne,1005,Etat de Vaud  - DEIEP - DGIP,0,[]
326e7f1e-42ee-40ec-babb-2ea1ab97858d,13074,Commune de Fully – Equipements réseaux rue du Stade et raccord sur centrale de chauffe Charnot – Travaux de génie civil,tender,construction,open,award,c8741c52-4dc1-459d-9f48-77369f20edda,2025-05-16,VS,Fully,1926,Services Industriels de Fully,0,[]
90922de5-9f1e-4c45-aada-aa296d76e6aa,1642,IBM - Construction de deux immeubles de logements à Montana-Village ,tender,construction,open,abandonment,f8faaaa8-737e-4dc3-940a-5b033e79bf58,2025-05-16,VS,Montana,3963,Bourgeoisie de Montana,0,[]
7729c1a7-ed5f-42f6-9ec0-6e2310c0630d,16512,"Blonay - St-Légier - Traversée du Village, secteurs D1 & D3",tender,construction,open,tender,be0e9ba1-cae0-494d-b2f3-9f8804fec873,2025-05-16,VD,St-Légier,1806,MCR & Associés Ingénieurs Civils SA,0,[]
628f97a8-12ee-4e9d-adcb-e3858f9d9da0,1655,IBM - Construction de deux immeubles de logements à Montana-Village ,tender,construction,open,abandonment,dbba7172-b9cd-4e9b-9bba-a8adff5cffcc,2025-05-16,VS,Montana,3963,Bourgeoisie de Montana,0,[]
78321792-b6f6-437d-b1cc-d4a3c852900b,16694,Campus scolaire et sportif à Champagne.           Lot 2111 Echafaudages,tender,construction,open,tender,26e2c6ac-fced-44ea-99bf-3772794e766c,2025-05-16,VD,Champagne,1424,Commune de Champagne (Fesselet Krampulz architectes),0,[]
ce138cc2-7d86-4205-9a2e-67b749da090d,16706,2022-193 Place-Verte / Passoret,tender,construction,open,tender,e53481c2-bac8-40a3-8471-08e8be79b8e9,2025-05-16,GE,Vessy,1234,Services industriels de Genève (SIG) - Direction Achats,0,[]
b4a57375-5d5b-4915-9388-a591df793fc9,16746,Campus scolaire et sportif à Champagne.           Lot 2211 Fenêtres en bois et bois métal.,tender,construction,open,tender,dc382f9d-6e6e-4014-97cf-3d70b7191b26,2025-05-16,VD,Champagne,1424,Commune de Champagne (Fesselet Krampulz architectes),0,[]
ba3f7ee8-df0f-4104-94ed-5ce88c7580d7,16747,"Campus scolaire et sportif à Champagne.           Lot 2241 Etanchéité, couverture et ferblanterie",tender,construction,open,tender,9dcd7293-3d25-4f5d-9cad-a2154b18c3ec,2025-05-16,VD,Champagne,1424,Commune de Champagne (Fesselet Krampulz architectes),0,[]
dfd08d6f-df51-4fc9-9023-2251956cb6b2,16748,Campus scolaire et sportif à Champagne.           Lot 2283 Protection solaire,tender,construction,open,tender,29a24a59-4c88-42cf-8d13-981d948e4801,2025-05-16,VD,Champagne,1424,Commune de Champagne (Fesselet Krampulz architectes),0,[]
4c1160fb-f9e8-44b0-8b0e-360dda228112,16749,Campus scolaire et sportif à Champagne.           Lot 2810 Chapes,tender,construction,open,tender,710eca34-a777-48c2-b300-c771aea7c47f,2025-05-16,VD,Champagne,1424,Commune de Champagne (Fesselet Krampulz architectes),0,[]
9f869b88-37e5-4f8b-82c6-03fd5b81689b,16752,Campus scolaire et sportif à Champagne.           Lot 2811 Sols sportifs,tender,construction,open,tender,b9118038-8e29-44f3-a2dc-6fdf77fa9aff,2025-05-16,VD,Champagne,1424,Commune de Champagne (Fesselet Krampulz architectes),0,[]
c8bb2f49-7db7-49a0-8c55-63156d5352ab,16759,"Campus scolaire et sportif à Champagne.           Lot 2812 Revêtement de sol en matières synthétiques, linoléum.",tender,construction,open,tender,af54c449-0e19-4386-b3b3-7c281c4611b9,2025-05-16,VD,Champagne,1424,Commune de Champagne (Fesselet Krampulz architectes),0,[]
51db45db-5347-4837-a2d0-018236212ed5,16779,Campus scolaire et sportif à Champagne.           Lot 2610 Installation de transport,tender,construction,open,tender,0f3448a7-c29c-493e-9bb1-6ccfdc3e6672,2025-05-16,VD,Champagne,1424,Commune de Champagne (Fesselet Krampulz architectes),0,[]
8bcaa9a6-d39b-4ab1-9458-72454ad75466,16896,51-21124_Renouvellement de la voie Reverolle & assainissement du Pont de Saugeroud,tender,construction,open,tender,151e208f-0b50-47d8-9ac4-9fafa2d4042a,2025-05-16,VD,Hautemorges,1128/1143,MBC SA _ Transports de la région Morges-Bière-Cossonay SA _ Département Infrastructures,0,[]
6fe7ae15-882f-462f-8431-0c47ccbb554d,16929,Nouveau site scolaire de Champs d'Aullie au Mont-sur-Lausanne - CFC 281.3 Sol sportif,tender,construction,open,tender,d944c4e2-0669-4fde-b292-efff9c9b68a8,2025-05-16,VD,Le Mont-sur-Lausanne,1052,Quartal Sàrl,0,[]
7a343d8e-f6f5-42b4-8870-f0fba5fa1786,16931,Nouveau site scolaire de Champs d'Aullie au Mont-sur-Lausanne - CFC 273 Portes en bois int.-ext.,tender,construction,open,tender,6df7a072-f768-49d6-bce5-78f44eb706d0,2025-05-16,VD,Le Mont-sur-Lausanne,1052,Quartal Sàrl,0,[]
dec6949e-6397-4ce7-94dd-d7bfe3c2936b,16957,Nouveau site scolaire de Champs d'Aullie au Mont-sur-Lausanne - CFC 224 Etanchéité-ferblanterie,tender,construction,open,tender,e295b83c-412d-4c98-bd21-2be430a301b1,2025-05-16,VD,Le Mont-sur-Lausanne,1052,Quartal Sàrl,0,[]
f2ef0ea1-3f54-46ab-b5fe-a0bf1b1cb224,14856,FONDATION DU MIDI Lot N°33 Eléments métalliques & préconfectionnés,tender,construction,open,tender,4287b059-dd3f-4df1-892a-0a31724453f6,2025-05-15,VD,Chemin des Tines Nyon,1260,Fondation du Midi - Nouvelle construction de l'EMS des Tines à Nyon - (MAK Architecture SA p.o. Pragma Partenaires SA),0,[]
6402c6c6-3388-4cf6-91ef-df2075479229,8865,STEP APEC Gland / Lot EM-04 / Epaississement et Déshydratation des boues ,tender,construction,open,award,39ce616d-1c3f-4f25-96d5-a3395337a2cc,2025-05-15,VD,Gland,1196,HOLINGER SA,0,[]
65b859be-7574-431b-bbf4-982d4bd50b77,9410,STEP APEC Gland / Lot GC-01 / Terrassements,tender,construction,open,award,7a9aef52-2d6f-4bc9-b71e-75e2349064f3,2025-05-15,VD,Gland,1196,INGPHI SA,0,[]
17ff47d1-eb3b-4746-b7e4-b1661d92f28a,10123,Ren. gare Le Lieu - Prestations d’ingénierie et de montage de ligne de contact ,tender,construction,open,award,2f1bc806-ea15-413b-972f-dad963f7d238,2025-05-14,VD,Le Lieu,1343,TRAVYS SA,0,[]
c724059e-b4fd-4c3a-91a0-01046f7c6cef,11236,"Parking des Grandes-Communes Transformation, assainissement et revêtement",tender,construction,open,award,cbb0646a-32f1-4018-a207-e2c4b6576c1c,2025-05-14,GE,Onex,1213,Fondation des Parkings  - Service des achats,0,[]
1a98ac37-6f81-40fc-8c06-c7f6cbb7e868,12095,CFC 23 - Installation électrique,tender,construction,open,award,67b3e91e-5fde-498a-a978-13c3906152aa,2025-05-14,GE,Grand-Lancy,1212,Fondation du Stade de Genève,0,[]
ededc564-9267-4334-857a-b6fad2882907,14593,FONDATION DU MIDI Lot N°39/40 Cloisons en éléments mobiles AEAI,tender,construction,open,tender,e4abe86c-76da-4b5e-8dbf-b7da5ae01b9f,2025-05-14,VD,Chemin des Tines Nyon,1260,Fondation du Midi - Nouvelle construction de l'EMS des Tines à Nyon - (MAK Architecture SA p.o. Pragma Partenaires SA),0,[]
8840bd8a-c255-4bb9-8ac2-74f9793cc113,14630,FONDATION DU MIDI Lot N°41 Cloisons fixes,tender,construction,open,tender,df3b93de-27a1-4ae3-a270-eb945e74a1dc,2025-05-14,VD,Chemin des Tines Nyon,1260,Fondation du Midi - Nouvelle construction de l'EMS des Tines à Nyon - (MAK Architecture SA p.o. Pragma Partenaires SA),0,[]
fea17792-65ea-4e02-957c-53e003c02df2,14687,FONDATION DU MIDI Lot N°45 Revêtement de sol en pierre artificielle,tender,construction,open,tender,7219b82d-e4ca-4cc9-9e2a-5a9f51c95570,2025-05-14,VD,Chemin des Tines Nyon,1260,Fondation du Midi - Nouvelle construction de l'EMS des Tines à Nyon - (MAK Architecture SA p.o. Pragma Partenaires SA),0,[]
b710b446-54a4-46fb-a43b-3ecf3c11fb72,14690,FONDATION DU MIDI Lot N°46 Revêtement de sol en bois,tender,construction,open,tender,56b2d77d-596e-4e48-9bb2-443e2e67a196,2025-05-14,VD,Chemin des Tines Nyon,1260,Fondation du Midi - Nouvelle construction de l'EMS des Tines à Nyon - (MAK Architecture SA p.o. Pragma Partenaires SA),0,[]
89baf9ad-77ae-4f92-a3f5-defea08ab568,14848,FONDATION DU MIDI Lot N°44 Carrelage et paroi en céramique ,tender,construction,open,tender,e6babbff-a32c-4941-8ee0-fdf875d39de9,2025-05-14,VD,Chemin des Tines Nyon,1260,Fondation du Midi - Nouvelle construction de l'EMS des Tines à Nyon - (MAK Architecture SA p.o. Pragma Partenaires SA),0,[]
8a297a33-7b89-4d68-a2f9-367a838d3dff,15159,Extension du Collège de l'Esplanade de Begnins - étape 2 - parcelle 179,tender,construction,open,tender,30db450d-3835-4e16-941a-5af2cec0eb41,2025-05-14,VD,Begnins,1268,Commune de Begnins (Réaliser.ch),0,[]
7f99f3a8-07d2-421c-a632-9a550659804d,15180,FONDATION DU MIDI Lot N°48 FAUX-PLAFONDS,tender,construction,open,tender,3daa0e16-b843-4308-90c7-f3af7b2c12e3,2025-05-14,VD,Chemin des Tines Nyon,1260,Fondation du Midi - Nouvelle construction de l'EMS des Tines à Nyon - (MAK Architecture SA p.o. Pragma Partenaires SA),0,[]
02484dbb-499e-4795-b84d-88466050121d,15381,"FONDATION DU MIDI Lot N°31 Plâtrerie, faux-plafonds plâtre, peinture",tender,construction,open,tender,700451fe-cdd1-4622-ae8c-9aa8d37f22ba,2025-05-14,VD,Chemin des Tines Nyon,1260,Fondation du Midi - Nouvelle construction de l'EMS des Tines à Nyon - (MAK Architecture SA p.o. Pragma Partenaires SA),0,[]
3e422320-2f26-41ec-81b1-b8075b1d9615,15385,FONDATION DU MIDI Lot N°37 Menuiseries courantes,tender,construction,open,tender,377403ed-c66f-4c81-8982-e7d54012a578,2025-05-14,VD,Chemin des Tines Nyon,1260,Fondation du Midi - Nouvelle construction de l'EMS des Tines à Nyon - (MAK Architecture SA p.o. Pragma Partenaires SA),0,[]
12157bb5-6677-4cc9-b0db-d2ad194329c9,15798,FONDATION DU MIDI Lot N°24 Chauffage,tender,construction,open,tender,0ccf5344-8d5e-46f6-91f2-3bf583477733,2025-05-14,VD,Chemin des Tines Nyon,1260,Fondation du Midi - Nouvelle construction de l'EMS des Tines à Nyon - (MAK Architecture SA p.o. Pragma Partenaires SA),0,[]
5ed55ee0-e648-4a4f-96ba-06a32d550b61,15803,FONDATION DU MIDI Lot N°25 Ventilation,tender,construction,open,tender,19033d6f-dafc-4c38-bffe-cc2261afba02,2025-05-14,VD,Chemin des Tines Nyon,1260,Fondation du Midi - Nouvelle construction de l'EMS des Tines à Nyon - (MAK Architecture SA p.o. Pragma Partenaires SA),0,[]
812e9b7a-f656-4e0c-957b-8347e8d479fb,16436,Glissement de la Frasse - Galerie de drainage - Curage des drains verticaux 2025,tender,construction,open,tender,4f7fd403-424c-4371-b3b5-86c71b1a6983,2025-05-14,VD,Le Sépey,1863,Direction générale de l'environnement - DGE-EAU – Secteur 3 des lacs et cours d’eau,0,[]
89ef923c-3689-4346-ac62-9bfb9cdd434a,8109,Renouvellement voie Valeyres-Essert - Génie Civil,tender,construction,open,award,70e42ca1-b73a-40e7-9c90-dee9bd8b9adf,2025-05-14,VD,Valeyres-sous-Montagny,1441,TRAVYS SA,0,[]
99d2079d-026b-4a4f-9e4f-ccd2d2527c3e,8579,Renouvellement de la Gare de Le Lieu LHand – Génie civil  travaux principaux,tender,construction,open,award,501414f3-57ff-4e0a-b555-924e892e1f58,2025-05-14,VD,Le Lieu,1345,TRAVYS SA,0,[]
378f4de9-a3b9-45c8-8446-c98265b641e6,11476,Remplacement de la conduite d'adduction d'eau potable de Haute-Veveyse - Pose d'une conduite de distribution et de défense incendie dans la route de Châtel-St-Denis. Génie-civil - Communal - étape 1,tender,construction,open,award,52ba00ad-9ec7-4818-95be-14c53a716b80,2025-05-13,VD,St-Légier-La Chiésaz,1800,TBM Ingénieurs SA,0,[]
66ce33e9-43bd-42ca-a7a5-eb5744abad09,12850,"Réfection de la chaussée sur la route de Nendaz à Basse-Nendaz, PR 100+160 à 100+820, sur le territoire de la commune de Nendaz",tender,construction,open,award,66551b61-ab9a-4cf6-ac50-25c2fed475f2,2025-05-13,VS,Basse-Nendaz,1996,"Département de la mobilité, du territoire et de l'environnement",0,[]
c83aa8db-6ef8-47ca-ba82-3abcd25b5cb4,16435,Crèche Serpentin - Remplacement Chaudière Gaz par Pompe à Chaleur,tender,construction,open,tender,e9468982-c183-4299-ab09-b87846b9f344,2025-05-13,,,,Commune de Plan-les-Ouates – Service construction et aménagement (M+S Ingénieurs Conseils),1,"[""e9468982-c183-4299-ab09-b87846b9f344""]"
8d7c1695-7167-4860-8657-1702c6eaa8f2,16536,Agrandissement et rénovation de l'école du Belvédère_CFC 224/222_Etanchéité et Ferblanterie,tender,construction,open,tender,d7deb9bd-109f-4ded-b036-7a11e63eceec,2025-05-13,GE,Chêne-Bougeries,1224,Commune de Chêne-Bougeries - Giorgis Rodriguez Architectes SA,0,[]
631f238d-4050-49c7-9b6f-0b6b8ee83879,16641,"Assainissement thermique bâtiment rue du Temple 11, 1820 Montreux",tender,construction,open,tender,382c9d7c-2bcb-4217-b7d6-38ed597c691e,2025-05-13,VD,Montreux,1820,Nicolas Gudet,0,[]
70f83c6f-00d3-4ee6-bf43-a14039cc65df,6043,Bâtiment d'art contemporain (2060TI) fenêtres et portes extérieures,tender,construction,open,award,1be22f7c-2264-4b02-8217-bc5f1dce710f,2025-05-13,GE,Genève,1205,"Unité soumissions - Département de l'aménagement, des constructions et de la mobilité (DACM) de la Ville de Genève",0,[]
e47f981d-0f0c-4fb5-a4a4-7a74270c05d8,11956,Mise en séparatif du réseau d'assainissement du bassin versant « Centre village » de Saint-Cergue 1ère étape - Travaux de génie civil,tender,construction,open,award,1c9c2e62-86c0-4eb9-9ba7-e5b24020ad47,2025-05-12,VD,Saint-Cergue,1264,Commune de Saint-Cergue (Bovard & Fritsché SA),0,[]
fd626be0-2d89-4a89-ada2-1d0c301fe85a,14387,"Extension et rénovation de l'hôpital de Payerne - Appel d'offres en procédure sélective, avec dialogue - Entreprises totales en conception-réalisation",tender,construction,selective,tender,eb8a5879-fa08-49e2-a58b-b3a863ddaa9d,2025-05-12,VD,Payerne,1530,Irbis Consulting SA,0,[]
89ad74d4-1e9c-40cc-bfcc-f6e6b7b79c79,14763,Adaptation des installations de chauffage d'un bâtiment en Vieille Ville de Genève,tender,construction,open,tender,8ea0c963-9c76-4722-be54-9132eed6b605,2025-05-12,GE,Genève-Cité,1204,Office cantonal des bâtiments (OCBA) - GM Architectes Associés,0,[]
63eeab11-7792-41e7-b4d7-a27d4dd90e0c,16439,Centre Hospitalier Universitaire Vaudois - CHUV - Aménagements extérieurs - Esplande - Eléments préfabriqués en béton,tender,construction,open,tender,f32ee4ce-695d-4540-869e-2ceb61f197f4,2025-05-12,VD,Lausanne,1011,CHUV - Constructions ingénierie technique et sécurité (CIT-S),0,[]
f3ac9d45-5740-4f86-b3a6-1ecdd1bc0f48,16540,Mise en séparatif du réseau secondaire & remplacement du réseau d'eau potable ,tender,construction,open,tender,8d0459a7-9ff7-498c-9dfc-9868cda9eeae,2025-05-12,,,,Ville de Meyrin - Services Industriels de Genève SIG,2,"[""8d0459a7-9ff7-498c-9dfc-9868cda9eeae"", ""8d0459a7-9ff7-498c-9dfc-9868cda9eeae""]"
68ff39e3-c4f9-49fa-835e-a8e29218f9c4,16223,"Instandsetzung Parkhaus La Poste, Visp",tender,construction,open,tender,6ae66207-178b-4109-99fa-c98b9b3a224e,2025-05-10,VS,Visp,3930,Gemeinde Visp (TIB AG),0,[]
436c7ba9-a6db-41ff-a844-0d67b572a868,12301,Parc des Franchises Aménagements extérieurs - CFC 23 Installations électriques,tender,construction,open,award,127ff3c8-6940-47a9-b3cc-8b0dcfe88e1e,2025-05-09,GE,Genève,1203,"OCAN - PSA, Perrin, Spaeth & Associés, Bureau d'ingénieurs Conseils SA",0,[]
eb7ab4f7-9275-40fd-9a98-25b8545e56fb,13605,Neubau Fleischzentrum und TKS Region Goms-Oberwallis,tender,construction,open,award,beeb5287-d585-44fe-bef6-53d93c1e8b22,2025-05-09,VS,Reckingen,3998,Gemeinde Goms,0,[]
5d542caa-610e-4196-a887-2a66eb675724,16492,Praz-Dagoud_Pumptrack,tender,construction,open,tender,921c7d53-cb0b-4daa-b3d3-0f4afa5ac13c,2025-05-09,VD,Saint-Légier-La Chiésaz,1806,Commune de Blonay – St.-Légier - Urbanisme & Travaux ,0,[]
e694aeeb-3f1c-4b28-b7fc-0ef811432faf,16497,Copie Praz-Dagoud_Pumptrack,tender,construction,open,tender,792c60df-f16d-453b-b535-6a870a02e855,2025-05-09,VD,Saint-Légier-La Chiésaz,1806,Commune de Blonay – St.-Légier - Urbanisme & Travaux ,0,[]
1609344e-9235-4e1d-8119-9023ede308ce,15048,Centrale Thermique - Rue de Rhône 25,tender,construction,open,tender,53224185-fb9f-4f90-af1b-37329914e1eb,2025-05-08,GE,Rue du Rhône 25,1204,Services industriels de Genève (SIG) - Direction Achats,0,[]
3627abbc-274a-48b5-a2d8-8e68ff2f579e,16378,"BUSSIGNY, EMS Gravernayse / AO-52, Amext génie civil",tender,construction,open,tender,80417802-7dfb-49d2-959d-608e19f2b462,2025-05-08,VD,Bussigny,1030,Fondation les Baumettes (aplanir sàrl),0,[]
fe6faa46-4773-4ddb-913a-31f93c2f5dbc,4261,"Bussigny, EMS Gravernayse / AO-16, solaire photovoltaïque",tender,construction,open,award,44b10f32-8d55-4d75-921c-3c9735c3355d,2025-05-08,VD,Bussigny,1030,Fondation les Baumettes (aplanir sàrl),0,[]
71a4fa10-1f89-4669-9156-350225f6a535,4431,"Bussigny, EMS Gravernayse / AO-15, lustrerie",tender,construction,open,award,763616bc-f213-4605-95c2-e4d9c0c4fe80,2025-05-08,VD,Bussigny,1030,Fondation les Baumettes (aplanir sàrl),0,[]
5e1a4325-d5c2-4248-83bd-a40ee159dc57,7438,"Ren. Gare de Le Sentier - L'Orient LHand et IS de Le Brassus - Travaux de charpente métallique, ferblanterie, façade et couverture ",tender,construction,open,award,2a7d3c62-bfb2-440c-a2df-28e2f8f4f7a5,2025-05-08,VD,Le Chenit,1347,TRAVYS SA,0,[]
4a5255bf-5084-478d-8300-cf58e209ed1b,10623,Vallée de la Jeunesse – Assainissement des bâtiments de l’Expo 64 / CFC 211.6 Maçonnerie,tender,construction,open,abandonment,bb9b0b96-bcfd-4356-82df-07181ea1fda2,2025-05-07,VD,Lausanne,1007,"Ville de Lausanne – Direction du logement, de l'environnement et de l'architecture - Service d’architecture et du logement",0,[]
c475293c-7322-4985-b1d9-d605150c3d62,13674,FONDATION DU MIDI Lot N°12 Installations électriques,tender,construction,open,tender,daaed51d-ea97-4c08-af7f-e8b72006f771,2025-05-07,VD,Chemin des Tines Nyon,1260,Fondation du Midi - Nouvelle construction de l'EMS des Tines à Nyon - (MAK Architecture SA p.o. Pragma Partenaires SA),0,[]
8cbd471b-fdc7-47c1-b2a7-6540d0a3e551,16311,Travaux de génie civil pour l'extension du réseau de chauffage à distance et pour l'arborisation de l'Avenue des Acacias et ces alentours,tender,construction,open,tender,4f620f98-4227-43c8-ac67-cb3a6d7930a7,2025-05-07,VD,Lausanne,1006,Ville de Lausanne – SIL – Service patrimoine (PAT),0,[]
2fb2b6aa-ac60-4e3c-b3ae-91f4268c0735,16331,Réfection de la dalle-trottoir devant la rue Caroline 7,tender,construction,open,tender,f9e3aeeb-6952-43b8-b68b-a2ac66ef7e81,2025-05-07,VD,Lausanne,1003,Ville de Lausanne – FIM – Service de la mobilité et de l’aménagement des espaces publics (MAP),0,[]
12617719-975b-46b0-99ab-c835eb08152c,4872,Agrandissement de l'Ecole de Cointrin,tender,construction,open,award,d4694e99-a5d9-4e98-ac95-66723cefe034,2025-05-07,,,,Ville de Meyrin - Kunz-architectes,1,"[""d4694e99-a5d9-4e98-ac95-66723cefe034""]"
b4aa7a43-f9b3-45c9-9ccc-613fc440b3d0,10472,Patinoire des Vernets (2048TI-bis) fenêtres et portes extérieures,tender,construction,open,award,782e2287-5337-4a88-95d2-c4187910529e,2025-05-06,GE,Genève Plainpalais,1227,"Unité soumissions - Département de l'aménagement, des constructions et de la mobilité (DACM) de la Ville de Genève",0,[]
0024a60e-fe1b-4172-a514-cd5af4d88b3c,12143,CAD Sierre - Route de l'Hôpital - Secteur 2025,tender,construction,open,award,7b39676c-fe97-4719-91a6-f7cb5e222aff,2025-05-06,VS,Sierre,3960,"Sogaval SA, société gérée par OIKEN SA",0,[]
a0b8f0e6-70e3-4d32-857c-f40f5c00ed69,16057,Centre Hospitalier Universitaire Vaudois - CHUV - Aménagements extérieurs - Esplanade - Travaux de maçonnerie,tender,construction,open,tender,267a329a-9d48-439a-bde4-c9f880fca1ee,2025-05-05,VD,Lausanne,1011,CHUV - Constructions ingénierie technique et sécurité (CIT-S),0,[]
32ba7b7b-7e75-41ab-a66c-79b05eed0c91,16104,"MVR-N Assainissement des murs de soutènement, lot N°9",tender,construction,open,tender,b6101201-08f2-4885-9a07-c8520ad77ce5,2025-05-05,VD,Montreux,1820,Transports Montreux-Vevey-Riviera SA - Infrastructure Projets,0,[]
6ce62898-969a-45ea-a22c-c97a48cb3fed,6119,CSI LE BIX : Lot 378.000 - Equipements sportifs,tender,construction,open,award,3b69e242-b446-4c5d-aa78-1738bac140b3,2025-05-05,VD,Arzier-Le Muids,1273,Pragma Partenaires SA,0,[]
e2ac4bff-cc09-479c-9a89-ae1230637429,7266,Photovoltaïque sur décanteur secondaire - STEP Yverdon - Charpente métallique - Phase 1,tender,construction,open,award,3609589d-9e66-4cb1-a5f1-3645bb4e6b28,2025-05-05,VD,Yverdon 1,1400,Perret-Gentil SA - Ingénieurs civil,0,[]
90c2c047-bb49-430d-bb05-a93721ce0f58,1478,Rénovation du poste HT/MT de la Foretaille - Lot câbles 130 et 18kV,tender,construction,open,award,36f87251-757b-4da4-956f-0a330a7186de,2025-05-03,GE,Bellevue,1293,Services industriels de Genève (SIG) - Direction Achats,0,[]
1ac231fb-cc86-458c-9cfc-027b89519ef0,13226,Ersatz Trinkwasserleitung Sattle - Bäll,tender,construction,open,award,2f3e3b75-81e4-4fcd-991b-9926f20a0262,2025-05-02,VS,Belalp,3914,Gemeinde Naters (INGENES AG),0,[]
bc4a52ee-2a33-40fb-912f-d4863b9285bf,15744,Aussengestaltung Gletsch / BKP 411 Baumeisterarbeiten,tender,construction,open,tender,ea9dc4dd-e6e3-47d9-88ce-e930f83ba290,2025-05-02,VS,Obergoms,3999,Service immobilier et patrimoine / Dienststelle für Immobilien u. Bauliches Erbe - Gérance et entretien d'immeuble / Immobilienverwaltung u. Unterhalt,0,[]
0225ca05-4b51-4f5e-9b3d-3b4c47a5057c,16131,Commune de Valbroye _Pôle Enfance_Lot 13,tender,construction,open,tender,ce8cc10a-3a7c-4efd-872e-f71527737df7,2025-05-02,VD,Granges-près-Marnand,1523,Commune de Valbroye,0,[]
db2cbdd6-ffba-428a-901a-1dc1ab4b58d8,5452,Construction du nouveau Lycée-Collège Ella Maillart (au Cours Roger Bonvin) à Sion,tender,construction,open,award,669a7e26-fe48-4b42-8bef-3b6895577df0,2025-05-02,,,,Service immobilier et patrimoine / Dienststelle für Immobilien und Bauliches Erbe - Investissements / Investitionen,5,"[""83778041-55bb-4489-8cad-03369d320460"", ""2920bc46-d663-4688-986d-4845b1c7eddc"", ""669a7e26-fe48-4b42-8bef-3b6895577df0"", ""2ae0c2dc-acff-40de-a8ac-2e128647da9a"", ""09d5ce17-b026-49ce-ad15-65a755cb62ca""]"
e4b04025-4213-4580-a963-23cdbc82d925,7958,Oberbau - Neubau Schulhaus Walka,tender,construction,open,award,5237408c-f8f9-4ba4-94ef-0404ea140501,2025-05-02,VS,Zermatt,3920,mls architekten sia ag,0,[]
60cf9581-779b-4227-ac94-aaf6746f6a85,9206,Anschluss Fernwärmenetz Kollegium Brig - BKP 211.3-Baumeisterarbeiten,tender,construction,open,award,5c3c9bc5-c9c2-44bc-864c-a2ce086539f1,2025-05-02,VS,Sion,1950,Etat du Valais - Département des finances et de l'énergie (DFE) - Service Immobilier et Patrimoine (SIP),0,[]
ea10c787-2173-4268-be8c-90b66c401e58,10041,Site du collège de Béthusy - Classes provisoires / CFC 122 Aménagements provisoires,tender,construction,open,award,2049d35d-8736-40af-80b6-7770a8264c21,2025-05-01,VD,Lausanne,1005,"Commune de Lausanne – Direction du logement, de l’environnement et de l’architecture - Service d’architecture et du logement",0,[]
b4428ab3-0a9a-4368-a0d2-c7ffd241014e,7177,"290032 Sanierung Gebäudehülle Verwaltungsgebäude MGB, Brig",tender,construction,open,award,0b17d33c-bbee-4851-beb3-b76f9f20b742,2025-05-01,VS,Brig,3900,Beschaffungsstelle Matterhorn Gotthard Bahn,0,[]
075a2409-7f78-4159-b6b8-d70d2b43cff6,7676,SIECGE - Commune de Gingins - SIN,tender,construction,open,tender,55d5dc54-5ba0-4d5c-876d-6904fdf7f341,2025-05-01,,,,Ribi SA,7,"[""55d5dc54-5ba0-4d5c-876d-6904fdf7f341"", ""55d5dc54-5ba0-4d5c-876d-6904fdf7f341"", ""55d5dc54-5ba0-4d5c-876d-6904fdf7f341"", ""55d5dc54-5ba0-4d5c-876d-6904fdf7f341"", ""55d5dc54-5ba0-4d5c-876d-6904fdf7f341"", ""55d5dc54-5ba0-4d5c-876d-6904fdf7f341"", ""55d5dc54-5ba0-4d5c-876d-6904fdf7f341""]"
db18f4b8-80aa-4dfa-8143-8b313b9304f2,8193,"Maison de Commune Châble - CFC 272 Serrurerie, portes fenêtres métaliques",tender,construction,open,award,563d8235-cf37-4dc1-948b-b8a55239a5be,2025-05-01,VS,Le Châble,1934,Philippe Bruchez Architecture SA,0,[]
44c423ef-a91a-43f3-afe3-bb13c428daa6,9213,Renouvellement de la gare de Le Sentier – L’Orient LHand et IS Le Brassus - Fourniture et installation de deux ascenseurs ,tender,construction,open,award,07edfc0f-2863-4d65-8d6a-2c750096e806,2025-05-01,VD,Le Chenit,1347,TRAVYS SA,0,[]
24bbb6ac-7247-406b-865d-3dec171dd929,16184,Route des Rottes Ouest (TC8) - Conthey - Tavaux GC pour CAD,tender,construction,open,award,2cd6bf96-2a67-4b4f-b82d-95fa05f0a0b7,2025-06-30,VS,Conthey,1964,"Sogaval SA, société gérée par OIKEN SA",0,[]
cd2edcb1-3812-43be-935a-e06f54b53193,19363,STEP de Lucens,tender,construction,open,tender,def65d5c-a79f-4196-8e51-bbea22fa9c25,2025-06-30,VD,Lucens,1522 ,Association intercommunale Epuration Moyenne Broye (Itten+Brechbühl SA),0,[]
77c5354c-bf0c-4282-abfa-0df34474a0ac,11311,Campus Santé - Lot 115 Lustrerie C4,tender,construction,open,award,cbc83d19-6548-485b-aeb7-c5f940e917a8,2025-06-28,VD,Chavannes-près-Renens,1022,Etat Vaud - DGIP p/a Pool de mandataires Banquet,0,[]
6eb5b0f9-748b-4ed7-8fbf-e49a59de29f8,11606,SZO Hôpital du Valais - SKP 235.91 Planchers surélevés TP1,tender,construction,open,award,483f4dca-e210-4fba-9aa9-2d58d68abdb6,2025-06-28,VS,Brig-Glis,3900,Hôpital du Valais - Spital Wallis ,0,[]
3c2cebaf-0b16-43c0-88ae-4112c0d714c5,11610,SZO Hôpital du Valais - SKP 237.9 Salle de serveurs TP1,tender,construction,open,award,2afe96d7-0691-4ab1-ac0e-570c4c7d54bf,2025-06-28,VS,Brig-Glis,3900,Hôpital du Valais - Spital Wallis ,0,[]
5d557883-ef07-4269-8f77-badb16d20165,11612,"SZO Hôpital du Valais - SKP 287 Nettoyage de l'enveloppe du bâtiment, nouvelle construction",tender,construction,open,award,fd449918-2aa1-4e5c-9ca0-25eeabea8c50,2025-06-28,VS,Brig-Glis,3900,Hôpital du Valais - Spital Wallis ,0,[]
cca8120d-7f53-45d2-b5a8-10d019445827,13330,Copie Travaux de génie civil - FbE Station St. Niklaus-Josikurve ,tender,construction,open,award,231c85de-fbf2-4064-a5d9-6b8851a9f2c8,2025-06-28,VS,Randa,3928,Beschaffungsstelle Matterhorn Gotthard Bahn,0,[]
dadddb91-9956-4853-b670-3b82967be01a,19194,CE4600008157 - RC 601-B-P - Moudon - Assainissement du pont sur la Broye,tender,construction,open,tender,b4fe9300-19c7-4545-9ef8-33739010e832,2025-06-28,VD,Moudon,1510,Direction générale de la mobilité et des routes - Division infrastructures,0,[]
c698621d-915b-4117-8581-3aab03d506f3,19287,Institut St-Raphaël / Foyer pour jeunes travailleurs à Sion,tender,construction,open,tender,8d574f0b-d776-4885-8ba3-3c09aacadd17,2025-06-28,VS,Sion,1950,Association Saint-Raphaël,0,[]
d3b6a14a-5974-4ff9-b594-9d034b0ef3cd,11282,Campus Santé - Lot 215 Lustrerie HESAV,tender,construction,open,award,3eb24079-d313-41f3-b466-254cfd33d8e7,2025-06-27,VD,Chavannes-près-Renens,1022,Etat Vaud - DGIP p/a Pool de mandataires Banquet,0,[]
60002685-be9c-4b3e-ba7f-0af9723bafa3,12226,Extension du cycle d'orientation du Foron - CFC 242 - CFC 244 ,tender,construction,open,abandonment,33c90af4-1976-4fc2-b417-864eb7cf8558,2025-06-27,GE,"Thônex GE,",1226,OFFICE CANTONAL DES BATIMENTS,0,[]
12d669cd-4000-4841-8db8-43c4d0f4ee00,14579,OIKEN YPERIA - Lot 281.000 Chapes ciments,tender,construction,open,abandonment,e39eef9f-1636-408c-af2f-e397b2832697,2025-06-27,VS,Sierre,3960,OIKEN SA (Pragma Partenaires SA),0,[]
c6510f0b-e33e-43af-ac4d-74bcf2eafa92,16787,Transformation du bâtiment de la cure d'Evionnaz - CFC 271.1,tender,construction,open,award,13b9cba9-9da3-439a-8341-e24f8e9a382b,2025-06-27,VS,Evionnaz,1902,Commune d'Evionnaz,0,[]
fba8eb18-e1cf-4145-9d4b-fd88adc8fbae,1838,"CMZ Transformation du bâtiment existant de la Nationale et construction d’un nouveau sous-sol, Quartier des Barzettes",tender,construction,open,award,c728e3a3-3553-40ac-85d4-6c2c617955c5,2025-06-27,,,,Commune de Crans-Montana,6,"[""c728e3a3-3553-40ac-85d4-6c2c617955c5"", ""2d1b22a7-9d80-4d09-a317-ae0fe69de2bf"", ""63c03e05-92a4-4ba4-8091-75bbe3432450"", ""1dcd4da0-70de-4504-9a8b-e8432910066d"", ""4388a83a-6df3-4e3d-a386-29777a136eab"", ""62ca7cf0-b690-4ef8-b7c4-2faa19d02d04""]"
c95e0426-2d89-4f34-bf2b-75afe1f630d1,19180,AGRANDISSEMENT D'UN PAVILON SCOLAIRE EN CONSTRUCTION MODULAIRE BOIS,tender,construction,open,tender,72b61dc1-4304-412e-9bd4-3b8f0fe8c0fa,2025-06-27,VD,Lutry,1095,Commune de Lutry (rdk architectes sàrl),0,[]
3c80b545-421d-4831-846a-ec7a33b8ad6a,19228,Remise en état des clôtures de sécurité du pénitencier de Bochuz - Equipement de sécurité,tender,construction,open,tender,5563ec6a-0162-4fc1-b55a-f10e1ab20876,2025-06-27,VD,Orbe,1350,Canton de Vaud-DGIP (bureau d'architecture Pierre Steiner SA),0,[]
d0168a8c-4da2-4433-ae9c-9da033b293be,19280,OIKEN YPERIA - Lot 224.000 Couverture ,tender,construction,open,tender,ec826296-b3ff-4b54-b9f7-a7438d6d3084,2025-06-27,VS,Sierre,3960,OIKEN SA (Pragma Partenaires SA),0,[]
1a43ab59-2bb4-456d-bd5a-c990906639c4,7375,CMZ Transformation du bâtiment existant de la Nationale et construction d’un nouveau sous-sol. Quartier des Barzettes,tender,construction,open,award,455cc13e-a7a0-4b56-a490-2405f1efb6d8,2025-06-27,,,,Commune de Crans-Montana (quartal),2,"[""455cc13e-a7a0-4b56-a490-2405f1efb6d8"", ""61b86b59-d1e7-48a7-a934-62682fec6ded""]"
138e9965-f05b-460b-963e-a44bb2f1d0e1,9626,"Stade d'arrivée nationale, Quartier des Barzettes à Crans-Montana - CFC 213 Façades en métal",tender,construction,open,award,14b37cd4-819f-4dbd-a0e2-6d093a4eced0,2025-06-27,VS,Crans-Montana,3963,Commune de Crans-Montana (quartal),0,[]
d18bdea4-7883-4142-a510-3b2e57890683,10733,Centre sportif de Verbier - CFC 359 Traitement d'eau,tender,construction,open,award,89b7215b-a216-429e-beff-818b365eb3ff,2025-06-26,VS,Verbier,1936,Quartal Sàrl,0,[]
0fc5419a-99c3-41d8-aab8-6595cd37f830,2948,595-GyChablais_Lot58_AgencementDeCuisine,tender,construction,open,award,34d81ba9-9ed1-432b-a046-07db74a6d5e3,2025-06-26,VD,Aigle,1860,DGIP-DIAD-Domaine 1 : Gymnases,0,[]
a15419b8-a17b-4c9f-ae01-82c71c8ecb26,10243,"Réaffectation de la maison de l'Elysée, Lausanne",tender,construction,open,award,b53c27d4-ee24-4797-9861-2c2b4504fe2a,2025-06-25,VD,Lausanne,1006,Etat de Vaud - DEIEP - DGIP,0,[]
92431831-594b-416d-914a-b9915db946b5,10730,Centre sportif de Verbier - CFC 356 Equipement SPA,tender,construction,open,award,d700cdc2-cf2b-4f7f-bc98-9fef0a082bac,2025-06-25,VS,Verbier,1936,Quartal Sàrl,0,[]
e9878168-5970-4ef9-954c-5186921b9a85,15278,Centre sportif de Verbier - CFC 222-224 Ferblanterie-étanchéité,tender,construction,open,award,a5add7a4-bd62-40be-bd35-6f57e22e271a,2025-06-25,VS,Verbier,1936,Quartal Sàrl,0,[]
f7a3d9b9-b523-4ab4-9c67-e81554d7645c,18874,CHENEVIERS III - Lavage acide des cendres (TRL),tender,construction,open,tender,a1c17871-d210-464c-bcf1-e2a7e63699bb,2025-06-25,GE,Aire-la-Ville,1288,Services industriels de Genève (SIG) - Direction Achats,0,[]
0e802717-3df2-4742-a5f5-4b00932f2dff,19061,Fondation Eben-Hézer - EMS Chernex Village - Installation de Chauffage-Rafraîchissement ,tender,construction,open,tender,0c88769a-c216-4a25-ad8c-75a3bf726940,2025-06-25,VD,Chernex,1822,Fondation Eben-Hézer (Itten+Brechbühl SA),0,[]
42970bf4-f9a8-4a4f-a454-0dfb4dfce47e,5690,Centre sportif de Verbier - CFC 224.1 Etanchéité souterraine,tender,construction,open,award,4e11137a-4a25-4a79-a61b-819138cf51b3,2025-06-25,VS,Verbier,1936,Quartal Sàrl,0,[]
95e1a1ea-e153-4abe-a26d-6a9c4e9065f4,11009,Tram Nations Grand-Saconnex - lot 17 - Remblayage ,tender,construction,open,award,e2a0bac6-2cf8-470c-b5d6-4a681f1fee0d,2025-06-24,GE,Grand-Saconnex,1218,OCGC - Service des Infrastructures Transports Publics (MO),0,[]
1b57893a-503f-445a-a2bf-c53074a5aa5e,18980,Rehabilitations de collecteurs 2025,tender,construction,open,tender,48347c3d-df71-4300-87a0-28cb0d59c57c,2025-06-24,GE,Petit-Lancy,1213,Service des Travaux et de l'Energie,0,[]
e49f30b3-189a-4b18-a1bf-6b73ab86d07f,6247,Réfection du Chemin de la Verne à Savigny,tender,construction,open,award,79fbdee3-2221-4781-ae21-586c7f0e0908,2025-06-24,VD,Savigny,1073,Commune de Savigny (Gemetris SA),0,[]
beb56a16-aecf-4d89-b899-984c8c1a307f,2007,"Centre de compétences de la protection de la population (CCPP), Gollion, assainissement et sécurisation",tender,construction,open,award,321a3faf-ab80-4771-b748-d9f654d3804f,2025-06-23,VD,Gollion,1124, DGIP-DIAD-Domaine 7 : Administrations et sécurité,0,[]
de4114d4-29f9-4b3c-9776-6d84a588a1af,2677, Piste d'exercices Pci à Cossonay-Gollion,tender,construction,open,award,825ad87e-4bc1-4b09-aa1d-f9d46becc044,2025-06-23,VD,"En Valézard, Cossonay",1304,Etat de Vaud -DEIEP-DGIP,0,[]
f0098883-117a-4a39-93fb-e113f0c45a2f,3707,Piste d'exercices PCi à Cossonay-Gollion,tender,construction,open,award,940921b5-7cd6-46ce-b947-3ba1ea97382b,2025-06-23,VD,"En Valézard, Cossonay",1304,Etat de Vaud - DEIEP-DGIP,0,[]
30d06a36-4e80-4892-8eae-bd57c7be35b9,5458,Piste d'exercices PCi à Cossonay-Gollion,tender,construction,open,award,45adae00-5192-4223-8b2d-2432a49f1141,2025-06-23,VD,"En Valézard, Cossonay",1304,Etat de Vaud - DEIEP-DGIP,0,[]
d868f50c-ca35-4942-b2fc-8c2c07ec9e8d,6129,"Centre de compétences de la protection de la population (CCPP), Gollion, assainissement et sécurisation",tender,construction,open,award,08e078da-dea8-4085-9b22-0f325e8c3f23,2025-06-23,VD,Gollion,1124,Etat de Vaud - DEIEP-DGIP,0,[]
04b333b5-b49c-4486-9b95-6f6c2291bae5,922,"Centre de compétences de la protection de la population (CCPP), Gollion, assainissement et sécurisation",tender,construction,open,award,7947c203-83ed-4ea0-a726-95268d4a0105,2025-06-23,VD,Gollion,1124,DGIP-DIAD-Domaine 7 : Administrations et sécurité,0,[]
6ea0eb9d-7341-4ac3-a2d7-2cd0adf81873,946,"Centre de compétences de la protection de la population (CCPP), Gollion, assainissement et sécurisation",tender,construction,open,award,02cdac21-54d3-4c5a-93ce-b85aa53ab1a8,2025-06-23,VD,"En Crausaz 11, Gollion",1124,DGIP-DIAD-Domaine 7 : Administrations et sécurité,0,[]
ece798aa-4c83-4ebf-b656-b3cf606bb06a,951,"Centre de compétences de la protection de la population (CCPP), Gollion, assainissement et sécurisation",tender,construction,open,award,c925a1a8-9547-4e26-afad-2ed327180cc2,2025-06-23,VD,"En Crausaz 11, Gollion",1124,DGIP-DIAD-Domaine 7 : Administrations et sécurité,0,[]
2fa7c3d0-68cf-4b8f-a049-85776b4151de,13275,STEP APEC Gland / Lot EM-11 / Installation de FeCl3,tender,construction,open,award,e0b973a5-dda4-43db-a88b-a534f556e204,2025-06-21,VD,Gland,1196,HOLINGER SA,0,[]
e7a945f4-49f0-4526-ad42-7797fecf37ee,11358,"Sanierung Hôtel Glacier du Rhône, Gletsch / BKP 285 Malerarbeiten",tender,construction,open,award,0f57cf17-5b71-4431-824c-930dc5dff0b6,2025-06-20,VS,Obergoms,3999,Service immobilier et patrimoine / Dienststelle für Immobilien u. Bauliches Erbe - Gérance et entretien d'immeuble / Immobilienverwaltung u. Unterhalt,0,[]
1b61558a-f108-4db5-ba53-226ff751068d,18400,"Extension du réseau de Chauffage à Distance à Lausanne : Ouchy, Fontenailles et Bocion",tender,construction,open,tender,436b1df9-fbeb-42f8-bff4-fef171b84bec,2025-06-20,VD,Lausanne,1000,Services Industriels de Lausanne ,0,[]
b4137d79-7822-4bd3-b744-65cf41bab264,18809,Installation de bâtiments scolaires provisoires sur le site de DLT à Payerne  - Appel d’offre à entreprise totale,tender,construction,open,tender,9b87f0de-998d-41a3-8c04-90e0c9cc37bf,2025-06-20,VD,Payerne,1530,F-Partenaires ,0,[]
343ad816-bd7a-4c71-9e3a-d90f9518743e,13082,Clinique bernoise 2028 - CFC 358 Installations des cuisines industrielles (Installation Buffet),tender,construction,open,award,659cad28-9e30-490a-9e9c-99c2caa98c6e,2025-06-19,VS,Crans-Montana,3963,"Berner Klink Montana, p.A. IAAG Architekten AG",0,[]
75d6c434-76a5-4a76-affd-b245d28f08d5,13085,Clinique bernoise 2028 - CFC 250.1 Installations de gaz médicaux,tender,construction,open,award,65999247-3acb-427a-90e0-f0d7e7363846,2025-06-19,VS,Crans-Montana,3963,"Berner Klink Montana, p.A. IAAG Architekten AG",0,[]
ccaed16a-b7f4-44a7-9cc4-a89e70b681ef,13110,Copie Clinique bernoise 2028 - CFC 283.1 Revêtements de plafonds en métal,tender,construction,open,award,df4b9bcd-75fd-4d82-891e-b0757e854925,2025-06-19,VS,Crans-Montana,3963,"Berner Klink Montana, p.A. IAAG Architekten AG",0,[]
a8376d15-416d-4557-8c5e-c604cecaa3f7,15683,Neubau Fleischzentrum und TKS Region Goms-Oberwallis / 370 Betriebseinrichtungen,tender,construction,open,award,0da1f844-a108-4b7c-9068-6a5cc5d74ff9,2025-06-19,VS,Reckingen VS,3998,Gemeinde Goms,0,[]
25a7a69b-9d8b-4eb7-a427-f573cd2d66e5,18788,Mandat pour réalisation d'une station d'échange chauffage à distance d'une puissance de 30 MW – Piscine de Mon Repos,tender,construction,open,tender,4f24865a-86d9-45c1-b925-91b922bd32d3,2025-06-19,VD,"Av. du Tribunal-Fédéral 4, Lausanne",1005,Ville de Lausanne – SIL – Service patrimoine (PAT),0,[]
bb1c5f9c-3620-4cd7-b6fb-ca09e9415465,7335,390117 - Travaux de construction - FbE Schali - Täsch,tender,construction,open,award,d2c2a4a6-5654-4fd7-a0c9-8dfb5061a8a7,2025-06-19,VS,Täsch,3929,Beschaffungsstelle Matterhorn Gotthard Bahn,0,[]
ff636889-93e4-43ca-aad5-b7edb83e2485,14869,Neubau Fleischzentrum und TKS Region Goms - Oberwallis / 346.2 Kühlräume,tender,construction,open,award,0b553945-a446-442e-8679-6fa5e1ddad52,2025-06-18,VS,Reckingen VS,3998,Gemeinde Goms,0,[]
f4f73e5f-3b36-4bd6-b256-7a0ddf43ce56,14871,Neubau Fleischzentrum und TKS Region Goms - Oberwallis / 346.1 Gewerbliche Kälte,tender,construction,open,award,ae5ad15a-78ac-4cec-9d74-b2b9775ecfaa,2025-06-18,VS,Reckingen VS,3998,Gemeinde Goms,0,[]
1fd67a43-c632-4079-a37a-13a7489cb655,15675,Neubau Fleischzentrum und TKS Region Goms-Oberwallis / 240 Heizungsanlagen,tender,construction,invitation,award,a6ae6c00-8bc2-4fc4-a9e7-876b9b3fa152,2025-06-18,VS,Reckingen,3998,Gemeinde Goms,0,[]
bc4fce36-cd3e-48cf-9916-054103b9c4ca,18624,Galerie d'amenée de Lavey – Contrôles et assainissements 2025,tender,construction,open,tender,8e566b79-e0d7-4316-adbe-de26159db36e,2025-06-18,VD,Lavey,1892,Ville de Lausanne – SIL – Service production et solutions énergétiques (PSE),0,[]
361ab1fc-6d5f-4c9b-ab24-d7f47ba20229,18702,Vallée de la Jeunesse – Assainissement des bâtiments de l’Expo 64 / CFC 463 Travaux de superstructures,tender,construction,open,tender,ae7be611-7ff5-4fb9-be6b-326a3325f0ec,2025-06-18,VD,Lausanne,1007,"Ville de Lausanne – Direction du logement, de l'environnement et de l'architecture - Service d’architecture et du logement",0,[]
de9a5178-855c-4539-97e1-5b625f4c4249,9110,Torrents ouest lot 6 « Torrents ouest lot 6 – Plantys – Aven – Creusettaz ,tender,construction,open,award,5b24ed35-14ad-48af-adea-f470d85cde2e,2025-06-18,VS,Vétroz,1963,Commune de Vétroz - service technique,0,[]
dde7ff02-980a-467d-b900-1b4e37086e8e,11375,Commune de Gryon - Ultrafiltration Sodoleuvre - Travaux génie civil pour fouille de conduites,tender,construction,open,award,6526164c-acdd-4074-a317-c949c5ea5d93,2025-06-17,VD,Gryon,1882,RWB Vaud SA,0,[]
254ca8bc-0d03-49af-85f4-60066c47cf44,17217,Réfection de la chaussée et des services - Chemin du Lacuez et Fossaulion à Blonay,tender,construction,open,tender,845f087b-8cbc-492e-b857-cb1f0f1e94bb,2025-06-17,VD,Blonay,1807,Commune de Blonay - St-Légier,0,[]
4aec0a0f-fc1e-4dbe-b7f9-ae84fca37645,17908,231 - Appareils CFO - Stations transformatrices (MT-BT),tender,construction,open,tender,c59ce55e-4242-4868-a383-28bd060c79f3,2025-06-17,GE,Le Grand-Saconnex,1218,Office cantonal des bâtiments (OCBA) - BKTK,0,[]
9f491b23-2e20-4d0f-8c49-9c775ba1854e,18352,Travaux de chauffage à distance Montétan Saint Paul - lot Tuyauterie et supports,tender,construction,open,tender,2c368360-57f2-4ebc-ac99-2c6de99cbc0f,2025-06-17,VD,Lausanne,10002,Service Industriel de Lausanne - Patrimoine CAD,0,[]
8405f2a0-7f3f-4ab6-b6e5-838b927e42a5,18664,CFC 283.4 Plafonds en bois et dérivés du bois ,tender,construction,open,tender,f6c0fc1a-2b85-415c-91a4-44f389923371,2025-06-17,VS,Leytron,1912,Gaetan dubuis,0,[]
b1a41944-fbc5-4c60-842e-3dfe89f6b1b8,5762,STEP de l'EPARSE - Equipement du traitement des boues et du gaz EM04,tender,construction,open,award,620f7f42-86fd-47a5-adbe-38517a842f44,2025-06-17,VD,Payerne,1530,L'Eparse - Association intercommunale pour l’épuration des eaux de la zone de Payerne (Holinger SA),0,[]
3964feb2-c3f2-4dbb-8e80-f513db4b69b2,5822,STEP de l'EPARSE - Equipements mécaniques du prétraitement - EM02,tender,construction,open,award,dbf24c41-e7ba-4f31-a0d5-d455a59aba3b,2025-06-17,VD,Payerne,1530,L'Eparse - Association intercommunale pour l’épuration des eaux de la zone de Payerne (Holinger SA),0,[]
06286799-34f7-4b12-92ee-da58c71d8e76,11728,EMS Clémence - Site du Bugnon - Construction d'un EMS de 122 Lits,tender,construction,open,award,3d6510dc-96f8-492d-b94d-4e5d4ef93d03,2025-06-16,,,,Fondation Clémence (Regtec S.A.),4,"[""3d6510dc-96f8-492d-b94d-4e5d4ef93d03"", ""872b58b2-3c03-49a5-80ef-13f37a3022e2"", ""f7bfcdaf-ee32-4618-b91e-927372fad4ab"", ""081b9771-9a41-4299-a1ba-140213ef4ade""]"
12a4d190-d9b4-4e01-8008-4b71565d085e,14291,Assainissement et rénovation d'un bâtiment à Aigle ,tender,construction,open,award,50f5979f-e04a-43ca-9a7d-3bc1462f9419,2025-06-16,VD,Aigle,1860,RB et MC Architectes,0,[]
f6e6d6b3-2cfa-4775-8f3b-0df49700352f,15940,Tranche couverte de Meyrin - Réfection de l'étanchéité des parois,tender,construction,open,tender,0c37fedb-0cae-464c-b817-505b72663101,2025-06-16,GE,Meyrin,1217,Département de la santé et des mobilités - OCGC - Service des ouvrages d'art (GEOS Ingénieurs conseils SA),0,[]
71614ec7-34b2-4918-a630-bb32ee62f841,16287,Campus scolaire et sportif à Champagne.           Lot 2142 Structure bois,tender,construction,open,tender,cda017dd-6c39-4be1-8c3e-3d4632edf81b,2025-06-16,VD,Champagne,1424,Commune de Champagne (Fesselet Krampulz architectes),0,[]
d25ef6b4-4d42-45ed-80cf-2daa1f248529,18114,"Fondation les Eglantines - Piscine thérapeutique, vestiaires, locaux ergothérapie & physiothérapie ; Restructuration d’espaces intérieurs et mise aux normes de l'installation de filtration ",tender,construction,open,tender,60dce951-e04c-4395-99cf-a2bdce0d2753,2025-06-16,VD,Vevey,1800,Fondation les Eglantines,0,[]
a986c5a2-7c1f-47e6-97de-d141947487fd,18541,Commune de Vully-les-Lacs - site scolaire de Salavaux / salle de sport double VD5 et transformation du bâtiment existant - CFC 283.1 Faux plafonds métal ,tender,construction,open,tender,1cec79b3-1da8-44cf-92c4-7ed8b7d1a2b4,2025-06-16,VD,Salavaux,1585,Commune de Vully-les-Lacs,0,[]
d0e236a5-c2ca-488f-b18c-5ed4fe09d7d4,10802,Rougemont Enclenchement anticipé Appel d'offre GC,tender,construction,open,award,6dde4668-f34a-41c7-8144-13688498a6ff,2025-06-14,VD,Rougemont,1659,Compagnie du Chemin de fer Montreux Oberland bernois SA - Infrastructure Projets ,0,[]
3f8f463b-7d5c-4be2-b1e8-2ed5097476e0,10126,"Wärmeverbund Klostermatte, Brig-Glis: Anschluss Heizung BFO",tender,construction,open,award,d2c5cc24-67f4-48d7-87c4-37b898316cb8,2025-06-13,VS,Brig-Glis,3900,DIB,0,[]
b74a4642-4399-419f-821b-ab58178d8777,10134,"Wärmeverbund Klostermatte, Brig-Glis: Anschluss Heizung KSS Haus A/C",tender,construction,open,award,ec45798a-c65c-4550-8efd-38a5e931fa18,2025-06-13,VS,Brig-Glis,3900,Service immobilier et patrimoine / Dienststelle für Immobilien u. Bauliches Erbe - Gérance et entretien d'immeuble / Immobilienverwaltung u. Unterhalt,0,[]
492670c7-ee6b-4004-8c42-72dacfb580c1,10136,"Wärmeverbund Klostermatte, Brig-Glis: Anschluss Heizung Haus B",tender,construction,open,award,565313a0-0564-44cc-9884-60701cdf54a5,2025-06-13,VS,Brig-Glis,3900,Service immobilier et patrimoine / Dienststelle für Immobilien u. Bauliches Erbe - Gérance et entretien d'immeuble / Immobilienverwaltung u. Unterhalt,0,[]
b53c792f-0dee-47d1-aa4f-4189732f2fbd,10846,Hôpital Lavaux Lot 215.200 Façade rideau et serrurerie de façade,tender,construction,open,award,f6a27b8a-5e78-4bae-89f6-d40a4aaede46,2025-06-13,VD,Cully,1096,Hôpital de Lavaux - Projet IMAGO,0,[]
b8847772-a2b0-4ea0-9c12-45c2ef90f5f2,1813,STEP de Lucens - Lot 301 - Chauffage PTC BOU,tender,construction,open,award,217b74d0-555a-4790-ac6e-f7f135797d62,2025-06-13,,,,Association intercommunale Epuration Moyenne Broye,1,"[""217b74d0-555a-4790-ac6e-f7f135797d62""]"
1e86915b-789c-428d-bc3a-a6e76fed976e,18199,Centre Hospitalier Universitaire Vaudois - CHUV - Aménagements extérieurs - Esplanade - Travaux d’aménagement paysager,tender,construction,open,tender,d506532b-e7df-4960-acc2-42f7421b5a1d,2025-06-13,VD,Lausanne,1101,CHUV - CIT-S ,0,[]
ab44c68c-9fa1-465e-ad42-0aa2305db04b,18313,Innerortsverkehr St. Niklaus,tender,construction,open,tender,f1d0cc1d-ad32-4f76-a553-813dec748fda,2025-06-13,VS,St. Niklaus,3924,Einwohnergemeinde St. Niklaus (SPI AG),0,[]
0bc056ea-bc70-4c24-9234-03d04140c8ef,18367,Construction d'un complexe multifonctionnel à Fully pour l'entreprise Genedis,tender,construction,open,tender,1d99c2e1-1dcd-4c7e-bfba-5c5f7c2d3dde,2025-06-13,VS,Fully,1926,Genedis SA,0,[]
c1b1e986-6175-4e3d-a5ec-332ac00f7ee1,18425,Hôpital Lavaux Lot 277.100 Cloisons mobiles,tender,construction,open,tender,3a2ff16d-9aae-4d8e-ba9e-e4fd14b71785,2025-06-13,VD,Cully,1096,Hôpital de Lavaux - Projet IMAGO,0,[]
2172fd3a-f57e-4c33-8c50-7c0f2b6887bb,18466,Installation des panneaux photovoltaïques ,tender,construction,open,tender,20b3290b-f26a-4d18-9bc9-752d494a89c3,2025-06-13,VD,Le Chenit,1347,TRAVYS SA,0,[]
e2c2028f-947b-4c2f-88ec-15954d62459d,1869,STEP de Lucens - Lot 302 - Ventilation PTC BOU,tender,construction,open,award,105e279e-5716-4994-90ad-00010cfec05b,2025-06-13,,,,Association intercommunale Epuration Moyenne Broye,1,"[""105e279e-5716-4994-90ad-00010cfec05b""]"
ac9989ef-ca1c-4a80-9934-6f688093fae9,2947,"Hôpital Lavaux Lot 273.101 Armoires murales, (phase 1)",tender,construction,open,award,fb97a54d-024f-4431-bcd4-3af2e64e8fb1,2025-06-13,VD,Cully,1096,Hôpital de Lavaux - Projet IMAGO,0,[]
9f593af6-4281-4039-a134-50ba9127d1cc,2954,Hôpital Lavaux Lot 273000 Porte interieures en bois,tender,construction,open,award,4b684135-43cb-47f2-82a4-70080551b252,2025-06-13,VD,Cully,1096,Hôpital de Lavaux - Projet IMAGO,0,[]
c28ca00b-bec0-4552-aceb-57ae3184d335,10439,Pose des conduites de la nouvelle STEP intercommunale de l'APEC - Lot 5 : Microtunneliers (passage sous voies CFF et vergers) ,tender,construction,open,award,843f386c-66fa-4bd4-8222-6adfcfdd985a,2025-06-12,VD,Gland,1196,Bernard Schenk SA,0,[]
277a93d0-9214-4593-855d-b143d1bf342b,12885,"Travaux de sécurisation de la chaussée suite aux intempéries de décembre 2023 sur la RC no 626 Itravers-Vercorin, sur le territoire des communes de Grône et de Chalais",tender,construction,open,award,f746d280-408c-4799-aff6-8025bbf27cf8,2025-06-12,VS,Grône,3979,"Département de la mobilité, du territoire et de l'environnement",0,[]
9576f3a6-722f-4941-ba1a-eac72bef673e,13048,Assainissement énergétique - Fondation Polyval,tender,construction,open,award,8a2e61aa-a751-4f06-9ba8-359dfa9b9291,2025-06-12,VD,Cheseaux-sur-lausanne,1033,Fondation POLYVAL (Amara Architecture Sàrl),0,[]
6ae3d689-9b8a-4f24-a993-18be4d17367c,15312,"Stabilisation du bord aval de la chaussée et réfection de la chaussée sur la RC no 218 Basse-Nendaz - Sarclentse, au lieu-dit ""Les Bouillets"", sur le territoire de la commune de Nendaz",tender,construction,open,award,e206618d-1d62-499a-b065-83b9c9da566c,2025-06-12,VS,Nendaz,1996,"Département de la mobilité, du territoire et de l'environnement",0,[]
92699eb6-82e9-4edd-b790-89c661485faf,18247,CFPC_TERNIER-Rénovation étanchéité toitures salle de gym,tender,construction,open,tender,a163215a-203e-483f-9951-f691cf3ec567,2025-06-12,GE,Petit-Lancy,1213,"Etat de Genève, Département du territoire – DT, Office cantonal des bâtiments",0,[]
14ebf04f-fc71-4cb7-ac3f-870503d827ee,18272,"L’Association La Branche, Production et distribution de chauffage  CFC 242 et 243  Marché de travaux de construction  ",tender,construction,open,tender,3ba472fd-25a9-406f-af36-dcdda9ef65b0,2025-06-12,,,,Association La Branche,1,"[""3ba472fd-25a9-406f-af36-dcdda9ef65b0""]"
c015b688-3c32-42f0-8f28-fa5eee1e6519,6446,STEP de l'EPARSE - Equipements mécaniques de la biologie - EM03,tender,construction,open,award,b357ce2d-ae57-4f7a-b366-bed1e0adfd48,2025-06-12,VD,Payerne,1530,L'Eparse - Association intercommunale pour l’épuration des eaux de la zone de Payerne (Holinger SA),0,[]
52449566-8c1d-4b9e-a24d-a7e17156f8da,6673,"STEP de l'EPARSE - Travaux de gros oeuvre: Travaux spéciaux, terrassements, béton armé, charpente bois et façades bois",tender,construction,open,award,eb193db7-17ea-4540-9abe-56198b02608e,2025-06-12,VD,Payerne,1530,L'Eparse - Association intercommunale pour l’épuration des eaux de la zone de Payerne (Holinger SA),0,[]
cdbd5842-f960-4e49-9b91-c6b28e70f89d,9016,STEP APEC - Appareillage / Pose de 2 conduites de refoulement en PE diam. 450 mm et renouvellement du réseau ESP,tender,construction,open,award,2540848d-550a-447e-a37b-50c9b702f3c7,2025-06-12,VD,Gland,1196,Bernard Schenk SA,0,[]
73ab3d64-0a7a-4ad9-8fc8-ce6acc44e006,9029,Collège du Grand-Pré à Prilly - Assainissement-transformation-mise en conformité,tender,construction,open,award,29e9e1d3-dd56-4b93-a2a7-5f8656de96dc,2025-06-12,VD,Prilly,1008,ASIGOS,0,[]
7f5ba384-6819-4af9-85ad-407b05191d29,10908,MVR-N Renouvèlement du pont existant sur le Chemin de Tornafou à Glion,tender,construction,open,award,d58388de-cb88-4e93-abaa-573a8080991e,2025-06-11,VD,Glion (Montreux),1823,Transports Montreux-Vevey-Riviera SA - Infrastructure Projets,0,[]
890c22be-38b6-4598-b455-e13c9fe68159,12098,297_Groupe scolaire des Grands Esserts à Veyrier - Soumission étanchéité,tender,construction,open,award,400a4bde-2d04-4945-b271-e1b21bbe6108,2025-06-11,GE,Veyrier,1255,Commune de Veyrier ,0,[]
0fd36ad0-80a5-4ecc-9c46-0d61b2f740cf,4937,Renforcement structurel et assainissement thermique de la toiture de l’Aula des Cèdres - HEP Lausanne,tender,construction,open,award,ddd3ce5b-35f6-49d2-a5e0-b9845fa98c1d,2025-06-11,VD,Lausanne,1007,"Etat de Vaud - Direction générale des immeubles et du patrimoine (DGIP) / Direction de l'ingénierie, de l'architecture et de la durabilité (DIAD)",0,[]
954ce0da-5298-43ea-ae15-0c612af70a52,5418,Complexe multisports de Colovray - Lot 40 Vitrages intérieures,tender,construction,open,abandonment,bb5a1595-0c08-4f8a-9a1b-b36618cc314e,2025-06-11,VD,Nyon,1260,Pragma partenaires SA,0,[]
92e72545-cccc-4e82-b8e7-a50460b81070,15192,STEP III Noës - Extension de la STEP et traitement des micropolluants - Lot GC02 : Assainissement béton bâtiments D,tender,construction,open,award,690e7214-fb68-44a4-b22a-64e4826b39cc,2025-06-09,VS,Noës,3976,Association pour l'épuration des eaux usées de Sierre et environs (Ville de Sierre - Service de l'environnement),0,[]
4757ccb4-6b62-4ba9-92eb-144cc4441b6b,17223, Aménagement du trottoir et d’arrêt de bus - Chemin de La Veyre d’En Haut à St-Légier,tender,construction,open,tender,8ce4eea6-49d2-48ff-889c-e192e7fa4bb8,2025-06-09,VD,St-Légier,1806,Commune de Blonay - St-Légier,0,[]
a4e9c253-1362-4245-962a-0be6fcf83990,17625,Assainissement du bassin d'Archamps - La Croix-de-Rozon - Bardonnex,tender,construction,open,tender,79e3a422-a2c2-41db-bad9-96abf197b289,2025-06-09,GE,La Croix-de-Rozon,1257,Commune de Bardonnex,0,[]
9fcf2c17-20cb-4b93-aeeb-3de3f9d70f41,18158,Route de Montblesson à Epalinges ,tender,construction,open,tender,42b39b78-1fcb-4388-9915-5f9964119c47,2025-06-09,VD,Route de Montblesson Epalinges,1066,Services Industriels de Lausanne ,0,[]
2f21bdff-2c5e-4a76-90ab-e8e9338a6661,12409,Aménagement de la route de Villarepos - secteur Donatyre,tender,construction,open,award,5ff2db14-4811-45dc-b74b-eb08984ea07b,2025-06-07,VD,Avenches,1580,Commune d'Avenches,0,[]
2d2c5ae7-ff11-437b-8849-ba168012533b,18084,Renouvellement de la ligne 125kV Montcherand - Rolle,tender,construction,open,tender,475ef298-cf14-4c41-b90d-716b75f98d7c,2025-06-07,,,,Romande Energie SA,5,"[""475ef298-cf14-4c41-b90d-716b75f98d7c"", ""475ef298-cf14-4c41-b90d-716b75f98d7c"", ""475ef298-cf14-4c41-b90d-716b75f98d7c"", ""475ef298-cf14-4c41-b90d-716b75f98d7c"", ""475ef298-cf14-4c41-b90d-716b75f98d7c""]"
c01772c5-b3ae-4396-9ab0-f2510921104f,18156,"BOREX - Travaux de réfection et d’amélioration des  Chemins des Vuattes, de la Carrière, En Bursinel, Chemins AF des parcelles Le Tronchet, La Chenau, Deraises.",tender,construction,open,tender,981d7e10-1de1-4622-810a-55296ea8cf47,2025-06-07,VD,Borex,1277,Commune de Borex (Bovard & Fritsché SA),0,[]
32665294-9205-4631-b9d9-16503d8b88de,10120,"Wärmeverbund Klostermatte, Brig-Glis: Fernwärmeleitungen erdverlegt, Etappe 2",tender,construction,open,award,376040f8-1072-45cb-8f26-7171a4437505,2025-06-06,VS,Brig-Glis,3900,DIB,0,[]
3c910a59-7e66-4551-a4a0-884c7e707fd1,12246,Balisage des positions avions (Aile Est) - Travaux électriques,tender,construction,invitation,award,1b974971-be89-4e56-97bf-5e6c43548d0b,2025-06-06,GE,Genève,1215,Genève Aéroport,0,[]
e0057c94-6423-42b8-9f1a-d60f93c6b5c2,12263,Rénovation du bâtiment Beau-Site Aigle - CFC 218 Echafaudage,tender,construction,open,award,2977aa97-7e57-4727-9888-e54ff55b71ea,2025-06-06,VD,Aigle,1860,Transports Publics du Chablais - Infrastructure,0,[]
f9b76fb8-e774-43cf-84ce-c50125369979,12823,Meinier-Meynite Construction de logements-Carrelages-Faïences,tender,construction,open,award,2287d6cd-90ef-4607-9eee-1cfe443f4807,2025-06-06,GE,Meinier,1252,Fondation Immobilière de Meinier (FIM) - acau architecture sa,0,[]
a3b3691d-0162-4342-b8d3-5c1795e44d29,13606,"Travaux d’amélioration des mobilités douces, piétons et vélos le long de la route de Nyon et remplacement de la conduite ESP",tender,construction,open,award,5c782fab-e6c9-4925-948a-5f61890f0877,2025-06-06,VD,Eysins,1262,Commune d'Eysins (Bovard & Fritsché SA),0,[]
d0492b40-fde4-4a65-ad0c-11e4af53f7e5,14177,Meinier-Meynite Construction de logements-Agencements de cuisines,tender,construction,open,award,6bb536fc-c718-4827-94ed-8da58dec1fb0,2025-06-06,GE,Meinier,1252,Fondation Immobilière de Meinier (FIM) - acau architecture sa,0,[]
5bd4a4f0-4043-4f4d-a768-e67aa6a2d9d6,15126,Meinier-Meynite Construction de logements-Platerie Faux-plafond Gypsage,tender,construction,open,award,edb241c4-6481-4d1f-a740-d15b62a7f40f,2025-06-06,GE,Meinier,1252,Fondation Immobilière de Meinier (FIM) - acau architecture sa,0,[]
89fe7aec-b9a8-45e3-99c2-b6e5d5f5ffd9,18040,AO 2024-013 Rte de Loex,tender,construction,open,tender,759b6825-4012-4371-bda8-c82cb9dc6567,2025-06-06,GE,Rte de Loex,1213,Services industriels de Genève (SIG) - Direction Achats,0,[]
e521f6a1-20f6-4497-ace0-a80c5170baa3,18059,GERA-Park Raron,tender,construction,open,tender,98462c56-e695-4807-822a-46195ca7e9e7,2025-06-06,VS,Raron,3942,Einwohnergemeinde Raron,0,[]
f0194df8-95ef-4cff-b46f-ef7c920c4502,14798,"Correction de la chaussée à l'amont de Sion, sur la RC no 62 Sion - Nendaz, sur le territoire de la commune de Sion",tender,construction,open,award,873228fb-1daf-4282-9d3a-87dc78af456a,2025-06-05,VS,Sion,1950,"Département de la mobilité, du territoire et de l'environnement",0,[]
60d96373-e057-4123-b6e7-12e3315259bf,15279,Travaux de Platrerie-Peinture ,tender,construction,open,award,077720e0-9466-4405-8374-619d799d2cfa,2025-06-05,GE,Anières,1247,Commune d'Anières,0,[]
7d44d265-f9f1-4708-8539-cc646356831e,9166,Lawinenverbauung Triftgrätji - Hehbord VIII Baumeister (Etappe 2025),tender,construction,open,award,001c4cc1-43ca-42aa-afdb-33d9231e04f7,2025-06-05,VS,Zermatt,3920,Gemeinde Saas-Grund (IBR Ingenieurbüro GmbH),0,[]
9ca8172f-b82c-4fd8-879d-1ccd34e4e3e6,9178,Lawinenverbauung Gitschung V Baumeister (Etappe 2025),tender,construction,open,award,dc333454-8ffa-4766-a814-3b3a88d57763,2025-06-05,VS,Täsch,3929,Gemeinde Täsch (IBR Ingenieurbüro GmbH),0,[]
c8116b5e-5c4e-426e-9097-1bad60782c83,9180,Lawinenverbauung Schweifinen VI Baumeister (Etappe 2025),tender,construction,open,award,b763cf5b-8bdb-450d-92af-25a1d7b24ac7,2025-06-05,VS,Zermatt,3920,Gemeinde Zermatt (IBR Ingenieurbüro GmbH),0,[]
53ed3f3d-e351-4593-a582-ae1471c681bd,11371,"Vieux-Lully, Bernex - logements, commerces, centre culturel - lot 28160 Carrelages",tender,construction,open,award,3cd032be-611a-4379-917f-aa30a6863986,2025-06-04,GE,Bernex,1233,Fondation de la Commune de Bernex pour le Logement ,0,[]
dc5f78a6-abfc-4e6e-aad2-f90e27010204,13178,Projet de défense contre les chutes de blocs « Dona Gremé » Rehaussement de deux digues existantes ,tender,construction,open,award,34269d60-2157-49df-b042-be623b88b14c,2025-06-04,VS,Trient,1929,Commune de Trient,0,[]
a3cb532b-c34d-4083-a96b-fb3218ff6373,8230,STEP de Lucens - Lot 501 Ensemble d'appareillage,tender,construction,open,award,060c6b0f-6012-464f-a15b-6e69c47211f0,2025-06-04,VD,Lucens,1522,Association intercommunale Epuration Moyenne Broye,0,[]
9fae0bad-5ce8-484b-9514-7ddc6a3cda8e,1269,Transformation EMS de l'Orme - 25000 - Installations sanitaires,tender,construction,open,award,7ed91b52-edb6-46f4-ab57-deb1fd7b4a3e,2025-06-03,VD,Lausanne,1018,Fondation de l'Orme (AAPA SA),0,[]
66027e8e-c850-48d3-a68d-bb26b65e68c3,1273,Transformation EMS de l'Orme - 35800 - Agencement cuisine professionnelle,tender,construction,open,award,0d97a79b-37e5-49ed-bb2f-fe646f5c6dba,2025-06-03,VD,Lausanne,1018,Fondation de l'Orme (AAPA SA),0,[]
02453ad6-f8b3-49fe-ac36-1321cf561262,1276,Transformation EMS de l'Orme - 26110 - Ascenseurs,tender,construction,open,award,73dfb6e4-df40-41ab-9d88-4b77924d0966,2025-06-03,VD,Lausanne,1018,Fondation de l'Orme (AAPA SA),0,[]
dbfa9d3f-d883-45ed-877c-64c145fa2277,1404,Transformation EMS de l'Orme - 28100 - Chapes,tender,construction,open,award,96cb8c82-33d0-4a29-9629-113bb76af48c,2025-06-03,VD,Lausanne,1018,Fondation de l'Orme (AAPA SA),0,[]
5bea0954-d30c-499c-bc75-96daedc46dea,14241,"GSA_Ecole Anières : Lot 27_Travaux d'isolation, étanchéité et ferblanterie",tender,construction,open,award,46f3c1c1-8e05-4475-a068-91a4bf77898f,2025-06-03,,,,Mairie d'Anières,1,"[""46f3c1c1-8e05-4475-a068-91a4bf77898f""]"
38d6e8ac-f19f-4a0a-98f4-9e88eb4e361d,14998,Parking de l’Etoile -  Remise à neuf et extension sprinkler,tender,construction,open,award,e084a51c-83d1-461e-b9f8-89145bbe6823,2025-06-03,GE,Genève,1211,Fondation des Parkings  - Service des achats,0,[]
8c293144-d680-4d40-9e02-1da9a08b09e8,1531,Transformation EMS de l'Orme - 28180 - Faux planchers,tender,construction,open,award,e095e949-9cae-415c-b62a-89a813f2af6b,2025-06-03,VD,Lausanne,1018,Fondation de l'Orme (AAPA SA),0,[]
1e567435-0cec-4cc0-ad79-a23db0ae1963,17289,RC1 QUAI DE COLOGNY - MESURES DE PROTECTION DES ARBRES INSTALLATION DE PLATEFORMES POUR LA PROTECTION DU SYSTÈME RACINAIRE DES ARBRES EXISTANTS,tender,construction,open,tender,88f942d8-d4d3-43c2-9af6-dea00b4e4a8c,2025-06-03,GE,Quai de Cologny,1223,Département de la santé et des mobilités (DSM) - Office cantonal du génie civil - Service de la maintenance des routes cantonales,0,[]
852776bc-1d11-42e2-986a-386bd467cf90,17818,"Appel d'offres Route du Bois de Finges, réalisation d’un trottoir mixte vélo+piéton - Génie civil",tender,construction,open,tender,4f7d4904-3f56-4923-9690-ff3b0d3723f8,2025-06-03,VS,Sierre,3960,Ville de Sierre - Centrale des achats,0,[]
8bef3b83-8261-4f7e-b598-8e7309ccd723,1828,Transformation EMS de l'Orme - 11200 - Démolition,tender,construction,open,award,32d06195-537b-4405-89d6-ab42fb489c53,2025-06-03,VD,Lausanne,1018,Fondation de l'Orme (AAPA SA),0,[]
472ffd8a-f320-42f7-a540-b55e2de30914,1889,Transformation EMS de l'Orme - 21150 - Maçonnerie,tender,construction,open,award,3bd5b1d6-11ff-46ae-bc96-b5d8e5f4cb51,2025-06-03,VD,Lausanne,1018,Fondation de l'Orme (AAPA SA),0,[]
654400a6-6054-4aa5-a13d-04fda1d447ab,3566,Transformation EMS de l'Orme - 28122 - Revêtement de sol en linoleum,tender,construction,open,award,31e6ba41-b794-4753-a717-dae6737ddc30,2025-06-03,VD,Lausanne,1018,Fondation de l'Orme (AAPA SA),0,[]
eee5b451-9429-4760-b919-d5274cdff9d9,3570,Transformation EMS de l'Orme - 27110 - Plâtrerie peinture,tender,construction,open,award,44160e47-3e3d-419b-a353-2e5cc0de0b48,2025-06-03,VD,Lausanne,1018,Fondation de l'Orme (AAPA SA),0,[]
1d59974f-27ec-4635-8c9e-6d583ddb4837,3922,Transformation EMS de l'Orme - 28160 - Carrelages,tender,construction,open,award,5a7e0ed1-8e2a-4321-b302-8371817f2eef,2025-06-03,VD,Lausanne,1018,Fondation de l'Orme (AAPA SA),0,[]
cb3fec22-1931-4c29-8a42-9ee7d195c786,3927,Transformation EMS de l'Orme - 28170 - Revêtement de sol en bois,tender,construction,open,award,4ad06ee1-03a2-41d4-ae6f-95ce0de57c9d,2025-06-03,VD,Lausanne,1018,Fondation de l'Orme (AAPA SA),0,[]
774b39ed-57e0-44c7-a35b-4bdffee00460,4288,Rénovation de l'école de Meyrin Village,tender,construction,open,award,d149eb2c-de51-4cbb-98f0-dd40b8377253,2025-06-03,GE,Avenue de Vaudagne 6-8. 1217 MEYRIN,12117,Ville de Meyrin,0,[]
a259d535-0f8f-40fd-8b36-777881cdf4b4,4289,Rénovation de l'école de Meyrin Village,tender,construction,open,award,4904ec3c-6242-444d-a5fc-7577ba829e5b,2025-06-03,GE,Avenue de Vaudagne 6-8. 1217 MEYRIN,1217,Ville de Meyrin ,0,[]
84eca2d8-bd0c-4659-8ce8-e56628b73d40,4324,Rénovation de l'école de Meyrin Village,tender,construction,open,award,67e6b5e0-1304-4d0b-8bcb-7a6426526a17,2025-06-03,GE,Avenue de Vaudagne 6-8. 1217 MEYRIN,1217,Ville de Meyrin ,0,[]
24021b28-9033-4bae-a7c2-25e6ea3c11ed,5316,Transformation EMS de l'Orme - 22110 - Fenêtres en bois-métal,tender,construction,open,award,8f4e0e8f-d478-4806-b2b2-c6a9eb150b6f,2025-06-03,VD,Lausanne,1018,Fondation de l'Orme (AAPA SA),0,[]
d399cde4-9820-4f65-a029-9b01467f6ae2,5319,Transformation EMS de l'Orme - 22140 - Fenêtres en métal léger,tender,construction,open,award,a6eee3cf-d7a7-4253-89a7-c3a3bf7d0a92,2025-06-03,VD,Lausanne,1018,Fondation de l'Orme (AAPA SA),0,[]
53d550b6-1b65-4acf-bcdb-254b4a000108,5456,Extension de l'école du Manoir aménagement du parc,tender,construction,open,award,cc0a1080-aa19-4d0e-a4ac-c0c1edcc942b,2025-06-03,GE,Cologny,1223,Commune de Cologny - FL Partenaires sàrl,0,[]
1ac5f886-ac8d-4f3e-850e-9af40dcb451f,6329,Rénovation de l'école de Meyrin Village,tender,construction,open,award,e3069f17-e1c0-4bdf-aa51-b5e55bdd5300,2025-06-03,GE,Avenue de Vaudagne 6-8. 1217 MEYRIN,1217,Ville de Meyrin - atba,0,[]
9b93f678-50e1-484f-88ba-b388f96ebd10,6451,Rénovation école de Meyrin Village - CFC 230 - Electricité,tender,construction,open,award,28c31bc6-6d89-4d9f-a4af-a6ff914796c7,2025-06-03,GE,Avenue de Vaudagne 6-8. 1217 MEYRIN,1217,Ville de Meyrin - atba,0,[]
b0b51975-91b5-460f-b6eb-c19f5e91e288,6491,Rénovation école de Meyrin Village - CFC 244 Ventilation,tender,construction,open,award,b388c13f-a688-4204-aa6a-770a8d58ad68,2025-06-03,GE,Avenue de Vaudagne 6-8. 1217 MEYRIN,1217,Ville de Meyrin - atba,0,[]
a274a90b-6f7d-4df7-88fd-b15b68f81943,6494,Rénovation école de Meyrin Village - CFC 221.0 Fenêtres en bois de rénovation,tender,construction,open,award,5872fd46-1dbb-4e67-aacb-97054c6b217a,2025-06-03,GE,Avenue de Vaudagne 6-8. 1217 MEYRIN,1217,Ville de Meyrin - atba,0,[]
fc8cfaf9-0e44-4cab-8f60-5b14e7f9f860,6585,Transformation EMS de l'Orme - 23000 - Installations électriques,tender,construction,open,award,f563e2c9-0446-4f52-a5d0-6ee6e6d0087d,2025-06-03,VD,Lausanne,1018,Fondation de l'Orme (AAPA SA),0,[]
1c22317e-e8aa-491d-a790-7a5e416842dc,9603,Rénovation école de Meyrin Village - CFC 215.2 Construction préfabriquer Façade,tender,construction,open,award,d540a00b-98d0-4f61-b9fe-5e2a2412252b,2025-06-03,GE,Av. Vaudagne 6-8,1217,Ville de Meyrin - atba,0,[]
d87a3773-ccd9-4d78-aac3-e1e5c712e6ce,21099,Rénovation énergétique et techniques d'un immeuble de logements et d'activités à Chêne-Bougeries,tender,construction,open,tender,8c2d5a7f-a2ed-4818-9aac-3e07fb46f6bc,2025-07-31,GE,Chêne-Bougeries,1224,Commune de Chêne-Bougeries p.a. Pascal Hüni architectes Sàrl,0,[]
ed40556c-d207-47fd-8d7d-2c4f9f356648,6173,Tolochenaz - Réfection de la Rue de la Gare centre,tender,construction,open,award,192e621a-837e-4a49-a379-1b00311bfa7b,2025-07-31,VD,Tolochenaz,1131,Commune de Tolochenaz - Mosini et Caviezel SA,0,[]
40d68298-7316-4a5a-92fb-bfae08200d10,14570,Rénovation Beau-Site - CFC 211 Travaux entreprise de maçonnerie,tender,construction,open,award,25d5fec5-700c-4173-8944-32b8d02532b7,2025-07-30,VD,Aigle,1860,Transports Publics du Chablais - Infrastructure,0,[]
a688e0b0-0eb7-43d4-8ae1-67488495f9b5,20765,Extension du cycle d'orientation du Foron -  CFC 228.2 Stores ,tender,construction,open,tender,66b6fc50-0764-4cd6-846b-194154f02e05,2025-07-30,GE,"Chemin du Foron, 43 - Thônex",1226,OFFICE CANTONAL DES BATIMENTS,0,[]
574acb00-9ada-4009-abff-af5db89caf29,9441,"Itinéraire de mobilité de loisir Sion-Bramois, Tronçon passerelle sur la Borgne/passerelle sur l'A9, Création d'un nouveau cheminement de liaison",tender,construction,open,tender,12d473b1-b049-4739-bd57-863e125b017e,2025-07-30,VS,Sion,1950,Ville de Sion - Travaux Publics et Environnement,0,[]
e9967f40-b072-4bf1-9d60-0e6eefe92ec7,13681,SATOM_CAD_Nord_Lot_8_Tabac_Rhône,tender,construction,open,abandonment,f439048f-42b5-446f-8e2c-8781b04ab500,2025-07-29,VS,Collombey,1868,SATOM SA,0,[]
a8392ffc-268e-47f1-826a-3fc35f5c117b,20761,Extension du cycle d'orientation du Foron -  CFC 221.1 Fenêtres et portes extérieures ,tender,construction,open,tender,8e556698-7526-4cfc-8c33-3d90a6823c36,2025-07-29,GE,"Chemin du Foron, 43 - Thônex",1226,OFFICE CANTONAL DES BATIMENTS,0,[]
1e8785ee-1b8e-4d78-85bf-07bc0703e225,20971,Chemins AF - Etape 2 - Commune de Saint-Saphorin (Lavaux),tender,construction,open,tender,6f9f7235-39ce-4b93-b06c-b4b85b65da57,2025-07-29,VD,Saint-Saphorin (Lavaux),1071,Commune de Saint-Saphorin ,0,[]
0ba41fdf-56d8-42ba-a3c9-3ec45b115199,21001,Patinoire de Trèfle-Blanc - Lot 11100 - Soins aux arbres et abattages,tender,construction,open,tender,7e9d565d-12a1-42a6-8f3f-38d94a23ea24,2025-07-29,GE,Lancy,1212,"Département du territoire (DT), Office Cantonal des bâtiments (OCBA), Direction des Constructions",0,[]
4830ac33-4ac9-402a-9e10-87c05459e857,15094,EMS Clémence - Site du Bugnon - Création d'un nouvelle EMS de 122 lits - Soumission de menuiserie courante CFC 273.3,tender,construction,open,award,fa8cee78-705f-41c5-8dcd-429160358013,2025-07-28,,,,Fondation Clémence (Regtec S.A.),1,"[""fa8cee78-705f-41c5-8dcd-429160358013""]"
a0e2e442-8ae8-49f9-b0f2-b30ddd9029ee,15109,Meinier-Meynite Construction de logements-Menuiserie Portes intérieurs Bois,tender,construction,open,award,576ac225-9b72-4652-b112-e47703161c80,2025-07-26,GE,Meinier,1252,Fondation Immobilière de Meinier (FIM) - acau architecture sa,0,[]
da9cc323-2082-4a93-aea8-2fb337d1cfc9,20913,Hôpital Lavaux Lot 281.110 Revêtement en caoutchouc,tender,construction,open,tender,d499bba0-b22d-4758-8737-eda641b2778c,2025-07-26,VD,Cully,1096,Hôpital de Lavaux - Projet IMAGO,0,[]
1b9cd98f-aa1f-4bbd-8218-6354fb54d621,20914,Hôpital Lavaux Lot 281.700 Revêtement de sol en bois,tender,construction,open,tender,c60d052a-2caf-42dd-80c1-82a166a58b5f,2025-07-26,VD,Cully,1096,Hôpital de Lavaux - Projet IMAGO,0,[]
507a5f18-33c6-4bd9-a7bb-d5b2c0e40350,10763,Campus Santé - Lot 234 Vitrages intérieurs C4,tender,construction,open,award,8a87e8f4-ce65-4b0f-ad2a-b8d792b88458,2025-07-25,VD,Chavannes-près-Renens,1022,Etat Vaud - DGIP p/a Pool de mandataires Banquet,0,[]
e2c83d14-25ef-4937-b4e1-37415543ffbe,11299,Campus Santé - Lot 209 Equipement courant fort C4,tender,construction,open,award,81a66e9d-1ff6-4dd0-bfb5-3b021474246c,2025-07-25,VD,Chavannes-près-Renens,1022,Etat Vaud - DGIP p/a Pool de mandataires Banquet,0,[]
2c0593ba-f34d-4401-8393-3cc1a238b7d3,11838,CFC 221.0 - Fenêtres et portes bois,tender,construction,open,award,c89d0134-56ec-4480-9404-4bbae9c15c41,2025-07-25,GE,Pregny-Chambésy,1292,Etat de Genève Office cantonal des bâtiments Département du territoire,0,[]
42b2c404-96ee-4917-8c41-8c2690170bf2,14250,Transformation d'une halle en bureaux administratifs / Bâtiment B sur site de Piscine à Sion / CFC 225.2 Isolations phoniques,tender,construction,open,award,43255f98-929e-4b08-af7f-961738200d89,2025-07-25,VS,Sion,1950,Service immobilier et patrimoine (SIP),0,[]
6634f042-6ae4-4027-8acb-9a64167f1818,15012,Foyer de la Cigale_CFC 271-285 Plâtrerie-peinture,tender,construction,open,award,80cf6b8b-0217-4a15-a54e-c2e5c6c8b1ee,2025-07-25,VD,Lausanne,1010,Arcadie SA,0,[]
2677f312-d591-4af2-8bc9-f56065397269,15688,Copie Clinique bernoise 2028 - CFC 230 Installations éléctriques,tender,construction,open,award,ffb96e03-cb2e-4583-b617-7f69ac5dd4ac,2025-07-25,VS,Crans-Montana,3963,"Berner Klink Montana, p.A. IAAG Architekten AG",0,[]
21a24181-9d1f-4e5d-b6f0-90c5450824c0,16528,Ouvrage : VE – 25.10 Transformation de la gare de Martigny ,tender,construction,open,award,576d567e-1212-4b74-9014-a0b1f3eb3fc5,2025-07-25,VS,Martigny,1920,Achats - TMR SA,0,[]
e5ab4c06-9fed-4e62-afcd-a8e5a5d94c9b,20701,Réaménagement de la Place du Marché à Bex,tender,construction,open,tender,0e19d3ee-47e7-4e08-860d-55206b940fd6,2025-07-25,VD,Bex,1880,"Commune de Bex - Service industriels, de l’urbanisme et du bâti (Willi Ingénieurs SA)",0,[]
e0ea3299-8d4b-46e2-822e-a1b19d842bcc,7577,Campus Santé_HESAV_C4,tender,construction,open,award,95b02dab-7367-433b-9472-db9b1c24d931,2025-07-25,,,,"Etat de Vaud - DEIEP - DGIP, pa Pragma Partenaires SA",9,"[""f0732642-c253-45ef-adef-a5c5125ecf7c"", ""95b02dab-7367-433b-9472-db9b1c24d931"", ""d96af611-e64a-4971-9af4-4e099a30f91a"", ""c8683621-4a22-4e86-b2bf-10faafeb311b"", ""03a5b028-ba9b-440f-950f-552f5537a5cc"", ""9040b21d-320b-4067-ad12-8e9cff78faf5"", ""8f89b417-76dd-4d4a-b518-d14877cbe76d"", ""cb36f064-bc4f-4df4-8712-e1cbf7b071bc"", ""7f662566-0317-40d3-a476-f311acf4953b""]"
481b9e62-c514-4c1d-9d40-154ea0a1373c,12888,Collège du Grand-Pré à Prilly - Assainissement-transformation-mise en conformité - LOT 23 - CFC 271,tender,construction,open,award,770fbb2a-0942-409d-b376-64b941d180a2,2025-07-24,VD,Prilly,1008,ASIGOS,0,[]
39889ddd-4575-420f-b6e9-2291fd697e43,17243,Aménagement Halle Catogne III - LOT 36 - Installations électriques basse tension,tender,construction,open,award,ba9add6f-3c28-4792-85e5-ef149a9eebf2,2025-07-24,VS,Martigny,1920,Achats - TMR SA,0,[]
8dab1e42-7285-4a4d-92b1-3dbb396dfa42,20749,Rénovation énergétique et techniques d'un immeuble de logements et d'activités à Chêne-Bougeries,tender,construction,open,tender,06b210c4-9019-4386-8465-df2db4b9407e,2025-07-24,GE,Chêne-Bougeries,1224,Commune de Chêne-Bougeries p.a. Pascal Hüni architectes Sàrl,0,[]
817a6ff1-6cad-4bb0-bc4f-1b5ae309fce5,20757,"Conduites Pré-isolées en réseau de chaleur pose et soudure-Harpe-Grammont, Grammont passage FLB et Ouchy Jordils",tender,construction,open,tender,e2da6553-a8f5-4b85-a0de-d73a2016b4d3,2025-07-24,VD, Fontenailles-chem funi- et av Ouchy Jordils,1005,Ville de Lausanne – SIL – Service patrimoine (PAT),0,[]
0949aed3-ab28-4b09-9680-e0c0fefbb1fb,20763,Ruisseau du Mont,tender,construction,open,tender,5e284da0-1722-4637-9a0a-01f04c037f40,2025-07-24,VD,Château d'Oex,1660,Commune de Château d'Oex ,0,[]
fb1f323c-927e-46e6-94d3-09f68470fbbd,5167,MP 2024.05.707 - Rénovation du complexe de toiture du dépôt de la Borde / Aménagements extérieurs,tender,construction,open,award,da79f15a-69b9-41f9-983b-28f844413256,2025-07-24,VD,Lausanne,1018,Transports publics de la région lausannoise sa,0,[]
0c10c0ca-9cf9-44e8-828b-b64ad2c6752f,15558,Programme de remplacement de 18 transformateurs - Installations câblage HT   ,tender,construction,open,award,9c8c2cd5-644b-48aa-8f60-490b66df1503,2025-07-23,GE,Le Grand-Saconnex,1218,Genève Aéroport,0,[]
9bf7cb0a-a932-43ee-90ce-202a2ce8ad6d,20373,Extension du cycle d'orientation du Foron - CFC 222-224 Ferblanterie et Etancheité,tender,construction,open,tender,4d8ca046-ba81-495a-a36c-74d621359127,2025-07-23,GE,"Thônex GE,",1226,OFFICE CANTONAL DES BATIMENTS,0,[]
68d09b18-eb35-4eed-8df5-66c0f0b00a49,20704,CHUV_Affaire n° 24-060_Nouvelle centrale de ventilation BH_CFC n° 25 Installations sanitaires,tender,construction,open,tender,01d062e5-f8bd-4d68-b72c-25c909545a9d,2025-07-23,VD,Lausanne,1005,"CHUV - Direction des constructions, ingénierie, technique et sécurité (CIT-S)",0,[]
eb7c0389-318e-4668-8b4f-a8e174e10165,20735,CHUV_Affaire n° 24-060_Nouvelle centrale de ventilation BH_CFC n° 350 Installations gaz médicaux,tender,construction,open,tender,61dd86ff-4b0e-49fa-9022-3ac2a4489333,2025-07-23,VD,Lausanne,1005,"CHUV - Direction des constructions, ingénierie, technique et sécurité (CIT-S)",0,[]
38e1fe7f-d4c0-4b8b-8ace-48e7fe8517a8,12461,Réaménagement des cimetières municipaux de Vésenaz et Collonge,tender,construction,open,abandonment,21d2c497-c6a5-4dd4-adb4-bcd46c0492dd,2025-07-22,GE,Vésenaz,1222,Mairie de Collonge-Bellerive,0,[]
b044f8a8-cefd-46b4-aa2c-fb41350dc9bb,14624,Rénovation Beau-Site - CFC 216 Pierre naturelle,tender,construction,open,award,75199746-1a11-4973-ac44-1ded727aeccc,2025-07-22,VD,Aigle,1860,Transports Publics du Chablais - Infrastructure,0,[]
4c94c7c0-cdb1-4102-95a8-d16722563058,1539,Grand Théâtre de Genève (2023TI) remplacement machinerie scénique - installations de manutention diverses - partie électromécanique,tender,construction,open,abandonment,0113a918-0dc5-4c6a-93f7-7ba69f6eba8f,2025-07-22,GE,Genève,1204,"Ville de Genève - Département de l'aménagement, des constructions et de la mobilité",0,[]
c69b1164-90ba-4ae6-97dd-cf17545737bf,18891,STEP Aïre2+ - Lot AR 04a - Isolation acoustique,tender,construction,open,abandonment,19156486-31fc-4596-9ea0-532301dc660b,2025-07-22,GE,Aire,1219,Services industriels de Genève (SIG) - Direction Achats,0,[]
adf819c7-651f-40e6-abe1-98c689ac71b0,19470,Réaménagement de l'Avenue de Beau-Séjour - Travaux de Génie-Civil - (CAN 111/113/117/151/181/211/222/223/237/241/282/286),tender,construction,open,tender,1df5b5ae-db99-48b1-b032-d9e7bcd24bce,2025-07-22,GE,Avenue de Beau-Séjour / Genève ,1206,CPEG - Caisse de prévoyance de l'Etat de Genève,0,[]
ef944c2d-42b0-4a8b-a121-4cadf21e49c8,19602,"Vieux-Lully, Bernex - logements, commerces, centre culturel - lot 37010 Serrurerie (salle de spectacle)",tender,construction,open,tender,7c3f121a-1376-4061-8053-d78293bd48ab,2025-07-22,GE,Bernex,1233,Fondation de la Commune de Bernex pour le Logement,0,[]
45e4a488-5f07-411c-8220-ef81ce090c7e,20598,"Vieux-Lully, Bernex - logements, commerces et centre culturel - lot 23100 installateur photovoltaïque",tender,construction,open,tender,8eda325e-6cda-46dd-8093-9f1b9a87fe0d,2025-07-22,,,,Fondation de la Commune de Bernex pour le Logement ,1,"[""8eda325e-6cda-46dd-8093-9f1b9a87fe0d""]"
583c6c54-076c-4249-8320-23c0de7f536f,20609,"Vieux-Lully, Bernex - logements, commerces, centre culturel - lot 37050 tribune télescopique (salle de spectacle)",tender,construction,open,tender,9b2b977e-ebe1-4b73-bd4f-ae9b46ec3bc9,2025-07-22,,,,Fondation de la Commune de Bernex pour le Logement ,1,"[""9b2b977e-ebe1-4b73-bd4f-ae9b46ec3bc9""]"
1aacc1a7-1268-4860-b52f-146bafd803cf,6893,Ville de Vevey - Avenue des Crosets - Réaménagements urbains,tender,construction,open,award,e6803a32-6337-4dbb-9485-f18e27bccdbc,2025-07-22,VD,Vevey,1800,MCR & Associés SA,0,[]
eb35348f-b130-4f07-b173-27796525f498,10648,Campus Santé - Lot 130 Portes en métal HESAV,tender,construction,open,award,28c010be-28cd-4913-8d79-d5b49147deb3,2025-07-21,VD,Chavannes-près-Renens,1022,Etat Vaud - DGIP p/a Pool de mandataires Banquet,0,[]
d3f939bb-c07a-4681-9ba1-a0106d5280eb,10677,Campus Santé - Lot 231 Ouvrage métallique HESAV,tender,construction,open,award,258e8bc9-e05e-48be-8782-739dae2c7258,2025-07-21,VD,Chavannes-près-Renens,1022,Etat Vaud - DGIP p/a Pool de mandataires Banquet,0,[]
5703aa89-7bad-4e39-9a1c-7ab0d5b51c74,19761,Ruisseau de la Contamine - Augmentation de la capacité hydraulique,tender,construction,open,tender,4cda984b-c0e7-4539-8acd-464a74388bae,2025-07-21,GE,Vésenaz,1222,Commune de Collonge-Bellerive - Service des routes et de l'entretien des sites,0,[]
4fcd7f1a-1a3b-4af9-be67-3b72e11a0cdb,20295,CAR RAD Bh07-Bh08-Bh09 Nouvelle centrale ventilation et salles diverses,tender,construction,open,tender,f88eca5c-0946-4213-9087-3ce29d8587bd,2025-07-21,,,,CHUV - Constructions ingénierie technique et sécurité (CIT-S),1,"[""f88eca5c-0946-4213-9087-3ce29d8587bd""]"
6e3b3649-4df0-45ea-b717-575584b469bb,20610,"CHUV_Affaire n° 24-060_Nouvelle centrale de ventilation_CFC n° 243 Installations hydrauliques (chauffage, refroidissement, récupération d’énergie)",tender,construction,open,tender,01d04ce0-be45-4b97-842b-78852cafda65,2025-07-21,VD,Lausanne,1005,"CHUV - Direction des constructions, ingénierie, technique et sécurité (CIT-S)",0,[]
1864cce2-3953-4da5-bb6b-27da96ae666b,12364,490029 Erneuerung Kunstbauten Findelbach-Landtunnel Tunnelsanierung «1. Bauetappe 2025»,tender,construction,open,award,d8d16079-feac-432a-9481-fad80c6bdb55,2025-07-18,VS,Zermatt,3920,Beschaffungsstelle Matterhorn Gotthard Bahn,0,[]
ae312332-a273-48a7-ad22-27c408b941e6,14496,Route de la Dent de Bonavau,tender,construction,open,award,4ed07bc6-8548-47bc-9589-1ba295a0ad9b,2025-07-18,VS,Champéry,1874,Commune de Champéry - Service Technique,0,[]
828a3e3d-5af9-432c-a381-98256c08e61f,19460,"596 Gymnase d'Echallens CFC 223 232 233.2 235.3 236 237 238 et 443 Installations électriques, mise à terre, éclairage de secours et provisoires de chantier",tender,construction,open,tender,3c58837b-94a3-4904-92eb-47c8a11275a9,2025-07-18,VD,Echallens,1040,Direction générale des immeubles et du patrimoine – DGIP,0,[]
c5ff0a19-e1ec-4538-856d-f8095ec5477a,20393, STEP intercommunale de Ste-Croix et Bullet,tender,construction,open,tender,1416612e-f72f-45ff-a443-9ebb7dd6b397,2025-07-18,VD,Sainte-Croix,1450,Groupement CSD Ingénieurs / AFRY,0,[]
c08c1910-b35c-43b1-b188-916daf189c73,20522,4057-200 : Travaux de génie civil - Chauffage à distance - Secteur Clos-Donroux,tender,construction,open,tender,c9c82523-1f83-4e3b-88bd-696684d43f61,2025-07-18,VS,Monthey,1870,Satom SA,0,[]
e1674623-d2a3-4be1-9575-95877573e7d0,20526,4057-300 : Travaux de génie civil - Chauffage à distance - Secteur St-Didier,tender,construction,open,tender,db5ac5a2-8570-4cd7-92a2-cf5efed5489d,2025-07-18,VS,Collombey,1868,Satom SA,0,[]
bd2e5070-81d9-4aed-86c7-a2cd8dab83a8,20527,4057-302 : Travaux de génie civil - Chauffage à distance - Secteur Les Dailles,tender,construction,open,tender,9c8ed398-c546-47d9-b5d7-a6d2b6dd6500,2025-07-18,VS,Monthey,1870,Satom SA,0,[]
3a42ba76-83be-4baa-a67d-162e0621fc63,20529,"Affaire 21-069 : BH16-17, Etape 3 Rénovation Chambres 5 et 2 lits – ETAPE 3",tender,construction,open,tender,6a8545ff-f1a9-4696-85b5-cbe9f368442f,2025-07-18,VD,Lausanne,1011,CHUV - Constructions ingénierie technique et sécurité (CIT-S),0,[]
f1def0e5-5e32-4122-8a0c-42239f5c48e2,12185,Aménagement halle Catogne III - LOT 31 : Terrassement et Gros-oeuvre béton armé,tender,construction,open,award,4bcace7e-15e0-4d66-a1ca-4ff54a70061a,2025-07-17,VS,Martigny,1920,Achats - TMR SA,0,[]
87a31b97-0999-4601-bc57-4a2545b43dc3,19966,303478 - Baumeisterarbeiten Sofortmassnahmen Stägjitschuggen,tender,construction,open,tender,c8c8a63c-53f8-408d-b305-23a8ae007b09,2025-07-17,VS,Embd,3926,Beschaffungsstelle Matterhorn Gotthard Bahn,0,[]
b2755b31-2e0e-498b-a77d-cd5f455deeb9,20383, STEP intercommunale de Ste-Croix et Bullet,tender,construction,open,tender,b8fe69c9-16eb-4662-a659-6d6ecba41679,2025-07-17,VD,Sainte-Croix,1450,Groupement CSD Ingénieurs / AFRY,0,[]
03c3bcca-81f0-4e27-9de0-557871f5daec,6734,Tram Nations – Grand-Saconnex - TC Ferney -  Lot 11 – Détection Incendie et Fumée,tender,construction,open,abandonment,0ae22b5d-6ef7-4a5c-bf74-8d441731aacd,2025-07-17,GE,Le Grand-Saconnex,1218,OCGC - Service des Infrastructures Transports Publics,0,[]
fe090693-2d3e-4f88-9cfc-3dca2c456745,9412,"Création d'un accès à la zone industrielle ""Pussaz 2"" à Moudon",tender,construction,open,tender,10f08d07-dab2-4c83-8e88-ad9f052f6200,2025-07-17,VD,Moudon,1510,Commune de Moudon - NPPR Ingénieurs et géomètres SA,0,[]
a5caa200-ce2c-486b-884a-fe5e409bf23a,16937,"Commune de Cologny - Toiture Salle de Gymnastique -Travaux de couverture, ferblanterie et installation photovoltaïque",tender,construction,open,award,f63d404f-6d5f-445e-8d49-e2b3f2f4dd38,2025-07-16,GE,Cologny,1223,Commune de Cologny - FL Partenaires sàrl,0,[]
67380ccb-8d2e-4495-b169-8bd85d0a88d0,19622,"Surélévation, extension et rénovation d'un immeuble de logements avec activités au rez-de-chaussée dans les Pâquis à Genève",tender,construction,open,tender,a5cb3241-864d-48e3-bd59-7f6ccec3f8fc,2025-07-16,GE,Genève,1201,Hospice Général (GE) - Service Immobilier (Ganz Muller Arch.),0,[]
029036af-0d82-4c8b-b0e9-48c3e4441a97,20177,Réalisation du projet de la voie verte Genève-Versoix (séquence 1A de Pregny-Chambésy à Genthod),tender,construction,open,advance_notice,a91346df-45d6-4827-b82d-70c323127bb8,2025-07-16,GE,Pregny-Chambésy ,1292,Office de l'urbanisme (OU),0,[]
dcc75e53-9b0e-4b7a-9cbd-d69b31bb4079,20302,Assainissement et transformation du bâtiment Arnier 80 - LOT 3 CFC 215-222-224 - Façade ventilée Ferblanterie Couverture,tender,construction,open,tender,ffb1b7ff-e526-4946-b969-ff0737a95878,2025-07-16,VD,Belmont-sur-Lausanne,1092,Commune de Belmont-sur-Lausanne - Service des Infrastructures (Tecbat sàrl),0,[]
85c0f07e-a237-49ac-a5a2-8fd17033b572,20309,Rte du Jorat - Travaux de renouvellement et extension de réseaux et zone modérée,tender,construction,open,tender,226b75d0-c694-48a1-95fa-3b6a8ca88e94,2025-07-16,VD,Lausanne,10002,Service Industriel de Lausanne - Patrimoine Electricité,0,[]
3c6974bd-929f-415f-8037-60ab14f864ca,6818,Ecole Secondaire Noëlla Rouget à Meyrin,tender,construction,open,award,80170789-3901-4ad1-bed4-4f58caad150c,2025-07-16,GE,Meyrin,1217,"Etat de Genève, Département du territoire - DT, Office cantonal des bâtiments",0,[]
73d5a546-759f-4af7-b6ec-ca6f56ed0493,12250,Extension du cycle d'orientation du Foron - CFC 25,tender,construction,open,tender,cfa69da4-f9d7-4edc-96fd-a6924adb0c0b,2025-07-15,GE,"Tônex GE,",1226,OFFICE CANTONAL DES BATIMENTS,0,[]
01d2b674-2876-4a30-a0ae-8d91327985e9,13829,Travaux de chauffage à distance Béthusy Secrétan - lot GC,tender,construction,open,award,b51aade8-587b-41b9-9dd4-d403967fe84b,2025-07-15,VD,Lausanne,10002,Service Industriel de Lausanne - Patrimoine CAD,0,[]
2d4bfdc1-7cc9-4de8-9394-ca2f415efcb2,13833,Travaux de chauffage à distance Béthusy Secrétan - lot Tuyauterie et supports,tender,construction,open,award,0da8f4b6-9f61-4913-8a48-57a333521bbb,2025-07-15,VD,Lausanne,10002,Service Industriel de Lausanne - Patrimoine CAD,0,[]
bf491ab5-618f-41dc-9701-971928bd3924,15753,Travaux de chauffage à distance Montétan Saint Paul - lot GC,tender,construction,open,award,be7e7020-2f0b-411e-ac5a-99f32c6c21e8,2025-07-15,VD,Lausanne,10002,Service Industriel de Lausanne - Patrimoine CAD,0,[]
1cd0ffd6-c60c-4ecb-a3af-61ae32442377,19914,AO 2021-127 Dussaud partie 2,tender,construction,open,tender,dbd7f01c-3bf0-42a3-80ac-e5da3a3c094b,2025-07-15,GE,Rue François-Dussaud 3,1227,Services industriels de Genève (SIG) - Direction Achats,0,[]
883f419b-8258-4a9c-82e3-111b24a8be23,20238,AO 2024-037 Mère-Voie,tender,construction,open,tender,c30198b8-2d1a-432c-8265-5f0b6869b448,2025-07-15,GE,Chemin de Mère-Voie,1228,Services industriels de Genève (SIG) - Direction Achats,0,[]
d6f6c812-efeb-4435-b868-e8e2b4d88171,20257,OIKEN YPERIA - Lot 281.000 Chapes ciments,tender,construction,open,tender,90bb09ad-fbc5-496e-8ce0-3f4138b6e8fc,2025-07-15,VS,Sierre,3960,OIKEN SA (Pragma Partenaires SA),0,[]
db1077d7-2e77-417f-91a5-279d60a0b4be,20267,"L'Association La Branche - LU-KO-PE et ""La Vaudèze"" CFC 221 Fenêtres et Portes-Fenêtres",tender,construction,open,tender,15291012-cf9e-4465-a8dc-0e834feb7cd5,2025-07-15,,,,Association La Branche,1,"[""15291012-cf9e-4465-a8dc-0e834feb7cd5""]"
dd738775-c643-4a1d-820b-4dd24679239b,8360,"Mise en conformité des fenêtres de bâtiments à simple vitrage du patrimoine administratif VdG, lot n°4, -Etape 1 - Marché 3 - 2087 -Fenêtres en métal",tender,construction,open,award,834766f3-8cbb-4fb7-b9c1-c0f41a7fa6fe,2025-07-15,GE,Genève,1205,"Unité soumissions - Département de l'aménagement, des constructions et de la mobilité (DACM) de la Ville de Genève",0,[]
dffc8cbc-3723-4d66-886d-d85355a9fa54,10690,Campus Santé - Lot 332 Gare-corps toiture C4 et HESAV,tender,construction,open,award,c520d61e-e8b7-4134-927a-d4d431ded0bd,2025-07-14,VD,Chavannes-près-Renens,1022,Etat Vaud - DGIP p/a Pool de mandataires Banquet,0,[]
e50139b0-3232-467a-b148-801cb36a83ac,18006,Complexe multisports de Colovray - Lot 56 Faux plafonds,tender,construction,open,tender,7f49f660-ad3f-4599-afdc-9c90dbca6cc0,2025-07-14,VD,Nyon,1260,Pragma partenaires SA,0,[]
e3332eae-72a9-4e23-947e-4d1f47d1acac,20193,Commune de Vully-les-Lacs - site scolaire de Salavaux / salle de sport double VD5 et transformation du bâtiment existant - CFC 273.0 Menuiserie en bois,tender,construction,open,tender,6c381e09-ae05-4120-a79b-b202af55bac4,2025-07-14,VD,Salavaux,1585,Commune de Vully-les-Lacs,0,[]
8b31abef-b048-42eb-8be4-65b146e9383c,15486,"Travaux de terrassement, démolition, béton et maçonnerie ",tender,construction,open,award,d811ccb1-dfff-4ee1-9885-03500fee150c,2025-07-12,VD,Apples,1143,ASSOCIATION SCOLAIRE INTERCOMMUNALE D'APPLES.BIERE ET ENVIRONS (Tecbat sarl),0,[]
fa1f3356-8251-419b-bcef-d55d9b5aad52,15602,Extension du Collège du Léman à Apples /Lot 11 CFC 250 Sanitaire,tender,construction,invitation,award,a708c448-70b7-4dd3-ae57-bef34a9bea28,2025-07-12,VD,Apples,1143,"ASSOCIATION SCOLAIRE INTERCOMMUNATE D,APPLES.BIERE ET ENVIRONS (Tecbat sarl)",0,[]
4fb0a829-beeb-4d86-8fc6-111bc2232a17,15626,Extension du Collège du Léman à Apples / Lot 2 CFC 211.10 Echafaudages,tender,construction,invitation,award,5a74ef2f-52f2-42ad-95e1-44e63ac7af41,2025-07-12,VD,Apples,1143,ASSOCIATION SCOLAIRE INTERCOMMUNALE D'APPLES.BIERE ET ENVIRONS (Tecbat sarl),0,[]
7283440b-d1bf-4650-8623-5175d93a6887,15630,Extension du Collège du Léman à Apples / Lot 3 CFC 214 Charpente bois,tender,construction,invitation,award,a655089e-19c4-46a4-9c6a-77d115d4acb5,2025-07-12,VD,Apples,1143,ASSOCIATION SCOLAIRE INTERCOMMUNATE D'APPLES.BIERE ET ENVIRONS (Tecbat sarl),0,[]
9fbbebea-12bf-4090-9094-19f73cce67c4,15632,Extension du Collège du Léman à Apples / Lot 9 CFC 230 Installation électrique,tender,construction,invitation,award,c5753073-e902-4d06-b003-97a39e8b202d,2025-07-12,VD,Apples,1143,ASSOCIATION SCOLAIRE INTERCOMMUNATE D'APPLES.BIERE ET ENVIRONS (Tecbat sarl),0,[]
ef37e78b-0426-4f98-8baa-0b9142d2d863,15664,Extension du Collège du Léman à Apples / Lot 6 CFC 222 Façade en ferblanterie,tender,construction,open,award,54fb1781-d277-400d-ad9c-039560f72b57,2025-07-12,VD,Apples,1143,"ASSOCIATION SCOLAIRE INTERCOMMUNATE D,APPLES.BIERE ET ENVIRONS (Tecbat sarl)",0,[]
14edb5c8-093b-4b6e-bd11-7573a1a3157a,15691,Extension du Collège du Léman à Apples / Lot 10 CFC 240 Chauffage - ventilation,tender,construction,invitation,award,674d66b9-97b9-4c05-9b77-faa30f567e8b,2025-07-12,VD,Apples,1143,ASSOCIATION SCOLAIRE INTERCOMMUNATE D'APPLES.BIERE ET ENVIRONS (Tecbat sarl),0,[]
61a2f120-66a0-49e1-ad95-19220b87fff6,16037,HUB Martigny-Croix – Travaux de génie civil,tender,construction,open,award,2ee65bbe-85d8-40df-bc7d-d710b6aa890c,2025-07-12,VS,Martigny,1920,Commune de Martigny - Bureau Moret & Associés,0,[]
afba2c6b-ee9b-4815-b37c-d58f05bb7994,17473,Surélévation des 3 salles de gymnastique du CO des Colombières à Versoix - crépis et isolation façades,tender,construction,open,tender,17f09403-ca59-4355-8dc9-b87cd3ffa9af,2025-07-12,GE,Versoix,1290,Office cantonal des bâtiments (OCBA) - MARCH,0,[]
2312bbc7-2d09-414b-874d-5da185e4f2b2,20143,Remplacement conduite d'eau potable et gainage des eaux usées,tender,construction,open,tender,145317ba-41ff-4874-866f-1641a694b12d,2025-07-12,VD,Montpreveyres,1081,Commune de Montpreveyres ,0,[]
230a99c4-4308-4e6a-a68f-5fc1fe6f4d11,20157,Commune de Romanel-sur-Lausanne - Réfection des chemins AF,tender,construction,open,tender,ae0fa385-ce7d-4591-b608-05693596ffb6,2025-07-12,VD,Romanel-sur-Lausanne,1032,Romanel-sur-Lausanne - Bureau technique,0,[]
f7e97e3e-bb99-4d0a-9ac6-dd7f2967743a,9373,Site archéologique de Saint-Antoine - 2091TI - Aménagements de surfaces et plantations,tender,construction,open,award,4634fbb6-79eb-49ba-90bc-299914cdff99,2025-07-12,GE,Genève,1201,"Unité soumissions - Département de l'aménagement, des constructions et de la mobilité (DACM) de la Ville de Genève",0,[]
c06ff39b-a113-48cd-8d89-e418848b6f93,11128,Transformation d'une halle en bureaux administratif / CFC 273.1,tender,construction,open,award,e4b41369-ed2b-48cb-bbb4-9f2bd9df2261,2025-07-11,VS,Sion,1950 ,Etat du Valais / Département des finances et de l'énergie (DFE) / Service immobilier et patrimoine (SIP),0,[]
00d8f510-f7b0-4678-a77e-ff4472aa1604,11355,"Sanierung Hôtel Glacier du Rhône, Gletsch / BKP 273.0 Innentüren",tender,construction,open,award,dd26210c-282a-4d8b-9664-97a8fb99c751,2025-07-11,VS,Obergoms,3999,Service immobilier et patrimoine / Dienststelle für Immobilien u. Bauliches Erbe - Gérance et entretien d'immeuble / Immobilienverwaltung u. Unterhalt,0,[]
925b49fd-9bcd-4248-87f4-d50029e95d78,11613,"SZO Hôpital du Valais - SKP 811 Lampes d'opération et d'examen, TP6",tender,construction,open,award,39634828-5481-49b5-98c0-f02d155a70a4,2025-07-11,VS,Brig-Glis,3900,Hôpital du Valais - Spital Wallis ,0,[]
d1e53d52-b750-4756-98c7-52fc814b7100,13281,"Langsamverkehrsbrücke Geschina, Los 3.1 Stahlbauarbeiten",tender,construction,open,award,3a19c753-08c9-4838-bd7d-d58c99a55088,2025-07-11,VS,Brig-Glis,3900,Stadtgemeinde Brig-Glis (AFRY Schweiz AG),0,[]
0ced9338-6b34-48ce-86fb-a493a0de6a0c,13397,"Réfection de la chaussée sur la RC no 40 Sierre - Vissoie - Ayer - Zinal, à Mission, sur le territoire de la commune d'Anniviers",tender,construction,open,award,aa286050-7f50-4ba3-aa4b-5f35ae54f2cb,2025-07-11,VS,Mission,3961,"Département de la mobilité, du territoire et de l'environnement",0,[]
b0fbb775-d34b-40fa-b5f1-cbbaa08fd7a2,13770,"Glacis-de-Rive 5, Genève - Fourniture et pose des nouvelles menuiseries extérieures",tender,construction,open,award,3e9ba227-ce85-42a0-b372-892e899563bf,2025-07-11,GE,Genève,1207,Cougar Management,0,[]
b950d25e-c56f-4b5f-8a8a-4e0277622b25,1140,BHNS / RC26 – Route de Veyrier – Travaux paysagers,tender,construction,open,award,613b6451-ec9d-46f0-be6a-ae98841341cb,2025-07-10,GE,Veyrier,1234,DSM - Office cantonal du génie civil / SITP,0,[]
b720ba94-4006-49c4-9051-1becf26a52e4,20003,"Route des Morillons 15, 1218 Grand-Saconnex",tender,construction,open,tender,e1560dfc-8ec0-458a-9a00-dfc904c35548,2025-07-10,GE,Grand-Saconnex,1218,Services industriels de Genève (SIG) - Direction Achats,0,[]
741e4a31-fed8-433a-adba-1df818b0727e,755,Route de Chêne - Nouvelle diagonale,tender,construction,open,award,309a5f03-98d7-4659-9374-ba1e72db066e,2025-07-10,GE,Genève,1208,DSM - OCGC - Services des Infrastructures des Transports Publics,0,[]
7e1739e8-6ae0-4ca1-9ae1-3800644ec308,17895,"BUSSIGNY, EMS Gravernayse / AO-32, Agencement",tender,construction,open,tender,ba696afc-339c-4b75-9f98-9d620a9592c5,2025-07-09,VD,Bussigny,1030,Fandation des Baumettes,0,[]
42379335-eded-46fc-b713-29cf63376b60,19906,Bâtiment des travaux publics de Nendaz,tender,construction,open,tender,a662da3a-fa10-4be3-9e64-6d0701d15bbf,2025-07-09,VS,Basse-Nendaz / Route de Nendaz 555,1996,Commune de Nendaz,0,[]
816d50ac-1e0a-44e4-9b78-d09a76a40f85,19922,CSI LE BIX : Lot 411.100 Travaux de parking,tender,construction,open,tender,712bb261-8ca6-4b01-ab39-60b59b4ce3ed,2025-07-09,VD,Arzier-Le Muids,1273,Commune d'Arzier-Le Muids (p.a. Pragma Partenaires SA),0,[]
a96750e5-bd1b-46c3-a4d4-aa45756f325e,19742,Extension du cycle d'orientation du Foron - CFC 242 - CFC 244,tender,construction,open,tender,27c28c49-76b3-47a3-86b2-9bee975bf56e,2025-07-08,GE,"Thônex GE,",1226,OFFICE CANTONAL DES BATIMENTS,0,[]
e85d92a1-cfdf-4304-9db3-360f5f6a6b7a,19844,ASET - Travaux Génie Civil : Lot1 nord/ sud et Lot4,tender,construction,open,tender,51324790-ad0b-4b2f-9170-218a3c5d9d81,2025-07-08,VD,Echallens,1040,Association intercommunale STEP Echallens – Talent (ASET),0,[]
966ddeb6-465e-4a94-a1ac-5eb079aa57d4,19851,ASET - Travaux Génie Civil : Lot3,tender,construction,open,tender,477ec26d-c45c-435b-9629-2bcc7f8195c3,2025-07-08,VD,Echallens,1040,Association intercommunale STEP Echallens – Talent (ASET),0,[]
991d5c64-02aa-4450-97ea-ab955bb0856f,11316,Campus Santé - Lot 109 Equipement courant fort HESAV,tender,construction,open,award,83e70726-a752-47e3-ae18-4c1db62d82d7,2025-07-07,VD,Chavannes-près-Renens,1022,Etat Vaud - DGIP p/a Pool de mandataires Banquet,0,[]
381415c4-ac30-4be1-9626-21ef55071a9e,19658,Echandens – Création d’un terrain synthétique de football à Denges,tender,construction,open,tender,69f40bb1-6026-43ff-a9bd-80be1b1ad7a4,2025-07-05,VD,Denges,1026,Commune d'Echandens ( Infrasport Ingénieurs Conseils SA ),0,[]
cde30ff2-ebfd-44e4-abe9-68fdc0502571,7699,Avenue Wendt - 2053TI - Travaux de mise en séparatif et de CAD,tender,construction,open,award,e314f5dd-bfe7-49db-864b-ee6a6f229556,2025-07-05,GE,Genève 3,1211,"Unité soumissions - Département de l'aménagement, des constructions et de la mobilité (DACM) de la Ville de Genève",0,[]
3a8cd10c-12c1-4b70-a883-8f2d40e5b99d,15490,Kollegium Brig – Sanierung Internat / BKP 221.5 – Aussentüren in Holz (Mitteltrakt),tender,construction,open,award,44cd4cb3-f67a-432a-861f-04b82d031f2e,2025-07-04,VS,Brig-Glis,3900,Service immobilier et patrimoine / Dienststelle für Immobilien u. Bauliches Erbe - Gérance et entretien d'immeuble / Immobilienverwaltung u. Unterhalt,0,[]
b72a25f1-dbd0-4ff2-adbb-f5f24d41fc0e,18903,Centre sportif des Glareys / Bramois - Construction d'un terrain de football synthétique,tender,construction,open,tender,cd5b9b3a-eb54-44e7-8103-8c327ba158d7,2025-07-04,,,,"Ville de Sion, Hôtel de Ville",1,"[""cd5b9b3a-eb54-44e7-8103-8c327ba158d7""]"
e8584a20-eaed-42c4-9b13-d5f606e8896e,19439,Fondation Bartimée - CFC 222 / 224 / 229 Ferblanterie / Couverture / Plafond int.,tender,construction,open,tender,2b0f5733-8dee-4d16-888c-6f3062f18491,2025-07-04,VD,Grandson,1422,Fondation Bartimée (Thibaud Zingg SA),0,[]
7070fc00-b9dc-4a99-a44f-9f8dc457bdc7,19448,Fondation Bartimée - CFC 226 Crépissage et Enduit minéral,tender,construction,open,tender,562b1959-f186-49c8-9d0d-aa23016f2c00,2025-07-04,VD,Grandson,1422,Fondation Bartimée (Thibaud Zingg SA),0,[]
74a76ba5-eb67-4e99-9382-78ad62b67d0b,19644,Lot 105_Mandat d'ingénieur en installations sanitaires,tender,construction,open,tender,4e35afb0-e786-403a-8a2d-be11ab3a9bea,2025-07-04,VD,Eclépens,1312,Fondation EMS La Venoge - Construction nouvel EMS à Eclépens,0,[]
41d9d9d6-78ba-482d-9c82-e7b055a79bbe,19651,Lot 104_Mandat d'ingénieur en installations chauffage-ventilation et coordination spatiale CVCRSE,tender,construction,open,tender,ac925057-f399-49a8-a5ce-0e3daaab2068,2025-07-04,VD,Eclépens,1312,Fondation EMS La Venoge - Construction nouvel EMS à Eclépens,0,[]
7d068bf7-c6ab-4592-8c29-13844152c349,19653,Lot 103_Mandat d'ingénieur en installations électriques,tender,construction,open,tender,46c38ce5-a5a5-447e-a9fd-e48dff8b71f1,2025-07-04,VD,Eclépens,1312,Fondation EMS La Venoge - Construction nouvel EMS à Eclépens,0,[]
c5e9f186-afc8-49b0-96bf-8298919f2fb5,19682,Lot 102_Mandat d'ingénieur civil structure et construction bois,tender,construction,open,tender,9aec1c3d-025c-412c-a84d-c8301553119b,2025-07-04,VD,Eclépens,1312,Fondation EMS La Venoge - Construction nouvel EMS à Eclépens,0,[]
08fe3fe5-8d0b-432a-b134-49fb6474c867,19102,"Surélévation, extension et rénovation d'un immeuble de logements avec activités au rez-de-chaussée dans les Pâquis à Genève",tender,construction,open,tender,40c90bee-63a7-4db5-8248-66a7053ab130,2025-07-03,GE,Genève,1201,Hospice Général (GE) - Service Immobilier (Ganz Muller Arch.),0,[]
b10e28cd-ba36-47ee-80f8-03d795ddb27e,19422,EMS - Goumoëns-La-Ville - CFC 273.1 Armoires encastrées,tender,construction,open,tender,7fe0f246-6645-489e-b3e4-3f529444e73c,2025-07-03,VD,Goumoëns-La-Ville ,1376,Fondation Les Chateaux,0,[]
f8c1ad81-9151-4568-bbbc-9612704354c0,19604,"Aménagements extérieurs du secteur 3 - Hôpital de Lavaux, Cully",tender,construction,open,tender,1577f91c-1412-42e0-986c-514dc6d37ac3,2025-07-03,,,,L'Atelier du Paysage,1,"[""1577f91c-1412-42e0-986c-514dc6d37ac3""]"
7d92aa4c-46e4-41fe-877e-ce3175c58556,19629,"Surélévation, extension et rénovation d'un immeuble de logements avec activités au rez-de-chaussée dans les Pâquis à Genève",tender,construction,open,tender,05042391-9e49-4973-95bf-370007204025,2025-07-03,GE,Genève,1201,Hospice Général (GE) - Service Immobilier (Ganz Muller Arch.),0,[]
553075bb-2575-4e81-ac94-c464e6862876,19636,"Surélévation, extension et rénovation d'un immeuble de logements avec activités au rez-de-chaussée dans les Pâquis à Genève",tender,construction,open,tender,80210fc3-0c4d-46cc-8ccc-740ef2eefc4d,2025-07-03,GE,Genève,1201,Hospice Général (GE) - Service Immobilier (Ganz Muller Arch.),0,[]
9521c678-715a-4a5d-810e-b3a08782eeaf,19640,"Surélévation, extension et rénovation d'un immeuble de logements avec activités au rez-de-chaussée dans les Pâquis à Genève",tender,construction,open,tender,e86791f0-5a14-4c4f-80bc-2ee89da6ce5c,2025-07-03,GE,Genève,1201,Hospice Général (GE) - Service Immobilier (Ganz Muller Arch.),0,[]
04a7eb35-3e2e-4413-a052-6883a0518101,19642,"Surélévation, extension et rénovation d'un immeuble de logements avec activités au rez-de-chaussée dans les Pâquis à Genève",tender,construction,open,tender,cf693ebf-72c9-489e-a13a-f235a2551d44,2025-07-03,GE,Genève,1201,Hospice Général (GE) - Service Immobilier (Ganz Muller Arch.),0,[]
5cc73ae6-62ff-4783-bdb5-c5ef81210fe9,5361,"Vieux-Lully, Bernex - lots 27100 - 28500 Plâtrerie peinture (logements, commerces, centre culturel)",tender,construction,open,award,557763dd-0e01-4a32-8ccd-51ac48d5ecd0,2025-07-03,,,,Fondation de la Commune de Bernex pour le Logement ,2,"[""557763dd-0e01-4a32-8ccd-51ac48d5ecd0"", ""5fd479d9-fe05-4eba-937c-49752256999d""]"
c1655971-1401-4cda-93f2-16d5b415535b,7624,Grand Théâtre de Genève (2075TI) démontage machinerie scénique,tender,construction,open,award,d759dc4f-fcdb-4130-9780-e7eef3f24978,2025-07-03,GE,Genève,1204,"Unité soumissions - Département de l'aménagement, des constructions et de la mobilité (DACM) de la Ville de Genève",0,[]
cdde9a48-9a15-4b0e-8d38-b7fffc47dfa7,10095,Réalisation de la Voie Verte Rive Droite entre l'avenue Henri-Golay et le quartier de l'Étang - secteur 1,tender,construction,open,award,8f0cc6ef-b40b-41ba-8a60-06075538383d,2025-07-02,GE,Vernier,1214,République et Canton de Genève - Département du Territoire (DT) - Office de l'urbanisme - Direction des projets d'espaces publics (DPEP),0,[]
8d3bd2b1-ab54-45ca-b27e-38735f28e55c,13675,"Construction d'une nurserie, crèche et UAPE à Saillon, CFC 421",tender,construction,open,award,0ce27b60-ce94-4899-bc11-46402552250d,2025-07-02,VS,Saillon,1913,Commune de Saillon,0,[]
e458cd47-b29a-4cbf-bbfc-8870c6d47eee,18924,Projet:2013431 10514 DDM - UNI-Mail - Bd Carl-Vogt 102 -112 - habillage des piliers centraux cages d'ascenseurs-,tender,construction,open,abandonment,dcf83958-f159-4026-bc2e-3ee985d60516,2025-07-02,GE,Uni Mail Bd du Pont-d'Arve 40,1205,Office Cantonal des Bâtiments (OCBA) Alan Strappazzon Architecte,0,[]
1783a882-6e27-4387-9cfc-3cf6a0557824,19507,Réaménagement du Vieux-chemin-d'Onex,tender,construction,open,tender,885dd09a-a301-47b2-a00e-e36defab2986,2025-07-02,,,,Ville d'Onex (EDMS SA),2,"[""885dd09a-a301-47b2-a00e-e36defab2986"", ""885dd09a-a301-47b2-a00e-e36defab2986""]"
78489725-444b-45c0-9d2b-7edf9f428869,11549,REMPLACEMENT DES TABLEAUX NOIRS DE TROIS AUDITOIRES A SCIENCE II,tender,construction,open,award,842fa9a9-1737-4d52-b480-8cedd9239d4d,2025-07-01,GE,Genève,1205,Département du territoire DT - Office des bâtiments,0,[]
a80a1f35-21bd-434b-9d4a-dcdb0ef0bcc8,13254,Renouvellement de la Gare de Le Lieu LHand_Voie ferrée,tender,construction,open,award,5b403926-51db-4864-b234-0b6c0d6418ae,2025-07-01,VD,Le Lieu,1345,TRAVYS SA,0,[]
49840582-2f3e-479e-af84-7aa6ffa27691,15548,Programme de remplacement de 18 transformateurs - Installations câblage BT   ,tender,construction,open,abandonment,bfc3e3b4-5e87-489c-b4da-5a5c1423d41b,2025-07-01,GE,Le Grand-Saconnex,1218,Genève Aéroport,0,[]
e4158786-451d-4717-a580-8942f93a00c1,19381,"Réaménagement des rues Vers-chez-Jaccard, Le Rocher, Le Chalet du Rocher",tender,construction,open,tender,4dfe5c9c-65b9-4802-8c70-7ed9c9e6477e,2025-07-01,VD,Sainte-Croix,1450,Commune de Sainte - Croix,0,[]
73959607-1a6a-4d7a-b54a-ebe2250a8b57,5833,"CFF, Programme Léman 2030 – Renouvellement intégral de la ligne du Mandement (RIM) Lot A – Maintien de la substance Satigny – La Plaine, travaux de génie civil",tender,construction,open,award,dfb8232a-8cef-4ffb-bd70-bbf109c7694a,2025-07-01,GE,Satigny - La Plaine,1242,SBB CFF FFS Achats projets de construction Région Ouest,0,[]
e252be9a-9242-425b-9f49-a5b0b2ccb867,15320,Transformation d'une halle en bureaux administratifs / Bâtiment B sur site de Piscine à Sion / CFC 283.5 Faux-plafonds suspendus,tender,construction,open,award,3bf168d2-b51b-4d05-b501-6281c1acf035,2025-08-29,VS,Sion,1950,Service immobilier et patrimoine (SIP),0,[]
1c0e67fb-b988-47bc-bd93-ab9f6405a08e,16907,Sanierung und Umbau Automobilkontrolle Visp / BKP 211 Baumeisterarbeiten,tender,construction,open,award,1d4a3275-d73a-4f7c-a612-e0b1d0f89196,2025-08-29,VS,Visp,3930,Service immobilier et patrimoine / Dienststelle für Immobilien u. Bauliches Erbe - Gérance et entretien d'immeuble / Immobilienverwaltung u. Unterhalt,0,[]
75476711-d3df-4b3b-bc5b-c2700e282a25,21500,"Surélévation des 3 salles de gymnastique du CO des Colombières à Versoix, CFC 273 Menuiserie courante et CFC 283.4 plafonds en bois et dérivés du bois",tender,construction,open,tender,1fdd3ed9-5925-4bfd-a15e-a053f54e586f,2025-08-29,GE,Versoix,1290,Office cantonal des bâtiments (OCBA) - MARCH,0,[]
5ad6aebd-9ddc-4fd3-bebd-5c5933d7f88f,22189,Lot 50 - CFC 275 Système de verrouillage,tender,construction,open,tender,68d1f2e5-aab2-4e02-bb78-87eea9870a03,2025-08-29,,,,Direction de l'architecture et de l'ingénierie - Etat de Vaud,1,"[""68d1f2e5-aab2-4e02-bb78-87eea9870a03""]"
8fa686ec-ca7a-4eaa-84c5-7d08ec5791f8,22397,Commune de Chêne-Bougeries - Réaménagement de la place Jean-Jacques Rigaud,tender,construction,open,tender,f8ac11c6-500e-4f76-9a33-84d0a9a4e1f2,2025-08-29,GE,CHENE-BOUGERIES,1224,Commune de Chêne-Bougeries,0,[]
fb2700a2-b520-4ccb-864f-32a410c9c42c,22448,Lot 201.000 Terrassement et canalisations,tender,construction,open,tender,0635de1c-2d76-4a1b-972a-9edd65313f50,2025-08-29,VS,Chamoson,1955,Foyer Pierre Olivier (Pragma Partenaires SA),0,[]
b51d089d-73e3-47e1-9b0b-8fbb422f92a1,22464,CB1416_CFC 242-244 Installations chauffage-ventilation,tender,construction,open,tender,1556c1ef-1f8e-41f5-97ff-24be4066f6c7,2025-08-29,GE,Chêne-Bougeries,1224,Commune de Chêne-Bougeries (BCRarchitectes sàrl),0,[]
f8d99672-6484-445a-b5ed-ac191b5da15a,22471, AO 2021-127 Montée Surville,tender,construction,open,tender,c66571dd-8427-4bb8-8d0b-a8ca4494f579,2025-08-29,GE,Montée Surville,1213,Services industriels de Genève (SIG) - Direction Achats,0,[]
5aa567ab-0b4f-4b57-8787-feb754a0280d,22506,Installation de panneaux photovoltaïques sur le toit de l'usine de production de Lutry,tender,construction,open,tender,dabb7687-5ceb-4fc6-8c6f-81730162c33f,2025-08-29,VD,Lutry,1095,Ville de Lausanne – SE - Service de l’eau (EAU) - Ouvrages,0,[]
7f6e2366-9e81-4547-be44-2828a52076a5,21020,Patinoire de Trèfle-Blanc - Lot 20100 - Trv. Préparatoires / Trv. Spéciaux / Terrassements / Fouilles,tender,construction,open,tender,34bf8e04-b860-447f-9226-dd6f826c7657,2025-08-28,GE,Lancy,1212,"Département du territoire (DT), Office Cantonal des bâtiments (OCBA), Direction des Constructions",0,[]
58f6af6f-0d4c-4b9f-bb61-bda1aa58cdfc,13583,EPFL DOUBLE DECK - CFC 211.52 Structure béton armé,tender,construction,open,award,9b98e0f7-275b-4b0f-b968-d6af5d9ec3b2,2025-08-27,VD,Lausanne,1015,EPFL - Achats,0,[]
4a707f58-0160-4ce9-aa38-a5f0aa5a065b,15771,297_Groupe scolaire des Grands Esserts à Veyrier - Soumission lustrerie,tender,construction,open,award,24333012-306e-450b-bbbd-ab229d316ee7,2025-08-27,GE,veyrier,1255,Commune de Veyrier,0,[]
1aee6dcb-3733-4e4f-bf16-7e05397b17af,15788, 297_Groupe scolaire des Grands Esserts à Veyrier - Soumission cuisines professionnelles,tender,construction,open,award,8ac49a61-c6db-4ee1-8414-8dcd4ccf62b2,2025-08-27,GE,Veyrier,1255,Commune de Veyrier ,0,[]
4c4e102b-4352-43b6-bb14-e05bdf4ec8b9,22027,"Surélévation, extension et rénovation d'une immeuble de logements avec activités au rez-de-chaussée dans les Pâquis à Genève",tender,construction,open,tender,7e2418f1-f49f-442d-8f9b-7deb33f3aa49,2025-08-27,GE,Genève,1201,Hospice Général (GE) - Service Immobilier (Ganz Muller Arch.),0,[]
f1e78adf-6552-4602-857d-b657361f9756,19830,Rénovation Grande Salle Communale - Bavois,tender,construction,open,award,c2a55b3f-30f8-449c-970f-894e4a904e76,2025-08-26,VD,Bavois,1372,Commune de Bavois (Amara Architecture Sàrl),0,[]
7f13cf95-3f85-458d-9880-da43789f85d7,19831,Rénovation Grande Salle Communale - Bavois,tender,construction,open,award,c16e3ec4-3279-4a1d-9441-0c6068b143fe,2025-08-26,VD,Bavois,1372,Commune de Bavois (Amara Architecture Sàrl),0,[]
74f52d22-c11e-4ada-8574-d3ec50af4275,19849,ASET - Travaux Spéciaux : Travaux sans tranchée,tender,construction,open,tender,021111eb-d06f-41c5-919b-f61b2a9038de,2025-08-26,VD,Echallens,1040,Association intercommunale STEP Echallens – Talent (ASET),0,[]
686ff54a-51c1-419d-9ae5-ac5dead07be4,21852,Nouvelle entrée Sud du site chimique de Monthey - AO lot travaux préparatoires,tender,construction,open,tender,070a1ee2-ec6c-44c4-8eb3-e2982a5e4858,2025-08-26,,,,Commune de Monthey - Centrale d'achats,1,"[""070a1ee2-ec6c-44c4-8eb3-e2982a5e4858""]"
88dc281c-5908-4e89-acee-b7bfeb8009fe,22138,Aménagements routiers - Ecublens / Ligne TL 33,tender,construction,open,tender,a9c01459-c61b-4766-87eb-e9b6aafae65e,2025-08-26,VD,Ecublens,1024,ville d'Ecublens - service des travaux publics et de l'environnement (HOLINGER SA),0,[]
a1b42814-63c3-4c34-aba6-e259e3f51470,22251,Hôpital Lavaux Lot 272.200 Ouvrages métalliques courants,tender,construction,open,tender,065ba000-c3dd-4a01-ac9c-22d0974d068b,2025-08-26,VD,Cully,1096,Hôpital de Lavaux - Projet IMAGO,0,[]
1ec7216a-05ad-4852-a1cc-71b14ea8c971,22252,Hôpital Lavaux Lot 282.600 Protections murales,tender,construction,open,tender,feef1f0f-1d04-47c5-9da2-81ed89c7d258,2025-08-26,VD,Cully,1096,Hôpital de Lavaux - Projet IMAGO,0,[]
25f5fe36-a8af-4c05-b17e-f8ee4fc55300,22200,Fondation Eben-Hézer - EMS Chernex Village - CFC 215.2 Façades métal-verre,tender,construction,open,tender,db9669d7-7811-4bdc-8355-2008b99ea461,2025-08-25,VD,Chernex,1822,Fondation Eben-Hézer (Itten+Brechbühl SA),0,[]
6c55fd05-b4bd-4ad2-bb35-1a4ebd39b2f3,20260,"Affaire n°20-094, Cery Bâtiment de laboratoires, site de Cery nord à Prilly, CFC n° 211, travaux maçonnerie",tender,construction,open,tender,bd6a6d16-31f1-46f9-8b16-babbfe4d7025,2025-08-23,VD,Route de Cery,1008,CHUV-Construction Ingénierie Technique et Sécurité (CIT-S) - Diserens Maurel Architectes,0,[]
20692753-9a7c-425f-9881-3f06307bdf7e,22135,"Affaire n°20-094, Cery Bâtiment de laboratoires, site de Cery nord à Prilly, CFC n° 214, travaux construction bois",tender,construction,open,tender,35c54915-a9c7-41f0-9e9b-e9331bd8f609,2025-08-23,VD,Route de Cery,1008,CHUV-Construction Ingénierie Technique et Sécurité (CIT-S) - Diserens Maurel Architectes,0,[]
f170b614-397b-4d08-bc07-9d3207b80034,11363,Construction du Campus EDHEA et Ecole de couture du Valais à Sierre,tender,construction,open,award,1315ed03-0bf0-4d8c-bbb6-bb324c774b3f,2025-08-22,VS,Sierre,3960,Service immobilier et patrimoine - Investissements,0,[]
6695d2f5-1dcf-4f3b-8e42-6bb765459d02,12307,Construction du nouveau Lycée-Collège Ella Maillart (au Cours Roger Bonvin) à Sion,tender,construction,open,award,2dcf97cd-abc0-470c-8898-b8967aa87b33,2025-08-22,,,,Service immobilier et patrimoine / Dienststelle für Immobilien und Bauliches Erbe - Investissements / Investitionen,2,"[""87ceb01f-644d-4e1a-aac0-b90a3e75343f"", ""2dcf97cd-abc0-470c-8898-b8967aa87b33""]"
56e23537-c49d-423a-83cd-53ed0092ac59,13619,Construction du Campus EDHEA et Ecole de couture du Valais à Sierre - CFC 222 / 224.1 / 224.3,tender,construction,open,award,9d4a5992-3b95-4782-839e-2f21b70c68a5,2025-08-22,VS,Sierre,3960,Service immobilier et patrimoine - Investissements ,0,[]
0151484c-e3cd-44f9-b533-a6127998f9a6,15107,Transformation d'une halle en bureaux administratifs / Bâtiment B sur site de Piscine à Sion / CFC 421,tender,construction,open,award,d48fdad5-aba2-4ea3-a6de-022c21001190,2025-08-22,VS,Sion,1950,Service immobilier et patrimoine,0,[]
f9b205aa-eec9-4832-94e7-7aa346dd20fc,1785,Construction du Campus EDHEA et Ecole de couture du Valais à Sierre - CFC 221 et 228.3,tender,construction,open,award,9254e14c-87cf-4931-a868-c1f4070a883e,2025-08-22,,,,Service immobilier et patrimoine - Investissements,2,"[""9254e14c-87cf-4931-a868-c1f4070a883e"", ""0b00d0b0-0a03-41a3-86a6-397b9e18cfd8""]"
d55160f4-544b-4507-9551-7144851fbde6,21964,Remplacement du pont du Frézillon à Vallorbe,tender,construction,open,tender,0757f814-4817-49e5-a427-1cc67997a8c6,2025-08-22,VD,Vallorbe,1337,"Commune de Vallorbe, Bureau technique",0,[]
5c097a54-398b-4064-9828-c5601bd271bb,22108,Construction d'un foyer pour jeunes travailleurs,tender,construction,open,tender,4594d730-8d8c-40fd-86ab-8381f05c223c,2025-08-22,VS,Sion,1950,Association Saint-Raphaël,0,[]
18a25b18-3279-4d74-90c2-fc80c0eb9f60,21837,"Vallorbe, Route du Frézillon, Travaux de génie civil pour la réfection de la chaussée, la création d'un trottoir et la rénovation des infrastructures souterraines",tender,construction,open,tender,e8f91f15-234c-452d-8b22-82cb1f90a34c,2025-08-21,VD,Vallorbe,1337,Commune de Vallorbe (BR PLUS ING.),0,[]
bc7d01a0-2697-415b-bb00-1375c179c5ec,22001,"STEP - Marché 403-404 - Fenêtres, portes-fenêtres, stores",tender,construction,open,tender,7f3ddead-4871-41f1-b587-34c5c7e1800d,2025-08-21,VD,Lucens,1522,Association intercommunale pour l’épuration des eaux Moyenne Broye EMB,0,[]
9925de48-2b9a-49a1-ad6a-348b74fff091,9416,STEP APEC Gland / Lot GC-02 / Béton armé,tender,construction,open,award,7091febe-c4cf-407c-b265-040530dc048c,2025-08-21,VD,Gland,1196,INGPHI SA,0,[]
13b45535-9174-450c-8963-32497101f9f2,21873,"RC 601 B-P Contournement de Payerne, Boulex (RC 608 B-P) - Dompierre (Limite FR) - RC 518-C-P : Carrefour (RC 601-B-P) - Corcelles-près-Payerne (PEL)",tender,construction,open,tender,4dc64b59-3c5e-4c55-8f6c-9306bcdf8c17,2025-08-20,VD,Lausanne,1014,Direction générale de la mobilité et des routes - division Entretien ,0,[]
0e6aca09-40ec-4d0c-b700-1e87595ea1b6,11622,Funiculaire Leysin-Centre et Leysin-Feydey et liaison verticale accès Versmont de la gare Leysin-Village - Fournisseur funiculaire,tender,construction,open,award,a871a707-0150-4dcf-b5e3-76444d11bb25,2025-08-19,VD,Leysin,1854,Transports Publics du Chablais - Infrastructure,0,[]
035a057a-af78-4bdb-b18f-60baaea89ce4,16647,"Champ-Dollon / Rénovation des toitures bâtiment Administratif, ateliers et Cento Rapido",tender,construction,open,abandonment,0da2c7c0-cea1-44d9-8478-58d46455f3cb,2025-08-19,GE,Puplinge,1241,Office cantonal des bâtiments (OCBA) - Service Achats et Contractualisation,0,[]
09645829-5049-4bd3-bfa7-2e1fb5829766,17590,"Erweiterung Löschwasserreservoir A9 Bächji, Visperterminen",tender,construction,open,award,9c22c344-3088-4ccb-9064-4bddbaae9008,2025-08-19,VS,Visperterminen,3931,Gemeinde Visperterminen,0,[]
c240f80f-9f36-4d10-b540-e26c10483137,21205,Ecole Secondaire Noëlla Rouget à Meyrin - Lot 14 - Installations de ventilation et conditionnement d'air,tender,construction,open,tender,834a6244-58cf-4729-9d2c-c519fb164e18,2025-08-19,GE,Meyrin,1217,Département du territoire - DT - Office cantonal des bâtiments,0,[]
efbef2dd-1a1a-4926-a0a0-65a151c2d506,10145,MBC Denges - lot 47 - Aménagements extérieurs et Elargissement RC 79 ,tender,construction,open,award,3de745cd-f418-4bcb-ba4b-812765980b6b,2025-08-18,VD,Denges,1026,MBC - Transports de la région Morges Bière Cossonay SA - Ferrari Architectes,0,[]
ee1633ec-7961-4fe0-bed0-1dce155e0fa7,10755,Campus Santé - Lot 134 Vitrages intérieurs HESAV,tender,construction,open,award,b7e744fb-ef71-4c69-96bf-72891faaea22,2025-08-18,VD,Chavannes-près-Renens,1022,Etat Vaud - DGIP p/a Pool de mandataires Banquet,0,[]
a7e6a71e-0c59-4d34-923a-731a5ec5948a,12681,MBC Denges - lot 46 - Jardins - CFC 421,tender,construction,open,award,03a582b4-e954-4452-a25a-a235986bec90,2025-08-18,VD,Denges,1026,MBC - Transports de la région Morges Bière Cossonay SA - Ferrari Architectes,0,[]
971f6c3c-e7fc-4a69-ba4b-0e8971c7267f,15282,Commune de Collonge-Bellerive | Aménagement d'une Zone 30 km/h sur le Hameau de St-Maurice,tender,construction,open,award,0de6c85d-f2e4-4087-98ac-bc907ca289df,2025-08-18,GE,Collonge-Bellerive,1245,Commune de Collonge-Bellerive - Service des routes et de l'entretien des sites,0,[]
4259a568-ea56-4d94-8fed-be35ad375f53,3167,MBC Denges - LOT 38 - Revêtement de sol en résine,tender,construction,open,award,83122dbc-65ce-4f36-b573-7c63e0d829d5,2025-08-18,VD,Denges,1026,MBC - Transports de la région Morges Bière Cossonay SA - Ferrari Architectes,0,[]
62205319-8fd2-4993-a31f-6f17d3a5a455,8664,MBC Denges - lot 29 - Ouvrages métalliques courants - CFC 272.2,tender,construction,open,award,83dac179-aa69-40e9-a472-7b577dab3160,2025-08-18,VD,Denges,1026,MBC - Transports de la région Morges Bière Cossonay SA - Ferrari Architectes,0,[]
072506a6-d3e8-40a9-a446-84cf5cc3ef9e,12829,Réaménagement des cimetières municipaux de Vésenaz et Collonge,tender,construction,open,abandonment,e76ddb28-9cd4-4313-9808-22b820200762,2025-08-16,GE,Vésenaz,1222,Mairie de Collonge-Bellerive,0,[]
ca02980f-19aa-4888-848b-e702d7e3d01e,3465,CFC 216.0 Pierres naturelles,tender,construction,open,award,195f45d7-edf8-4060-862f-213c55692bca,2025-08-15,GE,Pregny-Chambésy,1292,Etat de Genève Office cantonal des bâtiments Département du territoire,0,[]
4ffa794f-d0f4-460b-b37a-dce40bd55923,3596,CFC 226.1/2 Crépis extérieurs / Crépis isolants,tender,construction,open,award,fcf6e76c-e0e8-4aca-b0ae-fbf46aedcc5f,2025-08-15,GE,Pregny-Chambésy,1292,Etat de Genève Office cantonal des bâtiments Département du territoire,0,[]
05138424-9f35-4128-b0c1-15874797801d,21407,Friedhof Stalden,tender,construction,open,tender,c5c8b665-c475-4678-a3d8-a589d3ac03fa,2025-08-14,VS,Stalden,3922,Gemeinde Stalden,0,[]
1c7d33fa-abcd-47a9-b438-f807bdd7fa45,21576,"Centre de compétences de la protection de la population (CCPP), Gollion, assainissement et sécurisation",tender,construction,open,tender,7662983b-91d2-4f9a-84b6-5e4304a782eb,2025-08-14,VD,Gollion,1124,Etat de Vaud - DEIEP-DGIP,0,[]
02c3e4e0-2569-4054-9d61-4fcebe6df352,21605,"Centre de compétences de la protection de la population (CCPP), Gollion, assainissement et sécurisation",tender,construction,open,tender,8c48b126-c2c8-4268-b021-af5950afec85,2025-08-14,VD,Gollion,1124,Etat de Vaud - DEIEP-DGIP,0,[]
cc14156c-8668-41ed-9899-6e76b9d26bb5,21680,Hôpital Lavaux Lot 281.120 Sol sans joint (résine),tender,construction,open,tender,acc124bf-09ab-4a65-b1a4-42dd758672ca,2025-08-14,VD,Cully,1096,Hôpital de Lavaux - Projet IMAGO,0,[]
c97150c9-b92e-4281-9d4f-0170caf5c67d,16137,Rénovation Beau-Site - CFC 230 Installations électriques,tender,construction,open,award,63e61f80-02b4-44eb-a6c8-bb88006e7b50,2025-08-13,VD,Aigle,1860,Transports Publics du Chablais SA,0,[]
71991f62-de16-4968-8d8c-fa8a2ec1ced8,16442,Renouvellement mur de soutènement - OA 4548 – Bouquetins ,tender,construction,open,award,ca8ae547-c2e8-4001-b140-11d59886395e,2025-08-13,VD,Ollon,1867,Transports Publics du Chablais - Infrastructure,0,[]
59d5c099-26a5-4c21-a101-9aea33b4f475,6385,Rénovation du terrain de football - Stade E. Parlier - Chailly Montreux,tender,construction,open,abandonment,6c1797ba-9cec-4c8a-986f-3224f6eb3fa6,2025-08-13,VD,Montreux,1820,"Commune de Montreux - Service des domaines et bâtiments, sport (IDSPORT)",0,[]
58302acf-5967-46d6-b497-d6e45b05f2eb,12737,Station de pompage des eaux usées de St-Jean - Renouvellement des dégrilleurs grossiers ,tender,construction,open,award,89eaaf89-f36e-4e79-9aea-00b704033cd7,2025-08-12,GE,Sentier du Promeneur Solitaire 12,1203,Services industriels de Genève (SIG) - Direction Achats,0,[]
e75c377c-ad82-4401-898c-315a491d7954,13943,STEP d'Orbe - Installation de ventilation CFC244,tender,construction,open,award,cc9ac80b-8f15-42f0-97ba-a56327d3eb58,2025-08-12,VD,Orbe,1350,Commune d'Orbe ( Chuard Ingénieurs Vaud),0,[]
cbf2db88-9395-4a3f-8888-949f48da9d77,14640,STEP AIRE2+: Lot AR 03-01 Étanchéités toitures plates bâtiment Micropolluants,tender,construction,open,award,12c375ea-8b69-47ac-a79d-b06f2e59f018,2025-08-12,GE,Aire,1219,Services industriels de Genève (SIG) - Direction Achats,0,[]
d8b91702-6d4d-46d2-b672-033929eeb2bf,14965,Rénovation du Poste HT-MT de la Foretaille - Lot 3 : Charpente métallique PHASE 1,tender,construction,open,award,8be6e5aa-ad05-4295-9d38-f8f0cdc73d41,2025-08-12,GE,Bellevue,1293,Services industriels de Genève (SIG) - Direction Achats,0,[]
20c4e055-4937-49f5-b35f-49123eaffcc8,16071,Nouveau faisceau de voies d'accès au site chimique et au terminal combiné de Monthey - Phase 9,tender,construction,open,award,a1e4e68f-c880-4edf-9a72-159af02d3556,2025-08-12,VS,Monthey,1870,Achats - TMR SA,0,[]
4be41110-ce9c-4eeb-8f8b-1a55d3496d69,16377,"Neue 65 kV Leitung Fiesch - Fieschertal, Abschnitt 1",tender,construction,open,award,f5fe82d0-48a7-4c46-b03e-7b441e236eb2,2025-08-12,VS,Fiesch,3984,Gommerkraftwerke AG (SRP Ingenieur AG),0,[]
780781ef-8b52-4b5d-823b-c82fee08ff2f,16633,Rénovation des toitures (étanchéité + isolation) de l’École de physique de Genève,tender,construction,open,award,42f38d6e-4c41-4c9a-be63-4674642af159,2025-08-12,GE,Genève,1205,Office cantonal des bâtiments (OCBA) (Collectif architecture Sàrl),0,[]
881959ae-7642-48cd-8397-6e90673a71cf,17390,Création de trois terrains de padel couverts situés chemin de la Berne 5 - 1217 Meyrin,tender,construction,open,award,7a413e08-6f8d-44a6-85bb-f9bf3a39ef56,2025-08-12,GE,Meyrin,1217,Ville de Meyrin - Collectif architecture Sàrl,0,[]
a9a2b569-6f35-4eff-b1fa-c7102d55a6c4,17394,Création de trois terrains de padel couverts situés chemin de la Berne 5 - 1217 Meyrin,tender,construction,open,award,b25933b2-362b-48cd-a457-36a1c0407424,2025-08-12,GE,Meyrin,1217,Ville de Meyrin - Collectif architecture Sàrl,0,[]
d72f5478-f4ea-4557-9fe5-67f3ac0eed90,21436,Agrandissement et rénovation de l'école du Belvédère_CFC 273_Portes intérieures,tender,construction,open,tender,7e07b055-b526-4d39-881f-1aee3a9459fd,2025-08-12,GE,Chêne-Bougeries,1224,Commune de Chêne-Bougeries - Giorgis Rodriguez Architectes SA,0,[]
d75d9761-7e64-4ee5-b835-ebe3a6df0e75,13987,Campus Santé - Lot 108 Etanchéité et isolation spéciales (coupe feu),tender,construction,open,award,a938f8a7-d915-426d-8f2b-efa4a386666d,2025-08-11,VD,Chavannes-près-Renens,1022,Etat Vaud - DGIP p/a Pool de mandataires Banquet,0,[]
a56752fe-7a39-450a-b31b-c74319fc8b81,20560,Réfection des Ouvrages AF Communaux,tender,construction,open,tender,86c9afd5-6ab5-4fe0-972f-48865ec3782f,2025-08-11,,,,Service des Infrastructures,7,"[""86c9afd5-6ab5-4fe0-972f-48865ec3782f"", ""86c9afd5-6ab5-4fe0-972f-48865ec3782f"", ""86c9afd5-6ab5-4fe0-972f-48865ec3782f"", ""86c9afd5-6ab5-4fe0-972f-48865ec3782f"", ""86c9afd5-6ab5-4fe0-972f-48865ec3782f"", ""86c9afd5-6ab5-4fe0-972f-48865ec3782f"", ""86c9afd5-6ab5-4fe0-972f-48865ec3782f""]"
2af3aacb-a18a-4346-9208-f0b6074f7910,14622,"Vieux-Lully, Bernex - logements, commerces, centre culturel - lot 27220 Ouvrages métalliques courants",tender,construction,open,award,de2fbb20-9512-41de-aab3-3b3ef625ccb1,2025-08-09,GE,Bernex,1233,Fondation de la Commune de Bernex pour le Logement,0,[]
1877fbf6-d418-4a66-9e70-35abce1c6664,10658,Campus Santé - Lot 131 Ouvrage métallique C4,tender,construction,open,award,95d008b1-3523-4ac0-8855-8f69c9bd8e63,2025-08-08,VD,Chavannes-près-Renens,1022,Etat Vaud - DGIP p/a Pool de mandataires Banquet,0,[]
2230ffb0-a627-41e1-963c-0daa019f0bc4,10672,Campus Santé - Lot 230 Portes en métal C4,tender,construction,open,award,ed17aceb-1d32-4e88-9656-47376c365047,2025-08-08,VD,Chavannes-près-Renens,1022,Etat Vaud - DGIP p/a Pool de mandataires Banquet,0,[]
9ffac979-e474-4d55-9f6c-159685470225,10686,Campus Santé - Lot 331 Escalier métallique C4,tender,construction,open,award,9cc2aed3-00be-422a-86d5-5a52aaa1c9de,2025-08-08,VD,Chavannes-près-Renens,1022,Etat Vaud - DGIP p/a Pool de mandataires Banquet,0,[]
dd26b084-1c2b-41c5-b841-fd8ac0e6ddd7,15340,"SS Chippis - Travaux de génie civil, renforcement parasismique",tender,construction,open,award,ac3800df-fb18-40e0-83ec-0dc292b3150d,2025-08-08,VS,Sierre,3965,Swissgrid AG - Engineering & Construction,0,[]
02969fd8-6e46-42eb-ac95-28a46e3c0bf7,21405,Collège principal de Pully - Lot 23 Chapes,tender,construction,open,tender,eb54ad15-8d95-4e71-973f-9aefc727c60b,2025-08-08,VD,Pully,1009,Ville de Pully - Direction de l'urbanisme et de l'environnement  - Itten+Brechbühl SA   ,0,[]
e2eb9dac-f37d-42b9-a2b7-66a5887ad71c,16144,Rénovation Beau-Site - CFC 250 Installations sanitaires,tender,construction,open,award,41bdaa4a-f72b-4267-b7b4-c08c74b4f533,2025-08-07,VD,Aigle,1860,Transports Publics du Chablais - Infrastructure ,0,[]
b1f078ea-7f0a-4efb-95b5-809387668a82,18303,Collège du Grand-Pré à Prilly - Assainissement-transformation-mise en conformité - LOT 11 - CFC 224.5,tender,construction,open,abandonment,69937b99-8106-43e3-b704-e59cd67facac,2025-08-07,VD,Prilly,1008,ASIGOS,0,[]
6e7acb11-4aef-472a-8e81-56e95013be2e,14770,Collège du Grand-Pré à Prilly - Assainissement-transformation-mise en conformité - LOT 38 - CFC 283.3,tender,construction,open,award,1ed7a72f-ce2c-497a-b64f-d4e421a7db79,2025-08-06,VD,Prilly,1008,ASIGOS,0,[]
595bff58-a20f-4784-a144-f7811fae0bda,15274,Centre sportif de Verbier - CFC 215 Façades métalliques vitrées,tender,construction,open,award,27135a4a-54ff-4ca3-95c8-7285807c0cde,2025-08-06,VS,Verbier,1936,Quartal Sàrl,0,[]
bd85d0a6-48e7-43e2-809d-ce91927f00a5,15277,Centre sportif de Verbier - CFC 216 Façades ventilées en pierre naturelle,tender,construction,open,award,62daca5f-077a-43c5-96b9-630ebf1db4d4,2025-08-06,VS,Verbier,1936,Quartal Sàrl,0,[]
402b4fcf-9b63-41f6-a4f3-5166f834abf4,15280,Centre sportif de Verbier - CFC 228 Stores en toile,tender,construction,open,award,cc1d8cad-7e1e-4f3b-a8be-1f5d4c94b0d6,2025-08-06,VS,Verbier,1936,Quartal Sàrl,0,[]
8450d8c5-628b-4d9b-863e-61a1fa295943,16801,"Autobahn A9, Teilstrecke Siders Ost – Leuk/Susten Ost, Versetzen Gasleitung, Baulos L10162",tender,construction,open,award,54846588-15d0-4b34-b076-727aa1f8906c,2025-08-06,VS,Sierre,3960,Swissgas AG,0,[]
d425bee9-65b2-4116-b465-b5c02c5652e8,21274,AO 2021-131 Anémones,tender,construction,open,tender,41d3f428-4d2d-499a-8614-895e27bbbb71,2025-08-06,GE,Rue des Anémones,1212,Services industriels de Genève (SIG) - Direction Achats,0,[]
c45bdaee-385e-48c1-9a9f-4ca56040144c,21295,AO 2024-135 Rte de Corsinge,tender,construction,open,tender,7e4ab4c1-75b6-49fa-a3ab-f0a6948e5bf1,2025-08-06,GE,Meinier,1252,Services industriels de Genève (SIG) - Direction Achats,0,[]
1d577629-72d6-4bca-9906-e95245c9c0e2,21297,Dépôt de la Voirie de Lancy - Transformation et mises aux normes FEU,tender,construction,open,tender,a19bff45-1c96-48f0-ba5c-e6d0d597cb72,2025-08-06,GE,Lancy,1212,Ville de Lancy (Pascal Hüni Architectes sàrl),0,[]
57f6dfc6-b156-40df-9c78-f4cee79bd738,17500,Rénovation Beau-Site - CFC 227 Traitement des surfaces extérieures,tender,construction,open,abandonment,5549d411-8ef9-40da-a1d1-08941ff0d3b2,2025-08-05,VD,Aigle,1860,Transports Publics du Chablais - Infrastructure,0,[]
31760204-d989-40b7-bbe0-1a3184f8a77b,20605,Déconstruction et démolition de halles industrielles et de villas,tender,construction,open,tender,284668a4-ad75-4258-a1b8-3e3255981136,2025-08-05,GE,Meyrin,1217,Fondation pour les Terrains Industriels de Genève (Groupe H SA),0,[]
2baa463e-63ec-4d09-9563-55984bd92334,21194,"Patinoire de Trèfle-Blanc, CFC 180.1 - Travaux d'assainissement ",tender,construction,open,tender,47a04d73-950f-4772-a5e7-a307d23c0c3d,2025-08-05,GE,Grand-Lancy,1212,"Département du territoire (DT), Office Cantonal des bâtiments (OCBA), Direction des Constructions",0,[]
8605913d-9c09-435f-a49f-7e9b70c91b81,11319,Campus Santé - Lot 113 Equipement courant fort HESAV - rail d'énergie,tender,construction,open,award,02e3e635-f129-4182-bf72-d55b47be6596,2025-08-04,VD,Chavannes-près-Renens,1022,Etat Vaud - DGIP p/a Pool de mandataires Banquet,0,[]
4b0b1e1b-e27e-46d7-83b2-a5824ac06c6b,21179,"Commune d'Oppens - Réfection de la route, réseaux enterrés et trottoirs",tender,construction,open,tender,07323092-11ff-4290-afa5-ba81bd6d3ab1,2025-08-04,VD,Oppens,1047,Commune d'Oppens (Gemetris SA),0,[]
96e986ed-95f6-4a4d-b61b-2659314b5efd,16143,Rénovation Beau-Site - CFC 281.7 Revêtement de sol en bois,tender,construction,open,award,b93730ee-8cc9-4cf0-8de4-1f872947bb29,2025-08-01,VD,Aigle,1860,Transports Publics du Chablais - Infrastructure,0,[]
77b49c7b-dbca-4de1-ab22-9dda7d9809aa,21174,"Vidy, Rhodanie - branchement électrique - travaux de génie civil",tender,construction,open,tender,96f210fb-d2ae-4634-a446-02142a6ddd16,2025-08-01,VD,Lausanne,1007,Ville de Lausanne - SIL - Service Patrimoine (PAT),0,[]
a0b4ba18-da64-4b76-a53b-b90afbe0a27c,21191,"L'Association La Branche - LU-KO-PE et ""La Vaudèze"" CFC 273 Menuiserie bois : Portes et armoires",tender,construction,open,tender,797fede2-ded9-488b-bdd3-725a55e79ea7,2025-08-01,,,,Association La Branche,1,"[""797fede2-ded9-488b-bdd3-725a55e79ea7""]"
46988c9a-0828-48ce-bc44-b3ed1c884e45,21687,"Bussigny, Collecteurs EC/EU - Chemin du Cèdre",tender,construction,open,tender,7e5151e3-edce-456a-b0a0-047ba59123c2,2025-09-30,VD,Bussigny,1030,Ville de Bussigny - Service des Infrastructures,0,[]
3dca069f-3c8c-4e9a-ae7e-faac3aea3fe3,23005,Centre sportif des Isles - Réfection de la toiture,tender,construction,open,tender,807a58ba-ffd9-42b4-a209-316944c81e91,2025-09-30,,,,Ville d'Yverdon-les-Bains,2,"[""807a58ba-ffd9-42b4-a209-316944c81e91"", ""807a58ba-ffd9-42b4-a209-316944c81e91""]"
59342ddb-0a8a-4a27-bab3-893914a903af,24356,CHUV_Affaire n° 24-060_Nouvelle centrale de ventilation_CFC n° 245_Installations de conditionnement d’air – zone verte,tender,construction,open,tender,07b131bc-0155-4df5-b533-032cefb2e4bc,2025-09-30,VD,Lausanne,1005,"CHUV - Direction des constructions, ingénierie, technique et sécurité (CIT-S)",0,[]
ce9dd106-7137-41e7-ab96-bc5d513d081c,8467,CFC23 - Installations Électriques,tender,construction,open,award,41fd9ac1-15d0-42b7-bcbd-2717ef4cc5f1,2025-09-30,GE,Le Grand-Saconnex,1218,Office cantonal des bâtiments (OCBA) - BKTK,0,[]
dcd908a6-795f-4dee-96c6-937381000841,13990,Campus Santé - Lot 235 Menuiserie courante C4,tender,construction,open,award,3904804b-2878-4995-9fc6-4ca27aa0313f,2025-09-29,VD,Chavannes-près-Renens,1022,Etat Vaud - DGIP p/a Pool de mandataires Banquet,0,[]
2cc41a93-f536-4ff2-981e-4b6186b06671,23891,Quai Vernets – Sanitaire,tender,construction,open,tender,b9027205-ecf5-46a1-a15b-376a404acb80,2025-09-29,,,,"Services industriels de Genève (SIG) - Direction Droit, Achats & Risques",5,"[""b9027205-ecf5-46a1-a15b-376a404acb80"", ""b9027205-ecf5-46a1-a15b-376a404acb80"", ""b9027205-ecf5-46a1-a15b-376a404acb80"", ""b9027205-ecf5-46a1-a15b-376a404acb80"", ""b9027205-ecf5-46a1-a15b-376a404acb80""]"
cf3af2c4-c6f6-4abe-927e-c0c4e067963a,24219,Quai Vernets - Equipement Thermique,tender,construction,open,tender,79320781-77fc-4e78-b3e4-8ed9194fc208,2025-09-29,,,,"Services industriels de Genève (SIG) - Direction Droit, Achats & Risques",5,"[""79320781-77fc-4e78-b3e4-8ed9194fc208"", ""79320781-77fc-4e78-b3e4-8ed9194fc208"", ""79320781-77fc-4e78-b3e4-8ed9194fc208"", ""79320781-77fc-4e78-b3e4-8ed9194fc208"", ""79320781-77fc-4e78-b3e4-8ed9194fc208""]"
5d72edf6-c4de-4b7a-b41f-306f2e5a11c5,18691,Stade Olympique Lausanne - Réfection de la piste d'athlétisme,tender,construction,open,award,f9b5bd37-a127-4444-88e4-139431a9ec91,2025-09-26,VD,Lausanne,1000,Ville de Lausanne – SCS - Service des sports (SPORTS),0,[]
9e5701db-f360-4048-8af2-3a9f4aa42c82,22979,"SATOM SA - Bâtiment LAVACID - CFC 271 - Isolation, gypserie et peinture",tender,construction,open,tender,42701dc1-6d90-45dd-94ef-96685fc60b9d,2025-09-26,VS,Monthey,1870,SATOM SA (aalberti bureau d'architecture SA),0,[]
bd688ea6-b6ff-4412-9897-dde81f32f3c2,18243,Aménagement halle Catogne III - LOT 5 : Installation Sanitaire,tender,construction,open,award,a5151760-e0fd-48e8-b89f-df39aa1fdb05,2025-09-25,VS,Martigny,1920,Achats - TMR SA,0,[]
d3c21b39-2a26-4547-8fb9-e20180727235,23548,Ville de la Tour-de-Peilz : Chemin du Vallon et chemin du Cèdre - Aménagements et assainissement des SI,tender,construction,open,tender,2642d310-e304-4724-860f-eaec73ee0501,2025-09-25,VD,La Tour-de-Peilz,1814,Ville de La Tour-de-Peilz - Service de l'urbanisme et des travaux publics,0,[]
ee3d043f-94d2-405f-80a2-04479a6780f5,23978,Construction dʼun Skateplaza,tender,construction,open,tender,af6a63ff-a155-477e-be9a-2fc5388f2577,2025-09-25,VS,Sion,1950," Ville de Sion / Sports, Jeunesse et Loisirs ",0,[]
1b6e2945-d620-4a4c-964e-4abb407f94be,24059,Hôpital Lavaux Lot N° 233.120 Lustrerie décorative ,tender,construction,open,tender,07d954d0-3ae4-453a-90a7-fbddad63551c,2025-09-25,VD,Cully,1096,Hôpital de Lavaux - Projet IMAGO,0,[]
b9c8b68b-ae3c-44d5-bcb5-d507e67e05bb,10904,Travaux de portes intérieures bois pour le bâtiment du groupe scolaire Le Rolliet à Plan-les-Ouates,tender,construction,open,award,9ed7140c-b4d2-496b-b592-d40561cf8605,2025-09-24,GE,Plan-les-Ouates,1228,BWTK (p/a Tekhne SA),0,[]
d87399a4-4ecc-477b-bfcd-6e2854adf7d4,10921,Groupe scolaire Le Rolliet CFC 273 - Menuiseries intérieures bois,tender,construction,open,award,858aa3b9-af04-42e2-bae9-395a97c6a9c8,2025-09-24,GE,Plan-les-Ouates,1228,BWTK (p/a Tekhne SA),0,[]
b49259df-e43b-4e79-97b9-fe7ff975bf9e,15867,Groupe scolaire Le Rolliet - 281 Revêtement de sol,tender,construction,open,award,3f9d45d7-3fb6-4808-8604-b061f27038f8,2025-09-24,GE,Plan-les-Ouates,1228,BWTK (p/a Tekhne SA),0,[]
ad802b53-789a-40b6-8607-13be91a55243,1777,Groupe scolaire Le Rolliet - Panneaux photovoltaïques,tender,construction,open,award,d6d2849c-14c8-42c3-81ec-bb25e248f69a,2025-09-24,GE,Plan-les-Ouates,1228,BWTK (p/a)Tekhne,0,[]
b77266b5-6b3c-41ce-9030-3bb82dc9223d,1782,Groupe scolaire Le Rolliet - Chapes et chapes poncées,tender,construction,open,award,f1000db0-03b8-489f-9f7d-27a565b92adc,2025-09-24,GE,Plan-les-Ouates,1228,BWTK (p/a)Tekhne,0,[]
45c3265a-6a49-40d1-892c-ef3c093b1f2f,18068,Réfection réservoirs de la Berne - Lot GC,tender,construction,open,award,5feb0f81-4202-4006-a2aa-037417cad0b7,2025-09-24,GE,Meyrin,1214,Services industriels de Genève (SIG) - Direction Achats,0,[]
d70324ec-cd18-41f2-b26b-92f8b8039ada,19251,Chemin du Port-de-Bellerive - Remplacement des collecteurs EU et EP avec mise en conformité des raccordements privés,tender,construction,open,award,1701a948-6e28-4311-9044-672bbf19bfc0,2025-09-24,GE,Collonge-Bellerive,1245,Commune de Collonge-Bellerive,0,[]
df6d4723-bafa-4347-aa76-4bb0bac4dab6,23218,"Chemin de la Grosse-Pierre, Morges - Remplacement/renforcement des infrastructures, entretien routier et réalisation de conduites de chauffage à distance",tender,construction,open,tender,57d7015b-c878-4952-ae3c-ee7bfa7cbe1b,2025-09-24,VD,Morges,1110,Commune de Morges - Direction des infrastructures et environnement urbain,0,[]
0ce64b4d-3c24-46c6-a0cd-39dd22ccc46f,4155,Groupe scolaire Le Rolliet - CFC 273.0 - Menuiseries intérieures salle de sport,tender,construction,open,award,13a479f6-6ca0-44fe-aa2a-aee3d48567ce,2025-09-24,GE,Plan-les-Ouates,1228,BWTK (p/a)Tekhne,0,[]
5a04a273-42d5-4258-b7c6-fb076ca13c32,4157,Groupe scolaire Le Rolliet - Plâtrerie - Peinture,tender,construction,open,award,977f6562-5e16-45db-a823-2f39d73584e4,2025-09-24,GE,Plan-les-Ouates,1228,BWTK (p/a)Tekhne,0,[]
9272dc63-0198-43dc-91ed-8077e28295d2,6788,EMS Castel Notre-Dame Martigny - CFC 224.1 Etanchéité-ferblanterie,tender,construction,open,award,62619a2b-1d74-4aeb-b15e-4ce64f0ea0fd,2025-09-24,VS,Martigny,1920,Quartal Sàrl,0,[]
4e0d741d-239f-4153-9102-4c94203ab307,8288,Groupe scolaire Le Rolliet CFC 241 - Aménagements Extérieurs,tender,construction,open,award,ba72825f-e991-4f46-9d32-ddec65962913,2025-09-24,GE,Plan-les-Ouates,1228,BWTK (p/a Tekhne SA),0,[]
a46a9f48-4ca6-449a-99dd-04c2494e2d92,14645,STEP AIRE 2+ : Lot AR02 Façades métalliques,tender,construction,open,abandonment,65f1da3b-4ec6-4f68-8855-db10846fba43,2025-09-23,GE,Aire,1219,Services industriels de Genève (SIG) - Direction Achats,0,[]
1d8fbe59-0185-4052-a902-4a9147085990,23819,Lot 261.000_Ascenseurs,tender,construction,open,tender,afd989bf-e7bc-48b1-a184-32d18d7e2854,2025-09-23,VS,Chamoson,1955,Foyer Pierre Olivier (Pragma Partenaires SA),0,[]
60e83650-7c05-44e8-a81a-288da76d877e,18004,Complexe multisports de Colovray - Lot 44 Cloisons sanitaires,tender,construction,open,abandonment,060688f8-02ea-4690-8798-0ccc4dcc2719,2025-09-22,VD,Nyon,1260,Pragma partenaires SA,0,[]
3d2a9f31-602a-4274-8d49-0f7eb0e99768,9642,Acquisition de nouvelles bornes d'information voyageurs pour les Transports publics Vevey-Montreux-Chillon-Villeneuve,tender,construction,open,award,49197ce6-e33d-41c0-a739-da098776b6b6,2025-09-22,VD,Clarens,1815,VMCV SA,0,[]
291ad886-3d74-412b-8047-96994e021568,16841,Revitalisation du canal du Bey à Avenches (génie civil),tender,construction,open,award,a580dd5d-a27e-4c90-a87d-658f51a749c4,2025-09-20,VD,Avenches,1580,Commune d'Avenches,0,[]
4ff70a2d-564f-4d75-b558-4c8156c50800,16851,Revitalisation du canal du Bey à Avenches (génie biologique),tender,construction,open,award,af8746c5-1ab2-4f64-93b5-654e3b7fe4c0,2025-09-20,VD,Avenches,1580,Commune d'Avenches,0,[]
c9b4040a-51b5-4f5a-8110-bd27e896cc16,23829,Lot 281.000 - Chapes,tender,construction,open,tender,ff80cb57-f6cd-4e90-87d5-85f6ce52f6b6,2025-09-20,VS,Chamoson,1955,Foyer Pierre Olivier (Pragma Partenaires SA),0,[]
f8f8e48b-d9c4-46b6-9b7a-83081e12192d,23847,"Lot 281.200 - Revêtements de sols en matières synthétiques, textiles",tender,construction,open,tender,c7b388f0-2ad3-453a-89c9-96614c4a32f0,2025-09-20,VS,Chamoson,1955,Foyer Pierre Olivier (Pragma Partenaires SA),0,[]
87f20e44-deb9-4751-a239-89638c1f7d8a,23857,Lot 251.000_Installations sanitaires,tender,construction,open,tender,7a99c31c-59a8-41e8-9421-5cebbf78dfa3,2025-09-20,VS,Chamoson,1955,Foyer Pierre Olivier (Pragma Partenaires SA),0,[]
0f39a4ec-4429-4697-8412-cecfb3c9c23d,23873,Lot 230.000_Installations électriques,tender,construction,open,tender,749118d2-cd93-471a-a407-f2957b7000b3,2025-09-20,VS,Chamoson,1955,Foyer Pierre Olivier (Pragma Partenaires SA),0,[]
479eb015-8f96-43b6-b6c4-07073e083c3c,23878,Lot 242.000_Installation de chauffage,tender,construction,open,tender,392b54fb-7813-498c-90c6-36a2443a6d07,2025-09-20,VS,Chamoson,1955,Foyer Pierre Olivier (Pragma Partenaires SA),0,[]
14698456-5358-41a4-ae76-6048f6a28a0c,23882,Lot 358.000_Cuisine professionnelle,tender,construction,open,tender,8531cd35-8344-44ed-8cca-82053b51fe6a,2025-09-20,VS,Chamoson,1955,Foyer Pierre Olivier (Pragma Partenaires SA),0,[]
fd24ec2d-33fa-493d-a39c-5aa4ca42f4e8,11559,"Tannay, mise en conformité LHand",tender,construction,open,abandonment,9b592f4e-c994-432b-a64d-a776ba51b625,2025-09-19,VD,Tannay,1295,SBB CFF FFS Achats projets de construction Région Ouest,0,[]
0dfc3761-0ef8-411e-9362-2d33e334651d,15336,Construction du nouveau Lycée-Collège Ella Maillart (au Cours Roger Bonvin) à Sion - CFC 287 Nettoyage du bâtiment,tender,construction,open,award,935ae548-f934-4836-afbf-3bb6461c4aa7,2025-09-19,VS,Sion,1950,Service immobilier et patrimoine (SIP) / section investissement,0,[]
9cbfda3e-090e-44de-ba87-e779d97944d9,16119,"Appel d'offre de prestations Entreprise Totale - Conception & Réalisation - Construction d'une maison de quartier ""Provisoire"" - Commune de Plan-les-Ouates et ville de Lancy ",tender,construction,open,award,5e494a93-9f3e-44e9-bd05-9c0a0350dbc0,2025-09-19,GE,Plan-les-Ouates,1228,Commune de Plan-Les-Ouates - Service construction et aménagement (Transphere),0,[]
863bfacd-f66a-4a84-a326-38dba981d68f,22817,Réfection de deux terrains de football synthétiques.,tender,construction,open,tender,0919edf2-580e-47ab-a56d-7b8254655045,2025-09-19,VD,Gland,1196,Ville de Gland - Service des Infrastructures et de l'Environnement,0,[]
0352cacf-b044-41a0-9e35-228878a462f8,23667,Bâtiment des travaux publics de Nendaz,tender,construction,open,tender,c0570453-8763-436d-a549-ded39c064377,2025-09-19,VS,Basse-Nendaz / Route de Nendaz 555,1996,Commune de Nendaz,0,[]
fb5ed2e5-efa6-4a75-a641-3e9ec1f3d08c,5193,Complexe multisports de Colovray - Lot 66 Rideaux de séparation,tender,construction,open,abandonment,1d1f92b7-ec81-405d-b8a1-49a38838e9ba,2025-09-19,VD,Nyon,1260,Pragma partenaires SA,0,[]
6e2c5cfa-fb0b-4644-b336-5f83700d6b33,16653,MP-LEB 2025.01.215 Travaux Abris voyageurs et marquise de rampe ,tender,construction,open,award,793cc066-f06c-48eb-b136-604889c537a0,2025-09-18,VD,Echallens,1040,Transports publics de la région lausannoise sa,0,[]
89da77dd-c3bb-470f-982d-4702c2f68254,18923,"Extension du réseau de chauffage à distance, mise en séparatif du réseau d'assainissement communal et remplacement d'une conduite communale - Grand'Rue, Rue du Temple, Place de la Concorde et Rue de la Gare jusqu'à Rue de la Boverie.",tender,construction,open,award,acd5130a-a08e-4b72-9ea9-d9c08a5f6533,2025-09-18,VD,Payerne,1530,"Commune de Payerne / Infrastructures, Travaux publics et Domaines",0,[]
6a4cead1-ffb8-4a35-ac85-d0c76471b6bc,22978,"SATOM SA - Bâtiment LAVACID - CFC 221 Fenêtres, portes extérieures",tender,construction,open,tender,9b99d670-deb0-49a6-8bf1-0b61208b7a42,2025-09-18,VS,Monthey,1870,SATOM SA (aalberti bureau d'architecture SA),0,[]
0efc3eb4-cdfb-4a21-80fc-c26513aed33d,18770,Neubau 65/16-kV-Leitung Ackersand - Kalpetran_Montagearbeiten,tender,construction,open,award,8245f3b1-0bc7-4f37-af65-88aa6005c5c5,2025-09-16,VS,Ackersand-Kalpetran,3922,FMV SA,0,[]
0310ba01-96ee-4c8b-b0c2-9094ff5f1bb5,23513,Réaménagement de la Place du Marché de Vevey - mobilier urbain,tender,construction,open,tender,19a4aabe-b52a-4b4a-b95d-314e39520504,2025-09-16,VD,Vevey,1800,"Ville de Vevey - Travaux publics, espaces verts et entretien (Verzone Woods Architectes Sàrl)",0,[]
469cf0d1-6176-479e-97e7-32a4bc843232,13165,La Cheneau - Château d'Oex,tender,construction,open,award,aa927b12-64ef-4fa8-9bbf-f04e02b63edd,2025-09-12,VD,Château d'Oex,1660,Commune de Vevey (Brönnimann & Gottreux Architectes SA),0,[]
ddcedd27-a9bd-48af-b0b7-f68b13131f72,16111,"Nettoyage de chantier, Nouvelle construction",tender,construction,open,award,ddad43de-f27b-4420-a694-b8b429adee4a,2025-09-12,VS,Brig-Glis,3900,Hôpital du Valais - Spital Wallis ,0,[]
9bb618f7-f848-4cbe-9ba2-dc7975dff9ab,22468,Bardonnex. Projet de construction de la nouvelle école primaire de Compesières,tender,construction,open,abandonment,5b7a7438-2caa-4411-8d60-2b3acf0734ce,2025-09-12,GE,Compesières,1257,Commune de Bardonnex (Ferrari Architectes),0,[]
d7ce7984-99c1-45bd-8ce4-a93aa5986516,22520,Bardonnex. Projet de construction de la nouvelle école primaire de Compesières,tender,construction,open,abandonment,a1f52e07-6fae-4d06-9892-d63212237254,2025-09-12,GE,Compesières,1257,Commune de Bardonnex (Ferrari Architectes),0,[]
baad6915-26bb-457d-9a43-da73f3a8b1dd,22526,Bardonnex. Projet de construction de la nouvelle école primaire de Compesières,tender,construction,open,abandonment,4abf59ae-43dd-4b91-93d1-bccc24fd2143,2025-09-12,GE,Compesières,1257,Commune de Bardonnex (Ferrari Architectes),0,[]
a8240b1f-edfa-440f-9768-a8c92fc37146,22528,Bardonnex. Projet de construction de la nouvelle école primaire deCompesières,tender,construction,open,abandonment,9be7a5c8-93ad-4fd5-aaf7-a991207dd331,2025-09-12,GE,Compesières,1257,Commune de Bardonnex (Ferrari Architectes),0,[]
16f71508-a881-45ff-9e23-477ce3de00ab,22950,Bardonnex. Projet de construction de la nouvelle école primaire de Compesières,tender,construction,open,abandonment,23bb0748-d3c7-4632-b606-f7b09277d79d,2025-09-12,GE,Compesières,1257,Commune de Bardonnex (Ferrari Architectes),0,[]
9518246a-718d-4080-89c2-3353e9874f6a,23021,Commune de Valbroye _Pôle Enfance_Lot 20,tender,construction,open,tender,9f768a16-75c4-446f-b710-057c82463182,2025-09-12,VD,Granges-près-Marnand,1523,Commune de Valbroye,0,[]
40d2c8e8-47e1-45ad-be32-558ff7495e63,23316,Rénovation et assainissement énergétique de l'École Supérieure de la Santé à Lausanne,tender,construction,open,tender,3c353e34-5902-40a3-b0b8-bb9c0d7ab993,2025-09-12,VD,Lausanne,1014,État de Vaud - DEIEP - DGIP - DAB,0,[]
1925756a-b4aa-417f-b297-62eca9936748,23367,Bardonnex. Projet de construction de la nouvelle école primaire de Compesières,tender,construction,open,tender,a83888f4-f138-4feb-bef2-ebabdaeb7f42,2025-09-12,GE,Compesières,1257,Commune de Bardonnex - Ferrari Architectes,0,[]
ed70162c-0e48-4507-911d-ac0b9b4dba74,23370,Bardonnex. Projet de construction de la nouvelle école primaire de Compesières,tender,construction,open,tender,c5b730b1-c56b-42f4-8027-d6067da5f531,2025-09-12,GE,Compesières,1257,Commune de Bardonnex - Ferrari Architectes,0,[]
a9bcf16e-2033-4517-89c2-3b535824b76d,23371,Bardonnex. Projet de construction de la nouvelle école primaire de Compesières,tender,construction,open,tender,6a8a3960-134c-49eb-9bb6-621baf590ace,2025-09-12,GE,Compesières,1257,Commune de Bardonnex - Ferrari Architectes,0,[]
508dd46a-9ecf-428c-8c1f-58113d2a4ab1,23373,Bardonnex. Projet de construction de la nouvelle école primaire de Compesières,tender,construction,open,tender,19393937-2658-4af6-b377-face49515130,2025-09-12,GE,Compesières,1257,Commune de Bardonnex - Ferrari Architectes,0,[]
51b0a8ae-fde4-4333-99dd-d73df9a7bed0,23376,Bardonnex. Projet de construction de la nouvelle école primaire de Compesières,tender,construction,open,tender,7c5f4581-a919-4254-b6bb-3877a0b3a87b,2025-09-12,GE,Compesières,1257,Commune de Bardonnex - Ferrari Architectes,0,[]
5d7c152c-3813-4c0e-a9cf-e031c684d277,22090,CSI LE BIX : Lot 271.000 Plâtrerie & peinture,tender,construction,open,tender,b72c4d12-bc24-454a-ae8d-fbf1345543ae,2025-09-11,VD,Arzier-Le Muids,1273,Commune d'Arzier-Le Muids (p.a. Pragma Partenaires SA),0,[]
31de6bce-0889-4b6b-b35f-ea6a6aa9032d,22647,"Ecole Secondaire Noëlla Rouget à Meyrin, construction d'un groupe scolaire et de salles omnisport - Lot 19 - Fenêtres en bois-métal",tender,construction,open,tender,5a40a668-be47-4294-946e-e7b2dad3a625,2025-09-11,GE,Meyrin,1217,"Etat de Genève, Département du territoire - DT, Office cantonal des bâtiments",0,[]
955a4186-d660-4033-b088-fbe72ddf053a,22707,AO 2022-164 Clochettes-Pléiades,tender,construction,open,tender,79afa388-f8e5-494c-a86c-5f285f0f4823,2025-09-10,GE,Champel,1206,Services industriels de Genève (SIG) - Direction Achats,0,[]
bf40bd14-a145-48d4-8ac9-b7e92b7a5d40,23018,"Rénovation du Poste HT-MT de la Foretaille Lot 9 : Etanchéité, Couverture et Ferblanterie PHASE 1",tender,construction,open,tender,ce258553-ca58-4d0a-884a-6e226c19e6a6,2025-09-10,GE,Bellevue,1293,Services industriels de Genève (SIG) - Direction Achats,0,[]
870198e4-6d2f-48ce-85ed-669b84948487,15467,Réaménagement du chemin des Grebattes et mise en séparatif des chemins du Grand-Champ et des Grebattes,tender,construction,open,award,5a679c82-9f13-4c23-b39e-f2037087486c,2025-09-09,GE,Le Lignon,1219,Ville de Vernier - Service de l'aménagement,0,[]
3e107d47-c2fb-4d1c-b47e-06dbec91f9de,15835,Projet d'extension de l'Unithèque. Appel d'offres lot 110 Carrelage,tender,construction,open,tender,3fd1a7a8-b3de-4fa7-a16a-6479752b2fbe,2025-09-09,VD,Ecublens,1024,COPIL des constructions universitaires p/a DEIEP - Direction générale des Immeubles et du Patrimoine (DGIP),0,[]
629d9a05-33b5-455d-ac2d-f00c6084e10e,15967,Projet d'extension de l'Unithèque. Appel d'offres lot 120 Portes coulissantes vitrées en bois,tender,construction,open,tender,d717dcd8-61e8-41d1-9dc9-888d97c9d5ad,2025-09-09,VD,Ecublens,1024,COPIL des constructions universitaires p/a DEIEP - Direction générale des Immeubles et du Patrimoine (DGIP),0,[]
b95a2db1-f171-4436-81db-c182b64a26a4,17459,ARA Briglina Realisierung BKP 211.13 Baumeister Auslaufleitung (Microtunneling),tender,construction,open,award,9b22a277-f600-472f-b619-28d5ecb1d45f,2025-09-09,VS,Gamsen,3900,Gemeindezweckverband ARA Briglina,0,[]
a9e5cc97-da37-453f-98ea-eedeb02faf1b,18916,00778 - HEIG-VD Yverdon-les-Bains - RENOVATIONS DES TOITURES - LOT 1 - CFC 211.1,tender,construction,open,award,c6547710-98c5-4d9d-8ab4-18726d3e1fe0,2025-09-09,VD,Yverdon-les-Bains,1400,Dolci Architectes SA,0,[]
d37dd238-7df1-4778-98f3-135e758073f1,21946,DAO_O_6556-2024-053_Routes Champvigny-Bourdigny ,tender,construction,open,tender,931a3411-546f-48b0-a550-472c9836d83a,2025-09-09,GE,Satigny,1242,Services industriels de Genève (SIG) - Direction Achats,0,[]
3176b381-b5d9-4850-8527-94cb1fbe2f24,23003,"00568 - CeRN & RC CGM, Rennaz",tender,construction,open,tender,b7d0edd2-576c-44d6-931a-602e2aa1eae6,2025-09-09,VD,Rennaz ,1847,DGIP-DAB-Domaine 7 : Administrations et sécurité,0,[]
ed3fe56a-c3fb-4549-b3be-dca9d5e18d35,23010,Copie Projet d'extension de l'Unithèque. Appel d'offres lot 121 Portes coulissantes vitrées en acier,tender,construction,open,tender,61600f80-42fa-4df1-95bd-3776675916ab,2025-09-09,VD,Ecublens,1024,COPIL des constructions universitaires p/a DEIEP - Direction générale des Immeubles et du Patrimoine (DGIP),0,[]
42b63554-26e8-45cd-a5f8-3eb06f425b8b,23051,Hôpital Lavaux Lot 225.400 Obturations coupe-feu ,tender,construction,open,tender,a6d9614f-6603-46d0-a6e0-ad57cdc26795,2025-09-09,VD,Cully,1096,Hôpital de Lavaux - Projet IMAGO,0,[]
2985169c-7a01-4d49-8cbd-fd5813b88827,22092,CSI LE BIX : Lot 283.400 Faux-plafonds bois,tender,construction,open,tender,2ba0d878-c5e8-4be0-baa2-864cddcaccb8,2025-09-08,VD,Arzier-Le Muids,1273,Commune d'Arzier-Le Muids (p.a. Pragma Partenaires SA),0,[]
ad54bd83-0bd8-4391-b982-39a04d4c64a9,22970,CB1416_CFC 230 Installations électriques,tender,construction,open,tender,0c7811f7-f5b4-421f-8f1e-d3464e04506e,2025-09-08,GE,Chêne-Bougeries,1224,Commune de Chêne-Bougeries (BCRarchitectes sàrl),0,[]
ea02c5c9-f9d8-41be-aa90-0de744ed40a1,22930,Centrale GeniLac CVC _GLU RHONE 59-61,tender,construction,open,tender,f0b7b9e2-dcbe-48cd-87db-49088e06ed4a,2025-09-06,GE,Rue du Rhône 59-61,1204,Services industriels de Genève (SIG) - Direction Achats,0,[]
38b4bdb5-4edf-4f23-a1f8-09d1899fc48a,8178,"Maison de Commune Châble - CFC 221 Fenêtres et Portes Bois, Bois-métal",tender,construction,open,award,5a1ae984-d5fc-4fa3-886c-d74678d36c98,2025-09-06,VS,Le Châble,1934,Philippe Bruchez Architecture SA,0,[]
9a9202a9-3f3b-426a-9226-6ca35d86fcd3,11472,MVR-N Renouvellement des Installations de Sécurité de la ligne des Rochers-de-Naye,tender,construction,open,award,b69d0723-8123-453a-b217-c2500ab32c9c,2025-09-05,VD,Montreux,1820,Transports Montreux-Vevey-Riviera SA - Infrastructure Projets,0,[]
e9a16e41-3a0e-4ec5-8d9e-dcfcdd0f9ee9,11963,00778 - HEIG-VD Yverdon-les-Bains - RENOVATIONS DES TOITURES - LOT 2 - CFC 211.0 - 288,tender,construction,open,award,5cf48f22-b64f-43f9-9ac2-ba9e28be9f15,2025-09-05,VD,Yverdon-les-Bains,1400,Dolci Architectes SA,0,[]
7055c977-c6db-4b31-a556-1b0209469c5e,14374,Usine d'eau potable de Bret - Travaux d'entretien 2025-2028 - Travaux de génie civil - Travaux de l'entreprise N° 3,tender,construction,open,award,2bd301e1-394b-458d-9d5c-f9874a8c0347,2025-09-05,VD,Puidoux,1090,Ville de Lausanne – SE - Service de l’eau (EAU) - Ouvrages,0,[]
c28fb345-b40e-4d59-8b3a-7d4d5d31f03a,15300,Rte de Satigny – RC91 – Montfleury/Nant d’Avril,tender,construction,open,award,a30470a6-7ff5-4e9e-9017-9d1dbc286f4c,2025-09-05,GE,Route de Satigny,1214,REPUBLIQUE ET CANTON DE GENEVE -  Département de la santé et des mobilités - Office cantonal du génie civil  - Service des routes,0,[]
535bc9fb-69d5-4113-b76e-81f1bf4629b1,16146,Rénovation Beau-Site - CFC 240 Installations de chauffage,tender,construction,open,award,34e26c11-25d1-48da-97d5-b1602a85df77,2025-09-05,VD,Aigle,1860,Transports publics du Chablais SA,0,[]
4b4bd7d5-1163-4edb-9060-8cdd9cc60aa5,20204,Ecole Secondaire Noëlla Rouget à Meyrin - Lot 13B - Installations électriques ,tender,construction,open,tender,91f9ed0e-9bf8-4728-a8a6-984b650f7cd5,2025-09-05,GE,Meyrin,1217,Département du territoire - DT - Office cantonal des bâtiments,0,[]
c07fe3e2-3fb3-4d72-96ea-61ab8026d65c,21973,VILLE DE CAROUGE AVENUE CARDINAL-MERMILLOD  - Tronçon giratoire Filature / Place de l’Octroi - AMENAGEMENTS DE L’ESPACE PUBLIC - MISE EN CONFORMITE DES RESEAUX D’ASSAINISSEMENT - TRAVAUX MULTIFLUIDE POUR LES SIG,tender,construction,open,tender,5e46d3f5-cb5d-4742-939e-1345dd364320,2025-09-05,,,,Ville de Carouge - Service de l'Urbanisme - iDTech-ingenieur,1,"[""5e46d3f5-cb5d-4742-939e-1345dd364320""]"
e5f38a22-1b24-47c8-9e4f-abd393c74b7a,22850,24-060 Installations de ventilation BH08,tender,construction,open,tender,4fa6c326-4aec-4985-b236-03f2ec350105,2025-09-05,VD,Lausanne,1011,CHUV - Constructions ingénierie technique et sécurité (CIT-S),0,[]
4649056c-59a1-4d18-a12c-b5ee030e9214,22884,Travaux de génie civil pour la correction du torrent de l'Epène,tender,construction,open,tender,13fabeab-3ee1-40b7-bd5b-337497648828,2025-09-05,VS,Montagnon,1912,Gaetan dubuis,0,[]
dc7e4677-1c9e-4814-b948-4b9562dede78,2915,Police Internationale - Ascenseurs,tender,construction,open,award,a8ba129c-e792-4b06-9154-62d8e9a3e14f,2025-09-05,GE,Le Grand-Saconnex,1218,Département du Territoire (DT) - Office cantonal des bâtiments (OCBA),0,[]
83f0f45c-9755-410f-b73a-141235cb3b3f,18238,Correction de la chaussée à l'aval du passage du torrent d'Ortchu sur la RC no 68 Pont-de-la-Morge - Erde - Derborence,tender,construction,invitation,award,4723fc56-6b8e-40e5-9d90-e1f2bf8fdb6a,2025-09-04,VS,Aven,1976,"Département de la mobilité, du territoire et de l'environnement",0,[]
154663db-eaef-4762-984b-ddec702ed9d9,18724,"Assainissement des quatre demi-ponts de Fortuna équipant le tronçon de la route de Sierre reliant le village de St-Jean à celui de Grimentz, sur la RC no 41 Vissoie - Grimentz - Barrage de Moiry",tender,construction,open,award,424b89e6-c3a6-4ff4-81c6-89982e3842c6,2025-09-04,VS,St-Jean,3961,"Département de la mobilité, du territoire et de l'environnement",0,[]
5f78d2f8-2b0e-48bd-968b-e7ee5dfc8772,18808,Projet d’aménagement du torrent du Métin contre les crues et laves torrentielles,tender,construction,open,award,a86bf381-6472-406f-b3dd-825004aec602,2025-09-04,VS,Fully,1926,Commune de Fully - Service Technique (BTI SA),0,[]
1fe6692f-cfd6-4770-88ba-cd70a18fc243,20899,Rénovation Grande Salle Communale - Bavois ,tender,construction,open,award,0088b79b-d734-4830-abd8-6b756300688b,2025-09-04,VD,Bavois,1372,Commune de Bavois (Amara Architecture Sàrl),0,[]
fb74c8f4-e4fe-4325-9be5-2c2f0ef5acc2,22660,Chardonne - Chemins des Sorbiers - Elargissement de la chaussée ,tender,construction,open,tender,bde6d451-8c3f-47f4-9576-be51ba98ef06,2025-09-04,VD,Chardonne,1803,MCR & Associés Ingénieurs Civils SA,0,[]
2d4a95e0-7eb3-4337-8800-66b2f65295b5,22768,"Piscine de Marignac - Raccordement au CAD, récupération de chaleur par PC et isolation des conduites",tender,construction,open,tender,4f85b90d-1192-48b0-b82d-a614ec2c6453,2025-09-04,,,,Ville de Lancy - Service des Travaux et de l'énergie (Swisselectricity),2,"[""4f85b90d-1192-48b0-b82d-a614ec2c6453"", ""4f85b90d-1192-48b0-b82d-a614ec2c6453""]"
0c255606-6f9c-4d96-909b-b3c28858a132,4283,Police Internationale - Installations sanitaires,tender,construction,open,award,6e74d0f9-2ac5-4030-9ea7-2a09007a2c6f,2025-09-04,GE,Le Grand-Saconnex,1218,Office cantonal des bâtiments (OCBA) - BKTK,0,[]
25aa8e1b-5e98-47a5-87f9-31a3fe81cc55,4691,"Police Internationale - Maçonnerie, béton armé et construction métallique",tender,construction,open,award,0d194c07-ca54-45af-80ea-4b81653f0add,2025-09-04,GE,Le Grand-Saconnex,1218,Office cantonal des bâtiments (OCBA) - BKTK,0,[]
eae78c52-e22e-484f-bbac-69a6c2fb9999,8490,CFC 215 - Façades,tender,construction,open,award,4cca15d8-8319-45bb-a8f5-a60d0924ddf1,2025-09-04,GE,Le Grand-Saconnex,1218,Office cantonal des bâtiments (OCBA) - BKTK,0,[]
a647e7fb-de57-4a96-9285-b78683638e64,18640,GSA_Travaux d'isolation et crépis de façade,tender,construction,open,award,b9b34ce1-0200-4e3e-9c20-e8474526f454,2025-09-03,GE,Anières,1247,Commune d'Anières,0,[]
b5d80f6d-d3af-45ef-af15-345602885d8f,19283,Chantemerle-sdplus,tender,construction,open,tender,0656a31d-a3a2-4012-9efc-3ea1bdd33a2e,2025-09-03,GE,THONEX,1226,Ville de Thônex,0,[]
18d2ba31-4bc6-427f-9f9b-c00d3bd03a62,21014,Patinoire de Trèfle-Blanc - Lot 16200 - Adaptation voies Ferrées,tender,construction,open,tender,cec1bbca-2e09-41d3-92ae-99c42ff1e70a,2025-09-03,GE,Lancy,1212,"Département du territoire (DT), Office Cantonal des bâtiments (OCBA), Direction des Constructions",0,[]
03006a76-e91c-485c-aa72-60ad3530bf1a,22680,"CB1416_CFC 271 Plâtrerie, peinture, faux-plafonds et crépis int.",tender,construction,open,tender,30fdeb52-6a55-4bf0-ae9d-d376c4ee89b1,2025-09-03,GE,Chêne-Bougeries,1224,Commune de Chêne-Bougeries (BCRarchitectes sàrl),0,[]
d93d6d7b-3484-4001-bcd3-08cd1ce40839,12037,Rénovation de l'hôpital Le Samaritain en clinique gériatrique et de réadaptation (CGR) et restructuration du parc_Groupe A2,tender,construction,open,award,f36ca82f-5cd0-490d-b63c-b98881092d34,2025-09-02,,,,La Fondation de soutien à l'Hôpital Rivièra Chablais (FSHRC) ,3,"[""f36ca82f-5cd0-490d-b63c-b98881092d34"", ""5e1db266-adfd-4bf9-ac1d-e235956e78e9"", ""15e1a062-fbab-4381-9a7a-ea38ed824a57""]"
a610f187-698a-42e4-a8a8-b2b044a5157f,14146,Rénovation de l'hôpital Le Samaritain en clinique gériatrique et de réadaptation (CGR) et restructuration du parc_Groupe A3 - Lot 232000 Travaux d’installations d’électricité,tender,construction,open,award,213e708a-3bd2-4666-abc2-324b6ded5399,2025-09-02,,,,Hôpital Rivièra Chablais (HRC),1,"[""213e708a-3bd2-4666-abc2-324b6ded5399""]"
1f78f4a2-9a56-4dfd-bbad-63a63b5da864,14151,Rénovation de l'hôpital Le Samaritain en clinique gériatrique et de réadaptation (CGR) et restructuration du parc_Groupe A3 - Lot 244000 Travaux d’installations de ventilation,tender,construction,open,award,c1c4c7ec-567c-4158-9fd6-38e6ce3e4ece,2025-09-02,,,,Hôpital Rivièra Chablais (HRC),1,"[""c1c4c7ec-567c-4158-9fd6-38e6ce3e4ece""]"
b527a5a5-b61a-4bf2-924e-be112f142720,14155,Rénovation de l'hôpital Le Samaritain en clinique gériatrique et de réadaptation (CGR) et restructuration du parc_Groupe A3 - Lot 250000 Travaux d’installations sanitaires,tender,construction,open,award,bee3f797-939c-445e-a588-ff6f97fc47fa,2025-09-02,,,,Hôpital Rivièra Chablais (HRC),1,"[""bee3f797-939c-445e-a588-ff6f97fc47fa""]"
e20baee8-98ba-482b-8fff-9bde18260edd,14156,Rénovation de l'hôpital Le Samaritain en clinique gériatrique et de réadaptation (CGR) et restructuration du parc_Groupe A3 - Lot 350000 Travaux d’installations sanitaire de gaz médicaux,tender,construction,open,award,7b41fc31-a942-44a1-9b01-9fce1cf36430,2025-09-02,,,,Hôpital Rivièra Chablais (HRC),1,"[""7b41fc31-a942-44a1-9b01-9fce1cf36430""]"
afdaecf9-364e-4e0e-a7fe-edb2ed6152ee,14736,Rénovation de l'hôpital Le Samaritain en clinique gériatrique et de réadaptation (CGR) et restructuration du parc_Groupe A3 - Lot 215200 Façades légères et portes extérieures ,tender,construction,open,award,59ab596e-697a-4a05-886a-159ac7e21c02,2025-09-02,,,,Hôpital Rivièra Chablais (HRC),1,"[""59ab596e-697a-4a05-886a-159ac7e21c02""]"
2d6ee068-20b8-4d1a-8316-cbb3680ec20b,14737,Rénovation de l'hôpital Le Samaritain en clinique gériatrique et de réadaptation (CGR) et restructuration du parc_Groupe A3 - Lot 226200 Travaux d'Isolation extérieure crépie,tender,construction,open,award,f91e3f8d-b836-4c36-a26c-885151c5af9f,2025-09-02,,,,Hôpital Rivièra Chablais (HRC),1,"[""f91e3f8d-b836-4c36-a26c-885151c5af9f""]"
9f290e56-6609-465a-a731-e22d2123f1a4,15392,Construction d'un complexe communal avec salle polyvalente - 11A Installations électriques,tender,construction,open,award,22304e67-711f-4444-9ee0-d48769e2533f,2025-09-02,VD,Champvent,1443,Commune de Champvent - Beauverd & Halter Architectes Sàrl,0,[]
bd75a369-2756-4276-bda3-b41210e21410,15481,"Construction d'un complexe communal avec salle polyvalente, parcelles 155, 156 et 158, Route du Battoir, 1442 Champvent - 04 Construction en bois",tender,construction,invitation,award,aadb1c81-9a22-47bb-9854-cac28c176066,2025-09-02,VD,Champvent,1443,Commune de Champvent - Beauverd & Halter Architectes,0,[]
1619d190-2a9a-4545-9e29-9a8fd23c09a9,15962,"Construction d'un complexe communal avec salle polyvalente, parcelles 155, 156 et 158, Route du Battoir, 1442 Champvent - 05A Fenêtres, portes extérieures",tender,construction,invitation,award,aec7d20e-508f-46bc-8167-c10bfb55b760,2025-09-02,VD,Champvent,1443,Commune de Champvent - Beauverd & Halter Architectes,0,[]
d226dcd8-dd03-46b3-bb03-09e2b65fbe3c,16003,"Construction d'un complexe communal avec salle polyvalente, parcelles 155, 156 et 158, Route du Battoir, 1442 Champvent - 06 Ferblanterie-couverture",tender,construction,invitation,award,c81757c5-164a-4648-a845-ed865f998160,2025-09-02,VD,Champvent,1443,Commune de Champvent - Beauverd & Halter Architectes Sàrl,0,[]
171c4008-7a79-4f95-b534-86a940416819,16006,"Construction d'un complexe communal avec salle polyvalente, parcelles 155, 156 et 158, Route du Battoir, 1442 Champvent - 09 Isolation périphérique crépie",tender,construction,invitation,award,ba7248a4-8b01-48ce-b3aa-a588ba6e5f84,2025-09-02,VD,Champvent,1443,Commune de Champvent - Beauverd & Halter Architectes Sàrl,0,[]
1bd84347-0d69-4d7c-86d4-d0bebe11bfc7,16345,Rénovation de l'hôpital Le Samaritain en clinique gériatrique et de réadaptation (CGR) et restructuration du parc_Groupe A3 - Lot 281000 Travaux de Chapes et réfection sols en pierre,tender,construction,open,award,6fc40304-bd65-4549-b0d7-6275c34b5d9d,2025-09-02,,,,Hôpital Rivièra Chablais (HRC),1,"[""6fc40304-bd65-4549-b0d7-6275c34b5d9d""]"
4e15a6b5-b258-4130-b528-826cb58f3018,16431,"Construction d'un complexe communal avec salle polyvalente, parcelles 155, 156 et 158, Route du Battoir, 1442 Champvent - 18 Plâtrerie-peinture",tender,construction,invitation,award,c30aabaf-ce2c-40df-9371-b85e04c470b5,2025-09-02,VD,Champvent,1443,Commune de Champvent - Beauverd & Halter Architectes Sàrl,0,[]
5281b9d7-2789-415c-9900-6329b6a19e39,17104,Cronay - Etape 2 de rénovation d'infrastructures agricoles,tender,construction,open,award,de3e4a3a-1d03-4a2c-92ba-660aa0698402,2025-09-02,VD,Cronay,1406,Commune de Cronay (ILEX),0,[]
f6f29e76-5e1d-487c-913d-fec802b69745,20818,Rénovation énergétique et techniques d'un immeuble de logements et d'activités à Chêne-Bougeries,tender,construction,open,tender,41cf2c73-b0b3-4690-90fc-1a6bcd3a9504,2025-09-02,GE,Chêne-Bougeries,1224,Commune de Chêne-Bougeries p.a. Pascal Hüni architectes Sàrl,0,[]
d4547813-9db4-4366-b7fc-fa23d606561e,22617,Gros oeuvre - Centrale CAD - Génie-civil CAD - Accumulateurs - Monthey,tender,construction,open,tender,5f530db7-15b0-4b80-8198-fe5e8c4e9367,2025-09-02,VS,Monthey,1870,SATOM SA (Petignat & Cordoba Ingénieurs Conseils SA),0,[]
024bce76-2fe3-4621-b5a2-2e91e7b96bc3,8567,"Démolition des bâtiments ECA 147 et 148, Construction d'un complexe communal avec salle polyvalente - 13 installations chauffage",tender,construction,open,award,f960a36c-df5e-4c53-a79c-32362fa21046,2025-09-02,VD,Champvent,1443,Commune de Champvent - Beauverd & Halter Architectes,0,[]
ab490a61-8fe3-472e-9f2f-14abbee6fe8a,8584,"Démolition des bâtiments ECA 147 et 148, Construction d'un complexe communal avec salle polyvalente - 14 Installations ventilation",tender,construction,open,award,23f69f78-5ad3-45f6-9411-465ede842df9,2025-09-02,VD,Champvent,1443,Commune de Champvent - Beauverd & Halter Architectes,0,[]
eb109214-91f3-43c4-8553-d021308f798f,8610,"Démolition des bâtiments ECA 147 et 148, Construction d'un complexe communal avec salle polyvalente - 15 Installations sanitaires",tender,construction,open,award,fc05404d-9071-4b98-bdfb-aa9e7882ad2d,2025-09-02,VD,Champvent,1443,Commune de Champvent - Beauverd & Halter Architectes,0,[]
27742efc-52b5-4df2-ba87-d238ffad5698,9152,Rénovation de l'hôpital Le Samaritain en clinique gériatrique et de réadaptation (CGR) et restructuration du parc,tender,construction,open,award,cdbdb8d9-66e7-4b13-8611-2874119862f8,2025-09-02,,,,La Fondation de soutien à l'Hôpital Rivièra Chablais (FSHRC) ,5,"[""0ce75e8f-bafb-40c1-8055-14e4641e2ced"", ""2b75762f-e90f-4b64-8038-4e6d18552f20"", ""bf84d5da-642b-4138-9131-c80316d3d27d"", ""7d423a97-5d15-4e88-8321-1d656ed66656"", ""cdbdb8d9-66e7-4b13-8611-2874119862f8""]"
3800bdf0-e740-4862-acc3-62bce9bfe2e2,14974,Campus Santé - Lot 168_Pergolat LET,tender,construction,open,award,9fdb41f3-ac22-4f9e-a458-729396e8ecd9,2025-09-01,VD,Chavannes-près-Renens,1022,Etat Vaud - DGIP p/a Pool de mandataires Banquet,0,[]
6fbb2d46-71ae-4a64-940a-e2fedee785a2,14979,Campus Santé - Lot 169 Pergolat C4 et HESAV,tender,construction,open,award,4eda0493-b84b-427c-ba84-c97f689add9d,2025-09-01,VD,Chavannes-près-Renens,1022,Etat Vaud - DGIP p/a Pool de mandataires Banquet,0,[]
4850bcda-2361-402c-bc57-aa79b1c2eab7,22447,LAVACID - CFC 242 - Installations de chauffage et de de refroidissement,tender,construction,open,tender,0af3f033-f561-4c2f-bdf3-ab9603030c88,2025-09-01,VS,Monthey ,1870,Satom SA,0,[]
534d6200-0c0e-448e-bf1b-fd8634aac2d0,22484,LAVACID - CFC 244 - Installations de ventilation,tender,construction,open,tender,385b6863-59d8-4a13-a4c7-4fcda95f916f,2025-09-01,VS,Monthey ,1870,Satom SA,0,[]
8d75d217-060b-489c-8f97-de32a7ee44ec,22490,LAVACID - CFC 248 - Isolation d'installations CVS,tender,construction,open,tender,d61255cb-9e52-4bab-bf90-d7f5fe656887,2025-09-01,VS,Monthey ,1870,Satom SA,0,[]
9d5a269f-464a-40bb-b6d8-6211eec7a2ef,8159,PAV - Route des Jeunes / Carrefour Jolivet,tender,construction,open,award,90af0e47-51c1-440c-8ba2-7181eb65587f,2025-09-01,GE,Carouge,1227,"REPUBLIQUE ET CANTON DE GENEVE - Département de la santé et des mobilités (DSM), Office cantonale du génie civil (OCGC), Direction des ponts et chaussées - SR",0,[]
f6becea0-0230-4bff-943e-a89df1a90005,15378,Dévoiement réseaux BSA énergie -  Conduites GéniLac – Secteur JAG - Marché des travaux ,tender,construction,open,award,506e2ce3-1574-4a4c-9e45-92d13aea5adb,2025-10-31,GE,Grand-Saconnex,1218,"Services Industriels de Genève - Direction Droit, Achats & Risques              ",0,[]
ee21cced-f2bb-4266-ae9b-145d7c40dbec,16230,Gestion de trafic -  Conduites GéniLac – Secteur JAG - Marché des travaux ,tender,construction,open,award,3c13b18e-24c2-4d42-95fd-a250db5cc151,2025-10-31,GE,Grand-Saconnex,1218,"Services Industriels de Genève - Direction Droit, Achats & Risques              ",0,[]
638cd632-b0a2-48f8-8fd1-7c2f68fcf133,22465,Neubau Turnhalle und Kindergarten in 3942 Raron - BKP 211 Baumeisterarbeiten,tender,construction,open,award,11996d76-5782-45cd-b482-5f1e3e96f2b4,2025-10-31,VS,Raron,3942,Einwohnergemeinde Raron,0,[]
9c0e5728-4044-4b39-a201-6e71037f3124,22631,Neubau Turnhalle und Kindergarten in 3942 Raron - BKP 214 Montagebau in Holz,tender,construction,open,award,16bdb317-4e79-407a-ab44-ce8b63306859,2025-10-31,VS,Raron,3942,Einwohnergemeinde Raron,0,[]
2fff0598-d40e-49a4-a6d4-ae62ebdc1291,22632,Neubau Turnhalle und Kindergarten in 3942 Raron - BKP 230 Elektroinstallationen,tender,construction,open,award,67a26230-f745-4e98-8936-a762a983461a,2025-10-31,VS,Raron,3942,Einwohnergemeinde Raron,0,[]
08629067-b82f-485d-88c6-9a307e885c68,22633,Neubau Turnhalle und Kindergarten in 3942 Raron - BKP 251 Sanitärinstallationen,tender,construction,open,award,2ad75c40-bde7-442f-ac07-6e03b28ddc74,2025-10-31,VS,Raron,3942,Einwohnergemeinde Raron,0,[]
9666d14b-c801-4467-880e-24f98494614a,25117,"CFC 443 Inst.élec ext Terrains sportifs - Transformation du Centre sportif La Ruayre : Réaménagement des terrains de football, ajout d'un terrain synthétique et d'un junior. Rénov. bât. 1722b-Démolition bât. 1722a, construction de nouveaux vestiaires",tender,construction,open,tender,1af79bac-2c25-4ecc-9310-5ac6faadd80b,2025-10-31,VD,Crissier,1023,Commune de Crissier (Widmer Architectes SA),0,[]
7bd39489-05f4-4610-9312-f2fae7e24f8f,25571,Extension de la salle de gymnastique de la Tour Rouge à Villeneuve VD4,tender,construction,open,tender,5ce11948-28ea-4e59-b1dc-f90d30f6a8ab,2025-10-31,,,,Association scolaire et parascolaire intercommunale du Haut-Lac (ASPIHL),7,"[""5ce11948-28ea-4e59-b1dc-f90d30f6a8ab"", ""5ce11948-28ea-4e59-b1dc-f90d30f6a8ab"", ""5ce11948-28ea-4e59-b1dc-f90d30f6a8ab"", ""5ce11948-28ea-4e59-b1dc-f90d30f6a8ab"", ""5ce11948-28ea-4e59-b1dc-f90d30f6a8ab"", ""5ce11948-28ea-4e59-b1dc-f90d30f6a8ab"", ""5ce11948-28ea-4e59-b1dc-f90d30f6a8ab""]"
6e71cd30-ad17-467d-b835-fbd408eaf564,25969,Amélioration AEAI _ site CFPC Ternier _ Sous-sol _ Portes intérieures en métal,tender,construction,open,tender,f0022f3f-9a78-4c95-b142-1db7dba19f6f,2025-10-31,GE,Petit-Lancy,1213,"Etat de Genève, Département du territoire – DT, Office cantonal des bâtiments",0,[]
ce3f79b6-e38f-4da6-9365-76072704348d,26076,Complexe multisports de Colovray - Lot 71 Aménagements extérieurs,tender,construction,open,tender,e191b6b4-c080-42d3-91b1-d982b9f6df55,2025-10-31,VD,Nyon,1260,Pragma partenaires SA,0,[]
31eedd42-db0c-4025-8b63-8c4dd7a95238,26095,Assainissement et transformation du bâtiment Arnier 80 - Lot 8 CFC 230 Electricité,tender,construction,open,tender,c6c66413-4fa5-4e77-bee1-6f947686e4b0,2025-10-31,VD,Belmont-s-Lausanne,1092,Commune de Belmont-sur-Lausanne - Service des infrasctructures,0,[]
08d719a1-ea7f-446e-8789-437179c91153,26109,GeniLac GLU Hermès Rue du Rhône 39 Travaux CVC,tender,construction,open,tender,9e26f720-8b85-490b-81f2-c3d112c1a821,2025-10-31,GE,Rue du Rhône 39,1204,"Services Industriels de Genève (SIG) - Droit, Achats & Risques",0,[]
9caaef34-ad69-4b7e-8e65-3d3b6ef66226,16467,ERACOM - Transformation de l'enveloppe thermique et mise en sécurité des voies d'évacuation verticales,tender,construction,open,award,8d5f9a75-04f4-48fb-a075-433cdccc58e7,2025-10-30,VD,ERACOM - Rue de Genève 55 – 1004 Lausanne,1004,"Vaud - Canton - Département de l'économie, de l'innovation, de l'emploi et du patrimoine (DEIEP)",0,[]
dcbf725c-5cd1-408f-b129-7b4f7e1ac6fa,18493,Transformation EMS de l'Orme - 22500 - Etanchéités,tender,construction,open,award,8e9d921d-f188-4c71-8b01-12ceb8a8cf57,2025-10-30,VD,Lausanne,1018,Fondation de l'Orme (AAPA SA),0,[]
e6e9dacc-cd00-4660-97a6-8b26519289ca,23735,Réfection Rue de la Grande Meunière à St-Léonard,tender,construction,open,award,8b302429-86e1-432b-a6c5-c2b4ed2cbb48,2025-10-30,VS,St-Léonard,1958,Administration communale de St-Léonard (Bureau d'ingénieurs Crettaz et Partenaires SA),0,[]
d47e66fb-f769-49ac-9a3c-2bffaf0fa598,25863,Démolition et reconstruction de la buvette du tennis et badminton d’Aïre - CFC 215 - Construction d'un pavillon préfabriqué en bois,tender,construction,open,abandonment,ec16278c-a5ea-4319-b32f-a3d74199c5eb,2025-10-30,GE,Vernier,1214,Ville de Vernier - Service des bâtiments SBA - Pôle aménagement et espace urbain ( Bureau Strata architecture Sàrl),0,[]
148385d7-3749-4743-8e1b-159a96e0776a,26038,"Renouvellement de la gare MVR de Vevey, rénovation de la marquise historique III, travaux d'échafaudages - CFC 218",tender,construction,open,tender,ce6b750a-4a94-4f02-acc3-1c344a2a959c,2025-10-30,VD,Vevey,1800,Transports Montreux-Vevey-Riviera SA - Infrastructure Projets,0,[]
7b67f95b-b6b8-42c6-8632-3379814d4588,24174,Lot 211.000 Travaux de l'entreprise de maçonnerie,tender,construction,open,tender,71df739b-652b-4b05-82fe-2cb269d8c02d,2025-10-29,VS,Chamoson,1955,Foyer Pierre Olivier (Pragma Partenaires SA),0,[]
ad967dc5-2cec-4c8d-b3cd-f4c80b4346f3,25648,Allondon - Aménagement de zones refuges pour salmonidés - Mise en place d'embâcles artificiels,tender,construction,open,tender,96427486-db58-4733-82a8-8a261ad9899c,2025-10-29,GE,Dardagny,1283,République et Canton de Genève - DT - OCEau - SAEP,0,[]
c6faa118-8d09-4bca-b27a-9aa7f0c76ac4,25891,Extension du Collège du Léman à Apples / Lot 5 CFC 215 et 222 Eléments de Façade Tecubond,tender,construction,open,tender,1566c465-eaf4-40e1-92e9-10eff96058a1,2025-10-29,VD,Apples,1143,Association Scolaire intercommunale d'Apples-Bière et environs,0,[]
6d88d270-4cd6-4a67-956a-a63e0b691cf5,25896,Extension du Collège du Léman à Apples / Lot 4 bis CFC 221 et 228 Eléments de façade,tender,construction,open,tender,553a83ab-0653-474d-9c7c-2417e53f42dd,2025-10-29,VD,Apples,1143,Association Scolaire intercommunale d'Apples-Bière et environs,0,[]
087100bd-cc28-44f2-92cc-b68de6a025c1,25904,Chemin de la Lanterne - Mise en séparatif des collecteurs d'eaux claires et d'eaux usées,tender,construction,open,tender,3b0f516c-0a8b-434f-8933-09bd8f8cb2f3,2025-10-29,VD,Le Mont-sur-Lausanne,1052,Commune du Le Mont-sur-Lausanne,0,[]
44e930a8-af58-4145-b977-4c8247c92a6e,25924,Démolition et reconstruction de la buvette du tennis et badminton d’Aïre - CFC 215 – Construction d’un pavillon préfabriqué en bois ,tender,construction,open,tender,c3ffd39f-37bd-4ae1-9449-481fdad79160,2025-10-29,GE,Vernier,1214,Ville de Vernier - Service des bâtiments SBA (Strata architecture Sàrl),0,[]
75767340-22f8-45e6-98df-32a64a4c5f68,16340,Collège du Grand-Pré à Prilly - Assainissement-transformation-mise en conformité - LOT 7 - CFC 215.2,tender,construction,open,award,e98e3f97-c37a-41c8-ade2-6b9e0de3f33e,2025-10-28,VD,Prilly,1008,ASIGOS,0,[]
2b5415af-daa3-43ed-ac34-7ddbe8970791,18060,New Gare de Lausanne / Production thermique dans bâtiment Epinettes / 1144947,tender,construction,open,award,ca9aad25-0349-41b1-9c4b-13bdd4811af4,2025-10-28,VD,Lausanne,1000,I-ESP-EIB-RWT,0,[]
609fe519-5bb0-41ad-8516-e88ccdf33413,18298,Collège du Grand-Pré à Prilly - Assainissement-transformation-mise en conformité - LOT 25 - CFC 273.0,tender,construction,open,award,f25c8c94-1486-4eab-8523-4890b6884480,2025-10-28,VD,Prilly,1008,ASIGOS,0,[]
ca71fccf-2dd0-4ce6-a805-2ab91fa002c5,18301,Collège du Grand-Pré à Prilly - Assainissement-transformation-mise en conformité - LOT 8 - CFC 221.1,tender,construction,open,award,e4bb4545-fb75-4489-bcb7-cffbb9c0c90a,2025-10-28,VD,Prilly,1008,ASIGOS,0,[]
a2424ca6-493d-49dc-b841-7e0886e71d9b,25879,Fondation - Eben-Hézer - EMS Chernex Village - CFC 272.2 Ouvrages métalliques courants,tender,construction,open,tender,5389eebe-df64-4e2d-bc45-defc7962ad85,2025-10-28,VD,Chernex,1822,Fondation Eben-Hézer (Itten+Brechbühl SA),0,[]
7f782c29-5709-4778-9cf7-2e9c153df48e,25708,Complexe multisports de Colovray - Lot 55 Carrelages et faïences,tender,construction,open,tender,6a59b9ce-4eb3-404f-90fe-388c5a38657a,2025-10-27,VD,Nyon,1260,Pragma partenaires SA,0,[]
2ea9c5b6-9bbc-4166-bd84-045ae6b65247,25709,Complexe multisports de Colovray - Lot 58 Parquets,tender,construction,open,tender,5be0376d-ccd4-40f5-b52a-9b3c1d740a88,2025-10-27,VD,Nyon,1260,Pragma partenaires SA,0,[]
cd1acc7a-0d1e-4a11-803e-38a772b9dd46,17664,Vallée de la Jeunesse – Assainissement des bâtiments de l’Expo 64 / CFC 211.6 Maçonnerie,tender,construction,open,award,b8184c35-bd98-4363-941d-b6386630de28,2025-10-24,VD,Lausanne,1007,"Ville de Lausanne – Direction du logement, de l'environnement et de l'architecture - Service d’architecture et du logement",0,[]
8126002c-ef0a-4f52-a101-07e452c4b789,18557,RENENS_EMS/CVE ROZAVERE-Serrureries extérieures / Serrureries intérieures,tender,construction,open,award,68777b50-8085-492e-a548-04fd0b88abbb,2025-10-24,VD,Rue du Simplon 9C ,1020,Fondation la Rozavère - EMS Renens (In Out arch/acau arch.),0,[]
52df3002-6456-48db-91b7-b9d4f30e1080,19560,Kollegium Brig – Sanierung Internat / BKP 112+211 – Abbruch- und Baumeisterarbeiten (Südtrakt),tender,construction,open,award,d0ebe00b-90e6-4639-97be-c9a6f3962bb7,2025-10-24,VS,Brig-Glis,3900,Service immobilier et patrimoine / Dienststelle für Immobilien u. Bauliches Erbe - Gérance et entretien d'immeuble / Immobilienverwaltung u. Unterhalt,0,[]
649cda51-f0e5-4ac3-880e-0be689b692ba,21479,EMS/CVE ROZAVERE-CFC 224 Etanchéités,tender,construction,open,award,24ee9342-cd0d-4cf5-b13a-41d4030d9e33,2025-10-24,VD,Rue du Simplon 9C ,1020,Fondation la Rozavère - EMS Renens (In Out arch/acau arch.),0,[]
8ed006c7-86f6-448b-9c32-f79ae44600ef,25687,Assainissement et extension du collège du Rosset,tender,construction,open,tender,4e43438a-2518-4179-bc69-6c06f6a72826,2025-10-24,VD,Romanel-sur-Lausanne,1032,Romanel-sur-Lausanne - Bureau technique,0,[]
4af4743b-27a1-4afe-bcd7-2ef6f739a78d,25691,Assainissement et extension du collège du Rosset ,tender,construction,open,tender,63f3c97e-a893-4f63-ac3f-d42273447b8e,2025-10-24,VD,Romanel-sur-lausanne,1032,Romanel-sur-Lausanne - Bureau technique,0,[]
f425b9da-0888-49c3-80b8-8d1940a1e3dc,25693,Assainissement et extension du collège du Rosset,tender,construction,open,tender,21fe7811-4a41-4460-ab92-13b6509a9c9f,2025-10-24,VD,Romanel-sur-lausanne,1032,Romanel-sur-Lausanne - Bureau technique,0,[]
d5e802dd-eb0f-4877-92fb-409709b60d9b,25695,Assainissement et extension du collège du Rosset,tender,construction,open,tender,6b3c4d4d-318e-4931-9519-5d3f241f499f,2025-10-24,VD,Romanel-sur-lausanne,1032,Romanel-sur-Lausanne - Bureau technique,0,[]
14d87f96-45f0-4646-b79b-efc322e86874,25698,Assainissement et extension du collège du Rosset,tender,construction,open,tender,8ef10fa1-a4e0-4848-8e91-3a2ca7a0fd61,2025-10-24,VD,Romanel-sur-lausanne,1032,Romanel-sur-Lausanne - Bureau technique,0,[]
60177135-706a-4bc8-8f78-8bc96e2afd7a,9801,Centre sportif de Verbier - CFC 248 MCR,tender,construction,open,award,adea1c0e-52b3-423f-867a-83012d85daba,2025-10-24,VS,Verbier,1936,Quartal Sàrl,0,[]
a136f25b-afab-489b-a148-fd8a50c5f45e,9982,Vallée de la Jeunesse - Assainissement des bâtiments de l'Expo 64 / CFC 221.4 Fenêtres métalliques,tender,construction,open,award,2a85e6ee-bcc2-4ac9-b66d-d568735e3058,2025-10-24,VD,Lausanne,1007,"Ville de Lausanne – Direction du logement, de l'environnement et de l'architecture - Service d’architecture et du logement",0,[]
b73e4f73-1226-438e-b6c2-0cd4e1565d21,22742,OA 2626 - Construction d'une rampe MD pour la liaison entre la passerelle de Pré-bois et le chemin de Blandonnet,tender,construction,open,tender,42719413-47aa-46fc-bd93-8bc21aacc3a9,2025-10-23,GE,Chemin de Blandonnet,1214,Office cantonal du génie civil (OCGC)  - Service des ouvrages d'art,0,[]
20db8c35-fde0-457d-9be7-7eae47b4a1d6,25341,Abris-bus ,tender,construction,open,tender,504e6ca3-4c02-492e-b831-e2e826618d91,2025-10-23,GE,Chêne-Bougeries,1224,"Commune de Chêne-Bougeries - Territoire, biodiversité et mobilité",0,[]
3f546660-ec83-413d-846b-504cf223d4d6,25623,Modernisation et extension du réseau informatique des écoles lausannoises - CFC 230 Installations électriques - Lot 21-22,tender,construction,open,tender,77116a5b-c0ea-49c1-8213-81efdd3f5623,2025-10-23,,,,Ville de Lausanne – EJQ - Service des écoles et du parascolaire (SEP),2,"[""77116a5b-c0ea-49c1-8213-81efdd3f5623"", ""77116a5b-c0ea-49c1-8213-81efdd3f5623""]"
8bd9b370-d45b-4922-bf6c-fed680a8766d,11985,Terminal Combiné de Monthey SA - Pont TCM sur la Vièze,tender,construction,open,award,7edf19b8-4ab5-4a4c-8ff3-3a26885b8d4b,2025-10-22,VS,Monthey,1870,Terminal combiné de Monthey SA,0,[]
2158f2f2-26fb-4aec-9fc1-5bfa86ab3cfd,12526,595-GyChablais_Lot13_FerblanterieEtCouverture,tender,construction,open,award,f55bcb21-dc8b-4506-b637-9bf50530dbef,2025-10-22,VD,Aigle,1860, Direction générale des immeubles et du patrimoine – DGIP,0,[]
32e0bb93-4cc4-4db4-b192-507f781667cc,18176,Terminal Combiné de Monthey SA - Travaux Ligne de Contact,tender,construction,open,award,0503aa18-5c43-48dd-8821-fde2b23b310e,2025-10-22,VS,Monthey,1870,Terminal Combiné de Monthey SA,0,[]
ff8448d9-8467-4466-a9fd-119c4c5212d0,22202,Réfection de l'Avenue du Cloître à Aigle,tender,construction,open,award,77062de6-4a6e-48d0-a4a4-d23561ac311b,2025-10-22,VD,Aigle,1860,Commune d'Aigle - service technique (BGI SA),0,[]
be892797-e304-498f-b23b-330270448dc9,25315,CHUV APE HO - Installations électriques CFC 23,tender,construction,open,tender,eab3b486-a84f-413e-b97f-dc551e73176a,2025-10-22,VD,Lausanne,1011,CHUV Construction ingénierie technique et sécurité (CIT-S),0,[]
f368e567-7372-4400-8c4f-ddd6113ef080,25318,CHUV APE HO - Fourniture de lustrerie standard CFC 233,tender,construction,open,tender,de9c5473-912e-4b36-bb55-762beeca9ed0,2025-10-22,VD,Lausanne,1011,CHUV Construction ingénierie technique et sécurité (CIT-S),0,[]
75a4e85e-6611-437d-98ef-a34260dc5712,25437,Galerie Vissoie-Niouc,tender,construction,open,tender,fe9182b6-6e8d-442f-9690-27a375e34c20,2025-10-22,VS,Val d'Anniviers (Niouc - Vissoie),3961,Forces motrices de la Gougra (Alpiq),0,[]
fcb9cc24-3173-494f-8a78-67c419679499,25491,Groupe scolaire le Rolliet - 281 - Carrelages Faïences,tender,construction,open,tender,73146d1f-61e6-4a67-98b8-981267e705ae,2025-10-22,GE,Plan-Les-Ouates,1228,Commune de Plan-Les-Ouates - Service construction et aménagement (Tekhne),0,[]
9e8e5109-7815-4f82-a4c1-291b1b568d17,25499,Bâtiment Aloys-Fauquez 54 - Rénovation et assainissement / CFC 226.2 Isolation extérieure et crépis,tender,construction,open,tender,08f2ac43-b71f-4f23-ba01-49fc00ace62c,2025-10-22,VD,Lausanne,1018,"Commune de Lausanne – Direction du logement, de l'environnement et de l'architecture - Service d’architecture et du logement",0,[]
cbf4e21d-6fb0-49b5-b88a-adf716e94395,13090, STEP intercommunale de Ste-Croix et Bullet,tender,construction,open,award,b1e8f471-622d-4e26-8ed2-af33f2de63df,2025-10-21,VD,Sainte-Croix,1450,Groupement CSD Ingénieurs / AFRY,0,[]
68c30743-fcea-439a-9728-a1db1fbd0f70,14814,STEP intercommunale de Sainte-croix et Bullet,tender,construction,open,award,f5512d06-ac99-437b-be4e-b020e0b2724a,2025-10-21,VD,Sainte-Croix,1450,Groupement CSD Ingénieurs / AFRY,0,[]
f3db9691-9122-47ad-979b-2c97d74a2ab7,24787,"	 Transformation du Centre sportif La Ruayre : Rénovation du bâtiment 1772b buvette - Démolition du bâtiment 1772a, construction d'un nouveau bâtiment - Réaménagements des terrains de football, ajout d'un terrain synthétique et d'un terrain junior.",tender,construction,open,tender,0b9342fe-55fe-4b66-89a9-225169d6a012,2025-10-21,VD,Crissier,1023,Commune de Crissier (Widmer Architectes SA),0,[]
2176d272-aef8-4494-a367-023081337d4a,24885,CB1416_CFC 201 Terrassement et travaux spéciaux/211 Maçonnerie,tender,construction,open,tender,c314b8fa-95ef-483a-be94-9a0335d110f0,2025-10-21,GE,Chêne-Bougeries,1224,Commune de Chêne-Bougeries (BCRarchitectes sàrl),0,[]
3b38db06-afea-4ed0-a3e3-f8e659b25ba6,24890,CB1416_CFC 214 Charpente en bois,tender,construction,open,tender,6d31b9d7-9afc-4ba2-9d2a-485a07c92698,2025-10-21,GE,Chêne-Bougeries,1224,Commune de Chêne-Bougeries (BCRarchitectes sàrl),0,[]
1ffad83e-aff9-4c85-aba8-e46eed997ebe,25017,Extension du cycle d'orientation du Foron -  CFC 271-283 Plâtreries et Faux-plafonds ,tender,construction,open,tender,5e41fcbf-b923-4432-9b17-10e99b300725,2025-10-21,GE,"Chemin du Foron, 43 - Thônex",1226,OFFICE CANTONAL DES BATIMENTS,0,[]
3d691680-22dc-4dda-a702-e776109b2c95,25425,"Renens, Sainte-Famille / AO-34, Plâtrerie-Gysages",tender,construction,open,tender,11263bf2-3458-4def-969a-83d4766eb7ae,2025-10-21,VD,Renens,1020,Association Sainte-Famille (aplanir Sàrl),0,[]
084dd0eb-dba7-4c24-9359-3d637b073056,25465,Rétrofit pont roulant salle de décuvage de Verbois,tender,construction,open,tender,49e3a10a-4884-4cae-b877-6d344f2bf520,2025-10-21,GE,RUSSIN - GE,1281,Services industriels de Genève (SIG) - Direction Achats,0,[]
742eebf5-5c56-43a4-877f-611f78f6b483,25469,Bardonnex. Projet de construction de la nouvelle école primaire de Compesières,tender,construction,open,tender,44794d22-fd6a-4154-b1a3-29ec457a9272,2025-10-21,GE,Compesières,1257,Commune de Bardonnex - Ferrari Architectes,0,[]
4f69ea73-bd31-401c-865e-8e7f6704dc18,25479,Bardonnex. Projet de construction de la nouvelle école primaire de Compesières,tender,construction,open,tender,376b0f6c-ce17-43a8-af56-ca31c4271a5d,2025-10-21,GE,Compesières,1257,Commune de Bardonnex - Ferrari Architectes,0,[]
e21018a4-6a63-4899-89e1-ece39e496562,14152,Rénovation de l'hôpital Le Samaritain en clinique gériatrique et de réadaptation (CGR) et restructuration du parc_Groupe A3 - Lot 248000 Travaux d’installations MCR,tender,construction,open,award,786133b5-28c8-4fd4-b340-6e811fcd7806,2025-10-20,,,,Hôpital Rivièra Chablais (HRC),1,"[""786133b5-28c8-4fd4-b340-6e811fcd7806""]"
150d6750-6ee3-4a92-82d7-45c122c6090e,21518,"Correction de la chaussée sur la route de Corin à Sierre, sur la RC no 46 Sierre - Chermignon - Crans ",tender,construction,open,award,9a74f65e-443a-4c3c-bcb2-f50a6357e1f9,2025-10-20,VS,Sierre,3960,"Département de la mobilité, du territoire et de l'environnement",0,[]
9f65213d-6ac3-48a1-9c17-338a103bd71e,25397,Fondation Eben-Hézer - EMS Chernex Village - CFC 273.0 Portes intérieures en bois,tender,construction,open,tender,bbfb0cdb-0e7f-4242-90b2-1a51fac9f2e0,2025-10-20,VD,Chernex,1822,Fondation Eben-Hézer (Itten+Brechbühl SA),0,[]
dd4b091f-6b45-486a-8f43-579aae055f2d,25398,Fondation Eben-Hézer - EMS Chernex Village - CFC 275 Système de verrouillage - Contrôle d'accès,tender,construction,open,tender,aa7d45f8-2898-4b74-9e6b-e7de217340f3,2025-10-20,VD,Chernex,1822,Fondation Eben-Hézer (Itten+Brechbühl SA),0,[]
c77b9d50-7982-41f3-bb67-30ef38d58a1b,25399,Fondation Eben-Hézer - EMS Chernex Village - CFC 272.0 Portes intérieures en métal,tender,construction,open,tender,3c91f713-20ae-43bb-b031-319a8892e4ca,2025-10-20,VD,Chernex,1822,Fondation Eben-Hézer (Itten+Brechbühl SA),0,[]
85d0611d-b290-4201-ba37-b57bb40a264b,14886,STEP EHVV - Lot EM02 Traitement des micropolluants,tender,construction,open,award,d48c14f6-093b-47c4-aaf6-b9baabb0793c,2025-10-18,VD,La Sarraz,1315,Groupement CSD-WSP-Erbat-DTP (CWED),0,[]
ce7e7a24-b3de-4046-84e7-849aa9cda7f9,16689,"Campus scolaire et sportif à Champagne.           Lot 2115 Travaux de l'entreprise de maçonnerie, béton et béton armé",tender,construction,open,award,2b4f2dd8-7c96-4b4c-b24d-ad5b477be95b,2025-10-17,VD,Champagne,1424,Commune de Champagne (Fesselet Krampulz architectes),0,[]
74676324-3c0c-4b52-8dc7-42403394f9b8,16697,Campus scolaire et sportif à Champagne.           Lot 2011 Terrassements,tender,construction,open,award,565b0807-b3c9-4d5a-b5e9-b0b449d75cd8,2025-10-17,VD,Champagne,1424,Commune de Champagne (Fesselet Krampulz architectes),0,[]
d3afec73-c3ca-49e5-bfa4-0414e3a05599,16891,RENENS_EMS/CVE ROZAVERE-Installations chauffage / refroidissement,tender,construction,open,award,ececb7ec-d211-4a83-8725-71d414dec693,2025-10-17,VD,Rue du Simplon 9C ,1020,Fondation la Rozavère - EMS Renens (In Out arch/acau arch.),0,[]
12c70c88-980a-479d-9c4a-ab0612c5a533,18515,Campus scolaire et sportif à Champagne.           Lot 2141 Fabrication des produits collés,tender,construction,open,award,c8a0bcea-0b83-4e85-9107-dc39f2e6d225,2025-10-17,VD,Champagne,1424,Commune de Champagne (Fesselet Krampulz architectes),0,[]
fac49df4-c72a-4b70-b159-933a2197cf02,22512,Copie Collège du Grand-Pré à Prilly - Assainissement-transformation-mise en conformité - LOT 29 - CFC 273,tender,construction,open,abandonment,ea7ba2fb-8f9a-41e7-ae9c-99ea8d6e6914,2025-10-17,VD,Prilly,1008,ASIGOS,0,[]
f1641ec1-0bb5-4403-8812-4d9c5890ef72,25164,CSI LE BIX : Lot 224.000 Ferblanterie - couverture,tender,construction,open,tender,b5f24b26-ae44-4144-8082-393dc220edfa,2025-10-17,VD,Arzier-Le Muids,1273,Commune d'Arzier-Le Muids (BW Architectes SA / Pragma Partenaires SA),0,[]
62778a4d-a9c9-4727-9466-328be3069fd2,25221,Agrandissement et rénovation de l'école du Belvédère_CFC 271-285_Plâtrerie-Peinture,tender,construction,open,tender,41b4c7eb-d123-47f5-82d2-649ad94896a7,2025-10-17,GE,Chêne-Bougeries,1224,Commune de Chêne-Bougeries - Giorgis Rodriguez Architectes SA,0,[]
80442856-bebd-4f8d-97e3-9ae6b670cb31,25222,Agrandissement et rénovation de l'école du Belvédère_CFC 281_Chapes,tender,construction,open,tender,90c91655-e596-4ba5-983a-c8cdbef87853,2025-10-17,GE,Chêne-Bougeries,1224,Commune de Chêne-Bougeries - Giorgis Rodriguez Architectes SA,0,[]
ffdeb8e8-f3bb-4de3-8c53-6b592d520566,25244,Modernisation et extension du réseau informatique des écoles lausannoises - CFC 230 Installations électriques - Lot 20,tender,construction,open,tender,4a1967dc-c103-46dd-b6ac-7d2e658ab60b,2025-10-17,,,,Ville de Lausanne – EJQ - Service des écoles et du parascolaire (SEP),1,"[""4a1967dc-c103-46dd-b6ac-7d2e658ab60b""]"
33a0f561-faa6-40e1-a952-b12dba495f9f,25317,Lot 1605 Ouvrages métalliques,tender,construction,open,tender,080b1b66-6f15-45ac-ac45-b1b6a4d44a8f,2025-10-17,VD,Corcelles-près-Concise ,1426,Fondation du Clos du Château à Corcelles-près-Concise - STOA architectes/Pragma Partenaires,0,[]
abe2f0f1-bc6e-41d1-b532-7546313ed71b,25322,Lot 1607 Portes et vitrages intérieurs,tender,construction,open,tender,dbbabcf5-fdf3-47ae-a38b-109350c17841,2025-10-17,VD,Corcelles-près-Concise ,1426,Fondation du Clos du Château à Corcelles-près-Concise - STOA architectes/Pragma Partenaires,0,[]
71fa3e18-6333-4624-8a23-8c9333c95064,16616,RENENS_EMS/CVE ROZAVERE-Dépollution/Travaux-Spéciaux/Terrassement,tender,construction,open,award,afc70bda-7648-4669-ba9e-4f876baad591,2025-10-16,VD,Rue du Simplon 9C ,1020,Fondation la Rozavère - EMS Renens (In Out arch/acau arch.),0,[]
9a2c55c7-6486-42bc-a973-e63618671798,16864,RENENS_EMS/CVE ROZAVERE-Gros Œuvre Béton/Installation de chantier/maçonnerie,tender,construction,open,award,b1ab7fec-c5d5-4d87-a1d0-f8f31aea5656,2025-10-16,VD,Rue du Simplon 9C ,1020,Fondation la Rozavère - EMS Renens (In Out arch/acau arch.),0,[]
5aac009c-5e7c-4c6e-ae7d-06317e2744f0,16871,RENENS_EMS/CVE ROZAVERE-Installations sanitaires,tender,construction,open,award,def61fd6-0ddf-4513-bfd1-96af10c27f2e,2025-10-16,VD,Rue du Simplon 9C ,1020,Fondation la Rozavère - EMS Renens (In Out arch/acau arch.),0,[]
7b1ff741-8c0d-4c42-8a0a-2b8324a5f465,17031,RENENS_EMS/CVE ROZAVERE-Installations de ventilation,tender,construction,open,award,fc4a98ad-b4ec-4a2e-9636-051c04f351f2,2025-10-16,VD,Rue du Simplon 9C ,1020,Fondation la Rozavère - EMS Renens (In Out arch/acau arch.),0,[]
6ce7b036-2bc9-4e17-a6b5-53ebade5168d,17036,RENENS_EMS/CVE ROZAVERE-Installations cuisines industrielles,tender,construction,open,award,5a772649-6eb7-405c-b04a-c6ec119218da,2025-10-16,VD,Rue du Simplon 9C ,1020,Fondation la Rozavère - EMS Renens (In Out arch/acau arch.),0,[]
a5ca4fc0-0e95-467d-ae5c-65c2c95a0e74,17266,RENENS_EMS/CVE ROZAVERE-Installations Ascenseurs,tender,construction,invitation,award,b97d0f46-6c26-456d-bc32-460148cecefb,2025-10-16,VD,renens,1020,Fondation la Rozavère - EMS Renens (in out/acau arch.),0,[]
22676b20-e460-4413-9729-f5678d3c92ca,17470,RENENS_EMS/CVE ROZAVERE-Préfabriqués Bétons,tender,construction,invitation,award,8f94c052-e36c-44b3-a652-d3b8ae54728c,2025-10-16,VD,renens,1020,Fondation la Rozavère - EMS Renens (in out/acau arch.),0,[]
3aabc67d-c358-4cb4-8bad-3aba455d104b,17472,RENENS_EMS/CVE ROZAVERE-Gros Œuvre Bois,tender,construction,invitation,award,50dc7bb1-5c73-45a1-a311-5c736d6f29b5,2025-10-16,VD,renens,1020,Fondation la Rozavère - EMS Renens (in out/acau arch.),0,[]
8193b13d-3ae7-4836-aabd-f6860afa5dd2,17479,RENENS_EMS/CVE ROZAVERE-MCR,tender,construction,invitation,award,04d2fc69-ed94-4c85-bda5-132c0a72ada8,2025-10-16,VD,renens,1020,Fondation la Rozavère - EMS Renens (in out/acau arch.),0,[]
967f0afa-f966-446f-bc5a-fe3f9873cfd2,18110,RENENS_EMS/CVE ROZAVERE-Protections Solaires,tender,construction,invitation,award,022a2fe1-4031-4eb7-a9f1-f1146b41836b,2025-10-16,VD,renens,1020,Fondation la Rozavère - EMS Renens (in out/acau arch.),0,[]
e93cfd77-d1c9-46b7-9508-9ee0fdb3222d,18113,RENENS_EMS/CVE ROZAVERE-Installations Electriques,tender,construction,open,award,2729d7df-d3e4-42ec-8c3a-5adef8e4fa64,2025-10-16,VD,Rue du Simplon 9C ,1020,Fondation la Rozavère - EMS Renens (In Out arch/acau arch.),0,[]
b8a2519c-42ae-47b8-8fa1-5bed3521ba67,18556," RENENS_EMS/CVE ROZAVERE-Menuiseries extérieurs en bois-métal, fenêtres et portes-fenêtres",tender,construction,open,award,9c78c1ed-8a50-48cd-abff-c29eecc9dc1b,2025-10-16,VD,Rue du Simplon 9C ,1020,Fondation la Rozavère - EMS Renens (In Out arch/acau arch.),0,[]
8f391b0d-5d64-4348-bcfc-02b8b1cb1a27,20118,RENENS_EMS/CVE ROZAVERE-Echafaudages,tender,construction,open,award,40e37d6b-3102-49f4-9e7e-96643511225e,2025-10-16,VD,Rue du Simplon 9C ,1020,Fondation la Rozavère - EMS Renens (In Out arch/acau arch.),0,[]
3deab1e6-fbc4-4ebc-9626-c9791d7d6ec7,20189,RENENS_EMS/CVE ROZAVERE-221.6-Portes automatisés,tender,construction,invitation,award,1c2eec97-684d-4a5a-9bc2-3c2a22e6ff0f,2025-10-16,VD,renens,1020,Fondation la Rozavère - EMS Renens (in out/acau arch.),0,[]
1d8e78b7-7215-4e30-8fba-51bfd912c7ee,20256,"AO_25_10 ""Rénovation Parking des Grandes-Communes  Travaux Serrurerie - CFC 272""",tender,construction,open,award,38e517c9-83de-4338-bc22-283f1385a3b5,2025-10-16,GE,Genève 26,1211,Fondation des Parkings  - Service des achats,0,[]
70670ff3-d76b-439e-9755-041175ab603f,21190,EMS/CVE ROZAVERE-Menuiseries Portes intérieur en bois-Vitrages Spéciaux-Portes asservies,tender,construction,open,award,e0af23b8-5f75-4305-af28-68128ee907f3,2025-10-16,VD,Rue du Simplon 9C ,1020,Fondation la Rozavère - EMS Renens (In Out arch/acau arch.),0,[]
668898a9-a052-4bd8-8339-d05382bca752,21240,EMS/CVE ROZAVERE-Isolations Extérieures Crépies / Céramique Extérieurs,tender,construction,open,award,73e1df88-5637-4462-adc5-fe1cfea0a908,2025-10-16,VD,Rue du Simplon 9C ,1020,Fondation la Rozavère - EMS Renens (In Out arch/acau arch.),0,[]
e2d202dc-5eea-458e-a981-0e0ab650274a,25088,"Aménagement de la place du Zier, revêtement de sol sans joints, parking souterrain",tender,construction,open,tender,0e86d6d1-f6b8-4c27-90b0-e302052f1e05,2025-10-16,VS,Crans-Montana,3936,Commune de Lens,0,[]
70f23495-a372-4ed7-b4ad-af801e9c9e6b,10890,Rénovation école de Meyrin Village - CFC 271.0 Plâtrerie 285.1 Peinture,tender,construction,open,award,9c694ef5-3889-4667-80ae-fa7fab35b3aa,2025-10-15,GE,Av. Vaudagne 6-8,1217,Ville de Meyrin - atba,0,[]
9c5e45de-82b8-4e21-939a-a696378b1023,11854,Rénovation école de Meyrin Village - CFC 273.0 Portes,tender,construction,open,award,ecfac9bc-e3da-4597-8877-135a0b4d241c,2025-10-15,GE,Av. Vaudagne 6-8,1217,Ville de Meyrin - atba,0,[]
0f072223-ef77-49fc-ba9b-0b89650dd474,11857,Rénovation école de Meyrin Village - CFC 273.3 Menuiserie Courantes,tender,construction,open,award,2047d052-21f6-4d1c-a888-a7a926998828,2025-10-15,GE,Av. Vaudagne 6-8,1217,Ville de Meyrin - atba,0,[]
d7d6a770-123f-43d2-8873-09ed1fa64689,14880,Rénovation école de Meyrin Village - CFC 283.3 Faux Plafond,tender,construction,open,award,c3e07cb7-29a2-4fd1-869d-8e0651a39672,2025-10-15,GE,Av. Vaudagne 6-8,1217,Ville de Meyrin - atba,0,[]
fa6c704f-369c-47cc-a448-6343ec359865,17782,Rénovation école de Meyrin Village - CFC 420 Aménagement Extérieur,tender,construction,open,award,b717e6e8-057e-445c-be64-9f1969aada65,2025-10-15,GE,Avenue de Vaudagne 6-8. 1217 MEYRIN,1217,Ville de Meyrin,0,[]
32c24557-5edc-492d-8c11-cdab0d96e4bc,24849,"Ecole Secondaire Noëlla Rouget à Meyrin, construction d'un groupe scolaire et de salles omnisport - Lot 26 - Stores à lamelles",tender,construction,open,tender,1e176f50-7a8b-49bf-b63a-34be92bb822f,2025-10-15,GE,Meyrin,1217,"Etat de Genève, Département du territoire - DT, Office cantonal des bâtiments",0,[]
d257f2fa-e916-4d2d-96ba-59e607ddb42d,25173,AO 2024-156 Marclay-Rippaz-Princes,tender,construction,open,tender,7cc23061-ebad-4f28-9a1b-25f23c96903f,2025-10-15,GE,Vandoeuvres,1253,Services industriels de Genève (SIG) - Direction Achats,0,[]
398e7242-dcf4-41e6-af9d-e6242e26d44d,15511,"Vieux-Lully, Bernex - logements, commerces, centre culturel - lot 28340 Plafonds en bois et dérivés du bois",tender,construction,open,award,3172d751-be6b-4960-9872-48c31d52b804,2025-10-14,GE,Bernex,1233,Fondation de la Commune de Bernex pour le Logement,0,[]
5594231f-e9cb-4b8a-98d1-9f8405b598db,22569,Hochwasserschutz Milchbach Naters,tender,construction,open,award,cc9e5d17-63be-4149-81c0-a73ec5f5887a,2025-10-14,VS,Naters,3904,Gemeinde Naters (INGENES AG),0,[]
a534b5ba-9769-4c0b-9f1c-83990324eff6,22803,Ecole Secondaire Noëlla Rouget à Meyrin - Lot 27 - Installations de chauffage,tender,construction,open,tender,09b47b74-4c9f-456f-9f99-7f61628cea7d,2025-10-14,GE,Meyrin,1217,Département du territoire - DT - Office cantonal des bâtiments,0,[]
d0434d98-f60f-4a19-b2e4-56bf726a0e82,25071,Mise en séparatif du réseau d'assainissement - Phase 2,tender,construction,open,tender,6f772a61-70ed-42ff-a74f-9041de66b20b,2025-10-14,GE,Laconnex,1287,Commune de Laconnex  ,0,[]
f1200968-1245-426a-b511-9b4c6866848d,25057,Travaux de Fouilles GC_Renforcement Haute Tension de Val d’illiez,tender,construction,open,tender,478596ab-d215-43cc-81d1-74abc12d2fd8,2025-10-13,,,,Romande Energie SA,2,"[""478596ab-d215-43cc-81d1-74abc12d2fd8"", ""478596ab-d215-43cc-81d1-74abc12d2fd8""]"
a5100724-3025-4372-925c-bbfd5440c7ce,19120,Clinique bernoise 2028 - CFC 272.2 Travaux généraux de construction métalliques,tender,construction,open,award,49976b2b-a6e6-4eb1-870f-945033ee37d4,2025-10-11,VS,Crans-Montana,3963,"Berner Klink Montana, p.A. IAAG Architekten AG",0,[]
bad2d97b-1d93-42c1-aaac-5971ed6f101a,24389,Centre de formation de la Police - Sécurisation du stand de tir,tender,construction,open,tender,035711d8-2238-4487-9819-883ec5f68925,2025-10-11,GE,Satigny,1242,Office Cantonale des Bâtiments (OCBA),0,[]
aeccbd4f-85ae-4de4-8f84-481f9e6a72ba,24399,Centre de formation de la Police - Sécurisation du stand de tir,tender,construction,open,tender,6d03eb65-b25f-4730-b6c9-0a9df16916a3,2025-10-11,GE,Satigny,1242,Office Cantonale des Bâtiments (OCBA),0,[]
92a2a68a-55bb-4138-995a-822b64273f95,24906,"Transformation du Centre sportif La Ruayre : Rénovation du bâtiment 1722b buvette - Démolition du bâtiment 1722a, construction d'un nouveau bâtiment - Réaménagements des terrains de football, ajout d'un terrain synthétique et d'un terrain junior.",tender,construction,open,tender,e6cfb1a4-6a37-4bb5-a1b8-1ea0a7bce1d9,2025-10-11,VD,Crissier,1023,Commune de Crissier (Widmer Architectes SA),0,[]
42e20a05-4f0a-44a4-827f-63c01aae69e7,24907,"CFC424 Terrains sportifs-Transformation Centre sportif La Ruayre : Rénov. bât. 1722b buvette - Démolition bât. 1722a, construction d'un nouveau bât. - Réaménagements des terrains de football, ajout d'un terrain synthétique et d'un terrain junior.",tender,construction,open,tender,420535c9-9eaf-4646-848d-19d9cb7bc813,2025-10-11,VD,Crissier,1023,Commune de Crissier (Widmer Architectes SA),0,[]
68ca0992-068b-4d3c-9658-c0b863344c0d,25066,Flurstrassen Turtmann-Unterems,tender,construction,open,tender,47d00c56-8442-4cb7-903d-9049d4ec7b61,2025-10-11,,,,Gemeinde Turtmann-Unterems (Zumofen + Glenz AG),1,"[""47d00c56-8442-4cb7-903d-9049d4ec7b61""]"
5dc9e860-3c00-4996-91be-49e8245373f8,12982,00778 - HEIG-VD Yverdon-les-Bains - RENOVATIONS DES TOITURES - LOT 5 - CFC 231.5,tender,construction,open,award,f3baa710-3fe6-4755-a496-12691aece165,2025-10-10,VD,Yverdon-les-Bains,1400,Dolci Architectes SA,0,[]
d3a84b12-5590-4b03-8596-2e2caf9752b7,15419,CSI LE BIX : Lot 235.100 - Panneaux solaires photovoltaïques,tender,construction,open,award,e426ec35-987d-4843-bbf7-91c53d259476,2025-10-10,VD,Chemin de la Grange à Arzier-Le Muids,1273,Commune d'Arzier-Le Muids (Pragma Partenaires SA),0,[]
960adffd-8446-456a-9bab-c5b4e7558a96,15425,CSI LE BIX : Lot 281.100 - Chapes ,tender,construction,open,award,b2c7d8ee-345f-47ab-ad58-71cbd3483776,2025-10-10,VD,Chemin de la Grange à Arzier-Le Muids,1273,Commune d'Arzier-Le Muids (Pragma Partenaires SA),0,[]
bc61b610-23dc-4337-b4a5-6af4654cf4bb,15447,CSI LE BIX : Lot 281.101 - Revêtement de sol sportif,tender,construction,open,award,9b65c3c0-be4b-4bb7-b99b-481bf275447d,2025-10-10,VD,Arzier-Le Muids,1273,Commune d'Arzier-Le Muids (Pragma Partenaires SA),0,[]
66bf153c-5546-4766-97ff-d1753e0e04bd,15457,CSI LE BIX : Lot 281.102 - Revêtement de sol coulé en caoutchouc,tender,construction,open,award,e109aa64-15ad-434c-81fe-10c914cf8a8b,2025-10-10,VD,Chemin de la Grange à Arzier-Le Muids,1273,Commune d'Arzier-Le Muids (Pragma Partenaires SA),0,[]
4f212def-c1ce-4f02-b351-55b4ed72f0fd,17515,Construction du Campus EDHEA et Ecole de couture du Valais à Sierre - CFC 214.3,tender,construction,open,award,7452a962-8724-4993-bc07-fc4a0e73cbc9,2025-10-10,VS,Sierre,3960,Service immobilier et patrimoine / Dienststelle für Immobilien und Bauliches Erbe - Investissements / Investitionen,0,[]
0b204897-4a18-4238-b7d2-5770ffaf1373,18650," Rénovation des immeubles 50, 56, 58 et 60 Route des Coudres, 1298 Céligny",tender,construction,open,award,39755432-5d22-460f-ad76-cf7169f4b33e,2025-10-10,GE,"Route des Coudres 50, 56, 58, 60",1298,Fondation communale de Céligny (Bureau Mégevand Architectes),0,[]
f0e3e4b7-2eeb-46e3-8e54-2e45d5f5d9ec,22562,Kücheneinrichtung - Haus der Generationen St. Anna,tender,construction,open,award,b23f7d6e-c239-424d-9ad4-715cfa1c24a3,2025-10-10,,,,mls architekten sia ag,1,"[""b23f7d6e-c239-424d-9ad4-715cfa1c24a3""]"
b85992ce-1cea-486a-86c5-f172e83e414d,23111,Pavillon scolaire provisoire de la Planta,tender,construction,open,abandonment,c9ae9232-6c48-4bc8-b339-ae6426439c23,2025-10-10,VD,Chavannes-près-Renens,1022,Commune de Chavannes-près-Renens (CyclArchi Sàrl),0,[]
d9580b29-217d-4068-a753-e073e62c7660,24724,"Route du Chasseur, Réaménagement de l’espace public, requalification de la route et réfection des réseaux souterrains",tender,construction,open,tender,20eaac8a-9085-466f-ac8b-0e207cd2d15e,2025-10-10,VD,Prilly,1008,Ville de Prilly - Service Infrastructures et Espaces Publiques,0,[]
ef6f9633-d813-4088-918f-4fcf8a9889e5,24872,Rénovation production et distribution de chaleur à Vernier,tender,construction,open,tender,266a6242-7cd8-4bdf-847e-d5ed89ba571c,2025-10-10,GE,Vernier,1214,FTI Fondation pour les Terrains Industriels de Genève,0,[]
c5505686-2881-4d8e-9b81-8df21156d291,24933,"Affaire 21-069:	BH16-17 - TRANSF. CHAMBRES, ETAPE 3",tender,construction,open,tender,b644dafe-9702-4449-909f-fb01fc079994,2025-10-10,VD,Lausanne,1011,CHUV - Constructions ingénierie technique et sécurité (CIT-S),0,[]
508b6393-2904-4e19-ae43-9b1af8410f31,24947,Lot 244.000 Installation de ventilation,tender,construction,open,tender,bbd137eb-e2f2-4a30-98d1-0a80513f0b7c,2025-10-10,VS,Chamoson ,1955,Foyer Pierre Olivier (Pragma Partenaires SA),0,[]
61a01b46-3ca3-4867-b01c-f785de3cec4d,25001,"CFC 250 Transformation du Centre sportif La Ruayre : Rénovation du bât. 1722b buvette - Démol. du bâtiment 1722a, construction d'un nouveau bâtiment - Réaménagements des terrains de football, ajout d'un terrain synthétique et d'un terrain junior.",tender,construction,open,tender,6a4df57d-cce1-4371-b9af-af421f479a69,2025-10-10,VD,Crissier,1023,Commune de Crissier (Widmer Architectes SA),0,[]
9fa912a5-dd2f-4c26-b04e-abe1f937ec70,6656,Construction du nouveau Campus du Pôle Santé à Sion,tender,construction,open,award,eac0084a-7ea5-4f70-83cb-c410646d64c3,2025-10-10,,,,Service immobilier et patrimoine (SIP) / section investissement,7,"[""95068944-b731-4f82-b9df-c9534c88f1db"", ""53c37a7e-145d-42a8-8e2e-1cd2fe5ae680"", ""84971a97-f917-4f15-a02c-2e0b46840d0e"", ""e93dd073-d59d-4429-b40d-524fca101260"", ""56173412-4fba-405f-b82f-752be397f587"", ""62edfa16-9466-4dc8-8917-22b8662d46ff"", ""eac0084a-7ea5-4f70-83cb-c410646d64c3""]"
88a99044-24cf-4819-bb8c-91e6437cdb74,8228,CSI LE BIX : Lot 213.500 - Bardage bois,tender,construction,open,award,1bf7754b-d791-4125-8a90-48efd5692994,2025-10-10,VD,Arzier-Le Muids,1273,Commune d'Arzier-Le Muids (Pragma Partenaires SA),0,[]
bf716424-c2e0-4705-b0d5-57b8583ff6dd,11969,00778 - HEIG-VD Yverdon-les-Bains - RENOVATIONS DES TOITURES - LOT 4 - CFC 224.1 - 224.3,tender,construction,open,award,eaa12e23-7da0-4c03-8950-f551bcb5b147,2025-10-09,VD,Yverdon-les-Bains,1400,Dolci Architectes SA,0,[]
bc7d5cb8-be79-41c9-bf90-ba3e4ef4e07e,19847,Nouveau réservoir du village de Morcles,tender,construction,open,abandonment,1ad733bd-d474-416c-b1bd-d77f1dbe2fe5,2025-10-09,VD,Morcles,1892,Commune de Lavey-Morcles,0,[]
0b3a5b10-05e6-4fe1-8f07-4f6ba0fc3587,20616, Transformation et agrandissement du Collège de la Gracieuse à Morges LOT 17A Aménagements extérieurs ,tender,construction,open,abandonment,a641aa63-05a5-4d65-b04d-29f04771eb24,2025-10-09,VD,Morges,1110,"Ville de Morges, Urbanisme, constructions et espace public",0,[]
8fb08b68-2948-47f4-b401-d00056500c4f,20889,Transformation et agrandissement du Collège de la Gracieuse à Morges Travaux de CFC213 Construction métallique,tender,construction,open,abandonment,dbfddabf-0a87-4fea-87ad-00109ee8aa12,2025-10-09,VD,Morges,1110,"Ville de Morges, urbanisme, constructions et espace public",0,[]
864c381a-8a07-482c-8b56-00bb551d51d6,23586,"Sécurisation d'un affluent du ruisseau ""Le Bam""",tender,construction,open,tender,29a33129-c660-4fef-8868-ae98ada8f681,2025-10-09,VD,"Ch. du Pralenet, Rte de la Dôle et Vy de l'Etraz",1276,Commune de Gingins (Bernard Schenk SA),0,[]
5cd3163a-9f19-4585-bcbd-c81ff00d0b7e,24945,"	 Transformation du Centre sportif La Ruayre : Rénovation du bâtiment 1722b buvette - Démolition du bâtiment 1772a, construction d'un nouveau bâtiment - Réaménagements des terrains de football, ajout d'un terrain synthétique et d'un terrain junior.",tender,construction,open,tender,1a8128b8-3f19-4e03-bf4e-89dc4bc56a35,2025-10-09,VD,Crissier,1023,Commune de Crissier (Widmer Architectes SA),0,[]
149139ec-6084-4067-ac45-19c028038c81,24948,LOT 273.000 – Portes intérieures,tender,construction,open,tender,d5bd2c06-eab7-4104-88ce-d9c5eff4c948,2025-10-09,VS,Chamoson,1955,Foyer Pierre Olivier (Pragma Partenaires SA),0,[]
66dcddd9-340f-4c77-acbf-447787339960,18452,"Rénovation des immeubles 50, 56, 58 et 60 Route des Coudres, 1298 Céligny",tender,construction,open,award,c05675a7-affc-481a-9084-d71f3a44bb04,2025-10-08,GE,"Route des Coudres 50, 56, 58, 60",1298,Fondation communale de Céligny (Bureau Mégevand Architectes),0,[]
758a3550-fbe2-477d-ab56-9a65fdc0c85d,18628,"Projet d'un bâtiment de voirie et d'une déchetterie publique comprenant 2 couverts pour les containers + déchets, 1 couvert à vélos et 6 places de parcs non couvertes",tender,construction,open,award,dfc2c4de-0af1-4410-840f-97802309eace,2025-10-08,VD,Rennaz,1847,Commune de Rennaz,0,[]
70c2390e-cb92-4be7-9a5c-f0fea19c79a8,18722,"Rénovation des immeubles 50, 56, 58 et 60 Route des Coudres, 1298 Céligny",tender,construction,open,award,4c30a539-a784-4bef-a2c9-080db8107447,2025-10-08,GE,"Route des Coudres 50, 56, 58, 60",1298,Fondation communale de Céligny (Bureau Mégevand Architectes),0,[]
4cf7d48d-cc47-4623-bc2e-0adf87b8d125,20134," Rénovation des immeubles 50, 56, 58 et 60 Route des Coudres, 1298 Céligny",tender,construction,open,award,0a66f8ea-2479-48bf-948b-887589c4419e,2025-10-08,GE,"Route des Coudres 50, 56, 58, 60",1298,Fondation communale de Céligny (Bureau Mégevand Architectes),0,[]
c0c4ef64-e121-44a4-be92-e8455492e902,20229," Rénovation des immeubles 50, 56, 58 et 60 Route des Coudres, 1298 Céligny",tender,construction,open,award,8bcebaea-23bf-4072-9a31-188840ae0387,2025-10-08,GE,"Route des Coudres 50, 56, 58, 60",1298,Fondation communale de Céligny (Bureau Mégevand Architectes),0,[]
055ea95c-6736-46a2-bf81-f584c09f5e48,20603,"Grandson - Les Tuileries, Etape 1B : Rte de Giez, Rue des Tilleuls, Ch. Es Pierres et Ch. du Mont",tender,construction,open,award,9182aaab-3251-401f-a1b1-4471fef92f02,2025-10-08,VD,Grandson - Les Tuileries,1422,Commune de Grandson (DTP SA),0,[]
1007eeed-73c1-4759-8d80-37b0a3235c95,22599,Tunnel du Grand-Saint-Bernard - Assainissement de la Cheminée 1500,tender,construction,open,tender,70216807-c37c-4dcf-876e-28298fb736cc,2025-10-08,VS,Bourg-Saint-Pierre,1946,Tunnel du Grand-Saint-Bernard,0,[]
eaf5aab4-f068-4b5b-8265-62399df68684,24311,"Transformation de l'EMS des Berges du Léman, lot 25 installations de chauffage/froid",tender,construction,open,tender,ce8de7e4-8d6a-41c5-9440-c99aba292c95,2025-10-08,VD,Vevey,1800,Fondation Claire Magnin - Modernisation de l'EMS les Berges du Léman - (Ccfp groupement d’architectes p.o. Pragma Partenaires SA),0,[]
cc965092-e097-4838-a8f1-2ff36766698e,24843,"Construction de marquises, abri voyageurs et serrurerie ",tender,construction,open,tender,f2f05656-cce9-4913-9dc1-5b1fdf2adc66,2025-10-08,VD,Le Lieu,1345,TRAVYS SA,0,[]
f80f0783-439e-46e5-87bd-6094d6fad247,24873,"	 Transformation du Centre sportif La Ruayre : Rénovation du bâtiment 1772b buvette - Démolition du bâtiment 1772a, construction d'un nouveau bâtiment - Réaménagements des terrains de football, ajout d'un terrain synthétique et d'un terrain junior.",tender,construction,open,tender,559d9de6-1f35-47a0-bec8-65613c5692c7,2025-10-08,VD,Crissier,1023,Commune de Crissier (Widmer Architectes SA),0,[]
4e424e76-a6f7-46d5-9c94-2e7289f16ef9,15122,EPFL DOUBLE DECK - CFC 224.11 Etanchéité,tender,construction,open,award,a68795aa-19bf-4de6-b379-2be4331285eb,2025-10-07,VD,Lausanne,1015,EPFL - Achats,0,[]
170f9c5b-a7cc-4a94-8044-a080d67abaaa,19302,Réfection complète de la chaussée et création d'aménagements cyclables à la rue de l'Industrie à Sion sur la route du Rhône 1 (itinéraire cyclable cantonal) - Lot TP Sion 2025-12,tender,construction,open,award,1c6e0465-3ff4-420a-a559-8365e942e423,2025-10-07,VS,Sion,1950 Sion,Ville de Sion,0,[]
230e3952-6416-44d8-8455-2d455980a1fe,23529,Réaménagement de la Place du Marché de Vevey - Installations électriques et éclairage public,tender,construction,open,tender,e2446adb-067d-4b3b-aa2d-8f28fce3a721,2025-10-07,VD,Vevey,1800,"Ville de Vevey - Travaux publics, espaces verts et entretien",0,[]
36ef09cf-3a6e-4bfd-8b1e-80cba784b1e9,24495,"Vieux-Lully, Bernex - logements, commerces, centre culturel - lot 37300 Menuiserie centre culturel ",tender,construction,open,tender,0453c1c8-a29b-491e-84be-f60f4d6b4302,2025-10-07,GE,Bernex,1233,Fondation de la Commune de Bernex pour le Logement,0,[]
c81bba40-767b-43ba-9b1e-0befac3ffca5,24642,"	 Transformation du Centre sportif La Ruayre : Rénovation du bâtiment 1772a buvette - Démolition du bâtiment 1772b, construction d'un nouveau bâtiment - Réaménagements des terrains de football, ajout d'un terrain synthétique et d'un terrain junior.",tender,construction,open,tender,529962ef-23de-44a4-8277-28743bf3c09b,2025-10-07,VD,Crissier,1023,Commune de Crissier (Widmer Architectes SA),0,[]
6d6c32cc-baf1-46cc-bdcb-e4df1759426e,24643,"	 Transformation du Centre sportif La Ruayre : Rénovation du bâtiment 1772a buvette - Démolition du bâtiment 1772b, construction d'un nouveau bâtiment - Réaménagements des terrains de football, ajout d'un terrain synthétique et d'un terrain junior.",tender,construction,open,tender,f6ec9e0b-3d80-42bc-aa9e-dcc719786736,2025-10-07,VD,Crissier,1023,Commune de Crissier (Widmer Architectes SA),0,[]
77474099-b2b2-4c69-9147-722b0fc30361,24651,Campus scolaire et sportif à Champagne.           Lot 2143 Revêtement de façades bois,tender,construction,open,tender,34e47971-3f15-4a32-8797-1077ee162428,2025-10-07,VD,Champagne,1424,Commune de Champagne (Fesselet Krampulz architectes),0,[]
9968cbeb-55e9-4c59-a53e-626b55db9240,24654,Copie Campus scolaire et sportif à Champagne.           Lot 389 Equipements sportifs,tender,construction,open,tender,6c07fe3d-a452-4b9a-9ff0-8711c0be624b,2025-10-07,VD,Champagne,1424,Commune de Champagne (Fesselet Krampulz architectes),0,[]
201fd563-9eba-4f4c-ac91-9e5188d67f7d,14550,595 Gymnase du Chablais Lot 11: CFC 221.0 et 221.5 Fenêtres Et Portes Extérieures,tender,construction,open,abandonment,9eec34b9-8013-4355-a630-06b5195e99aa,2025-10-06,VD,Aigle,1860, Direction générale des immeubles et du patrimoine – DGIP,0,[]
f31e81ef-44df-4fef-8346-6476e161c4ea,24692,"	 Transformation du Centre sportif La Ruayre : Rénovation du bâtiment 1772a buvette - Démolition du bâtiment 1772b, construction d'un nouveau bâtiment - Réaménagements des terrains de football, ajout d'un terrain synthétique et d'un terrain junior.",tender,construction,open,tender,b9b567ec-515b-45c1-b4c8-8f0de07707c6,2025-10-06,VD,Crissier,1023,Commune de Crissier (Widmer Architectes SA),0,[]
0c62ae82-8071-40e0-8adc-9a565234fb5d,24680,2023-035 Bois Brulé,tender,construction,open,tender,b99d8a68-8e0f-4875-9fa5-f55fcfb07ee2,2025-10-04,GE,Grand Saconnex,1218,Services industriels de Genève (SIG) - Direction Achats,0,[]
ab3f2515-d501-4f13-8197-cfad0a30be2f,23698,Transformation d'un foyer pour personnes avec handicaps physiques à Sierre,tender,construction,open,tender,524df0f3-f9b2-4845-8c60-efb91311bede,2025-10-03,,,,Bonnard+Woeffray,4,"[""524df0f3-f9b2-4845-8c60-efb91311bede"", ""524df0f3-f9b2-4845-8c60-efb91311bede"", ""524df0f3-f9b2-4845-8c60-efb91311bede"", ""524df0f3-f9b2-4845-8c60-efb91311bede""]"
9a75395d-d2b6-477a-ab5a-ab9541377279,23772,Haute Ecole Pédagogique (HEP)_00697_Lot 106 Façade,tender,construction,open,tender,4ff6826e-da90-4e9d-913e-c979a4f10675,2025-10-03,,,,"Etat de Vaud - DEIEP - DGIP, pa Pragma Partenaires SA",1,"[""4ff6826e-da90-4e9d-913e-c979a4f10675""]"
ce3833f9-d9eb-43cf-96b0-ecc799451836,23789,Haute Ecole Pédagogique (HEP)_00697_Lot 113_Installations électriques,tender,construction,open,tender,2c4b2097-60c2-4a3b-9dcd-ff1798d82125,2025-10-03,,,,"Etat de Vaud - DEIEP - DGIP, pa Pragma Partenaires SA",1,"[""2c4b2097-60c2-4a3b-9dcd-ff1798d82125""]"
f15467d0-80f1-487c-90c1-cd4bb6c9f56f,23793,Haute Ecole Pédagogique (HEP)_00697_Lot 122_Installations de ventilation.,tender,construction,open,tender,93f14b12-ad20-4e60-a428-4cf6a8bf0892,2025-10-03,,,,"Etat de Vaud - DEIEP - DGIP, pa Pragma Partenaires SA",1,"[""93f14b12-ad20-4e60-a428-4cf6a8bf0892""]"
94bc66f5-af1c-4b17-9255-bde266fc27ea,23796,Haute Ecole Pédagogique (HEP)_00697_Lot 123_Installations sanitaires,tender,construction,open,tender,467d3b4f-a7fb-4daa-a844-9383db320af2,2025-10-03,,,,"Etat de Vaud - DEIEP - DGIP, pa Pragma Partenaires SA",1,"[""467d3b4f-a7fb-4daa-a844-9383db320af2""]"
9c48bb57-0230-451e-b93e-08f7d25ea3bf,23799,Haute Ecole Pédagogique (HEP)_00697_Lot 136_Couche de support / chapes,tender,construction,open,tender,fc1e73b3-a5c7-4485-aa67-1fb1f605873c,2025-10-03,,,,"Etat de Vaud - DEIEP - DGIP, pa Pragma Partenaires SA",1,"[""fc1e73b3-a5c7-4485-aa67-1fb1f605873c""]"
a5dc80a7-7e7b-4306-9eb3-ad67339263fc,24095,Complexe multisports de Colovray - Lot 52 Revêtement de sol sans joints,tender,construction,open,tender,19238ccb-16e0-48b4-81a5-316b6c0c3caf,2025-10-03,VD,Nyon,1260,Pragma partenaires SA,0,[]
4a1f8859-3680-438f-8b5c-e61f8b9e1c0e,24443,CHUV APE BU44: Installations électriques CFC 23,tender,construction,open,tender,6cadea65-5692-4f0a-8b07-1bd86b8f6aa1,2025-10-03,VD,Lausanne,1011,CHUV Construction ingénierie technique et sécurité (CIT-S),0,[]
c88df8c6-97e0-42f0-ab3a-c3a05f4244f2,24602,LOT 221.100 – Fenêtres et portes extérieures,tender,construction,open,tender,d20b040e-44a8-4f7b-95dd-ad7c48472440,2025-10-03,VS,Chamoson ,1955,Foyer Pierre Olivier (Pragma Partenaires SA),0,[]
aa7438fa-62d4-4a30-a558-150222d0882e,17066,Aménagement halle Catogne III - LOT 32 : Charpente métallique,tender,construction,open,award,fcbfb604-34e3-480a-87ec-3c22619fc48c,2025-10-02,VS,Martigny,1920,Achats - TMR SA,0,[]
d617ddba-ae96-4684-90df-3750f73d0e1f,18078,"Vieux-Lully, Bernex - logements, commerces, centre culturel - lot 25801 Cuisines",tender,construction,open,award,9627b54f-5464-4c74-b2b0-af7bd5ab9910,2025-10-02,GE,Bernex,1233,Fondation de la Commune de Bernex pour le Logement,0,[]
315be122-b557-4a1a-8690-5d630e307334,19444,"Aménagement d'un trottoir mixte sur la route d'Escala et des Laminoirs, à Sierre, sur la RC no T9 St-Maurice - Brig",tender,construction,invitation,award,57332f65-6657-4468-9f57-ebbcc76bf89c,2025-10-02,VS,Sierre,3960,"Département de la mobilité, du territoire et de l'environnement",0,[]
4a68bc35-b972-4a08-908a-45ebd858410c,20535,Travaux aménagements extérieurs parc Rigot ,tender,construction,open,award,ef35134a-4e8f-4e02-97eb-87c1edb68aec,2025-10-02,GE,"Av. de la Paix 9, Genève",1202 ,"Etat de Genève - Département du territoire, office cantonal de l’agriculture et de la nature",0,[]
72b522fa-272f-47a8-a589-0c1d8f984d98,24478,Hôpital Lavaux 281.600 Carrelage,tender,construction,open,tender,9760de8e-7623-44e2-98e4-e487b224ad99,2025-10-02,VD,Cully,1096,Hôpital de Lavaux - Projet IMAGO,0,[]
84dc318e-e010-4f3a-b96c-9f7b915121a8,23545,Pont BUTIN - Pose de panneaux de protection aux projections d'eau sur les glissières du pont,tender,construction,open,tender,c49006f4-cf65-4e30-8cce-e3f539d1df33,2025-10-01,GE,Pont Butin,1203,REPUBLIQUE ET CANTON DE GENEVE - OCGC - DSM - Service des ouvrages d'art,0,[]
649c1394-50ab-408a-bc03-1bd1d6d4ccb4,14602,Tubage DN 1400 et 1100 - 2 X 1700 m -  Conduites GéniLac – Secteur JAG - Marché des travaux ,tender,construction,open,award,58af3328-eaa9-48a7-b2fa-4b8b7d5e600c,2025-11-29,GE,Grand-Saconnex,1218,"Services Industriels de Genève - Direction Droit, Achats & Risques              ",0,[]
3ae6a5ae-b960-4908-98bf-72732fe60ee6,19970,Kollegium Brig – Sanierung Internat / BKP 230 Elektroanlagen (Südtrakt),tender,construction,open,award,272d77d2-ae78-4ce4-bba4-eff5349c7e34,2025-11-28,VS,Brig-Glis,3900,Service immobilier et patrimoine / Dienststelle für Immobilien u. Bauliches Erbe - Gérance et entretien d'immeuble / Immobilienverwaltung u. Unterhalt,0,[]
0c03f269-7422-4a52-b9ca-9df301750647,21360,Rénovation du Poste HT-MT de la Foretaille  Lot 6 : SAN PHASE 1,tender,construction,open,award,96702988-76a0-4a49-8757-0e448956a49a,2025-11-28,GE,"Chemin des Clys 10, 1293 Bellevue",1293,Services industriels de Genève (SIG) - Direction Achats,0,[]
28762d05-8ee3-4177-b895-2bac4161e983,22291,Kopie Kollegium Brig – Sanierung Internat / BKP 358 Kücheneinrichtungen (Südtrakt),tender,construction,open,award,d5568ded-26d1-4c0d-822b-3574d1208bd4,2025-11-28,VS,Brig-Glis,3900,Service immobilier et patrimoine / Dienststelle für Immobilien u. Bauliches Erbe - Gérance et entretien d'immeuble / Immobilienverwaltung u. Unterhalt,0,[]
728eaecf-0e00-45fa-b04d-24a817a2575b,22532,"Sanierung Motorfahrzeugkontrolle, Visp",tender,construction,open,award,17df0cb7-0569-4450-a25f-67e204ca64ee,2025-11-28,VS,Visp,3930,"Kanton Wallis Departement für Finanzen und Energie, Dienststelle für Immobilien und Bauliches Erbe",0,[]
38dac21e-0f72-43cd-b75e-8b09d49aec5c,27760,Chemin de Pallettes et chemin des Biondes – Travaux de génie civil,tender,construction,open,tender,764d881e-dff3-4d61-9142-0a6eeba983ef,2025-11-28,VD,Renens,1020,Ville de Renens - Service Infrastructures et Mobilité,0,[]
322f1b93-d452-4319-a23e-a8bc6249482b,27809,Terminal Combiné de Monthey - Rive droite - Appareillage et DI,tender,construction,open,tender,eab65175-ac83-4061-8524-be04811ce9dc,2025-11-28,VS,Monthey,1870,Terminal combiné de Monthey SA,0,[]
d21eced8-4720-4f1e-aa23-4b066c4c373b,27835,Refroidissement eau de l'Arve - CFC 246,tender,construction,open,tender,714bde71-1319-444f-b265-9f2eb39f8aee,2025-11-28,GE,Genève,1205,Office cantonal des bâtiments ,0,[]
3cf34f49-c51b-41c4-a940-53aef895cef4,15125,EPFL DOUBLE DECK - CFC 283 Faux-plafonds bois et métalliques,tender,construction,open,award,e4cfdaa1-6151-4e09-92b9-5c510ad699ec,2025-11-27,VD,Lausanne,1015,EPFL - Achats,0,[]
dccdd111-f79b-4a37-babd-baef5540078d,25526,Lufttechnische Anlagen - Haus der Generationen St. Anna,tender,construction,open,award,31892d0f-2ba7-45fc-8163-4f0df3b8630f,2025-11-27,,,,mls architekten sia ag,1,"[""31892d0f-2ba7-45fc-8163-4f0df3b8630f""]"
ed919760-4eef-4854-a4e8-8041d8ecc0bf,27744,NOUVEL EMS - YVONAND - CFC 249 MCR,tender,construction,open,tender,f205e801-2ce0-4954-8894-c67975c7db77,2025-11-27,VD,Yvonand,1462,Fondation Saphir (quartal),0,[]
ea462e3b-58ad-4343-b7c0-83702583664b,20769,290_NSAE à Vouvry - Construction de nouvelles structures d'accueil de l'enfance à Vouvry,tender,construction,open,award,4137d945-aafd-49e0-bba0-9dc6f3313b2d,2025-11-26,VS,Vouvry,1896,Commune de Vouvry (Esposito + Javet architectes),0,[]
f0059857-abb1-4767-b15d-1b93797bfc72,22826,"Construction d'un centre médical, salle multi-usages, UAPE et crèche à Evolène - CFC 273 - Menuiseries intérieures",tender,construction,open,award,fb7dc98d-a600-4050-9591-98312e518c6f,2025-11-26,VS,Evolène,1983,Commune d'Evolène - service technique,0,[]
539e759e-46f0-417a-b8c2-bec2d82b8f39,26009,Haute Ecole Pédagogique (HEP)_00697_Lot 121_ MCR,tender,construction,open,tender,85b749ab-3a09-428c-8890-6778f36204b6,2025-11-26,,,,"Etat de Vaud - DEIEP - DGIP, pa Pragma Partenaires SA",1,"[""85b749ab-3a09-428c-8890-6778f36204b6""]"
aa9d48c7-8572-41ce-9b66-ed13ea870915,27297,Haute Ecole Pédagogique (HEP)_00697_Lot 138_ Revêtement sol et parois en carrelage,tender,construction,open,tender,01e2a808-9a40-4701-80e2-abf102776948,2025-11-26,,,,"Etat de Vaud - DEIEP - DGIP, pa Pragma Partenaires SA",1,"[""01e2a808-9a40-4701-80e2-abf102776948""]"
b89be04e-e7d1-48d3-b272-7be839ec7fa5,27577,Surélévation des 3 salles de gymnastique du CO des Colombières à Versoix - Ouvrages métalliques,tender,construction,open,tender,ed62b748-2ced-4e39-ba91-18fa93777839,2025-11-26,GE,Versoix,1290,Office cantonal des bâtiments (OCBA) - MARCH,0,[]
3fb4e020-a9e0-404b-82bb-ae88c89c96e5,19118,Clinique bernoise 2028 - CFC 214.6 Travaux de montage en bois,tender,construction,open,award,3d983a29-3046-4d4f-855c-77bb2ee8080c,2025-11-25,VS,Crans-Montana,3963,"Berner Klink Montana, p.A. IAAG Architekten AG",0,[]
ac4957d7-e3c3-4f81-8f33-6822ff728dd3,19125,Clinique bernoise 2028 - CFC 281.3 Revêtements de sol Lino Textile Bois,tender,construction,open,award,e3e97fbf-34d0-43e1-a4a2-c6ab6619a004,2025-11-25,VS,Crans-Montana,3963,"Berner Klink Montana, p.A. IAAG Architekten AG",0,[]
0727f8e5-9454-419a-938c-93ee00f6fb75,19295,Clinique bernoise 2028 - CFC 282.4 Carrelages,tender,construction,open,award,5b133a09-1e02-4538-b0b0-0f9c8e7b687b,2025-11-25,VS,Crans-Montana,3963,"Berner Klink Montana, p.A. IAAG Architekten AG",0,[]
f02cd2d9-661e-4677-b424-f904b13cff5a,19297,Clinique bernoise 2028 - CFC 285 Travaux de peinture,tender,construction,open,award,dae09f89-0019-47c5-8963-d67f10662fc1,2025-11-25,VS,Crans-Montana,3963,"Berner Klink Montana, p.A. IAAG Architekten AG",0,[]
893984d2-bd28-464b-bcd2-d97c16a6132a,19515,Clinique bernoise 2028 - CFC 222 Travaux de ferblanterie,tender,construction,open,award,e1cf7c93-35ee-4013-b332-7732035ef546,2025-11-25,VS,Crans-Montana,3963,"Berner Klink Montana, p.A. IAAG Architekten AG",0,[]
a6042270-3dc0-423e-ac1b-b998594b85da,19517,Clinique bernoise 2028 - CFC 273.1 Travaux de menuiserie généraux,tender,construction,open,award,8c8d83ba-7c0e-4e13-9cba-2aafc4b477c6,2025-11-25,VS,Crans-Montana,3963,"Berner Klink Montana, p.A. IAAG Architekten AG",0,[]
2d818c71-d0f0-470f-b867-71016ff91eef,19527,Clinique bernoise 2028 - CFC 273.0 Portes intérieures en bois,tender,construction,open,award,f8f4d3ac-7960-45c4-a639-c638ff1c9db6,2025-11-25,VS,Crans-Montana,3963,"Berner Klink Montana, p.A. IAAG Architekten AG",0,[]
fa3e7c43-977d-4012-a8c5-e79d34700617,19545,Clinique bernoise 2028 - CFC 231 Installations à courant fort (distributions secondaires),tender,construction,open,award,efd390f1-216b-4640-89c5-7b90c509649b,2025-11-25,VS,Crans-Montana,3963,"Berner Klink Montana, p.A. IAAG Architekten AG",0,[]
f5bdeff6-e283-4015-bb3e-32cb0e5eaeb3,20367,Nouvel établissement de formation de l'Ecole de Soins et Santé Communautaire ESSC à Saint-Loup (Pompaples) - CFC 273.3 Menuiserie courante,tender,construction,open,award,4075f1a7-cfd9-44d2-9f59-9692f412e13e,2025-11-25,VD,Pompaples,1318,Ecole de soins et santé communautaire - atelier cube sa,0,[]
f484a76f-d4cd-4c34-9251-7b8ee993c69f,20370,Nouvel établissement de formation de l'Ecole de Soins et Santé Communautaire ESSC à Saint-Loup (Pompaples) - CFC 271 Plâtrerie,tender,construction,open,award,fd45fc26-0f52-47cf-9d3a-24fb41c99e84,2025-11-25,VD,Pompaples,1318,Ecole de soins et santé communautaire - atelier cube sa,0,[]
db201135-e360-4d97-a1ef-11ac94a7e927,20746,Clinique bernoise 2028 - CFC 231 Distribution principale éléctric,tender,construction,open,award,a36fb482-af26-4226-bcf0-751b634542fe,2025-11-25,VS,Crans-Montana,3963,"Berner Klink Montana, p.A. IAAG Architekten AG",0,[]
184d44e0-c439-432d-b068-befee7b5ef25,22155,Clinique bernoise 2028 - CFC 221 Fenêtres en bois et plastique,tender,construction,open,award,475acaf3-cf0b-48b2-b9db-dd00e9ad845f,2025-11-25,VS,Crans-Montana,3963,"Berner Klink Montana, p.A. IAAG Architekten AG",0,[]
015aa758-97d5-4e66-b2ed-864a7a51a9e5,27611,Centrale biosolaire Step d'Aire,tender,construction,open,tender,64c19fc3-b881-413a-b840-26553a00f6ea,2025-11-25,GE,AIRE,1288,Services industriels de Genève (SIG) - Direction Achats,0,[]
48479141-9ccf-4e27-a70d-72b85955bb0f,27620,Renaturation de la Valleyre - aménagements extérieurs,tender,construction,open,tender,2b7e19f1-a383-4ffb-b43c-97524f95ce9b,2025-11-25,VD,Le Mont-sur-Lausanne,1052,Commune du Mont-sur-Lausanne,0,[]
0f9e6a8b-94f4-4e9f-9034-1693463d2e59,27005,P2022/84 - COMPLEXE SCOLAIRE DE NYON MARENS - Lot 1 - CFC 112-113-211 - Gros oeuvre,tender,construction,open,tender,280608bb-f3a2-41bf-8f33-b7f49a6132c5,2025-11-24,VD,Route du Stand 11,1260,Ville de Nyon - Service d'architecture,0,[]
173d6557-2e37-4b02-ae4c-abbebd938feb,27454,Commune de Valbroye_Pôle Enfance_Lot 23,tender,construction,open,tender,f93e46bd-d38c-4f37-8e90-1f202c433ddf,2025-11-24,VD,Granges-Marnand,1523,Commune de Valbroye,0,[]
df5d0220-70d4-4ce6-970e-8c328282f4cc,27504,P2022/84 - COMPLEXE SCOLAIRE DE NYON MARENS - Lot 3 - CFC 214 - Construction en bois,tender,construction,open,tender,79073628-5209-4c88-b1b1-72a28fbc2229,2025-11-24,VD,Route du Stand 11,1260,Ville de Nyon - Service d'architecture,0,[]
faaa9117-b59d-43d0-877b-b0f04d11d189,27505,P2022/84 - COMPLEXE SCOLAIRE DE NYON MARENS - Lot 4 - CFC 221 - Menuiseries extérieures,tender,construction,open,tender,b6721846-a4c8-4127-9cf2-a256c688a63b,2025-11-24,VD,Route du Stand 11,1260,Ville de Nyon - Service d'architecture,0,[]
2b0db69f-9db7-45bb-9448-e3d961a0387b,27506,P2022/84 - COMPLEXE SCOLAIRE DE NYON MARENS - Lot 5 - CFC 222-224-225 - Toitures plates,tender,construction,open,tender,242a772d-7179-49e3-b107-f2ed5de90454,2025-11-24,VD,Route du Stand 11,1260,Ville de Nyon - Service d'architecture,0,[]
cc40b723-d998-434c-a8e1-c58a84d5f1d2,27507,P2022/84 - COMPLEXE SCOLAIRE DE NYON MARENS - Lot 7 - CFC 230 - Installations électriques,tender,construction,open,tender,eb2a6d19-4a9d-4f9c-a344-18ab7e363f11,2025-11-24,VD,Route du Stand 11,1260,Ville de Nyon - Service d'architecture,0,[]
61f5d529-5e03-4fed-9ca6-6b16d0d7c4b7,27508,P2022/84 - COMPLEXE SCOLAIRE DE NYON MARENS - Lot 8 - CFC 242 - Installations de chauffage,tender,construction,open,tender,4c02ca31-9de8-4c51-af60-16ac954840a0,2025-11-24,VD,Route du Stand 11,1260,Ville de Nyon - Service d'architecture,0,[]
97df440d-f31e-4e1d-b4dd-90bc2fccb358,27511,P2022/84 - COMPLEXE SCOLAIRE DE NYON MARENS - Lot 9 - CFC 244 - Installations de ventilation,tender,construction,open,tender,d843edcc-b0ee-47e0-b897-954c8af45212,2025-11-24,VD,Route du Stand 11,1260,Ville de Nyon - Service d'architecture,0,[]
8e7a9b59-2990-46ae-9007-33467ca0ca03,27513,P2022/84 - COMPLEXE SCOLAIRE DE NYON MARENS - Lot 10 - CFC 246 - Installations de refroidissement - production de froid.,tender,construction,open,tender,6d2fe785-70ac-4cfa-a4d5-e35c4e561230,2025-11-24,VD,Route du Stand 11,1260,Ville de Nyon - Service d'architecture,0,[]
130e458d-f0c9-438e-b050-52d83031742c,27514,P2022/84 - COMPLEXE SCOLAIRE DE NYON MARENS - Lot 11 - CFC 250 - Installations sanitaires,tender,construction,open,tender,8125c683-6b22-4e04-824b-3172caa805ea,2025-11-24,VD,Route du Stand 11,1260,Ville de Nyon - Service d'architecture,0,[]
d54306d2-8a68-49f2-b879-dbc7ba431ed1,27516,P2022/84 - COMPLEXE SCOLAIRE DE NYON MARENS - Lot 12 - CFC 258 - Equipements de cuisine professionnelle,tender,construction,open,tender,8e331134-0fd4-481b-8ba8-f1cc673dbc73,2025-11-24,VD,Route du Stand 11,1260,Ville de Nyon - Service d'architecture,0,[]
943c3e50-b416-44ee-8c49-2ce5c714cda5,27522,P2022/84 - COMPLEXE SCOLAIRE DE NYON MARENS - Lot 16 - CFC 273 - Menuiseries intérieures,tender,construction,open,tender,ea98b226-afbb-4f3a-9292-10c68e1fccb5,2025-11-24,VD,Route du Stand 11,1260,Ville de Nyon - Service d'architecture,0,[]
bf2379bf-9e4a-4144-8c0c-7179fc2d9fcf,22937,Remplacement de portes automatiques,tender,construction,open,award,4794e7da-5a3f-4304-8105-5cbccd6a229a,2025-11-22,GE,GENEVE 15,1215,Genève Aéroport,0,[]
9409dbf9-61f3-44a1-b10a-86028ea893f4,24649,Chaufferie Lignon – Lot 10 Procédé et équipements,tender,construction,open,tender,6efd3d5e-ccbf-4bd8-9162-00571c868f19,2025-11-22,GE,Le Lignon,1219,Services industriels de Genève (SIG) - Direction Achats,0,[]
b7d6a281-c3f4-44d6-95b8-788b264c854c,27535,Collège de Grand-Vennes_Mise en conformité du réseau EC-EU,tender,construction,open,tender,092b099c-b679-4fd9-a554-18f9dc4af4e0,2025-11-22,VD,Lausanne,1010,Ville de Lausanne – EJQ - Service des écoles et du parascolaire (SEP),0,[]
3b32ea0a-a188-45c8-9a2c-4e8aad196717,14399,Construction du nouveau Campus du Pôle Santé à Sion - CFC 421.0 aménagements extérieurs,tender,construction,open,award,1a59e006-2d44-43fa-ae8e-7a2db657af01,2025-11-21,VS,Sion,1950,Service immobilier et patrimoine (SIP) / section investissement,0,[]
72174f1e-a343-4664-98e3-60d7281b0591,15329,Construction du nouveau Campus du Pôle Santé à Sion - CFC 249.0 MCR - automatismes du bâtiment,tender,construction,open,award,58b5636d-417f-4018-bff0-1731470c04c6,2025-11-21,VS,Sion,1950,Service immobilier et patrimoine (SIP) / section investissement,0,[]
320d91fd-da79-4a91-808f-31bc4f0a4355,27310,NOUVEL EMS - YVONAND - CFC 228.12 VOLETS ROULANTS – LAMES MÉTALLIQUES - MOUSTIQUAIRES,tender,construction,open,tender,ae92e407-9884-479b-ae4d-8699b3d3eee6,2025-11-21,VD,Yvonand,1462,Fondation Saphir (quartal),0,[]
fcade37f-21fd-430e-8d4a-753c2201acfa,27312,NOUVEL EMS - YVONAND - CFC 228.17 VOLETS ROULANTS – LAMES EN BOIS - MOUSTIQUAIRES,tender,construction,open,tender,e302acba-49d9-47de-838e-fabddf0f05a7,2025-11-21,VD,Yvonand,1462,Fondation Saphir (quartal),0,[]
6c28bf25-6c05-4944-9731-bb86019b6a21,27434,Complexe multisports de Colovray - Lot 53 Terrazzo,tender,construction,open,tender,48c714ab-0fe0-466f-810c-fd3816bd7bc4,2025-11-21,VD,Nyon,1260,Pragma partenaires SA,0,[]
b0a995be-18b6-46a6-bc0f-0db6192d89d1,27437,Complexe multisports de Colovray - Lot 39 Menuiseries courantes,tender,construction,open,tender,5067a24c-20b3-48e4-8dc3-c2ecbf9f1a8d,2025-11-21,VD,Nyon,1260,Pragma partenaires SA,0,[]
28bea4f2-1b39-4bc6-b975-25cd07c5f1ab,27453,Bardonnex. Projet de construction de la nouvelle école primaire de Compesières.,tender,construction,open,tender,71c3d941-404b-4701-89c2-8b8ccf75e54b,2025-11-21,GE,Compesières,1257,Commune de Bardonnex (Ferrari Architectes),0,[]
7aef1d39-5830-41ac-b34f-dd97e3d9f5e1,27487,Ville de Meyrin - Coeur de cité - Soumission du volet fourniture et pose de mobiliers,tender,construction,open,tender,d55ea3ca-f62c-4a3b-94b5-53452d02279b,2025-11-21,GE,Meyrin ,1217,Ville de Meyrin ( Oxalis Architectes paysagistes associés SARL),0,[]
b7f489f0-3f8e-4f46-955b-6ae2e29adbe4,17039,EPFL DOUBLE DECK - CFC 273.01 Portes intérieures bois,tender,construction,open,award,bd0d35d1-95ec-494c-a9a2-377602ecf1e6,2025-11-19,VD,Lausanne,1015,EPFL VPF Achats,0,[]
4f16c730-b0e9-43af-b058-45e693b9f931,27218,"Extension du Collège du Léman à Apples , lot 14 bis, CFC 273 Menuiserie courante et portes intérieures",tender,construction,open,tender,2c9079c7-eaae-4572-91bf-ecfe2b10b988,2025-11-19,VD,Apples,1143,Association Scolaire intercommunale d'Apples-Bière et environs,0,[]
a0a3bf49-192e-4d83-8484-5fa19dd88721,13993,Campus Santé - Lot 435 Revêtement bois HESAV,tender,construction,open,abandonment,a9fb41bc-dc3a-45da-984e-824318699e17,2025-11-18,VD,Chavannes-près-Renens,1022,Etat Vaud - DGIP p/a Pool de mandataires Banquet,0,[]
6dbd6b8b-2424-4dca-b8f1-92a16ef47353,15790,EPFL DOUBLE DECK - CFC 281.61 Revêtements carrelages faïences,tender,construction,open,award,e67dd402-16fa-40e6-a3d6-5115d0128c70,2025-11-18,VD,Lausanne,1015,EPFL - Achats,0,[]
c98e9ccc-017c-4bd7-ba4e-9247e26e629e,19014,Campus Santé -  lot 250 Stores pliants auditorium,tender,construction,open,abandonment,f27a316f-7d91-44c9-9cac-d725a3b05bb4,2025-11-18,VD,Chavannes-près-Renens,1022,Etat Vaud - DGIP p/a Pool de mandataires Banquet,0,[]
dd96f829-ef07-47bc-bdd2-50c2170fcf29,26755,Installations de sprinkler,tender,construction,open,tender,8f60a203-b1e0-4792-91da-912839984bda,2025-11-18,VD,Renens,1020,Transports publics de la région lausannoise SA - Ferrari Architectes,0,[]
c5a0110f-1f1a-463d-8b1e-da3316fb025b,26841,"Ville de Prilly - Réaménagement du parc du Grand-Pré, création d’un accès PMR, d’un bassin d’agrément et remplacement des installations ludiques.",tender,construction,open,tender,fefd63ac-4cf9-40a0-bd55-b02414a7a68d,2025-11-18,VD,Prilly,1008,Ville de Prilly - Infrastructures et Espaces Publics,0,[]
9e0d67a2-a25d-4cca-a6e9-7221515e94e9,26850,Extension du cycle d'orientation du Foron -  CFC 281.6 Carrelages - CFC 282.4 Faïences ,tender,construction,open,tender,5b04e931-a2bd-4778-a3a4-872e0574797a,2025-11-18,GE,"Chemin du Foron, 43 - Thônex",1226,OFFICE CANTONAL DES BATIMENTS,0,[]
1c53128d-8cdb-497f-a780-1275a199c0be,27130,"Jardin Doret, Vevey - Travaux de jardinage",tender,construction,open,tender,36fdf3fd-389a-4e4b-a074-5fd5b19f1e5c,2025-11-18,VD,Vevey,1800,"Ville de Vevey - Travaux publics, espaces verts et entretien (MAP)",0,[]
670c0a51-677f-48be-a776-51a0c8388063,27155,"Jardin Doret, Vevey - Travaux spéciaux et de génie civil",tender,construction,open,tender,11b321ec-df7c-4713-96dd-b7f3ebe50653,2025-11-18,VD,Vevey,1800,"Ville de Vevey - Travaux publics, espaces verts et entretien (MAP)",0,[]
2d0a3953-1f2b-4c87-bfdc-6394dfc1dca2,27169,AO 2024-196 Rte d'Hermance,tender,construction,open,tender,83619053-0af8-4bc1-b00f-63a4146904c5,2025-11-18,GE,Hermance,1248,Services industriels de Genève (SIG) - Direction Achats,0,[]
af2898da-3b37-4811-8a8a-931fa25870dd,26719,3 rue des Savoises - Genève - AO Procédure ouverte nationale - Réfection de l'enveloppe du bâtiment - Menuiseries extérieures en bois,tender,construction,open,tender,4128024f-5e8c-4e63-89cb-586e013a44bd,2025-11-17,GE,Genève,1205,Office Cantonal des Bâtiments (OCBA),0,[]
528c221d-1ee7-4180-82f4-37acbe84e84f,26720,3 rue des Savoises - Genève - AO Procédure ouverte nationale - Réfection de l'enveloppe du bâtiment - Travaux de ferblanterie - Etanchéité - Isolation,tender,construction,open,tender,9dc3e7f0-25b7-4fb3-bd6b-68219e76596f,2025-11-17,GE,rue des Savoises 3,1205,Office Cantonal des Bâtiments (OCBA),0,[]
d9911348-3aea-4a49-81d6-e18d8519537d,26722,3 rue des Savoises - Genève - AO Procédure ouverte nationale - Réfection de l'enveloppe du bâtiment - Travaux de pierre naturelle,tender,construction,open,tender,8bfc2ad6-fc6a-4966-a0a2-0f9c7599778e,2025-11-17,GE,rue des Savoises 3,1205,Office Cantonal des Bâtiments (OCBA),0,[]
440cf2d2-e291-4524-a1f9-2125f1755369,10217,STEP Aïre2+ - LOT GC04 - Charpente Métallique Micropolluants,tender,construction,open,award,0470e8c3-e199-4b20-bf10-d709e84ee545,2025-11-15,GE,Aire,1219,Services industriels de Genève (SIG) - Direction Achats,0,[]
6a533555-6926-42a7-ac57-8d25e9a321c7,10520,Avenue d'Aïre - Réhabilitation de deux conduites d'eau potable,tender,construction,open,award,32444884-b03b-43be-9820-63571c0ad767,2025-11-15,GE,Genève,1203,Services industriels de Genève (SIG) - Direction Achats,0,[]
5fddd7c9-6c05-4e2e-bde5-0a776af1276e,14326,Fairmont GLU 20MW – Lot Thermique,tender,construction,open,award,58e25abb-49e6-4d8d-82c2-6a3637f4727e,2025-11-15,GE,Genève,1201,Services industriels de Genève (SIG) - Direction Achats,0,[]
1037e060-4994-49c2-9021-4b52854146b4,15260,Chemin de la Blonde - Réhabilitation d'une conduite d'eau potable,tender,construction,open,award,2c6a56bf-a4ce-4a53-aa7a-ad0b25f77690,2025-11-15,GE,Vandœuvres,1253,Services industriels de Genève (SIG) - Direction Achats,0,[]
2deca349-843e-4d98-9c71-e49702e6a933,15276,"CFC 272 - CFC 221.6 - Portes intérieures, extérieures en métal et fenêtres int.",tender,construction,open,abandonment,2aa0660a-c6d6-4091-8688-b70d40924f64,2025-11-15,GE,Le Grand-Saconnex,1218,Office cantonal des bâtiments (OCBA) - BKTK,0,[]
593c0a73-be07-4d2a-91a1-6ecb504e86fc,18535,Hôpital Lavaux Lot 224.800 Aménagement de toiture accessible,tender,construction,open,award,1c41f4bb-327b-4bd1-902b-24ab252cb944,2025-11-15,VD,Cully,1096,Hôpital de Lavaux - Projet IMAGO,0,[]
258d7941-59ac-4735-aceb-e57c673506b8,18883,Rénovation du Poste HT-MT de la Foretaille - Lot 4 : CVC+Adb PHASE 1 ,tender,construction,open,award,92e9b46a-48dd-4b1e-9793-585eec6e0ac6,2025-11-15,GE,Poste HT MT FORTAILLE ,1293,Services industriels de Genève (SIG) - Direction Achats,0,[]
085dc8c1-0e8d-49d1-aea8-66b0236ebbef,18896,Hôpital Lavaux Lot 400.000 Aménagements extérieurs,tender,construction,open,award,9f36efea-431a-4b54-9630-61c954dbedee,2025-11-15,VD,Cully,1096,Hôpital de Lavaux - Projet IMAGO,0,[]
573a0b77-a2ee-4dcb-a1f8-8ce3c1c42245,5066,"Rénovation du Poste HT-MT de la Foretaille - Lot 1 : Installations de chantier, Démolition et désamiantage",tender,construction,open,award,c99d87d7-16a1-4605-b9fd-e10e25dbb1b5,2025-11-15,GE,Bellevue,1293,Services industriels de Genève (SIG) - Direction Achats,0,[]
7f709338-8911-476f-9754-99d121bef383,8044,STEP Aïre 2+ - Lot AR 15-01 : Peinture intérieure Micropolluants,tender,construction,open,award,2683c83f-db44-4fd5-8142-5173d20d9306,2025-11-15,GE,"STEP Aïre2, Chemin de la Verseuse , 1219 Aïre",1219,Services industriels de Genève (SIG) - Direction Achats,0,[]
1f4634d5-1650-40ca-8cf5-9c8df8d32bc4,24388,"Réfection de la route de Chermoran à Bluche, sur la RC no 47 Montana Village - Bluche, sur le territoire de la commune de Crans-Montana",tender,construction,open,award,c3f1643a-66c9-4338-b649-2bbf85392e5c,2025-11-14,VS,Crans-Montana,3963,"Département de la mobilité, du territoire et de l'environnement",0,[]
020d22cf-d659-40c6-98c6-0d13cd0e0444,26758,Couverture - étanchéité,tender,construction,open,tender,353edf5b-0d61-4b25-bce6-1d9fd09d3337,2025-11-14,VD,Renens,1020,Transports publics de la région lausannoise SA - Ferrari Architectes,0,[]
bc9a2733-0227-408f-b99d-a9fbf1f3e2a8,26966,"Extension du Collège du Léman , lot 12 CFC 271 Plâtrerie - peinture",tender,construction,open,tender,30bc76c1-a005-4a2f-ba9d-14ab9f17a84e,2025-11-14,VD,Apples,1143,Association Scolaire intercommunale d'Apples-Bière et environs,0,[]
9a3f1857-05a8-45bc-a465-e29419d036e3,26998,Assainissement Electrolytor bâtiment 9 site de Gessimo (Monthey),tender,construction,open,tender,4b7dc96a-5232-4eaf-88c5-5cc64598aa57,2025-11-14,VS,Rte de Clos-Donroux 1,1870,Chancellerie Central d'achats,0,[]
24b03a8d-eaed-407f-9ff8-4d6ba3687a35,12564,"Construction d'une nouvelle aile de salles de classe, aménagements extérieurs, démolition du Portakabin (ECA 1149) et mise en place d'une construction temporaire - 05B Façades vitrées",tender,construction,open,award,752c355e-7201-4b6b-865c-1210965db091,2025-11-12,VD,Chavornay,1373,Commune de Chavornay - pour adresse: Beauverd & Halter Architectes Sàrl,0,[]
9ef225df-8677-4ed3-9b27-f53a7ac04172,12743,CHENEVIERS III - Systèmes de nettoyage faisceaux chaudières par ondes de choc,tender,construction,open,award,5b02f5a8-e937-400c-a222-c720065bef90,2025-11-12,GE,Aire-la-Ville,1288,Services industriels de Genève (SIG) - Direction Achats,0,[]
45a29fde-39bf-4ccd-b0a4-933ba95ff12a,18018,Doublet géothermique Satigny 2 et 3 – Lot GC,tender,construction,open,award,4676dca4-e249-4377-93a2-da5c83a5bc6d,2025-11-12,GE,Satigny,1242,Services industriels de Genève (SIG) - Direction Achats,0,[]
896e9ffd-8b78-46b3-8197-69f80cf26d73,18455,STEP Aïre2+ - Lot AR 06 - Ouvrages métalliques courants,tender,construction,open,award,8d0ae43a-24c0-4f2a-99c2-a18ac5b508c1,2025-11-12,GE,Aire,1219,Services industriels de Genève (SIG) - Direction Achats,0,[]
f2be4754-fa72-414a-b5ed-549668d71417,19371,Rénovation Beau-Site - CFC 221 - Fenêtres et portes extérieures en bois,tender,construction,open,abandonment,1f3308c0-b1d8-4a4f-8ddc-aa6fbc8dc9cf,2025-11-12,VD,Aigle,1860,Transports Publics du Chablais SA,0,[]
9ddbb63b-cb84-476a-b6e0-b07a42e3af3d,26656,TRANSFORMATION DE L’ANCIEN « HÔTEL DU GLACIER »,tender,construction,open,tender,8b6f270b-1301-4491-ab03-d7aa9069ed41,2025-11-12,VS,Trient,1929,Commune de Trient,0,[]
510d558f-704a-4f90-a57d-f9323c73155e,26818,BARRAGE DE SEUJET RENOVATION DES INSTALLATIONS CVCSR – MCRC,tender,construction,open,tender,afc8c6d6-267d-4fef-86ed-52e5b96d766b,2025-11-12,GE,Rue De La Coulouvrenière n.°7,1204,"Services Industriels de Genève (SIG) - Direction Droit, Achats & Risques",0,[]
2a2c063f-13e5-49be-8ce5-9d0ac8c87c9b,22112,Aménagements des préaux extérieurs pour le groupe scolaire d'Anières,tender,construction,open,award,ee9df522-2a9f-4bb4-925c-90b17d8fc785,2025-11-11,GE,Anières,1247,Mairie d'Anières,0,[]
94aac223-b088-475d-a7b2-b29548ee5341,23742,Haute Ecole Pédagogique (HEP)_00697_Lot 105 Echafaudages,tender,construction,open,tender,05bbe422-f856-4882-afcb-dffe9b9f6cc1,2025-11-11,,,,"Etat de Vaud - DEIEP - DGIP, pa Pragma Partenaires SA",1,"[""05bbe422-f856-4882-afcb-dffe9b9f6cc1""]"
bb627c02-730f-470a-bc03-a70c0451c9f4,23778,Haute Ecole Pédagogique (HEP)_00697_Lot 108_Ferblanterie & Etanchéité de toit plat,tender,construction,open,tender,e335c622-3e90-49eb-9883-0a01dc875889,2025-11-11,,,,"Etat de Vaud - DEIEP - DGIP, pa Pragma Partenaires SA",1,"[""e335c622-3e90-49eb-9883-0a01dc875889""]"
14245dc7-10ee-4035-9c7c-66b67e3f74f0,23792,Haute Ecole Pédagogique (HEP)_00697_Lot 120_Installations de chauffage et de froid,tender,construction,open,tender,e9d8d61a-7cfe-40b9-840c-1ffa347223dc,2025-11-11,,,,"Etat de Vaud - DEIEP - DGIP, pa Pragma Partenaires SA",1,"[""e9d8d61a-7cfe-40b9-840c-1ffa347223dc""]"
8aeec37b-0aa9-4a77-b82e-6ea000377368,23797,Haute Ecole Pédagogique (HEP)_00697_Lot 125_Installations de transport,tender,construction,open,tender,b8610493-d9d0-439f-9c46-bd18583e7097,2025-11-11,,,,"Etat de Vaud - DEIEP - DGIP, pa Pragma Partenaires SA",1,"[""b8610493-d9d0-439f-9c46-bd18583e7097""]"
c2f5a515-29e7-4b56-89ea-3ff172859205,26321,Air comprimé,tender,construction,open,tender,41d0760f-372b-484a-ae1e-a3d829907888,2025-11-11,VD,Renens,1020,Transports publics de la région lausannoise SA - Ferrari Architectes,0,[]
855a92da-9f02-4dfa-85f0-ca7f5dcbbce8,26421,Extension du cycle d'orientation du Foron -  CFC 273 - Menuiserie,tender,construction,open,tender,24fc7a8b-2b9e-4217-9505-eb43ba0c231f,2025-11-11,GE,"Chemin du Foron, 43 - Thônex",1226,OFFICE CANTONAL DES BATIMENTS,0,[]
22bbe6ca-1b98-4098-9031-e93d10a92851,26429,Extension du cycle d'orientation du Foron -  CFC 281 - Revêtement de sol ,tender,construction,open,tender,8051b548-f82f-4a48-85c5-037a141c493f,2025-11-11,GE,"Chemin du Foron, 43 - Thônex",1226,OFFICE CANTONAL DES BATIMENTS,0,[]
5e0b0407-8be4-4fe8-b091-a73d462209ac,26636,Centrale GeniLac_Quai du Mont-Blanc 1-4,tender,construction,open,tender,6160fe7d-9def-44c7-aca9-da7c89802da4,2025-11-10,GE,Quai du Mont-Blanc 1-4,1201 GE,Services industriels de Genève (SIG) - Direction Achats,0,[]
6204fbdd-5781-4adc-b548-ce2666c00e29,14744,Rénovation de l'hôpital Le Samaritain en clinique gériatrique et de réadaptation (CGR) et restructuration du parc_Groupe A3 - Lot 242000-246000 Travaux d’installations de chauffage et de refroidissement,tender,construction,open,award,f5c94e20-08f7-4d20-b624-5512e85b59ed,2025-11-08,,,,Hôpital Rivièra Chablais (HRC),1,"[""f5c94e20-08f7-4d20-b624-5512e85b59ed""]"
93f19304-08f6-4a48-9db9-fdf95a793a38,14756,CCF (Centrale Chaleur Force) Bois Déchets Lignon - lot 1 procédé en entreprise totale,tender,construction,selective,abandonment,f601d09d-b79a-4573-b26c-491c30bf2ae6,2025-11-08,GE,Le Lignon,1219,Services industriels de Genève (SIG) - Direction Achats,0,[]
f92403e2-af49-4e3a-a4bb-26f394d57b42,16343,Rénovation de l'hôpital Le Samaritain en clinique gériatrique et de réadaptation (CGR) et restructuration du parc_Groupe A3 - Lot 271000 Travaux de Plâtrerie / Peinture,tender,construction,open,award,4f3a90cd-31fd-4906-9af5-7b441bb946c5,2025-11-08,,,,Hôpital Rivièra Chablais (HRC),1,"[""4f3a90cd-31fd-4906-9af5-7b441bb946c5""]"
c2820c0a-4c1d-4467-952c-30cd19ac5ffc,26729,Meynite-Meinier-Lot Serrurerie Intérieur,tender,construction,open,tender,2db04964-6ff2-48d1-a7b4-723a807b9f68,2025-11-08,GE,meinier,1252,Fondation Immobilière de Meinier (FIM) - acau architecture sa,0,[]
41243964-9c41-4305-9218-42864aab37d6,14403,Construction du nouveau Campus du Pôle Santé à Sion - CFC 276.0 installations d'obscurcissement,tender,construction,open,award,3fe16db7-4f72-4f4e-8295-2c12495e102b,2025-11-07,VS,Sion,1950,Service immobilier et patrimoine (SIP) / section investissement,0,[]
1f8e9dce-5d1e-42d0-9a0d-bce64c7203e2,14471,Construction du nouveau Campus du Pôle Santé à Sion - CFC 273.4 menuiserie intérieur / modules bois avec éléments vitrés,tender,construction,open,award,3b3c4554-32a2-4b73-8e1e-6d1c4f3eeecc,2025-11-07,VS,Sion,1950,Service immobilier et patrimoine (SIP) / section investissement,0,[]
571bafc1-887c-4e61-98b2-8e12f7b3caf8,19899,Kollegium Brig – Sanierung Internat / BKP 240 Heizungsanlagen (Südtrakt),tender,construction,open,award,cd6c00a0-2df7-4771-b314-e9dbb81b1794,2025-11-07,VS,Brig-Glis,3900,Service immobilier et patrimoine / Dienststelle für Immobilien u. Bauliches Erbe - Gérance et entretien d'immeuble / Immobilienverwaltung u. Unterhalt,0,[]
27b75a5a-721f-424f-8114-236243646589,19900,Kollegium Brig – Sanierung Internat / BKP 244 Lufttechnische Anlagen (Südtrakt),tender,construction,open,award,150762e7-b24d-4083-b9fe-a2c7dbf622eb,2025-11-07,VS,Brig-Glis,3900,Service immobilier et patrimoine / Dienststelle für Immobilien u. Bauliches Erbe - Gérance et entretien d'immeuble / Immobilienverwaltung u. Unterhalt,0,[]
f9198e7c-a3bb-4f76-bdfb-2a2484142f5a,19902,Kollegium Brig – Sanierung Internat / BKP 250 Sanitäranlagen (Südtrakt),tender,construction,open,award,de070916-fbc3-4c79-8e31-4cdad805b8da,2025-11-07,VS,Brig-Glis,3900,Service immobilier et patrimoine / Dienststelle für Immobilien u. Bauliches Erbe - Gérance et entretien d'immeuble / Immobilienverwaltung u. Unterhalt,0,[]
5b5de80b-c3d6-4422-83ce-79a5a45a914b,20353,SOS2 Réfection des sols sportifs,tender,construction,open,abandonment,ecc07104-0b7f-48ad-bb26-1bd40dcad033,2025-11-07,VD,Lausanne,1015,UNIL - UNIBAT - Domaine planification et projets,0,[]
6fad1f77-5056-4c9c-b353-694f287a68a9,25970,Construction et transformation des ateliers de l'EPCL sur le site de Crêtelongue à Sierre - CFC 463,tender,construction,open,tender,12a702e3-9736-49d1-b517-b24a4e1878e1,2025-11-07,VS,Granges,3977,Service Immobilier et Patrimoine - Investissement / Dienststelle für Immobilien und Bauliches Erbe - Investitionen,0,[]
c2c8dfdc-abc7-49da-8a5c-63abbf0d15d6,26071,ARA Briglina - Realisierung BKP 332 Elektroinstallationen ,tender,construction,open,abandonment,d840cb77-b915-4bc0-9f3c-61e36337b0fa,2025-11-07,VS,Gamsen,3902,Zweckverband ARA Briglina – Ausbau und EMV (SPI),0,[]
91bc8275-db71-410a-811a-ec9016c08b2a,26164,Remplacement de la production de froid de la patinoire d'Yverdon-les-Bains,tender,construction,open,tender,a9f9a2e7-02d3-4fc1-817e-db61a56bf98a,2025-11-07,VD,Allée de Winterthour 1 - Yverdon-les-Bains,1400,Ville d'Yverdon-les-Bains - Service des bâtiments (BAT),0,[]
f0cc95cc-589a-4ff9-9a11-caa692bb6efb,26460,Agrandissement et rénovation de l'école du Belvédère_CFC 281.5_Terrazzo,tender,construction,open,tender,82e83db8-67ad-4599-8e95-51259201fc42,2025-11-07,GE,Chêne-Bougeries,1224,Commune de Chêne-Bougeries - Giorgis Rodriguez Architectes SA,0,[]
3df0ab3c-3cfc-4c6c-9294-2512e374b70f,26471,Agrandissement et rénovation de l'école du Belvédère_CFC 281.6-282.4_Carrelage-Faïence,tender,construction,open,tender,fcb3230c-e79c-4a77-a516-2fd6e7442d83,2025-11-07,GE,Chêne-Bougeries,1224,Commune de Chêne-Bougeries - Giorgis Rodriguez Architectes SA,0,[]
5f919bb9-408a-431e-90d3-a559bb372a9a,26534,Refonte complète des installations sportives : Démolitions et terrassements,tender,construction,open,tender,6a7598e6-75c4-4430-94b6-ec2b9d118122,2025-11-07,VD,Puidoux,1070,Commune de Puidoux (Sportfloor Ingénierie SA),0,[]
e64570c7-c865-43a4-86be-ad02031601b0,26535,Refonte complète des installations sportives : Infrastructures et réseaux souterrains,tender,construction,open,tender,9a96ef16-5e31-48a4-9094-60517faa934b,2025-11-07,VD,Puidoux,1070,Commune de Puidoux (Sportfloor Ingénierie SA),0,[]
2f5ed81f-cb3d-4f55-b3db-5df6a75b34b3,26575,"Affaire n°20-094, Cery Bâtiment de laboratoires, site de Cery nord à Prilly, CFC n° 242-246, travaux chauffage-froid ",tender,construction,open,tender,11475fea-4e7c-44fd-9b6e-441f2b31a9c9,2025-11-07,VD,Prilly,1008,CHUV-Construction Ingénierie Technique et Sécurité (CIT-S) - Diserens Maurel Architectes,0,[]
a0582a3b-7822-4691-af05-8e474bc57513,26578,"Affaire n°20-094, Cery Bâtiment de laboratoires, site de Cery nord à Prilly, CFC n° 244, travaux ventilation",tender,construction,open,tender,f0327d3e-906c-4710-93bc-a2c1950b7055,2025-11-07,VD,Prilly,1008,CHUV-Construction Ingénierie Technique et Sécurité (CIT-S) - Diserens Maurel Architectes,0,[]
0b3e9f85-e8da-4a63-ab5f-558ea663c4ea,26579,"Affaire n°20-094, Cery Bâtiment de laboratoires, site de Cery nord à Prilly, CFC n° 250, travaux installations sanitaires",tender,construction,open,tender,1b1b77f5-6745-4972-a2cf-f0336be088a7,2025-11-07,VD,Prilly,1008,CHUV-Construction Ingénierie Technique et Sécurité (CIT-S) - Diserens Maurel Architectes,0,[]
ccf1898d-69a1-4796-9604-5c1d89127ce3,26580,"Affaire n°20-094, Cery Bâtiment de laboratoires, site de Cery nord à Prilly, CFC n° 259, travaux installations gaz spéciaux",tender,construction,open,tender,e458ca00-1a22-413e-8e8c-9ec4f162f643,2025-11-07,VD,Prilly,1008,CHUV-Construction Ingénierie Technique et Sécurité (CIT-S) - Diserens Maurel Architectes,0,[]
b13458f0-53b9-4fd1-a4d7-01981600a51c,26593,"Affaire n°20-094, Cery Bâtiment de laboratoires, site de Cery nord à Prilly, CFC n° 233, fourniture lustrerie",tender,construction,open,tender,81bb2e16-c900-42c2-8a1f-f18b17353f70,2025-11-07,VD,Prillly,1008,CHUV-Construction Ingénierie Technique et Sécurité (CIT-S) - Diserens Maurel Architectes,0,[]
9e800186-934e-4aa6-90c1-9785b38bdc49,26594,"Affaire n°20-094, Cery Bâtiment de laboratoires, site de Cery nord à Prilly, CFC n° 231, fourniture tableaux distribution électrique",tender,construction,open,tender,1c31f6db-38e0-4358-8ed5-d67f9630e50a,2025-11-07,VD,Prilly,1008,CHUV-Construction Ingénierie Technique et Sécurité (CIT-S) - Diserens Maurel Architectes,0,[]
f3920eac-3650-492b-9765-eba084df2a84,26621,Refonte complète des installations sportives : Installations sportives,tender,construction,open,tender,d45d97d0-122a-44e9-9549-3d0488680146,2025-11-07,VD,Puidoux,1070,Commune de Puidoux (Sportfloor Ingénierie SA),0,[]
85646ca8-e1bb-4453-b9d0-452c41150d05,26644,"Construction d'une caserne de pompier de type E, d'une voirie et 2 logements à Crissier - LOT 1 TERRASSEMENT - DEMOLITION",tender,construction,open,tender,805e94a1-5cc0-4c32-adaf-bc3c987ce4ec,2025-11-07,VD,"Chemin de la Colice 23-25, Crissier",1023,Commune de Crissier,0,[]
bb542a88-3094-4d71-9150-2f7708f5a1a2,26645,"Construction d'une caserne de pompier de type E, d'une voirie et 2 logements à Crissier - LOT 3 MACONNERIE - BETON ARME - AMENAGEMENTS EXTERIEURS",tender,construction,open,tender,815c9f8a-fd15-4d8e-922e-8d00f22c60e4,2025-11-07,VD,"Chemin de la Colice 23-25, Crissier",1023,Commune de Crissier,0,[]
46e9902e-4f59-4da8-803a-b0365ce80521,26646,"Construction d'une caserne de pompier de type E, d'une voirie et 2 logements à Crissier - LOT 4 CHARPENTE - FACADE",tender,construction,open,tender,c8508460-55eb-4fc5-9c27-2c8ed4d5d9c5,2025-11-07,VD,"Chemin de la Colice 23-25, Crissier",1023,Commune de Crissier ,0,[]
17869640-8444-4c28-b134-ce45724b844a,26647,Lot 224.100 Etanchéité de toitures plates,tender,construction,open,tender,acc2a774-a2ab-473f-9741-4d3393612e4a,2025-11-07,VS,Chamoson - Suisse,1955,Foyer Pierre Olivier (Pragma Partenaires SA) ,0,[]
7e0f9c2e-8774-4455-b14b-6f86d7c53069,15022,"595 Gymnase du Chablais CFC 223 232 233.2 235.3 236 237 331 et 443 Installations électriques, mise à terre et éclairage de secours",tender,construction,open,award,8e1407a8-af2e-4900-b165-9bf288f7be51,2025-11-06,VD,Aigle,1860,Direction générale des immeubles et du patrimoine – DGIP,0,[]
134c7445-4ace-441a-88c1-134485d467f9,18422,Hôpital Lavaux Lot 277.000 Cloisons amovibles,tender,construction,open,abandonment,77bb1fe5-1fb5-4493-b14e-bb7a1eb636f5,2025-11-06,VD,Cully,1096,Hôpital de Lavaux - Projet IMAGO,0,[]
779c0d28-32e9-410c-823c-261dd55ae362,18845,596 Gymnase d'Echallens Lot No 1: CFC 131 155 172  201.0 201.1 et 211.4 Terrassement Travaux Speciaux Et Canalisations,tender,construction,open,award,6de5d047-8fd4-4232-96eb-7f505a431f1b,2025-11-06,VD,Échallens,1040,Direction générale des immeubles et du patrimoine – DGIP,0,[]
7d4a7186-de1b-46d3-9980-3f0a3c157d1f,19021,596 Gymnase d'Echallens Lot No 4: CFC 213.0 213.2 213.9 Constructions en acier,tender,construction,open,award,64c09435-6c61-4f4b-8fde-77ff488b9dcd,2025-11-06,VD,Échallens,1040,Direction générale des immeubles et du patrimoine – DGIP,0,[]
3dd1db7d-5e75-44c3-b80f-74b921f72f83,26511,"Renouvellement de la gare MVR de Vevey, rénovation de la marquise historique III, travaux de charpente, ferblanterie et couverture, CFC 214 222 224",tender,construction,open,tender,2d7f492e-b64d-4da6-8ce3-d74a45e28f8c,2025-11-06,VD,Vevey,1800,Transports Montreux-Vevey-Riviera SA - Infrastructure Projets,0,[]
e671bb39-af40-422a-9db6-3d95840fbe7f,18382,"CFF, Ligne n°100, Sierre : Passage Supérieur de Beaulieu – Travaux GC",tender,construction,open,award,0088f3eb-c754-40b9-8f6c-288031f4f1d6,2025-11-05,VS,Sierre,3960,SBB CFF FFS Achats projets de construction Région Ouest,0,[]
9ba5d596-10ff-492b-9be1-28ac94996f9c,24921,"Renouvellement de la gare MVR de Vevey, rénovation de la marquise historique III, travaux de serrurerie",tender,construction,open,tender,1f4bca22-b88b-4e87-876c-23839394166a,2025-11-05,VD,Vevey,1800,Transports Montreux-Vevey-Riviera SA - Infrastructure Projets,0,[]
57a11e7a-fe85-40ae-a4e9-588ee7eb2fcd,25991,Haute Ecole Pédagogique (HEP)_00697_Lot 110_ Equipements à courant fort (tableaux électriques),tender,construction,open,tender,cb40e793-ca08-45d4-be7a-c1161c4442ae,2025-11-05,,,,"Etat de Vaud - DEIEP - DGIP, pa Pragma Partenaires SA",1,"[""cb40e793-ca08-45d4-be7a-c1161c4442ae""]"
14703c94-5581-4d82-9316-994057e76eed,26005,Haute Ecole Pédagogique (HEP)_00697_Lot 114_ Lustrerie,tender,construction,open,tender,66d21868-ca01-4529-9674-4af2d339b35d,2025-11-05,,,,"Etat de Vaud - DEIEP - DGIP, pa Pragma Partenaires SA",1,"[""66d21868-ca01-4529-9674-4af2d339b35d""]"
9647d64e-1cdd-4fc1-acdc-c70b06fcc871,26007,Haute Ecole Pédagogique (HEP)_00697_Lot 137_ Revêtement de sol sans joint.,tender,construction,open,tender,3fcd7336-4090-42c5-aaf6-1feee1a5eb7b,2025-11-05,,,,"Etat de Vaud - DEIEP - DGIP, pa Pragma Partenaires SA",1,"[""3fcd7336-4090-42c5-aaf6-1feee1a5eb7b""]"
387495de-e8f0-411d-abfe-9447f1d66cb7,26386,"Construction d'une caserne de pompier de type E, d'une voirie et 2 logements à Crissier - LOT 11 ELECTRICITE",tender,construction,open,tender,bb69c534-d2c4-4d9d-9b24-f2f2a1b35c53,2025-11-05,VD,"Chemin de la Colice 23-25, Crissier",1023,Commune de Crissier,0,[]
6f89ae2c-bfe7-4615-bed3-b4c98788f978,26388,"Construction d'une caserne de pompier de type E, d'une voirie et 2 logements à Crissier - LOT 15 SANITAIRES",tender,construction,open,tender,9f0d9688-4f43-44d2-94c2-ce39d6ff1cc1,2025-11-05,VD,"Chemin de la Colice 23-25, Crissier",1023,Commune de Crissier,0,[]
2f2fc7b4-edb6-44ed-9650-91ae7d9ad929,15888,MP-LEB 2025.01.213 Sous-station Chauderon-courant de traction ,tender,construction,open,abandonment,39e7d821-61ef-480c-b90a-39f32429fa68,2025-11-04,VD,Renens,1020,Transports publics de la région lausannoise sa,0,[]
e7704227-0a4b-476d-87eb-42fc779dceb5,18157,Premier : Rue des Fontaines et Rte de Bretonnières,tender,construction,open,award,6ea437ff-e26d-4641-8abf-64d9f25fc932,2025-11-04,VD,Premier,1324,Commune de Premier (DTP SA),0,[]
7d41e723-a359-435d-9ad7-dc44800db34b,21265,HUG - MATE 4 - RENOVATION MATERNITE ETAPE 4 BAT 3A - CFH 261 ASCENSEURS V3,tender,construction,open,award,de42f8a7-55c9-4cde-ba06-e73205ede58e,2025-11-04,GE,GENEVE,1205,Centrale d'achats et d'ingénierie biomédicale Vaud-Genève (CAIB),0,[]
8c30828f-5562-4596-bfb3-65dd5e33d892,25944,Extension du cycle d'orientation du Foron -  CFC 282/285 - Revêtement de parois - Peinture ,tender,construction,open,tender,b2f302ac-0546-4785-9dd8-6c948655b275,2025-11-04,GE,"Chemin du Foron, 43 - Thônex",1226,OFFICE CANTONAL DES BATIMENTS,0,[]
2e5662f5-ab27-4d7d-954c-8251fee46d6f,26351,"Construction d'une caserne de pompier de type E, d'une voirie et 2 logements à Crissier - LOT 9 ETANCHEITE",tender,construction,open,tender,095da7a8-485b-4880-87f6-73516c73db61,2025-11-04,VD,Chemin de la Colice 23-25,1023,Commune de Crissier,0,[]
6bc88597-8590-4914-8793-919e66edff73,16914,Rénovation réseau EU EC  ,tender,construction,open,award,c3ee4cf2-a58a-469e-a869-60880fddd43d,2025-11-03,,,,Genève Aéroport,2,"[""c3ee4cf2-a58a-469e-a869-60880fddd43d"", ""4adfa689-0982-479e-99b8-a07062bfe123""]"
1608e764-5786-4e4e-854b-9ebe82770b77,26149,Complexe multisports de Colovray - Lot 48 Revêtements de parois en bois,tender,construction,open,tender,6cc3e2ea-ba0a-49ac-a98f-014dac612364,2025-11-03,VD,Nyon,1260,Pragma partenaires SA,0,[]
2ff47fad-5156-49b7-817d-be2be6e1d06f,26214,Travaux de Génie Civil - Mise souterraine ligne moyenne tension - Collombey - Vouvry,tender,construction,open,tender,8ee8df48-2039-4fac-a04e-d644f0f2e819,2025-11-03,VS,Vouvry,1896,Bas-Valais Energie SA (Romande Energie),0,[]
ec9f8854-56b9-4796-bd6a-a154671897c3,26247,"L10190 SB Centre d'entretien Sierre, CFC 273 Menuiserie intérieure",tender,construction,open,tender,e347043d-03d3-43d1-9ac6-aca565fe801f,2025-11-03,VS,Sierre,3960,Dienststelle für Nationalstrassenbau / Service de la construction des routes nationales,0,[]
20907e3a-8162-4bf9-acc8-4d3ccc754484,26252,"L10174 SB Centre d'entretien Sierre, CFC 281.1 Sols en résine",tender,construction,open,tender,04667f8c-f003-4098-96aa-281e8ff28f79,2025-11-03,VS,Sierre,3960,Dienststelle für Nationalstrassenbau / Service de la construction des routes nationales,0,[]
c413139d-cc91-4e3c-96ce-7b2d0c637e84,26261,Commune d’Epalinges - Réfection routière et mise en conformité LHand - Chemin des Tuileries,tender,construction,open,tender,f1e79b9c-3ac9-4ff5-a23a-7a740796a1ea,2025-11-03,VD,Epalinges,1066,Commune d’Epalinges - Service Travaux et environnement,0,[]
d332e46b-ba4e-427d-9021-f0a90dd2e105,22666,Réaménagement de la Morge à Conthey - Travaux GC de protection contre les crues/renaturation,tender,construction,open,award,81fa55fd-75cb-4ddb-81e5-7ccca8385bde,2025-11-01,VS,Conthey,1964,Commune de Conthey (Holinger SA),0,[]
f7de7c93-e091-493f-ad0d-9a979297c719,25801,Appel d'offres à investisseurs - vente en DDP de superficie d'un immeuble d'habitation de 14 logements à loyer modéré (LLM) et de 16 places de parc intérieures à Crissier,tender,construction,open,tender,471354a0-e19b-4711-8202-84b90cb159b1,2025-11-01,VD,Crissier,1023,Société vaudoise pour le logement (SVL) SA,0,[]
cca46e7d-079f-4696-8e81-ec38c0240b7d,26186,Assainissement et surélévation de la voirie de Romanel-sur-Lausanne,tender,construction,open,tender,bc8c5258-ad6d-4a0c-b592-68fe7a93fc93,2025-11-01,VD,Chemin de l'Orio 29,1032,Romanel-sur-Lausanne - Bureau technique,0,[]
f4ddadf2-6f61-44ce-8c6f-e49e1c077e9a,26201,Assainissement et surélévation de la voirie de Romanel-sur-Lausanne,tender,construction,open,tender,3caa11c4-4ab1-4dc2-b9e8-8ecc98f31034,2025-11-01,VD,Chemin de l'Orio 29,1032,Romanel-sur-Lausanne - Bureau technique,0,[]
91a14979-cccc-4a87-975f-d6458deef062,26209,Hôpital Lavaux Lot 273.102 Armoires murales Phase 2,tender,construction,open,tender,7630b1ce-0f71-4f2a-bbad-882320a7f8f2,2025-11-01,VD,Cully,1096,Hôpital de Lavaux - Projet IMAGO,0,[]
d7650ce1-b371-42d5-ab52-0d44e93f4102,26223,Assainissement et surélévation de la voirie de Romanel-sur-Lausanne,tender,construction,open,tender,32b4af62-9357-4d92-bd53-ec6b005061f8,2025-11-01,VD,Chemin de l'Orio 29,1032,Romanel-sur-Lausanne - Bureau technique,0,[]
26cfae60-9a78-4f02-888c-8ed6900f8bcf,26246,"Réfection du revêtement entre Bella Plache et Prassan sur la RC no 209 Praz-Jean - St-Martin, sur le territoire de la commune de St-Martin",tender,construction,invitation,award,9cae5ab7-052b-4960-a5ec-67d250eba856,2025-12-29,VS,St-Martin,1969,"Département de la mobilité, du territoire et de l'environnement",0,[]
4c479fff-1cf7-4d52-bd71-68b98d71d51e,24088," Rénovation des immeubles 50, 56, 58 et 60 Route des Coudres, 1298 Céligny",tender,construction,open,award,5ccb860e-eb71-4c2e-a648-c65e111547a0,2025-12-22,GE,"Route des Coudres 50, 56, 58, 60",1298,Fondation communale de Céligny (Bureau Mégevand Architectes),0,[]
baef738d-14fb-429e-b87d-e42c734a974b,25603,"Tiefbauarbeiten 50 kV Leitung Oberhofen - Steffisburg, Ersatz Kabelengpass M184 - MS2 (Gurnigelweg)",tender,construction,invitation,award,94be89e9-9d04-4850-bd3f-b5d2058967c6,2025-12-22,VS,Steffisburg,3612,BKW Energie AG - Procurement Services,0,[]
855396aa-241d-4022-9f53-2500f02b6f19,29261,OIKEN YPERIA LOT 273.000 Portes intérieures en bois,tender,construction,open,tender,dc997c94-529c-4c08-9aae-2f0856e2d1c2,2025-12-22,VS,Sierre,3960,OIKEN SA (Pragma Partenaires SA),0,[]
ccc85c5c-9c13-4437-ad97-37805dc80be1,19574,Campus Santé -  lot 156 Désenfumage ,tender,construction,open,award,b93e56fe-887b-4e26-9bda-65be03b24298,2025-12-21,VD,Chavannes-près-Renens,1022,Etat Vaud - DGIP p/a Pool de mandataires Banquet,0,[]
f1dc8de2-204c-42a7-8d2d-6bec6d88c87d,27572,MS4_extension de la maison de la santé à Sembrancher,tender,construction,open,award,2362a50f-3f27-4632-a306-4686fa6cf12c,2025-12-20,,,,Association de la Maison de la Santé du Grand Entremont,1,"[""2362a50f-3f27-4632-a306-4686fa6cf12c""]"
86fe471d-4454-421d-a395-3049fae08493,29128,"Centre sportif de Verbier - CFC 273.11 Menuiserie bancs, armoires, mobilier piscine, tablettes",tender,construction,open,tender,90232871-96b0-4a10-b789-fe013a1d00b3,2025-12-20,VS,Verbier,1936,Quartal Sàrl,0,[]
902426a2-0004-48fa-93cc-33a2b99a07c7,29130,Centre sportif de Verbier - CFC 339 Fontaines en pierre et plots de départ,tender,construction,open,tender,5131ce31-bb74-4005-b537-dfe2b5e0f5fd,2025-12-20,VS,Verbier,1936,Quartal Sàrl,0,[]
495ce04d-9196-451d-b429-a2cf363d717e,16419,Planification et construction en entreprise totale du nouveau bâtiment « Espace Famille » aux Avanchets,tender,construction,open,award,c06f3a85-7313-4dce-bdf1-2882d6a002b2,2025-12-19,GE,Vernier,1214,Ville de Vernier - Service des bâtiments (SBA) (Irbis Consulting),0,[]
7e188929-715e-4256-907d-e447dc39a30d,24348,Requalification du Prieuré 2a -Pully en restaurant et bibliothèque communale.,tender,construction,open,award,2b4c168a-3da0-4ad9-b5b7-d69ba3c6a300,2025-12-19,VD,Pully,1009,Ville de Pully - Direction de l'Urbanisme et de l'Environnement - Regtec SA,0,[]
be7d7cb9-2f40-4155-a757-965cf8ec8c79,24792,Commune de Savièse / Torrent de la Tornassière / Secteur Granois,tender,construction,open,award,90259f0d-a517-44f2-89e4-42360ee0aba3,2025-12-19,VS,Savièse,1965,Municipalité de Savièse ,0,[]
0539512a-a0d5-4ed5-ad9b-5040c1bef4e5,28913,Av. de Lavaux - Réaménagement et mise en conformité des arrêts de bus,tender,construction,open,tender,efb0a7c8-5ac0-48d6-a078-54ba9f0c2334,2025-12-19,VD,Avenue de Lavaux,1009,Ville de Pully - Direction des travaux et des services industriels (Mosini et Caviezel SA),0,[]
cd385a77-220e-4aa3-93b3-d71f89be3b40,28952,Campus du Pôle Santé - CFC 857.1 - Forage puits de pompage,tender,construction,open,tender,4c8387b6-f314-4dac-a333-922792dafe19,2025-12-19,VS,Sion,1950,Service immobilier et patrimoine / Dienststelle für Immobilien und Bauliches Erbe - Investissements / Investitionen,0,[]
edd48217-e656-49ed-8024-7417ade94f15,16934,Nouveau site scolaire de Champs d'Aullie au Mont-sur-Lausanne - CFC 250 Installations sanitaires,tender,construction,open,award,8e8020a1-a57f-4c5d-9522-d3a447046182,2025-12-18,VD,Le Mont-sur-Lausanne,1052,Quartal Sàrl,0,[]
0494b517-9494-415c-8a36-7d3e3e619a1d,16935,Nouveau site scolaire de Champs d'Aullie au Mont-sur-Lausanne - CFC 240-244 Installations de chauffage-ventilation,tender,construction,open,award,f504e4af-eafc-462c-b8e0-ff42ed179f5a,2025-12-18,VD,Le Mont-sur-Lausanne,1052,Quartal Sàrl,0,[]
b26630b9-078b-4e8b-aa33-01e6461ba9ee,16936,Nouveau site scolaire de Champs d'Aullie au Mont-sur-Lausanne - CFC 230 Installations électriques,tender,construction,open,award,3d039197-79d3-40a3-b1a9-95b2b5c80de0,2025-12-18,VD,Le Mont-sur-Lausanne,1052,Quartal Sàrl,0,[]
27ada816-56f0-4473-af21-698c2753df21,16941,Nouveau site scolaire de Champs d'Aullie au Mont-sur-Lausanne - CFC 211 Maçonnerie-béton armé,tender,construction,open,award,75ebf58f-9637-4029-a9cf-0845b7a5c339,2025-12-18,VD,Le Mont-sur-Lausanne,1052,Quartal Sàrl,0,[]
3ece9e39-2c45-4752-8c93-2fd93d4c005b,16949,Nouveau site scolaire de Champs d'Aullie au Mont-sur-Lausanne - CFC 172 Travaux spéciaux,tender,construction,open,award,24ac9f32-3d2f-45e9-bfa1-a4ecf393dc29,2025-12-18,VD,Le Mont-sur-Lausanne,1052,Quartal Sàrl,0,[]
bfdc1b08-fc28-42e4-9ae1-9c5b48231b63,16953,Nouveau site scolaire de Champs d'Aullie au Mont-sur-Lausanne - CFC 261 Ascenseurs,tender,construction,open,award,2845866c-93a4-48c2-9ac8-eae6848b6108,2025-12-18,VD,Le Mont-sur-Lausanne,1052,Quartal Sàrl,0,[]
d3851119-5d54-43dd-92f7-8f6cc6a0f914,16983,Nouveau site scolaire de Champs d'Aullie au Mont-sur-Lausanne - CFC 214 Charpente en bois,tender,construction,open,award,eda7c17d-632a-4f95-a8ca-0f8c0793c04b,2025-12-18,VD,Le Mont-sur-Lausanne,1052,Quartal Sàrl,0,[]
9086b1d4-4821-4c66-a7aa-540cdf81647b,28471, Extension du cycle d'orientation du Foron -  CFC 213.2/228 Escalier de secours en serrurerie ,tender,construction,open,tender,a28977d4-2933-4429-b828-3c05a5bc5f2b,2025-12-18,GE,"Chemin du Foron, 43 - Thônex",1226,OFFICE CANTONAL DES BATIMENTS,0,[]
cb4f435b-0983-4f33-9242-8e0822a9f8f0,28951,ASIRE - Eclairage Collège de Bercher,tender,construction,open,tender,97ea18db-d326-44af-9562-81b9b0c7bc0e,2025-12-18,VD,Bercher,1038,Association scolaire région Echallens - ASIRE (bureau Bréa Ingénieurs Conseils Sàrl),0,[]
9aa6fafc-0763-44a1-97fa-732072593dff,28988,Avenue de Cour et chemin de Contigny,tender,construction,open,tender,b55eecc7-19ef-4ab2-ab31-29b5cace6751,2025-12-18,VD,Lausanne,1001,Ville de Lausanne – FIM – Service de la mobilité et de l’aménagement des espaces publics (MAP),0,[]
99f773b3-6283-4ddf-9aa4-9c284295b2cc,29001,"AO_CFC 272.1_Serrurerie - balcons et garde-corps - Surélévation, extension et rénovation d'une immeuble de logements avec activités au rez-de-chaussée dans les Pâquis à Genève",tender,construction,open,tender,777adb5a-e1eb-4b6e-9c99-ec5c7450a251,2025-12-18,GE,Genève,1201,Hospice Général (GE) - Service Immobilier (Ganz Muller Arch.),0,[]
e057cc2a-f3b5-437f-a0d6-d08d4e2b95a5,29005,"AO_CFC 221.1_Fenêtres et portes extérieures - Surélévation, extension et rénovation d'une immeuble de logements avec activités au rez-de-chaussée dans les Pâquis à Genève",tender,construction,open,tender,a7f1ed3c-01f7-4fd9-a8c9-218b33992183,2025-12-18,GE,Genève,1201,Hospice Général (GE) - Service Immobilier (Ganz Muller Arch.),0,[]
4b6f7ce3-f1a6-45cc-b8d3-9059cf42ceed,29066,Centre sportif de Verbier - CFC 261.2 Plateformes élévatrices,tender,construction,open,tender,70889ff7-140a-4d69-8f1d-8d44c9295184,2025-12-18,VS,Verbier,1936,Quartal Sàrl,0,[]
8c920304-25e3-4690-8b0a-8bb6d956fb57,29070,Mairie de Plan-les-Ouates : CFC 24 - Installations de chauffage,tender,construction,open,tender,4787d4a8-74f8-4929-b34a-2c5153fd9b80,2025-12-18,GE,Plan-les-Ouates,1228,Commune de Plan-les-Ouates,0,[]
267160b1-61a0-4974-b4e8-3eade3dbf233,29081,Centre sportif de Verbier - CFC 273.0 Portes et vitrages en bois,tender,construction,open,tender,b7699180-d1d5-471f-abd6-da0557716569,2025-12-18,VS,Verbier,1936,Quartal Sàrl,0,[]
bb6fec54-a7a0-4696-b07b-a92a42005555,29084,Centre sportif de Verbier - CFC 283.4 Faux plafonds en bois,tender,construction,open,tender,965fca59-a9d2-4c65-b98d-550ff6eae575,2025-12-18,VS,Verbier,1936,Quartal Sàrl,0,[]
ffe0c1b9-8cff-4941-b93e-6c22f1ff8d1b,19246,LET - Lot 16 Portes intérieures en métal,tender,construction,open,abandonment,6119f8cb-9bac-4a1d-af12-006d43c0c595,2025-12-17,VD,Chavannes-près-Renens,1022,Fondation Maison pour Etudiants Lausanne FMEL - pragma-sa,0,[]
e6853b9f-1d22-48f6-b028-3f85ac2b5618,20120,Surélévation et modernisation de l'EMS Château des Novalles à Blonay,tender,construction,open,award,cee6aaa6-0c91-49a7-8b9f-afb24c9f9920,2025-12-17,VD,Blonay,1807,Fondation EMS Château des Novalles,0,[]
741bb35b-3cf2-4dc3-bc79-9fd0f20c25ac,20681,SATOM SA - Bâtiment LAVACID,tender,construction,open,abandonment,f6396f38-67cb-4510-91f1-872360390104,2025-12-17,VS,Monthey,1870,SATOM SA (aalberti bureau d'architecture SA),0,[]
2fbc9b37-ef62-448d-84dc-bbe3983f22a2,21608,Cimetières de Collonge-Bellerive,tender,construction,open,award,86151c92-7098-4142-9518-2aa714770fe0,2025-12-17,,,,Mairie de Collonge-Bellerive Service des routes et de l'entretien des sites,2,"[""86151c92-7098-4142-9518-2aa714770fe0"", ""ec1c9b22-8937-400c-951c-90f4ad48b066""]"
311c0359-cfc8-46f1-89ca-0983a650e0de,25016,595 Gymnase du Chablais CFC 282.5 Revêtements de parois en bois et dérivés,tender,construction,open,abandonment,57a3e636-2e4c-4ae0-a12a-664155a474db,2025-12-17,VD,Aigle,1860,Direction générale des immeubles et du patrimoine – DGIP,0,[]
b14e8610-a77b-44c6-b46f-60445c28f58e,28699,Requalification de la RC11 à Eysins - travaux paysagers,tender,construction,open,tender,03bce0a0-97a7-4e7d-a477-78f65b201bfd,2025-12-17,,,,Commune d'Eysins (L'Atelier du Paysage Sàrl),2,"[""03bce0a0-97a7-4e7d-a477-78f65b201bfd"", ""03bce0a0-97a7-4e7d-a477-78f65b201bfd""]"
f4d5f1ca-4427-427f-b90c-4d61d594ff09,28720,EMS Clémence - Site du Bugnon - Création d'un nouvel EMS de 122 lits - Soumission d'aménagements extérieurs CFC 460,tender,construction,open,tender,17c40169-ef64-4f67-bf33-35b41356d2c9,2025-12-17,VD,Lausanne,1005,Fondation Clémence (Regtec S.A.),0,[]
1ee0fc10-368c-4f5f-9da1-c17860e34054,29000,Affaire n° 22-077 VE04 Rocades CURML Laboratoires,tender,construction,open,tender,d9aac892-6ad3-444a-a4ad-b32ebaed2f81,2025-12-17,VD,Lausanne Ch. Vulliette 4,1000,CHUV - Constructions ingénierie technique et sécurité (CIT-S),0,[]
ff074755-6e7b-401f-93a1-4e7c5b182463,14775,"Rénovation architecturale, technique et énergétique de trois bâtiments contigus sis Route d'Hermance 287-289, 1247 Anières",tender,construction,open,abandonment,12fd9c1c-4fc0-491c-a045-4cbbe3a98d9a,2025-12-16,GE,Anières,1247,Commune d'Anières,0,[]
ff1cfba4-be56-4407-ab1b-23ec86768592,20568,Foyer de la Cigale_CFC 4 Aménagements extérieurs,tender,construction,open,award,db2df781-705d-4d41-81c6-af7479c8c204,2025-12-16,VD,Lausanne,1010,Arcadie SA,0,[]
3799d78d-b9c9-4a59-b156-3fae60c7bf85,22535,UNI - BASTIONS Central _ CFC373.00 Mobilier bois - Aula Reverdin,tender,construction,open,abandonment,1dd4c437-d7a0-4b95-ac63-ffe563fdafee,2025-12-15,GE,Genève,1205,Office Cantonale des Bâtiments (OCBA) - Poolailes,0,[]
a57f2090-4964-4382-865c-f1180656943a,24169,Doc2293323268 Démontage des fondations des pylônes de la ligne 220-kV,tender,construction,open,award,07ded33c-2238-4d3a-8ee6-7c3983aa95a3,2025-12-15,GE,Genève,Divers,Swissgrid AG - Engineering & Construction,0,[]
0d4d8b60-1f4f-45b9-bb29-13371496e549,28097,LTE VNC LA CHAPELLE A LANCY - CFC25 Installations sanitaires,tender,construction,open,tender,dffe3da7-26e9-4c8b-bea8-54b7499b8e25,2025-12-15,GE,Lancy,1212,"État de Genève, Département du territoire - DT, Office cantonal des bâtiments (OCBA)",0,[]
17f30f04-1bb5-4542-b37b-dcdef065f732,16582,Zmutt - Protection anticorrosion du réparatiteur,tender,construction,open,award,adfd2bab-3254-48f5-91b3-a003f9896f89,2025-12-12,VS,Zermatt,3920,HYDRO Exploitation SA,0,[]
48d21a88-4fb4-4813-85d5-b38ce57913b1,21750,Construction du Campus EDHEA et Ecole de couture du Valais à Sierre - CFC 226.2,tender,construction,open,award,b4f63784-5ec8-42e1-9b43-87db3fa5d8be,2025-12-12,VS,Sierre,3960,Service immobilier et patrimoine / Dienststelle für Immobilien und Bauliches Erbe - Investissements / Investitionen,0,[]
269d2927-0bc3-4544-ad2c-562f4637fee5,27558,Bouclage défense incendie selon PDDE et  réfection de deux chemins AF ,tender,construction,open,tender,a01ba8a1-8055-4888-a853-555ae86b03b1,2025-12-12,VD,Treycovagnes,1436,Commune de Treycovagnes (Jaquier Pointet),0,[]
fbc136af-1f0a-474d-a718-16bb870f9683,28608,Chemins communaux de Blonay - St-Légier - Chemin de Chamoyron,tender,construction,open,tender,d6d915ea-3b15-4693-9012-0bcb9ec9afc1,2025-12-12,VD,St-Légier ,1806,MCR & Associés Ingénieurs civils SA,0,[]
c4922bca-54a7-4132-bd82-6583fe970e17,28678,Ufersanierung Feevispa,tender,construction,open,tender,7dada99d-c8cf-457a-bd2c-bccd581c61fd,2025-12-12,VS,Saas Fee,3906,Einwohner- und Burgergemeinde Saas-Fee,0,[]
f5e536e8-cb30-495b-bbc3-c24fe542e68a,28736,"L10172 SB Centre d'entretien Sierre, CFC 272 Serrurerie",tender,construction,open,tender,5a003baa-ad74-4511-82c6-fddf434ed380,2025-12-12,VS,Sierre,3960,Dienststelle für Nationalstrassenbau / Service de la construction des routes nationales,0,[]
4bf94667-9cf0-4495-b900-5cbca626c0fb,28590,AO Versonnex 2,tender,construction,open,tender,1e0d99d5-d02c-4fae-b554-f59c7ff0e467,2025-12-11,GE,Genève (Ville),1207,Services industriels de Genève (SIG) - Direction Achats,0,[]
cc7ab1b7-1768-4444-b883-c83bfb3a4360,16147,Rénovation Beau-Site - CFC 244 Installations de ventilation,tender,construction,open,abandonment,7a93f16f-5994-4b53-832b-fba3e7596667,2025-12-10,VD,Aigle,1860,Transports Publics du Chablais SA,0,[]
197b9376-a76f-41e6-8d63-5f5b17e2df61,28302,AO 2024-007 Rte des Jeunes Vibert PAV SUD,tender,construction,open,tender,ac6374e4-32c7-4485-93d2-b800df62eb5a,2025-12-10,GE,Lancy,1212,Services industriels de Genève (SIG) - Direction Achats,0,[]
c4ef148e-037d-4cfe-91b9-7086c77201c2,25367,Menuiseries intérieures_Agrandissement groupe scolaires Anières,tender,construction,open,award,b48141c7-2eed-4456-9236-51c08cc0fc2f,2025-12-09,GE,Anières,1247,Commune d'Anières,0,[]
e331e51b-4aa0-4031-afc2-c91c50ff69ea,28431,PAC OUCHY Forages dirigés,tender,construction,open,tender,049de68d-5f1b-49df-a404-eec5114263f1,2025-12-09,VD,Lausanne,1007,Ville de Lausanne – SIL – Service patrimoine (PAT),0,[]
26b98a64-f45b-4370-8084-25641533ce06,28433,PAC OUCHY Conduites lacustres ,tender,construction,open,tender,5bc51ddd-3a15-4e6e-9e11-62859ca93447,2025-12-09,VD,Lausanne,1007,Ville de Lausanne – SIL – Service patrimoine (PAT),0,[]
647c35c3-0ac4-4064-82e7-834433aa8669,28443,PAC OUCHY Terrassement et travaux spéciaux ,tender,construction,open,tender,c446b60e-2078-4568-b955-3e5cf1cd74ae,2025-12-09,VD,Lausanne,1007,Ville de Lausanne – SIL – Service patrimoine (PAT),0,[]
03e48924-c033-4c19-87d4-469ac9eaf0dc,28454,Extension du groupe scolaire de Corsier,tender,construction,open,tender,00af7124-7c17-4424-94a7-6f88666a9ed3,2025-12-09,GE,Corsier,1246,FdMP réalisation,0,[]
d00add3c-7aa8-4065-a5b2-01c8121cebc7,28465,Requalification des aménagements extérieurs du site scolaire de Trélex,tender,construction,open,tender,39acc4d8-fa5e-4d47-a85e-0f4b9826840b,2025-12-09,VD,Trélex,1270,Commune de Trélex (AdP),0,[]
e573b474-2f1f-45ee-98cd-2c2c3ff86021,25364,MS4_extension de la maison de la santé à Sembrancher,tender,construction,open,award,218ceb8b-32b8-4712-bbe2-3c0085eb5d57,2025-12-08,,,,Association de la Maison de la Santé du Grand Entremont,1,"[""218ceb8b-32b8-4712-bbe2-3c0085eb5d57""]"
0774cd80-2224-408d-8de3-2bd346c86d2a,15782,EPFL DOUBLE DECK - CFC 281.01 Chapes,tender,construction,open,revocation,7d04f216-fd62-49f3-b9ae-77a8aff6d62c,2025-12-06,VD,Lausanne,1015,EPFL - Achats,0,[]
79cfb596-74c9-4666-a2c0-cf3330edacb7,10617,Vallée de la Jeunesse - Assainissement des bâtiments de l'Expo 64 / CFC 211.5 Assainissement des bétons,tender,construction,open,abandonment,398ab404-97d7-441f-a688-7f65ec1bb89a,2025-12-05,VD,Lausanne,1007,"Ville de Lausanne – Direction du logement, de l'environnement et de l'architecture - Service d’architecture et du logement",0,[]
5b7027cd-4799-44e0-b040-3dff529a4b16,11286,Stade de la Tuilière Lausanne - Remplacement terrain synthétique,tender,construction,open,award,8d82fee0-e5a3-4825-893c-c50cc6e5c82a,2025-12-05,VD,Lausanne,1000,Ville de Lausanne – SCS - Service des sports (SPORTS),0,[]
d0e6f6d8-b25d-4041-8052-254eac89ce77,23628,Doc2691101851_ Poste Stalden Lot 10 Contremaître,tender,construction,open,award,1f8c3661-8911-444a-9449-921ae48fed1a,2025-12-05,VS,Stalden,3922,Swissgrid AG - Engineering & Construction,0,[]
09a05b48-11d3-479e-82f8-542646cde84e,27767,Centre Hospitalier Universitaire Vaudois - CHUV - Aménagements extérieurs - Esplanade - Couverts ,tender,construction,open,tender,2a6001e4-ff10-4053-a40a-a36e5a13125e,2025-12-05,VD,Lausanne,1011,CHUV - Constructions ingénierie technique et sécurité (CIT-S),0,[]
1a18beb4-c570-4663-ba7e-b6d33260e818,28156,Complexe multisports de Colovray - Lot 72 Skate-park,tender,construction,open,tender,341a110a-998d-4b65-92a0-085b9590e7bb,2025-12-05,VD,Nyon,1260,Pragma partenaires SA,0,[]
e13ab855-7409-45d0-85e6-24cdec93f456,28312,2025-4 Fourniture et pose de bétons bitumineux pour l'entretien des routes cantonales - 4 lots,tender,construction,open,tender,43ba5c70-f72b-4356-a52d-7d84b9ca85b8,2025-12-05,,,,Direction générale de la mobilité et des routes - division Entretien ,4,"[""43ba5c70-f72b-4356-a52d-7d84b9ca85b8"", ""43ba5c70-f72b-4356-a52d-7d84b9ca85b8"", ""43ba5c70-f72b-4356-a52d-7d84b9ca85b8"", ""43ba5c70-f72b-4356-a52d-7d84b9ca85b8""]"
1aa697e1-2905-4e32-ae13-91b7b86c52d0,22043,Usine Pancosma - Démolition bâtiment et dépollution des sols,tender,construction,open,award,53cc8afb-8b24-45e5-85b0-8527599bbb42,2025-12-04,,,,Genève Aéroport,2,"[""53cc8afb-8b24-45e5-85b0-8527599bbb42"", ""bb9ca2e8-c1af-44db-a8e5-8ffe6866276d""]"
c2a88a10-e60b-49e2-9dd3-0e922eced794,22372,Extension du dépôt de Perrelet - Monte-charges,tender,construction,open,abandonment,df15c6de-420d-4817-a7b5-95fe7e3ed11f,2025-12-04,VD,Renens,1020,Transports publics de la région lausannoise SA - Ferrari Architectes,0,[]
e42d8b3e-848a-4937-b308-8a62f2f72ca8,15786,EPFL DOUBLE DECK - CFC 281.21 Revêtements de sols synthétiques,tender,construction,open,abandonment,086ae6f6-cab9-4510-bb87-a359a02049d1,2025-12-02,VD,Lausanne,1015,EPFL - Achats,0,[]
7effd254-155c-47f1-ae58-04bd38c44460,17037,EPFL DOUBLE DECK - CFC 271.11/285.1 Plâtrerie peinture,tender,construction,open,award,5f321f30-045b-49a8-8695-62fd46b74c9b,2025-12-02,VD,Lausanne,1015,EPFL - Achats,0,[]
7a4e7fe3-312d-4f9e-a9d2-57853454f87d,18866,EPFL DOUBLE DECK - CFC 242/246/247 Installations de chauffage / froid,tender,construction,open,award,636f1fcc-89ed-4eee-92c1-5bd7f082b332,2025-12-02,VD,Lausanne,1015,EPFL - Achats,0,[]
2762594a-53b3-48a7-8ed2-9ec19a871003,21377,"P+R P47 Lot 1 Travaux préparatoires :  installations de chantier, terrassement, travaux spéciaux, canalisations, adaptation des réseaux existants, dépollution, aménagements routiers",tender,construction,open,award,f71a2504-996a-4f19-92a2-171bcae48a25,2025-12-02,GE,Genève,1215,Fondation des Parkings  - Service des achats,0,[]
94a93db0-a8c5-4e1d-87e1-c58d1944af52,22309,Étude géologique et hydrogéologique d’avant-projet et proposition d'assainissement du glissement profond actif de Champel-Miremont (Genève),tender,construction,open,award,552ac8fb-0ed0-456f-8f2d-e81ddbb81ea8,2025-12-02,GE,Champel-Miremont,1205,Office cantonal de l'agriculture et de la nature (OCAN),0,[]
39ea202a-d6b2-42d9-a4fc-e2ec734fca8b,22425,Travaux de rénovation Plongeoir et Marquises _ CHARPENTES MÉTALLIQUES,tender,construction,open,award,9a8adf9a-0155-416d-9717-096ecc668876,2025-12-02,GE,Genève,1215,Genève Aéroport,0,[]
3a40063e-228a-49f1-91b0-1d1a3faa4632,22428,Travaux de rénovation Plongeoir et Marquises _ GROS OEUVRE,tender,construction,open,award,5857a09f-4e7c-4b7e-8061-5ebf5e843492,2025-12-02,GE,Genève,1215,Genève Aéroport,0,[]
1f0604e7-1427-4140-a853-9bf80c931a75,27990,STEP de Vétroz-Conthey   Traitement des boues et gaz  CFC 23 Installations électriques,tender,construction,open,tender,d2a46f9c-f18c-4cc7-b4b7-c9be107e1733,2025-12-02,VS,Vétroz,1963,Commune Vétroz,0,[]
19d94818-93ca-48f4-bce4-92d38425d9ca,28016,HEPIA-installation des fontaines d'eau potable,tender,construction,open,tender,325aacae-e01d-42f7-b948-db6cad6044ab,2025-12-02,GE, Rue de la Prairie 4,1202,OCBA,0,[]
62ad3b27-1617-4e10-a206-8a648dc3c9b4,14982,Campus Santé - Lot 170 Panneaux photovoltaïques C4/HESAV/LET,tender,construction,open,award,77de410a-d6b5-4292-95aa-b0374eb758a1,2025-12-01,VD,Chavannes-près-Renens,1022,Etat Vaud - DGIP p/a Pool de mandataires Banquet,0,[]
37cb47d8-d683-4a4d-a5b6-5894e5dbe16c,19308,Projet:2013431 10514 DDM - UNI-Mail - Bd Carl-Vogt 102 -112 - habillage des piliers centraux cages d'ascenseurs-,tender,construction,open,award,8ecffa6e-1c58-460b-b584-4b4b1bfdd4c7,2025-12-01,GE,Uni Mail Bd du Pont-d'Arve 40,1205,Office Cantonal des Bâtiments (OCBA) ,0,[]
6d354d9d-7c24-4374-8a2a-22f70de3d499,26798,Requalification de la Route de Bitternaz à Corcelles-près-Payerne,tender,construction,open,tender,b93669a1-4e18-4ad1-83d9-8910c0dd5494,2025-12-01,VD,Corcelles-près-Payerne,1562,Commune de Corcelles-près-Payerne - (Küng et associés SA),0,[]
e3dbc701-63e8-462c-ab36-2548789e3ee0,27175,UNI SCIENCE II et III REMPLACMENT DISTRIBUTION FIBRE OPTIQUE,tender,construction,open,tender,f5bd72e9-ef9d-4426-8d9a-a5b2c8b6426e,2025-12-01,,,,Office cantonal des bâtiments (OCBA),2,"[""f5bd72e9-ef9d-4426-8d9a-a5b2c8b6426e"", ""f5bd72e9-ef9d-4426-8d9a-a5b2c8b6426e""]"
69a21e47-973a-48aa-9598-9aaed3bbab99,27786,"Nouvelle Ecole des Noutes - CFC 42 / 43 Aménagements extérieurs - Appels d'offres, LOT300",tender,construction,open,tender,ea6513f9-ea29-4522-bf46-0e663eb255a0,2025-12-01,VD,Crisser,1023,Ville de Crissier (Marzano Polikar architectes),0,[]
d8039021-4412-43d1-800f-43e7ce488938,27925,MEY-27200-SERRURERIE - Portes -  Serrurerie divers - Escaliers métalliques ,tender,construction,open,tender,a4561aee-af16-4b38-afd6-9220ebee5edd,2025-12-01,,,,Ville de Meyrin - BLSA PHENIX-blsa,3,"[""a4561aee-af16-4b38-afd6-9220ebee5edd"", ""a4561aee-af16-4b38-afd6-9220ebee5edd"", ""a4561aee-af16-4b38-afd6-9220ebee5edd""]"
5c320836-84e6-4a4e-a570-dd64cc4751c7,22724,Dévoiement réseaux BSA INSTALLATION DE CÂBLAGE (K) - Travaux T4 + remise en état T2-T3-T4 -  Conduites GéniLac – Secteur JAG  ,tender,construction,open,award,3bcfc40b-2932-4f93-ba24-6e6762fdb441,2026-01-31,GE,Grand-Saconnex,1218,"Services Industriels de Genève - Direction Droit, Achats & Risques              ",0,[]
3699fa80-ef78-4d2f-97e3-4c206fae4f14,26606,"Neubau 15er-Pendelbahn Hungerberg, Oberwald",tender,construction,open,award,4c1899df-c05f-437b-8dfb-9c5f1a48a2c2,2026-01-31,VS,Oberwald,3999,Gemeinde Obergoms,0,[]
bc2c93e8-a285-4164-bd73-8255c0758e96,30434,Beausobre 0 - Morges - Salles de classe,tender,construction,open,tender,6b2eb333-15e9-4038-b1dd-1738c9779890,2026-01-31,VD,"Morges, Vaud",1110,"Bâtiment, sports et domaines; Commune de Morges (Bureau Fehlmann Architectes SA)",0,[]
81df2daf-45cf-4436-ae55-62df52720f05,30986,Sanierung Gletscherstrasse Saas-Fee,tender,construction,open,tender,5546d47c-13b4-473a-8378-cb22576f2d03,2026-01-31,VS,Saas-Fee,3906,Gemeinde Saas-Fee,0,[]
fb4bb214-d8a4-420d-aa2c-69408943e5f9,31003,Mont-sur-Rolle. Démolition de la salle existante et construction d'une nouvelle salle avec salles de classe,tender,construction,open,tender,4d343fbb-a2c8-4fe4-9aa9-a390e33110c3,2026-01-31,VD,Mont-sur-Rolle,1185,Commune de Mont-sur-Rolle - Ferrari Architectes ,0,[]
15c7554e-7ad8-4509-a43e-5ebfec11b503,24922,Extension et rénovation du Lycée-collège de St-Maurice - CFC 112,tender,construction,open,award,bd0e140a-d7d9-4281-aa9f-c48b0941935c,2026-01-30,VS,St-Maurice,1890,"Etat du Valais, Service immobilier et patrimoine - Investissements",0,[]
f14d6038-04e0-4e0e-9499-d48ac457d5e6,25259,"SZO Hôpital du Valais - SKP 225.1 Joints d'étanchéité, nouvelle construction",tender,construction,open,award,909cbf58-671f-407b-9761-604133aa8c7c,2026-01-30,VS,Brigue-Glies,3900,Hôpital du Valais - Centre hospitalier du Haut-Valais,0,[]
04e226dc-b12c-4a2d-8f70-c3dd6571cf03,30805,Rénovation de l'éclairage sportif du centre sportif de Versoix (CSV),tender,construction,open,tender,405a0f74-f27c-4c9c-a2bd-75944a18d543,2026-01-30,GE,"Centre sportif de Versoix, route de l'Etraz 201",1290,"Ville de Versoix - Service travaux, voirie, espaces publics",0,[]
b7ab572f-baa4-4321-9f0f-b01fa0b702f2,30926,Mise en séparatif des EP/EU - Travaux génie civil et spéciaux /micro-tunnelier,tender,construction,open,tender,834915c7-031e-47fe-9635-307c45a92399,2026-01-30,GE,Cartigny,1236,Commune de Cartigny (Helveos SA),0,[]
0319b413-09f0-44d0-882a-39c0dbb9bb41,30939,Fondation Eben-Hézer - EMS Chernex-Village - CFC 249 Installation MCR,tender,construction,open,tender,3c88b612-a914-4b57-9f6d-a87773f886f0,2026-01-30,VD,Chernex,1822,Fondation Eben-Hézer (Itten+Brechbühl SA),0,[]
8c3b5b8c-c1be-46dc-9269-b6de333b1ad6,18278,"L’Association La Branche, CFC 25 Installations sanitaires  Marché de travaux de construction  ",tender,construction,open,award,1bd3730d-bcd3-4793-8d0d-1ed197d2c027,2026-01-29,,,,Association La Branche,1,"[""1bd3730d-bcd3-4793-8d0d-1ed197d2c027""]"
de6878b2-9e41-4d2a-80f7-a67e8cdc5757,20387,"596 Gymnase d'Echallens Lot No 2: CFC 135, 211.0, 211.5, 211.6, 212.0, 212.2 Travaux de l'entreprise de maçonnerie",tender,construction,open,award,25132dfc-7129-44c9-ac56-ee56d7aef3c0,2026-01-29,VD,Échallens,1040,Direction générale des immeubles et du patrimoine – DGIP,0,[]
4a1ecf3c-aef0-4246-a0f8-08e9af41fd3f,21544,"L'Association La Branche - LU-KO-PE et ""La Vaudèze"" CFC 272 Serrurerie",tender,construction,open,award,488364e8-080b-41eb-8926-cdc41087761b,2026-01-29,,,,Association La Branche,1,"[""488364e8-080b-41eb-8926-cdc41087761b""]"
d8ced069-f236-4a41-a264-d3bb0420717c,21774,"596 Gymnase d'Echallens Lot No 9: CFC  214.0 214.2 214.4 Transport, taille et montage de la charpente en bois",tender,construction,open,award,acdf7dc1-e488-4200-9f79-25fd03b0dbee,2026-01-29,VD,Échallens,1040,Direction générale des immeubles et du patrimoine – DGIP,0,[]
f18000dd-7103-4259-982c-d6e708d547ac,22007,"L'Association La Branche - LU-KO-PE et ""La Vaudèze"" CFC 221 Fenêtres et Portes-Fenêtres",tender,construction,open,award,4482e34d-7b0e-4c7c-8140-6c6d8bcaad5a,2026-01-29,,,,Association La Branche,1,"[""4482e34d-7b0e-4c7c-8140-6c6d8bcaad5a""]"
b2f031aa-822d-4528-a5f6-ba30b4610d1e,25762,"L'Association La Branche - LU-KO-PE et ""La Vaudèze"" CFC 273 Menuiserie bois : Portes et armoires",tender,construction,open,award,df297558-84db-48c6-b3c0-0ebf70e5be94,2026-01-29,,,,Association La Branche,1,"[""df297558-84db-48c6-b3c0-0ebf70e5be94""]"
eb5a3792-fe1a-487e-9681-802bca0a8d94,30729,2-GC-005 - Parking parcelle 754,tender,construction,open,tender,64d2b924-2298-47ad-963c-a25f833e5316,2026-01-29,VD,Renens,1020,Transports publics de la région lausannoise sa,0,[]
219a41ce-35ea-4cf1-9ef4-a854fdb8d645,3690,Sélection de partenaires installateurs de panneaux solaires photovoltaïques,tender,construction,open,award,c0ce717f-0937-4487-b484-96bd8d55ae6b,2026-01-29,VD,Mollie-Margot,1073,Association La Branche,0,[]
3867e4f5-164c-40b2-b979-5abd5ec5b298,15863,Groupe scolaire Le Rolliet - 281 - Revêtement de sol sportif,tender,construction,open,award,987d404a-23bb-4843-b144-db936dc22145,2026-01-28,GE,Plan-les-Ouates,1228,BWTK (p/a Tekhne SA),0,[]
93fbeaf0-8161-4a71-b217-c88c82c2e124,23748, 390065 TU Station Münster - travaux de construction,tender,construction,open,award,6f39421c-cd44-4be7-8eac-584d34948f69,2026-01-28,VS,Münster,3985,Beschaffungsstelle Matterhorn Gotthard Bahn,0,[]
586ed881-d998-4c21-917e-b97aedb722f7,27269,Rénovation et assainissement énergétique de l'école supérieur de la santé à Lausanne,tender,construction,open,award,84193af0-6fd1-4744-9012-a3fec6fe22c0,2026-01-28,VD,Lausanne,1005,Etat de Vaud - DEIEP - DGIP,0,[]
6b8fe006-5484-4c80-ae17-7b7742fa27d3,16363,Groupe scolaire Le Rolliet - 233 - Lustrerie,tender,construction,open,award,d08bee60-c2e7-4ea8-9cb0-0943639b299a,2026-01-27,GE,Plan-les-Ouates,1228,Commune de Plan-Les-Ouates - Service construction et aménagement (Tekhne SA) ,0,[]
3dcedeb8-7beb-4678-ab24-26e7eaf96eb5,16366,Groupe scolaire Le Rolliet - 358 - Cuisines professionnelles,tender,construction,open,award,ac3848d7-751b-44d4-bafe-1a2630ffa7af,2026-01-27,GE,Plan-les-Ouates,1228,Commune de Plan-Les-Ouates - Service construction et aménagement (Tekhne SA),0,[]
e1b1857e-9437-4399-9e6f-c9db059cfa49,21670,Groupe scolaire le Rolliet - 287 - Nettoyage chantier ,tender,construction,open,award,9ce07853-4e38-4d04-a5e0-e1ff9d60b7f7,2026-01-27,GE,Plan-Les-Ouates,1228,Commune de Plan-Les-Ouates - Service construction et aménagement (Tekhne SA),0,[]
9d79f6f3-ae70-49ca-b865-2a506fc9f5eb,30623,Drance à Martigny – Contrat d’entretien amont barrage filtrant,tender,construction,open,tender,373df026-16ae-44d9-bdf9-351edf0cd6fe,2026-01-27,VS,Martigny-Combe,1921,Commune de Martigny - Services Techniques ,0,[]
140b011d-fcf4-4f32-a956-da2d9f371c40,30656,Beasobre 0 - MORGES - Transformation - 8 Salles de classe,tender,construction,open,tender,6f8e79d7-7fcb-41c2-995b-5ca192ff847d,2026-01-27,VD,"Morges, Vaud",1110,"Bâtiment, sports et domaines; Commune de Morges (Bureau Fehlmann Architectes SA)",0,[]
4a8c3ce7-86c8-42ae-a639-f1f3a23b4472,21347,Création d’espaces sportifs (Verney),tender,construction,open,award,c0d2f118-ef48-4b1b-bc80-08094faa09dd,2026-01-26,VS,Monthey,1870,Commune de Monthey - Chancellerie - Central d'achats,0,[]
83c4c88d-a6dd-4b24-a980-91b645525f57,10016,"Marcelin, Nouvelle salle VD5 / AO-001, Terrassements - travaux spéciaux - béton",tender,construction,open,award,5752869f-395c-40f2-a03e-a1cff9511229,2026-01-24,VD,Morges,1110,DAB (Direction de l'architecture et des bâtiments),0,[]
fc6293f9-216c-48a9-8309-fd8924d1d786,9425,"Marcelin, Nouvelle salle VD5 / AO-003, Construction en bois",tender,construction,open,award,ba73d9bf-9e3d-4d7d-9c5e-0b6aa8b1685d,2026-01-24,VD,Renens,1020,DAB (Direction de l’architecture et des bâtiments),0,[]
f3e7a2be-8a02-4dc9-9d48-5246c1c97c22,22774,Romanel-sur-Lausanne. Réaménagement du chemin de la Covatannaz,tender,construction,open,award,1abbe148-9d81-4bb5-a7fc-d46669656114,2026-01-23,VD,Romanel-sur-Lausanne,1023,Romanel-sur-Lausanne - Bureau technique (S+N Ingénieurs Schopfer & Niggli SA),0,[]
afe7c158-d974-4763-9188-1002a3c3b96e,19234,Commune de Bursinel - Construction en entreprise totale de la garderie de Bursinel ,tender,construction,open,award,7796b39b-5fb5-4936-a85c-a7eba1bf38a8,2026-01-22,VD,Bursinel,1195,Commune de Bursinel (Irbis Consulting SA) ,0,[]
1409b6ed-6633-4874-8f14-5b56ba6da2db,20559,Construction du Campus EDHEA et Ecole de couture du Valais à Sierre - CFC 226.2,tender,construction,open,award,047a0417-778f-413e-a33a-a7151a7b0194,2026-01-22,VS,Sierre,3960,Service immobilier et patrimoine / Dienststelle für Immobilien und Bauliches Erbe - Investissements / Investitionen,0,[]
1633db1f-35e4-44ce-907d-fe182ec57e19,24347,Construction et transformation des ateliers de l'EPCL sur le site de Crêtelongue à Sierre - CFC 215.5,tender,construction,open,award,77693842-1417-42b3-bb68-08ba318749ca,2026-01-22,VS,Granges,3977,Service Immobilier et Patrimoine - Investissement / Dienststelle für Immobilien und Bauliches Erbe - Investitionen,0,[]
fe28dc57-c9dd-42b5-b1e1-69a15a82d0fb,27013,"Affaire n°20-094, Cery Bâtiment de laboratoires, site de Cery nord à Prilly, CFC n° 248, automatismes du bâtiment",tender,construction,open,abandonment,464af742-9566-470b-b5ed-5c016821baf4,2026-01-22,VD,Prilly,1008,CHUV-Construction Ingénierie Technique et Sécurité (CIT-S) - Diserens Maurel Architectes,0,[]
1fc71e6b-4b0d-4d93-98b0-90a67d579564,28490,Agrandissement et rénovation de l'école du Belvédère_CFC 273.1_Menuiseries intérieures_Armoires,tender,construction,open,tender,67233350-69dd-4ca5-a973-e94da231718d,2026-01-22,GE,Chêne-Bougeries,1224,Commune de Chêne-Bougeries - Giorgis Rodriguez Architectes SA,0,[]
50f7861d-3428-4061-b5b8-bfd00c4f7b42,28505,Agrandissement et rénovation de l'école du Belvédère_CFC 273.3_Menuiseries intérieures_Doublages bois,tender,construction,open,tender,bfeeb628-1386-4965-bd46-0acee2ac36f3,2026-01-22,GE,Chêne-Bougeries,1224,Commune de Chêne-Bougeries - Giorgis Rodriguez Architectes SA,0,[]
4f7b6e9a-28f0-4fb0-869d-135a72a1dd0f,14659,STEP Orbe HBMAC - lot ARC04a - Charpente et façade métal,tender,construction,open,abandonment,fa7143aa-67df-4bdb-8387-b2d45b554504,2026-01-20,VD,Orbe,1350,HOLINGER SA,0,[]
fa54336b-7aef-4582-8742-fe0a9a0a1bdd,19149,EPFL DOUBLE DECK - CFC 215.2/213.2 Façades Charpente métallique,tender,construction,open,award,77c2b914-c845-464b-befd-e61a05da6b02,2026-01-20,VD,Lausanne,1015,EPFL - Achats,0,[]
efdf62d4-a34e-4f55-9901-c0d00ef04116,19564,Campus Santé -  lot 152 Atolls,tender,construction,open,abandonment,2edd1498-7d2f-467e-84dc-1730fb5ca803,2026-01-20,VD,Chavannes-près-Renens,1022,Etat Vaud - DGIP p/a Pool de mandataires Banquet,0,[]
7953f974-6154-41ef-beb0-25d79d4da121,23446,EPFL DOUBLE DECK - CFC 230 Electricité générale,tender,construction,open,award,df6313a6-6b75-477a-b512-4a556bf65af2,2026-01-20,VD,Lausanne,1015,EPFL - Domaine des Achats,0,[]
792bf378-8865-45df-ae61-0e7e602a12ba,24938,Extension et rénovation du Lycée-collège de St-Maurice - CFC 240,tender,construction,open,abandonment,20d1b708-72cc-4507-8391-3022bb4e5132,2026-01-20,VS,St-Maurice,1890,"Etat du Valais, Service immobilier et patrimoine - Investissements",0,[]
a7f2bc96-61f3-40f6-b2d1-325b6f66473d,30268,AO 2024-012 CAD Palettes - Fraisiers,tender,construction,open,tender,3dff0bac-8ce4-4d79-ad79-e4ddf1baef15,2026-01-20,GE,Les Palettes,1212,Services industriels de Genève (SIG) - Direction Achats,0,[]
46548934-1443-41bb-9252-a0552875f198,4880,"Police Internationale - Installations de chauffage, ventilation et refroidissement",tender,construction,open,award,f00b66fc-7c08-4c00-a503-68fd06a1f36f,2026-01-20,GE,Le Grand-Saconnex,1218,Office cantonal des bâtiments (OCBA) - BKTK,0,[]
142c487e-151c-460e-be98-966a8821f454,30035,RESEAU EHVV - GC03 - Lot 1 Réseaux et forages dirigés,tender,construction,open,tender,11f471eb-dc9b-4765-9e6e-0a650d711145,2026-01-19,VD,Eclépens,1312,Association intercommunale pour l'épuration des eaux usées de la région Haute Venoge - Veyron,0,[]
34abe265-5fab-4c07-885c-3d2b04cc0825,30036,RESEAU EHVV - GC03 - Lot 2 Réseaux et forages dirigés,tender,construction,open,tender,425f88cc-4159-45f5-a473-e0ded4ef65fe,2026-01-19,VD,Eclépens,1312,Association intercommunale pour l'épuration des eaux usées de la région Haute Venoge - Veyron,0,[]
d92f63c0-8a81-4e41-9b94-70f5a53eab70,30039,RESEAU EHVV - GC03 - Lot 3 Réseaux,tender,construction,open,tender,42091a1f-a1c9-4a8c-8510-2068fb4218f1,2026-01-19,VD,Eclépens,1312,Association intercommunale pour l'épuration des eaux usées de la région Haute Venoge - Veyron,0,[]
fc6f9739-b98a-4f8e-b1ba-309ae079cb78,30040,RESEAU EHVV - GC03 -  Lot 4 Réseaux et forages dirigés,tender,construction,open,tender,1bd63f19-8a22-4697-8bee-e63622150fe0,2026-01-19,VD,Eclépens,1312,Association intercommunale pour l'épuration des eaux usées de la région Haute Venoge - Veyron,0,[]
35aa8399-2565-421d-8658-0067fac62984,13052,Denges. Réaménagement de la RC 79 en traversée de localité,tender,construction,open,award,d56aa503-16fc-4abf-afdf-75b3612bb052,2026-01-17,VD,Denges,1026,Commune de Denges (S+N Ingénieurs Schopfer & Niggli SA),0,[]
3c3e193b-cdcc-4c54-8269-4c35c909e385,14548,Relocalisation de la Justice de paix de Lausanne,tender,construction,open,award,3a691449-f691-4151-b740-12a77587152b,2026-01-17,,,,DGIP-DIAD-Domaine 7 : Administrations et sécurité,3,"[""3a691449-f691-4151-b740-12a77587152b"", ""f781ab72-6998-4fd1-9845-55b7a400c4fe"", ""a66e7741-74f6-43a5-a2ff-fda1aca5e748""]"
8829c777-7191-42db-886f-528fe4e52228,17903,CFC 273 - Portes intérieures en bois,tender,construction,open,abandonment,793690c1-6b13-49dd-8cf1-1d631a76a020,2026-01-17,GE,Le Grand-Saconnex,1218,Office cantonal des bâtiments (OCBA) - BKTK,0,[]
c5642c65-318e-4d51-9706-67c7493ec86a,22606,Relocalisation de la Justice de paix de Lausanne,tender,construction,open,award,9ee023bc-3ece-4a5b-bb97-d3fdd9141e23,2026-01-17,VD,Lausanne,1007,"DGIP-DAB-Domaine 6 : Agriculture, viticulture et environnement",0,[]
37ddedc2-33a1-4089-abec-163c06b516da,22607,Relocalisation de la Justice de paix de Lausanne,tender,construction,open,award,67109ae4-feac-4916-b143-8d226c58c259,2026-01-17,VD,Lausanne,1007,"DGIP-DAB-Domaine 6 : Agriculture, viticulture et environnement",0,[]
cda41e23-1507-4633-bc7e-37b54538921e,22608,Relocalisation de la justice de paix du district du Lausanne,tender,construction,open,award,17c29352-aed3-43f1-bad8-3262d193728b,2026-01-17,VD,Lausanne,1007,"DGIP-DAB-Domaine 6 : Agriculture, viticulture et environnement",0,[]
d5d81a46-23c2-4d0f-b4db-41a019d09e63,20643,"CFF, Programme Léman 2030 – Renouvellement intégral de la ligne du Mandement (RIM) Lot C – Maintien de la substance Satigny – Vernier-Meyrin Cargo, travaux de génie civil",tender,construction,open,abandonment,c8028d7d-ad48-4d25-8560-7a144a082efc,2026-01-16,GE,Satigny,1242,"Chemins de fer fédéraux suisses CFF, Infrastructure – Achats, Supply Chain et production, Achats projets de construction Région Ouest ",0,[]
19a90649-3a9c-4d76-9e54-7ffd6c3b7fbb,24937,Extension et rénovation du Lycée-collège de St-Maurice - CFC 113,tender,construction,open,award,701bfde3-ad02-440d-8ba6-97c8eaa601d5,2026-01-16,VS,St-Maurice,1890,"Etat du Valais, Service immobilier et patrimoine - Investissements",0,[]
083659fe-240b-447e-905b-f218319905ec,28521,Centrale PAC de valorisation des eaux usées de la STEP d'Aïre -  Accumulateurs,tender,construction,open,tender,93dee009-54f9-42eb-9fe7-8c56f96d0bee,2026-01-16,GE,Aire,1219,Services industriels de Genève (SIG) - Direction Achats,0,[]
8a1c9691-da40-4a40-9435-e98fff78d87a,28714,Construction d'une salle de gymnastique VD3 et d'une UAPE de 48 places - Appel d’offres ouvert à Entreprise Totale,tender,construction,open,tender,4561f889-d1a6-4bac-be99-2b01eb45f5ad,2026-01-16,VD,Morrens,1054,Commune de Morrens (F-Partenaires),0,[]
38408768-1d7a-4265-8d19-552cfdd0c211,29610,Construction et transformation des ateliers de l'EPCL sur le site de Crêtelongue à Sierre - CFC 353.3 et CFC 354.3 - Air comprimé,tender,construction,open,tender,de9e9e4d-26ad-479c-9609-28890a97964d,2026-01-16,VS,Granges,3977,Service Immobilier et Patrimoine - Investissement / Dienststelle für Immobilien und Bauliches Erbe - Investitionen,0,[]
0b6d3a5e-46bc-4774-bd2d-f84e437ca51c,29989,Réfection de la chaussée et des réseaux - Chemin du Lurier à Blonay,tender,construction,open,tender,e13c83ef-c9e5-4c7f-a420-f07dedd2f33a,2026-01-16,VD,Commune de Blonay – St-Légier,1807,Commune de Blonay - St-Légier,0,[]
f1e69a35-19c2-4e53-a642-96ed97480ee2,30043,STAP EHVV - EM04 - Stations de pompage EU,tender,construction,open,tender,b5f94d6d-eecb-481f-b05a-2a6b0d45baa2,2026-01-16,VD,Eclépens,1312,Association intercommunale pour l'épuration des eaux usées de la région Haute Venoge - Veyron,0,[]
f678de60-c735-4924-af8e-262504e4f986,30062,Assainissement - HEPIA Lullier,tender,construction,open,tender,0b4c5cee-0cb7-4cdc-a6eb-d2e5840fefde,2026-01-16,GE,Jussy,1254,Office Cantonal des Bâtiments (OCBA),0,[]
9d60578c-9dff-479a-95eb-e8df762a1af8,16391,595 Gymnase du Chablais CFC 242 243 245 Production et distribution de chaleur et de froid,tender,construction,open,award,2a6a88cf-bc44-44c8-971f-34b7f45bd852,2026-01-15,VD,Aigle,1860,Direction générale des immeubles et du patrimoine – DGIP,0,[]
d0e7cb34-93c1-4b6e-9ea3-8900b2980f1f,16486,"595 Gymnase du Chablais CFC 251 252 253 254 255 Appareils sanitaires , tuyauterie et isolations",tender,construction,open,award,2426452e-da8e-4c6e-a900-ae6f0eb765bf,2026-01-15,VD,Aigle,1860,Direction générale des immeubles et du patrimoine – DGIP,0,[]
5a6259c0-ee76-495f-a329-d6184f391ca9,16621,595 Gymnase du Chablais CFC 244 Installations de ventilation,tender,construction,open,award,276b1e9d-defe-42e7-b7ca-4c0e35bd8256,2026-01-15,VD,Aigle,1860,Direction générale des immeubles et du patrimoine – DGIP,0,[]
4dab8b8b-c6a1-439e-9eec-c789ad92be31,21673,595 Gymnase du Chablais CFC 249 Installations de régulation MCR,tender,construction,open,award,59302a75-690c-44fd-a4a4-ca6a3ccbaa59,2026-01-15,VD,Aigle,1860,Direction générale des immeubles et du patrimoine – DGIP,0,[]
ab84ddb9-387e-4927-ba60-f0f6eeb07c30,24817,Ausbau und Erweiterung Altersheim St. Barbara in 3917 Kippel - BKP 211 Baumeisterarbeiten,tender,construction,open,award,af034f0e-35a8-461c-9d8f-7e3ad26a366f,2026-01-15,VS,Kippel,3917,APH St. Barbara,0,[]
520eca6a-a9f3-4e88-9b2e-3089865a428e,24823,Ausbau und Erweiterung Altersheim St. Barbara in 3917 Kippel - BKP 214 Montagebau in Holz,tender,construction,open,award,9b75e7a5-d716-49c2-b95a-83702723e089,2026-01-15,VS,Kippel,3917,APH St. Barbara,0,[]
7b563d8a-edb6-457e-abb8-d8a0b2302c74,24824,Ausbau und Erweiterung Altersheim St. Barbara in 3917 Kippel - BKP 230 Elektroinstallationen,tender,construction,open,award,9bc16c36-11a9-411f-96f6-00b79e877111,2026-01-15,VS,Kippel,3917,APH St. Barbara,0,[]
8297b19c-d597-4884-b36d-35775db0a6a5,24825,Ausbau und Erweiterung Altersheim St. Barbara in 3917 Kippel - BKP 240 Heizungsinstallationen,tender,construction,open,award,a991dabb-bf01-4207-88e3-c0e1724537c2,2026-01-15,VS,Kippel,3917,APH St. Barbara,0,[]
615f975b-2f64-4deb-9203-5727697d0856,24826,Ausbau und Erweiterung Altersheim St. Barbara in 3917 Kippel - BKP 244 Lüftungsinstallationen,tender,construction,open,award,b6893f77-eea0-49c4-85e7-3be6da1849da,2026-01-15,VS,Kippel,3917,APH St. Barbara,0,[]
0c9d85d5-3a4b-440e-881c-95db45a60c2f,24827,Ausbau und Erweiterung Altersheim St. Barbara in 3917 Kippel - BKP 251 Sanitärinstallationen,tender,construction,open,award,ccdc81fc-3d24-4028-8188-e757a5bb98be,2026-01-15,VS,Kippel,3917,APH St. Barbara,0,[]
3764ff25-5fa6-4e25-9469-be7d6928c4d9,29482,Centre Hospitalier Universitaire Vaudois - CHUV - Aménagements extérieurs - Esplanade - Etanchéité des ouvrages enterrés,tender,construction,open,tender,6841d264-62fc-4fbd-a8ef-bb28cd2b1c13,2026-01-15,VD,Lausanne,1011,CHUV - Constructions ingénierie technique et sécurité (CIT-S),0,[]
4b0f97f5-9114-4e64-b84a-1aebae33aa6b,30012,Fondation Eben-Hézer - EMS Chernex-Village - CFC 271.0 Plâtrerie-Peinture,tender,construction,open,tender,32f430bc-e210-4196-b496-1d82ae01beca,2026-01-15,VD,Chernex,1822 ,Fondation Eben-Hézer (Itten+Brechbühl SA),0,[]
5f77b895-f27f-4d8e-96c8-c974db98b63b,20708,Rénovation de l'hôpital Le Samaritain en clinique gériatrique et de réadaptation (CGR) et restructuration du parc_Groupe B1 - Lot 272000 Portes intérieures en métal + 272010 Portes intérieures en métal coulissantes,tender,construction,open,award,0642efc6-aab3-487b-9f93-db7b56781dc5,2026-01-14,,,,Hôpital Rivièra Chablais (HRC),2,"[""0642efc6-aab3-487b-9f93-db7b56781dc5"", ""fdccf749-e662-468d-8efe-d0090c32c48c""]"
e20c88f2-fb6a-42d6-8e88-5adef1f947eb,20711,Rénovation de l'hôpital Le Samaritain en clinique gériatrique et de réadaptation (CGR) et restructuration du parc_Groupe B1 - Lot 273000 Portes intérieures en bois,tender,construction,open,award,24c5c83c-b644-4b25-9375-b4ac43b73be4,2026-01-14,,,,Hôpital Rivièra Chablais (HRC),1,"[""24c5c83c-b644-4b25-9375-b4ac43b73be4""]"
46fb04c9-2acf-495d-b6da-4c8c2090261f,22592,Rénovation de l'hôpital Le Samaritain en clinique gériatrique et de réadaptation (CGR) et restructuration du parc_Groupe B2 - Lot 277200 Cloisons Métalliques Vitrées,tender,construction,open,award,2b39fbb8-3186-4888-96fd-5cec2d34b0a7,2026-01-14,,,,Hôpital Rivièra Chablais (HRC),1,"[""2b39fbb8-3186-4888-96fd-5cec2d34b0a7""]"
e4b47071-0746-4e23-b9b0-eff0e5aaa421,17756,Nouveau complexe scolaire d'Echandens - CFC 313 - 352 Bassins en acier inoxydable et fond mobile,tender,construction,open,award,18ec1096-fd87-4c10-a71e-71172f77d64f,2026-01-13,,,,"Commune d'Echandens (dl-c, designlab-construction SA)",2,"[""18ec1096-fd87-4c10-a71e-71172f77d64f"", ""bfe326c0-5e2f-44eb-9754-aa8c77a2c0e8""]"
c3ff0f8c-105e-44e7-ac28-3482825f7d23,28112,Centrale PAC de la valorisation des eaux usées de la STEP d'Aïre - Hydraulique Lot 3.1,tender,construction,open,tender,2b3b7fa3-2c39-4e77-99c7-4921dd902021,2026-01-13,GE,Aire,1219,Services industriels de Genève (SIG) - Direction Achats,0,[]
5120f3fd-aa3d-4fd3-bd89-3309838ee57c,28114,Création d'une zone de rencontre Rues du Rhône et du Midi,tender,construction,open,tender,3d260409-63d1-4fc5-9678-bf1af167bc48,2026-01-13,VD,Rues du Rhône et du Midi,1860,Commune d'Aigle - service technique (bureau Géo Solutions ingénieurs SA),0,[]
5e342387-c5a1-4961-bb24-00888cd27baa,29493,Réfection du stade E. Parlier - Montreux Chailly,tender,construction,open,tender,21dbfc56-37ef-450f-81ea-41ff9c3ddf62,2026-01-13,VD,Montreux,1820,"Commune de Montreux - Service des domaines et bâtiments, sport (IDSPORT)",0,[]
5d47df55-c19b-495a-8a94-da13e7f2ee96,29802,Rénovation des infrastructures de supervision et MCR,tender,construction,open,tender,3d35ea28-536b-45c5-99cb-dd85bbe43bbc,2026-01-13,,,,"Commune de Montreux, Service des domaines et bâtiments, sport",2,"[""3d35ea28-536b-45c5-99cb-dd85bbe43bbc"", ""3d35ea28-536b-45c5-99cb-dd85bbe43bbc""]"
9847d804-54e7-4377-8478-f18a2faee0de,29818,P2022/84 - COMPLEXE SCOLAIRE DE NYON MARENS - Lot 25 - CFC 231.5 - Installation photovoltaïque,tender,construction,open,tender,fad5ecdf-3015-45c6-ac85-212bcbfc005b,2026-01-13,VD,Route du Stand 11,1260,Ville de Nyon - Service d'architecture,0,[]
5d1f9e51-eb86-4331-9c5b-12d27653dab4,29826,CAD – Croisettes à Epalinges – Lot 3 - 2026,tender,construction,open,tender,b461fd8a-ffa6-465d-aec4-859c6ffc1d46,2026-01-13,VD,Epalinges,1066,Ville de Lausanne – SIL – Service patrimoine (PAT),0,[]
7cbad7ae-4d6a-4b77-a6f5-8052264ea595,29829,P2022/84 - COMPLEXE SCOLAIRE DE NYON MARENS - Lot 14 - CFC 271/285 - Plâtrerie/peinture,tender,construction,open,tender,5405d5f2-e67c-43b3-ad3c-87001fdbf964,2026-01-13,VD,Route du Stand 11,1260,Ville de Nyon - Service d'architecture,0,[]
6aa7f9b5-1b5c-4d62-ad6b-120a0264df7b,10626,Vallée de la Jeunesse - Assainissement des bâtiments de l'Expo 64 / CFC 224.1 Etanchéité toitures plates,tender,construction,open,award,ce1ad508-3b24-4adf-bd77-781bb5c2e743,2026-01-12,VD,Lausanne,1007,"Commune de Lausanne – Direction du logement, de l'environnement et de l'architecture - Service d’architecture et du logement",0,[]
086beb04-65f4-4659-86e5-ba5ba4c09263,13577,Commune d'Yverdon-les-Bains - Réaménagement de la Rue des Moulins - Travaux de génie civil,tender,construction,open,tender,7e47e044-b7c7-4453-8ece-5faf118692cf,2026-01-12,VD,Yverdon-les-Bains,1400,"Ville d'Yverdon-les-Bains - Service mobilité, environnement et infrastructures MEI (Groupement Eburodunum p.a JMJ Ingénieurs)",0,[]
0a8aea74-fe42-4967-b74a-882a6e94d78f,29572,Requalification du Prieuré 2a -Pully en restaurant et bibliothèque communale.,tender,construction,open,tender,0e6902ca-83c4-4671-b05c-ae1b676076b0,2026-01-12,VD,Av. du Prieuré 2a,1009,Ville de Pully - Direction de l'Urbanisme et de l'Environnement - Regtec SA,0,[]
81d254d1-94a9-4c51-811a-df48b21248e0,29703,Collège des Quatre Marronniers - Rénovation des toitures,tender,construction,open,tender,a39978aa-6ac3-42b5-a65c-f3ff89bfde94,2026-01-12,VD,Yverdon-les-Bains,1400,Ville d'Yverdon-les-Bains - Service des bâtiments (BAT),0,[]
6851f2f7-501a-4bd7-864e-073729a0857a,11255,UNI - BASTIONS,tender,construction,open,award,44c9dd60-a384-4884-bd14-890ebc05801c,2026-01-09,GE,Genève,1205,Office Cantonale des Bâtiments (OCBA) - Poolailes,0,[]
438498ee-3017-46f4-b3e2-23faa73ca325,11421,UNI - BASTIONS,tender,construction,open,award,2acc7d7d-9e2a-47f2-99eb-d6227bcc65bf,2026-01-09,GE,Genève,1205,Office Cantonale des Bâtiments (OCBA) - Poolailes,0,[]
0826a245-fe10-48bb-b954-ffa4a5fc73c4,14315,UNI - BASTIONS _ Corniches en staff,tender,construction,open,award,e14bd019-095e-4e57-a714-18cb3b9fd9d1,2026-01-09,GE,Genève,1205,Office Cantonale des Bâtiments (OCBA) - Poolailes,0,[]
356b2aac-d6fe-411f-9782-dba17ea0cfa1,15072,UNI - BASTIONS _ CFC283.00 Faux-plafonds,tender,construction,open,award,1fa14701-1fc8-4a64-a889-019922be21ee,2026-01-09,GE,Genève,1205,Office Cantonale des Bâtiments (OCBA) - Poolailes,0,[]
6258ff30-e06a-45df-a8d7-e7e28ea8edbb,16685,756 Rénovation du Gymnase du Bugnon CFC 273 Menuiserie,tender,construction,open,award,0ff6488f-08aa-40dd-bc85-d0b77bcaac0b,2026-01-09,VD,Lausanne,1005,Etat de Vaud - DEIEP - DGIP,0,[]
b58c8d1f-6b3c-4d1f-9f8b-314b5cbc8108,21618,Réalisation du projet de la voie verte Genève-Versoix (séquence 1A de Pregny-Chambésy à Genthod),tender,construction,open,award,dadafd53-085d-49d5-bc30-1b3f7e9abedd,2026-01-09,GE,Pregny-Chambésy,1292,Office de l'urbanisme (OU),0,[]
fa738553-1835-4498-93df-fae08dd461d3,24335,Requalification du Prieuré 2a -Pully en restaurant et bibliothèque communale.,tender,construction,open,award,d5cc00d7-4a0d-45a7-a22a-4c48a56a569d,2026-01-09,VD,Av. du Prieuré 2a,1009,Ville de Pully - Direction de l'Urbanisme et de l'Environnement - Regtec SA,0,[]
e985d91e-5cfe-421a-aabd-ac26ee4e4b4c,24355,Requalification du Prieuré 2a -Pully en restaurant et bibliothèque communale.,tender,construction,open,award,9c014a8e-e0c2-4d52-be54-569705ccefc5,2026-01-09,,,,Ville de Pully - Direction de l'Urbanisme et de l'Environnement - Regtec SA,4,"[""5617dcca-1fd6-4c01-95ed-fa1150afb6e6"", ""9c014a8e-e0c2-4d52-be54-569705ccefc5"", ""5687289b-98e8-4574-bfda-d06b1f756828"", ""9eea7273-6941-4db6-b83d-eeff779cb1ff""]"
f9d3221b-277b-49ee-bda4-43af9206ee07,29265,SEB - Ausschreibung Maler-/Gipserarbeiten - 4.OG,tender,construction,open,tender,72078faa-e677-46d5-a0a5-16ee49bcb37a,2026-01-09,VS,Brig,3900,Spitalzentrum Oberwallis,0,[]
80f53f3b-156e-4910-9d42-fb727580a3c6,29597,Centrale Thermique - Centre commercial de Balexert,tender,construction,open,tender,4e4e461d-4c2e-4019-aabc-5690ccaaec42,2026-01-09,GE,Avenue Louis-Casaï 27,1209,Services industriels de Genève (SIG) - Direction Achats,0,[]
953fb094-5280-464c-b8ba-a71f8b5898ba,29598,Centrale Thermique GeniLac - Hôtel Richemond,tender,construction,open,tender,d44a553c-56d7-42ae-8412-a68e2d3fe92b,2026-01-09,GE,"Rue ADHEMAR-FABBRI, 8-10",1201,Services industriels de Genève (SIG) - Direction Achats,0,[]
356ab038-a4fd-41ff-aa31-bfb4b509ef88,5603,UNI - BASTIONS,tender,construction,open,award,9be4b6e4-e13e-4ecc-bacb-f16a814f2dd5,2026-01-09,GE,Genève,1205,Office Cantonale des Bâtiments (OCBA) - Poolailes,0,[]
11267eea-29bb-4859-a85c-dc0693d25451,14294,Complexe multisport sports de Colovray - Lot 5 Etanchéité,tender,construction,invitation,award,456f6902-1e40-4765-b30b-86e2a955272d,2026-01-08,VD,Nyon,1260,Pragma partenaires SA,0,[]
e7cc8bcc-d47d-4e78-bb7b-c89942644128,15496,Complexe multisports de Colovray - Lot 38 Portes intérieures,tender,construction,open,award,e9bb9d0a-9774-4c29-b3d0-8c9186e67874,2026-01-08,VD,Nyon,1260,Pragma partenaires SA,0,[]
525c757a-2e02-4e85-9c6c-a8d63cc78cf0,15507,Complexe multisports de Colovray - Lot 63 Cuisine,tender,construction,open,award,62a53f7a-c302-4c8f-8909-9578df354759,2026-01-08,VD,Nyon,1260,Pragma partenaires SA,0,[]
2638e8eb-4724-4b30-b4d2-53fe4fad6d2e,15508,Complexe multisports de Colovray - Lot 67 Engins gymnastique ,tender,construction,open,award,6fd9e2d1-dcce-4c14-8f3e-fb7670a33513,2026-01-08,VD,Nyon,1260,Pragma partenaires SA,0,[]
e389bedd-c661-4f6d-bc12-77283ef2d96e,17275,Nouveau complexe scolaire d'Echandens - CFC 172 Enceinte de fouille et épuisement des eaux - CFC 201 Terrassement,tender,construction,open,award,278ca3e4-218e-40cd-b7fc-1c266918b448,2026-01-08,,,,"Commune d'Echandens (dl-c, designlab-construction SA)",2,"[""278ca3e4-218e-40cd-b7fc-1c266918b448"", ""4eea98e8-3088-4b02-b6ff-4ca4447293a6""]"
fc3b5772-679b-4f28-9e59-bc7141b43d8c,17284,"Nouveau complexe scolaire d'Echandens - CFC 222 Ferblanterie - CFC224 Etanchéité, isolation, couverture métallique",tender,construction,open,award,d75b15e4-4b28-4287-869d-9713e3fb85b2,2026-01-08,VD,Echandens,1026,"Commune d'Echandens (dl-c, designlab-construction SA)",0,[]
b1f200c9-e927-4c85-acc3-2f07d1cf39fb,17389,"Nouveau complexe scolaire d'Echandens - CFC 228 Fermetures extérieures, protections solaires",tender,construction,open,award,11abeb55-fb7e-4c62-a76a-ad1cece71a2c,2026-01-08,VD,Echandens,1026,"Commune d'Echandens (dl-c, designlab-construction SA)",0,[]
98e5eaf2-605c-4a68-a523-9bff72e5263c,17555,"Nouveau complexe scolaire d'Echandens - CFC 211.5 Béton et béton armé, et canalisations - CFC 212 Construction préfabriquée en béton",tender,construction,open,award,052906af-8075-46af-ba00-af2e9449dbe3,2026-01-08,VD,Echandens,1026,"Commune d'Echandens (dl-c, designlab-construction SA)",0,[]
a085eb91-0b9d-4704-a136-6d2e32248a18,17587,Nouveau complexe scolaire d'Echandens - CFC 180 Forage et sondes géothermiques,tender,construction,open,award,24240ab2-b0d8-447f-a9e8-ce09e12d3fc1,2026-01-08,VD,Echandens,1026,"Commune d'Echandens (dl-c, designlab-construction SA)",0,[]
607065f9-aac9-4197-8113-c64e277b4627,17651,Nouveau complexe scolaire d'Echandens - CFC 259 Régénération de l’eau des bassins,tender,construction,open,award,6ea243c8-bda2-4bf5-a4ac-3a16b9ac51c8,2026-01-08,VD,Echandens,1026,"Commune d'Echandens (dl-c, designlab-construction SA)",0,[]
f1259f95-102b-4b39-ab18-0b18ce765981,17744,Nouveau complexe scolaire d'Echandens - CFC 231.4 Installations photovoltaïques,tender,construction,open,award,ec94dcf5-ec8c-43c7-9354-98ffb9f5139e,2026-01-08,VD,Echandens,1026,"Commune d'Echandens (dl-c, designlab-construction SA)",0,[]
c832bb35-6fde-4f2a-8ce8-8b585ce45207,17753,Nouveau complexe scolaire d'Echandens - CFC 231-232 Appareils et installations à courant fort,tender,construction,open,award,656e8c48-e06b-499b-9b99-fd64019793cc,2026-01-08,VD,Echandens,1026,"Commune d'Echandens (dl-c, designlab-construction SA)",0,[]
9337c703-6a4a-4cf3-bb78-ede6cda04f82,17778,Nouveau complexe scolaire d'Echandens - CFC 213 Construction en acier - CFC 214 Construction en bois,tender,construction,open,award,99c4dfcc-3ff3-4ca5-a0b0-c9a727440047,2026-01-08,VD,Echandens,1026,"Commune d'Echandens (dl-c, designlab-construction SA)",0,[]
89eb6852-7245-420d-ae28-7a5f4ec7c175,17937,Nouveau complexe scolaire d'Echandens - CFC 25 Installations sanitaires,tender,construction,open,award,8297d243-1875-41f2-8115-04d0f7fb79b1,2026-01-08,VD,Echandens,1026,"Commune d'Echandens (dl-c, designlab-construction SA)",0,[]
f847869a-bbc0-4213-b81a-89515116474d,17980,Nouveau complexe scolaire d'Echandens - CFC 211.1 Echafaudages,tender,construction,open,award,d3509414-11cd-4840-8348-e537d3a43a63,2026-01-08,VD,Echandens,1026,"Commune d'Echandens (dl-c, designlab-construction SA)",0,[]
0aa3503e-83fb-40ea-b2bc-e5a99f5b6ba3,18001,Complexe multisports de Colovray - Lot 37 Serrurerie,tender,construction,open,award,80788f81-b0ad-4d1d-af83-73fd262979e9,2026-01-08,VD,Nyon,1260,Pragma partenaires SA,0,[]
8ee48aeb-2a1a-41c2-b7ef-471cdcbb4151,18108,Nouveau complexe scolaire d'Echandens - CFC 221 Fenêtres et portes extérieures,tender,construction,open,award,2fc3f89e-8cec-4331-9141-09d863d78ee7,2026-01-08,VD,Echandens,1026,"Commune d'Echandens (dl-c, designlab-construction SA)",0,[]
32c45e26-6c0e-46a8-b36d-55b9b721703d,18189,Complexe multisports de Colovray - Lot 61 Tableaux d'affichage,tender,construction,open,award,f0ab1006-ed3f-4887-840f-dbe9a264dcf2,2026-01-08,VD,Nyon,1260,Pragma partenaires SA,0,[]
61f5f840-6a98-47d6-9400-781734270bec,19352,"Nouveau complexe scolaire d'Echandens - CFC 24 Installations de Chauffage, Ventilation et MCR",tender,construction,open,award,ff4c6dbc-c5e5-4162-a447-fd26100726d2,2026-01-08,VD,Echandens,1026,"Commune d'Echandens (dl-c, designlab-construction SA)",0,[]
37525829-5b2a-45bc-91a0-7934e594a341,20364,Complexe multisports de Colovray - Lot 43 Cloisons mobiles,tender,construction,open,award,8972dab0-c65b-41ae-ad10-ce6a5074d255,2026-01-08,VD,Nyon,1260,Pragma partenaires SA,0,[]
8be1cecf-1c0a-4962-8c06-621b4132e07b,21971,Complexe multisports de Colovray - Lot 19 Panneaux Photovoltaïques,tender,construction,open,award,d77c5717-acca-48dc-97db-32b02453f008,2026-01-08,VD,Nyon,1260,Pragma partenaires SA,0,[]
153fcdf4-0b63-4895-95a7-d2749adb2c63,22593,ERACOM - Transformation de l'enveloppe thermique et mise en sécurité des voies d'évacuation verticales,tender,construction,open,award,23981b8a-3690-4bf1-a1de-a986c928cbb3,2026-01-08,VD,ERACOM - Rue de Genève 55 – 1004 Lausanne,1004,"Vaud - Canton - Département de l'économie, de l'innovation, de l'emploi et du patrimoine (DEIEP)",0,[]
b7fe3d94-ce37-4e31-8be9-c5fda46023a9,14443,Réaménagement de la route de la Clochatte - prolongement de la ligne TL18,tender,construction,open,award,91e823d7-566c-4716-aef0-4d34b11ec4dc,2026-01-07,VD,Le Mont-sur-Lausanne,1052,Commune du Mont-sur-Lausanne - Service infrastructures et mobilité,0,[]
8c8b5b77-ef87-4dea-af1a-2c0b46fe4309,17571,Rénovation de l'hôpital Le Samaritain en clinique gériatrique et de réadaptation (CGR) et restructuration du parc_Groupe B1 - Lot 283100  Travaux de Faux-plafonds,tender,construction,open,award,53804c19-93e3-4872-a1a6-4068e9f57e00,2026-01-07,,,,Hôpital Rivièra Chablais (HRC),1,"[""53804c19-93e3-4872-a1a6-4068e9f57e00""]"
e7172950-f570-47f4-9831-f8249ec45b54,18460,Rénovation de l'hôpital Le Samaritain en clinique gériatrique et de réadaptation (CGR) et restructuration du parc_Groupe B1 - Lot 138000 Tri et gestion des déchets,tender,construction,open,award,dbcabd2e-d647-4f4f-833e-e02ad69d03a9,2026-01-07,,,,Hôpital Rivièra Chablais (HRC),1,"[""dbcabd2e-d647-4f4f-833e-e02ad69d03a9""]"
58fe35d8-249a-4da8-9af2-c16910571285,19388,Campus Santé -  lot 334 Pupitres RX,tender,construction,open,award,33485bfa-dbba-4278-a7f4-3a58910ecedd,2026-01-07,VD,Chavannes-près-Renens,1022,Etat Vaud - DGIP p/a Pool de mandataires Banquet,0,[]
c832e1f0-5cd0-4643-a1e4-f0fd18c0e1a1,24149,Création d’une nouvelle sous-station à Gryon Chalméry,tender,construction,open,award,2fdc7696-b23c-4503-8051-a74482e89e0b,2026-01-07,VD,Gryon-Chalméry,1882,Transports publics du Chablais SA,0,[]
3e1bdad8-f34c-4f61-8068-825b1dd4576c,25386,Erneuerung Kunstbauten Findelbach-Landtunnel Tunnelsanierung «2. Bauetappe 2026»,tender,construction,open,award,2722dddb-2b16-450e-9afc-20fd12f2d10b,2026-01-07,VS,Zermatt,3920,Beschaffungsstelle Matterhorn Gotthard Bahn,0,[]
acff6b81-e38c-46c3-9fb8-45b685527f91,29466,COMMUNE DE BELLEVUE - AMENAGEMENT ET RENOVATION DU CHEMIN DES TUILERIES - TRONÇON ROMELLES - VALAVRAN,tender,construction,open,tender,ca2e2260-99e0-492c-b82f-8b9553ddb7ed,2026-01-07,GE,Bellevue ,1239,Commune de Bellevue - Service technique ,0,[]
8a9d8d3a-abb5-410f-834a-991be944ddf3,19153,EPFL DOUBLE DECK - CFC 272.21 Serrurerie,tender,construction,open,award,d81c432e-a386-4f19-9d40-0e400af9cd73,2026-01-06,VD,Lausanne,1015,EPFL - Achats,0,[]
93c8bb88-1e40-4d01-8d1f-f1cd67c8b00f,24320,Rénovation bâtiment Beau-Site - CFC 214 - Construction en bois,tender,construction,open,award,23cbba31-b93f-44bd-bdae-b7cd978b97ff,2026-01-06,VD,Aigle,1860,Transports publics du Chablais SA,0,[]
e469f0cd-b9f8-4bbb-aa90-9c0b310f345d,25032,Rénovation Beau-Site - CFC – 222/224 – Ferblanterie-Couverture,tender,construction,open,award,543f919d-f114-401e-ab71-95280b8a06ec,2026-01-06,VD,Aigle,1860,Transports publics du Chablais SA,0,[]
d08a0154-3730-41a4-b101-a11298e7414b,28519,PAC OUCHY Démolition et assainissement ,tender,construction,open,tender,a4290d4a-3b04-41c2-993d-e4815538a5a6,2026-01-06,VD,Lausanne,1007,Ville de Lausanne – SIL – Service patrimoine (PAT),0,[]
3a95576c-8c7f-4713-9c88-5df9fe3f5c93,28992,Réfection de l'étanchéité du réservoir de Plantour,tender,construction,open,tender,599d559c-9162-4809-829d-57fbfabc197d,2026-01-06,VD,Aigle,1860,Ville d'Aigle - Services techniques,0,[]
7f514ad3-42c7-4730-8a07-57d98479ecc5,29419,Transformation du terrain de football naturel du Centre Sportif de Crans en terrain synthétique et création d'une aire de jeux,tender,construction,open,tender,e189a451-729f-47f8-8a95-42410cd66f08,2026-01-06,VD,Crans,1299,Commune de Crans (Bernard Schenk SA),0,[]
c5e4ab63-d278-4572-9579-775537691681,32591,Agrandissement et rénovation de l'école du Belvédère_CFC 272.0_Serrurerie,tender,construction,open,tender,35c2edb4-b43b-4f13-b212-11672c7252f2,2026-02-28,GE,Chêne-Bougeries,1224,Commune de Chêne-Bougeries - Giorgis Rodriguez Architectes SA,0,[]
3c12ccb7-744d-4f47-a16d-18c428687ee1,26196,Mini Centrale électrique de Nava à Ayer,tender,construction,open,award,19f891d8-7268-4168-bc0a-c59308ab23a2,2026-02-27,VS,Ayer,3961,Commune d'Anniviers ,0,[]
3bd4ab86-e72a-4c93-9fb1-fb94bc68ad77,31830,Construction du Campus EDHEA et Ecole de couture du Valais à Sierre - CFC 281.0,tender,construction,open,tender,e3626e31-edc5-40bd-9bbb-6ff39c4a13c3,2026-02-27,VS,Sierre,3960,"Etat du Valais, Service immobilier et patrimoine - Investissements",0,[]
37b260c5-b2b0-4159-8911-36e4109922f9,32433,"Réaménagement des Routes de l'Aérodrome et de Vannel, 1880 Bex",tender,construction,open,tender,0ad52d82-921e-4f4a-99e0-35ed5daef9fc,2026-02-27,VD,Bex,1880,"Commune de Bex - Service industriels, de l’urbanisme et du bâti (Willi Ingénieurs SA)",0,[]
1095d586-d6f7-4f1d-b7f3-e6237be12164,32554,"Appel d'offres à entreprise totale pour la Démolition bâtiment ECA 86, transformation bâtiment ECA 85 & Construction d’un nouveau bâtiment avec locaux commerciaux et logements",tender,construction,open,tender,d139ba8f-e118-4537-bf52-a4883cbd64da,2026-02-27,VD,Penthaz,1303,Commune de Penthaz (F-Partenaires SA),0,[]
f25a62b8-7037-4566-b335-ac50513e415b,5546,MATE4 - Rénovation Maternité - Etape 4 - BAT3A - CFH 231 Tableaux électriques,tender,construction,open,award,1f495fa1-489d-4ce3-94a9-6190f15ae9f2,2026-02-27,GE,GENEVE,1205,Centrale d'achats et d'ingénierie biomédicale Vaud-Genève (CAIB),0,[]
c12d1370-297d-4c49-85ff-6656d94e3c45,27047,NOUVEL EMS - YVONAND - CFC 351 BUANDERIE PROFESSIONNELLE,tender,construction,open,abandonment,f14de701-9b53-4e9c-9796-19fbb26cebe3,2026-02-26,VD,Yvonand,1462,Fondation Saphir (quartal),0,[]
caff082b-15d4-4c11-8aae-553444ab407b,31317,"Ferme ""En Bocherens"", Transformations et assainissement énergétique - Lot CFC 271/285 Plâtrerie et peintures intérieures",tender,construction,open,tender,768e8796-d09b-4a33-8eee-cdedb8cceec4,2026-02-26,VD,Bettens,1042,Commune de Bettens (éo architectes),0,[]
eab4fc0f-02ca-4138-9c64-596c9fc50e7a,32336,RENOVATION TECHNIQUE CVSER LULLIER (Centre Horticole) secteur Nord - Lot 251 - Appareils sanitaires courants,tender,construction,open,tender,f75fcfc4-62b9-48bb-ac9f-4e85ea155a40,2026-02-26,GE,Centre Horticole Lullier,1254,Office cantonal des bâtiments (OCBA),0,[]
d24a6c67-8ee3-48f4-8ab4-959818806b7b,32499,"Ferme ""En Bocherens"", Transformations et assainissement énergétique - Lot CFC 214.1 Travaux de charpente",tender,construction,open,tender,e64a80ec-ba3f-403e-8a3d-04e4f9c5dccb,2026-02-26,VD,Bettens,1042,Commune de Bettens,0,[]
92243627-3b73-4bef-a51e-5309ea8ed546,14752,"Restauration et transformation des bâtiments du Domaine des Faverges, Vignobles de l'Etat de Fribourg",tender,construction,open,award,8136bcf0-b126-445f-ba18-d44bbd29d3a6,2026-02-25,VD,Saint-Saphorin,1071,Etat de Fribourg - DIME - Service des bâtiments SBat,0,[]
bb952199-7e74-44c5-8009-fcaeaeb2c528,16592,"Restauration et transformation des bâtiments du Domaine des Faverges, Vignobles de l'Etat de Fribourg",tender,construction,open,award,45c4b62a-f6cc-498d-9008-af47b02a886e,2026-02-25,VD,Saint-Saphorin,1071,Etat de Fribourg - DIME - Service des bâtiments SBat,0,[]
eeca0be1-9059-4363-809d-82e82156b4e5,16596,"Restauration et transformation des bâtiments du Domaine des Faverges, Vignobles de l'Etat de Fribourg",tender,construction,open,abandonment,4eeb436f-b439-497a-b0a8-a1c0893182ef,2026-02-25,VD,Saint-Saphorin,1071,Etat de Fribourg - DIME - Service des bâtiments SBat,0,[]
a7d946d6-9fd1-41f1-9ec8-bc404e582637,16599,"Restauration et transformation des bâtiments du Domaine des Faverges, Vignobles de l'Etat de Fribourg",tender,construction,open,award,f4ef2f3e-4f1b-4e5f-9607-163cab25f396,2026-02-25,VD,Saint-Saphorin,1071,Etat de Fribourg - DIME - Service des bâtiments SBat,0,[]
e62b11d5-6aab-4502-8d5f-4b2dd3f8251d,24027,Doc2716953486_UW Zermeiggern Los 10 Baumeister,tender,construction,open,award,e35f8975-838b-49cd-8495-b7077b41c089,2026-02-25,VS,Saas-Almagell,3905,Swissgrid AG - Engineering & Construction,0,[]
b3783cd1-c842-4f00-8bd5-e52cf7fb868c,28619,Saillon - Réfection de la Route du Clos D'Avaux - Travaux de génie civil,tender,construction,open,award,a5bf84e5-e4b4-4897-a187-babbac050593,2026-02-25,VS,Saillon,1913,Commune de Saillon - Services techniques,0,[]
edf09faf-3c4d-47fe-84a7-d69f2cff15b3,32222,Rénovation du terrain de football synthétique,tender,construction,open,tender,7e2e8b59-22f0-4e37-b23e-d18f09e54e34,2026-02-25,VD,Payerne,1530,Commune Payerne,0,[]
3091e51a-856b-4a67-99ae-f847a21f9694,32388,ZIMOGA – Etape 1 : Aménagement de nouvelles dessertes,tender,construction,open,tender,501af8f3-67f9-4a8d-b59f-3afae714e1da,2026-02-25,GE,vernier,1214,FTI - FONDATION POUR LES TERRAINS INDUSTRIELS DE GENEVE (ZS Ing.),0,[]
fc9b5bce-50d1-4bcd-9bdd-c7b87cd3a86b,32437,"AO_CFC 271.0_Plâtrerie - Peinture - Faux-plafonds_Surélévation, extension et rénovation d'une immeuble de logements avec activités au rez-de-chaussée dans les Pâquis à Genève",tender,construction,open,tender,767b4726-6571-471a-a4cc-19a7a4c4b881,2026-02-25,GE,Genève,1201,Hospice Général (GE) - Service Immobilier (Ganz Muller Arch.),0,[]
799b02de-e707-4bd8-b223-a535ac3ffd32,24598,Fourniture et installation des équipements pour une central de chauffage à distance à St-Germain Savièse,tender,construction,open,award,6c19ff74-d584-4c9f-859c-a43725de9395,2026-02-24,VS,St-Germain / Savièse ,1965,OIKEN SA Achats & Logistique ,0,[]
7062b761-895a-4d93-841b-832368c6c1e5,31054,"Ferme ""En Bocherens"", Transformations et assainissement énergétique - Lot CFC 211 Travaux de l'entreprise de maçonnerie",tender,construction,open,tender,7f70dda5-0796-426b-91b7-ef38312b0594,2026-02-24,VD,Bettens,1042,Commune de Bettens ,0,[]
3fb5b1a5-5dfe-4e11-be83-b67314ae7382,32302,Rénovation du Poste HT-MT de la Foretaille - Lot 14 : Plâtreries peintures PHASE 1,tender,construction,open,tender,170920af-f614-4aa1-b9ad-30cb7d5ab246,2026-02-24,GE,Bellevue,1293,Services industriels de Genève (SIG) - Direction Achats,0,[]
6366e114-bc40-474e-a387-5d2a6380aa90,21909,"Champ-Dollon / Rénovation des toitures bâtiment Administratif, ateliers et Cento Rapido - Etanchéité et ferblanterie",tender,construction,open,award,d12e08ff-0822-41f7-b963-06a0f5549c7e,2026-02-23,GE,Puplinge,1241,Office cantonal des bâtiments (OCBA) - Service Achats et Contractualisation,0,[]
bddb48f9-cf91-4200-8d72-17a7094ce203,32249,APPEL D'OFFRE POUR LES TRAVAUX D’ASSAINISSEMENT DE LA TOITURE DU BATIMENT PARASCOLAIRE DU BLUARD ,tender,construction,open,tender,e5544709-03fd-40fc-b3dd-8b2436dacaa8,2026-02-23,VD,Morges,1110,Ville de Morges - Service des bâtiments,0,[]
e0ed94ec-3a11-4465-b283-5512addd5f49,12286,HVS extension - CFC 287 - nettoyage,tender,construction,open,award,c514dfc4-c281-4d14-98cc-9ee922f470c1,2026-02-20,,,,Hôpital du Valais - Projets stratégiques,6,"[""c514dfc4-c281-4d14-98cc-9ee922f470c1"", ""2f3dc825-20de-42fe-8adf-58af04136122"", ""2d6eb782-9ec6-46d4-8442-d91462c0a7d2"", ""c8d8ec46-d11a-4533-8bbf-c86670cc3ce3"", ""92b375dc-099f-41ba-b204-57998144eefb"", ""c1fee7a0-4e98-4c83-8d27-91030e206fd7""]"
cdae94b4-5d17-4b8f-bf9c-81f9d3881c8c,12310,HVS extension - CFC 411-463 - aménagements extérieurs génie civil,tender,construction,open,award,1dd91a41-25d2-44d7-87e8-41bf986e1877,2026-02-20,VS,Sion,1950,Hôpital du Valais - Projets stratégiques,0,[]
952cf548-76a9-4224-bb58-1066f545a4ce,25832,ARA Briglina Realisierung BKP 211.11 Baumeisterarbeiten,tender,construction,open,award,75e4051b-300a-46f0-b24a-304fd0818acc,2026-02-20,VS,Gamsen,3900,Gemeindezweckverband ARA Briglina ,0,[]
1eb5b1db-f2a9-46f4-ba5f-f317068cf345,26519,Ecole Secondaire Noëlla Rouget à Meyrin - Lot 29 - Gestion technique du bâtiment,tender,construction,open,tender,369983d5-5de8-4d93-bdb7-b4baf8f70795,2026-02-20,GE,Meyrin,1217,Département du territoire - DT - Office cantonal des bâtiments,0,[]
f5a61a50-dcb5-4f4b-b54c-82866481ac5d,26570,Totalsanierung Badhaltestrasse - Brigerbad,tender,construction,open,award,1618bda5-2bf7-4369-982a-b714af7e0986,2026-02-20,VS,Brigerbad,3900,Stadtgemeinde Brig-Glis (Emch+Berger AG Bern),0,[]
aa9265b9-5f9f-403a-9d1e-b769186dd2bd,26574,Totalsanierung Badhaltestrasse - Brigerbad,tender,construction,open,award,c08152ec-1fd7-484c-a38a-e27b20badeef,2026-02-20,VS,Brigerbad,3900,Stadtgemeinde Brig-Glis (Emch+Berger AG Bern),0,[]
1c9c113f-7a9c-4640-b407-316acfffd883,26622,ARA Briglina - Realisierung BKP 332 Elektroinstallationen,tender,construction,open,award,cf97f072-1588-4f83-907d-296af066136e,2026-02-20,VS,Gamsen,3902,Zweckverband ARA Briglina – Ausbau und EMV (SPI),0,[]
3cdb5fa7-1386-48c6-8d9f-e774ba17ae96,27798,Neubau Fernwärmeleitung Heizzentrale Klostermatte – Unterstation Geschina Brig-Glis,tender,construction,open,award,1c064918-720d-4ec0-b27a-43d74e1771bb,2026-02-20,VS,Brig,3900,Stadtgemeinde Brig-Glis,0,[]
32071da3-a094-479e-8eee-7afbf7e61b1f,29780,EPFL – Nouveaux laboratoires CH G1 – CFC 23 Installations électriques,tender,construction,invitation,award,012ca5d8-1344-4447-9b43-e71776f56926,2026-02-20,VD,Lausanne,1015,EPFL VPF ACHATS,0,[]
1c4375d5-0c21-4a71-a8cf-e30a65a5cfe6,32055,Parkings de Chetzeron et de Cry d'Er,tender,construction,open,tender,9c44a58b-687d-400e-8527-a64ac635964c,2026-02-20,VS,Crans-Montana,3963,Bourgeoisie de Chermignon,0,[]
7ad7b2a8-1115-4541-bfa7-ed4a23df6376,23657,Reconstruction et réfection des chemins d'amélioration foncière AF - Etape 3,tender,construction,open,award,9ec25db6-a11f-4cf7-9f8d-99ec543c4aa5,2026-02-19,VD,Noville,1845,RWB Vaud SA,0,[]
605d59b0-0678-4950-a212-f734fcc8a378,25060,Réfection des chemins d'amélioration foncière AF - Etape 2,tender,construction,open,award,c503b0e4-0d37-4c46-ab75-e2901998970f,2026-02-19,VD,Chessel,1846,RWB Vaud SA,0,[]
b2899f97-40c4-4776-9308-a43ce4c91568,31771,Rénovation école du Bosson - Démolitions Terrassements Maçonnerie Béton,tender,construction,open,tender,dccc39e1-bda4-4337-894a-1f299ba5fe20,2026-02-19,GE,Onex,1213,Ville d'Onex (Bureau d'architectes Burckhardt Architecture SA),0,[]
f4f142ca-8acf-4d46-97e8-aeeffc3ab15f,31779,Rénovation école du Bosson - Installations électriques,tender,construction,open,tender,a179ae9a-b92d-49c9-8e4e-876c5e317856,2026-02-19,GE,Onex,1213,Ville d'Onex (Bureau d'architectes Burckhardt Architecture SA),0,[]
146e0ba5-7ea2-4b18-bc4c-71517539e552,31791,Rénovation école du Bosson - Installations sanitaires,tender,construction,open,tender,ce3b6007-9962-4b6d-94d0-3437960702f5,2026-02-19,GE,Onex,1213,Ville d'Onex (Bureau d'architectes Burckhardt Architecture SA),0,[]
8c805d1f-f723-409c-840b-996b3b7ea3ce,19379,ERACOM - Transformation de l'enveloppe thermique et mise en sécurité des voies d'évacuation verticales,tender,construction,open,award,f402b62a-72b4-4c25-a850-a13c6c9d11ea,2026-02-18,VD,ERACOM - Rue de Genève 55 – 1004 Lausanne,1004,"Vaud - Canton - Département de l'économie, de l'innovation, de l'emploi et du patrimoine (DEIEP)",0,[]
78aace3f-6b80-4038-8435-eb860372a2ff,20202,Ecole Secondaire Noëlla Rouget à Meyrin - Lot 15 - Installations sanitaires,tender,construction,open,award,7d75189f-7b64-4e1c-81eb-9743e8e91be4,2026-02-18,GE,Meyrin,1217,Département du territoire - DT - Office cantonal des bâtiments,0,[]
c082813d-b9d9-4f50-8440-ae1294705b02,28861,Neubau Turnhalle und Kindergarten in 3942 Raron - BKP 221.1 Fenster aus Holz und Holz-Metall,tender,construction,open,award,2d89c89e-54de-46fc-b5a6-8bc21297aa4c,2026-02-18,VS,Raron,3942,Einwohnergemeinde Raron,0,[]
075fe207-3811-4be9-9c0a-f8abbe883fd1,30420,Lutry - Réseau Anergie,tender,construction,open,tender,18fd644d-9317-4e28-bbba-af1ea731b982,2026-02-18,VD,Lutry,1095,Commune De Lutry,0,[]
ef914c26-ff56-4875-8664-792498101e13,31786,Rénovation école du Bosson - Installations de chauffage et ventilation,tender,construction,open,tender,b6bc78dd-c945-43f3-b17b-d8c09bac7ccd,2026-02-18,GE,Onex,1213,Ville d'Onex (Bureau d'architectes Burckhardt Architecture SA),0,[]
d74d75a6-3ca3-4bd9-b468-00300b248b64,31865,Travaux de génie civil pour le nouvel aménagement du carrefour Chailly-Pérouge et la renaturation du ruisseau de Sully,tender,construction,open,tender,0101a971-f971-4679-90c1-d2ffac0ca90d,2026-02-18,,,,Ville de La Tour-de-Peilz Service Urbanisme et Travaux (Petignat Cordoba Ingénieurs SA),1,"[""0101a971-f971-4679-90c1-d2ffac0ca90d""]"
8d2b58ac-33a8-459b-99be-0e2294218ef9,19221,Ecole Secondaire Noëlla Rouget à Meyrin - Lot 16 - Installations sprinkler ,tender,construction,open,award,41a6d0a3-1333-4ace-a852-1b409f520612,2026-02-17,GE,Meyrin,1217,Département du territoire - DT - Office cantonal des bâtiments,0,[]
098d30b9-19a7-484e-bd6c-6628ed5e4e5d,24336,Construction et transformation des ateliers de l'EPCL sur le site de Crêtelongue à Sierre - CFC 211.5,tender,construction,open,award,a4d57250-0f3c-4322-af11-54da662dfb81,2026-02-17,VS,Granges,3977,Service immobilier et patrimoine,0,[]
27459aa9-4c52-4999-a932-19d20368b4c3,31005,ESII NOËLLA-ROUGET – LOT 25 - SURETÉ,tender,construction,open,tender,1bfe1948-c33b-4f9a-9370-81ba714440fe,2026-02-17,GE,meyrin,1217,"Etat de Genève, Département du territoire – DT, Office cantonal des bâtiments",0,[]
9b7eec4d-5d59-439f-9d34-8c90478fe9f9,31525,Rénovation école du Bosson - Assainissement,tender,construction,open,tender,9024d21e-3d73-438c-bbf4-34cdac529d97,2026-02-17,GE,Onex,1213,Ville d'Onex (Bureau d'architectes Burckhardt Architecture SA),0,[]
788c0fbd-c9e1-4ca2-b213-a4bed78ef696,31767,Rénovation école du Bosson - Echafaudages,tender,construction,open,tender,0c7c9812-7736-4279-a507-73fe74082ac5,2026-02-17,GE,Onex,1213,Ville d'Onex (Bureau d'architectes Burckhardt Architecture SA),0,[]
26a6a014-a691-4a5f-a1e7-10150c15e938,31897,"Mise en séparatif, remplacement de conduite ESP et assainissement de la chaussée - chemin des Clos",tender,construction,open,tender,76edfb8a-3d37-4634-8509-f5ba0710de2b,2026-02-17,VD,Renens,1020,Service Infrastructures-Mobilité,0,[]
834cc769-480b-45f5-a062-2a1c79e2c859,31938,Ensemble 25,tender,construction,open,tender,03761af3-02cc-4a44-a788-b15b0b642a42,2026-02-17,VD,Yverdon-les-Bains,1400,TRAVYS SA,0,[]
b0cb7af9-b78f-4860-8b5f-b27e7900e553,14892,STEP EHVV - Lot EM03 Traitement des boues,tender,construction,open,award,7ba63df8-cc87-4911-a20c-59cb7dda4792,2026-02-16,VD,La Sarraz,1315,Groupement CSD-WSP-Erbat-DTP (CWED),0,[]
c700731d-1bf8-427e-8906-c30ec0675898,24505,Copie Requalification du Prieuré 2a -Pully en restaurant et bibliothèque communale.,tender,construction,open,award,f420a252-90fe-4e01-9b1d-9dbbe5fff935,2026-02-16,VD,Pully,1009,Ville de Pully - Direction de l'Urbanisme et de l'Environnement - Regtec SA,0,[]
07d7e2bc-c79b-413f-af7c-6661b157a762,27720,CAD Sierre - Route de l'Hôpital - Secteur 2026,tender,construction,open,award,d078c659-d230-48d8-9524-b5f387a75011,2026-02-16,VS,Sierre,3960,"Sogaval SA, société gérée par OIKEN SA",0,[]
b61ecb6f-9a21-4166-9f8b-cc1160d476c6,31254,Revitalisation des hauts-fonds de Bois-de-Bay et de la bande riveraine,tender,construction,open,tender,b88dd224-9ef0-46d6-8357-f9fde6897a70,2026-02-16,GE,Satigny,1242,Etat de Genève - Département du territoire (DT) - Office cantonal de l'agriculture et de la nature (OCAN),0,[]
42babcba-2140-4c6d-8985-68703cebb58a,31885,STEP Echallens - CFC 232 + 236 Installations électriques courants forts et faibles,tender,construction,open,tender,83d609ee-7014-4154-b88c-9328dda090fd,2026-02-16,VD,Echallens,1040,ASET / Association intercommunale STEP Echallens Talent (TRITON),0,[]
4b4afbdf-73a5-4142-97fa-dcb49c9b8ab9,31887,STEP Echallens - CFC 231.2 Ensemble d'appareillage - Tableaux de distribution,tender,construction,open,tender,6f5c3403-0071-4e9b-b2dc-ca2d9a43c7b6,2026-02-16,VD,Echallens,1040,ASET / Association intercommunale STEP Echallens Talent (TRITON),0,[]
d25c289c-7c93-459f-9c3c-a8cf6c69e537,31890,STEP Echallens + STAP - CFC 232.7.1 Automation STEP et STAP,tender,construction,open,tender,b695e9bc-9e6b-48af-867c-8ca5bc45c7d6,2026-02-16,VD,Echallens,1040,ASET / Association intercommunale STEP Echallens Talent (TRITON),0,[]
3e39efbc-e49e-4619-bde9-073bdc51a089,31891,STEP Echallens - CFC 232.7 Tableaux électriques process STEP,tender,construction,open,tender,69497906-e729-43c2-aaf7-3c6499f8195a,2026-02-16,VD,Echallens,1040,ASET / Association intercommunale STEP Echallens Talent (TRITON),0,[]
dd11e8c5-2f3a-43cf-b9bc-ff23816cc877,27850,RDC Klostermatte - Chauffage à distance raccordement sous station Geschina,tender,construction,open,award,5da97ce5-64ed-497c-9d38-8a07570e9965,2026-02-14,VS,Brig-Glis,3902,Stadtgemeinde Brig Glis (Elimes AG),0,[]
602666d7-de54-455c-80cd-f120556175a4,31826,"Renens, Sainte-Famille / AO-32, Portes intérieures",tender,construction,open,tender,8ec16bec-8696-4894-b80f-819409f77080,2026-02-14,VD,Renens,1020,Association Sainte-Famille (aplanir Sàrl),0,[]
1695f020-52df-4268-a520-34db98b75123,12201,Transformation d'une halle en bureaux administratifs / Bâtiment B sur site de Piscine à Sion,tender,construction,open,award,5bf68206-841a-46d7-8e04-fe4bf2ec6477,2026-02-13,VS,Sion,1950,"Etat du Valais, Département des finances et de l'énergie, Service immobilier et patrimoine",0,[]
176dc20a-a23c-4a57-bc80-3cc59a124984,26232,"Commune de Bottens, RC 501 - Rte de Lausanne et Chemin de la Louye : Aménagements routiers et trottoirs. Réfection de la chaussée ",tender,construction,open,award,42a37d59-5b1f-4bc1-b35b-bb847c529b30,2026-02-13,VD,Bottens,1041,Commune de Bottens,0,[]
9ff757bc-0081-4f10-adc1-37536eea027f,27311,"Entretien spécialisé du pont sur les voies CFF à St-Léonard, sur la RC no 52 St-Léonard - Bramois, sur le territoire de la commune de St-Léonard",tender,construction,open,award,a439bbdc-2ad6-4eb5-8728-6e49764237d5,2026-02-13,VS,St-Léonard,1958,"Département de la mobilité, du territoire et de l'environnement",0,[]
d14ae3ab-d86d-4569-b2c0-f7a3dc9b3c9b,31659,"Commune de Massongex, réfection EU de Daviaz",tender,construction,open,tender,12f2f301-b90f-4cf0-8004-bb60d887f0ae,2026-02-13,VS,Massongex,1869,Commune de Massongex ,0,[]
d6c639d5-dd79-46c7-9281-ad7da13bce9d,31698,CHUV_Affaire n° 24-020_Dalle-parking NES_CFC n° 175_Étanchéité des surfaces carrossables,tender,construction,open,tender,27fbed22-d0c3-47cf-b484-002fc6586ff0,2026-02-13,VD,Avenue Pierre-Decker 2-6,1005,"CHUV - Direction des constructions, ingénierie, technique et sécurité (CIT-S)",0,[]
f0b0b230-adf6-4a50-a693-fa70200273a8,31741,Rénovation du terrain de football B,tender,construction,open,tender,1cc47c43-4292-4636-bb04-82d976c09e12,2026-02-13,GE,"Chemin du Bois-Gourmand, Veyrier",1234,Commune de Veyrier,0,[]
787be35b-76cb-49e5-b3cf-aae3d1ae9c85,25288,Construction BT,tender,construction,open,award,6b8f4ee8-9c26-401d-b625-8a556b07efc7,2026-02-12,VD,Le Lieu,1345,TRAVYS SA,0,[]
0e70d1be-fe7a-4dae-9da7-cb866ed869c2,27466,Commune de Riddes - Réfection de la route des CFF - Travaux de génie civil,tender,construction,open,award,6bf0dce7-dec2-4755-a2d8-b472b783d768,2026-02-12,VS,Riddes,1908,Commune de Riddes,0,[]
a982c9ac-9c6c-4039-9de8-8099de56e786,29739,Avenue de l'Ermitage - Réaménagement - Mise en séparatif,tender,construction,open,tender,74eb833b-598a-4993-af80-c3b7020c31c6,2026-02-12,GE,Chêne-Bougeries,1224,Commune de Chêne-Bougeries,0,[]
0c252077-bdd0-4a8d-9793-321ae2b24879,31703,OIKEN YPERIA - Appel d'offre LOT 272.020 Portes spéciales / Portes coupe-feu parking,tender,construction,open,tender,cb418d8e-4fee-47aa-8670-b6ee001985d0,2026-02-12,VS,Sierre ,3960,OIKEN SA (Pragma Partenaires SA),0,[]
35a9540a-d68a-4871-a655-8284b4831149,19074,Campus Santé -  lot 362 Puits de lumière,tender,construction,open,award,327f575a-7a4d-470e-803f-0bbc0fc5aa66,2026-02-11,VD,Chavannes-près-Renens,1022,Etat Vaud - DGIP p/a Pool de mandataires Banquet,0,[]
c12adc68-64e5-4c98-89d8-ef48f9a60026,20608,EMS - Goumoëns-La-Ville - CFC 281.6 Carrelages,tender,construction,open,award,247272fe-b49e-4c47-a511-1632a4814d46,2026-02-11,VD,Goumoëns-La-Ville ,1376,Fondation Les Chateaux,0,[]
161dc25d-1ff8-4dcf-aba4-19cd6ba9b781,25461,Kollegium Brig - Sanierung Internat / BKP 222 + 224 Spengler- und Bedachungsarbeiten (Südtrakt),tender,construction,open,award,a0ebce5c-cf5a-418f-b238-057bfc6ef4ca,2026-02-11,VS,Brig-Glis,3900,Service immobilier et patrimoine,0,[]
58a35069-6120-4a38-9a4f-3fe75fe2f49c,31607,OIKEN YPERIA - LOT 272.000 Portes intérieures en métal,tender,construction,open,tender,27e15f56-1d68-490d-b970-36ba72335537,2026-02-11,VS,Sierre,3960,OIKEN SA (Pragma Partenaires SA),0,[]
43b5b94e-19d1-4ff5-b2f3-aad461010e35,24850,Projet de construction du centre sportif des Ambys - Mandataire spécialiste en terrains sportifs,tender,construction,open,award,a3e34668-0de1-4d25-a7ac-2b4a00e3ec0f,2026-02-10,GE,Anières,CH-1247,Bertrand Reich et Hervé Basset,0,[]
74bfc111-e5b7-40c3-9193-d4614aa645dc,31308,"Ferme ""En Bocherens"", Transformations et assainissement énergétique - Lot CFC 250 Installations sanitaires",tender,construction,open,tender,91052270-1459-4ec9-95cb-e0fe0adca7b5,2026-02-10,VD,Bettens,1042,Commune de Bettens,0,[]
317119d7-18f1-4830-a47c-76cbccf9ae83,31456,"Construction d'une caserne de pompier de type E, d'une voirie et 2 logements à Crissier - LOT 13 INSTALLATIONS DE CHAUFFAGE",tender,construction,open,tender,9ed896b5-f57b-4ca1-97b1-9e53a5df67aa,2026-02-10,VD,"Crissier VD, Suisse, Chemin de la Colice 23-25",1023,Commune de Crissier ,0,[]
20b79de3-04d5-41bd-9724-e53d7fd26f1a,31484,"Association FOREMS, EMS La Coulaz - Appel d'offres pour les travaux de cloisons, plâtrerie, faux plafonds et peinture int.",tender,construction,open,tender,3c5258d1-ef6e-45af-a2f9-56ca9d547d43,2026-02-10,VD,Payerne,1530,"Association FOREMS (PRAGMA Partenaires SA, succursale d'Yverdon-les-Bains)",0,[]
db32c3ce-e568-4c96-8d85-7cc24fbc9b79,26548,AO - tpg - Contrat-cadre mono-adjudicataire Travaux de réparation et de rechargement par soudage des rails et des appareils de voie du réseau de tramways des tpg (rails à gorges – voie métrique) - (4 ans),tender,construction,open,award,c76a214c-a5ce-4295-9bd9-8f1e090b2574,2026-02-09,GE,Grand-Lancy,1212,Transport publics genevois (tpg),0,[]
20087924-7295-4a0b-82bb-7984ce513419,31441,STEP - Marché 406 - Etanchéité Toitures plates ,tender,construction,open,tender,4262e61e-2c9b-441a-a986-9747547d6424,2026-02-09,VD,Lucens,1522,Association intercommunale pour l’épuration des eaux Moyenne Broye EMB,0,[]
a69a7339-fcd0-4914-bd92-be06511a87dd,15304,"STEP EHVV - Lot EM01 Relevage, prétraitement, décantation primaire et traitement biologique",tender,construction,open,award,ddf7b671-d644-48f2-8114-2dda3a1ca080,2026-02-07,VD,La Sarraz,1315,Groupement CSD-WSP-Erbat-DTP (CWED),0,[]
f80ee4ea-3f28-49eb-8b93-65854437b0ff,18465,STEP Orbe HBMAC - CFC 25 - Installation sanitaire,tender,construction,open,award,cdd45fb4-3978-4470-85e8-24492dc03290,2026-02-07,VD,Orbe,1350,HOLINGER SA,0,[]
435c6883-0cbd-4122-9e4e-a3df67d77bc7,28229,Zahnstangenweichen Bahnhof GGB Zermatt,tender,construction,open,award,b97d8a6a-c9d5-4670-83a5-ede98ec94ab5,2026-02-07,VS,Zermatt,3920,Beschaffungsstelle Matterhorn Gotthard Bahn,0,[]
1f9142cc-a73f-4fc0-a6de-913e03145e11,26123,"Neubau Fleischzentrum und TKS Region Goms-Oberwallis / 281 Unterlagsboden, Fugenlose Boden- und Wandbeläge",tender,construction,invitation,award,16a059ab-c274-46c5-b7a6-50e5a7567b52,2026-02-06,VS,Reckingen,3998,Gemeinde Goms,0,[]
1d3fd445-b5ae-47c2-bf31-740c3fc4e927,29311,Construction d'un terrain de football synthétique,tender,construction,open,tender,5fc81e42-c1a0-47ec-b391-251ee7ed4152,2026-02-06,VD,Etagnières,1037,Commune Etagnières,0,[]
0482641d-d7a1-46a9-9603-7eb4b8944aba,31332,Rénovation du Poste HT-MT de la Foretaille - Lot 12 : Menuiseries Intérieures PHASE 1,tender,construction,open,tender,161764b9-8257-4fe2-aa1b-cace2c510188,2026-02-06,GE,Bellevue,1293,Services industriels de Genève (SIG) - Direction Achats,0,[]
450ea839-f27b-45da-8a23-8d0a293bc6cc,31334,Rénovation du Poste HT-MT de la Foretaille - Lot 13 : Serrurerie extérieure et intérieure PHASE 1,tender,construction,open,tender,1a1af9df-86d5-4732-93c4-49631bd2cfcb,2026-02-06,GE,Bellevue,1293,Services industriels de Genève (SIG) - Direction Achats,0,[]
8b9f8980-8b5c-48f8-9941-aa14dbc7c985,20489,MP-LEB 2025.05.218 - Programme JLR - Travaux paysagers,tender,construction,open,award,7345956b-0aef-4a34-98aa-7599ba56c221,2026-02-05,VD,Echallens,1040,Transports publics de la région lausannoise SA,0,[]
45c815a4-3257-4cae-9260-1d1b57e0d327,31218,"Association FOREMS, EMS La Coulaz - Appel d'offres de chapes, chapes poncées et tapis",tender,construction,open,tender,d5169362-e500-4058-a536-315b18a9a995,2026-02-05,VD,Payerne,1530,"Association FOREMS (PRAGMA Partenaires SA, succursale d'Yverdon-les-Bains)",0,[]
77f47e73-6a85-4e0b-bed1-9e74f12f6f13,31223,"Association FOREMS, EMS La Coulaz - Appel d'offres de revêtements en carreaux",tender,construction,open,tender,4423bf68-0794-4ee4-8b58-6f608c7ac722,2026-02-05,VD,Payerne,1530,"Association FOREMS (PRAGMA Partenaires SA, succursale d'Yverdon-les-Bains)",0,[]
f9d56a0f-482e-4290-bc61-6f4d2176af4d,31231,"Association FOREMS, EMS La Coulaz - Appel d'offres de revêtements de sol en bois",tender,construction,open,tender,ce12bfe1-a8d8-4809-95af-7641349a9408,2026-02-05,VD,Payerne,1530,"Association FOREMS (PRAGMA Partenaires SA, succursale d'Yverdon-les-Bains)",0,[]
475e679b-ac66-40c4-b1ad-f77bd6a42c98,15880,Renouvellement des sous-stations de Salvan et de Finhaut - Equipements courant traction,tender,construction,open,award,38ac8f13-4860-47c3-88df-d9d6cb6a863b,2026-02-04,VS,Salvan,1922,Achats - TMR SA,0,[]
f3f82670-6a59-4465-9fd1-d3d2673a6ec9,21127,702P - Rue de la Gare - du port du Château au carrefour de la Poste « Mise en séparatif de l’assainissement et remplacement de conduites souterraines »,tender,construction,open,award,6b66ec8a-dd18-40e1-87bb-1aa101b6244e,2026-02-04,VD,Rue de la Gare et Rue du Château à Morges,1110,Commune de Morges - Infrastructures et environnement urbain,0,[]
4c047ff4-cb6b-4008-b843-07758e4e33c2,29040,Mountainbike-Trail Hohsaas–Kreuzboden,tender,construction,open,award,c60e859b-06b2-4edf-8d03-2222d868e878,2026-02-04,VS,Saas-Grund,3910,Gemeinde Saas-Grund (Bike Plan AG),0,[]
d658dc03-93b5-4e3c-9803-3114ba3cc62e,30910,"Association FOREMS, EMS La Coulaz - Appel d'offres travaux de terrassement et travaux spéciaux",tender,construction,open,tender,d69a778f-9645-4d58-af49-186b4c724935,2026-02-04,VD,Payerne,1530,"Association FOREMS (PRAGMA Partenaires SA, succursale d'Yverdon-les-Bains)",0,[]
88905d28-0481-40dd-84f3-3ec7bf3addb3,31062,2025-5 Fourniture et pose de bétons bitumineux pour l'entretien des routes cantonales - 8 lots,tender,construction,open,tender,4257efa0-d9b7-45e5-a9ea-be874fb41eea,2026-02-04,,,,Direction générale de la mobilité et des routes - division Entretien ,8,"[""4257efa0-d9b7-45e5-a9ea-be874fb41eea"", ""4257efa0-d9b7-45e5-a9ea-be874fb41eea"", ""4257efa0-d9b7-45e5-a9ea-be874fb41eea"", ""4257efa0-d9b7-45e5-a9ea-be874fb41eea"", ""4257efa0-d9b7-45e5-a9ea-be874fb41eea"", ""4257efa0-d9b7-45e5-a9ea-be874fb41eea"", ""4257efa0-d9b7-45e5-a9ea-be874fb41eea"", ""4257efa0-d9b7-45e5-a9ea-be874fb41eea""]"
922a53d0-bbd6-4c5e-b2a4-fb0df542f943,31095,Square des Footballeurs,tender,construction,open,tender,fa1acab7-ec73-414e-8aa7-60fb0f58463f,2026-02-04,GE,Plan les Ouates,1228,ARFOLIA SA,0,[]
0e50a0a7-8be8-4f62-aa41-a00e7295b38b,31105,"Association FOREMS, EMS La Coulaz - Appel d'offres travaux de maçonnerie, béton, éléments préfabriqués et construction en bois",tender,construction,open,tender,95d4a3f6-e401-47a6-b860-953a312a394c,2026-02-04,VD,Payerne,1530,"Association FOREMS (PRAGMA Partenaires SA, succursale d'Yverdon-les-Bains)",0,[]
020bba96-09eb-4117-980e-c573cbf065dc,31139,Création CVC (ventilation et froid) amélioration énergétique du bâtiment,tender,construction,open,tender,944796d3-3485-4821-a959-3f69dfb58f19,2026-02-04,GE,"Général Dufour, 2",1204,Office cantonal des bâtiments (OCBA),0,[]
5303db85-b1f1-4f99-a74f-8e5d9d0ec54f,31146,Rénovation de l'hôpital Le Samaritain en clinique gériatrique et de réadaptation (CGR) et restructuration du parc_Groupe B2 - Lot 42100 Aménagement extérieur,tender,construction,open,tender,36a4abc4-f7e7-4309-b0c8-291d1876c9f4,2026-02-04,,,,Hôpital Rivièra Chablais (HRC),1,"[""36a4abc4-f7e7-4309-b0c8-291d1876c9f4""]"
24c140b8-52b3-4221-8410-7a5c98f94e79,31156,"Association FOREMS, EMS La Coulaz - Appel d'offres travaux de façades légères en bois",tender,construction,open,tender,bc279b0e-7130-4e60-bf09-c14cee4f373c,2026-02-04,VD,Payerne,1530,"Association FOREMS (PRAGMA Partenaires SA, succursale d'Yverdon-les-Bains)",0,[]
f856103d-3f73-40da-9240-92b3caedca1c,31157,"Association FOREMS, EMS La Coulaz - Appel d'offres travaux de ferblanterie et couverture.",tender,construction,open,tender,11bf1d7f-9b0d-4f6c-b3b8-031dd82e984f,2026-02-04,VD,Payerne,1530,"Association FOREMS (PRAGMA Partenaires SA, succursale d'Yverdon-les-Bains)",0,[]
644013af-920d-472c-a52b-72c56536a095,31159,"Association FOREMS, EMS La Coulaz - Appel d'offres de travaux d’équipements de production d’énergie",tender,construction,open,tender,f419e779-8a17-457d-8d09-835c53bcdf29,2026-02-04,VD,Payerne,1530,"Association FOREMS (PRAGMA Partenaires SA, succursale d'Yverdon-les-Bains)",0,[]
27bec1d7-b1e7-4b74-b817-b10beb0f9c41,31160,"Association FOREMS, EMS La Coulaz - Appel d'offres de travaux d’installations électriques.",tender,construction,open,tender,c75a7d04-3155-4799-9585-7140b5c74b96,2026-02-04,VD,Payerne,1530,"Association FOREMS (PRAGMA Partenaires SA, succursale d'Yverdon-les-Bains)",0,[]
c0bceea5-2438-4721-817d-2846d288e20f,31161,"Association FOREMS, EMS La Coulaz - Appel d'offres en travaux d’installations de chauffage.",tender,construction,open,tender,60e2a36f-b298-4b7b-8284-90f74121a9cd,2026-02-04,VD,Payerne,1530,"Association FOREMS (PRAGMA Partenaires SA, succursale d'Yverdon-les-Bains)",0,[]
733022ef-c0aa-4564-a2e8-d38e7a7beac1,31162,"Association FOREMS, EMS La Coulaz - Appel d'offres en travaux d’installations de ventilation.",tender,construction,open,tender,4525cc74-462a-40ab-ad01-bc7df66ccdbd,2026-02-04,VD,Payerne,1530,"Association FOREMS (PRAGMA Partenaires SA, succursale d'Yverdon-les-Bains)",0,[]
aa419e61-1633-46d6-aee8-adb518a0f346,31163,"Association FOREMS, EMS La Coulaz - Appel d'offres en travaux d’installations sanitaire",tender,construction,open,tender,e4f3a006-ea31-4545-b7b3-673b690d631d,2026-02-04,VD,Payerne,1530,"Association FOREMS (PRAGMA Partenaires SA, succursale d'Yverdon-les-Bains)",0,[]
51f43c75-bc29-4acd-a2c9-c10be7abd287,18275,"L'Association La Branche, CFC 244 Ventilation, Marché de construction",tender,construction,open,award,64c6f73d-c44a-44f6-904f-9ce220c2942c,2026-02-03,,,,Association La Branche,1,"[""64c6f73d-c44a-44f6-904f-9ce220c2942c""]"
e684b407-7cba-4baa-a341-a72b3fa2b2ca,18276,"L’Association La Branche, MCR - Régulation CFC 249  Marché de travaux de construction  ",tender,construction,open,award,c955fba1-a489-4dc3-b984-82bd56cf35eb,2026-02-03,,,,Association La Branche,1,"[""c955fba1-a489-4dc3-b984-82bd56cf35eb""]"
a8c1e17c-50da-459a-9f7d-829168faf8bd,18277,"L’Association La Branche, CFC 23 Installations électriques  Marché de travaux de construction  ",tender,construction,open,award,42718868-0b88-4eb0-ba65-d90a7d96e2f4,2026-02-03,,,,Association La Branche,1,"[""42718868-0b88-4eb0-ba65-d90a7d96e2f4""]"
1f2cc615-65d8-4cc3-b93f-804a75f25703,18280,"L’Association La Branche, 231.51 Equipements photovoltaïques Marché de travaux de construction  ",tender,construction,open,award,d1e99fd0-78e0-459f-ad68-c618449e92a0,2026-02-03,,,,Association La Branche,1,"[""d1e99fd0-78e0-459f-ad68-c618449e92a0""]"
889a1bad-9358-4710-b2fd-73b3280ff3b3,19758,"L'Association La Branche - LU-KO-PE et ""La Vaudèze"" CFC 211 Maçonnerie/ BA",tender,construction,open,award,3cb583b5-1908-4c77-9f35-848cefe75aff,2026-02-03,,,,Association La Branche,1,"[""3cb583b5-1908-4c77-9f35-848cefe75aff""]"
1caf4e40-5d8a-48e7-9c7e-84e95ff96f95,19759,"L'Association La Branche - LU-KO-PE et ""La Vaudèze"" CFC 210 Echafaudages",tender,construction,open,award,1a91778e-b919-4c37-a00a-9df6cbb012ae,2026-02-03,,,,Association La Branche,1,"[""1a91778e-b919-4c37-a00a-9df6cbb012ae""]"
3e1dd1f0-b016-4e0d-8f4a-3c8ce4fad371,19760,"L'Association La Branche - LU-KO-PE et ""La Vaudèze"" CFC 261 Ascenseurs",tender,construction,open,award,16c46a04-2ea5-472f-b859-3fdcad3a09d3,2026-02-03,,,,Association La Branche,1,"[""16c46a04-2ea5-472f-b859-3fdcad3a09d3""]"
cdd128c4-be2e-41e0-ae16-4002188ec549,20044,"L'Association La Branche - LU-KO-PE et ""La Vaudèze"" CFC 226.2 Isolation périphérique   ",tender,construction,open,award,c864d58b-18fc-4325-946b-db32cd6e6558,2026-02-03,,,,Association La Branche,1,"[""c864d58b-18fc-4325-946b-db32cd6e6558""]"
359fd369-685f-4193-abae-873f333c28fd,20775,"L'Association La Branche - Lusseyran, CFC 258.2 Cuisine professionnelle",tender,construction,open,award,a1d18572-a543-42b7-9eb8-5bbff70c86dc,2026-02-03,,,,Association La Branche,1,"[""a1d18572-a543-42b7-9eb8-5bbff70c86dc""]"
45e627e6-973f-4970-8c87-a210a12f926b,21420,"L'Association La Branche - LU-KO-PE et ""La Vaudèze"" CFC 271-285 Plâtrerie, peinture",tender,construction,open,award,e3f22061-dab5-44b3-ad94-7c6861925e28,2026-02-03,,,,Association La Branche,1,"[""e3f22061-dab5-44b3-ad94-7c6861925e28""]"
afc54040-8bf0-4da5-9dc2-7efb141a498e,22505,Copie Collège du Grand-Pré à Prilly - Assainissement-transformation-mise en conformité - LOT 24 - CFC 272,tender,construction,open,award,dbf02f9d-12e2-4270-a4a4-c4d9cc2ffd5d,2026-02-03,VD,Prilly,1008,ASIGOS,0,[]
17d2f527-e143-48cd-8856-f13db99419bb,24349,Construction et transformation des ateliers de l'EPCL sur le site de Crêtelongue à Sierre - CFC 214.1,tender,construction,open,award,7691349c-48a7-4e33-aaa6-3ec7aaee3854,2026-02-03,VS,Granges,3977,Service immobilier et patrimoine,0,[]
5fc06bed-2ed1-49e5-bba7-b572bdea7615,30787,CMU CDEF Création de nouveaux réseaux de distribution d'eau glacée,tender,construction,open,tender,1a685e1d-e74f-4043-bdf9-35739e73e5e8,2026-02-03,GE,Genève,1206,Office Cantonal des Bâtiments (OCBA),0,[]
b05de93e-0b6c-4f34-ade9-76218b8cbd8d,30802,Extension du dépôt de Perrelet - Revêtement de sols en ciment-résine,tender,construction,open,tender,b5eb4472-b251-403b-8684-f96da74118e9,2026-02-03,VD,Renens,1020,Transports publics de la région lausannoise SA - Ferrari Architectes,0,[]
6d2dc42f-f64a-41a0-9caa-5f2041a60271,30927,"Création d’une zone modérée, mise aux normes Lhand des quais de bus et réfection complète de la chaussée",tender,construction,open,tender,44633e8e-1845-4846-9193-c16991a5333e,2026-02-02,VD,lausanne,1000,Ville de Lausanne – FIM – Service de la mobilité et de l’aménagement des espaces publics (MAP),0,[]
eee18e06-d907-48eb-bdd3-a675b1652131,10664,Campus Santé - Lot 139 Cloisons fixes WC C4 et HESAV,tender,construction,open,abandonment,44cbeabd-8ad2-4086-8fdc-6be45eb1ad71,2026-03-31,VD,Chavannes-près-Renens,1022,Etat Vaud - DGIP p/a Pool de mandataires Banquet,0,[]
05ee7642-d0cd-4cc9-bb2c-e271c9a46c31,19776,STEP Echallens Haut Talent - Exécution d'une nouvelle STEP,tender,construction,open,award,5498a7bd-fd9a-47f2-a0e5-769c9004943e,2026-03-31,VD,Echallens,1040,"Association intercommunale STEP Echallens Talent ( ASET), p.a. Commune d'Echallens",0,[]
f8ee859a-0383-4684-b861-a0ded7c5fe53,26403,595 Gymnase du Chablais CFC 273.3 Menuiserie courante: ventilo-convecteurs,tender,construction,open,award,cdf44a4d-6e16-4d59-94f0-eed4f3831bd7,2026-03-31,VD,Aigle,1860,Direction générale des immeubles et du patrimoine – DGIP,0,[]
c827ee1b-3c5d-4d2c-86ba-ab5ed9a5c17e,29423,"595 Gymnase du Chablais CFC 273.0 273.2 277.1 Portes et vitrages intérieurs en bois , cloisons mobiles ( fermetures coupe-feu )",tender,construction,open,tender,d3a03550-73b4-4ef0-8dc5-9839b85edfe4,2026-03-31,VD,Aigle,1860,Direction générale des immeubles et du patrimoine – DGIP,0,[]
067d9c76-ca73-4c4d-965e-c36a0f5324b3,30092,"Réfection de la route de l'Astoria à Montana, sur la RC no 624 Mollens - Aminona - Crans, sur le territoire de la commune de Crans-Montana",tender,construction,open,award,0c186fd9-40fa-4c96-be81-e3b37545392a,2026-03-31,VS,Crans-Montana,3963,"Département de la mobilité, du territoire et de l'environnement",0,[]
3cb6d8b0-0e66-4be2-950f-927885e98efe,31752,Sous-station de Chauderon travaux Ligne de contac ,tender,construction,open,tender,c375a637-7459-4976-8f88-67267e04df8e,2026-03-31,VD,Renens,1020,Transports publics de la région lausannoise sa,0,[]
602d577f-f0b6-440f-ac4e-271b9ce613e4,32973,RENOVATION TECHNIQUE CVSER LULLIER (Centre Horticole) secteur Nord - Lot 232 - Installations électriques,tender,construction,open,tender,a2a8b84a-2cc5-42d9-910c-cec40e82ee93,2026-03-31,GE,Centre Horticole Lullier,1254,Office cantonal des bâtiments (OCBA),0,[]
7b96140c-c70e-4bdb-90f1-ccdc76afd9e2,34094,GENILAC GLH - Station d'échange (STAE) FATIO - Lot 4 - CVCR,tender,construction,open,tender,e1f613df-cb56-43b1-a02d-e048a090ef15,2026-03-31,GE,Rue Pierre Fatio (1204 Genève),1204,Services industriels de Genève (SIG) - Direction Achats,0,[]
c66edd4b-4bfa-4c58-919f-8b3ba22987c5,34211,Extension du cycle d'orientation du Foron -  CFC 213.2/228 Escalier de secours en serrurerie et Portes coupe-feu,tender,construction,open,tender,6471797a-0ddc-4179-af0b-f29590d4e72e,2026-03-31,GE,"Chemin du Foron, 43 - Thônex",1226,OFFICE CANTONAL DES BATIMENTS,0,[]
1b3e13bb-b6e2-467c-a40d-1f2e7b0649d6,34420,GENILAC GLH - Station d'échange (STAE) FATIO - Lot 1.2 Echangeurs,tender,construction,open,tender,521ab3c0-491e-484e-8002-c77ec332f381,2026-03-31,GE,Rue Pierre Fatio (1204 Genève),1204,Services industriels de Genève (SIG) - Direction Achats,0,[]
e680cee8-c4f2-4dc7-9d52-44a987025964,34424,GENILAC GLH - Station d'échange (STAE) FATIO - Lot 1.3 Groupe de pompage,tender,construction,open,tender,1e1a3de0-869b-4e06-8ab8-2cd5deb81200,2026-03-31,GE,Rue Pierre Fatio (1204 Genève),1204,Services industriels de Genève (SIG) - Direction Achats,0,[]
2b8a3592-6737-4c3b-ae6a-96fd29f2c071,9859,"Marcelin, Nouvelle salle VD5 / AO-018, Sanitaire",tender,construction,open,award,a37d2e7a-1f13-47ef-ac56-a24019c570e1,2026-03-31,VD,Morges,1110,DAB (Direction de l'architecture et des bâtiments),0,[]
58290410-b4f9-44bf-8ad5-17d22c6c3f93,24507,Extension et rénovation du Lycée-collège de St-Maurice : ZONE SPORTIVE - CFC 242,tender,construction,open,award,b0512636-6193-4011-a454-4d0b41839771,2026-03-30,VS,St-Maurice,1890,Service immobilier et patrimoine,0,[]
b0eae5e7-b81b-4b3b-aba2-fdcd097ddd07,27802,Construction du nouveau Lycée-Collège Ella Maillart (au Cours Roger Bonvin) à Sion - CFC 900 Mobilier classes,tender,construction,open,award,b46b01f9-c2b8-4dd9-b41c-b2554ccd3d92,2026-03-30,VS,Sion,1950,Service immobilier et patrimoine,0,[]
6c236575-65c3-4594-8873-90c6e0119efd,27804,Construction du nouveau Lycée-Collège Ella Maillart (au Cours Roger Bonvin) à Sion - CFC 904 Mobilier réfectoire,tender,construction,open,award,e5399f4f-01a1-493d-9b37-571b09ab446e,2026-03-30,VS,Sion,1950,Service immobilier et patrimoine,0,[]
c247ebed-a103-413e-bf25-736055ccd68c,31098,Rénovation et assanissement énergétique du Centre d'enseignement professionnel de Vevey,tender,construction,open,tender,601e392e-1cb2-4430-b265-e7e69fd4725e,2026-03-30,VD,Vevey,1800,DEIEP-DGIP-DAB,0,[]
09b6ed6c-1e11-411a-8951-e3aa2448b760,33889,Rénovation et assainissement énergétique du Centre d'enseignement professionnel de Vevey,tender,construction,open,tender,eaae0793-37da-4d92-8140-5173c118b1a0,2026-03-30,VD,Vevey,1800,DEIEP-DGIP-DAB,0,[]
b3d9e6fa-cc8d-43b4-b8f4-80135bce1710,34417,MEY-27100-PLATRERIE PEINTURE,tender,construction,open,tender,5232a801-1fd3-4712-a34c-4e2c0e8316f0,2026-03-30,GE,Meyrin,1217,VILLE DE MEYRIN,0,[]
a2116ba0-b968-405d-bc34-cd803b43d0ec,34464,"Aménagement d'un trottoir, d'un arrêt de bus et du parking de la piscine / patinoire à Coppet",tender,construction,open,tender,9114b685-3835-48d5-96bc-60c4385401b3,2026-03-30,VD,Coppet,1296,Arsco SA (Bovard & Fritsché SA),0,[]
937c954f-1ec8-4c17-95b6-64d0a0c85955,34477,Collège principal de Pully - Lot 28 Revêtements de parois en bois - Salle de Sport,tender,construction,open,tender,ebb50849-918b-4c25-b1e1-b550e7bcd8e7,2026-03-30,VD,Pully,1009,Ville de Pully - Direction de l'urbanisme et de l'environnement  - Itten+Brechbühl SA   ,0,[]
8facc407-9941-4e6b-86d0-3ebb06d48018,24953,CSI LE BIX : Lot 281.600 Carrelages & Faïences,tender,construction,open,award,a58273b9-5d1c-4f17-b9d5-796a0348242b,2026-03-28,VD,Arzier-Le Muids,1273,Commune d'Arzier-Le Muids (p.a. Pragma Partenaires SA),0,[]
adb21c7c-718c-46c8-83e6-f040b82b10c5,26374,"Réfection de la chaussée sur le tronçon de la rue de la Dixence sis aux abords immédiats du futur collège de Sion, sur la RC no 536 Sion Centre - Champsec, sur le territoire de la commune de Sion",tender,construction,open,award,24070595-0713-47ec-9c16-cb5f0f1153ff,2026-03-28,VS,Sion,1950,"Département de la mobilité, du territoire et de l'environnement",0,[]
6d110faf-eadc-409b-bab0-c5b3479c83f8,34435,Chavornay - chemins AF,tender,construction,open,tender,e80b9bca-00ae-4423-9819-a34ed655f576,2026-03-28,VD,Chavornay,1373,Commune de Chavornay,0,[]
0a27b5f8-9b43-4c2b-87d9-1d283e4b5b60,20650,"Ville de La Tour-de-Peilz : Chemin des Murs-Blancs, Chemin de Vassin et Avenue de la Perrausaz - Aménagements, mise en séparatif et assainissement des SI",tender,construction,open,award,46441747-6dd4-44fc-97c2-baedcf08f107,2026-03-27,VD,La Tour-de-Peilz,1814,Commune de La Tour de Peilz (MCR & Associés SA),0,[]
1b436f13-9b97-4514-9693-a7e6cb34f115,29144,"Aménagements de modération et réseaux CAD, FAD, meunière - Rues des Cèdres et Marc Morand",tender,construction,open,award,bd0ad5e8-435d-4a5b-9638-ba5a68bd8c77,2026-03-27,VS,Martigny,1920,Commune de Martigny - Services Techniques ,0,[]
e228ee5d-aa6b-4c88-8793-4daf1ca48be3,30356,"Réfection de la chaussée entre Basse-Nendaz et Sornard, sur la RC no 62 Sion - Nendaz, sur le territoire de la commune de Nendaz",tender,construction,open,award,61d23251-63a5-4d2b-a594-8852d23234fc,2026-03-27,VS,Nendaz,1996,"Département de la mobilité, du territoire et de l'environnement",0,[]
5f353464-08a9-43f9-83e9-d6ad7c83052c,32098,Reconstruction après incendie de la Ferme du Sonneur (Avully),tender,construction,open,tender,c87e5762-0f6f-49b3-8929-7cbac07ea51d,2026-03-27,GE,Avully,1237,Office cantonal des Bâtiments - OCBA ,0,[]
18a72938-88ab-4b65-b3c8-d324e7a34b4e,33741,"Réhabilitation du bâtiment de l'Av. Guillemin 9-11, Transformation et mise en conformité de la garderie du parc Av. Guillemin 7",tender,construction,open,tender,66ed05e4-0102-463c-9de0-3356e0fc1b98,2026-03-27,VD,Pully,1009,Ville de Pully - Direction de l'urbanisme et de l'environnement,0,[]
6d11c77d-62a3-44b6-8b39-006e79e830bf,34260,Réfection de la Route du Bon Accueil et construction d'un évacuateur de crues,tender,construction,open,tender,cd93687b-0ec0-4d83-8c41-352a68f6b506,2026-03-27,VS,Hérémence,1987,"Commune d'Hérémence - Service Territoire, Environnement et Gestion de projet",0,[]
827b13f4-40a8-4d37-8810-f1e7201009d1,34290,Construction d'un tunnel à Maillolet - Hérémence - Travaux de terrassement et travaux spéciaux,tender,construction,open,tender,6e4297fd-13fb-46fd-8803-fa7b4b3e2a57,2026-03-27,VS,Hérémence,1987,Administration communale d'Hérémence,0,[]
988ac0ac-d721-4cb7-96ab-e73252c81071,34291,Construction d'un tunnel à Maillolet - Hérémence - Travaux de maçonnerie et béton armé,tender,construction,open,tender,918b1eb8-c1e6-4fe6-9fa2-696c4e7ae4a3,2026-03-27,VS,Hérémence,1987,Administration communale d'Hérémence,0,[]
e564ef78-4cc9-483e-8ffb-d5720c516455,24695,595 Gymnase du Chablais CFC 271 Plâtrerie,tender,construction,open,award,0aad0d3f-9717-45bb-809f-7bd251c703d2,2026-03-26,VD,Aigle,1860,Direction générale des immeubles et du patrimoine – DGIP,0,[]
3060fb6a-5bac-4f46-9404-8a4afa218d9f,29977,Rénovation patrimoniale du phare des Pâquis ,tender,construction,open,award,506d9903-0f3a-41e3-a28f-b1b5ff42278c,2026-03-26,GE,"Jetée des Pâquis, Quai du Mont-Blanc 30",1201,Office cantonale de l'eau (OCEau) - SAEP (ass architectes),0,[]
2e4adbe5-fe52-4a96-a036-29343b505326,33038,Construction du Campus EDHEA et Ecole de couture du Valais à Sierre - CFC 281.1,tender,construction,open,tender,da163363-8b56-49b1-b09d-db674f75b85c,2026-03-26,VS,Sierre,3960,"Etat du Valais, Service immobilier et patrimoine - Investissements",0,[]
3d1bdf31-c141-4075-9f9d-25a2f40b50ef,34062,Laboratoire Gabelica - CMU 4 - Bâtiment C,tender,construction,open,tender,c26e82f0-9264-4dbd-a06c-d48aa3096b37,2026-03-26,GE,Genève,1206,Direction du Territoire - DT Office Cantonal des bâtiments (OCBA),0,[]
88765e8c-d2da-485b-b3d8-a8d298e35c5d,34106,AIERG - Extension réseau EU,tender,construction,open,tender,3d813f10-0d2d-4615-ab7a-a085821424d7,2026-03-26,,,,Association Intercommunale pour Epuration de la Région de Grandson (AIERG),3,"[""3d813f10-0d2d-4615-ab7a-a085821424d7"", ""3d813f10-0d2d-4615-ab7a-a085821424d7"", ""3d813f10-0d2d-4615-ab7a-a085821424d7""]"
a8a04a14-ffdd-416d-aa39-a3dee43ce81e,34237,Station de traitement champ Jaillet - lot essais pilote,tender,construction,open,tender,680c5bf6-9917-4c70-905f-8a303a08dcf6,2026-03-26,VD,Gilly,1182,SIDERE - Service intercommunal de distribution d'eau potable de Rolle et environs,0,[]
c5b1b1d8-d979-4cfd-9207-bf93bf5bb00c,24939,Extension et rénovation du Lycée-collège de St-Maurice - CFC 250,tender,construction,open,award,3da3dd85-823f-427d-a6c7-6bc7af2ed214,2026-03-25,VS,St-Maurice,1890,Service immobilier et patrimoine,0,[]
d0aa4f0e-fcc8-4443-a315-21e1958a8b4a,33909,Commune de Grandcour - Réhabilitation route d'Estavayer,tender,construction,open,tender,e7965b00-feea-4036-9ead-58b303d54c1d,2026-03-25,VD,Grandcour,1543,Commune de Grandcour (Küng Ass. SA),0,[]
27a83424-e628-4318-bcfb-91df3a519688,34058,Réservoir d'eau potable à la Caffe,tender,construction,open,tender,784ef4ae-cf0e-4c67-bc82-0ee12b744c37,2026-03-25,VS,Martigny-Croix,1921,Administration communale de Martigny-Combe,0,[]
7b529b59-ae32-4a39-91ee-066c9b46f5fa,22530,Nouveau complexe scolaire d'Echandens - CFC 273.0 Menuiserie portes intérieures bois,tender,construction,open,award,411fa89d-bdf5-40ed-a309-971701aef7dd,2026-03-24,VD,Echandens,1026,"Commune d'Echandens (dl-c, designlab-construction SA)",0,[]
5b914f56-ac3e-4f56-8366-c6ff2fab6e90,22991,"Nouveau complexe scolaire d'Echandens - CFC 281.0 Couches support, chapes",tender,construction,open,award,0731bfa4-9560-4bf6-a0da-3a7e2ed24974,2026-03-24,VD,Echandens,1026,"Commune d'Echandens (dl-c, designlab-construction SA)",0,[]
aa495746-7b59-4f88-9037-456fb521b15c,22992,"Nouveau complexe scolaire d'Echandens - CFC 273.1 Armoires, menuiserie courante et rayonnages",tender,construction,open,award,26c94bdc-6eb0-48b7-bd7b-bf2afb7360fc,2026-03-24,VD,Echandens,1026,"Commune d'Echandens (dl-c, designlab-construction SA)",0,[]
d949e7d0-6ed2-46d4-98b7-da86dcdb7aff,25497,Projet d’aménagement des mesures de protection contre les crues du Torrent de Prapane à Vissoie – Etapes 2 et 3,tender,construction,open,award,b00d678f-2ac3-4da3-9ea8-4309d4990398,2026-03-24,VS,Vissoie,3961,Commune d'Anniviers (Bureau d'ingénieurs Crettaz et Partenaires SA),0,[]
94f92b60-0a2e-4450-a8d4-795c3c397880,33249,BEAUSOBRE 0 - MORGES - APPEL D'OFFRE PLATRERIE & PEINTURE ,tender,construction,open,tender,1754867d-d07c-497f-9974-123f5a4c1377,2026-03-24,VD,"Morges, Vaud",1110,"Bâtiment, sports et domaines; Commune de Morges (Bureau Fehlmann Architectes SA)",0,[]
de0468d0-e761-4d73-b82e-7d22fb7f1559,9860,"Marcelin, Nouvelle salle VD5 / AO-013, Electricité",tender,construction,open,award,a0e53378-cdc6-4551-8c13-ac9092457e5d,2026-03-24,VD,Morges,1110,DAB (Direction de l'architecture et des bâtiments),0,[]
b7cf3927-eb71-4bc1-a3c0-57885c519925,21802,Campus Santé -  Lot 155 Mobilier de bureau HESAV,tender,construction,open,award,b192ef13-2f7d-4192-8510-1faf823c0553,2026-03-23,VD,Chavannes-près-Renens,1022,Etat Vaud - DGIP p/a Pool de mandataires Banquet,0,[]
c9b168d5-d75d-49e4-b18d-d1a178edbcd6,26768,Requalification de la route d'Arzier RC 25-C-P  en traversée de localité,tender,construction,open,award,cae845d4-0724-4ff4-a004-064a318db7f3,2026-03-23,VD,Saint-Cergue,1264,Communde de Saint-Cergue (Bovard & Fritsché SA),0,[]
579f2d14-6922-458c-907b-7e8cea7b2560,29042,Liaison MT Rte de Marin – Ch. Du Chalet à Matthey - Lausanne,tender,construction,open,award,3d79d62e-bfa5-4c4e-8489-18daef239952,2026-03-23,VD,Lausanne,10002,Service Industriel de Lausanne - Patrimoine Electricité,0,[]
4a965df7-c648-4d5d-aeea-2e4b8dc3c620,32819,Construction d’un émissaire de Rejet lacustre - STEP de Nyon – Lot 01 GC ,tender,construction,open,tender,32cdb8b4-7417-4bda-b675-0adc81c2bf0a,2026-03-23,VD,"La grande jetée, rue de Rive - Nyon",1260,Ville de Nyon - Service des Infrastructures,0,[]
eb6c48ac-12f0-46c0-a82a-1c599e016daf,33089,RENOVATION TECHNIQUE CVSER LULLIER (Centre Horticole) secteur Nord - Lot 15 - Maçonnerie,tender,construction,open,tender,e02fed4e-b9b7-4afc-9349-7ea26e9c1421,2026-03-23,GE,Centre Horticole Lullier,1254,Office cantonal des bâtiments (OCBA),0,[]
853c494d-c87a-47f4-8b62-3935ad48ed0a,16924,Nouveau site scolaire de Champs d'Aullie au Mont-sur-Lausanne - CFC 281.6 Carrelage,tender,construction,open,award,173cbbc7-b222-4215-87cd-1a0b8a6ff3e6,2026-03-21,VD,Le Mont-sur-Lausanne,1052,Quartal Sàrl,0,[]
48ebb66d-ce2b-484a-b01f-edbdb41c6312,16927,Nouveau site scolaire de Champs d'Aullie au Mont-sur-Lausanne - CFC 281.4 Revêtement de sol en Linoleum,tender,construction,open,award,3a39b1fc-559e-431d-a7ce-ba7da4cb64a7,2026-03-21,VD,Le Mont-sur-Lausanne,1052,Quartal Sàrl,0,[]
39a2b45d-a251-47fb-ba30-c0985b7f404f,16930,Nouveau site scolaire de Champs d'Aullie au Mont-sur-Lausanne - CFC 281.0 Chapes,tender,construction,open,award,77990f9e-20fa-4e3f-921e-a0bb4bcf6fe0,2026-03-21,VD,Le Mont-sur-Lausanne,1052,Quartal Sàrl,0,[]
2d8557da-663d-4882-bac1-f59849582e75,16938,Nouveau site scolaire de Champs d'Aullie au Mont-sur-Lausanne - CFC 211.1 Echafaudages,tender,construction,open,award,0b07f7db-d1a4-4720-b756-c7c0c1842c63,2026-03-21,VD,Le Mont-sur-Lausanne,1052,Quartal Sàrl,0,[]
b3ed1daa-46ed-4e0b-9b0e-6d248aa2c65a,16940,Nouveau site scolaire de Champs d'Aullie au Mont-sur-Lausanne - CFC 221 Fenêtres en bois-métal,tender,construction,open,award,8fcfb1a3-5aad-46c2-919e-c481b3f976b6,2026-03-21,VD,Le Mont-sur-Lausanne,1052,Quartal Sàrl,0,[]
16fb2298-8e1d-4d8a-bc2a-ff6e44da2d11,29649,EPFL – Nouveaux laboratoires CH G1 – CFC 250 Installations Sanitaires & Gaz spéciaux,tender,construction,invitation,award,050aa4b8-c0ef-4e6f-9b17-4fe3ef78533e,2026-03-20,VD,Lausanne,1015,EPFL VPF ACHATS,0,[]
f4ba903d-06a3-46e6-966e-8d8819e07719,32717,Réfection de la chaussée du chemin de Champvent,tender,construction,open,tender,f74f441d-c127-424e-a4ff-a61ac8ca5fa1,2026-03-20,VD,"Chemin de Champvent, Jouxtens-Mézery",1008,Commune de Jouxtens-Mézery (Mosini et Caviezel SA),0,[]
e7d9c1de-cb55-4298-ad6c-f5b2a3db4095,33694,"Assainissement de la route de Rennex, collecteurs EU et EP, réaménagement de la chaussée",tender,construction,open,tender,da1579fb-3edf-40a6-add5-36d70b9cb8e1,2026-03-20,GE,Genthod,1294,Commune de Genthod,0,[]
f57fec0e-c6ec-4124-ba05-46923e9c1370,33896,Rénovation des laboratoires Service de la consommation et des affaires vétérinaires (SCAV) ,tender,construction,open,tender,5ed01a7f-ffe3-433c-a66d-61e54b8a8836,2026-03-20,GE,Quai-Ansermet 22,1205,Office cantonal des bâtiments ( OCBA ) ,0,[]
67db9767-42ca-4488-b98d-e369e948fbb2,30882,"Baumeisterarbeiten für die Gesamtsanierung Dorfstrasse ab Dorfplatz, Termen",tender,construction,open,award,f0c9c6a9-3533-40f2-b714-8de5cc564562,2026-03-19,VS,Termen,3911,Gemeinde Termen (SPI Schmidhalter Partner Ingenieure AG),0,[]
de8d570c-1a6f-40a5-9105-a4708af60748,32436,"Corcelles-près-Payerne - Construction d'un nouveau collège, d'un accueil parascolaire et d'une salle de gymnastique VD4 - LOT 04",tender,construction,open,tender,50a9a2aa-af81-4871-b42f-c40d92acdb44,2026-03-19,VD,Corcelles-près-Payerne,1530,Association Scolaire Intercommunale de Payerne et Environs (ASIPE) p/a Ferrari Architectes SA,0,[]
96958949-6da1-4170-a738-70e3e70f1840,32972,Travaux d'entretien - Aménagements routiers 2026 - Commune d'Aubonne,tender,construction,open,tender,bb8b2cd6-4faf-4cb1-9c87-7ade24bcdb08,2026-03-19,VD,"Av Clos d'Asper, Rte de Gimel, Ch d'Armary/Morts",1170,Commune d'Aubonne - Services techniques,0,[]
c30c008d-96b4-4a07-976a-5d8aba2e06c0,27293,Rénovation des introductions d’eau et mise en conformité des nourrices de distributions,tender,construction,invitation,award,c16008a5-aeee-44a4-a113-252024569a9e,2026-03-18,GE,GENEVE,1215,Genève Aéroport,0,[]
2a954087-e721-46dc-9a3d-20daf3d4ab88,27299,26100 Ascenseurs Equipement Communal Mixte à Veyrier,tender,construction,open,award,9c3ba30a-bec7-4898-832a-fcbdb227625c,2026-03-18,GE,Veyrier,1255,Commune de Veyrier (bureau architech),0,[]
24934f7c-3c74-4352-9da3-340f73cc18c3,27400,21400 Construction bois Equipement Communal Mixte à Veyrier,tender,construction,open,award,6b013025-13e5-4c30-a624-c6b454b8d1e7,2026-03-18,GE,Veyrier,1255,Commune de Veyrier (bureau architech),0,[]
383d66cb-6674-483c-a83e-518f85650d78,27499,25000 Installations sanitaires  Equipement Communal Mixte à Veyrier,tender,construction,open,award,6c6984b4-e6e6-4c83-886a-8dd573159357,2026-03-18,GE,Veyrier,1255,Commune de Veyrier (bureau architech),0,[]
e304155a-787a-4f4f-b715-97eabc91529e,27501,24900 Régulation MCR  Equipement Communal Mixte à Veyrier,tender,construction,open,award,2da24da7-b033-433e-951a-c1a3142d8925,2026-03-18,GE,Veyrier,1255,Commune de Veyrier (bureau architech),0,[]
be0cf9cd-7566-43c6-b807-bb89cece037c,27502,24200 Chauffage ventilation Communal Mixte à Veyrier,tender,construction,open,award,2b580950-81fc-4a42-8ec0-265b0f865615,2026-03-18,GE,Veyrier,1255,Commune de Veyrier (bureau architech),0,[]
e303db57-af1d-479e-9731-5d6a92ece02c,27525,"21150 Béton armé, Maçonnerie Equipement Communal Mixte à Veyrier",tender,construction,open,award,d27f49e3-edd1-4de3-8f9a-97eb205aaa7a,2026-03-18,GE,Veyrier,1255,Commune de Veyrier (bureau architech),0,[]
6be31eb9-62dc-49ab-aa39-ec51b5bd26d4,27526,21110 Echafaudages Equipement Communal Mixte à Veyrier,tender,construction,open,award,ea877437-70e1-4f58-a7b2-fba07ce735b3,2026-03-18,GE,Veyrier,1255,Commune de Veyrier (bureau architech),0,[]
194064a3-f63c-4bb9-aa0c-2183306e48ed,27527,"20110 Démolition, désamiantage, terrassement, travaux spéciaux, canalisation  Equipement Communal Mixte à Veyrier",tender,construction,open,award,71a17ccc-07d0-4f61-abdf-dd2d0b2c26e2,2026-03-18,GE,Veyrier,1255,Commune de Veyrier (bureau architech),0,[]
89b2a279-674e-488c-a7d9-f61c056f1b1c,28871,23000 Installation électrique Equipement Communal Mixte à Veyrier,tender,construction,open,award,b64710d8-c129-4b15-9da6-69081ec2f866,2026-03-18,GE,Veyrier,1255,Commune de Veyrier (bureau architech ),0,[]
7a287be1-4007-4a6c-bcb4-214ac92a9238,30784,"Réfection de la route d'Ayer et du pont sur le torrent du Moulin, à Vissoie, sur la RC no 40 Sierre - Vissoie - Ayer - Zinal, sur le territoire de la commune d'Anniviers",tender,construction,invitation,award,c1768028-c538-4954-a89d-a3d1a9c3ed3f,2026-03-18,VS,Vissoie,3961,"Département de la mobilité, du territoire et de l'environnement",0,[]
e2d43e98-01bd-46ba-b71c-f2e60fbbd0ea,31283,"Réfection de la chaussée sur le tronçon de route compris entre La Boverêche et Montana, sur la RC no 624 Mollens - Aminona - Crans, sur le territoire de la commune de Crans-Montana",tender,construction,open,award,342de687-7f9c-4238-8fb6-8fdba524b665,2026-03-18,VS,Crans-Montana,3963,"Département de la mobilité, du territoire et de l'environnement",0,[]
f9cc428c-c42f-4393-9737-2c64f9b98ed8,33548,"OCBA CMU-Laboratoire Gabélica CFC 242-244-246 chauffage, ventilation et froid",tender,construction,open,tender,af84a740-1c75-47b7-b334-ab41886461a9,2026-03-18,GE,Geneva,1206,Office cantonal des batiments ( OCBA ),0,[]
01a525e5-5954-4e18-97da-6ab34b2c315d,33614,"Affaire n°20-094, Cery Bâtiment de laboratoires, site de Cery nord à Prilly, CFC n°215+221 Serrurerie",tender,construction,open,tender,0b7583c5-449f-4508-a802-af44606d0084,2026-03-18,VD,Prilly,1008,CHUV-Construction Ingénierie Technique et Sécurité (CIT-S) - Diserens Maurel Architectes,0,[]
6ef66351-b0bd-467d-8a44-8880f4449242,33633,"Affaire n°20-094, Cery Bâtiment de laboratoires, site de Cery nord à Prilly, CFC n° 248, automatismes du bâtiment",tender,construction,open,tender,bf275723-d421-465b-9747-9cf4f4bd4587,2026-03-18,VD,Prilly,1008,CHUV-Construction Ingénierie Technique et Sécurité (CIT-S) - Diserens Maurel Architectes,0,[]
4038c555-5a42-4839-a35b-3b6dc2b4925f,33757,"Affaire n°20-094, Cery Bâtiment de laboratoires, site de Cery nord à Prilly, CFC n°215 Fibrociment",tender,construction,open,tender,464fa368-1768-481c-8d1d-c092a416091b,2026-03-18,VD,Prilly,1008,CHUV-Construction Ingénierie Technique et Sécurité (CIT-S) - Diserens Maurel Architectes,0,[]
35b5651a-be4e-443a-a821-035183af5932,12997,Neubau Schulhaus Lalden - Bkp 421 Gärtnerarbeiten,tender,construction,open,award,8b10333f-1a44-41ac-80cd-32cad33245e7,2026-03-17,VS,Lalden,3931,Gemeinde Lalden,0,[]
d43c4938-a287-4737-bb5f-79e9fb2df8ca,15887,"RC21 - Routes de La-Capite et Martin-Bodmer - Aménagements de trottoirs traversants, batterie électricité et fibre optique ",tender,construction,open,award,44f1598c-3e79-4a61-b374-c336cf273d7b,2026-03-17,GE,Route de La-Capite 1223 Cologny,1223,OCGC - DPC - Service des Routes,0,[]
4c9b95e6-7745-4218-9121-7b82e1802d33,22732,"Schulhaus Bitsch - Bkp 273.1 Wandschränke und Gestelle, allg. Schreinerarbeiten",tender,construction,open,award,bbbc0e3c-3bc0-4fc5-b0e8-f2b4c18a4653,2026-03-17,VS,Bitsch,3982,Gemeinde Bitsch,0,[]
34bc4917-fdd0-4de0-a47e-2ae802933b10,26392,"P+R P47 Lot 2 Travaux de maçonnerie, béton et construction métallique",tender,construction,open,award,8ecc9498-cb13-4cac-a6ca-80f9a725405d,2026-03-17,GE,Le Grand-Saconnex,1218,Fondation des Parkings  - Service des achats,0,[]
d66c7a05-1523-4afd-9c80-0883217008ab,26886,"Musée de l’Hermitage – Rénovation énergétique et mise aux normes techniques du bâtiment historique - CFC 211.5 Démolition, béton, béton armé et maçonnerie",tender,construction,open,award,601a50b3-a779-43b4-bba7-486bc548abb5,2026-03-17,VD,Lausanne,1018,"Commune de Lausanne – Direction du logement, de l'environnement et de l'architecture - Service d’architecture et du logement",0,[]
e6ca8e8f-edf5-484c-a350-d89a5ac67708,33385,Espaces publics du quartier de l'Ancien Stand ,tender,construction,open,tender,f6f7068f-3b13-4ea9-a1ae-1e2a7605c291,2026-03-17,VD,Lausanne,1018,Ville de Lausanne – LEA - Service des parcs et domaines SPADOM BEPP ( Paysagestion SA),0,[]
aa32c5e4-f3c5-45e0-95a4-8580ced02229,33632,AO 2025-019 Communes Réunies,tender,construction,open,tender,89b792ba-289d-4fa0-8235-26f29a743f71,2026-03-17,GE,Grand-Lancy,1212,Services industriels de Genève (SIG) - Direction Achats,0,[]
c64cb9a0-6269-4970-b390-dcb5800e0a2b,33682,YPERIA - OIKEN - Lot 284.300 Faux-Plafond en bois ,tender,construction,open,tender,04e3a6b0-ce24-44ff-976f-409a3bbe296e,2026-03-17,VS,Sierre,3960,OIKEN SA (Pragma Partenaires SA),0,[]
fd42757f-be9a-48b4-aea3-a72af1041446,6509,Neubau Schulhaus Lalden,tender,construction,open,award,6e2406ab-22c3-4b81-b979-ec50c15b6019,2026-03-17,VS,Lalden,3931,VWARCH Architekten,0,[]
c5d91612-30a8-4a38-8daf-14871e41473e,20745,STEP EHVV - Lot GC01 Gros oeuvre et travaux spéciaux,tender,construction,open,award,ae246a5e-e212-47b6-a798-9884300ed6fd,2026-03-16,VD,La Sarraz,1315,Association intercommunale pour l’épuration des eaux usées de la région Haute Venoge - Veyron (EHVV),0,[]
e3312f83-47ee-4de8-88f5-3c5ad8ff5863,33603,Fondation Eben-Hézer - EMS Chernex Village - CFC 281.6 Carrelages - Faïences,tender,construction,open,tender,fc41c4d9-ea50-4fff-ba55-72c29bd172a9,2026-03-16,VD,Chernex,1822,Fondation Eben-Hézer (Itten+Brechbühl SA),0,[]
66e8ba7b-b390-4248-8751-0507d456ef89,33544,AO 2024-113 Ecoparc Cherpines,tender,construction,open,tender,cda8cecc-a5c5-4e6b-88cd-0bf987e13726,2026-03-14,GE,Plan-Les-Ouates,1228,Services industriels de Genève (SIG) - Direction Achats,0,[]
5e71653d-00e3-4c8c-992e-1c16be4df3a7,13672,PS Pavillon - Nouveau pont routier et aménagements,tender,construction,open,award,9f7125a7-92fa-400e-8ae3-79a17bf77abd,2026-03-13,GE,Grand-Saconnex,1218,Office cantonal du génie civil (OCGC)  - Service des ouvrages d'art,0,[]
07bc1c17-7b8d-4097-ae68-6648b32cdd17,25470,Kopie Kollegium Brig - Sanierung Internat / BKP 283.4 Deckenbekleidung aus Holz und Holzwerkstoffen (Südtrakt),tender,construction,open,award,bcc6a8b5-6cdf-436d-882b-1b8a234a7952,2026-03-13,VS,Brig-Glis,3900,Service immobilier et patrimoine,0,[]
09c04e27-bcfd-4049-920f-0fc1241fb916,30061,Projet: 101255200033 - Fourniture et installation d'un pavillon provisoire THPE sur le site du collège de Saussure à Petit-Lancy,tender,construction,open,tender,74a99a97-958d-4a96-8a79-e358c2c96f2a,2026-03-13,GE,"Vieux-Chemin-d'Onex 9, Petit-Lancy",1213,OCBA - Office cantonal des bâtiments - Département du Territoire,0,[]
74157e8b-9cb6-4bb8-b63a-c91433b81ef6,32271,"Lot L10235, SL Allianz Unterführung Kanal Susten-Chippis",tender,construction,selective,advance_notice,dc499b98-d710-4fd1-a0b9-243e34422afd,2026-03-13,VS,Leuk,3953,Dienststelle für Nationalstrassenbau / Service de la construction des routes nationales,0,[]
b6c3ddf6-2ae2-41bf-9841-f8e7f55250be,33256,"Amélioration AEAI _ site CFPC Ternier _ Sous-sol + Etages Bât. B, C, D _ Portes intérieures en métal",tender,construction,open,tender,080ea26e-f618-4b87-88f9-a84f05be1691,2026-03-13,GE,Petit-Lancy,1213,"Etat de Genève, Département du territoire – DT, Office cantonal des bâtiments",0,[]
d9729213-c335-4314-ab28-68a48e3390ae,33525,Rénovation des courts de tennis intérieurs et extérieurs au centre sportif de Leysin,tender,construction,open,tender,4a152652-8ada-4098-ac87-3cbfebff180e,2026-03-13,VD,Leysin,1854,F-Partenaires SA,0,[]
b27c5f69-a625-4252-b048-a14a12f15fa0,18194,Réfection de la protection anticorrosion intérieure du puits blindé Louvie-Fionnay et du répartiteur de Fionnay,tender,construction,open,award,9849be57-7a8d-4d00-9565-f40389372df6,2026-03-12,VS,Fionnay,1948,HYDRO Exploitation SA,0,[]
00ac463e-e6d9-4422-b5fc-1c335c1e0916,20602,"00568 - CeRN & RC CGM, Rennaz",tender,construction,open,abandonment,df81a1a4-a1bb-4ada-9112-37af639e7c24,2026-03-12,VD,Rennaz,1847,DGIP-DAB-Domaine 7 : Administrations et sécurité,0,[]
6d5f882c-969f-4eb8-8618-a2004fa68876,22311,Präqualifikation Totalunternehmer-Ausschreibung für das Neubauprojekt - Wohnungen für Athleten und saisonale Angestellte in Ulrichen (Gemeinde Obergoms),tender,construction,open,award,848386df-c4a8-499f-988a-3e3f75c0fe74,2026-03-12,VS,Ulrichen (Gemeinde Obergoms),3988,Gemeinde Obergoms,0,[]
fcb149e7-9033-4046-beaa-f4c429257a6c,28642,"KKW Bifig, Saas-Fee",tender,construction,open,award,6e9cc4a6-08f8-406f-a477-7e497663a326,2026-03-12,,,,KWKW Bifig Saas-Fee AG,3,"[""6e9cc4a6-08f8-406f-a477-7e497663a326"", ""4c8882ca-48d2-452d-88f5-d25d8093dd54"", ""92bfba0b-34fd-48d2-9f28-7ff3961cfca8""]"
ddd6eafe-6971-406a-95b2-328a201ed484,31827,"Renens, Sainte-Famille / AO-31, Agencement",tender,construction,open,tender,b0c6aa97-d2cb-48b9-97fb-26a6bd7deef5,2026-03-12,VD,Renens,1020,Association Sainte-Famille (aplanir Sàrl),0,[]
d40dce4f-f61f-4e04-81a4-266f03b2bf0e,33429,Requalification de la rue des Murs RC 6-C-S en traversée de localité et modération de trafic,tender,construction,open,tender,ea8f6bf3-fcc1-46e4-b247-2ea88bc70a52,2026-03-12,VD,Coppet,1296,Commune de Coppet (Bovard & Fritsché SA),0,[]
e98dfc65-328e-41c5-aa0b-9caf8cde97da,33325,Ensemble 25 / Panneaux acoustiques,tender,construction,open,tender,982e0d5e-aa57-4503-b040-71240e4e9f78,2026-03-11,VD,Yverdon-les-Bains,1400,TRAVYS SA,0,[]
71a46fcb-d844-4707-a4db-eb18a3139e96,15885,Copie  297_Groupe scolaire des Grands Esserts à Veyrier - Soumission Façades,tender,construction,open,award,9f8849fd-05b6-46ff-967f-932192d71e96,2026-03-10,GE,Veyrier,1255,Commune de Veyrier ,0,[]
9295190a-7cf3-4007-874b-d964ee614658,24519,297_Groupe scolaire des Grands Esserts à Veyrier - Soumission Chapes,tender,construction,open,award,c88bf3eb-99f4-4b8e-9ddb-24128d69e20e,2026-03-10,GE,Veyrier,1255,Commune de Veyrier,0,[]
71f2cf31-d98c-4396-aadc-086cc78fb81d,24523,297_Groupe scolaire des Grands Esserts à Veyrier - Soumission Portes coupe-feu,tender,construction,open,award,a2e0627c-3c64-45f4-a924-3c0eb2b1b675,2026-03-10,GE,Veyrier,1255,Commune de Veyrier,0,[]
8e05c901-8eb9-426b-b874-f3fedc3b18bd,24871,297_Groupe scolaire des Grands Esserts à Veyrier - Soumission Terrabloc,tender,construction,open,award,e426c3de-b446-4245-8c13-c02ce4d6cc21,2026-03-10,GE,Veyrier,1255,Commune de Veyrier,0,[]
bdd6bc07-6235-40ab-a66f-941a6152edf1,31035,"Rénovation des chemins de la Côte de Burtignière, des Begnines et du Couchant",tender,construction,open,tender,3aefe401-7b6c-4cbc-90b7-5b719be6ac52,2026-03-10,VD,Le Sentier,1347,Commune du Chenit,0,[]
06f66089-d75b-4110-a18a-56a77422be87,32925,2026-3 - Fourniture et pose de bétons bitumineux pour l'entretien des routes cantonales - 6 lots ,tender,construction,open,tender,07f34278-9f01-40ec-a391-63fe3eb15579,2026-03-10,,,,Direction générale de la mobilité et des routes - division Entretien ,6,"[""07f34278-9f01-40ec-a391-63fe3eb15579"", ""07f34278-9f01-40ec-a391-63fe3eb15579"", ""07f34278-9f01-40ec-a391-63fe3eb15579"", ""07f34278-9f01-40ec-a391-63fe3eb15579"", ""07f34278-9f01-40ec-a391-63fe3eb15579"", ""07f34278-9f01-40ec-a391-63fe3eb15579""]"
de717625-22a2-4e1e-b716-1ff81b0a64a3,33208,297_Groupe scolaire des Grands Esserts à Veyrier - Soumission Panneaux photovoltaïques,tender,construction,open,tender,f82ffb05-5a14-4025-8693-e229bbdb0195,2026-03-10,GE,Vessy,1234,Commune de Veyrier,0,[]
6fb08031-6ac8-4354-b8f7-199fa82263c5,19717,"Centrale PAC de valorisation des eaux usées de la STEP d'Aïre - Lot 1.1 Terrassement, travaux spéciaux et gros oeuvre",tender,construction,open,award,7e9c08de-e66b-4c16-b716-bcba44da2174,2026-03-09,GE,"STEP Aïre2, Chemin de la Verseuse , 1219 Aïre",1219,Services industriels de Genève (SIG) - Direction Achats,0,[]
4d123efc-6c25-4ec5-83f6-1832fbc77c15,24051,964 - Conformité Câblage IT OJV-MP ,tender,construction,open,award,3cc4dbd4-2964-4dbd-9a6c-469a1bfe4325,2026-03-09,VD,Lausanne,1010,DGIP-DAB-Domaine 7 : Administrations et sécurité,0,[]
296bf3ee-5079-4f96-b058-ab3b57ca00d1,31796,Rénovation école du Bosson - Revêtements coupe-feu,tender,construction,open,tender,fd3a924a-72c9-4698-95fd-70d4f28d1198,2026-03-09,GE,Onex,1213,Ville d'Onex (Bureau d'architectes Burckhardt Architecture SA),0,[]
3dac6a08-a6e1-4a4a-8f5e-817a628eeec5,33067,VS7473.02 Assainissement des Chemins alpestres Crans-Montana: LOT 2,tender,construction,open,tender,f384d13c-7d39-4e26-9517-db50d22e8757,2026-03-09,VS,Crans-Montana,3963,Commune de Crans-Montana,0,[]
897d7303-b8ff-4606-aee0-363b3fc7edfb,19231,CFC 214.9 - ABATTAGE ET FOURNITURE DE BOIS,tender,construction,open,award,3ba56c41-1d84-4d23-b3f8-be7fa8b7fac2,2026-03-07,VD,Yvonand,1462,Fondation Saphir (quartal),0,[]
73f011a9-0142-41d9-b434-f7da7156ffbc,25780,NOUVEL EMS - YVONAND - CFC 118 DESAMIANTAGE – CFC 119 DIAGNOSTIC POLLUANTS,tender,construction,open,award,0c90375c-dd37-4fdf-a28b-0d558404b122,2026-03-07,VD,Yvonand,1462,Fondation Saphir (quartal),0,[]
4e09dbc7-45f0-4973-825d-96f028765443,25782,NOUVEL EMS - YVONAND - CFC 211.1 ECHAFAUDAGES,tender,construction,open,award,f01910fe-228f-43fa-82d8-d0d2ee737527,2026-03-07,VD,Yvonand,1462,Fondation Saphir (quartal),0,[]
eeaf9bc5-094b-400f-806f-ec01cc68b7d8,25783,NOUVEL EMS - YVONAND - CFC 261 ASCENSEURS,tender,construction,open,award,16a4899d-be48-4757-95bf-49f9beb65194,2026-03-07,VD,Yvonand,1462,Fondation Saphir (quartal),0,[]
89ffe6de-8ab9-42d0-bc66-743b7f6277e2,25784,NOUVEL EMS - YVONAND - CFC 281 CHAPES,tender,construction,open,award,d1d5b04a-3cd4-4774-a7e8-ea83c20eb76e,2026-03-07,VD,Yvonand,1462,Fondation Saphir (quartal),0,[]
51e31b47-4058-435f-97b9-95c33fbc3996,26069,NOUVEL EMS - YVONAND - CFC 111 DÉFRICHAGE – CFC 112 DÉMOLITION - 113 INSTALLATIONS CHANTIER,tender,construction,open,award,5ed844ff-6f8f-4ac4-b27e-48e89a6b48ee,2026-03-07,VD,Yvonand,1462,Fondation Saphir (quartal),0,[]
a5a6f70c-ef3f-4b72-9e7a-045f8137c6a7,26097,NOUVEL EMS - YVONAND - CFC 224.1 ÉTANCHÉITÉS SOUPLES – TOITURE PLATE,tender,construction,open,award,c7b79eac-badf-4037-87c8-c7537c5581e6,2026-03-07,VD,Yvonand,1462,Fondation Saphir (quartal),0,[]
bf013a65-f528-4aae-a6e0-35b40428f3c5,26173,NOUVEL EMS - YVONAND - CFC 222 FERBLANTERIE - 224 COUVERTURE,tender,construction,open,award,50e26b80-82cc-4479-9ad9-d2c933cd5b57,2026-03-07,VD,Yvonand,1462,Fondation Saphir (quartal),0,[]
bba13544-7f70-49a8-ae9b-740bc888b17a,26174,NOUVEL EMS - YVONAND - CFC 170 – 200 TRAVAUX SPÉCIAUX - TERRASSEMENT ,tender,construction,open,award,41f7b3e6-b592-4a1e-99c5-fc27def9617c,2026-03-07,VD,Yvonand,1462,Fondation Saphir (quartal),0,[]
7057c1f4-1f69-4a81-9b45-1633d1379b2f,26188,NOUVEL EMS - YVONAND - CFC 211.5 BÉTON ET BÉTON ARMÉ – 211.6 MAÇONNERIE,tender,construction,open,award,5dc6328e-cecd-4e84-9ac8-dbd7f950b2f2,2026-03-07,VD,Yvonand,1462,Fondation Saphir (quartal),0,[]
d1bfab21-19c5-4785-8f14-e4121d940954,26249,NOUVEL EMS - YVONAND - CFC 42 AMÉNAGEMENT EXTÉRIEUR,tender,construction,open,award,f729c775-a2a1-41ec-830b-7f6afea547f6,2026-03-07,VD,Yvonand,1462,Fondation Saphir (quartal),0,[]
7288c3cf-4a89-4f58-98f1-a663d5c00a92,26253,NOUVEL EMS - YVONAND - CFC 214 CONSTRUCTION BOIS,tender,construction,open,award,e4331fe0-95fb-4acf-891d-043f4d96349f,2026-03-07,VD,Yvonand,1462,Fondation Saphir (quartal),0,[]
911c5424-6f4f-4147-8dcc-f028b7af898c,26360,NOUVEL EMS - YVONAND - CFC 230 INSTALLATIONS ELECTRIQUES,tender,construction,open,award,9124ab04-b373-4609-89c3-b500f4a1fd20,2026-03-07,VD,Yvonand,1462,Fondation Saphir (quartal),0,[]
97c3ba4e-63c7-49e1-92ba-8bf8f6892e40,26477,NOUVEL EMS - YVONAND - CFC 463 SUPERSTRUCTURE,tender,construction,open,award,0d375c16-0847-4e0e-a94f-b1d4c92e1022,2026-03-07,VD,Yvonand,1462,Fondation Saphir (quartal),0,[]
6f66d2c6-c4ec-443b-8bec-1803e8d28f89,26538,NOUVEL EMS - YVONAND - CFC 250 INSTALLATIONS SANITAIRES,tender,construction,open,award,985fb02f-fe72-43d2-9664-65cf8a20f8eb,2026-03-07,VD,Yvonand,1462,Fondation Saphir (quartal),0,[]
9012466c-48ac-418a-900e-55efcb2fdf69,26596,NOUVEL EMS - YVONAND - CFC 346 CHAMBRES FROIDES,tender,construction,open,award,3d804b4a-dbdb-4ee9-bafa-639df4d00379,2026-03-07,VD,Yvonand,1462,Fondation Saphir (quartal),0,[]
8d6818f8-3e74-4c46-95ee-e006b69446d0,26610,NOUVEL EMS - YVONAND - CFC 358 AGENCEMENTS DE CUISINE,tender,construction,open,award,0562f33b-6860-4df0-b98b-5d73315bf0a2,2026-03-07,VD,Yvonand,1462,Fondation Saphir (quartal),0,[]
92c070df-20ec-437e-a95a-55b0ca2af1f2,26629,NOUVEL EMS - YVONAND - CFC 242-245-246 PRODUCTION - DISTRIBUTION CHAUD-FROID,tender,construction,open,award,e94bcd38-a681-4110-b791-18fb53a018ba,2026-03-07,VD,Yvonand,1462,Fondation Saphir (quartal),0,[]
8b45e238-aba0-4e3b-8773-e1af083bc6fd,26632, NOUVEL EMS - YVONAND - CFC 244 - 246 - 248 VENTILATION,tender,construction,open,award,2ab2ae0f-5f45-44e9-99ee-963600ddd9c7,2026-03-07,VD,Yvonand,1462,Fondation Saphir (quartal),0,[]
fc010f94-3ce7-4d15-ba4f-31c782a93c9d,26680,NOUVEL EMS - YVONAND - CFC 271 – 285 PLÂTRERIE - PEINTURE,tender,construction,open,award,9daa8bab-a671-46f4-8a51-c1792c1b48a5,2026-03-07,VD,Yvonand,1462,Fondation Saphir (quartal),0,[]
fbfc1333-e18e-4ef2-9250-46358b43e3b8,26793,NOUVEL EMS - YVONAND - CFC 221.1 FENÊTRES - PORTES BOIS-MÉTAL,tender,construction,open,award,d913dd4d-845e-404a-9a97-65e4744b79ba,2026-03-07,VD,Yvonand,1462,Fondation Saphir (quartal),0,[]
3fa8fcd4-67eb-40a5-8f73-c0e66883187c,26796,NOUVEL EMS - YVONAND - CFC 221.6 PORTES EXTÉRIEURES EN MÉTAL,tender,construction,open,award,153df00a-d806-4306-90c2-62482e39aa9b,2026-03-07,VD,Yvonand,1462,Fondation Saphir (quartal),0,[]
6f98d8b8-acad-47ac-b892-c24fad6ad325,26872,NOUVEL EMS - YVONAND - CFC 241 SONDES GEOTHERMIQUES,tender,construction,open,award,e25e4e70-2439-4b02-8ccd-d9673cf3cc08,2026-03-07,VD,Yvonand,1462,Fondation Saphir (quartal),0,[]
891c4cce-af36-4c98-966f-00fe1434b853,27900,Appel d'offres UAPE de Borzuat - Menuiserie intérieure,tender,construction,open,abandonment,bd1826f4-7561-4e44-ae1f-e6f7ef1a2cc2,2026-03-07,VS,Sierre,3960,Ville de Sierre - Centrale des achats,0,[]
93fea3c6-a523-4ae2-a72b-fb4e85ef2e3a,32168,Agrandissement et rénovation de l'école du Belvédère_CFC 283.0_Faux-plafonds,tender,construction,open,tender,431a3c4e-8df1-492e-bc08-3a0b57b92ff0,2026-03-07,GE,Chêne-Bougeries,1224,Commune de Chêne-Bougeries - Giorgis Rodriguez Architectes SA,0,[]
0be5749d-cc72-4dde-a22c-a6ef98a17c34,20624,HG24 Galerie Wandschluichen - Hauptarbeiten,tender,construction,open,award,8c7b386b-bc49-41b1-8a86-f36d99f7269e,2026-03-06,VS,Ferden,3916,Dienststelle für Mobilität - Kreis 1 Oberwallis,0,[]
5d392192-bb28-4e39-9d16-43a294795d7c,25720,Appel d'offres UAPE de Borzuat - Fenêtres bois-métal,tender,construction,open,award,f255dc26-a717-4ea0-a8c3-7cf72b11f827,2026-03-06,VS,Sierre,3960,Ville de Sierre - Centrale des achats,0,[]
2cea8775-4586-411a-bc6c-3174851caf7f,25722,Appel d'offres UAPE de Borzuat - électricité + luminaires,tender,construction,open,award,5c8907a9-4c16-4c38-a01f-02fb2864c4b0,2026-03-06,VS,Sierre,3960,Ville de Sierre - Centrale des achats,0,[]
3a072967-7301-43b4-b151-5898f226da8a,25725,Appel d'offres UAPE de Borzuat - installation de chauffage,tender,construction,open,award,71f6f4b3-09c6-4908-afb5-aacae3bb3deb,2026-03-06,VS,Sierre,3960,Ville de Sierre - Centrale des achats,0,[]
c843a919-61c7-4c97-8d0b-74ba0d022db8,32836,"Notstrasse Netzbord-Weissenried, Oberbau und Belagsarbeiten",tender,construction,open,tender,7744e6bb-8683-4fd9-8d1c-ca5b8fa0ef6b,2026-03-06,VS,Blatten (Lötschen),3919,Gemeinde Blatten (Lötschen) (SRP Ingenieur AG),0,[]
8dcf91a7-2f3c-454f-bb0b-660fe68cc152,32847,CHUV APE - BU44 Couloirs BB Installations électriques,tender,construction,open,tender,2d1636f0-42f5-4333-aa6a-eff75d870e7e,2026-03-06,VD,Lausanne,1011,CHUV Construction ingénierie technique et sécurité (CIT-S),0,[]
d04c9523-69d9-484d-9065-bab05a60efb9,32955,Auberge de Sauvabelin - Démolition et reconstruction / CFC 214 Construction en bois,tender,construction,open,tender,cc3d4247-aa97-4086-8c5f-fded1aee1528,2026-03-06,VD,Lausanne,1018,"Commune de Lausanne – Direction du logement, de l'environnement et de l'architecture - Service d’architecture et du logement",0,[]
9b323dcd-0fa2-4659-bcc8-1c603eed861d,32966,"Auberge de Sauvabelin - Démolition et reconstruction / CFC 112, 201 et 211.4 Travaux de démolition, terrassement et canalisations",tender,construction,open,tender,d0fcfebc-9fd2-44d8-84b6-321935681460,2026-03-06,VD,Lausanne,1018,"Commune de Lausanne – Direction du logement, de l'environnement et de l'architecture - Service d’architecture et du logement",0,[]
870ed125-7f08-4dc2-98f4-956c39853824,32979,Ensemble 25 - Plâtrerie et peinture,tender,construction,open,tender,4cfaa30f-1e58-43b2-af43-bf8eb8eb1247,2026-03-06,VD,Yverdon-les-Bains,1400,TRAVYS SA,0,[]
9d7740b0-291e-4bd9-844c-27e35738f5f8,32986,Ensemble 25 - Cloisons amovibles,tender,construction,open,tender,8801512e-d798-4a01-a1a0-504f9d276a73,2026-03-06,VD,Yverdon-les-Bains,1400,TRAVYS SA,0,[]
b9d2512d-2f2d-4970-a4a3-30a31517c32c,33003,Ensemble 25 - Installations électriques ,tender,construction,open,tender,c6e70380-1634-4d3c-83cb-79d4b4f48863,2026-03-06,VD,Yverdon-les-Bains,1400,TRAVYS SA,0,[]
e0cee19f-649b-4666-9056-2de5f392a6e7,32316,"Corcelles-près-Payerne - Construction d'un nouveau collège, d'un accueil parascolaire et d'une salle de gymnastique VD4 - LOT 01",tender,construction,open,tender,25b9c504-e521-421b-93b3-fcc817865570,2026-03-05,VD,Corcelles-près-Payerne,1530,Association Scolaire Intercommunale de Payerne et Environs (ASIPE) p/a Ferrari Architectes SA,0,[]
255bf156-c009-42e3-9645-de5eb4b7560a,32409,"Corcelles-près-Payerne - Construction d'un nouveau collège, d'un accueil parascolaire et d'une salle de gymnastique VD4 - LOT 16",tender,construction,open,tender,32263ad2-b4f9-4863-b213-dd1dc244ff0f,2026-03-05,VD,Corcelles-près-Payerne,1530,Association Scolaire Intercommunale de Payerne et Environs (ASIPE) p/a Ferrari Architectes SA,0,[]
bc437486-0e1d-4bed-8c23-206e4c37fdbd,32414,"Corcelles-près-Payerne - Construction d'un nouveau collège, d'un accueil parascolaire et d'une salle de gymnastique VD4 - LOT 08",tender,construction,open,tender,be64a6c3-92a4-441e-8429-6372ddb196d3,2026-03-05,VD,Corcelles-près-Payerne,1530,Association Scolaire Intercommunale de Payerne et Environs (ASIPE) p/a Ferrari Architectes SA,0,[]
b776199f-a176-415c-9c04-6c0a6ad4216d,32415,"Corcelles-près-Payerne - Construction d'un nouveau collège, d'un accueil parascolaire et d'une salle de gymnastique VD4 - LOT 13",tender,construction,open,tender,ebeee422-d776-421e-8746-fda3b418401d,2026-03-05,VD,Corcelles-près-Payerne,1530,Association Scolaire Intercommunale de Payerne et Environs (ASIPE) p/a Ferrari Architectes SA,0,[]
55411d74-f5a9-442d-bf68-1f85126adfb6,32416,"Corcelles-près-Payerne - Construction d'un nouveau collège, d'un accueil parascolaire et d'une salle de gymnastique VD4 - LOT 09",tender,construction,open,tender,fc890c90-5b87-4564-a284-1f3ae418d523,2026-03-05,VD,Corcelles-près-Payerne,1530,Association Scolaire Intercommunale de Payerne et Environs (ASIPE) p/a Ferrari Architectes SA,0,[]
a930feeb-94ff-474f-8471-45b4d8ba915e,32418,"Corcelles-près-Payerne - Construction d'un nouveau collège, d'un accueil parascolaire et d'une salle de gymnastique VD4 - LOT 11",tender,construction,open,tender,f3523e3b-fe00-47ac-b311-b3280e2311bf,2026-03-05,VD,Corcelles-près-Payerne,1530,Association Scolaire Intercommunale de Payerne et Environs (ASIPE) p/a Ferrari Architectes SA,0,[]
f226483b-5e5c-4904-933e-7bd3e8e08e3a,32434,"Corcelles-près-Payerne - Construction d'un nouveau collège, d'un accueil parascolaire et d'une salle de gymnastique VD4 - LOT 06",tender,construction,open,tender,9f9ef8a2-d034-4289-a755-ba61268d7389,2026-03-05,VD,Corcelles-près-Payerne,1530,Association Scolaire Intercommunale de Payerne et Environs (ASIPE) p/a Ferrari Architectes SA,0,[]
bad6e4c5-c553-432e-94d5-aaabc5778d2a,32800,Centrale thermique Est GENILAC SIG/GA - Lot 70 – Préparation Eau Osmosée,tender,construction,open,tender,36762623-0d82-4767-aa13-c9440909f915,2026-03-05,GE,Grand-Saconnex,1215,Services industriels de Genève (SIG) - Direction Achats,0,[]
e31ead35-b590-42dd-b3a1-1e019bce14c5,32830,Sanierung Kinderdorf Leuk BKP 224 Flachdacharbeiten,tender,construction,open,tender,7232383d-75cd-4f6e-af03-9bd48013407e,2026-03-05,VS,Leuk-Stadt,3953,VWARCH Architekten ETH BSA SIA,0,[]
76d3c99f-6467-474b-b7a6-6d7824d8945a,32840,Chaufferie et trainasse - Rue du Pré-Bouvier 31,tender,construction,open,tender,9543dd77-5629-4c7f-a66a-7ea5608efa30,2026-03-05,GE,Rue du Pré-Bouvier 31,1242,Services industriels de Genève (SIG) - Direction Achats,0,[]
53faf507-c9af-444f-9bd5-39cf06e5889b,11804,Rénovation et mise en conformité sécurité-énergie du groupe scolaire des Pervenches - Peinture intérieure,tender,construction,open,award,fb0be0da-525a-4ab3-8bce-6a0bd28bc797,2026-03-04,GE,Carouge,1227,Ville de Carouge - MARCH,0,[]
186e84c9-afdc-4f82-a5e9-4af27205542d,12374,Rénovation et mise en conformité sécurité-énergie du groupe scolaire des Pervenches - Revêtement de sol sans joints (sport),tender,construction,open,award,6c6d8d11-b55c-419f-8990-1e22b7c34dbc,2026-03-04,GE,Carouge,1227,Ville de Carouge - MARCH,0,[]
4d4f86d4-6769-4935-91d0-b242471f98f2,12379,Rénovation et mise en conformité sécurité-énergie du groupe scolaire des Pervenches - Revêtement de sol sans joints (salles de classe),tender,construction,open,award,06af6754-f96f-44db-9671-0e2d2ac9402c,2026-03-04,GE,Carouge,1227,Ville de Carouge - MARCH,0,[]
376f501a-661a-4505-ba63-902d5d72bd16,15161,Rénovation et mise en conformité sécurité-énergie du groupe scolaire des Pervenches - Stores en toile,tender,construction,open,award,e0094ece-b27a-4cb6-8c54-4c0cfeaebdfa,2026-03-04,GE,Carouge,1227,Ville de Carouge - MARCH,0,[]
82676be4-6cd4-4c44-b822-4ffbea902d60,25253,Centre sportif de Verbier - CFC 272.01 Portes métalliques techniques,tender,construction,open,award,42dcf477-271a-48cb-8d7e-13906a960275,2026-03-04,VS,Verbier,1936,Quartal Sàrl,0,[]
b7aa62e3-cca1-464b-9f8b-8d4e456db761,25254,Centre sportif de Verbier - CFC 272.00 Portes métalliques vitrées + cloisons vitrées en métal,tender,construction,open,award,bce58d1b-fe07-41f8-beb2-7345d9544b14,2026-03-04,VS,Verbier,1936,Quartal Sàrl,0,[]
5cd77ed1-6538-4a15-a861-15c2259724bf,25258,Centre sportif de Verbier - CFC 283.7 Faux plafonds métalliques,tender,construction,open,award,ab731ac9-ec45-4bcf-bb1f-5d091966cd45,2026-03-04,VS,Verbier,1936,Quartal Sàrl,0,[]
c0c128bc-2dfd-41aa-989d-918c81a41609,28555,STEP de Granges CFC 221.4 Fenêtres et portes en métal léger,tender,construction,open,award,f23a71b1-6b96-4403-847e-e6500fbcde99,2026-03-04,VS,Granges,3977,"Association intercommunale pour la station d'épuration de Granges (VS) (bisa - bureau d'ingénieurs sa, BAMO)",0,[]
59465b6f-f1bb-4395-8390-fbd25a7734ac,28570,STEP de Granges (VS) CFC 224 Etanchéité - ferblanterie,tender,construction,open,award,9dc0cfb1-792b-45bd-b85d-7a0c098cf5d7,2026-03-04,VS,Granges,3977,"Association intercommunale pour la STEP de Granges (VS) (bisa - bureau d'ingénieurs sa, BAMO)",0,[]
baee41ef-abf8-4b4a-8ee7-8137e487d1a4,28572,STEP de Granges (VS) CFC 226.2 Isolations thermiques extérieures crépies,tender,construction,open,award,480c2e43-ff3d-4a56-a878-869f1943f5cd,2026-03-04,VS,Granges,3977,"Association intercommunale pour la STEP de Granges (VS) (bisa - bureau d'ingénieurs sa, BAMO)",0,[]
ec96c4b0-b4d6-4ee6-9ecf-acb32642020d,32043,Travaux de maintenance intensive du CAD MARCELLY (Lot 1) ainsi  que de la ventilation ECOLE MARCELLY (Lot 2),tender,construction,open,tender,d692ebd5-2bf0-404e-99ce-bc78e39a7931,2026-03-04,,,,Ville de Thônex,2,"[""d692ebd5-2bf0-404e-99ce-bc78e39a7931"", ""d692ebd5-2bf0-404e-99ce-bc78e39a7931""]"
da57e745-1bd4-4a27-9d39-ac36a2980ab5,32765,RC 601 B-P - RC 518 C-P - contournement Payerne,tender,construction,open,tender,46727bbc-9250-4717-856a-11dba75624be,2026-03-04,VD,Payerne,1530,"DGMR, div. entretien, CeES",0,[]
43ee737a-b98b-4008-92ac-48fd524b3173,4412,Rénovation et mise en conformité sécurité-énergie du groupe scolaire des Pervenches - Plâtrerie,tender,construction,open,award,73108fbc-333f-4ae1-8f3b-0fb250e6704b,2026-03-04,GE,Carouge,1227,Ville de Carouge - MARCH,0,[]
0f944d17-f084-4f6c-b525-5a3b4cec211c,4414,Rénovation et mise en conformité sécurité-énergie du groupe scolaire des Pervenches - Chapes,tender,construction,open,award,dcf966e7-6db2-4e8d-ae49-f7052f6adf48,2026-03-04,GE,Carouge,1227,Ville de Carouge - MARCH,0,[]
1b4f6d10-d4c2-4b59-b009-5fba2178278d,4415,Rénovation et mise en conformité sécurité-énergie du groupe scolaire des Pervenches - Ouvrages métalliques,tender,construction,open,award,feec8585-2e64-4811-94e3-5bd0246f7d08,2026-03-04,GE,Carouge,1227,Ville de Carouge - MARCH,0,[]
ac7a2649-c708-4794-9b20-15e7e00a3694,4444,Rénovation et mise en conformité sécurité-énergie du groupe scolaire des Pervenches - Menuiserie courante,tender,construction,open,award,aff24e56-75c3-440f-808a-20ef946b7da7,2026-03-04,GE,Carouge,1227,Ville de Carouge - MARCH,0,[]
caa17933-0b09-430b-ab28-14975ace4442,4562,Rénovation et mise en conformité sécurité-énergie du groupe scolaire des Pervenches - Portes intérieures coupe feu,tender,construction,open,award,8a002d87-fc45-4373-9796-efd50334a48e,2026-03-04,GE,Carouge,1227,Ville de Carouge - MARCH,0,[]
3d8aeeef-5908-485c-909f-858a7dc83df8,15344,Construction du nouveau Lycée-Collège Ella Maillart (au Cours Roger Bonvin) à Sion - CFC 801 Tableaux blancs salles de classes,tender,construction,open,award,b12a9049-b013-4fb6-9928-27dceb0257ec,2026-03-03,VS,Sion,1950,Service immobilier et patrimoine,0,[]
5c0462c0-7151-476d-88e6-87534b56ec79,25251,Centre sportif de Verbier - CFC 271-285 Plâtrerie-peinture,tender,construction,open,award,8837fa26-a1a5-4b89-ad05-6def24a9d6f1,2026-03-03,VS,Verbier,1936,Quartal Sàrl,0,[]
d4de4346-bf1f-4c67-b13d-fda0a71961ca,25957,Construction et transformation des ateliers de l'EPCL sur le site de Crêtelongue à Sierre - CFC 23,tender,construction,open,award,6b7126c2-6185-46aa-ad14-ef32e53ff0f6,2026-03-03,VS,Granges,3977,Service immobilier et patrimoine,0,[]
5c449077-8a97-4b8c-a63c-4b1256359570,29738,EPFL – Nouveaux laboratoires CH G1 – CFC 24 Installations CVC,tender,construction,invitation,award,8a28a02a-69df-447d-a544-1a9aa0328408,2026-03-03,VD,Lausanne,1015,EPFL VPF ACHATS,0,[]
cb787517-4fb2-4b7e-b310-b4c59708b453,31967,Campagne de réfection des chaussées et trottoirs 2026,tender,construction,open,tender,b9e9cd8c-e08c-4189-b3f5-b899b63dde10,2026-03-03,,,,Ville de Lausanne – FIM – Service de la mobilité et de l’aménagement des espaces publics (MAP),7,"[""b9e9cd8c-e08c-4189-b3f5-b899b63dde10"", ""b9e9cd8c-e08c-4189-b3f5-b899b63dde10"", ""b9e9cd8c-e08c-4189-b3f5-b899b63dde10"", ""b9e9cd8c-e08c-4189-b3f5-b899b63dde10"", ""b9e9cd8c-e08c-4189-b3f5-b899b63dde10"", ""b9e9cd8c-e08c-4189-b3f5-b899b63dde10"", ""b9e9cd8c-e08c-4189-b3f5-b899b63dde10""]"
1c60a781-2945-4727-93b2-ee22963eba1c,32347, Ventilation - Rafraîchissement,tender,construction,open,tender,a38b7c64-d702-4092-be77-f9ed85811d73,2026-03-03,VD,Yverdon-les-Bains,1400,TRAVYS SA,0,[]
c305037a-a93e-4d3d-bb93-c38ece925625,32650,"35810 Agencement de Cuisine Professionnel Arcade 1, Bâtiment logement, Equipement Communal Mixte à Veyrier",tender,construction,open,tender,152e20ac-0cd1-4628-b1c5-6a2812f49f26,2026-03-03,GE,Veyrier,1255,Commune de Veyrier (bureau architech ),0,[]
a80865dc-9ee0-48f8-8028-3824590092f5,32703,Collège principal de Pully - Lot 27 Menuiserie courante,tender,construction,open,tender,5dd80bc4-4988-4a6f-9e88-d25e1d011b21,2026-03-03,VD,Pully,1009,Ville de Pully - Direction de l'urbanisme et de l'environnement  - Itten+Brechbühl SA   ,0,[]
2ffa9e1d-61ac-4b80-9702-ceeef2906515,32706,"L'Octogone théâtre de Pully, réfection de la toiture inférieure",tender,construction,open,tender,aad17666-24d4-4f4b-be44-30c8d6c230c0,2026-03-03,VD,Pully,1009,Ville de Pully - Direction de l'Urbanisme et de l'environnement,0,[]
92497643-f3fa-4ec8-b685-3ad0a7d8b5ed,32710,AO 2022-162 Athénée,tender,construction,open,tender,1f97db29-f7d1-40fd-ad5e-765a154ee218,2026-03-03,GE,Genève (Ville),1205,Services industriels de Genève (SIG) - Direction Achats,0,[]
0c5dfdf0-4d75-4e7c-aa05-b90e6d7f052f,32722,STEP de Lucens - 403-404 - Fenêtres et portes extérieures - Stores - BOU-PTC,tender,construction,open,tender,f0f0675e-577b-4f66-a6a6-0f8ebbfd3094,2026-03-03,VD,Lucens,1522,Association intercommunale pour l’épuration des eaux Moyenne Broye EMB,0,[]
0eed6d8e-4fb3-4c7c-a030-318ad0e562af,25997,Salle de Spectacles de Renens - Rénovation et agrandissement du bâtiment,tender,construction,open,award,d096820f-d6ae-4d47-a328-2b697ee490fd,2026-03-02,VD,Rue de Lausanne 37 - Parcelle n°1381,1020,Ville de Renens - Service Bâtiments-Domaines-Logement (Société coopérative 2401),0,[]
bd7beca3-8a7e-49e8-b6c4-7797477111d0,32645,Complexe multisports de Colovray - Lot 49 Faux-plafonds en bois,tender,construction,open,tender,f6c6b19c-3481-4d3b-a20e-b88bcc5bfcbb,2026-03-02,VD,Nyon,1260,Pragma partenaires SA,0,[]
b6d615de-98e1-4b0a-a050-03a5c70d234a,13822,Extension de la Haute Ecole de Santé de Genève ,tender,construction,open,tender,b459a8ad-6921-408a-89c1-3ecb2a22df0b,2026-04-30,,,,"Etat de Genève, Département du Territoire - DT, Office cantonal des bâtiments - OCBA",2,"[""b459a8ad-6921-408a-89c1-3ecb2a22df0b"", ""b459a8ad-6921-408a-89c1-3ecb2a22df0b""]"
904b2b96-e71a-478d-be60-beb10257675a,27891,Nouvelle Ecole des Noutes - CFC 429 Aire tout temps - Appel d'offres LOT301,tender,construction,invitation,award,a06dd16e-3717-4fa8-b3ee-22ebfd380e28,2026-04-30,VD,Crissier,1023,Ville de Crissier (Marzano Polikar architectes),0,[]
4cfe5ec2-3ed6-446b-993c-a9f8eca3d876,27946,Nouvelle Ecole des Noutes - CFC 228 Protections solaires - Appel d'offres LOT204,tender,construction,invitation,award,39fe2068-0ed6-4c08-a7ed-759e2a9442de,2026-04-30,VD,Crissier,1023,Ville de Crissier (Marzano Polikar architectes),0,[]
1e6f1a59-e070-4d0c-a7fc-6225af8e507e,27947,"Nouvelle Ecole des Noutes - CFC 221 Menuiseries extérieures - Appels d'offres, LOT201",tender,construction,open,award,bc8e3f85-1971-4c2a-bd32-aee7f486edbb,2026-04-30,VD,Crisser,1023,Ville de Crissier (Marzano Polikar architectes),0,[]
35ea12ac-3560-45d2-a207-119a6ca39266,27980,"Nouvelle Ecole des Noutes - CFC 222 Ferblanterie - Appels d'offres, LOT200",tender,construction,open,award,eb0af10e-6d84-48de-a713-4d193a0b8fc8,2026-04-30,VD,Crisser,1023,Ville de Crissier (Marzano Polikar architectes),0,[]
dd74248e-5f10-43d3-be34-fa3ff44f4283,28314,"Nouvelle Ecole des Noutes - CFC 224 Etancheité - Appels d'offres, LOT202",tender,construction,open,award,346156ac-7658-49ca-a977-e769e8060c98,2026-04-30,VD,Crisser,1023,Ville de Crissier (Marzano Polikar architectes),0,[]
6d23e969-29d2-474b-8950-7e3688ffa856,28779,Nouvelle Ecole des Noutes - CFC 281.0 Chapes - Appel d'offres LOT205,tender,construction,invitation,award,d875a2c5-e2d0-4d89-aba4-d1d4ea1ae475,2026-04-30,VD,Crissier,1023,Ville de Crissier (Marzano Polikar architectes),0,[]
cbb6d8a6-cc94-4f71-bb2e-81d01964b5dc,30118,22.43.103_Avenue des Baumettes,tender,construction,open,award,1817086d-0b42-45a4-a0eb-bd4a60c7f8d3,2026-04-30,VD,Renens,1020,Cadouest SA,0,[]
14be59e1-fee6-4e93-b8d9-8d3525384025,31147,22.43.119 _ Chemin de la Suettaz,tender,construction,open,award,203283dd-7aa3-4fb2-b4e8-783b0b4d4cfb,2026-04-30,VD,Prilly,1009,Cadouest SA,0,[]
03bf9e58-8b60-42b1-8ae0-71470f72bea2,31426,EPFL MA SST EI échangeurs refroidissement - CFC 24 – Installations CVC / aéraulique,tender,construction,invitation,award,0ee3db23-9ce7-4d04-9571-abaf34f71755,2026-04-30,VD,Lausanne,1015,EPFL VPF Achats,0,[]
4a8d4cd6-1559-403f-9ede-bd1e83207390,34308,Extension de la Haute Ecole de Santé de Genève,tender,construction,open,tender,5971b989-43bb-4bb8-b99c-34f5d316bb98,2026-04-30,GE,Genève,1206,"Etat de Genève, Département du Territoire - DT, Office cantonal des bâtiments - OCBA",0,[]
ddbbe2d9-5854-4df6-a095-09825a1a14ac,35885,CHA_DOR_Ecole des Hauts de Dorigny_Lot 106 - Installations électriques,tender,construction,open,tender,b01acd36-5d7e-4280-93d2-25f0d4c5f44b,2026-04-30,VD,Chavannes-près-Renens,1022,"Commune de Chavannes-près-Renens, p.a. Pragma Partenaires SA",0,[]
9e1aea6e-c335-48ee-a7b5-e4c26a7456d4,35886,"CHA_DOR_Ecole des Hauts de Dorigny_Lot 110 - Installations de chauffage, froid et régulation",tender,construction,open,tender,d8b065b2-5a01-492e-a3a6-d6c88ad1cbc5,2026-04-30,VD,Chavannes-près-Renens,1022,"Commune de Chavannes-près-Renens, p.a. Pragma Partenaires SA",0,[]
4f144e6a-822b-473c-98b0-fe7b420a1547,35895,CHA_DOR_Ecole des Hauts de Dorigny_Lot 111 - Installations de ventilation,tender,construction,open,tender,63c82da6-771a-489a-aa09-956a671485fe,2026-04-30,VD,Chavannes-près-Renens,1022,"Commune de Chavannes-près-Renens, p.a. Pragma Partenaires SA",0,[]
52f3e0bb-00ca-45e0-82c2-4023c75b3b9b,36018,"Rénovation façades et toiture – Chemin des Graviers 31, 1290 Versoix - Ferblanterie",tender,construction,open,tender,b85521e8-916c-494e-9382-d260208675c8,2026-04-30,GE,Versoix,1290,"Etat de Genève, Département du territoire – DT, Office cantonal des bâtiments",0,[]
83e9ab08-c116-4c73-bac2-195c384a4bb4,20857,Campus Santé -  Lot 149 Aménagements extérieurs (génie civil),tender,construction,open,award,cc0009fd-912f-4661-95cf-7bf740245c7a,2026-04-29,VD,Chavannes-près-Renens,1022,Etat Vaud - DGIP p/a Pool de mandataires Banquet,0,[]
1439470c-bf1f-4ccd-8924-361b0fa112a1,23555,Collège de la Plaine - CFC 242 Installations de chauffage,tender,construction,open,award,31ef11c2-3a65-4bf8-8404-94068c84b422,2026-04-29,VD,Chavannes-près-Renens,1022,Commune de Chavannes-près-Renens  - Service Urbanisme-Bâtiments-Mobilité,0,[]
aefcb910-dfeb-425e-96de-b5bc52f3768e,23556,Collège de la Plaine - CFC 244 Installations de ventilation et de conditionnement d'air,tender,construction,open,award,6de9a430-8a80-4458-a62e-09d6dedd86ab,2026-04-29,VD,Chavannes-près-Renens,1022,Commune de Chavannes-près-Renens  - Service Urbanisme-Bâtiments-Mobilité,0,[]
5c7877d5-b066-4e66-9be8-f5d41e983117,23558,Collège de la Plaine - CFC 250 Installations sanitaires,tender,construction,open,award,3d93e459-0da6-40bf-8b2b-b356c3c8d1c1,2026-04-29,VD,Chavannes-près-Renens,1022,Commune de Chavannes-près-Renens  - Service Urbanisme-Bâtiments-Mobilité,0,[]
05b44cbb-f741-4864-b021-bf04b5876245,23559,Collège de la Plaine - CFC 230 Installations électriques,tender,construction,open,award,ec9ffda3-5b4d-49e6-9b44-46d6e789a57e,2026-04-29,VD,Chavannes-près-Renens,1022,Commune de Chavannes-près-Renens  - Service Urbanisme-Bâtiments-Mobilité,0,[]
1e6b2452-3df9-443a-a505-1105fa7adf3c,23560,Collège de la Plaine - CFC 231.5 Installation photovoltaïque,tender,construction,open,award,2343ab5f-b145-44e0-823a-68439501f0d5,2026-04-29,VD,Chavannes-près-Renens,1022,Commune de Chavannes-près-Renens  - Service Urbanisme-Bâtiments-Mobilité,0,[]
f8c12972-da94-4a24-a115-70989c315382,23561,Collège de la Plaine - CFC 233 Lustrerie,tender,construction,open,award,271fde76-ff15-4a8e-8faf-29629a118a8a,2026-04-29,VD,Chavannes-près-Renens,1022,Commune de Chavannes-près-Renens  - Service Urbanisme-Bâtiments-Mobilité,0,[]
38387c9e-dbdb-4514-86f1-e52df7adbfbe,24229,"Collège de la Plaine - CFC 224.1 Etanchéités souples, toitures plates",tender,construction,open,award,b39c28b0-5bc2-4aed-bb5f-7e02ae602c5b,2026-04-29,VD,Chavannes-près-Renens,1022,Commune de Chavannes-près-Renens  - Service Urbanisme-Bâtiments-Mobilité,0,[]
2a9e6651-51a3-4e9a-8819-80e2228e14d4,24232,Collège de la Plaine - CFC 213 Construction en acier,tender,construction,open,award,c62e4da1-817f-484e-9e6f-649db1e49f0a,2026-04-29,VD,Chavannes-près-Renens,1022,Commune de Chavannes-près-Renens  - Service Urbanisme-Bâtiments-Mobilité,0,[]
32e76e4a-0a8c-435f-b8dd-bec368c411e1,24233,Collège de la Plaine - CFC 214 Construction en bois,tender,construction,open,award,643dd7e4-dbe3-48c4-8270-fcfeb0c37e8f,2026-04-29,VD,Chavannes-près-Renens,1022,Commune de Chavannes-près-Renens  - Service Urbanisme-Bâtiments-Mobilité,0,[]
bd7ec9c4-eebc-4e14-a180-3be40ef559cb,24234,"Collège de la Plaine - CFC 112-201-211-411 Déconstruction, fouilles en pleine masse, maçonnerie, canalisations",tender,construction,open,award,9cf64604-edd1-44df-bea1-b4e9e922aef7,2026-04-29,VD,Chavannes-près-Renens,1022,Commune de Chavannes-près-Renens  - Service Urbanisme-Bâtiments-Mobilité,0,[]
42c1656d-4aaa-4193-81c6-7243ebf95486,24237,Collège de la Plaine - CFC 335 Sonorisation et équipement scénique,tender,construction,open,award,6b3c30a9-b56a-4e8e-8d70-25b51179c8bc,2026-04-29,VD,Chavannes-près-Renens,1022,Commune de Chavannes-près-Renens  - Service Urbanisme-Bâtiments-Mobilité,0,[]
65941cb3-3ebd-4464-bfd3-6c62c464c3d7,31417,EPFL MA SST EI échangeurs refroidissement - CFC 24 – Installations CVC / hydraulique,tender,construction,invitation,award,362d8b34-b022-4c80-be10-2eadb10e26a1,2026-04-29,VD,Lausanne,1015,EPFL VPF Achats,0,[]
ef852530-b172-4bfa-8472-ce4a12c8c91f,31963,"Association FOREMS, EMS La Coulaz - Appel d'offres pour les travaux de fenêtres, portes, patios et verrières en bois et bois métal.",tender,construction,open,abandonment,47f5d3bc-a5c1-4df4-88db-73414b2954e4,2026-04-29,VD,Payerne,1530,"Association FOREMS (PRAGMA Partenaires SA, succursale d'Yverdon-les-Bains)",0,[]
1c3a7f20-e0a4-4e0f-8c96-5d33acd54fd2,32574,Aménagement de la place de Clos Lombard à Evolène,tender,construction,open,award,f1f7a04c-a26f-4868-bd62-80864b78d586,2026-04-29,VS,Evolène,1983,Commune d'Evolène - Service technique,0,[]
021ec13a-85d7-49f2-a870-1d0f095ecd3e,36258,STEP III Noës : Extension de la STEP et traitement des micropolluants  : Monte-charge industriel,tender,construction,open,tender,d350826e-9ded-4312-b7a5-1904a5fa8371,2026-04-29,VS,Sierre,3960,Association pour l'épuration des eaux usées de Sierre et environs (Ville de Sierre - Service de l'environnement),0,[]
da6712e5-774c-47d0-8ca5-e5b9f0769900,9857,"Marcelin, Nouvelle salle VD5 / AO-015, Chauffage",tender,construction,open,award,cdccf9cc-b800-4f0a-b5e8-13a5495a6e1b,2026-04-29,VD,Morges,1110,DAB (Direction de l'architecture et des bâtiments),0,[]
04521131-920c-4372-8752-06d631f40dea,16426,Ecole Secondaire Noëlla Rouget à Meyrin,tender,construction,open,award,75ff0495-3811-47b0-ac42-c734ca12a726,2026-04-28,GE,Meyrin,1217,"Etat de Genève, Département du territoire - DT, Office cantonal des bâtiments",0,[]
ac2a8d91-ae93-47cd-a9fb-81a65fbd0035,21691,Ecole Secondaire Noëlla Rouget à Meyrin,tender,construction,open,award,bf115079-a8e0-41ce-8370-045f84daf7b5,2026-04-28,GE,Meyrin,1217,"Etat de Genève, Département du territoire - DT, Office cantonal des bâtiments",0,[]
b1494bc2-9875-4a6e-ac5d-b5e572e6716e,23585,"Place d'armes de Chamblon / VD, construction d’un cantonnement modulaire semi-mobile (CMSM)",tender,construction,open,award,9ebc480f-35ba-4080-be33-7af07bbb806f,2026-04-28,VD,Chamblon,1436,armasuisse Immobilier,0,[]
698b09a3-b6f5-4189-bda3-353fcd08443f,23854,Construction du Campus EDHEA et Ecole de couture du Valais à Sierre - CFC 271.0 et 271.1,tender,construction,open,award,cfd176a1-43f1-4079-a366-ecdd3d0fe031,2026-04-28,VS,Sierre,3960,Service immobilier et patrimoine,0,[]
9ae46de1-e863-450d-844d-88cf1c0b12d6,27789,Extension et rénovation du Lycée-collège de St-Maurice - CFC 214,tender,construction,open,award,880744d4-b808-4adb-b542-d0e182899da9,2026-04-28,VS,St-Maurice,1890,Service immobilier et patrimoine,0,[]
f4e5299e-02aa-491a-8785-143aebb2990f,29899,Collège de Brigue - Rénovation de l'internat / BKP 221.7 Système de fenêtres à montants et traverses,tender,construction,open,award,9b5a1869-c46d-49ab-87b6-dbc211b56f04,2026-04-28,VS,Brig-Glis,3900,Dienststelle für Immobilien und Bauliches Erbe,0,[]
cb60efc2-d13b-4836-91f3-6b73d35c8912,30156,Collège de Brique - Rénovation de l'internat / CFC .... (tract sud),tender,construction,open,award,99042b0d-f049-4bf7-ad80-0c06d097bc5f,2026-04-28,VS,Brig-Glis,3900,Service immobilier et patrimoine,0,[]
c4d3bada-c500-470e-a17d-5b0dc77ff4c2,35852,RENOVATION TECHNIQUE CVSER LULLIER (Centre Horticole) secteur Nord - Lot 283 - Faux-plafond,tender,construction,open,tender,90390a03-7991-43c9-90ef-a7b5a9cf1632,2026-04-27,GE,Centre Horticole Lullier,1254,Office cantonal des bâtiments (OCBA),0,[]
dd58080e-93dd-47a7-95c5-6edfde3c3758,36061,EMS Louis Boissonnet à Lausanne - CFC 214 Charpente,tender,construction,open,tender,67d783fc-9483-4ebf-9798-613afea59edb,2026-04-25,VD,Lausanne,1010,Fondation Louis Boissonnet (quartal),0,[]
1bb00d9f-bd31-4cd9-b614-83eaa6c81013,36063,EMS Louis Boissonnet à Lausanne - CFC 221.0-1 Fenêtres en bois & bois-métal,tender,construction,open,tender,80763f0b-fbd6-4c49-b734-560599cc673a,2026-04-25,VD,Lausanne,1010,Fondation Louis Boissonnet (quartal),0,[]
8b962ae4-cd96-4595-ba0f-bc17ab9b3d55,36064,EMS Louis Boissonnet à Lausanne - CFC 228.1-3 Stores à lamelles & toile,tender,construction,open,tender,f6dbc722-b474-4039-b479-308694eaa2bb,2026-04-25,VD,Lausanne,1010,Fondation Louis Boissonnet (quartal),0,[]
ad78edf9-d9d1-40e1-8f76-493488ec8afd,36065,EMS Louis Boissonnet à Lausanne - CFC 281.0 Chapes,tender,construction,open,tender,ef7684b9-004b-4dfb-8b1b-3088ed20ff78,2026-04-25,VD,Lausanne,1010,Fondation Louis Boissonnet (quartal),0,[]
bd96d64c-3c7a-4f2e-b3d4-d736fbbbf086,36067,EMS Louis Boissonnet à Lausanne - CFC 281.7 Parquets,tender,construction,open,tender,696a628c-b467-4164-96d1-34bf12c59d2a,2026-04-25,VD,Lausanne,1010,Fondation Louis Boissonnet (quartal),0,[]
8a109ab9-8391-4665-b5e1-3e2c07a0ca7b,24705,STEP APEC Gland / Lot EM-13 / Tuyauterie et robinetterie ,tender,construction,open,award,25aa8479-547b-46c4-a364-b1f34fb93f83,2026-04-24,VD,Gland,1196,APEC / Association Intercommunale pour l'épuration des eaux usées de la Côte (HOLINGER SA) ,0,[]
e0d95e1c-3830-47c3-bec1-be60948fe2fb,26371,596 Gymnase d'Echallens Lot No 67: CFC 241 Porteurs d'énergie - Champ de sondes géothermiques,tender,construction,open,award,8fb3785a-1b81-4702-853f-46db66dfac46,2026-04-24,VD,Échallens,1040,Direction générale des immeubles et du patrimoine – DGIP,0,[]
5a60577d-4868-4a15-af8b-aa024e0a82cf,32887," Rénovation des immeubles 50, 56, 58 et 60 Route des Coudres, 1298 Céligny",tender,construction,open,award,f121ddec-fa78-488f-b4e0-2728bf6a7cf3,2026-04-24,GE,"Route des Coudres 50, 56, 58, 60",1298,Fondation communale de Céligny (Bureau Mégevand Architectes),0,[]
4e6a1213-b84c-42c5-a38c-9b3a14926f07,32975,"Aménagement d’une zone de rencontre et renouvellement des réseaux, Quartier des Fleurettes à Lausanne.",tender,construction,open,tender,e05e5c71-9dde-402b-8d0b-fad3fe1aa0d9,2026-04-24,VD,Lausanne,1000,Ville de Lausanne – FIM – Service de la mobilité et de l’aménagement des espaces publics (MAP),0,[]
40fc9f83-e046-4a1c-a5f5-53b44ffa1514,34459,Stations de pompage de l'APEC / Lot GC 01 / Terrassement et travaux spéciaux,tender,construction,open,tender,7175eef3-0d10-4bdb-8085-258e95a4145f,2026-04-24,VD,Gland,1196,APEC / Association Intercommunale pour l'épuration des eaux usées de la Côte (HIBISCUS),0,[]
583e57cc-2ba3-4d14-bd85-4f0b9e36532c,34461,"Stations de pompage de l'APEC / Lot GC 02 / Béton armé, canalisations et remblayages",tender,construction,open,tender,b943ef29-298f-4cb4-baf2-65bbaf840f78,2026-04-24,VD,Gland,1196,APEC / Association Intercommunale pour l'épuration des eaux usées de la Côte (HIBISCUS),0,[]
6d57e6ac-2e37-4f13-93b9-ad167a42f699,35736,"Rénovation complète de l'installation ""Sprinkler"" N° de projet 01/2026-PRL SA",tender,construction,open,tender,2cc0bd74-9512-4757-8ae3-53e94baad85c,2026-04-24,VD,Aquatis - Route de Berne 150 - Lausanne,1010,Parking-Relais lausannois SA,0,[]
3f96fd91-d7a9-4ec8-89b6-2d90cd170b1a,35753,"LOT2111 ECHAFAUDAGES_COMPLEXE SCOLAIRE ET SPORTIF « CHEZ LE MAITRE », AU CHENIT.",tender,construction,open,tender,3404c775-c48f-4439-8c9e-a2fb6fcc26cb,2026-04-24,VD,Le Sentier,1347,Greffe Municipale – Commune du Chenit (Pragma Partenaires SA succursale Yverdon) ,0,[]
d4b4a703-7aa7-4e9b-bfeb-1a544aa26a50,35787,"LOT 1100 DEMONTAGE ET DEMOLITION_COMPLEXE SCOLAIRE ET SPORTIF « CHEZ LE MAITRE », AU CHENIT",tender,construction,open,tender,598c6ee5-2bce-47cd-9a07-a30b15dcb2f4,2026-04-24,VD,Le Sentier,1347,Greffe Municipale – Commune du Chenit (Pragma Partenaires SA succursale Yverdon) ,0,[]
dab32f0e-59f1-4f06-a912-0d7657c5a7c5,35791,"LOT2011 TERRASSEMENT-TRAVAUX SPECIAUX_COMPLEXE SCOLAIRE ET SPORTIF « CHEZ LE MAITRE », AU CHENIT.",tender,construction,open,tender,604aee9f-90e0-4083-af80-51b67001bdc4,2026-04-24,VD,Le Sentier,1347,Greffe Municipale – Commune du Chenit (Pragma Partenaires SA succursale Yverdon) ,0,[]
17270ff7-8614-413b-ad17-c020075adf98,35794,"LOT2115 TRAVAUX DE L'ENTREPRISE DE MACONNERIE_COMPLEXE SCOLAIRE ET SPORTIF « CHEZ LE MAITRE », AU CHENIT.",tender,construction,open,tender,0f2da9c9-27eb-426e-8f1a-ba012cf93331,2026-04-24,VD,Le Sentier,1347,Greffe Municipale – Commune du Chenit (Pragma Partenaires SA succursale Yverdon) ,0,[]
bed1220d-21d5-4852-93a1-17c2fca5dda4,35797,"LOT2610 INSTALLATION DE TRANSPORT-ASCENSEUR_COMPLEXE SCOLAIRE ET SPORTIF « CHEZ LE MAITRE », AU CHENIT.",tender,construction,open,tender,244f7a3f-4078-4a81-84be-bd6baf84997b,2026-04-24,VD,Le Sentier,1347,Greffe Municipale – Commune du Chenit (Pragma Partenaires SA succursale Yverdon) ,0,[]
b55cb0dd-86a7-4c0b-9b57-bc2942f1ab4d,35799,"LOT2810 CHAPES_COMPLEXE SCOLAIRE ET SPORTIF « CHEZ LE MAITRE », AU CHENIT.",tender,construction,open,tender,67f10e5e-fe09-40c6-9f27-5bfe22866741,2026-04-24,VD,Le Sentier,1347,Greffe Municipale – Commune du Chenit (Pragma Partenaires SA succursale Yverdon) ,0,[]
3659ef59-c2b3-4c3f-9437-e046f49700c3,35801,"LOT2833 FAUX-PLAFONDS BOIS EN FIBRES_COMPLEXE SCOLAIRE ET SPORTIF « CHEZ LE MAITRE », AU CHENIT.",tender,construction,open,tender,0f17a16b-5083-4d94-a857-f714676dfaa2,2026-04-24,VD,Le Sentier,1347,Greffe Municipale – Commune du Chenit (Pragma Partenaires SA succursale Yverdon) ,0,[]
f29d55f1-a940-48cf-a0e7-8c46f89d1dfe,35806,"LOT28111 SOLS SPORTIFS_COMPLEXE SCOLAIRE ET SPORTIF « CHEZ LE MAITRE », AU CHENIT.",tender,construction,open,tender,c15c59de-0d7d-42bb-9294-a372b4f9259f,2026-04-24,VD,Le Sentier,1347,Greffe Municipale – Commune du Chenit (Pragma Partenaires SA succursale Yverdon) ,0,[]
918ad097-36cf-4db7-8336-7a6df21e5e0b,35807,"Gesamtsanierung Holowistrasse, Brig-Glis",tender,construction,open,tender,2b2aeafa-620d-431b-892f-c8e07060602f,2026-04-24,VS,Brig-Glis,3900,Stadtgemeinde Brig-Glis,0,[]
fdf31395-e690-4b2f-ad64-ce2428a8915d,35905,"LOT2420 INSTALLATION DE CHAUFFAGE_COMPLEXE SCOLAIRE ET SPORTIF « CHEZ LE MAITRE », AU CHENIT.",tender,construction,open,tender,56894a80-8e99-4e2f-b45c-368353bec262,2026-04-24,VD,Le Sentier,1347,Greffe Municipale – Commune du Chenit (Pragma Partenaires SA succursale Yverdon) ,0,[]
950ef0f1-290e-4d8b-9f7a-8b2cb2571e0f,35910,"LOT2440 INSTALLATION DE VENTILATION_COMPLEXE SCOLAIRE ET SPORTIF « CHEZ LE MAITRE », AU CHENIT.",tender,construction,open,tender,017df9ba-400d-4581-8dd2-ae6b5e44fb2a,2026-04-24,VD,Le Sentier,1347,Greffe Municipale – Commune du Chenit (Pragma Partenaires SA succursale Yverdon) ,0,[]
bb8411ee-e2a8-47c3-a70f-e795ba4c0872,35913,"LOT2500 INSTALLATION SANITAIRE_COMPLEXE SCOLAIRE ET SPORTIF « CHEZ LE MAITRE », AU CHENIT.",tender,construction,open,tender,3bc19ba3-b4c4-4814-8a4c-5e9a306fcdab,2026-04-24,VD,Le Sentier,1347,Greffe Municipale – Commune du Chenit (Pragma Partenaires SA succursale Yverdon) ,0,[]
5d2bcc13-05d9-4b3a-b48f-1983df53722c,36022,"Gesamtsanierung untere Haselgasse, Brig-Glis",tender,construction,open,tender,db713e27-e862-4771-a069-3bb1af198ddb,2026-04-24,VS,Brig-Glis,3900,Stadtgemeinde Brig-Glis,0,[]
43dc18b4-24c7-4bda-b636-2b73d94018f8,36035,Av de Cour et ch de Contigny. Aménagement des espaces publics et renouvellement des réseaux souterrains,tender,construction,open,tender,4ef41ff1-5906-4cf4-9eb5-5b5c53c66cdb,2026-04-24,VD,lausanne,1000,Ville de Lausanne – FIM – Service de la mobilité et de l’aménagement des espaces publics (MAP),0,[]
4ed5b5b3-802a-46d1-8499-bef92867c1ce,29590,Construction et transformation des ateliers de l'EPCL sur le site de Crêtelongue à Sierre - CFC 211.1 échafaudages,tender,construction,open,award,22b4f7e6-d3d4-4c27-ae39-d6d3b021e89d,2026-04-23,VS,Granges,3977,Service immobilier et patrimoine,0,[]
a3b1947b-3836-4066-96e3-741a00bbcfbc,30328,"Réhabilitation du bâtiment de l'Av. Guillemin 9-11, Transformation et mise en conformité de la garderie du parc, Av. Guillemin 7",tender,construction,open,award,a709c30b-c58e-4cfd-aedb-6717e0c3c85a,2026-04-23,VD,Pully,1009,Ville de Pully - Direction de l'urbanisme et de l'environnement,0,[]
6e4c2b4b-4232-407d-b715-e31e10455ad9,30453,Collège de Brique - Rénovation de l'internat / CFC .... (tract sud),tender,construction,open,award,6bdcdf14-d9d4-40ca-8d94-84bc897a1010,2026-04-23,VS,Brig-Glis,3900,Dienststelle für Immobilien und Bauliches Erbe,0,[]
75ba9ea0-d0b0-4ca9-96ab-9454cc300588,32600,"Réfection du giratoire des Crêtes à Grimisuat, sur la RC no 61 St-Germain - Drône - Grimisuat, sur le territoire de la commune de Grimisuat ",tender,construction,invitation,award,23c03669-6110-4236-a1f5-6594eb0acd1d,2026-04-23,VS,Grimisuat,1971,"Département de la mobilité, du territoire et de l'environnement",0,[]
1be2f096-793f-4075-b370-e440acffe6f3,35380,"Radweg Nr. 1, Bitsch-Mörel Los 2A, Abschnitt Unnri Bilderne - Brücke Rhonewerke AG",tender,construction,open,tender,25e322d6-1363-4bd8-b1db-2cc5f6e0bc75,2026-04-23,VS,Mörel-Filet,3983 ,Dienststelle für Mobilität - Kreis 1 Oberwallis,0,[]
6cd2b465-68b6-4e3c-8f21-b27760a8053f,35862,Nouveau complexe scolaire d'Echandens - CFC 352 Fond mobile,tender,construction,open,tender,84e4d9b5-22bf-41ba-a2cc-57e19167c8c3,2026-04-23,VD,Echandens,1026,"Commune d'Echandens (dl-c, designlab-construction SA)",0,[]
f076550c-989e-4285-b141-c5a6841ba316,35950,Transformation et agrandissement d'un ESE à Yverdon-les-Bains - CFC 258.2 CUISINE PROFESSIONNELLE,tender,construction,open,tender,443ca903-aba4-4879-90b3-849547035b95,2026-04-23,VD,Yverdon-les-Bains,1400,Fondation St-George,0,[]
ea6021a3-4a2b-4efb-9c5c-79b96681cd6d,35952,Transformation et agrandissement d'un ESE à Yverdon-les-Bains - CFC 210 ECHAFAUDAGES,tender,construction,open,tender,b44b3cf6-73ca-4d71-a1d5-36e671bb267f,2026-04-23,VD,Yverdon-les-Bains,1400,Fondation St-George,0,[]
ede3eba2-af7a-4af5-885d-386ece0e7517,35954,"Transformation et agrandissement d'un ESE à Yverdon-les-Bains - CFC 112, 172, 201 DEMOLITION-TERRASSEMENTS",tender,construction,open,tender,77a33d60-71c5-4322-bef8-9b5d11412eda,2026-04-23,VD,Yverdon-les-Bains,1400,Fondation St-George,0,[]
c971ec69-c53f-4365-b3c8-99138bc54dec,35956,Transformation et agrandissement d'un ESE à Yverdon-les-Bains - CFC 211 MACONNERIE,tender,construction,open,tender,7c76ee32-2349-404a-8e52-06d8869c0efa,2026-04-23,VD,Yverdon-les-Bains,1400,Fondation St-George,0,[]
8abc2999-e1ac-47ea-894e-e5dddb60756d,35957,Transformation et agrandissement d'un ESE à Yverdon-les-Bains - CFC 230 INSTALLATIONS ELECTRIQUES,tender,construction,open,tender,840b53d0-f253-401b-902e-57f638dedb1d,2026-04-23,VD,Yverdon-les-Bains,1400,Fondation St-George,0,[]
7157be82-82a3-4450-8019-e0983ac515a0,35959,Transformation et agrandissement d'un ESE à Yverdon-les-Bains - CFC 242 INSTALLATIONS DE CHAUFFAGE,tender,construction,open,tender,04f1e06e-e97d-412e-9949-64e36dccb1b4,2026-04-23,VD,Yverdon-les-Bains,1400,Fondation St-George,0,[]
956b1377-abaa-4931-8389-1427421248af,35960,Transformation et agrandissement d'un ESE à Yverdon-les-Bains - CFC 244 INSTALLATIONS DE VENTILATION,tender,construction,open,tender,a9ffcf5b-21e3-4879-bf30-35e5ff469699,2026-04-23,VD,Yverdon-les-Bains,1400,Fondation St-George,0,[]
f7907ae8-57e9-4811-bbf1-799809f0fc45,25694,"Nouvelle Ecole des Noutes - CFC 172 / 201 Fouilles et terrassement - Appel d'offres, LOT100",tender,construction,open,award,60af730d-e348-4285-8232-8fecc8251d77,2026-04-22,VD,Crissier,1023,Ville de Crissier,0,[]
cb0e7f58-0bc5-4e31-9d84-158a40e2a46d,25787,"Nouvelle Ecole des Noutes - CFC 112 / 13 / 211 / 212 Démolition, Installations de chantier en commun, Maçonnerie, Béton armé et Eléments en béton prefabriqués - Appel d'offres, LOT101",tender,construction,open,award,f5a91fae-8afe-4e90-a33a-cebe0cb8ce24,2026-04-22,VD,Crissier,1023,Ville de Crissier,0,[]
60a9a645-a6d9-4f98-b3cd-043f57c2409c,25788,"Nouvelle Ecole des Noutes - CFC 214 Construction en bois - Appel d'offres, LOT103",tender,construction,open,award,f486cdef-b413-4997-8530-beada5572af6,2026-04-22,VD,Crissier,1023,Ville de Crissier (Marzano Polikar architectes),0,[]
367cf9dc-26ed-4059-8dea-9e170e947f4f,25789,"Nouvelle Ecole des Noutes - CFC 23 Installations électriques - Appel d'offres, LOT104",tender,construction,open,award,02dbd18c-f965-45d7-ad0f-af6890bf7318,2026-04-22,VD,Crissier,1023,Ville de Crissier (Marzano Polikar architectes),0,[]
2c2184e8-17b2-4fe5-b562-eaef0dc7b436,25790,"Nouvelle Ecole des Noutes - CFC 24 Installations de chauffage - Appel d'offres, LOT105",tender,construction,open,award,d3925295-4ece-4bf5-8928-7973896b3095,2026-04-22,VD,Crissier,1023,Ville de Crissier (Marzano Polikar architectes),0,[]
0cdad6a4-3093-40d5-832c-7c398e9d37bb,25791,"Nouvelle Ecole des Noutes - CFC 25 Installations sanitaires - Appel d'offres, LOT108",tender,construction,open,award,5713b862-71cf-42f6-b0a1-64ec10e21005,2026-04-22,VD,Crissier,1023,Ville de Crissier (Marzano Polikar architectes),0,[]
4d330062-e439-4485-a08a-3fddde8aa453,29752,CSI LE BIX : Lot 273.000 - Portes intérieures en bois,tender,construction,open,award,033d8bb9-2c1d-4f0c-b18e-ff72531add17,2026-04-22,VD,Arzier-Le Muids,1273,Commune d'Arzier-Le Muids (BW Architectes SA / Pragma Partenaires SA),0,[]
4e27cc10-f40c-40df-a7de-0f3770d14e5e,30171,EPFL DOUBLE DECK - CFC 211.61 Maçonnerie,tender,construction,invitation,award,d14a6669-04e1-42af-bf26-fd244e8765fa,2026-04-22,VD,Lausanne,1015,EPFL - Domaine des Achats,0,[]
c49aaa5d-9732-4cd8-a90f-3f492e5cd037,30294,CSI LE BIX : Lot 273.100 Habillage bois,tender,construction,open,award,c65b084d-c658-44b3-a978-7179ea97cb78,2026-04-22,VD,Arzier-Le Muids,1273,Commune d'Arzier-Le Muids (BW Architectes SA / Pragma Partenaires SA),0,[]
1a5e2080-e0d2-4f01-aec0-c63943decc4c,30296,CSI LE BIX : Lot 373.000 Menuiserie courante,tender,construction,open,award,2979ee13-ad5d-4701-8ceb-dd9c92ca52b0,2026-04-22,VD,Arzier-Le Muids,1273,Commune d'Arzier-Le Muids (BW Architectes SA / Pragma Partenaires SA),0,[]
10781adb-26c9-43d1-a51c-8243ca9659d8,31318,"00568 - CeRN & RC CGM, Rennaz",tender,construction,open,abandonment,068337b6-c1f1-485a-9bba-676d54f8fe9e,2026-04-22,VD,Rennaz,1847,DGIP-DAB-Domaine 7 : Administrations et sécurité,0,[]
aca8a94b-14a6-4099-98ad-077398999430,32435,"Corcelles-près-Payerne - Construction d'un nouveau collège, d'un accueil parascolaire et d'une salle de gymnastique VD4 - LOT 03",tender,construction,open,tender,720e926a-4adf-437a-a1d4-623407e1162c,2026-04-22,VD,Corcelles-près-Payerne,1530,Association Scolaire Intercommunale de Payerne et Environs (ASIPE) p/a Ferrari Architectes SA,0,[]
0db0853c-b2d6-4e18-9266-db50d4b5fcbf,35856,Patinoire de Trèfle-Blanc - Lot 11000 – Travaux Préparatoires,tender,construction,open,tender,a4a944cd-4fa4-48c4-a178-8efeaf218fd4,2026-04-22,,,,Office cantonal des bâtiments (OCBA) - architech,1,"[""a4a944cd-4fa4-48c4-a178-8efeaf218fd4""]"
dce8d60e-42a7-4d8b-baa5-21e7374b1ea1,35861,"Transformation, rénovation et réaffectation d'une maison de maître - Bessonnette 8 - CFC 214 - Construction bois",tender,construction,open,tender,25d7a34b-3af3-4de5-827b-95f667442d08,2026-04-22,GE,"Bessonnette 8, Chêne-Bougeries",1224,Commune de Chêne-Bougeries (Atelier March SA),0,[]
e74333fe-db7b-4bc0-9cbe-3cf62fdde6a9,15430,Géothermie –  Secteur Grenet,tender,construction,open,award,bda109f1-ba4b-44d1-b5c7-a9aff554ad89,2026-04-21,GE,Meyrin,1217,Services industriels de Genève (SIG) - Direction Achats,0,[]
08487617-54cc-4ee6-a884-763dcf1cc1c8,16922,STEP AIRE traitement des boues - Marché AIB-GC02,tender,construction,open,award,f955f47b-118e-4224-aeda-f132b122671c,2026-04-21,GE,Aire,1211,Services industriels de Genève (SIG) - Direction Achats,0,[]
1de8bc77-bd42-4754-8884-66e64a559dd7,18882,"Rénovation du Poste HT-MT de la Foretaille - Lot 7 : Complexe de façades et toiture, fenêtres et portes extérieures, serrurerie extérieure PHASE 1 ",tender,construction,open,award,60d85537-22d4-44af-8eb2-332c31eafad0,2026-04-21,GE,Poste HT MT FORTAILLE ,1293,Services industriels de Genève (SIG) - Direction Achats,0,[]
806782b7-80fd-4e40-bdfc-4d61541c1f72,21494,STEP Aïre 2+ - Lot AR 07: Portes métalliques intérieures,tender,construction,open,award,9c0a810f-89d4-4c6c-a471-d039069a4756,2026-04-21,GE,"STEP Aïre 2, Chemin de la Verseuse , 1219 Aïre",1219,Services industriels de Genève (SIG) - Direction Achats,0,[]
f07d9ce2-feb5-4832-b186-807b2a2d2bd5,23099,STEP Aïre 2+ - Lot AR 08: Portes sectionnelles,tender,construction,open,award,652a7542-9859-4558-8168-2605ce5667ff,2026-04-21,GE,Aïre,1219,Services industriels de Genève (SIG) - Direction Achats,0,[]
3e6e3b1a-22e3-4ae1-b766-a0815892eed1,23896,STEP AIRE 2+ : Lot AR02 Façades métalliques V2,tender,construction,open,award,ae31b7b0-4d08-4001-9b5c-d363b201b7b7,2026-04-21,GE,Aire,1219,Services industriels de Genève (SIG) - Direction Achats,0,[]
217f074c-730c-4db8-9152-b633eb32dd0c,24487,Extension et rénovation du Lycée-collège de St-Maurice : ZONE SPORTIVE - CFC 170,tender,construction,open,award,a05c646e-70f4-4d53-b544-13405865f512,2026-04-21,VS,St-Maurice,1890,Service immobilier et patrimoine,0,[]
766cbd2d-df3e-49bb-b938-dc7b763cb65b,24511,Extension et rénovation du Lycée-collège de St-Maurice : ZONE SPORTIVE - CFC 250,tender,construction,open,award,84afc863-3ebd-4486-bad0-3dce50843ccc,2026-04-21,VS,St-Maurice,1890,Service immobilier et patrimoine,0,[]
584f3d65-8ad0-4c53-9012-560d29cd7676,24776,Centrale thermique Est GENILAC SIG/GA - Lot 40 - Cheminées,tender,construction,open,award,11f40a71-1763-4244-95b0-3f6e807cd13f,2026-04-21,GE,Grand-Saconnex,1215,Services industriels de Genève (SIG) - Direction Achats,0,[]
ed5a018e-7771-4e55-9c98-2ca31d300189,25918,Rénovation du Poste HT-MT de la Foretaille - Lot 10 : Echafaudages PHASE 1,tender,construction,open,award,69b0c3c1-9eb6-4f16-9cb2-4b8ad861ce91,2026-04-21,GE,Bellevue,1293,Services industriels de Genève (SIG) - Direction Achats,0,[]
2dc10cfb-a50a-442a-8f0a-19adf8f0dc3e,27790,Extension et rénovation du Lycée-collège de St-Maurice - CFC 23,tender,construction,open,award,7a0f0faf-3107-47ae-8511-77a17ce9df85,2026-04-21,VS,St-Maurice,1890,Service immobilier et patrimoine,0,[]
a649f138-3f86-4824-9ce7-4675638ec3d2,27805,Extension et rénovation du Lycée-collège de St-Maurice - CFC 211,tender,construction,open,award,3f496875-16f1-464c-9ca4-df73b223dcc5,2026-04-21,VS,St-Maurice,1890,Service immobilier et patrimoine,0,[]
96f20200-cced-4138-a661-d89294cfd823,27806,Extension et rénovation du Lycée-collège de St-Maurice - CFC 201,tender,construction,open,award,f5190eb0-9488-4a0c-8613-e6377804508f,2026-04-21,VS,St-Maurice,1890,Service immobilier et patrimoine,0,[]
a2e24cb3-47ed-4d33-a4cd-7383c715523f,28355,Assainissement énergétique et rénovation des immeubles Eterpeys à Lausanne - Prestations d'architecte,tender,construction,open,award,dbc38eda-ff74-4dfb-be9b-c7f91208677b,2026-04-21,VD,Lausanne,1010,Irbis Consulting SA,0,[]
697ea3fd-7ad3-4458-bcdf-a9aec0ab8546,29908,"Renovierung des Daches der Turnhalle der Mittelschule, Brig",tender,construction,open,award,85cd4a50-f581-47b8-8109-e0e7c468afbc,2026-04-21,VS,Brig-Glis,3290,Service immobilier et patrimoine,0,[]
5d04936b-dc64-40e6-851c-95d46cf46828,31234,Ersatz Trinkwasserleitung Täätschen-Erich,tender,construction,open,award,3e4e8eb9-0866-4f3d-bab6-a3ea8522f287,2026-04-21,VS,Täätschen (Belalp),3914,Gemeinde Naters (INGENES AG),0,[]
51c60ec8-d94b-4e48-b0d9-b0f79571e480,31323,"00568 - CeRN & RC CGM, Rennaz",tender,construction,open,abandonment,9e0dd93f-3686-488d-a4d4-df1322e50ea6,2026-04-21,VD,Rennaz,1847,DGIP-DAB-Domaine 7 : Administrations et sécurité,0,[]
d5a5a2ce-73e0-473c-aecb-715712528497,34739,Nouveau site scolaire de Champs d'Aullie au Mont-sur-Lausanne - CFC 228.3 Stores en toile,tender,construction,open,tender,51dc56bd-7a06-4801-b8b4-ff4281de40b2,2026-04-21,VD,Le Mont-sur-Lausanne,1052,Quartal Sàrl,0,[]
73992da2-2301-4f43-a1cb-c48a2ea4992f,35327,RENOVATION TECHNIQUE CVSER LULLIER (Centre Horticole) secteur Nord - Lot 27-28 - Plâtreries-Peintures,tender,construction,open,tender,0acabb1c-a98b-4e33-be5c-2d8dc45f1aa5,2026-04-21,GE,Centre Horticole Lullier,1254,Office cantonal des bâtiments (OCBA),0,[]
7bbdb822-ff2d-407f-a468-9ac654fa26d2,8883,"Rénovation du Poste HT-MT de la Foretaille - Lot 2 Terrassements, Travaux spéciaux et Bétons PHASE 1",tender,construction,open,award,e9b024ff-1fa0-4113-a079-3583c7133028,2026-04-21,GE,Bellevue,1293,Services industriels de Genève (SIG) - Direction Achats,0,[]
071bac29-6df8-4724-8043-db81a49fc036,17302,HEPIA Bâtiment A - Climatisation de process,tender,construction,open,award,7d0e0c10-e2a2-4066-9aab-d67bb7980c3a,2026-04-20,GE,Genève,1204,Service Achats et Contractualisation (OCBA),0,[]
6bfaea5b-b006-484d-9396-45a60349be7e,30488,LET - Lot 33 Nettoyage du bâtiment,tender,construction,open,award,f87e0a7b-18ea-4ca8-9d68-176317e8628c,2026-04-20,VD,"Chavannes-près-Renens VD, Suisse",1022,"FMEL, p/a Pool Banquet",0,[]
8cb1a652-009f-440a-9b6e-8c73d399580a,35674,EPFL ASB – AO 12.1 – FACADES PATIO,tender,construction,open,tender,d2c4f787-9e7b-4638-98a9-8b3cdf4e2b75,2026-04-20,VD,Lausanne,1015,EPFL VPF ACHATS,0,[]
2ff54af2-d0ac-4222-9758-050b0ec02efe,35680,EPFL ASB – AO 12.2 – FACADES EXTERIEURES,tender,construction,open,tender,1a85d31d-95e0-45c7-a285-afe5c32c6fa7,2026-04-20,VD,Lausanne,1015,EPFL VPF ACHATS,0,[]
0a4b1970-0466-4515-9cd1-fbbe0b3c15ac,7116,HEPIA Bâtiment C - Climatisation de process_A01,tender,construction,open,award,08bbed62-b167-4faf-8437-fd93e667e654,2026-04-20,GE,Genève,1201,Service Achats et Contractualisation (OCBA),0,[]
af18ebb4-ed0d-4ad3-97b9-8a4f64f258b1,19474,BHNS GVZ - Secteur 5 - lot 1 - Travaux de génie civil,tender,construction,open,award,e34aee22-5e62-4db9-b5eb-857892e05434,2026-04-17,GE,Grand-Saconnex,1218,OCGC - Service des Infrastructures Transports Publics (MO),0,[]
e34322a9-737c-4272-9769-5413ce313543,20874,Campus Santé -  Lot 150 Aménagements extérieurs (jardinage),tender,construction,open,award,9ff1eba3-b2f5-467e-bec2-f239418fa8c3,2026-04-17,VD,Chavannes-près-Renens,1022,Etat Vaud - DGIP p/a Pool de mandataires Banquet,0,[]
31a0d7f3-73e4-4320-a181-a600177b5827,27791,Extension et rénovation du Lycée-collège de St-Maurice - CFC 261,tender,construction,open,award,200defdb-5a9e-4684-8ec3-74494d488e0d,2026-04-17,VS,St-Maurice,1890,Service immobilier et patrimoine,0,[]
ad831063-3d8b-42ff-94f0-63e92f156f1c,28955,Nouvel accès Enevi et trottoir mixte,tender,construction,open,award,84b6d005-f1a0-4fec-8fac-15bb91e9a313,2026-04-17,VS,Uvrier,1958,Enevi (IG group),0,[]
b7f7debe-9c0d-40d9-aef7-eb8f54a3697d,29609,Construction et transformation des ateliers de l'EPCL sur le site de Crêtelongue à Sierre - CFC 224.1 - Étanchéité toiture plate enterrée,tender,construction,open,award,7e516e1c-2270-4aa0-a8b1-b0668279a621,2026-04-17,VS,Granges,3977,Service immobilier et patrimoine,0,[]
183bf2ce-bcde-42a6-870f-a462965afb5b,35406,SITSE - Réalisation d'une nouvelle interconnexion d'eau potable et de défense incendie entre le complexe de Balessert (Founex) et le réservoir de Longchamp - partie suisse des travaux,tender,construction,open,tender,32ac08d1-2abd-4bef-b461-0b9a470decd1,2026-04-17,VD,Founex,1297,Services Industriels de Terre Sainte et Environs (SITSE),0,[]
51d88c0d-836a-41de-b267-5ff0b28ccda2,35409,SITSE - Réalisation d'une nouvelle interconnexion d'eau potable et de défense incendie entre le complexe de Balessert (Founex) et le réservoir de Longchamp - partie suisse des travaux - Travaux d'appareillage,tender,construction,open,tender,dc06774a-51cd-4406-9cfd-43fa117da6e2,2026-04-17,VD,Founex,1297,Services Industriels de Terre Sainte et Environs SITSE,0,[]
be446af9-360a-4f77-b56e-cf1ee58bf664,35577,"Bâtiment multifonctionnel (Crèche & Logements) / Transformation ancien collège, 1058 Villars-Tiercelin",tender,construction,open,tender,ff596bfd-2bb9-412d-b4eb-c867ed6af709,2026-04-17,VD,Villars-Tiercelin,1058,Commune de Jorat-Menthue,0,[]
0ac517b7-ae26-4669-9d04-3ce0ed11c732,35596,"Bâtiment multifonctionnel (Crèche & Logements) / Transformation ancien collège, 1058 Villars-Tiercelin",tender,construction,open,tender,d1ac6065-7e3f-4c83-8cf5-f616d87458d1,2026-04-17,VD,Villars-Tiercelin,1058,Commune de Jorat-Menthue,0,[]
4012ea06-7292-44c6-89dd-6b6eb11bdf46,35604,"Bâtiment multifonctionnel (Crèche & Logements) / Transformation ancien collège, 1058 Villars-Tiercelin",tender,construction,open,tender,2a851cc6-e815-4e90-b430-2df66c0898c8,2026-04-17,VD,Villars-Tiercelin,1058,Commune de Jorat-Menthue,0,[]
4613ad18-40ef-49e6-9f61-65a1bbc75bf1,35608,"Bâtiment multifonctionnel (Crèche & Logements) / Transformation ancien collège, 1058 Villars-Tiercelin",tender,construction,open,tender,49275522-0d07-4109-9875-a62e627fb38e,2026-04-17,VD,Villars-Tiercelin,1058,Commune de Jorat-Menthue,0,[]
dad48f63-1aeb-4ba8-8e63-523d66e43f3e,35610,"Bâtiment multifonctionnel (Crèche & Logements) / Transformation ancien collège, 1058 Villars-Tiercelin",tender,construction,open,tender,778736d4-79e2-485a-9d01-ef04c9a1ffd4,2026-04-17,VD,Villars-Tiercelin,1058,Commune de Jorat-Menthue,0,[]
abc2ef99-65e8-43f8-9f42-35e1adf5c4af,35611,"Bâtiment multifonctionnel (Crèche & Logements) / Transformation ancien collège, 1058 Villars-Tiercelin",tender,construction,open,tender,5ff7e37f-976d-4c03-bc3a-1a5ed4d0332b,2026-04-17,VD,Villars-Tiercelin,1058,Commune de Jorat-Menthue,0,[]
8f801ffd-4c0e-4629-9eec-983f31bdbf50,35347,421 - Aménagement et entretien des jardins,tender,construction,open,tender,f87771ba-5716-40e1-9585-bcce3696de30,2026-04-16,GE,Avully,1237,Département des institutions et du numérique - DIN ; Officie cantonal de la protection de la population et des affaires militaires ; Centre de logistique civile et militaire,0,[]
5e87f40a-20f3-4387-9504-92a308a76a52,35354,211 - Maçonnerie,tender,construction,open,tender,9784629b-1d7e-443a-b598-571c12f47e62,2026-04-16,GE,Avully,1237,Département des institutions et du numérique - DIN; Office cantonal de la protection de la population et des affaires militaires; Centre de logistique civile et militaire,0,[]
44ccb133-dafc-4822-9f9b-14239f02ea37,30669,Rénovation et mise en conformité sécurité-énergie du groupe scolaire des Pervenches - Nettoyage du bâtiment,tender,construction,invitation,award,33ca5b01-5222-4218-8040-732ddc3705a5,2026-04-15,GE,Carouge,1227,Ville de Carouge - MARCH,0,[]
42bf87e6-08b6-47b9-8f6f-298d3463a546,34146,"1085 - Mise en séparatif des chemins de Belmonthoux, Charmontel, et Grand-Champ",tender,construction,open,tender,03ace661-0051-4fd0-b887-53c1ecc6c061,2026-04-15,,,,Commune de Prilly,1,"[""03ace661-0051-4fd0-b887-53c1ecc6c061""]"
4df14f80-4d07-4957-9a60-3bc9eea299e8,35155,"Transformation de l'EMS des Berges du Léman, lot 1004 Pierre naturelle",tender,construction,open,tender,c27a241e-4f90-4cb2-b060-2fb9bcd987e8,2026-04-15,VD,Vevey,1800,Fondation Claire Magnin - Modernisation de l'EMS les Berges du Léman,0,[]
cbf658e9-2c79-4d1a-8df7-b7af77c2d77b,35414,"Transformation de l'EMS des Berges du Léman, lot 1040 Carrelage",tender,construction,open,tender,de503cb2-51d0-4109-8bcc-06635dfd4a63,2026-04-15,VD,Vevey,1800,Fondation Claire Magnin - Modernisation de l'EMS les Berges du Léman,0,[]
f9c9a396-429d-4171-be15-0b417c1e583b,20921,STEP Lucens- Lot 303 Installations sanitaires BOU et PTC,tender,construction,open,award,d53092c6-a0fd-4227-ac00-eede7c7f94b7,2026-04-14,VD,Lucens,1522,"Association Intercommunale ""Epuration des eaux Moyenne Broye"" EMB",0,[]
66ffaac8-6c31-4e97-91c4-f4adb62fcb96,25339,Remplacement des monte-lits et ascenseurs - Hôpital de Morges,tender,construction,open,award,5004ce7e-7253-4992-8dd7-4c987e850a85,2026-04-14,VD,Morges,1110,Ensemble Hospitalier de la Côte,0,[]
d82cff1c-d0f1-4572-b8bb-a4c501020ead,34679,Champ Dollon – CFC23 - Amélioration de l’exploitation et rénovations techniques,tender,construction,open,tender,406a9098-79c9-4e47-8c5a-9332caf1dabd,2026-04-14,GE,Chemin de Champ-Dollon 22 ,1241,Office cantonal des bâtiments (OCBA),0,[]
a2754c4a-e5fc-4101-950b-1cb480c20f18,34686,Champ Dollon – CFC231.2 - Amélioration de l’exploitation et rénovations techniques,tender,construction,open,tender,8876c760-f3aa-49e5-a7b1-02499f0e6b0f,2026-04-14,GE,Chemin de Champ-Dollon 22 ,1241,Office cantonal des bâtiments (OCBA),0,[]
53a46c03-0049-4819-80f6-946794c19ca6,35138,"Transformation, rénovation et réaffectation d'une maison de maître - Bessonnette 8 - CFC 23 (231, 232, 235, 236) - Installations électriques",tender,construction,open,tender,1ef20469-5118-4247-b2e7-42db2341966d,2026-04-14,GE,"Bessonnette 8, Chêne-Bougeries",1224,Commune de Chêne-Bougeries (Atelier March SA),0,[]
f7718ac8-54e1-44da-a08e-a6de048f0140,35144,Extension du dépôt de Perrelet - Séparations coupe-feu,tender,construction,open,tender,6f708572-7633-47fb-a0f4-5507ae4fda93,2026-04-14,VD,Renens,1020,Transports publics de la région lausannoise SA - Ferrari Architectes,0,[]
e0e9a5ad-c22f-473c-af18-3394cfe9398b,35235,Route des Quatre-Communes et chemin de Jaques-Dalcroze,tender,construction,open,tender,a17fd96e-85c5-4dd1-abf3-2ecb3c732582,2026-04-14,VD,Rolle,1180,Commune de Rolle (S+N Ingénieurs),0,[]
5a615ed0-a336-4a43-95b0-69ece034d867,35310,Aménagement du site du Vengeron - Marché n°2 : Equipements sanitaires,tender,construction,open,tender,23268323-1dc3-48a9-86c4-cfbe30adfb9b,2026-04-14,GE,Pregny-Chambésy,1292,Office cantonal de l’eau (OCEau) - SAEP (DCIS),0,[]
c1d29b89-e307-4b92-a82b-f28cf5c8dedf,35312,Aménagement du site du Vengeron - Marché n°3 : Installations Electriques,tender,construction,open,tender,3e68fabc-da06-4a80-b4a7-aec4cb1789a1,2026-04-14,GE,Pregny-Chambesy,1292,Office cantonal de l’eau (OCEau) - SAEP (Rossetti Ing.) ,0,[]
9cb9a163-a57a-4f12-8ee7-b55ba6a81b6e,32190,Baumeisterarbeiten Fernwärmezentrale Leukerbad - Hochbau,tender,construction,open,award,4a295ddb-9a12-4b39-b5d7-f0f37d434af4,2026-04-13,VS,Leukerbad,3954,IMION AG,0,[]
aa2a73d2-1755-40c1-93f5-417160b4217e,17001,"Installation photovoltaïque clé en main ""Pré au Loup"" à Lucens",tender,construction,open,award,79f198cb-841c-48de-861e-4c0af82cf579,2026-04-11,VD,Lucens,1522,Commune de Lucens (Bureau Bréa Ingénieurs Conseils Sàrl),0,[]
bf5d6a2f-d898-473e-b529-67422e9a4316,35193,EMS Louis Boissonnet à Lausanne - CFC 261 Ascenseurs,tender,construction,open,tender,290b558e-3780-4312-ac8c-006720d1c50f,2026-04-11,VD,Lausanne,1010,Fondation Louis Boissonnet (quartal),0,[]
773291c1-0c0b-4e96-a62e-c9071fc02214,26518,"Bornes de recharge, Ville de Vernier",tender,construction,open,award,b8186918-44f3-4d8e-bb39-b47f4e634502,2026-04-10,GE,Vernier,1214,Ville de Vernier,0,[]
9c204460-f8ad-4bc2-8afe-91f54caf7cd4,27538,EPFL DOUBLE DECK - CFC 244 Ventilation,tender,construction,open,award,41d7232c-67a8-4c49-9140-77d7c57d5895,2026-04-10,VD,Lausanne,1015,EPFL VPF ACHATS,0,[]
fac33c93-27c8-4c60-ab5e-89a7c771a107,33668,CAD Franchise - CAD Chatelaine ,tender,construction,open,tender,b1caa7a1-a5b9-49f9-a69e-de701b97453b,2026-04-10,GE,Genève,1203,"Etat de Genève, Département du territoire – DT, Office cantonal des bâtiments",0,[]
7199f7f5-0f3d-4d0c-aed3-efb451e0d5f1,34365,Collège de Saussure – Secteur Chimie - CFC 180.1 - Travaux d'assainissement ,tender,construction,open,tender,1bffa87d-a076-4c52-ba92-46b7793ef415,2026-04-10,GE,Lancy,1213,"Département du territoire {DT}, Office Cantonal des bâtiments {OCBA}, Direction des Rénovations et Transformations",0,[]
71050c75-7585-43fd-b3cd-1e8af167cd82,35145,Sous-station de mélange du chauffage à distance Floréal,tender,construction,open,tender,2e0499cf-243c-431e-b5c5-1ed18c452c6b,2026-04-10,VD,"Avenue de Cour 14, Lausanne",1007,Ville de Lausanne – SIL – Service patrimoine (PAT),0,[]
98f2bc26-9adf-4427-b35f-a806b33a358b,35149,"Extension du dépôt de Perrelet - Sous-station moyenne tension ""tl DPO""",tender,construction,open,tender,866d55e7-f279-4433-beb7-dd2a24b495dc,2026-04-10,VD,Renens,1020,Transports publics de la région lausannoise SA - Ferrari Architectes,0,[]
0570f7e8-6ee7-48fe-a8c1-0e31d23cba1b,24502,Extension et rénovation du Lycée-collège de St-Maurice : ZONE SPORTIVE - CFC 201,tender,construction,open,award,d0a689ee-9ecf-49cc-9455-e8533b01c936,2026-04-09,VS,St-Maurice,1890,Service immobilier et patrimoine,0,[]
636ef547-7c63-494a-93b5-890b419470aa,24503,Extension et rénovation du Lycée-collège de St-Maurice : ZONE SPORTIVE - CFC 211,tender,construction,open,award,7ed60a26-2903-41fd-9c22-1560f63657da,2026-04-09,VS,St-Maurice,1890,Service immobilier et patrimoine,0,[]
9d199cb3-31a8-4189-87f9-8ccea9fa6656,24504,Extension et rénovation du Lycée-collège de St-Maurice : ZONE SPORTIVE - CFC 214,tender,construction,open,award,46ddc557-d364-485b-bd33-a95bc0900c76,2026-04-09,VS,St-Maurice,1890,Service immobilier et patrimoine,0,[]
d075befb-0269-4272-a524-b68d6287ef48,24506,Extension et rénovation du Lycée-collège de St-Maurice : ZONE SPORTIVE - CFC 230,tender,construction,open,award,25e3fb18-6e2f-4874-923a-a1613c784bdc,2026-04-09,VS,St-Maurice,1890,Service immobilier et patrimoine,0,[]
bd7ca650-b1b7-4c35-bc89-027905dfb3c4,24509,Extension et rénovation du Lycée-collège de St-Maurice : ZONE SPORTIVE - CFC 244,tender,construction,open,award,cc5ff57f-63fd-425b-857b-51e30a9ed302,2026-04-09,VS,St-Maurice,1890,Service immobilier et patrimoine,0,[]
0c228a1e-bb40-44c1-80a5-50de6d6a9f3f,25291,Collège Bahyse II+III - Blonay-St-Légier / Démolition-Désamiantage,tender,construction,open,award,fe07cd03-cee8-4ff2-b196-8880f4521a7b,2026-04-09,VD,Blonay,1807,Commune de Blonay-St-Légier (Consortium FLBG),0,[]
61b0e37c-86b5-444a-b1c0-8ec9f6c0b10a,25292,Collège Bahyse II+III - Blonay-St-Légier / Maçonnerie-Terrassement-Canalisations,tender,construction,open,award,8aac0046-5799-40f5-8762-238b2c17b717,2026-04-09,VD,Blonay,1807,Commune de Blonay-St-Légier (Consortium FLBG),0,[]
71f38091-15c2-43f7-9441-d2adaee721f8,25328,Collège Bahyse II+III - Blonay-St-Légier / Construction Bois,tender,construction,open,award,3e9d3a85-b817-4764-8dfa-f27560fa10f4,2026-04-09,VD,Blonay,1807,Commune de Blonay-St-Légier (Consortium FLBG),0,[]
c523fc27-477e-4f84-9e06-eeaf7e291e06,25329,Collège Bahyse II+III - Blonay-St-Légier / Installations électriques,tender,construction,open,award,07ed75f1-235d-4049-87c7-d719feafc1a8,2026-04-09,VD,Blonay,1807,Commune de Blonay-St-Légier (Consortium FLBG),0,[]
6a654d65-e6ab-4ad6-9d5a-302efb6b3de9,25330,Collège Bahyse II+III - Blonay-St-Légier / Installations sanitaires,tender,construction,open,award,26e3d4b2-0a23-4f7a-8a8e-ff6d9955190b,2026-04-09,VD,Blonay,1807,Commune de Blonay-St-Légier (Consortium FLBG),0,[]
40812b81-6640-42e2-9783-96cbbd469342,27784,Extension et rénovation du Lycée-collège de St-Maurice - CFC 211.1,tender,construction,open,award,330601c8-5790-4ffc-8b2f-578933d09ae1,2026-04-09,VS,St-Maurice,1890,Service immobilier et patrimoine,0,[]
71648f4c-c25d-4c25-a336-e23206570c8c,28925,"Construction d'un centre médical, salle multi-usages, UAPE et crèche à Evolène - CFC 4 - Aménagements extérieurs",tender,construction,open,award,e3002360-ffde-4825-8278-06afac5d0546,2026-04-09,VS,Evolène,1983,Commune d'Evolène - (madeleine architectes),0,[]
4dae25c4-86ed-4653-9e56-509a75349220,35045,"Arrêts bus ""Les Planches"" - Route du Chalet-à-Gobet (RC 559)",tender,construction,open,tender,0fd70a66-073a-451e-9f33-17cf3041f33d,2026-04-09,VD,Le Mont-sur-Lausanne,1052,Commune du Mont-sur-Lausanne - SIMO,0,[]
fd8d1bd3-1e57-45cd-acb1-29293318738a,17693,22420 Toitures métalliques ,tender,construction,open,award,2037a7ee-1789-455a-972b-e16c7b492f72,2026-04-08,GE,Carouge,1227,Ville de Carouge - Service des bâtiments ,0,[]
65853ced-e5c7-4416-be55-54375fd3c2ee,26034,Etudes et réalisation du système d'automation CTA EST GENILAC ,tender,construction,open,award,80d921fb-2668-49d3-a8b9-c7f75b4e77f5,2026-04-08,GE,Grand Saconnex,1215,Services industriels de Genève (SIG) - Direction Achats,0,[]
e24fbca6-342e-47c3-a905-3a83cda24100,31992,Champ-Dollon / Ouvrages métalliques,tender,construction,open,tender,d22d6b39-de62-41d4-b443-ffe5e7902d2d,2026-04-08,GE,Puplinge,1241,Office cantonal des bâtiments (OCBA) - Service Achats et Contractualisation,0,[]
fbf0d515-ed13-4329-9e26-6af3827c34e3,32013,"Réfection de la chaussée à l'aval des Mayens-de-Sion, sur la RC no 56 Mayens-de-Sion - Les Collons - Thyon, sur le territoire de la commune de Vex",tender,construction,open,award,b2fd9b9d-dcad-477b-ad8a-5423d1cc0121,2026-04-08,VS,Vex,1981,"Département de la mobilité, du territoire et de l'environnement",0,[]
b4020e37-1e46-4ca6-965b-0b853a5987c6,34919,Réaménagement de la place des Cèdres - M7.3,tender,construction,open,tender,ef83aca6-d250-439c-bb7d-b2c8336e27d5,2026-04-08,VS,Place des Cèdres,1950,Ville de Sion - Travaux Publics et Environnement,0,[]
a707736c-39f6-4d39-92aa-c2d42d48ca25,34939,EMS Louis Boissonnet à Lausanne - CFC 112 Démolition-défrichage,tender,construction,open,tender,509e1308-2eca-4bda-9fe3-377502307904,2026-04-08,VD,Lausanne,1010,Fondation Louis Boissonnet,0,[]
96ac76f0-b742-4dd4-aebb-c931ff409c41,34940,"EMS Louis Boissonnet à Lausanne - CFC 201 Terrassement, travaux spéciaux",tender,construction,open,tender,6c8cb704-992f-4ce2-b810-81f9bf93364f,2026-04-08,VD,Lausanne,1010,Fondation Louis Boissonnet,0,[]
746ef578-0455-40e6-add0-21bfd9b75c6e,34941,"EMS Louis Boissonnet à Lausanne - CFC 211 Maçonnerie, béton armé",tender,construction,open,tender,d356f839-4db2-4d2c-9d07-98ea36d7ffd2,2026-04-08,VD,Lausanne,1010,Fondation Louis Boissonnet,0,[]
7fc6f3a8-d84f-4434-832b-28d6514b6436,34942,EMS Louis Boissonnet à Lausanne - CFC 211.1 Echafaudages,tender,construction,open,tender,daf2e32d-652a-41f0-860a-2ad249b54870,2026-04-08,VD,Lausanne,1010,Fondation Louis Boissonnet,0,[]
b9bd2647-353c-4e47-a270-e58a20bdfea4,34943,EMS Louis Boissonnet à Lausanne - CFC 23 Installations électriques,tender,construction,open,tender,4e919b68-b5e1-442e-bf80-c3b12d04e595,2026-04-08,VD,Lausanne,1010,Fondation Louis Boissonnet,0,[]
0bb8ce74-7af9-47ea-9cba-738f09d4d379,34944,EMS Louis Boissonnet à Lausanne - CFC 242 Installations de chauffage,tender,construction,open,tender,2af73968-3798-4378-9af8-9df75ce339ac,2026-04-08,VD,Lausanne,1010,Fondation Louis Boissonnet,0,[]
fbcc943c-c7cf-45a9-b881-ba52483d7a9a,34945,EMS Louis Boissonnet à Lausanne - CFC 244 Installations de ventilation,tender,construction,open,tender,1c8cd360-58f8-412a-b993-1288b7d69480,2026-04-08,VD,Lausanne,1010,Fondation Louis Boissonnet,0,[]
9bc32ffe-e553-44a4-82d3-354c2615520f,34946,EMS Louis Boissonnet à Lausanne - CFC 25 Installations sanitaires,tender,construction,open,tender,d7b31e01-9a4e-461e-b845-bbbfeaa0f963,2026-04-08,VD,Lausanne,1010,Fondation Louis Boissonnet,0,[]
fc3a6583-5e2d-443d-b713-e5d5ec4f218b,35026,28100 Chapes ciment,tender,construction,open,tender,d0c10b20-7e55-4237-afff-a287d5ef8b59,2026-04-08,GE,Carouge,1227,Ville de Carouge - Service des bâtiments,0,[]
cd867a6b-a00b-4e17-a422-ecb06929e89f,34403,SCIENCES II - Compartimentage des cages d'escaliers,tender,construction,open,tender,f5cb1939-b1f2-45d3-b383-29b9f398f60e,2026-04-07,GE,Genève,1205,"Département du Territoire - DT, Office cantonal des bâtiments",0,[]
100a9f48-0820-4759-86a9-2f4b0fb87c64,34712,CHA_DOR_Ecole des Hauts de Dorigny_Lot 102_Echafaudages,tender,construction,open,tender,5f21c13b-21b0-4103-bad9-e22e63c6ac0f,2026-04-07,VD,Chavannes-près-Renens,1022,"Commune de Chavannes-près-Renens, p.a. Pragma Partenaires SA",0,[]
b9cab9af-5061-4e73-8c79-c87eb1c88785,34728,CHA_DOR_Ecole des Hauts de Dorigny_Lot 125_Chapes,tender,construction,open,tender,4b59ed4a-8ebf-4ca7-8708-da48de372729,2026-04-07,VD,Chavannes-près-Renens,1022,"Commune de Chavannes-près-Renens, p.a. Pragma Partenaires SA",0,[]
0a15cad0-8fdb-4afb-b1e8-abd4a94860a0,34730,Copie CHA_DOR_Ecole des Hauts de Dorigny_Lot 127_Revêtements de sol en matière synthétique,tender,construction,open,tender,fea034b2-8fa5-48bc-a916-f74e76afa3b2,2026-04-07,VD,Chavannes-près-Renens,1022,"Commune de Chavannes-près-Renens, p.a. Pragma Partenaires SA",0,[]
d62a3406-35d3-4ef1-aa71-eaebf6840582,34953,Fondation Eben-Hézer - EMS Chernex Village - CFC 273.3 Menuiserie courante,tender,construction,open,tender,e1716bc7-8e23-4b48-9b60-c70b8a03493d,2026-04-07,VD,Chernex,1822,Fondation Eben-Hézer (Itten+Brechbühl SA),0,[]
8404b3d8-ec3c-4767-82aa-a0f3a9500a5f,31145,La Tzoumaz - Assainissement Ancienne RC87 - LOT 2,tender,construction,open,award,183e4937-d2b2-490d-b166-ba8d6a5c32dc,2026-04-06,VS,La Tzoumaz,1918,"Commune de Riddes, Service technique",0,[]
1f2a5479-74a8-4151-86c7-97441dcd6a8a,31149,La Tzoumaz - Assainissement Ancienne RC87 - LOT 3,tender,construction,open,award,66c24da5-62ec-4eb3-873f-499320810517,2026-04-06,VS,La Tzoumaz,1918,"Commune de Riddes, Service technique",0,[]
12ba5804-656d-442b-8145-38a3c001d89f,26558,"596 Gymnase d'Echallens Lot No 13: CFC 222, 224 Ferblanterie et couverture",tender,construction,open,award,04e5d54e-923b-4176-9c08-6b3a6ace5ed8,2026-04-03,VD,Échallens,1040,Direction générale des immeubles et du patrimoine – DGIP,0,[]
815bf18c-3bb9-4456-bde4-681954d03171,29453,11120-BIOPHORE- Assainissement de l'éclairage,tender,construction,open,award,8e1a90f7-5b18-4891-920e-321fccd8f08a,2026-04-03,VD,Lausanne,1015,UNIL - UNIBAT - Domaine énergie et infrastructures,0,[]
b13787a2-eb70-4708-91e8-0610ae96a986,31262,Cleuson-Dixence - Tuyauterie de la future dotation sise à la fenêtre F2 située à Tortin,tender,construction,open,award,dcb067f1-6e61-4fde-8b17-13137c1bcdd7,2026-04-03,VS,Tortin-Nendaz,1993,HYDRO Exploitation SA,0,[]
8b04c930-ccec-40d0-8326-32253d4e8d8b,33876,"CENTRE SCOLAIRE DE PERROSALLE, BÂTIMENT F - PISCINE",tender,construction,open,tender,e599f257-3100-4623-8abc-f52300ec6a92,2026-04-03,VD,Ollon VD,1867,Commune d'Ollon,0,[]
3d4a3cba-a66a-4221-922a-162bc44c911c,34645,Centre sportif de Verbier - CFC 272.21 Garde-corps + étagères métalliques,tender,construction,open,tender,794096d2-d939-4a32-8e37-c94398d93b6f,2026-04-03,VS,Verbier,1936,Quartal Sàrl,0,[]
93a25ef3-27f6-4177-8768-eeb8196b67fd,34653,Centre sportif de Verbier - CFC 272.22 Dévidoirs + coffrets de désinfection,tender,construction,open,tender,cc439472-2d9b-4ae1-b935-0621769eb1a6,2026-04-03,VS,Verbier,1936,Quartal Sàrl,0,[]
28b0645a-cf0d-4604-8f73-94b46ae2b7c3,34657,Centre sportif de Verbier - CFC 281.10 Revêtements époxy,tender,construction,open,tender,dd7d1e16-70eb-490e-bf47-d49487fe7131,2026-04-03,VS,Verbier,1936,Quartal Sàrl,0,[]
a4e22b17-f361-468b-bd0c-89fa01032dac,34659,Centre sportif de Verbier - CFC 281.2 Faux planchers,tender,construction,open,tender,59337679-b124-435d-a1fd-1bf4be69eb5d,2026-04-03,VS,Verbier,1936,Quartal Sàrl,0,[]
3a5b0777-000c-4bcc-95bf-85d72ca5cf80,34663,Centre sportif de Verbier - CFC 281.6 Carrelage,tender,construction,open,tender,6669bc5f-4a3c-46fb-9cca-9b90758d61e7,2026-04-03,VS,Verbier,1936,Quartal Sàrl,0,[]
bbf4ff1f-1506-4563-9b17-32852fc327cf,34664,Centre sportif de Verbier - CFC 281.7 Parquet + sol sportif + moquette,tender,construction,open,tender,45bfa8b9-27c5-4876-b710-4c4fa34ac2e0,2026-04-03,VS,Verbier,1936,Quartal Sàrl,0,[]
eb773820-04d6-4b02-bf5b-a09ffd70c869,34665,Centre sportif de Verbier - CFC 282.5 Revêtement de parois en bois,tender,construction,open,tender,9a38dfc7-558a-4304-8f59-6d7dda2876c6,2026-04-03,VS,Verbier,1936,Quartal Sàrl,0,[]
ffa6ab76-a0ae-4108-a5a2-948aed57ff17,34744,Ville d'Orbe - Réfection du chemin de l'Etraz et mise en séparatif,tender,construction,open,tender,97cf10be-4e31-42c6-9d6f-210a74b15281,2026-04-03,VD,Orbe,1350,"Commune d'Orbe, Services Techniques",0,[]
3bf1d77a-0a0d-4655-8966-ad769dd47132,34826,Travaux de génie civil - Ovronnaz - Secteur Bains-Chevalley : Réfection de la route et des services,tender,construction,open,tender,3cac1871-b5f0-4a5d-8799-204a28c4cdaf,2026-04-03,VS,Ovronnaz,1911,Commune Leytron,0,[]
e8df5def-733e-4197-90a5-dafffe6aff51,34843,Déchetterie intercommunale du Carroz - Rénovation de la toiture,tender,construction,open,tender,7ed09da8-0ff8-42ae-a979-ebde5583ac9f,2026-04-03,VD,Cheseaux-sur-Lausanne,1033,Commune de Cheseaux-sur-Lausanne,0,[]
5e00d087-9ed6-4efc-bad2-7a23d8c0b5da,32871,"Ecole Secondaire Noëlla Rouget à Meyrin, construction d'un groupe scolaire et de salles omnisport - Lot 23 - Menuiserie, portes intérieures bois 1",tender,construction,open,tender,73905c46-6094-4dd1-944d-36a192c6d0f0,2026-04-02,GE,Meyrin,1217,"Etat de Genève, Département du Territoire - DT, Office cantonal des bâtiments",0,[]
843ddbcc-c13e-4276-8cc9-05ef8cfb9774,33627,MVR-N : RENOUVELLEMENT LIGNE MONTREUX–ROCHERS-DE-NAYE - Travaux Génie Civil,tender,construction,open,advance_notice,5dfcc632-2fcf-405a-8cfb-be4e75b1a5f5,2026-04-02,VD,Montreux,1820,Transports Montreux-Vevey-Riviera SA - Infrastructure Projets,0,[]
9e983a62-b4bf-40c6-80a4-59a002ce9f07,33657,"Ecole Secondaire Noëlla Rouget à Meyrin, construction d'un groupe scolaire et de salles omnisport - Lot 30A - Etanchéité - Ferblanterie",tender,construction,open,tender,3821ea02-56fb-4196-9a1b-a45116fdc9db,2026-04-02,GE,Meyrin,1217,"Etat de Genève, Département du Territoire - DT, Office Cantonal des Bâtiments",0,[]
329e1a2f-7cf4-4b70-993f-98f6bad23e68,33825,RENOVATION TECHNIQUE CVSER LULLIER (Centre Horticole) secteur Nord - Lot 255 - Isolation sanitaire,tender,construction,open,tender,a96048e8-dc03-4dc2-b082-0ef8442b5ae3,2026-04-02,GE,Centre Horticole Lullier,1254,Office cantonal des bâtiments (OCBA),0,[]
3790e704-1f69-47e4-96bd-07da54c40b45,34577,Chemin du Petray - Fermeture et réaménagements routiers,tender,construction,open,tender,7b722bd9-f4b5-45b6-a616-5420a5a33cb1,2026-04-02,GE,Collonge-Bellerive,1245,Commune de Collonge-Bellerive,0,[]
506b2f00-40e9-4b92-bddb-ce5abe6a02ae,34736,Travaux de génie civil pour Aménagement hydroélectrique de la Haute-Vièze.,tender,construction,open,tender,4327e7ab-faa3-42e1-a9bd-a2448b63cbcc,2026-04-02,VS,Champéry,1874,Romande Energie SA,0,[]
84f1273e-c09e-42d3-99c1-65a26a38a535,34787,Réaménagement du chemin du Châtaignier et du carrefour Jorat-Jorattez-Châtaignier ,tender,construction,open,tender,a59cfccf-179d-47a0-92b4-97b1db17148b,2026-04-02,VD,Le Mont-sur-Lausanne,1052,Commune du Mont-sur-Lausanne - SIMO,0,[]
43138ad2-75da-4060-a02a-705d64f950b4,21025,Rénovation des façades et amélioration de l’enveloppe thermique du bâtiment 1 Espérance - Travaux de fenêtres et portes-fenêtres bois - CFC 221.0,tender,construction,open,award,54218be6-4c07-4b07-9cc0-b21a8a84aeb7,2026-04-01,VD,Etoy,1163,L´Espérance ,0,[]
c04b3617-d412-4bc9-a25a-7ee573f4912a,29949,"Modification de la géométrie du giratoire de la Sitterie, PR 20+796, sur la RPS H206a Déviation Sion Est - La Muraz, sur le territoire de la commune de Sion",tender,construction,open,award,985c687c-54fe-4afb-adbf-cd6048da7de6,2026-04-01,VS,Sion,1950 ,"Département de la mobilité, du territoire et de l'environnement",0,[]
23fa6c3d-c006-41ee-b907-ea78e75c5703,30072,Assainissement énergétique d'un immeuble locatif de 20 appartements,tender,construction,open,award,cc5fb0bc-d71d-4ed2-ad23-a15072ee9f4e,2026-04-01,VD,Ollon,1867,Si En Delèze SA,0,[]
0f65d25a-e00d-41db-9759-70ed6c583674,31313,Route d'Antzère et Av. Gare - TC15 - Conthey - Travaux GC et CAD,tender,construction,open,award,eed158cd-516a-4d46-ba75-d30b5956d173,2026-04-01,VS,Conthey,1964,"Sogaval SA, société gérée par OIKEN SA",0,[]
f0ac7d81-8e22-40df-bacb-fb2aa94c095b,31420,"Réfection de la chaussée à l'aval de Chandolin, sur la RC no 42 Vissoie - St-Luc - Chandolin, sur le territoire de la commune d'Anniviers",tender,construction,open,award,a33a07d0-ea84-4255-8d17-1282fe5d91f2,2026-04-01,VS,Chandolin,3961,"Département de la mobilité, du territoire et de l'environnement",0,[]
cf850bcd-bace-4ab9-8a31-f22fb0da8093,31815,Rénovation école du Bosson - Plâtrerie et peinture,tender,construction,open,tender,d2d25d3d-0056-4c9c-abe1-7e0497e6952a,2026-04-01,GE,Onex,1213,Ville d'Onex (Bureau d'architectes Burckhardt Architecture SA),0,[]
899f4802-f75d-430b-8fa7-1b4bd4eb1d7c,32695,O_6556-2018-052_Genilac_Casaï ,tender,construction,open,tender,7b0d1e72-787a-4002-aef0-a5a80cdd49f8,2026-04-01,GE,Meyrin,1217,Services industriels de Genève (SIG) - Direction Achats,0,[]
b8b283bf-d609-46a3-ae8b-d2d443d5dceb,33667,"Ecole Secondaire Noëlla Rouget à Meyrin, construction d'un groupe scolaire et de salles omnisport - Lot 22A - équipements fixes sportifs",tender,construction,open,tender,4a93a7e6-0f61-4eda-b28c-3e46a44ac14b,2026-04-01,GE,Meyrin,1217,"Etat de Genève, Département du Territoire - DT, Office Cantonal des Bâtiments",0,[]
ed299d49-1cea-4c70-bfee-f4679047059e,34331,AIERG - Forages dirigés,tender,construction,open,tender,9e6d6e0b-a938-4a17-a01a-ae3ab3a491a3,2026-04-01,VD,Champagne,1424,Association Intercommunale pour Epuration de la Région de Grandson (AIERG),0,[]
87d8450e-2b18-4e3a-ac99-53c29bfd67fb,34690,Gewerbezone West Gampel,tender,construction,open,tender,4bf3ed14-d67b-418a-84d8-4842cc0cf087,2026-04-01,VS,Gampel,3945,Gemeinde Gampel-Bratsch,0,[]
5630d310-2a9c-426c-a976-305a7b30375c,31950,P+R P47- Lot 7 b Installation électriques courant fort et courant faible,tender,construction,open,award,a0f44224-a8a4-4925-942e-de6ce3635881,2026-05-30,GE,Le Grand-Saconnex,1218 ,Fondation des Parkings  - Service des achats,0,[]
ab2eeacc-c0e5-4912-a306-3a3287a9c542,32279,UNI MAIL - PRISES Etape n°2,tender,construction,open,award,6547e168-bc2c-4852-b7d8-3e194cd71bd6,2026-05-30,GE,Genève,1205,Office cantonal des bâtiments (OCBA),0,[]
bb72b649-3ddc-4ebf-973c-5c3c784511c1,33066,P+R P47- Lot 9 Installations sanitaires,tender,construction,open,award,49bf71b7-60a3-4ce7-947e-63ee8de864c7,2026-05-30,GE,Le Grand-Saconnex,1218,Fondation des Parkings  - Service des achats,0,[]
492c8ea3-aedb-42f0-b48a-32b84852905e,33678,P+R P47- Lot 11 Ascenseurs,tender,construction,open,award,0d432cd5-4ceb-47d5-b8d7-80a18b35bc84,2026-05-30,GE,Grand-Saconnex,1218,Fondation des Parkings  - Service des achats,0,[]
7655aea4-c179-4d8f-96c4-cc6861c38dc8,34385,"Parking Sous-Moulin assainissement des bétons, revêtement et peinture",tender,construction,open,award,1038a0c4-305a-4307-9e09-f06da08a9109,2026-05-30,GE,Thonex,1226,Fondation des Parkings  - Service des achats,0,[]
3a90312a-1294-45e3-af18-c4f00ef56e16,35645,RC 780-B-P : Giratoire des Muriers - Réalisation d'un giratoire en béton hydraulique - Appel d’offre en 1 phase et sur critère d’aptitude,tender,construction,open,tender,d4763674-e5e0-49f9-bd92-c671c22c7f1a,2026-05-30,VD,Bex,1880,Direction générale de la mobilité et des routes - division Entretien ,0,[]
596118a2-4426-49a5-86d8-abba419b608e,36988,CHUV_CIT-S_Toitures bâtiment BH_Affaire n° 20-121_CFC n° 420 Végétalisation,tender,construction,open,tender,c28b7ad6-176e-4dc1-b22b-0978fb37b9f2,2026-05-30,VD,Lausanne,1005,"CHUV - Direction des constructions, ingénierie, technique et sécurité (CIT-S)",0,[]
fd4c85c8-5065-47fd-b83c-9c9338e37305,30520,Clinique bernoise 2028 - CFC 231 Installations photovoltaïques,tender,construction,open,award,a29b167e-91c6-4a75-a55e-49acbe42e280,2026-05-29,VS,Crans-Montana,3963,"Berner Klink Montana, p.A. IAAG Architekten AG",0,[]
9914c3f4-8e1c-4019-9179-05bbfe549fa7,33024,SAV_AO_2211 - Façades bois et fenêtres bois-métal,tender,construction,open,abandonment,72cd16b5-5737-40d6-b35b-f4ea8ff96ed1,2026-05-29,VS,Savièse,1965,Municipalité de Savièse (CLR architectes SA),0,[]
28cc706b-8e6d-46ef-8169-838b1460e1c1,34528,"Réfection du revêtement entre le pont de Sauterot sur la Dixence et les pyramides d'Euseigne, sur la RC no 54 Sion - Les Haudères - Arolla, sur le territoire de la commune d'Hérémence",tender,construction,invitation,award,addf2fd0-0a67-4f5e-a87d-171898ec6f59,2026-05-29,VS,Hérémence,1987,"Département de la mobilité, du territoire et de l'environnement",0,[]
e432f9f5-3d87-462e-a7a6-42bf07e31067,34841,CAD OUEST - Sion / Tronçon : TS6a Châteauneuf-Sion / STEP - Rue de la Treille,tender,construction,open,award,a86f1cbe-e819-4579-988e-1a01cfbda21e,2026-05-29,VS,Sion,1950,OIKEN SA,0,[]
946640eb-383f-4bd3-b350-f3e33869f604,36987,CHUV_CIT-S_Toitures bâtiment BH_Affaire n° 20-121_CFC n° 224.1 Étanchéité,tender,construction,open,tender,08cf5457-52ce-4614-8152-1331721e711a,2026-05-29,VD,Lausanne,1005,"CHUV - Direction des constructions, ingénierie, technique et sécurité (CIT-S)",0,[]
96d2d2a1-95b7-42bb-89dd-6aabfa86bede,37297,Construction d'un immeuble de logements et commerces GDR9,tender,construction,open,tender,93b7a834-29d4-40a0-b4a8-ab3163067bee,2026-05-29,VD,Gland,1196,Lp&Co développement SA ,0,[]
01d28c54-557a-4dd4-9a60-1c7e8ca41984,37527,Transformation et agrandissement d'un ESE à Yverdon-les-Bains - K2 - CFC 250 INSTALLATIONS SANITAIRES,tender,construction,open,tender,7a1e50bb-e1c1-4ebc-a7e1-81c3cb6d009c,2026-05-29,VD,Yverdon-les-Bains,1400,Fondation St-George,0,[]
b25281c1-a95d-4474-ba28-749d941278f2,37532,Transformation et agrandissement d'un ESE à Yverdon-les-Bains - K2 - CFC 421.1 AMENAGEMENTS EXT,tender,construction,open,tender,f799360d-8346-42b7-b312-0e4c18b8b7ac,2026-05-29,VD,Yverdon-les-Bains,1400,Fondation St-George,0,[]
003f1d50-00c6-4a34-a5f0-d86923aa9b4f,37540,Transformation et agrandissement d'un ESE à Yverdon-les-Bains - K2 - CFC 226-227 CREPISSAGE ET PEINTURE EXT,tender,construction,open,tender,c5df8479-765d-4347-bd52-7837fb104876,2026-05-29,VD,Yverdon-les-Bains,1400,Fondation St-George,0,[]
15572959-dc2f-4ed4-8386-b3388e483519,37587,Transformation et agrandissement d'un ESE à Yverdon-les-Bains - K2 - CFC 231.5 INSTALLATIONS PHOTOVOLTAIQUES,tender,construction,open,tender,d4260386-085a-4a32-9b55-7743b8275d3e,2026-05-29,VD,Yverdon-les-Bains,1400,Fondation St-George,0,[]
1b965132-4cb5-4906-9e94-badfb7997054,37717,6690 - Aubépines-France - Extension du réseau CAD - Travaux de Génie Civil,tender,construction,open,tender,dde46c38-ede2-4a62-a768-29d8b4670e92,2026-05-29,VD,Aubépines-France-Clos Valeyre,1004,Ville de Lausanne – SIL – Service patrimoine (PAT),0,[]
c7d664d0-f125-412f-b5b7-2bf6fc455eaa,37855,"Hôpital du Valais (SZO) - SKP 211 Travaux de maçonnerie, transformation et agrandissement sous-sol/rez-de-chaussée TP1, 4 et 7",tender,construction,open,tender,0e7446c7-02a6-4912-8031-4b8dbfce9861,2026-05-29,VS,Brig-Glis,3900,Hôpital du Valais - Spital Wallis,0,[]
9037cefc-8190-4af2-8584-eab204c4571e,37866,"SZO Hôpital du Valais - SKP 213 Construction métallique - Auvent du restaurant, transformation et agrandissement du sous-sol et du rez-de-chaussée",tender,construction,open,tender,e48a00ec-aea8-47d7-9446-5bed7ee09909,2026-05-29,VS,Brig-Glis,3900,Hôpital du Valais - Spital Wallis ,0,[]
e3eb1923-cd6a-45f7-ab98-4cb7b34019a4,37876,"SZO Hôpital du Valais - SKP 219 Échafaudages, transformation et extension sous-sol/rez-de-chaussée TP1",tender,construction,open,tender,007e25d1-7d54-40ed-ae54-7d65303890e3,2026-05-29,VS,Brig-Glis,3900,Hôpital du Valais - Spital Wallis,0,[]
cf0c20aa-0881-449c-bef6-f33bd114912f,23730,Entretien du Rhône – Évacuation et valorisation des bois retirés du Léman à l’embouchure du Rhône,tender,construction,open,award,21600807-9129-4a61-84e7-b5ee141dd7f7,2026-05-28,VS,Le Bouveret,1897,Service des dangers naturels / Dienststelle Naturgefahren - Section R&L / Sektion RuG,0,[]
01ef2114-a6bc-4916-bd18-f7636707b207,28187,R3 – MA Ile des Clous - Réalisation d’une piste de chantier pour travaux préparatoires - LR0916,tender,construction,open,award,dcb7a886-bdc9-419d-bc29-f3292f530b64,2026-05-28,VD,Yvorne,1853,Service des dangers naturels / Dienststelle Naturgefahren - Section R&L / Sektion RuG,0,[]
0018c808-3beb-404d-8884-d25e1f295265,29736,11116-ANTHROPOLE-Assainissement de l'éclairage,tender,construction,open,award,7564db0a-2887-4fee-9895-fabcfd1bd9d9,2026-05-28,VD,Lausanne,1015,ETAT DE VAUD – COPIL DES CONSTRUCTIONS UNIVERSITAIRES,0,[]
664281c1-bb2f-43d1-a423-3e0c8862b335,32480,"Ecole de Puplinge, AO-CFC242-243-246 : Travaux d'installations de chauffage et de rafraîchissement",tender,construction,open,abandonment,63360781-0d16-4a13-b7d2-77bdb946e1dd,2026-05-28,GE,Puplinge,1241,Commune de Puplinge,0,[]
be7b0140-a076-4018-90e3-5c84f9d67ca0,32482,"Ecole de Puplinge, AO-CFC25 : Travaux d'installations sanitaires",tender,construction,open,award,b309d5ed-93e8-4d3f-81a7-e738ee5a3b2a,2026-05-28,GE,Puplinge,1241,Commune de Puplinge,0,[]
d47693a7-5b91-4b42-9bd2-fdbed7ef5616,33558,"Ecole de Puplinge, AO-CFC244 : Travaux d'installations de ventilation",tender,construction,open,award,6774b92d-1f66-4936-a7fb-1c765590f49e,2026-05-28,GE,Puplinge,1241,Commune de Puplinge,0,[]
e3c64eae-4306-4482-9b49-73636361cf95,37863, 5003 - A11 - Périmètre Bac – Maisonnettes – Louis-Bertrand - Marché de travaux de construction concernant  les CFC 23 - Installation électrique ,tender,construction,open,tender,ac24f610-cb3d-48a2-9e63-1faec8dbb100,2026-05-28,GE,Lancy,1213,Ville de Lancy (atelier OBJECTIFS SA),0,[]
f6a8c360-12ef-4667-b8d9-292efbf5b8f9,24346,Kollegium Brig – Sanierung Internat / BKP 239.3 Photovoltaikinstallation (Südtrakt),tender,construction,open,abandonment,58057549-7642-4cfb-9412-87f6b773c189,2026-05-27,VS,Brig-Glis,3900,Service immobilier et patrimoine / Dienststelle für Immobilien u. Bauliches Erbe - Gérance et entretien d'immeuble / Immobilienverwaltung u. Unterhalt,0,[]
c4e697f7-3cf3-4b0f-ad1d-94ed465a7cbc,31342,Extension et rénovation du Lycée-collège de St-Maurice : ZONE SPORTIVE - CFC 221,tender,construction,open,award,e0168250-6650-4712-b618-ed4b2383b081,2026-05-27,VS,St-Maurice,1890,Service immobilier et patrimoine,0,[]
98bcdd2d-cfff-44e4-8768-e708a1807381,31347,Extension et rénovation du Lycée-collège de St-Maurice : ZONE SPORTIVE - CFC 224,tender,construction,open,award,1e09394f-8f3e-421f-9855-4ce0a02d4e6b,2026-05-27,VS,St-Maurice,1890,Service immobilier et patrimoine,0,[]
fcb68b32-dc7a-4357-8043-8a5abfc30b23,32691,Wärmezentrale WN Leukerbad - BKP 240 Heizungsanlage,tender,construction,open,award,b06159aa-2e3d-4f8f-a768-07770fcb85df,2026-05-27,VS,Leukerbad,3954,IMION AG,0,[]
2e3a2765-da68-4da5-aa81-97171e6d02dc,33171,Monthey_collecteur_EU_Sépey_2026,tender,construction,open,award,e934a452-be72-4fea-b585-c0c5d406e948,2026-05-27,VS,Choëx,1871,nco-ing SA,0,[]
5911c9f5-81e6-4733-a65f-3aa7e76f46bb,37567,Construction de la sous-station de Caux - Génie civil,tender,construction,open,tender,e41e3a04-2411-4255-b2ee-f8c446832c01,2026-05-27,VD,Caux,1824,Transports Montreux-Vevey-Riviera SA,0,[]
5bf0b839-54c2-4b00-8360-4105d5667024,31723,Rénovation bâtiment Beau-Site - CFC 271 Plâterie,tender,construction,open,award,b786c025-b069-4b10-ac12-7bbb5e919224,2026-05-26,VD,Aigle,1860,Transports Publics du Chablais SA,0,[]
10309194-39cc-4af6-9860-fe7b6fb1675a,37492,"Transformation de l'EMS des Berges du Léman, lot 1006 Crépis de façade.",tender,construction,open,tender,161e0fe3-1adb-474d-85cf-87ca28ed29c3,2026-05-26,VD,Vevey,1800,Fondation Claire Magnin - Modernisation de l'EMS les Berges du Léman,0,[]
5877d5f8-e208-4f17-a4ab-26e837a41f5a,37600,"Transformation de l'EMS des Berges du Léman, lot 1035 Menuiserie intérieure",tender,construction,open,tender,81165c4f-5bf1-418f-b414-469f233219fe,2026-05-26,VD,Vevey,1800,Fondation Claire Magnin - Modernisation de l'EMS les Berges du Léman,0,[]
a80afeea-f2a1-40ca-b1f2-4b136c606880,37666,Martigny - Expo : Nouvelle halte - Lot 1 : Terrasement et gros-oeuvre béton armé,tender,construction,open,tender,5d910e99-3458-4e1e-92b5-26a25dc31732,2026-05-26,VS,Martigny,1920,Achats - TMR SA,0,[]
1b96cd39-3098-4fb5-9251-e21bd5e11eee,30817, VE 21.45 – Assainissement galerie du Bourgout ,tender,construction,open,award,42c9d16c-8653-402a-b8ec-0cd96ce7211e,2026-05-25,VS,Martigny,1920,Achats - TMR SA,0,[]
45ee0848-1493-47de-86a5-ef555f78318b,32103,Renouvellement du poste MT - GC et béton armé,tender,construction,open,award,c99e0137-309f-49a5-ba65-5bad7962e86e,2026-05-25,VD,Bex,1880,Romande Energie SA,0,[]
15fb1673-bca0-4f35-b8b1-4612ef8dcaa8,35410,595 Gymnase du Chablais CFC 4 - Aménagements extérieurs,tender,construction,open,tender,4438c7ea-4c7a-47bb-97ab-99998d1b4057,2026-05-25,,,,Direction générale des immeubles et du patrimoine – DGIP<,2,"[""4438c7ea-4c7a-47bb-97ab-99998d1b4057"", ""4438c7ea-4c7a-47bb-97ab-99998d1b4057""]"
409e5c03-ec06-4394-83b9-629d5e436b58,23194,Reconstruction de la STEP de Pully - Lot EM05 : Equipements EM traitement biologique,tender,construction,open,award,0928568b-9ff6-47e1-8b0f-3336f9068803,2026-05-23,VD,Pully,1009,Ville de Pully - Direction des travaux et des services industriels,0,[]
efb29250-6f0a-4841-896c-851995b37c6d,24648,Reconstruction de la STEP de Pully - Lot EM04 : Micropolluants,tender,construction,open,award,728a82b9-828c-4ae6-b937-e7427a7d5f01,2026-05-23,VD,Pully,1009,Ville de Pully - Direction des travaux et des services industriels,0,[]
652f959c-e17a-48ab-99ca-8e2d946c6b55,32183,"Ecole de Puplinge, AO-CFC21 : Démolitions, terrassements, travaux spéciaux, canalisations, échafaudages, béton armé, éléments préfabriqués, maçonnerie",tender,construction,open,award,9556d857-1d5f-49eb-b37e-e2f58dc4e9cc,2026-05-23,GE,Puplinge,1241,Commune de Puplinge,0,[]
65e86b1e-b2c7-4468-a472-93d2661bcf8f,32457,"Ecole de Puplinge, AO-CFC222 : Travaux de ferblanterie, couverture et étanchéité",tender,construction,open,award,067b7f22-5fef-4866-9680-d455b344debb,2026-05-23,GE,Puplinge,1241,Commune de Puplinge,0,[]
6884c440-cf3f-41d6-9efd-36c582d7092f,36576,596 Gymnase d'Echallens CFC 242 243 245 Production et distribution de chaleur et de froid,tender,construction,open,tender,4ef7ae26-eef0-4b76-a205-55b750f78f55,2026-05-23,VD,Echallens,1040,Direction générale des immeubles et du patrimoine – DGIP,0,[]
cce2b160-6a65-443f-960e-8e967065cabb,36583,596 Gymnase d'Echallens CFC 244 Installations de ventilation,tender,construction,open,tender,0901831c-f8d9-494a-aaa8-c5ea5357271c,2026-05-23,VD,Echallens,1040,Direction générale des immeubles et du patrimoine – DGIP,0,[]
2cbfe4da-b223-4a5e-a325-98e5b8b0a64c,36588,"596 Gymnase d'Echallens CFC 251 252 253 254 255 Appareils sanitaires , tuyauterie et isolations",tender,construction,open,tender,a6b49643-91d4-4bae-9a32-c3b6ee2b7bb9,2026-05-23,VD,Echallens,1040,Direction générale des immeubles et du patrimoine – DGIP,0,[]
c86d2ac2-7340-40f7-a979-5096f233798f,31551,Village de Soral-Aménagements routiers de modération du trafic et de sécurisation des espaces publics,tender,construction,open,award,10db466c-1046-4fc3-a850-19cb437311a4,2026-05-22,GE,Soral,1286,Commune de Soral,0,[]
1875f9c7-cf1d-4f0d-913d-075b58379ae8,35591,EPSM Champ-Fleuri à Glion - Lot 22201 Etanchéité,tender,construction,open,tender,7ede0b4e-bd47-47e3-bc8c-f5f66e09d45a,2026-05-22,VD,Glion,1823,Fondation Champ-Fleuri,0,[]
9229fa21-6d48-4be7-8c03-d19ac1833ce2,35593,EPSM Champ-Fleuri à Glion - Lot 22601 Isolation périphérique,tender,construction,open,tender,04881753-5502-4569-a0c3-b9c04a70a5b9,2026-05-22,VD,Glion,1823,Fondation Champ-Fleuri,0,[]
d175b5d5-c427-4704-99b8-c3099aaa83ad,35603,EPSM Champ-Fleuri à Glion - Lot 25101 Installations sanitaires,tender,construction,open,tender,86580423-3b86-4016-b3fa-01d2c40b324b,2026-05-22,VD,Glion,1823,Fondation Champ-Fleuri,0,[]
449a785b-097f-4293-a316-289965254cb7,35605,EPSM Champ-Fleuri à Glion - Lot 22101 Fenêtres bois-métal,tender,construction,open,tender,4446f6d0-e0c3-46df-ae8c-7caaa335333e,2026-05-22,VD,Glion,1823,Fondation Champ-Fleuri,0,[]
f3dfc15e-a4f5-4554-8c24-bbab7b9845af,37251,"Carrefour du Chemin du Vieux-Vésenaz - Réaménagement de suface, réseau d'assainissement communal, réseaux SIG-EAU & SIG-FO",tender,construction,open,tender,24240c19-085b-418c-a3ea-d91cfb1a917b,2026-05-22,GE,Vésenaz,1222,Commune de Collonge-Bellerive - Service des routes et de l'entretien des sites,0,[]
37e988b5-bdce-47ab-aab5-6ad53bca548e,37442,Remise à ciel ouvert du Nant des Limites entre les chemins de la Chênaie et de l 'Orée,tender,construction,open,tender,922c8a85-b069-443b-8bbf-76be7fb567e1,2026-05-22,GE,Bellevue,1293,Commune de Bellevue (RC Ingénierie),0,[]
6239e25a-f342-4950-89e0-5b0cfc5bd44a,37562,Projet d'extension de l'Unithèque. Appel d'offres lot 122 Menuiserie courante,tender,construction,open,tender,5ddf31ae-d2c2-4c9d-83e7-2bad06c329c8,2026-05-22,VD,Ecublens,1024,COPIL des constructions universitaires p/a DEIEP - Direction générale des Immeubles et du Patrimoine (DGIP),0,[]
28d6293d-0a5a-45f9-a996-a9769ab9d8e9,37570,EPSM Champ-Fleuri à Glion - Lot 20101 Terrassement et travaux spéciaux,tender,construction,open,tender,d3f75193-1e71-4a7c-a5b8-e50f4f774713,2026-05-22,VD,Glion,1823,Fondation Champ-Fleuri,0,[]
d26aff42-1d1c-4789-b07d-7c2495239826,37574,"EPSM Champ-Fleuri à Glion - Lot 21101 Maçonnerie, BA",tender,construction,open,tender,37a0eeb4-d0fd-4249-a10a-aa73ac733b13,2026-05-22,VD,Glion,1823,Fondation Champ-Fleuri,0,[]
c2ff02ac-c174-400a-8c59-09fc03f4d316,37578,EPSM Champ-Fleuri à Glion - Lot 23101 Installations électriques,tender,construction,open,tender,dbaed9e6-c02e-4057-b30e-602866c13df6,2026-05-22,VD,Glion,1823,Fondation Champ-Fleuri,0,[]
1e2ae988-1467-4ea6-bdf8-aad40199aa13,37579,EPSM Champ-Fleuri à Glion - Lot 23102 Installations photovoltaiques,tender,construction,open,tender,f4e70b8c-20ca-4a96-a7d7-59073d0f9e8f,2026-05-22,VD,Glion,1823,Fondation Champ-Fleuri (Tekhne),0,[]
2f1da715-20ed-4e31-9bfd-fd76b731041e,37585,EPSM Champ-Fleuri à Glion - Lot 24201 Installations de chauffage,tender,construction,open,tender,b00d8c5d-db37-4acb-a8ea-3be730282f48,2026-05-22,VD,Glion,1823,Fondation Champ-Fleuri ,0,[]
616ad7ae-a636-4c1c-a2c1-f419efc8f9ed,37589,EPSM Champ-Fleuri à Glion - Lot 24701 Installations MCR,tender,construction,open,tender,928f7cbb-017c-43c8-9fd2-abfc2e5da03d,2026-05-22,VD,Glion,1823,Fondation Champ-Fleuri,0,[]
fdf9e419-f969-4670-beb6-bc4f12cb8eb1,37590,EPSM Champ-Fleuri à Glion - Lot 27101 Plâtrerie-Peinture,tender,construction,open,tender,52198c70-3b27-47ef-9373-a2a8d24deb3d,2026-05-22,VD,Glion,1823,Fondation Champ-Fleuri,0,[]
e18e6d01-3212-4a6e-bdf3-93d99efb4525,37593,Réaménagement du Parking de la Baie de Corsier ,tender,construction,open,tender,d3061320-1503-4977-9e1a-9e4a54c10b3d,2026-05-22,GE,Collonge-Bellerive,1245,Commune de Collonge-Bellerive (varia bureau de paysage),0,[]
68984d34-b10e-47e1-9b35-0531db831fa8,26566,Autonomie électrique - Lot 1 Extension photovoltaïque,tender,construction,open,award,224093b2-36a4-47e1-bfd7-36f389df3af7,2026-05-21,VD,Etoy,1163,DID - Direction de l’ingénierie et de la durabilité,0,[]
cab45ada-6fef-4b48-bb17-d9eb89250cc5,31805,Rénovation école du Bosson - Fenêtres et portes en métal,tender,construction,open,tender,53e18ff0-7dff-486b-a26f-e40243c543eb,2026-05-21,GE,Onex,1213,Ville d'Onex (Bureau d'architectes Burckhardt Architecture SA),0,[]
05bebc89-25fa-4004-ad83-bb96fefdf2e1,32242,Remplacement des fenêtres bois métal du bâtiment,tender,construction,open,award,bced0527-3658-4fb3-8a87-bb5abeecf78b,2026-05-21,VD,Lausanne,1005,"CHUV Direction des constructions, ingénierie, technique et sécurité (CIT-S)-(WSP Ingénieurs)",0,[]
86113ba9-7cad-4b7e-9bbb-c52c34e60ba1,33521,HUG - 26.A005 Remplacement production d’eau glacée /  Belle-Idée – CFC 246 ,tender,construction,invitation,award,93a7f7f2-5c0c-4dfd-8cd5-08c6ba022223,2026-05-21,GE,Genève,1205,Centrale d'achats et d'ingénierie biomédicale Vaud-Genève (CAIB),0,[]
2209d9f5-9b0c-462e-b77f-3b853bcfb1e3,35860,PROJET ECOLE CÉRÉSOLE – RENOVATION DE LA PRODUCTION DE CHALEUR,tender,construction,open,tender,4d0165e7-99a8-444a-90ae-56956c0e267a,2026-05-21,GE,Petit-Lancy,1213,Ville de Lancy,0,[]
48c0dc6c-b8a7-4c98-91b4-2ed161921ca0,37214,Assainissement de la toiture en shed d'une halle industrielle à Vallorbe,tender,construction,open,tender,09cff0cd-4724-4077-a81c-12bca6c71b01,2026-05-21,VD,Vallorbe,1337,Commune de Vallorbe (Bona & Bally architectes),0,[]
6cca5959-deda-4cac-891a-780a7fdcc959,18658,Haute Ecole Pédagogique (HEP),tender,construction,open,abandonment,48d70072-d42a-4b59-b2cf-e778670f6e56,2026-05-20,,,,"Etat de Vaud - DEIEP - DGIP, pa Pragma Partenaires SA",1,"[""48d70072-d42a-4b59-b2cf-e778670f6e56""]"
c68142e4-5aa1-4c48-ae7b-74b9cbbd36fd,23184,"Rénovation des routes forestières du Mont de Baulmes, à Dominique et du Saut-de-l'Eau",tender,construction,open,award,6520bce5-b71d-406b-a177-f766e12b9437,2026-05-20,VD,Saint-Croix,1450,Commune de Sainte-Croix (Ilex ingénierie),0,[]
cbc5341a-c833-467c-824a-abe9dc857dff,28764,STEP de l'EPARSE - EM05 - Moteur CCF,tender,construction,open,award,17ce1647-ffa5-4930-9dc6-729492f2c97d,2026-05-20,VD,Payerne,1530,L'Eparse - Association intercommunale pour l’épuration des eaux de la zone de Payerne (HOLINGER SA),0,[]
c64dd0a3-c9d4-4a0b-9ee5-6b1e58c40beb,29611,Construction et transformation des ateliers de l'EPCL sur le site de Crêtelongue à Sierre - CFC 272.0 et CFC 272.3 Portes et vitrages intérieurs en aluminium,tender,construction,open,award,49ec8734-d50d-4e0c-9d03-6dab24badf8d,2026-05-20,VS,Granges,3977,Service immobilier et patrimoine,0,[]
b70d0dfc-0931-4782-94e6-eb107714b6b0,31285,Ville de Nyon - Renaturation du cours d'eau de l'Asse et protection contre les crues - Travaux forestiers,tender,construction,open,award,e6de7dba-aace-4cb4-94d6-91b78eee51dc,2026-05-20,VD,Nyon,1260,Ville de Nyon - Service des Infrastructures,0,[]
f0b08005-6360-4aa5-a33a-27d033941bcd,32119,Rénovation toiture dépendance de Mercier à Sierre - Bât. C - CFC 224.9 couvertures en tuiles ,tender,construction,open,award,bdad5054-e5ea-4e35-a9e7-795c3fdc0d36,2026-05-20,VS,Sierre,3960,Service immobilier et patrimoine,0,[]
c86cde87-60c2-42c6-b96b-6fe4869385a5,32129,Rénovation toiture dépendance de Mercier à Sierre - Bât. D - CFC 224.9 couvertures en tuiles,tender,construction,open,award,748de45c-4c36-4110-85d3-c8b061d228c4,2026-05-20,VS,Sierre,3960,Service immobilier et patrimoine,0,[]
ece2bb95-00dc-4d4e-b572-fa62aba721a8,35444,Champ-Dollon / Carrelages et faïences,tender,construction,open,tender,0dcd0db1-1c82-420d-bfd6-6f5cdab09c68,2026-05-20,GE,Puplinge,1241,Office cantonal des bâtiments (OCBA) - Service Achats et Contractualisation,0,[]
85c496fb-08ad-478f-99ee-3dea77d1ecb4,35777,Transformation EMS de l'Orme - 27301 - Portes intérieures en bois,tender,construction,open,tender,d3790f57-a17a-4912-b6b6-09051dd626d3,2026-05-20,VD,Lausanne,1018,Fondation de l'Orme (AAPA SA),0,[]
8732087a-c1d6-44ff-a6c3-94c08a1f9ac9,35898,CHA_DOR_Ecole des Hauts de Dorigny_Lot 112 - Installations sanitaires,tender,construction,open,tender,f581974d-3a56-46f7-b8fd-4a6ff63b63d6,2026-05-20,VD,Chavannes-près-Renens,1022,"Commune de Chavannes-près-Renens, p.a. Pragma Partenaires SA",0,[]
e9609d49-c030-4c20-bc3f-483b59ca88db,36651,"Ecole de Puplinge, AO-CFC221.1 : Travaux de fenêtres en bois-métal",tender,construction,open,tender,86fb108a-ca5b-460d-b422-aaa391fb3118,2026-05-20,GE,Puplinge,1241,Commune de Puplinge,0,[]
7026689e-9ce2-4160-a8a2-d1239359c45c,37043,Transformation du terrain de football C en synthétique - Stade Marc Burdet - Collex-Bossy,tender,construction,open,tender,574508d7-caf4-4d55-a35a-92db3b6b82fb,2026-05-20,GE,Collex-bossy,1239,Groupement intercommunal du Stade Marc Burdet (idsport),0,[]
c8392dac-8e1f-4c68-a365-03b83c317702,37234,CHA_DOR_Ecole des Hauts de Dorigny_Lot 101 - Travaux de l'entreprise de maçonnerie,tender,construction,open,tender,1fb1295b-ab39-4731-b971-6adbeb6634f8,2026-05-20,VD,Chavannes-près-Renens,1022,"Commune de Chavannes-près-Renens, p.a. Pragma Partenaires SA",0,[]
97583404-f23c-46c9-8fae-02526d79ea08,37236,CHA_DOR_Ecole des Hauts de Dorigny_Lot 201 - Structure bois,tender,construction,open,tender,4ba7ec5c-7149-4be5-a3e1-a5044f9cfe0c,2026-05-20,VD,Chavannes-près-Renens,1022,"Commune de Chavannes-près-Renens, p.a. Pragma Partenaires SA",0,[]
fd3ce22e-a5af-428b-903b-1ca80104b173,37237,CHA_DOR_Ecole des Hauts de Dorigny_Lot 104-Etanchéité et ferblanterie,tender,construction,open,tender,1ad3fb46-e9c6-4588-aee5-7d3fab3ebcfa,2026-05-20,VD,Chavannes-près-Renens,1022,"Commune de Chavannes-près-Renens, p.a. Pragma Partenaires SA",0,[]
431ceb1e-e5fb-494b-9a9d-5c82f5f873d5,37334,"Ecole de Puplinge, AO-CFC228.3 : Travaux de stores en toile",tender,construction,open,tender,a6eb5574-0923-4a2a-952b-777c0b22b3ae,2026-05-20,GE,Puplinge,1241,Commune de Puplinge,0,[]
c90411f4-68ac-45de-87d5-02337d8635f6,37413,LE ROLLIET Projet d’aménagement d’une crèche communale – îlot « F » - Appel d'offres de prestations de : CFC 231.0 – Installations électriques,tender,construction,open,tender,fc044bfe-4db6-4aa0-8f16-be60c90e21e2,2026-05-20,GE,Plan-les-Ouates,1228,Commune de Plan-les-Ouates - Service Construction et Aménagement,0,[]
6172ce18-5689-4f60-ad90-f2eb11c0b4f1,37433,"Bâtiment Bellerive 19 - Assainissement et rénovation / CFC 211 Maçonnerie, démolition",tender,construction,open,tender,904aa439-83f7-4e66-8cc9-4170631e3bc3,2026-05-20,VD,Lausanne,1007,"Commune de Lausanne – Direction du logement, de l'environnement et de l'architecture - Service d’architecture et du logement",0,[]
2bd17fcb-e2f6-4aea-b7bc-6283fd298b05,37445,Transformation EMS de l'Orme - 27302 - Portes intérieures spéciales en bois,tender,construction,open,tender,84a7d39e-d0c9-412c-9d95-76f17e224ffc,2026-05-20,VD,Lausanne,1018,Fondation de l'Orme (AAPA SA),0,[]
fe74f405-b6cc-4f40-a340-fe22c7eff70d,37460,LE ROLLIET Projet d’aménagement d’une crèche communale – îlot « F » - Appel d'offres de prestations de : CFC 344.0 – Installation de ventilation,tender,construction,open,tender,42598ab5-442f-45c7-b0b1-dac4876de69d,2026-05-20,GE,Plan-les-Ouates,1228,Commune de Plan-les-Ouates - Service Construction et Aménagement,0,[]
9b5a1b41-3dda-4623-b992-1307ba3800a9,1325,Extension de la Haute Ecole de Santé de Genève,tender,construction,open,award,f5740e47-ce0c-43d4-a060-1ca43c311c3f,2026-05-19,GE,Genève,1206,Office Cantonale des Bâtiments (OCBA) Putallaz Ing.,0,[]
ddc780ed-a700-4bdd-bb4a-697d26642dba,31804,Rénovation école du Bosson - Façade compacte,tender,construction,open,tender,a4f79da0-1e06-4626-a0d9-21254cb2f948,2026-05-19,GE,Onex,1213,Ville d'Onex (Bureau d'architectes Burckhardt Architecture SA),0,[]
aa84f5d4-348a-484c-ae31-2eec3c562b7c,34039,HUG - 26.A010 CASU - 144 - Aménagements bâtiment 28 BI - CFC 244.0 Installations de pulsion d'air,tender,construction,invitation,award,21fb9a56-7275-4d5c-a374-74f01a7ce48c,2026-05-19,GE,Genève,1205,Centrale d'achats et d'ingénierie biomédicale Vaud-Genève (CAIB),0,[]
3b326f00-ca78-487d-82be-6440916cbc95,37015,"LOT2240 COUVERTURE DES COMBLES_COMPLEXE SCOLAIRE ET SPORTIF « CHEZ LE MAITRE », AU CHENIT.",tender,construction,open,tender,d58b5f1f-2329-4dbe-8321-bcd7cbc11a32,2026-05-19,VD,Le Sentier,1347,Greffe Municipale – Commune du Chenit (Pragma Partenaires SA succursale Yverdon) ,0,[]
62664b42-cbeb-4c4f-acdc-f2491d4e083f,37019,"LOT2300 INSTALLATIONS ELECTRIQUES_COMPLEXE SCOLAIRE ET SPORTIF « CHEZ LE MAITRE », AU CHENIT.",tender,construction,open,tender,224204e8-647a-4f37-b4cf-3cc4d3e41c9d,2026-05-19,VD,Le Sentier,1347,Greffe Municipale – Commune du Chenit (Pragma Partenaires SA succursale Yverdon) ,0,[]
a717c6d1-496d-45eb-a992-a020dab890fc,27401,Campus Santé -  Lot 153 Aménagements de toitures,tender,construction,open,award,e9c6933a-fa82-47b0-b3c2-768437d5699e,2026-05-18,VD,Chavannes-près-Renens,1022,Etat Vaud - DGIP p/a Pool de mandataires Banquet,0,[]
a755352a-fdfe-46c6-8869-c722c38dec8a,28633,Musée de l’Hermitage – Rénovation énergétique et mise aux normes techniques du bâtiment historique - CFC 227.0 Echafaudages,tender,construction,open,award,7e4015ae-4998-4692-829c-9dade43ea6c0,2026-05-18,VD,Lausanne,1018,"Commune de Lausanne – Direction du logement, de l'environnement et de l'architecture - Service d’architecture et du logement",0,[]
b67fc964-ec98-4b3e-9c8f-2345da2f217d,36164,UNI - BASTIONS Central _ CFC281.10 - Résine de sol,tender,construction,open,tender,c533dee4-b8f1-4417-b6a6-1c4070abd3db,2026-05-18,GE,Genève,1205,Office Cantonale des Bâtiments (OCBA) - Poolailes,0,[]
82034039-3932-4c12-bfaf-57cd349e759a,36203,UNI - BASTIONS Central _ CFC273.30 - Menuiseries - Eléments acoustiques,tender,construction,open,tender,b2382a01-a0fa-46b1-af16-0ebc1ed5c48b,2026-05-18,GE,Genève,1205,Office Cantonale des Bâtiments (OCBA) - Poolailes,0,[]
dba800a9-47f7-4588-8793-da535ef67275,25668,Collège Bahyse II+III - Blonay-St-Légier / Installations CV,tender,construction,open,award,a55da5b8-2745-442d-ae8e-62735917fae6,2026-05-16,VD,Blonay,1807,Commune de Blonay-St-Légier (Consortium FLBG),0,[]
0dce89ae-5829-4902-87f9-0fa1b4dff42e,25670,Collège Bahyse II+III - Blonay-St-Légier / Fenêtres et Stores,tender,construction,open,award,cd3e37fd-6213-4355-90e2-db1a46dfd15c,2026-05-16,VD,Blonay,1807,Commune de Blonay-St-Légier (Consortium FLBG),0,[]
861377f7-a696-44ca-85be-8ab68d7b1d88,26813,Collège Bahyse II+III - Blonay-St-Légier / Etanchéité-Ferblanterie,tender,construction,open,award,7091fc18-6380-4a3f-9d1e-4fcdafc0c083,2026-05-16,VD,Blonay,1807,Commune de Blonay-St-Légier (Consortium FLBG),0,[]
c2e53dd5-e1fc-4d4d-9b6a-7c1eb7fb0be2,37269,Maison communale de Jussy,tender,construction,open,tender,8d999a20-3ea2-468c-bfaf-e15d662d8441,2026-05-16,GE,Jussy,1254,Commune de Jussy,0,[]
48f68d6d-d734-4655-9560-515fac446b3e,37000,"LOT2154 STRUCTURES BOIS (Dalles et façades)_COMPLEXE SCOLAIRE ET SPORTIF « CHEZ LE MAITRE », AU CHENIT.",tender,construction,open,tender,4a1efcf5-b2aa-466c-b528-115b85ffa516,2026-05-15,VD,Le Sentier,1347,Greffe Municipale – Commune du Chenit (Pragma Partenaires SA succursale Yverdon) ,0,[]
7334c34f-84f4-4cbe-816b-5f8a2ad846c9,37021,"LOT2710 PLATRERIE PEINTURE_COMPLEXE SCOLAIRE ET SPORTIF « CHEZ LE MAITRE », AU CHENIT.",tender,construction,open,tender,588f2475-34a6-41eb-8bdb-9bd8ec3f3e2f,2026-05-15,VD,Le Sentier,1347,Greffe Municipale – Commune du Chenit (Pragma Partenaires SA succursale Yverdon) ,0,[]
c54cdfb9-4cd1-46b6-aa24-e9f7712d8a8b,37103,LTE - OCPM - rénovation de l'éclairage - CFC 23 - installations électriques,tender,construction,open,tender,f2aaa1d6-5213-477e-8e7b-a0c00aa31105,2026-05-15,GE,Route de Chancy 88,1213,Département du territoire - Office Cantonal des bâtiments,0,[]
19be7bdf-1909-4dcb-8589-4b2f58f4695c,37198,SITSE - Remplacement d'une conduite ESP sur la Rue des Murs et Rue de la Gare ,tender,construction,open,tender,97bac5d9-d880-4fa2-86b8-77aff47ffe15,2026-05-15,VD,Coppet,1296,Services Industriels de Terre Sainte et Environs (SITSE) - (Bernard Schenk SA),0,[]
fabfe663-c44c-4016-9a1a-e1dc7c2a8335,37200,Réalisation de 3 forages dirigés - Collombey - Vouvry,tender,construction,open,tender,619e8f54-45c2-4985-95fa-29aace8a260d,2026-05-15,VS,Collombey-Muraz,1868,Bas-Valais Energie SA (Romande Energie),0,[]
52a4ff5f-ab38-4795-aa42-97cbf3ca4a7f,24236,Collège de la Plaine - CFC 211.1 Echafaudages,tender,construction,open,award,4e3d0431-c7b1-429c-accb-5b44c4ff39ab,2026-05-14,VD,Chavannes-près-Renens,1022,Commune de Chavannes-près-Renens  - Service Urbanisme-Bâtiments-Mobilité,0,[]
0f32dd77-3277-4707-8f4a-1ec447826a34,30469,Route de Pregny - Réaménagement secteur Mairie,tender,construction,open,award,e63a7608-5236-4f98-9121-c8a975c78130,2026-05-14,GE,Pregny-Chambésy,1292,Commune de Pregny-Chambésy - Service technique (MDB Ingénieurs civils associés SA),0,[]
bac169e2-b064-4c2e-9c91-40980e2e503c,34381,"Réfection de la chaussée, des canalisations et du torrent - chemin de Tsamandon à Haute-Nendaz",tender,construction,invitation,award,39dbcc50-1d5b-49ab-bb0d-8e0e00bcb5bd,2026-05-14,VS,Haute-Nendaz,1997,Commune de Nendaz,0,[]
48d446f4-b512-41d9-93f1-9678cd227140,34733,CHA_DOR_Ecole des Hauts de Dorigny_Lot 100-Travaux spéciaux et terrassement,tender,construction,open,tender,5c67202f-f5b0-4bb4-91b6-94a592d8f776,2026-05-14,VD,Chavannes-près-Renens,1022,"Commune de Chavannes-près-Renens, p.a. Pragma Partenaires SA",0,[]
f689af18-f354-4b6d-9da9-4f2a5b3cee7d,37177,EMS Louis Boissonnet à Lausanne - CFC 352 Buanderie professionnelle,tender,construction,open,tender,9fda78ad-d9f9-45d6-96b3-8fbf4fe56639,2026-05-14,VD,Lausanne,1010,Fondation Louis Boissonnet (quartal),0,[]
fa301180-ba03-4642-852a-950b6cb21c81,23554,Collège de la Plaine - CFC 215.2 Façades,tender,construction,open,award,aec991eb-9577-4673-a5a9-476723167400,2026-05-13,VD,Chavannes-près-Renens,1022,Commune de Chavannes-près-Renens  - Service Urbanisme-Bâtiments-Mobilité,0,[]
d5107768-7384-41bc-84e5-e12b2bef2d10,28346,STEP III Noës - Extension de la STEP et traitement des micropolluants - Lot GC03 : Terrassements et travaux spéciaux bâtiment E,tender,construction,open,award,df37cde3-f968-4d83-81be-80a9481cb33c,2026-05-13,VS,Noës,3976,Association pour l'épuration des eaux usées de Sierre et environs (Ville de Sierre - Service de l'environnement),0,[]
0fde23fb-0508-4ac2-8799-dc67683c024c,29613,Construction et transformation des ateliers de l'EPCL sur le site de Crêtelongue à Sierre - CFC 272.2 Ouvrages métalliques courants,tender,construction,open,award,00c6fdbd-fd96-4f3c-a68b-6eab3882c018,2026-05-13,VS,Granges,3977,Service immobilier et patrimoine,0,[]
dc6a90e9-3beb-4f71-895e-f537f224b346,34068,Réfection de la chaussée et adaptation des réseaux de canalisations Rue de Bonnes-Luites / Martigny,tender,construction,open,award,cac3b708-8505-4c7f-a64b-8f096b60b05c,2026-05-13,VS,Martigny,1920,Commune de Martigny - Services Techniques ,0,[]
feeb7353-8916-49cf-a390-0d8682eff7af,34894,101321005028/05038 - PTE PV - CO Foron - Appel d'offre Etanchéité/Ferblanterie,tender,construction,open,tender,16274128-67a4-4f49-874e-099b63697e3f,2026-05-13,,,,"Etat de Genève, Département du territoire - DT, Office cantonal des bâtiments",2,"[""16274128-67a4-4f49-874e-099b63697e3f"", ""16274128-67a4-4f49-874e-099b63697e3f""]"
62eb7ab8-c8ca-4b8c-9e68-a278287f8dc4,35552,STEP d'Aïre - Ventilation bâtiment Biologie,tender,construction,open,tender,b0980b17-af8c-45ad-ad54-b23b06fa74e1,2026-05-13,GE,Aïre,1219,Services industriels de Genève (SIG) - Direction Achats,0,[]
caad8797-1301-4090-a3ce-265867e2bc2e,37151,CSE_Centre Scolaire de Erde / Conthey,tender,construction,open,tender,523c11c9-a629-45fd-b068-4e8f593183e3,2026-05-13,VS,Erde,1976,Commune de Conthey,0,[]
c732ff54-c231-49d0-8f6b-852cedd98c47,37152,CSE_Centre Scolaire de Erde / Conthey,tender,construction,open,tender,899b04aa-a5a3-4b91-9aa5-956ac83e9f1e,2026-05-13,VS,Erde,1976,commune de Conthey,0,[]
e2ecfd59-8651-4c0d-ad9b-551cb767d891,37153,CSE_Centre Scolaire de Erde / Conthey,tender,construction,open,tender,bf853bcb-62c9-49bd-b946-b695955759d0,2026-05-13,VS,Erde,1976,commune de Conthey,0,[]
601fdbf1-c91e-43c9-956f-0e37da44295a,37154,CSE_Centre Scolaire de Erde / Conthey,tender,construction,open,tender,b62a1a25-d266-4bf7-9a55-81d37d06e47d,2026-05-13,VS,Erde,1976,commune de Conthey,0,[]
fe43e228-5af0-4a87-a746-7bb2d126c30a,37157,CSE_Centre Scolaire de Erde / Conthey,tender,construction,open,tender,b45ecd32-cdeb-43d8-be14-c0a0df381bc2,2026-05-13,VS,Erde,1976,commune de Conthey ,0,[]
c9cd80fe-9f6d-40bd-9b7d-aaecadd8c348,37159,CSE_Centre Scolaire de Erde / Conthey,tender,construction,open,tender,e9edcb18-f398-4746-9fc2-3bca0471ff63,2026-05-13,VS,Erde,1976,commune de Conthey ,0,[]
66bdf591-4b2b-47de-8d42-2f51548c25ac,37160,CSE_Centre Scolaire de Erde / Conthey,tender,construction,open,tender,58d6becd-4db4-4c17-9c7d-c72bac1a14b0,2026-05-13,VS,Erde,1976,commune de Conthey ,0,[]
66fa6ec0-14bd-4394-825d-1b0f22aeb27e,37162,YPERIA - OIKEN - Lot 283.100 Faux plafond en métal,tender,construction,open,tender,8fee9c98-bba5-4caa-87fb-88cd8de049b7,2026-05-13,VS,Sierre,3960,OIKEN SA (Pragma Partenaires SA),0,[]
2244bb9d-723a-4e20-82e0-3cd765c1457f,37164,CSE_Centre Scolaire de Erde / Conthey,tender,construction,open,tender,a434c658-70c4-4d45-99aa-5643012c5ef6,2026-05-13,VS,Erde,1976,commune de Conthey,0,[]
daf20f93-283a-4ff0-8c49-53120bc5da08,20085,Transformation EMS de l'Orme - 23300 - Lustrerie,tender,construction,open,award,a54d940e-2b36-44cb-baa6-ffa2562a57a5,2026-05-12,VD,Lausanne,1018,Fondation de l'Orme (AAPA SA),0,[]
fd25314b-84c5-4370-afbc-5c2cca714a69,28407,EPFL DOUBLE DECK - CFC 251 Sanitaire,tender,construction,open,award,206db276-1aac-48da-aeba-6b1ca62bbd14,2026-05-12,VD,Lausanne,1015,EPFL VPF ACHATS,0,[]
2cff5ae3-9319-4458-ae68-b6352163b642,36992,"LOT2135 REVETEMENTS EXTERIEURS METALLIQUES_COMPLEXE SCOLAIRE ET SPORTIF « CHEZ LE MAITRE », AU CHENIT.",tender,construction,open,tender,61a2fb54-9f02-4fd7-bf52-9b3c81d01d58,2026-05-12,VD,Le Sentier,1347,Greffe Municipale – Commune du Chenit (Pragma Partenaires SA succursale Yverdon) ,0,[]
171c31d9-c555-47c2-b9f2-bf85f973e63a,37002,"LOT2155 REVETEMENTS EXTERIEURS BOIS_COMPLEXE SCOLAIRE ET SPORTIF « CHEZ LE MAITRE », AU CHENIT.",tender,construction,open,tender,8de957fc-b680-4977-b3a2-01b2f38e1180,2026-05-12,VD,Le Sentier,1347,Greffe Municipale – Commune du Chenit (Pragma Partenaires SA succursale Yverdon) ,0,[]
aa5d0f15-eb2e-40dd-8f03-7f2a63bdcc6b,37007,"LOT2210 FENETRES EN BOIS_COMPLEXE SCOLAIRE ET SPORTIF « CHEZ LE MAITRE », AU CHENIT.",tender,construction,open,tender,d8dee3fa-8c2a-4686-95c6-95a06378f988,2026-05-12,VD,Le Sentier,1347,Greffe Municipale – Commune du Chenit (Pragma Partenaires SA succursale Yverdon) ,0,[]
ef68972b-31ab-4e6a-aaf1-de33d60eb2de,37011,"LOT2213 PORTES ET FENETRES EN ACIER_COMPLEXE SCOLAIRE ET SPORTIF « CHEZ LE MAITRE », AU CHENIT.",tender,construction,open,tender,ad5a7e1c-9af7-4618-af0e-8a962da70237,2026-05-12,VD,Le Sentier,1347,Greffe Municipale – Commune du Chenit (Pragma Partenaires SA succursale Yverdon) ,0,[]
d282d28b-f3a0-4b45-8bcd-130fa0c7310d,37056,28110 Revêtements de sols sans joints ,tender,construction,open,tender,3b39105a-f63a-4c98-8923-b8aeb9d11a5f,2026-05-12,GE,Carouge,1227,Ville de Carouge - Service des bâtiments,0,[]
258fc710-bec0-43de-86cb-76715a8c70bc,36979,EPFL ASB – AO 59 – ASCENSEURS,tender,construction,open,tender,f00adda9-de73-40cd-b792-84445abb561f,2026-05-11,VD,Lausanne,1015,EPFL VPF ACHATS,0,[]
98fad124-6170-4990-a669-60382fba25ed,36981,EPFL ASB – AO 60 – MONTE-CHARGE,tender,construction,open,tender,eec5b3c3-ab93-48c2-8e18-6b9446cb69fb,2026-05-11,VD,Lausanne,1015,EPFL VPF ACHATS,0,[]
bb7446b1-e175-43e4-9de3-ad3948c46c61,23696,Haute Ecole Pédagogique (HEP)_00697_Lot 101_Gros oeuvre - maçonnerie,tender,construction,open,abandonment,a7d8e440-b138-4669-94cc-1d9a7b078a10,2026-05-09,,,,"Etat de Vaud - DEIEP - DGIP, pa Pragma Partenaires SA",1,"[""a7d8e440-b138-4669-94cc-1d9a7b078a10""]"
41db78ed-5789-497f-a731-6a1537d86694,26728,STEP APEC Gland / Lot GC-03 / Charpente et façades bois,tender,construction,open,award,ce0e7997-ca08-4ad0-a429-7caa4cb66573,2026-05-09,VD,Gland,1196,APEC (INGPHI SA),0,[]
6035fbbf-35ab-4a4f-a12c-b55ccf8d6b47,11103,"Marcelin, Nouvelle salle VD5 / AO-049, Rideau de séparation",tender,construction,open,award,66f6f379-a3e8-46ff-9ac3-6a27e97b8fdd,2026-05-08,VD,Morges,1110,DAB (Direction de l'architecture et des bâtiments),0,[]
64779011-382d-473a-b754-fdadf5eaddf9,12650,"Marcelin, Nouvelle salle VD5 / AO-048, Engins de sport",tender,construction,open,award,c6f5f824-6d59-4bc9-83a6-e2ad0bedbe21,2026-05-08,VD,Morges,1110,DAB (Direction de l'architecture et des bâtiments),0,[]
0ab2a1f7-8e60-4c30-8e4a-e3057cef33ba,26851,"Lot L10075, SL Baupiste Pfyn-Finges",tender,construction,open,award,cedca784-6efb-4e61-aed0-cd75e7ed9948,2026-05-08,VS,Valais,Pfynwald,Dienststelle für Nationalstrassenbau / Service de la construction des routes nationales,0,[]
815c1032-8679-4c4a-91d7-8768a5ed914a,30281,Construction d’un établissement parascolaire/scolaire sur le site de l’Ecole Bois-Gourmand à Veyrier ,tender,construction,open,award,733a2ed7-7a37-46c1-b939-91320953ece6,2026-05-08,GE,Veyrier,1255,F-Partenaires SA,0,[]
9ac05591-f21d-473c-81c8-66acf81a8844,33736,Projet de défense contre les avalanches « Evolène Rive Droite – La Leusse – Torrent des Maures 1 » - Pose,tender,construction,open,award,0fbeba01-b007-42cb-8688-6c34a51c4e6c,2026-05-08,VS,Evolène,1983,Commune d'Evolène - service technique,0,[]
a281fd01-9605-43ac-a3e8-8f3dacbd7f3e,34313,CFC 4 Aménagements extérieurs de la nouvelle école - Leytron ,tender,construction,open,award,1d0d3034-519c-47a5-ae78-ec35e0ebe28d,2026-05-08,VS,Leytron ,1912,Commune de Leytron ,0,[]
ae49a83f-d584-4079-93bc-023d0d97adea,35163,Aménagement du site du Vengeron,tender,construction,open,tender,18685d18-b40e-4fbc-a560-07984b6524f2,2026-05-08,GE,Pregny-Chambésy,1292,Office cantonal de l’eau (OCEau) - edms,0,[]
f77dd674-85d2-4c2a-96f6-311a173430ab,36089,STEP Aïre 2+ - Lot AR13 Carrelages - chapes,tender,construction,open,tender,c51f146f-6c1f-4830-a914-9da7cda38776,2026-05-08,GE,"STEP Aïre 2, Chemin de la Verseuse , 1219 Aïre",1219,Services industriels de Genève (SIG) - Direction Achats,0,[]
5efb3a21-b6da-4457-adb9-a9891d2f8e9e,36135,Campus du Pôle Santé - CFC 240.0 - récupération de chaleur,tender,construction,open,tender,08e71b28-8f2d-41e8-b59e-69d1d1ca16d7,2026-05-08,VS,Sion,1950,Service immobilier et patrimoine / Dienststelle für Immobilien und Bauliches Erbe - Investissements / Investitionen,0,[]
69df08d9-54a0-4e8f-af6b-b5b7d98f4732,36408,595 Gymnase du Chablais CFC 225.4 Revêtements coupe-feu,tender,construction,open,tender,4c43fb54-bacd-43f0-a152-2d5169088b2e,2026-05-08,VD,Aigle,1860,Direction générale des immeubles et du patrimoine – DGIP,0,[]
0fdcf282-63da-49b3-adb6-cd16e00d4dcd,36617,Bâtiment des travaux publics de Nendaz,tender,construction,open,tender,a8928584-3a47-49df-8d12-26bf8fa2cbff,2026-05-08,VS,Basse-Nendaz / Route de Nendaz 555,1996,Commune de Nendaz,0,[]
613d449b-b240-43fe-8422-a324b7dde6c2,36642,71 Restructuration routière + Construction Giratoire / Maretsons,tender,construction,open,tender,e1214030-a06f-42c9-9b7c-bfb0f1b9abca,2026-05-08,VS,Fully,1926,Service de la mobilité / Dienststelle für Mobilität - Arrondissement 3 Bas-Valais / Kreis 3 Unterwallis,0,[]
f010c0f4-e2d3-4cb9-a254-4b6b62433441,36877,EMS Louis Boissonnet à Lausanne - CFC 273.0 Portes intérieures en bois,tender,construction,open,tender,0e032faf-9687-4028-863f-803b9554b0b7,2026-05-08,VD,Lausanne,1010,Fondation Louis Boissonnet (quartal),0,[]
47036c16-2397-4b6e-a5a6-35e27eb86de7,29078,Centre sportif de Verbier - CFC 272.11 Escalier central hélicoïdal,tender,construction,open,award,12c9058b-a746-4a6d-9619-d5f54cfed5a3,2026-05-07,VS,Verbier,1936,Quartal Sàrl,0,[]
dfcb22af-3a86-4568-96af-e0a0fe5b6d0e,29080,Centre sportif de Verbier - CFC 272.12 Serrurerie caillebotis-escaliers,tender,construction,open,award,0abe8746-53d5-4262-8dea-04c3f4847c03,2026-05-07,VS,Verbier,1936,Quartal Sàrl,0,[]
07cc175d-01fa-49e6-bbf3-bbe1914bf4be,29129,Centre sportif de Verbier - CFC 273.12 Cuisines,tender,construction,open,award,20dd32ec-d69c-4d27-a595-a7c9ff48e7e8,2026-05-07,VS,Verbier,1936,Quartal Sàrl,0,[]
da95659c-3995-48c7-8f56-00dcfb8750d4,32960,Ville de Nyon - Entretien constructif 2026-2028,tender,construction,open,award,2a8b612e-7047-4ae0-842a-f0b7aee15977,2026-05-07,VD,Nyon,1260,Ville de Nyon - Service des Infrastructures (Bernard Schenk SA),0,[]
3b818cb9-7d05-4fc0-ba72-04806d673b73,36737,"Zone Sportive Sous-Le-Scex, construction d'un terrain de football",tender,construction,open,tender,d282b9a7-34e1-455b-9063-58bc0dba8093,2026-05-07,VS,St-Maurice,1890,Commune de St-Maurice,0,[]
b39cd5c7-2735-415d-803f-024c64e14e2e,36812,YPERIA - OIKEN - Lot 224.200 Vitrages de toits en pente ,tender,construction,open,tender,d62b5208-3c23-4ad3-bf6a-6ccfd5b1deb8,2026-05-07,VS,Sierre ,3960,OIKEN SA (Pragma Partenaires SA),0,[]
d76bbd13-dcfd-4aef-acca-27df4dda80d4,4602,"Extension de la Haute Ecole de Santé HEdS, Genève - CFC 25 Installations sanitaires",tender,construction,open,award,fae7988e-9f8f-467f-bd17-b7f188f56235,2026-05-07,GE,Genève,1206,Département du territoire - Office Cantonal des Bâtiments,0,[]
956b484d-3df2-4bc6-a02d-989d0661ff61,25965,Construction et transformation des ateliers de l'EPCL sur le site de Crêtelongue à Sierre - CFC 247.7,tender,construction,open,award,8c9551e9-2bc5-4578-8a6b-36c5ee252178,2026-05-06,VS,Granges,3977,Service immobilier et patrimoine,0,[]
bf1ba7c8-b226-4bed-867a-25a43ec76057,29608,Copie Construction et transformation des ateliers de l'EPCL sur le site de Crêtelongue à Sierre - CFC 221.4 - Fenêtres et portes extérieures en aluminium,tender,construction,open,award,33af9434-f871-44d9-9328-1c7b356761d3,2026-05-06,VS,Granges,3977,Service immobilier et patrimoine,0,[]
584c7142-da33-4fb4-86d9-ee3a2c166a14,32297,Sanierung Motorfahrzeugkontrolle Visp - Bkp 242 Heizungsanlagen,tender,construction,open,award,fde19c93-a489-4afe-9e66-8db7cc0a6ad7,2026-05-06,VS,Visp,3930,Dienststelle für Immobilien u. Bauliches Erbe ,0,[]
829eebc3-466b-4a4c-8a4e-bfe84fae606f,35804,"LOT3890 EQUIPEMENTS SPORTIFS-TRIBUNES TELESCOPIQUES_COMPLEXE SCOLAIRE ET SPORTIF « CHEZ LE MAITRE », AU CHENIT.",tender,construction,open,tender,0a5d8ebc-27bc-42b3-bfa4-716d05b11ede,2026-05-06,VD,Le Sentier,1347,Greffe Municipale – Commune du Chenit (Pragma Partenaires SA succursale Yverdon) ,0,[]
4db9a12b-bb98-4f13-b2c7-708ed4de003c,36568,Renens _Roche Perrelet,tender,construction,open,tender,c72feaf5-8fe8-42e0-947a-3d98f400b584,2026-05-06,VD,Renens,1020,"Centre Technique Communal, Service Infrastructure - Mobilité",0,[]
c5a072f8-bd86-481a-ac1e-022035a9d51b,36669,"LOT2241 Etanchéité-ferblanterie-couverture_ COMPLEXE SCOLAIRE ET SPORTIF « CHEZ LE MAITRE », AU CHENIT.",tender,construction,open,tender,e67bced9-3bff-4590-a72b-1232c9db507d,2026-05-06,VD,Le Sentier,1347,Greffe Municipale – Commune du Chenit (Pragma Partenaires SA succursale Yverdon) ,0,[]
ba416613-7be1-46ae-9937-304f9a92c3a0,36727,YPERIA - OIKEN - Lot 273.100 Armoires / Menuiserie courante ,tender,construction,open,tender,52fcbd48-0dee-4290-a1ec-9d732b893236,2026-05-06,VS,Sierre ,3960,OIKEN SA (Pragma Partenaires SA),0,[]
77eaeec3-d0f3-461f-8bf6-3f72ba461399,36735,YPERIA - OIKEN - Lot 277.100 Parois vitrées ,tender,construction,open,tender,073e401a-b49b-424d-ba31-af976bbef9d0,2026-05-06,VS,Sierre ,3960,OIKEN SA (Pragma Partenaires SA),0,[]
1a22237b-418d-457a-928a-b55b1385a5a7,26802,Bâtiment ECA 4399 : Assainissement de l'enveloppe thermique et pose de panneaux solaire photovoltaïques en toiture du bâtiment. Création de trois WC et de deux ascenseurs aux normes handicapés. Collège de Vinet à Clarens,tender,construction,open,award,46b56631-63b9-4f18-9162-dd8dfe8ad9cd,2026-05-05,VD,Clarens,1815,"Commune de Montreux, Domaines et bâtiments, sport (DBS)",0,[]
37e9a6b9-0d15-40c8-b27b-c3780b5c9406,26803,Bâtiment ECA 4399 : Assainissement de l'enveloppe thermique et pose de panneaux solaire photovoltaïques en toiture du bâtiment. Création de trois WC et de deux ascenseurs aux normes handicapés. Collège de Vinet à Clarens,tender,construction,open,abandonment,2b91fb7b-ac68-460f-918f-1d8deef5b302,2026-05-05,VD,Clarens,1815,Nicolas Gudet,0,[]
dab0142a-4708-46f8-861f-fe0a47a00e9b,27198,Copie Bâtiment ECA 4399 : Assainissement de l'enveloppe thermique et pose de panneaux solaire photovoltaïques en toiture du bâtiment. Création de trois WC et de deux ascenseurs aux normes handicapés. Collège de Vinet à Clarens,tender,construction,open,award,6a8d9694-a985-488f-bfb4-21a2c8baded1,2026-05-05,VD,Clarens,1815,"Commune de Montreux, Domaines et bâtiments, sport (DBS)",0,[]
c4487eca-c262-487d-bd1d-47ecc5609ea8,28154,595 Gymnase du Chablais CFC 281 Chapes et revêtement de sols sans joints,tender,construction,open,award,315c054e-8793-4aec-9a3a-c9f8863a0469,2026-05-05,VD,Aigle,1860,Direction générale des immeubles et du patrimoine – DGIP,0,[]
1df30747-4670-4cd7-a841-c12b0dc3af8a,34042,GENILAC GLH - Station d'échange (STAE) FATIO - Lot 1.1 Hydraulique ,tender,construction,open,tender,fc7542a4-8f44-4e9a-9f4c-9edc47976463,2026-05-05,GE,Rue Pierre Fatio (1204 Genève),1204,Services industriels de Genève (SIG) - Direction Achats,0,[]
149bbf69-8e28-4749-bb01-4264cae4be99,36605,Transformation d’un terrain de football naturel en synthétique éclairé,tender,construction,open,tender,d400b680-5a74-4225-b30e-ca4e7007658e,2026-05-05,VD,"Prom. Général Guisan 12, Morges",1110,Ville de Morges - Office des sports (Sportfloor Ingénierie SA),0,[]
04546e90-ec94-4126-ac3b-a8c7bfb85746,21806,Campus Santé -  Lot 255 Mobilier de bureau C4,tender,construction,open,award,595fc23e-d0df-4282-be4b-bbe508e6e453,2026-05-04,VD,Chavannes-près-Renens,1022,Etat Vaud - DGIP p/a Pool de mandataires Banquet,0,[]
99444f76-aa08-4984-9d4a-c20b1cebe54e,30225,"Nouvelle entrée Sud du site chimique de Monthey - LOT 2 GC : Pont, remblai rive droite et chemin rive gauche",tender,construction,open,award,367820ba-dbbf-4c03-8faa-969cdac662f3,2026-05-04,VS,Monthey,1870,Commune de Monthey - Centrale d'achats,0,[]
4a78faff-784b-4749-940a-4a9f23e3d0e4,32636,"Génie Civil - Réseaux souterrains et plantation - Lausanne, Avenue Henri Druey et rue de la Pontaise",tender,construction,open,award,a39d9cef-83f7-45a5-b00a-e8b42acf07a5,2026-05-04,VD,Lausanne,1002,Ville de Lausanne – SIL – Service patrimoine (PAT),0,[]
c843fc2a-e8fc-454e-aac6-84666950ab9f,36380,MEY-28340-FAUX-PLAFONDS ACOUSTIQUES,tender,construction,open,tender,81808408-1343-4ddd-8937-dae84439ce84,2026-05-04,GE,Meyrin,1217,VILLE DE MEYRIN,0,[]
75a5093e-8025-4470-a6d2-cd670580518f,36415,Chavornay - Centre sportif du Verneret - Réaménagement des terrains de football,tender,construction,open,tender,8a537a41-5e4c-4760-a61a-e7c9e3f649d3,2026-05-03,VD,Chavornay,1373,Commune de Chavornay - Bureau technique,0,[]
e23e92b5-561d-4483-99a7-01c403266eb6,14738,Rénovation de l'hôpital Le Samaritain en clinique gériatrique et de réadaptation (CGR) et restructuration du parc_Groupe A3 - Lot 233100 Travaux de fourniture de lustrerie générale,tender,construction,open,award,a6af01a9-5931-4efe-ad8a-a740a63bd3c1,2026-05-02,,,,Hôpital Rivièra Chablais (HRC),1,"[""a6af01a9-5931-4efe-ad8a-a740a63bd3c1""]"
c6810997-1412-4b17-895c-96e5b29e461f,17004,Rénovation de l'hôpital Le Samaritain en clinique gériatrique et de réadaptation (CGR) et restructuration du parc_Groupe B1 - Lot 281100 Travaux de Revêtement de sol,tender,construction,open,award,d7758d0f-43ab-44b9-b4ec-d06bbfe8b917,2026-05-02,,,,Hôpital Rivièra Chablais (HRC),1,"[""d7758d0f-43ab-44b9-b4ec-d06bbfe8b917""]"
ada6c353-6f4a-4054-ae14-20d011cfa071,22595,Rénovation de l'hôpital Le Samaritain en clinique gériatrique et de réadaptation (CGR) et restructuration du parc_Groupe B1 - Lot 281600 Carrelages courants,tender,construction,open,award,7fa57941-bd66-4a66-b120-1ca46ffe6aa0,2026-05-02,,,,Hôpital Rivièra Chablais (HRC),1,"[""7fa57941-bd66-4a66-b120-1ca46ffe6aa0""]"
95465d92-7be7-46b7-862a-a376ca087134,28041,Construction d'un EMS & AEMS - St-Maurice - CFC 201 Terrassement + TS,tender,construction,open,award,6ae65802-ae69-46e8-b6bf-4a1394da6a55,2026-05-02,VS,Saint-Maurice,1890,Foyer Saint-Jacques à St-Maurice (Quartal),0,[]
63cdf91b-0bbe-4372-87a6-2281a80010f8,28051,Construction d'un EMS & AEMS - St-Maurice - CFC 250 Installations sanitaires,tender,construction,open,award,a872ff08-6a3e-41c3-8211-e83fc1c99f7d,2026-05-02,VS,Saint-Maurice,1890,Foyer Saint-Jacques à St-Maurice (Quartal),0,[]
4ab479d7-00ef-4625-b969-6f8449ad926f,28057,Construction d'un EMS & AEMS - St-Maurice - CFC 230 Installations électriques,tender,construction,open,award,2438c218-7f4e-48ad-b057-74d5c19e9bcd,2026-05-02,VS,Saint-Maurice,1890,Foyer Saint-Jacques à St-Maurice (Quartal),0,[]
5a646fa7-1615-425d-87af-3539fcf66f8b,28058,Construction d'un EMS & AEMS - St-Maurice - CFC 244 Installations ventilation,tender,construction,open,award,e13c93f7-00bd-41f6-9969-6b6380317fb1,2026-05-02,VS,Saint-Maurice,1890,Foyer Saint-Jacques à St-Maurice (Quartal),0,[]
60ac2c55-1289-456b-a9c2-832dab201b91,28064,Construction d'un EMS & AEMS - St-Maurice - CFC 242 Installations chauffage,tender,construction,open,award,84dec47b-3b5d-407a-9282-8f639dcbd4f7,2026-05-02,VS,Saint-Maurice,1890,Foyer Saint-Jacques à St-Maurice (Quartal),0,[]
729e1378-f037-4cec-9cd9-8c75830102b4,28753,Construction d'un EMS & AEMS - St-Maurice - CFC 211 Maçonnerie-BA + Préfabriqués,tender,construction,open,award,e1cfcda4-e584-44a6-8928-852e327a45e9,2026-05-02,VS,Saint-Maurice,1890,Foyer Saint-Jacques à St-Maurice (Quartal),0,[]
37012e8a-4adb-447d-84b9-8e9a6c5b5d3d,36094,AERA - Transports des eaux usées d’Ollon à la STEP régionale - Travaux de forage dirigé,tender,construction,open,tender,c67a2f2b-8892-4490-8a33-36bdcc2b20a3,2026-05-02,VD,Aigle,1860,ASSOCIATION INTERCOMMUNALE POUR L’EPURATION DES EAUX USEES DE LA REGION D’AIGLE AERA ,0,[]
b69c07bb-6567-4b8e-a426-fbd80973e5b5,36309,AERA - Transports des eaux usées d’Ollon à la STEP régionale - Travaux de GC,tender,construction,open,tender,a2b1ed71-e361-48b2-b0be-39374a9be0ba,2026-05-02,VD,Aigle,1860,ASSOCIATION INTERCOMMUNALE POUR L’EPURATION DES EAUX USEES DE LA REGION D’AIGLE AERA,0,[]
c1ba0367-b686-4214-91c3-53a2be5dc61e,36365,AERA - Transports des eaux usées d’Ollon à la STEP régionale -Travaux Sanitaire,tender,construction,open,tender,1c2f8d25-2fa9-4d33-954c-e7d0206607ac,2026-05-02,VD,Aigle,1860,ASSOCIATION INTERCOMMUNALE POUR L’EPURATION DES EAUX USEES DE LA REGION D’AIGLE AERA,0,[]
57179733-08c0-4921-907d-216965dc3493,36368,"AERA - Transports des eaux usées d’Ollon à la STEP régionale - Travaux Béton, Béton armé",tender,construction,open,tender,fe33e704-41cd-4650-bc4c-f6d38c516996,2026-05-02,VD,Ollon,1867,ASSOCIATION INTERCOMMUNALE POUR L’EPURATION DES EAUX USEES DE LA REGION D’AIGLE AERA,0,[]
e705f5ae-90a5-4d93-be8f-1bb317de37c6,27217,595 Gymnase du Chablais CFC 332 Installations à courant fort : fourniture du matériel audiovisuel,tender,construction,open,abandonment,766f4ae0-8734-44b1-88c8-1f0911fdc41d,2026-05-01,VD,Aigle,1860,Direction générale des immeubles et du patrimoine – DGIP,0,[]
c036a451-b90a-478d-a1e9-599c5a1861fd,32012,Commune de Troistorrents - Route du Stade,tender,construction,open,award,dc97304e-5bce-4597-bb15-1de6c9b67d83,2026-05-01,VS,Troistorrents,1872,Commune de Troistorrents,0,[]
9e8efabb-a206-4967-bf8f-beb1d76124c6,32709,596 Gymnase d'Echallens CFC 332 Installations à courant fort : fourniture du matériel audiovisuel,tender,construction,open,abandonment,f3a46285-fbf4-47e1-b18a-6660bc943c78,2026-05-01,VD,Aigle,1860,Direction générale des immeubles et du patrimoine – DGIP,0,[]
17aee9d4-7ce2-4806-8974-132e74d32cfc,33382,"Aménagement du parc quartier de Champlan, Grimisuat",tender,construction,open,award,f3c5eab4-894f-49ff-aeae-0b83b997501f,2026-05-01,VS,Champlan (Grimisuat),1971,Commune de Grimisuat,0,[]
8deb81ad-a34d-4e44-b2c9-335d09a285ff,34599,Rue des Pervenches - Déviation CAD / AMEX,tender,construction,open,tender,a567db5e-c008-42a3-aa1d-c46a3e812ad3,2026-05-01,,,,Ville de Carouge - Service de l'urbanisme,5,"[""a567db5e-c008-42a3-aa1d-c46a3e812ad3"", ""a567db5e-c008-42a3-aa1d-c46a3e812ad3"", ""a567db5e-c008-42a3-aa1d-c46a3e812ad3"", ""a567db5e-c008-42a3-aa1d-c46a3e812ad3"", ""a567db5e-c008-42a3-aa1d-c46a3e812ad3""]"
5914db9e-21f5-411d-ada4-9da886d8bb79,36194,"Réfection de la RC 630 en traversée de localité, du chemin du Clos-Joli et du chemin du Théâtre à Servion",tender,construction,open,tender,838f4552-8606-4d5f-847c-485b681d1702,2026-05-01,VD,Servion,1077,Commune de Servion - NPPR Ingénieurs et géomètres SA,0,[]
0ba0bdb9-a7d5-4250-b37f-603b48a61f17,36296,Erdarbeiten Gemeinde Blatten,tender,construction,open,tender,f22c2f0d-2687-403d-935c-82191ede24ed,2026-05-01,VS,Blatten ,3919,Gemeinde Blatten (Emch+Berger AG Bern),0,[]
1ed0a79d-9c90-4fa3-9b91-ce41f66ab980,36419,Bât. IV - 1950 Sion - CFC 226,tender,construction,open,tender,7378dcaf-c492-4da4-a9fc-f382d6b5fa8a,2026-05-01,VS,Sion,1950,"Ville de Sion, mention Bât. IV ",0,[]
634d6859-2fc8-4182-9e17-a35c84d17638,36452,AO 2023-078 Ernest-Ansermets Bains,tender,construction,open,tender,6486161d-5ac7-49ff-b24b-ab2d45b0597b,2026-05-01,GE,Genève (Ville),1201,Services industriels de Genève (SIG) - Direction Achats,0,[]
45100b4b-6e49-4312-b5d6-3d11df6a4c66,36476,EMS Louis Boissonnet à Lausanne - CFC 221.4 Fenêtres en métal léger,tender,construction,open,tender,0c5c9f41-8007-42ae-9f52-3ab84cbb9164,2026-05-01,VD,Lausanne,1010,Fondation Louis Boissonnet (quartal),0,[]
7b01c089-30bd-452e-9056-ad84c4bfb845,36485,EMS Louis Boissonnet à Lausanne - CFC 224 Etanchéité,tender,construction,open,tender,1e1c7c6f-6762-41fc-a963-55a12e607142,2026-05-01,VD,Lausanne,1010,Fondation Louis Boissonnet (quartal),0,[]
2a655db8-6920-4fc7-aa93-a192151ed52f,36489,EMS Louis Boissonnet à Lausanne - CFC 271-285 Plâtrerie-peinture,tender,construction,open,tender,7409389e-fdb7-4714-823c-ffb96cfdcbe2,2026-05-01,VD,Lausanne,1010,Fondation Louis Boissonnet (quartal),0,[]
abbb4dbb-61c3-40ad-bfbc-1fc18afb279b,36492,Rénovation du Poste HT-MT de la Foretaille - Lot 18: Faux planchers,tender,construction,open,tender,d13a77ab-e098-497e-9f31-21bdc22b3beb,2026-05-01,GE,Bellevue,1293,Services industriels de Genève (SIG) - Direction Achats,0,[]
de8d3a37-b96a-4539-bdc0-54ecdd18fca2,36493,Mise en séparatif - Mousquines - Léman - 2026,tender,construction,open,tender,a996a559-32c2-462f-aca4-4c3d25b786cd,2026-05-01,VD,Lausanne,1005,Ville de Lausanne - Service de l'eau,0,[]
74c61a52-f98b-41d1-ac0e-ec5a1580453a,36497,EMS Louis Boissonnet à Lausanne - CFC 272 Serrurerie,tender,construction,open,tender,8a74654f-d3c6-4154-a135-e6ef137eb7aa,2026-05-01,VD,Lausanne,1010,Fondation Louis Boissonnet (quartal),0,[]
326efc1a-4bca-4957-b69a-830c1b8e236b,14395,Installation photovoltaïque,tender,construction,open,award,18700689-51a5-4282-9099-ded94a67bb81,2026-06-30,VS,Sion,1950,HES-SO Valais-Wallis,0,[]
af0559cf-7563-43ae-aeb7-010dd6244a96,30491,"Lot L10184, SL Hangsicherung Seeli",tender,construction,open,award,6ec0d347-f495-4d15-b93b-0eeebd582f74,2026-06-30,VS,Wallis,Pfynwald,Dienststelle für Nationalstrassenbau / Service de la construction des routes nationales,0,[]
f952bd51-7d30-47f7-a250-2d75cbdc6612,33514,Ecole de Grône - Agrandissement du centre scolaire,tender,construction,open,award,87efcc88-8b3e-4999-9300-c7d7c9289b08,2026-06-30,VS,Grône,3979,Commune de Grône,0,[]
3210af23-c806-4b32-98e1-2a02e9d03e47,38261,Halte de Russin - Création d'une liaison d'accessibilité par transport hectométrique,tender,construction,open,tender,12044043-5212-446a-83f0-733ad3c50b2a,2026-06-30,GE,Russin,1281,"Département de la santé et des mobilités - Office cantonal des transports - Direction des transports collectifs, professionnels et du développement multimodal",0,[]
1a9d07c3-b5a8-48c5-812b-a3936aa933f0,38924,"Ecole Secondaire Noëlla Rouget à Meyrin, construction d'un groupe scolaire et de salles omnisport - Lot 40 - revêtement coupe-feu",tender,construction,open,tender,35461338-c2f7-4129-a1fc-0b28e13f18a6,2026-06-30,GE,Meyrin,1217,"Etat de Genève, Département du Territoire - DT, Office Cantonal des Bâtiments",0,[]
4a60e323-9d27-4133-b608-1559d054a62b,39830,CAD - Tuyauterie - Trois-Rois/Mon-Repos - Lausanne,tender,construction,open,tender,8881bfdf-0914-446c-80bb-7b80bc57199c,2026-06-30,VD,Lausanne ,1005,Ville de Lausanne – SIL – Service patrimoine (PAT),0,[]
170b0661-0e68-46a3-910e-d8bd99278e47,39931,ARA Briglina Realisierung - BKP 272 Metallbauarbeiten,tender,construction,open,tender,7e73ec75-9b02-4fc2-8faf-2f55feb7c5fb,2026-06-30,VS,Gamsen,3900,Zweckverband ARA Briglina – Ausbau und EMV (SPI),0,[]
ddf2815a-9bf0-4688-8cb2-b035a1ef0dde,29082,Centre sportif de Verbier - CFC 273.3 Desks et bars (accueil-spa-fitness),tender,construction,open,award,33ae13c0-4ca8-4aa3-9da6-fdb0090146dd,2026-06-29,VS,Verbier,1936,Quartal Sàrl,0,[]
fea48c8d-0437-4400-a838-646314c32926,32965,CONSTRUCTION D'UN COLLECTEUR EU À SOUS-LE-MONT – 1033 CHESEAUX,tender,construction,open,award,c0dded78-10c1-4359-bb40-8b7f9305d9e6,2026-06-29,VD,Cheseaux-sur-Lausanne,1033,"Commune de Cheseaux-sur-Lausanne (Bureau HOLINGER SA, Ingénieurs-conseils)",0,[]
aa1cf1ab-022c-4144-bb47-e7e0ef72e734,36529,Bohrkampagne Oberaletschgletscher ,tender,construction,open,award,6851ce05-1aac-4180-be76-5d1e0f884155,2026-06-29,VS,Naters,3904,Forces Motrices Valaisannes SA,0,[]
345c7051-ce4e-472d-a166-c6e518725d11,39767,"HANGAR CAR POSTAL A THIERRENS - Procédure d’appel d’offres en Entreprise Totale, soumise aux marches publics",tender,construction,open,tender,d200141d-f4e7-44fc-bc8c-1d9219e88e7f,2026-06-29,VD,Thierrens,1410,Schweizerische Post AG - Fachstelle Beschaffung,0,[]
b3da759d-ace7-4c04-ba67-86b91c43fca5,19196,"Transformation et agrandissement du Collège de la Gracieuse à Morges LOT1 Travaux de démolition, de terrassement et de travaux spéciaux",tender,construction,open,award,90ec51ae-5538-4499-9b21-c7dd6d75a1e1,2026-06-27,VD,Morges,1110,"Ville de Morges, Urbanisme, constructions et espace public",0,[]
8957f616-e253-493d-997f-fd0f6b5ecc2b,19898,Transformation et agrandissement du Collège de la Gracieuse à Morges LOT3 Travaux de terre coulée,tender,construction,open,award,e5b17306-6570-4f48-a889-fd54ce6ce64a,2026-06-27,VD,Morges,1110,"Ville de Morges, Urbanisme, constructions et espace public",0,[]
4c387f7e-6ea7-4d6c-94da-2e9e3e459b0c,20613,Transformation et agrandissement du Collège de la Gracieuse à Morges LOT 7 Installations électriques,tender,construction,open,award,524509ae-aa10-4103-9bc0-ab8af061f7eb,2026-06-27,VD,Morges,1110,"Ville de Morges, Urbanisme, constructions et espace public",0,[]
e0f7cac9-b676-4aae-a697-70e874946793,20614,Transformation et agrandissement du Collège de la Gracieuse à Morges LOT 8 Installations de chauffage,tender,construction,open,award,8f71dbe7-4bce-4902-ac66-8406bed8b674,2026-06-27,VD,Morges,1110,"Ville de Morges, Urbanisme, constructions et espace public",0,[]
da9ed5c0-f07f-4865-8522-a11d03153b30,20615,Transformation et agrandissement du Collège de la Gracieuse à Morges LOT 11 Installations sanitaires,tender,construction,open,award,233d764e-0eff-4462-bd54-d02b625076bd,2026-06-27,VD,Morges,1110,"Ville de Morges, Urbanisme, constructions et espace public",0,[]
6ecc678c-7bba-46e9-a7ea-b9d6852206d8,20617,Transformation et agrandissement du Collège de la Gracieuse à Morges LOT 17B Fourniture et mise en oeuvre d'éléments de sport,tender,construction,open,award,9903295f-adb0-4276-aec8-e55167e4da04,2026-06-27,VD,Morges,1110,"Ville de Morges, Urbanisme, constructions et espace public",0,[]
8857a9c6-e7e6-4985-8d96-f50d6c3596e1,35299,"Denens - Ouvrages d'Ameliorations Foncières, Cunettes de Vigne - Mise sous tuyaux",tender,construction,open,tender,6f2d08cf-7679-4315-9425-0af84320943c,2026-06-27,VD,Denens,1135,Commune de Denens (BBHN SA),0,[]
28a2e96d-8b70-4491-8a40-4cd793463d1b,38555,EPFL ASB – AO 21 – SOUS-STATION MT ET LIGNE MT,tender,construction,open,tender,fc18ba3e-04cf-4736-9bcb-716348050271,2026-06-27,VD,Lausanne,1015,EPFL VPF ACHATS,0,[]
b36647da-f909-4090-b4d1-fdb74f03e451,39890,"Affaire n°20-094, Cery Bâtiment de laboratoires, site de Cery nord à Prilly, CFC 271 Plâtrerie",tender,construction,open,tender,1554f872-664e-4258-84a3-a83b82e8a7f8,2026-06-27,VD,Prilly,1008,CHUV-Construction Ingénierie Technique et Sécurité (CIT-S) - Diserens Maurel Architectes,0,[]
d84918f4-ade9-4325-adb4-99826888c70c,19897,Transformation et agrandissement du Collège de la Gracieuse à Morges LOT2 Travaux de béton armé et de maçonnerie,tender,construction,open,award,cdfbdcd2-80c5-4521-aa84-12cab149e531,2026-06-26,VD,Morges,1110,"Ville de Morges, Urbanisme, constructions et espace public",0,[]
38c37f85-19a2-4768-86df-62d603a84781,20829,Transformation et agrandissement du Collège de la Gracieuse à Morges Travaux de CFC211.1 Echafaudages,tender,construction,open,award,64eea9ab-2171-4edf-94a0-d454cc41ddbe,2026-06-26,VD,Morges,1110,"Ville de Morges, urbanisme, constructions et espace public",0,[]
3e675416-b42c-41e1-b70e-79216583fca5,20888," Transformation et agrandissement du Collège de la Gracieuse à Morges Travaux de CFC214 Construction en bois, Façades ventilées CFC 273.1 Cloisons intérieures en bois",tender,construction,open,award,d26b1e21-5412-4e39-9a3f-89dd698dd0c4,2026-06-26,VD,Morges,1110,"Ville de Morges, urbanisme, constructions et espace public",0,[]
c27cef41-a03b-4f25-a14c-c07c51017ceb,20961,Transformation et agrandissement du Collège de la Gracieuse à Morges Travaux de CFC222_224 Ferblanterie et étanchéités des toitures plats,tender,construction,open,award,16e04198-eecd-464c-9d59-3671253c643c,2026-06-26,VD,Morges,1110,"Ville de Morges, urbanisme, constructions et espace public",0,[]
7c3f59aa-0440-4d94-acc7-bd8af2ac4635,20963,"Transformation et agrandissement du Collège de la Gracieuse à Morges Travaux de CFC221.4_Fenêtres, porte fenêtres et portes extérieures en aluminium/Rénovation des fenêtres en aluminium ",tender,construction,open,award,384de5c5-bf7a-47ad-bb31-10693de56487,2026-06-26,VD,Morges,1110,"Ville de Morges, urbanisme, constructions et espace public",0,[]
b0444d84-6fa0-4779-b83a-9ea8b3c98344,20964,Transformation et agrandissement du Collège de la Gracieuse à Morges Travaux de CFC273 Agencement intérieur en menuiserie CFC282.5 Revêtements de paroi en bois,tender,construction,open,award,3027413d-8297-4308-b0b8-b928911721d5,2026-06-26,VD,Morges,1110,"Ville de Morges, urbanisme, constructions et espace public",0,[]
addeaa2c-9435-4edd-a023-5aa9573074a9,20965,Transformation et agrandissement du Collège de la Gracieuse à Morges Travaux de CFC221. 1 Fenêtres neuves en bois-métal,tender,construction,open,award,09798a2b-37e5-439f-90e0-cec4b3ff8637,2026-06-26,VD,Morges,1110,"Ville de Morges, urbanisme, constructions et espace public",0,[]
4576bcde-ea6e-4aea-8630-07d755b8f5d9,20966,Transformation et agrandissement du Collège de la Gracieuse à Morges Travaux de CFC273 Portes intérieures en bois,tender,construction,open,award,06ab4d66-4ffc-4638-84ad-dc7d6fa32944,2026-06-26,VD,Morges,1110,"Ville de Morges, urbanisme, constructions et espace public",0,[]
fb0d52f4-b5d5-40fa-831b-6489ba94e880,23728,Centre Sportif des Trois-Sapins - Echallens - CFC 211 Travaux de l'entreprise de maçonnerie,tender,construction,open,tender,ac19a0bc-ec3b-45ec-b0d0-d1efd9482e41,2026-06-26,VD,Echallens,1040,Commune d'Echallens - Service des Bâtiments (AM achitectes Sàrl),0,[]
380c1d37-32fd-4fb2-a109-fd626aa81fbd,23822,Centre Sportif des Trois-Sapins - Echallens - CFC 222 Ferblanterie Couverture,tender,construction,open,tender,029e0165-f71f-4ced-bcf3-b22a35bf5499,2026-06-26,VD,Echallens,1040,Commune d'Echallens - Service des Bâtiments (AM achitectes Sàrl),0,[]
b4e03fb0-c194-4cd5-9e25-b4b985ecbc2d,23825,Centre Sportif des Trois-Sapins - Echallens - CFC 250 Installations sanitaires,tender,construction,open,tender,e86c8e7d-85c1-4c56-a08c-3a462774c7a7,2026-06-26,VD,Echallens,1040,Commune d'Echallens - Service des Bâtiments (AM achitectes Sàrl),0,[]
1180ec2d-174e-41cd-b2bb-fda899f0651c,27107,"Transformation et agrandissement du Collège de la Gracieuse à Morges LOT 4 Travaux de CFC 213 Construction métallique, récupération",tender,construction,open,award,a1070483-400e-48b0-bfa4-118f6b5a1dbd,2026-06-26,VD,Morges,1110,"Ville de Morges, Urbanisme, constructions et espace public",0,[]
d087c3a3-8a88-4741-bb58-ace1a37c96b3,27110,Transformation et agrandissement du Collège de la Gracieuse à Morges LOT 17A Travaux de CFC421 Aménagements extérieurs,tender,construction,open,award,5fbb2fe6-edef-4bd0-8f69-66015fffb61a,2026-06-26,VD,Morges,1110,"Ville de Morges, Urbanisme, constructions et espace public",0,[]
1473e41f-328c-450a-8a7e-ff6cf84d6e51,27604,Musée de l’Hermitage – Rénovation énergétique et mise aux normes techniques du bâtiment historique - CFC 244 Installation de ventilation,tender,construction,open,award,10ecc2d1-cb8d-4d89-8cdd-d38281473f59,2026-06-26,VD,Lausanne,1018,"Commune de Lausanne – Direction du logement, de l'environnement et de l'architecture - Service d’architecture et du logement",0,[]
bf43e74c-0d67-402f-a7a8-3cd48f306328,29939,Musée de l’Hermitage – Rénovation énergétique et mise aux normes techniques du bâtiment historique - CFC 230.0 Installations électriques,tender,construction,open,award,f07c7d1f-719c-4652-b4f0-491e84225c54,2026-06-26,VD,Lausanne,1018,"Commune de Lausanne – Direction du logement, de l'environnement et de l'architecture - Service d’architecture et du logement",0,[]
31b2e0ea-a537-43b0-819a-3dc9d1161b8b,31100,Musée de l’Hermitage – Rénovation énergétique et mise aux normes techniques du bâtiment historique - CFC 242 Installations chuaffage et froid,tender,construction,open,award,6dd0b1f0-c1c9-4f4b-a4ea-0db190c20a04,2026-06-26,VD,Lausanne,1018,"Commune de Lausanne – Direction du logement, de l'environnement et de l'architecture - Service d’architecture et du logement",0,[]
b6048601-8ea5-4aa8-a122-f3c2bf6ffa95,37588,EPSM Champ-Fleuri à Glion - Lot 24401 Installations de ventilation,tender,construction,open,tender,8ad775e8-41f7-43f2-947f-f40bd5a4368d,2026-06-26,VD,Glion,1823,Fondation Champ-Fleuri,0,[]
11b6e5ad-ce04-43aa-9016-c9b38d501424,39285,STEP APEC Gland / Lot E-03.02 / Installations Electriques,tender,construction,open,tender,ce876f99-de44-462c-a220-c709708705c8,2026-06-26,VD,Gland,1196,APEC / Association Intercommunale pour l'épuration des eaux usées de la Côte,0,[]
119092ef-59c6-4cbb-b956-dfc9970ff01d,39460,"297_Groupe scolaire des Grands Esserts à Veyrier_CFC 377 Soumission Equipements de sports, dojo, gradins mobiles",tender,construction,open,tender,5e338472-cd18-41b5-81c6-c14f13388c6d,2026-06-26,GE,Veyrier,1255,Commune de Veyrier (Esposito + Javet arch.),0,[]
d419a61b-8200-4415-a8b2-d1b31fb6a038,39526,Campus du Pôle Santé - CFC 336.0 - équipements multimédia AULA,tender,construction,open,tender,53be5671-9147-483b-8f35-9cb56e17f611,2026-06-26,VS,Sion,1950,Service immobilier et patrimoine / Dienststelle für Immobilien und Bauliches Erbe - Investissements / Investitionen,0,[]
3aee8941-4dec-48e9-a743-41905b9c9573,39537,Campus du Pôle Santé - CFC 901.0 - mobilier scolaire,tender,construction,open,tender,6447e55a-fa65-48d6-827c-665c72a5bc41,2026-06-26,VS,Sion,1950,Service immobilier et patrimoine / Dienststelle für Immobilien und Bauliches Erbe - Investissements / Investitionen,0,[]
c8d7e0a7-e0ec-4add-ab53-4457b1559860,39545,Modernisation et extension des infrastructures du centre médico-éducatifs de La Castalie. - CFC 283 Faux-plafonds,tender,construction,open,tender,61ac34cc-316e-476b-bb59-4742cb14ff2a,2026-06-26,VS,Monthey,1870,Service immobilier et patrimoine (SIP) / section investissement,0,[]
17558d77-cf7f-4ba2-8466-77f47f14ae15,39556,Campus du Pôle Santé - CFC 904.0 - mobilier réunion,tender,construction,open,tender,e8e21289-2756-4c14-8d70-6fdef4612cfe,2026-06-26,VS,Sion,1950,Service immobilier et patrimoine / Dienststelle für Immobilien und Bauliches Erbe - Investissements / Investitionen,0,[]
667cd7b2-b415-41d2-a1df-455062eb46c4,39576,Campus du Pôle Santé - CFC 907.0 - mobilier étagères,tender,construction,open,tender,5f3abb1a-610e-4c44-a67f-3c493d7a3588,2026-06-26,VS,Sion,1950,Service immobilier et patrimoine / Dienststelle für Immobilien und Bauliches Erbe - Investissements / Investitionen,0,[]
c82298a1-5ff9-409b-b2f1-7b5cc9f55718,39577,Campus du Pôle Santé - CFC 909.0 - mobilier de bureau,tender,construction,open,tender,7e79ae50-67ea-47d8-b483-6c4f6aa7753f,2026-06-26,VS,Sion,1950,Service immobilier et patrimoine / Dienststelle für Immobilien und Bauliches Erbe - Investissements / Investitionen,0,[]
315bad85-e4c5-441f-8084-5aac8aa6cdc1,39680,297_Groupe scolaire des Grands Esserts_CFC 273.0 Portes intérieures en bois,tender,construction,open,tender,50c752e8-a3ff-44a5-aa34-f949e02e2c72,2026-06-26,GE,Veyrier,1255,Commune de Veyrier (Esposito + Javet arch.),0,[]
fd1140f7-c5c3-48eb-a3cc-c00f87110535,39699,Transformation et agrandissement d'un ESE à Yverdon-les-Bains - K2 - CFC 421.2 - REVETEMENTS PAVÉS,tender,construction,open,tender,d6833d3a-00d8-407b-8c11-8f0bc93927da,2026-06-26,VD,Yverdon-les-Bains,1400,Fondation St-George,0,[]
0c5d9def-026d-4d1e-ba94-2603e9a22d14,12651,"Marcelin, Nouvelle salle VD5 / AO-021, Serrurerie",tender,construction,open,award,20739671-3358-4a63-88ba-0332e5bbded7,2026-06-25,VD,Morges,1110,DAB (Direction de l'architecture et des bâtiments),0,[]
34a2f28f-3517-414f-8f56-fbd2e12685fa,20885,"Lot L10125, SL Materialbewirtschaftung",tender,construction,open,award,748f1732-8b7b-4c4c-b64e-abb3eddd7d82,2026-06-25,VS,Valais,"Pfynwald, ",Dienststelle für Nationalstrassenbau / Service de la construction des routes nationales,0,[]
feb46741-6fd7-442b-b43f-6c6d10b3d81b,32053,CSI LE BIX : Lot 272.200 - Serrurerie,tender,construction,open,award,b1f060e6-c852-4e2e-9960-320c15b689d3,2026-06-25,VD,Arzier-Le Muids,1273,Commune d'Arzier-Le Muids (B+W Architectes SA / Pragma Partenaires SA),0,[]
dc748e91-fd31-4e3b-a415-ca18dacb6102,36073,"Aménagement d'une piste cyclable bidirectionnelle sur la digue nord du Rhône entre Sion et Batassé, sur le territoire de la Ville de Sion",tender,construction,open,award,f78475a4-18fb-4a54-a6a1-cccb6bba0cbf,2026-06-25,VS,Sion,1950,"Département de la mobilité, du territoire et de l'environnement",0,[]
3e808c8c-c152-4c6e-a0c2-0440ec62b8ff,39625,HUG - Rénovation BT13.1/13.2 – 8C et 8D Cluse-Roseraie (CFC231 et 232),tender,construction,open,tender,b4136b9f-46fb-4c12-8a42-1dc72c218a7b,2026-06-25,,,,Centrale d'achats et d'ingénierie biomédicale Vaud-Genève (CAIB),2,"[""b4136b9f-46fb-4c12-8a42-1dc72c218a7b"", ""b4136b9f-46fb-4c12-8a42-1dc72c218a7b""]"
83c33498-89b1-4bcc-bb1e-e8bb93bbf24d,39662,Musée de l’Hermitage – Rénovation énergétique et mise aux normes techniques du bâtiment historique - CFC 221.3 Fenêtres en acier,tender,construction,open,tender,fd1f11a5-1f15-4501-b638-fb54e0a08da5,2026-06-25,VD,Lausanne,1018,"Commune de Lausanne – Direction du logement, de l'environnement et de l'architecture - Service d’architecture et du logement",0,[]
2189cadc-3b4d-48da-b9e6-aa2e6f939936,39669,L10192 SB Centre entretien Sierre - CFC 281.6 Carrelage,tender,construction,open,tender,e697b31f-5fd3-49ac-8821-5072c0f1cea8,2026-06-25,VS,"Sierre VS, Suisse",3960,Dienststelle für Nationalstrassenbau / Service de la construction des routes nationales,0,[]
170fbae0-f33a-4ece-acf9-2bd3330f27e8,39673,L10227 SB Centre entretien Sierre - CFC 283 Faux-plafonds,tender,construction,open,tender,8f3b9857-ecfe-4c2d-90fb-81d04c46507e,2026-06-25,VS,"Sierre VS, Suisse",3960,Dienststelle für Nationalstrassenbau / Service de la construction des routes nationales,0,[]
9cf98218-16e9-4c28-b2e3-9160467aa45a,39674,L10248 SB Centre entretien Sierre - CFC 419 Aménagements extérieurs,tender,construction,open,tender,5c3d3c59-6028-4799-b94b-ecc56422876c,2026-06-25,VS,"Sierre VS, Suisse",3960,Dienststelle für Nationalstrassenbau / Service de la construction des routes nationales,0,[]
25b337e9-c5bd-4e76-8de4-874764ffdd7f,39675,L10247 SB Centre entretien Sierre - CFC 231 Ensembles d'appareillages,tender,construction,open,tender,01922ce1-2814-46fe-9a5f-c35a950de509,2026-06-25,VS,"Sierre VS, Suisse",3960,Dienststelle für Nationalstrassenbau / Service de la construction des routes nationales,0,[]
69033afb-99d0-42b3-aaff-f4df2ac7e4a4,29091,HUG - MAT4 - CFC 211.10 Echafaudages,tender,construction,open,award,91e160de-8a7e-45fd-aaa8-6c77e08c82f2,2026-06-24,GE,Genève,CH-1205,Centrale d'achats et d'ingénierie biomédicale Vaud-Genève (CAIB),0,[]
66184273-870f-4280-ba7c-2d89d95eb50f,34654,"Rénovation, transformation et agrandissement du site de l'épicentre à Collonge-Bellerive / Marché n°16 - Installations électriques",tender,construction,open,tender,f501c051-64ea-4f99-b5bd-3421f8386af9,2026-06-24,GE,Collonge-Belllerive,1245,Commune de Collonge-Bellerive / Service des bâtiments / Projet EPICENTRE,0,[]
c6101360-6381-42a5-a44b-5150a2b1ebfb,36036,"Parking BUTINI assainissement des bétons, revêtement et peinture",tender,construction,open,award,da93c634-ec67-4ffd-9707-00913c3c1a84,2026-06-24,GE,Genève,1202,Fondation des Parkings  - Service des achats,0,[]
bf4e0ce0-5f55-4789-a9aa-8fc81b11da6c,37040,ARA Briglina Realisierung. BKP 212.11 Betonsanierung und Beschichtungen,tender,construction,open,tender,290ce2ef-e058-415e-afa8-b6083df32802,2026-06-24,VS,Gamsen,3902,Gemeindezweckverband ARA Briglina,0,[]
ea871d8c-b66e-4f9b-96c9-9d47e2a4ec15,39524,Bâtiment Bellerive 19 - Assainissement et rénovation / CFC 226 Isolation crépie,tender,construction,open,tender,7d50a8ba-a954-4f30-8188-ed05f31a13d7,2026-06-24,VD,Lausanne,1007,"Commune de Lausanne – Direction du logement, de l'environnement et de l'architecture - Service d’architecture et du logement",0,[]
ee632908-79c0-4c9d-8627-f780cad165eb,39528,Bâtiment Bellerive 19 - Assainissement et rénovation / CFC 221 Fenêtres en bois,tender,construction,open,tender,635ac1f6-2455-4a53-aaa4-d5d632598feb,2026-06-24,VD,Lausanne,1007,"Commune de Lausanne – Direction du logement, de l'environnement et de l'architecture - Service d’architecture et du logement",0,[]
99981281-fb42-43df-935b-682064b22a7d,30981,Réseau d'eau potable - étape 2,tender,construction,open,award,7c2bfbe3-b6be-408d-a2a9-3046facd7f5a,2026-06-23,VD,Lignerolle,1357,Association intercommunale d'amenée d'eau de la source Mercier (AISM),0,[]
3206aec5-90f6-4ac3-bf55-5145386659a4,35220,"NG154 Strassensanierung innerorts Fiesch, 1. Etappe",tender,construction,open,award,2ff51663-025a-4d38-a918-d7e1355d52e6,2026-06-23,VS,Fiesch,3984 ,Dienststelle für Mobilität - Kreis 1 Oberwallis,0,[]
7426412c-ce91-4ac7-81bc-6c0f81bbf849,36623,EPFL - Réfection sous-station eau industrielle du bâtiment CH,tender,construction,invitation,award,3c1f0b35-bb7c-4e83-b155-f1c0c6e00a9a,2026-06-23,VD,Lausanne,1015,EPFL VPF ACHATS,0,[]
c142475d-ba76-4cb7-8fd0-0b40c6c15c37,39008,EPSM LES MYOSOTIS - CFC 221.1 FENÊTRES EN BOIS-METAL,tender,construction,open,tender,b61c1594-3f4d-4edb-9bf1-444cabc6f450,2026-06-23,VD,Montherod,1174,Fondation Stanislas (quartal),0,[]
693d5c59-38e7-4715-9a4c-721f892a4500,39009,EPSM LES MYOSOTIS - CFC 271-285 PLÂTRERIE-PEINTURE,tender,construction,open,tender,7d9c44f7-3807-4859-9c98-32c9651173c6,2026-06-23,VD,Montherod,1174,Fondation Stanislas (quartal),0,[]
e46adc3e-2156-4209-82ed-672c67ab66ca,39012,EPSM LES MYOSOTIS - CFC 272 SERRURERIE (PORTES EN ALU ET BARRIERES),tender,construction,open,tender,6c4d542c-ba35-47d9-9db1-d9d3c91d1c5b,2026-06-23,VD,Montherod,1174,Fondation Stanislas (quartal),0,[]
2745ae9a-9c48-4d7b-8830-680b2d22675e,39014,STEP AIRE 2+ - Marché cadre 2026-2031 - Rebouchage coupe feu,tender,construction,open,tender,e05ee669-c5b6-4d8d-aeed-25053e35ea22,2026-06-23,GE,Aïre,1219,Services industriels de Genève (SIG) - Direction Achats,0,[]
41152621-abca-4853-bb0f-6ff5c8dbed2e,33988,EPFL DOUBLE DECK - CFC 281.01 Chapes,tender,construction,invitation,award,0360570a-6cac-44b6-8c1f-ab1a38469473,2026-06-22,VD,Lausanne,1015,EPFL VPF ACHATS,0,[]
1b709618-d888-4559-aaad-00d353d33733,37754,AO EM Stations de pompage EBBV,tender,construction,open,advance_notice,1705af68-44b8-4a28-bec4-c66bd721ac3d,2026-06-22,VD,Salavaux,1585,Association intercommunale pour l’épuration des eaux usées de la région Basse-Broye / Vully (EBBV),0,[]
4a4cc8f9-87cc-4341-b7d4-267916cfab28,25583,Appel d'offres - Ville de Morges - Collège Pré-Maudry - CFC 221 Fenêtres et portes-fenêtres,tender,construction,open,abandonment,82e867f9-67ef-409a-aed1-ec54d138375d,2026-06-20,VD,Morges,1110,RDR architectes SA,0,[]
9d62beb0-0b24-41be-93de-25e30897ffcc,32048,CSI LE BIX : Lot 224.300 - Vitrage de toiture plate,tender,construction,open,award,2ecd042e-abf9-422a-997a-bcde3ebe6d65,2026-06-20,VD,Arzier-Le Muids,1273,Commune d'Arzier-Le Muids (B+W Architectes SA / Pragma Partenaires SA),0,[]
06eab827-7d58-4027-88ab-98db41f84f5f,35143,Assainissement piscine d'Aubonne - Bassin en Inox,tender,construction,open,award,6c0aa890-d8d7-4a42-9426-279a46f2e4bd,2026-06-20,VD,Prte du Château Verd 35,1170,Commune d'Aubonne,0,[]
cd44e330-82d0-448e-be1e-8569a17c03d9,35159,Assainissement piscine d'Aubonne - CFC 359 Système de traitement de l'eau,tender,construction,open,award,9105db18-a350-4615-b7b2-602a74a88b0e,2026-06-20,VD,"Aubonne, Prte du Château Verd 35",1170,Commune d'Aubonne,0,[]
b4f289d4-2d5d-4d73-9e7f-89ccfcf618a0,35221,"Maison de Commune, Val de Bagnes - CFC 281.6, 281.4 Carrelage, Pierre Naturelle",tender,construction,open,award,2d12f620-80de-44e7-bae6-330e984aed99,2026-06-20,VS,Le Châble,1934,Philippe Bruchez Architecture SA,0,[]
ff9835f6-7877-41d2-ab74-7b6575a23995,35233,"Maison de Commune, Val de Bagnes - CFC 281.7, 281.2 Revêtements de sols bois, Moquette",tender,construction,open,award,5268bc21-1c66-41bd-a239-3af93f4b58fc,2026-06-20,VS,Le Châble,1934,Philippe Bruchez Architecture SA,0,[]
50e5622a-7566-4d85-82a3-6d878b2dee95,39356,"Affaire n°20-094, Cery Bâtiment de laboratoires, site de Cery nord à Prilly, CFC 283.1 Faux-plafonds en métal",tender,construction,open,tender,5d71eed1-833c-449e-b76c-bd344d359e9e,2026-06-20,VD,Prilly,1008,CHUV-Construction Ingénierie Technique et Sécurité (CIT-S) - Diserens Maurel Architectes,0,[]
c82c71cd-5760-42f0-bb2b-80fa42c57edf,39358,"Affaire n°20-094, Cery Bâtiment de laboratoires, site de Cery nord à Prilly, CFC 260 Transport, ascenseurs & monte-charge",tender,construction,open,tender,f371cccc-3ae1-470a-9b00-33f7d7ab5849,2026-06-20,VD,Prilly,1008,CHUV-Construction Ingénierie Technique et Sécurité (CIT-S) - Diserens Maurel Architectes,0,[]
fff14ac4-4fff-4359-9c9a-01121ef2c766,26219,UNI - BASTIONS Central _ CFC265.00 Plateformes élévatrices,tender,construction,open,award,6a166e2a-dd46-4810-a2d8-1fba0febf8ad,2026-06-19,GE,Genève,1205,Office Cantonale des Bâtiments (OCBA) - Poolailes,0,[]
76b25ac0-1ae6-4d09-8895-aba732826929,28975,UNI - BASTIONS Central _ CFC273.30 Soubassements et plinthes patrimoniaux,tender,construction,open,award,69b5ffbb-d0c6-4c6d-9f18-955ec62ce02b,2026-06-19,GE,Genève,1205,Office Cantonale des Bâtiments (OCBA) - Poolailes,0,[]
d1c3a920-f3fe-454c-981e-ee183d1eba9f,29012,UNI - BASTIONS Central _ CFC273.90 - Encadrements des fenêtres et portes-fenêtres,tender,construction,open,award,96af7a2b-ae95-45b7-8331-3991a90656a2,2026-06-19,GE,Genève,1205,Office Cantonale des Bâtiments (OCBA) - Poolailes,0,[]
7284cfc3-9c5a-4d78-b2f7-afe5c1bf983a,3007,UNI - BASTIONS,tender,construction,open,award,26721d6e-c9ed-427b-b793-d08f85e080ad,2026-06-19,GE,Genève,1205,Office Cantonale des Bâtiments (OCBA) - Poolailes,0,[]
240335f3-f59e-4df1-8430-eecdc3302325,38026,MVR-N - Centre de maintenance matériel roulant à Montreux - Travaux de charpente métallique,tender,construction,open,tender,7d6d5df6-5906-4b06-8501-fb41d68d385e,2026-06-19,VD,Montreux,1820,Transports Montreux-Vevey-Riviera SA,0,[]
023bcb6c-468c-47bd-bea3-083b06db5285,38027,MVR-N - Centre de maintenance matériel roulant à Montreux - Travaux de façades,tender,construction,open,tender,a41d1b64-f648-4656-b1a9-52268ebbf1e0,2026-06-19,VD,Montreux,1820,Transports Montreux-Vevey-Riviera SA,0,[]
1129ff30-b25e-4360-bdee-87e4fa495eee,38028,MVR-N - Centre de maintenance matériel roulant à Montreux - Travaux d'étanchéité,tender,construction,open,tender,c7209024-4f54-40ae-b15a-c497eb2ac5a8,2026-06-19,VD,Montreux,1820,Transports Montreux-Vevey-Riviera SA - Infrastructure Projets,0,[]
fa53abc6-fc7e-4603-8f29-6390327bf60b,38030,MVR-N - Centre de maintenance matériel roulant à Montreux - Travaux d'installations de chauffage et climatisation,tender,construction,open,tender,6400e3e8-0cbf-4fe5-a599-a41bacdd054e,2026-06-19,VD,Montreux,1820,Transports Montreux-Vevey-Riviera SA,0,[]
4f6c9a07-d2f1-4067-8d3a-d64a00eaf0e7,38031,MVR-N - Centre de maintenance matériel roulant à Montreux - Travaux d'installations électriques,tender,construction,open,tender,d67e3456-bb99-4833-a8a8-f266d96660de,2026-06-19,VD,Montreux,1820,Transports Montreux-Vevey-Riviera SA,0,[]
0cd9ce65-c4b0-4231-a2ba-4c9cf986ddd8,38570,Construction du Campus EDHEA et Ecole de couture du Valais à Sierre - CFC 273.0 / 273.2,tender,construction,open,tender,f269f1a2-c9b3-4c57-97ae-8d7508136f70,2026-06-19,VS,Sierre,3960,"Etat du Valais, Service immobilier et patrimoine - Investissements",0,[]
64c32d01-6934-4b22-8084-b69a5b48d32e,38770,Raccordement CAD des casernes de Sion,tender,construction,open,tender,fdca29a6-dd63-433d-9d74-ad9c62fc01da,2026-06-19,VS,Sion,1950,Service immobilier et patrimoine,0,[]
24c38629-2ea4-4b0c-bf41-ce1c0c8db99d,39066,Rénovation des éclairages - Site de Curabilis,tender,construction,open,tender,8b01ee98-86d9-4691-8d86-16cf1b5c4f46,2026-06-19,GE,Puplinge,1204,Office Cantonal des Bâtiments (OCBA),0,[]
4c7917ec-7d67-4966-8211-c65b99b650ea,39224,Génie Civil : Travaux de fouilles et pose de canalisation ,tender,construction,open,tender,5dfad87e-0b03-4462-a6af-c390df365637,2026-06-19,VS,Sierre ,3960,Valgrid SA,0,[]
951023ff-7681-4b6e-b03d-b14b3f51a763,38033,5003 - A11 - Périmètre Bac – Maisonnettes – Louis-Bertrand - Marché de travaux de construction concernant le CFC 221 - Menuiseries extérieures ,tender,construction,open,tender,8d689f19-ca83-4a84-81d4-d9e1c150e312,2026-06-18,GE,Lancy,1213,Ville de Lancy (atelier OBJECTIFS SA),0,[]
0d9fb5be-e186-4470-b239-f897a6ae4fae,38308,23-083 / BH04 Rénovation parking du personnel ,tender,construction,open,tender,e3fd0154-7218-45c2-9889-0b5aa18e1922,2026-06-18,,,,CHUV - Constructions ingénierie technique et sécurité (CIT-S),2,"[""e3fd0154-7218-45c2-9889-0b5aa18e1922"", ""e3fd0154-7218-45c2-9889-0b5aa18e1922""]"
374a2e36-6944-464a-9933-978e4a2f747b,38678,Ecole Secondaire Noëlla Rouget à Meyrin - Lot 28A - Lustrerie standard intérieure et extérieure,tender,construction,open,tender,6b7f54ba-f540-4390-a2a1-3bec1dc5a799,2026-06-18,GE,Meyrin,1217,Département du Territoire– DT Office cantonal des bâtiments,0,[]
d69293d5-faf3-490d-b30a-6ca53684a4e5,38729,RC1 QUAI DE COLOGNY - MESURES DE PROTECTION DES ARBRES INSTALLATION DE PLATEFORMES POUR LA PROTECTION DU SYSTÈME RACINAIRE DES ARBRES EXISTANTS 2026,tender,construction,open,tender,a26d9ea3-e41f-46f1-ad9d-08c33260a9cd,2026-06-18,GE,Quai de Cologny,1223,Département de la santé et des mobilités (DSM) - Office cantonal du génie civil - Service de la maintenance des routes cantonales,0,[]
311dc0ff-f0a9-42a0-b679-51ca52e761f8,38893,Copie Transformation et agrandissement d'un ESE à Yverdon-les-Bains - K2 - CFC 281.0 CHAPES,tender,construction,open,tender,26e69579-2f7e-4dd6-8357-0cb15688219d,2026-06-18,VD,Yverdon-les-Bains,1400,Fondation St-George,0,[]
bab1db00-6d23-4cf7-b943-dd533d064911,38894,Copie Transformation et agrandissement d'un ESE à Yverdon-les-Bains - K2- CFC 214 CONSTRUCTIONS EN BOIS,tender,construction,open,tender,d7229835-f401-45c4-ae25-7275a480a0f3,2026-06-18,VD,Yverdon-les-Bains,1400,Fondation St-George,0,[]
2bd96e85-13e0-4f64-8c3b-7dda6f3d3742,39067,CHA_DOR_Ecole des Hauts de Dorigny_Lot 103-Façade,tender,construction,open,tender,8d2f61fa-dce0-42d1-a99a-3b3c1b67a016,2026-06-18,VD,Chavannes-près-Renens,1022,"Commune de Chavannes-près-Renens, p.a. Pragma Partenaires SA",0,[]
b581d178-e678-455f-98f2-9af575c3f667,39070,CHA_DOR_Ecole des Hauts de Dorigny_Lot 114-Plâtrerie et peinture,tender,construction,open,tender,234a0079-681e-4155-b2a6-6c558daa1fed,2026-06-18,VD,Chavannes-près-Renens,1022,"Commune de Chavannes-près-Renens, p.a. Pragma Partenaires SA",0,[]
dda2392d-3554-4d1b-8c2c-3b61ecd0a547,39170,17-020/8917 BH05 - Transformation CDL et SDS,tender,construction,open,tender,f00e0b45-f354-42f4-8052-4d4e8ea90e89,2026-06-18,,,,CHUV - Constructions ingénierie technique et sécurité (CIT-S),1,"[""f00e0b45-f354-42f4-8052-4d4e8ea90e89""]"
ea9b3c34-45b5-4346-8868-a122897a62fd,39196,"Association FOREMS, EMS La Coulaz -Appel d'offres – Fourniture et installation des équipements d'une cuisine de production",tender,construction,open,tender,e04c41f4-eac7-43c9-b9e3-d3d7de03ff9a,2026-06-18,VD,Payerne,1530,"Association FOREMS (PRAGMA Partenaires SA, succursale d'Yverdon-les-Bains)",0,[]
46a7e6f7-9809-4382-b904-ebcd8b99b6f7,32258,595 Gymnase du Chablais CFC 228.3 Stores en toile extérieurs,tender,construction,open,award,245d72c4-654c-4ee0-b571-bf975545733c,2026-06-17,VD,Aigle,1860,Direction générale des immeubles et du patrimoine – DGIP,0,[]
46413d28-0572-44b1-8e74-3309a5f122b4,33500,Ecole de Grône - Agrandissement du centre scolaire,tender,construction,open,award,9561f4b7-8162-4bc7-b0bd-4834d54162b5,2026-06-17,VS,Grône,3979,Commune de Grône,0,[]
3715ea6e-c37a-42b9-a512-24be84a29cbe,33511,Ecole de Grône - Agrandissement du centre scolaire,tender,construction,open,award,cfd2c625-be2a-41fb-b44b-d2c1825b6bab,2026-06-17,VS,Grône,3979,Commune de Grône,0,[]
9f7a8a75-f67a-4b87-8783-0dc683aa1030,33513,Ecole de Grône - Agrandissement du centre scolaire,tender,construction,open,award,ef1dccd9-7c70-4340-9bbc-aec964379357,2026-06-17,VS,Grône,3979,Commune de Grône,0,[]
dca96ab7-7d5f-4cca-bf92-7f4532e66563,33515,Ecole de Grône - Agrandissement du centre scolaire,tender,construction,open,award,1a1830ff-6380-4b08-8142-41a315f5e230,2026-06-17,VS,Grône,3979,Commune de Grône,0,[]
a70528a8-daac-4057-a887-bb2c31242ca0,33758,"Affaire n°20-094, Cery Bâtiment de laboratoires, site de Cery nord à Prilly, CFC n°221+228 Fenêtres Stores",tender,construction,open,abandonment,1cca9a0e-5cc5-4925-91a5-6e729c09c669,2026-06-17,VD,Prilly,1008,CHUV-Construction Ingénierie Technique et Sécurité (CIT-S) - Diserens Maurel Architectes,0,[]
a33936c3-169b-46f9-8e14-c5edfa24e7cc,34264,"FbE Merjen-Kalpetran, réfection de la chaussée- travaux de construction",tender,construction,open,award,6f0f118a-6202-47ec-8c74-c4181f39070e,2026-06-17,VS,Kalpetran,3922,Beschaffungsstelle Matterhorn Gotthard Bahn,0,[]
9d760cd8-a36f-4cbd-80e0-00aafc142e9e,37231,Restructuration de la route des Mayens de Vernamiège - Tronçon 1,tender,construction,open,award,e1385df2-f167-41aa-8538-bfd288629e09,2026-06-17,VS,Vernamiège,1961,Commune de Mont-Noble (Bureau IG group Hérens régions SA),0,[]
018303a1-6215-414c-b937-6f436dbf5215,37379,Réalisation de la Voie Verte Rive Droite entre les gares de Vernier et Meyrin - secteur 2,tender,construction,open,tender,7b0f118c-5724-4dc5-91a6-086f109f41a9,2026-06-17,,,,République et Canton de Genève - Département du Territoire (DT) - Office de l'Urbanisme (OU) - Direction des projets d'espaces publics (DPEP),4,"[""7b0f118c-5724-4dc5-91a6-086f109f41a9"", ""7b0f118c-5724-4dc5-91a6-086f109f41a9"", ""7b0f118c-5724-4dc5-91a6-086f109f41a9"", ""7b0f118c-5724-4dc5-91a6-086f109f41a9""]"
8ce17757-9d30-45b0-b54c-0ab329633cbd,37972,COMMUNE DE MONTREUX - CREATION DE NOUVEAUX COLLECTEURS EU ET REMPLACEMENT DE SERVICES INDUSTRIELS EN ADVERSAN,tender,construction,open,tender,d1450824-2cc4-4252-9356-6a9a8c486d04,2026-06-17,VD,Montreux,1832,"Ville de Montreux, Service des travaux publics (MCR & Associés SA)",0,[]
0a15d73c-7648-4a00-b909-09e921aa407b,13364,Route de la Chaniaz - Blonay,tender,construction,open,award,f416e83a-c0de-4952-a7d2-abf1ca2c35cb,2026-06-16,VD,Route de la Chaniaz,1807,Commune de Blonay - St-Légier (Emyx Ingénieurs civils SA),0,[]
d3968a9c-425b-4f22-9b35-5075914bfb81,30403,EPFL - Contrat-cadre Maçonnerie,tender,construction,open,award,1f425795-88ea-4f21-ab7d-6793dcccea2b,2026-06-16,VD,Lausanne,1015,EPFL VPF Achats,0,[]
b3aa0ba9-4a8e-4ffb-bbca-76f797b8b768,38469,STAP Saint-Jean - Lot Tuyauterie,tender,construction,open,tender,238b5391-2e61-474a-afdb-e857b8ca1aae,2026-06-16,GE,Genève,1203,Services industriels de Genève (SIG) - Direction Achats,0,[]
2311212b-83b2-40cb-abc6-8263f958fe7d,38944,EPSM LES MYOSOTIS - CFC 201 TERRASSEMENT,tender,construction,open,tender,41a05bcb-3c99-4223-a2d7-c8988a7cfd8d,2026-06-16,VD,Montherod,1174,Fondation Stanislas (quartal),0,[]
0ed38f00-77e3-4685-a475-2604be8932b4,38967,EPSM LES MYOSOTIS - CFC 211.5 MACONNERIE - BETON ARME,tender,construction,open,tender,43f37982-1fba-4277-b034-2e1b3a5a7a71,2026-06-16,VD,Montherod,1174,Fondation Stanislas (quartal),0,[]
7fddf13d-5aa8-4887-9b4b-ec07b4f3b89e,38995,EPSM LES MYOSOTIS - CFC 214 CHARPENTE,tender,construction,open,tender,ebb7e49f-2abb-4d38-80be-871b65f07368,2026-06-16,VD,Montherod,1174,Fondation Stanislas (quartal),0,[]
e558ab3d-61b1-4be1-ac4d-a42965f3ca16,38996,EPSM LES MYOSOTIS - CFC 23 INSTALLATIONS ELECTRIQUES,tender,construction,open,tender,6e96075d-d18f-44c8-83ae-0a1245f43b72,2026-06-16,VD,Montherod,1174,Fondation Stanislas (quartal),0,[]
7e47079e-83d8-4c54-a57f-6ffeb3c22dc4,38998,EPSM LES MYOSOTIS - CFC 242 CHAUFFAGE,tender,construction,open,tender,9333f55e-f91f-4980-b56d-dc9a553436be,2026-06-16,VD,Montherod,1174,Fondation Stanislas (quartal),0,[]
97923ea4-90ea-4f02-95df-9197b11801fe,39000,EPSM LES MYOSOTIS - CFC 244 VENTILATION,tender,construction,open,tender,224a1ff2-5b9f-46c4-ace8-e1d6f2861842,2026-06-16,VD,Montherod,1174,Fondation Stanislas (quartal),0,[]
9105854c-891d-4104-a877-486641a72259,39006,EPSM LES MYOSOTIS - CFC 25 INSTALLATIONS SANITAIRES,tender,construction,open,tender,f07f4405-ef11-4d86-9469-abd9e0bddb3e,2026-06-16,VD,Montherod,1174,Fondation Stanislas (quartal),0,[]
b26fbaa2-67a1-48e3-a77e-2d00e9872868,38293,"Ecole Secondaire Noëlla Rouget à Meyrin, construction d'un groupe scolaire et de salles omnisport - Lot 35 A - ouvrages métalliques extérieur",tender,construction,open,tender,e36d7727-ff2c-48ed-8ba2-9cc347dba572,2026-06-15,GE,Meyrin,1217,"Etat de Genève, Département du Territoire - DT, Office Cantonal des Bâtiments",0,[]
a15dd303-2d11-42b3-ab44-f38ee9e91ed5,38309,"Ecole Secondaire Noëlla Rouget à Meyrin, construction d'un groupe scolaire et de salles omnisport - Lot 37 B - peinture murs, sol, résine",tender,construction,open,tender,337792ac-5570-47a6-8f89-570f305d947c,2026-06-15,GE,Meyrin,1217,"Etat de Genève, Département du Territoire - DT, Office Cantonal des Bâtiments",0,[]
5758b2da-246b-4e74-a9ac-2fc855cb949c,31808,Rénovation école du Bosson - Fermetures extérieures et protections solaires,tender,construction,open,abandonment,df8b5256-f4a6-45b2-8427-3a0b164327b0,2026-06-13,GE,Onex,1213,Ville d'Onex (Bureau d'architectes Burckhardt Architecture SA),0,[]
9f9c7c6d-98d1-41f0-b047-b6cd3ed6c75b,31819,Rénovation école du Bosson - Chapes,tender,construction,open,tender,39c125c1-70d0-471a-ac0a-0c17d7640f67,2026-06-13,GE,Onex,1213,Ville d'Onex (Bureau d'architectes Burckhardt Architecture SA),0,[]
fe5af36b-b345-4a19-8915-4cdc818c1278,32109,22630 Chaux/chanvre banché Equipement Communal Mixte à Veyrier,tender,construction,open,award,362f60f5-bc50-428d-b1e7-cd12422b6fc4,2026-06-13,GE,Veyrier,1255,Commune de Veyrier (bureau architech ),0,[]
6628ed0e-9da2-45d0-9703-062979e3b7a5,32110,22640 Terre/Chaux chanvre projeté Equipement Communal Mixte à Veyrier,tender,construction,open,award,95c255ac-ef7b-41e0-b3e1-6a43a3139ff9,2026-06-13,GE,Veyrier,1255,Commune de Veyrier (bureau architech ),0,[]
1c20bde2-fe05-489d-9d33-e70ab0e5af71,33589,NG4 Lax - Knoten Anschluss H19,tender,construction,open,award,e4b8e875-a52d-454d-9fbf-b6fc6137b138,2026-06-13,VS,Lax,3994 ,Dienststelle für Mobilität - Kreis 1 Oberwallis,0,[]
76570436-500d-46f0-af27-91c12de05109,37748,"Affaire n°20-094, Cery Bâtiment de laboratoires, site de Cery nord à Prilly, CFC 224 Etanchéité",tender,construction,open,tender,7ce68c74-5a57-4e6d-bf3a-1d01a8120f36,2026-06-13,VD,Prilly,1008,CHUV-Construction Ingénierie Technique et Sécurité (CIT-S) - Diserens Maurel Architectes,0,[]
8e753359-846f-400e-bafa-b39b610ea8bd,37802,  5003 - A11 - Périmètre Bac – Maisonnettes – Louis-Bertrand Marché de travaux de construction concernant les CFC 211.50 et 211.60 - Travaux de béton armé et maçonnerie,tender,construction,open,tender,377c771b-8c4d-4dde-8e0f-54ae8e1be649,2026-06-13,GE,Lancy,1213,Ville de Lancy (atelier OBJECTIFS SA),0,[]
cb8ec5ba-727f-46e7-b21a-7dbeac81b376,38883,"Affaire n°20-094, Cery Bâtiment de laboratoires, site de Cery nord à Prilly, CFC 273.1 Menuiserie courante",tender,construction,open,tender,daba4768-e27f-47df-baf2-55d8b43d9a04,2026-06-13,VD,Prilly,1008,CHUV-Construction Ingénierie Technique et Sécurité (CIT-S) - Diserens Maurel Architectes,0,[]
164f6f35-2114-4272-aa79-bbe2a9589f92,38899,Transformation et agrandissement d'un ESE à Yverdon-les-Bains - K2 - CFC 221 FENETRES ET PORTES-FENETRES,tender,construction,open,tender,8b8e2f76-d24c-4d2c-8b40-7e28108d3707,2026-06-13,VD,Yverdon-les-Bains,1400,Fondation St-George,0,[]
7289426d-1de2-4e4b-b22e-e3416f40205b,38923,Copie Transformation et agrandissement d'un ESE à Yverdon-les-Bains - K2 - CFC 421.2 - REVETEMENTS PAVÉS,tender,construction,open,tender,4727483c-4615-4453-ac21-764b1a4e0689,2026-06-13,VD,Yverdon-les-Bains,1400,Fondation St-George,0,[]
582ed2da-6eb2-447b-bb79-e562afaf5afb,34715,"Remplacement de la couche de roulement à l'intérieur d'Euseigne, sur la RC no 54 Sion - Les Haudères - Arolla, sur le territoire de la commune d'Hérémence",tender,construction,open,award,6b32f211-6119-4ae9-aabe-bd05319215e9,2026-06-12,VS,Hérémence,1987,"Département de la mobilité, du territoire et de l'environnement",0,[]
ae6e4ec6-289d-43ed-909c-a238b0432e09,34768,Aménagement de la route d'Avenches - Secteur Donatyre - A240087,tender,construction,open,award,c85d5a88-4d19-4766-b655-0eb748808542,2026-06-12,VD,Donatyre,1580,Commune d'Avenches,0,[]
edfe399c-053d-4b68-a2dc-52dc8c41f599,35626,CE4600008617 - RC 705 - Assainissement et renforcement du pont sur la Torneresse à l'Etivaz,tender,construction,open,tender,1834905f-6086-425f-89ee-1904f381bbf9,2026-06-12,VD,L'Etivaz,1660,Direction générale de la mobilité et des routes - Division infrastructures,0,[]
b637e0c6-1c77-4235-9545-e73e6591371e,37426,RENOUVELLEMENT DE LA LIGNE D’INCINÉRATION DES BOUES D’ÉPURATION - PROJET LI3 - Lot GCT 1.1 - TERRASSEMENT ET TRAVAUX SPECIAUX,tender,construction,open,tender,a4bef264-32a0-4c6b-b680-332b06c97a6c,2026-06-12,VD,Lausanne,1007,Epura SA - LI3,0,[]
5e557271-c113-46fe-980b-d6cb084ca933,38083,Extension et rénovation du Lycée-collège de St-Maurice - CFC 225.4,tender,construction,open,tender,e2572a3a-0f05-41d0-be55-f2c956faa7ee,2026-06-12,VS,St-Maurice,1890,"Etat du Valais, Service immobilier et patrimoine - Investissements",0,[]
8a5238bb-0afd-41b4-bd9d-b239ed19dc3e,38084,Extension et rénovation du Lycée-collège de St-Maurice - CFC 231.2,tender,construction,open,tender,266c2382-76ba-4526-91b6-7896bb4e50ce,2026-06-12,VS,St-Maurice,1890,"Etat du Valais, Service immobilier et patrimoine - Investissements",0,[]
efb6a7c0-5ffe-4168-8edb-43aff506cef8,38087,Extension et rénovation du Lycée-collège de St-Maurice - CFC 271,tender,construction,open,tender,08caae08-6c1c-4fc1-ab23-6b350376ed43,2026-06-12,VS,St-Maurice,1890,"Etat du Valais, Service immobilier et patrimoine - Investissements",0,[]
a860f544-fd87-4619-981f-62b400ae0f78,38088,Extension et rénovation du Lycée-collège de St-Maurice - CFC 272,tender,construction,open,tender,d9cbf046-83ce-4f15-ab93-c12b30e2f230,2026-06-12,VS,St-Maurice,1890,"Etat du Valais, Service immobilier et patrimoine - Investissements",0,[]
88d8f04d-86f1-42e5-a974-ac6dcea6e473,38089,Extension et rénovation du Lycée-collège de St-Maurice - CFC 273.0,tender,construction,open,tender,2cb19867-b2b6-4ec9-8c0d-62b46b71778c,2026-06-12,VS,St-Maurice,1890,"Etat du Valais, Service immobilier et patrimoine - Investissements",0,[]
5d30029f-4027-4872-850e-9256d758ece7,38091,Extension et rénovation du Lycée-collège de St-Maurice - CFC 281.0,tender,construction,open,tender,83bc469b-f8f0-4cbf-9349-2c3793500a89,2026-06-12,VS,St-Maurice,1890,"Etat du Valais, Service immobilier et patrimoine - Investissements",0,[]
744100fa-8755-4d26-868c-8bc5c2f0c8f9,38092,Extension et rénovation du Lycée-collège de St-Maurice - CFC 379.1 - Equipements laboratoires,tender,construction,open,tender,2f120b65-031c-4264-875a-085803507da8,2026-06-12,VS,St-Maurice,1890,"Etat du Valais, Service immobilier et patrimoine - Investissements",0,[]
f3f85bd4-f5b4-4946-81f5-69b4c6459879,38113,3e correction du Rhône - Mesure anticipée de Niederwald-Münster - travaux de réalisation,tender,construction,open,tender,c16439a7-50fb-4a89-baca-3a666ff0c5c7,2026-06-12,VS,Blitzingen,3989,Service des dangers naturels,0,[]
c83cde2f-c87f-4c77-91b4-d7bc5478f4ea,38755,Extension du dépôt Perrelet - Ouvrages métalliques courants,tender,construction,open,tender,6603290d-f1cd-474a-b354-adbb9ffe18a4,2026-06-12,VD,Renens,1020,Transports publics de la région lausannoise SA - Ferrari Architectes,0,[]
026b8cc7-53c2-48c3-bc38-7cc47d352317,38827,RÉAMNÉAGEMENT DE LA ROUTE DU MONT D’OR,tender,construction,open,tender,9895b5c6-ccab-418c-a830-557e30edbb00,2026-06-12,VD,Le Lieu,1343,Commune du Lieu (Mosini et Caviezel SA),0,[]
f5681e06-724c-4b24-9f6a-c045897f8c32,2777,Piscine de la Maladaire - Rénovation complète de l'enveloppe - Fourniture et pose de panneaux photovoltaïques,tender,construction,open,award,301e6a79-4aa8-47d3-9322-e57fdc8a76b4,2026-06-11,VD,Clarens,1815,Brönnimann & Gottreux Architectes SA,0,[]
11c6a68d-aff0-47cd-a9b2-c4ec67052429,36829,596 Gymnase d'Echallens CFC 249 Installations de régulation MCR,tender,construction,open,tender,1c31fadd-f5da-4870-9aba-c6b28587b9df,2026-06-11,VD,Echallens,1040,Direction générale des immeubles et du patrimoine – DGIP,0,[]
07287fe2-f6c9-429e-87d3-1544a805b57a,38757,282.80 Revêtements acoustiques ,tender,construction,open,tender,0b4a841d-f244-4978-859a-7392b41c8d91,2026-06-11,GE,Carouge,1227,"Ville de Carouge - Service constructions, entretien et sports (SCES)",0,[]
2ffdc555-f356-40b7-aab4-fc10e06150b7,38772,Nouvelle Maison d'Enfants Les Clarines (MECLA) - Béton armé,tender,construction,open,tender,a60f9484-02cb-49d2-bdf5-815d8cc9a4c6,2026-06-11,VD,Chardonne,1803,Fondation Enfance Emma Couvreu depuis 1829,0,[]
ce48762a-c791-4a58-a80e-5d9041f29a79,4073,Piscine de la Maladaire - Rénovation complète de l'enveloppe - Façades,tender,construction,open,award,c48252fa-f7d9-4900-85e0-584151d3f2f6,2026-06-11,VD,Clarens,1815,Commune de Montreux (Brönnimann & Gottreux Architectes SA),0,[]
6ff4842a-1f39-485e-993a-84d2aef01af2,38701,Oron - Chemins agricoles type AF - Etape 1.1,tender,construction,open,tender,fe605214-25b3-4d4e-96c9-57abfdeaea20,2026-06-10,VD,Oron-la-Ville,1610,Commune d'Oron (Stralia),0,[]
dd54a1b4-d315-4816-b646-a349dfc64224,30386,EPFL - Contrat-cadre Echafaudages,tender,construction,open,award,0310c931-780a-40fe-919e-4e40f86810d8,2026-06-09,VD,Lausanne,1015,EPFL VPF Achats,0,[]
03a6c875-149a-4a1d-a9c4-bfdb1a93a1bb,30393,EPFL - Contrat-cadre Etanchéité,tender,construction,open,award,bb3c3391-1814-4f33-bc33-7086db6b8f4a,2026-06-09,VD,Lausanne,1015,EPFL VPF Achats,0,[]
94c9ee66-64a8-466d-a202-42da349673e8,34606,Lutry - Route de la Croix Secteur Nord - Réfection et nouveau trottoir,tender,construction,open,tender,a155efd9-2b8a-4fb5-9dfc-68917fa4a680,2026-06-09,VD,Lutry,1095,Commune de Lutry - Service des Travaux et Domaines,0,[]
fd4fdb2b-7be1-4460-9c70-5e01b315e85e,36475,"Rénovation, transformation et agrandissement du site de l'épicentre à Collonge-Bellerive / Marché n°14 - Charpente et ouvrages métallique(s)",tender,construction,open,tender,fffd0b28-5540-426c-ba8d-7511911ddc2a,2026-06-09,GE,Collonge-Belllerive,1245,Commune de Collonge-Bellerive / Service des bâtiments / Projet EPICENTRE,0,[]
35f7fceb-7ad1-4db9-8b4d-3acd099670ba,30845,"CFF, Ligne n°100, Villeneuve – St-Maurice : renouvellement LC - Amélioration du distancement et automatisation - 1157379",tender,construction,open,award,d8a0e633-6118-4740-91ed-64d71b750f8b,2026-06-08,VD,Villeneuve,1844,SBB CFF FFS Achats projets de construction Région Ouest,0,[]
04d2f502-8858-4b9f-9ad7-b547d931a88f,32240,EPFL ASB – AO 8 – TERRASSEMENT / TRAVAUX SPECIAUX,tender,construction,open,award,7cf072d0-a427-400b-a110-9d9a512be272,2026-06-08,VD,Lausanne,1015,EPFL VPF ACHATS,0,[]
c006c5a2-b9dd-43ef-96bc-cda372a16dfa,34761,"Correction de la chaussée à l'aval du torrent d'Ortchu, sur la RC no 68 Pont-de-la-Morge - Erde - Derborence, sur le territoire de la commune de Conthey",tender,construction,invitation,award,b33e195a-2572-4381-b726-dc90a9407481,2026-06-08,VS,Conthey,1975,"Département de la mobilité, du territoire et de l'environnement",0,[]
63622bf7-504a-43c1-b89a-01c963cb80ad,34934,EPFL - Rénovation toitures CE 02 - CFC 224.1 Couche d'étanchéité toitures plates,tender,construction,invitation,award,0917235f-7e22-4cfe-afde-6b829a795fc7,2026-06-08,VD,Lausanne,1015,EPFL VPF ACHATS,0,[]
56a5b5b1-fe0e-486a-914d-88607f9a8d96,35373,"Correction de la chaussée et construction de trottoirs à Suen et St-Martin, sur la RC no 53 Bramois - St-Martin - La Crête, sur le territoire de la commune de St-Martin",tender,construction,invitation,award,fe5c49b0-4836-48ef-bcff-ebed48a991b3,2026-06-08,VS,St-Martin,1969,"Département de la mobilité, du territoire et de l'environnement",0,[]
9604616e-5afa-4a23-b0a9-30d58fad455b,37838,"Ecole Secondaire Noëlla Rouget à Meyrin, construction d'un groupe scolaire et de salles omnisport - Lot 24 - Menuiserie intérieure, Portes intérieures bois 2 coupe-feu asservies",tender,construction,open,tender,19207d8c-5b49-4fa6-9ee3-2965d2ecdbfc,2026-06-08,GE,Meyrin,1217,"Etat de Genève, Département du Territoire - DT, Office Cantonal des Bâtiments",0,[]
4db2bc65-209d-418d-95b2-b21b96387da6,38531,MEY-28380-FAUX-PLANCHERS,tender,construction,open,tender,53600662-b1de-4962-8b9e-cac06d29c851,2026-06-08,GE,Meyrin,1217,VILLE DE MEYRIN,0,[]
7803368e-3221-462d-a367-dda6c3391ac1,38497,RENOUVELLEMENT LC - SECTEUR A ET GARE DE LE MUIDS ,tender,construction,open,tender,804fbf9a-0ab6-405e-a3a9-5af7740afe1e,2026-06-06,VD,Arzier-Le Muids,1273,Compagnie du chemin de fer Nyon-St-Cergue-Morez SA,0,[]
1ed2b47c-931f-44ff-9b7b-1711f4cc401d,38512,Adaptation de la gare de Le Muids - Travaux de génie civil,tender,construction,open,advance_notice,2f947916-0354-41c2-ac11-41aa5e4d51ea,2026-06-06,VD,Arzier-Le Muids,1273,Compagnie du chemin de fer Nyon-St-Cergue-Morez SA,0,[]
2163254e-0df8-467f-abd7-366591954205,27866,Travaux de conservation et de restauration du Château de Chillon,tender,construction,open,award,adcbe570-5def-414c-844d-cacc1456e4c8,2026-06-05,VD,Veytaux,1820,Direction générale des immeubles et du patrimoine,0,[]
1f4125e1-e270-4f50-b16e-ba15cdd03e7c,30497,Exécution en entreprise générale - Démolition d'un pavillon existant et construction d'une APEMS de 60 places (Accueil Pour Enfants en Milieu Scolaire),tender,construction,open,award,8185088f-16cc-4ab2-b614-340c95ba7031,2026-06-05,VD,Yverdon-les-Bains,1400,Ville d'Yverdon-les-Bains (Pont12 Architectes),0,[]
762764a4-9510-491b-91c1-244e945ae12a,34920,Route des Rottes Est - Conthey - TC 12 - Travaux GC et CAD,tender,construction,open,award,fe5df020-38b8-42b1-83d5-6070201be275,2026-06-05,VS,Conthey,1964,"Sogaval SA, société gérée par OIKEN SA",0,[]
93dda2ae-4857-4e07-87a5-08041cae3fbf,37197,Patinoire de Trèfle-Blanc - Lot 20100 - Terrassements / Trv. Spéciaux / Canalisations,tender,construction,open,tender,74fe904d-dc51-418a-a204-b90f6f15a357,2026-06-05,,,,Office cantonal des bâtiments (OCBA) - architech,1,"[""74fe904d-dc51-418a-a204-b90f6f15a357""]"
a89d7597-d09b-4033-a9be-c60ee39539c8,37346,Montreux - RC 780 - Tronçon n°3 - travaux GC,tender,construction,open,tender,9ae9228f-e98b-44ed-b73e-18a173e68d8e,2026-06-05,VD,Montreux,1820,Commune de Montreux - Service des travaux publics,0,[]
33758c93-1082-4199-b4e7-0f9c1979470e,37746,UNI - BASTIONS Central _ CFC273.30 - Mobilier existant à rénover,tender,construction,open,tender,fcc34ce9-e07b-4ed0-9c8d-338a724c1929,2026-06-05,GE,Genève,1205,Office Cantonale des Bâtiments (OCBA) - Poolailes,0,[]
f662ad5e-f8d1-4b03-9655-eeab4430fdb4,38110,UNI - BASTIONS Central _ CFC272.90 - Parois de sécurité,tender,construction,open,tender,387facb2-d197-4329-98f0-d14f4e45d6ee,2026-06-05,GE,Genève,1205,Office Cantonale des Bâtiments (OCBA) - Poolailes,0,[]
ecb12102-23e8-4944-99df-08c1fcc01a5b,38283,AERA - Transports des eaux usées d’Ollon à la STEP régionale - Charpente métallique et serrurerie,tender,construction,open,tender,61bf4807-3367-4932-bfdf-e7f3a41aeabe,2026-06-05,VD,Ollon,1867,ASSOCIATION INTERCOMMUNALE POUR L’EPURATION DES EAUX USEES DE LA REGION D’AIGLE AERA,0,[]
4a7554ca-26d6-477c-afff-0b6af130c3b7,38417,Lot-AR01 ECHAFAUDAGES,tender,construction,open,tender,c74929ee-20b6-4c48-bbf9-ef0a395af9b1,2026-06-05,VD,Gland,1196,APEC - Association intercommunale pour l'épuration des eaux usées des la Côte (bureau d'architecte Cornaz),0,[]
56c2f24c-aaf7-4e92-a895-8ce0643e3e52,38471,5003 - A11 - Périmètre Bac – Maisonnettes – Louis-Bertrand - Marché de travaux de construction concernant le CFC 212- Préfabriqués béton,tender,construction,open,tender,026329c1-0821-4806-a19f-0059682d5c0b,2026-06-05,GE,Lancy,1213,Ville de Lancy (atelier OBJECTIFS SA),0,[]
229e9034-3482-4068-a77a-0f7f865f32dd,38476,Chaufferie HEPIA - Lot Plateforme caillebotis,tender,construction,open,tender,184dec66-2215-47cd-b781-41f65e7c5341,2026-06-05,GE,Genève,1204,Services industriels de Genève (SIG) - Direction Achats,0,[]
7288d003-16d6-47e6-ae9d-47eac14a8baa,38477,Chaufferie HEPIA - Lot Sanitaire,tender,construction,open,tender,b751ff6e-aad5-4282-a54f-149a34af7316,2026-06-05,GE,Genève,1204,Services industriels de Genève (SIG) - Direction Achats,0,[]
783a54d9-2119-4bd9-ad59-d7ae32c4847d,32407,Collège de Brique - Rénovation de l'internat / CFC .... (tract sud),tender,construction,open,award,420f3cef-572f-435d-b487-e66d7b50d32f,2026-06-04,VS,Brig-Glis,3900,Dienststelle für Immobilien und Bauliches Erbe,0,[]
009a45c8-372f-4299-991d-50cd5db8829e,32747,Ecole de Grône - Agrandissement du centre scolaire,tender,construction,open,award,9d3254ef-aa8d-4bc9-97ac-95906dd8105d,2026-06-04,VS,Grône,3979,Commune de Grône,0,[]
ab056a15-198c-45dc-a715-56981f91163a,32797,Ecole de Grône - Agrandissement du centre scolaire,tender,construction,open,award,39715eea-9d10-45de-a773-bf4f5788dd22,2026-06-04,VS,Grône,3979,Commune de Grône,0,[]
cdf6e6a2-0a53-4d17-969c-36faee97617c,38392,YPERIA - OIKEN - Lot 211.500 Dallage en béton des halles,tender,construction,open,tender,70173742-22d7-49f4-b18b-9fb33843e1f2,2026-06-04,VS,Sierre ,3960,OIKEN SA (Pragma Partenaires SA),0,[]
3bf86a1c-9a54-4427-8a12-690b166c328b,35044,Centrale de chauffe du Guépard - Crans-Montana ,tender,construction,open,award,649829b3-2b4c-413a-b71b-bfbd6965af0b,2026-06-03,VS,Crans-Montana ,3963, Crans-Montana Energies SA,0,[]
910345a1-c5b3-4444-a1e2-cda5f913635f,35160,Géothermie - Réalisation de forage d'exploration géothermique (Secteur Troinex et Versoix),tender,construction,open,tender,4eb0cee6-c3a0-4d20-86b3-4a0d63575707,2026-06-03,,,,Services industriels de Genève (SIG) - Direction Achats,2,"[""4eb0cee6-c3a0-4d20-86b3-4a0d63575707"", ""4eb0cee6-c3a0-4d20-86b3-4a0d63575707""]"
0ae1687b-de98-4f02-9667-bde8b8c3c317,37956,Agrandissement des jardins familiaux de Champ-Bossu,tender,construction,open,tender,0f72a4f8-ae0d-473a-9ee0-9884785f84d6,2026-06-03,GE,Chemin Mouille Galland,1214,Département du territoire - Office Cantonal des Bâtiments,0,[]
6f6d458a-b303-45ad-975c-c5c6b54b1f45,38178,"Renens, Sainte-Famille / AO-48, Aménagements extérieurs",tender,construction,open,tender,7581826a-fb59-4f70-855e-29ed9d128d62,2026-06-03,VD,Renens,1020,Association Sainte-Famille (aplanir Sàrl),0,[]
1e093781-d0b3-456b-9a86-5bbc3e149c62,28368,AgencementMHN_A2 / Fourniture et réalisation de l'intégralité du mobilier de l'exposition du Muséum d'Histoire Naturelle de la Ville de Genève,tender,construction,open,award,ecd4db48-50d5-4671-91f5-4c237f7455bc,2026-06-02,GE,Genève,1200,Centrale municipale d'achat et d'impression de la Ville de Genève,0,[]
207fcbcc-500b-47b8-afd0-617d06e113ac,31896,EPFL DOUBLE DECK - CFC 236.1 Groupe secours,tender,construction,open,abandonment,58583433-ef33-4ee7-9e44-86e3436aa62c,2026-06-02,VD,Lausanne,1015,EPFL VPF ACHATS,0,[]
042402da-e4f8-46eb-bd30-74f1f8f430d3,32108,13800 Déchets de chantier Equipement Communal Mixte à Veyrier,tender,construction,open,award,2b7ff695-e228-4b87-a87b-809b893089e1,2026-06-02,GE,Veyrier,1255,Commune de Veyrier (bureau architech ),0,[]
60b81218-0300-42a4-a629-b3ee49883ffb,32640,"35800 Agencement de cuisine Professionnel, Bâtiment Rural, Equipement Communal Mixte à Veyrier",tender,construction,open,award,9a7d3014-1a2e-4f5b-9075-283231be7f57,2026-06-02,GE,Veyrier,1255,Commune de Veyrier (bureau architech ),0,[]
78a54515-ec9c-4472-966a-5dfe517f608b,32652,"35820 Installation Frigorifique Arcade 1, Bâtiment Logement, Equipement Communal Mixte à Veyrier",tender,construction,open,award,2b1bcfd3-b57c-44ff-8c46-75181e1baea2,2026-06-02,GE,Veyrier,1255,Commune de Veyrier (bureau architech ),0,[]
1139bd64-cdc2-46ce-97a5-a967d9e4defd,34767,CAD Crans-Montana - Route de Marigny - Secteur 2026,tender,construction,open,award,065fdf98-8638-47aa-ac20-9d7501fb0975,2026-06-02,VS,Crans-Montana,3963,OIKEN SA - Génie civil,0,[]
56ea671c-bbb1-4c5a-b21e-eb06fbeae0a4,34910,EPFL - Rénovation toitures CE 02 - CFC 211 Travaux de maçonnerie,tender,construction,invitation,award,c2feec16-18cd-49d6-82b0-e0085011a377,2026-06-02,VD,Lausanne,1015,EPFL VPF ACHATS,0,[]
a50f8352-f001-4eab-a079-0856a1ee85ae,38100,Extension du réseau de chauffage à distance Rue Sera-Biasini (anc. rue du Vallon) Tranche 1 et 2 ,tender,construction,open,tender,45187bac-5115-4ce2-bcf8-960bb4cc5a95,2026-06-02,VD,Rue Sera-Biasini,1005,Ville de Lausanne – SIL – Service patrimoine (PAT),0,[]
617c7b2e-b9a6-4f5b-8eec-5b1ebaad7425,38136,"Affaire 21-070 : BH12-16, Rénovation Chambres 5 et 2 lits – ETAPE 4",tender,construction,open,tender,8834dc6c-d44b-41ef-9df1-50d838247ef9,2026-06-02,VD,Lausanne,1011,CHUV - Constructions ingénierie technique et sécurité (CIT-S),0,[]
8e0607c8-2775-4bac-8f13-28190390c4a0,24022,Renouvellement des sous-stations de la ligne Montreux - Rochers-de-Naye,tender,construction,open,award,32e8a779-26ed-4a82-928e-af1e3b9361f9,2026-06-01,VD,Montreux,1820,Transports Montreux-Vevey-Riviera,0,[]
4228e473-12e6-49d7-a8b7-47f84ac128c2,30579,Renouvellement de la sous-station des Rochers de Naye - Génie civil,tender,construction,open,award,e1013b5e-5233-4741-bde5-58db996b8ade,2026-06-01,VD,Veytaux,1820,Transports Montreux-Vevey-Riviera SA,0,[]
cdc11621-e8ef-4e57-8666-f7da9751c957,36993,UNI - BASTIONS Central _ CFC287.00 - Nettoyage fin de chantier,tender,construction,open,tender,5ddc5764-8d53-42f1-a1fa-e7271b3e4ca9,2026-06-01,GE,Genève,1205,Office Cantonale des Bâtiments (OCBA) - Poolailes,0,[]
7ee49793-f71e-40fb-8a95-52112fc8eef5,37035,UNI - BASTIONS Central _ CFC281.00 - Terrazzo,tender,construction,open,tender,f6cfc400-6202-49f9-a9a2-b6062a6717e9,2026-06-01,GE,Genève,1205,Office Cantonale des Bâtiments (OCBA) - Poolailes,0,[]
40e0cea6-f432-4004-937c-278bdf71956c,38057,5003 - A11 - Périmètre Bac – Maisonnettes – Louis-Bertrand - Marché de travaux de construction concernant le CFC 24- Installations de chauffage,tender,construction,open,tender,d22cb2bd-d35d-4519-98f9-bc448da1184b,2026-06-01,GE,Lancy,1213,Ville de Lancy (atelier OBJECTIFS SA),0,[]
50e9a1b7-0434-44b5-abb5-aa18465ceb14,38063,5003 - A11 - Périmètre Bac – Maisonnettes – Louis-Bertrand - Marché de travaux de construction concernant le CFC 244- Installations de ventilation,tender,construction,open,tender,4739e8d7-819c-4acc-9bc4-a667ecb4269b,2026-06-01,GE,Lancy,1213,Ville de Lancy (atelier OBJECTIFS SA),0,[]
8ef712e3-e8ab-45f7-b12c-aeeecbee9753,9858,"Marcelin, Nouvelle salle VD5 / AO-016, Ventilation",tender,construction,open,award,445e4f07-ca18-486b-8b77-696bc0e9401c,2026-06-01,VD,Morges,1110,DAB (Direction de l'architecture et des bâtiments),0,[]
d6e7247f-1eb4-402a-b425-1b7c68628807,37564,424 La Genevrière : stabilisation de talus,tender,construction,invitation,award,9a151feb-473f-420e-83c4-07cfb1bc56cf,2026-07-31,VS,Liddes,1945,Service de la mobilité / Dienststelle für Mobilität - Arrondissement 3 Bas-Valais / Kreis 3 Unterwallis,0,[]
18a0448d-59a3-4fc1-b96a-badda357d535,40461,Construction du Campus EDHEA et Ecole de couture du Valais à Sierre - CFC 285.1 ,tender,construction,open,tender,640e5d06-4db4-4f82-a318-6a0f64cee286,2026-07-31,VS,Sierre,3960,"Etat du Valais, Service immobilier et patrimoine - Investissements",0,[]
4000f28b-888a-42e6-98f5-5328809ea076,40906,Sanierung Motorfahrzeugkontrolle Visp - Bkp 272 Metallbauarbeiten,tender,construction,open,tender,2041615a-923c-42f1-a87b-4d16fb06243e,2026-07-31,VS,Visp,3930,Service immobilier et patrimoine / Dienststelle für Immobilien u. Bauliches Erbe - Gérance et entretien d'immeuble / Immobilienverwaltung u. Unterhalt,0,[]
5eef79a8-0c24-4c52-bc68-4e783cc48493,41733,Lot-AR02 FAÇADES VENTILEES.,tender,construction,open,tender,0e928f69-14da-4487-864b-3efb315daacf,2026-07-31,VD,Gland,1196,APEC - Association intercommunale pour l'épuration des eaux usées des la Côte (bureau d'architecte Cornaz),0,[]
9d891611-cdd6-4ab5-9967-058e905be17a,41736,Lot-AR05 FENÊTRES ET PORTES EN METAL LEGER.,tender,construction,open,tender,2dc2576e-4737-4c1f-bbe6-7fdbd575e0ef,2026-07-31,VD,Gland,1196,APEC - Association intercommunale pour l'épuration des eaux usées des la Côte (bureau d'architecte Cornaz),0,[]
28c0f355-18ce-4e0d-9d88-7f90a4dcfd92,41738,Lot AR-04 VITRERIE,tender,construction,open,tender,7c6c3128-0f89-4fa3-aacc-54bd4e4af447,2026-07-31,VD,Gland,1196,APEC - Association intercommunale pour l'épuration des eaux usées des la Côte (bureau d'architecte Cornaz),0,[]
6b4c6959-c672-4f93-abb6-37f0c74ce35a,41741,Lot-AR07 ETANCHEITE / FERBLANTERIE.,tender,construction,open,tender,d1f3683b-09fc-45df-b80e-593477ced87f,2026-07-31,VD,Gland,1196,APEC - Association intercommunale pour l'épuration des eaux usées des la Côte (bureau d'architecte Cornaz),0,[]
702a5213-ad6b-4a6a-9758-42c9d7c18642,41744,23-083 / BH04 Rénovation parking du personnel ,tender,construction,open,tender,d1ead145-70b9-4bc9-8f30-2163501ab2c9,2026-07-31,,,,CHUV - Constructions ingénierie technique et sécurité (CIT-S),1,"[""d1ead145-70b9-4bc9-8f30-2163501ab2c9""]"
0180341d-5b7e-4b58-8d07-aec4b358fcb8,41859,Centre aquatique de la Fontenette - Ville de Carouge - Appel d'offre CFC 4 Aménagements extérieurs,tender,construction,open,tender,576e07e2-043d-441f-8714-abf008499824,2026-07-31,GE,Carouge,1227,Ville de Carouge - Service des bâtiments,0,[]
eeb790cb-3fe8-4786-9f3d-8207da7a7d22,31663,Extension et rénovation du Lycée-collège de St-Maurice - CFC 273.0,tender,construction,open,award,e9bd1ea5-43a0-42dc-a501-4f38973c8cf2,2026-07-30,VS,St-Maurice,1890,Service immobilier et patrimoine,0,[]
07c30576-a6e5-4319-8668-8f8ba0be5e86,32473,"Ecole de Puplinge, AO-CFC23 : Travaux d'installations électriques",tender,construction,open,award,91a62e0d-2ed1-4ca6-8e6d-6017e8ea2472,2026-07-30,GE,Puplinge,1241,Commune de Puplinge,0,[]
2b101ed9-8837-477a-93a7-3eac98233349,33767,"Ecole de Puplinge, AO-CFC231.5 : Travaux d'installation photovoltaïque",tender,construction,open,award,bd379781-3403-4eac-9c7f-02228d0b1f69,2026-07-30,GE,Puplinge,1241,Commune de Puplinge,0,[]
2e78ede6-e045-4589-863d-e6b1100efb90,35841,Collège de Brique - Rénovation de l'internat / CFC 215 Construction légère préfabriquée - escalier en colimacon (tract sud),tender,construction,open,award,418af961-f08d-4a08-8fc8-91e9c5a35a7a,2026-07-30,VS,Brig-Glis,3900,Service immobilier et patrimoine,0,[]
0290838e-4edf-4ce6-93d3-8a2102dafb0f,36534,Skatepark Bozon,tender,construction,invitation,award,7c5d41b6-4884-43e9-9a40-2fee5ec4a332,2026-07-30,VS,Chalais,3966,Travaux Publics,0,[]
d318333e-3201-4004-8279-3a5a103afc5c,41805,PLAN PHOTOVOLTAÏQUE - CO CAYLA - Echafaudages,tender,construction,open,abandonment,039fc1bc-d882-4573-8bdf-c2768d4e381a,2026-07-30,GE,Genève,1203,Office Cantonale des bâtiments (OCBA),0,[]
5307e919-893e-43fe-8455-57ae981ab55c,1185,Extension de la Haute Ecole de Santé de Genève,tender,construction,open,award,6a70bb77-ec8d-45c1-88ae-7d10559e9982,2026-07-29,GE,Genève,1206,"Etat de Genève, Département du Territoire - DT, Office cantonal des bâtiments - OCBA",0,[]
b28eb7d4-2b13-4669-a79c-e4b51d90977f,26517,Extension de la Haute Ecole de Santé de Genève,tender,construction,open,award,1825d1c2-12f4-4ba9-8d07-38225d87b815,2026-07-29,GE,Genève,1206,"Etat de Genève, Département du Territoire - DT, Office cantonal des bâtiments - OCBA",0,[]
9dc3acc1-b838-4e85-ab56-0a0118622dba,2960,Extension de la Haute Ecole de Santé de Genève,tender,construction,open,award,4ec7485c-373c-4cea-bc21-d9b1e7188026,2026-07-29,GE,Genève,1206,"Etat de Genève, Département du Territoire - DT, Office cantonal des bâtiments - OCBA",0,[]
dbfec85f-5f58-40d7-a949-f673e436a066,32843,Rénovation des toitures existantes de la Haute Ecole de Santé,tender,construction,open,award,0f1b1bbb-4829-48b5-963c-91cc7bde7d7d,2026-07-29,GE,Genève,1206,"Etat de Genève, Département du Territoire - DT, Office cantonal des bâtiments",0,[]
c4b3085e-ebd5-4284-a24a-738ff59b06b3,34661,Centre sportif de Verbier - CFC 281.4 Revêtements intérieurs en pierre,tender,construction,open,abandonment,8e6065bc-bbf5-4832-8e0f-0da1f0d48880,2026-07-29,VS,Verbier,1936,Quartal Sàrl,0,[]
ace49758-a116-4399-b3d7-669b05a32db4,38005,Construction du Réservoir de Chamossalaz et renouvellement des conduites,tender,construction,open,award,c5056b53-42ef-4155-9d30-d3cddfe9b34b,2026-07-29,VD,Montreux,1824,Service Intercommunal de Gestion (SIGE),0,[]
963a2e47-9f50-431e-b60d-9cf456a6473c,41795,596 Gymnase d'Echallens CFC 221.0 221.5 Fenêtres et portes extérieures en bois,tender,construction,open,tender,b743bcf8-0927-4d23-8d38-8d29edb38e15,2026-07-29,VD,Echallens,1040,Direction générale des immeubles et du patrimoine – DGIP,0,[]
a6e0dca4-63ee-473f-9aa6-55f0f063724d,852,Extension de la Haute Ecole de Santé de Genève,tender,construction,open,award,f95d5750-3f92-4cf7-9e8b-c3af664fde06,2026-07-29,GE,Genève,1206,"Etat de Genève, Département du Territoire - DT, Office cantonal des bâtiments - OCBA",0,[]
a660bcf8-d888-43f2-88c4-1614d2a57dae,886,Extension de la Haute Ecole de Santé de Genève,tender,construction,open,award,b2950195-ecf8-43e6-9a80-66b7662194ca,2026-07-29,GE,Genève,1206,"Etat de Genève, Département du Territoire - DT, Office cantonal des bâtiments - OCBA",0,[]
0e0eb9e7-988c-4a21-bb66-20c33863fd27,23840,"Centre Sportif des Trois-Sapins - Echallens - CFC 214 215.2 221 Façades, Construction en bois, Fenêtres, Portes extérieurs",tender,construction,open,tender,1f19eaf3-8e1b-40ef-bf88-fce39729da09,2026-07-28,VD,Echallens,1040,Commune d'Echallens - Service des Bâtiments (AM achitectes Sàrl),0,[]
aa969202-88d0-4f13-9667-5ff6704ed4b0,34280,2690-2 - ACRG - Conduite de liaison entre le réservoir de Giez et le réservoir interrégional de Grandson,tender,construction,open,award,7d356833-7899-4b4c-9310-470a7f9a990c,2026-07-28,VD,Giez,1429,Association à buts multiples des Communes de la Région de Grandson - ACRG,0,[]
af5248d0-6e22-4f36-a501-57f5eadf911e,34289,2690-1 - ACRG - Conduite de liaison entre le réservoir interrégional de Grandson et le secteur Le Pécos,tender,construction,open,award,9754c638-173b-4241-83a2-e9a679f81590,2026-07-28,VD,Grandson,1422,Association à buts multiples des Communes de la Région de Grandson - ACRG,0,[]
9ea73001-a034-4de6-a794-6c05eb2b5d80,34965,"Requalification du chemin Le Cheminet, travaux de mise en séparatif et réfection des réseaux souterrains",tender,construction,open,award,eff3284b-4071-450f-9665-ea239b6e76b5,2026-07-28,VD,Saint-Prex,1162,Commune de Saint-Prex (Bovard & Fritsché SA),0,[]
41e353bb-594b-4c3c-8a29-0935db4b8c7f,41737,Ville d’Yverdon-les-Bains – Rue des Moulins – SEY – Réseaux Eau et Gaz – Travaux d’appareillage,tender,construction,open,tender,c47de43e-18e7-4fff-abd5-301e7c7085f0,2026-07-28,VD,Yverdon-les-Bains,1400,Ville d'Yverdon-les-Bains - Service des énergies (SEY),0,[]
d361a3a6-cf06-47dc-b346-36b52c8e21a0,41740,Vidéosurveillance,tender,construction,open,tender,d922f0fb-e059-42a5-99cd-01448e8b61b4,2026-07-28,GE,Vandœuvres,1253,Commune de Vandœuvres,0,[]
fe2d93b5-d888-4a37-82bf-81f05df31b01,41661,Collège Bahyse II+III - Blonay-St-Légier / Installations MCR,tender,construction,open,tender,44b271b2-ba24-4159-9f69-f6c92fa7a374,2026-07-27,VD,Blonay,1807,Commune de Blonay-St-Légier (Consortium FLBG),0,[]
f9b335ed-00fa-4b1a-be90-eed4e3536d67,41681,Contrat - Cadre : Création de plans d'eau et revitalisation de fossés,tender,construction,open,tender,6926c431-45bd-4ac0-8f0c-8a5ce7b839c5,2026-07-27,GE,Geneva,1203,Etat de Genève - Département du territoire (DT) - Office cantonal de l'agriculture et de la nature (OCAN),0,[]
d1862e2e-99f7-434b-89ea-bfc86f8ff670,37987,Assainissement piscine d'Aubonne - 211 Maçonnerie et GC,tender,construction,open,award,4fbdbe09-503e-4aa5-b9ed-f3b5ddf4a244,2026-07-25,VD,Aubonne,1170,Commune d'Aubonne (Jenzer+Partner AG),0,[]
f15265d6-30f0-4808-a1d6-3af259a3d669,41688,Cité Universitaire - Centrale Thermique GeniTerre ,tender,construction,open,tender,ccb754de-a2bb-4a99-ab4e-fafbef8db180,2026-07-25,GE,Avenue Louis Aubert 4,1206 ,Services Industriels de Genève (SIG) - Direction Projets Industriels et Solutions Digitales - Service Achats,0,[]
60b6680b-cac8-453c-961f-60d14cc95846,20621,STEP - Marché 413 - Revêtements de sol sans joints - Résine,tender,construction,open,award,b0aee9f3-12b5-42ac-84df-b1ee618cfbdf,2026-07-24,VD,Lucens,1522,Association intercommunale pour l’épuration des eaux Moyenne Broye EMB,0,[]
f79c167b-367c-4028-a58a-60fe57a0737d,31661,Extension et rénovation du Lycée-collège de St-Maurice - CFC 224,tender,construction,open,award,5bffb6af-cea6-4709-b14c-43d02b9aab99,2026-07-24,VS,St-Maurice,1890,Service immobilier et patrimoine,0,[]
d166376e-2566-40c2-a60f-8271b0af8194,35934,Appel d’offres pour entreprise totale pour la réalisation de deux bâtiments scolaires provisoires sur le site du Collège de la Planta,tender,construction,open,award,93478f1f-5c42-4873-84aa-bb74c3c013fa,2026-07-24,VD,Chavannes-près-Renens,1022,Commune de Chavannes-près-Renens,0,[]
0334e5bb-506d-4c6d-926f-457c3e4dba80,40762,EPSIC toiture - 231 Installation photovoltaïque,tender,construction,open,tender,4979596d-714a-48fa-b4fb-8ccb8355de39,2026-07-24,VD,Lausanne,1004,DGIP-DAB-Domaine 2 : Ecoles professionnelles,0,[]
ad5dfd1f-6ac0-4e7d-962e-daa47dba0404,40898,Collège de Brique - Rénovation de l'internat / CFC 239.3 Installation Photovoltaique  (tract sud),tender,construction,open,tender,3e529ec3-4ffc-47ba-8737-a4785d3fc0ec,2026-07-24,VS,Brig-Glis,3900,"Département des finances et de l'énergie, Service immobilier et patrimoine",0,[]
37082a88-01ad-4ff1-a211-90ce8ae799d3,41572,EPSM Champ-Fleuri à Glion - Lot 35801 Cuisines professionnelles,tender,construction,open,tender,886b535d-76cc-40d4-bd82-90154b4f59b4,2026-07-24,VD,Glion,1823,Fondation Champ-Fleuri,0,[]
f9766e40-92b2-48b4-a8b2-d8467dc2b13d,38781,595 Gymnase du Chablais CFC 233 Lustrerie,tender,construction,open,tender,bb700863-f9cc-4b99-a3d2-32c16328bfd2,2026-07-23,VD,Aigle,1860,Direction générale des immeubles et du patrimoine – DGIP,0,[]
c4631b81-7ccb-4c33-9281-ef417fed301b,39159,596 Gymnase d'Echallens CFC 358 Agencement de cuisine,tender,construction,open,tender,05825c3d-23c8-4da9-b062-0f5a37dcccec,2026-07-23,VD,Echallens,1040,Direction générale des immeubles et du patrimoine – DGIP,0,[]
2530b15f-40b4-4154-a28c-e3cb85d3bc98,41132,"820 Site de Marcelin, Morges - AO N° 41 CFC 421 Aménagements extérieurs",tender,construction,open,tender,55f6a540-71ce-4758-bf8b-d4bf7db51220,2026-07-23,VD,Morges,1110,Direction générale des immeubles et du patrimoine - DGIP,0,[]
cdebd839-cfb6-4da9-b820-bde1c919e0da,41509,"Affaire n°20-094, Cery Bâtiment de laboratoires, site de Cery nord à Prilly, CFC 4 Travaux d'aménagements extérieurs",tender,construction,open,tender,57da8de0-1cf2-4dc3-9967-4e7ad0e54bfc,2026-07-23,VD,Prilly,1008,CHUV - Constructions ingénierie technique et sécurité (CIT-S) - MG associés sàrl,0,[]
0a7d723b-dea6-46a6-9406-9803728cb058,41514,Mont-sur-Rolle. Démolition de la salle existante et construction d'une nouvelle salle avec salles de classe,tender,construction,open,tender,60dcbae8-f553-4baf-9d7e-5d0070d22b83,2026-07-23,VD,Mont-sur-Rolle,1185,Commune de Mont-sur-Rolle - Ferrari Architectes ,0,[]
9a0861d5-26d5-44ee-a9ab-32cc05147c75,41565,EPFL ASB – AO 27 – CVC Hydraulique et ventilation bureaux,tender,construction,open,tender,9c1b51f2-7280-4e93-9bba-53246c427280,2026-07-23,VD,Lausanne,1015,EPFL VPF ACHATS,0,[]
46a16a25-b56f-48a6-b23c-9d0d696915fb,21023,Rénovation des façades et amélioration de l’enveloppe thermique du bâtiment 1 Espérance - Travaux de crépis de façade - CFC 226,tender,construction,open,abandonment,0c86aa47-d504-44aa-bbb3-1e4e3a6cb407,2026-07-22,VD,Etoy,1163,L´Espérance,0,[]
09a072ab-072f-4e77-ab24-dd1dce52ca3b,31874,Champ-Dollon / Aménagements extérieurs,tender,construction,open,award,976526b5-13e3-4245-9faa-8b993be8a2bc,2026-07-22,GE,Puplinge,1241,Office cantonal des bâtiments (OCBA) - Service Achats et Contractualisation,0,[]
49657a58-7150-480b-a31b-d3832a7ebc38,35633,Ligne BVB - Renouvellement des appareils de voie (AV) en gare Villars-sur-Ollon - Travaux de génie civil et de voie ferrée,tender,construction,open,award,bd4a9719-b906-495e-b7c2-78d85a901693,2026-07-22,VD,Villars-sur-Ollon,1884,Transports Publics du Chablais SA,0,[]
ee3fd468-0d5e-4a67-a101-a42ddc34e6c4,38311,STAP Saint-Jean - Lot GC 02,tender,construction,open,tender,7802d182-ff7b-4a70-b2ea-fd1678c54ff7,2026-07-22,GE,Genève,1203,Services industriels de Genève (SIG) - Direction Achats,0,[]
06aaf1d0-4f6f-4676-b35a-4e95bfa220ed,41060,"Ecole de Puplinge, AO-CFC221.4-272.2 : Fenêtres en aluminium, façade poteaux-traverses et ouvrages métalliques courants",tender,construction,open,tender,5b0543d0-28e3-4b20-a1bc-a0c43d1c9a9f,2026-07-22,GE,Puplinge,1241,Commune de Puplinge,0,[]
6fc54765-3614-46ba-8254-fe22716fafd2,41486,Transformation et agrandissement d'un ESE à Yverdon-les-Bains - K2 - CFC 281.2 REVETEMENTS DE SOL SYNTHETIQUES,tender,construction,open,tender,8c1decc8-ef71-4f5b-947b-8b53beb64fda,2026-07-22,VD,Yverdon-les-Bains,1400,Fondation St-George,0,[]
6df12b96-8063-4b29-91d8-26a92a95617c,28561,Construction du Campus EDHEA et Ecole de couture du Valais à Sierre - CFC 272.0 et 272.3,tender,construction,open,award,a53d65ae-df5c-42e0-946f-3074dcfe55f5,2026-07-21,VS,Sierre,3960,Service immobilier et patrimoine,0,[]
51924cad-ac18-410e-85fc-ea50d4999d94,31662,Extension et rénovation du Lycée-collège de St-Maurice - CFC 228,tender,construction,open,award,dd8a0e42-0ae4-4b23-8376-378980c7ecf8,2026-07-21,VS,St-Maurice,1890,Service immobilier et patrimoine,0,[]
9a779a51-d824-458c-9b60-799264f8d26c,40825,Haute Ecole Pédagogique (HEP)_00697_Lot 101_ Travaux de l'entreprise de maçonnerie,tender,construction,open,tender,50645f77-24fd-49f6-9cf0-303d1aab8b35,2026-07-21,,,,"Etat de Vaud - DEIEP - DGIP, pa Pragma Partenaires SA",1,"[""50645f77-24fd-49f6-9cf0-303d1aab8b35""]"
3c78cadd-2d70-48e4-b47e-81640c8be8e6,41111,"Rénovation, transformation et agrandissement du site de l'épicentre à Collonge-Bellerive / Marché n° 11-2: CFC 221.0 FENÊTRES BOIS ET CFC 221.5 PORTES EXTÉRIEURES EN BOIS",tender,construction,open,tender,2179704e-42e0-4e77-bc31-aef356a78c3e,2026-07-21,GE,Collonge-Belllerive,1245,Commune de Collonge-Bellerive / Service des bâtiments / Projet EPICENTRE,0,[]
eea0441e-4df6-40d6-91fd-0c101b0f5963,41184,Centre aquatique de la Fontenette - Ville de Carouge - Appel d'offre 41910 Toboggan,tender,construction,open,tender,d095a991-33d2-463a-8081-d38d96b9abff,2026-07-21,GE,Carouge,1227,Ville de Carouge - Service des bâtiments,0,[]
7b769975-e991-45cd-acbf-f9b43d43ec8c,41350,22400 Couverture Equipement Communal Mixte à Veyrier,tender,construction,open,tender,d4cd4a04-7dfe-44d5-9b6c-0b01e1b59a79,2026-07-21,GE,Veyrier,1255,Commune de Veyrier (bureau architech ),0,[]
adca2dad-418a-4e46-95d2-29220c92ffa4,34469,EPFL DOUBLE DECK - CFC 248 Calorifugeage,tender,construction,invitation,award,25ab58cf-c541-487e-a956-721184167405,2026-07-20,VD,Lausanne,1015,EPFL VPF ACHATS,0,[]
83c72c4b-b529-4774-9ed2-2488f606f413,39164,UNI - BASTIONS Central _ CFC272.20 - Ouvrages métalliques courants,tender,construction,open,tender,ba8fb484-293a-46c6-b330-f675d16c4e1e,2026-07-20,GE,Genève,1205,Office Cantonale des Bâtiments (OCBA) - Poolailes,0,[]
6f4dc88a-0d8c-40b6-ac7b-4629b45b5379,40507,UNI - BASTIONS Central _ CFC373.00 - Mobilier sur mesure OCBA,tender,construction,open,tender,9cb66b8b-e1ef-4131-9bca-13136227c05c,2026-07-20,GE,Genève,1205,Office Cantonale des Bâtiments (OCBA) - Poolailes,0,[]
0c52888e-3c5e-4cfd-b22a-c9f1c522c73b,40728,ISP Rhone Grengiols - Dringliche Massnahme Instandstellung der Ufersicherung und Sohlenstabilität - Baumandat,tender,construction,open,tender,5d56a713-a740-4823-898e-9f1a7b4064bb,2026-07-20,VS,Grengiols,3993,Kanton Wallis - DMRU - Dienststelle Naturgefahren (DNAGE),0,[]
82ddb58d-4161-4df1-b277-0beba3c59d7b,41336,CENTRE D'ACCUEIL POUR JEUNES,tender,construction,open,tender,de6081c7-ec71-40d3-bdd6-db8e23796082,2026-07-20,,,,Hospice Général (GE) - Service Immobilier (M+R ARCHITECTURE ET DT sàrl),1,"[""de6081c7-ec71-40d3-bdd6-db8e23796082""]"
017b5b5e-82a2-46d8-bb29-5e8151acd6ce,41337,5003 - A11 - Périmètre Bac – Maisonnettes – Louis-Bertrand - Marché de travaux de construction concernant le CFC 25- Installations sanitaires,tender,construction,open,tender,966f890a-cb75-4026-b162-fc7872be58d5,2026-07-20,GE,Lancy,1213,Ville de Lancy (atelier OBJECTIFS SA),0,[]
cb800d43-595a-458b-b003-fb5b3a2e4e61,41349,ID185 Démantèlement Foretaille Poste 130KV et 18 KV,tender,construction,open,tender,bb61c99a-876c-41c2-8d0f-14915155c470,2026-07-20,GE,Bellevue,1234,Services industriels de Genève (SIG) - Direction Achats,0,[]
8db0152f-b99d-478f-bfa4-97d3ac6d8bb6,41361,MEY-27700 CLOISONS AMOVIBLES,tender,construction,open,tender,5fad7c4f-8ac6-4fd6-b086-987f0d6f985f,2026-07-20,GE,Meyrin,1217,VILLE DE MEYRIN,0,[]
8a08657f-dc50-40d8-9f59-afc97c8c1ccd,41387,Hôpital Lavaux Lot 287000 Nettoyage fin de chantier,tender,construction,open,tender,3fca33e2-4d3b-400d-9a31-329d2d6d3bf8,2026-07-20,VD,Cully,1096,Hôpital de Lavaux - Projet IMAGO,0,[]
6b8c32be-fb21-4b59-94b0-71a0e40492b5,945,Extension de la Haute Ecole de Santé de Genève,tender,construction,open,abandonment,ce4673f9-b1b2-4941-8385-88c537e3e325,2026-07-20,GE,Genève,1206,"Etat de Genève, Département du Territoire - DT, Office cantonal des bâtiments - OCBA",0,[]
feca42bc-5ef4-492f-88c6-e6622940026c,30708,595 Gymnase du Chablais CFC 231.5 Équipements de production d'énergie électrique: panneaux photovoltaïques,tender,construction,open,award,3d50c790-644c-4aa1-9fd2-ac7207bdcdcd,2026-07-18,VD,Aigle,1860,Direction générale des immeubles et du patrimoine – DGIP,0,[]
af467b11-3afb-4ce2-95cc-af7de2ceade6,41216,H203 Tunnel de Tête-Noire - Lot installations électrique,tender,construction,open,tender,9d4c7f66-08ce-41cf-a324-b4342f8360d1,2026-07-18,VS,Trient,1929,"Etat du Valais, Département de la Mobilité, du Territoire et de l’Environnement, par le  Service de la mobilité, Arrondissement 3 – Bas-Valais",0,[]
b625d2f5-0e20-477e-b2dd-0c9fbef8b1cd,41294,Langsamverkehrserschliessung - Dorfplatz und Parkhaus - BKP 211 Baumeisterarbeiten,tender,construction,open,tender,e9cbad93-637e-4716-8493-8e3a410058a4,2026-07-18,VS,Bitsch,3982,Gemeindeverwaltung Bitsch,0,[]
c5f72203-50e5-438f-a1bc-9c1c3d6218ae,38197,Conduite eau potable Baar - Aproz,tender,construction,invitation,award,8458a69e-dee0-4af7-b48f-ad0456f4b6f1,2026-07-17,VS,Baar (Nendaz),1996,Commune de Nendaz,0,[]
13bb015c-9a26-4387-9fc6-70c00c16724b,39007,EPSM LES MYOSOTIS - CFC 214.4 REVÊTEMENT DE FACADE EN BOIS,tender,construction,open,tender,152a4dfa-3ad2-42e3-af99-d42952d2625d,2026-07-17,VD,Montherod,1174,Fondation Stanislas (quartal),0,[]
0b2028e8-3708-4ff0-96fe-723e03e261a4,40087,Renouvellement de la ligne de contact entre Arzier et St-Cergue - Travaux de génie civil,tender,construction,open,tender,348ec7d6-982e-4ef8-ac1b-ca452ba00f8b,2026-07-17,VD,Arzier-Le Muids,1273,"Compagnie du chemin de fer Nyon-St-Cergue-Morez SA, Service infrastructure",0,[]
62e7be9d-a3b0-472e-9b06-b88d47ce48ae,40987,H203 Tunnel de Tête Noire / Assainissement et sécurisation,tender,construction,open,tender,a876145c-b95a-4178-8ff4-5cb6ec39a638,2026-07-17,VS,Trient,1929,Service de la mobilité / Dienststelle für Mobilität - Arrondissement 3 Bas-Valais / Kreis 3 Unterwallis,0,[]
a813be3a-5ca9-43f6-a772-a21ed32c3f1a,33599,"Mandat d'ingénieur civil spécialiste en travaux routiers, ouvrages de soutènement & hydrogéologue-géotechnicien pour correction du tronçon de route Sierre-Corin, RC 46 Sierre-Chermignon-Crans, territoire des communes de Sierre et Crans-Montana",tender,construction,open,award,9fa04719-78ea-4323-b44b-39ecba9ef3c8,2026-07-16,VS,Sierre,3960,"Département de la mobilité, du territoire et de l'environnement",0,[]
8fea93bf-35d8-44fe-b232-7164ddf8bfb8,35282,22830 Stores en toile Equipement Communal Mixte à Veyrier,tender,construction,open,award,f7c63501-aa1a-4214-81e7-a737b05b12c7,2026-07-16,GE,Veyrier,1255,Commune de Veyrier (bureau architech ),0,[]
3de593f9-1f2a-4d80-94be-7e02c0b4d11b,35284,28100 Chapes Equipement Communal Mixte à Veyrier,tender,construction,open,award,e0ccde34-e8e5-4376-9d5a-4537a8eea6df,2026-07-16,GE,Veyrier,1255,Commune de Veyrier (bureau architech ),0,[]
be2869b0-7185-4de3-a6bc-c1e77566c14f,35285,27300 Portes intérieures en bois Equipement Communal Mixte à Veyrier,tender,construction,open,award,7a09fd42-48d7-44e8-a630-12d5d706a9c2,2026-07-16,GE,Veyrier,1255,Commune de Veyrier (bureau architech ),0,[]
18cda05f-9b38-41c4-a5cc-7c9e1fb6495d,35286,22110 Façades Rideaux Equipement Communal Mixte à Veyrier,tender,construction,open,award,d2fedc8c-3abb-4198-a0d9-e4120688a6bd,2026-07-16,GE,Veyrier,1255,Commune de Veyrier (bureau architech ),0,[]
1b7cd892-c93c-4a9b-83e6-47401244ab68,39897,"Affaire n°20-094, Cery Bâtiment de laboratoires, site de Cery nord à Prilly, CFC 273.0 Portes intérieures en bois",tender,construction,open,tender,d063e423-c169-4d8a-809c-8cc0a442ae5d,2026-07-16,VD,Prilly,1008,CHUV-Construction Ingénierie Technique et Sécurité (CIT-S) - Diserens Maurel Architectes,0,[]
c7af24eb-10d5-4474-9e85-3e36330c5e13,41236,Entreprise Totale – Projet Les Houchettes – Collex-Bossy,tender,construction,selective,tender,1cd31f07-e198-43c3-9ae5-5f4937b08f59,2026-07-16,GE,Collex-Bossy,1239,Commune de Collex-Bossy (Swiss Urban Operator),0,[]
326394de-ddb6-49b6-be85-c992360bddc9,26341,HUG - BS26 - CFC 293 Ingénieur électricien,tender,construction,invitation,award,a1f1ab81-07d1-4dc8-9c4e-cd4577640d31,2026-07-15,GE,Genève,1205,Centrale d'achats et d'ingénierie biomédicale Vaud-Genève (CAIB),0,[]
37379fbd-000c-4a6e-aa0b-516ae39b3428,31660,Extension et rénovation du Lycée-collège de St-Maurice - CFC 221.4,tender,construction,open,award,c51bd465-2365-4901-adb2-f9f7058d6a71,2026-07-15,VS,St-Maurice,1890,Service immobilier et patrimoine,0,[]
17d539a2-3f6b-483c-aa1c-934a574f8a68,36204,Rénovation du bâtiment de la police cantonale à Brique / CFC 240 Installations de chauffage,tender,construction,open,award,a84de5ef-acd4-4c83-8053-783977934fe3,2026-07-15,VS,Brig-Glis,3900,Service immobilier et patrimoine,0,[]
c1b0e056-48d6-44ac-9430-f0ddc9e194e4,36473,"Rénovation, transformation et agrandissement du site de l'épicentre à Collonge-Bellerive / Marché n°12 - Ascenseurs",tender,construction,open,abandonment,890c4fae-1fee-47d9-8533-33d5fd96de18,2026-07-15,GE,Collonge-Belllerive,1245,Commune de Collonge-Bellerive / Service des bâtiments / Projet EPICENTRE,0,[]
61898e50-1583-48e0-aa3c-386f18991323,36722,"Copie NG13 Täsch-Zermatt, Travaux de construction, galerie Schusslaui, lot 2",tender,construction,open,tender,9df32668-6f18-4a11-a95a-b822d0cdf23f,2026-07-15,VS,Brig-Glis & Naters,3902,Service de la mobilité - Arrondissement 1 Haut-Valais,0,[]
0fd688a5-c477-4988-bb11-9e0395e0e6e1,36725,"Copie Copie NG13 Täsch-Zermatt, Travaux de construction, galerie Schusslaui, lot 2",tender,construction,open,tender,dcf3e4d7-9923-4bc2-ac75-cbd8ee07f498,2026-07-15,VS,Brig-Glis & Naters,3902,Service de la mobilité - Arrondissement 1 Haut-Valais,0,[]
2a92c0cf-2118-4082-8bbc-9f297b886202,40102,Construction et  transformation des ateliers de l'EPCL sur le site de Crêtelongue à Sierre,tender,construction,open,tender,6576f1f3-3b6f-46b5-98cf-d6c26aec5482,2026-07-15,VS,Granges,3977,Service immobilier et patrimoine / Dienststelle für Immobilien und Bauliches Erbe - Investissements / Investitionen,0,[]
c1feb71d-be29-4daa-8e1a-88634035cc02,40173,"Rénovation du Poste HT-MT de la Foretaille - Lot 25 : Démolition, dépollution, béton et renforts – Phases 2 à 5",tender,construction,open,tender,b09de95d-d1f1-4386-8d5b-f627b500da62,2026-07-15,GE,Bellevue,1293,Services industriels de Genève (SIG) - Direction Achats,0,[]
ea75e8d4-fe79-43a6-b337-c7ab960a9d16,40274,Agrandissement des jardins familiaux de Champ-Bossu,tender,construction,open,tender,63d250c1-81c2-42b2-a07f-435755e1bab5,2026-07-15,GE,"Chemin Mouille Galland 1, Vernier",1214,Département du territoire . Office Cantonal des Bâtiments,0,[]
22967eac-33e2-4e05-af43-02afae844b7f,41026,Belagssanierung Rhonepromenade Naters,tender,construction,open,tender,b26ccf78-7cc9-41d8-9bf1-2250b859f329,2026-07-15,VS,Naters,3904,Gemeinde Naters (Infrastruktur und Umwelt),0,[]
a0624b1e-471a-4fdd-b425-040bc0835005,41047,"Recharge eBus - dépôt Perrelet :  Electrification des pistes 6, 10 et atelier",tender,construction,open,tender,399c472f-d112-4be5-a36d-6912b22e66ca,2026-07-15,VD,Renens,1020,Transports publics de la région lausannoise SA - Ferrari Architectes,0,[]
e482a68f-43a3-4500-a363-082ffa0bccbd,41155,Adapatation de la gare de Le Muids  et renouvellement de voie - Travaux de construction de voie ferrée,tender,construction,open,tender,b89b760b-3b84-43f5-bf54-0d9f12ae622a,2026-07-15,VD,Arzier - Le Muids,1273,Compagnie du chemin de fer Nyon-St-Cergue-Morez SA,0,[]
61f46b58-8fe2-4949-b079-6df78ab419ce,41169,YPERIA - OIKEN - Lot 281.6 Carrelage & Faïences,tender,construction,open,tender,f3e064fd-f560-4e2b-b2ac-f1ce3fc8bb6b,2026-07-15,VS,Sierre,3960,OIKEN SA (Pragma Partenaires SA),0,[]
7fa36256-07fa-4bac-a118-afd7227c4cfa,29568,Requalification du Prieuré 2a -Pully en restaurant et bibliothèque communale.,tender,construction,open,award,e1780f27-9887-4ab5-a451-6a19e8d17879,2026-07-14,VD,Av. du Prieuré 2a,1009,Ville de Pully - Direction de l'Urbanisme et de l'Environnement - Regtec SA,0,[]
1b690357-5d00-450b-ba54-6334b69b303e,32522,RC74 - Route d'Aire-la-Ville - Aménagements cyclables en continuité du pont de Peney entre la route de Verbois et la route du Bois-de-Bay,tender,construction,open,award,7055b9fd-b00e-4d41-acee-62fd5d188417,2026-07-14,GE,Satigny & Aire-la-Ville,1242/1288,OCGC - DPC - Service des Routes,0,[]
3120c1fd-9406-4029-a2e5-b387d02dfee2,36375,Projet de rénovation énergétique du complexe scolaire,tender,construction,open,award,cb92ed48-7f0d-4179-a36f-7daacd830534,2026-07-14,VD,Commugny,1291,Commune de Commugny - Bureau de l'Urbanisme,0,[]
30844ab6-99c7-4849-a511-ea6cee63943b,36471,"Rénovation, transformation et agrandissement du site de l'épicentre à Collonge-Bellerive / Marché n° 11 - CFC 221.0 FENÊTRES BOIS ET CFC 221.5 PORTES EXTÉRIEURES EN BOIS",tender,construction,open,abandonment,14e41e23-2332-471d-ac29-33da972b599e,2026-07-14,GE,Collonge-Belllerive,1245,Commune de Collonge-Bellerive / Service des bâtiments / Projet EPICENTRE,0,[]
64854cbd-8210-4abb-806a-7fc678a43b04,37337,"Ecole de Puplinge, AO-CFC272 : Travaux d'ouvrages métalliques de façades",tender,construction,open,abandonment,0a9f7095-eec9-481c-a652-de008d48251a,2026-07-14,GE,Puplinge,1241,Commune de Puplinge,0,[]
e9789e2f-6bb3-4603-b6b5-3b2f4b9922f9,40661,"595 Gymnase du Chablais CFC 281.6, 282.5 Carrelages et faïences",tender,construction,open,tender,a589573a-0720-472f-aff3-423568fa3663,2026-07-14,VD,Aigle,1860,Direction générale des immeubles et du patrimoine – DGIP,0,[]
e5e35d51-b4ae-40eb-90ed-da27c2b40f2c,41014,595 Gymnase du Chablais CFC 285.1 Peinture intérieure,tender,construction,open,tender,1ba89c37-497c-4147-94b8-1ad8da713b2a,2026-07-14,VD,Aigle,1860,Direction générale des immeubles et du patrimoine – DGIP,0,[]
a6b39c8a-bcb4-44de-a2cb-a190db4f3fc2,41065,CHUV_CIT-S_Fourniture et travaux d’installation de nouvelles centrales d’appel malade dans plusieurs bâtiments de la Cité universitaire_Affaire n° 25-086_CFC n° 236_Installations d’appel malade,tender,construction,open,tender,f8995b81-e1c3-4eba-9984-1dbb1d39d0f5,2026-07-14,VD,Lausanne,1005,"CHUV - Direction des constructions, ingénierie, technique et sécurité (CIT-S)",0,[]
d6864a4e-f12a-4513-89ec-dbef2e88b619,33324,"Création d’une canalisation intercommunale nécessaire à l’acheminement des eaux usées sur la STEP de Nyon, sur le territoire de Gingins et Grens",tender,construction,open,award,3991b666-e552-4bcf-8b94-0e58b9aaf32d,2026-07-13,VD,Gingins,1276,Commune de Gingins et Chéserex (Bovard & Fritsché SA),0,[]
197f52f1-4714-4e01-9c65-c8f9546c15a5,39710,Mesures de remise en état liées aux intempéries de juin/juillet 2024 et d’avril 2025 - Digues du Rhône à Chamoson-Riddes - Travaux remise en état rive gauche amont Genetti,tender,construction,open,tender,92dadfaa-db60-469a-bfc4-c5dd85c66ab4,2026-07-13,VS,Riddes,1908,Service des dangers naturels / Dienststelle Naturgefahren - Section R&L / Sektion RuG,0,[]
03dd61c3-a4ef-43f5-ac90-374a50706a99,40913,STEP Echallens - CFC 24 Installations hydrauliques,tender,construction,open,tender,8ecd7b2b-5ffa-4624-816e-f34630481814,2026-07-13,VD,Echallens,1040,ASET / Association intercommunale STEP Echallens Talent (TRITON),0,[]
e89aebc2-cefc-4d1a-89fc-d751494c8ea5,40932,STEP Echallens - CFC 244 Installations de ventilation,tender,construction,open,tender,edcfff58-6c15-48ee-a4f7-677432648fd1,2026-07-13,VD,Echallens,1040,ASET / Association intercommunale STEP Echallens Talent (TRITON),0,[]
cba0108b-5576-4408-a87b-83c7a4885537,40961,"Marcelin, Nouvelle salle VD5 / AO-008, Etanchéité",tender,construction,open,tender,a66205c8-4445-44a3-8f7c-e291902724a2,2026-07-12,VD,Morges,1110,"Direction de l'ingénierie, de l'architecture et de la durabilité – DIAD",0,[]
eb554017-6110-4e2e-9ae9-a2f2feec2112,36472,Commune d'Arbaz / Réaménagement de la route du village,tender,construction,open,award,3dc278e3-dedd-4481-bab6-340a479b645f,2026-07-11,VS,Arbaz,1974,Commune d'Arbaz,0,[]
7fbc00fc-4b41-4377-8ca7-0b9eada2f8f8,37295,Travaux de génie civil pour la construction du dépotoir de Verfi - Montagnon,tender,construction,open,award,b8fe5c13-71e5-403c-96c0-c5b6dfbf2e94,2026-07-11,VS,Montagnon,1912,Gaetan dubuis,0,[]
862f5124-4d22-4a6e-bb4c-bc405111f415,40886,"Rénovation du bassin de natation du Grand-Saconnex. Lot 02: Démolitions, Maçonnerie",tender,construction,open,tender,aa1e43ff-f991-4e98-8204-51bc212fc504,2026-07-11,,,,Ville du Grand-Saconnex (EMA Eric Maria Architectes Associés SA),1,"[""aa1e43ff-f991-4e98-8204-51bc212fc504""]"
534c170f-6b05-489c-b6d7-3e02eb0c74b8,35840,Collège de Brique - Rénovation de l'internat / CFC Chapes (tract sud),tender,construction,open,award,4ecfd7ff-11e8-499a-997a-02206e3e6106,2026-07-10,VS,Brig-Glis,3900,Dienststelle für Immobilien und Bauliches Erbe,0,[]
3563978c-bd80-46aa-814f-972a95fc6a36,36126,EMS Louis Boissonnet à Lausanne - CFC 226 Façade périphérique et ventilée,tender,construction,open,abandonment,bb128892-852e-49c0-bb7e-862293df4511,2026-07-10,VD,Lausanne,1010,Fondation Louis Boissonnet (quartal),0,[]
72777196-e629-48b0-b3bc-1acfd40a2668,36483,"Rénovation, transformation et agrandissement du site de l'épicentre à Collonge-Bellerive / Marché n°23 - Construction en BOIS",tender,construction,open,tender,44740004-4007-4af3-a02a-5063ece1dd28,2026-07-10,GE,Collonge-Belllerive,1245,Commune de Collonge-Bellerive / Service des bâtiments / Projet EPICENTRE,0,[]
ac9b3934-ddc1-4136-8481-2ad5f4fca44d,37072,Extension du groupe scolaire de Corsier - AO 281.0 - chapes,tender,construction,open,award,eb7fe498-4586-4217-891f-b8026ce83ca0,2026-07-10,GE,Corsier,1246,FdMP réalisation,0,[]
fbd1d0fa-50da-4d82-a82d-b917c38b1b30,37812,UNI - BASTIONS Central _ CFC372.00 - Rayonnages standards métalliques Bibliothèque,tender,construction,open,tender,ee858e35-a6b7-4d0e-9144-d8839f6a5842,2026-07-10,GE,Genève,1205,Université de Genève - Secteur Mobilier et Déménagement,0,[]
1175d5f6-1461-4f4f-8891-421332dc4337,38029,MVR-N - Centre de maintenance matériel roulant à Montreux - Travaux d'installations sanitaires,tender,construction,open,tender,11479852-6497-4db4-801d-dbf3853d97bd,2026-07-10,VD,Montreux,1820,Transports Montreux-Vevey-Riviera SA,0,[]
87eb7f0f-ae7b-4778-9c6f-9f5ec06ca338,38848,"CFC 271+285 - Avenue Guillemin: Réhabilitation du bât. 9-11, Transformation et mise en conformité de la garderie du parc bât. 7",tender,construction,open,tender,fc6c62ea-154f-408b-b3cb-8ce5f59be3ea,2026-07-10,VD,Pully,1009,Ville de Pully - Direction de l'urbanisme et de l'environnement,0,[]
ad58b78d-96fd-4bef-a794-7fe3aafb229c,38850,"CFC 273 - Avenue Guillemin: Réhabilitation du bât. 9-11, Transformation et mise en conformité de la garderie du parc bât. 7",tender,construction,open,tender,d55be1f2-20da-4943-ad5c-765f21ef2781,2026-07-10,VD,Pully,1009,Ville de Pully - Direction de l'urbanisme et de l'environnement,0,[]
7e415487-80ce-488f-a5cb-97c528edcfab,38851,"CFC 283+285 - Avenue Guillemin: Réhabilitation du bât. 9-11, Transformation et mise en conformité de la garderie du parc bât. 7",tender,construction,open,tender,689cb7a4-675c-4530-ad83-c166aa7bf301,2026-07-10,VD,Pully,1009,Ville de Pully - Direction de l'urbanisme et de l'environnement,0,[]
c685ba55-4541-46c2-85ce-8611f264da79,39479,Sainte-Croix - PDCC - Lot 3,tender,construction,open,tender,f72b6820-c63d-4187-8c56-d3bac2235612,2026-07-10,VD,Sainte-Croix,1450,Commune de Sainte-Croix,0,[]
ef9b7b31-bc3e-4d5e-b753-860a8a6c1919,39879,595 Gymnase du Chablais CFC 378 Équipements fixes et tribunes escamotables salle de sport,tender,construction,open,tender,d9bed044-bbaf-44ca-b438-85f282c2839a,2026-07-10,VD,Aigle,1860,Direction générale des immeubles et du patrimoine – DGIP,0,[]
11f2a2e3-218f-4ac0-8ca0-9120d56ca9ae,39937,Groupes électrogènes de secours,tender,construction,open,tender,7d5c6fea-6583-4968-99f7-26d86fa1489b,2026-07-10,GE,Genève,1205,Centrale d'achats et d'ingénierie biomédicale Vaud-Genève (CAIB),0,[]
1bacc5e7-d1a3-43a7-9813-35bb7595033b,40122,Construction et  transformation des ateliers de l'EPCL sur le site de Crêtelongue à Sierre,tender,construction,open,tender,77e44f4d-37b4-41f6-9dd6-d40fe5e7cb40,2026-07-10,VS,Granges,3977,Service immobilier et patrimoine / Dienststelle für Immobilien und Bauliches Erbe - Investissements / Investitionen,0,[]
f3bb77ba-ed91-48ea-b24d-551acca355e6,40124,Construction et  transformation des ateliers de l'EPCL sur le site de Crêtelongue à Sierre,tender,construction,open,tender,36cfa582-9489-42fb-b6c0-854bdd0d5052,2026-07-10,VS,Granges,3977,Service immobilier et patrimoine / Dienststelle für Immobilien und Bauliches Erbe - Investissements / Investitionen,0,[]
790abc44-feeb-418b-a540-6884d4d72f1b,40812,"Extension du dépôt de Perrelet - Sous-station basse tension ""tl DPO""",tender,construction,open,tender,73219f15-dea2-4fc1-a421-7c2ffcd4b649,2026-07-10,VD,Renens,1020,Transports publics de la région lausannoise SA - Ferrari Architectes,0,[]
a75ef9be-ed10-4f7c-8236-7a8f15953b95,40851,AO 2021-078 CEVA CABA,tender,construction,open,tender,9d805cb6-407a-4911-b1ac-f8191da49592,2026-07-10,GE,Lancy,1228,Services industriels de Genève (SIG) - Direction Achats,0,[]
160756bd-bff4-458d-8b59-85ddba03040c,32732,Campus Santé - Lot 287 Nettoyage HESAV,tender,construction,open,award,d47845b3-adc8-41ba-9fae-fe8585ea8f89,2026-07-09,VD,Chavannes-près-Renens,1022,Etat Vaud - DGIP p/a Pool de mandataires Banquet,0,[]
030a7b80-0c0e-44ee-bcee-6a75351b0eba,39533,OA 2901 - Pont des Marais : Travaux de démolition/construction ,tender,construction,open,tender,69c127f7-b4bb-4720-b165-0da76c716808,2026-07-09,GE,Confignon,1232,Commune de Confignon,0,[]
061e9744-d608-435a-a5ed-77393870dea8,39606,595 Gymnase du Chablais CFC 424 Places de jeux. équipements et revêtements de sols sportif,tender,construction,open,tender,b24a3e5f-d83f-4650-a8ed-32bf3c201b7e,2026-07-09,VD,Aigle,1860,Direction générale des immeubles et du patrimoine – DGIP,0,[]
f9c5e9d9-d3e3-40f7-a54d-e26916fc771c,34301,Rénovation bâtiment Beau-Site Aigle - CFF 244 Installations de ventilation,tender,construction,open,award,74fb4e95-3139-4f8e-8b4e-987ffd4f15fa,2026-07-08,VD,Aigle,1860,Transports Publics du Chablais SA,0,[]
3ecaa844-844b-43f8-bec5-93407bde1ecd,35101,Rénovation des revêtements synthétiques des terrains de football du centre sportif de En Marcy à St Prex,tender,construction,open,award,7efdc114-b412-49a4-9f74-8c54a074894d,2026-07-08,VD,Saint Prex,1662,Commune de Saint-Prex (F-Partenaires),0,[]
f81c3240-476a-4963-9cae-cef2c262fac7,39190,1572 - PLQ Rolliet Voiries - AMEX,tender,construction,open,tender,8cb6b32c-509a-49f9-b66e-17619f308546,2026-07-08,,,,"Plan-Les-Ouates, Service de l’aménagement du territoire",2,"[""8cb6b32c-509a-49f9-b66e-17619f308546"", ""8cb6b32c-509a-49f9-b66e-17619f308546""]"
06f94abd-1fb1-44c6-b19c-6faf52c14621,40527,"Aménagements extérieurs du secteur 3 - Hôpital de Lavaux, Cully",tender,construction,open,tender,81646895-6338-4101-bb80-f44d174f2590,2026-07-08,,,,HÔPITAL DE LAVAUX,5,"[""81646895-6338-4101-bb80-f44d174f2590"", ""81646895-6338-4101-bb80-f44d174f2590"", ""81646895-6338-4101-bb80-f44d174f2590"", ""81646895-6338-4101-bb80-f44d174f2590"", ""81646895-6338-4101-bb80-f44d174f2590""]"
0a3d195d-8b65-4fdf-b69c-b341cee3fc4e,29365,Collège Bahyse II+III - Blonay-St-Légier / Plâtrerie-Peinture-Plafonds,tender,construction,open,award,1d4f0c3b-0ffb-4f63-b022-5d405102a397,2026-07-07,VD,Blonay,1807,Commune de Blonay-St-Légier (Consortium FLBG),0,[]
6f1f110f-71e0-406f-be67-f08f1de82779,31792,Rénovation école du Bosson - Couverture_étanchéité,tender,construction,open,tender,7f68a340-71d6-4d12-b144-b5c9d4600f48,2026-07-07,GE,Onex,1213,Ville d'Onex (Bureau d'architectes Burckhardt Architecture SA),0,[]
ef920a72-f413-4a13-9e45-6e729d674f38,32602,MVR_Ligne Rochers-de-Naye_Assainissement du pont et de la halte des Planches,tender,construction,open,award,58f6ad18-50e1-48ad-95e8-00663160a3f1,2026-07-07,VD,Montreux,1820,Transports Montreux-Vevey-Riviera SA,0,[]
d8aa7df0-4a9f-4e1d-a183-4858f53d7374,39790,Haute Ecole Pédagogique (HEP)_00697_Lot 100_ Travaux spéciaux et terrassement,tender,construction,open,tender,a45271fc-c037-4bb9-b4b1-7a501e7607d7,2026-07-07,,,,"Etat de Vaud - DEIEP - DGIP, pa Pragma Partenaires SA",1,"[""a45271fc-c037-4bb9-b4b1-7a501e7607d7""]"
3642ce1c-cdc4-424d-87a1-13225f7dfc8b,40296,"Ligne MOB - Renouvellement de la gare de Flendruz - Travaux Génie Civil, Voie ferrée et Second œuvre.",tender,construction,open,tender,8a7be11c-6c56-4ec3-9b94-f144744a46ef,2026-07-07,VD,Flendruz,1659,Libertad Machordom,0,[]
93c10187-8ff6-4cde-8391-64edeb3d3baa,40452,Réfection de la route et aménagement d’un trottoir entre le chemin des Racettes et le chemin des Chavanus le long de la route de Céligny,tender,construction,open,tender,c1d11f63-2f2f-4b75-926c-bbc991e09d74,2026-07-07,VD,Founex,1297,Commune de Founex (Bovard & Fritsché SA),0,[]
ab107c3a-df09-4a8f-ae23-04e74396510c,40506,Rénovation du bassin de natation du Grand-Saconnex (Lot 07),tender,construction,open,tender,4ec780e5-5d35-4ddc-b064-ca845a375807,2026-07-07,,,,Ville du Grand-Saconnex (EMA Eric Maria Architectes Associés SA),1,"[""4ec780e5-5d35-4ddc-b064-ca845a375807""]"
03b517f6-a664-4514-8184-4aca69e7268c,40544,YPERIA - OIKEN - Lot 400.000 Aménagements extérieurs,tender,construction,open,tender,db2149f6-f0a6-46d9-a163-c082ee411ae1,2026-07-07,VS,Sierre ,3960,OIKEN SA (Pragma Partenaires SA),0,[]
163c0538-2198-4cfb-9689-6a610e584da9,34642,P+R P47- Lot 12.0 Portes métalliques / Serrurerie,tender,construction,open,award,8383b1c0-761e-4b7c-9b4c-8fd305387330,2026-07-06,GE,Grand-Saconnex,1218,Fondation des Parkings  - Service des achats,0,[]
692a3052-db6f-4418-8d6e-d8c7d8cc877f,37941,MVR-N - Centre de maintenance matériel roulant à Montreux - Travaux de génie civil,tender,construction,open,tender,8328f3a3-2f67-4c8e-b5e7-dcd4e4e72367,2026-07-06,VD,Montreux,1820,Transports Montreux-Vevey-Riviera SA,0,[]
91f81a0c-0249-4a8d-badc-2e9cac399f85,38378,"3. Rhonekorrektion - Prioritäre Massnahme von Visp, Los 6b Baltschiederbach - Baumeisterarbeiten",tender,construction,open,tender,b82e7c65-a0e5-4f48-9bb4-0c79135bdc2c,2026-07-06,VS,Baltschieder,3937,Dienststelle Naturgefahren,0,[]
6db1880c-e2f0-41b0-84d8-df852052efa5,40170,Rénovation du Poste HT-MT de la Foretaille - Lot 20 : Aménagement de jardins tests et plantations – PHASE 1,tender,construction,open,tender,e47959e7-11f1-437d-b728-dfbcda930fd6,2026-07-06,GE,Bellevue,1293,Services industriels de Genève (SIG) - Direction Achats,0,[]
4b102784-fbd3-4708-9b83-ffab3cff73fd,40175,Rénovation du Poste HT-MT de la Foretaille - Lot 26 : Installations SAN – Phases 2 à 5,tender,construction,open,tender,46904178-1fc5-4deb-9b57-c236944f0abc,2026-07-06,GE,Bellevue,1293,Services industriels de Genève (SIG) - Direction Achats,0,[]
4a9ad937-0765-48c2-a335-9710517dc90c,40177,Rénovation du Poste HT-MT de la Foretaille - Lot 27 : Installations CVCR – Phases 2 à 5,tender,construction,open,tender,ba70495a-b6d8-44e8-9bb3-89207a50a8fa,2026-07-06,GE,Bellevue,1293,Services industriels de Genève (SIG) - Direction Achats,0,[]
a70cce1f-4601-4d49-a426-b66bef01926e,40411,PTE Installation photovoltaïque sur le site Battelle A et B,tender,construction,open,tender,4a322f9d-a6d3-4bdb-adb5-128eee7c5410,2026-07-06,GE,Carouge,1227,Office cantonal des bâtiments (OCBA),0,[]
767fa15d-dd72-4038-8f6b-980eb7dea293,35287,22100 Menuiseries extérieures  Fenêtres et portes Bâtiment logement et extension Communal Mixte à Veyrier,tender,construction,open,tender,d385a958-e965-4777-bdd5-1253caf922f6,2026-07-04,GE,Veyrier,1255,Commune de Veyrier (bureau architech ),0,[]
f6e59ea4-541b-448a-ab8b-1138c374ceb2,11101,"Marcelin, Nouvelle salle VD5 / AO-008, Etanchéité",tender,construction,open,revocation,2850fc59-a495-4a1e-8ac9-5a38e11b1003,2026-07-03,VD,Morges,1110,"Direction de l'ingénierie, de l'architecture et de la durabilité – DIAD",0,[]
84a3769b-37af-4ee4-be39-090bd9da436e,23045,Rénovation des vannes du barrage du Seujet LOT1 Mécanique et anti-corrosion,tender,construction,open,award,9e4cbeab-b4c8-4821-89ea-991879c00c23,2026-07-03,GE,Genève,1201,Services industriels de Genève (SIG) - Direction Achats,0,[]
ae3c4138-800e-456b-9e5e-f027c5ca637a,23047,Rénovation des vannes du barrage du Seujet LOT3 agrégats oléo-hydrauliques,tender,construction,open,award,c175604b-f95b-4590-adfd-6c9ff56ddcbc,2026-07-03,GE,Genève,1201,Services industriels de Genève (SIG) - Direction Achats,0,[]
21aed76d-27dd-4b7e-b65d-890159f7ae8f,30408,3ème correction du Rhône - Mesure anticipée III - Poste de couplage Chamoson - Renforcement de digue,tender,construction,open,tender,e24f30cf-2d11-4d79-a840-6688d9e12ba2,2026-07-03,VS,Chamoson,1955,Service des dangers naturels / Dienststelle Naturgefahren - Section R&L / Sektion RuG,0,[]
15c98c7e-b056-429e-8f49-e9ceb8f217c0,32342,Wärmezentrale WN Leukerbad - BKP230 Elektro,tender,construction,open,award,72135115-39fd-4971-9f3d-deac2b5906ae,2026-07-03,VS,Leukerbad,3954,IMION AG,0,[]
fac9c454-4a55-4e71-a5b8-1278c6f3a2be,33719,"Réhabilitation du bâtiment de l'Av. Guillemin 9-11, Transformation et mise en conformité de la garderie du parc Av. Guillemin 7",tender,construction,open,award,1d73d943-4a9e-485c-b363-c3b4aa49dba2,2026-07-03,VD,Pully,1009,Ville de Pully - Direction de l'urbanisme et de l'environnement,0,[]
da5f682a-9aa8-410f-b127-914ec4208ddf,33742,"Réhabilitation du bâtiment de l'Av. Guillemin 9-11, Transformation et mise en conformité de la garderie du parc Av. Guillemin 7",tender,construction,open,award,8f016951-dc0f-48ea-8e64-e9ef83cb3d1e,2026-07-03,VD,Pully,1009,Ville de Pully - Direction de l'urbanisme et de l'environnement,0,[]
d34b1d63-64f5-47f4-b635-65b55f3bcfda,33743,"Réhabilitation du bâtiment de l'Av. Guillemin 9-11, Transformation et mise en conformité de la garderie du parc Av. Guillemin 7",tender,construction,open,award,961e32af-f721-42b7-9f88-fc5d91c13bb0,2026-07-03,VD,Pully,1009,Ville de Pully - Direction de l'urbanisme et de l'environnement,0,[]
c0b9bcbf-e51a-4045-b141-684940d5449b,33746,"Réhabilitation du bâtiment de l'Av. Guillemin 9-11, Transformation et mise en conformité de la garderie du parc Av. Guillemin 7",tender,construction,open,award,a7b35220-5ee7-4947-b7b1-a622a3c82596,2026-07-03,VD,Pully,1009,Ville de Pully - Direction de l'urbanisme et de l'environnement,0,[]
cab75432-b43d-4bed-86e6-c5489b3e805f,38034,"595 Gymnase du Chablais CFC 273.1, 281.7 Menuiserie courante et revêtements de sol en bois",tender,construction,open,tender,9d106a9a-265d-433c-af6d-7d0ab3953a69,2026-07-03,VD,Aigle,1860,Direction générale des immeubles et du patrimoine – DGIP,0,[]
2280d1fc-ed7b-4b1f-9848-8d36ec27d17c,38121,Revitalitation de la Salanfe à Miéville,tender,construction,open,tender,3ac038c9-3e95-40fb-b494-74f9a7cf6352,2026-07-03,VS,Vernayaz - Miéville,1904,Commune de Vernayaz - Salanfe SA,0,[]
cb56bda2-7ea8-4454-b534-bca672c6cd03,39011,EPSM LES MYOSOTIS - CFC 224 COUVERTURE DE TOITURE (Y.C. PHOTOVOLTAÏQUE),tender,construction,open,tender,1b75bf5e-803b-43e3-9b88-a7095aacd967,2026-07-03,VD,Montherod,1174,Fondation Stanislas (quartal),0,[]
1ce52d47-75ef-48a7-a8d7-97763fe077b8,39520,MVR-N - Centre de maintenance matériel roulant à Montreux - Travaux d'automatismes du bâtiment,tender,construction,open,tender,3ebb37c7-c311-4d65-a30a-7c21b4246d91,2026-07-03,VD,Montreux,1820,Transports Montreux-Vevey-Riviera SA,0,[]
fb7d46c5-69bb-4177-ab54-48463cc491d0,39566,Rénovation des éclairages - Site de Curabilis - Installations électriques - CFC 23,tender,construction,open,tender,1836a9ef-5878-4a56-b852-bd24e1540911,2026-07-03,GE,Puplinge,1244,Office Cantonal des bâtiments (OCBA),0,[]
85de662a-0352-49d7-bc08-3269dbd61228,39764,Gare de Ballens - Mise en conformité km 14.560 à 16.400,tender,construction,open,tender,7e7ec926-64c9-423d-9115-02bdc346a6e5,2026-07-03,,,,MBC SA _ Transports de la région Morges-Bière-Cossonay SA _ Département Infrastructures,4,"[""7e7ec926-64c9-423d-9115-02bdc346a6e5"", ""7e7ec926-64c9-423d-9115-02bdc346a6e5"", ""7e7ec926-64c9-423d-9115-02bdc346a6e5"", ""7e7ec926-64c9-423d-9115-02bdc346a6e5""]"
95d5510d-cb29-40d9-9cbe-26fe071ae358,39772,"Ecole Secondaire Noëlla Rouget à Meyrin, construction d'un groupe scolaire et de salles omnisport - Lot 06 - contrôle d'accès et surveillance de chantier",tender,construction,open,tender,e9edba23-0f57-429d-bbac-59b8fa37a9fc,2026-07-03,GE,Meyrin,1217,"Etat de Genève, Département du Territoire - DT, Office Cantonal des Bâtiments",0,[]
ff612774-6c02-4979-b7fd-ebf61e703923,40221,Auberge de Sauvabelin - Démolition et reconstruction / CFC 214 Construction en bois,tender,construction,open,tender,e0304ea9-14c5-4ff2-be83-4572e973d5d6,2026-07-03,VD,Lausanne,1018,"Commune de Lausanne – Direction du logement, de l'environnement et de l'architecture - Service d’architecture et du logement",0,[]
9c850c49-6210-4095-b744-6cccc09e08c8,40239,"Affaire n°20-094, Cery Bâtiment de laboratoires, site de Cery nord à Prilly, CFC 281 Chapes",tender,construction,open,tender,60ad71b4-ac15-44b0-b6dc-f082a7657c20,2026-07-03,VD,Prilly,1008,CHUV-Construction Ingénierie Technique et Sécurité (CIT-S) - Diserens Maurel Architectes,0,[]
8fe5000d-5a1d-4a15-948f-065a4384f150,40243,"Affaire n°20-094, Cery Bâtiment de laboratoires, site de Cery nord à Prilly, CFC 281.2 Revêtement sol en matière synthétique, textile.",tender,construction,open,tender,9fcdc1e5-abeb-437d-8ee0-0ccd58102f05,2026-07-03,VD,Prilly,1008,CHUV-Construction Ingénierie Technique et Sécurité (CIT-S) - Diserens Maurel Architectes,0,[]
27ad4e6f-6817-4905-acd4-08fb0c102815,40244,"Affaire n°20-094, Cery Bâtiment de laboratoires, site de Cery nord à Prilly, CFC 281.8 Faux planchers techniques ",tender,construction,open,tender,b86b5cd2-c5b0-4727-869f-faa969df1f90,2026-07-03,VD,Prilly,1008,CHUV-Construction Ingénierie Technique et Sécurité (CIT-S) - Diserens Maurel Architectes,0,[]
8871817c-ac89-46b1-8a66-977856eb691d,40310,Plan lumière LTE Maison le Vallon,tender,construction,open,tender,c8f46985-0f49-4d1a-8d8a-ddeb334a1804,2026-07-03,GE,Vandoeuvres,1253,Office cantonal des bâtiments (OCBA),0,[]
c28d2674-c950-4e53-9fd3-7c5087b3951d,40330,"AO – tpg – Bachet –Travaux de chauffage et de ventilation – Locaux techniques, vestiaires et archives (SS03+SS02) – CFC 113 démontage-évacuation et CFC 243 distribution de chaleur et CFC 244 ventilation",tender,construction,open,tender,cbef4bd2-5f9c-450b-854a-53e4779abf03,2026-07-03,GE,Grand-Lancy,1212,Transport publics genevois (tpg),0,[]
6969d1a6-5b7a-4160-abe3-b0320502fecd,40347,Rénovation du terrain de Skater-Hockey,tender,construction,open,tender,eb0e404a-cc0b-4818-abbc-2859b87d793f,2026-07-03,VD,Payerne,1530,Commune de Payerne,0,[]
d6da25cc-3093-4754-822b-9d4e2ca2ef64,37850,Wärmezentrale WN Leukerbad - BKP 247.5 Kaminanlage,tender,construction,open,award,4494cad6-60be-4008-81e5-2269c4be0a33,2026-07-02,VS,Leukerbad,3954,IMION AG,0,[]
4d54eb52-0ca3-42c9-ba94-335dc46e14f8,32152,SAV AO_2010,tender,construction,open,award,7332ce19-5b04-4e68-8dda-c4b44db11d8e,2026-07-01,VS,Savièse,1965,Municipalité de Savièse (CLR architectes SA),0,[]
95625067-1b46-465c-9755-d406c84ec834,32153,SAV AO_2115,tender,construction,open,award,274e4fdc-32e2-4438-bd8b-44e98f6288f2,2026-07-01,VS,Savièse,1965,Municipalité de Savièse (CLR architectes SA),0,[]
71df5275-8b23-45b0-bff7-b2803a625f43,32154,SAV AO_2140,tender,construction,open,award,3d3e7009-3669-4c3b-924a-7877712eb28a,2026-07-01,VS,Savièse,1965,Municipalité de Savièse (CLR architectes SA),0,[]
1d07c224-0398-4dc2-a52f-b25c508651e7,32155,SAV AO_2300,tender,construction,open,award,66be2a25-08a9-44e2-ba79-2a4c7e4d2e24,2026-07-01,VS,Savièse,1965,Municipalité de Savièse (CLR architectes SA),0,[]
5190d671-bdba-4d4a-8444-e5676b8dcdbd,32156,SAV AO_2420,tender,construction,open,award,768c96b7-f9e3-4b31-b9cc-220ab3739a8a,2026-07-01,VS,Savièse,1965,Municipalité de Savièse (CLR architectes SA),0,[]
b94ca204-50dd-4ee1-ad03-cf3fbf6ebf6b,32157,SAV AO_2440,tender,construction,open,award,773f5411-9fa9-4b8f-b557-6b0ee3d506e4,2026-07-01,VS,Savièse,1965,Municipalité de Savièse (CLR architectes SA),0,[]
5b45768a-dfc4-42a6-8c65-c7407a6ec00f,32158,SAV AO_2500,tender,construction,open,award,9458e7e7-733d-448b-992b-e7c3928dbf21,2026-07-01,VS,Savièse,1965,Municipalité de Savièse (CLR architectes SA),0,[]
6e0d4b28-3bc7-489c-8018-71389e377784,32427,Réaménagement de la Rue de la Cime de l'Est à Saint-Maurice,tender,construction,open,award,25519637-9b0b-4710-80c1-6cc072eb5bda,2026-07-01,VS,Saint-Maurice,1890,Commune de Saint-Maurice,0,[]
bd64710b-ef61-453d-ab15-115a756cdf22,32863,ERACOM - Transformation de l'enveloppe thermique et mise en sécurité des voies d'évacuation verticales,tender,construction,open,award,2a544809-f30a-41b9-ba93-69c4c465145d,2026-07-01,VD,"ERACOM - Rue de Genève 55 – 1004 Lausanne VD, Suis",1004,"Vaud - Canton - Département de l'économie, de l'innovation, de l'emploi et du patrimoine (DEIEP)",0,[]
16c1c048-51cd-41d6-98ad-6c3c769720db,33040,"SAV_AO_2730 - Portes et vitrages intérieurs, armoires et meubles divers",tender,construction,open,award,f19b2675-2d8b-4518-b19a-565977210340,2026-07-01,VS,Savièse,1965,Municipalité de Savièse (CLR architectes SA),0,[]
65f77ced-b767-4f49-914e-7eef99d36e61,33815,EPFL DOUBLE DECK - CFC 214.01 Gradins bois,tender,construction,open,award,d5df0cc8-1ceb-42c9-af2c-5fe6864a2af8,2026-07-01,VD,Lausanne,1015,EPFL VPF ACHATS,0,[]
989bbee9-0bd2-46a8-8fbd-5ce782e61127,36918,MP-LEB 2025.11.225  Gare de Chauderon Travaux Génie Civil  ,tender,construction,open,tender,ae364656-d3d1-4bd2-8e09-8dc827f73a32,2026-07-01,VD,Lausanne,1000,Transports publics de la région lausannoise sa,0,[]
21ec71f3-e4f2-4bc4-ac21-8870013d29ce,37100,Collecteur Baar-Aproz,tender,construction,open,award,76b1b690-691b-4390-a7ca-b57ec8080780,2026-07-01,VS,Baar (Nendaz),1996,Commune de Nendaz,0,[]
27c0c1a9-80a4-4589-a9ad-df78c54d1f34,40130,Rénovation du bassin de natation du Grand-Saconnex,tender,construction,open,tender,da9879e2-84fd-466f-97de-8b3f320bf283,2026-07-01,,,,Ville du Grand-Saconnex (EMA Eric Maria Architectes Associés SA),1,"[""da9879e2-84fd-466f-97de-8b3f320bf283""]"
2f1cb66c-f21f-4a93-bbfd-2ac6acc847fc,43309,STEP Echallens - CFC 25 Installations sanitaires,tender,construction,open,tender,dd0dc2f5-70b7-437f-a62b-981196e71ba3,2026-08-31,VD,Echallens,1040,ASET / Association intercommunale STEP Echallens Talent (TRITON),0,[]
956ffcf2-bbf0-4be0-9653-aadac412b926,31821,Rénovation école du Bosson - Revêtement de sol en matière synthétique,tender,construction,open,tender,0f6f5920-16a1-4364-8ef3-fd1d3591c213,2026-08-29,GE,Onex,1213,Ville d'Onex (Bureau d'architectes Burckhardt Architecture SA),0,[]
77fd9c73-c2a0-4dae-97dd-69358c9c2180,42286,Réservoir de Grange-Neuve,tender,construction,open,tender,387fd756-2bbf-4f55-8755-fd5ce20d91a9,2026-08-29,VD,Vallorbe,1337,Commune de Vallorbe (BR PLUS ING.),0,[]
b6372b79-3133-464a-9764-bcce41683e79,42290,Raccordement du réservoir de Grange-Neuve,tender,construction,open,tender,838f1b0b-0edb-4327-b29b-e6c7fcf5dd7d,2026-08-29,VD,Vallorbe,1337,Commune de Vallorbe (BR PLUS ING.),0,[]
b17f24ca-2850-4b7b-85f2-fdf0a68d3d97,43221,Transformation de l'ancien rural et constructions de deux pavillons - LOT 10 INSTALLATIONS ELECTRIQUES,tender,construction,open,tender,b5f8c006-f99d-49cc-ab4c-3ed012433555,2026-08-29,VD,Savigny,1073,Commune de Savigny (SCA Arch.),0,[]
c16acf7f-b0b6-4404-a293-559139230380,43224,Transformation de l'ancien rural et constructions de deux pavillons - LOT 1 DEFRICHAGE - DEMOLITIONS - DESAMIANTAGE,tender,construction,open,abandonment,63d5ab4c-4fbd-4bfc-88d1-339de76abc5f,2026-08-29,VD,Savigny,1073,Commune de Savigny (SCA Arch.),0,[]
15b9f0a0-be7b-4799-a03e-4d88ab02a435,43236,Transformation de l'ancien rural et constructions de deux pavillons - LOT 1 TERRASSEMENT - TRAVAUX SPECIAUX -DEMOLITIONS - DESAMIANTAGE,tender,construction,open,tender,23e497f4-38fe-41d3-99a9-0c12e7cc07ca,2026-08-29,VD,Savigny,1073,Commune de Savigny (SCA Arch.),0,[]
60912c18-95db-4643-926f-f6de3be250ab,36046,"Construction de routes, d'accès chantier, de clôtures sur le site du PPNV. Etape 01",tender,construction,open,award,778884f7-2241-487d-b0cb-ca4dcd0c0991,2026-08-28,,,,DGIP-DAB-Domaine 4 : Prisons,2,"[""778884f7-2241-487d-b0cb-ca4dcd0c0991"", ""b6134201-d580-4f6c-8ea0-81cd0089ae81""]"
93d86e3a-9dbc-449d-bbb2-d95b1c6348ab,36295,Aménagement hydroélectrique de Lavey - Révision des vannes de garde 1-2-3,tender,construction,open,award,237823b7-f81f-4146-9a39-23d9fb75ebca,2026-08-28,VD,Lavey,1892,Ville de Lausanne – SIL – Service production et solutions énergétiques (PSE),0,[]
ac819dfd-4d56-4d65-b634-e163d77173f6,37763,"Rénovation de l'aménagement des FGB, Lot GC",tender,construction,open,award,cb36a3c3-3921-47ed-8367-adb3be50d2da,2026-08-28,VS,Liddes,1945,DransEnergie SA,0,[]
86f67327-4b6c-4f14-b04a-8661fa786548,41626,Modernisation et extension du réseau informatique pédagogique des bâtiments scolaires – Collège des Bergières - CFC 283 Faux-plafonds,tender,construction,open,tender,8bf002c8-c8ed-4be0-8ffb-9c3fce5e0ba7,2026-08-28,VD,Collège de Bergières ,1004,Ville de Lausanne – EJQ - Service des écoles et du parascolaire (SEP),0,[]
683cd676-8680-4c67-aa68-405755ae43a6,41727,Déconstruction et assainissement Domaine des Mangettes Monthey,tender,construction,open,tender,a2c51ed4-15e6-4d1f-9ebb-c3fbff763aff,2026-08-28,VS,Monthey,1870,"Etat du Valais, Département des finances et de l'énergie (DFE) Service immobilier et patrimoine (SIP)",0,[]
358fa91e-ba87-41dd-a5a6-48427a20b611,43110,Extension du dépôt Perrelet - Chapes,tender,construction,open,tender,92c04fa6-a246-4406-9b11-036223e3db1b,2026-08-28,VD,Renens,1020,Transports publics de la région lausannoise SA - Ferrari Architectes,0,[]
d2cf7299-b880-4b66-8d14-2ea654633ce5,43147,"Ecole de Puplinge, AO-CFC243-246 : Travaux de distribution de chaleur et de rafraîchissement",tender,construction,open,tender,67a1b554-f266-4d4e-bc79-b03d0fe72202,2026-08-28,GE,Puplinge,1241,Commune de Puplinge,0,[]
1200d680-074e-4400-b0e2-06f2d438b80d,43154,"Parking SAINT ANTOINE - Assainissement des bétons, revêtement et peinture des rampes",tender,construction,open,tender,4dab8d3c-2e72-456b-8a08-3fce4e7c08c3,2026-08-28,GE,Genève ,1207,Fondation des Parkings  - Service des achats,0,[]
0b661673-e3af-4368-ba15-4eb012ef4068,43156,Renouvellement de la ligne de contact entre Arzier et St-Cergue - Travaux de ligne de contact,tender,construction,open,tender,a8a0849d-93b9-4e11-8006-50ef93c4203c,2026-08-28,VD,Arzier,1273,"Compagnie du chemin de fer Nyon-St-Cergue-Morez SA, Service infrastructure",0,[]
fbebfd94-876b-4a1a-96e7-9db1a2ec9304,43214,Transformation de l'ancien rural et constructions de deux pavillons - LOT 30 AMENAGEMENT EXTERIEUR,tender,construction,open,tender,2a3ff2bb-4535-4bbc-8278-b10dd8743e9c,2026-08-28,VD,Savigny,1073,Commune de Savigny (SCA Arch.),0,[]
1ad613e0-b63a-4ba3-bdde-3dc737791b0a,43217,Transformation de l'ancien rural et constructions de deux pavillons - LOT 16 INSTALLATIONS SANITAIRES,tender,construction,open,tender,ee3fce79-d05b-42a5-bf2f-f7c20413d75d,2026-08-28,VD,Savigny,1073,Commune de Savigny (SCA Arch.),0,[]
ea1d61d6-6e86-4865-b971-1cf61f150a27,43219,Transformation de l'ancien rural et constructions de deux pavillons - LOT 14 INSTALLATIONS DE VENTILATION,tender,construction,open,tender,a6218aeb-f972-45fd-9864-6931045aeae9,2026-08-28,VD,Savigny,1073,Commune de Savigny (SCA Arch.),0,[]
7b6e0c4e-1891-4aec-be4b-7027a9e471db,43220,Transformation de l'ancien rural et constructions de deux pavillons - LOT 12 INSTALLATIONS DE CHAUFFAGE,tender,construction,open,tender,9a43bce5-8dde-4814-be73-f766817ed2d3,2026-08-28,VD,Savigny,1073,Commune de Savigny (SCA Arch.),0,[]
9f181b2b-8129-429f-bc89-a7dc95791643,43222,Transformation de l'ancien rural et constructions de deux pavillons - LOT 4 CHARPENTE - FACADE - COUVERTURE,tender,construction,open,tender,9fa957d5-22c3-4942-b012-ec435631a4a3,2026-08-28,VD,Savigny,1073,Commune de Savigny (SCA Arch.),0,[]
07613d1a-7f27-41a3-bec6-cb640284b272,43223,Transformation de l'ancien rural et constructions de deux pavillons - LOT 3 DEMOLITION - MACONNERIE - CANALISATION - AMENAGEMENT EXTERIEUR,tender,construction,open,tender,e2464a5b-e04f-4861-9ac0-2aad5e9f3513,2026-08-28,VD,Savigny,1073,Commune de Savigny (SCA Arch.),0,[]
46e3faef-e205-4e94-86e0-b3fe30012e47,38246,Neubau Turnhalle und Kindergarten in 3942 Raron - BKP 409 Umgebungsgestaltung,tender,construction,open,award,36fea9d9-5d3d-474d-a7b7-7bd920a24e59,2026-08-27,VS,Raron,3942,Einwohnergemeinde Raron,0,[]
f84a83f4-1693-4d91-b567-78eadf21600d,39355,NE703 Neubau Bushaltestellen Schulhaus Niedergesteln,tender,construction,open,award,6e003d38-ee56-499c-a020-29db06c96bfe,2026-08-27,VS,Niedergesteln,3942 ,Dienststelle für Mobilität - Kreis 1 Oberwallis,0,[]
da37f14b-b63f-4bde-a62e-6f2ac00f48c1,39587,Appel d'offres N° 26-504 Dépotoir de Viouc - Travaux de génie civil et béton armé,tender,construction,open,award,1c6b302e-e1ff-4e6a-a557-4404862a4ded,2026-08-27,VS,Sierre,3960,Ville de Sierre - Centrale des achats,0,[]
bd4c6373-b067-4a77-a804-d23ce420bb61,40333,Erhalt der Rebberge und Trockenmauern - Mauersanierung 4. Etappe,tender,construction,open,award,647c5476-b37f-4e1a-9d7e-916956bef69a,2026-08-27,VS,Visperterminen,3932,Genossenschaft für den Erhalt der terrassierten Rebberge ,0,[]
2d3150b9-c56d-48c0-bb4e-91341bf75ebd,42199,STEP de Lucens - Charpente métallique et couverture,tender,construction,open,tender,ce2fa82c-f6e0-4b18-a401-42a906838561,2026-08-27,VD,Lucens,1522,EMB - Epuration Moyenne Broye,0,[]
ec4bf004-48f0-4a68-928e-0330422982bd,43132,FPO Chamoson - Lot 281.600 Carrelages et faïences ,tender,construction,open,tender,5303d592-4301-4d03-ae71-df387bf5435c,2026-08-27,VS,Chamoson ,1955,Foyer Pierre Olivier (Pragma Partenaires SA),0,[]
d1046d31-f1af-4387-acb1-455aa9b281de,1457,Commune de Payerne / Revitalisation des ruisseaux du Motélon et du Crève-Coeur,tender,construction,open,tender,5088916f-5f2f-41f5-90fe-4198ecb7a07a,2026-08-26,VD,Payerne,1530,Division infrastructure,0,[]
bb641d40-045a-4061-99e1-25d1ef19e6be,33955,EPFL DOUBLE DECK - CFC 257 Sprinkler,tender,construction,invitation,award,69b3b6fa-6f41-4e46-9521-d2d440c9fd63,2026-08-26,VD,Lausanne,1015,EPFL VPF ACHATS,0,[]
3de1c726-a206-4a49-933d-fa0bd2c07045,36429, AO_26_14 Remplacement de portes coupe-feu au parking de Genève Plage,tender,construction,open,award,c1a6bf9d-021e-4153-afcc-670440078c1e,2026-08-26,GE,Quai de Cologny 3 bis,1223 ,Fondation des Parkings  - Service des achats,0,[]
07f9abab-2bf6-4ba5-bd7e-9a16d85fe10a,42788,Muséum d'histoire naturelle (2348TI) rénovation des sièges,tender,construction,open,tender,3e40fefc-74d9-450b-b2fc-2ad8ecbe1906,2026-08-26,GE,Genève,1208,"Unité soumissions - Département de l'aménagement, des constructions et de la mobilité (DACM) de la Ville de Genève",0,[]
13dee596-2d70-4836-9764-6c561f73626b,42919,Commune de Payerne - Réaménagement cours d'eau - Vers Chez Savary,tender,construction,open,tender,a3b4b0e8-f9bc-40b5-80e1-87822e6eed66,2026-08-26,VD,Payerne,1530,Commune de Payerne,0,[]
577c8da6-c4d1-4930-8f81-4d0a26096be7,10085,"00568 - CeRN & RC CGM, Rennaz",tender,construction,open,award,a55bdb15-1294-4450-a449-65e10e58806f,2026-08-25,VD,Rennaz,1847,DGIP-DIAD-Domaine 7 : Administrations et sécurité,0,[]
8ce29c63-e740-470d-9a18-8afb00b5e954,12718,"00568 - CeRN & RC CGM, Rennaz",tender,construction,open,award,9ec56143-b10f-4d49-acc5-1789c9a881e3,2026-08-25,VD,Rennaz,1847,DGIP-DIAD-Domaine 7 : Administrations et sécurité,0,[]
d4b4d4d5-9c08-4ea4-9945-0f5df9af2230,1314,"00568 - CeRN & RC et CGM, Rennaz",tender,construction,open,award,6913f227-39a7-4b08-afec-85b945c210b7,2026-08-25,VD,Rennaz,1847,Canton de Vaud - DGIP,0,[]
4eec5ddb-cb2d-45bc-8c93-64e243209e73,14817,"00568 - CeRN & RC CGM, Rennaz",tender,construction,open,award,5743ef98-d9dd-48e2-bc01-7cd0694d9f1a,2026-08-25,VD,rennaz,1847,DGIP-DIAD-Domaine 7 : Administrations et sécurité,0,[]
d43b9f7f-8b10-40f5-bbae-e3b56cb587d1,18505,"00568 - CeRN & RC CGM, Rennaz",tender,construction,open,award,92e0e2d5-e9dc-4499-bb35-2e22e48fe5ac,2026-08-25,VD,Rennaz,1847,DGIP-DAB-Domaine 7 : Administrations et sécurité,0,[]
0bc417ac-b830-4167-b5f2-13c71b2e30db,25289,"00568 - CeRN & RC CGM, Rennaz",tender,construction,open,award,8f9fcdd1-d348-46a4-8059-24437dc987a2,2026-08-25,VD,Rennaz,1847,DGIP-DAB-Domaine 7 : Administrations et sécurité,0,[]
6800e6b9-f91b-4eca-a877-f78d8baa30ef,28759,Rénovation de l'hôpital Le Samaritain en clinique gériatrique et de réadaptation (CGR) et restructuration du parc_Groupe B2 - Lot 28710 Nettoyage,tender,construction,open,award,7231a5ac-bcd3-4f44-87a7-33603223af4b,2026-08-25,,,,Hôpital Rivièra Chablais (HRC),1,"[""7231a5ac-bcd3-4f44-87a7-33603223af4b""]"
5dfb535d-3909-4f08-8bab-ab3feaab1492,30103,Rénovation de l'hôpital Le Samaritain en clinique gériatrique et de réadaptation (CGR) et restructuration du parc_Groupe B2 - Lot 273100 Menuiserie,tender,construction,open,award,4f278d50-ebab-4d4b-8f19-ae396c0ec43a,2026-08-25,,,,Hôpital Rivièra Chablais (HRC),1,"[""4f278d50-ebab-4d4b-8f19-ae396c0ec43a""]"
98a9c6b2-8dd6-4968-9584-eb58590ce15c,35489,Rénovation de l'hôpital Le Samaritain en clinique gériatrique et de réadaptation (CGR) et restructuration du parc_Groupe B2 - Lot 272100 Serrurerie,tender,construction,open,award,0c1a13ad-64b6-4d52-8015-3737b3751e2f,2026-08-25,,,,Hôpital Rivièra Chablais (HRC),1,"[""0c1a13ad-64b6-4d52-8015-3737b3751e2f""]"
70eb08eb-da1a-45a1-9e13-9f2f66cef9ab,36028,EPFL ASB – AO 13 – CFC 249 SUPPORTAGE COMMUN,tender,construction,open,award,d7f31573-aa78-49ee-8b2c-c4f1ee884d2a,2026-08-25,VD,Lausanne,1015,EPFL VPF ACHATS,0,[]
8abdb0e0-625d-4c2b-ae74-4d8ff339433a,38475,"Cascade Barberine, Rénovation notable_Lot 201_Travaux de génie civil",tender,construction,open,tender,b5236aee-71e0-4885-ae0a-3d0dcd1e52ec,2026-08-25,VS,Châtelard,1925,SBB CFF FFS Einkauf Bauprojekte Standort Bern,0,[]
be78195a-5887-4e52-b726-74c76ff719de,40046,Actions à performance énergétique (APE) pour les bâtiments de la cité hospitalière du CHUV - Travaux de mise à niveau des installations de traitement d’air CFC 237  MCR,tender,construction,open,tender,cccdc51c-238e-4002-8788-74e1b2bb8772,2026-08-25,,,,CHUV - Constructions ingénierie technique et sécurité (CIT-S),3,"[""cccdc51c-238e-4002-8788-74e1b2bb8772"", ""cccdc51c-238e-4002-8788-74e1b2bb8772"", ""cccdc51c-238e-4002-8788-74e1b2bb8772""]"
4b25ac5c-551e-4f62-b2f6-2160a64254e2,40047,"Actions à performance énergétique (APE) pour les bâtiments de la cité hospitalière du CHUV - Travaux de mise à niveau des installations de traitement d’air CFC 242, 244, 246 Chauffage Ventilation Climatisation",tender,construction,open,tender,a80829f8-9001-4091-8dff-59afbe3b986c,2026-08-25,,,,CHUV - Constructions ingénierie technique et sécurité (CIT-S),3,"[""a80829f8-9001-4091-8dff-59afbe3b986c"", ""a80829f8-9001-4091-8dff-59afbe3b986c"", ""a80829f8-9001-4091-8dff-59afbe3b986c""]"
2d425ed2-9714-4bca-aa5c-2fbf96e8955f,40080,Actions à performance énergétique (APE) pour les bâtiments de la cité hospitalière - Travaux de mise à niveau des installations électriques CFC23,tender,construction,open,tender,6498d702-eaa6-4ff0-ad18-8d707d45b07a,2026-08-25,,,,CHUV - Constructions ingénierie technique et sécurité (CIT-S),3,"[""6498d702-eaa6-4ff0-ad18-8d707d45b07a"", ""6498d702-eaa6-4ff0-ad18-8d707d45b07a"", ""6498d702-eaa6-4ff0-ad18-8d707d45b07a""]"
6e77fe7c-719a-42e6-9b73-b614ffef218f,40697,"Réfection de Chaussée - Superstructures et Infrastructures Souterraines - Quartier ""Florimont"" - Commune de Penthalaz- Soumi",tender,construction,open,tender,90c56d8a-9700-4972-a484-bc4463855b8d,2026-08-25,VD,Penthalaz,1305,Commune de Penthalaz,0,[]
96d9e123-7994-4090-a49b-a3288d3136c5,42227,GROUPE SCOLAIRE TIVOLI - PLANIFICATEUR GÉNÉRAL & ARCHITECTE INGÉNIEUR CHAUFFAGE VENTILATION SANITAIRE RÉGULATION INGÉNIEUR CIVIL PHASES SIA 31-53,tender,construction,open,abandonment,08bb64a1-feb6-4687-8514-8cd59b21f63e,2026-08-25,GE,Grand-Lancy,1212,Ville de Lancy (Techdata SA),0,[]
2ed33799-b312-4d05-a8c6-2a8dd358802e,42666,"Ferme de la Culture de Troinex - Lot 21100 Béton et maçonnerie, terrassement, canalisation",tender,construction,open,tender,58e8927e-0495-43c2-a44c-31d00f5fb30a,2026-08-25,GE,Troinex,1256,Commune de Troinex (AAPA SA),0,[]
4af0f227-ebcc-4b32-9e97-e2d7d0d92083,8672,"00568 - CeRN & RC CGM, Rennaz",tender,construction,open,award,2bdac00f-8389-4e9f-b9e9-f287ea860f9a,2026-08-25,VD,Rennaz,1847,Canton de Vaud-DGIP,0,[]
c69df9d0-b989-4b9a-a3a4-a9db381ba050,8696,"00568 - CeRN & RC CGM, Rennaz",tender,construction,open,award,6b37a9cc-5df6-460b-ac8e-f0c3e6e86d74,2026-08-25,VD,Rennaz,1847,DGIP-DIAD-Domaine 7 : Administrations et sécurité,0,[]
302dd9ca-c013-477e-b299-59c4ccb80655,37613,PISCINE 10 – AMEX CFC 496 : Architecte Paysagiste ,tender,construction,open,award,70af188a-8740-4958-bcec-c23d112a3f5e,2026-08-24,VS,Sion,1950,Service immobilier et patrimoine,0,[]
c27e2076-36db-449a-be36-81e7e87764e7,40384,T9 Encorbellement Vernayaz 2,tender,construction,open,tender,2b9cbfe6-a7fc-474b-802c-fd1c48ee207d,2026-08-24,VS,Martigny,1920,Service de la mobilité / Dienststelle für Mobilität - Arrondissement 3 Bas-Valais / Kreis 3 Unterwallis,0,[]
9d0d914d-cce2-4f6d-87ab-8b9f4b077154,42492,Ferme de la Culture de Troinex - Lot 21400 Charpente en bois et métal,tender,construction,open,tender,f60183ed-c280-4866-9db7-31e35b1f9661,2026-08-24,GE,Troinex,1256,Commune de Troinex (AAPA SA),0,[]
04869599-5b63-4535-b82c-01fed235cfa3,42668,Ferme de la Culture de Troinex - Lot 25000 Installations sanitaires,tender,construction,open,tender,378eac7d-732a-453a-bb41-4dcbd7bbb26c,2026-08-24,GE,Troinex,1256,Commune de Troinex (AAPA SA),0,[]
2bfa4be3-66c7-4b6c-9fb4-84a86500b628,38969,EPSM LES MYOSOTIS - CFC 273 MENUISERIE,tender,construction,open,tender,488c5b1b-628e-46c9-91c5-0a8babab5a07,2026-08-22,VD,Montherod,1174,Fondation Stanislas (quartal),0,[]
4f85e54c-1b5f-49ec-bd94-6a2379b61198,42749,AO - tpg - Contrat-cadre mono-adjudicataire Travaux de pose et dépose des poteaux LAC et/ou des socles béton sur le réseau des tpg - (4 ans),tender,construction,open,tender,366d4d1b-eae7-443d-b7c9-41d6e76fdc81,2026-08-22,GE,Genève,1200,Transport publics genevois (tpg),0,[]
33fa15fa-4855-4261-9dd1-5092e7933d4d,12652,"Marcelin, Nouvelle salle VD5 / AO-005, Fenêtres métalliques",tender,construction,open,award,a788b5e1-e4be-4adb-bfee-374c05bd4dd1,2026-08-21,VD,Morges,1110,DAB (Direction de l'architecture et des bâtiments),0,[]
7b0f6b93-c25a-4a68-b4ab-97acd26f8688,33039,"COMMUNE DE BREMBLENS : RC78 Rte de Bussigny, RC76 Rte de Lonay, Rue du Village, Rte de Romanel",tender,construction,open,tender,2e6ed033-a13e-4fb9-8f41-3dbe63743d5e,2026-08-21,VD,Bremblens,1121,Commune de Bremblens,0,[]
a3ef7ee1-7771-4e51-a3b1-bb9484556634,34035,Campus du Pôle Santé - CFC 231.21 - Tableaux électriques principaux,tender,construction,open,award,48019da4-716e-4cd2-9129-fb6b8aeb507d,2026-08-21,VS,Sion,1950,Service immobilier et patrimoine,0,[]
336ee63d-6ac4-4a79-b56c-d24666ac10d6,38262,Transformation et agrandissement d'un ESE à Yverdon-les-Bains - K2 - CFC 271-285 PLATRERIE-PEINTURE,tender,construction,open,tender,9617dd9d-aaa1-4fa5-8601-a0e81962cfb5,2026-08-21,VD,Yverdon-les-Bains,1400,Fondation St-George,0,[]
24471850-8576-42c6-9257-931ea91a314e,41421,"2524 - Moudon, Chemin des Vignes - CFC 211 Maçonnerie/Béton",tender,construction,open,tender,777d5527-5f72-4ce7-a544-d631d57b5826,2026-08-21,VD,Chemin des Vignes,1510,Commune de Moudon (Outsider.Architecture SA),0,[]
d91e161f-204b-46a3-8eca-2e077c3e30cb,41687,Bkp 421 Umgebungsarbeiten,tender,construction,open,tender,28130020-31a0-4d0a-98d3-468c8a77e79c,2026-08-21,VS,Visp,3930,Service immobilier et patrimoine / Dienststelle für Immobilien u. Bauliches Erbe - Gérance et entretien d'immeuble / Immobilienverwaltung u. Unterhalt,0,[]
022e3f7f-aec0-4865-b06b-41f52de6bbc6,42070,Extension de la Croisée - Fenêtres bois-métal (lot 801),tender,construction,open,tender,b274507a-f682-4d16-ad4c-2635b8dc2cc4,2026-08-21,VD,Orbe,1350,DGIP - DAB (Dolci Architectes SA),0,[]
83e5a35b-ba09-468c-bca4-a7d9f6a57d65,42462,Travaux de route et canalisations - Route de Lausanne,tender,construction,open,tender,fc1809b0-4b5c-4535-a183-2bf59b53045f,2026-08-21,VD,Aigle,1860,Commune d'Aigle (bureau B+C ingénieurs SA),0,[]
9f35320d-401b-4954-898b-9391f32d5b1c,42667,Collège Bahyse II+III - Blonay-St-Légier / Agencements intérieurs,tender,construction,open,tender,0095bf89-33db-4b9f-8435-9786835d6d70,2026-08-21,VD,Blonay,1807,Commune de Blonay-St-Légier (Consortium FLBG),0,[]
351b2ef8-36f8-46b6-a33f-6323742dab5b,42740,"Grand Théâtre de Genève, remplacement machinerie scénique (2345minimis) portes bois intérieur",tender,construction,open,tender,3daa0b07-cc06-4ccb-b368-494c8de99214,2026-08-21,GE,Genève,1204,"Unité soumissions - Département de l'aménagement, des constructions et de la mobilité (DACM) de la Ville de Genève",0,[]
49bdc1cd-2c96-428b-ae9c-795c2e75b73a,42766,Rénovation de l'enveloppe et des installations techniques du Centre funéraire de Saint-Georges (2355TI) menuiserie,tender,construction,open,tender,37c90b67-8589-454e-bb1b-7e3b9aa0a3e5,2026-08-21,GE,Petit-Lancy,1213,"Unité soumissions - Département de l'aménagement, des constructions et de la mobilité (DACM) de la Ville de Genève",0,[]
db240999-8674-43ba-b8e2-5a6fb5fe7c54,42769,Rénovation de l'enveloppe et des installations techniques du Centre funéraire de Saint-Georges (2356minimis) revêtement de sol sans joint,tender,construction,open,tender,fc6cfb04-15e5-4d26-9a1b-27798065bda7,2026-08-21,GE,Petit-Lancy,1213,"Unité soumissions - Département de l'aménagement, des constructions et de la mobilité (DACM) de la Ville de Genève",0,[]
18c98717-3b1f-4dc4-a11e-6fe53e5b5362,42809,CFC 273.1 - ARMOIRES ET CUISINES - Transformation et agrandissement d'un ESE à Yverdon-les-Bains -K2,tender,construction,open,tender,4702a040-1cc0-4d18-8646-c6520e2cf1b7,2026-08-21,VD,Yverdon-les-Bains,1400,Fondation St-George,0,[]
175f5e69-46d9-47ac-9539-bf6b0d5a2b50,42828,"STREL PARC, BLUARD, BLANCHERIE – Changement des vis d’Archimède et réalisation des auges en béton",tender,construction,open,tender,88e4cd47-b3a6-4992-b39e-06f9f8edea81,2026-08-21,,,,Epuration région morgienne (ERM),3,"[""88e4cd47-b3a6-4992-b39e-06f9f8edea81"", ""88e4cd47-b3a6-4992-b39e-06f9f8edea81"", ""88e4cd47-b3a6-4992-b39e-06f9f8edea81""]"
3dc7e7a2-14cf-44bf-8366-c35acb6a5c56,31976,"Ecole secondaire, salle omnisport OFSPO, réfectoire scolaire, cuisine de production, bibliothèque - ludothèque  Site scolaire Nord Montchoisi à Orbe",tender,construction,open,tender,8291cd70-0592-415c-8843-fa23946e63bb,2026-08-20,VD,Orbe,1350,Commune d'Orbe - Service CPU,0,[]
47751800-1fcf-4b38-83de-41cc590e4ab2,39036,"Correction du trottoir sur la route cantonale T9 St-Maurice - Brig, à Conthey",tender,construction,invitation,award,e6b211db-2f50-466d-a08e-8d23df25dc44,2026-08-20,VS,Conthey,1964,"Département de la mobilité, du territoire et de l'environnement",0,[]
bda5f472-249a-43ef-bb61-dcf77a804a1b,41685,Nouveau site scolaire de Champs d'Aullie au Mont-sur-Lausanne - CFC 214.4 Revêtement de façade en bois,tender,construction,open,tender,022ae8ff-8c87-458e-92c6-cdc96ae2ef43,2026-08-20,VD,Le Mont-sur-Lausanne,1052,Commune du Mont-sur-Lausanne (quartal),0,[]
28257819-6fd3-467e-a0d4-62ef40941ef8,42571,Actions à Performance Energétique (APE) pour les bâtiments de la Cité Hospitalière du CHUV - Travaux d'optimisation de l'éclairage CFC 232 Installations Electriques,tender,construction,open,tender,98858fe5-4400-46a2-b603-dd725b22195d,2026-08-20,,,,CHUV - Constructions ingénierie technique et sécurité (CIT-S),2,"[""98858fe5-4400-46a2-b603-dd725b22195d"", ""98858fe5-4400-46a2-b603-dd725b22195d""]"
acb7d8a1-17ba-45a3-8502-0b321f235ac6,42595,Cordiers 8 - Démolition et reconstruction d'un immeuble (2353) installations électriques,tender,construction,open,tender,d169d052-122f-4612-92a3-95e85643f6a4,2026-08-20,GE,Rue des Cordiers 8,1207,"Unité soumissions - Département de l'aménagement, des constructions et de la mobilité (DACM) de la Ville de Genève",0,[]
9edca20d-b345-4bde-a78f-a4b20e79675a,42711,5003 - A11 - Périmètre Bac – Maisonnettes – Louis-Bertrand - Marché de travaux de construction concernant le CFC 214.00_Revêtement et isolation de façade (bois),tender,construction,open,tender,d5502e5e-caa9-4766-8767-b20b3cd3ca7b,2026-08-20,GE,Lancy,1213,Ville de Lancy (atelier OBJECTIFS SA),0,[]
f683f097-1b64-4130-a30a-86c678ef34ca,29152,"00568 - CeRN & RC CGM, Rennaz",tender,construction,open,award,bce44111-55e9-43c5-85f2-f77e0de42f5e,2026-08-19,VD,Rennaz,1847,DGIP-DAB-Domaine 7 : Administrations et sécurité,0,[]
1b4e2152-bdbe-4e89-94fb-571f991eb806,42255,"Rénovation des immeubles du quartier de la Bourdonnette, rte Chavannes 103-213 Lausanne - Prestations d'architecte",tender,construction,open,tender,1de7cc2c-53c9-49d0-ab66-92378e78696b,2026-08-19,VD,Lausanne,1007,Fondation Lausannoise pour la Construction de Logements FLCL (Irbis Consulting SA),0,[]
3a8be0f0-94f6-45e6-83a8-1332a230fc21,42590,Extension du dépôt Perrelet - Revêtement de sols en résine époxy,tender,construction,open,tender,5a85cb73-e4f8-4a6a-a7da-f3fc9bcbf6ac,2026-08-19,VD,Renens,1020,Transports publics de la région lausannoise SA - Ferrari Architectes,0,[]
de66fb7c-41dc-4c7d-9d5c-07358063d590,42633,Rénovation du Poste HT-MT de la Foretaille - Lot 19 : Chape et finitions sol,tender,construction,open,tender,e6878607-41b0-4663-8ce5-fd9ede66c2af,2026-08-19,GE,Bellevue,1293,Services industriels de Genève (SIG) - Direction Achats,0,[]
bb832883-ff10-4f5d-91c1-232b8f7ae640,33559,"Ecole de Puplinge, AO-CFC214 : Travaux de construction en bois",tender,construction,open,award,0437c6b7-8f50-4dbc-9280-250e02607430,2026-08-18,GE,Puplinge,1241,Commune de Puplinge,0,[]
9e26f53b-298c-4751-86a0-f55fdc8fb1b0,41375,Construction d'un EMS & AEMS - St-Maurice - 221.1 Fenêtres en bois-métal,tender,construction,open,tender,f14687ef-801d-4d4a-b8f3-2b9595cfdb6c,2026-08-18,VS,St-Maurice,1890,Quartal Sàrl ,0,[]
bba601a3-8ab2-47f8-bd79-8d38dfdcd309,41376,Construction d'un EMS & AEMS - St-Maurice - 224.1 Etanchéité toitures plates,tender,construction,open,tender,e0964030-5287-460d-9846-b106feb2a244,2026-08-18,VS,St-Maurice,1890,Quartal Sàrl ,0,[]
4f2f6149-53b2-4891-887d-4eb95f2a6ab3,41377,Construction d'un EMS & AEMS - St-Maurice - 261 Ascenseurs,tender,construction,open,tender,718a5a36-5a94-4a1d-908d-0b0f1c67ca66,2026-08-18,VS,St-Maurice,1890,Quartal Sàrl ,0,[]
03e4eaed-393c-4eec-a5d7-1930e00e103c,41378,Construction d'un EMS & AEMS - St-Maurice - 358 Cuisines professionnelles,tender,construction,open,tender,1c7f7028-ef24-4d59-9c27-904721f3be18,2026-08-18,VS,St-Maurice,1890,Quartal Sàrl ,0,[]
1c745957-1b04-46b4-8f23-cdecf2ae6814,42604,"Ferme de la Culture de Troinex - Lot 24000 Chauffage, ventilation et MCR",tender,construction,open,tender,1874e723-2b18-4fba-b3b0-c232db815e77,2026-08-18,GE,Troinex,1256,Commune de Troinex (AAPA SA),0,[]
8eb5b64f-3cc4-4788-8901-d0865fe1f361,32612,Campus du Pôle Santé - CFC 239.0 - Couverture mobile inhouse,tender,construction,open,award,f97da32b-7c6b-41fd-9c66-e45a3680f36c,2026-08-17,VS,Sion,1950,Service immobilier et patrimoine,0,[]
107d6b05-2d13-4f87-a2e2-443bcbde508e,35844,Collège de Brique - Rénovation de l'internat / CFC 271.0 + 271.1 Crépis et enduits intérieurs + Construction à sec (tract sud),tender,construction,open,award,6cbbd42f-3622-44a2-b8d3-a23fe640ed02,2026-08-17,VS,Brig-Glis,3900,Service immobilier et patrimoine,0,[]
efaaa300-8368-4448-9853-391ed3736447,37682,Ligne BVB - Renouvellement des appareils de voie (AV) en gare de Bévieux - Travaux de génie civil et de voie ferrée,tender,construction,open,award,1c2f1e85-0efc-4fc9-b6b6-b258f8611eea,2026-08-17,VD,Bex,1880,Transports Publics du Chablais SA,0,[]
e9100504-92ee-4266-86a2-933d3d0c5b77,41894,Rénovation de la Mairie de Plan-les-Ouates - CFC 221.0 Menuiseries extérieures,tender,construction,open,tender,7d804f0b-bec9-486b-86ec-a47989209b28,2026-08-17,GE,Plan-les-Ouates,1228,Commune de Plan-les-Ouates - Service des Bâtiments (MDA Architectures et développements),0,[]
d64730e2-640a-4a1c-9542-55154017ce5d,41910,Rénovation de la Mairie de Plan-les-Ouates - CFC 272 Serrurerie,tender,construction,open,tender,bb93f1f6-5247-4641-8eda-2aefe2a5dc95,2026-08-17,GE,Plan-les-Ouates,1228,Commune de Plan-les-Ouates - Service des Bâtiments (MDA Architectures et développements),0,[]
80a563f5-e90e-46ee-ab4e-78f5d6b48665,42397,Ecole de la Caroline - Modernisation des installations énergétiques,tender,construction,open,tender,f75b8df8-0fc0-475b-b150-4d0aa126b11a,2026-08-17,GE,Petit-Lancy,1213,Ville de Lancy (K. Wintsch et CIE SA),0,[]
21899c7c-aeac-402f-9d9c-02546c52ad91,42482,Ferme de la Culture de Troinex - Lot 23000 Installations électriques ,tender,construction,open,tender,c8ed0c6b-866a-431a-8c54-9bde1407d1f9,2026-08-17,GE,Troinex,1256,Commune de Troinex (AAPA SA),0,[]
499f1df0-053a-464c-b9ec-75283b78d17a,41016,595 Gymnase du Chablais CFC 281.2 Revêtements en matière synthétique: moquette et PVC,tender,construction,open,tender,69a833a3-6c8e-4052-afcc-59380200965e,2026-08-15,VD,Aigle,1860,Direction générale des immeubles et du patrimoine – DGIP,0,[]
2e8bcdcd-457a-472a-a8e5-8485ab56b14e,41590,"Corcelles-près-Payerne - Construction d'un nouveau collège, d'un accueil parascolaire et d'une salle de gymnastique VD4 - LOT 04.2",tender,construction,open,tender,444849fd-28ab-41b8-9616-13e91185d72d,2026-08-15,,,,Association Scolaire Intercommunale de Payerne et Environs (ASIPE) p/a Ferrari Architectes SA,1,"[""444849fd-28ab-41b8-9616-13e91185d72d""]"
974a0231-b9a3-4d82-92e9-3c17ab7bd7d2,42076,VAUX-SUR-MORGES / Chemins vicinaux Rte St-Saphorin - Ch Colombier - Rte Vaux / Aménagmts 2027,tender,construction,open,tender,ef2e48e7-dcd0-4fd0-bc99-45d6dd8fa58d,2026-08-15,VD,Vaux-sur-Morges,1126,Municipalité de Vaux-sur-Morges,0,[]
32dd8771-cc8c-467e-97b1-9065b7c1dc69,32370,Réfection des chemins AF,tender,construction,open,abandonment,4db63d75-b8c1-4031-9691-e6be607456ff,2026-08-14,VD,Sullens,1036,"Commune de Sullens (Chevalier SA, bureau d'ingénieurs)",0,[]
3888635b-497d-454a-9bfb-62e6d0c90704,33666,Contrats-Cadres - Travaux installations électrique 2027-2031,tender,construction,open,award,1bc25cec-41e7-4cbc-b22b-494306b966ed,2026-08-14,,,,Genève Aéroport,2,"[""1bc25cec-41e7-4cbc-b22b-494306b966ed"", ""03fe1c81-0be9-4193-a320-7d5a6b015395""]"
66aa0b4f-c11d-4319-9374-d940038387ad,34630,"Rénovation, transformation et agrandissement du site de l'épicentre à Collonge-Bellerive / Marché n° 1",tender,construction,open,award,73021ae4-b524-48e3-8dfc-33a1783014cb,2026-08-14,GE,Collonge-Bellerive,1245,Commune de Collonge-Bellerive / Service des bâtiments / Projet EPICENTRE,0,[]
b0e7ce75-ee41-4054-abb8-8ec84e58e938,34649,"Rénovation, transformation et agrandissement du site de l'épicentre à Collonge-Bellerive / Marché n°3 - CFC 211.1 Echafaudages",tender,construction,open,award,5954f776-a39f-4a83-a833-61a2310cb051,2026-08-14,GE,Collonge-Bellerive,1245,Commune de Collonge-Bellerive / Service des bâtiments / Projet EPICENTRE,0,[]
0f186572-c075-4e85-aff9-fc50a1e824a6,34655,"Rénovation, transformation et agrandissement du site de l'épicentre à Collonge-Bellerive / Marché n°5 - Installations de chauffage",tender,construction,open,award,03a1278d-a027-4519-a312-bab7406fdd57,2026-08-14,GE,Collonge-Belllerive,1245,Commune de Collonge-Bellerive / Service des bâtiments / Projet EPICENTRE,0,[]
55fb146d-1ac4-44e3-9f60-851a262a99ae,34667,"Rénovation, transformation et agrandissement du site de l'épicentre à Collonge-Bellerive / Marché n°6 - SONDES GEOTHERMIQUES",tender,construction,open,award,4e19ed7f-c5df-4ba1-ae65-2bf967befe7f,2026-08-14,GE,Collonge-Belllerive,1245,Commune de Collonge-Bellerive / Service des bâtiments / Projet EPICENTRE,0,[]
62a4a519-b3d7-443a-ae3b-5fc97fa33c0c,34673,"Rénovation, transformation et agrandissement du site de l'épicentre à Collonge-Bellerive / Marché n°8 - INSTALLATIONS DE VENTILATION",tender,construction,open,award,f10f9b01-5e45-40d4-99dd-236b88279a4a,2026-08-14,GE,Collonge-Belllerive,1245,Commune de Collonge-Bellerive / Service des bâtiments / Projet EPICENTRE,0,[]
fba7e368-28ef-492d-982e-fcd741ab153c,35706,"Rénovation, transformation et agrandissement du site de l'épicentre à Collonge-Bellerive / Marché n°7 - INSTALLATIONS SANITAIRES",tender,construction,open,award,14562133-ab8f-43a3-937b-458fe42df11c,2026-08-14,GE,Collonge-Belllerive,1245,Commune de Collonge-Bellerive / Service des bâtiments / Projet EPICENTRE,0,[]
c0118fcb-5857-4557-948e-39fc6b65f18a,36462,"Rénovation, transformation et agrandissement du site de l'épicentre à Collonge-Bellerive / Marché n° 9 - Automatismes du bâtiment",tender,construction,open,award,6c571a54-9c0e-4495-acf0-3b21e16590d1,2026-08-14,GE,Collonge-Belllerive,1245,Commune de Collonge-Bellerive / Service des bâtiments / Projet EPICENTRE,0,[]
e408748b-91d0-4505-9d2e-58f943c07492,36465,"Rénovation, transformation et agrandissement du site de l'épicentre à Collonge-Bellerive / Marché n° 10 - Equipement d'exploitation / centrale photovoltaïque",tender,construction,open,award,12141b67-cbcf-4187-bb5e-bed09fbf19fa,2026-08-14,GE,Collonge-Belllerive,1245,Commune de Collonge-Bellerive / Service des bâtiments / Projet EPICENTRE,0,[]
3a046a02-ef8c-48ac-8ca4-2f4c52dfcf10,39419,Bastions éclairage scénique pour le grand auditoire,tender,construction,invitation,award,9b84d444-8e20-460a-bda0-39c62cd39ee9,2026-08-14,GE,Genève,1211,Univerité de Genève Audiovisuel,0,[]
1c5f6463-6428-468a-9a0a-dcdf99f9be94,42096,Extension de la Croisée - Chape (lot 802),tender,construction,open,tender,682026f0-ad33-4b14-b839-27acc9113957,2026-08-14,VD,Orbe,1350,DGIP - DAB (Dolci Architectes SA),0,[]
b1918e41-b26c-4a95-86e6-9b7fd1c46e97,38890,Transformation et agrandissement d'un ESE à Yverdon-les-Bains - K2 - CFC 281.6 CARRELAGES,tender,construction,open,tender,285d1ddb-8595-4403-92a3-403cc9c791f0,2026-08-13,VD,Yverdon-les-Bains,1400,Fondation St-George,0,[]
1aa88961-08ed-4761-8358-58ab28b8c4eb,36855,104 Les Marais - Epinassey / Adaptation routière et construction d'un trottoir,tender,construction,open,award,ebffa7b3-2896-4580-8396-fea0c335f323,2026-08-12,VS,St-Maurice,1890,Service de la mobilité / Dienststelle für Mobilität - Arrondissement 3 Bas-Valais / Kreis 3 Unterwallis,0,[]
7426f3df-c921-4314-bed7-a200718b5392,37301,94 Le Cotterg - Les Chenevaires / Restructuration routière avec revêtement bitumineux,tender,construction,open,award,6e6b648e-e981-465a-a797-e423edcdf981,2026-08-12,VS,Le Cotterg - Les Chenevaires,1934,Service de la mobilité / Dienststelle für Mobilität - Arrondissement 3 Bas-Valais / Kreis 3 Unterwallis,0,[]
01fc53f4-97f2-474c-ada5-78152258a116,37568,H201 : Lévaux / Arrêts de bus,tender,construction,invitation,award,ed5b31bf-256f-41d2-ba31-5dfa6d8c5745,2026-08-12,VS,Troistorrents,1872,Service de la mobilité / Dienststelle für Mobilität - Arrondissement 3 Bas-Valais / Kreis 3 Unterwallis,0,[]
84ae130f-6c7f-44c1-b63d-1f7597a3dcfb,39123,94 Merdenson - Le Châble : revêtements bitumineux - lot 26207,tender,construction,invitation,award,3d761d89-ea8c-4f76-8e1b-caf00ac77eb7,2026-08-12,VS,Merdenson - Le Châble,1934,Service de la mobilité / Dienststelle für Mobilität - Arrondissement 3 Bas-Valais / Kreis 3 Unterwallis,0,[]
49a22c9e-5475-4fde-ab91-a977ac0cdfd9,41692,595 Gymnase du Chablais CFC 359 Installation de laboratoires: Meubles techniques de salles de sciences,tender,construction,open,tender,70ba6bf9-5f16-49b8-b7b1-7039ddcb71a2,2026-08-12,VD,Aigle,1860,Direction générale des immeubles et du patrimoine – DGIP,0,[]
70cdc7a5-f1a8-4e8b-9af7-e00ee41333d5,42235,Chemins AF étape 2 ,tender,construction,open,tender,55349080-9851-404e-905e-6803f6c9f72f,2026-08-12,VD,Corcelles-le-Jorat,1082,Commune de Corcelles-le-Jorat,0,[]
5d5c23d0-ae23-4339-a500-ce3d095f7b31,29876,Route de Chancy - Voie de tiroir Bandol - Travaux de génie civil,tender,construction,open,award,2a7bc569-76fd-4b0c-8639-5b1df65a0d8d,2026-08-11,GE,Onex,1213,OCGC - DPC - Service des Infrastructures Transports Publics,0,[]
be6a82b9-f448-47a6-bbfa-e76c87b4ba51,32225,Collège Bahyse II+III - Blonay-St-Légier / Menuiseries intérieures,tender,construction,open,award,b3e2eaa2-d35b-43e5-b345-100971ca0636,2026-08-11,VD,Blonay,1807,Commune de Blonay-St-Légier (Consortium FLBG),0,[]
3ca76bfc-ecbe-4df0-b364-b53701df4665,42063,Agrandissement des jardins familiaux de Champ-Bossu,tender,construction,open,tender,c9af69b5-11cf-43df-8148-59dd6ea937af,2026-08-11,GE,"Chemin Mouille Galland, Vernier",1214,Département du territoire . Office Cantonal des Bâtiments ,0,[]
1325418f-ee94-4816-b5cd-a538dab1f70d,41160,"Ecole Secondaire Noëlla Rouget à Meyrin, construction d'un groupe scolaire et de salles omnisport - Lot 43A - Menuiserie courante 1 - doublage structure",tender,construction,open,tender,5f5a3e4f-f09f-4648-b100-52cffef2c36c,2026-08-10,GE,Meyrin,1217,"Etat de Genève, Département du Territoire - DT, Office Cantonal des Bâtiments",0,[]
2cf94d6d-9a51-4b84-96a9-24a496f1d1e6,34296,STEP d'APEC Gland / Lot E-02 / FP-TGBT-EABT,tender,construction,open,award,d0bc58c9-3f55-46e0-8497-e86277c6db84,2026-08-08,VD,Gland,1196,APEC / Association Intercommunale pour l'épuration des eaux usées de la Côte,0,[]
69629524-7aad-4882-9865-d10330a59984,37563,EPSM Champ-Fleuri à Glion - Lot 11201 Démolition-désamiantage,tender,construction,open,tender,966c5ce9-edec-40eb-b717-98e07bdada22,2026-08-08,VD,Glion,1823,Fondation Champ-Fleuri,0,[]
85e3f947-7811-4a2f-a143-c1b4802547ef,42150,CMU - Construction d'une mezzanine - Rue Michel-Servet 1 - 1206 Genève - Soumission façades et portes CFC 215 et CFC 221,tender,construction,open,tender,dc756360-5c23-49fd-97d5-173e43222814,2026-08-08,GE,"Rue Michel-Servet 1, 1206 Genève",1206,Office cantonal des bâtiments (OCBA),0,[]
73f48809-f686-4ab0-b840-49a4462e88d6,26319,Bâtiment d'art contemporain (2061TI-bis) stores à lamelles et stores toiles extérieurs,tender,construction,open,abandonment,98f57f14-35f9-44a5-b522-9b3fdd6f3e0c,2026-08-07,GE,Genève,1205,"Unité soumissions - Département de l'aménagement, des constructions et de la mobilité (DACM) de la Ville de Genève",0,[]
c78624fb-ddbc-4952-8d84-4cf5dbc183e7,33911,Usine de Châtelard I – Travaux d’assainissement,tender,construction,open,award,cf5ebfae-3965-4949-9921-40816205c116,2026-08-07,VS,Finhaut,1925,SBB CFF FFS Einkauf Bauprojekte Standort Bern,0,[]
8b0a0e17-3856-46a2-b1cb-78d839ae840e,36393,Réaménagement de la route du Bois-des-Frères,tender,construction,open,award,368cd574-2dc5-4c9f-b4a8-bcea7b007342,2026-08-07,GE,Le Lignon,1219,Ville de Vernier - Service de l'aménagement,0,[]
96f74539-265f-4952-bf84-7d5eaff22e04,42159,Nouveau centre scolaire Evionnaz-Collonges - AO Ingénieur CVCS-MCR,tender,construction,open,tender,7ddbe00d-1ed7-41a9-8ca9-3e235cbc1e7b,2026-08-07,VS,Evionnaz,1902,Commune d'Evionnaz,0,[]
c7124b9e-b951-439f-ae62-f8ab91ffacd3,42165,MP-LEB 2026.03.245 Echallens – Voie de rebroussement Travaux de voie ferrée,tender,construction,open,tender,c18e920d-96d0-4e05-8666-e868cf043078,2026-08-07,VD,Echallens,1040,Transports publics de la région lausannoise sa,0,[]
ab0f7448-3c9e-4c0e-9ecd-edcc21662932,32234,EMS Temporaire - 4 Vents,tender,construction,open,award,9936917e-89e8-4b34-8917-668935b2d5e5,2026-08-06,VD,Pully,1009,Fondation Pré Pariset (Irbis Consulting SA),0,[]
6e2b38cd-94c8-434e-8cc4-d81afff7b986,39664,Réfection du chemin des Blettes à Haute-Nendaz,tender,construction,invitation,award,13798804-2a78-490a-8eb3-68f450222f11,2026-08-06,VS,Haute-Nendaz,1997,Commune de Nendaz,0,[]
00f1f4ed-a3f9-47ab-a9a5-e119d2df890d,40207,"Projet de défense contre les chutes de pierres et les éboulements ""Fey - Condémines"" - construction d'une digue en terre armée",tender,construction,open,award,c1d1d44e-e6c5-4539-8175-a061a1610e17,2026-08-06,VS,Fey (Nendaz),1996,Commune de Nendaz,0,[]
7effb42d-8496-4659-8368-49b30b8f8ab2,41304,596 Gymnase d'Echallens CFC 211.1 Echafaudages,tender,construction,open,tender,5ada1f8c-e689-4978-bfc9-b377041a19dd,2026-08-06,VD,Echallens,1040,Direction générale des immeubles et du patrimoine – DGIP,0,[]
78e06017-f529-41e3-8c67-d1f4bc2a60fe,42083,"Centre Aquatique de la Fontenette - Ville de Carouge - CFC 271.10 Plâtrerie, faux-plafonds, peinture",tender,construction,open,tender,d6fbc6e7-ccb4-4912-8990-09af4611f52a,2026-08-06,GE,Carouge,1227,Ville de Carouge - Service des bâtiments,0,[]
023ff2cc-0810-4b59-8b15-be7fc3d723e4,36777,GC - Dérivation du Comblonard & PGEE du Levron,tender,construction,open,award,7476b12c-0068-4183-b6cc-c566eefe72b8,2026-08-05,VS,Vollèges,1941,"Administration communale de Val de Bagnes, Service technique",0,[]
84dfed5f-a323-47cd-89dd-2796bcd6558d,36982,Réfection du tapis de la route de Burtigny RC 26 C S en traversée de localité et remplacement du collecteur d’eaux claires,tender,construction,open,award,b685e0d9-3d86-4750-9874-91fc87d5a95e,2026-08-05,VD,Begnins,1268,Commune de Begnins (Bovard & Fritsché SA),0,[]
71af7a92-5a49-4a7f-8e1e-317214f56147,39585,QUARTET 2 - Aménagement intérieur pour trois hautes écoles HES-SO à Genève - Electricité HEDS,tender,construction,open,award,99884a97-d051-4ada-a190-a0b32a8b5004,2026-08-05,GE,Genève,1203,Service immobilier HES-SO Genève,0,[]
bfb1cec3-da95-4e39-9973-c77b88faa571,40681,QUARTET 2 - Aménagement intérieur pour trois hautes écoles HES-SO à Genève - Faux plancher,tender,construction,open,award,f02cd346-deac-4595-b3d3-ac4aeff6b270,2026-08-05,GE,Genève,1203,Service immobilier HES-SO Genève ( Itten+Brechbühl SA ),0,[]
c1b3ebcf-5b28-4879-af03-78e3ccda8ba0,21794,Liaison en eau potable Arzier-Le Muids - Bassins,tender,construction,open,award,52055760-10f7-471c-b953-f3f2669e814c,2026-08-04,VD,Arzier-Le Muids,1273,Sébastien Miaz,0,[]
91dc7354-b95c-41b4-a839-a72f1916809d,32962,Auberge de Sauvabelin - Démolition et reconstruction / CFC 242 Chauffage,tender,construction,open,award,bc4eef0f-8776-4722-b00a-b3f24aeae61a,2026-08-04,VD,Lausanne,1018,"Commune de Lausanne – Direction du logement, de l'environnement et de l'architecture - Service d’architecture et du logement",0,[]
06543f1b-106b-40ec-bc33-84c51df91656,32964,"NG13 Täsch-Zermatt, Travaux de construction, galerie Schusslaui, lot 2",tender,construction,open,award,c47db2c1-5eab-4e97-aece-018d5463a9ae,2026-08-04,VS,Zermatt,3920,Dienststelle für Mobilität - Kreis 1 Oberwallis,0,[]
d430eba1-959d-47bf-a13c-5f2073ab4b4b,34135,Musée de l’Hermitage – Rénovation énergétique et mise aux normes techniques du bâtiment historique - CFC 214 Construction en bois,tender,construction,open,award,848386b2-1037-47a3-bbcd-ca3d1390b255,2026-08-04,VD,Lausanne,1018,"Commune de Lausanne – Direction du logement, de l'environnement et de l'architecture - Service d’architecture et du logement",0,[]
76cb0c6b-8c3a-4db5-8927-3ae71d8cc574,35172,Musée de l’Hermitage – Rénovation énergétique et mise aux normes techniques du bâtiment historique - CFC 224.0 Ferblanterie,tender,construction,open,award,ac50c925-68b5-4eea-8854-b49868686d9d,2026-08-04,VD,Lausanne,1018,"Commune de Lausanne – Direction du logement, de l'environnement et de l'architecture - Service d’architecture et du logement",0,[]
c6e7ec15-9d82-4e4f-b470-d1d992d77bc3,36639,"Lot L10235, SL Allianz Unterführung Kanal Susten-Chippis",tender,construction,selective,participant_selection,0eed40d2-d103-4372-ad1d-a7c171796e9a,2026-08-03,VS,Leuk,3953,Dienststelle für Nationalstrassenbau / Service de la construction des routes nationales,0,[]
58b02fa8-c556-4468-9470-e48d214a8b69,41951,Neubau Wiestistrasse Lehnenkonstruktion,tender,construction,open,tender,89cb0c88-0d04-4462-8acc-6fccc5e52909,2026-08-03,VS,Zermatt,3920,alpec engineering ag,0,[]
e286765a-083b-4379-b9b9-0afe78cac375,38239,Hochwasserschutzprojekt Blinnenbach,tender,construction,open,award,e4439d51-f3e2-4b77-9c2d-694f1b2ccc57,2026-08-01,VS,Reckingen,3998,Gemeinde Goms (SRP Ingenieur AG),0,[]
958af129-2d1d-497d-aa55-859fb140343c,38479,QUARTET 2 - Aménagement intérieur pour trois hautes écoles HES-SO à Genève - Revêtements de sols,tender,construction,open,abandonment,fe35e207-8b54-4ecc-b41c-927992f2b90a,2026-08-01,GE,Genève,1203,Service immobilier HES-SO Genève,0,[]
bc39caf7-abaa-4faf-a4d2-2ad3f617a34c,39928,HUG - Réfection réseau vide (zone Sud) Maternité et bouclage - CFC 253.6 Approvisionnement et élimination des gaz médicaux,tender,construction,open,award,f2e7ee77-6efd-4e7a-942a-92e1c6a516fd,2026-09-30,GE,Genève,CH-1205,Centrale d'achats et d'ingénierie biomédicale Vaud-Genève (CAIB),0,[]
d655f696-724e-4677-a649-037e946716aa,42761,"Grand Théâtre de Genève, remplacement machinerie scénique (2346minimis) armoires murales, rayonnage, revêtement de parois en bois",tender,construction,open,abandonment,7e4c012b-c707-40d7-872e-e36c8935a964,2026-09-30,GE,Genève,1204,"Unité soumissions - Département de l'aménagement, des constructions et de la mobilité (DACM) de la Ville de Genève",0,[]
abb478ee-c65b-4c7f-82f8-839ee6bce1c3,43956,"Renouvellement de ligne de contact, YVWB-BRI et VAL-ESS, Ligne ferroviaire à voie métrique Yverdon Ste Croix / Ingénieur + monteur LC / Phases 51 à 53",tender,construction,open,tender,377ab3b3-8e02-4030-a46f-78c78ec2b414,2026-09-30,VD,Valeyres-sous-Montagny,1441,TRAVYS SA,0,[]
281dc5f0-1704-48b0-b237-bc90e9946833,44696,HEPIA - Rue de la Prairie 4 - Assainissement et rénovation des sous-stations de distribution de chauffage B-C-D-I,tender,construction,open,tender,e7b58ab4-1841-4c42-a04c-03b6a9eca81d,2026-09-30,GE,Genève,1202,"Etat de Genève, Département du territoire - DT, Office cantonal des bâtiments",0,[]
47dd0b37-11ad-41f7-b40a-68b571347356,44869,"Communes de Corsier-sur-Vevey et de Blonay-Saint-Légier, Pont de Fenil, Echafaudage suspendu",tender,construction,open,tender,08fdd662-1d14-4dc9-bc46-a437fe004589,2026-09-30,VD,Fenil (Corsier-sur-Vevey),1809,Communes de Corsier-sur-Vevey et de Blonay-Saint-Légier,0,[]
87c45c4f-77fa-4088-9db9-62c62e8ac120,44963,Groupe scolaire des Grands Esserts - Aménagements extérieurs,tender,construction,open,tender,ff655d15-0a2e-4461-a6ef-ad2bd74af708,2026-09-30,GE,veyrier,1255,Commune de Veyrier - Service Aménagement-Construction-Infrastructures (zssa),0,[]
36722852-286e-4638-bcfb-b74c5aa83089,45014,Rénovation/Transformation du CID de Malley / Portes rapides et Rideaux coupe-feu,tender,construction,open,tender,6c9b93d1-68e0-4c77-ba2a-1e1ef41e8ab8,2026-09-30,VD,Renens,1020,Ville de Lausanne - Service de la propreté urbaine (Architram),0,[]
4449cc35-06a2-4351-98b9-c6969693f8a0,45019,Collège Bahyse II+III - Blonay-St-Légier / Mobilier scolaire,tender,construction,open,tender,5fa00c9a-9a7b-4d0f-9ace-cf830ce4a61e,2026-09-30,VD,Blonay,1807,Commune de Blonay-St-Légier (Consortium FLBG),0,[]
c599ee69-6b65-44c0-984c-806954fc3af2,45058,MVR-N - Centre de maintenance matériel roulant à Montreux - Travaux de tirage de câbles et basse tension,tender,construction,open,tender,127d0296-3054-4b22-9677-6a4ef9e51fb9,2026-09-30,VD,Montreux,1820,Transports Montreux-Vevey-Riviera SA,0,[]
4f33578c-d7a3-4fe6-bcb8-4aebad8e3355,45122,YPERIA - OIKEN - Lot 421.000 Aménagements extérieurs - Travaux de paysagisme,tender,construction,open,tender,bff3823a-792a-4cc2-b10f-0130752305ed,2026-09-30,VS,Sierre ,3960,OIKEN SA (Pragma Partenaires SA),0,[]
4577822e-9019-41e8-a122-21f3fbbbf754,41206,P+R Sous Moulin- Remplacement du système d’extinction automatique à eau,tender,construction,open,award,7b9f883a-e0a3-4a73-85c1-a22c811a805c,2026-09-29,GE,Thônex,1226,Fondation des Parkings  - Service des achats,0,[]
202bef8a-c12f-460f-8680-15d06318a9c5,41751,HWS Triftbach - Geschiebesperre,tender,construction,open,award,8080d503-d3dc-4bb8-8650-3e60483ead54,2026-09-29,VS,Zermatt,3920,Gemeinde Zermatt (INGENES AG),0,[]
2efafc90-f925-47e7-bcbe-32261659b68e,44661,Projet de requalification des aménagements extérieurs de la Cour du Collège de Chailly,tender,construction,open,tender,8597d581-d7ea-4a2d-8c44-f32b8df57011,2026-09-29,VD,Chailly-Montreux,1816,"Commune de Montreux - Service des domaines et bâtiments, sport",0,[]
db37eed6-5ed8-48be-97ff-d964171d369f,44688,HEPIA - Rue de la Prairie 4 - Assainissement et rénovation des sous-stations de distribution de chauffage B-C-D-I,tender,construction,open,tender,69eb4eb4-ec4b-48c5-95c6-3bb54367724a,2026-09-29,GE,Genève,1202,Office Cantonal des bâtiments (OCBA) - JDR ENERGIES,0,[]
5261b5f5-8647-448f-a624-f0077f9c1de0,44830,Auberge de Sauvabelin - Démolition et reconstruction / CFC 358 Agencements de cuisine professionnelle,tender,construction,open,tender,c688aaef-8aa8-4c5e-8f92-348be1856b08,2026-09-29,VD,Lausanne,1018,"Commune de Lausanne – Direction du logement, de l'environnement et de l'architecture - Service d’architecture et du logement",0,[]
dd30a5ba-926d-41de-a47a-8832f5cc390f,44981,AO 2024-017 Boulevard Helvétique,tender,construction,open,tender,9ce3af93-19ac-464c-ab75-ac3fa88e324b,2026-09-29,GE,Genève (Ville),1205,Services industriels de Genève (SIG) - Direction Achats,0,[]
f6a98f56-c122-42b8-bca2-94a217d48f04,34387,Rénovation et assainissement énergétique du Centre d'enseignement professionnel de Vevey,tender,construction,open,award,0e0b9116-51cb-4478-a405-d4f6fed70277,2026-09-28,VD,Vevey,1800,DGIP-DAB-Domaine 2 : Ecoles professionnelles,0,[]
5d09c749-ef68-42c0-9b86-58deebac26f3,43941,RENOVATION TECHNIQUE CVSER LULLIER (Centre Horticole) secteur Nord - Lot 242 - Installations hydraulique chaud,tender,construction,open,tender,f80dcfc8-5136-4676-aa82-cb659009b0d9,2026-09-28,GE,Centre Horticole Lullier,1254,Office cantonal des bâtiments (OCBA),0,[]
719a8a65-201d-48b2-aa02-bbc5f36d8879,43945,RENOVATION TECHNIQUE CVSER LULLIER (Centre Horticole) secteur Nord - Lot 244 - Installations de ventilation,tender,construction,open,tender,b1185e91-4f7e-4d43-a4db-5394ddb52aba,2026-09-28,GE,Centre Horticole Lullier,1254,Office cantonal des bâtiments (OCBA),0,[]
a0df74f0-d9ff-4009-9d0c-a718575f18ae,44906,Projet d'extension du collège de Montreux-Est,tender,construction,open,tender,a001b16c-5129-4d5d-be9e-f8490d991e71,2026-09-28,VD,Montreux,1820,"Commune de Montreux, Service des domaines et bâtiments, sport (EMCO Partenaires SA)",0,[]
f01bc950-8ed7-4ba1-9503-ab3ffe94c151,44100, 65- und 16- kV Kabelleitungen Einführung der Kabelleitungen in das neue Unterwerk Ernen,tender,construction,open,tender,b5c8e446-ad01-4bf9-a54f-6a7b26b21466,2026-09-27,VS,Ernen ,3995,Valgrid SA,0,[]
8882250c-777f-49ed-a287-8176eec7f186,27932,"Foyer St-Joseph à Sierre: travaux d'agrandissement, de transformation et de mise aux normes de l'établissement",tender,construction,open,award,5ef1fb7f-e6f5-4738-b3ce-a8693e28fe9a,2026-09-26,,,,Organisateur Personeni Raffaele Architectes EPF SIA,15,"[""5ef1fb7f-e6f5-4738-b3ce-a8693e28fe9a"", ""aea467bd-e357-461a-9987-11d388a02b32"", ""de1a474f-ec3b-4285-9156-1f0a26430a3d"", ""ecfcb356-d443-42b2-9915-1fcbf4741f09"", ""1e43bc8b-3550-4734-b96b-4210858aeb77"", ""934bad24-336c-41da-97ce-ee69b4c09e89"", ""1b86d95d-eb61-4ac6-8009-73f7b0d158d7"", ""6873b57e-3b68-42c9-8a5e-434b89856766"", ""90a76b3d-1bf3-461f-967a-54cbf1d34823"", ""0236da07-3774-4859-a9c4-f6f094e9b8a0"", ""b9745376-25be-4031-840f-4ae62f4996a2"", ""0ef7557e-f232-4569-8ecb-afb691c8e478"", ""53b581e6-8319-4d64-aa7d-cbc6d11e1242"", ""daaa2569-1eec-418b-8772-f6113e8a2277"", ""fa2ba081-37d2-41bf-b54e-0dbf3f1dc759""]"
1074498b-5bd0-494b-b5ef-56ee6091ff73,40201,STEP Eparse - Lot EL02 - Installations électriques,tender,construction,open,award,00381f74-8ca6-4edb-974a-c83e5914fbe6,2026-09-26,VD,Payerne,1530,L'Eparse - Association intercommunale pour l’épuration des eaux de la zone de Payerne,0,[]
38b52c01-34e6-4c8b-9311-7c4bcc0798a8,44933,FPO Chamoson - LOT 271.000 Plâtrerie - peinture,tender,construction,open,tender,d1962e74-0d30-48c4-8750-9fae9b223bdf,2026-09-26,VS,Chamoson ,1955,Foyer Pierre Olivier (Pragma Partenaires SA),0,[]
2fb3d80b-4774-4e25-97c1-9c2e7bad255f,25968,Construction et transformation des ateliers de l'EPCL sur le site de Crêtelongue à Sierre - CFC 25,tender,construction,open,award,09e485fe-2215-47b1-aa40-d7a4c9f741e0,2026-09-25,VS,Granges,3977,Service Immobilier et Patrimoine - Investissement / Dienststelle für Immobilien und Bauliches Erbe - Investitionen,0,[]
674957b8-176c-4720-a20a-fb95a7587c24,26600,Construction et transformation des ateliers de l'EPCL sur le site de Crêtelongue à Sierre - CFC 24,tender,construction,open,award,669b24bf-4b8c-4d43-8f02-ad0fa585d2cf,2026-09-25,VS,Granges,3977,Service Immobilier et Patrimoine - Investissement / Dienststelle für Immobilien und Bauliches Erbe - Investitionen,0,[]
4e4f85ad-aaa0-4fa1-8a2a-4fbe60e26e2a,37643,Ecole de Grône - Agrandissement du centre scolaire,tender,construction,open,award,62577710-4ea3-4401-a02f-d6da8ece7bf6,2026-09-25,VS,Grône,3979,Commune de Grône,0,[]
964264f7-be2a-44f5-afc5-a3d1cc7ad93b,40680,Réfection de la route cantonale en traversée de localité (RC 509-B-P),tender,construction,open,tender,c28870a9-2cdf-4988-aa0e-ab31a4ee1957,2026-09-25,VD,Sédeilles,1554,Commune de Villarzel (CFA Ingénieurs Conseils SA),0,[]
613673d1-84b3-4e4c-a2b9-69a0250c3f34,41354,Ecole de Grône - Agrandissement du centre scolaires,tender,construction,open,award,48a8b0fe-5d68-4615-ab3b-d5737c5c67ab,2026-09-25,VS,Grône,3979,Commune de Grône,0,[]
7b0b1470-499f-4a2d-8614-ce34703a51af,42947,11019-UNIL INFRASTRUCTURE-GALERIE TECHNIQUE- Eclairage et mise en conformité,tender,construction,open,tender,3bda101a-0ea7-402b-961c-e6dfb311ca68,2026-09-25,VD,Galerie technique,1022,UNIL - UNIBAT - Domaine ingénierie,0,[]
1698afe1-74ea-4261-82ce-1c720606b1b9,44523,Adaptation de la gare de Le Muids - Installations électriques BT,tender,construction,open,tender,4d80e35e-ece9-4676-9bcd-899026588214,2026-09-25,VD,Arzier - Le Muids,1273,Compagnie du chemin de fer Nyon-St-Cergue-Morez SA,0,[]
c9b66549-35d1-4888-ace2-ad3d0515e392,44743,Lausanne 30-32 (2338) Rénovations des installations électriques,tender,construction,open,tender,6b2190e8-6127-4c18-9133-245a40c93226,2026-09-25,GE,Genève,1201,"Unité soumissions - Département de l'aménagement, des constructions et de la mobilité (DACM) de la Ville de Genève",0,[]
6bca3271-d7df-4734-a002-0c0a6a0872c2,44785,Rénovation de l'enveloppe et des installations techniques du Centre funéraire de Saint-Georges (2366TI) Ouvrages métalliques,tender,construction,open,tender,8f32567a-89aa-4a15-9a94-284ffffe5d03,2026-09-25,GE,Petit-Lancy,1213,"Unité soumissions - Département de l'aménagement, des constructions et de la mobilité (DACM) de la Ville de Genève",0,[]
39b0ad25-fe15-4abd-967a-a98b1175f794,44838,Extension du groupe scolaire de Corsier - AO CFC 221 - Fenêtres et portes extérieures en bois,tender,construction,open,tender,9bfb4a02-6ab1-406c-ba4a-1ae7f8eceee6,2026-09-25,GE,Corsier,1246,FdMP réalisation sa,0,[]
b4ce6998-1c1b-41a0-8389-f4434226504c,44839,"Copie Extension du groupe scolaire de Corsier - AO CFC 215.2 – Façade bois : panneaux, montants et traverses",tender,construction,open,tender,5d74068c-7ef1-4616-8dcd-4e3e66818725,2026-09-25,GE,Corsier,1246,FdMP réalisation sa,0,[]
ea148150-89a7-4331-a5d5-29419dcbb917,31515,Champ-Dollon / Dispositifs extérieurs de fermeture,tender,construction,open,award,98b8d8e4-b18e-4b8f-a272-a01abfbf0dfe,2026-09-24,GE,Puplinge,1241,Office cantonal des bâtiments (OCBA) - Service Achats et Contractualisation,0,[]
1bb905dc-45da-4edd-8d60-9961b29232a5,35775,Copie Construction d'une NCUAPE à Vollèges - CFC 221.2 Portes-fenêtres en bois-métal,tender,construction,open,award,87b2729e-177d-4842-8113-dda20bc15ab9,2026-09-24,VS,Vollèges,1941,Commune de Val de Bagnes - Dicastère ATCM (quartal),0,[]
c792bf5b-9f78-4627-8223-aeb133c59636,36706,Construction d'une NCUAPE à Vollèges - CFC 214.2 Charpente,tender,construction,open,award,4484911c-992f-49d2-94d7-f56e7cb864c1,2026-09-24,VS,Vollèges,1941,Commune de Val de Bagnes - Dicastère ATCM (quartal),0,[]
a6b38c0b-db88-4357-a9e2-e550e92e74f6,37944,Requalification de la Route Suisse - traversée de localité,tender,construction,open,abandonment,5d7a1b76-e894-4f90-bec6-971dba24f5af,2026-09-24,VD,Gland,1196,Ville de Gland - Service des Infrastructures et de l'Environnement,0,[]
54ca0b4a-1a34-48d1-a2b5-a8a163033f49,41363,Ecole de Grône - Agrandissement du centre scolaires,tender,construction,open,award,e208c148-1186-47aa-94ca-7e46b00ca3b7,2026-09-24,VS,Grône,3979,Commune de Grône,0,[]
28107b05-62cf-4cf6-9314-4beb224ec8af,44469,297_Groupe scolaire des Grands Esserts_CFC 281.6 Carrelage et faïences,tender,construction,open,tender,c5b8b281-6cd7-4e0b-860b-632aab1ce7c4,2026-09-24,GE,Veyrier,1255,Commune de Veyrier (Esposito + Javet arch.),0,[]
b0d84484-621e-478d-93a6-49ef501c1dc3,44634,P+R Grand Saconnex - Lot 12.1 Ouvrages métalliques courants,tender,construction,open,tender,17496f1e-82c8-4ebb-baa7-4d3a9b5895d8,2026-09-24,GE,"Voie-des-Traz 6, 1218 Le Grand-Saconnex",1218,Fondation des Parkings  - Service des achats,0,[]
7246641c-f083-48c9-b9f9-f29c34ac0987,44704,297_Groupe scolaire des Grands Esserts_CFC 273.3_Doublages/plafonds salles de sport et aula,tender,construction,open,tender,154e0536-a905-4585-8f5c-8e958854e4d2,2026-09-24,GE,Veryer,1255,Commune de Veyrier (Esposito + Javet arch.),0,[]
4a85208c-e533-4d5e-b142-bfcb1712e599,44705,"595 Gymnase du Chablais CFC 221.6,272.2, Ouvrages métalliques courants et portes extérieures en métal",tender,construction,open,tender,51c12e08-0640-4128-a69d-59044c467a06,2026-09-24,,,,Direction générale des immeubles et du patrimoine – DGIP<,3,"[""51c12e08-0640-4128-a69d-59044c467a06"", ""51c12e08-0640-4128-a69d-59044c467a06"", ""51c12e08-0640-4128-a69d-59044c467a06""]"
fca301c1-7d8a-4ad9-88a7-0b8f336c5b56,44706,297_Groupe scolaire des Grands Esserts_CFC 272 Serrurerie/Portes salle de gym,tender,construction,open,tender,f8212907-5e0e-4705-98d6-c372a2f866d9,2026-09-24,GE,Veyrier,1255,Commune de Veyrier (Esposito + Javet arch.),0,[]
d2c5a990-bd1d-41cd-9889-3841e509aba8,44732,"	 Transformation du Centre sportif La Ruayre : Rénovation du bâtiment 1722b buvette - Démolition du bâtiment 1722a, construction d'un nouveau bâtiment - Réaménagements des terrains de football, ajout d'un terrain synthétique et d'un terrain junior.",tender,construction,open,tender,59a859c1-06d8-4e52-968c-dbe91d03bb94,2026-09-24,VD,Crissier,1023,Commune de Crissier (Widmer Architectes SA),0,[]
e70b2439-7cb6-4d0c-b475-3a4f910dbab7,34446,EPFL ASB – AO 9 – GROS OEUVRE,tender,construction,open,award,e4ccda2a-d9d6-4ec7-8e89-69dcd6632614,2026-09-23,VD,Lausanne,1015,EPFL VPF ACHATS,0,[]
dc446840-c074-4fa1-a197-e6b8295529eb,37884,Hôpital du Valais - SKP 420 Travaux de jardinage ,tender,construction,open,award,1af07e21-ca3e-416a-a6f3-83d6007428c7,2026-09-23,VS,Brig-Glis,3900,Hôpital du Valais - Spital Wallis,0,[]
8d0bee0e-9870-4931-8714-dd93794f8cf6,40884,Camping Bois-de-Bay - 153.1 - Electricité (adaptation du réseau),tender,construction,invitation,award,e2952070-80b7-4f03-937d-5f42486a8423,2026-09-23,GE,Rte du Bois-de-Bay 19,1242,Hospice Général (acau architecture sa),0,[]
1c7b8f0a-b18a-42ee-aa98-2a3af9af2b34,41012,Camping Bois-de-Bay - 152 Terrassement - Canalisations (adaptation du réseau),tender,construction,invitation,award,42ac6f70-301f-44f2-b069-b60d95f0b221,2026-09-23,GE,Rte du Bois-de-Bay 19,1242,Hospice Général (acau architecture sa),0,[]
7048a441-3dc3-4541-933b-6ef70e804dc7,41064,Camping Bois-de-Bay - 155 - Installations Sanitaires (adaptation du réseau),tender,construction,invitation,award,770ab7ad-484f-44b2-9681-55e84d9ef342,2026-09-23,GE,Rte du Bois-de-Bay 19,1242,Hospice Général (acau architecture sa),0,[]
8071c39d-5834-4974-ac1f-3a1c426ce875,42545,EPFL DOUBLE DECK - CFC 224.11 Etanchéité,tender,construction,invitation,award,22007235-fecd-4e6d-a0c7-cf44c34d54af,2026-09-23,VD,Lausanne,1015,EPFL VPF ACHATS,0,[]
4f47102b-d7dd-42d2-9ac9-6a2eed848f44,44460,"Collecteur principal Bezanson-Hugues (2359) Démolitions, canalisations, béton et béton armé",tender,construction,open,tender,609ce99c-6ab5-4e19-b365-181534f7e025,2026-09-23,GE,Genève,1204,"Unité soumissions - Département de l'aménagement, des constructions et de la mobilité (DACM) de la Ville de Genève",0,[]
3eb82405-1d9e-4872-9468-a665559ebe58,44643,"Ecole de Puplinge, AO-CFC273 : Travaux de menuiserie (armoires, portes et menuiserie courante)",tender,construction,open,tender,7158b78e-2003-4c4c-befc-911e33e159df,2026-09-23,GE,Puplinge,1241,Commune de Puplinge,0,[]
36af2b6b-4a85-4e83-92d2-89494d5a95f7,36477,"Rénovation, transformation et agrandissement du site de l'épicentre à Collonge-Bellerive / Marché n° 15 - Ferblanterie et Couverture",tender,construction,open,award,cbd6641a-9c17-4143-a41a-c9b8f61ddac3,2026-09-22,GE,Collonge-Belllerive,1245,Commune de Collonge-Bellerive / Service des bâtiments / Projet EPICENTRE,0,[]
221ab6f5-bf61-44dd-acfe-eba82a837eac,41314,Protection contre les crues de la Navizence. Aménagement du secteur Mission - LOT 1,tender,construction,open,award,5b1454a7-13a8-4fe0-8a5d-c94ae7b626cf,2026-09-22,VS,Mission,3961,Commune d'Anniviers,0,[]
3bfd6080-e1c6-453b-90c2-452a319d318e,41416,"Correction du carrefour avec la rue St-Georges à l'entrée d'Euseigne, sur la RC no 54 Sion - Les Haudères - Arolla, sur le territoire de la commune d'Hérémence",tender,construction,open,award,b37f80c7-51ac-4843-956d-d327a71281d9,2026-09-22,VS,Euseigne,1982,"Département de la mobilité, du territoire et de l'environnement",0,[]
59d47c7f-bab0-437f-9c8b-8e80ab907d1b,43912,CENTRE DE QUARTIER DE BALEXERT- CONSTRUCTION EN BOIS,tender,construction,open,tender,8f0acaf0-ff32-4814-bf5f-3ac0bda2202f,2026-09-22,GE,Chemin de Maisonneuve 49,1219,Ville de Vernier- Service des bâtiments SBA - Pôle aménagement et espace urbain,0,[]
a5b3e71f-ba84-439d-9996-2c4b17a83189,44370,Réfection des chemins AF,tender,construction,open,tender,ffc87fa7-5425-43b7-aa5d-89b57ca48dbc,2026-09-22,VD,Sullens,1036,"Commune de Sullens (Chevalier SA, bureau d'ingénieurs)",0,[]
1b165088-e796-4c6f-9bab-a876064bb5dc,39321,CSI LE BIX : Lot 421.000 - Aménagements paysagers,tender,construction,open,award,1ba9771f-7202-4be9-a420-2557b215e56e,2026-09-21,VD,Arzier-Le Muids,1273,Commune d'Arzier-Le Muids (Bonnard+Woeffray Architectes SA / Pragma Partenaires SA),0,[]
9a84f0b7-bb00-480a-a2f1-ead4cfd394a4,44358,STEP de l'Eparse - Lot AR01 - Toitures plates,tender,construction,open,tender,fd9d2a43-25c7-4341-8220-26aa564193e6,2026-09-21,VD,Payerne,1530,L'Eparse - Association intercommunale pour l’épuration des eaux de la zone de Payerne  - Brülhart Ducret SA,0,[]
df485280-eb84-406c-9876-84596dde1781,44479,Echafaudages (CFC 211.1) - TRANSFORMATION ET RENOVATION DU BÂTIMENT ADMINISTRATIF DES TRANSPORTS PUBLICS GENEVOIS AU BACHET-DE-PESAY,tender,construction,open,tender,3b679d14-4758-42fa-bb8b-37d466de43fb,2026-09-21,GE,Grand-Lancy,1212,Transport publics genevois (tpg),0,[]
6add8fa5-e70c-4c65-8d19-9040b7810c46,44506,Ferme de la Culture de Troinex - Lot 22400 Couverture et fenêtre de toiture,tender,construction,open,tender,5fe66e77-2af5-48dd-a663-91093b78b73d,2026-09-21,GE,Troinex,1256,Commune de Troinex (AAPA SA),0,[]
530fb986-47f6-40d9-b731-8b0dcec2c636,44519,Amélioration du passage inférieur de l'Avenue du Mont-Blanc en faveur des mobilités douces ,tender,construction,open,tender,5f082307-ff85-4b09-ac4e-f72e99b147d6,2026-09-21,VD,Gland,1196,Ville de Gland - Service des Infrastructures et de l'Environnement,0,[]
3aa9b119-7d5f-4ed8-b72e-01e598ef17c0,40792,"Travaux de génie civil pour installations de sécurité - Adaptation des PN Sus-Châtel, Tenet et Bassins, et des blocks intermédiaires de La Joy Clinique et Bassins",tender,construction,open,award,17b440fb-e27d-4610-84b1-b098474d684e,2026-09-19,VD,Genolier,1272,Compagnie du chemin de fer Nyon-St-Cergue-Morez SA,0,[]
646b1336-4b75-4dca-a382-1827d114935c,41392,Rénovation du bâtiment Beau-Site à Aigle - CFC 283(240) – Plafonds actifs en toile tendue,tender,construction,open,abandonment,d249ae10-e93b-48df-9e8c-f4d637014aa5,2026-09-19,VD,Aigle,1860,Transports publics du Chablais SA,0,[]
ee5a86bb-d7c5-4794-b927-8c602af15d15,44435,Sanierung Sandstrasse,tender,construction,open,tender,6da89c56-8d76-4ec9-8021-81d5770bb82c,2026-09-19,VS,Steg,3940,Gemeinde Steg-Hohtenn,0,[]
0d93803c-9fa0-4350-bb24-65c952482b8e,44498,"Foyer St-Joseph à Sierre : travaux d'agrandissement, de transformation et de mise aux normes de l'établissement",tender,construction,open,tender,d1841d98-7ab4-4a49-8c6f-6867d706e1e8,2026-09-19,,,,Organisateur Personeni Raffaele Architectes EPF SIA,2,"[""d1841d98-7ab4-4a49-8c6f-6867d706e1e8"", ""d1841d98-7ab4-4a49-8c6f-6867d706e1e8""]"
2a2f248f-8796-4d09-887f-8dec74816ab3,25963,Construction et transformation des ateliers de l'EPCL sur le site de Crêtelongue à Sierre - CFC 244,tender,construction,open,award,ff28af66-c49e-4f17-8721-227966cf42d8,2026-09-18,VS,Granges,3977,Service Immobilier et Patrimoine - Investissement / Dienststelle für Immobilien und Bauliches Erbe - Investitionen,0,[]
47eb5c99-36e3-44cd-ae51-d907bd38e064,28956,Campus du Pôle Santé - CFC 859.1 - Travaux de génie civil pour puits de pompage,tender,construction,open,award,12ea1c68-9205-4f10-8936-5043f43962af,2026-09-18,VS,Sion,1950,Service immobilier et patrimoine / Dienststelle für Immobilien und Bauliches Erbe - Investissements / Investitionen,0,[]
f048f9f2-a2f2-4eb8-8f93-3c88cd8ac29d,32210,"595 Gymnase du Chablais CFC 283.1, 283.4 Faux-plafonds métalliques suspendus et plafonds en bois et dérivés",tender,construction,open,award,6adb0fb1-a6d2-47c1-8ae3-249b6665fec2,2026-09-18,VD,Aigle,1860,Direction générale des immeubles et du patrimoine – DGIP,0,[]
4b4322ce-7fc0-4a61-84a0-70b714b510e2,33326,595 Gymnase du Chablais CFC 215.2 - 215.5 Façades et revêtements extérieurs,tender,construction,open,award,14307dd5-ebc9-4911-a355-bb86015b647f,2026-09-18,VD,Aigle,1860,Direction générale des immeubles et du patrimoine – DGIP,0,[]
e1de6498-0ec7-4573-b69e-d6ae4487cb6e,38082,Construction du Campus EDHEA et Ecole de couture du Valais à Sierre - CFC 231.5,tender,construction,open,award,595d490e-74d2-43af-8ec3-07aebd4ce164,2026-09-18,VS,Sierre,3960,"Etat du Valais, Service immobilier et patrimoine - Investissements",0,[]
c72cff7c-f215-4f5c-8ea0-966d635f8e34,38504,Adaptation de la gare de Le Muids - Travaux de génie civil,tender,construction,open,award,8af28e8e-3e3b-4002-b56e-caf936962936,2026-09-18,VD,Arzier-Le Muids,1273,Compagnie du chemin de fer Nyon-St-Cergue-Morez SA,0,[]
7f92b780-6341-462b-a65e-8b7ffc15bb2f,39530,Modernisation et extension des infrastructures du centre médico-éducatifs de La Castalie. - CFC 287 Nettoyage du bâtiment,tender,construction,open,award,b1d45ab4-7379-4403-a851-23eb8a1af234,2026-09-18,VS,Monthey,1870,Service immobilier et patrimoine (SIP) / section investissement,0,[]
2dfe5832-a898-4a66-88f3-d7b1ede59e62,44393,"MP 2026.08.864 Renouvellement des bancs moyenne tension (MT) du m1  (Lot 1, Lot 2 et Lot 3) ",tender,construction,open,tender,0d5070ac-548e-48b5-a8a1-394854c4ddce,2026-09-18,,,,Transports publics de la région lausannoise sa,3,"[""0d5070ac-548e-48b5-a8a1-394854c4ddce"", ""0d5070ac-548e-48b5-a8a1-394854c4ddce"", ""0d5070ac-548e-48b5-a8a1-394854c4ddce""]"
a15cf2c2-5e02-4bc2-8777-c26e3e874a9a,35599,Construction d'une NCUAPE à Vollèges - CFC 201.1 Terrassements,tender,construction,open,award,8a4351da-f691-44ce-9c9f-ac43ea156a8d,2026-09-17,VS,Vollèges,1941,Commune de Val de Bagnes - Dicastère ATCM (quartal),0,[]
b359c708-c844-4051-b799-c7c8e2837cdb,35601,Construction d'une NCUAPE à Vollèges - CFC 211.1 Echafaudages,tender,construction,open,award,aa2dccbd-4685-476b-b4a1-83e986736450,2026-09-17,VS,Vollèges,1941,Commune de Val de Bagnes - Dicastère ATCM (quartal),0,[]
a8c75594-04a6-4f76-be98-fc9d4b411d0f,35773,Construction d'une NCUAPE à Vollèges - CFC 221.0 Portes-fenêtres en bois,tender,construction,open,award,8b42637b-cf2d-4377-91f4-219a99d47218,2026-09-17,VS,Vollèges,1941,Commune de Val de Bagnes - Dicastère ATCM (quartal),0,[]
367c148a-acb1-4a3e-9175-733b03e6c60f,35891,Construction d'une NCUAPE à Vollèges - CFC 230 Installations électriques,tender,construction,open,award,52e1167c-1800-48e5-8c9f-1e81bbc45b2c,2026-09-17,VS,Vollèges,1941,Commune de Val de Bagnes - Dicastère ATCM (quartal),0,[]
11063b51-7b1b-4a3a-862e-39e123dcdb2c,35893,Construction d'une NCUAPE à Vollèges - CFC 242 Installations de chauffage,tender,construction,open,award,14f1bd18-a3e0-42c8-9860-9e3c5e44e56f,2026-09-17,VS,Vollèges,1941,Commune de Val de Bagnes - Dicastère ATCM (quartal),0,[]
5f290320-9274-4813-aa32-3575d5274fa9,35894,Construction d'une NCUAPE à Vollèges - CFC 244 Installations de ventilation,tender,construction,open,award,e79d9c92-eac4-4fa5-a13a-baaa52a45927,2026-09-17,VS,Vollèges,1941,Commune de Val de Bagnes - Dicastère ATCM (quartal),0,[]
a04e3921-a178-4a6d-b22b-32cdef270f49,35896,Construction d'une NCUAPE à Vollèges - CFC 250 Installations sanitaires,tender,construction,open,award,444dacdb-eaaf-495d-a0fb-3bec397e921f,2026-09-17,VS,Vollèges,1941,Commune de Val de Bagnes - Dicastère ATCM (quartal),0,[]
0784238d-8dae-4ac8-806e-23973d5b0542,36699,Construction d'une NCUAPE à Vollèges - CFC 172 Travaux spéciaux,tender,construction,open,award,72876d57-97f9-42a3-8c59-5cfb78738bd5,2026-09-17,VS,Vollèges,1941,Commune de Val de Bagnes - Dicastère ATCM (quartal),0,[]
4b874485-23f9-4f0d-82d6-33f47d8611f0,36922,Construction d'une NCUAPE à Vollèges - CFC 211 Maçonnerie,tender,construction,open,award,82a29cb8-68c5-482d-a00c-0b7c98f9940c,2026-09-17,VS,Vollèges,1941,Commune de Val de Bagnes - Dicastère ATCM (quartal),0,[]
ed92974f-55f2-4210-8acd-e90f9b021256,39580,"Collège de Brique - Rénovation de l'internat / CFC 225.4 Revetements coupe-feu, etc. (tract sud)",tender,construction,open,award,ed01dd82-c4c5-4ee0-a5e9-7ebc5fbf99ef,2026-09-17,VS,Brig-Glis,3900,"Departement für Finanzen und Energie, Dienststelle für Immobilien und Bauliches Erbe",0,[]
0d56c73c-a1a6-46a6-9f31-30cc165c15fd,39581,Copie Collège de Brique - Rénovation de l'internat / CFC 225.5 cloisons coupe-feu (tract sud),tender,construction,open,award,385dea0a-4914-42f6-a5a4-cc57663196bb,2026-09-17,VS,Brig-Glis,3900,"Departement für Finanzen und Energie, Dienststelle für Immobilien und Bauliches Erbe",0,[]
08d3ccfc-f116-4d86-82b4-3165f2beb26f,28015,Campus du Pôle Santé - CFC 853 - Electricité pour puits de pompage,tender,construction,open,award,09319320-4a22-4092-a1c1-fb5253116093,2026-09-16,VS,Sion,1950,Service immobilier et patrimoine / Dienststelle für Immobilien und Bauliches Erbe - Investissements / Investitionen,0,[]
bc6607c4-9b5f-4d3e-bb19-07becabca15c,28950,Campus du Pôle Santé - CFC 854.1 - Installations sanitaires pour puits de pompage,tender,construction,open,award,1ae214a2-3b61-4bc3-9c46-6a53de52f137,2026-09-16,VS,Sion,1950,Service immobilier et patrimoine / Dienststelle für Immobilien und Bauliches Erbe - Investissements / Investitionen,0,[]
7708a405-61a5-4e46-9ef3-b20747bdb808,33993,Champ-Dollon / Nettoyages de fin de chantier,tender,construction,open,award,f34288bc-1306-4e7a-961d-276ee65b00e6,2026-09-16,GE,Puplinge,1241,Office cantonal des bâtiments (OCBA) - Service Achats et Contractualisation,0,[]
51f1da9b-2299-4269-8fb7-179597b0bca6,38480,QUARTET 2 - Aménagement intérieur pour trois hautes écoles HES-SO à Genève - Plâtrerie - Enduits - Peinture,tender,construction,open,award,42ff3ee4-589a-466b-9397-c25aa8566f74,2026-09-16,GE,Genève,1203,Service immobilier HES-SO Genève ( Itten+Brechbühl SA ),0,[]
44f75a9e-04ab-4443-93d6-e5dea5af6b7e,39422,EPFL ASB – AO 17 – TABLEAUX SECONDAIRES TS,tender,construction,open,abandonment,7e04ab35-76b2-4160-b2a3-78abcaf86f7b,2026-09-16,VD,Lausanne,1015,EPFL VPF ACHATS,0,[]
2ec95d8d-129e-4b02-9c4b-9dc22de3bfd2,39678,297_Groupe scolaire des Grands Esserts_CFC 271-285 Plâtrerie-Peinture,tender,construction,open,award,f340bfe2-bd82-4485-b47b-75d8dfab6275,2026-09-16,GE,Veyrier,1255,Commune de Veyrier (Esposito + Javet arch.),0,[]
903e8e69-8c43-4c19-8f77-a1e4a99f2822,40094,Rénovation de l'aula du Collège Claparède,tender,construction,open,tender,bb6aea0a-9f67-4151-bedf-341607e1a6ae,2026-09-16,GE,Chêne-Bougeries,1231,Office cantonal des bâtiments (OCBA) - ZID architecture,0,[]
6dbcb966-cd3a-4276-993c-5452fd55c485,41562,EPFL ASB – AO 22 – TGBT + Rails d'énergie,tender,construction,open,abandonment,0b12e023-baad-4d36-a7f2-4a3135a0ef34,2026-09-16,VD,Lausanne,1015,EPFL VPF ACHATS,0,[]
03319a6f-d2bb-48d2-893e-c55961ad5d28,37067,AO_26_5.3 P+R P47- Lot 10 Installations sprinklers,tender,construction,open,award,a8661566-ce02-4aa0-bbfa-375cda5defa7,2026-09-15,GE,Grand-Saconnex,1218,Fondation des Parkings  - Service des achats,0,[]
51d8e786-11c6-410d-9ca2-5b2ee18763df,38478,QUARTET 2 - Aménagement intérieur pour trois hautes écoles HES-SO à Genève - Cloisons amovibles vitrées,tender,construction,open,award,58a32d70-06e0-4dac-a050-335fb8d0a497,2026-09-15,GE,Genève,1203,Service immobilier HES-SO Genève ( Itten+Brechbühl SA ),0,[]
43d440b4-34e5-402a-9754-4e3277adc13d,43516,Rénovation/Transformation du CID de Malley / Local Moyenne Tension,tender,construction,open,tender,12bffa9a-22fd-4257-aac2-c5b579783590,2026-09-15,VD,Renens,1020,Ville de Lausanne - Service de la propreté urbaine (Architram),0,[]
d67748c9-f411-4766-9be2-e3a90bdd442d,43623,Extension du cycle d'orientation du Foron -  CFC 421 Aménagement extérieur ,tender,construction,open,tender,f5dd5680-f1fe-4675-9f5c-8da48081fe38,2026-09-15,GE,"Chemin du Foron, 43 - Thônex",1226,OFFICE CANTONAL DES BATIMENTS,0,[]
16bff999-4066-4e6d-a659-2787eb26d51c,43938,PTITO - Petite Ourse-Chemin des Colombes 6 1231 Conches,tender,construction,open,tender,b8306f85-48a8-45a7-a5a8-4cb2b358a425,2026-09-15,GE,Conches,1231,"Etat de Genève, Département du territoire – DT, Office cantonal des bâtiments",0,[]
33f8a634-25d7-47bd-a8b9-7428eea9b875,43939,Bâtiment Bellerive 19 - Assainissement et rénovation / CFC 271 Plâtrerie-peinture,tender,construction,open,tender,29731785-3df0-44cb-a7b6-42fa0bfc1893,2026-09-15,VD,Lausanne,1007,"Commune de Lausanne – Direction du logement, de l'environnement et de l'architecture - Service d’architecture et du logement",0,[]
f95c3661-4328-4896-baa2-0efc273d730e,44035,"Conception, fourniture, montage et maintenance de deux éoliennes à Charrat",tender,construction,open,tender,ffd3833a-d3d5-41c5-914d-8a8a9a28e58b,2026-09-15,VS,Charrat,1906,ValEole SA,0,[]
d08edd6d-366a-4c0f-b226-42b25d3aa115,27647,UNI - BASTIONS Central _ CFC373.00 Mobilier bois - Aula Reverdin _ bis,tender,construction,open,award,7e4e62ee-1dc6-40c5-951a-dff8e00858d2,2026-09-14,GE,Genève,1205,Office Cantonale des Bâtiments (OCBA) - Poolailes,0,[]
d51200f9-85be-4fe2-b069-224b3705f5ce,29087,UNI - BASTIONS Central _ CFC233.00 - Lustrerie,tender,construction,open,award,aec74961-1983-4444-94ad-99b9466090bc,2026-09-14,GE,Genève,1205,Office Cantonale des Bâtiments (OCBA) - Poolailes,0,[]
f3c13f76-e145-4c9a-a4d6-5fb8d113d661,30056,UNI - BASTIONS Central _ CFC273.00 - Portes intérieures en bois,tender,construction,open,award,c898bc03-1784-4058-857c-1e30c4fe3620,2026-09-14,GE,Genève,1205,Office Cantonale des Bâtiments (OCBA) - Poolailes,0,[]
b747e283-18a6-43e0-901c-4f8a31b57d6b,31413,UNI - BASTIONS Central _ CFC281.60 - Carrelages et Faïences,tender,construction,open,award,68b17714-d9c3-44cd-adcb-9717e22cc01b,2026-09-14,GE,Genève,1205,Office Cantonale des Bâtiments (OCBA) - Poolailes,0,[]
e2947391-f5af-4240-b64a-229a304decea,31798,UNI - BASTIONS Central _ CFC281.70 - Parquet,tender,construction,open,award,95001c11-f810-48df-8fd5-76b45e2157db,2026-09-14,GE,Genève,1205,Office Cantonale des Bâtiments (OCBA) - Poolailes,0,[]
04fafc46-c7bc-415a-8b24-2ec426524ffb,41157,ESII MEYRIN - LOT 38 AMENAGEMENT PAYSAGER,tender,construction,open,tender,d9c41e44-1ba5-49f3-8e75-1e8cd3b8c5f5,2026-09-14,,,,Office Cantonal des bâtiments (OCBA) - Studio Mint SARL,1,"[""d9c41e44-1ba5-49f3-8e75-1e8cd3b8c5f5""]"
041dff95-d9de-466e-9978-74c9e71f11e8,43585,"EPFL - Entreprise Totale - Assainissement et bouclage d'un réseau d'eaux industrielles, y.c. création d'une station de découplage hydraulique au bord du lac contre la lutte de la propagation des Moules Quagga",tender,construction,open,tender,025cb0ce-e785-4903-85f1-992fa7baca0f,2026-09-14,VD,Lausanne,1015,EPFL VPF ACHATS,0,[]
57a6e2d4-c6a0-44da-b2c1-1d1b61f57514,44024,Réaménagement du Parc Alice Sauvin - Nyon,tender,construction,open,tender,8c7544e5-75e7-42fd-a812-90153e4e8ed5,2026-09-14,VD,Parc Alice Sauvin,1260 Nyon,Ville de Nyon -  Service de l'environnement ,0,[]
b150b676-aeac-4c2c-99aa-b772be2097fc,44061,STEP Echallens - CFC 272.1 - Couvercles et trappes,tender,construction,open,tender,ce0f4be7-7959-4998-8d54-387948422648,2026-09-14,VD,Echallens,1040,ASET / Association intercommunale STEP Echallens Talent (TRITON),0,[]
4e47025c-14eb-46b7-9506-9671fbea551d,44063,Copie STEP Echallens - CFC 272.1 - Portes sous pression,tender,construction,open,tender,71a3ff41-3281-4cfd-8013-ce0e93f31562,2026-09-14,VD,Echallens,1040,ASET / Association intercommunale STEP Echallens Talent (TRITON),0,[]
5deae9ae-af96-4a44-bcf5-e246381fba08,44064,Copie STEP Echallens - CFC 265 - Equipements de levage,tender,construction,open,tender,05ebd197-5ebb-4621-b35c-263751157668,2026-09-14,VD,Echallens,1040,ASET / Association intercommunale STEP Echallens Talent (TRITON),0,[]
62ecefba-ff2d-469a-8d68-5670e07da8fb,12870,Mise en conformité LHand d'arrêts bus,tender,construction,open,award,b3e39dc6-e2d0-4b23-84a1-4f515dde7c1d,2026-09-12,VD,Morges,1110,Commune de Morges - Services des Infrastructures,0,[]
27cb8553-3dab-4408-b4e8-afe170f2fa46,29013,"Lot L10183, SL GE Seeli Pfyngut",tender,construction,open,abandonment,23777f33-2abc-416a-abfb-065ce5965a44,2026-09-12,VS,Loèche,3953,Dienststelle für Nationalstrassenbau / Service de la construction des routes nationales,0,[]
a54cb822-0f09-4edd-9fe1-925eae8f186b,39277,AO EM Stations de pompage EBBV,tender,construction,open,tender,3a8776bf-b109-47cc-ae53-b3878b3c23d1,2026-09-12,VD,Salavaux,1585,Association intercommunale pour l’épuration des eaux usées de la région Basse-Broye / Vully (EBBV),0,[]
97d0be0e-0874-45f9-a836-02cf4cba2930,43687,Transports publics VMCV SA à Clarens - Infrastructures de recharges au dépôt de Clarens,tender,construction,open,tender,56ccb14b-1c90-43a4-b79b-3e777d15b04c,2026-09-12,VD,Clarens,1815,Transports publics VMCV SA,0,[]
5ba626bd-b4e6-4389-a9af-24a535b02958,34021,"STEP AERA - Dimensionnement, fourniture et Pose - STRUCTURES METALLIQUE",tender,construction,open,award,7d7ec68b-10a9-4a21-b6a3-e5096db0ff1b,2026-09-11,VD,Aigle,1860,Association intercommunale pour l'épuration des eaux usées de la région d'Aigle AERA,0,[]
7badbb7a-53bf-4ea6-a651-e6cfdc544155,34693,STEP III Noës : Extension de la STEP et traitement des micropolluants - Lot GC04 : Travaux béton armé du bâtiment E,tender,construction,open,award,f729c410-f14e-4db0-83b6-3a1b59a8a4b1,2026-09-11,VS,Noës,3976,Association pour l'épuration des eaux usées de Sierre et environs (Ville de Sierre - Service de l'environnement),0,[]
3ada8d46-132c-4b26-b8a7-7ac369cfd08e,40458,Construction du Campus EDHEA et Ecole de couture du Valais à Sierre - CFC 283.2 ,tender,construction,open,tender,876cddb7-9caf-45a8-bc4e-7329f1d15254,2026-09-11,VS,Sierre,3960,"Etat du Valais, Service immobilier et patrimoine - Investissements",0,[]
d271edf7-8015-4b94-b22e-bebb6286bd88,40460,Construction du Campus EDHEA et Ecole de couture du Valais à Sierre - CFC 283.4,tender,construction,open,tender,718b7e4a-0496-4161-9882-0eb936059ff6,2026-09-11,VS,Sierre,3960,"Etat du Valais, Service immobilier et patrimoine - Investissements",0,[]
243b1ed0-e2cd-4c86-abf5-234e8db52693,42751,"00568 - CeRN & RC CGM, Rennaz",tender,construction,open,tender,b45b002a-e013-4692-8d8a-5fcc947b8241,2026-09-11,VD,Rennaz,1847,"DGIP-DAB-Domaine 6 : Agriculture, viticulture et environnement",0,[]
7eb92570-6630-43c6-b394-b317b45ac725,43603,"Construction du nouveau centre RLC, Cour Roger Bonvin, Sion - CFC 211.5",tender,construction,open,tender,ed634974-307d-47fc-bcd9-b1b28cc9bc44,2026-09-11,VS,Sion,1950,"Ville de Sion, Service bâtiments et constructions",0,[]
d0b8b720-241c-4878-bbdc-932fdf40ba8a,43790,RC 763 C-S : Lignières - Chardonne (PEL),tender,construction,open,tender,d60e4fef-5582-4fd2-816e-2d966951f40b,2026-09-11,VD,Lausanne,1014,Direction générale de la mobilité et des routes - division Entretien ,0,[]
b4d87e85-ec35-4d9a-a63f-de713994dfc1,43818,"Construction du nouveau centre RLC, Cour Roger Bonvin, Sion - CFC 213.2",tender,construction,open,tender,61613ad5-fbc0-429d-a0d5-a70a22a6cc6e,2026-09-11,VS,Sion,1950,"Ville de Sion, Service bâtiments et constructions",0,[]
d0a518fd-e673-41f6-87d9-f47ca1592cb3,43820,"Construction du nouveau centre RLC, Cour Roger Bonvin, Sion - CFC 215.2",tender,construction,open,tender,a5b82051-c5a7-4d66-be48-d945b6b5bff8,2026-09-11,VS,Sion,1950,"Ville de Sion, Service bâtiments et constructions",0,[]
17281d23-f7de-482b-a1d1-cfcb8b621eb4,43832,Remplacement des ascenseurs de 2 parkings (CFC 261) LOT 1 - P+R ÉTOILE LOT 2 - Parking ANSERMET ,tender,construction,open,tender,49088f32-5dbd-472e-8a78-f81f325fda4d,2026-09-11,,,,Fondation des Parkings  - Service des achats,2,"[""49088f32-5dbd-472e-8a78-f81f325fda4d"", ""49088f32-5dbd-472e-8a78-f81f325fda4d""]"
203c34ba-88ed-4e28-b8b5-d0780b57d573,43937,Satom SA - Terrassement en remblais avec décapage préalable,tender,construction,open,tender,83603281-a78e-4806-bc98-2968815310fe,2026-09-11,VD,Rte de Jaquetan 5,1844,Satom SA,0,[]
b6935702-ab84-4378-93c1-bc8033d0480a,43998,MP-LEB. 2026.03.243 Echallens – Voie de rebroussement Travaux Ligne de Contact,tender,construction,open,tender,b4d70039-fecb-4301-bba4-a85c48d125b6,2026-09-11,VD,Echallens,1040,Transports publics de la région lausannoise sa,0,[]
0f64ce42-7bf9-4178-8a3c-6c02c18b4d02,36839,ARA Briglina Realisierung - BKP 644 Ausrüstung PAK und Neutralisationsanlage,tender,construction,open,award,0a4268cd-9285-40f5-8c47-c78ab9149d8e,2026-09-10,VS,Gamsen,3900,Zweckverband ARA Briglina – Ausbau und EMV (SPI),0,[]
3b31332a-7163-41bc-818b-26e132f85719,38474,HUG - BS26 - CFC 224.1 Etanchéités et revêtements de toits plats,tender,construction,open,award,93b1a298-2b2f-40fc-9492-7f2aff211aa2,2026-09-10,GE,Genève,CH-1205,Centrale d'achats et d'ingénierie biomédicale Vaud-Genève (CAIB),0,[]
5dc1ff37-bc6f-4117-a163-a026a062aa0e,41546,STEP AIRE2+: Lot AR 03-02 Étanchéités toitures plates bâtiment BIO,tender,construction,open,tender,c4b8e39f-f108-4a15-a810-f1bd52979c4a,2026-09-10,GE,Aire,1219,Services industriels de Genève (SIG) - Direction Achats,0,[]
4f70008f-1029-4bc5-9195-6b8a322a1d50,42696,Nouveau site scolaire de Champs d'Aullie au Mont-sur-Lausanne - CFC 221 Fenêtres EI90,tender,construction,open,tender,f78d5110-3786-42a7-bfb3-73e6fabfe22f,2026-09-10,VD,Le Mont-sur-Lausanne,1052,Commune du Mont-sur-Lausanne (quartal),0,[]
fe6e716b-fb75-4341-b141-8ed10a372376,43518,297_Groupe scolaire des Grands Esserts_CFC 273.1 Armoires et menuiseries,tender,construction,open,tender,4d60cfdc-cd19-4bef-9d03-5ad1f5817233,2026-09-10,GE,Veyrier,1255,Commune de Veyrier (Esposito + Javet arch.),0,[]
b17d2984-36d9-4bde-baab-ebb6af9093ed,34065,Hängebrücke Saltina / Grindji - Totalunternehmerausschreibung,tender,construction,selective,participant_selection,c91f4c47-25d0-407c-b6f3-b7c0cf54639a,2026-09-09,VS,Brig,3900,Stadtgemeinde Brig-Glis (SPI AG),0,[]
df34038e-2cef-4d58-a11a-b66a2ceac823,36479,"Rénovation, transformation et agrandissement du site de l'épicentre à Collonge-Bellerive / Marché n° 17 - CFC 227 Peintures extérieures",tender,construction,open,award,882fa8cd-c2d7-406e-b597-cc97d11b3f5e,2026-09-09,GE,Collonge-Belllerive,1245,Commune de Collonge-Bellerive / Service des bâtiments / Projet EPICENTRE,0,[]
9c07406f-2978-4ebf-aea1-2abd7032456d,40084,MVR-N - Centre de maintenance matériel roulant à Montreux - Travaux de construction de passerelles techniques,tender,construction,open,tender,2c9176f9-fcac-40ab-ab9d-54ea05b68ff6,2026-09-09,VD,Montreux,1820,Transports Montreux-Vevey-Riviera SA,0,[]
c3bbf026-2893-4b40-87be-e6ce1d799fdf,41058,"Ecole de Puplinge, AO-CFC215.2 : Revêtements de façades et tôlerie en aluminium",tender,construction,open,tender,1ecff0ec-41cf-4f6e-ba0f-4a07c48121f7,2026-09-09,GE,Puplinge,1241,Commune de Puplinge,0,[]
7ee2999a-056a-48e5-aef1-065a2eb0c5c1,43019,Réaménagements routiers - pose de collecteurs EU/EP et réseaux SIG - chemins du Môlan et de la Tulette,tender,construction,open,tender,63d32950-efe8-430d-8b2c-24c0e69fbdf3,2026-09-09,,,,Commune de Cologny - Service Technique ,2,"[""63d32950-efe8-430d-8b2c-24c0e69fbdf3"", ""63d32950-efe8-430d-8b2c-24c0e69fbdf3""]"
3f763b03-81df-4e7b-8241-3b487963b9de,43712,Démolition et construction d'un EMS à Bex,tender,construction,open,tender,f2c4c343-e0f9-4e79-bb34-95568c22c028,2026-09-09,VD,Bex,1880,Fondation des Maisons de Retraites du District d'Aigle. EMS Résidence Grande Fontaine (bureau d'architecte counson architecte sarl). ,0,[]
8b3c551d-4b6c-41ce-bc1d-31949447c9fe,43764,"MVR-N - Point de croisement à Crêt-d'y-Bau, renouvellement de la halte et de la sous-station - Travaux de génie civil, voie ferrée, basse tension et second œuvre",tender,construction,open,tender,7407083c-8aa8-4a60-9651-2870d5d27c8b,2026-09-09,VD,Montreux,1824,Transports Montreux-Vevey-Riviera SA,0,[]
37e64d08-1a1a-41df-bbe3-d31f221fd96f,43819,HUG - 26.A015 UPDM-SERAN - CFC 273.0 Portes intérieures en bois,tender,construction,open,tender,9e645548-7e8a-4632-9b47-62a8182bfecf,2026-09-09,GE,Genève,CH-1205,Centrale d'achats et d'ingénierie biomédicale Vaud-Genève (CAIB),0,[]
8d664ae4-49d9-4a0e-ac11-9dfaab0cdd36,11102,"Marcelin, Nouvelle salle VD5 / AO-030, Chapes",tender,construction,open,award,79717df7-298a-4c1f-b03b-b4d0d4629bc2,2026-09-08,VD,Morges,1110,DAB (Direction de l'architecture et des bâtiments),0,[]
25a97a8d-d783-4e34-a878-ca9508031c0d,26814,Voie-des-Traz et Pôle multimodal P47/49 - Construction d'une plateforme et réalisation d'aménagements routiers - Horizon 2025 - Marché de construction,tender,construction,open,award,6826246f-67d7-4da1-8fe2-81e71c7a8281,2026-09-08,GE,Grand-Saconnex,1218,Office cantonal du génie civil (OCGC)  - Service des ouvrages d'art,0,[]
7f97d319-b191-4d33-8f43-b4807d03e506,38705,Réalisation de 14 forages de reconnaissance et d'instrumentation -  Glissement profond de Champel-Miremont (Genève),tender,construction,open,award,6a5f7599-19b6-4535-90e2-4fc6e3d3b9e5,2026-09-08,GE,Genève,1206,Office cantonal de l'agriculture et de la nature (OCAN),0,[]
6c810e07-cef9-40b6-a7f9-04bfc3cfb041,39891,EPSIC_toiture CFC 224.1 Etanchéité,tender,construction,open,tender,5f9447e5-28bc-4413-8d1b-a2a3afff5aa4,2026-09-08,VD,Lausanne,1004,DGIP-DAB-Domaine 2 : Ecoles professionnelles,0,[]
a389d02b-4bb6-4871-85fb-814f1b6688e3,40391,Transformation EMS de l'Orme - 27220 - Ouvrages métalliques,tender,construction,open,abandonment,a532971a-fbb5-48ed-8284-b4825210ec88,2026-09-08,VD,Lausanne,1018,Fondation de l'Orme (AAPA SA),0,[]
dee2e5df-ebab-4b86-a139-583786a70018,40646,Rénovation du bassin de natation du Grand-Saconnex (Lot 03),tender,construction,open,abandonment,b378de1c-ceae-4ca9-a976-abfb609fb3f3,2026-09-08,,,,Ville du Grand-Saconnex (EMA Eric Maria Architectes Associés SA),1,"[""b378de1c-ceae-4ca9-a976-abfb609fb3f3""]"
3383604a-f21f-4b1b-ab89-e5c41378154b,42097,Extension de la Croisée - Crépissage isolant de façade (lot 804),tender,construction,open,tender,8bd2ece9-c2c6-4c51-9798-85e7abd68020,2026-09-08,VD,Orbe,1350,DGIP - DAB (Dolci Architectes SA),0,[]
44b00198-7ca9-4a87-af6b-1f88f2ef933e,43094,CFC 273.0 PORTES ET MENUISERIE EN BOIS - Transformation et agrandissement d'un ESE à Yverdon-les-Bains - K2,tender,construction,open,tender,c9032793-d362-4257-b20c-6f9db446c595,2026-09-08,VD,Yverdon-les-Bains,1400,Fondation St-George,0,[]
739a4560-a6b3-42fd-ba52-00d199d6e134,43459,Conduite de rejet au lac de la STEP de Pully,tender,construction,open,tender,11077194-5150-457e-a7bc-20dabf21ccdd,2026-09-08,,,,AGEEL (Association intercommunale pour la Gestion des Eaux de l'Est Lausannois),2,"[""11077194-5150-457e-a7bc-20dabf21ccdd"", ""11077194-5150-457e-a7bc-20dabf21ccdd""]"
9a0936d8-617b-4ce5-971b-da8615dbae6f,43737,"VE 31.09 Réfection de voie métrique  « Finhaut-Châtelard / KM 15.372 au KM 16.184 - KM 16.413 au KM 17.030 et KM 17.682 au  17.766 : 1513m"" ",tender,construction,open,tender,5035aebd-338a-428f-bf97-9d10fdd0334d,2026-09-08,VS,Finhaut,1925,Achats - TMR SA,0,[]
9cb586ef-7bae-4b24-95a4-83eca5f70ac2,43787,"Ecole de Puplinge, AO-CFC274 : Travaux de vitrages intérieurs spéciaux (briques de verre)",tender,construction,open,tender,6c4f39e8-9360-4ee2-984b-a72804fa3822,2026-09-08,GE,Puplinge,1241,Commune de Puplinge,0,[]
7b4703c9-6482-48ab-afeb-49e9d3a9c90f,35288,22101 Menuiserie extérieures fenêtres et portes Villa Prins et Rural Equipement Communal Mixte à Veyrier,tender,construction,open,tender,896dea0b-0ad9-4b78-b797-08867da94fd0,2026-09-07,GE,Veyrier,1255,Commune de Veyrier (bureau architech ),0,[]
e82e89e0-e891-42d2-8810-38eef0bc207a,43429,28120 Revêtements de sol synthétiques Equipement Communal Mixte à Veyrier,tender,construction,open,tender,93b3eaba-62c7-4c38-81a7-71c00ae985a0,2026-09-07,GE,Veyrier,1255,Commune de Veyrier (bureau architech ),0,[]
fc82ad10-199d-443f-ba56-0a1f882c4d6c,43432,28170 Parquets Equipement Communal Mixte à Veyrier,tender,construction,open,tender,66d68132-bed1-4765-b356-59589a33c585,2026-09-07,GE,Veyrier,1255,Commune de Veyrier (bureau architech ),0,[]
4991f43d-44a2-40b8-8eb4-ac6fdd6af418,43436,28160 Carrelage Faillence Equipement Communal Mixte à Veyrier,tender,construction,open,tender,9e516ae9-db37-48d6-80e3-fb9257556c14,2026-09-07,GE,Veyrier,1255,Commune de Veyrier (bureau architech ),0,[]
841dcf09-2dfc-4bc7-beb0-d489619d3865,43647,Adaptation de la gare de Le Muids - Construction métallique,tender,construction,open,tender,8ac3855c-bc47-4c2c-8bff-3a5a2ca19af4,2026-09-07,VD,Arzier-Le Muids,1273,Compagnie du chemin de fer Nyon-St-Cergue-Morez SA,0,[]
03c4b81c-8df9-4383-8fb4-929452cdc9dc,25599,"Simplon 31, Vevey_ Rénovation immeuble locatif_Installations électriques et photovoltaïques_CFC 23",tender,construction,open,award,a0efc64b-83c1-4d36-a2c0-e6783714afa4,2026-09-05,VD,Vevey,1800,"Ville de Vevey - Service Bâtiments, Gérance et Energie",0,[]
17a20e05-bd7e-4bbe-93d1-594bcf80ed90,25605,"Simplon 31, Vevey_ Rénovation immeuble locatif_Démolition-Maçonnerie-Enduit extérieur_CFC 211.6",tender,construction,open,award,d51b1854-9ab1-43d5-b6c6-fdc7ebacf266,2026-09-05,VD,Vevey,1800,"Ville de Vevey - Service Bâtiments, Gérance et Energie",0,[]
4a9d8c4c-5987-4f6d-826f-61d0ab184401,43679,HWS Milibach,tender,construction,open,tender,14196395-05af-4327-af16-3630333bb3f5,2026-09-05,VS,Niedergesteln,3942,Gemeinde Niedergesteln,0,[]
b8463497-c018-444f-b2fa-871dd5890422,43722,FPO Chamoson - Lot 226.100 Crépissage de façade isolée,tender,construction,open,tender,f6bac94f-82ac-4800-b3d9-9d9f68e89507,2026-09-05,VS,Chamoson ,1955,Foyer Pierre Olivier (Pragma Partenaires SA),0,[]
efb82e82-3574-40fd-8314-55798e412920,36480,"Rénovation, transformation et agrandissement du site de l'épicentre à Collonge-Bellerive / Marché n°18 - Stores en toile",tender,construction,open,award,5a99ad02-5d7b-459f-aa7e-cc9475508488,2026-09-04,GE,Collonge-Belllerive,1245,Commune de Collonge-Bellerive / Service des bâtiments / Projet EPICENTRE,0,[]
b0f2f077-061d-4d7c-a424-761f285bd32b,38823,104 La Chaux - Pissevache / Affaissement de bord de chaussée,tender,construction,open,award,bcf209d4-710c-4c4b-a60e-77c96fbf004c,2026-09-04,VS,St-Maurice,1890,Service de la mobilité / Dienststelle für Mobilität - Arrondissement 3 Bas-Valais / Kreis 3 Unterwallis,0,[]
22cba097-a92e-4d80-b6f3-5162e05bfffb,38837,107 Charrières / Soutènement aval,tender,construction,open,award,a34f4089-8767-4b25-9b99-331aa65ce84b,2026-09-04,VS,Massongex,1869,Service de la mobilité / Dienststelle für Mobilität - Arrondissement 3 Bas-Valais / Kreis 3 Unterwallis,0,[]
3ec11db3-0d5f-47c3-8ed3-a5a2946dc76f,40145,HUG BS26 - Rénovation des colonnes électriques jusqu’aux tableaux de distributions d’étages – site de BS26 (bâtiment 0A) sur Cluse-Roseraie (CFC231 et 232),tender,construction,open,award,17022ed7-4c6e-47e0-ace2-813f0f433646,2026-09-04,,,,Centrale d'achats et d'ingénierie biomédicale Vaud-Genève (CAIB),3,"[""17022ed7-4c6e-47e0-ace2-813f0f433646"", ""2b84e817-9a1b-4984-a8ae-2f9c9e2bf044"", ""831d95b8-edd3-40f5-bb3b-42836918a552""]"
b7c29a84-9bc8-4f1d-9855-e4d0eef003eb,40442,Aménagement du village de Corsier,tender,construction,open,award,dccd3522-55ce-4f89-a240-6bf63eae1014,2026-09-04,GE,Corsier,1246,Commune de Corsier,0,[]
d30be553-8d08-42f6-9311-8d42b4fc0e8f,42982,Extension et rénovation du Lycée-collège de St-Maurice - CFC 273.2,tender,construction,open,tender,1f71e1d7-d4ad-4540-af6f-148fe4338fae,2026-09-04,VS,St-Maurice,1890,"Etat du Valais, Service immobilier et patrimoine - Investissements",0,[]
752f1a60-f13b-41a8-81b3-ec20cfb0f38f,42988,Extension et rénovation du Lycée-collège de St-Maurice - CFC 281.6,tender,construction,open,tender,fe1c40a7-f600-4103-8cab-3ca7e4bff624,2026-09-04,VS,St-Maurice,1890,"Etat du Valais, Service immobilier et patrimoine - Investissements",0,[]
d57ab349-f37f-4e4b-b15b-24f9f008fba0,42989,Extension et rénovation du Lycée-collège de St-Maurice - CFC 283.1,tender,construction,open,tender,26d6f804-7857-4d38-ada5-9b150a1be547,2026-09-04,VS,St-Maurice,1890,"Etat du Valais, Service immobilier et patrimoine - Investissements",0,[]
ff77eb63-7b06-4137-b9fc-ed75917b1534,42991,Extension et rénovation du Lycée-collège de St-Maurice - CFC 283.2,tender,construction,open,tender,7d68ebc1-fe73-4c64-96d7-2615380b0f61,2026-09-04,VS,St-Maurice,1890,"Etat du Valais, Service immobilier et patrimoine - Investissements",0,[]
a24b9c5b-852b-427f-ab67-882bb3be1a37,42997,Extension et rénovation du Lycée-collège de St-Maurice - CFC 283.4,tender,construction,open,tender,be3ac3b9-2d89-4ab6-8f66-657eda3b26b9,2026-09-04,VS,St-Maurice,1890,"Etat du Valais, Service immobilier et patrimoine - Investissements",0,[]
89b2fd03-4cc6-400c-bb82-f2cbdd0f49d0,42998,Extension et rénovation du Lycée-collège de St-Maurice - CFC 248,tender,construction,open,tender,2362f261-fd29-424b-8252-508a308210f1,2026-09-04,VS,St-Maurice,1890,"Etat du Valais, Service immobilier et patrimoine - Investissements",0,[]
6206c4b2-860f-4318-92cf-5baf7ac5e992,43203,Rivaz RC780 - Assainissement de la chaussée,tender,construction,open,tender,6ea59d91-d84e-4833-8e7e-3eb2948ead23,2026-09-04,VD,Rivaz,1071,Commune de Rivaz (MCR & Associés ingénieurs civils SA),0,[]
d0c7a0c7-aca2-4ce5-80d5-85aa78f9483e,43324,Rénovation/Transformation du CID de Malley / Station de lavage,tender,construction,open,tender,f11d1a61-34cb-4b07-9511-7656e2f4d2bf,2026-09-04,VD,Renens,1020,Ville de Lausanne - Service de la propreté urbaine (Architram),0,[]
bda26477-414e-4614-b9c5-1136b45afd39,33033,SAV_AO_2240 - Ferblanterie et couverture,tender,construction,open,award,55a53ccf-10a5-4142-95c7-eab331731df7,2026-09-03,VS,Savièse,1965,Municipalité de Savièse (CLR architectes SA),0,[]
5b6c7408-2fc8-469a-af84-e5407599ca93,35752,"STEP Orbe RWB - Dimensionnement, fourniture et pose - STRUCTURE METALLIQUE",tender,construction,open,award,df72d0b1-4762-41f8-be4e-19f56fcd4bc4,2026-09-03,VD,"STEP Orbe, Chemin des Pâquerets 3, 1350 Orbe",1350,Commune d'Orbe,0,[]
95a78b66-b53a-4d83-8d6c-b3c8cde2b767,35989,"Ecole de Puplinge, AO-CFC271-285 : Travaux de plâtrerie et de peinture",tender,construction,open,award,3115754f-f362-455f-918d-c0d353cf11aa,2026-09-03,GE,Puplinge,1241,Commune de Puplinge,0,[]
ff01470f-6de1-4de0-a135-d661e851d7d9,36004,"Ecole de Puplinge, AO-CFC281.0 : Travaux de chapes",tender,construction,open,award,bef8326c-5b09-49a6-bc15-b30856ba91a5,2026-09-03,GE,Puplinge,1241,Commune de Puplinge,0,[]
959c4794-b035-494c-9dbd-41468aec8bae,36005,"Ecole de Puplinge, AO-CFC281.6-282.4 : Travaux de revêtements de sols et de parois en carrelage",tender,construction,open,award,da4f8705-1aa8-4b06-94d8-ceb6b46599fc,2026-09-03,GE,Puplinge,1241,Commune de Puplinge,0,[]
1151fdaa-1ada-47bd-958e-af2911180def,36325,Bâtiment Aloys-Fauquez 54 - Rénovation et assainissement / CFC 112-113-211 Démolition-Désamiantage-Maçonnerie,tender,construction,open,award,b72aff61-44cf-474e-b087-6f59a0aa299f,2026-09-03,VD,Lausanne,1018,"Commune de Lausanne – Direction du logement, de l'environnement et de l'architecture - Service d’architecture et du logement",0,[]
48c515d4-b39c-4bad-8c82-de5746d44cd3,36653,"Ecole de Puplinge, AO-CFC281.7 : Travaux de revêtements de sol en bois",tender,construction,open,award,cffc38cf-f3ec-4774-9d89-5dabb3bbbba2,2026-09-03,GE,Puplinge,1241,Commune de Puplinge,0,[]
834fd8f9-e79c-45a5-8e6f-77c7185c4571,36656,"Ecole de Puplinge, AO-CFC283 : Travaux de faux-plafonds",tender,construction,open,award,d9b17627-6eb4-4c97-9372-5e084bcf1771,2026-09-03,GE,Puplinge,1241,Commune de Puplinge,0,[]
08f7c447-4825-497d-86c1-a5ae2815d748,38353,"Maison de Commune, Val de Bagnes - CFC 273 Menuiserie",tender,construction,open,abandonment,2296e529-2625-4e99-810e-19d300ec6611,2026-09-03,VS,Le Châble,1934,Commune de Val de Bagnes (Bruchez),0,[]
589fbbbe-b152-4947-ad8f-bbcb2d8ab69e,41671,Rénovation de l'aula du Collège Claparède,tender,construction,open,tender,c82a11bf-3650-404d-85e1-3b29132afb38,2026-09-03,GE,Chemin de Fossard 61,1231,Office cantonal des bâtiments (OCBA) - VERSO INGÉNIERIE SARL,0,[]
633a1aed-779f-45e7-8107-efcd58791f94,42827,Rénovation de l'Aula du Collège Claparède - CFC23 Installations électriques / CFC33 Installations électriques utilisateurs,tender,construction,open,tender,70c84b47-f024-4012-84ad-1447852a1f8c,2026-09-03,GE,Chêne-Bougeries,1231,Office cantonal des bâtiments (OCBA),0,[]
fb01fda5-4f77-480c-a265-9f6f23fe90f1,43340,"Ferme de la Culture de Troinex - Lot 21160 Crépis, maçonnerie et isolation en panneau minéral",tender,construction,open,tender,2342b616-4996-403c-ac6c-07927ee32f36,2026-09-03,GE,Troinex,1256,Commune de Troinex (AAPA SA),0,[]
07ca8ee4-858a-4038-bb1a-452ed17e7f4b,43517,Hôpital Lavaux Lot 282.500 Plafonds acoustiques,tender,construction,open,tender,c9765963-2a7b-49a3-b5cc-fd859379aeba,2026-09-03,VD,Cully,1096,Hôpital de Lavaux - Projet IMAGO,0,[]
92ef46c8-f71a-46a2-b19b-4d48d3da3423,28656,Construction d'une zone d'attente carcérale ZAC sur le site du PPNV,tender,construction,open,award,d42fa17c-1bec-4ffb-93f0-b9ab6e546990,2026-09-02,VD,Orbe,1350,Direction générale des immeubles et du patrimoine (Irbis Consulting SA) ,0,[]
9e1bd739-951d-4dcd-9699-f07859795c67,35204,Transformation EMS de l'Orme - 27310 - Armoires et menuiseries courantes,tender,construction,open,award,3da8d34c-6691-430e-a111-e0d75f195eb1,2026-09-02,VD,Lausanne,1018,Fondation de l'Orme (AAPA SA),0,[]
f14cafcd-d865-41b7-bd74-fe8b65afb420,41704,Construction d'une NCUAPE à Vollèges - CFC 358 Cuisine professionnelle,tender,construction,open,tender,2888f201-aeab-43ae-bf13-5202121070a7,2026-09-02,VS,Vollèges,1941,Commune de Val de Bagnes - Dicastère ATCM (quartal),0,[]
72def2c8-973a-46d2-a919-fbcb6fc8238f,42062,Transformation et assainissement énergétique de l'immeuble d'habitation « Aloys-Fauquez 1 » / Entreprise totale,tender,construction,open,tender,d9e76ad3-76ce-494c-bdb8-4999202d79f0,2026-09-02,VD,Lausanne,1018,"Commune de Lausanne – Direction du logement, de l'environnement et de l'architecture - Service d’architecture et du logement",0,[]
cee1032c-05f3-4352-8f2e-a621c0991996,43392,Ferme de la Culture de Troinex - Lot 22700 Echafaudages,tender,construction,open,tender,6a0b93cb-4536-4405-a7d7-9a384df67400,2026-09-02,GE,Troinex,1256,Commune de Troinex (AAPA SA),0,[]
72513929-eb3f-4b74-951c-db959d41e1e1,43395,Requalification de la route de la Vernie et du chemin de Mongevon,tender,construction,open,tender,9ed2b4d1-85c0-4769-bc28-2b6109540d4c,2026-09-02,VD,crissier,1023,Ville de Crissier,0,[]
cb7c6b7e-925f-408f-9bee-d95547de5106,43412,Rénovation de la Mairie de Plan-les-Ouates - CFC23,tender,construction,open,tender,b93713ff-b62c-4f82-b36f-985ad0fbd618,2026-09-02,GE,Plan-les-Ouates,1228,Commune de Plan-les-Ouates,0,[]
7f96e499-f169-47a1-ab16-c29971e5d35b,34468,EPFL ASB – AO 2 - BASE VIE / CANTONNEMENTS,tender,construction,invitation,award,43918c57-7149-42cf-8b37-8b558adb8324,2026-09-01,VD,Lausanne,1015,EPFL VPF ACHATS,0,[]
7bffeafb-05f9-44ae-8f8d-313e0a72ed23,34543,EPFL DOUBLE DECK - CFC 281.21 Revêtements de sols synthétiques,tender,construction,open,award,630a8e0f-d7b2-4ed2-bca1-bea575329dcc,2026-09-01,VD,Lausanne,1015,EPFL VPF ACHATS,0,[]
5d811474-e6e6-4b66-898a-2c298116fc69,34647,"Rénovation, transformation et agrandissement du site de l'épicentre à Collonge-Bellerive / Marché n°2 - CFC 11 à 21, Travaux entreprise de maçonnerie",tender,construction,open,award,525ab558-86c5-4eca-8871-35ee6928421c,2026-09-01,GE,Collonge-Bellerive,1245,Commune de Collonge-Bellerive / Service des bâtiments / Projet EPICENTRE,0,[]
525539e2-318a-40c9-8b05-ba06c623ff98,36474,"Rénovation, transformation et agrandissement du site de l'épicentre à Collonge-Bellerive / Marché n°13 - CFC 273 Menuiserie en bois (portes intérieures, armoires, vitrages)",tender,construction,open,award,183b8ef6-4f17-435d-954c-3d0ace8c4135,2026-09-01,GE,Collonge-Belllerive,1245,Commune de Collonge-Bellerive / Service des bâtiments / Projet EPICENTRE,0,[]
f4e72abe-8a96-4588-af06-c55353030e2b,43210,Gare des Eaux-Vives - Lot BC (2351TI) nettoyage du bâtiment,tender,construction,open,tender,11ba3102-83fc-48ef-ac11-2d4d6528e647,2026-09-01,GE,Genève,1207,"Unité soumissions - Département de l'aménagement, des constructions et de la mobilité (DACM) de la Ville de Genève",0,[]
b0dd8727-188c-450d-bfca-27c564fcc63f,43293,"Aménagement de la Rue de Carouge (2354) travaux de fontainerie et de serrurerie, système de brumisation",tender,construction,open,tender,d33adf1b-dda9-4ef0-9498-8822ef1d13cc,2026-09-01,GE,Genève,1205,"Unité soumissions - Département de l'aménagement, des constructions et de la mobilité (DACM) de la Ville de Genève",0,[]
b6e94dd9-c905-4075-b2a8-7cba59ed66cb,43368,Centre sportif de Verbier - CFC 281.0 Chapes,tender,construction,open,tender,25f963a3-c480-4188-a93e-12d644417507,2026-09-01,VS,Verbier,1936,Quartal Sàrl,0,[]
bae51f46-717a-4dcb-8820-c8a4d33e8076,43374,"AO_CFC 258.0_Equipements de cuisine_Surélévation, extension et rénovation d'une immeuble de logements avec activités au rez-de-chaussée dans les Pâquis à Genève",tender,construction,open,tender,72d22679-507c-4656-aecc-4b4d0f0141b6,2026-09-01,GE,Genève,1201,Hospice Général (GE) - Service Immobilier (Ganz Muller Arch.),0,[]
de779452-8cb5-4117-a846-53296708beaf,44420,"Rues de la Faucille, Jean-Jacques De-Sellon et de la Sibérie (2363) Travaux d'assainissement et de réfections de chaussée",tender,construction,open,tender,e4c3245d-295d-4b06-85ee-f3aad234cfca,2026-10-03,GE,Genève,1201,"Unité soumissions - Département de l'aménagement, des constructions et de la mobilité (DACM) de la Ville de Genève",0,[]
38594d5f-e0f5-4664-85f0-70f4ae058220,45204,STEP AIRE2+: Lot AR 12-02 : Revêtements de sols sans joints Biofiltration Flottation,tender,construction,open,tender,63279763-084a-4915-bab8-aa75ec264210,2026-10-03,GE,Aire,1219,Services industriels de Genève (SIG) - Direction Achats,0,[]
becccde5-d97a-4340-b2bd-a09a628cc7c4,37203,STEP de l'EPARSE - Installation de chauffage CFC 242,tender,construction,open,award,e0c81ef8-1167-46cd-91ea-7abace3619af,2026-10-02,VD,Payerne,1530,L'Eparse - Association intercommunale pour l’épuration des eaux de la zone de Payerne (Chuard ingénieurs),0,[]
f92055f2-a17b-48bc-8336-39ea3a966f70,38252,Revitalisation du Ruisseau de Champmartin,tender,construction,open,tender,ab57fd7f-82f0-4c58-a5a2-788801d3ee8b,2026-10-02,VD,Vully,1589 ,Commune de Vully-les-Lacs (Küng et associés SA),0,[]
fb541026-6ac7-4e3e-9f1d-318eea09479a,39970,Rénovation du bâtiment Beau-Site à Aigle - CFC 274 - Parois vitrées bois et portes spéciales,tender,construction,open,award,0065453d-7af8-4023-bbe4-4f62242d951b,2026-10-02,VD,Aigle,1860,Transports Publics du Chablais SA,0,[]
ea57c50e-28a7-47f6-8642-6de9f8fa48fb,40202,"STEP Eparse - Lot EL03 - Automation, contrôle commande et Supervision",tender,construction,open,tender,9ce343fa-e58d-4a16-9365-5febda49f7c4,2026-10-02,VD,Payerne,1530,L'Eparse - Association intercommunale pour l’épuration des eaux de la zone de Payerne - CFA Ingénieurs Conseils SA,0,[]
e710c27c-7206-4ef8-9d43-f9933bd8836b,40489,Rénovation Beau-Site à Aigle - CFC 221.3 – Fenêtres et portes en acier,tender,construction,open,award,a28b2482-76c5-41e8-9183-289b67820e9a,2026-10-02,VD,Aigle,1860,Transports Publics du Chablais SA,0,[]
cb520455-b8ff-4ff8-bf80-3654f4a9357c,40783,Rénovation Beau-Site à Aigle - CFC 273.0 – Portes intérieures bois,tender,construction,open,award,a0ef962d-2ba6-4997-98e5-98c7feccaafd,2026-10-02,VD,Aigle,1860,Transports Publics du Chablais SA,0,[]
bef9d04e-8401-40a1-9c83-3406fe23fa02,41677,H203 Virage des Esserces : revêtements bitumineux - lot 26210,tender,construction,invitation,award,d5068550-e931-42e7-b79a-afb4e16129d1,2026-10-02,VS,Martigny-Combe,1921,Service de la mobilité / Dienststelle für Mobilität - Arrondissement 3 Bas-Valais / Kreis 3 Unterwallis,0,[]
c0795aae-2749-4802-af8b-4d61df62901d,41682,H203 Létrey – La Caffe : revêtements bitumineux - lot 26209,tender,construction,invitation,award,da33bef8-3a42-448a-a375-d009a8b4ab64,2026-10-02,VS,Martigny-Combe,1921,Service de la mobilité / Dienststelle für Mobilität - Arrondissement 3 Bas-Valais / Kreis 3 Unterwallis,0,[]
f2a26f5a-cae1-47cf-a9d9-d9049f68427a,41683,H203 Les Côtettes – Les Fratses : revêtements bitumineux - lot 26208,tender,construction,invitation,award,379003e5-51e9-4112-93e7-dfc65744edd2,2026-10-02,VS,Martigny-Combe,1921,Service de la mobilité / Dienststelle für Mobilität - Arrondissement 3 Bas-Valais / Kreis 3 Unterwallis,0,[]
da83eb48-b955-4118-b370-15274efdfaba,42042,Mise en conformité des quais et renouvellement LC - Gare de Villeneuve ,tender,construction,open,tender,12cac813-f904-4cd9-a27b-9be89cdb979b,2026-10-02,VD,Villeneuve,1844,"Chemins de fer fédéraux suisses CFF, Infrastructure – Achats, Supply Chain et production, Achats projets de construction Région Ouest ",0,[]
294d80c6-92e5-4750-b8fa-49a358fd0e2d,43526,Réfection de la rue du Village aux Condémines ,tender,construction,invitation,award,ed3598b7-8846-49fd-baf4-e4c7dd01abe6,2026-10-02,VS,Les Condémines (Nendaz),1996,Commune de Nendaz,0,[]
2db35a0f-8b7c-46fc-b9bc-9fdece6b90ae,43756,Mise en conformité des arrêts de bus selon la loi LHand,tender,construction,open,tender,bb23c3fe-43b7-4d07-8177-0f00cb6f0146,2026-10-02,,,,Service technique communal,2,"[""bb23c3fe-43b7-4d07-8177-0f00cb6f0146"", ""bb23c3fe-43b7-4d07-8177-0f00cb6f0146""]"
74edb7dd-2e88-4bce-b7d0-6c3a50b45828,44543,Collège de Brique - Rénovation de l'internat / CFC 285.1 Peinture Intérieure (tract sud),tender,construction,open,tender,049a644e-9bfe-49e6-8c55-576c8ab65460,2026-10-02,VS,Brig-Glis,3900,"Département des finances et de l'énergie, Service immobilier et patrimoine",0,[]
e7e0761e-99cf-4f2c-981e-6b0ef31094d5,44544,Collège de Brique - Rénovation de l'internat / CFC 283.2 Faux-plafonds en plâtre (tract sud),tender,construction,open,tender,b36abd1f-7a1d-4b25-bb3c-3d178d089e0f,2026-10-02,VS,Brig-Glis,3900,"Département des finances et de l'énergie, Service immobilier et patrimoine",0,[]
615ad362-c77a-4bf5-8cce-027b1cef57f5,45056,Extension du groupe scolaire de Corsier - AO CFC 228.3 - Stores en toile,tender,construction,open,tender,173ffeda-581f-4b02-8462-65417f761f3c,2026-10-02,GE,Corsier,1246,FdMP réalisation sa,0,[]
d9148303-a462-45e7-8a04-872b25714e05,45220,PROJET DE CONSTRUCTION PROVISOIRE SCOLAIRE A MOUDON – OCHETTE – LA CABANE 2.1,tender,construction,open,tender,abfc98c5-94a3-4896-bce0-b330f3f3bb55,2026-10-02,VD,Moudon,1510,AISMLE (F-Partenaires SA),0,[]
83f85bf7-8633-4f46-9ce6-c8dff783b1ae,45268,Préservation et valorisation du site de l’Amphithéâtre de Nyon,tender,construction,open,tender,4594ec4b-e9d6-47d5-b204-f2a95cbddf06,2026-10-02,,,,Service d’architecture de la Ville de Nyon,7,"[""4594ec4b-e9d6-47d5-b204-f2a95cbddf06"", ""4594ec4b-e9d6-47d5-b204-f2a95cbddf06"", ""4594ec4b-e9d6-47d5-b204-f2a95cbddf06"", ""4594ec4b-e9d6-47d5-b204-f2a95cbddf06"", ""4594ec4b-e9d6-47d5-b204-f2a95cbddf06"", ""4594ec4b-e9d6-47d5-b204-f2a95cbddf06"", ""4594ec4b-e9d6-47d5-b204-f2a95cbddf06""]"
ceaff0a8-6c7b-4bc0-8d51-c2be2b8ccd08,45278,"tpg – Transformation et rénovation du CMB - LOT N°1 – DEMOLITIONS ; INSTALLATIONS DE CHANTIER ; MACONNERIE – (CFC 211.1, 114, 135, 141.1, 211.6)",tender,construction,open,tender,2a16e158-8b53-4dc2-ae4e-9aa97a68ab8f,2026-10-02,GE,Grand-Lancy,1212,Transport publics genevois (tpg),0,[]
db9c463b-60e3-4218-ab59-edd6477b7c0b,45282,Haute Ecole Pedagogique_00'697_Lot 145 Agencement de cuisine professionnelle,tender,construction,open,tender,569e3f18-c11a-448a-a040-a2e62819c0e2,2026-10-02,VD,Chavannes-près-Renens,1022,"Etat de Vaud - DEIEP - DGIP,",0,[]
375d6699-fafb-42e0-8f0d-ff7145c5287a,45284,Haute Ecole Pedagogique_00'697_Lot 146 Hotte de ventilation de cuisine professionnelle,tender,construction,open,tender,aaf6202f-7510-4b8e-8ff2-f1f6f545c57c,2026-10-02,VD,Chavannes-près-Renens,1022,"Etat de Vaud - DEIEP - DGIP,",0,[]
db5d8de3-0399-44a9-a57e-43c6d10d5f45,45285,Haute Ecole Pedagogique_00'697_Lot 147 Installations frigorifiques,tender,construction,open,tender,8bed359b-9730-48b6-b396-1059d139fccd,2026-10-02,VD,Chavannes-près-Renens,1022,"Etat de Vaud - DEIEP - DGIP,",0,[]
4a830db8-b7e8-4e45-943f-d81f37a2a31b,44691,Centre Aquatique de la Fontenette - Ville de Carouge - CFC 281.60 Carrelage et faïence,tender,construction,open,tender,3e39119e-ce06-49e4-ad24-00ba7b557c9e,2026-10-01,GE,Carouge,1227,Ville de Carouge - Service des bâtiments,0,[]
41df4635-a53f-4819-83c2-a67d6c7a2fb3,44970,AO – tpg – création de 4 places de travail avec passerelles de service pour accès à la toiture des bus pour le site/dépôt tpg de la Jonction,tender,construction,open,tender,dcd6eedd-6667-41c3-8d9a-f14ebeb11553,2026-10-01,GE,Genève,1200,Transport publics genevois (tpg),0,[]
073898df-ff36-4110-a08c-11679af94d8f,45045,"Communes de Corsier-sur-Vevey et de Blonay-Saint-Légier, Pont de Fenil, Assainissement du revêtement anticorrosion de l'ouvrage",tender,construction,open,tender,367b8cf2-5be6-42ef-ba94-f33e44b18029,2026-10-01,VD,Fenil (Corsier-sur-Vevey),1809,Communes de Corsier-sur-Vevey et de Blonay-Saint-Légier,0,[]
2149108a-d6c4-4f7d-9b92-9832ea5bff2b,45106,RC 513 C-P : Payerne - Grandcour (PEL),tender,construction,open,tender,e8372d7a-6a95-4b6c-accb-1141c3c0b973,2026-10-01,VD,Lausanne,1014,Direction générale de la mobilité et des routes - division Entretien ,0,[]
a6cfa606-7fb3-47d4-8176-2301f9ab5197,45190,HUG - Renovation de la Maternité – CFC 228.20 Stores à lamelles,tender,construction,open,tender,c0be8b07-aa00-4f35-8723-f03e5963dbf4,2026-10-01,GE,Genève,1205,Centrale d'achats et d'ingénierie biomédicale Vaud-Genève (CAIB),0,[]
