project_id,publication_id,pub_type_detail,award_date,n_offers,n_vendors,vendors,price_chf,cpv_code,cpv_label,description
d8e3db07-521c-4f55-9d77-e6882c4fa22d,9dbc129d-2cf9-427e-b8bc-c4e62c0159b7,award,2024-09-19,7.0,1,Dénériaz Bâtiment et Infrastructures SA,938944.75,45220000,Ouvrages d'art et de génie civil,<p>Réalisations d'une route et d'un pont traversant le grand canal de afin de desservir la zone industrielle Sud de Vétroz.</p>
734bbf3d-2e9f-4760-af4d-918783b6ef98,f0a1e5e0-50c8-4343-82cf-12e8f423d2ef,award,2024-08-12,1.0,1,Tuba 9 Sàrl,,45112000,Travaux de fouille et de terrassement,<p>Réhabilitation/Chemisage d'une conduite d'eau potable (réseau primaire)</p>
0c48fd86-884e-4024-abef-3e09cfa559cc,cdc4cfb0-4721-45a0-8622-b6eb72bce1d2,award,2024-08-26,1.0,1,ALFER CONSTRUCTIONS SA,,45262420,Travaux d'assemblage d'ossatures métalliques d'ouvrage,<p>Sécurisation de la passe à poisson – ouvrage métallique</p>
f0a6b6bc-615b-4217-8ae4-d59e87074d6b,ba552f8c-5e50-488c-8f7f-d68ac6270cc2,award,2024-10-01,5.0,1,Etablissements Techniques Fragnière SA - ETF,147354.6,45300000,Travaux d'équipement du bâtiment,"<p>Le bâtiment, qui réunira l'ensemble des ""feux bleus"" du canton du Valais, permettra d'optimiser l'utilisation des ressources et d'améliorer la sécurité et la capacité opérationnelle des secours. Cette nouvelle construction intègre un deuxième centre de calcul informatique qui doit assurer la cont"
a8cff63f-e2d6-47c7-a3e2-ec2affc77c54,bf51f8dc-2a00-4f9f-ae70-f4334c9afd48,award,2024-10-21,1.0,1,Viansone SA,235658.0,45000000,Travaux de construction,<p>Sprinkler - Estimation CHF 220'550.-</p>
0a71ff57-d0f3-4be1-9f5f-5c9f0c2908b7,82e8b0bf-859c-4dc2-8d9f-0f31a4a1470e,award,2024-09-26,3.0,1,Sedelec SA,676000.0,45000000,Travaux de construction,"<p>Le marché faisant l’objet de l’appel d’offres concerne la réalisation de travaux de rénovation d’installations éléctriques des terminaux chauds et froids, et de la gestion des stores de la partie administrative du T1. Les prestations confiées au futur adjudicataire devront également inclure la fo"
71361fe8-cf46-49fc-935e-ee18be6e510b,fe8d6995-006a-4b03-b430-024a964f55af,award,2024-10-16,5.0,1,P. Piretti SA,646677.04,45410000,Travaux de plâtrerie,<p>Travaux de plâtrerie et faux-plafonds en plâtre.</p><p>Estimation : CHF 588'200.-</p>
ae025fb0-d7af-4585-8904-e90381c46475,0cd553d9-74d0-4ce8-a04e-44423b9b604c,award,2024-09-24,10.0,1,"Marti Construction SA, succursale de Satigny",587968.9,45222000,"Travaux de construction d'ouvrages de génie civil, excepté ponts, tunnels, puits et passages souterrains",<p>Travaux de génie civil nécessaires au renouvellement des réseaux électricité et eau potable à Meyrin&nbsp;</p>
5a3643c8-245f-4f88-854e-d687d74879a6,6f7b604d-dd68-456a-809f-a632f90f7c82,award,2024-09-25,1.0,1,GD Climat SA,1644105.15,09324000,Chauffage fourni à grande distance,<p>Transformation centrale chauffage Hôpital Sierre- CAD&nbsp;</p>
b5d009e3-f780-4f56-a1cb-80db0cacf8c1,9829d3e4-fa67-460e-999f-f0f71c761239,award,2024-10-08,10.0,1,Implenia Schweiz AG,1524380.85,45220000,Ouvrages d'art et de génie civil,<p>Les présents travaux consistent en l’aménagement d’une nouvelle route dans la zone à bâtir des Orzières et Les Tsintres sur le territoire de la commune de Crans-Montana d'une longueur de ~470 m. Les travaux principaux concernent les éléments suivants&nbsp;:</p><p>-&nbsp;Aménager une chaussée comp
7a9930fe-dbdf-4a5e-ab79-4bb8a75eedd1,1871ce91-2aaa-4200-a652-54a5e80e5127,award,2024-10-08,5.0,1,Ulrich Imboden AG,3033881.45,45000000,Travaux de construction,<p>Die MGBahn hat in den Kipfen (zwischen Kalpetran und St.Niklaus) seit den Unwettern vom Juni 2024 diverse Sofortmassnahmen zur Wiederherstellung der Fahrbarkeit durchgeführt. Seit dem 26.08.2024 konnte der Betrieb wieder aufgenommen werden.</p><p>Um künftige hochwasserbedingte Streckenunterbrüche
4002c4e9-1606-4efe-95be-595a9ef88209,b647fac4-2770-4547-b478-855aa4483872,award,2024-10-08,1.0,1,CGC Energie SA,1817316.49,45240000,Travaux de construction d'ouvrages hydrauliques,"<p>Le bâtiment Stern (6A), construit en 1964, est composé d’installations techniques âgées pour la plupart d’environ 60 ans. L’ensemble des tuyauteries date de cette époque et on atteint un niveau obsolescence plus qu’avancé. De plus Beaucoup ne répondent plus aux exigences légales et normatives (ma"
ebe4f0e5-3f66-4901-8381-66a3053de733,d799f742-827a-4e7a-9537-ea99b3102ca7,award,2024-10-01,1.0,1,Margelisch & Chabbey Constructions métalliques SA,555316.4,45000000,Travaux de construction,<p>Démontage des installations existantes. Remplacement de toutes les fenêtres et portes extérieures du bâtiment existant. </p>
14f62d28-7e0f-404e-b2a9-3fa6e260c42d,4461eb0a-8ee7-476a-8c6f-42d1163e9c96,award,2024-09-06,5.0,1,JPF Construction SA,1644020.45,45223500,Structures en béton armé,<p>Travaux de génie civil et béton armé pour l’ensemble des éléments à construire pour le renouvellement du poste haute et moyenne tension de Puidoux qui doit être reconstruit à neuf.</p>
c057c8de-3734-4f1f-874e-33abacb4fdb6,c7beedc2-1587-42fe-98e9-291b736c79b8,award,2024-11-20,8.0,1,FFA SA,,45222000,"Travaux de construction d'ouvrages de génie civil, excepté ponts, tunnels, puits et passages souterrains","<p>Renouvellement des collecteurs d'évacuation des eaux clairs, extension du réseau d'électricité basse tension et réfection des infrastructures routières.</p><p><br></p><p><strong>Quantités principales</strong></p><p>Fouilles : 2’800 m3</p><p>Fouille en pleine masse : 1’200 m3</p><p>Blindage : 3’50"
7f9ddc38-a897-4bf5-82f0-52e291f55591,ccbbad56-edc0-4202-b50a-4703a1032a22,award,2024-10-28,6.0,1,Bitz travaux publics SA,727128.55,45211340,Travaux de construction d'immeubles collectifs,"<p>Le marché porte sur l’excavation, nivellement, et préparation du sol pour la construction, incluant le déblaiement et remblaiement.	</p><p><br></p>"
f816c474-7532-4bec-bf42-792e9ed7d28c,8d68be41-21f1-4cdd-a1b4-674c939b7741,award,2024-10-28,9.0,1,Dénériaz Bâtiment et Infrastructures SA,1999749.2,45211340,Travaux de construction d'immeubles collectifs,"<p>Le marché porte sur la construction de fondations, murs, , dalles et structures en béton ou briques.</p>"
6dafd87f-1032-43d6-902f-0fa08e116dbc,f7021ec1-ec27-49b5-9947-9c33d45bbd25,award,2024-10-28,2.0,1,Ardag Sàrl,147096.1,45211340,Travaux de construction d'immeubles collectifs,<p>Le marché porte sur le montage et démontage d’échafaudages pour permettre des travaux sécurisés en hauteur.</p><p><br></p>
0051dd63-c4c1-48ac-97b9-fbe5e7aed2ad,6b24b03c-5b90-43b1-b325-8d1c4ebf76d6,award,2024-11-27,4.0,1,Entreprise Costa SA,416185.0,45232460,Travaux d'installations sanitaires,<p>Travaux d'installation sanitaires - CFC 250</p><p>Estimation ; CHF 536'199.-</p>
711cebfa-2b3a-403f-8b89-7aaa525f2528,13ff3d88-fa18-433b-858e-122761d04f05,award,2024-11-27,3.0,1,Wider SA Montreux,578917.23,45421000,Travaux de menuiserie,"<p>Rénovation de la crèche de la Madeleine.</p><p>Travaux de menuiseries extérieures, CFC 221</p><p>Estimation : CHF 438'500.-</p>"
c8364c79-3b63-4871-83a0-f861979045be,2876b6d2-f8fe-4d28-8360-e10d02a48f15,award,2024-11-18,2.0,1,DIMAG ENERGIE SA,267492.75,45251240,Travaux de construction de centrales de production d'électricité alimentées au gaz de décharge,<p>Travaux de construction de centrales de production d'électricité alimentées au gaz de décharge</p>
dc13bd25-71ee-46cc-8dc9-8cc2a8e9488b,d50831ba-b06a-49c2-b768-87cece5e52d5,award,2024-11-18,2.0,1,Fumeaux SA,328451.45,45331100,Travaux d'installation de chauffage central,<p><em>Installations et équipements de chauffage du nouveau bâtiment « Digestion » de la STEP Vétroz-Conthey.</em></p>
6f4b496e-8f7b-4ef0-a679-a1dacc01f0af,4ac6af72-2226-4c8a-bd76-a45cd755ab55,award,2024-11-18,3.0,1,Fumeaux SA,231642.05,45332000,Travaux de plomberie et de pose de conduits d'évacuation,<p><em>Installations et équipements sanitaires du nouveau bâtiment « Digestion » de la STEP Vétroz-Conthey</em></p>
fd62a660-de06-44d6-8bdd-ee9e14d03aa5,cf8286b7-4341-4df5-9119-69865ed92772,award,2024-11-26,2.0,1,André SA,1425229.81,45421000,Travaux de menuiserie,<p>Travaux de menuiseries bois (mise en conformité des embrasures).</p><p>Estimation : CHF 1'762'905.-</p>
707b11d7-87ed-4635-87f5-c90ea9ac236f,6b10b654-2b36-4c31-adb0-239a86da6c63,award,2024-10-10,6.0,1,Margelisch & Chabbey Constructions métalliques SA,507525.45,45000000,Travaux de construction,<p>Travaux de serrurerie</p>
707b11d7-87ed-4635-87f5-c90ea9ac236f,89400a37-d254-43b8-a95a-421849536bb9,award,2024-10-10,6.0,1,Astori SA,787681.1,45000000,Travaux de construction,<p>Travaux de portes intérieures en bois</p>
707b11d7-87ed-4635-87f5-c90ea9ac236f,8479ab32-f4f6-44f6-9379-c9a000f5e1ce,award,2024-10-10,4.0,1,Balzan et Immer S.A.,202034.3,45000000,Travaux de construction,<p>Travaux de chapes ciment</p>
707b11d7-87ed-4635-87f5-c90ea9ac236f,f63d2987-b424-4c20-9d8e-6bc91dc34db9,award,2024-10-10,6.0,1,Yvon Mabillard & Fils SA,213946.6,45000000,Travaux de construction,<p>Revêtements en linoléum</p>
707b11d7-87ed-4635-87f5-c90ea9ac236f,9d7f76b5-ef9f-4780-a33d-c78e4791bd6a,award,2024-10-10,3.0,1,Sassi carrelages Bulle S.A.,271423.45,45000000,Travaux de construction,<p>Revêtements de sols et parois en carrelage.</p>
e5b64b9b-ed8f-495e-a2ab-e40a514df5ad,24df6d22-f7b1-4538-b1d9-9f0c2dce69ae,award,2024-09-17,2.0,1,Orllati (GE) SA,,45432100,Travaux de pose de revêtements de sols,<p><strong>Réfection des bétons du canal de surverse de la station d'épuration d'Aire</strong></p>
692b41b7-0c47-4593-bed2-9df2434e07e1,bf9fb9b4-932e-4aa5-a409-c43e237aa843,award,2024-11-20,5.0,1,Maulini SA,227021.42,45443000,Travaux de façade,"<p>Rénovation des façades et de la toiture d'un immeuble de logements au 15, avenue Gallatin - 1203 Genève.</p><p>Travaux de crépis. Estimation : CHF 452'845.-</p>"
1876cb67-9f99-4bb8-bbb6-1dfee42d2d56,4d744a6b-4633-4f9b-a66e-87c69c773785,award,2024-11-20,8.0,1,Atelier Volet Charpentier/Bâtisseur SA,202277.0,45214100,Travaux de construction de jardins d'enfants,<p>Façades en bardages bois</p>
1876cb67-9f99-4bb8-bbb6-1dfee42d2d56,74bc9538-0d42-4f94-8ea5-48796b04abd5,award,2024-11-20,8.0,1,Gindraux Fenêtres S.A.,726161.9,45214100,Travaux de construction de jardins d'enfants,<p>Fenêtres et portes extérieures</p>
1876cb67-9f99-4bb8-bbb6-1dfee42d2d56,87f5746a-e2c9-45c7-9cae-7d3fd563e508,tender,,,0,,,45214100,Travaux de construction de jardins d'enfants,<p>Appel d'offre pour:</p><ul><li>CFC 215.5 Façades bardage</li><li>CFC 221 Fenêtres et portes extérieures</li><li>CFC 228 Protection solaires</li></ul>
b73fb040-bfec-4b8d-9266-5e379bdbe4da,20b99955-8035-40b2-b568-df406f31cd79,award,2024-11-20,4.0,1,Maison Bornet SA,327349.51,45214100,Travaux de construction de jardins d'enfants,<p>Appel d'offre pour:</p><ul><li>CFC 222 Ferblanterie / Couverture</li><li>CFC 224.1 Couches d'étanchéité toiture plate</li></ul><p><br></p>
2760beeb-287c-4fe4-9e2b-6dd54f316051,6002c3f9-404e-452b-a873-bb062ebe6537,award,2024-11-11,2.0,1,ERNE AG Holzbau,3035858.0,45214000,Travaux de construction d'établissements d'enseignement et de centres de recherche,"<p>Construction en entreprise Totale d'un bâtiment scolaire modulaire, sur le site de l'établissement secondaire de Payerne, d'environ 1000 m2 répartis sur 3 niveaux.</p>"
dc37f196-a2b6-49f7-812a-93322db96081,9e988de7-82f4-4910-bdf4-bff900118af4,award,2024-10-28,3.0,1,VERALUBOIS SA,507199.0,45421100,Pose de portes et de fenêtres et d'éléments accessoires,"<p>Afin de bénéficier d'une amélioration acoustique, le projet consiste à remplacer les fenêtres et à isoler les contrecœurs et les caissons de stores compris entre le 1er et le 7ème étage d'un bâtiment exposé au bruit.</p><p><br></p><p>Pour des plus amples explications, merci de se référer aux docu"
d1f1ebb6-8290-4008-98a4-18e63923aae7,6f96b4bb-871f-43c9-96e3-51b101605f82,award,2024-10-16,2.0,1,JPF-DUCRET SA,1029572.4,45214220,Travaux de construction d'écoles secondaires,"<p>Sciage séchage e et collage du bois en BLC ""Propre Bois""</p>"
3e8b651e-2732-429f-8c82-3d1bf2e3d876,c7be1ab4-7800-49fc-9d04-7e189cc51897,award,2024-11-14,3.0,1,Gasser Felstechnik AG,3781422.86,45000000,Travaux de construction,"<p>Le présent appel d'offres consiste majoritairement en la pose de 32 filets de protection</p><p>contre les chutes de pierres en amont de la voie de chemin de fer de la ligne Aigle-Sépey-</p><p>Diablerets (ASD) exploitée par les Transports Publics du Chablais (TPC), sur les communes</p><p>d’Aigle, "
303c19db-23a9-4e7a-be7e-9b39efbb2ed1,d05cf38a-267d-4070-9d1b-74670f3e596d,award,2024-09-10,4.0,1,André Sierro SA,993047.85,45220000,Ouvrages d'art et de génie civil,<p>Construction d'un parking sur parcelle 618 à Grimentz.</p>
992b2a99-556f-42ac-9bc3-7b6b46265af6,cd9e1b1e-8353-4548-abdb-3f7e6e28c428,award,2024-10-08,10.0,1,Echenard SA,637294.2,45000000,Travaux de construction,<p>Travaux de génie civil pour la réfection des réseaux enterrés et de la chaussée:</p><ul><li>Pose de conduites d’éclairage 285m</li><li>Excavation pour coffre de route 630m3</li><li>Couche de fondation en grave 630m3</li><li>Pose de bordurettes en granit 180m</li><li>Fourniture et mise en place d’
9ea882af-d7b3-4c7d-8458-90396b037b30,7967a69e-ce2b-4681-a2e3-fb4a079272a7,award,2024-10-16,4.0,2,"Astori SA; Revaz, Constructions métalliques SA",2194448.95,45000000,Travaux de construction,"<p>La construction du nouveau Campus a pour vocation de répondre aux besoins de l’EDHEA (Ecole de design et haute école d'art) et de l’Ecole de Couture du Valais. En effet, l’exiguïté des locaux utilisés actuellement par ces écoles, combinée à la vétusté des bâtiments occupés par l’EDHEA, ne permet "
49370811-3a39-4ef5-8b36-c0fb4bbb76a1,880c5dd8-35e0-4b86-a3f8-2fb475d02eb1,award,2024-11-07,3.0,1,BUCHARD SA,402593.6,45332400,Travaux d'installation d'appareils sanitaires,<p>Assainissement  conduites eaux</p><p>11 colonnes de 6 étages</p>
fd7d8057-1ac2-4cf1-aac5-5de957958eed,88b4d8e2-2cbe-4800-86c0-81c7877ed89c,award,2024-10-18,1.0,1,"Röthlisberger AG, Die Schreinermanufaktur",407162.65,45000000,Travaux de construction,<p>CFC 283 Faux plafond</p>
8ff5a96b-f050-4833-9866-50a1e61a774c,93802a69-58a3-4ee8-a17d-4e619f84a209,award,2024-10-29,4.0,1,Florey Yves Renotec,128252.8,45321000,Travaux d'isolation thermique,<p>La salle polyvalente de Chalais fait l’objet d’une rénovation quasi-totale ainsi qu’un agrandissement sur le côté sud-ouest du bâtiment. Les façades du bâtiment existant ne répondent plus aux normes et doivent être entièrement isolées. La volumétrie du bâtiment est complexe et les raccords au sol
7adf2813-8ac2-46df-b842-b82a1660cee0,239b05ad-b910-4d37-9afa-148b923427cb,award,2024-12-19,8.0,1,Guy Monnet & Fils SA,2128487.45,45000000,Travaux de construction,"<p>Protection contre les crues et PGEE du centre de La Tzoumaz.</p><p><br></p><p><u>Secteur N°11 au Deuray&nbsp;:</u>&nbsp;</p><p>Collecteur PGEE et évacuateur de crue du Lué (Longueur: ~930 m, dont 300 m dans une route goudronnée.)</p>"
4fe145cd-0ee2-46e8-a4bf-6455ef099869,1801e11c-edb3-4e5d-a988-a2019a76dae6,award,2024-12-23,3.0,1,HBF SA Metal System Solutions,1182564.54,45223210,Ossatures métalliques,<p>Travaux d'ouvrages métalliques.</p><p>Estimation : CHF 374'000.-</p>
9bbc9f3f-c7a2-402a-a5fc-2c097ba63598,e6f3f78e-e975-45bc-956b-c86d5e6fb439,award,2024-12-23,3.0,1,Pierre Simon Electricité SA,313000.0,45317000,Autres travaux d'installation électrique,<p>Électricité - CFC 230 - Estimation CHF 248'300.-</p>
5cc31a09-ba7f-4002-a1a9-f25d99063edd,f1a47fe1-1be9-4e6e-8112-7b523d98fbf4,award,2024-12-23,8.0,1,Schneider Sanitaires SA,365111.0,45232460,Travaux d'installations sanitaires,<p>Installations sanitaires - CFC 250</p><p>Estimation CHF 394'500.-</p>
f860b8a4-0699-4c02-af84-9b5570e8de5e,3dcf4007-d402-44fb-b6cc-d3a0f21c1537,award,2024-11-28,2.0,1,"Peter Imhof AG, Metallbau, Installationen",704834.7,45223820,Éléments et composants préfabriqués,<p>D'après les documents d'appel d'offres.</p>
4bca25a8-dc12-4106-9817-04a4287082a1,a6ac5201-6fb9-427c-9b98-35ff79e209de,award,2024-11-27,2.0,1,"Peter Imhof AG, Metallbau, Installationen",646566.05,45000000,Travaux de construction,<p>BKP 221: Fenster Türen Tore</p>
4bca25a8-dc12-4106-9817-04a4287082a1,2030cdb0-df34-463c-9234-219ffadc334a,award,2024-11-27,1.0,1,Lauber Iwisa AG,580550.6,45000000,Travaux de construction,<p>BKP 224: Bedachung</p>
5ffc64c1-011b-40ea-a6f1-e5c387721edc,479bdbf5-762b-4ed4-9b48-90f8f2f72dd3,award,2024-11-27,2.0,1,SDAUTOMATION SA,371780.75,45000000,Travaux de construction,"<p>Equipements de mesure / Commande / Régulation pour les installations techniques CVCS, y compris poste de supervision et prestations</p>"
5ffc64c1-011b-40ea-a6f1-e5c387721edc,93754130-57db-40fb-bc2a-e6a8caa44d8e,tender,,,0,,,45000000,Travaux de construction,"<p>Construction du nouveau Lycée-Collège  Ella Maillart (au Cours Roger Bonvin) à Sion</p><p>Volumes / Surfaces plancher (selon SIA 416) 105'800m3 / 23'100 m2</p><p>Niveau salle de gymnastique (semi enterrée), Niveau d'entrée, 2 niveaux sur entrée, niveau partielle sur toiture.</p>"
44201f99-17ab-4b16-9aec-bb448c1cb30d,129698eb-9bf7-4462-8ea5-48d359c85791,award,2024-11-04,5.0,1,Zurbriggen AG,288438.0,45211340,Travaux de construction d'immeubles collectifs,"<p>Le marché concerne la pose de fenêtres et portes en bois, incluant installation, calfeutrage, finitions et ajustements pour une isolation optimale.</p>"
dad1ed69-7fc3-4929-ae2e-44d702065960,a313a635-548a-4ff8-b14e-bfcc229e803d,award,2024-11-20,7.0,1,Implenia Schweiz AG,822517.55,45000000,Travaux de construction,"<p>RC no T9 St-Maurice - Brig, avenue de Tourbillon, à Sion, correction de la chaussée</p><p><br></p><p>Réseau d’eaux claires : 160 ml</p><p>Grave non traitée : 600 m3</p><p>Bordures : 610 ml</p><p>Béton bitumineux : 1000 to</p><p>Chaille : 125 m3</p><p>Mélange terre-pierre : 230 m3</p><p>Abaissemen"
17177011-9e96-4876-9732-70a70853a58b,9607579a-c235-41d5-b094-c83ab707ed06,award,2024-11-04,6.0,1,Ambord Toitures Sàrl,331701.3,45211340,Travaux de construction d'immeubles collectifs,"<p>Le marché porte sur&nbsp;la pose de couvertures, ferblanteries, et systèmes étanchéité du bâtiment.</p>"
7e97d1a3-e58e-42ae-928e-13c2470640c8,25998018-cc1e-4d39-8481-abf2eab6542f,award,2024-11-04,7.0,1,"swisspro SR SA, succursale de Sion",607794.2,45211340,Travaux de construction d'immeubles collectifs,"<p>Le marché porte sur l’installation, raccordement de systèmes électriques et câblages pour l’éclairage, le chauffage et les appareils.</p>"
4a54e023-771e-4192-b67a-e2f5249221d2,19e80efe-3d77-49bc-92db-b78c7a5d749c,award,2024-11-04,3.0,1,KONE (Schweiz) AG,93315.5,45211340,Travaux de construction d'immeubles collectifs,<p>Le marché concerne l’installation d’ascenseurs pour personnes dans des immeubles collectifs.</p>
d126ef76-2ea5-4667-bb34-7e6a9959301b,569d5242-e0ee-4de7-9758-f652ef69ec56,award,2024-12-16,2.0,1,Pini Groupe SA,1717615.0,45000000,Travaux de construction,"<p>Adaptation de la capacité de la gare de Genève, pour cela il est nécessaire de réaliser des campagnes de reconnaissances des ouvrages existants pour s'assurer l'état des ouvrages et bâtiments : géomatique, ferraillages, béton, maçonnerie, acier et carottage.</p><p>Le mandat comprend l'exécution d"
1d12d602-405f-47f6-8852-47ba49cb38f4,61035d73-47a9-481f-a0bb-551c78b28c36,award,2024-12-16,4.0,1,SPS Service Privé de Sécurité SA,497211.3,45100000,Travaux de préparation de chantier,<p>Contrôle d'accès chantier - CFC 139</p><p>Estimation CHF 540'500.-</p>
89b54510-ecfd-406c-b9a4-11bca5ad10b0,c5298a76-f75b-4a1c-976a-a0597ca8a999,award,2024-12-16,3.0,1,Ateliers Casaï SA,198726.98,45421132,Pose de fenêtres,<p>Pose de fenêtres en bois - Estimation CHF 284'990.-</p>
a415c55a-e2ee-4e46-8128-65df07f280dc,52c5b0c0-40c1-4263-b619-d88661ea7983,award,2024-12-13,3.0,1,PHIDA Étanchéité (VD) SA,1963908.2,45261000,Travaux de charpente et de couverture et travaux connexes,"<p>En 2021, les ateliers CFF à Yverdon ont subi un épisode de grêle violent qui a endommagé les toitures à plusieurs endroits du site. Les coupoles de deux bâtiments de type plexiglas ont toutes été endommagées et fragilisées. Le présent appel d’offres concerne le remplacement des éléments endommagé"
5cac3b48-cdff-4f1d-8050-c68195ca037d,425c1c25-c90f-4a85-a2e0-9973bc27d1d0,award,2024-12-04,7.0,1,"Gasser, Construction et Génie Civil S.A.",401549.7,45000000,Travaux de construction,<p>Les objectifs principaux du projet sont les suivants&nbsp;:</p><p>-&nbsp;&nbsp;&nbsp;&nbsp;&nbsp;&nbsp;&nbsp;&nbsp;&nbsp;Création d’une zone inondable sur les parcelles n°878 et 879</p><p>-&nbsp;&nbsp;&nbsp;&nbsp;&nbsp;&nbsp;&nbsp;&nbsp;&nbsp;Construction d’ouvrages d’entrée et de sortie de la zo
568e7956-018b-4e25-9cab-a4f15aaae0a2,2758138b-ed3b-4317-98cc-dcfc1f7edc69,award,2024-12-05,6.0,1,Michel Démolition SA,255253.0,45262660,Travaux de désamiantage,<p>Travaux de désamiantage de parois verticales carrelées dans les zones sanitaires et certaines salles de cours et circulation dans le cadre d'une rénovation et d'un assainissement énergétique général</p>
d811661d-b90a-4b43-9c39-6effb3474e57,9b60e4ca-564c-45bb-ac10-1ec85e95c009,award,2024-12-12,6.0,1,Perrin Frères SA,729330.85,45000000,Travaux de construction,<p>Les objectifs principaux du projet sont les suivants&nbsp;:</p><p>-&nbsp;&nbsp;&nbsp;&nbsp;&nbsp;&nbsp;Remplacement du collecteur d’eaux claires et chemisage du collecteur d’eaux usées.</p><p>-&nbsp;&nbsp;&nbsp;&nbsp;&nbsp;&nbsp;Réfection du chemin de la Trappe.</p><p>-&nbsp;&nbsp;&nbsp;&nbsp;&nb
9fb1110e-74da-4826-a517-4a7cfe8511a3,bc777393-7c45-4711-9e29-34793349f54e,award,2024-11-29,3.0,1,"Grisoni-Zaugg S.A., succursale Saint-Légier-La Chiésaz",777965.0,45262522,Travaux de maçonnerie,"<p>L’installation de chantier comporte les éléments de confort et de sécurité, la mise en</p><p>place de parois grillagées mobiles définissant le périmètre de chantier. Les travaux de</p><p>démontage et d’évacuation sont ciblés par locaux dans un environnement protégé et</p><p>classé. Les interventi"
44e77ac0-d66a-4790-a7f2-1b94ccf59672,a3cf9c1f-85d2-42ac-9243-de2a4589c09f,award,2024-12-05,4.0,1,KTS Deco SA,141598.0,45000000,Travaux de construction,<p>Travaux de plafonds suspendus en panneaux métalliques</p>
c86dfc00-969e-4a1c-b6ed-69d87df1f553,56593de6-44aa-41b3-8b62-ef592a4a76d5,award,2024-12-03,4.0,1,Zurbriggen AG,,45000000,Travaux de construction,<p>Fenster aus Holz-Metall</p>
dc8e18d9-b73d-4515-bc07-519c7f4ff3c7,784c995f-d561-4026-9464-c341560f5782,award,2024-11-06,5.0,1,"Röthlisberger AG, Die Schreinermanufaktur",658485.8,45000000,Travaux de construction,"<p>Construction d'une nurserie, crèche et UAPE à Saillon - CFC 273 Armoires et menuiserie courante</p>"
a2c82437-6261-47bd-9e6a-edc9ebd4026d,2bd9b1a1-7180-4dd5-bfeb-433e2c27127f,award,2024-12-02,2.0,1,Léman Fluides SA,300338.46,45232141,Installations de chauffage,<p>Installations de chauffage - ventilation  - Estimation CHF 300'00.-</p>
c174466a-46df-42d2-a2dc-e7c157186cfc,60c6f498-4789-471b-afa9-f0ad7580ccf1,award,2024-12-09,3.0,1,Boccard Parcs et Jardins SA,592622.62,45112700,Travaux d'aménagement paysager,<p>selon cahier des charges</p>
a66e6dc4-e96a-4eb8-8714-fde203de44a8,cf883e3b-120a-4970-bd2e-a18b1191edec,award,2024-12-03,4.0,2,Bitz travaux publics SA; Implenia Schweiz AG,3043488.0,45000000,Travaux de construction,"<p>Travaux spéciaux, terrassement, et installation de chantier pour la construction d'un centre médical, salle multi-usages, UAPE et crèche à Evolène</p><p><br></p><p>Consortium autorisé </p><p><br></p>"
b2ddd7f2-32ec-4f43-a5c0-a419ade119dd,5570a625-0515-4554-8b0c-9cd0b7e26477,award,2024-12-03,5.0,1,Implenia Schweiz AG,2386450.0,45000000,Travaux de construction,"<p>travaux de canalisations, béton, maçonnerie</p>"
70fa0b3a-4574-4452-8eac-235abf8e2bb7,87e1078d-7d58-4b8d-ae83-077cb44c464a,award,2024-12-03,2.0,1,Gauye et Dayer SA,1220606.75,45261100,Travaux de charpente,"<p><strong>CFC 214 charpente</strong></p><ul><li>Installation de chantier</li><li>Fermes, colonnes, sommiers solives et pannes en BLC et/ou bois massif</li><li>Panneaux de contreventement de façade en BLC</li><li>Panneaux de toiture en CLT et OSB</li><li>Bardage de façade et sous-construction</li><l"
5bfb2ae3-fa9b-473b-90b7-34d13479ad55,c263eee8-0bff-4ee9-988c-e7a2d70178fe,award,2024-10-31,5.0,1,F. Bernasconi et Cie SA,,45000000,Travaux de construction,<p>Aménagements Extérieurs / hardscape - Génie Civil</p>
a0ebb230-f92c-4b65-86a3-1c8011a063f8,8525e63a-915b-4843-89f1-ccef1ead297d,award,2024-11-18,3.0,1,gex sa ventilation - climatisation,519258.75,45331210,Travaux d'installation de ventilation,<p><em>Installations et équipements de traitement et désodorisation de l’air du nouveau bâtiment « Digestion » de la STEP Vétroz-Conthey.</em></p><p>	&nbsp;</p>
a1aa18ed-2447-4d80-8508-1c131f3c2c14,eab109de-cd49-4b51-8015-e2b2f1e97766,award,2024-12-10,3.0,1,Mock Schreinerei AG,471860.1,45420000,Travaux de menuiserie et de charpenterie,<p>D'après les documents d'appel d'offres.</p>
a1aa18ed-2447-4d80-8508-1c131f3c2c14,330671ba-cf91-45b7-9665-adb0d301449f,award,2025-01-08,2.0,1,Mock Schreinerei AG,572808.6,45420000,Travaux de menuiserie et de charpenterie,<p>D'après les documents d'appel d'offres.</p>
a1aa18ed-2447-4d80-8508-1c131f3c2c14,4c18a6a4-599b-4fde-8756-32f025dec7ec,award,2024-12-10,3.0,1,Mock Schreinerei AG,99616.45,45420000,Travaux de menuiserie et de charpenterie,<p>D'après les documents d'appel d'offres.</p>
a1aa18ed-2447-4d80-8508-1c131f3c2c14,37c894d8-9f8a-4a2a-b8bb-0a721baeaded,award,2024-12-10,3.0,1,Schreinerei Schnidrig AG,58824.15,45420000,Travaux de menuiserie et de charpenterie,<p>D'après les documents d'appel d'offres.</p>
c6c29f70-7fb3-432b-911e-18ea8e2cc352,5df0459d-807b-47f9-910f-5bdd827c7077,award,2025-01-29,4.0,1,Michel Cona SA,111044.26,44810000,Peintures,<p>Travaux de peintures intérieure et extérieure.</p><p>Estimation : CHF 240'052.-</p>
785db6e3-6817-4447-904a-f877c804a1a9,086ea1fc-3f04-493b-9a4f-a0fb3384ab5d,award,2025-01-29,4.0,1,André SA,586420.75,45421000,Travaux de menuiserie,"<p>Rénovation d'un immeuble d'habitation au 15, rue Jean Dassier.</p><p>Travaux de menuiseries extérieures.</p><p>Estimation : CHF 529'800.-</p>"
867027be-3f1b-4c2c-b209-8f4a439b260a,318c0ab8-a1a8-4e5e-bf9d-51a37eb7379f,award,2025-01-29,4.0,1,Baciu SA,170684.43,45000000,Travaux de construction,<p>Serrurerie- CFC 272 </p><p>Estimation CHF 399'000.-</p>
94e18174-8c04-4e4c-97f7-44835a03b1ec,4825904a-0a20-4516-ab07-7823442f37c2,award,2024-12-16,3.0,2,GUARNACCIA Constructions Métalliques SA; Joux S.A.,555825.7,45212000,"Travaux de construction de bâtiments destinés aux loisirs, aux sports, à la culture, à l'hébergement et de restaurants","<p>Armoires en zone piscine : 60ml environ d’armoires toute hauteur avec agencement intérieur&nbsp;et faces acoustiques perforées</p><p>Portes&nbsp;intérieures :&nbsp;20&nbsp;portes&nbsp;thermiques&nbsp;et/ou EI30&nbsp;intérieures,&nbsp;vitrées&nbsp;et&nbsp;pleines&nbsp;avec&nbsp;et&nbsp;sans asserv"
040db12c-1ec1-460e-8d34-f1ae6a8e0f81,290aca05-6991-46c1-b4ff-f0a518738248,award,2025-01-27,3.0,1,SAVOY S.A.,720000.0,45310000,Travaux d'équipement électrique,<p>Installations électriques - Estimation CHF 298'000.-</p>
3b9cfc4b-7925-40fb-8124-6c4512fc6d89,c51f61bd-873e-4bb3-811f-3cf851b25756,award,2025-01-23,8.0,1,Maesano AG,1044047.6,45233120,Travaux de construction de routes,<p>Die Mutzenstrasse wird auf rund 245 m auf dem Abschnitt Hittmattenstrasse bis Bahnhofstrasse neugestaltet. Für die Arbeitsausführung wird der zu sanierender Abschnitt in drei Etappen eingeteilt. </p><p>Neu ist auf der Südseite ein breites Trottoir mit Bäumen geplant. Gleichzeitig werden die Infra
110e16ad-aaf4-44d9-9c7a-4fb76352392f,39979a67-b634-4526-a8c2-733560097caa,award,2025-01-09,5.0,1,Groupe E Connect SA,1834877.0,45310000,Travaux d'équipement électrique,<p>Le présent marché concerne la fourniture et le montage des installations à courant fort et faible anisi que des équipements destinés à l'automation pour les installations de traitement des eaux usées des bâtiments sur la parcelle de la nouvelle STEP de Lucens.</p><p>&nbsp;</p>
3cee28b8-a518-46d5-b4ad-bf691ebc39c7,cab8133a-0a48-400f-98eb-0d0369bf690e,award,2024-12-11,3.0,1,medkoh ag,617988.25,45450000,Autres travaux de parachèvement de bâtiment,<p>CFC 7 - Appareils et équipements médicaux</p><p>VP 107 Unités d'alimentation en médias</p>
6c5325e4-24da-4a0c-adfe-7ce95097b5b2,82c3f0bd-71ae-488f-b89f-1eb7cfda5f51,award,2025-01-14,5.0,1,Cuénod Constructions SA,2048195.9,45214210,Travaux de construction d'écoles primaires,<ul><li>172 Travaux spéciaux - enceintes de fouilles</li><li>201.1 Terrassements</li></ul>
9699a6c3-813b-4c84-aaa6-c575f9008dca,26d450da-295c-4d25-9462-553c22735cc1,award,2024-11-14,4.0,1,Sajet SA,1159945.11,45234000,Travaux de construction de voies ferrées et de systèmes de transport par câble,<p>Prestations d'ingénierie et de montage de la ligne de contact</p>
239080df-c951-4d82-b5bf-20ccc5d966d2,31851b23-f683-4d8e-a38a-9fc07c9aebf2,award,2024-12-10,5.0,1,Rhomberg Sersa Rail AG,745672.28,45234000,Travaux de construction de voies ferrées et de systèmes de transport par câble,<p>Réalisation de voies ferrées</p>
582b6928-ac3c-40aa-8488-44767be2e364,15c23d36-0f5e-43f4-bd68-2a903b043d99,award,2024-12-20,3.0,1,Implenia Schweiz AG,8496205.2,45220000,Ouvrages d'art et de génie civil,"<p>Travaux de génie civil, béton armé et travaux spéciaux</p>"
0813dd92-50cc-477f-ac5f-77b6d853f306,95a2cd66-3370-464c-b15f-fd0a5f3085e9,award,2024-12-13,2.0,1,Ponticelli Suisse SA,184084.69,44163000,Tuyaux et raccords,"<p>Fourniture, pose et soudure de conduites traditionnelles en DN250 et DN32 dans un caniveau</p><p>en béton armé sur l’Avenue des Bergières.</p><p>Fabrication, fourniture et pose du supportage de la tuyauterie dans caniveau et chambre CAD.</p><p>Déchargement, pose et soudure de conduites préisolées"
9cbea0b3-2a34-440b-984a-cbfebfb4fe90,601dfa18-f815-4086-bb3f-3b3c8657dc68,award,2025-01-13,3.0,1,Geneux Dancet SA,213467.23,45261420,Travaux d'étanchéification,<p>Travaux : étanchéités - isolations et ferblanterie - CFC 225</p><p>Estimation CHF 278'000.-</p>
e1db3ad8-7260-489d-9f26-5fecc8de15f1,35b31945-5d57-4975-98f7-92ce5fd352fb,award,2025-01-13,8.0,1,Perrin Frères SA,1141490.0,45111100,Travaux de démolition,<p>Démolition béton et maçonnerie</p><p>Estimation : CHF 947'553.-</p>
428fa65b-5780-4e69-a5cb-002c9c038348,be73c67a-8d95-4549-a10a-241331560cad,award,2025-01-13,5.0,1,"Romande Energie Services SA, succursale de Lancy",59127.18,45000000,Travaux de construction,<p>Agrandissement des locaux sous la zone VIP de la patinoire intérieure des Vernets.</p><p>Travaux : MCR</p><p>Estimation : CHF 73'746.-</p>
ae8d8907-31c6-4c7b-b723-837e2e7bb976,db7b5a3b-fff6-4f0f-9cf2-aa09edb86fad,award,2025-01-13,3.0,1,Georges Constantin SA,214861.93,45260000,Travaux de couverture et travaux d'autres corps de métier spécialisés,"<p>Rénovation d 'un immeuble d'habitation au 15, rue Jean-Dassier.</p><p>Travaux de ferblanterie, couverture.</p><p>Estimation : CHF 373'800.-</p>"
3817930d-fe30-4d37-a74e-2bd89e06e628,d2bca65a-8612-40fa-aecf-2b11d7b78d39,award,2025-01-13,8.0,1,F. Bernasconi et Cie SA,502665.0,45112700,Travaux d'aménagement paysager,<p>Travaux d'aménagement esplanade végétalisée devant le CMG-place de Neuve.</p><p>Travaux GC et SIG prévus en janvier 2025 pour une durée de 4-5 mois.</p><p>Estimation : CHF 655'000.-</p>
ec13882d-ca9c-4e49-9b77-a6660c06cb84,2eb5f9e7-4e9d-41b3-a96e-9f17ed365e07,award,2024-12-05,6.0,1,Bréa Ingénieurs Conseils Sàrl,123439.0,45310000,Travaux d'équipement électrique,"<p>Construction d'un nouveau bâtiment administratif, rénovation d'un bâtiment administratif.</p><p>En tant que professionnel spécialisé, l’ingénieur EL prend en charge le traitement de parties d’ouvrages dans les domaines des installations électriques bâtiment (réseaux de distribution, câblage, télé"
110a031b-f81f-4654-8138-9712a8133cd7,65c88c30-71e6-415d-b30e-45bf42483d70,award,2024-11-21,2.0,1,Marti Construction SA,4917019.85,45200000,Travaux de construction complète ou partielle et travaux de génie civil,"<p>Le présent dossier contient l’appel d’offre pour de la renaturation du ruisseau de la Valleyre</p><p>au lieu-dit « La Clochatte » sur le territoire de la Commune du Mont-sur-Lausanne. Ce projet</p><p>de renaturation s’inscrit dans un réaménagement plus global du site, suite à l’arrêt des</p><p>ac"
415f3c03-19cf-4427-b2ca-4087bd3db85b,1620fd7a-5e24-4511-8b87-f9febb465628,award,2024-12-18,7.0,1,"Cuénod et Payot Chablais SA, succursale de Collombey-Muraz",3465292.15,45210000,Travaux de construction de bâtiments,<p>Construction d'un bâtiment industriel </p>
10a338f1-e836-4e77-9b5d-84e624aea2d0,e0f8b785-4757-458b-a2ca-d6de02c726a6,award,2024-09-06,3.0,1,FFA SA,,44163120,Conduites de chauffage à distance,"<p>Extension du réseau de chauffage à distance sur la rue des Colombes et la rue St-Didier</p><p>Travaux de fouille et génie civil pour la pose de conduites pré-isolées CAD et conduites PE, construction d’une chambre souterraine en béton armé.</p>"
9f1fec1a-3081-4ef0-be23-8f97747e6e90,fffcae60-fd64-4aeb-b034-c13e821aa615,award,2024-12-09,2.0,1,Etico SA,1921611.05,45260000,Travaux de couverture et travaux d'autres corps de métier spécialisés,"<p>Projet de construction avec structure bois de 30 nouveaux logements collectifs, des commerces, d’une maison de santé, et d'aménagements extérieurs situé route de Gy 28_Meinier.</p><p>Le phasage de chantier est défini de la manière suivante, la construction des trois bâtiments est en trois phases "
4b254177-cb5a-41d4-9363-9f944fa44e7f,885c06ce-8ce5-49ab-b02b-30978cc58be8,award,2024-12-20,3.0,1,Menuiserie Erbeia Sàrl,1105543.45,45421150,Travaux d'installation de menuiseries non métalliques,"<p>Fourniture et pose de Menuiseries extérieurs Bois en Chêne,</p><p>fenêtres, Portes-fenêtres, portes. </p>"
0a212697-411c-4609-a185-e1a2dfe6f93b,8b913429-b0d4-4070-962f-30abf4be88fb,award,2024-12-03,7.0,1,Bitz travaux publics SA,1696554.65,45200000,Travaux de construction complète ou partielle et travaux de génie civil,<p>Travaux DRANSE</p><p>Terrassement du fond de lit et pieds de digues 30000 m3&nbsp;&nbsp;&nbsp;&nbsp;&nbsp;&nbsp;&nbsp;&nbsp;</p><p>Valorisation de matériaux excavés (fond du lit) 20000 m3</p><p>Fourniture de blocs de pieds de digues et fond du lit 12000&nbsp;to</p><p>Mise en place blocs pour pied
1108cfa0-16a4-4734-8ecb-eb197550d5d6,e69c9211-bbe6-4c88-9d8b-367c3b196b1f,award,2025-02-04,7.0,1,Implenia Schweiz AG,7608729.0,45216110,Travaux de construction de bâtiments destinés aux institutions d'ordre public,"<p>Installations de chantier en commun, terrassement, réseaux et aménagements extérieurs pour le nouveau bâtiment pour la Police Internationale à Genève. Aménagement d'un carrefour à feux reprenant l'accès au nouveau bâtiment et élargissement de la chaussé.</p>"
bb812b8a-e9fc-4d9e-9ffe-bee26b106296,24445689-115c-48ad-8ce5-c200a80c5bcb,award,2025-02-19,8.0,1,Epiney Construction SA,776056.05,45246000,Ouvrages de régularisation des cours d'eau et de maîtrise des crues,<p>Travaux de renforcement de digue</p>
6cf5bd99-b6ce-4c07-b103-10b50ae1d6f3,d0cdd8eb-c0a5-4e05-a969-d36189738e74,award,2025-01-06,1.0,1,Aprotec SA,265959.3,35110000,"Équipement de lutte contre l'incendie, de sauvetage et de sécurité","<p>Dans le cadre de la mise à niveau du Stade de Genève et en prévision de l’accueil des matches de</p><p>l’Euro féminin 2025 (WEURO25), la Fondation du Stade de Genève, prévoit d’exécuter une série de</p><p>travaux d’entretien et d’amélioration des installations existantes dans le but d’améliorer l"
fc3cafc7-8936-4e96-8945-a41d4d9f8a47,53d7b38f-0134-4902-be35-7b6d30cce576,award,2025-01-29,11.0,1,Implenia Schweiz AG,119419.0,45262522,Travaux de maçonnerie,"<p>Dans le cadre de la mise à niveau du Stade de Genève et en prévision de l’accueil des matches de</p><p>l’Euro féminin 2025 (WEURO25), la Fondation du Stade de Genève, prévoit d’exécuter une série de</p><p>travaux d’entretien et d’amélioration des installations existantes dans le but d’améliorer l"
4e48cb56-c8f2-4a7a-99fc-e0900fe4f738,815609ef-1aac-471e-a178-08e4af061370,award,2025-02-05,8.0,1,Evéquoz SA,,45000000,Travaux de construction,"<p>Transformation de l'ancien bâtiment des travaux publics de la Municipalité. La nouvelle affectation comprendra une bibliothèque, une ludothèque et des locaux pour les archives de la Commune.</p>"
fd832a76-81a7-4430-afab-fc0854fae80e,2aa68ea2-0afa-4bec-aa91-607d3a5a4920,award,2025-02-19,3.0,1,Berisha SA Constructions métalliques,292617.25,45215120,Travaux de construction de bâtiments médicaux spécialisés,<p>Fourniture et pose des garde-corps métalliques </p>
e621526c-ff2d-4a0f-8d0a-bb445cd7403c,85ac8090-633e-4fc4-b4f3-1ada5eb9b025,award,2025-02-25,3.0,2,Entreprise Vaudan SA; Polli et Cie S.A.,25952592.3,45262522,Travaux de maçonnerie,<p>Construction d'un bâtiment détente</p>
58ca458f-2f73-46de-915c-9582ad46bbe5,3ded2080-cf81-4724-b9c9-58b6650c6c21,award,2025-02-25,3.0,1,gex sa ventilation - climatisation,3259571.95,45331200,Travaux d'installation de matériel de ventilation et de climatisation,<p>Construction d'un bâtiment détente</p>
1894a43f-3915-4ccd-8520-506e082c11dc,38232baa-7860-4eb2-9e60-d5d72c87a3da,award,2025-02-19,3.0,1,Atelier Volet Charpentier/Bâtisseur SA,626964.9,45215120,Travaux de construction de bâtiments médicaux spécialisés,"<p>Charpente en bois, isolations et bardage en bois </p>"
fde5504a-3597-4465-8214-139c2bf9cd97,b97b1a54-a977-4aa5-ae27-6aa3eeb6bb94,award,2025-02-10,3.0,1,Florey Yves Renotec,316399.01,45321000,Travaux d'isolation thermique,<p>Le marché concerne la fourniture et la pose d’une isolation périphérique avec crépi minéral pour un immeuble d'habitation.&nbsp;</p>
7911893d-1842-45d2-b5e2-9bc253b16cb8,bf85131c-cac5-43bb-976f-33eb043d767b,award,2025-02-24,2.0,1,Orllati (GE) SA,2126368.62,45443000,Travaux de façade,<p>Façades - CFC 211.7</p><p>Estimation CHF 1'865'177.-</p>
fab58e3a-e562-4489-90cf-64a9ee4b1827,57d5564e-9618-4cee-8aa3-a09ce8cd9387,award,2025-02-14,6.0,1,"Héritier & Cie SA, entreprise de bâtiments et travaux publics",438288.6,45000000,Travaux de construction,"<p>La commune d’Evionnaz est en manque de place d’accueil (crèche, UAPE). La décision a été prise de transformer l’ancienne cure au cœur du village, d’entente avec la paroisse, pour y accueillir 33 places en crèche et 35 places en UAPE pour la rentrée 2026.</p><p><br></p>"
cddfabcd-fd75-4a29-8608-20d004af67a4,dec65086-2896-409b-84b6-00f2e13d5dcd,award,2025-02-20,6.0,1,F. Bernasconi et Cie SA,2173000.0,45000000,Travaux de construction,"<p>Travaux de génie civil et ouvrages d'art pour la gare dʼEpendes dans le cadre de la mise en conformité LHand, qui comprennent les éléments suivants :</p><ul><li>La création dʼun nouveau drainage de voie ;</li><li>Le remplacement de l'infrastructure ferroviaire en ballast par du nouveau ballast ;&"
fbbc410e-49d0-4794-b227-11310aff92cb,0d1a386a-37b7-46ca-8d61-f4ca1b7b4238,award,2025-01-30,3.0,1,SCRASA SA,4417164.55,45112710,Travaux d'aménagement paysager d'espaces verts,<p>Le Cycle d'Orientation de Sécheron a fêté ses 50 ans d'existence en 2021 et a été identifié comme un îlot de chaleur important à l'échelle du canton de Genève. Il est un des sites pilotes pour l'adaptation des espaces publics au changement climatique. Le projet prévoit une rénovation complète des
d2685c0b-1542-4960-944e-b79c3927bea8,f5e19931-267e-4209-a19a-ec015e2d3a0c,award,2025-01-16,9.0,1,Amaudruz S.A.,1341001.0,45310000,Travaux d'équipement électrique,<p>Le projet comprend :</p><p>- La mise en conformité des installations électriques et remplacement des tableaux électriques.</p><p>- Une nouvelle distribution du réseau informatique et renforcement du réseau WIFI.</p><p>- Un remplacement des luminaires existants fluorescents par de la lustrerie LED
bb626846-2219-489a-8c50-266e20859e3b,4d5cfc52-3e48-42da-875a-e153f2386877,award,2025-02-18,5.0,1,Solstis SA,348306.85,45261215,Travaux de couverture de panneaux solaires,"<p>Fourniture et pose de panneaux solaires sur les toitures du Centre des Congrès à Montreux :</p><p>Toiture du bâtiment A: implantation de ~477 panneaux solaires PV, d'une puissance totale de 186 kWc</p><p>Toiture du bâtiment B: implantation de ~507 panneaux solaires PV, d'une puissance totale de 2"
f73afeee-4e3a-498a-aa6a-3299bc47b9b6,fb5d7358-3385-44af-8347-80e49b734634,award,2025-02-17,6.0,1,Kalin Electricité Sàrl,1050905.0,45000000,Travaux de construction,<p>Travaux d’installations électriques</p><p><br></p>
bacb0d47-fbbf-45e4-819e-e2c0b8941e77,c8c54a85-aab4-4187-bb72-d6a968ac3c46,award,2025-02-03,7.0,1,Grisoni SA,475719.0,45000000,Travaux de construction,<p>Travaux d'installations sanitaires</p>
c4cb1ae7-3d6c-476f-bbce-f7c1b0401514,d44a8113-2ab7-4ad9-9718-76d4514582ef,award,2025-02-19,4.0,1,Equans Techniques SA,669139.0,45232141,Installations de chauffage,<p>Travaux installations chauffage - ventilation</p><p>Estimation : CHF 328'994.-</p>
fade6273-6bdc-43f0-8014-eeec2de18aa2,e74bffbe-28b7-429e-8fc9-11c5623d9b69,award,2025-02-18,2.0,1,Dénériaz Bâtiment et Infrastructures SA,1327006.9,45000000,Travaux de construction,<p>Les travaux sont prévus sur le tronçon de la ligne Sembrancher-Orsières qui va du km 13.180 jusqu’au km 13.930 et comportent la réfection de la voie ferrée et l’abaissement des radiers dans les tunnels de la Crête à Martin et Larzette.</p><p>&nbsp;</p><p> Pour le marchée de génie civil ils prévoi
a2f7aaff-86dd-4b9a-b689-bca2cf070328,b3046e27-2484-4a29-bd84-e31e91a21edf,award,2025-02-18,5.0,1,Ulrich Imboden AG,811788.7,45000000,Travaux de construction,"<p>Tiefbauarbeiten und Fundationschichten für Unterbau eines Kunstrasen, exkl. Kunstrasen</p>"
606fb9fa-4174-4cce-8b76-3942ea9b897e,21c20250-491b-4094-9c71-14b215a7daa5,award,2025-02-12,8.0,1,"Romande Energie Services SA, succursale de Lancy",1691414.3,45214210,Travaux de construction d'écoles primaires,<p>25 Installations sanitaires</p>
1c74f934-f570-40d6-b48f-86acb0c55be0,8d676c2a-6302-4ed7-9d3e-9c5d4228a7bc,award,2024-11-20,4.0,1,SecuSuisse AG,118996.48,45000000,Travaux de construction,<p>La mission du prestataire sera d'assurer un service de piquet avec permanence téléphonique et intervention en urgence sur les établissements de détention de l'Etat de Genève afin de procéder aux réparations d'urgences.</p>
8324da4a-a836-4b98-afe6-fbd20c15e419,40a9a078-b82e-4d8f-ad4b-ccce84821865,award,2025-02-10,4.0,1,Serrurerie Concept SA,679240.24,45421131,Pose de portes,"<p>Construction de 22 logements, 5 petits commerces et d'un centre culturel avec une salle de spectacle, ainsi que d'un parking souterrain de 84 places voitures et 10 places deux roues.</p>"
40eeb9aa-5cc4-43ea-9001-56ec1fbac6fa,09957762-97dc-46a9-b300-eb417d18ee83,award,2024-11-07,5.0,1,BEP SA,,45112700,Travaux d'aménagement paysager,"<p>Construction de 22 logements, 5 petits commerces et d'un centre culturel avec une salle de spectacle, ainsi que d'un parking souterrain de 84 places voitures et 10 places deux roues.</p>"
144f117c-354d-4d79-ad08-6462a7339c44,47c5a481-15c3-4095-8ee8-f212d1c3594a,award,2025-02-10,3.0,1,Menuiserie Erbeia Sàrl,1670627.56,45421000,Travaux de menuiserie,"<p>Construction de 22 logements, 5 petits commerces et d'un centre culturel avec une salle de spectacle, ainsi que d'un parking souterrain de 84 places voitures et 10 places deux roues.</p>"
37a618f0-942c-41c3-a6ad-4de4b93bb5f4,43417dfc-c4f5-4739-821e-bc4e474b1703,award,2025-02-12,4.0,1,Entreprise Belloni SA,242815.08,45261220,Travaux de peinture de couverture et autres travaux d'application d'enduits,"<p>Le présent appel d'offres porte sur la fourniture, la pose et/ou l'installation, la mise en service, du CFH 271.00 - ENDUITS INTERIEURS</p>"
76c4de0e-1c4d-4d5f-a338-fc0dad460c6b,01a017f4-80bb-4e60-941e-de14e030f5ca,award,2025-02-11,1.0,1,"Ascenseurs Schindler SA, succursale de Bussigny-près-Lausanne",356730.0,42416120,Monte-charges,<p>Bâtiment B du Centre des Congrès de Montreux :</p><p>Remplacement du monte-charges de 6 tonnes existant par une nouvelle installation.</p><p>Fourniture et pose d'une nouvelle installation d'une capacité de 6 tonnes y compris démontage de l'installation existante.</p>
e8cd3167-15f2-4c37-b5c7-95186819dedd,25176d94-640a-406d-b893-aef0d3683570,award,2025-01-13,5.0,1,Atra S.A.,362930.1,45246200,Travaux de protection des berges,"<p>Dans le cadre du projet de l'ECF de la Grande Eau à Aigle, une mesure anticipée, MA des Glariers, doit être réalisée. Le marché consiste à réaliser des travaux de stabilisation des pieds de berges en rive droite de la Grande Eau dans le secteur des Glariers (reprise en sous-œuvre sur 380 mètres) "
2d6a7533-631c-4e76-bca8-6f74edeb5d44,e0bf5fe6-6d5d-41a4-86f6-f8275cda9cd3,award,2025-02-07,9.0,1,Moren Frères SA,532816.4,45000000,Travaux de construction,<p>Démolition d’enrobé : 265 m3</p><p>Terrassements : 700 m3</p><p>Grave non traitée : 650 m3</p><p>Bordures : 250 m1</p><p>Béton bitumineux : 500 to</p><p>Canalisations : 200 m1</p>
a7fc2fb6-d87d-46b5-9cab-3af369ce0fee,191b033a-6c10-492e-bc7b-b7e32b87fc49,award,2025-01-09,2.0,1,se cover GmbH,825808.0,45441000,Travaux de vitrerie,<p>projet Campus Santé:</p><p>C4 Centre Coordonné de Compétences Cliniques - ~33'600'000 HT </p><p>HESAV Haute Ecole de Santé Vaud - ~87'600'000 HT </p><p>SITE - ~35'500'000 HT </p><p><br></p><p>Lot 106 vitrage de toit plat pour les bâtiment C4 et HESAV</p>
a901ee6d-5a72-4dcd-bb03-a18cb4be2194,5fe58b92-7292-4b97-82ca-e7def3f6a01f,award,2025-01-07,3.0,1,MTX Sàrl,403215.12,45215500,Toilettes publiques,<p>Livraison et pose de quatre cabines WC préfabriquées (PMR - sia 500) sur quatre sites dans le secteur nord de la ville de Nyon. Montant total env. 500'000.- TTC</p>
30a4f813-9654-4d6a-8089-3695ca2b90b9,9fa4230d-4142-4ab5-88cb-6c039b81a5ae,award,2025-01-27,6.0,1,"Gasser, Construction et Génie Civil S.A.",543613.55,45000000,Travaux de construction,"<p>Démolition et création d'un mur de soutènement en béton, création d'un trottoir et réfection de la chaussée et du collecteur EC. Quantités principales: Longueur de mur: ~70 m, béton armé: ~180 m3, coffrage: ~650m2, terrassement: ~830m3, revêtement enrobé: ~340 to, bordures: ~140 m, collecteur EC:"
374cf3bf-3eed-4bcb-a5f2-8898e52cec1e,40bed8fd-0425-4768-8ad5-7c37e94d83d7,award,2024-12-04,3.0,1,MEICHTRY Wohngefühl AG,2306349.95,45430000,Revêtement de sols et de murs,<p>D'après les documents d'appel d'offres.</p>
374cf3bf-3eed-4bcb-a5f2-8898e52cec1e,81b0aaf6-05e0-45e5-8d9e-2078e829161e,award,2024-11-28,3.0,1,Gebrüder Wyer AG,597063.15,45430000,Revêtement de sols et de murs,<p>D'après les documents d'appel d'offres.</p>
4b09aafd-4a74-4711-aac4-e5e46a23b155,171f4e96-40c4-4312-b839-bc6d1c8a723b,award,2024-11-29,4.0,1,SPIE MTS SA,903716.0,45214220,Travaux de construction d'écoles secondaires,<p>Extension du cycle d'orientation de la Golette</p><p>Travaux d'installations électriques</p>
51cf9fc9-3189-483e-93eb-be1f50e8f368,53d66861-aeca-4a70-9e9e-4814f66ea954,award,2024-12-19,3.0,1,Wider SA Montreux,1505835.57,45214220,Travaux de construction d'écoles secondaires,<p>Extension du cycle d'orientation de la Golette</p><p>Travaux de menuiserie intérieure</p>
252d43ed-55bc-44fa-b9bf-0b89dada1bf9,8feb5e29-4062-46b5-8b61-b73c6336a88a,award,2024-11-29,5.0,1,Balzan et Immer S.A.,171131.5,45214220,Travaux de construction d'écoles secondaires,<p>Extension du cycle d'orientation de la Golette</p><p>Travaux de chapes</p>
0529be25-ae87-4b3d-8a5e-55b684983c94,791865a0-6082-4ade-8b40-7a46644a2640,award,2025-01-10,1.0,1,Walpen AG Hoch- und Tiefbau,5656793.5,45200000,Travaux de construction complète ou partielle et travaux de génie civil,"<p>La gare de Goppenstein se trouve sur la ligne ferroviaire Frutigen - Brig (BLS). A Goppenstein, il existe un transport de voitures par le tunnel de faîte du Lötschberg vers Kandersteg.</p><p><br></p><p>Le projet se situe à une altitude d'environ 1 215 mètres (avec une saison hivernale marquée).</"
a609d3ca-66f0-407c-880e-047ee8bad99d,edefa04c-61ff-4842-8ab7-01060a2e3abf,award,2024-11-12,13.0,1,Entreprise Belloni SA,298378.96,45214220,Travaux de construction d'écoles secondaires,<p>Extension du cycle d'orientation de la Golette</p><p>Travaux de plâtrerie</p>
f75dd235-b9ec-4e54-8503-f22d14abd78a,0cd03721-ff83-47b9-ab73-8c97bfe11d64,award,2025-01-14,5.0,1,FFA SA,997741.0,45112000,Travaux de fouille et de terrassement,<p>Travaux de génie civil pour l’extension du réseau de chauffage à distance sur la rue du Martheray et la Grand’Rue. Réfection de surface des 2 rues et remplacement de la conduite ESP sur la Grand’Rue.</p>
8d2e6dab-2d17-4021-82b9-2825e23a33cb,8c846cfd-f983-4592-a498-3348e69447cc,award,2025-01-30,2.0,1,"Grisoni-Zaugg S.A., succursale Saint-Légier-La Chiésaz",6887311.35,45000000,Travaux de construction,"<p>Renouvellement de la voie du km 5.860 au km 7.249 (L=1'389m) comprenant drainage, infrastructure grave avec AC Rail. La superstructure est remplacée (ballast, haveuse, rail) ainsi que le PN Landi. Option voie ferrée pour AV13 et AV 14, km 5.770 au km 5.846. </p>"
ed6e1eb1-f094-46db-9c5a-156f46316b49,98b4a714-e3fd-41e9-aae8-0dfe6420d223,award,2025-01-30,5.0,1,Guillet Constructions Générales SA,2975000.0,45214000,Travaux de construction d'établissements d'enseignement et de centres de recherche,<p>Le projet de construction en entreprise totale consiste à construire un étage supplémentaire sur le bâtiment scolaire n°2026 ECA du site scolaire des Trois-Sapins à Echallens</p>
f6dc943c-77f7-4432-b089-80b11fb47625,deb2ad2e-7037-4b19-a1a6-944ac6a49e5b,award,2025-01-28,4.0,1,MARTIN PAYSAGE SA,645755.17,45112714,Travaux d'aménagement paysager de cimetières,<p>Travaux d'aménagements paysagers et de végétalisation dans un cimetière.</p>
ff51a852-6284-4733-bcc9-5ba16e2ed113,69660678-02b1-4979-b689-de870e1a3351,award,2025-03-28,2.0,1,Rhomberg Sersa Rail AG,1199565.05,45234116,Travaux de construction de voies,"<p>Im Rahmen des Projektes 490039 FbE Landtunnel-Riffelalp erfolgen Gleisbauarbeiten auf dem Streckennetz der Gornergrat Bahn AG, welche den Substanzerhalt der Infrastruktur gewährleisten. Der betroffene Abschnitt befindet sich zwischen dem Landtunnel und der Station Riffelalp.</p><p><br></p><p>In o"
a9e2b0a7-55de-4442-a722-e70f866108ac,3d6532e2-1fdc-4143-a288-6bea6bd9a65c,award,2025-03-28,3.0,1,PHIDA Étanchéité (GE) SA,1575427.05,45261210,Travaux de couverture,"<p>Travaux de couverture, ferblanterie, étanchéités - CFC 224</p><p>Estimation ; CHF 681'800.-</p>"
98e89c4b-9248-4f2e-8c80-2f6ac7bbdc21,97ec1dbd-87cd-48d8-bc9c-e8b53ca14c14,award,2025-03-28,3.0,1,VERALUGROUPE SA,276813.88,45000000,Travaux de construction,<p>Fenêtres en bois - CFC 221.0 - Estimation CHF 657'300.-</p>
891156d0-01a1-4138-bd41-edf8a61c596f,fdc0405a-6489-442a-ab38-ba02c51cb61d,award,2025-03-28,3.0,1,Vectur S.A.,33264.0,45262100,Travaux d'installation d'échafaudages,<p>Echafaudages - CFC 211.1 - Estimation CHF 259'510.-</p>
7e1c07dd-7524-4829-8679-87af46beb1c0,016f9348-19c0-4038-8f02-c2266458ba65,award,2024-11-26,6.0,1,LIFTEAM Romandie SA,2058215.0,45422000,Travaux de charpenterie,<p>Construction de deux bâtiments à ossature bois.</p>
86eecf06-ba96-43fe-b0b4-305037e3ba8d,e21522aa-a9f3-41a1-8db2-0490d9eadb0a,award,2025-02-07,13.0,1,Société Technique S.A.,488008.7,45421100,Pose de portes et de fenêtres et d'éléments accessoires,"<p>Le projet est planifié pour accueillir lors de sa mise en service 700 élèves réparti sur trois niveaux. Au rez supérieur et à l’étage sont aménagés les locaux destinés à l’enseignement, tandis qu’au rez inférieur se trouvent les services&nbsp;:&nbsp;&nbsp;le réfectoire, l’administration et les lo"
1511cc93-f221-48ef-9107-a9eebd6e8d5c,3e3c4574-ce05-4cfd-b635-42a3446747e5,award,2025-02-07,6.0,1,Delta Türsysteme AG,498135.2,45421100,Pose de portes et de fenêtres et d'éléments accessoires,"<p>Le projet est planifié pour accueillir lors de sa mise en service 700 élèves réparti sur trois niveaux. Au rez supérieur et à l’étage sont aménagés les locaux destinés à l’enseignement, tandis qu’au rez inférieur se trouvent les services : le réfectoire, l’administration et les locaux pour les ma"
08cfb1e8-0c82-4bbb-b1ed-93b25097856c,8dbfea15-ed02-4e82-9ae7-664be99a12e0,award,2025-03-26,2.0,1,Evéquoz SA,,44111100,Briques,<p>Construction de l'EMS Caste Notre-Dame à Martigny</p>
7706c3ba-4946-4062-93cf-ae0d1aa8e7f6,673abd5d-0004-4fee-9847-8cd5bb304d33,award,2025-03-17,5.0,1,Maesano AG,1236573.35,45233120,Travaux de construction de routes,<p>Gemäss Angaben in den Ausschreibungsunterlagen.</p>
d62fdf70-331d-4fe6-882a-09e96a23fae6,f5307418-bb69-48a0-945d-9d5cf4c7e821,award,2024-12-04,3.0,1,ID GO Management SA,12920482.0,45213200,Travaux de construction d'entrepôts et de bâtiments industriels,"<p>Romande Energie souhaite construire son site d'exploitation du nord Vaudois, bureaux, halle de stockage et parking souterrain, sur la parcelle 1945 dans la zone industrielle, Chemin de la Cloppette 5, 1040 Echallens.</p><p>L’objectif est de réaliser un projet novateur en bois (pour la partie hors"
e9e40199-7384-4ce9-a493-54142facfb22,20701a82-6c3f-4224-8a41-88e5e85ef8b9,award,2025-01-23,3.0,1,CIEL Electricité SA,809875.25,45310000,Travaux d'équipement électrique,<p>Installations électriques à basse tension pour un foyer et une garderie.</p>
8ad2f1a8-5b97-4766-a5b9-80d8500baf3c,bd913b47-51e2-4b23-bbc9-5df6fe549416,award,2025-02-19,5.0,1,Giammarino & Fils SA,365594.03,45214210,Travaux de construction d'écoles primaires,"<p>Le présent marché porte sur l’aménagement complet du nouveau préau soit:</p><p>- Démolitions diverses, débroussaillages, préparations</p><p>- Terrassements</p><p>- Revêtements de sols en pavés et graviers</p><p>- Equipements de jeux, clôtures et mobilier</p><p>- Plantations et ensemencements</p>"
8f219e89-42d7-4b0a-b824-fe86cec42187,bc9f9f4b-dbba-4fb7-9f61-2ef1a49cc426,award,2025-03-11,9.0,1,Evéquoz SA,525088.15,45200000,Travaux de construction complète ou partielle et travaux de génie civil,<p>Travaux de génie civil pour le réaménagement du parking du Midi à Martigny</p>
1585ecc3-9490-4dcb-a03f-22c5ccedebb6,376ba57e-492a-4385-abbd-0a948182e7da,award,2025-03-25,4.0,1,RITHNER SA,537937.8,45231300,Travaux de construction de conduites d'eau et de canalisations d'eaux usées à grande distance,<p>Mise en conformité du réseau d'eau usée principal</p>
1dc2c1db-1a74-4464-8c94-6a27ab6e3143,a1c6cbcf-ca96-4ef4-80f2-05948ac8393a,award,2025-03-12,5.0,3,Dénériaz Bâtiment et Infrastructures SA; JPF Travaux Spéciaux SA; Sébastien Cheseaux SA,,45000000,Travaux de construction,"<p>Une partie de la zone à bâtir de Champex est menacée par des chutes de pierres. Afin de</p><p>diminuer ce risque, la commune d'Orsières projette de construire des ouvrages de</p><p>protection. La présente soumission concerne les travaux suivants :</p><p>- Pose de 260 m’ de filets parepierres Geob"
b2d8e8e9-e3f7-44c8-9783-ab117168a89e,fdd72342-ab5c-40ba-8f2f-6ebe9d8088cb,award,2025-03-21,5.0,1,Siemens Suisse SA,620494.0,45000000,Travaux de construction,<p>Travaux d'installations MCR.</p><p>Estimation : CHF 875'300.-.</p>
c7c94d75-37de-4192-8640-74c081d8b05e,601e8149-11a1-462e-bfff-c80297f9f006,award,2025-03-13,5.0,1,Epiney Construction SA,1199552.15,45000000,Travaux de construction,<p>Réalisation de 4 chambres de sectionnement en béton et dans la nappe phréatique entre Illarsaz au Nord et la Satom au Sud.</p>
d9ca165e-6487-44f0-8aa8-5507052898be,0c2b0522-fa1c-408e-bcc6-cd369db456b2,award,2025-02-13,2.0,1,PraderLosinger SA,1458311.0,45000000,Travaux de construction,<p>Réalisation d'un tronçon de thermoréseau de manière anticipée afin de dévié les lignes électriques aériennes pour la suite de la construction.</p><p><br></p><p>La traversée du canal du bras neuf et ce sous le niveau de nappe phréatique est la principale complication des travaux décrits (y compris
82bb4aed-00eb-47d3-b2df-aadc9cc78fdd,f9b24a27-df49-42f0-ba1d-e189edce5d37,award,2025-02-10,2.0,1,Schenker Storen AG,,45000000,Travaux de construction,<p>Changement des stores défectueux</p>
606c76f4-9f50-499a-9799-5031e851f199,231dd5cc-0527-4312-a495-da4f26d055dd,award,2025-03-20,2.0,1,Gindraux Fenêtres S.A.,708337.3,45000000,Travaux de construction,<p>Rénovation de l'enveloppe et des installations techniques du centre funéraire de Saint-Georges.</p><p>Travaux de fenêtres bois / métal.</p><p>Estimation : CHF 480'000.-</p>
2a17b191-4aed-415f-8289-4e6986030617,df5cb985-b816-4ee7-87d0-3d1eaa83557d,award,2025-03-12,6.0,1,Polli et Cie S.A.,730909.5,45000000,Travaux de construction,<p>Construction de textomurs et reconstructions de murs (pierres sèches et maçonnées)</p>
e5eb365f-d38d-43b0-b799-3b8056ce8dc3,952b523f-4288-4b87-b221-a906bbb8b22c,award,2025-03-20,2.0,1,Clensol S.A.,821029.63,45232410,Travaux d'assainissement,<p>Assainissement de la régénération d'eau - Estimation CHF 62'250.-</p>
2f638f32-3652-4d5b-b0ec-707e473b7c11,3afe2986-467f-4373-9238-83688df99a25,award,2025-03-20,4.0,1,gex sa ventilation - climatisation,1884202.46,45331210,Travaux d'installation de ventilation,<p>Travaux d'installations de ventilation.</p><p>Estimation : CHF 2'051'120.-</p>
71f1a1fe-ee4d-45cf-8f21-928269bc9c7a,04147499-c850-4b6b-9aa4-47996318069c,award,2025-03-11,7.0,1,Rogantini Gips AG,121874.3,45442110,Travaux de peinture de bâtiments,<p>Sanierung und Erneuerung Bestandesbau Spital Brig: Maler-/Gipserarbeiten 5.OG</p><p>Detailbeschrieb gemäss den Ausschreibungsunterlagen.</p>
387654f3-22cf-4aee-8e01-80596769f09d,359418e3-5924-4de8-b1f4-f242d4926426,award,2025-03-19,2.0,1,PHIDA Étanchéité (GE) SA,1411905.0,45260000,Travaux de couverture et travaux d'autres corps de métier spécialisés,<p>Travaux d'étanchéité/ferblanterie dans le cadre de la réalisation d'un centre aquatique sur le site de la Fontenette pour la Villede Carouge. Le bâtiment répond aux standards énergétiques THPE.</p><p>Étendu du marché :</p><p>-Surface de plancher (SP) : 11'114 m2</p><p>-Surface nette (SN) : 8'955 
637c6206-ac54-454b-bd6f-42681c81364c,64373497-7a65-4717-b5d8-cf981f3e048d,award,2025-03-13,7.0,1,ASSOCIATION JPF - GZ,6172650.0,45000000,Travaux de construction,"<p> Travaux de génie civil concernant la démolition et la reconstruction du pont sur l'Arbogne, ainsi que des rampes d'approche à ce dernier.</p>"
cc30f9f8-3ae7-42ee-84b8-a92e98584128,442a9f83-2bd8-4c6b-9079-0d0fcab7492b,award,2025-03-17,7.0,1,"Marti Construction SA, succursale de Satigny",11131561.58,45214210,Travaux de construction d'écoles primaires,<p>211 - Travaux de maçonnerie et béton armé</p>
7c1a2b5f-eb7e-4a91-9d3c-68329dbf9213,e5bf4a5b-b5e2-4689-b1c5-a3d4e643b71e,award,2025-03-17,5.0,1,JPF-DUCRET SA,5443405.6,45214210,Travaux de construction d'écoles primaires,<p>CFC 214 - Construction en bois</p><p>CFC 277 - Cloisons en éléments</p><p>CFC 282.5 revêtements en paroi bois et dérivés de bois</p>
e43efbcd-8242-4e60-b1c8-254d52011235,151a001a-6a81-4c6c-adce-8ada3aeb618f,award,2025-03-17,5.0,1,Epiney Construction SA,2767359.4,45000000,Travaux de construction,"<p>Réaménagement complet de 3 giratoires, réseaux souterrains, signalisation et</p><p>marquage, ouvrages en métal et systèmes de retenue</p><p><u>Quantités principales</u> :</p><p>Terrassements (déblais et fouilles) : 2’675 m3</p><p>Grave non traitée  : 1’070 m3</p><p>Béton bitumineux : 3’255 t</p><"
e51a3915-9ec1-4db4-8eed-2ba37aafe229,ba13a17a-bce4-4697-b9bb-fb542a97aa6e,award,2025-03-12,7.0,1,Implenia Schweiz AG,1839375.85,45000000,Travaux de construction,<p><u>Quantités principales</u>&nbsp;:</p><p>Démolition de revêtement bitumineux : 900 m2</p><p>Terrassement en pleine masse : 1000 m3</p><p>Grave non traitée : 400 m3</p><p>Béton bitumineux&nbsp;:&nbsp;450 to</p><p>Bordures granit : 300 m1</p><p>Béton : 410 m3</p><p>Béton projeté (paroi clouée) : 2
8fc7784d-3cf3-4e20-82f5-bfb1eb435d9e,43ff9ee9-4327-47ec-acea-417d3dcff0a3,award,2025-03-12,8.0,1,Emery Epiney SA,957871.9,45000000,Travaux de construction,<p>Terrassements : 3'800 m3</p><p>Grave non traitée : 2'000 m3</p><p>Bordures : 1'052 m1</p><p>Béton bitumineux : 1'885 to</p><p>Conduites et canalisations : 1'010 m1</p>
261aeed3-132e-4976-b15c-799da30ed870,967a959a-84c0-4b46-a0c1-85ecec02aede,award,2025-03-17,5.0,1,MELLY CONSTRUCTIONS SA,906474.65,45000000,Travaux de construction,<p>Démolition de revêtement bitumineux : 1'090 m3</p><p>Terrassements : 1'830 m3</p><p>Talus armés : 410 m2</p><p>Construction de remblais : 1'015 m3</p><p>Stabilisation au ciment : 5'560 m2</p><p>Grave non-traitée : 1'535 m3</p><p>Canalisations et drains : 800 ml</p><p>Tuyaux de protection de câble
58b49e65-67d8-4df1-8208-c5f5bb7dc647,ff8b94b6-44fe-45de-9b59-f09519ee04a8,award,2025-03-13,12.0,1,Implenia Schweiz AG,512271.6,45000000,Travaux de construction,<p>Terrassements : 900 m3</p><p>Grave : 980 m3</p><p>Bordures : 100m1</p><p>Béton bitumineux : 1810 to</p><p>Canalisations : 1815 m1</p>
ce14b026-e762-4971-8f8d-adf66caeb0fa,bcc03128-c55c-4d7d-9cfd-7298c303d417,award,2025-02-12,2.0,1,Dénériaz Construction Bois SA,337255.4,45252100,Travaux de construction de stations d'épuration,"<p>Le présent marché concerne les travaux de construction en bois pour le bâtiment administratif. Il englobe la réalisation des éléments structuraux et non structuraux en bois, incluant les parois extérieures et intérieures. Les prestations demandées incluent également la mise en place de la charpen"
607a72c6-d179-4af7-835e-f4240345296d,8d1f13a7-17c8-47d4-aabe-b3459c81213b,award,2025-03-17,2.0,1,"Ascenseurs Schindler SA, succursale de Plan-les-Ouates",371865.58,45313100,Travaux d'installation d'ascenseurs,<p>Travaux _ Ascenseurs et monte-charges - Estimation CHF 318'000.-</p>
bc8efe3d-fd84-4c2e-942f-97b75fb64f79,be92228e-5f85-448e-874f-dbd6f9db9bea,award,2025-02-12,1.0,1,Amaudruz S.A.,383523.57,31625100,Systèmes de détection d'incendie,"<p>Dans le cadre d'une analyse de sécurité, le LEB a constaté que certains locaux techniques des installations de sécurité ne sont pas suffisamment protégés contre le risque d'incendie.</p><p>Le présent appel d’offres porte sur les travaux de mise en place d’un système de détection et d’extinction i"
a844a79a-4392-4234-ab3e-691229f33512,594ec990-2611-4d20-aba0-e7162816ade3,award,2025-03-12,3.0,1,Delta Echafaudages SA,567034.06,45000000,Travaux de construction,<p>Travaux d'échafaudages.</p><p>Estimation : CHF 552'500.-</p>
c97ca5dd-4874-4dc9-9efd-eea13c95fcd9,04f9d958-06f4-453e-999d-881e53eb3409,award,2025-03-17,2.0,1,"swisspro SR SA, succursale de Vernier (canton de Genève)",4223723.9,45310000,Travaux d'équipement électrique,<p>Installations électriques - CFC 230</p><p>Estimation CHF 3'374'868.-</p>
4f547a05-ce78-4fe1-940d-b51c48de29a5,e735ff06-7733-4d6f-aa89-6bf5bc4eda4e,award,2025-03-17,4.0,1,"Hälg & Co. AG, succursale de Plan-les-Ouates",2998474.56,45232141,Installations de chauffage,<p>Travaux d'installations de chauffage.</p><p>Estimation : CHF 2'612'950.-</p>
ab115918-1391-4833-908d-46ac1b077873,858566dd-60a6-4e91-ac2b-04d7bda34c84,award,2025-03-17,5.0,1,SAVOY S.A.,301084.98,45000000,Travaux de construction,<p>Electricité et lustrerie - CFC 230 - Estimation CHF 221'874.-</p>
a3cfe7a4-6aa3-4031-ad29-f48b3eaa62a3,238c6678-dc59-43ef-8101-cf4012a2b684,award,2025-02-25,1.0,1,Tuba 9 Sàrl,,45112000,Travaux de fouille et de terrassement,<p>Route de Jussy Relining de 2000 m de 300 mm prfv joint à emboitement de 1999</p>
72d20060-c56a-41a0-abd9-5de8aa6c0554,9102d1df-0144-4db2-ba88-85c81541ba83,award,2024-11-15,1.0,1,PHIDA Étanchéité (GE) SA,373918.0,45210000,Travaux de construction de bâtiments,<p>CO de la Gradelle / Bâtiments D+E - Extension Modulaire</p><p>Travaux d'étanchéité et ferblanterie pour la surélévation des bâtiments D &amp; E.</p>
77f69346-c2e0-4a0a-aae7-446d5c1c7415,f4cd9935-7274-4e01-9abf-d01b0d5a55eb,award,2025-03-12,6.0,1,CGC Energie SA,,45300000,Travaux d'équipement du bâtiment,<p>Se référer au cahier des charges de l'appel d'offres.</p>
bcc35203-8e7d-4328-af4e-93022dcf28ed,9ca37396-c2f5-4d6b-bfe0-1116707bb5d8,award,2025-03-13,2.0,1,Walpen AG Hoch- und Tiefbau,1305688.9,45000000,Travaux de construction,"<p>Im Rahmen des Projektes 390079 FbE Station St. Niklaus-Josikurve erfolgen Tiefbauarbeiten auf dem Streckennetz der Matterhorn Gotthard Bahn, welche den Substanzerhalt der Infrastruktur gewährleisten sollen. Der betroffene Abschnitt befindet sich zwischen km 25.110 und 25.825 (äusserster Perimeter"
c74e60e1-59c4-40cf-9e26-4154c0a34abd,2a20be79-a82c-4f50-af5f-db6d01485b49,award,2025-03-12,5.0,1,Lanthmann Constructions Bois SA,,45420000,Travaux de menuiserie et de charpenterie,<p>Se référer au cahier des charges de l'appel d'offre</p>
a5f38df1-b5de-4ecf-983f-3d0e104b0a83,9bfc3fca-cebd-4cc2-aa81-86087baf2316,award,2025-03-10,3.0,1,VERALUBOIS SA,817887.0,45215120,Travaux de construction de bâtiments médicaux spécialisés,<p>Fourniture et pose des portes et des portes-fenêtres en bois</p>
c3e7623b-e040-438b-9ddf-11c28f808c04,5dcb4734-dcb0-4673-ab18-b6aa99bee379,award,2025-03-13,1.0,1,Macullo SA,328245.63,45261210,Travaux de couverture,<p>Selon cahier des charges</p>
a0b793ce-1667-42e9-a0f7-9cfd59bb0059,e7f81717-174d-4a38-9a71-4f8783cc84a0,award,2025-03-13,6.0,1,Implenia Suisse SA,312895.45,45111100,Travaux de démolition,<p>Travaux de démolitions second oeuvre.</p><p>Estimation : CHF 310'529.-</p>
62667d20-b6bc-4559-b482-75a317825af9,c34ed32b-141d-453e-a1e2-6d4264548e38,award,2025-03-13,8.0,1,Schneider Sanitaires SA,1297200.0,45232460,Travaux d'installations sanitaires,<p>Installations sanitaires - CFC 250</p><p>Estimation CHF 1'266'200.-</p>
bc2c7fb0-66f6-44f5-a739-05c6fbcace75,2efa1e76-dcb1-4130-b68f-93a47d30b256,award,2025-03-13,1.0,1,Fehlmann Wasseraufbereitung AG,215627.07,45232410,Travaux d'assainissement,<p>Assainissement du fond mobile  - Estimation : CHF 170'900.-</p>
1d1e3608-2dbe-473e-8b40-7ef5c67a2bbe,7b0ee999-a36b-458c-ae1a-59ade68df9b6,award,2025-03-13,3.0,1,Cerutti Toitures SA,234256.68,45261420,Travaux d'étanchéification,<p>Couverture - Etanchéité - Ferblanterie</p><p>Estimation CHF 221'500.-</p>
2b2caa22-eb6c-4962-b039-a24e936de437,719994f6-8676-4921-abe9-c6700e922bed,award,2025-02-17,1.0,1,Lenzlinger Fils SA,55630.15,45000000,Travaux de construction,<p>Faux-plancher techniques dans locaux électriques</p>
87b3c312-b5d5-498f-b6fa-3586751aeb4d,a77ff15c-35b5-4093-be5a-04d5a67e5f99,award,2025-03-10,3.0,1,PHIDA Étanchéité (VS) SA,608904.8,45210000,Travaux de construction de bâtiments,<p>Complexe sportif des Perraires : réfection toiture (zones 1 à 6)</p><p>CFC 222 : Ferblanterie</p>
87b3c312-b5d5-498f-b6fa-3586751aeb4d,3b712f7a-65c1-41e1-83fb-157e9f60bfe0,award,2025-03-10,3.0,1,PHIDA Étanchéité (VS) SA,608904.8,45210000,Travaux de construction de bâtiments,<p>Complexe sportif des Perraires : réfection toiture (zones 1 à 6)</p><p>CFC 223: Protection contre la foudre</p>
87b3c312-b5d5-498f-b6fa-3586751aeb4d,ddc7bf0f-da4b-4004-b867-fa3504b01890,award,2025-03-10,3.0,1,PHIDA Étanchéité (VS) SA,608904.8,45210000,Travaux de construction de bâtiments,<p>Complexe sportif des Perraires : réfection toiture (zones 1 à 6)</p><p>CFC 224.1 : Etanchéités et revêtements de toits plats</p>
87b3c312-b5d5-498f-b6fa-3586751aeb4d,3704db1d-f201-4fb1-97a2-6dd3b688582e,award,2025-03-10,3.0,1,PHIDA Étanchéité (VS) SA,608904.8,45210000,Travaux de construction de bâtiments,<p>Complexe sportif des Perraires : réfection toiture (zones 1 à 6)</p><p>CFC 224.3 : Vitrages de toits plats</p>
87b3c312-b5d5-498f-b6fa-3586751aeb4d,094af144-66f8-485a-b695-35d342eb6b52,award,2025-03-10,3.0,1,PHIDA Étanchéité (VS) SA,608904.8,45210000,Travaux de construction de bâtiments,<p>Complexe sportif des Perraires : réfection toiture (zones 1 à 6)</p><p>CFC 324.1 : Etanchéités pour entretiens - Sécurité antichute</p>
0cdc75e4-8382-44c5-96b3-c3e255bc0385,cf12a123-7924-4825-9508-8d3cb96164d3,award,2025-02-12,3.0,1,gex sa ventilation - climatisation,604471.85,45232420,Travaux de construction de stations d'épuration des eaux usées,"<p>Dans le cadre de l'extension de la station d'épuration de Grange, de nouvelles installations de</p><p>ventilation seront mises en place. Trois installations principales sont prévues:</p><p><br></p><p><strong>CFC 244.1 Installation de ventilation pour la partie administrative</strong></p><p>L’inst"
4814ab41-f4dd-46da-8ba5-10f074e246c1,06b9e816-f6ca-4fe0-9ac4-f40df5eb0d13,award,2025-03-12,4.0,1,Rampini & Cie SA,6092685.76,45262310,Travaux de mise en œuvre de béton armé,<p>Travaux de béton armé.</p><p>Estimation : CHF 6'786'752.-</p>
09a168ea-840c-4c4d-b9a4-876ed6978e8f,b0bb166c-a8af-495f-bd43-cc13281ca681,award,2025-03-12,4.0,1,Implenia Schweiz AG,248764.58,45000000,Travaux de construction,<p>Maçonnerie - CFC 211.6</p><p>Estimation CHF 97'154.-</p>
5c0ae93b-c7d3-4323-b0e4-f3baf3c6ae5d,b9773ac7-8096-4583-9fb7-f8de76789292,award,2025-02-17,3.0,1,Truttmann AG,1171600.5,45331000,"Travaux d'installation de matériel de chauffage, de ventilation et de climatisation",<p>D'après les documents d'appel d'offres.</p>
5b4de3a4-d95c-458e-a84f-abcab6d525a6,c26b15dc-d31a-482e-ac63-9c60e0de4cc7,award,2025-02-04,6.0,1,Béati Frères SA,597758.35,45200000,Travaux de construction complète ou partielle et travaux de génie civil,<p>Réfection de chemins agricoles</p><p>55 ml en béton</p><p>1400 ml en enrobé</p><p>784 t enrobé bitumineux</p>
cea9ff5b-05ab-451b-bf84-11d9f2ca9f2c,44aaf6d8-a646-445d-a04c-f44fd74bee0e,award,2025-03-07,6.0,1,"Société de Travaux Publics, Joseph Carron SA",383087.0,45000000,Travaux de construction,<p><u>Type de travaux</u> : Revêtements</p><p><br></p><p>Quantités principales :</p><p>Béton bitumineux : 2300 to</p>
2cc6f9a8-c67c-4f63-be61-5e2fd196e1aa,59bfb092-f9f3-4537-adbb-484880e79584,award,2025-03-06,9.0,1,Dénériaz Bâtiment et Infrastructures SA,386658.85,45000000,Travaux de construction,<p>Démolition enrobé béton bitumineux : 1’360 m2</p><p>Fraisage enrobé béton bitumineux : 3’445 m2</p><p>Grave non traitée : 270 m3</p><p>Bordures : 340 m1</p><p>Béton bitumineux : 1’375 to</p>
1c3583e0-f79b-4450-af46-47bfd3171556,ccb08820-3877-473f-af0d-efa4ebd53e5d,award,2025-01-28,2.0,1,RODA TOITURE SA,397235.0,45212300,Travaux de construction de bâtiments à usage artistique et culturel,"<p>Descriptif succinct du marché : Dépose et démontage de la toiture existante en fibrociment (1400m2), y compris lattage, contre-lattage, sous-couverture et toutes ferblanteries en place.</p><p>Mise en place de nouvelles ferblanterie Zn-Ti (noues, larmiers, virevents, rives, blindage d’acrotère, ch"
f45710e8-d2ed-4ee3-9916-a1cc8effeda5,41c3f365-1233-4c68-a44a-4dd3dbe82882,award,2025-01-28,13.0,1,Solstis SA,176849.56,45212000,"Travaux de construction de bâtiments destinés aux loisirs, aux sports, à la culture, à l'hébergement et de restaurants","<p>Descriptif succinct du marché : Fourniture, montage câblage complet et mise en service d’une installation photovoltaïque intégrée sur toiture tuiles et de panneaux surimposés en sheds sur toiture plate, le tout couvrant environ 740 m2.</p><p>Y compris sécurisation, onduleurs, coffrets de raccorde"
dc12c17d-dd3a-4bf9-a36c-bb4656c943b3,e4a50a19-c14d-4099-99b6-7003d39bfa0c,award,2025-01-28,7.0,1,Eiffage Energie Systèmes SR Génie Climatique SA,620753.7,45212000,"Travaux de construction de bâtiments destinés aux loisirs, aux sports, à la culture, à l'hébergement et de restaurants","<p>Descriptif succinct du marché : Remplacement de deux chaudières à gaz existantes d’une puissance totale de 374 kW, par de l’aérothermie composée de trois PAC air/eau extérieures sur toiture plate. Installation d’une nouvelle production d’ECS centralisée. Adaptation hydraulique du collecteur distr"
d087475d-3f64-4694-bd9d-79c64a148be8,6e4918d4-6b26-48c8-9bd6-a77a4c85c9c3,award,2025-02-28,1.0,1,Boxplay SA,2551477.8,45200000,Travaux de construction complète ou partielle et travaux de génie civil,<p>Fourniture et installation de containers équipés et aménagés pour création d'une école provisoire.</p>
76634e3e-f508-4ef2-85cd-5f5c76f673fd,ded62478-a013-42b8-8434-d054a4a57a77,award,2025-02-28,3.0,1,ARGE MZA Randa,1262906.15,45000000,Travaux de construction,"<p>Die Instandsetzungsmassnahmen beim der MZA Randa umfassen folgende Hauptarbeiten:</p><ul><li>Abbruch Belag und Abdichtung</li><li>Einbau UHFB-Nutzbelag</li><li>Betoninstandsetzungsmassnahmen</li><li>Oberflächenschutzmassnahmen Parkdeck, Wände, Stützen und Deckenuntersichten</li></ul><p><br></p>"
74b0c0b6-47b6-4363-b530-aac5324a7f43,c7948fb2-3e38-4a18-8ae2-c1e40c3cc772,award,2025-03-04,1.0,1,Gindraux Fenêtres S.A.,246753.7,45421100,Pose de portes et de fenêtres et d'éléments accessoires,<p>Fourniture et pose de portes et fenêtres extérieures en bois.</p>
3f44656f-9e73-460b-80cb-178a772e7346,819cfa64-cf83-4ddc-b6ef-da3d553fca75,award,2025-01-24,5.0,1,Rampini & Cie SA,632084.4,45000000,Travaux de construction,<p>CO de la Gradelle / Bâtiments D+E - Extension Modulaire</p><p>Travaux de Démolition-Installations-Maçonnerie-Béton</p><p><br></p>
78688ec2-7933-4bd5-8651-2024750ad73e,f2805a00-f47e-4205-9498-5b2d03a9a997,award,2024-02-04,2.0,1,R. Morand et Fils SA,331069.2,45000000,Travaux de construction,<p>CO de la Gradelle / Bâtiments D+E - Extension Modulaire</p><p>Travaux de Construction métallique</p><p><br></p>
170e6346-27f7-4100-9d61-5cfcf9f5a853,5221c8b8-d3de-457a-8c5e-a6678316ec48,award,2025-01-24,1.0,1,DASTA CHARPENTES-BOIS SA,1336256.1,45000000,Travaux de construction,<p>CO de la Gradelle / Bâtiments D+E - Extension Modulaire</p><p>Travaux de Construction en bois calculée par ingénieur</p><p><br></p>
4d56d2a4-f6bb-45be-8a4e-306dae08b76e,e339cfb6-15e2-460e-b7d5-520dbfd105e9,award,2025-01-24,3.0,1,Facetec SA,643384.05,45210000,Travaux de construction de bâtiments,<p>CO de la Gradelle / Bâtiments D+E - Extension Modulaire</p><p>Travaux de bardages de façade pour la surélévation des bâtiments D &amp; E.</p>
e25ea8ad-208d-4cd6-afc6-4aa0f386308d,706e2549-9a16-43d8-97a1-b2a77fc47a31,award,2025-02-12,3.0,1,VERALUBOIS SA,500302.0,45210000,Travaux de construction de bâtiments,<p>CO de la Gradelle / Bâtiments D+E - Extension Modulaire</p><p>Travaux de fourniture et pose de fenêtres en bois-métal</p>
e3e0b279-6628-46b5-9809-28cd3cfa3d8b,755e191f-f05c-47c2-8a13-8f163972a91b,award,2025-02-19,2.0,1,Projection Nouvelle Sàrl,344329.16,32000000,"Équipements et appareils de radio, de télévision, de communication, de télécommunication et équipements connexes","<p>Dans le cadre de la mise à niveau du Stade de Genève et en prévision de l’accueil des matches de l’Euro féminin 2025&nbsp;(WEURO25), la Fondation du Stade de Genève, prévoit d’exécuter une série de travaux d’entretien et d’amélioration des installations existantes dans le but d’améliore"
23f8df39-405d-4b4d-9778-f19660a1e45c,3d659444-8ac7-4036-b11b-358848d2c4ac,award,2025-02-19,6.0,1,GIRARDI SA,448336.97,45000000,Travaux de construction,<p>Fourniture et pose d'un collecteur EC PVC diamètre 800 mm sur le Chemin des Grandes Vignes à Founex. Déviation provisoire et/ou définitif des réseaux existants. Création de nouveaux regards. Réfection total du chemin en revêtement bitumineux.</p>
72c633cc-8e23-443a-afe3-876600f701a0,3f079857-c69d-4038-bfd9-af5797fc512f,award,2025-03-21,2.0,1,"Hälg & Co. AG, succursale de Plan-les-Ouates",1745137.2,45331000,"Travaux d'installation de matériel de chauffage, de ventilation et de climatisation",<p>Production et distribution de chaleur</p><p>Production et distribution de froid</p>
76e610c3-d55b-4065-9909-03cace18a970,6de84ed2-655c-43fc-9e4d-5ae14bf25d44,award,2025-03-13,2.0,1,"Hälg & Co. AG, succursale de Plan-les-Ouates",2453801.68,45331000,"Travaux d'installation de matériel de chauffage, de ventilation et de climatisation",<p>Installations de ventilation </p><p>Installations d'extraction de fumées et de chaleur</p>
e28df14e-f283-41e9-8725-dd2ddc72a7d3,903fd0a6-9360-4222-8116-9e6e1aa5ec17,award,2025-04-22,5.0,1,"Hälg & Co. AG, succursale de Plan-les-Ouates",357656.0,45331000,"Travaux d'installation de matériel de chauffage, de ventilation et de climatisation","<p>Dans le cadre de la rénovation/transformation des installations techniques du bâtiment tpg Bachet, plus précisément de la récupération d’énergie et production ECS, des travaux sont nécessaires. </p><p>Le présent appel d’offres concerne les travaux d’adaptations et d’installations de chauffage, in"
94fc9b12-dd1f-438f-a591-81d5257a05ff,585064e9-7c02-4365-86e1-60255353e735,award,2025-04-16,6.0,1,Maréchaux électricité S.A.,336880.95,45000000,Travaux de construction,<p>CFC 23: Installations électriques</p>
7359b37f-ddaf-45df-ba3c-4e765e49693c,3a421b05-655e-463b-8bc7-1337bde5a9f2,award,2025-04-28,5.0,1,MELLY CONSTRUCTIONS SA,791354.55,45000000,Travaux de construction,<p>Démolition d’enrobé bitumineux : 550 m3</p><p>Terrassements : 2’300 m3</p><p>Grave non-traitée : 1’625 m3</p><p>Bordures : 160 ml</p><p>Béton bitumineux : 1’015 to</p><p>Fouilles en tranchées : 215 m3</p><p>Canalisations et drains : 365 ml</p>
199403cc-561f-46df-894a-0abacc7c8f0c,9139e991-3020-4255-8272-4cfa7dba3eac,tender,,,0,,,45261215,Travaux de couverture de panneaux solaires,"<p>Fourniture et installation de panneaux photovoltaïques sur le toit de deux écoles de la Ville de Thônex, Ecole Marcelly et Ecole Bois-Des Arts selon cahiers des charges techniques général et spécifiques et documents du dossier d'appel d'offre</p>"
199403cc-561f-46df-894a-0abacc7c8f0c,f79c6c0f-a797-4bcd-9a14-feb4111f6561,award,2025-03-04,5.0,1,Hélios Energies SA,300518.0,45261215,Travaux de couverture de panneaux solaires,<p>Fourniture et installation des panneaux photovoltaïques selon cahier des charges technique général et cahier des charges spécifiques lot 2</p>
d3eb09d3-f44e-45a1-b396-4763e9b95308,61bd7f51-b5d9-4b7c-a8a8-2ff67676f8e5,award,2025-04-08,4.0,1,ERNE AG Holzbau,2887716.25,45000000,Travaux de construction,<p>Entreprise générale pour la construction d'un pavillon scolaire en module préfabriqué bois. </p>
dd2eee6e-6248-4d93-b574-ef7df10279fd,63b135e6-7431-43b3-aeb1-b104e50fb69e,award,2025-04-09,2.0,1,Berisha SA Constructions métalliques,593044.1,45000000,Travaux de construction,<p>Construction d'un Pavillon scolaire provisoire pour l'Ecole En-Sauvy. </p><p>Structure métallique </p>
69a8a0fb-4672-49d0-86e4-e09020522b3a,ce5d3ac3-beac-446f-83ea-9426490980d8,award,2025-04-09,3.0,1,Orllati (GE) SA,396090.2,45000000,Travaux de construction,"<p>Construction d'un Pavillon Scolaire provisoire pour l'Ecole En-Sauvy</p><p>Travaux de maçonnerie : pieux, fondations, maçonnerie, canalisations</p>"
abf9e83b-cdea-4efc-be58-c3b0937b65fc,d55850ad-8de5-4289-8e6a-7abe79c81883,award,2025-04-28,1.0,1,Membratec SA,1825393.9,45252120,Travaux de construction d'installations de traitement des eaux,"<p>Le présent appel d’offres concerne le renouvellement des planchers filtrants et du média de l’ensemble des actuels filtres à sable sur l’usine de Bret. Il s’agit d’un marché de conception, fourniture, réalisation et mise en service de filtres mettant en œuvre un média à base d'argile expansé (en "
3a4c10ad-d6b2-4003-85f8-6b8942f37251,5c31df17-4461-435a-afa5-4fcc35511930,award,2025-04-18,7.0,1,Evéquoz SA,656093.8,45000000,Travaux de construction,"<p>Exécution des travaux de génie civil pour la réalisation du CAD de Conthey sur la rue des Poujes, remplacement des réseaux souterrains communaux existants et remise en état de la chaussée.</p><p>La mise en soumission concerne le tronçon se situant entre l’avenue de la Gare et la parcelle n°523 - "
435d4980-5bf9-4462-9510-64af469eceac,8ad341e2-1b9b-4a01-a3dd-15151565b9b7,award,2025-04-25,5.0,1,Jacquet SA,614971.13,45100000,Travaux de préparation de chantier,"<p>Installation de chantier travaux préparatoire - Espace vert, plans d'eau - Plantation ensemencement entretien - Equipements</p><p>Estimation CHF 660'000.-</p>"
1859b2af-1cd1-4472-8612-5131f9efc897,9fbbe855-ac80-45f6-9265-8ee00be07a60,award,2024-08-29,4.0,1,Rampini & Cie SA,,45200000,Travaux de construction complète ou partielle et travaux de génie civil,"<p>Travaux de génie civil pour des aménagements routiers, essentiellement pour des modérations de trafic, comprenant la création d’ilots centraux, de nouveaux tronçons de trottoirs, des murets et/ou murs de soutènement, etc. Les travaux seront organisés et réalisés sur plusieurs étapes, généralement"
74a30d7c-5367-42d6-b2f8-1771ac408aa7,0c6a32b5-170f-4ed0-b7aa-e74ff57897d4,award,2025-04-24,1.0,1,"Romande Energie Services SA, succursale de Martigny",5123010.3,45311200,Travaux d'installations électriques,<p>Construction d'un bâtiment détente</p>
1ac76b37-fb3f-492c-94eb-a92a7ccd365f,cf339aba-51a4-41f0-afa0-55ec87c30c9e,award,2025-04-11,4.0,1,Perrin Frères SA,2251999.36,45200000,Travaux de construction complète ou partielle et travaux de génie civil,<p>Pose de tuyaux CAD DN 200/400 mm et un tube télécommande en PE Ø 80/92 mm.</p><p>Pose de tubes électriques 2 x PE Ø120/132 mm et 2 x PE Ø 60/72 mm.</p><p>Pose d’une conduite d’eau potable en PE Ø 200 mm.</p><p>Pose d’un collecteur d’eaux claires en PRV Ø 900 mm.</p><p>Pose d’un collecteur d’eaux 
b52e5575-ab48-4650-afb7-42552359ced5,9dfa43e9-7027-4a56-9ef7-abc394588c4b,award,2025-04-02,3.0,1,FFA SA,3500349.7,45222000,"Travaux de construction d'ouvrages de génie civil, excepté ponts, tunnels, puits et passages souterrains",<p>Renouvellement des conduites industrielles et réaménagements routiers.</p><p><br></p><p><strong>Quantités principales</strong></p><p>Fouilles : 13'280 m3</p><p>Blindage : 3'500 m2</p><p>Conduite d'assainissement : 1'635 m1</p><p>Conduite d'eau potable en fonte : 865 m1</p><p>Conduite Gaz Lausanne
dd1ab4c9-02c9-4734-b19b-93fba9ceedc7,52956484-2ac6-46f4-bd2f-d0d2e6eee1d2,award,2025-03-20,4.0,1,Perfolux SA,173546.0,45000000,Travaux de construction,<p>Travaux de lustrerie</p>
4a9eb9ec-182c-4185-809e-dc4ad92e1640,63be1626-c862-4fc6-b6e5-6bc01b9a26e0,award,2025-03-20,5.0,1,"Grisoni-Zaugg SA, succursale de Satigny",12150671.42,45200000,Travaux de construction complète ou partielle et travaux de génie civil,"<p>Voir les documents de l'appel d'offres, notamment le chapitre 1.3 du K2</p>"
f6c37416-e7ac-4bbc-92c5-06e872df7848,d3401cdb-d34e-4ac0-8bee-c93afddec7ab,award,2025-03-27,5.0,1,Abscisse Agencement Sàrl,2270249.56,45421151,Installation de cuisines équipées,<p>Projet Campus Santé - bâtiment Logements pour étudiants (LET).</p><p>Agencement de cuisine pour 486 logements étudiants.</p>
be4089dc-0381-45c9-afa3-f28ce530306a,22a2957a-9893-48e4-a086-95d64794f9d5,award,2025-03-27,3.0,1,HBF SA Metal System Solutions,1060459.92,45300000,Travaux d'équipement du bâtiment,<p>Escaliers métalliques préconfectionnés</p>
81034b4b-e4e1-4042-9aee-fe7d921d2df5,58bda71a-9db9-465d-8c40-9f03aea1bc57,award,2025-03-27,3.0,1,Métal-Concept SA,932008.2,45000000,Travaux de construction,<p>Ouvrage courant</p>
26c77707-3cd6-45fc-9cf1-c6d0d3615b30,d0cd559d-7a87-448b-8782-40cdd7f5f3d6,award,2025-04-01,1.0,1,Ardizio Toitures SA,,45000000,Travaux de construction,<p>Rénovation des toitures</p>
26c77707-3cd6-45fc-9cf1-c6d0d3615b30,94dfbfc5-c860-4687-b351-ac69745d9949,award,2025-04-01,1.0,1,GAILLARD PERE ET FILS FERBLANTERIE,,45000000,Travaux de construction,<p>Rénovation des toitures</p>
26c77707-3cd6-45fc-9cf1-c6d0d3615b30,cb9c9f23-4447-4400-ab19-f78c882f7b02,award,2025-04-01,1.0,1,SCRASA SA,,45000000,Travaux de construction,<p>Démolition de paroi métallique et construction de murs en maçonnerie.</p>
26c77707-3cd6-45fc-9cf1-c6d0d3615b30,72620ef8-7900-4446-be07-b34d0a36971f,award,2025-04-01,5.0,1,SCRASA SA,,45000000,Travaux de construction,<p>Fourniture et mise en place d'installations photovoltaïque</p>
d2f3600c-94db-442c-b3cc-e1fb49ddd3d8,2d93dd52-d30a-4f8b-b89a-4022a5527a85,award,2025-03-13,8.0,1,Groupe Egli AG,291665.0,45000000,Travaux de construction,<p>Travaux de plafonds suspendus en panneaux de plâtre</p>
0010999b-68f6-4bb0-89ec-a5fa082a7b37,89e0d35e-bd82-4392-a4e8-da0818c6a481,award,2025-03-05,2.0,1,Groupe E Connect SA,285193.0,45000000,Travaux de construction,"<p>Travaux d'installations électriques, plus précisément ensemble d'appareillages</p>"
0b47b4e8-f022-4e85-b14e-acb8e3246b64,91cd6f2c-931b-4ce8-b1f0-c4a7689aa0b1,award,2025-04-09,3.0,1,Béati Frères SA,599217.9,45000000,Travaux de construction,"<p>Travaux de l'entreprise de maçonnerie, comprenant:</p><p>-	CFC 112: Démolition, démontages</p><p>-	CFC 211: Installation de chantier, canalisations, béton armé</p>"
7d54f433-cf2e-4392-8b88-c7ae0ccea299,6385faaf-3aca-4352-9e26-0c3bbdca521b,award,2025-04-09,5.0,1,Maurice Beaud Fils Constructions S.A.,785633.6,45000000,Travaux de construction,<p>CFC 214: Construction en bois</p><p><br></p>
5ea959dd-b980-4935-8d8b-65ebf8ffba33,108b8fc9-a649-4f2d-b8d4-9636b58380ce,award,2025-04-09,5.0,1,Dumas Construction SA,,45222000,"Travaux de construction d'ouvrages de génie civil, excepté ponts, tunnels, puits et passages souterrains","<p>Réfection de la route de l'Antenne à Haute-Nendaz avec remplacement de l'éclairage public, des canalisations d'eau claire et d'eaux usées</p>"
10e69fe2-5869-4d2f-aaaa-314fc804fe93,60505c55-34ba-4866-9ad7-6276ccada3b2,award,2025-03-25,4.0,1,Echenard SA,662653.4,45200000,Travaux de construction complète ou partielle et travaux de génie civil,"<p>Cet appel d’offre concerne la construction de la station de traitement et de pompage de Sodoleuvre soit le terrassement, la construction de la structure en béton, les travaux de drainage et d’étanchéité, le remblai et la remise en état de l’alpage.</p>"
169bfedd-bb53-49d1-a82e-b76de9ad0e58,ce536ef7-6608-4c6e-b881-94c1a2aea80a,award,2025-04-04,6.0,1,Atelier Volet Charpentier/Bâtisseur SA,857471.15,45422100,Ouvrages en bois,<p>Fourniture et pose de charpente bois </p><p>1’880m2 de charpente bois comprenant les éléments ci-dessous : </p><p>-&nbsp;&nbsp;&nbsp;Contrelattes 60x100 mm</p><p>-&nbsp;&nbsp;&nbsp;Isolation thermique fibre de bois 40mm</p><p>-&nbsp;&nbsp;&nbsp;Panneau 3-plis sapin collé-vissé au chevron 27mm</p>
eeb7b264-c284-4551-ad15-cccc03edb632,2b5d2d60-541c-44ab-a975-15b9fcb08188,award,2025-04-04,6.0,1,BATIMETAL SA,251408.95,45421100,Pose de portes et de fenêtres et d'éléments accessoires,<p>Fourniture et pose de deux pans de façade vitrée en poteaux-traverses aluminium soit : </p><p>-&nbsp;&nbsp;&nbsp;Façade d’entrée de l’école au rez-de-chaussée supérieur (NORD)</p><p>-&nbsp;&nbsp;&nbsp;Façade d’entrée de la salle de gymnastique et de l’UAPE au rez-de-chaussée inférieur (SUD)</p>
5edddd7f-4d8c-4dbd-bed4-5ebcbc2b2db3,c6e7cfd7-c166-49a2-b0ef-226601c824d6,award,2025-04-04,6.0,1,Atelier Volet Charpentier/Bâtisseur SA,400202.15,45421100,Pose de portes et de fenêtres et d'éléments accessoires,<p>Fourniture et pose de fenêtre et porte-fenêtre en bois-métal. </p>
b4be7778-bd2f-4a97-ae34-c4156d82f730,15a1222e-49db-4db3-8297-df55103ea900,award,2025-04-04,2.0,1,PHIDA Étanchéité (VD) SA,405647.75,45000000,Travaux de construction,"<p>Fourniture et mise en œuvre d’étanchéité sur le préau Nord de l’école, sur la dalle d’entrée de la salle de gymnastique et de l‘UAPE. Étanchement de l’ensemble des pieds de façade ainsi que les raccords aux portes-fenêtres, façades vitrées en poteaux traverses et raccord « cuve-jaune / pieds de f"
89ab8c82-d237-4ad9-8035-f957b2926403,7073f8d7-c1d6-4d3d-8d88-1218ba0b08cf,award,2025-04-07,1.0,1,Facetec SA,162995.75,45000000,Travaux de construction,<p>Agrandissement des locaux sous la zone VIP / patinoire intérieure des Vernets.</p><p>Travaux de revêtements extérieurs.</p><p>Estimation : CHF 180'000.-</p>
408ecc99-de76-4fc4-92d1-94a3b3d7ad1a,3b168fc4-9f48-4a93-943b-f67cb1eaeef1,award,2025-04-04,4.0,1,Christian Jean,429956.95,45000000,Travaux de construction,<p>Démolition d’enrobé bitumineux : 100 m3</p><p>Enrochement : 450 to</p><p>Béton bitumineux : 500 to</p><p>Remblais : 800 m3</p>
bdcace15-ae8f-48ed-abdd-5e9925c77b16,12516a81-dc86-46cc-83ed-1a1b3b3166a1,award,2025-04-07,3.0,1,PHIDA Étanchéité (GE) SA,807641.33,45000000,Travaux de construction,<p>Travaux de ferblanterie et étanchéité bitumineuse.</p><p>Estimation : CHF 827'400.-</p>
62ed039e-3c74-4693-b871-7ec3d77a9d05,f8bd6af5-bd99-4a46-8980-7add7e37f638,award,2025-04-07,3.0,1,"Truchet, Jardinier SA",154309.1,45342000,Pose de clôtures,<p>Clôtures : Estimation CHF 272'050.90</p>
7fedf006-773f-49b3-83df-08751bd1e299,a863b1d8-bd54-4a5d-85f6-a03175c1d0d8,award,2025-02-12,5.0,1,MAGNIN paroisse SA,449507.85,45341000,Pose de garde-corps,<p>Serrurerie Lot 1 -Garde-Corps</p>
d85765b3-59a0-4206-9af0-70130f508c77,e558b1b0-edad-4ba3-97be-3194067f4bfd,tender,,,0,,,45000000,Travaux de construction,<p>Cet appel d’offres en procédure ouverte non soumis aux traités internationaux porte sur deux lots distincts pour des travaux de rénovation du bâtiment de l'Hospice Général sis rue des Glacis-de-Rives 5 à Genève.</p><p>-&nbsp;&nbsp;&nbsp;&nbsp;&nbsp;&nbsp;&nbsp;&nbsp;&nbsp;Lot 1&nbsp;: Remplacemen
d85765b3-59a0-4206-9af0-70130f508c77,58972333-cfb7-469a-b524-a291b647b2ff,award,2025-02-24,2.0,1,BORGA TOITURES SA,429539.0,45000000,Travaux de construction,"<p>Le présent lot mis en soumission porte sur la rénovation complète des toitures et des terrasses du bâtiment situé rue des Glacis de Rives 5 à Genève&nbsp;:</p><p>-&nbsp;&nbsp;&nbsp;&nbsp;&nbsp;&nbsp;Dépose et évacuation de l’ensemble du complexe de toiture et des terrasses existantes, dont la fer"
61b054a4-ade5-4d9d-9de2-b3039fc982ee,21bedf40-f5fd-4fb3-bc74-631de1f76183,award,2025-04-01,5.0,1,G. Sciboz SA,,44220000,Menuiserie pour la construction,<p>La salle polyvalente de Chalais fait l’objet d’une rénovation quasi-totale ainsi qu’un</p><p>agrandissement sur le côté sud-ouest du bâtiment</p><p>Le projet prévoit la pose de plusieurs éléments de menuiserie. De nouvelles portes intérieures</p><p>à peindre ou doublées de bois. Pour améliorer l'
50bd245e-210c-4dbc-8dba-ce277422e4d9,1b17eb90-5d7e-4c71-ac13-658ec763dde3,award,2025-03-12,11.0,1,Dumas Construction SA,455703.65,45000000,Travaux de construction,"<p>Terrassement, béton armé, canalisations</p>"
50bd245e-210c-4dbc-8dba-ce277422e4d9,d20a6022-7d0a-4cdf-8b77-6faf77c5ea41,award,2025-03-12,3.0,1,Dénériaz Construction Bois SA,590037.5,45000000,Travaux de construction,"<p>Charpente, ossature, revêtements extérieurs</p>"
7066168f-16fd-47f2-aac7-dfbada676abd,19cd5854-6005-4178-84f5-f7ee2af5fd67,award,2024-10-23,3.0,1,ADV Constructions S.A.,3040281.0,45262300,Travaux de bétonnage,"<p>Le marché consiste à réaliser des travaux de : </p><p>/ Terrassements pour environ 3'300m3</p><p>/ Enceinte de fouille, soit 360m de clous et 110m3 de béton.</p><p>/ Canalisations et drains pour environ 520m</p><p>/ Béton structurel pour environ 1'050m3</p><p>/ Béton extérieurs (dallages) pour en"
09d08712-b605-4383-944f-054c5cff3671,3a76e0b2-cc51-4966-a7b0-2938ea1207fb,award,2024-11-26,6.0,1,ALVAZZI GROUPE SA,685404.6,45331000,"Travaux d'installation de matériel de chauffage, de ventilation et de climatisation",<p>Le marché consiste à réaliser des travaux de :</p><p>/ Installation de production et de distribution de chaleur pour une crèche et un foyer d'accueil.</p><p>/ Exécution d'un champ de sondes géothermiques. </p>
402ed05c-6cde-440e-b53e-26331f286e41,62bca43d-1f9a-42df-a132-8b4cc04a011f,award,2024-11-26,4.0,1,Elinsa Sàrl,603181.6,45330000,Travaux de plomberie,<p>Le marché consiste à réaliser des travaux de :</p><p>/ Installation sanitaire complète d'une crèche et d'un foyer d'accueil.</p>
0ed5f217-a9ac-47a0-adff-57a473604425,564021e8-a7ac-4a85-a098-8ca74f99def0,award,2024-11-26,3.0,1,Service Equipement Wescher SA,216094.2,45421151,Installation de cuisines équipées,<p>Le marché consiste à réaliser une cuisine de production pour une garderie et un foyer d'accueil.</p>
51cd5bc7-a600-4ad0-9196-11963db528a1,901dbd81-0218-4b3f-a53e-cac51f64d0e1,award,2024-11-26,5.0,1,Eiffage Energie Systèmes SR Génie Climatique SA,482293.4,45331210,Travaux d'installation de ventilation,<p>Installations de ventilation type double flux avec récupération de chaleurs pour deux bâtiments : une garderie et un foyer. Le projet comprend 5 zones de ventilation différentes :</p><p>1x zone avec monobloc double flux pour le foyer</p><p>1x zone avec monobloc double flux pour la cuisine</p><p>1
b6410432-fbd9-4c98-8bfa-14b498661b0e,53f2b548-065f-4c17-9d5c-cfd259dc3aaa,award,2025-03-12,5.0,1,"Peter Imhof AG, Metallbau, Installationen",486310.55,45000000,Travaux de construction,<p>BKP 272.3: Innenverglasungen</p>
8160e731-44a6-482d-9ed7-ca775ca61b64,1ce792b5-da0f-4a1a-b3a5-e941c39b601e,award,2025-02-26,4.0,1,"Grisoni-Zaugg S.A., succursale Saint-Légier-La Chiésaz",12945018.7,45200000,Travaux de construction complète ou partielle et travaux de génie civil,"<p>Le réaménagement de la gare MVR de Vevey s’inscrit dans le cadre de la mise à niveau des installations par suite de l’instauration d’une fréquence au ¼ d’heure, de la mise en service de nouvelles automotrices, et afin de respecter l’obligation d’assainir les quais (mise en conformité LHand).</p><"
174d7b6f-8b94-4c65-951a-fcac6880f64c,f5b04378-30c1-4ee8-a331-e2448f60e1d9,award,2025-01-30,3.0,1,Martin & Co SA,1954877.15,45453100,Travaux de remise en état,"<p>Réfection des revêtements intérieurs de la cuve N° 2 - Travaux de l'entreprise N° 2</p><p>Ces travaux incluent, notamment, la création de l’accès provisoire dans le mur de la cuve N° 2 selon le plan d’installations de chantier, la démolition de parties d’ouvrage en béton dans la cuve, la réalisat"
29ce74ab-6210-40b8-ac6b-59b467cfbdc0,66b3fd45-ec86-4f79-a88c-346989db2a0b,award,2025-03-26,3.0,1,gex sa ventilation - climatisation,863017.54,45214210,Travaux de construction d'écoles primaires,<p>244 Installations de ventilation</p>
a07bfb9a-6210-49a8-8e28-49dffafd1b95,3c298a34-909d-4587-a638-c0603453a85d,award,2025-03-10,2.0,1,Gombau AG,1319749.05,45000000,Travaux de construction,<p>Baumeisterarbeiten</p>
a56fbf21-701b-4a60-8f54-7deea506bc2a,beeda670-cc34-4f2b-af00-304c3053c902,award,2025-03-31,3.0,1,SCRASA SA,810025.0,45222000,"Travaux de construction d'ouvrages de génie civil, excepté ponts, tunnels, puits et passages souterrains",<p>Le marché faisant l’objet de l’appel d’offres concerne des travaux de génie civil du projet Aile Est balisage position avion.</p><p><br></p><p>Genève Aéroport souhaite équiper les positions avions au front de l’aile EST avec un balisage axial au sol de type CEDD®.</p><p>CEDD est une technologie d
424032c1-1752-4b4d-bd0d-677ae8c3145c,1ae12825-e55a-468e-945e-b6fd5875fe91,award,2025-03-26,3.0,1,SPIE MTS SA,2135077.73,45214210,Travaux de construction d'écoles primaires,<p>23 Installations électriques</p>
7690f3e1-d918-4a2a-be43-f3d65b3cd303,2cf37fee-bcb2-4138-a14a-56e2eaa183c1,award,2025-03-31,1.0,1,"Ascenseurs Schindler SA, succursale de Plan-les-Ouates",1024247.5,45313100,Travaux d'installation d'ascenseurs,<p>Ascenseur et monte charge - CFC 261</p><p>Estimation : CHF 1'090'000.-</p>
f5e47521-7df5-48bd-9251-8af46ad2aaff,e353d303-407a-414b-a3fc-62c1dacb7100,award,2025-04-29,3.0,1,Bauunternehmung Andereggen AG,1985039.55,45000000,Travaux de construction,"<p>Das Projekt «Langsamverkehrsbrücke Geschina» beinhaltet für die Baumeistersubmission die folgenden Arbeiten:</p><p><br></p><p>- Baustelleninstallation</p><p>-&nbsp;&nbsp;Bohrpfahlarbeiten</p><p>-&nbsp;&nbsp;Aushub- und Hinterfüllarbeiten, inkl. Steinrollierungen</p><p>-&nbsp;&nbsp;Betontrennarbei"
ba5c9a3b-76c4-4d2f-9e00-335b0118a455,4e2cc25b-e4f6-447d-a86b-4ec8678be819,award,2025-05-02,6.0,1,OSI Plâtrerie Peinture Sàrl,269993.53,45410000,Travaux de plâtrerie,"<p>Pose de séparations et doublages intérieurs en plâtre, y compris isolation et pare-vapeur</p>"
e2d9729c-9bb2-4083-9f26-a877e801d928,160b3df5-8b4c-44cb-8a6f-19428a9d2420,award,2025-05-28,3.0,1,Tapernoux SA,660377.0,45000000,Travaux de construction,"<p>Beau Séjour 26 – Verticalités sanitaires pour les HUG.</p><p>Le bâtiment Beau Séjour (0A) construit dans les années 60, bénéficiera de moyens de rénovation de la façade dans le cadre du projet « embrasures » ainsi que de moyens de création des nouvelles salles de bains dans les chambres actuellem"
51af85ba-bf47-4a4d-a61d-06c22db0d70e,2d2924b7-8ade-42a8-ab87-0cd4b2759137,award,2025-04-01,4.0,1,Jegen AG,,45000000,Travaux de construction,<p>Innentüren aus Holz und allgemeine Schreinerarbeiten.</p>
cd986483-0f22-417b-a774-d3a0a6f5ac2c,3af8e11f-ea46-4a21-9d41-ca3bb787a07d,award,2025-05-23,5.0,1,TZ Stromag,,45000000,Travaux de construction,<p>Elektroinstallationen</p>
8e59a396-a733-4902-90e3-43c0bd80ce3d,fcb23854-1b31-47fe-b2f8-c6078f052bbb,award,2025-05-23,5.0,1,Joseph-Louis Barras & Fils SA,351246.65,45000000,Travaux de construction,<p>Démolition d'enrobé bitumineux (fraisât) : 620 m3</p><p>Terrassements : 120 m3</p><p>Grave non-traitée : 170 m3</p><p>Béton bitumineux : 975 to</p>
09b5043b-73cc-44cc-ab98-b51dff6ac496,7c2f51be-6768-4e22-975b-47ae6e624c49,award,2025-05-26,5.0,1,KuKuk Schweiz GmbH,404899.36,45212100,Construction d'équipements pour les loisirs,<p>Equipement de places de jeux - Estimation CHF 375'000.-</p>
5daa9492-0d8f-4199-8530-3f3f325a78d4,d5de422a-5324-4a44-b7c3-bdd2c142e833,award,2025-05-06,10.0,1,Star City S.A.,1334586.82,45421131,Pose de portes,<p>Bâtiment de Logements pour Etudiants</p><p>Lot 19 - Portes intérieures en bois</p>
46166011-e8cd-432f-a434-ddfe603c3157,058d9e31-aeac-4549-b838-861d1dff9eea,award,2025-05-06,7.0,1,Les menuisiers romands Sàrl,546534.5,45421150,Travaux d'installation de menuiseries non métalliques,<p>Bâtiment de Logements Etudiants</p><p>Lot 20 Armoires murales et rayonnages</p>
31815b3d-38a3-4378-a1d9-482198461b64,4fde672f-5c24-4e3a-8afa-f2fcdf2ce28f,award,2025-05-19,3.0,1,Infra Tunnel SA,1080878.3,45243110,Travaux de stabilisation des falaises,"<p>Il s'agit de travaux de protection contre les chutes de pierres et de blocs sous la forme de filets pare-pierres et de clouage ponctuel en falaise. La longueur totale des filets pare-pierres est de 430 m (+ 85 m) et leur capacité entre 100, 250, 500 et 3'000 kJ.</p>"
90fca55f-981f-4820-b7bc-8241a43998f0,d1a01e38-c420-4127-a04b-f667bd0574ee,award,2025-04-25,15.0,1,GTS SA,,09331200,Modules solaires photovoltaïques,<p>Fourniture et Mise en œuvre d'une installation photovoltaïque sur la toiture des Décanteurs secondaires de la STEP d'Yverdon-les-Bains.</p><p><strong>L’exécution du marché reste sous réserve de&nbsp;l’obtention du crédit d’investissement et du permis de construire.</strong></p>
b37dc6e4-b950-4df5-b69b-8b2be5d9f2b5,1852862d-a6a8-4a04-b0a8-25fa3ce0919e,award,2025-05-19,3.0,1,MELLY CONSTRUCTIONS SA,5543435.95,45000000,Travaux de construction,<p>Exécution de travaux de construction (transformation)</p>
a9939a43-5587-41fd-87c2-6892659ac65b,3bf89f2d-153a-468f-8270-7faf84eeccd6,award,2025-05-19,2.0,1,Marcel Bonvin et Fils SA,650732.65,45000000,Travaux de construction,<p>Exécution des installations de chauffage (transformation)</p>
c42fb23b-bcba-49b0-b63b-967f84c404ad,7c717da8-da39-4c1a-adf1-62048ab6e527,award,2025-05-19,5.0,1,Imwinkelried Lüftung und Klima AG,369969.1,45000000,Travaux de construction,<p>Réalisation d'installations de ventilation et de climatisation (transformation)</p>
5c702d68-00f2-4aec-aab2-85a8df802b98,23a6f4a9-459f-45e8-8d7d-70caea40a484,award,2025-05-19,2.0,1,Marcel Bonvin et Fils SA,2291301.95,45000000,Travaux de construction,<p>Réalisation d'installations de ventilation et de climatisation (transformation)</p>
4f0f068b-6c3c-4b29-8339-0953af99c933,4e346c77-4d67-4ca8-9da2-9ddf1124b5f3,award,2025-05-19,3.0,1,Burn & Künzi Gerüstbau AG,168070.4,45000000,Travaux de construction,"<p>Montage, maintien et démontage d'échafaudages de travail</p>"
f33184f8-7feb-4fb8-820c-27589ab6dd77,27d83297-78ad-48d2-a124-e4762e82f20c,award,2025-05-22,1.0,1,Berndorf Bäderbau Schweiz AG,4481517.05,45212212,Travaux de construction de piscines,<p>Construction d'un bâtiment détente</p>
400e9d79-6588-4543-b873-bb12aa1b364f,ae66ce29-0f64-43c6-b4c4-596411aa1a42,award,2025-05-22,6.0,1,"Groupe TVA, Holdigaz SA",1686952.05,45232141,Installations de chauffage,<p>Construction d'un bâtiment détente</p>
2b146d71-cdac-471b-bf5b-c90f12c4bbb7,243f3937-4a25-4001-8d1c-efc89d417ed6,award,2025-05-22,2.0,1,Coutaz SA,4021321.0,45332400,Travaux d'installation d'appareils sanitaires,<p>Construction d'un bâtiment détente</p>
fd8e8c2c-009a-4b53-8da7-75fc08337463,6f65105a-3e89-40b9-a7d0-571c97d198fa,award,2025-05-22,1.0,1,Variopool B.V.,653637.45,44115800,Aménagements intérieurs de bâtiment,<p>Construction d'un bâtiment détente</p>
bd2be0f4-2361-45d1-ad59-dded773f2bf6,7034ecb3-17a8-4e56-b2b4-89075bc86b80,award,2025-05-22,2.0,1,Ginox SA,1082689.55,39141400,Cuisines équipées,<p>Construction d'un bâtiment détente</p>
4427e585-1a75-4d1b-9eb7-0fb72e4fb8e3,1f0a32f6-30d4-4ce4-b5ed-a217233f521b,award,2025-05-22,1.0,1,Klarer Freizeitanlagen AG,1304862.5,37535240,Toboggans pour terrain de jeux,<p>Construction d'un bâtiment détente</p>
ee8ef762-3f82-443e-8921-67f137396fac,6c316df2-ec6a-4678-a77c-e85b96929621,award,2025-05-19,7.0,1,Entreprise Belloni SA,1828017.6,45000000,Travaux de construction,"<p>Exécution de travaux de construction à sec et de crépissage, murs et plafonds</p>"
4a88d635-886a-474c-8d36-fdfeb717e8a0,667de5c7-fef6-4ad7-abb0-0758fce26477,award,2025-04-14,2.0,1,Walpen AG Hoch- und Tiefbau,1748163.1,45214210,Travaux de construction d'écoles primaires,<p>Der Auftrag umfasst alle Baumeisterarbeiten rund um das Projekt Schulhaus Bitsch.</p>
15e2ce21-f768-4fde-81fa-fe2029492560,e95326c3-a399-4869-ad41-7f126340b85c,award,2025-04-14,1.0,1,Amacker Holzbau AG,780249.75,45214210,Travaux de construction d'écoles primaires,<p>Der Auftrag umfasst alle Holzbauarbeiten rund um das Projekt Schulhaus Bitsch.</p>
3e3a05f3-4ed9-4a2c-b6f6-281c0c0f632e,fc7d3d25-a57e-474f-a77a-b165f2df17f6,award,2025-04-14,7.0,1,Aletsch Elektro AG,596263.1,45311000,Travaux de câblage et d'installations électriques,<p>Der Auftrag umfasst alle Installationsarbeiten für Elektroanlagen rund um das Projekt Schulhaus Bitsch.</p>
a8e29b1d-baac-4276-bd85-1a1211d899f1,d11f428f-3508-4fac-aac9-36a62374f6b9,award,2025-04-14,3.0,1,Lauber Iwisa AG,435644.35,45331000,"Travaux d'installation de matériel de chauffage, de ventilation et de climatisation",<p>Der Auftrag umfasst alle Installationsarbeiten für Heizungsanlagen rund um das Projekt Schulhaus Bitsch.</p>
5a410ec8-3206-43cd-887b-ec0a99566575,55e7bf31-8a87-41b9-8aa6-59093d4a935f,award,2025-05-14,9.0,1,Dumas Construction SA,918828.45,45000000,Travaux de construction,<p>- Démolition de revêtement : 790 m2</p><p>- Démolition d’ouvrages en béton : 45 m3</p><p>- Béton hydraulique : 356 m3</p><p>- Armatures : 41’000 kg</p><p>- Coffrages : 1’200 m2</p><p>- Béton bitumineux : 228 to</p><p>- Mortier de reprofilage (R4) : 10 m3 (280 m2)</p><p>- Terrassement : 1’500 m3</
e1bb4baf-74ce-4ece-b927-e297e79657f1,75a67942-3d13-47c6-8274-8095da1f9a7a,award,2025-05-14,3.0,1,André Sierro SA,613459.9,45000000,Travaux de construction,"<p>Démolition de béton bitumineux : 275 m3</p><p>Terrassements : 1’215 m3</p><p>Grave : 1’155 m3</p><p>Bordures : 860 m1</p><p>Béton bitumineux : 519 to</p><p>Fouille en tranchée : 950 m3</p><p>Canalisations, tuyau PP : 230 m1</p><p>Canalisations, tuyau fonte K9 Géopur : 110 m1</p>"
6b5887ff-8741-4a7e-932f-0be3717e337f,f3c08261-9a3f-41c0-8680-30891ee8e0cb,award,2025-05-23,2.0,1,O. Aeschlimann AG,1183929.75,45223310,Travaux de construction de parkings souterrains,<p>Etanchéité des surfaces carrossables</p>
7e6080ad-6060-4d46-bfe1-acfac292b733,84e1e098-91f6-4157-b577-6a8322e2104d,award,2025-02-20,5.0,1,CMNP Sàrl,1835243.8,45340000,"Travaux d'installation de clôtures, de garde-corps et de dispositifs de sécurité","<p>Ce marché concerne la planification, la fabrication et le montage d'élément de serrurie métallique pour divers ouvrages d'une station d'épuration (garde-corps, escaliers, échelles, caillebotis, trappes, etc.)</p>"
37456eef-368d-4e89-88e2-33a3e77d0465,9fef71f0-eb1e-4b6a-b8b2-e58ff2540095,award,2025-01-17,3.0,1,gex sa ventilation - climatisation,151369.95,45331000,"Travaux d'installation de matériel de chauffage, de ventilation et de climatisation","<p>Livraison, montage, mise en service et documentation d'équipement et de canaux de ventilation ainsi que de système de climatisation pour un bâtiment de traitement des eaux usées.</p>"
5af5386d-0581-40fd-be0a-87655ec91cd4,3d0bb8bc-5222-4fce-a521-5d53a64a8937,award,2025-04-29,3.0,1,LAIK SA,423348.0,45262321,Travaux de chape,"<p>Chape flottante pour la construction de 22 logements, 5 petits commerces et d'un centre culturel avec une salle de spectacle.</p>"
bae541ae-4998-454e-ab9f-c59803570eea,af77ab53-795c-412c-b8da-1dc934180fe5,award,2025-01-17,4.0,1,Milliquet SA,295873.1,45332000,Travaux de plomberie et de pose de conduits d'évacuation,"<p>Livraison, montage, mise en service et documentation de tuyauterie et d'équipement sanitaire ainsi que de système de lutte incendie pour un bâtiment de traitement des eaux usées.</p>"
f78da6a2-5573-4c3b-b321-dde013b53a93,b2be8674-7a94-41a6-9925-35bb15a0885e,award,2025-05-22,3.0,1,KONE (Schweiz) AG,214352.0,42416100,Ascenseurs,<p>Construction d'un bâtiment détente</p>
c4a558bc-9570-40c4-89b3-f76fe07d9c40,ef87b30b-cfd8-4ebc-abaa-653e0d87cd16,award,2025-05-22,2.0,1,Ardag Sàrl,381770.0,44212310,Échafaudages,<p>Construction d'un bâtiment détente</p>
c270e9ed-23b5-4074-b361-052c31ee764a,e32daa8b-dadb-41df-a19f-bb6a2e33178d,award,2025-01-23,3.0,1,Boxplay SA,1114965.0,44211100,Bâtiments modulaires préfabriqués,"<p>Achat par le Maître de l’ouvrage de modules préfabriqués pour l’accueil de locaux scolaires.</p><p>Fourniture, livraison, mise en place, entretien, démontage, livraison sur nouveau site et remontage.</p>"
1fd0fed7-2fee-46db-8c87-0c4cc9f9e8d2,78d2b721-b344-4ee2-9906-13afb7bcc740,award,2025-04-28,3.0,1,J.F. Charmoy SA,491533.6,45112700,Travaux d'aménagement paysager,"<p>La Ville de Vevey souhaite réaménager l’Avenue des Crosets, créer une zone 30 km/h en réduisant la largeur de la route actuelle, en intégrant des places de stationnement, une riche arborisation et deux quais de bus.</p><p>&nbsp;</p><p>Les travaux d’aménagement extérieur concernent l’accompagnemen"
5a2fd718-a56f-42a5-8450-2f29cbc0ada5,a0d7ff50-f052-4f62-acf4-5f797b8b2736,award,2025-04-09,5.0,1,Marti Construction SA,226252.7,45262660,Travaux de désamiantage,"<p>Dépollution des zones identifiées du collège contenant des PCB, plomb, et amiante. Les interventions incluent le retrait des matériaux contaminés dans les salles de classe, les sanitaires et les vestiaires. La gestion des travaux prioritaires se fait en phases pour minimiser les risques pour les "
fb2a298a-0e1d-4796-83b6-7b95e069a8e0,af21d0b5-9e6d-4f3d-b876-8b3989d60b96,award,2025-04-09,3.0,1,Vectur S.A.,331691.5,45262100,Travaux d'installation d'échafaudages,"<p>Les travaux d’échafaudage seront organisés en 4 phases distinctes pour assurer une gestion optimale des ressources, avec démontage et remontage des structures. Des ponts de réception seront utilisés pour la logistique des matériaux, ces échafaudage permettront le traitement des bétons en façades."
db18286c-327a-45b7-89df-f07188981302,06036401-43e8-4808-8c8a-64e89a75436c,award,2025-04-09,2.0,1,CIEL Electricité SA,1698290.95,45311000,Travaux de câblage et d'installations électriques,"<p>Rénovation complète des installations à courant fort et faible. Cela comprend le remplacement des câblages, la mise en conformité des tableaux électriques, l’ajout de luminaires LED et l’intégration de solutions modernes telles que la gestion intelligente de l’éclairage et des prises réseau RJ45 "
54f669d9-1d21-4b77-abc1-730be488f82c,60e00635-0e9c-40d3-b77b-b5c56d2309fa,award,2025-04-09,1.0,1,Romande Energie Services SA,893467.1,45331000,"Travaux d'installation de matériel de chauffage, de ventilation et de climatisation","<p>Remplacement des systèmes de chauffage obsolètes par des équipements conformes aux normes actuelles, assurant une meilleure efficacité énergétique.</p><p>Installation ou modernisation des systèmes de ventilation et de conditionnement d’air pour améliorer la qualité de l’air intérieur et la confor"
3cea7224-a439-4a78-ae21-4662f0e4a406,8cee2b07-78c7-4398-9655-fe3f8592c8de,award,2025-04-09,4.0,1,Pasche-Sanitaire S.A.,393254.4,45332400,Travaux d'installation d'appareils sanitaires,"<p>Remplacement et installation de nouveaux équipements sanitaires dans les locaux rénovés, adaptés aux besoins actuels et conformes aux normes.</p>"
5ea1bb63-76c6-4ba9-8df1-0cc5418e17de,e8ca1a4a-9d5a-453f-b445-177a434b090d,award,2025-04-09,3.0,1,PHIDA Étanchéité (VD) SA,1133961.95,45261420,Travaux d'étanchéification,"<p>Démontage et remplacement des étanchéités sur l’ensemble des toitures plates, à l’exception de l’annexe nord. Les travaux incluent l’installation de matériaux Minergie Eco, de pare-vapeur et d’isolation en lambda rouf, ainsi que la pose de substrats végétaux pour une toiture verte et de la ferbla"
fb628dfb-8598-4f52-86ed-536991cfacea,cd6399cc-09c1-4c3a-8e33-4b78c12b4781,award,2025-04-09,2.0,1,Wider SA Montreux,903765.3,45421132,Pose de fenêtres,"<p>Travaux de rénovation des fenêtres existantes avec remplacement par des triples vitrages, intégration de nouveaux joints et ajout de tablettes en bois.</p>"
6c626678-cd7c-4927-92c1-5686cd8dbab8,c033861c-afe5-4371-9cb0-e17d63035d86,award,2025-04-09,5.0,1,Marti Construction SA,2475232.7,45000000,Travaux de construction,"<p>Préparation pour sécuriser et organiser le chantier. Cela inclut les zones de stockage, l’installation de WC temporaires, et la logistique pour maintenir l’accès sécurisé au site.</p><p>Création de voiles en béton, renforcement des structures existantes, et mise à jour des connexions entre les bâ"
aa022c83-6bb1-4480-9a6f-baad1a28f2c3,7241f758-16e1-4a5b-b9a2-f6814fb5c5c7,award,2025-04-24,1.0,1,Schenker Storen AG,329928.5,45421145,Travaux d'installation de volets roulants,"<p>CFC 228.1 : Volets roulants</p><p>Remplacement des volets roulants anciens, coordonné avec le remplacement des fenêtres, pour garantir une intégration efficace.</p><p><br></p><p>CFC 228.3 : Stores en toile</p><p>Installation de stores en toile motorisés dans l’aula, pilotés via un tableau de comm"
1face861-e2c7-44c9-ba3c-52664be05e49,b35a36b6-afac-4206-9df1-8f0433573a87,award,2025-05-16,3.0,1,Rhomberg Sersa Rail AG,1033488.43,45234000,Travaux de construction de voies ferrées et de systèmes de transport par câble,<p>-&nbsp;&nbsp;&nbsp;&nbsp;&nbsp;&nbsp;&nbsp;&nbsp;&nbsp;<strong>Ligne à voie métrique à crémaillère Vernayaz-Salvan VE31.05</strong></p><p>·&nbsp;&nbsp;&nbsp;&nbsp;&nbsp;&nbsp;&nbsp;&nbsp;Installation de chantier</p><p>·&nbsp;&nbsp;&nbsp;&nbsp;&nbsp;&nbsp;&nbsp;&nbsp;Préparatifs</p><p>·&nbsp;&nbsp
6871d4be-d5b3-4e33-96eb-253fbb2bea9d,a47df9b0-04f7-4dd9-b907-f0436272c7e2,award,2025-05-08,10.0,1,PHIDA Résine SA,1455058.95,45200000,Travaux de construction complète ou partielle et travaux de génie civil,<p>Selon dossier d'appel d'offres</p>
fcf0cf8b-12f8-4244-a6e7-666a03f3cd95,4908a10e-e3e2-424e-9c7e-b37a846275cc,award,2025-03-10,3.0,1,"swisspro SR SA, succursale de Vernier (canton de Genève)",1822693.0,45311200,Travaux d'installations électriques,"<p>Installations électriques, contrat d'entretien, maintenance, contrôle et surveillance</p>"
b3b75427-bdcd-4f3c-94e4-d24aa097ee3a,ccbf179c-aaaf-4701-b05e-c45227aea198,award,2025-05-06,3.0,1,CGC Energie SA,427834.94,45331100,Travaux d'installation de chauffage central,"<p>Le projet porte sur l'assainissement, la mise en conformité et la rénovation complète de la sous-station principale de distribution de chauffage et de production d'eau chaude sanitaire du site de l'HEPIA rue de la prairie à Genève. Le site est constitué de plusieurs bâtiments, A, B, C, D. La sous"
61aa8ae0-a4a3-40db-8178-1c3b4fccdba6,e1ea81e7-8639-471d-b3d7-82c5a5fdd227,award,2025-05-19,3.0,1,Orllati (VD) SA,6518962.23,45110000,Travaux de démolition de bâtiments et travaux de terrassement,"<p>Pour répondre à la forte croissance du nombre d’étudiant(e)s tout en préservant son excellence pédagogique, l’EPFL lance le Double Deck, un projet ambitieux pour adapter et étendre ses infrastructures, il s’agit de la création d’un nouveau pôle de formation au cœur du campus. </p><p>Le projet a d"
e851e96b-8553-4cda-ba03-7efbffc7da47,19f4438b-5d8c-4e40-867f-ad0e6dcc9937,award,2025-04-08,7.0,1,Cuénod Constructions SA,733071.9,45200000,Travaux de construction complète ou partielle et travaux de génie civil,"<p>Voir les documents de l'appel d'offre, notamment le chapitre 1.3 du K2</p>"
27fdfd5d-ae6b-4c92-9a4f-562d64598f5d,48a15fcc-630f-4eb7-82d8-4feeed06234c,award,2025-04-02,3.0,1,Joux S.A.,375712.75,45421100,Pose de portes et de fenêtres et d'éléments accessoires,<p>Le marché comprend la fourniture et la pose des portes et fenêtres en métal de la station d'épuration d'Orbe.</p>
9b7463b9-3693-4fb8-a8fc-b2187f246a2f,0dd0b41c-3157-4a00-875c-808c7030d87e,award,2025-05-06,3.0,1,Thermo SA,,45000000,Travaux de construction,"<p>CFC 242, 243, 247 - Installations chauffage</p>"
2f43789e-42da-4608-9eb1-73de954762e2,6322730d-5b52-42e0-9bb0-4667ae994063,award,2025-05-06,3.0,1,"Riedo clima SA Guin, succursale du Mont-sur-Lausanne",,45000000,Travaux de construction,<p>CFC 244 - Installations de ventilation</p>
5398311b-83bd-4fb5-b09e-f3e04bc1eb81,00c6efcf-2aea-4548-bf4e-c0c9d5da481f,award,2025-05-06,4.0,1,Joseph Menétrey S.A.,,45000000,Travaux de construction,<p>CFC 25 - Installations sanitaires</p>
dba71178-ccb0-4f84-a64f-fcdfb0abf082,e6de253f-6559-44f6-aa0d-6be67538db8a,award,2025-05-16,3.0,1,Menuiserie Mayland Sàrl,,45000000,Travaux de construction,<p>Remplacement d'une partie des anciennes fenêtres</p>
175680f3-b375-40d2-86d8-943ec522e518,98231448-165c-4f05-adb1-7fccad3bf0b7,award,2025-04-14,3.0,1,Orllati (VD) SA,770278.0,45000000,Travaux de construction,"<p>Démolition de partie de bâtiment, terrassement et sécurisation de falaise.</p>"
8ef16b7f-37b7-4a86-ad3a-6e56e19bea8b,6572bba3-87fb-478c-b82e-a4f2c959e96c,award,2025-04-15,1.0,1,Dénériaz S.A.,,45000000,Travaux de construction,<p>Travaux de maçonnerie + isolation périphérique</p>
228d7dc5-99a4-428e-a89c-59afe557c24b,915c2567-e87f-4855-ad33-1667e153ef1d,award,2025-04-15,3.0,1,ES Echafaudages Services SA,,45000000,Travaux de construction,<p>Echafaudages</p>
822503f6-2b14-4a56-88be-5bd4b6f6b0b3,b8aea832-5b37-43bd-b6c5-d86ca00ddc50,award,2025-04-15,4.0,1,Lachat et fils SA,,45000000,Travaux de construction,<p>Ravalement des façades en pierre naturelle</p>
aa5e0b4d-81b3-417d-aea7-85b5ea2c3a4a,e5aa42e1-194c-448f-a289-c5b4dd9fc2b9,award,2025-04-16,2.0,1,Menuiserie Mayland Sàrl,,45000000,Travaux de construction,<p>Remplacement des fenêtres existante par des fenêtres Bois-Metal</p>
5655c0ae-dc88-463d-93c4-dae427ba7650,14de2d81-7af5-49bf-8dbf-00525683dfb9,award,2025-04-17,3.0,1,Atelier Volet Charpentier/Bâtisseur SA,,45000000,Travaux de construction,<p>Réfection de la toiture + pose de tuiles solaires et panneaux solaires</p>
326e7f1e-42ee-40ec-babb-2ea1ab97858d,c8741c52-4dc1-459d-9f48-77369f20edda,award,2025-04-29,5.0,1,"Société de Travaux Publics, Joseph Carron SA",1234108.0,45000000,Travaux de construction,"<p>Travaux de génie civil pour la pose des réseaux d’eaux usées, d’eaux claires, d’eau potable, d’électricité, d’éclairage et de chauffage à distance.</p><p><br></p><p>-&nbsp;&nbsp;&nbsp;&nbsp;&nbsp;&nbsp;Démolition d’enrobés&nbsp;&nbsp;&nbsp;&nbsp;&nbsp;&nbsp;&nbsp;&nbsp;&nbsp;&nbsp;&nbsp;&nbsp;&nb"
6402c6c6-3388-4cf6-91ef-df2075479229,39ce616d-1c3f-4f25-96d5-a3395337a2cc,award,2025-05-01,2.0,1,Picatech Huber AG,,42996900,Équipement de traitement des boues,"<p>Fourniture, montage et mise en service des équipements électromécaniques pour l'épaississement des boues avant digestion et la déshydratation des boues après digestion, y compris les préparateurs de polymères respectifs.</p>"
65b859be-7574-431b-bbf4-982d4bd50b77,7a9aef52-2d6f-4bc9-b71e-75e2349064f3,award,2025-05-01,6.0,1,GIRARDI SA,,45232420,Travaux de construction de stations d'épuration des eaux usées,"<p>Travaux de terrassements, travaux spéciaux, canalisations, déviation de réseaux existants, remblais et enrobés de la STEP de l’APEC. </p><p>Aménagements routiers provisoires du chemin des Poteaux</p>"
17ff47d1-eb3b-4746-b7e4-b1661d92f28a,2f1bc806-ea15-413b-972f-dad963f7d238,award,2025-03-24,3.0,1,Kummler + Matter AG,1507027.2,45234000,Travaux de construction de voies ferrées et de systèmes de transport par câble,<p>Prestations d'ingienierie et construction des installations de la ligne de contact de la gare Le Lieu.</p>
c724059e-b4fd-4c3a-91a0-01046f7c6cef,cbb0646a-32f1-4018-a207-e2c4b6576c1c,award,2025-04-29,8.0,1,Entreprise Belloni SA,1480994.6,45200000,Travaux de construction complète ou partielle et travaux de génie civil,<p>Selon dossier d'appel d'offres</p>
1a98ac37-6f81-40fc-8c06-c7f6cbb7e868,67b3e91e-5fde-498a-a978-13c3906152aa,award,2025-04-08,1.0,1,Sedelec SA,370676.0,09310000,Électricité,"<p>Dans le cadre de la mise à niveau du Stade de Genève et en prévision de l'accueil des matches de l'Euro féminin 2025 (WEURO25), la fondation du Stade de Genève, prévoit d'exécuter une série de travaux d'entretien et d'amélioration des installations existantes dans le but d'améliorer les installat"
89ef923c-3689-4346-ac62-9bfb9cdd434a,70e42ca1-b73a-40e7-9c90-dee9bd8b9adf,award,2025-04-14,2.0,1,Grisoni-Zaugg SA,4025016.75,45200000,Travaux de construction complète ou partielle et travaux de génie civil,<p>Le marché mis en concurrence concerne le renouvellement des infrastructures ferroviaires sur un tronçon d’environ 1’220m de voie entre Valeyres-sous-Montagny et Essert-sous-Champvent  communes situées dans le canton de Vaud). L’appel d’offres objet de la présente procédure concerne les travaux de
99d2079d-026b-4a4f-9e4f-ccd2d2527c3e,501414f3-57ff-4e0a-b555-924e892e1f58,award,2025-03-19,2.0,1,Implenia Schweiz AG,13360515.25,45222000,"Travaux de construction d'ouvrages de génie civil, excepté ponts, tunnels, puits et passages souterrains",<p>Selon indications dans B2_Règlement d'appel d'offres</p>
378f4de9-a3b9-45c8-8446-c98265b641e6,52ba00ad-9ec7-4818-95be-14c53a716b80,award,2025-04-08,5.0,1,FFA SA,738035.05,45200000,Travaux de construction complète ou partielle et travaux de génie civil,"<p>Dans le cadre du projet global de remplacement et d’ajout de conduites d’adduction d’eau potable pour la commune de Blonay-St-Légier, cette première étape 2025, démarrera devant le Réservoir du Mont-blanc jusqu’au croisement entre la Route de Châtel-Saint-Denis et le Chemin du Pré-de-la-Chèvre su"
66ce33e9-43bd-42ca-a7a5-eb5744abad09,66551b61-ab9a-4cf6-ac50-25c2fed475f2,award,2025-05-08,8.0,1,PraderLosinger SA,738098.05,45000000,Travaux de construction,<p>Démolition d’enrobé bitumineux : 800 m3</p><p>Excavation : 570 m3</p><p>Grave : 320 m3</p><p>Béton bitumineux : 2130 to</p><p>Bordures : 300 ml</p>
70f83c6f-00d3-4ee6-bf43-a14039cc65df,1be22f7c-2264-4b02-8217-bc5f1dce710f,award,2025-05-12,4.0,1,Metallover SA,9471039.41,45000000,Travaux de construction,<p>Travaux de fenêtre et portes extérieures.</p><p>Estimation :</p><p>Fenêtres : CHF 6'884'273.-</p><p>Portes : CHF 576'494.-</p>
e47f981d-0f0c-4fb5-a4a4-7a74270c05d8,1c9c2e62-86c0-4eb9-9ba7-e5b24020ad47,award,2025-04-28,6.0,1,FFA SA,1010524.13,45112000,Travaux de fouille et de terrassement,<p>Travaux de génie civil pour la réalisation des fouilles et la pose des collecteurs PP et PE pour la mise en séparatif du réseau d’assainissement d’une partie du centre du village de Saint-Cergue. Les tuyaux en polyéthylènes soudés sont fournis directement par un appareilleur avec lequel l’entrepr
436c7ba9-a6db-41ff-a844-0d67b572a868,127ff3c8-6940-47a9-b3cc-8b0dcfe88e1e,award,2025-05-07,1.0,1,SPIE MTS SA,459699.3,45000000,Travaux de construction,"<p>Réalisation des installations électriques pour les aménagements extérieurs du Parc des Franchises, comprenant la fourniture, la pose et les raccordements des coffrets EP/CD, des appareillages divers et des ensembles d’éclairage pour le parc, pour les terrains de beach volley et pour le pump-track"
eb7ab4f7-9275-40fd-9a98-25b8545e56fb,beeb5287-d585-44fe-bef6-53d93c1e8b22,award,2025-05-08,4.0,1,Hans Imwinkelried und Söhne AG,,45000000,Travaux de construction,"<p>Sanitäre Installationen</p><p>Apparate, Bodenentwässerung, Sicherheitstrennstation, Feuerlöscher, Druckluftanlage, Grundleitungen, Verteilleitungen.</p>"
fe6faa46-4773-4ddb-913a-31f93c2f5dbc,44b10f32-8d55-4d75-921c-3c9735c3355d,award,2025-03-13,12.0,1,tritec AG,127811.8,45315100,Installations électrotechniques,<p>Installations solaire photovoltaïque.</p>
71a4fa10-1f89-4669-9156-350225f6a535,763616bc-f213-4605-95c2-e4d9c0c4fe80,award,2025-03-13,7.0,1,City techniques Sàrl,88657.0,45316000,Travaux d'installation de systèmes d'illumination et de signalisation,<p>Lustrerie pour un EMS.</p>
5e1a4325-d5c2-4248-83bd-a40ee159dc57,2a7d3c62-bfb2-440c-a2df-28e2f8f4f7a5,award,2025-02-25,2.0,1,R. Morand et Fils SA,1017292.5,45261000,Travaux de charpente et de couverture et travaux connexes,"<p>Il s’agit de construire des nouvelles marquises, d’une salle d’attente voyageurs et d’habiller les façades du bâtiment BT-IS, ascenseurs et de traiter la peinture du bâtiment voyageurs. </p><p>&nbsp;</p><p>Les éléments prévus au présent marché sont listés ci-après </p><p>&nbsp;</p><p>Construction"
12617719-975b-46b0-99ab-c835eb08152c,d4694e99-a5d9-4e98-ac95-66723cefe034,award,2024-11-22,2.0,1,ERNE AG Holzbau,,45000000,Travaux de construction,<p>Extension d'une école par l'ajout de 9 classes au moyen d'une construction préfabriquée en système modulaire préfabriqué bois-hybride</p>
b4aa7a43-f9b3-45c9-9ccc-613fc440b3d0,782e2287-5337-4a88-95d2-c4187910529e,award,2025-05-05,2.0,1,ALFER CONSTRUCTIONS SA,241862.94,45000000,Travaux de construction,"<p>Agrandissement des locaux sous la zone VIP / patinoire intérieure des Vernets.</p><p>Travaux de fenêtres et portes extérieures, CFC 221.</p><p>Estimation : CHF 300'000.-</p>"
0024a60e-fe1b-4172-a514-cd5af4d88b3c,7b39676c-fe97-4719-91a6-f7cb5e222aff,award,2025-05-01,7.0,1,Bitz travaux publics SA,467712.8,45000000,Travaux de construction,"<p>Exécution des travaux de génie civil pour la réalisation du CAD de Sierre – secteur 2025, sur la route de l’Hôpital.</p><p>La mise en soumission concerne le tronçon se situant entre l’Hôpital et le carrefour à feux (emprise jusqu’au parking communal sur parcelles n°3'183 et 2'897).</p><p>La fouil"
6ce62898-969a-45ea-a22c-c97a48cb3fed,3b69e242-b446-4c5d-aa78-1738bac140b3,award,2025-05-02,2.0,1,Alder + Eisenhut AG,531350.7,45000000,Travaux de construction,<p>Fourniture et pose de l’ensemble de l’équipement sportif dans la salle de gymnastique triple type « VD6 ». </p><p>Cahier des charges comprenant :&nbsp;</p><p>-&nbsp;&nbsp;&nbsp;Engins fixes et mobiles pour la salle de gymnastique</p><p>-&nbsp;&nbsp;&nbsp;2x rideau de séparation</p><p>-&nbsp;&nbsp
e2ac4bff-cc09-479c-9a89-ae1230637429,3609589d-9e66-4cb1-a5f1-3645bb4e6b28,award,2025-03-28,9.0,1,Stephan S.A.,,45223220,Travaux de gros œuvre,<p>Construction d'une charpente métallique sur les bassins du décanteur secondaire de la STEP.</p><p>La charpente sera composée de profilés métalliques et de tôles trapézoïdales qui permettront l'installation de panneaux photovoltaïques.</p>
90c2c047-bb49-430d-bb05-a93721ce0f58,36f87251-757b-4da4-956f-0a330a7186de,award,2025-04-29,2.0,1,Nexans Suisse SA,4900351.0,45000000,Travaux de construction,<p>Selon dossier d'appel d'offres et cahier des charges</p>
1ac231fb-cc86-458c-9cfc-027b89519ef0,2f3e3b75-81e4-4fcd-991b-9926f20a0262,award,2025-04-22,4.0,1,"Theler AG, Bauunternehmung",,45231300,Travaux de construction de conduites d'eau et de canalisations d'eaux usées à grande distance,<p>Beim vorliegenden Projekt Ersatz Trinkwasserleitung Sattle-Bäll handelt es sich um eine Teilerneuerung der Trinkwasserleitung Bruchji West.</p><p>Die Teilerneuerung beinhaltet die Erstellung einer Trinkwasserleitung Guss/PE DN 125 sowie zwei Kabelschutzrohre DN 80. Die neue TW-Leitung wird auf ca
db2cbdd6-ffba-428a-901a-1dc1ab4b58d8,83778041-55bb-4489-8cad-03369d320460,award,2025-02-24,1.0,1,Florey Yves Renotec,193548.75,45000000,Travaux de construction,<p>Faux-plafonds en bac métallique suspendu</p>
db2cbdd6-ffba-428a-901a-1dc1ab4b58d8,2920bc46-d663-4688-986d-4845b1c7eddc,award,2025-02-24,3.0,1,Debons métal Sàrl,56763.3,45000000,Travaux de construction,"<p>Serrurerie divers (grilles pare-pluie, échelles, caillebotis)</p>"
db2cbdd6-ffba-428a-901a-1dc1ab4b58d8,669a7e26-fe48-4b42-8bef-3b6895577df0,award,2025-04-09,5.0,1,Helion Energy AG,553080.45,45000000,Travaux de construction,<p>Fourniture et pose d'installation de panneaux photovoltaïque</p>
db2cbdd6-ffba-428a-901a-1dc1ab4b58d8,2ae0c2dc-acff-40de-a8ac-2e128647da9a,award,2025-03-12,1.0,1,Augsburger Géothermie SA,437716.05,45000000,Travaux de construction,<p>Forages pour pompage de nappe phréatique</p>
db2cbdd6-ffba-428a-901a-1dc1ab4b58d8,09d5ce17-b026-49ce-ad15-65a755cb62ca,award,2025-02-24,4.0,1,Laurent Gaudin Soldeco Sàrl,119406.95,45000000,Travaux de construction,<p>Sol en PVC sur support chape</p>
e4b04025-4213-4580-a963-23cdbc82d925,5237408c-f8f9-4ba4-94ef-0404ea140501,award,2025-03-20,2.0,1,Bächler + Güttinger AG,950581.5,45000000,Travaux de construction,<p>Oberbau</p>
60cf9581-779b-4227-ac94-aaf6746f6a85,5c3c9bc5-c9c2-44bc-864c-a2ce086539f1,award,2025-04-09,6.0,1,Fantoni AG,416687.65,45232141,Installations de chauffage,<p>Anschluss an der Fernwärme von der Bachstrasse / Riedbachstrasse bis zur Technikzentrale im Kollegium. Die Arbeiten beinhalten die Bauinstallationen und die Baumeisterarbeiten exklusive Installation der Fernwärmeleitungen.</p>
ea10c787-2173-4268-be8c-90b66c401e58,2049d35d-8736-40af-80b6-7770a8264c21,award,2025-03-20,2.0,1,"Condecta Romandie, succursale de Condecta AG",731646.1,45214200,Travaux de construction de bâtiments scolaires,"<p>Sur le site de Béthusy, il est prévu de mettre en place un bâtiment pour l’accueil parascolaire de 2 niveaux comportant 6 salles classes/multiusages, 2 petites salles multiusages, 2 bureaux, 1 cuisine de liaison, locaux sanitaires et nettoyage, espaces de dégagement.</p><p><br></p><p>La durée de "
b4428ab3-0a9a-4368-a0d2-c7ffd241014e,0b17d33c-bbee-4851-beb3-b76f9f20b742,award,2025-04-30,3.0,1,PICHLER Projects Schweiz AG,2812073.65,45000000,Travaux de construction,<p>Das Verwaltungsgebäude der MGB in Brig weisst diverse bauphysikalische und statische Mängel auf. </p><p>Aus diesem Grund wird die Fassade komplett bis zum Beton zurückgebaut und mit einer Stahlkonstruktion verstärkt. Das Gebäude wird anschliessend mit einer neuen vorgehängten Glas-/Metallfassade 
db18f4b8-80aa-4dfa-8143-8b313b9304f2,563d8235-cf37-4dc1-948b-b8a55239a5be,award,2025-04-08,8.0,1,LUYET CONSTRUCTIONS METALLIQUES SA,93136.07,45421130,Poses de portes et de fenêtres,<p>Les travaux consistent dans la pose portes et de fenêtres métalliques ainsi que d’éléments de serrurerie courante</p>
44c423ef-a91a-43f3-afe3-bb13c428daa6,07edfc0f-2863-4d65-8d6a-2c750096e806,award,2025-03-17,2.0,1,"Ascenseurs Schindler SA, succursale de Bussigny-près-Lausanne",122153.0,42416100,Ascenseurs,<p>Selon les cahiers des charges administratives et techniques.</p>
24bbb6ac-7247-406b-865d-3dec171dd929,2cd6bf96-2a67-4b4f-b82d-95fa05f0a0b7,award,2025-06-26,7.0,1,Moren Frères SA,315860.65,45000000,Travaux de construction,"<p>Les présents travaux consistent aux travaux du CAD et au réaménagement de la chaussée après les travaux de fouilles. </p><p>L’emprise des travaux est la suivante, du carrefour avec l’avenue de Derborence à la parcelle n°523.</p><p>Les travaux principaux concernent les éléments suivants&nbsp;:</p>"
77c5354c-bf0c-4282-abfa-0df34474a0ac,cbc83d19-6548-485b-aeb7-c5f940e917a8,award,2025-05-28,6.0,1,Zumtobel Lumière SA,99091.0,45450000,Autres travaux de parachèvement de bâtiment,<p>Campus Santé</p><p>C4 Centre Coordonné de Compétences Cliniques 33'600'00 HT</p><p>HESAV Haute Ecole de Santé Vaud 87'600'000 HT</p><p>SITE 35'500'000 HT</p><p>Lot 115 Lustrerie C4</p>
6eb5b0f9-748b-4ed7-8fbf-e49a59de29f8,483f4dca-e210-4fba-9aa9-2d58d68abdb6,award,2025-06-02,3.0,1,AGB Bautechnik Aktiengesellschaft,167493.25,45311000,Travaux de câblage et d'installations électriques,<p>Selon les documents d'appel d'offres</p>
3c2cebaf-0b16-43c0-88ae-4112c0d714c5,2afe96d7-0691-4ab1-ac0e-570c4c7d54bf,award,2025-06-02,1.0,1,TZ Stromag,319149.65,45311000,Travaux de câblage et d'installations électriques,<p>Selon les documents d'appel d'offres</p>
5d557883-ef07-4269-8f77-badb16d20165,fd449918-2aa1-4e5c-9ca0-25eeabea8c50,award,2025-06-02,1.0,1,Gafner Reinigungen AG,161241.05,45452000,Travaux de nettoyage extérieur de bâtiments,<p>Selon les documents d'appel d'offres</p>
cca8120d-7f53-45d2-b5a8-10d019445827,231c85de-fbf2-4064-a5d9-6b8851a9f2c8,award,2025-06-18,3.0,1,Walpen AG Hoch- und Tiefbau,2680967.25,45000000,Travaux de construction,<p>Der betrachtete Streckenabschnitt befindet sich auf der Bahnstrecke der Matterhorn Gotthard Bahn zwischen Brig-Zermatt. Die Fahrbahn im Projektperimeter (km 34.900 bis km 35.753) ist in einem ungenügenden Zustand und muss erneuert werden. Das Projekt fängt nach dem Projekt 410369 Station Randa an
d3b6a14a-5974-4ff9-b594-9d034b0ef3cd,3eb24079-d313-41f3-b466-254cfd33d8e7,award,2025-05-27,6.0,1,Zumtobel Lumière SA,355382.0,45450000,Autres travaux de parachèvement de bâtiment,<p>Campus Santé</p><p>C4 Centre Coordonné de Compétences Cliniques 33'600'00 HT</p><p>HESAV Haute Ecole de Santé Vaud 87'600'000 HT</p><p>SITE 35'500'000 HT</p><p>Lot 215 Lustrerie HESAV</p>
c6510f0b-e33e-43af-ac4d-74bcf2eafa92,13b9cba9-9da3-439a-8341-e24f8e9a382b,award,2025-06-23,4.0,1,Groupe Egli AG,212199.65,45410000,Travaux de plâtrerie,"<p>La commune d’Evionnaz est en manque de place d’accueil (crèche, UAPE). La décision a été prise de transformer l’ancienne cure au cœur du village, d’entente avec la paroisse, pour y accueillir 33 places en crèche et 35 places en UAPE pour la rentrée 2026.</p>"
fba8eb18-e1cf-4145-9d4b-fd88adc8fbae,c728e3a3-3553-40ac-85d4-6c2c617955c5,award,2024-12-18,2.0,1,GD Climat SA,617526.75,45000000,Travaux de construction,<p>Installations de chauffage production par pellet et distribution pour chauffage par le sol.</p><p>Installations de ventilation extraction et pulsion.</p><p>Pour le bâtiment du nouveau sous-sol et du bâtiment de chronométrage</p>
fba8eb18-e1cf-4145-9d4b-fd88adc8fbae,2d1b22a7-9d80-4d09-a317-ae0fe69de2bf,award,2025-06-26,2.0,1,OIKEN Solutions SA,789771.9,45000000,Travaux de construction,<p>Installations électriques.&nbsp;</p><p>Pour le bâtiment du nouveau sous-sol et du bâtiment de chronométrage</p>
fba8eb18-e1cf-4145-9d4b-fd88adc8fbae,63c03e05-92a4-4ba4-8091-75bbe3432450,award,2025-06-26,8.0,1,Patrice & Sandrine CORDONIER SA,215327.0,45000000,Travaux de construction,<p>Installations sanitaires.&nbsp;</p><p>Pour le bâtiment du nouveau sous-sol et du bâtiment de chronométrage&nbsp;</p>
fba8eb18-e1cf-4145-9d4b-fd88adc8fbae,1dcd4da0-70de-4504-9a8b-e8432910066d,award,2024-12-18,5.0,1,MELLY CONSTRUCTIONS SA,6972831.2,45000000,Travaux de construction,"<p>Travaux de démolition, démontages, désamiantage du bâtiment de chronométrage&nbsp;</p><p>Travaux de reprise en sous-oeuvre du bâtiment de chronométrage&nbsp;</p><p>Travaux de canalisation de la Vanire</p><p>Travaux d'excavation du bâtiment du nouveau sous-sol</p><p>Travaux d'installation de chant"
fba8eb18-e1cf-4145-9d4b-fd88adc8fbae,4388a83a-6df3-4e3d-a386-29777a136eab,award,2024-12-18,1.0,1,Ardag Sàrl,123659.3,45000000,Travaux de construction,<p>Travaux d'installation et d'entretien d'échafaudages.</p><p>Pour le bâtiment du nouveau sous-sol et du bâtiment de chronométrage&nbsp;</p>
fba8eb18-e1cf-4145-9d4b-fd88adc8fbae,62ca7cf0-b690-4ef8-b7c4-2faa19d02d04,award,2024-12-18,1.0,1,R. Morand et Fils SA,164082.2,45000000,Travaux de construction,<p>Travaux de construction métalliques structure pour le bâtiment de chronométrage</p>
1a43ab59-2bb4-456d-bd5a-c990906639c4,455cc13e-a7a0-4b56-a490-2405f1efb6d8,award,2025-04-28,5.0,1,Brahoni SA,130254.7,45421130,Poses de portes et de fenêtres,<p>Fourniture et pose de fenêtre en aluminium pour le bâtiment du chronométrage</p>
1a43ab59-2bb4-456d-bd5a-c990906639c4,61b86b59-d1e7-48a7-a934-62682fec6ded,award,2025-06-26,5.0,1,Margelisch & Chabbey Constructions métalliques SA,659627.95,45421130,Poses de portes et de fenêtres,<p>Fourniture et pose de portes en acier pour le bâtiment du chronométrage</p>
138e9965-f05b-460b-963e-a44bb2f1d0e1,14b37cd4-819f-4dbd-a0e2-6d093a4eced0,award,2025-06-26,2.0,1,Berisha SA Constructions métalliques,1266134.7,45223000,Travaux de construction d'ouvrages,"<p>Fourniture et pose de structure métallique secondaire, façade légère</p>"
d18bdea4-7883-4142-a510-3b2e57890683,89b7215b-a216-429e-beff-818b365eb3ff,award,2025-06-24,2.0,1,Nicollier Group SA,5227277.0,45232430,Travaux de traitement de l'eau,<p>Construction d'un bâtiment détente</p>
0fc5419a-99c3-41d8-aab8-6595cd37f830,34d81ba9-9ed1-432b-a046-07db74a6d5e3,award,2025-06-03,1.0,1,Ginox SA,1033344.5,45214220,Travaux de construction d'écoles secondaires,<p>Agencement de cuisine</p>
a15419b8-a17b-4c9f-ae01-82c71c8ecb26,b53c27d4-ee24-4797-9861-2c2b4504fe2a,award,2025-04-04,13.0,1,Rudi SA,,45000000,Travaux de construction,"<p>Travaux de plâtrerie, pose de faux-plafonds et peinture intérieure</p>"
92431831-594b-416d-914a-b9915db946b5,d700cdc2-cf2b-4f7f-bc98-9fef0a082bac,award,2025-06-24,2.0,1,Nicollier Group SA,435640.85,45300000,Travaux d'équipement du bâtiment,<p>Construction d'un bâtiment détente</p>
e9878168-5970-4ef9-954c-5186921b9a85,a5add7a4-bd62-40be-bd35-6f57e22e271a,award,2025-06-24,2.0,1,PHIDA Étanchéité (VS) SA,681626.8,45260000,Travaux de couverture et travaux d'autres corps de métier spécialisés,<p>Construction d'un bâtiment détente</p>
42970bf4-f9a8-4a4f-a454-0dfb4dfce47e,4e11137a-4a25-4a79-a61b-819138cf51b3,award,2025-06-24,3.0,1,PHIDA Étanchéité (VS) SA,1478519.95,45261420,Travaux d'étanchéification,<p>Construction d'un bâtiment détente</p>
95e1a1ea-e153-4abe-a26d-6a9c4e9065f4,e2a0bac6-2cf8-470c-b5d6-4a681f1fee0d,award,2025-06-10,5.0,1,Implenia Schweiz AG,,45200000,Travaux de construction complète ou partielle et travaux de génie civil,<p>Travaux de remblaiement sur les parcelles 2268-1475 au Grand-Saconnex.</p>
e49f30b3-189a-4b18-a1bf-6b73ab86d07f,79fbdee3-2221-4781-ae21-586c7f0e0908,award,2025-01-20,9.0,1,JPF Construction SA,1044696.8,45000000,Travaux de construction,"<p>Réfection de la chaussée, du trottoir, des collecteurs EU-EC et des services</p><p>Quantités principales:</p><p>Revêtement bitumineux : ~936 to</p><p>Fouilles : ~2'250 m3</p><p>Collecteurs EU et EC en PP : Longueur totale ~1'100 (diam. 110 à 630)</p><p>20 nouvelles chambres EU et EC</p><p>13 nouv"
beb56a16-aecf-4d89-b899-984c8c1a307f,321a3faf-ab80-4771-b748-d9f654d3804f,award,2025-01-22,2.0,1,tritec AG,574037.0,45310000,Travaux d'équipement électrique,<p>Les toitures sont complètement rénovées et reçoivent des panneaux</p><p>photovoltaïques.</p><p>La toiture du bâtiment de la BOP achevé en 2019 est également recouverte de panneaux</p><p>s’inscrivant ainsi dans les objectifs du plan climat vaudois.</p>
de4114d4-29f9-4b3c-9776-6d84a588a1af,825ad87e-4bc1-4b09-aa1d-f9d46becc044,award,2024-11-22,4.0,1,ALVAZZI GROUPE SA,311883.0,45000000,Travaux de construction,<p>Le marché concerne l’exécution du projet des installations de chauffage et de ventilation du bâtiment</p><p>d’exploitation.</p>
f0098883-117a-4a39-93fb-e113f0c45a2f,940921b5-7cd6-46ce-b947-3ba1ea97382b,award,2024-11-27,3.0,1,Amédée Berrut SA,1045581.0,45214500,Travaux de construction de centres de formation continue,"<p>Fourniture et pose d'une charpente en lamellé-collé, plancher en CLT, façade ventilée, faux-plafond en bois</p>"
30d06a36-4e80-4892-8eae-bd57c7be35b9,45adae00-5192-4223-8b2d-2432a49f1141,award,2025-01-23,4.0,1,Joux S.A.,419828.0,45000000,Travaux de construction,<p><strong>Portes accordéons avec impostes vitrées</strong></p><p>modèle AS FD 90 HI de chez Schüco est imposé</p><p><strong>Portes extérieures vitrées en métal</strong></p>
d868f50c-ca35-4942-b2fc-8c2c07ec9e8d,08e078da-dea8-4085-9b22-0f325e8c3f23,award,2025-01-27,7.0,1,Groupe Egli AG,195908.0,45000000,Travaux de construction,"<p><br></p><p>Divers travaux de plâtrerie et d'isolation intérieure, doublages coupe feu de faux-plafonds, peintures intérieures</p>"
04b333b5-b49c-4486-9b95-6f6c2291bae5,7947c203-83ed-4ea0-a726-95268d4a0105,award,2024-09-06,2.0,1,Joux S.A.,354890.0,45400000,Travaux de parachèvement de bâtiment,<p>Remplacement de portes intérieurs métalliques et ajout de nouvelles portes métalliques coupe-feu.</p><p>Assainissement de la verrière de toiture pour améliorer le bilan énergétique et l'atmosphère intérieure.</p>
6ea0eb9d-7341-4ac3-a2d7-2cd0adf81873,02cdac21-54d3-4c5a-93ce-b85aa53ab1a8,award,2024-09-17,1.0,1,Bocherens Toiture Sàrl,703547.0,45260000,Travaux de couverture et travaux d'autres corps de métier spécialisés,<p>Réfection des toitures pour améliorer le bilan énergétique et remplacement la couverture des toitures à pans.</p>
ece798aa-4c83-4ebf-b656-b3cf606bb06a,c925a1a8-9547-4e26-afad-2ed327180cc2,award,2024-10-24,5.0,1,ETAVIS Romandie SA,601595.1,45310000,Travaux d'équipement électrique,"<p>Assainissement énergétique des installations courant fort, remplacement de luminaires et raccordement des équipements techniques du bâtiment.</p><p>Installation système de prévention incendie.</p><p>Aménagements extérieurs et sécurisation des accès extérieurs.</p>"
2fa7c3d0-68cf-4b8f-a049-85776b4151de,e0b973a5-dda4-43db-a88b-a534f556e204,award,2025-06-20,1.0,1,ProMinent Dosiertechnik AG,195231.8,42993200,Installation de dosage,"<p>Fourniture, montage et mise en service de l'installation de stockage et de dosage de FeCl3 pour la nouvelle STEP de l'APEC à Gland. Travaux en plusieurs phases selon planning intentionnel de chantier.</p>"
e7a945f4-49f0-4526-ad42-7797fecf37ee,0f57cf17-5b71-4431-824c-930dc5dff0b6,award,2025-05-28,7.0,1,Roberto Passeri AG,348189.56,45000000,Travaux de construction,<p>Malerarbeiten</p>
343ad816-bd7a-4c71-9e3a-d90f9518743e,659cad28-9e30-490a-9e9c-99c2caa98c6e,award,2025-06-11,3.0,1,Edgar Fuchs Swiss GmbH,260117.79,45000000,Travaux de construction,"<p>Fabrication, livraison et montage d'installations de buffet.</p>"
75d6c434-76a5-4a76-affd-b245d28f08d5,65999247-3acb-427a-90e0-f0d7e7363846,award,2025-06-11,4.0,1,Tech-Insta SA,206558.07,45000000,Travaux de construction,<p>Réalisation d'installations de gaz médicaux</p>
ccaed16a-b7f4-44a7-9cc4-a89e70b681ef,df4b9bcd-75fd-4d82-891e-b0757e854925,award,2025-06-11,7.0,1,Werner Isolierwerk AG Visp,309572.26,45000000,Travaux de construction,"<p>Démontages, remontages et nouveaux montages de revêtements de plafonds en métal</p>"
a8376d15-416d-4557-8c5e-c604cecaa3f7,0da1f844-a108-4b7c-9068-6a5cc5d74ff9,award,2025-06-17,2.0,1,Renner Schlachthaustechnik GmbH,,45000000,Travaux de construction,<p>370 Betriebseinrichtungen für Fleischgewinnung und Schlachthöfe</p>
bb1c5f9c-3620-4cd7-b6fb-ca09e9415465,d2c2a4a6-5654-4fd7-a0c9-8dfb5061a8a7,award,2025-04-22,2.0,1,Ulrich Imboden AG,1098313.3,45000000,Travaux de construction,"<p>Gegenstand der Ausschreibung ist der Streckenabschnitt Schali – Täsch entlang der Matter Vispa, welcher sich auf der Strecke Zermatt-Visp befindet; der Projektperimeter liegt zwischen km. 36.590 und km. 37.389. Dieser Streckenabschnitt ist der letzte Teil zwischen Randa und Täsch, bei welchem noc"
ff636889-93e4-43ca-aad5-b7edb83e2485,0b553945-a446-442e-8679-6fa5e1ddad52,award,2025-06-17,5.0,1,BRIMATO (Swiss) AG,,45000000,Travaux de construction,<p>Kühlräume</p>
f4f73e5f-3b36-4bd6-b256-7a0ddf43ce56,ae5ad15a-78ac-4cec-9d74-b2b9775ecfaa,award,2025-06-17,3.0,1,Truttmann AG,,45000000,Travaux de construction,<p>Gewerbliche Kälte</p>
1fd67a43-c632-4079-a37a-13a7489cb655,a6ae6c00-8bc2-4fc4-a9e7-876b9b3fa152,award,2025-06-17,3.0,1,Hans Imwinkelried und Söhne AG,,45000000,Travaux de construction,"<p>240 Heizungsanlagen</p><p>Luft-Wasser Wärmepumpe, </p><p>Gruppe 1: Lüftung (Anschluss Lufterhitzer)&nbsp;</p><p>Gruppe 2: Heizung (Deckenstrahlplatten und Lufterhitzer)&nbsp;</p><p>Gruppe 3: Freiflächenheizung&nbsp;&nbsp;</p>"
de9a5178-855c-4539-97e1-5b625f4c4249,5b24ed35-14ad-48af-adea-f470d85cde2e,award,2025-06-12,5.0,1,MELLY CONSTRUCTIONS SA,2806522.0,45000000,Travaux de construction,<p>Objet : Réaménagement des torrents à l’ouest de Vétroz</p><p>Secteur : Lot 6. Torrents des Plantys / Aven / La Creusettaz Longueur du tronçon : environ 1’000 m Territoire de la commune de Vétroz</p>
dde7ff02-980a-467d-b900-1b4e37086e8e,6526164c-acdd-4074-a317-c949c5ea5d93,award,2025-05-05,4.0,1,Echenard SA,156414.7,45200000,Travaux de construction complète ou partielle et travaux de génie civil,"<p>Cet appel d’offres concerne les travaux de génie civil de la conduite d’eau potable reliant la station de pompage de Sodoleuvre au réservoir de Plan-Métroz, soit la fouille, la pose de fourreau de protection de câble, le remblai des conduites posées par l’entreprise sanitaire et la remise en état"
b1a41944-fbc5-4c60-842e-3dfe89f6b1b8,620f7f42-86fd-47a5-adbe-38517a842f44,award,2025-03-19,2.0,1,Techfina SA,2631825.52,42996900,Équipement de traitement des boues,"<p>Conception, fourniture, montage et mise en service d'équipements électromécaniques destinés à équiper la STEP de l'Eparse (Payerne, 42'700 EH) d'un traitement des boues, de gaz et de dosage de précipitant.</p>"
3964feb2-c3f2-4dbb-8e80-f513db4b69b2,dbf24c41-e7ba-4f31-a0d5-d455a59aba3b,award,2025-05-09,4.0,1,ALPHA WasserTechnik AG,1158810.4,42996000,Machines de traitement des eaux usées,<p>selon règlement de procédure</p>
06286799-34f7-4b12-92ee-da58c71d8e76,3d6510dc-96f8-492d-b94d-4e5d4ef93d03,award,2025-06-10,6.0,1,"Revaz, Constructions métalliques SA",290324.8,45215210,Travaux de construction de foyers et de structures d'accueil à caractère social,"<p>Fourniture et pose de garde-corps intérieures et extérieures pour escalier et/ou murs de soutènement, paroi grillagée pour abri, escaliers métalliques, grilles caillebotis de saut-de-loup carrossables et non-carrossables.</p>"
06286799-34f7-4b12-92ee-da58c71d8e76,872b58b2-3c03-49a5-80ef-13f37a3022e2,award,2025-06-10,5.0,1,Delta Türsysteme AG,1201228.55,45215210,Travaux de construction de foyers et de structures d'accueil à caractère social,<p>Fourniture et pose de portes de communication en bois.</p>
06286799-34f7-4b12-92ee-da58c71d8e76,f7bfcdaf-ee32-4618-b91e-927372fad4ab,award,2025-06-10,5.0,1,VIMA SARL,840269.0,45215210,Travaux de construction de foyers et de structures d'accueil à caractère social,"<p>Fourniture et pose de carrelages et faïences pour surfaces de vie, salles de bain et locaux professionnels (cuisine, buanderie, vestiaires).</p>"
06286799-34f7-4b12-92ee-da58c71d8e76,081b9771-9a41-4299-a1ba-140213ef4ade,award,2025-06-10,4.0,1,Inevo AG,413993.2,45215210,Travaux de construction de foyers et de structures d'accueil à caractère social,<p>Fourniture et pose de parquet multicouches et d'un tapis d'entrée.</p>
12a4d190-d9b4-4e01-8008-4b71565d085e,50f5979f-e04a-43ca-9a7d-3bc1462f9419,award,2025-05-27,5.0,1,HeAeb GmbH,231439.4,45000000,Travaux de construction,<p>CFC 226 : Isolation et crépissage de façades</p>
d0e236a5-c2ca-488f-b18c-5ed4fe09d7d4,6dde4668-f34a-41c7-8144-13688498a6ff,award,2025-04-10,2.0,1,"Grisoni-Zaugg S.A., succursale de Château-d'Oex",,45000000,Travaux de construction,<p>Le présent appel d’offres porte sur les travaux de construction de l’enclenchement anticipé de la gare de Rougemont comprenant les particularités et travaux suivants dans un contexte ferroviaire (liste non exhaustive)&nbsp;: </p><p><br></p><p>·&nbsp;&nbsp;&nbsp;&nbsp;&nbsp;&nbsp;Travaux sous expl
3f8f463b-7d5c-4be2-b1e8-2ed5097476e0,d2c5cc24-67f4-48d7-87c4-37b898316cb8,award,2025-05-21,2.0,1,Lauber Iwisa AG,403967.9,45000000,Travaux de construction,"<p>BKP 240, Anschluss Heizung BFO</p>"
b74a4642-4399-419f-821b-ab58178d8777,ec45798a-c65c-4550-8efd-38a5e931fa18,award,2025-05-21,2.0,1,Lauber Iwisa AG,310140.3,45000000,Travaux de construction,"<p>BKP 240, Anschluss Heizung KSS Haus A/C</p>"
492670c7-ee6b-4004-8c42-72dacfb580c1,565313a0-0564-44cc-9884-60701cdf54a5,award,2025-05-21,2.0,1,Lauber Iwisa AG,206800.05,45000000,Travaux de construction,"<p>BKP 240, Anschuss Heizung KSS Haus B</p>"
b53c792f-0dee-47d1-aa4f-4189732f2fbd,f6a27b8a-5e78-4bae-89f6-d40a4aaede46,award,2025-05-07,1.0,1,Berisha SA Constructions métalliques,1241507.55,45000000,Travaux de construction,<p>Façade rideau et serrurerie de façade</p>
b8847772-a2b0-4ea0-9c12-45c2ef90f5f2,217b74d0-555a-4790-ac6e-f7f135797d62,award,2025-01-17,7.0,1,Eiffage Energie Systèmes SR Génie Climatique SA,481864.85,45331000,"Travaux d'installation de matériel de chauffage, de ventilation et de climatisation","<p>Ce document, établi par GEMB traite de la description relative aux fournitures et aux travaux liées à l’appel d’offres (AO) du lot 301, dans le cadre de l’agrandissement de la STEP de Lucens.&nbsp;Il concerne les systèmes de chauffages et les installations spéciales décrites dans le lot. L’appel "
e2c2028f-947b-4c2f-88ec-15954d62459d,105e279e-5716-4994-90ad-00010cfec05b,award,2025-01-17,7.0,1,gex sa ventilation - climatisation,323441.15,45331000,"Travaux d'installation de matériel de chauffage, de ventilation et de climatisation","<p>Ce document, établi par GEMB traite de la description relative aux fournitures et aux travaux liées à l’appel d’offres (AO) du lot 302, dans le cadre de l’agrandissement de la STEP de Lucens.&nbsp;Il concerne les systèmes de ventilation et de rafraichissement décrites dans le lot. L’appel d’offre"
ac9989ef-ca1c-4a80-9934-6f688093fae9,fb97a54d-024f-4431-bcd4-3af2e64e8fb1,award,2025-04-09,9.0,1,"Röthlisberger AG, Die Schreinermanufaktur",,45000000,Travaux de construction,<p>Armoires murales</p>
9f593af6-4281-4039-a134-50ba9127d1cc,4b684135-43cb-47f2-82a4-70080551b252,award,2025-04-02,2.0,1,G. Sciboz SA,,45000000,Travaux de construction,<p>Lot 273.000 Porte intérieures en bois V2</p>
c28ca00b-bec0-4552-aceb-57ae3184d335,843f386c-66fa-4bd4-8222-6adfcfdd985a,award,2025-05-07,4.0,1,Marti Construction SA,3369404.9,45221200,"Travaux de construction de tunnels, de puits et de passages souterrains","<p><strong><u>Passage voies CFF (longueur d'environ 33 m)</u></strong></p><p>Ce passage concerne les travaux liés au microtunnelier sous les voies CFF au droit du Chemin de Plannaz. (plans : GL22-642-SOUM-11.2-Tronçon 2, GL22-642-SOUM-11.6- Plannaz, M23002-20 et M23002-21).</p><p><br></p><p><strong>"
277a93d0-9214-4593-855d-b143d1bf342b,f746d280-408c-4799-aff6-8025bbf27cf8,award,2025-06-06,5.0,1,Epiney Construction SA,855034.55,45000000,Travaux de construction,"<p>Enrochement : 200 m3</p><p>Treillis cloués : 400 m2</p><p>Palissades en bois, H = 1.5 m : 140 m’</p><p>Paroi berlinoise : 30 m’</p><p>Caisson en bois : 850 m3</p><p>Tuyaux d’évacuation des eaux diam. 200 mm : 280 m’</p><p>Démontage d'un ancien caisson en bois : 800 m3</p>"
9576f3a6-722f-4941-ba1a-eac72bef673e,8a2e61aa-a751-4f06-9ba8-359dfa9b9291,award,2025-04-11,5.0,1,Tecton Abdichtungen AG,601538.1,45000000,Travaux de construction,"<p>Travaux de ferblanterie, d'isolation et d'étanchéité de toiture plate</p>"
6ae3d689-9b8a-4f24-a993-18be4d17367c,e206618d-1d62-499a-b065-83b9c9da566c,award,2025-06-05,8.0,1,Epiney Construction SA,559641.55,45000000,Travaux de construction,<p>Profilés pour paroi berlinoise : 328 ml</p><p>Béton projeté pour paroi clouée : 36 m3</p><p>Treillis pour paroi clouée : 100 m2</p><p>Tirants d'ancrage passifs pré-injectés : 130 ml</p><p>Forages drainants : 100 ml</p><p>Terrassements : 975 m3</p><p>Grave non traitée : 650 m3</p><p>Béton bitumine
c015b688-3c32-42f0-8f28-fa5eee1e6519,b357ce2d-ae57-4f7a-b366-bed1e0adfd48,award,2025-06-11,3.0,1,STEREAU SUISSE SA,2454958.55,42996000,Machines de traitement des eaux usées,<p>Fourniture et montage des équipements électromécaniques pour le traitement biologique de la future STEP de l'Eparse à Payerne</p>
52449566-8c1d-4b9e-a24d-a7e17156f8da,eb193db7-17ea-4540-9abe-56198b02608e,award,2025-03-19,3.0,1,Dénériaz S.A.,19462402.55,45232420,Travaux de construction de stations d'épuration des eaux usées,"<p>Cet appel d'offre a pour but de désigner une entreprise en charge des travaux de gros-œuvre de la nouvelle STEP de l’Eparse ainsi que la station de pompage avec bassin d'eau pluviale à Payerne, qui sont répartis en 3 parties et qui seront toutes réalisées par une seule et même entreprise. </p><ul"
cdbd5842-f960-4e49-9b91-c6b28e70f89d,2540848d-550a-447e-a37b-50c9b702f3c7,award,2025-05-05,8.0,1,Renevier S.A.,1110644.45,45231110,Travaux de pose de conduites,"<p>Pose de deux conduites de refoulement en PE, diamètre 450 mm, sur environ 2 Km.</p><p>Pose d’une conduite d’eau potable en PE, diamètre 200 mm, sur environ 1.34 Km. </p>"
73ab3d64-0a7a-4ad9-8fc8-ce6acc44e006,29e9e1d3-dd56-4b93-a2a7-5f8656de96dc,award,2025-06-03,3.0,1,Travaux spéciaux Biollay S.A.,289667.9,45262330,Travaux de réparation d'ouvrages en béton,"<p>Réparation des surfaces en béton, application de mortiers Minergie Eco et traitement des sauts de loup. Les travaux excluent les murs de soutènement.</p>"
7f5ba384-6819-4af9-85ad-407b05191d29,d58388de-cb88-4e93-abaa-573a8080991e,award,2025-05-23,1.0,1,"Grisoni-Zaugg S.A., succursale Saint-Légier-La Chiésaz",1532861.2,45000000,Travaux de construction,"<p>Le pont sur le Ch. de Tornafou se situe sur la ligne MVR Montreux - Rochers de Naye au km 0.403 du tronçon Glion - Naye et franchit le chemin de Tornafou.</p><p>Dans le cadre du remplacement du pont de Tornafou, deux nouvelles culées en béton armé devront être construites.</p><p>Un pont provisoir"
890c22be-38b6-4598-b455-e13c9fe68159,400a4bde-2d04-4945-b271-e1b21bbe6108,award,2025-06-10,2.0,1,PHIDA Étanchéité (GE) SA,1569475.35,45214210,Travaux de construction d'écoles primaires,<p>CFC 222 / 224.1 – Ferblanterie / Etanchéité toiture plate </p>
0fd36ad0-80a5-4ecc-9c46-0d61b2f740cf,ddd3ce5b-35f6-49d2-a5e0-b9845fa98c1d,award,2025-03-28,3.0,2,Marti Construction SA; Walo Bertschinger SA Romandie,10535001.3,45200000,Travaux de construction complète ou partielle et travaux de génie civil,<p>Renforcement d'une toiture de forme complexe (coque) par l’application d’une couche de quelques centimètres de Composite cimentaire Fibré Ultra Performant (CFUP) posée sur une isolation non organique recouvrant la toiture après l'avoir nettoyée du complexe d'isolation-étanchéité existant. La qual
92e72545-cccc-4e82-b8e7-a50460b81070,690e7214-fb68-44a4-b22a-64e4826b39cc,award,2025-06-06,14.0,1,SikaBau AG,1028859.05,45000000,Travaux de construction,"<p>La STEP de NOES traite les eaux usées de Sierre et des communes voisines de Chippis, Crans-Montana, Noble-Contrée et Salquenen pour un total de 99'000 EH à l’horizon 2050. L’effluent du bassin versant est sujet à des hausses de charges organique en période des vendanges et durant la haute saison "
2f21bdff-2c5e-4a76-90ab-e8e9338a6661,5ff2db14-4811-45dc-b74b-eb08984ea07b,award,2025-05-12,3.0,1,Grisoni-Zaugg SA,643605.0,45233100,"Travaux de construction d'autoroutes, de routes","<p>Dès la fin 2015, les modérations de trafics et les améliorations de la sécurité des usagers et des riverains sur les axes à grand trafic de la Commune d’Avenches (dans le secteur de Donatyre) ont fait l’objet d’analyses et d’études diverses.</p><p>Suite à cela, quatre étapes successives de travau"
32665294-9205-4631-b9d9-16503d8b88de,376040f8-1072-45cb-8f26-7171a4437505,award,2025-05-14,3.0,1,Equans Services AG Zweigniederlassung Bern,504591.72,45000000,Travaux de construction,"<p>BKP 241, Fernwärmeleitungen erdverlegt, Etappe 2</p>"
3c910a59-7e66-4551-a4a0-884c7e707fd1,1b974971-be89-4e56-97bf-5e6c43548d0b,award,2025-06-06,3.0,1,SPIE MTS SA,101038.45,45310000,Travaux d'équipement électrique,<p>Le marché faisant l’objet de l’appel d’offres concerne les travaux électriques du projet de balisage lumineux des positions avions de l’Aile Est.</p><p><br></p><p>Genève Aéroport souhaite équiper les positions avions au front de l’aile EST avec un balisage axial au sol de type TKH CEDD® - fournit
e0057c94-6423-42b8-9f1a-d60f93c6b5c2,2977aa97-7e57-4727-9888-e54ff55b71ea,award,2025-06-02,6.0,1,Miraco SA,162342.4,44212310,Échafaudages,<p>Le présent marché concerne la rénovation globale et la transformation du bâtiment historique de Beau-Site à Aigle (bureaux et surfaces commerciales) et ses aménagements extérieurs avec une esplanade plantée.</p><p><br></p><p>Les travaux du présent appel d'offres concernent les éléments suivants :
f9b76fb8-e774-43cf-84ce-c50125369979,2287d6cd-90ef-4607-9eee-1cfe443f4807,award,2025-06-05,2.0,1,Di Chiara SA,283669.65,45431100,Carrelage de sols,<p><strong>eCCCBât. G 2.2.100-G3.2.200 Carrelages-Faïences</strong></p><p><br></p>
a3b3691d-0162-4342-b8d3-5c1795e44d29,5c782fab-e6c9-4925-948a-5f61890f0877,award,2025-05-12,4.0,1,Perrin Frères SA,727631.9,45233140,Travaux routiers,"<p>Travaux de génie civil pour la réalisation d’aménagements routiers pour l’amélioration des mobilités douces, piétons et vélos le long de la route de Nyon et qui consistent à la modification et réalisation d’un trottoir et de deux pistes cyclables, comprenant dépose et pose de bordures et adaptati"
d0492b40-fde4-4a65-ad0c-11e4af53f7e5,6bb536fc-c718-4827-94ed-8da58dec1fb0,award,2025-06-05,2.0,1,ArtWood design Sàrl,409624.15,45421151,Installation de cuisines équipées,<p><strong>eCCCBât. </strong>G5.2.100-200 Agencement de cuisines et électroménager</p>
5bd4a4f0-4043-4f4d-a768-e67aa6a2d9d6,edb241c4-6481-4d1f-a740-d15b62a7f40f,award,2025-06-05,4.0,1,MUAREMI Sàrl,617266.85,45410000,Travaux de plâtrerie,<p><strong>eCCCBât. </strong>G1.1.100 Platerie/Faux-Plafond</p>
f0194df8-95ef-4cff-b46f-ef7c920c4502,873228fb-1daf-4282-9d3a-87dc78af456a,award,2025-05-28,4.0,1,Evéquoz SA,772866.55,45000000,Travaux de construction,"<p>Démolition d’enrobé bitumineux : 540 m3</p><p>Terrassements : 615 m3</p><p>Grave non-traitée : 675 m3</p><p>Bordures : 800 ml</p><p>Béton bitumineux : 1’160 to</p><p>Ouvrage en béton armé, couronnement : 70 ml</p><p>Aciers d’armature : 4'900 kg</p><p>Béton hydraulique : 55 m3</p><p>Fouilles en tr"
60d96373-e057-4123-b6e7-12e3315259bf,077720e0-9466-4405-8374-619d799d2cfa,award,2025-06-03,5.0,1,Michel Cona SA,,45410000,Travaux de plâtrerie,"<p>Travaux de plâtrerie, peinture et faux plafonds en plâtre</p>"
7d44d265-f9f1-4708-8539-cc646356831e,001c4cc1-43ca-42aa-afdb-33d9231e04f7,award,2025-04-24,4.0,1,Silex Felstechnik AG,520362.1,45000000,Travaux de construction,"<p>Transporte, Fundierungs- und Montagearbeiten von 14 Stahlschneebrücken</p><p>(Typ DICKRU Dk = 3.50 m) und den dazugehörigen Zwischenwerken.</p><p><br></p><p>Transporte, Fundierungs- und Montagearbeiten von 53 Stahlschneebrücken</p><p>(Typ DICKRU Dk = 3.00 m) und den dazugehörigen Zwischenwerken.<"
9ca8172f-b82c-4fd8-879d-1ccd34e4e3e6,dc333454-8ffa-4766-a814-3b3a88d57763,award,2025-04-28,4.0,1,Lauber Ernest & Sohn Hoch- & Tiefbau AG,373368.75,45000000,Travaux de construction,"<p>Transporte, Fundierungs- und Montagearbeiten von 45 Stahlschneebrücken</p><p>(Typ DICKRU S3.5-2) und den dazugehörigen Zwischenwerken.</p>"
c8116b5e-5c4e-426e-9097-1bad60782c83,b763cf5b-8bdb-450d-92af-25a1d7b24ac7,award,2025-04-08,3.0,1,"ABA Bautec AG, Bauunternehmung",572365.85,45000000,Travaux de construction,"<p>Transporte, Fundierungs- und Montagearbeiten von 66 Stahlschneebrücken</p><p>(Typ DICKRU Dk = 3.50 m) und den dazugehörigen Zwischenwerken.</p>"
53ed3f3d-e351-4593-a582-ae1471c681bd,3cd032be-611a-4379-917f-aa30a6863986,award,2025-05-30,5.0,1,Entreprise Jean Lanoir SA,410317.8,45431000,Carrelages,"<p>Travaux de carrelage et faïence dans le cadre de la construction de 22 logements, 5 petits commerces et d'un centre culturel avec une salle de spectacle.</p>"
dc5f78a6-abfc-4e6e-aad2-f90e27010204,34269d60-2157-49df-b042-be623b88b14c,award,2025-05-14,6.0,1,Epiney Construction SA,,45223000,Travaux de construction d'ouvrages,"<p>Projet de défense contre les chutes de blocs «&nbsp;Dona Gremé&nbsp;».</p><p>Rehaussement de deux digues existantes :&nbsp;travaux de construction digue textomur, rehaussement de la digue 1 et rehaussement de la digue 2.</p>"
a3cb532b-c34d-4083-a96b-fb3218ff6373,060c6b0f-6012-464f-a15b-6e69c47211f0,award,2025-03-19,4.0,1,RMC - Tableaux SA,1192189.0,31200000,Appareils de distribution et de commande électriques,"<p>Cet appel d'offre concerne la fourniture et la pose des ensembles d'appareillage pour la distribution et pilotage du système de commande, régulation de la station d'épuration et des stations de pompages de son futur réseau. Les étapes de traitement comportent: Prétraitements, Traitements biologiq"
9fae0bad-5ce8-484b-9514-7ddc6a3cda8e,7ed91b52-edb6-46f4-ab57-deb1fd7b4a3e,award,2025-04-03,4.0,1,Pasche-Sanitaire S.A.,1660544.0,45330000,Travaux de plomberie,<p>Travaux d'installations sanitaires dans le cadre de la transformation de l'EMS de l'Orme. Le bâtiment doit attendre une performance équivalente au standard Minergie ECO</p><p><br></p><p>Étendu du marché :</p><p>- Surface de plancher (SP) : 4'464 m2</p><p>- Surface nette (SN) : 3'931 m2</p><p>- Su
66027e8e-c850-48d3-a68d-bb26b65e68c3,0d97a79b-37e5-49ed-bb2f-fe646f5c6dba,award,2025-04-03,3.0,1,Ginox SA,513373.0,45212500,Transformation de cuisines ou de restaurants,<p>Equipements de cuisine professionnelle dans le cadre de la transformation de l'EMS de l'Orme. Le bâtiment doit attendre une performance équivalente au standard Minergie ECO</p><p><br></p><p>Étendu du marché :</p><p>- Surface de plancher (SP) : 4'464 m2</p><p>- Surface nette (SN) : 3'931 m2</p><p>
02453ad6-f8b3-49fe-ac36-1321cf561262,73dfb6e4-df40-41ab-9d88-4b77924d0966,award,2025-04-03,2.0,1,"Ascenseurs Schindler SA, succursale de Bussigny-près-Lausanne",247829.0,45313100,Travaux d'installation d'ascenseurs,<p>Travaux d'installations d'ascenseurs dans le cadre de la transformation de l'EMS de l'Orme. Le bâtiment doit attendre une performance équivalente au standard Minergie ECO</p><p><br></p><p>Étendu du marché :</p><p>- Surface de plancher (SP) : 4'464 m2</p><p>- Surface nette (SN) : 3'931 m2</p><p>- 
dbfa9d3f-d883-45ed-877c-64c145fa2277,96cb8c82-33d0-4a29-9629-113bb76af48c,award,2025-04-03,2.0,1,Balzan et Immer S.A.,499247.0,45262321,Travaux de chape,<p>Travaux de réalisation de chapes flottantes et chape poncée dans le cadre de la transformation de l'EMS de l'Orme. Le bâtiment doit attendre une performance équivalente au standard Minergie ECO</p><p><br></p><p>Étendu du marché :</p><p>- Surface de plancher (SP) : 4'464 m2</p><p>- Surface nette (
5bea0954-d30c-499c-bc75-96daedc46dea,46f3c1c1-8e05-4475-a068-91a4bf77898f,award,2025-05-13,1.0,1,Etico SA,,45261420,Travaux d'étanchéification,<p>Isolations des toitures plates et étanchéité. Réalisation des ferblanteries sur acrotères. </p>
38d6e8ac-f19f-4a0a-98f4-9e88eb4e361d,e084a51c-83d1-461e-b9f8-89145bbe6823,award,2025-05-20,2.0,1,Viansone SA,431319.0,31625100,Systèmes de détection d'incendie,<p>La Fondation des Parkings met en soumission des travaux de rénovation et d’extension de la protection incendie sprinkler du parking de l’Etoile.</p><p>Selon dossier d'appel d'offres</p>
8c293144-d680-4d40-9e02-1da9a08b09e8,e095e949-9cae-415c-b62a-89a813f2af6b,award,2025-04-11,2.0,1,"LINDNER SE, Arnstorf, Zweigniederlassung Opfikon, Schweiz",177031.0,45432120,Travaux d'installation de faux plancher,<p>Travaux de réalisation de faux-planchers dans le cadre de la transformation de l'EMS de l'Orme. Le bâtiment doit attendre une performance équivalente au standard Minergie ECO</p><p><br></p><p>Étendu du marché :</p><p>- Surface de plancher (SP) : 4'464 m2</p><p>- Surface nette (SN) : 3'931 m2</p><
8bef3b83-8261-4f7e-b598-8e7309ccd723,32d06195-537b-4405-89d6-ab42fb489c53,award,2025-04-01,4.0,1,Orllati (VD) SA,903652.0,45111100,Travaux de démolition,<p>Travaux de démolition dans le cadre de la transformation de l'EMS de l'Orme. Le bâtiment doit attendre une performance équivalente au standard Minergie ECO</p><p><br></p><p>Étendu du marché :</p><p>- Surface de plancher (SP) : 4'464 m2</p><p>- Surface nette (SN) : 3'931 m2</p><p>- Surface de réfé
472ffd8a-f320-42f7-a540-b55e2de30914,3bd5b1d6-11ff-46ae-bc96-b5d8e5f4cb51,award,2025-04-07,4.0,1,Walo Bertschinger SA Romandie,2755179.0,45262522,Travaux de maçonnerie,<p>Travaux de maçonnerie dans le cadre de la transformation de l'EMS de l'Orme. Le bâtiment doit attendre une performance équivalente au standard Minergie ECO</p><p><br></p><p>Étendu du marché :</p><p>- Surface de plancher (SP) : 4'464 m2</p><p>- Surface nette (SN) : 3'931 m2</p><p>- Surface de réfé
654400a6-6054-4aa5-a13d-04fda1d447ab,31e6ba41-b794-4753-a717-dae6737ddc30,award,2025-04-11,7.0,1,Inevo AG,148335.0,45432130,Travaux de revêtements de sols,<p>Travaux de réalisation de revêtement de sol en linoleum dans le cadre de la transformation de l'EMS de l'Orme. Le bâtiment doit attendre une performance équivalente au standard Minergie ECO</p><p><br></p><p>Étendu du marché :</p><p>- Surface de plancher (SP) : 4'464 m2</p><p>- Surface nette (SN) 
eee5b451-9429-4760-b919-d5274cdff9d9,44160e47-3e3d-419b-a353-2e5cc0de0b48,award,2025-04-03,7.0,1,Varrin S.A.,1284226.0,45410000,Travaux de plâtrerie,"<p>Travaux de réalisation de la plâtrerie, faux-plafonds et peinture dans le cadre de la transformation de l'EMS de l'Orme. Le bâtiment doit attendre une performance équivalente au standard Minergie ECO</p><p><br></p><p>Étendu du marché :</p><p>- Surface de plancher (SP) : 4'464 m2</p><p>- Surface n"
1d59974f-27ec-4635-8c9e-6d583ddb4837,5a7e0ed1-8e2a-4321-b302-8371817f2eef,award,2025-04-03,8.0,1,Entreprise Jean Lanoir SA,690610.0,45431000,Carrelages,<p>Travaux de réalisation de revêtement de sol et de parois en carrelage dans le cadre de la transformation de l'EMS de l'Orme. Le bâtiment doit attendre une performance équivalente au standard Minergie ECO</p><p><br></p><p>Étendu du marché :</p><p>- Surface de plancher (SP) : 4'464 m2</p><p>- Surfa
cb3fec22-1931-4c29-8a42-9ee7d195c786,4ad06ee1-03a2-41d4-ae6f-95ce0de57c9d,award,2025-04-11,5.0,1,HKM SA,518896.0,45432113,Pose de parquets,<p>Travaux de réalisation de revêtement de sol en bois dans le cadre de la transformation de l'EMS de l'Orme. Le bâtiment doit attendre une performance équivalente au standard Minergie ECO</p><p><br></p><p>Étendu du marché :</p><p>- Surface de plancher (SP) : 4'464 m2</p><p>- Surface nette (SN) : 3'
774b39ed-57e0-44c7-a35b-4bdffee00460,d149eb2c-de51-4cbb-98f0-dd40b8377253,award,2025-03-11,3.0,1,Maulini SA,3689219.48,45214210,Travaux de construction d'écoles primaires,"<p>Rénovation, surélévation agrandissement de l'école de Meyrin Village (Avenue de Vaudagne 6-8, 1217 Meyrin)ces travaux s’effectueront  en deux phases.</p>"
a259d535-0f8f-40fd-8b36-777881cdf4b4,4904ec3c-6242-444d-a5fc-7577ba829e5b,award,2025-03-11,4.0,1,Charpentes Vial S.A.,1837788.85,45214210,Travaux de construction d'écoles primaires,"<p>Rénovation, surélévation agrandissement de l'école Meyrin Village (Avenue Vaudagne 6-8, 1217 Meyrin) Ces travaux seront exécutés en deux phases.</p>"
84eca2d8-bd0c-4659-8ce8-e56628b73d40,67e6b5e0-1304-4d0b-8bcb-7a6426526a17,award,2025-02-18,6.0,1,"Romande Energie Services SA, succursale de Lancy",1205176.82,45214210,Travaux de construction d'écoles primaires,"<p>Rénovation, surélévation et agrandissement de l'école Meyrin Village modification du sanitaire dans les différents bâtiments du projet.</p>"
24021b28-9033-4bae-a7c2-25e6ea3c11ed,8f4e0e8f-d478-4806-b2b2-c6a9eb150b6f,award,2025-04-01,5.0,1,Atelier Volet Charpentier/Bâtisseur SA,876820.0,45421132,Pose de fenêtres,<p>Travaux de pose de fenêtres dans le cadre de la transformation de l'EMS de l'Orme. Le bâtiment doit attendre une performance équivalente au standard Minergie ECO.</p><p>Étendu du marché :</p><p>- Surface de plancher (SP) : 4'464 m2</p><p>- Surface nette (SN) : 3'931 m2</p><p>- Surface de référenc
d399cde4-9820-4f65-a029-9b01467f6ae2,a6eee3cf-d7a7-4253-89a7-c3a3bf7d0a92,award,2025-04-01,6.0,1,BATIMETAL SA,101678.0,45421132,Pose de fenêtres,<p>Travaux de pose de fenêtres dans le cadre de la transformation de l'EMS de l'Orme. Le bâtiment doit attendre une performance équivalente au standard Minergie ECO.</p><p>Étendu du marché :</p><p>- Surface de plancher (SP) : 4'464 m2</p><p>- Surface nette (SN) : 3'931 m2</p><p>- Surface de référenc
53d550b6-1b65-4acf-bcdb-254b4a000108,cc0a1080-aa19-4d0e-a4ac-c0c1edcc942b,award,2024-12-06,5.0,1,SCRASA SA,679949.0,45200000,Travaux de construction complète ou partielle et travaux de génie civil,"<p>Réalisation de l'ensemble des travaux d'aménagement extérieur du parc du Manoir, mise en forme du terrain, revêtements de sol  fournitures et pose de différentes aires de jeux, divers travaux de maçonnerie, plantations et jardinage.</p>"
1ac5f886-ac8d-4f3e-850e-9af40dcb451f,e3069f17-e1c0-4bdf-aa51-b5e55bdd5300,award,2025-04-08,6.0,1,Cuénod Constructions SA,792300.65,45214210,Travaux de construction d'écoles primaires,"<p>Rénovation, surélévation agrandissement de l'école de Meyrin Village (Avenue Vaudagne 6-8, 1217 Meyrin) les travaux s'effecturons en deux phases. Les travaux de canalisation et terrassement pour un nouveaux bâtiment et agrandissement d'autre bâtiment. Les travaux de canalisation pour le nouveau b"
9b93f678-50e1-484f-88ba-b388f96ebd10,28c31bc6-6d89-4d9f-a4af-a6ff914796c7,award,2025-05-20,2.0,1,SPIE MTS SA,1743027.9,45214210,Travaux de construction d'écoles primaires,"<p>Rénovation, surélévation et agrandissement de l'école de Meyrin Village (Avenue Vaudagne 6-8) pour les travaux d'installation électricité courant fort, courant faible.</p><p>Ces travaux seront réalisés en deux phase. </p>"
b0b51975-91b5-460f-b6eb-c19f5e91e288,b388c13f-a688-4204-aa6a-770a8d58ad68,award,2025-02-18,2.0,1,gex sa ventilation - climatisation,312216.01,45214210,Travaux de construction d'écoles primaires,"<p>Rénovation, surélévation agrandissement de l'école de Meyrin Village (Av. Vaudagne 6-8, 1217 Meyrin) pour les travaux de ventilation. Ces travaux seront en deux phases</p>"
a274a90b-6f7d-4df7-88fd-b15b68f81943,5872fd46-1dbb-4e67-aacb-97054c6b217a,award,2025-04-08,2.0,1,Louis GENEVE SA,317491.8,45214210,Travaux de construction d'écoles primaires,"<p>Rénovation des fenêtres simple vitrage,par des double vitrage, de l'ancienne école, ce bâtiment est classé au patrimoine il y aura des séances avec la CMNS. Ces travaux seront effectué durant les vacance scolaire d'été, ils seront répartis sur trois été de juillet 2025 à fin juillet 2027</p>"
fc8cfaf9-0e44-4cab-8f60-5b14e7f9f860,f563e2c9-0446-4f52-a5d0-6ee6e6d0087d,award,2025-04-02,3.0,1,Maréchaux électricité S.A.,1422704.0,45310000,Travaux d'équipement électrique,<p>Travaux d'installations électriques dans le cadre de la Transformation de l'EMS de l'Orme. Le bâtiment doit attendre une performance équivalente au standard Minergie ECO</p><p><br></p><p>Étendu du marché :</p><p>- Surface de plancher (SP) : 4'464 m2</p><p>- Surface nette (SN) : 3'931 m2</p><p>- S
1c22317e-e8aa-491d-a790-7a5e416842dc,d540a00b-98d0-4f61-b9fe-5e2a2412252b,award,2025-05-06,3.0,1,Charpentes Vial S.A.,700374.7,45214210,Travaux de construction d'écoles primaires,"<p>Rénovation, surélévation, agrandissement de l'école de Meyrin village (Av Vaudagne 6-8, 1217 Meyrin) ces travaux concerne la création de façades en bois posée sur une ossature bois.</p>"
ed40556c-d207-47fd-8d7d-2c4f9f356648,192e621a-837e-4a49-a379-1b00311bfa7b,award,2025-05-02,8.0,1,Camandona SA,1371273.9,45233121,Travaux de construction de routes principales,<p>Réfection de la route de la Gare centre et création d'une piste mobilité douce</p>
40d68298-7316-4a5a-92fb-bfae08200d10,25d5fec5-700c-4173-8944-32b8d02532b7,award,2025-06-30,6.0,1,Echenard SA,2098938.0,45000000,Travaux de construction,<p>Rénovation globale et transformation du bâtiment historique de Beau-Site à Aigle (bureaux et surfaces commerciales) et aménagements extérieurs avec esplanade plantée.</p>
4830ac33-4ac9-402a-9e10-87c05459e857,fa8cee78-705f-41c5-8dcd-429160358013,award,2025-07-25,5.0,2,"Bohren Möbel AG; Röthlisberger AG, Die Schreinermanufaktur",1080025.1,45215210,Travaux de construction de foyers et de structures d'accueil à caractère social,"<p>Fourniture et pose d'armoires, de balustrades en bois, de doublages, de tisaneries et d'un socle acoustique.</p><p><br></p><p>Certaines de ces prestations ont des variantes dans d'autres corps de métier et peuvent donc être retirées du présent appel d'offres selon les choix définitifs du MO. De p"
a0e2e442-8ae8-49f9-b0f2-b30ddd9029ee,576ac225-9b72-4652-b112-e47703161c80,award,2025-07-25,5.0,1,OP Menuiserie SA,314716.7,45421100,Pose de portes et de fenêtres et d'éléments accessoires,<p><strong>eCCCBât. </strong>G1.4.100 Portes Menuiseries Intérieurs Bois</p>
507a5f18-33c6-4bd9-a7bb-d5b2c0e40350,8a87e8f4-ce65-4b0f-ad2a-b8d792b88458,award,2025-06-24,4.0,1,Astori SA,1776152.0,45441000,Travaux de vitrerie,<p>Campus Santé</p><p>C4 Centre Coordonné de Compétences Cliniques - ~33'600'000 HT</p><p>HESAV Haute Ecole de Santé Vaud - ~87'600'000 HT</p><p>SITE - ~35'500'000 HT</p><p>Lot 234 Vlitrages intérieurs C4</p>
e2c83d14-25ef-4937-b4e1-37415543ffbe,81a66e9d-1ff6-4dd0-bfb5-3b021474246c,award,2025-06-24,1.0,1,Groupe E Connect SA,585410.0,45450000,Autres travaux de parachèvement de bâtiment,<p>Campus Santé</p><p>C4 Centre Coordonné de Compétences Cliniques 33'600'00 HT</p><p>HESAV Haute École de Santé Vaud 87'600'000 HT</p><p>SITE 35'500'000 HT</p><p>Lot 209 Équipement courant fort C4</p>
2c0593ba-f34d-4401-8393-3cc1a238b7d3,c89d0134-56ec-4480-9404-4bbae9c15c41,award,2025-06-05,1.0,1,Barro et Cie SA,450865.1,45454100,Travaux de réfection,<p>Réfection des façades de la Villa Les Ormeaux - Mission de France</p>
42b2c404-96ee-4917-8c41-8c2690170bf2,43255f98-929e-4b08-af7f-961738200d89,award,2025-07-03,5.0,1,"FIRE SYSTEM SA, succursale de Bulle",31055.85,45000000,Travaux de construction,<p>Transformation d'une halle en bureaux administratifs / Bâtiment B sur site de Piscine 10 / Route de la Piscine 12 Sion / CFC 225.2 Isolations phoniques / Suivi des travaux Bureau Mijong Architectes Sion</p>
6634f042-6ae4-4027-8acb-9a64167f1818,80cf6b8b-0217-4a15-a54e-c2e5c6c8b1ee,award,2025-07-02,9.0,1,Groupe Egli AG,714988.9,45000000,Travaux de construction,<p>Construction d’un nouveau bâtiment pour le Foyer de la Cigale: Soumission CFC 271-285 Plâtrerie-peinture</p>
2677f312-d591-4af2-8bc9-f56065397269,ffb96e03-cb2e-4583-b617-7f69ac5dd4ac,award,2025-07-10,4.0,1,"swisspro SR SA, succursale de Sion",3412210.98,45000000,Travaux de construction,<p>Réalisation d'installations à courant fort et à courant faible</p>
21a24181-9d1f-4e5d-b6f0-90c5450824c0,576d567e-1212-4b74-9014-a0b1f3eb3fc5,award,2025-07-24,2.0,1,Implenia Schweiz AG,3461538.85,45000000,Travaux de construction,<p>Actuellement la gare de Martigny ne répond pas aux normes en matière d’accessibilité aux personnes à mobilité réduite. Les quais actuels ont une hauteur depuis le PDR à +0.55m et le quai intermédiaire à une largeur de 3.30m. La longueur du quai côté voie CFF est de 100m mais le quai intermédiaire
e0ea3299-8d4b-46e2-822e-a1b19d842bcc,f0732642-c253-45ef-adef-a5c5125ecf7c,award,2025-05-09,6.0,1,Groupe Egli AG,2438712.0,45214000,Travaux de construction d'établissements d'enseignement et de centres de recherche,"<p>Fourniture et pose de cloisons légères, faux-plafond et parois en fibres minérales, peinture.</p>"
e0ea3299-8d4b-46e2-822e-a1b19d842bcc,95b02dab-7367-433b-9472-db9b1c24d931,award,2025-06-20,5.0,1,Groupe Egli AG,901041.0,45214000,Travaux de construction d'établissements d'enseignement et de centres de recherche,"<p>Travaux de fourniture et pose de cloisons légères, peinture, faux-plafond et revêtement de parois en fibres de bois.</p>"
e0ea3299-8d4b-46e2-822e-a1b19d842bcc,d96af611-e64a-4971-9af4-4e099a30f91a,award,2025-05-01,2.0,1,Rosconi Systems AG,500783.0,45214000,Travaux de construction d'établissements d'enseignement et de centres de recherche,<p>Fourniture et pose de cloisons mobiles.</p>
e0ea3299-8d4b-46e2-822e-a1b19d842bcc,c8683621-4a22-4e86-b2bf-10faafeb311b,award,2025-04-04,2.0,1,Groupe Egli AG,31300.2,45214000,Travaux de construction d'établissements d'enseignement et de centres de recherche,<p>Fourniture et pose de faux-plafond métalliques.</p>
e0ea3299-8d4b-46e2-822e-a1b19d842bcc,03a5b028-ba9b-440f-950f-552f5537a5cc,award,2025-04-24,2.0,1,AGB Bautechnik Aktiengesellschaft,958088.0,45214000,Travaux de construction d'établissements d'enseignement et de centres de recherche,<p>Fourniture et pose de faux-plancher technique.</p>
e0ea3299-8d4b-46e2-822e-a1b19d842bcc,9040b21d-320b-4067-ad12-8e9cff78faf5,award,2025-05-05,4.0,1,Astori SA,1101456.0,45214000,Travaux de construction d'établissements d'enseignement et de centres de recherche,<p>Fourniture et pose de portes intérieures en bois.</p>
e0ea3299-8d4b-46e2-822e-a1b19d842bcc,8f89b417-76dd-4d4a-b518-d14877cbe76d,award,2025-04-10,5.0,1,Astori SA,192415.0,45214000,Travaux de construction d'établissements d'enseignement et de centres de recherche,<p>Fourniture et pose de portes intérieures en bois.</p>
e0ea3299-8d4b-46e2-822e-a1b19d842bcc,cb36f064-bc4f-4df4-8712-e1cbf7b071bc,award,2025-04-24,1.0,1,Astori SA,917651.0,45214000,Travaux de construction d'établissements d'enseignement et de centres de recherche,<p>Fourniture et pose de chassis bois.</p>
e0ea3299-8d4b-46e2-822e-a1b19d842bcc,7f662566-0317-40d3-a476-f311acf4953b,award,2025-04-10,1.0,1,Astori SA,310482.0,45214000,Travaux de construction d'établissements d'enseignement et de centres de recherche,<p>Fourniture et pose de chassis bois.</p>
481b9e62-c514-4c1d-9d40-154ea0a1373c,770fbb2a-0942-409d-b376-64b941d180a2,award,2025-06-25,10.0,1,Groupe Egli AG,754498.5,45410000,Travaux de plâtrerie,<p>CFC 271 : Plâtrerie</p><p>Ce lot concerne l’installation de cloisons légères et de doublages pour garantir l’isolation acoustique et thermique du collège. Les travaux incluent :</p><p>• Cloisons en double plaque de plâtre avec isolation phonique en laine de pierre.</p><p>• Doublages spécifiques (
39889ddd-4575-420f-b6e9-2291fd697e43,ba9add6f-3c28-4792-85e5-ef149a9eebf2,award,2025-07-22,1.0,1,Grichting & Valterio Electro SA,372985.18,45310000,Travaux d'équipement électrique,"<p>Cet appel d’offres porte sur l’attribution d’un marché pour la fourniture, installation et mise en service d’équipements basse tension ainsi que de mise à terre. </p><p><br></p><p>Un descriptif détaillé des travaux est donné dans le document [B2] Série de prix. Les principales prestations attendu"
fb1f323c-927e-46e6-94d3-09f68470fbbd,da79f15a-69b9-41f9-983b-28f844413256,award,2025-06-27,1.0,1,J.F. Charmoy SA,414515.0,45112710,Travaux d'aménagement paysager d'espaces verts,"<p>Le présent appel d’offres porte sur les travaux d’aménagements extérieurs.</p><p>Les transports publics de la région lausannoise sa (tl) exploitent un important dépôt de bus à la Rue de la Borde, à Lausanne. La toiture de ce dépôt, construite il y a plusieurs années, nécessite une rénovation comp"
0c10c0ca-9cf9-44e8-828b-b64ad2c6752f,9c8c2cd5-644b-48aa-8f60-490b66df1503,award,2025-07-22,3.0,1,Groupe E Connect SA,623939.74,50711000,Services de réparation et d'entretien d'installations électriques de bâtiment,<p>Le marché faisant l’objet de l’appel d’offres concerne les installations câblage&nbsp;<strong>HT </strong>dans le cadre du programme de remplacement des transformateurs HT/BT.</p>
b044f8a8-cefd-46b4-aa2c-fb41350dc9bb,75199746-1a11-4973-ac44-1ded727aeccc,award,2025-06-24,3.0,1,Chevrier & Caprara Sàrl,349693.65,45000000,Travaux de construction,"<p>Rénovation globale et transformation du bâtiment historique de Beau-Site à Aigle (bureaux et surfaces commerciales) et aménagements extérieurs avec esplanade plantée.</p><p>Le présent appel d'offre concerne la réfection du socle des façades, de la façade Sud du dallage d'entrée et des escaliers i"
1aacc1a7-1268-4860-b52f-146bafd803cf,e6803a32-6337-4dbb-9485-f18e27bccdbc,award,2025-05-13,4.0,1,"Grisoni-Zaugg S.A., succursale Saint-Légier-La Chiésaz",2137778.2,45233000,"Travaux de construction, de fondation et de revêtement d'autoroutes, de routes",<p><strong>Longueur du projet&nbsp;:</strong> env. 600 m’</p><p><strong>Surface du projet&nbsp;:</strong> env. 7'000 m2</p>
eb35348f-b130-4f07-b173-27796525f498,28c010be-28cd-4913-8d79-d5b49147deb3,award,2025-06-18,6.0,1,Joux S.A.,715546.0,45400000,Travaux de parachèvement de bâtiment,<p>Campus Santé</p><p>C4 Centre Coordonné de Compétences Cliniques - ~33'600'000 HT</p><p>HESAV Haute Ecole de Santé Vaud - ~87'600'000 HT</p><p>SITE - ~35'500'000 HT</p><p>Lot 130 Portes en métal HESAV</p>
d3f939bb-c07a-4681-9ba1-a0106d5280eb,258e8bc9-e05e-48be-8782-739dae2c7258,award,2025-06-18,3.0,1,Joux S.A.,1175032.0,45400000,Travaux de parachèvement de bâtiment,<p>Campus Santé</p><p>C4 Centre Coordonné de Compétences Cliniques - ~33'600'000 HT</p><p>HESAV Haute Ecole de Santé Vaud - ~87'600'000 HT</p><p>SITE - ~35'500'000 HT</p><p>Lot 231 Ouvrage métallique HESAV</p>
1864cce2-3953-4da5-bb6b-27da96ae666b,d8d16079-feac-432a-9481-fad80c6bdb55,award,2025-05-08,4.0,1,Walo Bertschinger AG,448277.51,45000000,Travaux de construction,"<p>Das übergeordnete Projekt «490029 Erneuerung Kunstbauten Findelbach – Landtunnel» beinhaltet die drei</p><p>folgenden Teilprojekte:</p><p>• Fahrbahnerneuerung ( realisiert 2022 und 2023)</p><p>• Sanierung vier Stützbauwerke (realisiert 2022 und 2023)</p><p>• Sanierung der Tunnel Gsäss, Breflüe un"
ae312332-a273-48a7-ad22-27c408b941e6,4ed07bc6-8548-47bc-9589-1ba295a0ad9b,award,2025-07-16,3.0,1,Charles Gasser SA,815021.0,45233123,Travaux de construction de routes secondaires,<p>Réaménagement de la route de la Dent de Bonavau notamment:</p><p>1 - Assainissement des réseaux souterrains </p><p>(EC torrent /EU/Eau potable /Electricité/Eclairage/ CAD/Genedis/Swisscom)</p><p>2 - Réaménagement de la route</p><p>(modérateurs de trafic à caractère urbain et végétalisés afin d’ap
f1def0e5-5e32-4122-8a0c-42239f5c48e2,4bcace7e-15e0-4d66-a1ca-4ff54a70061a,award,2025-06-12,6.0,1,Conforti SA,1951061.5,45112500,Travaux de terrassement,"<p>Les TMR projettent d’aménager un atelier de maintenance et de mise en service de matériel roulant ferroviaire dans ces halles. En particulier pour Catogne III, la création d’un nouveau bâtiment administratif indépendant avec au rez un atelier et un magasin communiquant avec la halle bogies exista"
a5caa200-ce2c-486b-884a-fe5e409bf23a,f63d404f-6d5f-445e-8d49-e2b3f2f4dd38,award,2025-07-02,6.0,1,Cerutti Toitures SA,534696.78,45000000,Travaux de construction,"<p>Réfection complète de la toiture de la salle de Gymnastique de l’école du Manoir, comprenant les travaux de déconstruction et de reconstruction. Le présent appel d'offres comprend la démolition de la couverture existante et la création d’un nouveau complexe étanche et d’une installation photovolt"
3c6974bd-929f-415f-8037-60ab14f864ca,80170789-3901-4ad1-bed4-4f58caad150c,award,2025-06-23,6.0,1,SCRASA SA,5905595.6,45112000,Travaux de fouille et de terrassement,"<p>Réalisation des terrassements et travaux spéciaux pour l'Ecole Noëlla-Rouget à Meyrin.</p><p>Ce lot concerne les travaux de décapage, le terrassement en pleine masse, la dépollution et les travaux spéciaux (parois clouées, berlinoise et pieux).</p>"
01d2b674-2876-4a30-a0ae-8d91327985e9,b51aade8-587b-41b9-9dd4-d403967fe84b,award,2025-06-05,4.0,1,ADV Constructions S.A.,661827.0,45222000,"Travaux de construction d'ouvrages de génie civil, excepté ponts, tunnels, puits et passages souterrains","<p>L’objectif est d’assainir et de rénover le réseau de chauffage à distance en caniveau DN 200 allant de la chambre 42 située côté OUEST du stade de l’Avenue de Béthusy, jusqu’au support point fixe en amorce de l’Avenue Charles Secrétan.</p><p>La démolition totale du fourreau ainsi que des dalles d"
2d4bfdc1-7cc9-4de8-9394-ca2f415efcb2,0da8f4b6-9f61-4913-8a48-57a333521bbb,award,2025-05-26,7.0,1,Ponticelli Suisse SA,,44163120,Conduites de chauffage à distance,<p>L’objectif est d’assainir et de rénover le réseau de chauffage à distance en caniveau DN 200 allant de  la chambre 40 à la chambre 42.</p><p>Le mandat inclut la fourniture et la pose des tuyauteries et des supports associés. </p>
bf491ab5-618f-41dc-9701-971928bd3924,be7e7020-2f0b-411e-ac5a-99f32c6c21e8,award,2025-06-19,4.0,1,Laurent Membrez S.A.,,45232140,Travaux de construction de réseaux de chauffage urbain,<p>Les travaux consistent à mettre en place deux conduites en acier isolé (aller-retour). Les</p><p>conduites partent de la chambre existante sur le chemin de Montétan pour se raccorder dans une</p><p>chambre projetée à la jonction de l’avenue Saint-Paul et du chemin des Aubépines.</p><p>La gestion 
dd738775-c643-4a1d-820b-4dd24679239b,834766f3-8cbb-4fb7-b9c1-c0f41a7fa6fe,award,2025-07-11,2.0,1,ALFER CONSTRUCTIONS SA,646459.1,45000000,Travaux de construction,<p>Fenêtres en métal - CFC 221.4 - Estimation CHF 380'950.-</p>
dffc8cbc-3723-4d66-886d-d85355a9fa54,c520d61e-e8b7-4134-927a-d4d431ded0bd,award,2025-06-11,3.0,1,Joux S.A.,197254.0,45400000,Travaux de parachèvement de bâtiment,<p>Campus Santé</p><p>C4 Centre Coordonné de Compétences Cliniques - ~33'600'000 HT</p><p>HESAV Haute Ecole de Santé Vaud - ~87'600'000 HT</p><p>SITE - ~35'500'000 HT</p><p>Lot 332 - Garde-corps toiture C4/HESAV</p>
8b31abef-b048-42eb-8be4-65b146e9383c,d811ccb1-dfff-4ee1-9885-03500fee150c,award,2025-07-02,5.0,1,Perrin Frères SA,1032572.6,45212000,"Travaux de construction de bâtiments destinés aux loisirs, aux sports, à la culture, à l'hébergement et de restaurants",<p>Extension du Collège du Léman&nbsp;selon dossiers de plans et cahier d'AO</p><p>CFC 112.0 Défrichage / démolition</p><p>CFC 135.0 Installation provisoire</p><p>CFC 201.1 Fouille en pleine masse</p><p>CFC 211.0 Installations de chantier</p><p>CFC 211.4 Canalisations </p><p>CFC 211.5 Béton et béton
fa1f3356-8251-419b-bcef-d55d9b5aad52,a708c448-70b7-4dd3-ae57-bef34a9bea28,award,2025-07-02,6.0,1,"Riedo clima SA Guin, succursale du Mont-sur-Lausanne",102886.7,45214200,Travaux de construction de bâtiments scolaires,<p>Extension du Collège du Léman et création de 6 salles de classe. Création d'un nouveau groupe WC et équipement des nouvelles classes.</p><p>Voir plan projet et descriptif du dossier.</p><p><br></p><p>CFC 250 Installations sanitaires</p><p>Importance&nbsp;: CHF 110’000- HT</p>
4fb0a829-beeb-4d86-8fc6-111bc2232a17,5a74ef2f-52f2-42ad-95e1-44e63ac7af41,award,2025-07-02,2.0,1,Richard et fils SA,54865.65,45214200,Travaux de construction de bâtiments scolaires,"<p><strong>Transformation et extension du Collège du Léman à Apples, selon plans et dossiers d'appel d'offres joint.</strong></p>"
7283440b-d1bf-4650-8623-5175d93a6887,a655089e-19c4-46a4-9c6a-77d115d4acb5,award,2025-07-02,2.0,1,André SA,98763.0,45214200,Travaux de construction de bâtiments scolaires,"<p>Transformation et extension du collège du Léman à Apples, selon plans et dossier d'appel d'offres joints.</p>"
9fbbebea-12bf-4090-9094-19f73cce67c4,c5753073-e902-4d06-b003-97a39e8b202d,award,2025-07-02,2.0,1,Delay Electricité SA,265584.25,45214200,Travaux de construction de bâtiments scolaires,<p>Transformation et extension du collège du Léman à Apples selon plans et dossier d'appel d'offres ci-joints</p>
ef37e78b-0426-4f98-8baa-0b9142d2d863,54fb1781-d277-400d-ad9c-039560f72b57,award,2025-07-02,1.0,1,Phida Façade (VD) SA,314970.0,45214200,Travaux de construction de bâtiments scolaires,"<p>Dépose partielle des façades en cuivre, puis repose avec complément de surfaces</p><p><br></p><p>Voir cahier des charges et dossier de plans</p>"
14edb5c8-093b-4b6e-bd11-7573a1a3157a,674d66b9-97b9-4c05-9b77-faa30f567e8b,award,2025-07-02,3.0,1,"Riedo clima SA Guin, succursale du Mont-sur-Lausanne",146415.0,45214200,Travaux de construction de bâtiments scolaires,"<p>Transformation et extension du collège du Léman à Apples, selon plans et dossier d'appel d'offres joints</p>"
61a2f120-66a0-49e1-ad95-19220b87fff6,2ee65bbe-85d8-40df-bc7d-d710b6aa890c,award,2025-06-24,9.0,1,RITHNER SA,643479.35,45000000,Travaux de construction,<p><strong>Objet et étendue du marché</strong></p><p>Travaux de génie civil pour la construction d’un Hub et de parkings</p><p><strong>Travaux routiers</strong></p><p>-&nbsp;&nbsp;&nbsp;&nbsp;Décapage et terrassement&nbsp;&nbsp;&nbsp;&nbsp;&nbsp;&nbsp;&nbsp;&nbsp;&nbsp;&nbsp;&nbsp;&nbsp;&nbsp;&nbsp;
f7e97e3e-bb99-4d0a-9ac6-dd7f2967743a,4634fbb6-79eb-49ba-90bc-299914cdff99,award,2025-07-11,5.0,1,Cuénod Constructions SA,1069965.21,45112700,Travaux d'aménagement paysager,<p>Travaux d'aménagements de surfaces et plantations </p><p>Estimation CHF 1'400'000.-</p>
c06ff39b-a113-48cd-8d89-e418848b6f93,e4b41369-ed2b-48cb-bbb4-9f2bd9df2261,award,2025-06-18,2.0,1,tz menuiserie SA,266000.6,45000000,Travaux de construction,<p>Transformation d'une halle en bureaux administratifs / Bâtiment B sur site de Piscine 10 / Route de la Piscine 12 Sion / Suivi des travaux Bureau Mijong Architectes Sion</p>
00d8f510-f7b0-4678-a77e-ff4472aa1604,dd26210c-282a-4d8b-9664-97a8fb99c751,award,2025-06-18,2.0,1,Schneider System AG,592574.9,45000000,Travaux de construction,<p>Herstellung von Innentüren</p>
925b49fd-9bcd-4248-87f4-d50029e95d78,39634828-5481-49b5-98c0-f02d155a70a4,award,2025-06-17,8.0,1,medkoh ag,292098.9,45450000,Autres travaux de parachèvement de bâtiment,<p>Selon les documents d'appel d'offres</p>
d1e53d52-b750-4756-98c7-52fc814b7100,3a19c753-08c9-4838-bd7d-d58c99a55088,award,2025-06-10,5.0,1,Mauchle Stahlbau AG,411278.8,45221115,Travaux de construction de ponts en acier,"<p>Herstellung, Lieferung und Montage der neuen Stahlbrücke (Langsamverkehrsbrücke) gemäss den techn. Spezifikationen / Leistungsverzeichnis (Montage erfolgt auf bauseitigen Widerlagern)</p>"
0ced9338-6b34-48ce-86fb-a493a0de6a0c,aa286050-7f50-4ba3-aa4b-5f35ae54f2cb,award,2025-07-02,3.0,1,MELLY CONSTRUCTIONS SA,1396727.5,45000000,Travaux de construction,<p>Démolition d’enrobé bitumineux : 530 m3</p><p>Tirants d’ancrage passifs permanents : 160 ml</p><p>Béton projeté : 250 m2</p><p>Terrassements : 1’845 m3</p><p>Grave non-traitée : 1'430 m3</p><p>Bordures : 188 ml</p><p>Béton bitumineux : 922 to</p><p>Béton hydraulique : 170 m3</p><p>Parement en pie
b0fbb775-d34b-40fa-b5f1-cbbaa08fd7a2,3e9ba227-ce85-42a0-b372-892e899563bf,award,2025-06-25,3.0,1,EgoKiefer AG,374393.55,45000000,Travaux de construction,"<p>La présente procédure est une procédure ouverte, non soumises aux traités internationaux, portant sur la mise en concurrence d’un marché de travaux de construction pour la fourniture et la pose des nouvelles menuiseries extérieures du bâtiment situé Rue des Glacis-de-Rive 5 à Genève.&nbsp;</p>"
b950d25e-c56f-4b5f-8a8a-4e0277622b25,613b6451-ec9d-46f0-be6a-ae98841341cb,award,2024-10-01,2.0,1,Jacquet SA,749863.34,45112700,Travaux d'aménagement paysager,<p>Le projet de desserte du futur quartier des Grands Esserts prévoit la mise en place d’une nouvelle ligne urbaine (ligne 7/34) sur la route de Vessy (travaux en cours) et d’une ligne de bus à haut niveau de service (BHNS) sur la route de Veyrier.</p><p><br></p><p>Le présent projet correspond à l’a
741e4a31-fed8-433a-adba-1df818b0727e,309a5f03-98d7-4659-9374-ba1e72db066e,award,2024-10-01,3.0,1,Rampini & Cie SA,,45000000,Travaux de construction,"<p>Le présent projet tramway vise à mettre en œuvre une nouvelle diagonale entre les</p><p>voies&nbsp;</p><p>de tramway des lignes 12/17, afin de permettre leur « rebroussement », nécessaire à&nbsp;</p><p>l’exploitation du réseau de tramway en cas de défaillance du côté Moellesulaz</p><p>(plateau&nb"
991d5c64-02aa-4450-97ea-ab955bb0856f,83e70726-a752-47e3-ae18-4c1db62d82d7,award,2025-06-05,1.0,1,Groupe E Connect SA,1140807.0,45450000,Autres travaux de parachèvement de bâtiment,<p>Campus Santé</p><p>C4 Centre Coordonné de Compétences Cliniques 33'600'00 HT</p><p>HESAV Haute École de Santé Vaud 87'600'000 HT</p><p>SITE 35'500'000 HT</p><p>Lot 109 Équipement courant fort HESAV</p>
cde30ff2-ebfd-44e4-abe9-68fdc0502571,e314f5dd-bfe7-49db-864b-ee6a6f229556,award,2025-07-04,5.0,2,Induni & Cie SA; SCRASA SA,33353997.72,45000000,Travaux de construction,<p>Génie civil (assainissement et chauffage à distance) - Estimation CHF 11'000'000.-</p>
3a8cd10c-12c1-4b70-a883-8f2d40e5b99d,44cd4cb3-f67a-432a-861f-04b82d031f2e,award,2025-06-10,5.0,1,Schöpfer Schreinerei AG,66719.6,45000000,Travaux de construction,<p>BKP 211.5 – Aussentüren in Holz (Mitteltrakt)</p>
5cc73ae6-62ff-4783-bdb5-c5ef81210fe9,557763dd-0e01-4a32-8ccd-51ac48d5ecd0,award,2025-06-27,10.0,1,Michel Cona SA,614926.8,45324000,Travaux de pose de plaques de plâtre,"<p>Travaux de plâtrerie pour la construction de 22 logements, 5 petits commerces et d'un centre culturel avec une salle de spectacle, ainsi que d'un parking souterrain de 84 places voitures et 10 places deux roues.</p>"
5cc73ae6-62ff-4783-bdb5-c5ef81210fe9,5fd479d9-fe05-4eba-937c-49752256999d,award,2025-06-27,10.0,1,Michel Cona SA,,45324000,Travaux de pose de plaques de plâtre,"<p>Travaux de peinture pour la construction de 22 logements, 5 petits commerces et d'un centre culturel avec une salle de spectacle, ainsi que d'un parking souterrain de 84 places voitures et 10 places deux roues.</p>"
c1655971-1401-4cda-93f2-16d5b415535b,d759dc4f-fcdb-4130-9780-e7eef3f24978,award,2025-07-02,1.0,1,Arteferro Suisse SA,674257.54,45000000,Travaux de construction,<p>Remplacement de la machinerie scénique.</p><p>Travaux de démontage machinerie scénique.</p><p>Estimation : CHF 642'600.-</p>
cdde9a48-9a15-4b0e-8d38-b7fffc47dfa7,8f0cc6ef-b40b-41ba-8a60-06075538383d,award,2025-05-22,6.0,1,Jacquet SA,3558377.42,45200000,Travaux de construction complète ou partielle et travaux de génie civil,"<p>Le projet de la Voie Verte d’Agglomération Rive Droite (VVA-RD) s’inscrit dans le cadre de la mise en œuvre du Projet d’Agglomération franco-valdo-genevois (PA), cette voie verte offrira un nouvel espace public continu de 5.5 km entre le quartier de Concorde et la route de Satigny, à travers les "
8d3bd2b1-ab54-45ca-b27e-38735f28e55c,0ce27b60-ce94-4899-bc11-46402552250d,award,2025-05-28,4.0,1,Format Paysage Sàrl,451855.65,45000000,Travaux de construction,"<p>Construction d'une nurserie, crèche et UAPE à Saillon, CFC 421 Aménagements de jardin</p>"
78489725-444b-45c0-9d2b-7edf9f428869,842fa9a9-1737-4d52-b480-8cedd9239d4d,award,2025-05-14,1.0,1,Hunziker AG Thalwil,288972.0,39292100,Tableaux noirs,<p>Remplacement des tableaux noirs coulissants de trois auditoires dans le bâtiment de Science II</p>
a80a1f35-21bd-434b-9d4a-dcdb0ef0bcc8,5b403926-51db-4864-b234-0b6c0d6418ae,award,2025-05-14,3.0,1,Rhomberg Sersa Rail AG,870230.78,34946200,Matériaux de construction de voies ferrées,<p>Selon cahier des charges techniques (pièce B1)</p>
73959607-1a6a-4d7a-b54a-ebe2250a8b57,dfb8232a-8cef-4ffb-bd70-bbf109c7694a,award,2025-06-30,4.0,1,Implenia Schweiz AG,23843792.88,45000000,Travaux de construction,"<p>Travaux de génie civil, travaux au niveau de la voie ferrée, modification et création d'ouvrages en terre (talus) et d'ouvrages en béton (pont, passage inférieur, mur, aqueduc) pour le projet de renouvellement intégral de la ligne du Mandement (RIM), lot A – Maintien de la substance Satigny – La "
e252be9a-9242-425b-9f49-a5b0b2ccb867,3bf168d2-b51b-4d05-b501-6281c1acf035,award,2025-08-07,8.0,1,Blanc & Duc SA,50452.45,45000000,Travaux de construction,<p>Transformation d'une halle en bureaux administratifs / Bâtiment B sur site de Piscine 10 / Route de la Piscine 12 Sion / CFC 283.5 Faux-plafonds acoustiques suspendus / Suivi des travaux Bureaux Mijong Architectes</p>
1c0e67fb-b988-47bc-bd93-ab9f6405a08e,1d4a3275-d73a-4f7c-a612-e0b1d0f89196,award,2025-08-06,2.0,1,Walpen AG Hoch- und Tiefbau,1196374.95,45200000,Travaux de construction complète ou partielle et travaux de génie civil,<p>Der Auftrag umfasst alle Baumeisterarbeiten rund um die Umbau- und Sanierungsarbeiten der Automobilkontrolle Visp</p>
58f6af6f-0d4c-4b9f-bb61-bda1aa58cdfc,9b98e0f7-275b-4b0f-b968-d6af5d9ec3b2,award,2025-08-25,4.0,1,Induni & Cie SA,7696172.43,45000000,Travaux de construction,"<p>Pour répondre à la forte croissance du nombre d’étudiant(e)s tout en préservant son excellence pédagogique, l’EPFL lance le Double Deck, un projet ambitieux pour adapter et étendre ses infrastructures, il s’agit de la création d’un nouveau pôle de formation au cœur du campus.</p><p>Le projet a de"
4a707f58-0160-4ce9-aa38-a5f0aa5a065b,24333012-306e-450b-bbbd-ab229d316ee7,award,2025-08-19,4.0,2,TULUX AG; Zumtobel Lumière SA,340653.45,45214210,Travaux de construction d'écoles primaires,<p>CFF 333 Lustrerie</p>
1aee6dcb-3733-4e4f-bf16-7e05397b17af,8ac49a61-c6db-4ee1-8414-8dcd4ccf62b2,award,2025-08-19,3.0,1,Ginox SA,264960.65,45214210,Travaux de construction d'écoles primaires,<p>CFC 358 Cuisines professionnelles </p>
f1e78adf-6552-4602-857d-b657361f9756,c2a55b3f-30f8-449c-970f-894e4a904e76,award,2025-08-11,7.0,1,Thermex SA,245040.05,45232141,Installations de chauffage,<p>Fourniture et pose d'une installation de chauffage selon documents</p>
7f13cf95-3f85-458d-9880-da43789f85d7,c16e3ec4-3279-4a1d-9441-0c6068b143fe,award,2025-08-11,4.0,1,Climatec SA,231060.3,45331210,Travaux d'installation de ventilation,<p>Fourniture et pose d'une installation de ventilation</p>
f170b614-397b-4d08-bc07-9d3207b80034,1315ed03-0bf0-4d8c-bbb6-bb324c774b3f,award,2025-07-30,1.0,1,BUCHARD SA,1679805.38,45000000,Travaux de construction,<p>Construction d'un nouveau Campus pour les besoins de l'EDHEA (Ecole de Design et Haute Ecole d'Art) et de l'Ecole de Couture du Valais à Sierre.</p><p>L'objectif du nouveau Campus est de créer des espaces d'apprentissage et de travail ainsi que des salles de classe fonctionnelles et adaptées aux 
6695d2f5-1dcf-4f3b-8e42-6bb765459d02,87ceb01f-644d-4e1a-aac0-b90a3e75343f,award,2025-06-18,3.0,1,Alder + Eisenhut AG,238129.15,45000000,Travaux de construction,"<p>Equipement audio visuel aula - Projecteur écran, perches</p>"
6695d2f5-1dcf-4f3b-8e42-6bb765459d02,2dcf97cd-abc0-470c-8898-b8967aa87b33,award,2025-07-30,3.0,1,arbora-paysagistes Sàrl,1489951.8,45000000,Travaux de construction,"<p>Travaux d'aménagements paysagers, terrassement, revêtement, maçonnerie</p>"
56e23537-c49d-423a-83cd-53ed0092ac59,9d4a5992-3b95-4782-839e-2f21b70c68a5,award,2025-07-30,2.0,1,Maison Bornet SA,439948.82,45000000,Travaux de construction,<p>Construction d'un nouveau Campus pour les besoins de l'EDHEA (Ecole de Design et Haute Ecole d'Art) et de l'Ecole de Couture du Valais à Sierre.</p><p>L'objectif du nouveau Campus est de créer des espaces d'apprentissage et de travail ainsi que des salles de classe fonctionnelles et adaptées aux 
0151484c-e3cd-44f9-b533-a6127998f9a6,d48fdad5-aba2-4ea3-a6de-022c21001190,award,2025-07-30,4.0,1,Bender Paysagiste SA,206102.4,45000000,Travaux de construction,<p>Transformation d'une halle en bureaux administratifs / Bâtiment B sur site de Piscine 10 / Route de la Piscine 12 Sion / CFC 421 aménagements extérieurs / Suivi des travaux Bureaux Mijong + Pass-age</p>
f9b205aa-eec9-4832-94e7-7aa346dd20fc,9254e14c-87cf-4931-a868-c1f4070a883e,award,2025-07-30,4.0,1,SOTTAS SA,3848039.42,45000000,Travaux de construction,<p>Construction d'un nouveau Campus pour les besoins de l'EDHEA (Ecole de design et haute école d'art) et de l'Ecole de couture du Valais à Sierre.</p><p>L'objectif du nouveau Campus est de créer des espaces d'apprentissage et de travail ainsi que des salles de classe fonctionnelles et adaptées aux 
f9b205aa-eec9-4832-94e7-7aa346dd20fc,0b00d0b0-0a03-41a3-86a6-397b9e18cfd8,award,2025-07-30,2.0,1,Schenker Storen AG,401804.15,45000000,Travaux de construction,<p>Construction d'un nouveau Campus pour les besoins de l'EDHEA (Ecole de design et haute école d'art) et de l'Ecole de couture du Valais à Sierre. </p><p>L'objectif du nouveau Campus est de créer des espaces d'apprentissage et de travail ainsi que des salles de classe fonctionnelles et adaptées aux
9925de48-2b9a-49a1-ad6a-348b74fff091,7091febe-c4cf-407c-b265-040530dc048c,award,2025-05-10,5.0,1,Marti Construction SA,15607001.2,45232420,Travaux de construction de stations d'épuration des eaux usées,"<p>Travaux de construction en béton armé et précontraint, pour des ouvrages étanches de la STEP de l'APEC. Des travaux de reprise de conduites mises en place dans un autre lot sont à intégrer avec notamment les traversées de murs.</p>"
0e6aca09-40ec-4d0c-b700-1e87595ea1b6,a871a707-0150-4dcf-b5e3-76444d11bb25,award,2025-07-21,1.0,1,Garaventa AG,8675092.05,45234240,Funiculaire,<p>Le présent appel d'offre concerne :</p><ul><li>&nbsp;Fournisseur Funiculaire Leysin-Village Accès Versmont – Planification et réalisation d'un funiculaire;</li><li>&nbsp;Fournisseur Funiculaire Leysin-Centre – Feydey - Planification et réalisation d'un funiculaire y compris superstructure.</li></
09645829-5049-4bd3-bfa7-2e1fb5829766,9c22c344-3088-4ccb-9064-4bddbaae9008,award,2025-08-11,5.0,1,Ulrich Imboden AG,745984.65,45000000,Travaux de construction,<p>Erweiterung Löschwasserreservoir A9 Bächji in Visperterminen</p>
efbef2dd-1a1a-4926-a0a0-65a151c2d506,3de745cd-f418-4bcb-ba4b-812765980b6b,award,2025-04-16,3.0,1,Camandona SA,1747568.45,45233120,Travaux de construction de routes,<p>Le présent marché prévoit la réalisation de travaux de génie civil au niveau du nouveau garage-dépôt pour la flotte de bus de la compagnie des MBC et de la route cantonale RC 79 B-P&nbsp;:</p><p>-&nbsp;&nbsp;&nbsp;&nbsp;&nbsp;&nbsp;Pour la RC 79 B-P existante :</p><p>§&nbsp;son élargissement côté
ee1633ec-7961-4fe0-bed0-1dce155e0fa7,b7e744fb-ef71-4c69-96bf-72891faaea22,award,2025-07-15,3.0,1,Delta Türsysteme AG,4193635.0,45441000,Travaux de vitrerie,<p>Campus Santé</p><p><strong>C4 Centre Coordonné de Compétences Cliniques - ~33'600'000 HT</strong></p><p><strong>HESAV Haute Ecole de Santé Vaud - ~87'600'000 HT</strong></p><p><strong>SITE - ~35'500'000 HT</strong></p><p><strong>lot 134 vitrages intérieurs</strong></p>
a7e6a71e-0c59-4d34-923a-731a5ec5948a,03a582b4-e954-4452-a25a-a235986bec90,award,2025-05-22,4.0,1,Realsport Group SA,276456.72,45000000,Travaux de construction,<p>Voir documents annexes.</p>
971f6c3c-e7fc-4a69-ba4b-0e8971c7267f,0de6c85d-f2e4-4087-98ac-bc907ca289df,award,2025-08-05,4.0,1,Implenia Schweiz AG,,45200000,Travaux de construction complète ou partielle et travaux de génie civil,"<p>Le projet consiste à créer une Zone 30 km/h sur le Hameau de Saint-Maurice, sur la commune de Collonge-Bellerive.</p><p>Les travaux de génie civil comprennent essentiellement des aménagements de surface pour la création d'éléments de modération de trafic, dont le réalignement de certains bords de"
4259a568-ea56-4d94-8fed-be35ad375f53,83122dbc-65ce-4f36-b573-7c63e0d829d5,award,2024-12-19,14.0,1,Moll S.A. Travaux spéciaux,211902.1,45430000,Revêtement de sols et de murs,<p>Construction d'un dépôt pour le stationnement des bus et d'un atelier de maintenance</p>
62205319-8fd2-4993-a31f-6f17d3a5a455,83dac179-aa69-40e9-a472-7b577dab3160,award,2025-03-11,3.0,1,Joux S.A.,611452.05,45400000,Travaux de parachèvement de bâtiment,<p>Construction d'un dépôt pour le stationnement des bus et d'un atelier de maintenance.</p>
ca02980f-19aa-4888-848b-e702d7e3d01e,195f45d7-edf8-4060-862f-213c55692bca,award,2025-02-05,3.0,1,MELLO & FILS SA,541066.26,45454100,Travaux de réfection,<p>Réfection des façades de la Villa Les Ormeaux - Mission de France</p>
4ffa794f-d0f4-460b-b37a-dce40bd55923,fcf6e76c-e0e8-4aca-b0ae-fbf46aedcc5f,award,2025-03-14,3.0,1,Maulini SA,323486.01,45454100,Travaux de réfection,<p>Réfection des façades de la Villa les Ormeaux - Mission de France</p>
c97150c9-b92e-4281-9d4f-0170caf5c67d,63e61f80-02b4-44eb-a6c8-bb88006e7b50,award,2025-07-21,5.0,1,SPIE MTS SA,794753.15,45000000,Travaux de construction,<p>Rénovation globale et transformation du bâtiment historique de Beau-Site à Aigle (bureaux et surfaces commerciales) et aménagements extérieurs avec esplanade plantée.</p><p>Le présent appel d'offre concerne les installations électriques.</p>
71991f62-de16-4968-8d8c-fa8a2ec1ced8,ca8ae547-c2e8-4001-b140-11d59886395e,award,2025-07-21,6.0,1,Echenard SA,705330.05,45220000,Ouvrages d'art et de génie civil,<p>Renouvellement OA 4548 – Bouquetins.</p><p>Renouvellement du mur de soutènement par un enrochement bétonné et une paroi clouée provisoire.</p>
58302acf-5967-46d6-b497-d6e45b05f2eb,89eaaf89-f36e-4e79-9aea-00b704033cd7,award,2025-06-26,2.0,1,Picatech Huber AG,862709.0,42996000,Machines de traitement des eaux usées,<p>Renouvellement des dégrilleurs grossiers</p>
e75c377c-ad82-4401-898c-315a491d7954,cc9ac80b-8f15-42f0-97ba-a56327d3eb58,award,2025-06-25,5.0,1,Climatec SA,271277.0,45331210,Travaux d'installation de ventilation,"<p>Cet appel d'offre a pour but de désigner une entreprise en charge de la conception&nbsp;</p><p>(ingénierie de détails), la fourniture, la livraison, le montage et la mise en service (es-</p><p>sais de performances compris) de l'ensemble des équipements nécessaire à la ventilation</p><p>de la STEP"
cbf2db88-9395-4a3f-8888-949f48da9d77,12c375ea-8b69-47ac-a79d-b06f2e59f018,award,2025-06-24,3.0,1,Etico SA,1143771.14,45261400,Travaux de revêtement,"<p>Le lot cité en référence est destiné́ à réaliser l’étanchéité en toiture du </p><p>Micropolluants, </p><p><br></p>"
d8b91702-6d4d-46d2-b672-033929eeb2bf,8be6e5aa-ad05-4295-9d38-f8f0cdc73d41,award,2025-07-03,2.0,1,R. Morand et Fils SA,1371101.76,45261100,Travaux de charpente,<p>Rénovation du Poste HT-MT de la Foretaille. Travaux de construction de la charpente métallique</p><p><br></p>
20c4e055-4937-49f5-b35f-49123eaffcc8,a1e4e68f-c880-4edf-9a72-159af02d3556,award,2025-07-02,3.0,1,Rhomberg Sersa Rail AG,,45234000,Travaux de construction de voies ferrées et de systèmes de transport par câble,"<p>Pose des voies et appareils de voie de l’entrée ferroviaire du site chimique </p><p>• Installation de chantier </p><p>• Logistique, stockage et approvisionnement des matériaux de construction </p><p>• Pose et montage des AVs </p><p>• Pose et Montage de voie </p><p>• Ballastage </p><p>• Bourrage 1"
4be41110-ce9c-4eeb-8f8b-1a55d3496d69,f5fe82d0-48a7-4c46-b03e-7b441e236eb2,award,2025-07-24,2.0,1,Gombau AG,1874072.75,45230000,"Travaux de construction de pipelines, de lignes de communication et d'énergie, d'autoroutes, de routes, d'aérodromes et de voies ferrées; travaux de nivelage","<p>Baumeisterarbeiten: neue 65 kV Leitung Fiesch - Fieschertal, Abschnitt 1</p><p><br></p><p>Grabarbeiten, L = ca. 2650 m für diverse Kabelschutzrohre&nbsp;</p><p>Davon ca. 1700&nbsp;m im Strassenbereich</p><p>Davon ca. 950&nbsp;m im Wiesenbereich oder Bankett </p><p>Liefern und verlegen von Kabelsc"
780781ef-8b52-4b5d-823b-c82fee08ff2f,42f38d6e-4c41-4c9a-be63-4674642af159,award,2025-07-01,2.0,1,Cerutti Toitures SA,,45000000,Travaux de construction,"<p>Rénovation compète des toitures du bâtiment. </p><p>Prestation du mandataire : Dépose partielle de l’ancien complexe de toiture, suivie de la mise</p><p>en œuvre d’un nouveau complexe complet, incluant l’installation d’un système de sécurité</p><p>en toiture.</p><p>Temporalité : Début du chantier"
881959ae-7642-48cd-8397-6e90673a71cf,7a413e08-6f8d-44a6-85bb-f9bf3a39ef56,award,2025-07-10,1.0,1,SOGECA SA,,45000000,Travaux de construction,<p><strong>Création de trois terrains de padel couverts situés chemin de la Berne 5 – 1217 Meyrin</strong></p><p><strong>CFC 11 Préparation du terrain - CFC 17 Travaux spéciaux de génie civil - CFC 411 Travaux de l’entreprise de maçonnerie</strong></p><p><br></p><p>Prestation de l’entreprise&nbsp;: 
a9a2b569-6f35-4eff-b1fa-c7102d55a6c4,b25933b2-362b-48cd-a457-36a1c0407424,award,2025-07-10,2.0,1,Berisha SA Constructions métalliques,,45000000,Travaux de construction,"<p><strong>Création de trois terrains de padel couverts situés chemin de la Berne 5 – 1217 Meyrin</strong></p><p><strong>CFC 413.3 Construction en acier - CFC 414 Couverture, Etanchéité et Ferblanterie - CFC 414.8 Revêtement de façade</strong></p><p><br></p><p>Prestation du l’entreprise : Travaux de"
d75d9761-7e64-4ee5-b835-ebe3a6df0e75,a938f8a7-d915-426d-8f2b-efa4a386666d,award,2025-07-10,1.0,1,ISSAjura SA,271184.0,45320000,Travaux d'isolation,<p>Campus Santé</p><p>C4 Centre Coordonné de Compétences Cliniques 33'600'00 HT</p><p>HESAV Haute Ecole de Santé Vaud 87'600'000 HT</p><p>SITE 35'500'000 HT</p><p>Lot 108 Étanchéité et isolation spéciale (coupe feu)</p>
2af3aacb-a18a-4346-9208-f0b6074f7910,de2fbb20-9512-41de-aab3-3b3ef625ccb1,award,2025-06-27,5.0,1,Joux S.A.,178386.85,45421140,"Pose de menuiseries métalliques, excepté portes et fenêtres","<p>Travaux de serrurerie et d'ouvrages courantes métalliques dans le cadre de la construction de 22 logements, 5 petits commerces et d'un centre culturel avec une salle de spectacle.</p>"
1877fbf6-d418-4a66-9e70-35abce1c6664,95d008b1-3523-4ac0-8855-8f69c9bd8e63,award,2025-07-07,5.0,1,Berisha SA Constructions métalliques,182284.0,45400000,Travaux de parachèvement de bâtiment,<p>Campus Santé</p><p>C4 Centre Coordonné de Compétences Cliniques - ~33'600'000 HT</p><p>HESAV Haute Ecole de Santé Vaud - ~87'600'000 HT</p><p>SITE - ~35'500'000 HT</p><p>Lot 131 - Ouvrage métallique C4</p>
2230ffb0-a627-41e1-963c-0daa019f0bc4,ed17aceb-1d32-4e88-9656-47376c365047,award,2025-07-07,8.0,1,HBF SA Metal System Solutions,362012.0,45400000,Travaux de parachèvement de bâtiment,<p>Campus Santé</p><p>C4 Centre Coordonné de Compétences Cliniques - ~33'600'000 HT</p><p>HESAV Haute Ecole de Santé Vaud - ~87'600'000 HT</p><p>SITE - ~35'500'000 HT</p><p>Lot 230 Portes en métal C4</p>
9ffac979-e474-4d55-9f6c-159685470225,9cc2aed3-00be-422a-86d5-5a52aaa1c9de,award,2025-07-07,4.0,1,HBF SA Metal System Solutions,477771.0,45400000,Travaux de parachèvement de bâtiment,<p>Campus Santé</p><p>C4 Centre Coordonné de Compétences Cliniques - ~33'600'000 HT</p><p>HESAV Haute Ecole de Santé Vaud - ~87'600'000 HT</p><p>SITE - ~35'500'000 HT</p><p>Lot 331 Escalier métallique</p>
dd26b084-1c2b-41c5-b841-fd8ac0e6ddd7,ac3800df-fb18-40e0-83ec-0dc292b3150d,award,2025-08-07,2.0,1,Gebrüder Zengaffinen AG,5535531.5,45000000,Travaux de construction,<p>La sous-station du Creux de Chippis est une plaque tournante importante de l’approvisionnement national en électricité.</p><p>Le contrôle de la sécurité sismique a montré que l’ouvrage présente une sécurité sismique insuffisante dans son état actuel. L’ingénieur civil a développé un concept de re
e2eb9dac-f37d-42b9-a2b7-66a5887ad71c,41bdaa4a-f72b-4267-b7b4-c08c74b4f533,award,2025-07-14,8.0,1,Grisoni SA,264196.0,45000000,Travaux de construction,<p>Rénovation globale et transformation du bâtiment historique de Beau-Site à Aigle (bureaux et surfaces commerciales) et aménagements extérieurs avec esplanade plantée.</p><p>Le présent appel d'offre concerne les installations sanitaires du bâtiment.</p>
6e7acb11-4aef-472a-8e81-56e95013be2e,1ed7a72f-ce2c-497a-b64f-d4e421a7db79,award,2025-07-07,7.0,1,Groupe Egli AG,565896.65,45421146,Mise en place de plafonds suspendus,"<p>CFC 283.3 : Faux-plafonds en fibres minérales</p><p>Pose de plafonds en fibres minérales pour une amélioration acoustique et thermique, avec intégration (éventuelle) de matériaux réemployés.</p>"
595bff58-a20f-4784-a144-f7811fae0bda,27135a4a-54ff-4ca3-95c8-7285807c0cde,award,2025-08-05,3.0,1,SOTTAS SA,2184543.75,45443000,Travaux de façade,<p>Construction d'un bâtiment détente</p>
bd85d0a6-48e7-43e2-809d-ce91927f00a5,62daca5f-077a-43c5-96b9-630ebf1db4d4,award,2025-08-05,3.0,1,Eckardt & Hofmann Naturstein-Bau AG,3940257.85,45443000,Travaux de façade,<p>Construction d'un bâtiment détente</p>
402b4fcf-9b63-41f6-a4f3-5166f834abf4,cc1d8cad-7e1e-4f3b-a8be-1f5d4c94b0d6,award,2025-08-05,2.0,1,Storama AG für Sonnen- und Wetterschutz-Technik,86828.0,45421143,Travaux d'installation de stores,<p>Construction d'un bâtiment détente</p>
8450d8c5-628b-4d9b-863e-61a1fa295943,54846588-15d0-4b34-b076-727aa1f8906c,award,2025-08-05,1.0,1,Josef Muff AG,4454108.08,45231220,Travaux de construction de gazoducs,"<p>Die vorliegende Submission umfasst die Rohrbauarbeiten inklusive der Druckprüfungen zur Umlegung der bestehenden Erdgasleitung Rhonetal (ELR), Strecke 70 (70 bar). Das Trassee dieser erstreckt sich über rund 3'500m und verläuft parallel zum Trassee der Kantonsstrasse T9.</p><p>Die Umlegung der EL"
8605913d-9c09-435f-a49f-7e9b70c91b81,02e3e635-f129-4182-bf72-d55b47be6596,award,2025-07-01,3.0,1,Amaudruz S.A.,247607.0,45450000,Autres travaux de parachèvement de bâtiment,<p>Campus Santé</p><p>C4 Centre Coordonné de Compétences Cliniques 33'600'00 HT</p><p>HESAV Haute Ecole de Santé Vaud 87'600'000 HT</p><p>SITE 35'500'000 HT</p><p>Lot 113 Equipement courant fort HESAV - rail énergie</p>
96e986ed-95f6-4a4d-b61b-2659314b5efd,b93730ee-8cc9-4cf0-8de4-1f872947bb29,award,2025-07-07,2.0,1,Oberson Parquets Sàrl,287738.8,45000000,Travaux de construction,<p>Rénovation globale et transformation du bâtiment historique de Beau-Site à Aigle (bureaux et surfaces commerciales) et aménagements extérieurs avec esplanade plantée.</p><p>Le présent appel d'offre concerne le revêtement de sol en bois à l'intérieur du bâtiment Beau-Site.</p>
ce9dd106-7137-41e7-ab96-bc5d513d081c,41fd9ac1-15d0-42b7-bcbd-2717ef4cc5f1,award,2025-06-30,4.0,1,Egg-Telsa SA,5855118.57,45311200,Travaux d'installations électriques,<p>Travaux d'installations électriques pour le nouveau bâtiment de la police internationale à Genève</p>
dcd908a6-795f-4dee-96c6-937381000841,3904804b-2878-4995-9fc6-4ca27aa0313f,award,2025-08-29,6.0,1,"Röthlisberger AG, Die Schreinermanufaktur",139507.0,45421000,Travaux de menuiserie,<p>Campus Santé</p><p>C4 Centre Coordonné de Compétences Cliniques 33'600'00 HT</p><p>HESAV Haute Ecole de Santé Vaud 87'600'000 HT</p><p>SITE 35'500'000 HT</p><p>Lot 235 Menuiserie courante C4</p>
5d72edf6-c4de-4b7a-b41f-306f2e5a11c5,f9b5bd37-a127-4444-88e4-139431a9ec91,award,2025-09-18,1.0,1,Realsport Group SA,1400000.0,45200000,Travaux de construction complète ou partielle et travaux de génie civil,<p>Réfection complète de la piste d'athlétisme en vue de l'obtention d'une nouvelle homologation de celle-ci selon les normes de l'IAAF Certificate Classe 1</p>
bd688ea6-b6ff-4412-9897-dde81f32f3c2,a5151760-e0fd-48e8-b89f-df39aa1fdb05,award,2025-09-24,1.0,1,Fumeaux SA,,45232460,Travaux d'installations sanitaires,"<p>Le site Octofer à Martigny est constitué d’un bâtiment administratif extérieur. D’une première halle, divisée en un atelier d’entretien des bogies sur le côté Nord (halle bogies) et une halle de maintenance des trains (Catogne I) en cours de réalisation. D’une seconde halle sur le côté Est intégr"
b9c8b68b-ae3c-44d5-bcb5-d507e67e05bb,9ed7140c-b4d2-496b-b592-d40561cf8605,award,2025-05-20,6.0,1,Astori SA,605814.32,45421131,Pose de portes,<p>Travaux de portes intérieures bois pour le bâtiment du groupe scolaire Le Rolliet à Plan-les-Ouates</p>
d87399a4-4ecc-477b-bfcd-6e2854adf7d4,858aa3b9-af04-42e2-bae9-395a97c6a9c8,award,2025-05-28,3.0,1,Ebénisterie Denis Schneeberger SA,1188778.16,45421153,Installation de meubles encastrés,<p>Travaux de menuiseries intérieures bois pour le nouveau bâtiment du groupe scolaire Le Rolliet à Plan-les-Ouates.</p>
b49259df-e43b-4e79-97b9-fe7ff975bf9e,3f9d45d7-3fb6-4808-8604-b061f27038f8,award,2025-07-31,1.0,1,Al'Réalisations Sàrl,409046.05,45432111,Travaux de pose de revêtements de sols souples,<p>L'ensemble des éléments sont décrits dans le dossier d'appel d'offres.</p>
ad802b53-789a-40b6-8607-13be91a55243,d6d2849c-14c8-42c3-81ec-bb25e248f69a,award,2025-03-03,4.0,1,Helion Energy AG,508703.0,45000000,Travaux de construction,<p>Selon dossier d'appel d'offres</p>
b77266b5-6b3c-41ce-9030-3bb82dc9223d,f1000db0-03b8-489f-9f7d-27a565b92adc,award,2024-12-19,2.0,1,Balzan et Immer S.A.,757711.79,45000000,Travaux de construction,<p>Selon dossier d'appel d'offres</p>
45c3265a-6a49-40d1-892c-ef3c093b1f2f,5feb0f81-4202-4006-a2aa-037417cad0b7,award,2025-08-26,3.0,1,Rampini & Cie SA,,45200000,Travaux de construction complète ou partielle et travaux de génie civil,"<p>Les réservoirs de la Berne ont été construits en 1973. Ils sont constitués de deux cuves circulaires de 36m de diamètre, pour une hauteur maximale de 10.50m à la voûte. Deux bâtiments sont accolés aux cuves, le « Bâtiment des vannes » et la « Station de pompage ».</p><p>Les cuves sont des coupole"
d70324ec-cd18-41f2-b26b-92f8b8039ada,1701a948-6e28-4311-9044-672bbf19bfc0,award,2025-08-20,4.0,1,Piasio SA,2113375.8,45200000,Travaux de construction complète ou partielle et travaux de génie civil,<p>Remplacement du collecteur EP en DN700 Long. 300m env</p><p>Tubage du collecteur EU DN400 dans un collecteur EU DN600/900</p><p>Démolition d'un collecteur EU DN400 et d'une chambre abandonnée</p><p>Mise en conformité des raccordements privés uniquement sous domaine public</p><p><br></p>
0ce64b4d-3c24-46c6-a0cd-39dd22ccc46f,13a479f6-6ca0-44fe-aa2a-aee3d48567ce,award,2025-02-13,4.0,1,DASTA CHARPENTES-BOIS SA,599523.78,45421000,Travaux de menuiserie,"<p>Exécution des menuiseries intérieures bois de la salle de sport du nouveau groupe scolaire Le Rolliet, sur la Commune de Plan-les-Ouates.</p>"
5a04a273-42d5-4258-b7c6-fb076ca13c32,977f6562-5e16-45db-a823-2f39d73584e4,award,2025-03-06,9.0,1,Entreprise Belloni SA,1011491.72,45442100,Travaux de peinture,<p>L'ensemble des éléments sont décrits dans le dossier d'appel d'offres.</p>
9272dc63-0198-43dc-91ed-8077e28295d2,62619a2b-1d74-4aeb-b15e-4ce64f0ea0fd,award,2025-09-08,2.0,1,BBL SA,638624.4,45261420,Travaux d'étanchéification,<p>Construction de l'EMS Caste Notre-Dame à Martigny</p>
4e0d741d-239f-4153-9102-4c94203ab307,ba72825f-e991-4f46-9d32-ddec65962913,award,2025-06-24,4.0,1,Boccard Parcs et Jardins SA,1236932.56,45000000,Travaux de construction,<p>Travaux d'aménagements extérieurs et de plantations pour le bâtiment du groupe scolaire Le Rolliet à Plan-les-Ouates.</p>
3d2a9f31-602a-4274-8d49-0f7eb0e99768,49197ce6-e33d-41c0-a739-da098776b6b6,award,2025-09-18,1.0,1,Axentia Technologies AB,363367.0,45300000,Travaux d'équipement du bâtiment,<p>L’objet du marché de l’appel d’offres porte sur la fourniture et la maintenance sur une période de 5 ans d’une huitantaine de bornes d'information voyageurs (BIV) et du matériel de fixation nécessaire. Ces BIV seront installées aux arrêts des lignes de bus et connectées au système d'information v
291ad886-3d74-412b-8047-96994e021568,a580dd5d-a27e-4c90-a87d-658f51a749c4,award,2025-08-25,3.0,1,Marti Arc Jura SA,1712608.9,45200000,Travaux de construction complète ou partielle et travaux de génie civil,"<p>Depuis plusieurs années, des castors ont élu domicile dans le tronçon du canal du Bey concerné par le présent appel d’offres. Leur présence engendre diverses perturbations, notamment en raison de la construction de barrages et de terriers qui altèrent l’écoulement naturel de l’eau et influencent "
4ff70a2d-564f-4d75-b558-4c8156c50800,af8746c5-1ab2-4f64-93b5-654e3b7fe4c0,award,2025-08-25,2.0,1,BioSaule Sàrl,277270.2,45200000,Travaux de construction complète ou partielle et travaux de génie civil,"<p>Depuis plusieurs années, des castors ont élu domicile dans le tronçon du canal du Bey concerné par le présent appel d’offres. Leur présence engendre diverses perturbations, notamment en raison de la construction de barrages et de terriers qui altèrent l’écoulement naturel de l’eau et influencent "
0dfc3761-0ef8-411e-9362-2d33e334651d,935ae548-f934-4836-afbf-3bb6461c4aa7,award,2025-08-27,2.0,1,Cleanup CF SA,141819.1,45000000,Travaux de construction,"<p>CFC 287 - Nettoyage du bâtiment</p><p><br></p><p>Construction du nouveau Lycée-Collège Ella Maillart (au Cours Roger Bonvin) à Sion</p><p>Volumes / Surfaces plancher (selon SIA 416) 105'800m3 / 23'100 m2</p><p>Niveau salle de gymnastique (semi enterrée), Niveau d'entrée, 2 niveaux sur entrée, niv"
9cbfda3e-090e-44de-ba87-e779d97944d9,5e494a93-9f3e-44e9-bd05-9c0a0350dbc0,award,2025-07-31,3.0,3,Batiflex Construction SA; Entreprise générale CASANOVA SA; ERNE AG Holzbau,3175993.53,45000000,Travaux de construction,"<p>La commune de Plan-les-Ouates et la Ville de Lancy souhaitent mettre en place un pavillon provisoire proche de l’école du Sapay pour une superficie globale d’environ 200 m2. Ceci afin de répondre, à court terme, aux besoins de la population des quartiers des Sciers et de la Chapelle. </p><p>&nbsp"
6e2c5cfa-fb0b-4644-b336-5f83700d6b33,793cc066-f06c-48eb-b136-604889c537a0,award,2025-08-19,2.0,1,CR Métallique SA,972232.37,44112110,Éléments d'abris,<p>La compagnie du chemin de fer LEB SA souhaite mettre au concours les prestations de réalisation d’abris voyageurs et marquises pour l’équipement des gares en cours de modernisation de Jouxtens-Mézery (JOUM) et Romanel-sur-Lausanne (ROSL).</p>
89da77dd-c3bb-470f-982d-4702c2f68254,acd5130a-a08e-4b72-9ea9-d9c08a5f6533,award,2025-09-16,4.0,1,Grisoni-Zaugg SA,,45000000,Travaux de construction,"<p>Il s'agit de l'extension du réseau de chauffage à distance, de la mise en séparatif du réseau d'assainissement communal et du remplacement d'une conduite communale au niveau des rues suivantes: Grand'Rue, Rue du Temple, Place de la Concorde et Rue de la Gare jusqu'à Rue de la Boverie.</p><p>La de"
0efc3eb4-cdfb-4a21-80fc-c26513aed33d,8245f3b1-0bc7-4f37-af65-88aa6005c5c5,award,2025-09-12,4.0,1,Kummler+Matter EVT AG,781385.72,45223800,Assemblage et montage de structures préfabriquées,<p>Neubau der 65/16-kV-Leitung zwischen Ackersand (Stalden) und Kalpetran. Die vorliegende Ausschreibung umfasst die Montage des Freileitungsabschnitt auf einer Länge von ca. 4.8 km. Es sollen 21 Stahlvollwand-Masten neu erstellt werden.			</p>
469cf0d1-6176-479e-97e7-32a4bc843232,aa927b12-64ef-4fa8-9bbf-f04e02b63edd,award,2025-06-16,2.0,1,BAER SA Ebénisterie-Menuiserie,764214.45,45000000,Travaux de construction,<p>Menuiserie intérieure et portes</p>
ddcedd27-a9bd-48af-b0b7-f68b13131f72,ddad43de-f27b-4420-a694-b8b429adee4a,award,2025-08-20,2.0,1,Heinzmann Reinigungs AG,156450.05,45450000,Autres travaux de parachèvement de bâtiment,<p>selon le dossier d'appel d'offres</p>
870198e4-6d2f-48ce-85ed-669b84948487,5a679c82-9f13-4c23-b39e-f2037087486c,award,2025-07-11,8.0,2,BEP SA; Cuénod Constructions SA,5066820.66,45232410,Travaux d'assainissement,"<p>Réaménagement routier du chemin des Grebattes (mise en zone de rencontre, réalisation de bandes de drainage en gravier-gazon et de îlot de déviation végétalisés)</p><p>Mise en séparatif des chemins du Grand-Champ (230ml de canalisation DN300 à DN450) et des Grebattes (230ml de canalisation DN300 "
b95a2db1-f171-4436-81db-c182b64a26a4,9b22a277-f600-472f-b619-28d5ecb1d45f,award,2025-09-08,2.0,1,"Theler AG, Bauunternehmung",998942.9,45000000,Travaux de construction,"<p>Die ARA Briglina soll erneuert und modernisiert werden. Da die Dienststelle für Umwelt&nbsp;</p><p>des Kantons Wallis eine direkte Einleitung in den Rotten verlangt, ist eine neue Auslauflei-</p><p>tung inkl. Auslaufbauwerk für das gereinigte Abwasser in den Rotten zu erstellen.</p><p>Die Auslauf"
a9e5cc97-da37-453f-98ea-eedeb02faf1b,c6547710-98c5-4d9d-8ab4-18726d3e1fe0,award,2025-08-13,2.0,1,Roth Echafaudages SA,292200.55,45262100,Travaux d'installation d'échafaudages,<p>Selon cahier des charges.</p>
38b4bdb5-4edf-4f23-a1f8-09d1899fc48a,5a1ae984-d5fc-4fa3-886c-d74678d36c98,award,2025-05-13,4.0,1,Brahoni SA,229214.3,45421100,Pose de portes et de fenêtres et d'éléments accessoires,"<p>Les travaux consistent à poser des fenêtres bois, bois métal sur un bâtiment communal (Partie existante et partie nouvelle)</p>"
9a9202a9-3f3b-426a-9226-6ca35d86fcd3,b69d0723-8123-453a-b217-c2500ab32c9c,award,2025-09-01,1.0,1,Stadler Signalling AG,12619152.95,45234115,Travaux de signalisation ferroviaire,"<p>Les prestations comprennent la planification, la fourniture, la pose et la mise en service des</p><p>installations de sécurité (enclenchements et parties embarquées) sur l’entièreté de la ligne MVR-N depuis la gare de Montreux (incluse) et jusqu’à la gare des Rochers-de-Naye (incluse).</p><p>Deux"
e9a16e41-3a0e-4ec5-8d9e-dcfcdd0f9ee9,5cf48f22-b64f-43f9-9ac2-ba9e28be9f15,award,2025-07-29,3.0,1,Béati Frères SA,1345865.9,45000000,Travaux de construction,<p>Selon cahier des charges.</p>
7055c977-c6db-4b31-a556-1b0209469c5e,2bd301e1-394b-458d-9d5c-f9874a8c0347,award,2025-08-07,1.0,1,Martin & Co SA,5370531.55,45252126,Travaux de construction de stations de traitement de l'eau potable,"<p>La Ville de Lausanne, représentée par son Service de l’eau, lance un appel d'offres ouvert pour l'attribution d’un marché de travaux de génie civil (travaux de l’entreprise N° 3) pour l’ensemble des travaux de démolition, désamiantage, carottages, de réparation de béton structurel (injections de "
c28fb345-b40e-4d59-8b3a-7d4d5d31f03a,a30470a6-7ff5-4e9e-9017-9d1dbc286f4c,award,2025-08-05,6.0,1,SOGECA SA,3867728.72,45200000,Travaux de construction complète ou partielle et travaux de génie civil,"<p>Le projet prévoit le réaménagement complet de la chaussée sur 515m de long et environ 15m de large.</p><p>Les travaux comprennent notamment&nbsp;:</p><p>- La démolition, de trottoirs existants, de structures bitumineuses de chaussée, de bordures, de batteries de réseaux, de socles béton et de cha"
535bc9fb-69d5-4113-b76e-81f1bf4629b1,34e26c11-25d1-48da-97d5-b1602a85df77,award,2025-08-13,4.0,1,GD Climat SA,711220.0,45000000,Travaux de construction,<p>Rénovation globale et transformation du bâtiment historique de Beau-Site à Aigle (bureaux et surfaces commerciales) et aménagements extérieurs avec esplanade plantée.</p><p>Le présent appel d'offre concerne les installations de chauffage.</p>
dc7e4677-1c9e-4814-b948-4b9562dede78,a8ba129c-e792-4b06-9154-62d8e9a3e14f,award,2025-04-30,3.0,1,KONE (Schweiz) AG,257710.0,45313100,Travaux d'installation d'ascenseurs,<p>Installations d'ascenseurs et monte-charges pour le nouveau bâtiment pour la Police Internationale à Genève.</p>
83f0f45c-9755-410f-b73a-141235cb3b3f,4723fc56-6b8e-40e5-9d90-e1f2bf8fdb6a,award,2025-08-27,5.0,1,Evéquoz SA,207778.5,45000000,Travaux de construction,"<p>Type de travaux : Terrassement, démolition et ouvrages</p><p><br></p><p><u>Quantités principales</u> :</p><p>Excavation de matériaux meubles : 300 m3 (volume foisonné)</p><p>Exploitation de rocher : 1'800 m3 (volume foisonné)</p><p>Béton bitumineux : 35 t</p><p>Sac dépotoir : 1 pce</p><p>Bordures"
154663db-eaef-4762-984b-ddec702ed9d9,424b89e6-c3a6-4ff4-81c6-89982e3842c6,award,2025-08-27,6.0,1,"Atra SA, succursale de Chamoson",3239812.65,45000000,Travaux de construction,<p>Démolition d’enrobé bitumineux : 1'120 to</p><p>Terrassements : 670 m3</p><p>Grave non-traitée : 825 m3</p><p>Bordures : 20 ml</p><p>Etanchéité : 2100 m2</p><p>Béton bitumineux : 1’245 to</p><p>Hydrodémolition : 160 m3</p><p>Béton hydraulique : 385 m3</p><p>Aciers d’armature : 42’000 kg</p><p>Fou
5f78d2f8-2b0e-48bd-968b-e7ee5dfc8772,a86bf381-6472-406f-b3dd-825004aec602,award,2025-09-02,5.0,1,Epiney Construction SA,669668.5,45240000,Travaux de construction d'ouvrages hydrauliques,"<p>Aménagement du torrent du Métin avec :</p><p>Ouvrage 2 : rehaussement des digues existantes ;</p><p>Ouvrage 3 : démolition de l’ouvrage existant, construction d’un ouvrage de prise en</p><p>béton armé, construction d’une conduite Ø800, aménagement d’une place de</p><p>rebroussement ;</p><p>Ouvrag"
1fe6692f-cfd6-4770-88ba-cd70a18fc243,0088b79b-d734-4830-abd8-6b756300688b,award,2025-09-03,8.0,1,Sovitec Sàrl,389748.5,45000000,Travaux de construction,<p>Fourniture et pose d'une installations électriques complète</p>
0c255606-6f9c-4d96-909b-b3c28858a132,6e74d0f9-2ac5-4030-9ea7-2a09007a2c6f,award,2025-06-05,4.0,1,Troger SA,1751220.0,45000000,Travaux de construction,<p>Installations sanitaires pour le nouveau bâtiment de la Police Internationale à Genève (Hors installations d'extinction d'incendie).</p>
25aa8e1b-5e98-47a5-87f9-31a3fe81cc55,0d194c07-ca54-45af-80ea-4b81653f0add,award,2025-04-22,6.0,1,Implenia Schweiz AG,9334264.0,45210000,Travaux de construction de bâtiments,"<p>Travaux de maçonnerie, béton armé et construction métallique pour le nouveau bâtiment pour la Police Internationale à Genève.</p>"
eae78c52-e22e-484f-bbac-69a6c2fb9999,4cca15d8-8319-45bb-a8f5-a60d0924ddf1,award,2025-07-10,3.0,1,SOTTAS SA,3321330.34,45216110,Travaux de construction de bâtiments destinés aux institutions d'ordre public,<p>Travaux de façade pour le nouveau bâtiment de la police internationale à Genève</p>
a647e7fb-de57-4a96-9285-b78683638e64,b9b34ce1-0200-4e3e-9c20-e8474526f454,award,2025-08-20,5.0,1,Orllati (GE) SA,386379.45,45321000,Travaux d'isolation thermique,<p>Isolations des façades et crépissage</p>
d93d6d7b-3484-4001-bcd3-08cd1ce40839,f36ca82f-5cd0-490d-b63c-b98881092d34,award,2025-08-04,5.0,1,Ruffieux Fenêtres SA,591667.85,45215120,Travaux de construction de bâtiments médicaux spécialisés,"<p>Travaux de remplacement, de fourniture et pose de fenêtres et portes-fenêtres</p>"
d93d6d7b-3484-4001-bcd3-08cd1ce40839,5e1db266-adfd-4bf9-ac1d-e235956e78e9,award,2025-08-04,2.0,1,PHIDA Étanchéité (Riviera) SA,1141523.15,45215120,Travaux de construction de bâtiments médicaux spécialisés,<p>Travaux de couverture ferblanterie et étanchéité</p>
d93d6d7b-3484-4001-bcd3-08cd1ce40839,15e1a062-fbab-4381-9a7a-ea38ed824a57,award,2025-08-04,2.0,1,Schenker Storen AG,339363.8,45215120,Travaux de construction de bâtiments médicaux spécialisés,<p>Travaux de fourniture et pose de stores à lamelles et en toile</p>
a610f187-698a-42e4-a8a8-b2b044a5157f,213e708a-3bd2-4666-abc2-324b6ded5399,award,2025-08-04,5.0,1,ETAVIS Romandie SA,3209481.5,45215120,Travaux de construction de bâtiments médicaux spécialisés,<p>Travaux d’installations d’électricité.</p>
1f78f4a2-9a56-4dfd-bbad-63a63b5da864,c1c4c7ec-567c-4158-9fd6-38e6ce3e4ece,award,2025-08-04,4.0,1,Climatec SA,1104503.35,45215120,Travaux de construction de bâtiments médicaux spécialisés,<p>Travaux d’installations de ventilation</p>
b527a5a5-b61a-4bf2-924e-be112f142720,bee3f797-939c-445e-a588-ff6f97fc47fa,award,2025-08-04,4.0,1,Joseph Diémand SA,2372160.37,45215120,Travaux de construction de bâtiments médicaux spécialisés,<p>Travaux d’installations sanitaires</p>
e20baee8-98ba-482b-8fff-9bde18260edd,7b41fc31-a942-44a1-9b01-9fce1cf36430,award,2025-08-04,2.0,1,Gloor AG,431621.81,45215120,Travaux de construction de bâtiments médicaux spécialisés,<p>Travaux d’installations sanitaires d’exploitation&nbsp;</p>
afdaecf9-364e-4e0e-a7fe-edb2ed6152ee,59ab596e-697a-4a05-886a-159ac7e21c02,award,2025-08-04,4.0,1,Raboud SA,959912.36,45215120,Travaux de construction de bâtiments médicaux spécialisés,<p>Façades légères et portes extérieures&nbsp;</p>
2d6ee068-20b8-4d1a-8316-cbb3680ec20b,f91e3f8d-b836-4c36-a26c-885151c5af9f,award,2025-08-04,9.0,1,Groupe Egli AG,749859.68,45215120,Travaux de construction de bâtiments médicaux spécialisés,<p>Travaux d'Isolation extérieure crépie</p>
9f290e56-6609-465a-a731-e22d2123f1a4,22304e67-711f-4444-9ee0-d48769e2533f,award,2025-07-11,4.0,1,Sedelec SA Lausanne,733929.87,45000000,Travaux de construction,<p>Installations électriques</p>
bd75a369-2756-4276-bda3-b41210e21410,aadb1c81-9a22-47bb-9854-cac28c176066,award,2025-07-11,7.0,1,Esto-Dip SA,666759.96,45000000,Travaux de construction,<p>Travaux de charpente (principalement toiture)</p>
1619d190-2a9a-4545-9e29-9a8fd23c09a9,aec7d20e-508f-46bc-8167-c10bfb55b760,award,2025-07-11,1.0,1,Buchs Menuiserie SA,265952.15,45000000,Travaux de construction,<p>Fenêtres et portes en bois (variante en bois-métal)</p>
d226dcd8-dd03-46b3-bb03-09e2b65fbe3c,c81757c5-164a-4648-a845-ed865f998160,award,2025-07-11,3.0,1,L.A. Toiture SA,173139.95,45000000,Travaux de construction,<p>Travaux de ferblanterie et de couverture</p>
171c4008-7a79-4f95-b534-86a940416819,ba7248a4-8b01-48ce-b3aa-a588ba6e5f84,award,2025-07-11,1.0,1,"Groupe TVA, Posse Management SA",359150.3,45000000,Travaux de construction,<p>Isolation périphérique crépie</p>
1bd84347-0d69-4d7c-86d4-d0bebe11bfc7,6fc40304-bd65-4549-b0d7-6275c34b5d9d,award,2025-08-04,3.0,1,Balzan et Immer S.A.,487435.76,45215120,Travaux de construction de bâtiments médicaux spécialisés,<p>Travaux de Chapes et réfection sols en pierre</p>
4e15a6b5-b258-4130-b528-826cb58f3018,c30aabaf-ce2c-40df-9371-b85e04c470b5,award,2025-07-11,3.0,1,"Groupe TVA, Posse Management SA",134062.4,45000000,Travaux de construction,<p>Travaux de plâtrerie-peinture</p>
5281b9d7-2789-415c-9900-6329b6a19e39,de3e4a3a-1d03-4a2c-92ba-660aa0698402,award,2025-07-23,8.0,1,Béati Frères SA,668777.15,45233000,"Travaux de construction, de fondation et de revêtement d'autoroutes, de routes","<p>-&nbsp;&nbsp;&nbsp;&nbsp;&nbsp;&nbsp;Élargissement du chemin agricole de la Baume sur env. 1'800m de longueur, réfections ponctuelles de son revêtement et déplacement du coffre d’un tronçon d’env. 270m de longueur. </p><p>-&nbsp;&nbsp;&nbsp;&nbsp;&nbsp;&nbsp;Réfection d’un collecteur agricole en "
024bce76-2fe3-4621-b5a2-2e91e7b96bc3,f960a36c-df5e-4c53-a79c-32362fa21046,award,2025-07-11,3.0,1,HEAT SA,372026.55,45000000,Travaux de construction,<p>Installations chauffage</p>
ab490a61-8fe3-472e-9f2f-14abbee6fe8a,23f69f78-5ad3-45f6-9411-465ede842df9,award,2025-07-11,2.0,1,Climatec SA,492101.1,45000000,Travaux de construction,<p>Installations ventilation</p>
eb109214-91f3-43c4-8553-d021308f798f,fc05404d-9071-4b98-bdfb-aa9e7882ad2d,award,2025-07-11,3.0,1,Fleury Sanitaire SA,395447.2,45000000,Travaux de construction,<p>Installations sanitaires</p>
27742efc-52b5-4df2-ba87-d238ffad5698,0ce75e8f-bafb-40c1-8055-14e4641e2ced,award,2025-05-20,3.0,1,Orllati (VD) SA,,45215120,Travaux de construction de bâtiments médicaux spécialisés,"<p>Travaux d'installation de chantier commune, de défrichage, de démolition, béton armé et maçonnerie</p>"
27742efc-52b5-4df2-ba87-d238ffad5698,2b75762f-e90f-4b64-8038-4e6d18552f20,award,2025-05-20,2.0,1,Fracheboud SA,,45215120,Travaux de construction de bâtiments médicaux spécialisés,<p>Travaux de désamiantage et de dépollution d'un bâtiment existant</p>
27742efc-52b5-4df2-ba87-d238ffad5698,bf84d5da-642b-4138-9131-c80316d3d27d,award,2025-06-20,4.0,1,M & D Echafaudage SA,449626.8,45215120,Travaux de construction de bâtiments médicaux spécialisés,<p>TRavaux d'installations d'échafaudages</p>
27742efc-52b5-4df2-ba87-d238ffad5698,7d423a97-5d15-4e88-8321-1d656ed66656,award,2025-06-25,2.0,1,KONE (Schweiz) AG,391538.77,45215120,Travaux de construction de bâtiments médicaux spécialisés,<p>Travaux d'installation d'ascenseur et de monte-charges</p>
27742efc-52b5-4df2-ba87-d238ffad5698,cdbdb8d9-66e7-4b13-8611-2874119862f8,award,2025-08-04,1.0,1,Ginox SA,597823.5,45215120,Travaux de construction de bâtiments médicaux spécialisés,<p>Travaux d'installation d'une nouvelle cuisine professionnelle</p>
3800bdf0-e740-4862-acc3-62bce9bfe2e2,9fdb41f3-ac22-4f9e-a458-729396e8ecd9,award,2025-07-30,4.0,1,Hevron S.A.,474616.0,45261100,Travaux de charpente,<p>C4 Centre Coordonné de Compétences Cliniques 33'600'00 HT</p><p>HESAV Haute Ecole de Santé Vaud 87'600'000 HT</p><p>SITE 35'500'000 HT</p><p>Lot 168 Pergolat LET</p>
6fbb2d46-71ae-4a64-940a-e2fedee785a2,4eda0493-b84b-427c-ba84-c97f689add9d,award,2025-07-30,4.0,1,Hevron S.A.,1945856.0,45422000,Travaux de charpenterie,<p>C4 Centre Coordonné de Compétences Cliniques 33'600'00 HT</p><p>HESAV Haute Ecole de Santé Vaud 87'600'000 HT</p><p>SITE 35'500'000 HT</p><p>Lot 169 Pergolat C4-HESAV</p>
9d5a269f-464a-40bb-b6d8-6211eec7a2ef,90af0e47-51c1-440c-8ba2-7181eb65587f,award,2025-07-01,4.0,1,Induni & Cie SA,10366727.75,45220000,Ouvrages d'art et de génie civil,"<p>Le projet consiste à créer un carrefour sur la route des Jeunes, entre le viaduc autoroutier et le P+R de l'Étoile au niveau de la rue A.-Jolivet. Il est piloté par l'office cantonal du génie civil, en collaboration avec les autorités de la Ville de Carouge et l'office cantonal des transports. Le"
f6becea0-0230-4bff-943e-a89df1a90005,506e2ce3-1574-4a4c-9e45-92d13aea5adb,award,2025-07-03,3.0,1,cablex AG,459641.31,45230000,"Travaux de construction de pipelines, de lignes de communication et d'énergie, d'autoroutes, de routes, d'aérodromes et de voies ferrées; travaux de nivelage","<p>Le projet Génilac des Services Industriels de Genève (SIG) a pour but la création d'un réseau hydrothermique. Le fluide transporté est de l'eau potable traitée, sous pression, de température variant entre 1 et 30°C.&nbsp;Ce réseau comporte une section de 2 x 1700 m de conduites âme-tôle de grand "
ee21cced-f2bb-4266-ae9b-145d7c40dbec,3c13b18e-24c2-4d42-95fd-a250db5cc151,award,2025-09-04,1.0,1,Consortium CSS,6098763.1,45233150,Ouvrages de modération du trafic,"<p>Le projet Génilac des Services Industriels de Genève (SIG) a pour but la création d'un réseau hydrothermique. Le fluide transporté est de l'eau potable traitée, sous pression, de température variant entre 1 et 30°C.&nbsp;Ce réseau comporte une section de 2 x 1700 m de conduites âme-tôle de grand "
638cd632-b0a2-48f8-8fd1-7c2f68fcf133,11996d76-5782-45cd-b482-5f1e3e96f2b4,award,2025-10-20,2.0,1,Ulrich Imboden AG,1251605.2,45000000,Travaux de construction,<p>Neubau Turnhalle und Kindergarten</p>
9c0e5728-4044-4b39-a201-6e71037f3124,16bdb317-4e79-407a-ab44-ce8b63306859,award,2025-10-20,4.0,1,Holzbau Noll AG,1680784.65,45000000,Travaux de construction,<p>Neubau Turnhalle und Kindergarten</p>
2fff0598-d40e-49a4-a6d4-ae62ebdc1291,67a26230-f745-4e98-8936-a762a983461a,award,2025-10-20,3.0,1,Arge Elektro c/o TZ Stromag,559734.4,45000000,Travaux de construction,<p>Neubau Turnhalle und Kindergarten</p>
08629067-b82f-485d-88c6-9a307e885c68,2ad75c40-bde7-442f-ac07-6e03b28ddc74,award,2025-10-20,4.0,1,Josef Zehnder AG,246137.6,45000000,Travaux de construction,<p>Neubau Turnhalle und Kindergarten</p>
9caaef34-ad69-4b7e-8e65-3d3b6ef66226,8d5f9a75-04f4-48fb-a075-433cdccc58e7,award,2025-09-10,3.0,1,BATIMETAL SA,261117.0,44221220,Portes coupe-feu,"<p><strong>Transformation de l'enveloppe thermique de l'ERACOM et mise en sécurité des voies d'évacuation verticales</strong></p><p><br></p><p><strong>CFC 272 Ouvrages métalliques :</strong></p><p><br></p><ul><li>Remplacement des portes coupe-feu métalliques des cages d’escalier, du 1ᵉʳ au 5ᵉ étage<"
dcbf725c-5cd1-408f-b129-7b4f7e1ac6fa,8e9d921d-f188-4c71-8b01-12ceb8a8cf57,award,2025-10-29,6.0,1,PHIDA Étanchéité (VD) SA,650895.0,45261400,Travaux de revêtement,<p>Travaux d'étanchéité dans le cadre de la Transformation de l'EMS de l'Orme. Le bâtiment doit attendre une performance équivalente au standard Minergie ECO</p><p><br></p><p>Étendu du marché :</p><p>- Surface de plancher (SP) : 4'464 m2</p><p>- Surface nette (SN) : 3'931 m2</p><p>- Surface de référ
e6e9dacc-cd00-4660-97a6-8b26519289ca,8b302429-86e1-432b-a6c5-c2b4ed2cbb48,award,2025-10-27,15.0,1,Bitz travaux publics SA,1297923.9,45000000,Travaux de construction,<p>Les travaux principaux sont les suivants&nbsp;:</p><p>&nbsp;</p><p>-&nbsp;&nbsp;&nbsp;&nbsp;&nbsp;&nbsp;&nbsp;&nbsp;&nbsp;la réfection complète des infrastructures communales&nbsp;;</p><p>-&nbsp;&nbsp;&nbsp;&nbsp;&nbsp;&nbsp;&nbsp;&nbsp;&nbsp;la construction d’un nouveau collecteur d’irrigation ;
75767340-22f8-45e6-98df-32a64a4c5f68,e98e3f97-c37a-41c8-ade2-6b9e0de3f33e,award,2025-08-29,4.0,1,Phida Façade (VD) SA,309305.85,45443000,Travaux de façade,"<p>CFC 215.2 Façades ventilées :</p><p>Fourniture et pose de tôles ondulées en aluminium anodisé (aspect optique), avec isolation thermique et fixations à rupture de pont thermique. Cette façade ventilée sera mise en œuvre uniquement à des emplacements stratégiques, afin d'améliorer les performances"
2b5415af-daa3-43ed-ac34-7ddbe8970791,ca9aad25-0349-41b1-9c4b-13bdd4811af4,award,2025-10-24,3.0,1,ALVAZZI GROUPE SA,2698525.94,45331000,"Travaux d'installation de matériel de chauffage, de ventilation et de climatisation",<p>Installation d’une centrale thermique pour assurer la production de chaud et de froid pour les lots Épinette et Galette. Elle est équipée de quatre aérorefroidisseurs : trois dédiés à la production de froid et un dédié au réseau de condensation. Deux machines de groupe froid assurent la productio
609fe519-5bb0-41ad-8516-e88ccdf33413,f25c8c94-1486-4eab-8523-4890b6884480,award,2025-08-29,3.0,1,Astori SA,407950.1,45421130,Poses de portes et de fenêtres,"<p>Ce CFC porte sur le remplacement et l’installation de nouvelles portes intérieures, conçues pour répondre aux normes de sécurité incendie, d’accessibilité et de fonctionnalité, tout en préservant l’esthétique caractéristique des portes existantes du collège.</p><p>Remplacement des portes intérieu"
ca71fccf-2dd0-4ce6-a805-2ab91fa002c5,e4bb4545-fb75-4489-bcb7-cffbb9c0c90a,award,2025-08-27,2.0,1,C.M.A. Constructeurs Métalliques Associés S.A.,376433.95,45421132,Pose de fenêtres,"<p>Le CFC 221.4 traite du remplacement et de l’amélioration des fenêtres ainsi que des éléments associés dans diverses parties du collège. Ce projet inclut des interventions sur la toiture, les façades vitrées et l’installation de trappes de désenfumage.</p><p>Toiture et fenêtres associées : Remplac"
cd1acc7a-0d1e-4a11-803e-38a772b9dd46,b8184c35-bd98-4363-941d-b6386630de28,award,2025-08-14,2.0,1,Frutiger SA Vaud,1172388.95,45262500,Travaux de maçonnerie et de briquetage,<p>Travaux de maçonnerie dans le cadre de l'assainissement de l’enveloppe (façades et toiture) et la mise en conformité du complexe de bâtiments de l'Expo 64 situé à la Vallée de la Jeunesse.</p><p><br></p><p>Le chantier se déroulera en 4 étapes successives exécutées avec un chevauchement entre les 
8126002c-ef0a-4f52-a101-07e452c4b789,68777b50-8085-492e-a548-04fd0b88abbb,award,2025-09-29,10.0,1,MAGNIN paroisse SA,480787.0,45421100,Pose de portes et de fenêtres et d'éléments accessoires,<p>CFC 221.9 / 272.2</p><p>Lot : serrureries extérieures / serrureries intérieures</p>
52df3002-6456-48db-91b7-b9d4f30e1080,d0ebe00b-90e6-4639-97be-c9a6f3962bb7,award,2025-10-01,5.0,1,Walpen AG Hoch- und Tiefbau,2674440.75,45000000,Travaux de construction,<p>BKP 112 + 211 Abbruch- und Baumeisterarbeiten (Südtrakt)</p>
649cda51-f0e5-4ac3-880e-0be689b692ba,24ee9342-cd0d-4cf5-b13a-41d4030d9e33,award,2025-10-22,6.0,1,Etico SA,611989.0,45261420,Travaux d'étanchéification,<p>CFC 224.1</p><p>Lot&nbsp;: Etanchéités toiture plates</p>
60177135-706a-4bc8-8f78-8bc96e2afd7a,adea1c0e-52b3-423f-867a-83012d85daba,award,2025-10-23,6.0,1,Paul Vaucher Automation et Domotique SA,262683.0,48921000,Système d'automatisation,<p>Construction d'un bâtiment détente</p>
a136f25b-afab-489b-a148-fd8a50c5f45e,2a85e6ee-bcc2-4ac9-b66d-d568735e3058,award,2025-08-14,3.0,1,Berisha SA Constructions métalliques,1417191.0,45421132,Pose de fenêtres,"<p>Assainissement et remplacement des fenêtres du complexe de bâtiments de l'Expo 64. Le chantier se déroulera en 4 étapes successives exécutées avec un chevauchement entre les unes et les autres, ceci pour les différents bâtiments du complexe de la Vallée de la Jeunesse soit le dôme, les locaux de "
8bd9b370-d45b-4922-bf6c-fed680a8766d,7edf19b8-4ab5-4a4c-8ff3-3a26885b8d4b,award,2025-06-05,3.0,1,PraderLosinger SA,2767803.1,45000000,Travaux de construction,<p>Travaux de réalisation du nouveau pont ferroviaire TCM sur la Vièze.</p>
2158f2f2-26fb-4aec-9fc1-5bfa86ab3cfd,f55bcb21-dc8b-4506-b637-9bf50530dbef,award,2025-09-19,4.0,1,PHIDA Étanchéité (Riviera) SA,1724182.5,45214220,Travaux de construction d'écoles secondaires,<p>Étanchéité : ferblanterie et couverture</p>
32e0bb93-4cc4-4db4-b192-507f781667cc,0503aa18-5c43-48dd-8821-fde2b23b310e,award,2025-08-29,3.0,1,Sajet SA,868219.25,45234160,Travaux de construction de caténaires,<p>Electrification d'un nouveau faisceau de voie de fret du terminal combiné de Monthey.</p>
ff8448d9-8467-4466-a9fd-119c4c5212d0,77062de6-4a6e-48d0-a4a4-d23561ac311b,award,2025-10-20,9.0,1,Atra S.A.,691128.0,45000000,Travaux de construction,"<p>Remarque :</p><p><br></p><p>Les travaux de coupes de bois et de défrichement (CAN 116) seront réalisés par le service forestier de la commune d'Aigle. </p><p>Le chapitre CAN 116 ne doit pas être rempli par l'entreprise. S'il est rempli, il ne sera pas pris en considération lors de l'analyse des o"
cbf4e21d-6fb0-49b5-b88a-adf716e94395,b1e8f471-622d-4e26-8ed2-af33f2de63df,award,2025-09-01,5.0,1,Béati Frères SA,10076251.45,45111000,"Travaux de démolition, travaux de préparation et de dégagement de chantier","<p>Le présent appel d'offres (lot GC01) concerne les travaux de démolitions, les travaux spéciaux, terrassements, et les travaux de&nbsp;génie civil et bâtiments relatifs à la réhabilitation et l’extension de la STEP de la Villette à Sainte-Croix.</p>"
68c30743-fcea-439a-9728-a1db1fbd0f70,f5512d06-ac99-437b-be4e-b020e0b2724a,award,2025-09-01,5.0,1,Laurent Buchs Charpente et Construction Bois Sàrl,651707.07,45261000,Travaux de charpente et de couverture et travaux connexes,"<p><strong>Travaux de construction bois&nbsp;: charpente, toiture, façades, menuiseries extérieures</strong></p>"
e21018a4-6a63-4899-89e1-ece39e496562,786133b5-28c8-4fd4-b340-6e811fcd7806,award,2025-08-29,7.0,1,Siemens Suisse SA,345629.63,45215120,Travaux de construction de bâtiments médicaux spécialisés,<p>Travaux d’installations MCR</p>
150d6750-6ee3-4a92-82d7-45c122c6090e,9a74f65e-443a-4c3c-bcb2-f50a6357e1f9,award,2025-10-08,6.0,1,MELLY CONSTRUCTIONS SA,2042315.8,45000000,Travaux de construction,<p><u>Quantités principales</u> :</p><p>Démolition enrobé bitumineux : 500 m3</p><p>Terrassements : 5’000 m3</p><p>Grave non-traitée : 810 m3</p><p>Bordures : 210 m1</p><p>Béton bitumineux : 1’005 to</p><p>Canalisations : 460 m1</p><p>Coffrages : 2’145 m2</p><p>Aciers d’armature : 47’000 kg</p><p>Bé
85d0611d-b290-4201-ba37-b57bb40a264b,d48c14f6-093b-47c4-aaf6-b9baabb0793c,award,2025-10-10,2.0,1,Techfina SA,1307761.28,45232421,Station de traitement des eaux usées,"<p>La future STEP de l'EHVV traitera les eaux usées du bassin versant  Haute Venoge Veyron (comunes de Chavannes-le-Veyron, Chevilly, Cuarnens, Dizy, Eclépens, Fereyres, La Chaux, La Praz, La Sarraz, L'Isle, Mauraz, Moiry, Mont-la-Ville, Orny et Pompaples). L'objet de ce lot comprend les études de d"
ce7e7a24-b3de-4046-84e7-849aa9cda7f9,2b4f2dd8-7c96-4b4c-b24d-ad5b477be95b,award,2025-09-25,10.0,1,ERNEST GABELLA S.A.,5824281.05,45214200,Travaux de construction de bâtiments scolaires,<p>Construction d'un campus scolaire et sportif à Derrière-Ville sur la Commune de Champagne.</p><p><br></p>
74676324-3c0c-4b52-8dc7-42403394f9b8,565b0807-b3c9-4d5a-b5e9-b0b449d75cd8,award,2025-09-12,3.0,1,Cand-Landi SA,2107856.6,45214200,Travaux de construction de bâtiments scolaires,<p>Construction d'un campus scolaire et sportif à Derrière-Ville sur la Commune de Champagne.</p><p><br></p>
d3afec73-c3ca-49e5-bfa4-0414e3a05599,ececb7ec-d211-4a83-8725-71d414dec693,award,2025-09-10,4.0,1,AC Energies SA,728282.0,45331100,Travaux d'installation de chauffage central,<p>Lots 24 Installations chauffage / refroidissement</p>
12c70c88-980a-479d-9c4a-ab0612c5a533,c8a0bcea-0b83-4e85-9107-dc39f2e6d225,award,2025-10-01,3.0,1,JPF-DUCRET SA,815884.45,45214200,Travaux de construction de bâtiments scolaires,<p>Construction d'un campus scolaire et sportif à Derrière-Ville sur la Commune de Champagne.</p><p><br></p>
71fa3e18-6333-4624-8a23-8c9333c95064,afc70bda-7648-4669-ba9e-4f876baad591,award,2025-09-10,3.0,1,Sotrag SA,2339235.0,45112500,Travaux de terrassement,<p>CFC 113 / 172 / 201&nbsp;</p><p>Lot : dépollution / travaux spéciaux / terrassement</p>
9a2c55c7-6486-42bc-a973-e63618671798,b1ab7fec-c5d5-4d87-a1d0-f8f31aea5656,award,2025-09-10,5.0,1,Induni & Cie SA,2882485.0,45210000,Travaux de construction de bâtiments,<p>CFC 211.0/211.5/211.6</p><p>Lot : Installations chantier / Gros-œuvre / maçonnerie</p>
5aac009c-5e7c-4c6e-ae7d-06317e2744f0,def61fd6-0ddf-4513-bfd1-96af10c27f2e,award,2025-09-10,6.0,1,Joseph Diémand SA,1322694.0,45332400,Travaux d'installation d'appareils sanitaires,<p>LOT: CFC 25 INSTALLATIONS SANITAIRES</p>
7b1ff741-8c0d-4c42-8a0a-2b8324a5f465,fc4a98ad-b4ec-4a2e-9636-051c04f351f2,award,2025-09-10,5.0,1,Climatec SA,710049.0,45331210,Travaux d'installation de ventilation,<p>Lots 24 Installations de ventilation</p>
6ce7b036-2bc9-4e17-a6b5-53ebade5168d,5a772649-6eb7-405c-b04a-c6ec119218da,award,2025-09-10,2.0,1,Ginox SA,483629.0,45421151,Installation de cuisines équipées,<p>LOT: CFC 358 Cuisine industrielles</p>
a5ca4fc0-0e95-467d-ae5c-65c2c95a0e74,b97d0f46-6c26-456d-bc32-460148cecefb,award,2025-09-10,2.0,1,"Ascenseurs Schindler SA, succursale de Bussigny-près-Lausanne",191483.0,45313100,Travaux d'installation d'ascenseurs,<p>installateurs ascenseurs</p>
22676b20-e460-4413-9729-f5678d3c92ca,8f94c052-e36c-44b3-a652-d3b8ae54728c,award,2025-09-10,4.0,1,MFP PREFABRICATION SA,485343.0,45223500,Structures en béton armé,<p>Préfabriquant bétons</p>
3aabc67d-c358-4cb4-8bad-3aba455d104b,50dc7bb1-5c73-45a1-a311-5c736d6f29b5,award,2025-09-29,4.0,1,Charpentes Vial S.A.,286957.0,45422100,Ouvrages en bois,<p>Charpentier_-Gros-Œuvre en bois</p>
8193b13d-3ae7-4836-aabd-f6860afa5dd2,04d2fc69-ed94-4c85-bda5-132c0a72ada8,award,2025-09-10,4.0,1,Equans Techniques SA,95785.0,45000000,Travaux de construction,<p>installations MCR</p>
967f0afa-f966-446f-bc5a-fe3f9873cfd2,022a2fe1-4031-4eb7-a9f1-f1146b41836b,award,2025-09-10,3.0,1,Griesser AG,118994.0,44115900,Dispositifs de protection contre le soleil,<p>Protections solaires</p>
e93cfd77-d1c9-46b7-9508-9ee0fdb3222d,2729d7df-d3e4-42ec-8c3a-5adef8e4fa64,award,2025-09-29,4.0,1,CIEL Electricité SA,2329118.0,45310000,Travaux d'équipement électrique,<p>LOT: CFC 23  Installations électriques et fourniture luminaires</p>
b8a2519c-42ae-47b8-8fa1-5bed3521ba67,9c78c1ed-8a50-48cd-abff-c29eecc9dc1b,award,2025-09-29,4.0,1,VERALUBOIS SA,1335764.0,45421000,Travaux de menuiserie,<p>CFC 221.1<em> </em></p><p>Lot&nbsp;: Menuiseries Extérieures Fenêtres Portes-fenêtres en bois-métal</p>
8f391b0d-5d64-4348-bcfc-02b8b1cb1a27,40e37d6b-3102-49f4-9e7e-96643511225e,award,2025-09-10,2.0,1,Vectur S.A.,342679.0,45262100,Travaux d'installation d'échafaudages,<p>CFC 211.1:</p><p>Installations d'échafaudages</p>
3deab1e6-fbc4-4ebc-9626-c9791d7d6ec7,1c2eec97-684d-4a5a-9bc2-3c2a22e6ff0f,award,2025-09-10,3.0,1,Gilgen Door Systems AG,85347.0,44221230,Portes coulissantes,<p>Portes extérieurs en métal coulissantes.</p>
1d8e78b7-7215-4e30-8fba-51bfd912c7ee,38e517c9-83de-4338-bc22-283f1385a3b5,award,2025-08-28,4.0,1,Joux S.A.,242994.35,44316500,Serrurerie,<p><strong>MARCHÉ DE CONSTRUCTION - SECOND OEUVRE</strong></p><p><br></p><p><strong>“ Rénovation Parking des Grandes-Communes&nbsp;Travaux Serrurerie - CFC 272”</strong></p><p><br></p>
70670ff3-d76b-439e-9755-041175ab603f,e0af23b8-5f75-4305-af28-68128ee907f3,award,2025-09-29,5.0,1,Delta Türsysteme AG,1335894.0,45421000,Travaux de menuiserie,"<p>CFC 273.0, 274</p><p>Lot&nbsp;: Menuiseries intérieurs Bois, Portes, portes asservies, vitrages spéciaux</p>"
668898a9-a052-4bd8-8339-d05382bca752,73e1df88-5637-4462-adc5-fe1cfea0a908,award,2025-09-29,5.0,1,Entreprise Belloni SA,832802.0,45321000,Travaux d'isolation thermique,"<p>CFC 226.1, 226.2, 226.3</p><p>Lot&nbsp;: Isolation extérieurs crépies, céramique extérieurs</p>"
70f23495-a372-4ed7-b4ad-af801e9c9e6b,9c694ef5-3889-4667-80ae-fa7fab35b3aa,award,2025-10-07,5.0,1,MATAMOROS SA,583622.88,45214210,Travaux de construction d'écoles primaires,"<p>Rénovation,surélévation, agrandissement, de l'école de Meyrin village (Av. Vaudagne 6-8, 1217 Meyrin)pour les travaux de plâtrerie peinture ces travaux seront exécutés en deux étapes.</p>"
9c5e45de-82b8-4e21-939a-a696378b1023,ecfac9bc-e3da-4597-8877-135a0b4d241c,award,2025-10-07,5.0,1,André SA,,45214210,Travaux de construction d'écoles primaires,"<p>Rénovation,surélévation, agrandissement, de l'école de Meyrin village (Av. Vaudagne 6-8, 1217 Meyrin)pour les travaux de menuiserie changement ajout de portes, ces travaux seront exécutés en deux étapes.</p>"
0f072223-ef77-49fc-ba9b-0b89650dd474,2047d052-21f6-4d1c-a888-a7a926998828,award,2025-10-07,5.0,1,Ebénisterie Denis Schneeberger SA,968188.5,45214210,Travaux de construction d'écoles primaires,"<p>Rénovation,surélévation, agrandissement, de l'école de Meyrin village (Av. Vaudagne 6-8, 1217 Meyrin)pour les travaux de menuiserie pose d'armoires, rénovation d'armoire, création de banc, etc..., ces travaux seront exécutés en deux étapes.</p>"
d7d6a770-123f-43d2-8873-09ed1fa64689,c3e07cb7-29a2-4fd1-869d-8e0651a39672,award,2025-07-01,5.0,1,Entreprise Belloni SA,,45214210,Travaux de construction d'écoles primaires,"<p>Rénovation,surélévation, agrandissement, de l'école de Meyrin village (Av. Vaudagne 6-8, 1217 Meyrin)pour les travaux de faux plafond, ces travaux seront exécutés en deux étapes.</p>"
fa6c704f-369c-47cc-a448-6343ec359865,b717e6e8-057e-445c-be64-9f1969aada65,award,2025-08-26,3.0,1,Boccard Parcs et Jardins SA,,45214210,Travaux de construction d'écoles primaires,"<p>Rénovation, surélévation et agrandissement de l'école de Meyrin village (Avenue Vaudagne 6-8, 1217 Meyrin) Travaux d'aménagement extérieurs</p>"
398e7242-dcf4-41e6-af9d-e6242e26d44d,3172d751-be6b-4960-9872-48c31d52b804,award,2025-10-06,5.0,1,Entreprise Belloni SA,265716.08,45421146,Mise en place de plafonds suspendus,"<p>Fourniture et pose de faux-plafonds en bois dans le cadre de la construction de 22 logements, 5 petits commerces et d'un centre culturel avec une salle de spectacle.</p>"
5594231f-e9cb-4b8a-98d1-9f8405b598db,cc9e5d17-63be-4149-81c0-a73ec5f5887a,award,2025-10-10,5.0,1,"Theler AG, Bauunternehmung",483592.05,45246400,Ouvrages de protection contre les inondations,<p>Die Bauarbeiten umfassen grundsätzlich die Umsetzung der erforderlichen Baumassnahmen zur Sicherstellung des Hochwasserschutzes am Milchbach auf dem Gemeindegebiet von Naters. </p><p>Folgende Massnahmen sind vorgesehen:</p><p>-&nbsp;&nbsp;&nbsp;&nbsp;&nbsp;&nbsp;&nbsp;&nbsp;&nbsp;Bauinstallation 
a5100724-3025-4372-925c-bbfd5440c7ce,49976b2b-a6e6-4eb1-870f-945033ee37d4,award,2025-09-23,8.0,1,Debons métal Sàrl,432291.38,45000000,Travaux de construction,<p>Remise en état et ajout de garde-corps et de protections contre les chutes sur un bâtiment classé monument historique.</p>
5dc9e860-3c00-4996-91be-49e8245373f8,f3baa710-3fe6-4755-a496-12691aece165,award,2025-09-11,5.0,1,Eligreen SA,655071.6,45000000,Travaux de construction,<p>Selon cahier des charges.</p>
d3a84b12-5590-4b03-8596-2e2caf9752b7,e426ec35-987d-4843-bbf7-91c53d259476,award,2025-08-11,11.0,1,Solstis SA,178737.35,45000000,Travaux de construction,"<p>Panneaux solaires photovoltaïques : </p><p>Fourniture, pose, installation, raccordement et mise en service des équipements d’une installation photovoltaïque de 1’145 m2 reliée au réseau électrique comprenant&nbsp;: </p><p>	- 572 panneaux pour une puissance envisagée de 257.40 [kWc] </p>"
960adffd-8446-456a-9bab-c5b4e7558a96,b2c7d8ee-345f-47ab-ad58-71cbd3483776,award,2025-08-14,6.0,1,Balzan et Immer S.A.,260524.15,45000000,Travaux de construction,"<p>Chapes au ciment CT :</p><p>Fourniture et mise en œuvre de 3’200m2 de chape ciment comprenant&nbsp;;</p><p>- Dans un premier temps, pose d’isolation phonique et thermique.</p><p>- Dans un second temps, mise en œuvre de chape ciment.</p>"
bc61b610-23dc-4337-b4a5-6af4654cf4bb,9b65c3c0-be4b-4bb7-b99b-481bf275447d,award,2025-08-11,2.0,1,Realsport Group SA,208375.0,45000000,Travaux de construction,<p>Revêtement de sol sportif</p><p>Fourniture et mise en œuvre de 1’300m2 de sol sportif pour une salle de sport triple type VD06 selon les détails ci-dessous&nbsp;:</p><p>- Fourniture et pose d’un système de sol sportif à élasticité combinée compacte y compris tous les marquages au sol nécessaires 
66bf153c-5546-4766-97ff-d1753e0e04bd,e109aa64-15ad-434c-81fe-10c914cf8a8b,award,2025-08-11,4.0,1,Uniquefloor Switzerland AG,509183.3,45000000,Travaux de construction,"<p>Revêtement de sol coulé en caoutchouc</p><ul><li>Fourniture et mise en œuvre de 3’356m2 de revêtement monocouche en mortier avec granulat à base de caoutchouc, à base de résine synthétique. Revêtement élastique avec résine polyuréthane.</li></ul>"
4f212def-c1ce-4f02-b351-55b4ed72f0fd,7452a962-8724-4993-bc07-fc4a0e73cbc9,award,2025-09-17,6.0,1,Astori SA,390882.35,45000000,Travaux de construction,<p>Construction d'un nouveau Campus pour les besoins de l'EDHEA (Ecole de Design et Haute Ecole d'Art) et de l'Ecole de Couture du Valais à Sierre.</p><p>L'objectif du nouveau Campus est de créer des espaces d'apprentissage et de travail ainsi que des salles de classe fonctionnelles et adaptées aux 
0b204897-4a18-4238-b7d2-5770ffaf1373,39755432-5d22-460f-ad76-cf7169f4b33e,award,2025-10-07,2.0,1,HUBER SA,,45000000,Travaux de construction,<p>Travaux d'installations électriques.</p><p>Se référer aux documents d’appel d’offres.</p>
f0e3e4b7-2eeb-46e3-8e54-2e45d5f5d9ec,b23f7d6e-c239-424d-9ad4-715cfa1c24a3,award,2025-10-06,1.0,1,Gastra-Grossküchen AG,386464.0,45000000,Travaux de construction,<p>Kücheneinrichtung</p>
9fa912a5-dd2f-4c26-b04e-abe1f937ec70,95068944-b731-4f82-b9df-c9534c88f1db,award,2025-05-14,7.0,1,Clivaz SA Menuiserie,482462.5,45000000,Travaux de construction,"<p>CFC 273.1 - Menuiserie intérieure</p><p>Fourniture et pose de toute la menuiserie intérieure du projet (cuisinettes, casiers, vestiaires, mobilier des pharmacies, mobiliers du secrétariat, etc...)</p>"
9fa912a5-dd2f-4c26-b04e-abe1f937ec70,53c37a7e-145d-42a8-8e2e-1cd2fe5ae680,award,2025-04-02,3.0,1,Delta Türsysteme AG,89371.7,45000000,Travaux de construction,<p>CFC 273.3 - Menuiserie courante - porte coupe-feu</p><p>Fourniture et pose de portes coupe-feu en bois</p>
9fa912a5-dd2f-4c26-b04e-abe1f937ec70,84971a97-f917-4f15-a02c-2e0b46840d0e,award,2025-04-02,3.0,1,Dénériaz Construction Bois SA,71755.75,45000000,Travaux de construction,<p>CFC 282.5 - Revêtement de parois en bois</p><p>Fourniture et pose du revêtement de paroi en bois de l'Aula</p>
9fa912a5-dd2f-4c26-b04e-abe1f937ec70,e93dd073-d59d-4429-b40d-524fca101260,award,2025-04-09,2.0,1,Werner Isolierwerk AG Visp,429811.6,45000000,Travaux de construction,<p>CFC 283.3 - Faux-plafond acoustique</p><p>Fourniture et pose d'éléments acoustiques intégrés dans les faux-plafonds</p>
9fa912a5-dd2f-4c26-b04e-abe1f937ec70,56173412-4fba-405f-b82f-752be397f587,award,2025-05-14,2.0,1,Florey Yves Renotec,1840564.65,45000000,Travaux de construction,<p>CFC 283.1 - Faux-plafond métallique</p><p>Fourniture et pose des faux-plafonds métalliques de l'ensemble du projet</p>
9fa912a5-dd2f-4c26-b04e-abe1f937ec70,62edfa16-9466-4dc8-8917-22b8662d46ff,award,2025-04-09,1.0,1,Dénériaz Construction Bois SA,296644.65,45000000,Travaux de construction,<p>CFC 214.1 - Charpente</p><p>Travaux d'isolation du quai de déchargement et fermeture des joues des sheds avec une ossature bois</p>
9fa912a5-dd2f-4c26-b04e-abe1f937ec70,eac0084a-7ea5-4f70-83cb-c410646d64c3,award,2025-09-17,2.0,1,John Schwab S.A.,767370.15,45000000,Travaux de construction,<p>CFC 903 - Gradins de l'Aula</p><p>Fourniture et pose du gradin de l'Aula y compris de la sous-construction qui recevra les sièges</p>
88a99044-24cf-4819-bb8c-91e6437cdb74,1bf7754b-d791-4125-8a90-48efd5692994,award,2025-08-14,3.0,1,Atelier Volet Charpentier/Bâtisseur SA,1086633.45,45000000,Travaux de construction,<p>Revêtement de façade en bois : </p><p>Environ 1’300m2 de façade en bois comprenant&nbsp;: </p><p>&nbsp;&nbsp;&nbsp;&nbsp;&nbsp;&nbsp;&nbsp;&nbsp;&nbsp;&nbsp;&nbsp;&nbsp;&nbsp;&nbsp;&nbsp;&nbsp;&nbsp;&nbsp;&nbsp;&nbsp;&nbsp;&nbsp;&nbsp;&nbsp;&nbsp;&nbsp;&nbsp;&nbsp;&nbsp;&nbsp;&nbsp;&nbsp;&nbsp;&n
bf716424-c2e0-4705-b0d5-57b8583ff6dd,eaa12e23-7da0-4c03-8950-f551bcb5b147,award,2025-09-16,3.0,1,PHIDA Étanchéité (VD) SA,4761318.3,45000000,Travaux de construction,<p>Selon cahier des charges.</p>
66dcddd9-340f-4c77-acbf-447787339960,c05675a7-affc-481a-9084-d71f3a44bb04,award,2025-09-30,4.0,1,Lanthmann Constructions Bois SA,,45000000,Travaux de construction,<p>Travaux de charpente bois.</p><p>Se référer aux documents d’appel d’offres.</p>
758a3550-fbe2-477d-ab56-9a65fdc0c85d,dfc2c4de-0af1-4410-840f-97802309eace,award,2025-10-02,6.0,1,Consortium des entreprises du Groupe JPF - Michel Démolition SA & Bernard Torrent SA,,45000000,Travaux de construction,<p>Projet de construction d'un bâtiment de voirie à Rennaz - Travaux de maçonnerie - Travaux spéciaux - Génie civil</p>
70c2390e-cb92-4be7-9a5c-f0fea19c79a8,4c30a539-a784-4bef-a2c9-080db8107447,award,2025-09-30,5.0,1,MICHEL GINDRE Sàrl,,45000000,Travaux de construction,<p>Travaux de ferblanterie et couverture.</p><p>Se référer aux documents d’appel d’offres.</p>
4cf7d48d-cc47-4623-bc2e-0adf87b8d125,0a66f8ea-2479-48bf-948b-887589c4419e,award,2025-09-25,3.0,1,Multi & Therme SA,,45000000,Travaux de construction,<p><br></p><p>Se référer aux documents d’appel d’offres.</p>
c0c4ef64-e121-44a4-be92-e8455492e902,8bcebaea-23bf-4072-9a31-188840ae0387,award,2025-09-25,3.0,1,Troger SA,,45000000,Travaux de construction,<p><br></p><p>Se référer aux documents d’appel d’offres.</p>
055ea95c-6736-46a2-bf81-f584c09f5e48,9182aaab-3251-401f-a1b1-4471fef92f02,award,2025-09-16,2.0,1,Béati Frères SA,802841.4,45200000,Travaux de construction complète ou partielle et travaux de génie civil,"<p><strong>Travaux de mise en séparatif, de remplacement de conduite d'eau, d'équipement et de réfection de chaussée.</strong></p><p>Excavation de fouilles : 2200 m3</p><p>Terrassement pour encaissement : 670 m3</p><p>Fourniture de grave et matériaux d'enrobage : 2870 m3</p><p>Pose de revêtement bit"
4e424e76-a6f7-46d5-9c94-2e7289f16ef9,a68795aa-19bf-4de6-b379-2be4331285eb,award,2025-10-06,5.0,1,PolyEtanche SA,1681252.98,45000000,Travaux de construction,"<p>Pour répondre à la forte croissance du nombre d’étudiant(e)s tout en préservant son excellence pédagogique, l’EPFL lance le Double Deck, un projet ambitieux pour adapter et étendre ses infrastructures, il s’agit de la création d’un nouveau pôle de formation au cœur du campus.</p><p>Le projet a de"
170f9c5b-a7cc-4a94-8044-a080d67abaaa,1c6e0465-3ff4-420a-a559-8365e942e423,award,2025-10-01,7.0,1,Bitz travaux publics SA,1090786.0,45000000,Travaux de construction,<p>Quantités principales du lot (quantités approximatives)</p><p><br></p><p>Démolition revêtement bitumineux : 4’400 m2</p><p>Démolition de bordures et bordurettes : 800 m</p><p>Démolition de canalisations : 350 m</p><p>Grave 0/45 et grave de réglage pour coffre de route : 1’900 m3</p><p>Compactage 
aa7438fa-62d4-4a30-a558-150222d0882e,fcbfb604-34e3-480a-87ec-3c22619fc48c,award,2025-10-01,5.0,1,R. Morand et Fils SA,,45223210,Ossatures métalliques,"<p>Le site Octofer à Martigny est constitué d’un bâtiment administratif extérieur. D’une première halle, divisée en un atelier d’entretien des bogies sur le côté Nord (halle bogies) et une halle de maintenance des trains (Catogne I) en cours de réalisation. D’une seconde halle sur le côté Est intégr"
d617ddba-ae96-4684-90df-3750f73d0e1f,9627b54f-5464-4c74-b2b0-af7bd5ab9910,award,2025-09-08,4.0,1,Tek Cuisines SA,302041.3,45421151,Installation de cuisines équipées,<p>Fourniture et pose de 22 cuisines dans des logements locatifs et d'une kitchenette.</p>
315be122-b557-4a1a-8690-5d630e307334,57332f65-6657-4468-9f57-ebbcc76bf89c,award,2025-09-24,3.0,1,Epiney Construction SA,385795.6,45000000,Travaux de construction,<p>Terrassements : 600 m3</p><p>Grave : 680 m3</p><p>Bordures : 500 ml</p><p>Béton bitumineux : 340 to</p>
4a68bc35-b972-4a08-908a-45ebd858410c,ef35134a-4e8f-4e02-97eb-87c1edb68aec,award,2025-09-25,5.0,1,MARTIN PAYSAGE SA,538574.08,45112700,Travaux d'aménagement paysager,"<p>Réaménagement d’un parc incluant la création de cheminements en stabilisé et de bacs potagers, avec des travaux de terrassement, remblayage, pose de canalisations, plantations, travaux de jardinage et de maçonnerie.</p>"
649c1394-50ab-408a-bc03-1bd1d6d4ccb4,58af3328-eaa9-48a7-b2fa-4b8b7d5e600c,award,2025-10-03,4.0,1,Consortium PIASIO SA-SADE TRAVAUX SPECIAUX - COLAS SA,21554486.2,45222000,"Travaux de construction d'ouvrages de génie civil, excepté ponts, tunnels, puits et passages souterrains","<p>Le projet Génilac des Services Industriels de Genève (SIG) a pour but la création d'un réseau hydrothermique. Le fluide transporté est de l'eau potable traitée, sous pression, de température variant entre 1 et 30°C.&nbsp;Ce réseau comporte une section de 2 x 1700 m de conduites âme-tôle de grand "
3ae6a5ae-b960-4908-98bf-72732fe60ee6,272d77d2-ae78-4ce4-bba4-eff5349c7e34,award,2025-11-05,2.0,1,TZ Stromag,2564864.45,45214300,Construction d'établissements d'enseignement supérieur,<p>BKP 230 Elektroanlagen (Südtrakt)</p>
0c03f269-7422-4a52-b9ca-9df301750647,96702988-76a0-4a49-8757-0e448956a49a,award,2025-11-24,2.0,1,Equans Switzerland AG,154314.7,45332400,Travaux d'installation d'appareils sanitaires,<p>Fournitures et installations de sanitaires pour le Poste HT-MT de la Foretaille</p><p><br></p>
28762d05-8ee3-4177-b895-2bac4161e983,d5568ded-26d1-4c0d-822b-3574d1208bd4,award,2025-11-05,1.0,1,Gastra-Grossküchen AG,399553.0,45214300,Construction d'établissements d'enseignement supérieur,<p>BKP 358 Kücheneinrichtungen (Südtrakt)</p>
728eaecf-0e00-45fa-b04d-24a817a2575b,17df0cb7-0569-4450-a25f-67e204ca64ee,award,2025-11-05,2.0,1,Werner Electro AG,629935.55,45000000,Travaux de construction,<p>Elektroarbeiten im Rahmen der Sanierung der Motorfahrzeugkontrolle in Visp</p>
3cf34f49-c51b-41c4-a940-53aef895cef4,e4cfdaa1-6151-4e09-92b9-5c510ad699ec,award,2025-11-26,5.0,1,Entreprise Belloni SA,2514315.21,45000000,Travaux de construction,"<p>Pour répondre à la forte croissance du nombre d’étudiant(e)s tout en préservant son excellence pédagogique, l’EPFL lance le Double Deck, un projet ambitieux pour adapter et étendre ses infrastructures, il s’agit de la création d’un nouveau pôle de formation au cœur du campus.</p><p>Le projet a de"
dccdd111-f79b-4a37-babd-baef5540078d,31892d0f-2ba7-45fc-8163-4f0df3b8630f,award,2025-11-17,2.0,1,Imwinkelried Lüftung und Klima AG,262791.25,45000000,Travaux de construction,<p>Lufttechnische Anlagen</p>
ea462e3b-58ad-4343-b7c0-83702583664b,4137d945-aafd-49e0-bba0-9dc6f3313b2d,award,2025-11-25,6.0,1,Realsport Group SA,319102.9,45214100,Travaux de construction de jardins d'enfants,"<p>Aménagements extérieurs, végétalisation</p>"
f0059857-abb1-4767-b15d-1b93797bfc72,fb7dc98d-a600-4050-9591-98312e518c6f,award,2025-11-25,4.0,1,Gauye et Dayer SA,753336.45,45421000,Travaux de menuiserie,"<p>Appel-d'offres pour les réalisations des menuiseries intérieures pour la construction d'un centre médial et d'un crèche.</p><p><br></p><p>Bâtiment de la crèche (livraison des menuiseries intérieures: printemps 2026)</p><ul><li>portes</li><li>Cloisons, revêtements</li><li>Meubles (vestiaires, rang"
3fb4e020-a9e0-404b-82bb-ae88c89c96e5,3d983a29-3046-4d4f-855c-77bb2ee8080c,award,2025-11-20,3.0,1,Dénériaz Construction Bois SA,692678.18,45000000,Travaux de construction,<p>Démontage et reconstruction de structures de toit pour les toitures en tôle pliée.</p>
ac4957d7-e3c3-4f81-8f33-6822ff728dd3,e3e97fbf-34d0-43e1-a4a2-c6ab6619a004,award,2025-11-20,5.0,1,Stöckli Bodenbeläge AG,529394.73,45000000,Travaux de construction,"<p>Déconstruction, remplacement et complément de revêtements de sol en linoléum, textile et bois.</p>"
0727f8e5-9454-419a-938c-93ee00f6fb75,5b133a09-1e02-4538-b0b0-0f9c8e7b687b,award,2025-11-20,2.0,1,Joye Carrelage SA,335942.37,45000000,Travaux de construction,<p>Création de revêtements muraux avec des carreaux céramiques</p>
f02cd2d9-661e-4677-b424-f904b13cff5a,dae09f89-0019-47c5-8963-d67f10662fc1,award,2025-11-20,4.0,1,Hans Gassler AG,739584.39,45000000,Travaux de construction,<p>Exécution de travaux de peinture et de tapisserie</p>
893984d2-bd28-464b-bcd2-d97c16a6132a,e1cf7c93-35ee-4013-b332-7732035ef546,award,2025-11-20,2.0,1,Ramseyer & Dilger AG,1038948.62,45000000,Travaux de construction,<p>Démontage et reconstruction des toitures en tôle pliée.</p>
a6042270-3dc0-423e-ac1b-b998594b85da,8c8d83ba-7c0e-4e13-9cba-2aafc4b477c6,award,2025-11-20,6.0,1,"Röthlisberger AG, Die Schreinermanufaktur",1382196.7,45000000,Travaux de construction,"<p>Livraison et montage d'armoires modulaires et de supports, ainsi que travaux de menuiserie généraux.</p>"
2d818c71-d0f0-470f-b867-71016ff91eef,f8f4d3ac-7960-45c4-a639-c638ff1c9db6,award,2025-11-20,3.0,1,RWD Schlatter AG,591242.48,45000000,Travaux de construction,<p>Livraison et montage de portes intérieures en bois et en matériaux dérivés du bois.</p>
fa3e7c43-977d-4012-a8c5-e79d34700617,efd390f1-216b-4640-89c5-7b90c509649b,award,2025-11-20,3.0,1,"swisspro SR SA, succursale de Sion",230804.31,45000000,Travaux de construction,<p>Livraison et montage des distributions secondaires</p>
f5bdeff6-e283-4015-bb3e-32cb0e5eaeb3,4075f1a7-cfd9-44d2-9f59-9692f412e13e,award,2025-11-19,6.0,1,Atelier du Poirier SA,538976.55,45000000,Travaux de construction,"<p>Le projet est planifié pour accueillir lors de sa mise en service 700 élèves réparti sur trois niveaux. Au rez supérieur et à l’étage sont aménagés les locaux destinés à l’enseignement, tandis qu’au rez inférieur se trouvent les services : le réfectoire, l’administration et les locaux pour les ma"
f484a76f-d4cd-4c34-9251-7b8ee993c69f,fd45fc26-0f52-47cf-9d3a-24fb41c99e84,award,2025-11-19,8.0,1,Velamen SA,650099.45,45000000,Travaux de construction,"<p>Le projet est planifié pour accueillir lors de sa mise en service 700 élèves réparti sur trois niveaux. Au rez supérieur et à l’étage sont aménagés les locaux destinés à l’enseignement, tandis qu’au rez inférieur se trouvent les services : le réfectoire, l’administration et les locaux pour les ma"
db201135-e360-4d97-a1ef-11ac94a7e927,a36fb482-af26-4226-bcf0-751b634542fe,award,2025-11-20,3.0,1,Blattner AG,195120.5,45000000,Travaux de construction,<p>Fourniture et montage d'une distribution principale éléctric (remplacement et complément d'une installation existante)</p>
184d44e0-c439-432d-b068-befee7b5ef25,475acaf3-cf0b-48b2-b9db-dd00e9ad845f,award,2025-11-20,1.0,1,Muesmatt AG Fenster und Schreinerei,1718113.29,45000000,Travaux de construction,"<p>Démontage et élimination des fenêtres existantes, livraison et montage de nouvelles fenêtres en bois et en plastique, remplacement du vitrage des fenêtres existantes en bois.</p>"
bf2379bf-9e4a-4144-8c0c-7179fc2d9fcf,4794e7da-5a3f-4304-8105-5cbccd6a229a,award,2025-11-21,3.0,1,Gilgen Door Systems AG,254931.85,45400000,Travaux de parachèvement de bâtiment,<p>Remplacement de portes automatiques</p>
3b32ea0a-a188-45c8-9a2c-4e8aad196717,1a59e006-2d44-43fa-ae8e-7a2db657af01,award,2025-10-29,6.0,1,Menétrey SA,1966947.3,45000000,Travaux de construction,<p>CFC 421.0 - aménagements extérieurs</p><p><br></p><p>Ensemble des travaux d'aménagement extérieur et de jardinage du projet</p>
72174f1e-a343-4664-98e3-60d7281b0591,58b5636d-417f-4018-bff0-1731470c04c6,award,2025-10-29,3.0,1,SDAUTOMATION SA,1272730.65,45000000,Travaux de construction,<p>CFC 249.0 - MCR automatisme du bâtiment</p><p><br></p>
b7f489f0-3f8e-4f46-955b-6ae2e29adbe4,bd0d35d1-95ec-494c-a9a2-377602ecf1e6,award,2025-11-18,4.0,1,André SA,906615.76,45000000,Travaux de construction,"<p>Pour répondre à la forte croissance du nombre d’étudiant(e)s tout en préservant son excellence pédagogique, l’EPFL lance le Double Deck, un projet ambitieux pour adapter et étendre ses infrastructures, il s’agit de la création d’un nouveau pôle de formation au cœur du campus.</p><p>Le projet a de"
6dbd6b8b-2424-4dca-b8f1-92a16ef47353,e67dd402-16fa-40e6-a3d6-5115d0128c70,award,2025-11-16,2.0,1,Entreprise Jean Lanoir SA,388084.9,45000000,Travaux de construction,"<p>Pour répondre à la forte croissance du nombre d’étudiant(e)s tout en préservant son excellence pédagogique, l’EPFL lance le Double Deck, un projet ambitieux pour adapter et étendre ses infrastructures, il s’agit de la création d’un nouveau pôle de formation au cœur du campus.</p><p>Le projet a de"
440cf2d2-e291-4524-a1f9-2125f1755369,0470e8c3-e199-4b20-bf10-d709e84ee545,award,2025-05-26,4.0,1,SOTTAS SA,,45261000,Travaux de charpente et de couverture et travaux connexes,"<p>Travaux de charpente et de couverture pour :</p><p>- Les installations de chantier propre aux travaux décrits dans le présent lot.</p><p>- La réalisation des ancrages sur le béton armé ;</p><p>- La réalisation de la charpente métallique du bâtiment, notamment ;</p><p>	o La charpente de couverture"
6a533555-6926-42a7-ac57-8d25e9a321c7,32444884-b03b-43be-9820-63571c0ad767,award,2025-03-31,1.0,1,Tuba 9 Sàrl,,45112000,Travaux de fouille et de terrassement,<p>Réhabilitation d’une conduite de 400 mm en fonte joint à vis sur 175 m par chemisage avec gaine textile selon norme SVGW W4 en 4 tronçons</p><p><br></p><p>Réhabilitation d’une conduite de 400 mm en acier Johnson sur 720 m par chemisage avec gaine textile selon norme SVGW W4 en 9 tronçons</p><p><b
5fddd7c9-6c05-4e2e-bde5-0a776af1276e,58e25abb-49e6-4d8d-82c2-6a3637f4727e,award,2025-05-22,4.0,1,Tech Building SA,,45331000,"Travaux d'installation de matériel de chauffage, de ventilation et de climatisation",<p>Le projet consiste en la construction et mise en service d’une centrale de production thermique destinée à l’Hôtel Fairmont situé Quai du Mont-Blanc 19 à Genève. L’objectif de cette installation est de fournir simultanément chauffage et refroidissement grâce au réseau de production thermique Geni
1037e060-4994-49c2-9021-4b52854146b4,2c6a56bf-a4ce-4a53-aa7a-ad0b25f77690,award,2025-06-12,1.0,1,Tuba 9 Sàrl,,45112000,Travaux de fouille et de terrassement,<p>Réhabilitation d’une conduite de 500 mm en prfv joint à emboitement sur 310 m par chemisage avec gaine textile selon norme SVGW W4 en 2 tronçons&nbsp;:</p><p>#1: 100 m&nbsp;- #2: 210 m&nbsp;&nbsp;</p><p><br></p>
593c0a73-be07-4d2a-91a1-6ecb504e86fc,1c41f4bb-327b-4bd1-902b-24ab252cb944,award,2025-09-30,1.0,1,J.F. Charmoy SA,699924.53,45000000,Travaux de construction,<p>Lot <strong>224.800 Aménagement de toiture accessible</strong></p>
258d7941-59ac-4735-aceb-e57c673506b8,92e9b46a-48dd-4b1e-9793-585eec6e0ac6,award,2025-09-25,5.0,1,EPIC Energies SA,491592.42,45330000,Travaux de plomberie,<p>Travaux d'installation de CVC et Adb pour le poste HT MT de la Fortaille à Genève</p>
085dc8c1-0e8d-49d1-aea8-66b0236ebbef,9f36efea-431a-4b54-9630-61c954dbedee,award,2025-09-30,2.0,1,Menétrey SA,2475529.45,45000000,Travaux de construction,<p>Lot 400.000 Aménagements extérieurs</p>
573a0b77-a2ee-4dcb-a1f8-8ce3c1c42245,c99d87d7-16a1-4605-b9fd-e10e25dbb1b5,award,2025-01-28,5.0,1,Orllati (GE) SA,,45100000,Travaux de préparation de chantier,<p>Rénovation du Poste HT-MT de la Foretaille</p><ul><li>Installations de chantier</li><li>Démolition</li><li>Désamiantage</li></ul><p><br></p>
7f709338-8911-476f-9754-99d121bef383,2683c83f-db44-4fd5-8142-5173d20d9306,award,2025-04-24,5.0,1,P. Piretti SA,,44111400,Peintures et revêtements muraux,<p><strong><u>Peinture intérieure</u></strong> du bâtiment Micropolluants de la nouvelle STEP d’Aïre</p>
1f4634d5-1650-40ca-8cf5-9c8df8d32bc4,c3f1643a-66c9-4338-b649-2bbf85392e5c,award,2025-11-12,11.0,1,Bitz travaux publics SA,545616.9,45000000,Travaux de construction,<p>Démolition d’enrobé bitumineux : 380 m3</p><p>Excavation : 1000 m3</p><p>Grave : 1200 m3</p><p>Bordures : 520 m1</p><p>Béton bitumineux : 775 to</p>
24b03a8d-eaed-407f-9ff8-4d6ba3687a35,752c355e-7201-4b6b-865c-1210965db091,award,2025-08-28,5.0,1,Joux S.A.,411472.0,45000000,Travaux de construction,<p>CFC 226.1: Façades vitrées</p>
9ef225df-8677-4ed3-9b27-f53a7ac04172,5b02f5a8-e937-400c-a222-c720065bef90,award,2025-07-18,1.0,1,Explosion Power GmbH,,42300000,"Fourneaux, incinérateurs et fours industriels ou de laboratoire",<p>Fourniture et à installation d’un système de nettoyage de faisceaux chaudières par ondes de choc sur le site de l’usine des Cheneviers</p>
45a29fde-39bf-4ccd-b0a4-933ba95ff12a,4676dca4-e249-4377-93a2-da5c83a5bc6d,award,2025-11-06,5.0,1,Rampini & Cie SA,,45200000,Travaux de construction complète ou partielle et travaux de génie civil,"<p>Dans le cadre du projet de forage géothermique initié par les SIG – Transition Energétique – Unité d’affaire Géothermie, des travaux préparatoires doivent être entrepris dès la fin de l’année 2025 afin de réaliser une plateforme destinée à recevoir les engins et les équipements de forage ainsi qu"
896e9ffd-8b78-46b3-8197-69f80cf26d73,8d0ae43a-24c0-4f2a-99c2-a18ac5b508c1,award,2025-10-08,4.0,1,IDEM Suisse Sàrl,,45262400,Travaux d'assemblage d'ossatures métalliques,"<p>Le présent appel d'offres consiste notamment en la réalisation, par une même entreprise, d’ouvrages métalliques courants pour les bâtiments désignés Micropolluants et Biofiltration-Flottation. </p><p>La structure des prix basée sur le CAN 612 Ouvrages métalliques courants</p>"
2a2c063f-13e5-49be-8ce5-9d0ac8c87c9b,ee9df522-2a9f-4bb4-925c-90b17d8fc785,award,2025-11-10,2.0,1,"Truchet, Jardinier SA",1436532.4,45214210,Travaux de construction d'écoles primaires,"<p>Travaux d’aménagement des préaux extérieurs, comprenant des travaux de maçonnerie et de jardinage.</p>"
6204fbdd-5781-4adc-b548-ce2666c00e29,f5c94e20-08f7-4d20-b624-5512e85b59ed,award,2025-10-15,3.0,1,ALVAZZI GROUPE SA,1506575.55,45215120,Travaux de construction de bâtiments médicaux spécialisés,<p>Travaux d’installations de chauffage et de refroidissement</p>
f92403e2-af49-4e3a-a4bb-26f394d57b42,4f3a90cd-31fd-4906-9af5-7b441bb946c5,award,2025-10-08,6.0,1,Entreprise Belloni SA,2419007.92,45215120,Travaux de construction de bâtiments médicaux spécialisés,<p>Travaux de Plâtrerie / Peinture</p>
41243964-9c41-4305-9218-42864aab37d6,3fe16db7-4f72-4f4e-8295-2c12495e102b,award,2025-10-15,1.0,1,Inevo AG,670413.4,45000000,Travaux de construction,"<p>CFC 276.0 - dispositifs intérieurs de fermeture</p><p><br></p><p>Fourniture et pose de l'ensemble des rideaux, stores et voilages intérieurs du bâtiment</p>"
1f8e9dce-5d1e-42d0-9a0d-bce64c7203e2,3b3c4554-32a2-4b73-8e1e-6d1c4f3eeecc,award,2025-10-15,3.0,1,Gauye et Dayer SA,398150.7,45000000,Travaux de construction,<p>CFC 273.4 - menuiserie intérieur / modules bois avec éléments vitrés</p><p><br></p><p>Fourniture et pose de l'ensemble des modules en bois et vitrages disposés à l'étage du projet</p>
571bafc1-887c-4e61-98b2-8e12f7b3caf8,cd6c00a0-2df7-4771-b314-e9dbb81b1794,award,2025-10-15,2.0,1,Lauber Iwisa AG,949820.05,45214300,Construction d'établissements d'enseignement supérieur,<p>BKP 240 Heizungsanlagen (Südtrakt)</p>
27b75a5a-721f-424f-8114-236243646589,150762e7-b24d-4083-b9fe-a2c7dbf622eb,award,2025-10-15,4.0,1,Imwinkelried Lüftung und Klima AG,1138429.05,45214300,Construction d'établissements d'enseignement supérieur,<p>BKP 244 Lufttechnische Anlagen (Südtrakt)</p>
f9198e7c-a3bb-4f76-bdfb-2a2484142f5a,de070916-fbc3-4c79-8e31-4cdad805b8da,award,2025-10-15,2.0,1,Josef Zehnder AG,801114.6,45214300,Construction d'établissements d'enseignement supérieur,<p>BKP 250 Sanitäranlagen (Südtrakt)</p>
7e0f9c2e-8774-4455-b14b-6f86d7c53069,8e1407a8-af2e-4900-b165-9bf288f7be51,award,2025-09-26,2.0,1,"swisspro SR SA, succursale de Montreux",3720834.4,45214220,Travaux de construction d'écoles secondaires,"<p>Installations électriques, mise à terre et éclairage de secours pour le gymnase du Chablais à Aigle comprenant la protection contre la foudre, les installations à courant fort, la fourniture d’éclairage de secours, les appareils à courant faible, les installations à courant faible, la gestion tec"
779c0d28-32e9-410c-823c-261dd55ae362,6de5d047-8fd4-4232-96eb-7f505a431f1b,award,2025-09-26,1.0,1,Orllati (VD) SA,3473024.15,45112000,Travaux de fouille et de terrassement,"<p>Terrassement, travaux spéciaux et canalisations</p>"
7d4a7186-de1b-46d3-9980-3f0a3c157d1f,64c09435-6c61-4f4b-8fde-77ff488b9dcd,award,2025-09-26,3.0,1,Hevron S.A.,2665864.5,45223000,Travaux de construction d'ouvrages,"<p>Constructions en acier comprenant la construction métallique, la charpente métallique, le montage, des amortisseurs dynamiques accordés ainsi que les installations de chantier.</p>"
e671bb39-af40-422a-9db6-3d95840fbe7f,0088f3eb-c754-40b9-8f6c-288031f4f1d6,award,2025-11-04,2.0,1,PraderLosinger SA,9983646.47,45000000,Travaux de construction,"<p>Le projet intègre les travaux de reconstruction du passage supérieur de Beaulieu en ville de Sierre et les aménagements routiers Nord, sur la ligne 100 Lausanne - Brig.</p><p>Le présent appel d'offre vise à contractualiser notamment les travaux de génie civil et routiers suivants :</p><p>- travau"
e7704227-0a4b-476d-87eb-42fc779dceb5,6ea437ff-e26d-4641-8abf-64d9f25fc932,award,2025-10-06,11.0,1,Jean Bollini et Cie S.A.,561182.55,45200000,Travaux de construction complète ou partielle et travaux de génie civil,"<p><strong>Aménagements routiers, mise en séparatif, remplacement de la conduite d’eau et équipements.</strong></p><p><br></p>"
7d41e723-a359-435d-9ad7-dc44800db34b,de42f8a7-55c9-4cde-ba06-e73205ede58e,award,2025-11-03,2.0,1,"Ascenseurs Schindler SA, succursale de Plan-les-Ouates",488312.0,45000000,Travaux de construction,"<p>Le présent appel d’offres porte sur la fourniture, la pose et/ ou l’installation, la mise en service</p><p>et les prestations de service de maintenance au marché mis en soumission du CFH 261.00 -</p><p>Ascenseurs destiné au service de la Maternité des HUG.</p><p>Le détail et les caractéristiques "
6bc88597-8590-4914-8793-919e66edff73,c3ee4cf2-a58a-469e-a869-60880fddd43d,award,2025-11-03,2.0,1,SCRASA SA,15071570.03,45200000,Travaux de construction complète ou partielle et travaux de génie civil,"<p>Le Contrat a pour objet toutes les prestations, réalisées par l'Entrepreneur, nécessaires à la réalisation de travaux de rénovation de réseaux d’eaux claires et d’eaux usées sans tranchées, qui comprend notamment&nbsp;le contrôle par inspection caméra des collecteurs, le curage et fraisage de col"
6bc88597-8590-4914-8793-919e66edff73,4adfa689-0982-479e-99b8-a07062bfe123,award,2025-11-03,5.0,1,SOGECA SA,10694840.53,45200000,Travaux de construction complète ou partielle et travaux de génie civil,"<p>Le Contrat a pour objet toutes les prestations, réalisées par l'Entrepreneur, nécessaires à la réalisation de travaux de rénovation des collecteurs de réseaux d’eaux claires et d’eaux usées avec tranchées, qui comprend notamment&nbsp;la réhabilitation des chambres et/ou de leurs dispositifs de fe"
d332e46b-ba4e-427d-9021-f0a90dd2e105,81fa55fd-75cb-4ddb-81e5-7ccca8385bde,award,2025-10-24,7.0,1,RITHNER SA,3295078.65,45000000,Travaux de construction,"<p>Tronçon 1 : élargissemement de la Morge en plaine sur environ 500m, construction d'enrochements et de seuils, construction de digues, rehaussements de murs, reprise en sous-oeuvre, adaptation et pose de réseaux souterrains</p><p>Tronçon 4 : élargissemement de la Morge en plaine sur environ 150m, "
26cfae60-9a78-4f02-888c-8ed6900f8bcf,9cae5ab7-052b-4960-a5ec-67d250eba856,award,2025-12-23,4.0,1,"Société de Travaux Publics, Joseph Carron SA",248517.25,45000000,Travaux de construction,<p>Démolition d'enrobé bitumineux : 200 m3</p><p>Excavation : 160 m3</p><p>Couronnement en béton armé : 32 ml</p><p>Grave non-traitée : 180 m3</p><p>Béton bitumineux : 580 to</p>
4c479fff-1cf7-4d52-bd71-68b98d71d51e,5ccb860e-eb71-4c2e-a648-c65e111547a0,award,2025-12-18,4.0,1,BISANTI Sàrl,,45000000,Travaux de construction,<p><br></p><p>Se référer aux documents d’appel d’offres.</p>
baef738d-14fb-429e-b87d-e42c734a974b,94be89e9-9d04-4850-bd3f-b5d2058967c6,award,2025-12-19,3.0,1,Frutiger AG,282178.9,45221250,"Ouvrages souterrains autres que tunnels, puits et passages souterrains",<p>Die BKW beabsichtigt Baumeisterarbeiten zu beschaffen.</p><p><br></p><p>Der Kabelabschnitt zwischen dem Mast M184 und dem im Jahr 2024 neu erstellten Muffenschacht 2 (MS2) bildet aktuell einen Engpass der 50 kV-Leitung Oberhofen – Steffisburg. Bereits heute schon wird die Leitung an der Belastung
ccc85c5c-9c13-4437-ad97-37805dc80be1,b93e56fe-887b-4e26-9bda-65be03b24298,award,2025-11-20,2.0,1,gex sa ventilation - climatisation,413009.0,45000000,Travaux de construction,<p>C4 Centre Coordonné de Compétences Cliniques 33'600'00 HT</p><p>HESAV Haute Ecole de Santé Vaud 87'600'000 HT</p><p>SITE 35'500'000 HT</p><p>Lot 156 Désenfumage</p>
f1dc8de2-204c-42a7-8d2d-6bec6d88c87d,2362a50f-3f27-4632-a306-4686fa6cf12c,award,2025-12-19,4.0,1,"Entreprise Manenti, Farquet et Cie SA",1823600.9,45000000,Travaux de construction,"<p>Travaux préparatoires et installations, Terrassements, canalisations, béton armé, maçonnerie, aménagements extérieurs (bitume)</p>"
495ce04d-9196-451d-b429-a2cf363d717e,c06f3a85-7313-4dce-bdf1-2882d6a002b2,award,2025-10-17,8.0,1,JPF Entreprise Générale SA,23300000.0,45000000,Travaux de construction,"<p>Le marché mis en concurrence porte sur la planification (à partir de la phase 32), les démarches en vue de l'obtention de l'autorisation de construire et la réalisation en entreprise totale du bâtiment Espace Famille aux Avanchets, selon deux tranches contractuelles:</p><p>1.&nbsp;&nbsp;&nbsp;&nb"
7e188929-715e-4256-907d-e447dc39a30d,2b4c168a-3da0-4ad9-b5b7-d69ba3c6a300,award,2025-12-17,3.0,1,Camandona SA,,45212000,"Travaux de construction de bâtiments destinés aux loisirs, aux sports, à la culture, à l'hébergement et de restaurants",<p>Transformation du bâtiment Prieuré 2a Pully</p>
be7d7cb9-2f40-4155-a757-965cf8ec8c79,90259f0d-a517-44f2-89e4-42360ee0aba3,award,2025-11-19,9.0,1,Dumas Construction SA,396400.75,45240000,Travaux de construction d'ouvrages hydrauliques,"<p>Les mesures d’aménagement et de sécurisation du torrent de la Tornassière, prévus dans le présent appel d’offre ont pour objectifs essentiels de protéger le domaine du bâti dans le village de Granois en limitant les risques dus au transport sédimentaire en amont du village de Granois. Les mesures"
edd48217-e656-49ed-8024-7417ade94f15,8e8020a1-a57f-4c5d-9522-d3a447046182,award,2025-08-21,7.0,1,Joseph Diémand SA,1379878.0,45232460,Travaux d'installations sanitaires,<p>Construction du nouveau site scolaire de Champs d’Aullie au Mont-sur-Lausanne</p>
0494b517-9494-415c-8a36-7d3e3e619a1d,f504e4af-eafc-462c-b8e0-ff42ed179f5a,award,2025-08-21,7.0,1,Brauchli SA,1106318.0,45232141,Installations de chauffage,<p>Construction du nouveau site scolaire de Champs d’Aullie au Mont-sur-Lausanne</p>
b26630b9-078b-4e8b-aa33-01e6461ba9ee,3d039197-79d3-40a3-b1a9-95b2b5c80de0,award,2025-08-21,6.0,1,DUBRIT S.A.,1184761.0,45311200,Travaux d'installations électriques,<p>Construction du nouveau site scolaire de Champs d’Aullie au Mont-sur-Lausanne</p>
27ada816-56f0-4473-af21-698c2753df21,75ebf58f-9637-4029-a9cf-0845b7a5c339,award,2025-08-21,4.0,1,Induni & Cie SA,7594514.0,45262500,Travaux de maçonnerie et de briquetage,<p>Construction du nouveau site scolaire de Champs d’Aullie au Mont-sur-Lausanne</p>
3ece9e39-2c45-4752-8c93-2fd93d4c005b,24ac9f32-3d2f-45e9-bfa1-a4ecf393dc29,award,2025-08-21,5.0,1,Orllati (VD) SA,472734.0,45200000,Travaux de construction complète ou partielle et travaux de génie civil,<p>Construction du nouveau site scolaire de Champs d’Aullie au Mont-sur-Lausanne</p>
bfdc1b08-fc28-42e4-9ae1-9c5b48231b63,2845866c-93a4-48c2-9ac8-eae6848b6108,award,2025-08-21,3.0,1,"Ascenseurs Schindler SA, succursale de Bussigny-près-Lausanne",156821.0,42416100,Ascenseurs,<p>Construction du nouveau site scolaire de Champs d’Aullie au Mont-sur-Lausanne</p>
d3851119-5d54-43dd-92f7-8f6cc6a0f914,eda7c17d-632a-4f95-a8ca-0f8c0793c04b,award,2025-08-21,5.0,1,Charpentes Vial S.A.,4071081.0,45261100,Travaux de charpente,<p>Construction du nouveau site scolaire de Champs d’Aullie au Mont-sur-Lausanne</p>
e6853b9f-1d22-48f6-b028-3f85ac2b5618,cee6aaa6-0c91-49a7-8b9f-afb24c9f9920,award,2025-10-16,7.0,1,FREI REZAKHANLOU SA,945875.0,71200000,Services d'architecture,"<p>Le présent marché concerne la désignation d’un mandataire pour assurer des prestations d’architecte pour les phases 31 partielle a 53 du projet de surélévation et modernisation de l’établissement médico-social (EMS) Château des Novalles à Blonay, soit 97% des prestations ordinaires selon SIA 102,"
2fbc9b37-ef62-448d-84dc-bbe3983f22a2,86151c92-7098-4142-9518-2aa714770fe0,award,2025-10-30,4.0,1,"Truchet, Jardinier SA",888380.3,45000000,Travaux de construction,<p>Réaménagement paysager du cimetière de Collonge</p>
2fbc9b37-ef62-448d-84dc-bbe3983f22a2,ec1c9b22-8937-400c-951c-90f4ad48b066,award,2025-10-30,4.0,1,"Truchet, Jardinier SA",1061851.41,45000000,Travaux de construction,<p>Réaménagement paysager du cimetière de Vésenaz</p>
ff1cfba4-be56-4407-ab1b-23ec86768592,db2df781-705d-4d41-81c6-af7479c8c204,award,2025-11-18,6.0,1,Lauper SA,398038.6,45000000,Travaux de construction,<p>Construction d’un nouveau bâtiment pour le Foyer de la Cigale: Soumission CFC 4 Aménagements extérieurs.</p>
a57f2090-4964-4382-865c-f1180656943a,07ded33c-2238-4d3a-8ee6-7c3983aa95a3,award,2025-12-12,3.0,1,Consortium Piasio SA - Colas Suisse SA,903503.74,45000000,Travaux de construction,"<p>Dans le cadre du programme AXE STRATEGIQUE RESEAU et à la suite de l'enfouissement (5km) de la ligne le long de l'autoroute N01 et de l'aéroport de Genève, Swissgrid s’est engagé à démonter la ligne en double terne entre les pylônes conservés n°1600x169 (Foretaille) et n°1603x001 (ex.187) du cant"
17f30f04-1bb5-4542-b37b-dcdef065f732,adfd2bab-3254-48f5-91b3-a003f9896f89,award,2025-11-19,3.0,1,Marty Korrosionsschutz AG,431150.0,45442200,Travaux d'application de revêtements anticorrosion,"<ul><li>Mise en place des installations logistiques nécessaires à la réalisation du mandat.</li><li>Réception de l'installation de chantier avant le début des travaux</li><li>Décapage des surfaces et préparation du subjectile, travaux annexes</li><li>Évacuation des déchets</li><li>Application du nou"
48d21a88-4fb4-4813-85d5-b38ce57913b1,b4f63784-5ec8-42e1-9b43-87db3fa5d8be,award,2025-11-26,2.0,1,Florey Yves Renotec,609392.37,45000000,Travaux de construction,<p>Construction d'un nouveau Campus pour les besoins de l'EDHEA (Ecole de Design et Haute Ecole d'Art) et de l'Ecole de Couture du Valais à Sierre.</p><p>L'objectif du nouveau Campus est de créer des espaces d'apprentissage et de travail ainsi que des salles de classe fonctionnelles et adaptées aux 
c4ef148e-037d-4cfe-91b9-7086c77201c2,b48141c7-2eed-4456-9236-51c08cc0fc2f,award,2025-12-05,5.0,1,"Röthlisberger AG, Die Schreinermanufaktur",322974.69,45421000,Travaux de menuiserie,<p>Fabrication et pose d'armoires dans les salles de classes et vestiaires.</p>
e573b474-2f1f-45ee-98cd-2c2c3ff86021,218ceb8b-32b8-4712-bbe2-3c0085eb5d57,award,2025-12-05,5.0,1,Deslarzes charpente SA,1081922.55,45000000,Travaux de construction,"<p>Travaux préparatoires et installations, Parois extérieures, Parois extérieures contre murs d'angle en BA, Parois extérieures - contre noyau central en BA, Parois Intérieures, Solivages bois / BA, Charpente, Façades cafétaria, Acrotères, couvert à voitures&nbsp;</p>"
5b7027cd-4799-44e0-b040-3dff529a4b16,8d82fee0-e5a3-4825-893c-c50cc6e5c82a,award,2025-10-09,2.0,1,Realsport Group SA,447094.3,45200000,Travaux de construction complète ou partielle et travaux de génie civil,<p>Remplacement du revêtement synthétique du terrain de football du stade de la Tuilière.</p>
d0e6f6d8-b25d-4041-8052-254eac89ce77,1f8c3661-8911-444a-9449-921ae48fed1a,award,2025-12-02,4.0,1,Consortium PraderLosinger – Implenia,2265991.1,45000000,Travaux de construction,"<p><strong>Sous-station 220 kV de Stalden (VS), construction et installations annexes.</strong></p><p>Le barrage de Mattmark est le plus grand barrage en terre d'Europe. La production d'énergie en deux étapes du lac de retenue de Mattmark (volume de stockage de 100 millions de m3) s'effectue à Zerme"
1aa697e1-2905-4e32-ae13-91b7b86c52d0,53cc8afb-8b24-45e5-85b0-8527599bbb42,award,2025-11-24,3.0,1,Orllati (GE) SA,376324.9,45110000,Travaux de démolition de bâtiments et travaux de terrassement,"<p>Le lot 1 - Démolition du bâtiment du projet de <strong>Démolition de l’usine Pancosma </strong> comprend notamment&nbsp;: Démolition des bâtiments présents sur le site, Protection des arbres existants, Tri, traitement et évacuation des déchets générés par la démolition</p><p><br></p><p>Il comport"
1aa697e1-2905-4e32-ae13-91b7b86c52d0,bb9ca2e8-c1af-44db-a8e5-8ffe6866276d,award,2025-11-24,2.0,1,Orllati (GE) SA,422380.1,45110000,Travaux de démolition de bâtiments et travaux de terrassement,"<p>Le lot 2 - Dépollution des sols du projet de <strong>Démolition de l’usine Pancosma </strong> comprend notamment&nbsp;: Excavation des terres en périphérie des bâtiment démolis, Traitements des terres et/ou l’évacuation de ces dernières dans les filières adéquates de traitement, Remblai des volum"
7effd254-155c-47f1-ae58-04bd38c44460,5f321f30-045b-49a8-8695-62fd46b74c9b,award,2025-11-28,6.0,1,Groupe Egli AG,957443.2,45000000,Travaux de construction,"<p>Pour répondre à la forte croissance du nombre d’étudiant(e)s tout en préservant son excellence pédagogique, l’EPFL lance le Double Deck, un projet ambitieux pour adapter et étendre ses infrastructures, il s’agit de la création d’un nouveau pôle de formation au cœur du campus.</p><p>Le projet a de"
7a4e7fe3-312d-4f9e-a9d2-57853454f87d,636f1fcc-89ed-4eee-92c1-5bd7f082b332,award,2025-11-28,6.0,1,MINO SA,1881021.66,45000000,Travaux de construction,"<p>Pour répondre à la forte croissance du nombre d’étudiant(e)s tout en préservant son excellence pédagogique, l’EPFL lance le Double Deck, un projet ambitieux pour adapter et étendre ses infrastructures, il s’agit de la création d’un nouveau pôle de formation au cœur du campus.</p><p>Le projet a de"
2762594a-53b3-48a7-8ed2-9ec19a871003,f71a2504-996a-4f19-92a2-171bcae48a25,award,2025-11-18,8.0,1,Rampini & Cie SA,4160884.65,45100000,Travaux de préparation de chantier,"<p><strong>P+R P47 Lot 1 Travaux préparatoires :</strong></p><p><strong>installations de chantier, terrassement, travaux spéciaux, canalisations, adaptation des réseaux existants, dépollution, aménagements routiers</strong></p>"
94a93db0-a8c5-4e1d-87e1-c58d1944af52,552ac8fb-0ed0-456f-8f2d-e81ddbb81ea8,award,2025-11-17,10.0,1,"Norbert SA, Géologues-Conseils",,45111250,Travaux d'étude géotechnique,<p>Le glissement de Champel-Miremont est un glissement de terrain permanent situé en rive droite de l’Arve sur la commune du Genève-Plainpalais (voir §1 du cahier des charges)<em>. </em>Il est recensé sur la carte des zones instables du Canton de Genève comme glissement profond actif et figure à l’i
39ea202a-d6b2-42d9-a4fc-e2ec734fca8b,9a8adf9a-0155-416d-9717-096ecc668876,award,2025-12-02,3.0,1,SOTTAS SA,1503016.02,45000000,Travaux de construction,"<p>Le marché faisant l’objet de l’appel d’offres concerne la mise aux normes de l’escalier dit «Le Plongeoir», en l’agrandissant et en remplaçant les balustrades.</p><p><br></p><p>Le présent appel d’offres concerne les travaux de charpente métallique et serrurerie.</p>"
3a40063e-228a-49f1-91b0-1d1a3faa4632,5857a09f-4e7c-4b7e-8061-5ebf5e843492,award,2025-12-02,2.0,1,Maulini SA,512830.72,45000000,Travaux de construction,"<p>Le marché faisant l’objet de l’appel d’offres concerne la mise aux normes de l’escalier dit «Le Plongeoir», en l’agrandissant et en remplaçant les balustrades.</p><p><br></p><p>Le présent appel d’offres concerne les travaux de gros œuvre.</p>"
62ad3b27-1617-4e10-a206-8a648dc3c9b4,77de410a-d6b5-4292-95aa-b0374eb758a1,award,2025-10-29,3.0,1,Amaudruz S.A.,1381291.0,45310000,Travaux d'équipement électrique,<p>C4 Centre Coordonné de Compétences Cliniques 33'600'00 HT</p><p>HESAV Haute Ecole de Santé Vaud 87'600'000 HT</p><p>SITE 35'500'000 HT</p><p>Lot 170 Panneaux photovoltaïques </p>
37cb47d8-d683-4a4d-a5b6-5894e5dbe16c,8ecffa6e-1c58-460b-b584-4b4b1bfdd4c7,award,2025-09-19,1.0,1,GPI - Gypserie Peinture et Isolation SA,211243.6,45200000,Travaux de construction complète ou partielle et travaux de génie civil,<p>Fourniture et pose d'isolation acoustique crépie sur murs cages d'ascenseurs intérieures</p>
5c320836-84e6-4a4e-a570-dd64cc4751c7,3bcfc40b-2932-4f93-ba24-6e6762fdb441,award,2025-12-08,6.0,1,CRM (Constructions-Réseaux-Maintenance) Sàrl,270918.92,45230000,"Travaux de construction de pipelines, de lignes de communication et d'énergie, d'autoroutes, de routes, d'aérodromes et de voies ferrées; travaux de nivelage","<p>Le projet Génilac des Services Industriels de Genève (SIG) a pour but la création d'un réseau hydrothermique. Le fluide transporté est de l'eau potable traitée, sous pression, de température variant entre 1 et 30°C.&nbsp;Ce réseau comporte une section de 2 x 1700 m de conduites âme-tôle de grand "
3699fa80-ef78-4d2f-97e3-4c206fae4f14,4c1899df-c05f-437b-8dfb-9c5f1a48a2c2,award,2026-01-27,3.0,1,Inauen-Schätti AG,3667054.68,45234200,Systèmes de transport par câble,<p>Die vorliegende Ausschreibung umfasst die Leistungen der Elektromechanik/Seilbahn. Das Erstellen des&nbsp;Plangenehmigungsdossiers PGV1 und PGV2 sowie der Unterlagen für die Betriebsbewilligung ist unter&nbsp;Mitarbeit/Mitwirken der entsprechenden Fachplaner ebenfalls im Leistungsumfangs der Elek
15c7554e-7ad8-4509-a43e-5ebfec11b503,bd0e140a-d7d9-4281-aa9f-c48b0941935c,award,2026-01-21,5.0,1,Bitz travaux publics SA,243283.85,45000000,Travaux de construction,"<p>Le Lycée-Collège de Saint-Maurice accueille environ 1'100 élèves encadrés par une centaine d’enseignants. Fort d’une longue tradition éducative, ce lieu emblématique joue un rôle clé dans la formation gymnasiale du canton du Valais, et jouit d’une renommée confirmée.</p><p>L’établissement est rép"
f14d6038-04e0-4e0e-9499-d48ac457d5e6,909cbf58-671f-407b-9761-604133aa8c7c,award,2025-12-15,3.0,1,Werner Isolierwerk AG Visp,45902.4,45450000,Autres travaux de parachèvement de bâtiment,<p>Conformément au dossier d'appel d'offres</p>
8c3b5b8c-c1be-46dc-9269-b6de333b1ad6,1bd3730d-bcd3-4793-8d0d-1ed197d2c027,award,2025-11-13,8.0,1,Joseph Diémand SA,,45000000,Travaux de construction,"<p>L'association La Branche, un établissement socio-éducatif à Savigny, accueille plus de 146 enfants et adultes avec une déficience intellectuelle sur un domaine de 35 hectares. Fondée en 1961, elle gère neuf foyers dans un village conçu pour offrir un environnement sécurisé et dynamique. Actuellem"
de6878b2-9e41-4d2a-80f7-a67e8cdc5757,25132dfc-7129-44c9-ac56-ee56d7aef3c0,award,2025-11-24,7.0,1,Implenia Schweiz AG,6738433.8,45262522,Travaux de maçonnerie,<p>Travaux de l'entreprise de maçonnerie</p>
4a1ecf3c-aef0-4246-a0f8-08e9af41fd3f,488364e8-080b-41eb-8926-cdc41087761b,award,2025-12-10,4.0,1,Serrurerie Recupair Sàrl,,45000000,Travaux de construction,"<p>L'association La Branche, un établissement socio-éducatif à Savigny, accueille plus de 146 enfants et adultes avec une déficience intellectuelle sur un domaine de 35 hectares. Fondée en 1961, elle gère neuf foyers dans un village conçu pour offrir un environnement sécurisé et dynamique. Actuellem"
d8ced069-f236-4a41-a264-d3bb0420717c,acdf7dc1-e488-4200-9f79-25fd03b0dbee,award,2025-11-24,2.0,1,JPF-DUCRET SA,8943789.0,45214220,Travaux de construction d'écoles secondaires,"<p>Transport, taille et montage de la charpente en bois incluant:</p><ul><li>Transport depuis l’atelier du colleur de toutes les sections en BLC « Propre Bois ».</li><li>Taille des sections BLC.</li><li>Mise en œuvre des assemblages et des ferrures nécessaires.</li><li>Préfabrication de divers éléme"
f18000dd-7103-4259-982c-d6e708d547ac,4482e34d-7b0e-4c7c-8140-6c6d8bcaad5a,award,2025-11-13,3.0,1,Serrurerie Recupair Sàrl,,45000000,Travaux de construction,"<p>-&nbsp;&nbsp;&nbsp;L'association La Branche, un établissement socio-éducatif à Savigny, accueille plus de 146 enfants et adultes avec une déficience intellectuelle sur un domaine de 35 hectares. Fondée en 1961, elle gère neuf foyers dans un village conçu pour offrir un environnement sécurisé et d"
b2f031aa-822d-4528-a5f6-ba30b4610d1e,df297558-84db-48c6-b3c0-0ebf70e5be94,award,2025-12-10,3.0,1,Gaille Construction SA,,45000000,Travaux de construction,"<p>&nbsp;L'association La Branche, un établissement socio-éducatif à Savigny, accueille plus de 146 enfants et adultes avec une déficience intellectuelle sur un domaine de 35 hectares. Fondée en 1961, elle gère neuf foyers dans un village conçu pour offrir un environnement sécurisé et dynamique. Act"
219a41ce-35ea-4cf1-9ef4-a854fdb8d645,c0ce717f-0937-4487-b484-96bd8d55ae6b,award,2024-11-13,11.0,1,Amaudruz S.A.,,09331000,Panneaux solaires,"<p>L'association La Branche, un établissement socio-éducatif à Savigny, accueille plus de 146 enfants et adultes avec une déficience intellectuelle sur un domaine de 35 hectares. Fondée en 1961, elle gère neuf foyers dans un village conçu pour offrir un environnement sécurisé et dynamique. Actuellem"
3867e4f5-164c-40b2-b979-5abd5ec5b298,987d404a-23bb-4843-b144-db936dc22145,award,2025-10-02,2.0,1,Realsport Group SA,199645.3,45432130,Travaux de revêtements de sols,<p>L'ensemble des éléments sont décrits dans le dossier d'appel d'offres.</p>
93fbeaf0-8161-4a71-b217-c88c82c2e124,6f39421c-cd44-4be7-8eac-584d34948f69,award,2026-01-23,4.0,1,Berther Bau und Industrie AG,3368517.2,45000000,Travaux de construction,"<p>Gegenstand der Ausschreibung ist der Streckenabschnitt bei der Station Münster in der Gemeinde Goms, der&nbsp;Projektperimeter liegt zwischen Km 33.125 und Km 33.558. Der bestehende Bahnhof muss&nbsp;gemäss BehiG angepasst werden und wird nach dem Ausbau die folgenden Ziele erfüllen können:</p><p"
586ed881-d998-4c21-917e-b97aedb722f7,84193af0-6fd1-4744-9012-a3fec6fe22c0,award,2026-01-22,1.0,1,Ginox SA,67040.85,45000000,Travaux de construction,<p>Fourniture et pose d'une cuisine professionnelle</p>
6b8fe006-5484-4c80-ae17-7b7742fa27d3,d08bee60-c2e7-4ea8-9cb0-0943639b299a,award,2025-11-06,7.0,1,City techniques Sàrl,227070.71,45316000,Travaux d'installation de systèmes d'illumination et de signalisation,<p>L'ensemble des éléments sont décrits dans le présent dossier d'appel d'offres.</p>
3dcedeb8-7beb-4678-ab24-26e7eaf96eb5,ac3848d7-751b-44d4-bafe-1a2630ffa7af,award,2025-12-11,5.0,1,CJC (SUISSE) SA,175122.0,45000000,Travaux de construction,<p>L'ensemble des éléments sont décrits dans le dossier joint au présent appel d'offres.</p>
e1b1857e-9437-4399-9e6f-c9db059cfa49,9ce07853-4e38-4d04-a5e0-e1ff9d60b7f7,award,2025-12-12,4.0,1,Messerli Services SA,117829.0,45452000,Travaux de nettoyage extérieur de bâtiments,<p>L'ensemble des éléments sont décrits dans le présent dossier d'appel d'offres.</p>
4a8c3ce7-86c8-42ae-a639-f1f3a23b4472,c0d2f118-ef48-4b1b-bc80-08094faa09dd,award,2025-12-22,2.0,1,Realsport Group SA,,45112720,Travaux d'aménagement paysager de terrains de sport et d'aires de loisirs,<p>La Ville de Monthey a décidé de créer un terrain de football en synthétique.&nbsp;&nbsp;</p><p>Le projet consiste en la création d’un terrain synthétique sur un terrain de football existant pour moitié et sur un terrain agricole pour l’autre moitié.&nbsp;</p>
83c4c88d-a6dd-4b24-a980-91b645525f57,5752869f-395c-40f2-a03e-a1cff9511229,award,2025-12-03,5.0,1,Perrin Frères SA,5501547.0,45112000,Travaux de fouille et de terrassement,"<p>Le marché consiste à exécuter des travaux de terrassements, travaux spéciaux, béton et maçonnerie pour un montant budgété à CHF 3'902’900.—HT.</p>"
fc6293f9-216c-48a9-8309-fd8924d1d786,ba73d9bf-9e3d-4d7d-9c5e-0b6aa8b1685d,award,2025-12-17,4.0,1,Atelier Volet Charpentier/Bâtisseur SA,744280.0,45261100,Travaux de charpente,<p>Ce marché consiste à exécuter des travaux de construction en bois pour un montant budgété à 827'000.--HT.</p>
f3e7a2be-8a02-4dc9-9d48-5246c1c97c22,1abbe148-9d81-4bb5-a7fc-d46669656114,award,2025-12-16,6.0,1,"Grisoni-Zaugg S.A., succursale Saint-Légier-La Chiésaz",,45230000,"Travaux de construction de pipelines, de lignes de communication et d'énergie, d'autoroutes, de routes, d'aérodromes et de voies ferrées; travaux de nivelage","<p>Les travaux suivants font l'objet de la présente soumission :</p><p>·&nbsp;&nbsp;&nbsp;&nbsp;&nbsp;&nbsp;&nbsp;&nbsp;Réaménagement de la voirie (Chaussée, trottoirs, carrefours)</p><p>·&nbsp;&nbsp;&nbsp;&nbsp;&nbsp;&nbsp;&nbsp;&nbsp;Création d’ilots de verdures et de fosses d’arbres</p><p>·&nbsp;"
afe7c158-d974-4763-9188-1002a3c3b96e,7796b39b-5fb5-4936-a85c-a7eba1bf38a8,award,2025-11-13,6.0,1,ERNE AG Holzbau,2944622.0,45000000,Travaux de construction,"<p>Le marché correspond aux prestations de construction d’une garderie. Ces prestations seront confiées à une unique entreprise totale (ET) qui aura la charge de finaliser les études de projet, de réaliser les études d’exécution et de construire l’ouvrage.</p>"
1409b6ed-6633-4874-8f14-5b56ba6da2db,047a0417-778f-413e-a33a-a7151a7b0194,award,2026-01-14,3.0,1,Mathieu & Bertrand Zuchuat SA,700658.17,45000000,Travaux de construction,<p>Construction d'un nouveau Campus pour les besoins de l'EDHEA (Ecole de Design et Haute Ecole d'Art) et de l'Ecole de Couture du Valais à Sierre.</p><p>L'objectif du nouveau Campus est de créer des espaces d'apprentissage et de travail ainsi que des salles de classe fonctionnelles et adaptées aux 
1633db1f-35e4-44ce-907d-fe182ec57e19,77693842-1417-42b3-bb68-08ba318749ca,award,2026-01-14,2.0,1,BUCHARD SA,1086262.72,45000000,Travaux de construction,"<p>CFC 215.5 bardage extérieur, couverture et ferblanterie</p><p>Construction et transformation des ateliers de l'établissement pénitentiaire de Crêtelongue à Granges. 3 bâtiments: atelier économie animale, atelier métal et alimentaire, atelier bois et maintenance.</p>"
fa54336b-7aef-4582-8742-fe0a9a0a1bdd,77c2b914-c845-464b-befd-e61a05da6b02,award,2026-01-18,2.0,1,SOTTAS SA,14547729.82,45000000,Travaux de construction,"<p>Pour répondre à la forte croissance du nombre d’étudiant(e)s tout en préservant son excellence pédagogique, l’EPFL lance le Double Deck, un projet ambitieux pour adapter et étendre ses infrastructures, il s’agit de la création d’un nouveau pôle de formation au cœur du campus.</p><p>Le projet a de"
7953f974-6154-41ef-beb0-25d79d4da121,df6313a6-6b75-477a-b512-4a556bf65af2,award,2026-01-18,3.0,1,CIEL Electricité SA,5709956.16,45311200,Travaux d'installations électriques,"<p>Pour répondre à la forte croissance du nombre d’étudiant(e)s tout en préservant son excellence pédagogique, l’EPFL lance le Double Deck, un projet ambitieux pour adapter et étendre ses infrastructures, il s’agit de la création d’un nouveau pôle de formation au cœur du campus.</p><p>Le projet a de"
46548934-1443-41bb-9252-a0552875f198,f00b66fc-7c08-4c00-a503-68fd06a1f36f,award,2025-07-10,3.0,1,MINO SA,4745590.0,45000000,Travaux de construction,"<p>Installations de chauffage, ventilation et rafraichissement pour le nouveau bâtiment de la Police Internationale à Genève.</p>"
35aa8399-2565-421d-8658-0067fac62984,d56aa503-16fc-4abf-afdf-75b3612bb052,award,2025-05-06,5.0,1,Camandona SA,2317712.3,45200000,Travaux de construction complète ou partielle et travaux de génie civil,"<p>Les travaux prévus sont les suivants&nbsp;: </p><p>·&nbsp;&nbsp;&nbsp;&nbsp;&nbsp;&nbsp;&nbsp;&nbsp;Assainissement de la voirie existante (Superstructure routière, revêtement phonoabsorbant, bordures, accotements, places de stationnement, ilots etc.)</p><p>·&nbsp;&nbsp;&nbsp;&nbsp;&nbsp;&nbsp;&nb"
3c3e193b-cdcc-4c54-8269-4c35c909e385,3a691449-f691-4151-b740-12a77587152b,award,2025-08-20,4.0,1,Orllati (VD) SA,2319889.52,45000000,Travaux de construction,<p>Installation de chantier commun</p><ul><li>enceinte de chantier</li><li>bureaux de la direction de travaux</li></ul><p>Démolition Gros oeuvre : </p><ul><li>percement de trémies escaliers et ascenseur</li><li>démolition de parois non porteuses en béton armé</li><li>sablage de piliers et plafonds (
3c3e193b-cdcc-4c54-8269-4c35c909e385,f781ab72-6998-4fd1-9845-55b7a400c4fe,award,2025-07-28,2.0,1,Amaudruz S.A.,1625000.0,45000000,Travaux de construction,<p>La présente soumission est réalisée avec la répartition suivante: </p><p>A : Commun général</p><p>B : 2ème sous-sol (Identifiant locaux: M02)</p><p>C : 1er sous-sol (Identifiant locaux: M01)</p><p>D : Rez-de-chaussée (Identifiant locaux: R00) </p><p>E : 1er étage (Identifiant locaux: P01)</
3c3e193b-cdcc-4c54-8269-4c35c909e385,a66e7741-74f6-43a5-a2ff-fda1aca5e748,award,2025-07-28,2.0,1,Pasche-Sanitaire S.A.,235607.0,45000000,Travaux de construction,"<ul><li>Démontages</li><li>Installation de chantier&nbsp;</li><li>Travaux et main d'oeuvre nécessaires aux adaptations des conduites existantes situées dans le périmètre du projet.&nbsp;</li><li>Appareils sanitaires</li></ul><p>&gt; Fourniture et Montage</p><p>&gt; Installation WC, lavabo - Personne"
c5642c65-318e-4d51-9706-67c7493ec86a,9ee023bc-3ece-4a5b-bb97-d3fdd9141e23,award,2026-01-12,2.0,1,Wider SA Montreux,516627.16,45421000,Travaux de menuiserie,"<p>Les prestations suivantes concernent la relocalisation de la Justice de Paix à Lausanne.</p><p>Le bâtiment concerné, sis à l'avenue de Provence 4, date des années 1970 et comprend 6 étages hors sol et 2 sous-sols.</p><p><br></p><p>Les travaux de transformation comprennent la création d'un nouveau"
37ddedc2-33a1-4089-abec-163c06b516da,67109ae4-feac-4916-b143-8d226c58c259,award,2025-10-31,7.0,1,M&R Groupe SA,415330.0,45262321,Travaux de chape,"<p>Les prestations suivantes concernent la relocalisation de la Justice de Paix à Lausanne.</p><p>Le bâtiment concerné, sis à l'avenue de Provence 4, date des années 1970 et comprend 6 étages hors sol et 2 sous-sols.</p><p><br></p><p>Les travaux de transformation comprennent la création d'un nouveau"
cda41e23-1507-4633-bc7e-37b54538921e,17c29352-aed3-43f1-bad8-3262d193728b,award,2025-12-15,1.0,1,John Schwab S.A.,391544.0,45421000,Travaux de menuiserie,"<p>Les prestations suivantes concernent la relocalisation de la Justice de Paix à Lausanne.</p><p>Le bâtiment concerné, sis à l'avenue de Provence 4, date des années 1970 et comprend 6 étages hors sol et 2 sous-sols.</p><p><br></p><p>Les travaux de transformation comprennent la création d'un nouveau"
19a90649-3a9c-4d76-9e54-7ffd6c3b7fbb,701bfde3-ad02-440d-8ba6-97c8eaa601d5,award,2026-01-12,4.0,1,"Entreprise Fardel, Délèze et Fils SA",82830.55,45000000,Travaux de construction,"<p>Le Lycée-Collège de Saint-Maurice accueille environ 1'100 élèves encadrés par une centaine d’enseignants. Fort d’une longue tradition éducative, ce lieu emblématique joue un rôle clé dans la formation gymnasiale du canton du Valais, et jouit d’une renommée confirmée.</p><p>L’établissement est rép"
9d60578c-9dff-479a-95eb-e8df762a1af8,2a6a88cf-bc44-44c8-971f-34b7f45bd852,award,2025-11-19,6.0,1,Ecoeur frères SA,1540230.0,45214220,Travaux de construction d'écoles secondaires,"<p>Installations chauffage froid comprenant le pompage nappe phréatique, la production de chaleur,</p><p>la production d'eau chaude sanitaire, la récupération de chaleur des chambres froides, la distribution de chaleur des ventilo-convecteurs, la distribution de chaleur des panneaux rayonnants, la d"
d0e7cb34-93c1-4b6e-9ea3-8900b2980f1f,2426452e-da8e-4c6e-a900-ae6f0eb765bf,award,2025-12-01,5.0,1,PERRET SANITAIRE SA,1695760.6,45214220,Travaux de construction d'écoles secondaires,"<p>Installations sanitaires, appareils sanitaires, appareils spéciaux, appareils d’alimentation et d’évacuation, conduites et isolation pour le gymnase du Chablais à Aigle.</p>"
5a6259c0-ee76-495f-a329-d6184f391ca9,276b1e9d-defe-42e7-b7ca-4c0e35bd8256,award,2025-12-01,7.0,1,Climatec SA,1549495.0,45214220,Travaux de construction d'écoles secondaires,"<p>Installations de ventilation, prise d'air commune, ventilation des plusieurs locaux pour le gymnase du Chablais à Aigle.</p>"
4dab8b8b-c6a1-439e-9eec-c789ad92be31,59302a75-690c-44fd-a4a4-ca6a3ccbaa59,award,2025-12-01,4.0,1,Logiq Concept SA,352022.4,45000000,Travaux de construction,"<p><strong>Concept MCR-G</strong> installations de mesures, de contrôles, de régulation et de gestion du bâtiment (MCR-G) avec le pilotage et l’automatisation (automatisme) des installations de chauffage, de climatisation, de ventilation, sanitaires et de zones.</p><p><br></p><p><strong>Rappel Chaud"
ab84ddb9-387e-4927-ba60-f0f6eeb07c30,af034f0e-35a8-461c-9d8f-7e3ad26a366f,award,2025-12-27,3.0,1,Walpen AG Hoch- und Tiefbau,1683083.35,45000000,Travaux de construction,<p>Ausbau und Erweiterung Altersheim St. Barbara</p>
520eca6a-a9f3-4e88-9b2e-3089865a428e,9b75e7a5-d716-49c2-b95a-83702723e089,award,2025-12-27,2.0,1,Künzi + Knutti AG,1318540.0,45000000,Travaux de construction,<p>Ausbau und Erweiterung Altersheim St. Barbara</p>
7b563d8a-edb6-457e-abb8-d8a0b2302c74,9bc16c36-11a9-411f-96f6-00b79e877111,award,2025-12-27,1.0,1,TZ Stromag,737453.15,45000000,Travaux de construction,<p>Ausbau und Erweiterung Altersheim St. Barbara</p>
8297b19c-d597-4884-b36d-35775db0a6a5,a991dabb-bf01-4207-88e3-c0e1724537c2,award,2025-12-27,3.0,1,Ewald Gattlen AG,961992.35,45000000,Travaux de construction,<p>Ausbau und Erweiterung Altersheim St. Barbara</p>
615f975b-2f64-4deb-9203-5727697d0856,b6893f77-eea0-49c4-85e7-3be6da1849da,award,2025-12-27,2.0,1,Imwinkelried Lüftung und Klima AG,381531.7,45000000,Travaux de construction,<p>Ausbau und Erweiterung Altersheim St. Barbara</p>
0c9d85d5-3a4b-440e-881c-95db45a60c2f,ccdc81fc-3d24-4028-8188-e757a5bb98be,award,2025-12-27,4.0,1,Otto Stoffel AG,427762.2,45000000,Travaux de construction,<p>Ausbau und Erweiterung Altersheim St. Barbara</p>
5f77b895-f27f-4d8e-96c8-c974db98b63b,0642efc6-aab3-487b-9f93-db7b56781dc5,award,2025-12-17,4.0,1,Joux S.A.,171792.45,45215120,Travaux de construction de bâtiments médicaux spécialisés,<p>Portes intérieures en métal</p>
5f77b895-f27f-4d8e-96c8-c974db98b63b,fdccf749-e662-468d-8efe-d0090c32c48c,tender,,,0,,,45215120,Travaux de construction de bâtiments médicaux spécialisés,<p>Rénovation de l'hôpital Le Samaritain en clinique gériatrique et de réadaptation</p>
e20c88f2-fb6a-42d6-8e88-5adef1f947eb,24c5c83c-b644-4b25-9375-b4ac43b73be4,award,2025-12-17,5.0,1,André SA,982084.46,45215120,Travaux de construction de bâtiments médicaux spécialisés,<p>Portes intérieures en bois</p>
46fb04c9-2acf-495d-b6da-4c8c2090261f,2b39fbb8-3186-4888-96fd-5cec2d34b0a7,award,2025-12-17,2.0,1,Maars Schweiz AG,296085.9,45215120,Travaux de construction de bâtiments médicaux spécialisés,<p>Cloisons métalliques vitrées</p>
e4b47071-0746-4e23-b9b0-eff0e5aaa421,18ec1096-fd87-4c10-a71e-71172f77d64f,award,2025-11-28,2.0,1,Mauchle Pool AG,1169393.37,45212212,Travaux de construction de piscines,<p>Fourniture et pose de deux bassins en acier inoxydable pour&nbsp;la piscine couverte du nouveau complexe scolaire d'Echandens.</p>
e4b47071-0746-4e23-b9b0-eff0e5aaa421,bfe326c0-5e2f-44eb-9754-aa8c77a2c0e8,abandonment,,,0,,,,,
6aa7f9b5-1b5c-4d62-ad6b-120a0264df7b,ce1ad508-3b24-4adf-bd77-781bb5c2e743,award,2025-11-27,2.0,1,PHIDA Étanchéité (VD) SA,217609.85,45260000,Travaux de couverture et travaux d'autres corps de métier spécialisés,<p>Travaux d'étanchéité de la toiture du bâtiment de la Rotonde dans le cadre de l'assainissement du complexe de bâtiments de l'Expo 64.</p>
6851f2f7-501a-4bd7-864e-073729a0857a,44c9dd60-a384-4884-bd14-890ebc05801c,award,2025-06-13,2.0,1,Entreprise Belloni SA,137073.68,45000000,Travaux de construction,<p>Le bâtiment Central de l'Université des Bastions est en cours de transformation et rénovation.</p><p>Cet appel d'offres concerne des travaux d'obturation coupe-feu dans un bâtiment patrimonial existant afin de répondre aux normes AEAI en vigueur. </p><p><br></p>
438498ee-3017-46f4-b3e2-23faa73ca325,2acc7d7d-9e2a-47f2-99eb-d6227bcc65bf,award,2025-07-31,9.0,1,Caragnano & Cie SA,960734.72,45000000,Travaux de construction,<p>Le bâtiment Central de l'Université des Bastions est en cours de transformation et rénovation.</p><p>Cet appel d'offres concerne des travaux de peinture intérieurs et extérieurs sur divers types de supports dans un bâtiment patrimonial existant.</p>
0826a245-fe10-48bb-b954-ffa4a5fc73c4,e14bd019-095e-4e57-a714-18cb3b9fd9d1,award,2025-07-29,4.0,1,Michel Cona SA,653026.12,45000000,Travaux de construction,"<p>Le bâtiment Central de l'Université des Bastions est en cours de transformation et rénovation.</p><p>Cet appel d'offres concerne des travaux de staff de corniches décoratives et la création de nouvelles corniches techniques.</p><p>Concernant les corniches décoratives, il s'agira de réparer l'état"
356b2aac-d6fe-411f-9782-dba17ea0cfa1,1fa14701-1fc8-4a64-a889-019922be21ee,award,2025-08-14,5.0,1,Entreprise Belloni SA,1222142.71,45000000,Travaux de construction,<p>Le bâtiment Central de l'Université des Bastions est en cours de transformation et rénovation.</p><p><br></p><p>Cet appel d'offres concerne la réalisation de différents types de faux-plafonds dans un bâtiment patrimonial afin de répondre à diverses contraintes actuelles :</p><p><br></p><ul><li>ad
6258ff30-e06a-45df-a8d7-e7e28ea8edbb,0ff6488f-08aa-40dd-bc85-d0b77bcaac0b,award,2025-12-22,2.0,1,Wider SA Montreux,502706.0,45000000,Travaux de construction,"<p>Menuiserie, portes et parois coupe-feu</p>"
b58c8d1f-6b3c-4d1f-9f8b-314b5cbc8108,dadafd53-085d-49d5-bc30-1b3f7e9abedd,award,2025-11-24,5.0,1,Rampini & Cie SA,8964624.71,45000000,Travaux de construction,"<p>La réalisation du projet de la voie verte (séquence 1A de Pregny-Chambésy à Genthod),qui s’étend sur env. 3 km, nécessite les compétences en travaux de génie-civil (terrassement, réseaux, maçonnerie, revêtements), travaux spéciaux (micropieux), construction en bois (passerelle), travaux de jardin"
fa738553-1835-4498-93df-fae08dd461d3,d5cc00d7-4a0d-45a7-a22a-4c48a56a569d,award,2026-01-08,2.0,1,Michel Démolition SA,188934.0,45111100,Travaux de démolition,<p>Transformation du bâtiment Prieuré 2a Pully</p>
e985d91e-5cfe-421a-aabd-ac26ee4e4b4c,5617dcca-1fd6-4c01-95ed-fa1150afb6e6,award,2025-12-17,5.0,1,Groupe E Connect SA,,45300000,Travaux d'équipement du bâtiment,<p>Transformation du bâtiment Prieuré 2a-Pully</p>
e985d91e-5cfe-421a-aabd-ac26ee4e4b4c,9c014a8e-e0c2-4d52-be54-569705ccefc5,award,2026-01-08,3.0,1,ALVAZZI GROUPE SA,369152.0,45300000,Travaux d'équipement du bâtiment,<p>Transformation du bâtiment Prieuré 2a Pully</p>
e985d91e-5cfe-421a-aabd-ac26ee4e4b4c,5687289b-98e8-4574-bfda-d06b1f756828,award,2026-01-08,1.0,1,MINO SA,554040.0,45300000,Travaux d'équipement du bâtiment,<p>Transformation du bâtiment Prieuré 2a Pully</p>
e985d91e-5cfe-421a-aabd-ac26ee4e4b4c,9eea7273-6941-4db6-b83d-eeff779cb1ff,award,2026-01-08,5.0,1,"Riedo clima SA Guin, succursale du Mont-sur-Lausanne",209079.0,45300000,Travaux d'équipement du bâtiment,<p>Transformation du bâtiment existant Prieuré 2a Pully</p>
356ab038-a4fd-41ff-aa31-bfb4b509ef88,9be4b6e4-e13e-4ecc-bacb-f16a814f2dd5,award,2025-02-18,1.0,1,A. Trolliet Sàrl,318725.02,45000000,Travaux de construction,<p>Le bâtiment Central de l'Université des Bastions est en cours de transformation et rénovation.</p><p>Cet appel d'offres concerne la réalisation ou l'adaptation d'estrades dans des salles de cours.</p><p>Certaines salles disposent d'estrades existantes en béton qui nécessitent des modifications po
11267eea-29bb-4859-a85c-dc0693d25451,456f6902-1e40-4765-b30b-86e2a955272d,award,2025-07-18,3.0,1,PHIDA Étanchéité (VD) SA,183216.6,45212222,Travaux de construction de gymnases,<p>pose d'une isolation et travaux d’étanchéité sur toiture plate</p>
e7cc8bcc-d47d-4e78-bb7b-c89942644128,e9bb9d0a-9774-4c29-b3d0-8c9186e67874,award,2025-10-29,5.0,1,Dürig Bois S.A.,272528.0,45421100,Pose de portes et de fenêtres et d'éléments accessoires,<p>Fourniture et pose de portes intérieures en bois.</p>
525c757a-2e02-4e85-9c6c-a8d63cc78cf0,62a53f7a-c302-4c8f-8909-9578df354759,award,2025-10-29,3.0,1,Service Equipement Wescher SA,123283.35,45421151,Installation de cuisines équipées,<p>Fourniture et pose d’une cuisine professionnelle.</p>
2638e8eb-4724-4b30-b4d2-53fe4fad6d2e,6fd9e2d1-dcce-4c14-8f3e-fb7670a33513,award,2025-09-03,2.0,1,Alder + Eisenhut AG,95574.7,45450000,Autres travaux de parachèvement de bâtiment,<p>Fourniture et pose d'équipements sportifs.</p>
e389bedd-c661-4f6d-bc12-77283ef2d96e,278ca3e4-218e-40cd-b7fc-1c266918b448,award,2025-11-28,4.0,1,"Grisoni-Zaugg S.A., succursale Saint-Légier-La Chiésaz",1237894.34,45112000,Travaux de fouille et de terrassement,<p>Travaux de enceinte de fouille et épuisement des eaux dans le nouveau complexe scolaire d'Echandens.</p>
e389bedd-c661-4f6d-bc12-77283ef2d96e,4eea98e8-3088-4b02-b6ff-4ca4447293a6,award,2025-11-28,4.0,1,Orllati (VD) SA,2082936.11,45112000,Travaux de fouille et de terrassement,<p>Travaux de terrassement dans le nouveau complexe scolaire d'Echandens</p>
fc3b5772-679b-4f28-9e59-bc7141b43d8c,d75b15e4-4b28-4287-869d-9713e3fb85b2,award,2025-11-28,5.0,1,Bocherens Toiture Sàrl,1105478.09,45261400,Travaux de revêtement,"<p>Travaux d'étanchéité, d'isolation, de couverture métallique et de ferblanterie</p><p><br></p>"
b1f200c9-e927-4c85-acc3-2f07d1cf39fb,11abeb55-fb7e-4c62-a76a-ad1cece71a2c,award,2025-11-28,3.0,1,Storama AG für Sonnen- und Wetterschutz-Technik,234033.69,45421143,Travaux d'installation de stores,"<p>Travaux d'installation de protections solaires, stores toiles, dans le nouveau complexe scolaire d'Echandens.</p>"
98e5eaf2-605c-4a68-a523-9bff72e5263c,052906af-8075-46af-ba00-af2e9449dbe3,award,2025-11-28,7.0,1,Frutiger SA Vaud,5831610.61,45262311,Travaux de gros œuvre en béton,"<p>Travaux de gros œuvre en béton armé, canalisations et construction de soubassements en béton préfabriqué en façade, dans le cadre du nouveau complexe scolaire d'Echandens.</p>"
a085eb91-0b9d-4704-a136-6d2e32248a18,24240ab2-b0d8-447f-a9e8-ce09e12d3fc1,award,2025-11-28,1.0,1,Orllati Géothermie SA,1801623.61,45300000,Travaux d'équipement du bâtiment,<p>Travaux de forage et mise en place de sondes géothermiques destinées à la production de chaleur pour le projet du nouveau complexe scolaire d'Echandens.</p>
607065f9-aac9-4197-8113-c64e277b4627,6ea243c8-bda2-4bf5-a4ac-3a16b9ac51c8,award,2025-11-28,3.0,1,Nicollier Group SA,1078624.12,45212212,Travaux de construction de piscines,<p>Fourniture et pose des installations de régénération d'eau de deux bassins dans la piscine couverte du projet de nouveau complexe scolaire d'Echandens.</p>
f1259f95-102b-4b39-ab18-0b18ce765981,ec94dcf5-ec8c-43c7-9354-98ffb9f5139e,award,2025-11-28,8.0,1,Solstis SA,304904.2,45261215,Travaux de couverture de panneaux solaires,<p>Fourniture et pose d'installations photovoltaïques pour le projet de nouveau complexe scolaire d'Echandens.</p><p><br></p>
c832bb35-6fde-4f2a-8ce8-8b585ce45207,656e8c48-e06b-499b-9b99-fd64019793cc,award,2025-11-28,4.0,1,Maréchaux électricité S.A.,2135695.95,45310000,Travaux d'équipement électrique,<p>Appareils et installations à courant fort pour le projet de nouveau complexe scolaire d'Echandens.</p>
9337c703-6a4a-4cf3-bb78-ede6cda04f82,99c4dfcc-3ff3-4ca5-a0b0-c9a727440047,award,2025-11-28,3.0,1,JPF-DUCRET SA,4753780.95,45261000,Travaux de charpente et de couverture et travaux connexes,"<p>Réalisation de travaux de charpente en bois, de structures mixtes bois-béton-acier, ainsi que de façades en bois dans le cadre du projet de construction du nouveau complexe scolaire à Echandens.</p>"
89eb6852-7245-420d-ae28-7a5f4ec7c175,8297d243-1875-41f2-8115-04d0f7fb79b1,award,2025-11-28,6.0,1,Joseph Diémand SA,1559758.1,45232460,Travaux d'installations sanitaires,<p>Réalisation de l'installation sanitaire du projet de construction du nouveau complexe scolaire à Échandens</p>
f847869a-bbc0-4213-b81a-89515116474d,d3509414-11cd-4840-8348-e537d3a43a63,award,2025-11-28,2.0,1,Vectur S.A.,275206.64,45262100,Travaux d'installation d'échafaudages,"<p>Mise à disposition, montage et démontage des échafaudages nécessaires pour la construction du nouveau complexe scolaire d'Échandens.</p>"
0aa3503e-83fb-40ea-b2bc-e5a99f5b6ba3,80788f81-b0ad-4d1d-af83-73fd262979e9,award,2025-11-17,4.0,1,Constructions Métalliques Schnetzler S.A.,783426.0,45341000,Pose de garde-corps,<p>Fourniture et pose de:</p><ul><li>Garde-corps à l'intérieur et à l'extérieur.</li><li>Parois grillagées.</li><li>Grilles de saut-de-loup.</li><li>Caniveaux de pieds de façade.</li></ul>
8ee48aeb-2a1a-41c2-b7ef-471cdcbb4151,2fc3f89e-8cec-4331-9141-09d863d78ee7,award,2025-11-28,1.0,1,Biedermann SA,1526959.15,45421100,Pose de portes et de fenêtres et d'éléments accessoires,"<p>Fournitures et pose de fenêtres, portes fenêtres et portes extérieures, dans le nouveau complexe scolaire d'Échandens</p>"
32c45e26-6c0e-46a8-b36d-55b9b721703d,f0ab1006-ed3f-4887-840f-dbe9a264dcf2,award,2025-10-08,1.0,1,Sogemat SA,79950.4,45316200,Installation de matériel de signalisation,<p>Fourniture et pose de tableaux d'affichage pour salle de sport (basket).</p>
61f5f840-6a98-47d6-9400-781734270bec,ff4c6dbc-c5e5-4162-a447-fd26100726d2,award,2025-11-28,2.0,1,ALVAZZI GROUPE SA,3424263.35,45331000,"Travaux d'installation de matériel de chauffage, de ventilation et de climatisation","<p>Réalisation de l'installation de chauffage, ventilation et MCR du projet de construction du nouveau complexe scolaire à Échandens</p>"
37525829-5b2a-45bc-91a0-7934e594a341,8972dab0-c65b-41ae-ad10-ce6a5074d255,award,2025-10-08,2.0,1,Rosconi Systems AG,39890.15,45421152,Installation de cloisons,<p>Fourniture et pose d’une cloison mobile.</p>
8be1cecf-1c0a-4962-8c06-621b4132e07b,d77c5717-acca-48dc-97db-32b02453f008,award,2025-12-09,15.0,1,Amaudruz S.A.,354225.45,45261215,Travaux de couverture de panneaux solaires,"<p>Les deux pans de la toiture du complexe multisport, le pan « Jura » et le pan « Lac » accueilleront</p><p>une puissante installation photovoltaïque d’une puissance de l’ordre de 640 kWc, permettant de</p><p>produire environ 731 MWh d’énergie électrique par</p>"
153fcdf4-0b63-4895-95a7-d2749adb2c63,23981b8a-3690-4bf1-a1de-a986c928cbb3,award,2025-12-03,7.0,1,GTS SA,107772.4,09331200,Modules solaires photovoltaïques,"<p><strong>Transformation de l'enveloppe thermique de l'ERACOM et mise en sécurité des voies d'évacuation verticales</strong></p><p><br></p><p>CFC :</p><ul><li>231.51 - Fourniture, pose et raccordement d’une toiture photovoltaïque</li></ul>"
b7fe3d94-ce37-4e31-8be9-c5fda46023a9,91e823d7-566c-4716-aef0-4d34b11ec4dc,award,2026-01-06,4.0,1,Camandona SA,4885880.0,45000000,Travaux de construction,<p>Réaménagement complet de la route et des trottoirs existants avec création d'arrêt de bus et construction des tronçons de canalisations EU et EC ainsi que d'un bassin de rétention.</p>
8c8b5b77-ef87-4dea-af1a-2c0b46fe4309,53804c19-93e3-4872-a1a6-4068e9f57e00,award,2025-11-25,7.0,1,PLAFONMETAL SA,751394.45,45215120,Travaux de construction de bâtiments médicaux spécialisés,<p>Travaux de Faux-plafonds</p>
e7172950-f570-47f4-9831-f8249ec45b54,dbcabd2e-d647-4f4f-833e-e02ad69d03a9,award,2025-11-25,2.0,1,TRANSVOIRIE SA,161879.75,45215120,Travaux de construction de bâtiments médicaux spécialisés,<p>Travaux de tri et gestion des déchets de chantier</p>
58fe35d8-249a-4da8-9af2-c16910571285,33485bfa-dbba-4278-a7f4-3a58910ecedd,award,2025-12-02,4.0,1,John Schwab S.A.,124097.0,45421000,Travaux de menuiserie,<p>C4 Centre Coordonné de Compétences Cliniques 33'600'00 HT</p><p>HESAV Haute Ecole de Santé Vaud 87'600'000 HT</p><p>SITE 35'500'000 HT</p><p>Lot 334 Menuiserie courante - pupitre RX</p>
c832e1f0-5cd0-4643-a1e4-f0fd18c0e1a1,2fdc7696-b23c-4503-8051-a74482e89e0b,award,2025-11-19,3.0,1,RITHNER SA,896999.31,45234170,Travaux de construction de sous-stations électriques à usage ferroviaire,"<p>Le projet prévoit la construction d’une nouvelle sous-station électrique à l’aval des voies.</p><p>La sous-station existante sera démolie et remplacée par une nouvelle sous-station positionnée</p><p>à l’aval des voies, sur la parcelle n°4905.</p>"
3e1bdad8-f34c-4f61-8068-825b1dd4576c,2722dddb-2b16-450e-9afc-20fd12f2d10b,award,2026-01-05,3.0,1,Gasser Felstechnik AG,719778.35,45000000,Travaux de construction,<p>Das übergeordnete Projekt «490029 Erneuerung Kunstbauten Findelbach – Landtunnel» beinhaltet</p><p>folgenden Teilprojekte:</p><p>• Fahrbahnerneuerung (realisiert 2022 und 2023)</p><p>• Sanierung vier Stützbauwerke (realisiert 2022 und 2023)</p><p>• Sanierung der Tunnel Gsäss und Kalter Brunnen (R
8a9d8d3a-abb5-410f-834a-991be944ddf3,d81c432e-a386-4f19-9d40-0e400af9cd73,award,2025-12-22,2.0,1,Joux S.A.,1513753.16,45000000,Travaux de construction,"<p>Pour répondre à la forte croissance du nombre d’étudiant(e)s tout en préservant son excellence pédagogique, l’EPFL lance le Double Deck, un projet ambitieux pour adapter et étendre ses infrastructures, il s’agit de la création d’un nouveau pôle de formation au cœur du campus.</p><p>Le projet a de"
93c8bb88-1e40-4d01-8d1f-f1cd67c8b00f,23cbba31-b93f-44bd-bdae-b7cd978b97ff,award,2025-12-08,4.0,1,Atelier Volet Charpentier/Bâtisseur SA,806029.5,45000000,Travaux de construction,"<p>Rénovation globale et transformation du bâtiment historique de Beau-Site à Aigle (bureaux et surfaces commerciales) et aménagements extérieurs avec esplanade plantée.</p><p><br></p><p>Le présent appel d'offre concerne les travaux de charpenterie, à savoir&nbsp;:</p><p>Cahier d’ingénieur&nbsp;:</p"
e469f0cd-b9f8-4bbb-aa90-9c0b310f345d,543f919d-f114-401e-ab71-95280b8a06ec,award,2025-12-08,3.0,1,Geneux Dancet SA,266094.7,45000000,Travaux de construction,"<p>Rénovation globale et transformation du bâtiment historique de Beau-Site à Aigle (bureaux et surfaces commerciales) et aménagements extérieurs avec esplanade plantée.</p><p><br></p><p>Le présent appel d'offre concerne les travaux de ferblanterie et couverture, à savoir&nbsp;: </p><ul><li>Déposes "
3c12ccb7-744d-4f47-a16d-18c428687ee1,19f891d8-7268-4168-bc0a-c59308ab23a2,award,2026-02-17,7.0,1,MELLY CONSTRUCTIONS SA,1550365.4,45000000,Travaux de construction,"<p>La Commune d’Anniviers projette d’assainir l’adduction d’eau potable entre les sources de Navette et le réservoir de la Combe, alimentant en eau potable les villages d’Ayer et de Mission, ainsi que la construction d’une mini centrale électrique.</p>"
f25a62b8-7037-4566-b335-ac50513e415b,1f495fa1-489d-4ce3-94a9-6190f15ae9f2,award,2026-01-27,4.0,1,Groupe E Connect SA,188407.49,45310000,Travaux d'équipement électrique,<p>Selon cahier des charges</p>
92243627-3b73-4bef-a51e-5309ea8ed546,8136bcf0-b126-445f-ba18-d44bbd29d3a6,award,2026-02-23,8.0,1,Posse Riviera SA,414838.5,45000000,Travaux de construction,"<p>CFC 227.1 / 271 / 283 / 285.1 - Travaux de plâtrerie, de faux-plafond et de peinture</p>"
bb952199-7e74-44c5-8009-fcaeaeb2c528,45c4b62a-f6cc-498d-9008-af47b02a886e,award,2025-12-22,1.0,1,Wider SA Montreux,400190.65,45000000,Travaux de construction,<p>CFC 228 / 273 / 285.2 - Travaux de menuiserie en bois</p>
a7d946d6-9fd1-41f1-9ec8-bc404e582637,f4ef2f3e-4f1b-4e5f-9607-163cab25f396,award,2025-09-30,3.0,1,Grisoni Carrelages Sàrl,43624.4,45000000,Travaux de construction,<p>CFC 281.6 - Travaux de carrelage</p>
e62b11d5-6aab-4502-8d5f-4b2dd3f8251d,e35f8975-838b-49cd-8495-b7077b41c089,award,2026-02-18,4.0,1,Gebrüder Zengaffinen AG,1719172.3,45000000,Travaux de construction,"<p><strong>Projet :</strong></p><p>Sous-station 220 kV de Zermeiggern (VS), construction et installations annexes.</p><p>Le barrage de Mattmark est le plus grand barrage en terre d'Europe. La production d'énergie en deux étapes du lac de retenue de Mattmark (volume de stockage de 100 millions de m3)"
b3783cd1-c842-4f00-8bd5-e52cf7fb868c,a5bf84e5-e4b4-4897-a187-babbac050593,award,2026-02-17,14.0,1,Moren Frères SA,571964.75,45200000,Travaux de construction complète ou partielle et travaux de génie civil,<p>Réaménagement de la route du Clos d’Avaux (sur un linéaire d’environ 290 m) comprenant notamment : </p><p>- Sur la partie ayant un revêtement en enrobé (L ~ 210 m) :</p><p>o La démolition de l’enrobé bitumineux et du coffre existant sur tout le tracé ;</p><p>o Le remplacement de la totalité du ré
799b02de-e707-4bd8-b223-a535ac3ffd32,6c19ff74-d584-4c9f-859c-a43725de9395,award,2026-01-14,5.0,1,"GD Climat SA Sion, VS",1522213.3,09324000,Chauffage fourni à grande distance,"<p>Concerne la fourniture, la livraison, l’installation et la mise en service de l’ensemble des équipements nécessaires au bon fonctionnement d’une centrale de chauffage à distance. Les détails techniques, les spécifications des équipements, ainsi que les conditions d’exécution sont décrits dans le "
6366e114-bc40-474e-a387-5d2a6380aa90,d12e08ff-0822-41f7-b963-06a0f5549c7e,award,2026-02-03,1.0,1,Etico SA,591435.1,45261420,Travaux d'étanchéification,"<p>Les travaux concernent la réfection complète des toitures des bâtiments Administratif et Cento Rapido ainsi que des ateliers de la prison comprenant les travaux d'isolation, d'étanchéité et de ferblanterie.</p>"
e0ed94ec-3a11-4465-b283-5512addd5f49,c514dfc4-c281-4d14-98cc-9ee922f470c1,award,2026-01-19,2.0,1,Cleaning Service SA,215411.45,45450000,Autres travaux de parachèvement de bâtiment,"<p>Nettoyage des façades, patios et des abords du bâtiment de l'extension de l'hôpital de Sion. </p>"
e0ed94ec-3a11-4465-b283-5512addd5f49,2f3dc825-20de-42fe-8adf-58af04136122,award,2026-01-19,2.0,1,Cleaning Service SA,139972.55,45450000,Autres travaux de parachèvement de bâtiment,<p>Nettoyage du niveau A de l'extension de l'hôpital de Sion.</p>
e0ed94ec-3a11-4465-b283-5512addd5f49,2d6eb782-9ec6-46d4-8442-d91462c0a7d2,award,2026-01-19,2.0,1,Cleaning Service SA,111549.85,45450000,Autres travaux de parachèvement de bâtiment,<p>Nettoyage du niveau B du bâtiment de l'extension de l'hôpital de Sion. </p>
e0ed94ec-3a11-4465-b283-5512addd5f49,c8d8ec46-d11a-4533-8bbf-c86670cc3ce3,award,2026-01-19,2.0,1,Cleaning Service SA,127495.3,45450000,Autres travaux de parachèvement de bâtiment,<p>Nettoyage des niveaux C et E</p>
e0ed94ec-3a11-4465-b283-5512addd5f49,92b375dc-099f-41ba-b204-57998144eefb,award,2026-01-19,2.0,1,Cleaning Service SA,73979.3,45450000,Autres travaux de parachèvement de bâtiment,<p>Nettoyage du niveau D et commun de l'extension de l'hôpital de Sion. </p>
e0ed94ec-3a11-4465-b283-5512addd5f49,c1fee7a0-4e98-4c83-8d27-91030e206fd7,award,2026-01-19,1.0,1,Cleaning Service SA,159219.9,45450000,Autres travaux de parachèvement de bâtiment,<p>Nettoyage du niveau U de l'extension de l'hôpital de Sion. </p>
cdae94b4-5d17-4b8f-bf9c-81f9d3881c8c,1dd91a41-25d2-44d7-87e8-41bf986e1877,award,2026-01-19,4.0,1,Dumas Construction SA,603176.55,45000000,Travaux de construction,<p>Aménagements extérieurs en génie civil</p>
952cf548-76a9-4224-bb58-1066f545a4ce,75e4051b-300a-46f0-b24a-304fd0818acc,award,2026-02-16,5.0,1,Walpen AG Hoch- und Tiefbau,6624002.05,45000000,Travaux de construction,"<p>Baumeisterarbeiten für den Ausbau und die Erneuerung der Kläranlage Briglina</p><p><br></p><p>Die Abwasserreinigungsanlage (ARA) Briglina wurde 1983 in Betrieb genommen und reinigt heute das Abwasser der Gemeinden Brig-Glis, Naters, Termen, Ried-Brig, Bitsch, Riederalp, Mörel-Filet, Grengiols und"
f5a61a50-dcb5-4f4b-b54c-82866481ac5d,1618bda5-2bf7-4369-982a-b714af7e0986,award,2026-02-11,10.0,1,Gebrüder Zengaffinen AG,1306356.45,45000000,Travaux de construction,<p>Baumeisterarbeiten Totalsanierung Badhaltestrasse - Brigerbad</p>
aa9265b9-5f9f-403a-9d1e-b769186dd2bd,c08152ec-1fd7-484c-a38a-e27b20badeef,award,2026-02-11,2.0,1,Ryantec AG,430978.7,45000000,Travaux de construction,<p>Installateur Totalsanierung Badhaltestrasse - Brigerbad</p>
1c9c113f-7a9c-4640-b407-316acfffd883,cf97f072-1588-4f83-907d-296af066136e,award,2026-02-16,1.0,1,TZ Stromag,4447830.25,45317000,Autres travaux d'installation électrique,"<p>Die ARA Briglina wird in mehreren Etappen umfassend saniert, umgebaut und mit der 4. Reinigungsstufe erweitert. Der Auftrag umfasst die Elektroinstallation während der gesamten Bauzeit.</p>"
3cdb5fa7-1386-48c6-8d9f-e774ba17ae96,1c064918-720d-4ec0-b27a-43d74e1771bb,award,2026-02-11,9.0,1,"Theler AG, Bauunternehmung",448300.2,45000000,Travaux de construction,<p>Neubau Fernwärmeleitung Heizzentrale Klostermatte – Unterstation Geschina</p>
32071da3-a094-479e-8eee-7afbf7e61b1f,012ca5d8-1344-4447-9b43-e71776f56926,award,2026-02-19,5.0,1,Amaudruz S.A.,270944.6,45310000,Travaux d'équipement électrique,"<p>Le bâtiment CH date de 1977 et certains laboratoires sont d'origine. D'autres ont été rénovés lors de nouvelles affectations, mais ils ne répondent plus aux normes de sécurité ni aux standards actuels de laboratoires. De ce fait et en profitant de la restructuration des activités, la partie centr"
7ad7b2a8-1115-4541-bfa7-ed4a23df6376,9ec25db6-a11f-4cf7-9f8d-99ec543c4aa5,award,2026-01-30,7.0,1,JPF Construction SA,2193073.1,45000000,Travaux de construction,"<p>Mise en place d’un revêtement bitumineux sur un fond stabilisé, avec accotements en gravier. Pour tous les chemins un apport de matériaux sera effectué afin de surélever les chemins par rapport aux parcelles riveraines.</p><p>L’étape de travaux mise en soumission comprend les chemins 15, 17, 18, "
605d59b0-0678-4950-a212-f734fcc8a378,c503b0e4-0d37-4c46-ab75-e2901998970f,award,2026-01-29,5.0,1,Colas Suisse SA,1167480.0,45000000,Travaux de construction,"<p>Les travaux consistent à la reconstruction, au renforcement et à l’élargissement, en 2ème&nbsp;étape, d’une série de chemins agricoles sur la Commune de Chessel. Cette étape fait suite à&nbsp;la première phase réalisée en 2013.&nbsp;</p>"
8c805d1f-f723-409c-840b-996b3b7ea3ce,f402b62a-72b4-4c25-a850-a13c6c9d11ea,award,2026-02-02,2.0,1,PHIDA Ferblanterie SA,975111.0,45261000,Travaux de charpente et de couverture et travaux connexes,<p><strong>Transformation de l'enveloppe thermique de l'ERACOM et mise en sécurité des voies d'évacuation verticales</strong></p><p><br></p><p>CFC :</p><ul><li>112 - Dépose de la toiture existante</li><li>214 - Charpente en bois pour création de pente</li><li>222 - Ferblanterie : Evacuation des eaux
78aace3f-6b80-4038-8435-eb860372a2ff,7d75189f-7b64-4e1c-81eb-9743e8e91be4,award,2026-01-23,7.0,1,Troger SA,3100806.35,45232460,Travaux d'installations sanitaires,"<p>Un nouvel établissement scolaire, l’école secondaire professionnelle II Noëlla Rouget s’implante sur le territoire de la ville de Meyrin, à l'intersection de l'avenue Sainte-Cécile et l'avenue Auguste-François-Dubois.</p><p>Le projet consiste en la construction d’un établissement d’enseignement s"
c082813d-b9d9-4f50-8440-ae1294705b02,2d89c89e-54de-46fc-b5a6-8bc21297aa4c,award,2026-02-12,3.0,1,Zurbriggen AG,287763.05,45000000,Travaux de construction,<p>Fenster  aus Holz und Holz-Metall</p>
8d2b58ac-33a8-459b-99be-0e2294218ef9,41a6d0a3-1333-4ace-a852-1b409f520612,award,2025-12-02,3.0,1,Abarisk S.A.,1053017.15,45343200,Travaux d'installation de dispositifs d'extinction d'incendie,"<p>Un nouvel établissement scolaire, l’école secondaire professionnelle II Noëlla Rouget s’implante sur le territoire de la ville de Meyrin, à l'intersection de l'avenue Sainte-Cécile et l'avenue Auguste-François-Dubois.</p><p>Le projet consiste en la construction d’un établissement d’enseignement s"
098d30b9-19a7-484e-bd6c-6628ed5e4e5d,a4d57250-0f3c-4322-af11-54da662dfb81,award,2026-02-11,6.0,1,Dénériaz Bâtiment et Infrastructures SA,1420007.4,45000000,Travaux de construction,"<p>CFC 211.5 béton et béton armé</p><p>Construction et transformation des ateliers de l'établissement pénitentiaire de Crêtelongue à Granges. 3 bâtiments: atelier économie animale, atelier métal et alimentaire, atelier bois et maintenance.</p>"
b0cb7af9-b78f-4860-8b5f-b27e7900e553,7ba63df8-cc87-4911-a20c-59cb7dda4792,award,2025-10-10,2.0,1,Techfina SA,1999739.3,45232421,Station de traitement des eaux usées,"<p>La future STEP de l'EHVV traitera les eaux usées du bassin versant Haute Venoge Veyron (comunes de Chavannes-le-Veyron, Chevilly, Cuarnens, Dizy, Eclépens, Fereyres, La Chaux, La Praz, La Sarraz, L'Isle, Mauraz, Moiry, Mont-la-Ville, Orny et Pompaples). L'objet de ce lot comprend les études de dé"
c700731d-1bf8-427e-8906-c30ec0675898,f420a252-90fe-4e01-9b1d-9dbbe5fff935,award,2026-01-12,1.0,1,Ginox SA,281306.0,39314000,Équipement de cuisine industrielle,<p>Transformation du bâtiment Prieuré 2a Pully</p>
07d7e2bc-c79b-413f-af7c-6661b157a762,d078c659-d230-48d8-9524-b5f387a75011,award,2026-02-13,10.0,1,Bitz travaux publics SA,528435.55,45000000,Travaux de construction,"<p>Exécution des travaux de génie civil pour la réalisation du CAD de Sierre – secteur 2026, sur la route de l’Hôpital.</p><p>La mise en soumission concerne le tronçon se situant entre le parking communal sur parcelles n°3'183 et 2'897 et le carrefour avec la route de Sion, ainsi qu’un secteur de l’"
dd11e8c5-2f3a-43cf-b9bc-ff23816cc877,5da97ce5-64ed-497c-9d38-8a07570e9965,award,2026-02-12,3.0,1,Lauber Iwisa AG,291747.14,45000000,Travaux de construction,<p>Verlegung &amp; Montage von Fernwärmerohren </p>
1695f020-52df-4268-a520-34db98b75123,5bf68206-841a-46d7-8e04-fe4bf2ec6477,award,2025-06-26,6.0,1,"FIRE SYSTEM SA, succursale de Martigny",37517.95,45000000,Travaux de construction,<p>Transformation d'une halle en bureaux administratifs / Bâtiment B sur site de Piscine 10 / Route de la Piscine 12 Sion / Suivi des travaux Bureau Mijong Architectes Sion</p>
176dc20a-a23c-4a57-bc80-3cc59a124984,42a37d59-5b1f-4bc1-b35b-bb847c529b30,award,2026-02-09,5.0,1,"Weibel SA, succursale de Grandcour",925466.25,45233320,Travaux de fondation de routes,"<p><strong>Route de Lausanne </strong></p><p>·&nbsp;&nbsp;&nbsp;&nbsp;&nbsp;&nbsp;&nbsp;&nbsp;<strong>RC</strong>&nbsp;: concerne la démolition du revêtement, les travaux routiers sur la superstructure de la Route Cantonale, et la pose d’un complexe multicouche d’enrobés. Les raccordements des dispo"
9ff757bc-0081-4f10-adc1-37536eea027f,a439bbdc-2ad6-4eb5-8728-6e49764237d5,award,2026-02-10,3.0,1,Implenia Schweiz AG,1228390.5,45000000,Travaux de construction,<p>Excavation : 290 m3</p><p>Grave pour piste et installations : 330 m3</p><p>Grave pour coffre chaussée et canalisations : 120 m3</p><p>Démolition de revêtement : 310 to</p><p>Béton bitumineux : 315 to</p><p>Coffrage : 70 m2</p><p>Armatures : 4850 kg</p><p>Béton : 15 m3</p><p>Couche d’accrochage su
787be35b-76cb-49e5-b3cf-aae3d1ae9c85,6b8f4ee8-9c26-401d-b625-8a556b07efc7,award,2026-01-22,2.0,1,cablex AG,180056.0,45315600,Installations basse tension,<p>Selon les documents de l'appel d'offres</p>
0e70d1be-fe7a-4dae-9da7-cb866ed869c2,6bf0dce7-dec2-4755-a2d8-b472b783d768,award,2026-01-22,10.0,1,Guy Monnet & Fils SA,1186535.85,45200000,Travaux de construction complète ou partielle et travaux de génie civil,"<p>Réaménagement de la route des CFF (sur un linéaire d’environ 330 m) comprenant&nbsp;notamment&nbsp;:</p><p>·&nbsp;&nbsp;&nbsp;&nbsp;&nbsp;&nbsp;&nbsp;&nbsp;La démolition de l’enrobé bitumineux et du coffre existant sur tout le tracé, y compris les bordures&nbsp;;</p><p>·&nbsp;&nbsp;&nbsp;&nbsp;&n"
35a9540a-d68a-4871-a655-8284b4831149,327f575a-7a4d-470e-803f-0bbc0fc5aa66,award,2026-01-16,1.0,1,Semadeni Glasbeton AG,325225.0,45223210,Ossatures métalliques,<p>C4 Centre Coordonné de Compétences Cliniques 33'600'00 HT</p><p>HESAV Haute Ecole de Santé Vaud 87'600'000 HT</p><p>SITE 35'500'000 HT</p><p>Lot 362 puits de lumière</p>
c12adc68-64e5-4c98-89d8-ef48f9a60026,247272fe-b49e-4c47-a511-1632a4814d46,award,2026-01-26,1.0,1,VIMA SARL,385428.7,45215120,Travaux de construction de bâtiments médicaux spécialisés,<p>EMS - Fourniture et pose de carrelage </p>
161dc25d-1ff8-4dcf-aba4-19cd6ba9b781,a0ebce5c-cf5a-418f-b238-057bfc6ef4ca,award,2026-02-04,2.0,1,Lauber Iwisa AG,338332.9,45214300,Construction d'établissements d'enseignement supérieur,<p>BKP 222 + 224 Spengler- und Bedachungsarbeiten (Südtrakt)</p>
43b5b94e-19d1-4ff5-b2f3-aad461010e35,a3e34668-0de1-4d25-a7ac-2b4a00e3ec0f,award,2026-01-20,2.0,1,Infrasport Ingénieurs Conseils SA,298370.0,45212200,Travaux de construction d'installations sportives,"<p>Les communes d’Anières, de Corsier et d'Hermance ont le projet de créer une zone sportive aux Ambys à Anières. Cette zone sportive est destinée au club de football FC Coheran.</p><p>Création de deux terrains de football synthétique, dont un homologué pour la 2ème amateur.</p>"
db32c3ce-e568-4c96-8d85-7cc24fbc9b79,c76a214c-a5ce-4295-9bd9-8f1e090b2574,award,2026-02-06,3.0,1,Galdini S.A.,4992159.0,45000000,Travaux de construction,"<p>Le présent appel d’offres concerne les travaux de réparation et de rechargement par soudage des rails et des appareils de voie du réseau de tramways des tpg (rails à gorges – voie métrique) - (4 ans).</p><p>Le présent marché est un contrat-cadre mono-adjudicataire. Aussi, les tpg vont retenir au "
a69a7339-fcd0-4914-bd92-be06511a87dd,ddf7b671-d644-48f2-8114-2dda3a1ca080,award,2025-12-05,8.0,1,STEREAU SUISSE SA,3696513.7,45232421,Station de traitement des eaux usées,"<p>La future STEP de l'EHVV traitera les eaux usées du bassin versant Haute Venoge Veyron (communes de Chavannes-le-Veyron, Chevilly, Cuarnens, Dizy, Eclépens, Fereyres, La Chaux, La Praz, La Sarraz, L'Isle, Mauraz, Moiry, Mont-la-Ville, Orny et Pompaples). L'objet de ce lot comprend les études de d"
f80ee4ea-3f28-49eb-8b93-65854437b0ff,cdd45fb4-3978-4470-85e8-24492dc03290,award,2026-01-06,4.0,1,Herren Frères et Cie,552252.2,45232460,Travaux d'installations sanitaires,"<p>Conception (ingénierie de détails), la fourniture, la livraison, le montage et la mise en service (essais de performances compris) de l'ensemble des équipements nécessaire aux installations sanitaires de la STEP d'Orbe</p>"
435c6883-0cbd-4122-9e4e-a3df67d77bc7,b97d8a6a-c9d5-4670-83a5-ede98ec94ab5,award,2026-02-05,1.0,1,voestalpine Turnout Technology Zeltweg GmbH,2909858.0,34941800,Lames d'aiguilles de chemin de fer,"<p>Engineering, Herstellung und Lieferung von Zahnstangenweichen Meterspurbahn gemäss den Technischen</p><p>Spezifikationen Teil C und auf Basis der RTE 22564 und RTE 29700 sowie technische Unterstützung für die</p><p>Planung der vorgesehenen Bauetappen.</p><p>Der Auftrag umfasst 11 Weichen für den "
1f9142cc-a73f-4fc0-a6de-913e03145e11,16a059ab-c274-46c5-b7a6-50e5a7567b52,award,2026-01-27,3.0,1,Walo Bertschinger AG Bern,,45000000,Travaux de construction,"<p>281 u. 285 Unterlagsböden, Fugenlose Boden- u. Wandbeläge</p>"
8b9f8980-8b5c-48f8-9941-aa14dbc7c985,7345956b-0aef-4a34-98aa-7599ba56c221,award,2025-10-23,3.0,1,Format Paysage Sàrl,347117.25,45112710,Travaux d'aménagement paysager d'espaces verts,"<p>Le MO réalise des travaux de doublement de la voie de chemin de fer, une mise en sécurité des&nbsp;</p><p>installations et de nouvelles infrastructures d’accueil permettant un renforcement de la cadence et des&nbsp;vitesses de circulations et une amélioration de l’offre de mobilité.&nbsp;Dans ce "
475e679b-ac66-40c4-b1ad-f77bd6a42c98,38ac8f13-4860-47c3-88df-d9d6cb6a863b,award,2026-02-04,1.0,1,Sécheron SA,,45317000,Autres travaux d'installation électrique,<p>Cet appel d’offres porte sur l’attribution d’un marché pour l’acquisition d’un système d’alimentation pour courant de traction. </p><p>➢ Le transformateur de traction ; </p><p>➢ Le redresseur de traction ; </p><p>➢ L’installation de commutation DC pour l’alimentation des lignes et des dépôts (hor
f3f82670-6a59-4465-9fd1-d3d2673a6ec9,6b66ec8a-dd18-40e1-87bb-1aa101b6244e,award,2025-12-18,5.0,1,FFA SA,2959018.05,45200000,Travaux de construction complète ou partielle et travaux de génie civil,"<p>Rue de la Gare - Secteur entre le port du Château et le carrefour de la Poste</p><p>Mise en séparatif des canalisations d'évacuation des eaux et remplacement de conduites souterraines. Travaux de fouilles, blindages, remblayages et réfection des chaussées.</p>"
4c047ff4-cb6b-4008-b843-07758e4e33c2,c60e859b-06b2-4edf-8d03-2222d868e878,award,2026-02-02,5.0,1,vast trails GmbH,,45233162,Travaux de construction de pistes cyclables,"<ul><li>Realisierung eines Mountainbike-Trails der grösstenteils neu gebaut werden soll und abschnittsweise über bestehende Wege führt, die bikespezifisch angepasst werden müssen.</li><li>Die Strecke führt von der Bergstation Hohsaas über die Weissmies-Hütte bis zum Kreuzboden.</li><li>Ziel ist die "
51f43c75-bc29-4acd-a2c9-c10be7abd287,64c6f73d-c44a-44f6-904f-9ce220c2942c,award,2025-11-13,2.0,1,gex sa ventilation - climatisation,279279.05,45000000,Travaux de construction,"<p>L'association La Branche, un établissement socio-éducatif à Savigny, accueille plus de 146 enfants et adultes avec une déficience intellectuelle sur un domaine de 35 hectares. Fondée en 1961, elle gère neuf foyers dans un village conçu pour offrir un environnement sécurisé et dynamique. Actuellem"
e684b407-7cba-4baa-a341-a72b3fa2b2ca,c955fba1-a489-4dc3-b984-82bd56cf35eb,award,2025-12-10,3.0,1,"Johnson Controls Systems & Service SARL, succursale de Satigny",156034.0,45000000,Travaux de construction,"<p>L'association La Branche, un établissement socio-éducatif à Savigny, accueille plus de 146 enfants et adultes avec une déficience intellectuelle sur un domaine de 35 hectares. Fondée en 1961, elle gère neuf foyers dans un village conçu pour offrir un environnement sécurisé et dynamique. Actuellem"
a8c1e17c-50da-459a-9f7d-829168faf8bd,42718868-0b88-4eb0-ba65-d90a7d96e2f4,award,2025-12-13,6.0,1,Electrotop Sàrl,605436.62,45000000,Travaux de construction,"<p>L'association La Branche, un établissement socio-éducatif situé à Savigny, accueille plus de 146 enfants et adultes présentant une déficience intellectuelle, sur un domaine verdoyant de 35 hectares. Fondée en 1961, elle gère neuf foyers au sein d’un village pensé pour offrir un environnement à la"
1f2cc615-65d8-4cc3-b93f-804a75f25703,d1e99fd0-78e0-459f-ad68-c618449e92a0,award,2025-11-13,5.0,1,Amaudruz S.A.,278193.0,45000000,Travaux de construction,"<p>L'association La Branche, un établissement socio-éducatif à Savigny, accueille plus de 146 enfants et adultes avec une déficience intellectuelle sur un domaine de 35 hectares. Fondée en 1961, elle gère neuf foyers dans un village conçu pour offrir un environnement sécurisé et dynamique. Actuellem"
889a1bad-9358-4710-b2fd-73b3280ff3b3,3cb583b5-1908-4c77-9f35-848cefe75aff,award,2025-11-12,6.0,1,Bertholet + Mathis SA,1457791.4,45000000,Travaux de construction,"<p>-&nbsp;&nbsp;&nbsp;L'association La Branche, un établissement socio-éducatif à Savigny, accueille plus de 146 enfants et adultes avec une déficience intellectuelle sur un domaine de 35 hectares. Fondée en 1961, elle gère neuf foyers dans un village conçu pour offrir un environnement sécurisé et d"
1caf4e40-5d8a-48e7-9c7e-84e95ff96f95,1a91778e-b919-4c37-a00a-9df6cbb012ae,award,2025-11-12,2.0,1,Vectur S.A.,74736.5,45000000,Travaux de construction,"<p>L'association La Branche, un établissement socio-éducatif à Savigny, accueille plus de 146 enfants et adultes présentant une déficience intellectuelle sur un domaine de 35 hectares. Fondée en 1961, elle gère neuf foyers dans un village conçu pour offrir un environnement sécurisé et dynamique. Act"
3e1dd1f0-b016-4e0d-8f4a-3c8ce4fad371,16c46a04-2ea5-472f-b859-3fdcad3a09d3,award,2025-11-13,4.0,1,"Ascenseurs Schindler SA, succursale de Bussigny-près-Lausanne",141644.9,45000000,Travaux de construction,"<p>L'association La Branche, un établissement socio-éducatif à Savigny, accueille plus de 146 enfants et adultes avec une déficience intellectuelle sur un domaine de 35 hectares. Fondée en 1961, elle gère neuf foyers dans un village conçu pour offrir un environnement sécurisé et dynamique. Actuellem"
cdd128c4-be2e-41e0-ae16-4002188ec549,c864d58b-18fc-4325-946b-db32cd6e6558,award,2025-12-10,7.0,1,Varrin S.A.,327258.2,45000000,Travaux de construction,"<p>-&nbsp;&nbsp;&nbsp;L'association La Branche, un établissement socio-éducatif à Savigny, accueille plus de 146 enfants et adultes avec une déficience intellectuelle sur un domaine de 35 hectares. Fondée en 1961, elle gère neuf foyers dans un village conçu pour offrir un environnement sécurisé et d"
359fd369-685f-4193-abae-873f333c28fd,a1d18572-a543-42b7-9eb8-5bbff70c86dc,award,2025-11-13,3.0,1,Ginox SA,151501.4,45000000,Travaux de construction,"<p>L'association La Branche, un établissement socio-éducatif à Savigny, accueille plus de 146 enfants et adultes avec une déficience intellectuelle sur un domaine de 35 hectares. Fondée en 1961, elle gère neuf foyers dans un village conçu pour offrir un environnement sécurisé et dynamique. Actuellem"
45e627e6-973f-4970-8c87-a210a12f926b,e3f22061-dab5-44b3-ad94-7c6861925e28,award,2025-12-10,8.0,1,Groupe Egli AG,489163.5,45000000,Travaux de construction,"<p>-&nbsp;&nbsp;&nbsp;&nbsp;L'association La Branche, un établissement socio-éducatif à Savigny, accueille plus de 146 enfants et adultes avec une déficience intellectuelle sur un domaine de 35 hectares. Fondée en 1961, elle gère neuf foyers dans un village conçu pour offrir un environnement sécuris"
afc54040-8bf0-4da5-9dc2-7efb141a498e,dbf02f9d-12e2-4270-a4a4-c4d9cc2ffd5d,award,2025-11-17,4.0,1,Joux S.A.,284899.0,45421100,Pose de portes et de fenêtres et d'éléments accessoires,"<p>Ce CFC porte sur la réalisation de vitrages intérieurs et portes extérieures ainsi que rehaussement des parapets, y compris balustrade.</p>"
17d2f527-e143-48cd-8856-f13db99419bb,7691349c-48a7-4e33-aaa6-3ec7aaee3854,award,2026-01-28,5.0,1,Gauye et Dayer SA,1900554.65,45000000,Travaux de construction,"<p>CFC 214.1 charpente et ossature bois</p><p>Construction et transformation des ateliers de l'établissement pénitentiaire de Crêtelongue à Granges. 3 bâtiments: atelier économie animale, atelier métal et alimentaire, atelier bois et maintenance.</p>"
05ee7642-d0cd-4cc9-bb2c-e271c9a46c31,5498a7bd-fd9a-47f2-a0e5-769c9004943e,award,2026-03-09,5.0,1,Dénériaz S.A.,10852832.35,45000000,Travaux de construction,"<p>Travaux de gros-œuvre nécessaires à l'exécution de la nouvelle STEP, soit:</p><ul><li>Travaux de démolition</li><li>Travaux spéciaux: paroi  berlinoise</li><li>Travaux de génie civil</li><li>Travaux de béton armé</li></ul>"
f8ee859a-0383-4684-b861-a0ded7c5fe53,cdf44a4d-6e16-4d59-94f0-eed4f3831bd7,award,2026-02-26,2.0,1,Erich Keller AG,1118528.95,45214220,Travaux de construction d'écoles secondaires,<p>Menuiserie courante: ventilo-convecteurs</p>
067d9c76-ca73-4c4d-965e-c36a0f5324b3,0c186fd9-40fa-4c96-be81-e3b37545392a,award,2026-03-23,11.0,1,Epiney Construction SA,589546.4,45000000,Travaux de construction,<p>Démolition de béton bitumineux : 525 m3</p><p>Excavation coffre de route : 1725 m3</p><p>Grave : 1650 m3</p><p>Bordures : 685 m1</p><p>Béton bitumineux : 1330 to</p><p>Fouille : 300 m3</p><p>Canalisations : 275 ml</p>
2b8a3592-6737-4c3b-ae6a-96fd29f2c071,a37d2e7a-1f13-47ef-ac56-a24019c570e1,award,2026-02-18,7.0,1,MERMER SA,437347.3,45232460,Travaux d'installations sanitaires,<p>Le marché consiste à exécuter des travaux d’installations sanitaires pour un montant budgété à 419’400.- HT.</p>
58290410-b4f9-44bf-8ad5-17d22c6c3f93,b0512636-6193-4011-a454-4d0b41839771,award,2026-03-25,3.0,1,Coutaz CVS SA,128821.65,45000000,Travaux de construction,<p>Le Lycée-collège de St-Maurice accueille 1’100 étudiants et une centaine de professeurs. Il joue un rôle central dans la formation gymnasiale du Canton du Valais. Les locaux du Lycée-Collège se répartissent sur deux sites distincts&nbsp;:</p><p>·&nbsp;&nbsp;&nbsp;&nbsp;&nbsp;&nbsp;Le site du Lycé
b0eae5e7-b81b-4b3b-aba2-fdcd097ddd07,b46b01f9-c2b8-4dd9-b41c-b2554ccd3d92,award,2026-03-25,6.0,1,mobil Werke AG,868540.0,45000000,Travaux de construction,"<p>CFC 900 - Mobilier classes</p><p><br></p><p>Construction du nouveau Lycée-Collège Ella Maillart (au Cours Roger Bonvin) à Sion</p><p>Volumes / Surfaces plancher (selon SIA 416) 105'800m3 / 23'100 m2</p><p>Niveau salle de gymnastique (semi enterrée), Niveau d'entrée, 2 niveaux sur entrée, niveau p"
6c236575-65c3-4594-8873-90c6e0119efd,e5399f4f-01a1-493d-9b37-571b09ab446e,award,2026-03-25,4.0,1,Batiplus S.A.,237275.17,45000000,Travaux de construction,"<p>CFC 904 - Mobilier réfectoire</p><p><br></p><p>Construction du nouveau Lycée-Collège Ella Maillart (au Cours Roger Bonvin) à Sion</p><p>Volumes / Surfaces plancher (selon SIA 416) 105'800m3 / 23'100 m2</p><p>Niveau salle de gymnastique (semi enterrée), Niveau d'entrée, 2 niveaux sur entrée, nivea"
8facc407-9941-4e6b-86d0-3ebb06d48018,a58273b9-5d1c-4f17-b9d5-796a0348242b,award,2026-03-23,1.0,1,Gatto SA,296309.25,45214200,Travaux de construction de bâtiments scolaires,<p>Carrelages et Faïences : </p><p>Fourniture et pose de 1’660m2 de carreaux sur parois et</p><p>590m2 de carreaux au sol.</p>
adb21c7c-718c-46c8-83e6-f040b82b10c5,24070595-0713-47ec-9c16-cb5f0f1153ff,award,2026-01-19,13.0,1,Dénériaz Bâtiment et Infrastructures SA,495781.6,45000000,Travaux de construction,<p>Terrassements : 200 m3</p><p>Grave non-traitée : 150 m3</p><p>Bordures : 400 ml</p><p>Béton bitumineux : 580 to</p><p>Ouvrage de rétention : 30 m3</p><p><br></p>
0a27b5f8-9b43-4c2b-87d9-1d283e4b5b60,46441747-6dd4-44fc-97c2-baedcf08f107,award,2026-03-05,5.0,1,FFA SA,2609948.77,45233000,"Travaux de construction, de fondation et de revêtement d'autoroutes, de routes",<p><strong>Longueur du projet : </strong>env. 1’100 m’ </p><p><strong>Surface du projet : </strong>env. 10’200 m2&nbsp;</p>
1b436f13-9b97-4514-9693-a7e6cb34f115,bd0ad5e8-435d-4a5b-9638-ba5a68bd8c77,award,2026-03-03,7.0,1,Fleutry SA,724997.9,45000000,Travaux de construction,<p>Travaux de génie civil pour la construction d’aménagements de modération et de réseaux CAD FAD et meunière - Rues des Cèdres et Marc Morand</p><p><strong>Travaux routiers</strong></p><p>Démolition d’enrobés bitumineux&nbsp;&nbsp;&nbsp;&nbsp;&nbsp;&nbsp;&nbsp;&nbsp;&nbsp;&nbsp;&nbsp;&nbsp;&nbsp;&n
e228ee5d-aa6b-4c88-8793-4daf1ca48be3,61d23251-63a5-4d2b-a594-8852d23234fc,award,2026-03-20,9.0,1,"Société de Travaux Publics, Joseph Carron SA",486534.65,45000000,Travaux de construction,<p>Démolition d’enrobé bitumineux : 600 m3</p><p>Terrassement : 200 m3</p><p>Graves : 250 m3</p><p>Fouilles : 230 m3</p><p>Canalisations réseaux enterrés : 730 ml</p><p>Béton bitumineux : 1860 to</p>
e564ef78-4cc9-483e-8ffb-d5720c516455,0aad0d3f-9717-45bb-809f-7bd251c703d2,award,2026-02-24,7.0,1,Entreprise Belloni SA,1150406.15,45214220,Travaux de construction d'écoles secondaires,"<p>Plâtrerie pour le futur gymnase du Chablais à Aigle, comprenant la fourniture et pose des cloisons, doublages et revêtements plâtre.</p>"
3060fb6a-5bac-4f46-9404-8a4afa218d9f,506d9903-0f3a-41e3-a28f-b1b5ff42278c,award,2026-03-23,4.0,1,Art Kern SA,1219097.48,45213340,Travaux de construction de bâtiments liés aux transports par voie d'eau,<p>Travaux d’ouvrages métalliques courants et peinture extérieure pour la rénovation patrimoniale du phare des Pâquis.&nbsp;</p>
c5b1b1d8-d979-4cfd-9207-bf93bf5bb00c,3da3dd85-823f-427d-a6c7-6bc7af2ed214,award,2026-03-18,3.0,1,Coutaz CVS SA,1154849.9,45000000,Travaux de construction,"<p>Le Lycée-Collège de Saint-Maurice accueille environ 1'100 élèves encadrés par une centaine d’enseignants. Fort d’une longue tradition éducative, ce lieu emblématique joue un rôle clé dans la formation gymnasiale du canton du Valais, et jouit d’une renommée confirmée.</p><p>L’établissement est rép"
7b529b59-ae32-4a39-91ee-066c9b46f5fa,411fa89d-bdf5-40ed-a309-971701aef7dd,award,2026-02-13,4.0,1,Michellod SA,415922.11,45421131,Pose de portes,<p>Fournitures et pose de portes intérieures dans le nouveau complexe scolaire d'Échandens</p>
5b914f56-ac3e-4f56-8366-c6ff2fab6e90,0731bfa4-9560-4bf6-a0da-3a7e2ed24974,award,2026-02-13,3.0,1,M&R Groupe SA,475184.67,45262321,Travaux de chape,<p>Réalisation des couches de support de chapes et des chapes dans le nouveau complexe scolaire d'Échandens</p>
aa495746-7b59-4f88-9037-456fb521b15c,26c94bdc-6eb0-48b7-bd7b-bf2afb7360fc,award,2026-02-13,3.0,1,"Röthlisberger AG, Die Schreinermanufaktur",450754.3,45420000,Travaux de menuiserie et de charpenterie,"<p>Exécution de travaux de menuiserie intérieure comprenant la fabrication et la pose d’armoires, de rayonnages, de portillons en bois ainsi que l’habillage des embrasures de portes et fenêtres, dans le cadre du projet de construction du nouveau complexe scolaire d’Échandens.</p>"
d949e7d0-6ed2-46d4-98b7-da86dcdb7aff,b00d678f-2ac3-4da3-9ea8-4309d4990398,award,2026-03-17,3.0,1,Epiney Construction SA,799887.4,45220000,Ouvrages d'art et de génie civil,<p>Projet d’aménagement des mesures de protection contre les crues du Torrent de Prapane à Vissoie – Etapes 2 et 3</p>
de0468d0-e761-4d73-b82e-7d22fb7f1559,a0e53378-cdc6-4551-8c13-ac9092457e5d,award,2025-01-29,6.0,1,Maréchaux électricité S.A.,735999.1,45311000,Travaux de câblage et d'installations électriques,<p>Le marché consiste à exécuter des travaux d’installations électriques pour un montant budgété à 336’900.- HT.</p>
b7cf3927-eb71-4bc1-a3c0-57885c519925,b192ef13-2f7d-4192-8510-1faf823c0553,award,2026-03-03,5.0,1,Teo Jakob SA,1066462.0,45000000,Travaux de construction,<p>C4 Centre Coordonné de Compétences Cliniques 33'600'00 HT</p><p>HESAV Haute Ecole de Santé Vaud 87'600'000 HT</p><p>SITE 35'500'000 HT</p><p>Lot 155 Mobilier de bureaux</p>
c9b168d5-d75d-49e4-b18d-d1a178edbcd6,cae845d4-0724-4ff4-a004-064a318db7f3,award,2026-02-16,6.0,1,SOGECA SA,1821634.62,45233140,Travaux routiers,"<p>Travaux de génie civil pour la requalification complète de la route comprenant démolition, pose de bordures et pose de pavages pour l’aménagement de trottoirs et places. Travaux de réfection de la route. Mise en conformité du système d’évacuation des eaux. Travaux d’extension de services type con"
579f2d14-6922-458c-907b-7e8cea7b2560,3d79d62e-bfa5-4c4e-8489-18daef239952,award,2026-03-19,7.0,1,Frutiger SA Vaud,622977.7,45200000,Travaux de construction complète ou partielle et travaux de génie civil,"<p>Les travaux concernent la route de Marin ainsi que le chemin du chalet à Matthey qui se situent sur le domaine public de la commune de Lausanne. Il s’agit de travaux de fouille pour la création de nouvelles liaisons électriques en moyenne tension (MT), soit la pose de plusieurs tubes PE120/132, P"
853c494d-c87a-47f4-8b62-3935ad48ed0a,173cbbc7-b222-4215-87cd-1a0b8a6ff3e6,award,2026-02-17,3.0,1,Entreprise Jean Lanoir SA,438000.0,45431000,Carrelages,<p>Construction du nouveau site scolaire de Champs d’Aullie au Mont-sur-Lausanne</p>
48ebb66d-ce2b-484a-b01f-edbdb41c6312,3a39b1fc-559e-431d-a7ce-ba7da4cb64a7,award,2026-02-17,2.0,1,L&F SOLS SA,262412.0,45430000,Revêtement de sols et de murs,<p>Construction du nouveau site scolaire de Champs d’Aullie au Mont-sur-Lausanne</p>
39a2b45d-a251-47fb-ba30-c0985b7f404f,77990f9e-20fa-4e3f-921e-a0bb4bcf6fe0,award,2026-02-17,5.0,1,Balzan et Immer S.A.,231708.0,45430000,Revêtement de sols et de murs,<p>Construction du nouveau site scolaire de Champs d’Aullie au Mont-sur-Lausanne</p>
2d8557da-663d-4882-bac1-f59849582e75,0b07f7db-d1a4-4720-b756-c7c0c1842c63,award,2026-02-17,5.0,1,Miraco SA,213351.0,45262100,Travaux d'installation d'échafaudages,<p>Construction du nouveau site scolaire de Champs d’Aullie au Mont-sur-Lausanne</p>
b3ed1daa-46ed-4e0b-9b0e-6d248aa2c65a,8fcfb1a3-5aad-46c2-919e-c481b3f976b6,award,2026-02-17,1.0,1,VERALUGROUPE SA,2931393.0,45421132,Pose de fenêtres,<p>Construction du nouveau site scolaire de Champs d’Aullie au Mont-sur-Lausanne</p>
16fb2298-8e1d-4d8a-bc2a-ff6e44da2d11,050aa4b8-c0ef-4e6f-9b17-4fe3ef78533e,award,2026-03-19,3.0,1,Kastech Sàrl,472819.0,45232460,Travaux d'installations sanitaires,"<p>Le bâtiment CH du campus EPFL d'Ecublens date de 1977 et certains laboratoires sont d'origine. D'autres ont été rénovés lors de nouvelles affectations, mais ils ne répondent plus aux normes de sécurité ni aux standards actuels de laboratoires. De ce fait et en profitant de la restructuration des "
67db9767-42ca-4488-b98d-e369e948fbb2,f0c9c6a9-3533-40f2-b714-8de5cc564562,award,2026-03-17,7.0,1,Fantoni AG,514466.4,45000000,Travaux de construction,"<p>Um die Verkehrssicherheit und Substanzerhaltung im erwähnten Ortsteil langfristig zu erhalten, ist eine Sanierung notwendig. Die Arbeiten umfassen eine Oberbausanierung und eine Sanierung bzw. Neubau der Werkleitungen (z.B. Trink-, Oberflächen-, Abwasser) und teilweise der Gewerke enbag und Swiss"
c30c008d-96b4-4a07-976a-5d8aba2e06c0,c16008a5-aeee-44a4-a113-252024569a9e,award,2026-03-18,3.0,1,Tapernoux SA,199703.67,45332200,Travaux d'installation de distribution d'eau,<p>Le marché faisant l’objet de l’appel d’offres concerne la rénovation des introductions d’eau et mise en conformité des nourrices de distributions au sein de l’aérogare T1.</p>
2a954087-e721-46dc-9a3d-20daf3d4ab88,9c3ba30a-bec7-4898-832a-fcbdb227625c,award,2026-03-11,2.0,1,KONE (Schweiz) AG,91258.02,45313100,Travaux d'installation d'ascenseurs,<p>Fourniture et pose des deux ascenseurs.</p>
24934f7c-3c74-4352-9da3-340f73cc18c3,6b013025-13e5-4c30-a624-c6b454b8d1e7,award,2026-03-11,4.0,1,André SA,1560842.85,45422000,Travaux de charpenterie,"<p>Fourniture et pose de charpente en bois, travail de rénovation.</p>"
383d66cb-6674-483c-a83e-518f85650d78,6c6984b4-e6e6-4c83-886a-8dd573159357,award,2026-03-11,5.0,1,"Romande Energie Services SA, succursale de Lancy",766429.0,45330000,Travaux de plomberie,<p>Réalisation de l'ensemble des travaux de sanitaires.</p>
e304155a-787a-4f4f-b715-97eabc91529e,2da24da7-b033-433e-951a-c1a3142d8925,award,2026-03-11,5.0,1,"Romande Energie Services SA, succursale de Lancy",121687.8,45317000,Autres travaux d'installation électrique,<p>Fourniture et pose de matériel de régulation du bâtiment (MCR).</p>
be0cf9cd-7566-43c6-b807-bb89cece037c,2b580950-81fc-4a42-8ec0-265b0f865615,award,2026-03-11,5.0,1,"Hälg & Co. AG, succursale de Plan-les-Ouates",836635.0,45331000,"Travaux d'installation de matériel de chauffage, de ventilation et de climatisation",<p>Réalisation de l'ensemble des travaux de Chauffage ventilation.</p>
e303db57-af1d-479e-9731-5d6a92ece02c,d27f49e3-edd1-4de3-8f9a-97eb205aaa7a,award,2026-03-11,8.0,1,Entreprise Belloni SA,2213913.0,45210000,Travaux de construction de bâtiments,"<p>Rénovation de deux bâtiments (Villa Prins, Rural) et construction d'un bâtiment de logements et de commerces.</p>"
6be31eb9-62dc-49ab-aa39-ec51b5bd26d4,ea877437-70e1-4f58-a7b2-fba07ce735b3,award,2026-03-11,4.0,1,Roth Echafaudages SA,113128.0,45210000,Travaux de construction de bâtiments,"<p>Rénovation de deux bâtiments (Villa Prins, Rural) et construction d'un bâtiment de logements et de commerces.</p>"
194064a3-f63c-4bb9-aa0c-2183306e48ed,71a17ccc-07d0-4f61-abdf-dd2d0b2c26e2,award,2026-03-11,2.0,1,"Marti Construction SA, succursale de Satigny",2825187.05,45110000,Travaux de démolition de bâtiments et travaux de terrassement,"<p>Rénovation de deux bâtiments (Villa Prins, Rural) et construction d'un bâtiment de logements et de commerces.</p>"
89b2a279-674e-488c-a7d9-f61c056f1b1c,b64710d8-c129-4b15-9da6-69081ec2f866,award,2026-03-11,5.0,1,Sedelec SA,1308000.0,45000000,Travaux de construction,"<p>Rénovation de deux bâtiments (Villa Prins, Rural) et construction d'un bâtiment de logements et de commerces.</p>"
7a287be1-4007-4a6c-bcb4-214ac92a9238,c1768028-c538-4954-a89d-a3d1a9c3ed3f,award,2026-03-09,2.0,1,MELLY CONSTRUCTIONS SA,300246.45,45000000,Travaux de construction,<p>Démolition d’enrobé bitumineux : 110 m3</p><p>Terrassements : 400 m3</p><p>Grave non-traitée : 390 m3</p><p>Bordures : 140 m</p><p>Béton bitumineux : 280 to</p><p>Fouilles en tranchées : 410 m3</p><p>Canalisations et drains : 135 m</p><p>Tuyaux de protection de câbles : 135 m</p><p>Béton hydrauli
e2d43e98-01bd-46ba-b71c-f2e60fbbd0ea,342de687-7f9c-4238-8fb6-8fdba524b665,award,2026-03-10,11.0,1,"Société de Travaux Publics, Joseph Carron SA",490909.65,45000000,Travaux de construction,<p>Fouille canalisations et réseaux : 1220 m3</p><p>Grave : 210 m3</p><p>Canalisations : 430 ml</p><p>Tube de protection de câbles : 2000 ml</p><p>Béton bitumineux : 2495 to</p>
35b5651a-be4e-443a-a821-035183af5932,8b10333f-1a44-41ac-80cd-32cad33245e7,award,2025-09-03,2.0,1,Bächler + Güttinger AG,545093.65,45112720,Travaux d'aménagement paysager de terrains de sport et d'aires de loisirs,<p>Umgebungsgestaltung Neubau Schulhaus Lalden</p>
d43c4938-a287-4737-bb5f-79e9fb2df8ca,44f1598c-3e79-4a61-b374-c336cf273d7b,award,2025-09-10,4.0,1,F. Simond SA,536623.0,45000000,Travaux de construction,<p>Les projets se situent sur les routes Martin-Bodmer et de La-Capite. Il s’agit de la création de quatre trottoirs traversants sur la route de la Capite et de réaménagements de trottoirs sur la route Martin-Bodmer. Les SIG prévoient la mise en place d’une batterie électricité et de la fibre optiqu
4c9b95e6-7745-4218-9121-7b82e1802d33,bbbc0e3c-3bc0-4fc5-b0e8-f2b4c18a4653,award,2025-12-18,7.0,1,Mock Schreinerei AG,,45210000,Travaux de construction de bâtiments,<p>Gemäss Dok. 01. Bestimmungen Bau</p>
34bc4917-fdd0-4de0-a47e-2ae802933b10,8ecc9498-cb13-4cac-a6ca-80f9a725405d,award,2026-03-03,9.0,1,Rampini & Cie SA,18720361.35,45000000,Travaux de construction,<p>Selon dossier administratif B0</p>
d66c7a05-1523-4afd-9c80-0883217008ab,601a50b3-a779-43b4-bba7-486bc548abb5,award,2026-02-12,6.0,1,Walo Bertschinger SA Romandie,1693844.4,45000000,Travaux de construction,"<p>Musée de l'Hermitage - Rénovation énergétique et mise aux normes techniques du bâtiment historique</p><p><br></p><p>CFC 211.5: Démolition, béton, béton armé et maçonnerie</p><p><br></p><p>Montant TTC devisé : CHF 1'485'345.-</p><p><br></p><p>- Surface de plancher - SP : 1’710m2</p><p>- Volumen bâ"
fd42757f-be9a-48b4-aea3-a72af1041446,6e2406ab-22c3-4b81-b979-ec50c15b6019,award,2025-02-13,3.0,1,"Röthlisberger AG, Die Schreinermanufaktur",338084.75,45422000,Travaux de charpenterie,"<p>Bkp 273.3 Wandschränke und Gestelle, Allgemeine Schreinerarbeiten</p>"
c5d91612-30a8-4a38-8daf-14871e41473e,ae246a5e-e212-47b6-a798-9884300ed6fd,award,2026-02-02,7.0,1,Marti Construction SA,7240999.0,45252100,Travaux de construction de stations d'épuration,<p>Le présent appel d'offres (lot GC01) concerne les travaux spéciaux et les travaux de génie civil relatifs à la&nbsp;construction de la STEP EHVV.</p>
5e71653d-00e3-4c8c-992e-1c16be4df3a7,9f7125a7-92fa-400e-8ae3-79a17bf77abd,award,2026-02-19,3.0,1,"Marti Construction SA, succursale de Satigny",35624284.8,45000000,Travaux de construction,"<p>Le présent marché concerne l’ensemble des travaux de génie civil et équipements liés au projet de réalisation de l’OA 3506, dénommé ci-après « PS Pavillon » de l’OA 3507, dénommé ci-après « Pont de raccordement&nbsp;», d’ouvrages annexes tels que des murs de soutènement et l’ensemble des travaux "
07bc1c17-7b8d-4097-ae68-6648b32cdd17,bcc6a8b5-6cdf-436d-882b-1b8a234a7952,award,2026-03-04,3.0,1,Amacker Holzbau AG,207428.05,45214300,Construction d'établissements d'enseignement supérieur,<p>BKP 283.4 Deckenbekleidung aus Holz und Holzwerkstoffen (Südtrakt)</p>
b27c5f69-a625-4252-b048-a14a12f15fa0,9849be57-7a8d-4d00-9565-f40389372df6,award,2026-01-27,6.0,1,ISOPERMAPROOF AG,4916416.1,45442200,Travaux d'application de revêtements anticorrosion,<p>Le Marché porte sur la réfection de la protection anticorrosion intérieure du puits blindé Louvie-Fionnay et du répartiteur de Fionnay. Il vise les prestations suivantes :</p><ul><li>Mise en place des installations logistiques nécessaires à la réalisation du mandat. Principalement :</li></ul><p>o
6d5f882c-969f-4eb8-8618-a2004fa68876,848386df-c4a8-499f-988a-3e3f75c0fe74,award,2026-01-30,6.0,1,schaerholzbau ag,11200003.2,45212000,"Travaux de construction de bâtiments destinés aux loisirs, aux sports, à la culture, à l'hébergement et de restaurants","<p>Totalunternehmer-Ausschreibung ""Architekten + Holzbauunternehmung"" (2-stufig) gemäss Ausschreibungsunterlagen.</p>"
fcb149e7-9033-4046-beaa-f4c429257a6c,6e9cc4a6-08f8-406f-a477-7e497663a326,award,2026-03-02,4.0,1,Walpen AG Hoch- und Tiefbau,2473737.8,45000000,Travaux de construction,<p>Los 1:</p><ul><li>Bauwerk Wasserfassung</li><li>Freispiegelleitung Wasserfassung zu Wasserschloss</li><li>Bauwerk Wasserschloss inkl. Stahlwasserbau</li><li>Entleerungsleitung</li><li>Grab- und Hinterfüllungsarbeiten</li></ul>
fcb149e7-9033-4046-beaa-f4c429257a6c,4c8882ca-48d2-452d-88f5-d25d8093dd54,award,2026-03-02,5.0,1,Walpen AG Hoch- und Tiefbau,6779790.4,45000000,Travaux de construction,<p>Los 2:</p><ul><li>Grabenbau von Wasserschloss bis Zentrale mit 2 zeitgleichen Angriffen</li><li>Kabelschutzrohre und Druckleitung verlegen</li><li>Schachtbauten</li></ul>
fcb149e7-9033-4046-beaa-f4c429257a6c,92bfba0b-34fd-48d2-9f28-7ff3961cfca8,award,2026-03-02,4.0,1,Walpen AG Hoch- und Tiefbau,1098740.3,45000000,Travaux de construction,<p>Los 3:</p><ul><li>Bauwerk Zentrale inkl. Vorplatz</li><li>Umlegungsarbeiten diverser Rohrleitungsinfrastruktur und bestehender Erschliessungen</li><li>Unterwasserkanal</li><li>Grab- und Hinterfüllungsarbeiten</li><li>Auslaufbauwerk</li></ul>
71a46fcb-d844-4707-a4db-eb18a3139e96,9f8849fd-05b6-46ff-967f-932192d71e96,award,2025-11-18,2.0,2,Gindraux Fenêtres S.A.; Schenker Storen AG (Schönenwerd),5087549.2,45214210,Travaux de construction d'écoles primaires,"<p><strong>Lot 1 </strong>: CFC 221.1 – Fenêtres en bois, CFC 215.5 – Bardage extérieur </p><p><strong>Lot 2 </strong>: CFC 221.9 – Éléments métalliques pré-confectionnés, CFC 215.5 – Façade ventilée </p><p><strong>Lot 3 </strong>: CFC 228 – Stores à lamelles</p>"
9295190a-7cf3-4007-874b-d964ee614658,c88bf3eb-99f4-4b8e-9ddb-24128d69e20e,award,2026-01-27,5.0,1,Lirom Chapes SA,1535536.5,45214210,Travaux de construction d'écoles primaires,<p>CFC 281.0 – Chapes </p>
71f2cf31-d98c-4396-aadc-086cc78fb81d,a2e0627c-3c64-45f4-a924-3c0eb2b1b675,award,2026-02-03,4.0,1,Delta Türsysteme AG,369767.3,45214210,Travaux de construction d'écoles primaires,<p>CFC 277.2 – Portes coupe-feu</p>
8e05c901-8eb9-426b-b874-f3fedc3b18bd,e426c3de-b446-4245-8c13-c02ce4d6cc21,award,2026-01-27,3.0,1,Induni & Cie SA,735077.7,45214210,Travaux de construction d'écoles primaires,<p>CFC 277.1 – Terrabloc - blocs de terre compresée stabilisée</p>
6fb08031-6ac8-4354-b8f7-199fa82263c5,7e9c08de-e66b-4c16-b716-bcba44da2174,award,2026-02-26,4.0,1,"Grisoni-Zaugg SA, succursale de Satigny",14204311.5,45210000,Travaux de construction de bâtiments,"<p>Construction de la Station de pompage, bâtiments PAC sur le site de la STEP d'AIRE</p><p><br></p><p>La station de pompage est un ouvrage de type industriel. Il s’étend sur une surface&nbsp;</p><p>approximative de 470m2 (30x15m) sur un seul niveau d’environ 4.75m de hauteur – hauteur&nbsp;</p><p>d"
4d123efc-6c25-4ec5-83f6-1832fbc77c15,3cc4dbd4-2964-4dbd-9a6c-469a1bfe4325,award,2026-02-09,4.0,1,GTech conseil en électricité Sàrl,633942.0,45300000,Travaux d'équipement du bâtiment,"<p>Marché pour un groupement de mandataires (ingénieur électricité, architecte et spécialiste en protection incendie) - étude et réalisation de la mise en conformité des câblages IT des Offices Judiciaires Vaudois et du Ministère Public, avec ajout de câblage pour permettre la numérisation de certai"
897d7303-b8ff-4606-aee0-363b3fc7edfb,3ba56c41-1d84-4d23-b3f8-be7fa8b7fac2,award,2026-02-06,1.0,1,JPF-DUCRET SA,,71000000,"Services d'architecture, services de construction, services d'ingénierie et services d'inspection",<p>Construction d'un EMS à Yvonand</p>
73f011a9-0142-41d9-b434-f7da7156ffbc,0c90375c-dd37-4fdf-a28b-0d558404b122,award,2026-02-06,4.0,1,Orllati (VD) SA,,71500000,Services relatifs à la construction,<p>Construction d'un nouvel EMS à Yvonand</p>
4e09dbc7-45f0-4973-825d-96f028765443,f01910fe-228f-43fa-82d8-d0d2ee737527,award,2026-02-06,3.0,1,Vectur S.A.,,71500000,Services relatifs à la construction,<p>Construction d'un nouvel EMS à Yvonand</p>
eeaf9bc5-094b-400f-806f-ec01cc68b7d8,16a4899d-be48-4757-95bf-49f9beb65194,award,2026-02-06,2.0,1,"Ascenseurs Schindler SA, succursale de Bussigny-près-Lausanne",,71500000,Services relatifs à la construction,<p>Construction d'un nouvel EMS à Yvonand</p>
89ffe6de-8ab9-42d0-bc66-743b7f6277e2,d1d5b04a-3cd4-4774-a7e8-ea83c20eb76e,award,2026-02-06,7.0,1,Balzan et Immer S.A.,,71500000,Services relatifs à la construction,<p>Construction d'un nouvel EMS à Yvonand</p>
51e31b47-4058-435f-97b9-95c33fbc3996,5ed844ff-6f8f-4ac4-b27e-48e89a6b48ee,award,2026-02-06,3.0,1,Cand-Landi SA,,71500000,Services relatifs à la construction,<p>Construction d'un nouvel EMS à Yvonand</p>
a5a6f70c-ef3f-4b72-9e7a-045f8137c6a7,c7b79eac-badf-4037-87c8-c7537c5581e6,award,2026-02-06,3.0,1,Geneux Dancet S.A.,,71500000,Services relatifs à la construction,<p>Construction d'un nouvel EMS à Yvonand</p>
bf013a65-f528-4aae-a6e0-35b40428f3c5,50e26b80-82cc-4479-9ad9-d2c933cd5b57,award,2026-02-06,2.0,1,PHIDA Ferblanterie SA,,71500000,Services relatifs à la construction,<p>Construction d'un nouvel EMS à Yvonand</p>
bba13544-7f70-49a8-ae9b-740bc888b17a,41f7b3e6-b592-4a1e-99c5-fc27def9617c,award,2026-02-06,5.0,1,Gregorio S.A.,,71500000,Services relatifs à la construction,<p>Construction d'un nouvel EMS à Yvonand</p>
7057c1f4-1f69-4a81-9b45-1633d1379b2f,5dc6328e-cecd-4e84-9ac8-dbd7f950b2f2,award,2026-02-06,6.0,1,JPF Construction SA,,71500000,Services relatifs à la construction,<p>Construction d'un nouvel EMS à Yvonand</p>
d1bfab21-19c5-4785-8f14-e4121d940954,f729c775-a2a1-41ec-830b-7f6afea547f6,award,2026-02-13,4.0,1,Parcs et Jardins R. Krattinger S.A.,,71500000,Services relatifs à la construction,<p>Construction d'un nouvel EMS à Yvonand</p>
7288c3cf-4a89-4f58-98f1-a663d5c00a92,e4331fe0-95fb-4acf-891d-043f4d96349f,award,2026-02-06,2.0,1,JPF-DUCRET SA,,71500000,Services relatifs à la construction,<p>Construction d'un nouvel EMS à Yvonand</p>
911c5424-6f4f-4147-8dcc-f028b7af898c,9124ab04-b373-4609-89c3-b500f4a1fd20,award,2026-02-06,4.0,1,swisspro SR SA,,71500000,Services relatifs à la construction,<p>Construction d'un nouvel EMS à Yvonand</p>
97c3ba4e-63c7-49e1-92ba-8bf8f6892e40,0d375c16-0847-4e0e-a94f-b1d4c92e1022,award,2026-02-06,4.0,1,Parcs et Jardins R. Krattinger S.A.,,71500000,Services relatifs à la construction,<p>Construction d'un nouvel EMS à Yvonand</p>
6f66d2c6-c4ec-443b-8bec-1803e8d28f89,985fb02f-fe72-43d2-9664-65cf8a20f8eb,award,2026-02-06,2.0,1,PERRET SANITAIRE SA,,71500000,Services relatifs à la construction,<p>Construction d'un nouvel EMS à Yvonand</p>
9012466c-48ac-418a-900e-55efcb2fdf69,3d804b4a-dbdb-4ee9-bafa-639df4d00379,award,2026-02-06,5.0,1,Frigotech SA,,71500000,Services relatifs à la construction,<p>Construction d'un nouvel EMS à Yvonand</p>
8d6818f8-3e74-4c46-95ee-e006b69446d0,0562f33b-6860-4df0-b98b-5d73315bf0a2,award,2026-02-06,4.0,1,Service Equipement Wescher SA,,71500000,Services relatifs à la construction,<p>Construction d'un nouvel EMS à Yvonand</p>
92c070df-20ec-437e-a95a-55b0ca2af1f2,e94bcd38-a681-4110-b791-18fb53a018ba,award,2026-02-06,6.0,1,ALVAZZI GROUPE SA,,71500000,Services relatifs à la construction,<p>Construction d'un nouvel EMS à Yvonand</p>
8b45e238-aba0-4e3b-8773-e1af083bc6fd,2ab2ae0f-5f45-44e9-99ee-963600ddd9c7,award,2026-02-06,9.0,1,Romande Energie Services SA,,71500000,Services relatifs à la construction,<p>Construction d'un nouvel EMS à Yvonand</p>
fc010f94-3ce7-4d15-ba4f-31c782a93c9d,9daa8bab-a671-46f4-8a51-c1792c1b48a5,award,2026-02-06,11.0,1,Entreprise Belloni SA,,71500000,Services relatifs à la construction,<p>Construction d'un nouvel EMS à Yvonand</p>
fbfc1333-e18e-4ef2-9250-46358b43e3b8,d913dd4d-845e-404a-9a97-65e4744b79ba,award,2026-02-06,3.0,1,Gindraux Fenêtres S.A.,,71500000,Services relatifs à la construction,<p>Construction d'un nouvel EMS à Yvonand</p>
3fa8fcd4-67eb-40a5-8f73-c0e66883187c,153df00a-d806-4306-90c2-62482e39aa9b,award,2026-02-06,2.0,1,R. Morand et Fils SA,,71500000,Services relatifs à la construction,<p>Construction d'un nouvel EMS à Yvonand</p>
6f98d8b8-acad-47ac-b892-c24fad6ad325,e25e4e70-2439-4b02-8ccd-d9673cf3cc08,award,2026-02-06,3.0,1,Augsburger Géothermie SA,,71500000,Services relatifs à la construction,<p>Construction d'un nouvel EMS à Yvonand</p>
0be5749d-cc72-4dde-a22c-a6ef98a17c34,8c7b386b-bc49-41b1-8a86-f36d99f7269e,award,2026-02-25,5.0,1,"Walpen AG Hoch- und Tiefbau, Filiale Visp",13737913.8,45221000,"Travaux de construction de ponts et de tunnels, de puits et de passages souterrains","<p>Hauptarbeiten auf einer Länge von 473 m ist die Realisierung der Schutzgalerie, der Strassenabschnitte nördlich und südlich der Galerie, inklusive den zugehörigen berg- und talseitigen Kunstbauwerken.</p><p>Aushub/Abtrag: 9'750 m3</p><p>Auftrag/Hinterfüllung: 17'800 m3</p><p>Nagelwand: 3'000 m2</"
5d392192-bb28-4e39-9d16-43a294795d7c,f255dc26-a717-4ea0-a8c3-7cf72b11f827,award,2026-03-03,6.0,1,Zurbriggen AG,169269.05,45000000,Travaux de construction,"<p><strong><u>BORZUAT ""extension UAPE "" à 3960 Sierre</u></strong></p><p><strong>CFC 221.1&nbsp;&nbsp;&nbsp;&nbsp;&nbsp;TRAVAUX DE FENÊTRES EN BOIS-METAL</strong></p>"
2cea8775-4586-411a-bc6c-3174851caf7f,5c8907a9-4c16-4c38-a01f-02fb2864c4b0,award,2026-03-03,5.0,1,Grichting & Valterio Electro SA,343574.42,45000000,Travaux de construction,"<p><strong><u>BORZUAT ""extension UAPE "" à 3960 Sierre</u></strong></p><p><strong>CFC 230&nbsp;&nbsp;&nbsp;&nbsp;&nbsp;&nbsp;INSTALLATIONS ELECTRIQUES</strong></p><p><strong>CFC 233&nbsp;&nbsp;&nbsp;&nbsp;&nbsp;&nbsp;LUMINAIRES</strong></p>"
3a072967-7301-43b4-b151-5898f226da8a,71f6f4b3-09c6-4908-afb5-aacae3bb3deb,award,2026-03-03,5.0,1,JM ROSSA SA,226442.65,45000000,Travaux de construction,"<p><strong><u>BORZUAT ""extension UAPE "" à 3960 Sierre</u></strong></p><p><strong>CFC 242&nbsp;&nbsp;&nbsp;&nbsp;&nbsp;&nbsp;INSTALLATION DE CHAUFFAGE</strong></p>"
53faf507-c9af-444f-9bd5-39cf06e5889b,fb0be0da-525a-4ab3-8bce-6a0bd28bc797,award,2025-07-29,6.0,1,René Steiner SA,327543.0,44800000,"Peintures, vernis et mastics",<p>Rénovation du groupe scolaire des Pervenches - Peinture intérieure</p>
186e84c9-afdc-4f82-a5e9-4af27205542d,6c6d8d11-b55c-419f-8990-1e22b7c34dbc,award,2025-07-03,5.0,1,Realsport Group SA,46306.8,45432100,Travaux de pose de revêtements de sols,<p>Rénovation du groupe scolaire des Pervenches - Revêtement sportif en salle</p>
4d4f86d4-6769-4935-91d0-b242471f98f2,06af6754-f96f-44db-9671-0e2d2ac9402c,award,2025-07-03,4.0,1,Uniquefloor Switzerland AG,328480.9,45432100,Travaux de pose de revêtements de sols,<p>Rénovation du groupe scolaire des Pervenches - Revêtements de sol à base de résine synthétique</p>
376f501a-661a-4505-ba63-902d5d72bd16,e0094ece-b27a-4cb6-8c54-4c0cfeaebdfa,award,2025-07-01,2.0,1,Kästli & Co. AG,194573.5,44115700,Stores d'extérieur,<p>Rénovation du groupe scolaire des Pervenches - Stores en toile à projection</p>
82676be4-6cd4-4c44-b822-4ffbea902d60,42dcf477-271a-48cb-8d7e-13906a960275,award,2026-03-03,4.0,1,Charles Righini SA,430846.65,44316500,Serrurerie,<p>Construction d'un bâtiment détente</p>
b7aa62e3-cca1-464b-9f8b-8d4e456db761,bce58d1b-fe07-41f8-beb2-7345d9544b14,award,2026-03-03,7.0,1,LUYET CONSTRUCTIONS METALLIQUES SA,353185.85,44316500,Serrurerie,<p>Construction d'un bâtiment détente</p>
5cd77ed1-6538-4a15-a861-15c2259724bf,ab731ac9-ec45-4bcf-bb1f-5d091966cd45,award,2026-03-03,6.0,1,AURA bureau & associés Sàrl,522329.3,45421146,Mise en place de plafonds suspendus,<p>Construction d'un bâtiment détente</p>
c0c128bc-2dfd-41aa-989d-918c81a41609,f23a71b1-6b96-4403-847e-e6500fbcde99,award,2026-03-03,10.0,1,Debons métal Sàrl,158573.45,45421100,Pose de portes et de fenêtres et d'éléments accessoires,<p>Le projet de réhabilitation et d'extension de la station d'épuration de Granges consiste à construire à neuf un bâtiment d'exploitation ainsi que l'ensemble de la filière de traitement des eaux pour une capacité de 27'000 EH (85e percentile). Les choix techniques retenus pour la réhabilitation so
59465b6f-f1bb-4395-8390-fbd25a7734ac,9dc0cfb1-792b-45bd-b85d-7a0c098cf5d7,award,2026-03-03,4.0,1,Maison Bornet SA,287573.45,45260000,Travaux de couverture et travaux d'autres corps de métier spécialisés,<p>Le projet de réhabilitation et d'extension de la station d'épuration de Granges consiste à construire à neuf un bâtiment d'exploitation ainsi que l'ensemble de la filière de traitement des eaux pour une capacité de 27'000 EH (85e percentile). Les choix techniques retenus pour la réhabilitation so
baee41ef-abf8-4b4a-8ee7-8137e487d1a4,480c2e43-ff3d-4a56-a878-869f1943f5cd,award,2026-03-03,4.0,1,Arifi Gipser Maler AG,199075.45,45000000,Travaux de construction,<p>Le projet de réhabilitation et d'extension de la station d'épuration de Granges consiste à construire à neuf un bâtiment d'exploitation ainsi que l'ensemble de la filière de traitement des eaux pour une capacité de 27'000 EH (85e percentile). Les choix techniques retenus pour la réhabilitation so
43ee737a-b98b-4008-92ac-48fd524b3173,73108fbc-333f-4ae1-8f3b-0fb250e6704b,award,2025-01-28,8.0,1,Entreprise Belloni SA,1373432.9,45410000,Travaux de plâtrerie,"<p>Rénovation du groupe scolaire des Pervenches - Travaux de plâtrerie, enduits et staff, faux-plafond en plâtre et autres. </p>"
0f944d17-f084-4f6c-b525-5a3b4cec211c,dcf966e7-6db2-4e8d-ae49-f7052f6adf48,award,2025-01-28,1.0,1,Chillemi & Cie SA,185932.0,45262321,Travaux de chape,<p>Rénovation du groupe scolaire des Pervenches - Chapes</p>
1b4f6d10-d4c2-4b59-b009-5fba2178278d,feec8585-2e64-4811-94e3-5bd0246f7d08,award,2025-01-28,4.0,1,Joux S.A.,219060.75,45262420,Travaux d'assemblage d'ossatures métalliques d'ouvrage,<p>Rénovation du groupe scolaire des Pervenches - Ouvrages métalliques courants</p>
ac7a2649-c708-4794-9b20-15e7e00a3694,aff24e56-75c3-440f-808a-20ef946b7da7,award,2025-01-28,5.0,1,"Röthlisberger AG, Die Schreinermanufaktur",1210116.8,45421000,Travaux de menuiserie,"<p>Rénovation du groupe scolaire des Pervenches - Menuiserie courante, portes en bois intérieures, armoires et rayonnages. </p>"
caa17933-0b09-430b-ab28-14975ace4442,8a002d87-fc45-4373-9796-efd50334a48e,award,2025-01-28,3.0,1,Wider SA Montreux,285162.4,44221220,Portes coupe-feu,<p>Rénovation du groupe scolaire des Pervenches - Réalisation de portes en bois coupe-feu et transformation de portes en bois historiques en portes coupe-feu. </p>
3d8aeeef-5908-485c-909f-858a7dc83df8,b12a9049-b013-4fb6-9928-27dceb0257ec,award,2026-02-25,2.0,1,CX Print SA,925607.76,45000000,Travaux de construction,"<p>CFC 801 - Tableaux blancs salles de classes</p><p><br></p><p>Construction du nouveau Lycée-Collège Ella Maillart (au Cours Roger Bonvin) à Sion</p><p>Volumes / Surfaces plancher (selon SIA 416) 105'800m3 / 23'100 m2</p><p>Niveau salle de gymnastique (semi enterrée), Niveau d'entrée, 2 niveaux sur"
5c0462c0-7151-476d-88e6-87534b56ec79,8837fa26-a1a5-4b89-ad05-6def24a9d6f1,award,2026-03-02,3.0,1,Florey Yves Renotec,1239701.45,45410000,Travaux de plâtrerie,<p>Construction d'un bâtiment détente</p>
d4de4346-bf1f-4c67-b13d-fda0a71961ca,6b7126c2-6185-46aa-ad14-ef32e53ff0f6,award,2026-02-25,4.0,1,"swisspro SR SA, succursale de Sion",838043.15,45000000,Travaux de construction,"<p>CFC 23 Installations électriques</p><p>Construction et transformation des ateliers de l'établissement pénitentiaire de Crêtelongue à Granges. 3 bâtiments: atelier économie animale, atelier métal et alimentaire, atelier bois et maintenance.</p>"
5c449077-8a97-4b8c-a63c-4b1256359570,8a28a02a-69df-447d-a544-1a9aa0328408,award,2026-02-28,3.0,1,ALVAZZI GROUPE SA,693377.5,45331000,"Travaux d'installation de matériel de chauffage, de ventilation et de climatisation",<p>L’EPFL désire rénover les laboratoires dans le bâtiment Chimie G du niveau 01. La centrale de ventilation actuelle est désuète et les installations ne répondent plus aux futurs besoins du bâtiment. Les centrales de pulsion et d’extraction sont mises à jour afin de répondre aux futurs besoins des 
0eed6d8e-4fb3-4c7c-a030-318ad0e562af,d096820f-d6ae-4d47-a328-2b697ee490fd,award,2026-02-23,4.0,1,Basler & Hofmann AG,340502.0,71311000,Services de conseil en génie civil,"<p>Le présent marché a pour objet les prestations d’ingénierie civile, de géotechnique et de planification de la construction en terre crue dans le cadre du projet d’agrandissement et de rénovation de la Salle de spectacles de Renens.</p><p><br></p><p>Il comprend notamment les prestations pour les p"
904b2b96-e71a-478d-be60-beb10257675a,a06dd16e-3717-4fa8-b3ee-22ebfd380e28,award,2026-04-02,1.0,1,Realsport Group SA,161923.35,45000000,Travaux de construction,<p>Construction de la nouvelle école des Noutes :</p><ul><li>Démolition de l'école existante est des bâtiments annexe</li><li>Construction de 3 nouveaux bâtiments</li><li>Aménagements extérieurs</li></ul>
4cfe5ec2-3ed6-446b-993c-a9f8eca3d876,39fe2068-0ed6-4c08-a7ed-759e2a9442de,award,2026-04-02,3.0,1,Storama AG für Sonnen- und Wetterschutz-Technik,282662.25,45000000,Travaux de construction,<p>Construction de la nouvelle école des Noutes :</p><ul><li>Démolition de l'école existante est des bâtiments annexe</li><li>Construction de 3 nouveaux bâtiments</li><li>Aménagements extérieurs</li></ul>
1e6f1a59-e070-4d0c-a7fc-6225af8e507e,bc8e3f85-1971-4c2a-bd32-aee7f486edbb,award,2026-04-02,3.0,1,VERALUGROUPE SA,1806426.6,45000000,Travaux de construction,<p>Construction de la nouvelle école des Noutes :</p><ul><li>Démolition de l'école existante est des bâtiments annexe</li><li>Construction de 3 nouveaux bâtiments</li><li>Aménagements extérieurs</li></ul>
35ea12ac-3560-45d2-a207-119a6ca39266,eb0af10e-6d84-48de-a713-4d193a0b8fc8,award,2026-04-02,2.0,1,Bocherens Toiture Sàrl,315107.95,45000000,Travaux de construction,<p>Construction de la nouvelle école des Noutes :</p><ul><li>Démolition de l'école existante est des bâtiments annexe</li><li>Construction de 3 nouveaux bâtiments</li><li>Aménagements extérieurs</li></ul>
dd74248e-5f10-43d3-be34-fa3ff44f4283,346156ac-7658-49ca-a977-e769e8060c98,award,2026-04-02,5.0,1,PHIDA Étanchéité (VD) SA,401666.4,45000000,Travaux de construction,<p>Construction de la nouvelle école des Noutes :</p><ul><li>Démolition de l'école existante est des bâtiments annexe</li><li>Construction de 3 nouveaux bâtiments</li><li>Aménagements extérieurs</li></ul>
6d23e969-29d2-474b-8950-7e3688ffa856,d875a2c5-e2d0-4d89-aba4-d1d4ea1ae475,award,2026-04-02,3.0,1,Balzan et Immer S.A.,200353.4,45000000,Travaux de construction,<p>Construction de la nouvelle école des Noutes :</p><ul><li>Démolition de l'école existante est des bâtiments annexe</li><li>Construction de 3 nouveaux bâtiments</li><li>Aménagements extérieurs</li></ul>
cbb6d8a6-cc94-4f71-bb2e-81d01964b5dc,1817086d-0b42-45a4-a0eb-bd4a60c7f8d3,award,2026-04-29,6.0,1,FFA SA,,45222000,"Travaux de construction d'ouvrages de génie civil, excepté ponts, tunnels, puits et passages souterrains",<p>Extension du réseau de chauffage à distance sur l'Avenue des Baumettes. Travaux de fouille et génie civil pour la pose de conduites pré-isolées. </p>
14be59e1-fee6-4e93-b8d9-8d3525384025,203283dd-7aa3-4fb2-b4e8-783b0b4d4cfb,award,2026-04-29,8.0,1,FFA SA,599000.0,45222000,"Travaux de construction d'ouvrages de génie civil, excepté ponts, tunnels, puits et passages souterrains",<p>Extension du réseau de chauffage à distance au Chemin de la Suettaz à Prilly y compris raccordement de cinq bâtiments. </p>
03bf9e58-8b60-42b1-8ae0-71470f72bea2,0ee3db23-9ce7-4d04-9571-abaf34f71755,award,2026-04-29,2.0,1,Climatec SA,158687.7,45331000,"Travaux d'installation de matériel de chauffage, de ventilation et de climatisation","<p>Le projet comprend d’installer deux nouveaux échangeurs alimentés dans un premier temps depuis la nourrice existante EI, puis par la suite depuis le nouveau réseau interne fermé.</p><p><br></p><p>Ces deux nouveaux échangeurs, qui remplaceront ceux actuellement disposés dans les 3 sous-stations du"
83e9ab08-c116-4c73-bac2-195c384a4bb4,cc0009fd-912f-4661-95cf-7bf740245c7a,award,2026-04-08,3.0,1,Menétrey SA,3278036.0,45210000,Travaux de construction de bâtiments,<p>C4 Centre Coordonné de Compétences Cliniques 33'600'00 HT</p><p>HESAV Haute Ecole de Santé Vaud 87'600'000 HT</p><p>SITE 35'500'000 HT</p><p>Lot 149 AMEX - génie civil</p>
1439470c-bf1f-4ccd-8924-361b0fa112a1,31ef11c2-3a65-4bf8-8404-94068c84b422,award,2026-03-13,6.0,1,Romande Energie Services SA,487410.3,45000000,Travaux de construction,<p>Surélévation et rénovation énergétique du Collège de la Plaine à Chavannes-près-Renens.</p><p>Travaux d'installations de chauffage.</p>
aefcb910-dfeb-425e-96de-b5bc52f3768e,6de9a430-8a80-4458-a62e-09d6dedd86ab,award,2026-03-13,7.0,1,ALVAZZI GROUPE SA,132725.55,45000000,Travaux de construction,<p>Surélévation et rénovation énergétique du Collège de la Plaine à Chavannes-près-Renens.</p><p>Travaux d'installations de ventilation et de conditionnement d'air.</p>
5c7877d5-b066-4e66-9be8-f5d41e983117,3d93e459-0da6-40bf-8b2b-b356c3c8d1c1,award,2026-03-13,7.0,1,"Riedo clima SA Guin, succursale du Mont-sur-Lausanne",300341.05,45000000,Travaux de construction,<p>Surélévation et rénovation énergétique du Collège de la Plaine à Chavannes-près-Renens.</p><p>Travaux d'installations sanitaires.</p>
05b44cbb-f741-4864-b021-bf04b5876245,ec9ffda3-5b4d-49e6-9b44-46d6e789a57e,award,2026-03-13,5.0,1,CIEL Electricité SA,1105699.0,45000000,Travaux de construction,<p>Surélévation et rénovation énergétique du Collège de la Plaine à Chavannes-près-Renens.</p><p>Travaux d'installations électriques.</p>
1e6b2452-3df9-443a-a505-1105fa7adf3c,2343ab5f-b145-44e0-823a-68439501f0d5,award,2026-03-13,12.0,1,Amaudruz S.A.,112413.0,45000000,Travaux de construction,<p>Surélévation et rénovation énergétique du Collège de la Plaine à Chavannes-près-Renens.</p><p>Travaux d'installations photovoltaïque.</p>
f8c12972-da94-4a24-a115-70989c315382,271fde76-ff15-4a8e-8faf-29629a118a8a,award,2026-03-13,1.0,1,Regent Schweiz AG,242551.0,45000000,Travaux de construction,<p>Surélévation et rénovation énergétique du Collège de la Plaine de Chavannes-près-Renens.</p><p>Travaux de fourniture de lustrerie.</p>
38387c9e-dbdb-4514-86f1-e52df7adbfbe,b39c28b0-5bc2-4aed-bb5f-7e02ae602c5b,award,2026-03-13,4.0,1,BBL SA,1599808.45,45000000,Travaux de construction,"<p>Surélévation et rénovation énergétique du Collège de la Plaine à Chavannes-près-Renens.</p><p>Marché CFC 224.1 Etanchéités souples, toitures plates.</p>"
2a9e6651-51a3-4e9a-8819-80e2228e14d4,c62e4da1-817f-484e-9e6f-649db1e49f0a,award,2026-03-13,4.0,1,Berisha SA Constructions métalliques,399945.45,45000000,Travaux de construction,<p>Surélévation et rénovation énergétique du Collège de la Plaine à Chavannes-près-Renens.</p><p>Marché CFC 213 Construction en acier.</p>
32e76e4a-0a8c-435f-b8dd-bec368c411e1,643dd7e4-dbe3-48c4-8270-fcfeb0c37e8f,award,2026-03-13,3.0,1,JPF-DUCRET SA,1528975.38,45000000,Travaux de construction,<p>Surélévation et rénovation énergétique du Collège de la Plaine à Chavannes-près-Renens.</p><p>Marché CFC 214 Construction en bois.</p>
bd7ec9c4-eebc-4e14-a180-3be40ef559cb,9cf64604-edd1-44df-bea1-b4e9e922aef7,award,2026-03-13,6.0,1,Marti Construction SA,1992666.6,45000000,Travaux de construction,"<p>Surélévation et rénovation énergétique du Collège de la Plaine à Chavannes-près-Renens.</p><p>Marché CFC 112-201-211-411 Déconstruction, fouilles en pleine masse, maçonnerie, canalisations.</p><p><br></p>"
42c1656d-4aaa-4193-81c6-7243ebf95486,6b3c30a9-b56a-4e8e-8d70-25b51179c8bc,award,2026-03-13,2.0,1,Alder + Eisenhut AG,242964.75,45000000,Travaux de construction,<p>Surélévation et rénovation énergétique du Collège de la Plaine à Chavannes-près-Renens.</p><p>Marché CFC 335 Sonorisation et équipement scénique.</p>
65941cb3-3ebd-4464-bfd3-6c62c464c3d7,362d8b34-b022-4c80-be10-2eadb10e26a1,award,2026-04-28,2.0,1,ALVAZZI GROUPE SA,785551.9,45331000,"Travaux d'installation de matériel de chauffage, de ventilation et de climatisation","<p>Le projet comprend d’installer deux nouveaux échangeurs alimentés dans un premier temps depuis la nourrice existante EI, puis par la suite depuis le nouveau réseau interne fermé.</p><p><br></p><p>Ces deux nouveaux échangeurs, qui remplaceront ceux actuellement disposés dans les 3 sous-stations du"
1c3a7f20-e0a4-4e0f-8c96-5d33acd54fd2,f1f7a04c-a26f-4868-bd62-80864b78d586,award,2026-03-26,8.0,1,Dumas Construction SA,492794.4,45222000,"Travaux de construction d'ouvrages de génie civil, excepté ponts, tunnels, puits et passages souterrains","<p><u>Type de travaux&nbsp;: réseaux, superstructure et revêtement bitumineux de la place.</u></p><p>Quantités principales&nbsp;: </p><p>Terrassement&nbsp;:&nbsp;&nbsp;&nbsp;Couche de fondation 1'370 m3 / Enrobé 350 m3&nbsp;&nbsp;&nbsp;&nbsp;&nbsp;&nbsp;&nbsp;&nbsp;</p><p>Enrobés&nbsp;:&nbsp;Mise en"
da6712e5-774c-47d0-8ca5-e5b9f0769900,cdccf9cc-b800-4f0a-b5e8-13a5495a6e1b,award,2026-03-17,5.0,1,Brauchli SA,298818.35,45232141,Installations de chauffage,<p>Le marché consiste à exécuter des travaux d’installations de chauffage pour un montant budgété à 325’400.- HT.</p>
04521131-920c-4372-8752-06d631f40dea,75ff0495-3811-47b0-ac42-c734ca12a726,award,2025-11-28,5.0,1,Maulini SA,15970046.73,45000000,Travaux de construction,"<p>Réalisation des travaux de béton et maçonnerie pour l'Ecole Noëlla-Rouget à Meyrin.</p><p>Ce lot concerne les travaux de fouilles en rigole, canalisations et évacuation des eaux, constructions en béton coulé sur place, et constructions préfabriquées en béton.</p>"
ac2a8d91-ae93-47cd-a9fb-81a65fbd0035,bf115079-a8e0-41ce-8370-045f84daf7b5,award,2026-02-25,3.0,1,Consortium JPF-Ducret-Lanthmann,23752136.2,45000000,Travaux de construction,"<p>Réalisation des travaux de charpente en bois et charpente métallique pour l'Ecole Noëlla-Rouget à Meyrin.</p><p>Ce lot concerne les travaux de charpente en bois, charpente métallique, et constructions préfabriquées en béton.</p>"
b1494bc2-9875-4a6e-ac5d-b5e572e6716e,9ebc480f-35ba-4080-be33-7af07bbb806f,award,2026-04-26,3.0,1,ERNE AG Holzbau,17947136.05,45000000,Travaux de construction,"<p><br></p><p><strong><u>Appel d'offres en entreprise totale</u></strong></p><p><br></p><p>L’objectif est de construire sur le site de Chamblon un hébergement pour un total de 360 militaires. De structure modulaire,<em> </em>il peut être utilisé de façon flexible et peut au besoin être déplacé et ré"
698b09a3-b6f5-4189-bda3-353fcd08443f,cfd176a1-43f1-4079-a366-ecdd3d0fe031,award,2025-04-22,5.0,1,Velamen SA,838256.54,45000000,Travaux de construction,<p>Construction d'un nouveau Campus pour les besoins de l'EDHEA (Ecole de Design et Haute Ecole d'Art) et de l'Ecole de Couture du Valais à Sierre.</p><p>L'objectif du nouveau Campus est de créer des espaces d'apprentissage et de travail ainsi que des salles de classe fonctionnelles et adaptées aux 
9ae46de1-e863-450d-844d-88cf1c0b12d6,880744d4-b808-4adb-b542-d0e182899da9,award,2026-04-22,6.0,1,Dénériaz Construction Bois SA,1304026.5,45000000,Travaux de construction,"<p>Le Lycée-Collège de Saint-Maurice accueille environ 1'100 élèves encadrés par une centaine d’enseignants. Fort d’une longue tradition éducative, ce lieu emblématique joue un rôle clé dans la formation gymnasiale du canton du Valais, et jouit d’une renommée confirmée.</p><p>L’établissement est rép"
f4e5299e-02aa-491a-8785-143aebb2990f,9b5a1869-c46d-49ab-87b6-dbc211b56f04,award,2026-04-22,4.0,1,FUX VISP AG,217153.95,45214300,Construction d'établissements d'enseignement supérieur,<p>BKP 221.7 Fenster-Pfosten-Riegelsystem (Südtrakt)</p>
cb60efc2-d13b-4836-91f3-6b73d35c8912,99042b0d-f049-4bf7-ad80-0c06d097bc5f,award,2026-04-22,4.0,1,Zurbriggen AG,896176.8,45214300,Construction d'établissements d'enseignement supérieur,<p>BKP 221.1 Fenster aus Holz-Metall</p>
8a109ab9-8391-4665-b5e1-3e2c07a0ca7b,25aa8479-547b-46c4-a364-b1f34fb93f83,award,2026-03-17,3.0,1,Despraz SA,3324232.0,45330000,Travaux de plomberie,"<p>Conception, fourniture, livraison, montage et mise en service de l'ensemble de la tuyauterie et la robinetterie de la STEP et des STAP</p>"
e0d95e1c-3830-47c3-bec1-be60948fe2fb,8fb3785a-1b81-4702-853f-46db66dfac46,award,2026-03-24,4.0,1,Geotherm SA,708017.15,45214220,Travaux de construction d'écoles secondaires,"<p><strong><u>Travaux de champ de sondes géothermiques:</u></strong></p><p>. fourniture et installations de sondes géothermiques</p><p>. fourniture et installations des réseaux et chambre de raccordement	</p><p>. réalisation des travaux de génie civil: terrassements des fouilles, stabilisation, remb"
5a60577d-4868-4a15-af8b-aa024e0a82cf,f121ddec-fa78-488f-b4e0-2728bf6a7cf3,award,2026-04-21,2.0,1,Volpé Métal SA,,45000000,Travaux de construction,<p><br></p><p>Se référer aux documents d’appel d’offres.</p>
4ed5b5b3-802a-46d1-8499-bef92867c1ce,22b4f7e6-d3d4-4c27-ae39-d6d3b021e89d,award,2026-04-20,4.0,1,Cap 3 D SA,90553.45,45000000,Travaux de construction,"<p>CFC 211.1 Echafaudages</p><p>Construction et transformation des ateliers de l'établissement pénitentiaire de Crêtelongue à Granges. 3 bâtiments: atelier économie animale, atelier métal et alimentaire, atelier bois et maintenance.</p>"
a3b1947b-3836-4066-96e3-741a00bbcfbc,a709c30b-c58e-4cfd-aedb-6717e0c3c85a,award,2026-04-15,1.0,1,Michel Démolition SA,772469.5,45111100,Travaux de démolition,"<p>Réhabilitation du bâtiment de l'av. Guillemin 9-11, transformation et mise en conformité de la Garderie du Parc, av. Guillemin 7</p><p><br></p><p>La Commune de Pully publie un appel d’offres portant sur les travaux de CFC 112 à réaliser sur deux objets distincts, soit :</p><ul><li>le lot 1 (réhab"
6e4c2b4b-4232-407d-b715-e31e10455ad9,6bdcdf14-d9d4-40ca-8d94-84bc897a1010,award,2026-04-20,3.0,1,Schenker Storen AG (Schönenwerd),187544.35,45214300,Construction d'établissements d'enseignement supérieur,<p>BKP 228.3 Vertikalmarkisen</p>
75ba9ea0-d0b0-4ca9-96ab-9454cc300588,23c03669-6110-4236-a1f5-6594eb0acd1d,award,2026-04-16,4.0,1,Implenia Schweiz AG,301099.8,45000000,Travaux de construction,<p>Démolition enrobé bitumineux : 2’200 m2</p><p>Terrassements : 100 m3</p><p>Grave : 110 m3</p><p>Bordures : 120 m1</p><p>Béton bitumineux : 590 to</p>
f7907ae8-57e9-4811-bbf1-799809f0fc45,60af730d-e348-4285-8232-8fecc8251d77,award,2026-03-26,3.0,1,Marti Construction SA,1245274.75,45000000,Travaux de construction,<p>Construction de la nouvelle école des Noutes :</p><ul><li>Démolition de l'école existante et des bâtiments annexes</li><li>Construction de 3 nouveaux bâtiments</li><li>Aménagements extérieurs</li></ul>
cb0e7f58-0bc5-4e31-9d84-158a40e2a46d,f5a91fae-8afe-4e90-a33a-cebe0cb8ce24,award,2026-03-26,3.0,1,Marti Construction SA,5026335.25,45000000,Travaux de construction,<p>Construction de la nouvelle école des Noutes :</p><ul><li>Démolition de l'école existante et des bâtiments annexes</li><li>Construction de 3 nouveaux bâtiments</li><li>Aménagements extérieurs</li></ul>
60a9a645-a6d9-4f98-b3cd-043f57c2409c,f486cdef-b413-4997-8530-beada5572af6,award,2026-03-26,6.0,1,Charpentes Vial S.A.,3133999.85,45000000,Travaux de construction,<p>Construction de la nouvelle école des Noutes :</p><ul><li>Démolition de l'école existante et des bâtiments annexes</li><li>Construction de 3 nouveaux bâtiments</li><li>Aménagements extérieurs</li></ul>
367cf9dc-26ed-4059-8dea-9e170e947f4f,02dbd18c-f965-45d7-ad0f-af6890bf7318,award,2026-03-26,3.0,1,Maréchaux électricité S.A.,959012.15,45000000,Travaux de construction,<p>Construction de la nouvelle école des Noutes :</p><ul><li>Démolition de l'école existante et des bâtiments annexes</li><li>Construction de 3 nouveaux bâtiments</li><li>Aménagements extérieurs</li></ul>
2c2184e8-17b2-4fe5-b562-eaef0dc7b436,d3925295-4ece-4bf5-8928-7973896b3095,award,2026-03-26,5.0,1,ALVAZZI GROUPE SA,429501.1,45000000,Travaux de construction,<p>Construction de la nouvelle école des Noutes :</p><ul><li>Démolition de l'école existante et des bâtiments annexes</li><li>Construction de 3 nouveaux bâtiments</li><li>Aménagements extérieurs</li></ul>
0cdad6a4-3093-40d5-832c-7c398e9d37bb,5713b862-71cf-42f6-b0a1-64ec10e21005,award,2026-03-26,6.0,1,Fleury Sanitaire SA,771280.3,45000000,Travaux de construction,<p>Construction de la nouvelle école des Noutes :</p><ul><li>Démolition de l'école existante et des bâtiments annexes</li><li>Construction de 3 nouveaux bâtiments</li><li>Aménagements extérieurs</li></ul>
4d330062-e439-4485-a08a-3fddde8aa453,033d8bb9-2c1d-4f0c-b18e-ff72531add17,award,2026-04-20,7.0,1,G. Sciboz SA,959904.65,45000000,Travaux de construction,<p>Le présent marché comprend la fourniture et pose de l’ensemble des portes – portes coupe-feu – portes vitrées – portes coulissantes en bois du Collègue Intercommunal du Bix à Arzier-Le Muids.</p>
4e27cc10-f40c-40df-a7de-0f3770d14e5e,d14a6669-04e1-42af-bf26-fd244e8765fa,award,2026-04-21,4.0,1,Orllati (VD) SA,572856.76,45262500,Travaux de maçonnerie et de briquetage,"<p>Pour répondre à la forte croissance du nombre d’étudiant(e)s tout en préservant son excellence pédagogique, l’EPFL lance le Double Deck, un projet ambitieux pour adapter et étendre ses infrastructures, il s’agit de la création d’un nouveau pôle de formation au cœur du campus.</p><p>Le projet a de"
c49aaa5d-9732-4cd8-a90f-3f492e5cd037,c65b084d-c658-44b3-a978-7179ea97cb78,award,2026-04-20,4.0,1,Decken Sàrl,473596.95,45000000,Travaux de construction,<p>Les travaux d'habillage bois comprennent:</p><p>- Environ 350m2 de doublage en panneau bois</p><p>perforé.</p><p>- Environ 350m2 de doublage en panneau bois</p><p>plaqué d’une tôle acier inox « poli-miroir ».</p><p>- Doublage en panneau bois plein des 2 portes</p><p>des locaux engins de la salle 
1a5e2080-e0d2-4f01-aec0-c63943decc4c,2979ee13-ad5d-4701-8ceb-dd9c92ca52b0,award,2026-04-20,6.0,1,Raboud Group SA,738300.75,45000000,Travaux de construction,<p>Les travaux de menuiserie courante comprennent :</p><p>- L’ensemble des armoires du centre scolaire.</p><p>- L’ensemble des meubles vestiaires du centre</p><p>scolaire.</p><p>- Plusieurs meubles de cuisine et des zones</p><p>lavabos.</p><p>- Porte coupe-feu RF1 devant gaines techniques.</p><p>- D
e74333fe-db7b-4bc0-9cbe-3cf62fdde6a9,bda109f1-ba4b-44d1-b5c7-a9aff554ad89,award,2026-02-06,1.0,1,SONDALP-HYDROFORAGE,571725.0,45262220,Forage de puits de captage,"<p>Réalisation de trois forages d’exploitation géothermique de 70m de profondeur, en INOX diamètre 323mm et pompages associés.</p>"
08487617-54cc-4ee6-a884-763dcf1cc1c8,f955f47b-118e-4224-aeda-f132b122671c,award,2025-11-27,4.0,1,"Marti Construction SA, succursale de Satigny",13013234.95,45213000,"Travaux de construction de locaux commerciaux, d'entrepôts et de bâtiments industriels, de bâtiments liés aux transports","<p>Le remplacement du séchage des boues à l’horizon 2027 par une mono-incinération à lit fluidisé, appelée ci-après UVB (Unité de Valorisation thermiques des Boues).&nbsp;Construction du bâtiment</p>"
1de8bc77-bd42-4754-8884-66e64a559dd7,60d85537-22d4-44af-8eb2-332c31eafad0,award,2025-10-31,1.0,1,R. Morand et Fils SA,2245299.07,45421100,Pose de portes et de fenêtres et d'éléments accessoires,"<p>Fourniture et poste de fenêtre et portes extérieure, serrureries extérieure pour le poste HT MT de la Fortaille à Genève</p>"
806782b7-80fd-4e40-bdfc-4d61541c1f72,9c0a810f-89d4-4c6c-a471-d039069a4756,award,2025-11-20,5.0,1,AAV CONTRACTORS SA,,45421130,Poses de portes et de fenêtres,"<p>Les travaux comprennent, sans s’y limiter la fourniture et pose de portes métalliques.</p><p>Le cahier de la série de prix «AR 07 Portes métalliques intérieures» décrit les prestations nécessaires à la réalisation soignée des travaux. </p><p>Tous les éléments seront fabriqués et posés conformémen"
f07d9ce2-feb5-4832-b186-807b2a2d2bd5,652a7542-9859-4558-8168-2605ce5667ff,award,2025-12-22,3.0,1,AAV CONTRACTORS SA,,45421100,Pose de portes et de fenêtres et d'éléments accessoires,"<p>Le présent appel d’offres concerne la fourniture et la mise en œuvre, par une entreprise unique, des prestations de fourniture et de pose de portes métalliques intérieures pour les bâtiments désignés « Micropolluants » et « Biofiltration-Flottation ».</p>"
3e6e3b1a-22e3-4ae1-b766-a0815892eed1,ae31b7b0-4d08-4001-9b5c-d363b201b7b7,award,2025-12-22,4.0,1,Hevron S.A.,,45443000,Travaux de façade,"<p>Le présent appel d'offres consiste notamment en la réalisation, par une même&nbsp;</p><p>entreprise, des travaux de bardage et des menuiseries extérieures pour les bâtiments désignés Micropolluants et Biofiltration-Flottation.&nbsp;</p><p>La structure de la série de prix est décrite selon les CAN"
217f074c-730c-4db8-9152-b633eb32dd0c,a05c646e-70f4-4d53-b544-13405865f512,award,2026-04-15,3.0,1,Orllati (VD) SA,420360.4,45000000,Travaux de construction,<p>Le Lycée-collège de St-Maurice accueille 1’100 étudiants et une centaine de professeurs. Il joue un rôle central dans la formation gymnasiale du Canton du Valais. Les locaux du Lycée-Collège se répartissent sur deux sites distincts&nbsp;:</p><p>·&nbsp;&nbsp;&nbsp;&nbsp;&nbsp;&nbsp;Le site du Lycé
766cbd2d-df3e-49bb-b938-dc7b763cb65b,84afc863-3ebd-4486-bad0-3dce50843ccc,award,2026-04-15,5.0,1,Energi.eau Sàrl,386660.65,45000000,Travaux de construction,<p>Le Lycée-collège de St-Maurice accueille 1’100 étudiants et une centaine de professeurs. Il joue un rôle central dans la formation gymnasiale du Canton du Valais. Les locaux du Lycée-Collège se répartissent sur deux sites distincts&nbsp;:</p><p>·&nbsp;&nbsp;&nbsp;&nbsp;&nbsp;&nbsp;Le site du Lycé
584f3d65-8ad0-4c53-9012-560d29cd7676,11f40a71-1763-4244-95b0-3f6e807cd13f,award,2025-11-24,1.0,1,POUJOULAT Switzerland SA,,45262610,Cheminées industrielles,"<p>Etude, construction et mise en service des cheminées pour la centrale thermique Est GENILAC SIG/GA</p>"
ed5a018e-7771-4e55-9c98-2ca31d300189,69b0c3c1-9eb6-4f16-9cb2-4b8ad861ce91,award,2026-01-26,6.0,1,Miraco SA,133473.15,45000000,Travaux de construction,<p>Pose et dépose de l'échafaudage sur le site de Foretaille pour les travaux de la phase 1</p>
2dc10cfb-a50a-442a-8f0a-19adf8f0dc3e,7a0f0faf-3107-47ae-8511-77a17ce9df85,award,2026-04-15,4.0,1,ETAVIS Romandie SA,2381607.55,45000000,Travaux de construction,"<p>Le Lycée-Collège de Saint-Maurice accueille environ 1'100 élèves encadrés par une centaine d’enseignants. Fort d’une longue tradition éducative, ce lieu emblématique joue un rôle clé dans la formation gymnasiale du canton du Valais, et jouit d’une renommée confirmée.</p><p>L’établissement est rép"
a649f138-3f86-4824-9ce7-4675638ec3d2,3f496875-16f1-464c-9ca4-df73b223dcc5,award,2026-04-15,3.0,1,"Héritier & Cie SA, entreprise de bâtiments et travaux publics",2204433.4,45000000,Travaux de construction,"<p>Le Lycée-Collège de Saint-Maurice accueille environ 1'100 élèves encadrés par une centaine d’enseignants. Fort d’une longue tradition éducative, ce lieu emblématique joue un rôle clé dans la formation gymnasiale du canton du Valais, et jouit d’une renommée confirmée.</p><p>L’établissement est rép"
96f20200-cced-4138-a661-d89294cfd823,f5190eb0-9488-4a0c-8613-e6377804508f,award,2026-04-15,3.0,1,RITHNER SA,248052.7,45000000,Travaux de construction,"<p>Le Lycée-Collège de Saint-Maurice accueille environ 1'100 élèves encadrés par une centaine d’enseignants. Fort d’une longue tradition éducative, ce lieu emblématique joue un rôle clé dans la formation gymnasiale du canton du Valais, et jouit d’une renommée confirmée.</p><p>L’établissement est rép"
a2e24cb3-47ed-4d33-a4cd-7383c715523f,dbc38eda-ff74-4dfb-be9b-c7f91208677b,award,2026-03-12,7.0,1,CLANN architectes Sàrl,698453.0,45210000,Travaux de construction de bâtiments,"<p>Le marché porte sur les prestations d'architecte pour le projet d'assainissement énergétique&nbsp;</p><p>et la rénovation des immeubles sis Chemin des Eterpeys 1-3-5-7 / 10-12-14 / 24-26-28 à Lausanne.&nbsp;Construits en 1986, ces 3 bâtiments abritent 74 appartements, une garderie,&nbsp;des comme"
697ea3fd-7ad3-4458-bcdf-a9aec0ab8546,85cd4a50-f581-47b8-8109-e0e7c468afbc,award,2026-04-15,4.0,1,Mathias Bellwald Aktiengesellschaft,453503.3,45000000,Travaux de construction,"<p>Renovierung des Daches der Turnhalle der Mittelschule, Brig</p>"
5d04936b-dc64-40e6-851c-95d46cf46828,3e4e8eb9-0866-4f3d-bab6-a3ea8522f287,award,2026-04-16,7.0,1,"Theler AG, Bauunternehmung",,45231300,Travaux de construction de conduites d'eau et de canalisations d'eaux usées à grande distance,<p>Beim vorliegenden Projekt Trinkwasserleitung Täätschen-Erich handelt es sich um eine Teilerneuerung der Trinkwasserleitung Bruchji West der Gemeinde Naters.</p><p>Die neue Trinkwasserleitung wird an die in den letzten Jahren ausgeführte TW-Leitung beim Reservoir Täätschen verbunden. Die TW-Leitun
7bbdb822-ff2d-407f-a468-9ac654fa26d2,e9b024ff-1fa0-4113-a079-3583c7133028,award,2025-05-06,2.0,1,"Marti Construction SA, succursale de Satigny",2227269.85,45110000,Travaux de démolition de bâtiments et travaux de terrassement,"<p>Terrassements, Travaux spéciaux et Bétons</p><p>Voir Description succincte du projet lot 2.pdf</p>"
071bac29-6df8-4724-8043-db81a49fc036,7d0e0c10-e2a2-4066-9aab-d67bb7980c3a,award,2025-09-19,5.0,1,Equans Switzerland AG,375171.16,45331231,Travaux d'installation de matériel de réfrigération,<p>Mise en place de:</p><p>2 productions d'eau glacée air/eau en toiture.</p><p>Distributions hydrauliques dans le bâtiment via les gaines et faux plafond techniques existants.</p><p>Équipements des locaux concernés par la climatisation:</p><p>	-refroidissement de machines</p><p>	-maintien de tempér
6bfaea5b-b006-484d-9396-45a60349be7e,f87e0a7b-18ea-4ca8-9d68-176317e8628c,award,2026-03-30,5.0,1,Messerli Services SA,174230.58,45450000,Autres travaux de parachèvement de bâtiment,<p>Bâtiment de Logements pour Etudiants </p><p>Lot 33 - Nettoyage bâtiment</p>
0a4b1970-0466-4515-9cd1-fbbe0b3c15ac,08bbed62-b167-4faf-8437-fd93e667e654,award,2025-02-20,4.0,1,CONCEPTHERMIK & CO SA,392403.0,45331231,Travaux d'installation de matériel de réfrigération,<p>Le marché traite de la mise en place d'une installation de climatisation de process pour le bâtiment C d'HEPIA - Rue du Jura 23 1201 Genève.</p><p>La production d'eau glacée est installée en toiture dans une centrale technique existante et alimente l'intégralité du bâtiment via un nouveau réseau 
af18ebb4-ed0d-4ad3-97b9-8a4f64f258b1,e34aee22-5e62-4db9-b5eb-857892e05434,award,2026-04-15,4.0,1,SOGECA SA,2724864.44,45200000,Travaux de construction complète ou partielle et travaux de génie civil,<p>Travaux de génie civil sur l'Avenue de l'Ain et le carrefour avec la route de Vernier. </p>
e34322a9-737c-4272-9769-5413ce313543,9ff1eba3-b2f5-467e-bec2-f239418fa8c3,award,2026-03-16,4.0,1,Menétrey SA,1984957.0,45210000,Travaux de construction de bâtiments,<p>C4 Centre Coordonné de Compétences Cliniques 33'600'00 HT</p><p>HESAV Haute Ecole de Santé Vaud 87'600'000 HT</p><p>SITE 35'500'000 HT</p><p>Lot 150 AMEX - jardinage</p>
31a0d7f3-73e4-4320-a181-a600177b5827,200defdb-5a9e-4684-8ec3-74494d488e0d,award,2026-04-14,1.0,1,KONE (Suisse) SA,141187.25,45000000,Travaux de construction,"<p>Le Lycée-Collège de Saint-Maurice accueille environ 1'100 élèves encadrés par une centaine d’enseignants. Fort d’une longue tradition éducative, ce lieu emblématique joue un rôle clé dans la formation gymnasiale du canton du Valais, et jouit d’une renommée confirmée.</p><p>L’établissement est rép"
ad831063-3d8b-42ff-94f0-63e92f156f1c,84b6d005-f1a0-4fec-8fac-15bb91e9a313,award,2026-03-06,7.0,1,Bitz travaux publics SA,1321352.5,45000000,Travaux de construction,"<p>La nouvelle station de pesage ainsi que l’accès projeté se localisent à l’extrémité sud-est de l’UIOM (Enevi) à Uvrier sur la commune de Sion. Les parcelles concernées sont la n°15'652, propriété d‘Enevi, ainsi que les parcelles n°23’758 et 15'583, propriétés de l’Etat du Valais.</p><p>L’emprise "
b7f7debe-9c0d-40d9-aef7-eb8f54a3697d,7e516e1c-2270-4aa0-a8b1-b0668279a621,award,2026-04-14,4.0,1,PHIDA Étanchéité (VS) SA,91353.6,45000000,Travaux de construction,"<p>CFC 224.1 - Étanchéité toiture plate enterrée</p><p>Construction et transformation des ateliers de l'établissement pénitentiaire de Crêtelongue à Granges. 3 bâtiments: atelier économie animale, atelier métal et alimentaire, atelier bois et maintenance.</p>"
44ccb133-dafc-4822-9f9b-14239f02ea37,33ca5b01-5222-4218-8040-732ddc3705a5,award,2026-03-11,1.0,1,ECONET SERVICES SA,,90911000,"Services de nettoyage de logements, de bâtiments et de vitres",<p>Rénovation du groupe scolaire des Pervenches - Nettoyage du bâtiment</p>
f9c9a396-429d-4171-be15-0b417c1e583b,d53092c6-a0fd-4227-ac00-eede7c7f94b7,award,2025-10-27,5.0,1,LECOULTRE CHAUFFAGE SANITAIRE SA,676660.4,45300000,Travaux d'équipement du bâtiment,"<p>Fourniture, livraison, montage, mise en service, et documentation de tuyauteries et d'équipements sanitaires incluant des mesures de protection incendie, pour deux ouvrages au sein d'une station d'épuration.</p>"
66ffaac8-6c31-4e97-91c4-f4adb62fcb96,5004ce7e-7253-4992-8dd7-4c987e850a85,award,2026-03-10,1.0,1,"Ascenseurs Schindler SA, succursale de Bussigny-près-Lausanne",878853.0,45313100,Travaux d'installation d'ascenseurs,<p>Remplacement des monte-lits et ascenseurs de l'Hôpital de Morges.</p>
9cb9a163-a57a-4f12-8ee7-b55ba6a81b6e,4a295ddb-9a12-4b39-b5d7-f0f37d434af4,award,2026-04-09,3.0,1,"Theler AG, Bauunternehmung",1959651.4,45000000,Travaux de construction,"<p>Die IMION AG erstellt in Leukerbad eine neue Fernwärmezentrale. Die Anlage dient der nachhaltigen, fossilfreien und CO2-neutralen Wärmeversorgung eines Grossteils des Gemeindegebiets.</p><p><br></p><p>Die Wärmeerzeugung erfolgt bivalent mit Wärmepumpen sowie Holzschnitzelkesseln zur Spitzenlastab"
aa2a73d2-1755-40c1-93f5-417160b4217e,79f198cb-841c-48de-861e-4c0af82cf579,award,2025-09-03,2.0,1,GTS SA,314326.57,09331000,Panneaux solaires,<p>Installation photovoltaïque clé en main sur les toitures des 5 bâtiments du collège de Lucens. Tous les détails techniques sont décrits dans le cahier des charges technique.</p>
773291c1-0c0b-4e96-a62e-c9071fc02214,b8186918-44f3-4d8e-bb39-b47f4e634502,award,2026-03-26,8.0,1,SPIE MTS SA,512595.55,45311200,Travaux d'installations électriques,<p>Infrastructure électrique pour l’approvisionnement énergétique de la flotte des véhicules de la Ville de Vernier</p>
9c204460-f8ad-4bc2-8afe-91f54caf7cd4,41d7232c-67a8-4c49-9140-77d7c57d5895,award,2026-04-03,3.0,1,Variovent SA,3236272.23,45331200,Travaux d'installation de matériel de ventilation et de climatisation,"<p>Pour répondre à la forte croissance du nombre d’étudiant(e)s tout en préservant son excellence pédagogique, l’EPFL lance le Double Deck, un projet ambitieux pour adapter et étendre ses infrastructures, il s’agit de la création d’un nouveau pôle de formation au cœur du campus.</p><p>Le projet a de"
0570f7e8-6ee7-48fe-a8c1-0e31d23cba1b,d0a689ee-9ecf-49cc-9455-e8533b01c936,award,2026-04-01,5.0,1,RITHNER SA,1065200.2,45000000,Travaux de construction,<p>Le Lycée-collège de St-Maurice accueille 1’100 étudiants et une centaine de professeurs. Il joue un rôle central dans la formation gymnasiale du Canton du Valais. Les locaux du Lycée-Collège se répartissent sur deux sites distincts&nbsp;:</p><p>·&nbsp;&nbsp;&nbsp;&nbsp;&nbsp;&nbsp;Le site du Lycé
636ef547-7c63-494a-93b5-890b419470aa,7ed60a26-2903-41fd-9c22-1560f63657da,award,2026-04-01,7.0,1,Conforti SA,1793596.95,45000000,Travaux de construction,<p>Le Lycée-collège de St-Maurice accueille 1’100 étudiants et une centaine de professeurs. Il joue un rôle central dans la formation gymnasiale du Canton du Valais. Les locaux du Lycée-Collège se répartissent sur deux sites distincts&nbsp;:</p><p>·&nbsp;&nbsp;&nbsp;&nbsp;&nbsp;&nbsp;Le site du Lycé
9d199cb3-31a8-4189-87f9-8ccea9fa6656,46ddc557-d364-485b-bd33-a95bc0900c76,award,2026-04-01,5.0,1,Astori SA,698060.65,45000000,Travaux de construction,<p>Le Lycée-collège de St-Maurice accueille 1’100 étudiants et une centaine de professeurs. Il joue un rôle central dans la formation gymnasiale du Canton du Valais. Les locaux du Lycée-Collège se répartissent sur deux sites distincts&nbsp;:</p><p>·&nbsp;&nbsp;&nbsp;&nbsp;&nbsp;&nbsp;Le site du Lycé
d075befb-0269-4272-a524-b68d6287ef48,25e3fb18-6e2f-4874-923a-a1613c784bdc,award,2026-04-01,5.0,1,Grichting & Valterio Electro SA,499548.05,45000000,Travaux de construction,<p>Le Lycée-collège de St-Maurice accueille 1’100 étudiants et une centaine de professeurs. Il joue un rôle central dans la formation gymnasiale du Canton du Valais. Les locaux du Lycée-Collège se répartissent sur deux sites distincts&nbsp;:</p><p>·&nbsp;&nbsp;&nbsp;&nbsp;&nbsp;&nbsp;Le site du Lycé
bd7ca650-b1b7-4c35-bc89-027905dfb3c4,cc5ff57f-63fd-425b-857b-51e30a9ed302,award,2026-04-01,5.0,1,Climatec SA,240316.75,45000000,Travaux de construction,<p>Le Lycée-collège de St-Maurice accueille 1’100 étudiants et une centaine de professeurs. Il joue un rôle central dans la formation gymnasiale du Canton du Valais. Les locaux du Lycée-Collège se répartissent sur deux sites distincts&nbsp;:</p><p>·&nbsp;&nbsp;&nbsp;&nbsp;&nbsp;&nbsp;Le site du Lycé
0c228a1e-bb40-44c1-80a5-50de6d6a9f3f,fe07cd03-cee8-4ff2-b196-8880f4521a7b,award,2026-03-10,5.0,1,Michel Démolition SA,1136142.74,45214200,Travaux de construction de bâtiments scolaires,"<p>Installations&nbsp;générales&nbsp;de&nbsp;chantier,&nbsp;sciages,&nbsp;carottage&nbsp;et&nbsp;démolition d’éléments en béton armé.</p><p>Purge, curage et démolition de l’ensemble du second-œuvre et des installations techniques.&nbsp;Intervention en deux étapes.</p>"
61b0e37c-86b5-444a-b1c0-8ec9f6c0b10a,8aac0046-5799-40f5-8762-238b2c17b717,award,2026-03-10,2.0,1,ADV Constructions S.A.,1666931.0,45214200,Travaux de construction de bâtiments scolaires,<p>Installations&nbsp;générales&nbsp;de&nbsp;chantier</p><p>Travaux&nbsp;de&nbsp;terrassement&nbsp;pour&nbsp;création&nbsp;d’un&nbsp;sous-sol&nbsp;sous&nbsp;l’extension ;&nbsp;dévoiement&nbsp;et&nbsp;nouveau réseau de canalisation et drainage périphérique ; Construction d’une extension en&nbsp;béton
71f38091-15c2-43f7-9441-d2adaee721f8,3e9d3a85-b817-4764-8dfa-f27560fa10f4,award,2026-03-10,3.0,1,Charpentes Vial S.A.,1864994.26,45214200,Travaux de construction de bâtiments scolaires,<p>Extension  et surélévation d'une école. Bois en fourniture propre par la commune</p><p>Planchers bois sur sommiers et solives</p><p>Murs ossature bois y compris isolation et pare-pluie&nbsp;Toiture inclinée</p><p>Casquettes extérieures sur structure mixte bois-métal&nbsp;Bardage bois sur sous-con
c523fc27-477e-4f84-9e06-eeaf7e291e06,07ed75f1-235d-4049-87c7-d719feafc1a8,award,2026-03-10,2.0,1,CIEL Electricité SA,3115741.0,45214200,Travaux de construction de bâtiments scolaires,"<p>Installations&nbsp;électriques&nbsp;complètes&nbsp;pour&nbsp;un&nbsp;collège&nbsp;comprenant&nbsp;26&nbsp;salles&nbsp;de&nbsp;classe,&nbsp;8&nbsp;salles&nbsp;de&nbsp;dégagement&nbsp;et&nbsp;d’accueil,&nbsp;salles&nbsp;ACT,&nbsp;TM&nbsp;et&nbsp;cuisine.</p><p>Locaux administratifs et de direction,"
6a654d65-e6ab-4ad6-9d5a-302efb6b3de9,26e3d4b2-0a23-4f7a-8a8e-ff6d9955190b,award,2026-03-10,6.0,1,Pasche-Sanitaire S.A.,489269.0,45214200,Travaux de construction de bâtiments scolaires,"<p>Installations&nbsp;sanitaires&nbsp;complètes&nbsp;pour&nbsp;un&nbsp;collège&nbsp;comprenant&nbsp;26&nbsp;salles&nbsp;de&nbsp;classe,&nbsp;8&nbsp;salles&nbsp;de&nbsp;dégagement&nbsp;et&nbsp;d’accueil,&nbsp;salles&nbsp;ACT,&nbsp;TM&nbsp;et&nbsp;cuisine.</p><p>Locaux administratifs et de direction, "
40812b81-6640-42e2-9783-96cbbd469342,330601c8-5790-4ffc-8b2f-578933d09ae1,award,2026-04-02,5.0,1,ECHAFAUDAGES 2000 JUNCAJ FRERES SA,158292.35,45000000,Travaux de construction,"<p>Le Lycée-Collège de Saint-Maurice accueille environ 1'100 élèves encadrés par une centaine d’enseignants. Fort d’une longue tradition éducative, ce lieu emblématique joue un rôle clé dans la formation gymnasiale du canton du Valais, et jouit d’une renommée confirmée.</p><p>L’établissement est rép"
71648f4c-c25d-4c25-a336-e23206570c8c,e3002360-ffde-4825-8278-06afac5d0546,award,2026-03-10,4.0,1,arbora-paysagistes Sàrl,424785.01,45112700,Travaux d'aménagement paysager,"<p>La présente soumission concerne les aménagements extérieurs du centre scolaire d’Evolène suite à la construction du nouveau centre médicale et UAPE et de la crèche. Les aménagements comprennent des mouvements de terre, des revêtements (enrobé, grille-gazon, dalle béton, stabilisé,Tec)"
fd8d1bd3-1e57-45cd-acb1-29293318738a,2037a7ee-1789-455a-972b-e16c7b492f72,award,2025-10-27,2.0,1,Ray SA,1593276.5,45261000,Travaux de charpente et de couverture et travaux connexes,<p>Travaux de toiture métallique dans le cadre de la réalisation d'un centre</p><p>aquatique sur le site de la Fontenette pour la Ville de Carouge. Le bâtiment répond</p><p>aux standards énergétiques THPE.</p><p>Étendu du marché :</p><p>Surface de plancher SP&nbsp;11'114 m2</p><p>Surface nette SN&nb
65853ced-e5c7-4416-be55-54375fd3c2ee,80d921fb-2668-49d3-a8b9-c7f75b4e77f5,award,2026-03-31,1.0,1,AMICS SA,1587195.55,45317000,Autres travaux d'installation électrique,"<p>Etudes, réalisation, fourniture sur site, montage, essais et mise en service de l’automation de la centrale thermique Est GENILAC SIG/Genève Aéroport&nbsp;</p>"
fbf0d515-ed13-4329-9e26-6af3827c34e3,b2fd9b9d-dcad-477b-ad8a-5423d1cc0121,award,2026-03-31,6.0,1,Implenia Schweiz AG,624614.3,45000000,Travaux de construction,<p>Démolition d'enrobé bitumineux : 645 m3</p><p>Terrassements : 1'115 m3</p><p>Structures de soutènement (talus armés) : 76 m2</p><p>Construction de remblais : 500 m3</p><p>Malaxage et broyage couche fondation : 3'950 m2</p><p>Grave non-traitée : 450 m3</p><p>Béton bitumineux : 1'980 to</p><p>Fouil
8404b3d8-ec3c-4767-82aa-a0f3a9500a5f,183e4937-d2b2-490d-b166-ba8d6a5c32dc,award,2026-03-18,4.0,1,"Société de Travaux Publics, Joseph Carron SA",1772613.55,45000000,Travaux de construction,"<p><u>Descriptif succinct des travaux</u>&nbsp;: Réfection complète de la route avec réaménagement des espaces&nbsp;: </p><p>-&nbsp;&nbsp;&nbsp;&nbsp;&nbsp;&nbsp;&nbsp;Restructuration de la chaussée avec remplacement du coffre, amélioration de la gestion des eaux, nouvelles couches d’enrobé ;</p><p>"
1f2a5479-74a8-4151-86c7-97441dcd6a8a,66c24da5-62ec-4eb3-873f-499320810517,award,2026-03-18,4.0,1,Guy Monnet & Fils SA,1066738.35,45000000,Travaux de construction,"<p><u>Descriptif succinct des travaux</u>&nbsp;: Réfection complète de la route avec réaménagement des espaces&nbsp;: </p><p>-&nbsp;&nbsp;&nbsp;&nbsp;&nbsp;&nbsp;&nbsp;Restructuration de la chaussée avec remplacement du coffre, amélioration de la gestion des eaux, nouvelles couches d’enrobé ;</p><p>"
12ba5804-656d-442b-8145-38a3c001d89f,04e5d54e-923b-4176-9c08-6b3a6ace5ed8,award,2026-02-27,6.0,1,GENOLET TOITURE CONCEPT SA,1889854.0,45214220,Travaux de construction d'écoles secondaires,<ul><li>Étanchéité : ferblanterie et couverture</li></ul>
815bf18c-3bb9-4456-bde4-681954d03171,8e1a90f7-5b18-4891-920e-321fccd8f08a,award,2026-03-23,13.0,1,ETAVIS Romandie SA,259164.7,45311200,Travaux d'installations électriques,<p>Le projet concerne un changement de luminaires dans différents locaux du bâtiment&nbsp;</p><p>BIOPHORE au cœ ur du campus de l’UNIL. Ces travaux s’effectueront dans un bâtiment&nbsp;</p><p>occupé. Un soin sera donc apporté à respecter au mieux l’activité du bâtiment afin de&nbsp;</p><p>limiter la
b13787a2-eb70-4708-91e8-0610ae96a986,dcb067f1-6e61-4fde-8b17-13137c1bcdd7,award,2026-03-31,2.0,1,Pechigaz SA,1176227.45,45240000,Travaux de construction d'ouvrages hydrauliques,<p>Le présent appel d’offres porte sur l’installation et la fabrication d’un circuit de dotation à la galerie F2 de Tortin. Il vise les prestations suivantes :</p><ul><li>Installation et fabrication d’une tuyauterie DN400 L= env.530m (PN40 et PN25) complète ;</li><li>Installation des ensembles compl
43138ad2-75da-4060-a02a-705d64f950b4,54218be6-4c07-4b07-9cc0-b21a8a84aeb7,award,2026-03-31,4.0,1,André SA,249863.0,45200000,Travaux de construction complète ou partielle et travaux de génie civil,<p>Menuiseries extérieures du bâtiment.</p>
c04b3617-d412-4bc9-a25a-7ee573f4912a,985c687c-54fe-4afb-adbf-cd6048da7de6,award,2026-03-18,3.0,1,Implenia Schweiz AG,1130994.3,45000000,Travaux de construction,<p>Surface de chaussée et trottoirs&nbsp;:&nbsp;2’900 m2</p><p>Démolition de revêtements bitumineux : 580 m3</p><p>Terrassement en pleine masse : 700 m3</p><p>Grave non traitée : 115 m3</p><p>Béton bitumineux&nbsp;: 2020 to</p><p>Bordures granit : 715 m1</p><p>Béton : 25 m3</p><p>Etanchéité&nbsp;: 3
23fa6c3d-c006-41ee-b907-ea78e75c5703,cc5fb0bc-d71d-4ed2-ad23-a15072ee9f4e,award,2026-04-01,10.0,1,Groupe Egli AG,243321.8,45211340,Travaux de construction d'immeubles collectifs,<p>Travaux d'isolation périphérique et crépissage.</p>
0f65d25a-e00d-41db-9759-70ed6c583674,eed158cd-516a-4d46-ba75-d30b5956d173,award,2026-03-31,9.0,1,Bitz travaux publics SA,938208.15,45000000,Travaux de construction,"<p>Exécution des travaux de génie civil pour la réalisation du CAD de Conthey sur la rue d’Antzère et l’avenue de la Gare, remplacement des réseaux souterrains communaux existants (eaux claires, eau potable et électricité), consturction de 2 fosses d’infiltration (système Rigofill) et remise en état"
f0ac7d81-8e22-40df-bacb-fb2aa94c095b,a33a07d0-ea84-4255-8d17-1282fe5d91f2,award,2026-03-25,7.0,1,MELLY CONSTRUCTIONS SA,640937.05,45000000,Travaux de construction,<p>Démolition d’enrobé bitumineux : 520 m3</p><p>Terrassements : 1’115 m3</p><p>Grave non-traitée : 795 m3</p><p>Béton bitumineux : 970 to</p><p>Fouilles en tranchées : 255 m3</p><p>Canalisations et drains : 420 m</p><p>Evacuation déblais en décharge : 1’040 m3</p>
5630d310-2a9c-426c-a976-305a7b30375c,a0f44224-a8a4-4925-942e-de6ce3635881,award,2026-04-23,10.0,1,SAVOY S.A.,1155297.0,45311200,Travaux d'installations électriques,<p>Selon B0 dossier administratif.</p>
ab2eeacc-c0e5-4912-a306-3a3287a9c542,6547e168-bc2c-4852-b7d8-3e194cd71bd6,award,2026-05-19,6.0,1,Egg-Telsa SA,850412.76,45000000,Travaux de construction,"<p>Ajout de prises dans les auditoires, salles de séminaires, salles de cours et salles de conférences. Installations électriques CFC23 et 33</p>"
bb72b649-3ddc-4ebf-973c-5c3c784511c1,49bf71b7-60a3-4ce7-947e-63ee8de864c7,award,2026-05-07,4.0,1,Rutsch SA,657536.4,45232460,Travaux d'installations sanitaires,<p>Selon dossier d'appel d'offres</p>
492c8ea3-aedb-42f0-b48a-32b84852905e,0d432cd5-4ceb-47d5-b8d7-80a18b35bc84,award,2026-05-07,2.0,1,"Ascenseurs Schindler SA, succursale de Plan-les-Ouates",486448.42,42416100,Ascenseurs,<p>Selon dossier d'appel d'offres</p>
7655aea4-c179-4d8f-96c4-cc6861c38dc8,1038a0c4-305a-4307-9e09-f06da08a9109,award,2026-05-13,6.0,1,SCRASA SA,1676901.97,45200000,Travaux de construction complète ou partielle et travaux de génie civil,<p>Selon dossier d'appel d'offres</p>
fd4c85c8-5065-47fd-b83c-9c9338e37305,a29b167e-91c6-4a75-a55e-49acbe42e280,award,2026-05-26,8.0,1,GTS SA,,45000000,Travaux de construction,<p>Livraison et montage d'une installation photovoltaïque (3 parties) sur des toits existants et nouveaux recouverts de tôle. Pente minimale du toit d'environ 3°.</p>
28cc706b-8e6d-46ef-8169-838b1460e1c1,addf2fd0-0a67-4f5e-a87d-171898ec6f59,award,2026-05-22,3.0,1,André Sierro SA,298773.0,45000000,Travaux de construction,<p>Terrassements :580 m3</p><p>Tuyaux PP : 235 m1</p><p>Grave non gélive : 290 m3</p><p>Bordures : 120 m1</p><p>Béton bitumineux : 765 to</p>
e432f9f5-3d87-462e-a7a6-42bf07e31067,a86f1cbe-e819-4579-988e-1a01cfbda21e,award,2026-05-12,11.0,1,Moren Frères SA,643956.0,45000000,Travaux de construction,"<p>Exécution de travaux de génie civil pour la réalisation du CAD OUEST de Sion, tronçon : TS6a STEP de Châteauneuf-Sion jusqu'à la Rue de la Treille. En parallèle de la construction du réseau CAD, il est prévu, la pose de conduites électriques, de gaz et d'eau potable.</p><p><br></p><p>Les travaux "
cf0c20aa-0881-449c-bef6-f33bd114912f,21600807-9129-4a61-84e7-b5ee141dd7f7,award,2026-05-05,4.0,1,ECOVALBOIS SA,400000.0,14920000,Matières premières non métalliques de récupération,"<p><strong>Entretien embouchure du Rhône – Évacuation et valorisation des bois retirés du Léman</strong></p><p>Travaux de chargement, transport, broyage et de valorisation des bois et autres déchets retirés du lac Léman à l’embouchure du Rhône au Bouveret.</p>"
01ef2114-a6bc-4916-bd18-f7636707b207,dcb7a886-bdc9-419d-bc29-f3292f530b64,award,2026-05-13,10.0,1,Epiney Construction SA,516233.15,45222000,"Travaux de construction d'ouvrages de génie civil, excepté ponts, tunnels, puits et passages souterrains","<p>Travaux de génie civil pour la réalisation d’une piste de chantier et d’accès ponctuels pour les travaux préparatoires (reconnaissances géotechniques et archéologiques) dans un premier temps (2026), ainsi que pour la construction de la nouvelle digue dans un second temps (dès 2027).</p><p>Le marc"
0018c808-3beb-404d-8884-d25e1f295265,7564db0a-2887-4fee-9895-fabcfd1bd9d9,award,2026-05-04,6.0,1,ETAVIS Romandie SA,1422938.08,45311000,Travaux de câblage et d'installations électriques,<p>L’appel d’offre en procédure ouverte porte sur l’assainissement de l’éclairage intérieur du bâtiment UNIL-Anthropole. L'objectif est de mettre en conformité les installations d’éclairage avec les normes en vigueur tout en réduisant significativement la consommation électrique grâce à des technolo
be7b0140-a076-4018-90e3-5c84f9d67ca0,b309d5ed-93e8-4d3f-81a7-e738ee5a3b2a,award,2026-05-26,4.0,1,Troger SA,652713.2,45000000,Travaux de construction,<p>Le projet concerne la transformation partielle et l'agrandissement de l'école de Puplinge.</p><p>Le présent appel d'offres traite des travaux d'installations sanitaires.</p>
d47693a7-5b91-4b42-9bd2-fdbed7ef5616,6774b92d-1f66-4936-a7fb-1c765590f49e,award,2026-05-26,5.0,1,Aerotechnologies SA,351325.0,45000000,Travaux de construction,<p>Le projet concerne la transformation partielle et l'agrandissement de l'école de Puplinge.</p><p>Le présent appel d'offres traite des travaux d'installations de ventilation.</p>
c4e697f7-3cf3-4b0f-ad1d-94ed465a7cbc,e0168250-6650-4712-b618-ed4b2383b081,award,2026-05-20,2.0,1,Bitz & Savoye SA Constructions métalliques,387898.45,45000000,Travaux de construction,<p>Le Lycée-collège de St-Maurice accueille 1’100 étudiants et une centaine de professeurs. Il joue un rôle central dans la formation gymnasiale du Canton du Valais. Les locaux du Lycée-Collège se répartissent sur deux sites distincts&nbsp;:</p><p>·&nbsp;&nbsp;&nbsp;&nbsp;&nbsp;&nbsp;Le site du Lycé
98bcdd2d-cfff-44e4-8768-e708a1807381,1e09394f-8f3e-421f-9855-4ce0a02d4e6b,award,2026-05-20,3.0,1,PHIDA Étanchéité (VS) SA,353838.65,45000000,Travaux de construction,<p>Le Lycée-collège de St-Maurice accueille 1’100 étudiants et une centaine de professeurs. Il joue un rôle central dans la formation gymnasiale du Canton du Valais. Les locaux du Lycée-Collège se répartissent sur deux sites distincts&nbsp;:</p><p>·&nbsp;&nbsp;&nbsp;&nbsp;&nbsp;&nbsp;Le site du Lycé
fcb68b32-dc7a-4357-8043-8a5abfc30b23,b06159aa-2e3d-4f8f-a768-07770fcb85df,award,2026-05-26,3.0,1,Lauber Iwisa AG,924972.4,45331000,"Travaux d'installation de matériel de chauffage, de ventilation et de climatisation",<p>Die IMION AG plant den Neubau einer Energiezentrale in Leukerbad (VS). Vorgesehen ist die Installation von zwei Wärmepumpen mit einer Gesamtleistung von ca. 3.0 MW zur Abdeckung der Grundlast.</p><p>Zur Deckung der Spitzenlast werden Holzkessel mit einer Gesamtleistung von 3.2 MW installiert.</p>
2e3a2765-da68-4da5-aa81-97171e6d02dc,e934a452-be72-4fea-b585-c0c5d406e948,award,2026-05-18,4.0,1,SABECO SA,564502.0,45231300,Travaux de construction de conduites d'eau et de canalisations d'eaux usées à grande distance,<p>Mise en conformité du réseau d'eau usée principal</p>
5bf0b839-54c2-4b00-8360-4105d5667024,b786c025-b069-4b10-ac12-7bbb5e919224,award,2026-04-29,10.0,1,Duca S.A.,207003.6,45000000,Travaux de construction,"<p>Rénovation globale et transformation du bâtiment historique de Beau-Site à Aigle (bureaux et surfaces commerciales)et aménagements extérieurs avec esplanade plantée.</p><p><br></p><p>Le présent appel d'offres concerne les prestations suivantes :</p><p><br></p><p>Cloisons, doublages et revêtements"
1b96cd39-3098-4fb5-9251-e21bd5e11eee,42c9d16c-8653-402a-b8ec-0cd96ce7211e,award,2026-05-22,3.0,1,PraderLosinger SA,,45223220,Travaux de gros œuvre,"<p>« Assainissement galerie du Bourgout »  : </p><p>• Sécurisation du site de la galerie pour les travaux avec des travaux de purge du rocher et la pose d’un filet de protection </p><p>• Pose des installations, structures provisoires, échafaudages et plateformes sur site </p><p>• Réalisation des app"
45ee0848-1493-47de-86a5-ef555f78318b,c99e0137-309f-49a5-ba65-5bad7962e86e,award,2026-04-29,4.0,1,Echenard SA,997109.0,45223500,Structures en béton armé,<p>Transformation de deux parties des bâtiment existants de la centrale hydroélectrique.</p>
409e5c03-ec06-4394-83b9-629d5e436b58,0928568b-9ff6-47e1-8b0f-3336f9068803,award,2026-05-08,1.0,1,HFS Aqua AG,6350875.0,45252000,"Travaux de construction de stations de traitement des eaux usées, de stations d'épuration et d'usines d'incinération des ordures ménagères",<p>Le projet prévoit la construction à neuf de la station d'épuration et notamment des ouvrages suivants pour le traitement biologique :</p><p>-&nbsp;&nbsp;&nbsp;&nbsp;&nbsp;&nbsp;&nbsp;&nbsp;&nbsp;Bâche de relevage</p><p>- &nbsp;&nbsp;&nbsp;&nbsp;&nbsp;&nbsp;&nbsp;&nbsp;Traitement biologique</p><p>
efb29250-6f0a-4841-896c-851995b37c6d,728a82b9-828c-4ae6-b937-e7427a7d5f01,award,2026-05-08,3.0,1,ALPHA WasserTechnik AG,1898699.0,45252000,"Travaux de construction de stations de traitement des eaux usées, de stations d'épuration et d'usines d'incinération des ordures ménagères",<p>Le projet prévoit la construction à neuf de la station d'épuration et notamment des ouvrages suivants pour le traitement des micropolluants :</p><p>-&nbsp;&nbsp;&nbsp;&nbsp;&nbsp;&nbsp;&nbsp;&nbsp;&nbsp;Bâche de relevage</p><p>-&nbsp;&nbsp;&nbsp;&nbsp;&nbsp;&nbsp;&nbsp;&nbsp;Filtration à charbon 
652f959c-e17a-48ab-99ca-8e2d946c6b55,9556d857-1d5f-49eb-b37e-e2f58dc4e9cc,award,2026-05-21,5.0,1,SCRASA SA,3871634.15,45000000,Travaux de construction,"<p>Le projet concerne la transformation partielle et l'agrandissement de l'école de Puplinge.</p><p>Le présent appel d'offres traite des travaux suivants :</p><ul><li>démolitions et terrassements</li><li>travaux spéciaux</li><li>installations de chantier, canalisations, béton armé et maçonnerie</li>"
65e86b1e-b2c7-4468-a472-93d2661bcf8f,067b7f22-5fef-4866-9680-d455b344debb,award,2026-05-22,3.0,1,DASTA CHARPENTES-BOIS SA,136999.9,45000000,Travaux de construction,<p>Le projet concerne la transformation partielle et l'agrandissement de l'école de Puplinge.</p><p>Le présent appel d'offres traite des travaux de toiture suivants :</p><ul><li>ferblanterie</li><li>couverture</li><li>étanchéité</li></ul>
c86d2ac2-7340-40f7-a979-5096f233798f,10db466c-1046-4fc3-a850-19cb437311a4,award,2026-05-07,4.0,1,SOGECA SA,1331868.2,45200000,Travaux de construction complète ou partielle et travaux de génie civil,<p>Aménagements routiers de modération du trafic et de sécurisation des espaces publics du village de Soral</p><p><br></p>
68984d34-b10e-47e1-9b35-0531db831fa8,224093b2-36a4-47e1-bfd7-36f389df3af7,award,2026-04-24,10.0,1,Amaudruz S.A.,625373.95,09330000,Énergie solaire,<p>L’objectif principal de ce marché est la construction de 3 installations photovoltaïques sur des toitures existantes.</p>
05bebc89-25fa-4004-ad83-bb96fefdf2e1,bced0527-3658-4fb3-8a87-bb5abeecf78b,award,2026-04-13,3.0,1,EgoKiefer AG,249350.0,45420000,Travaux de menuiserie et de charpenterie,<p><strong>Remplacement de 108 fenêtres en bois par de nouvelles fenêtres en bois métal</strong></p>
86113ba9-7cad-4b7e-9bbb-c52c34e60ba1,93a7f7f2-5c0c-4dfd-8cd5-08c6ba022223,award,2026-05-20,2.0,1,ALVAZZI GROUPE SA,154379.6,45000000,Travaux de construction,"<p>Dépose de l’installation existante en fin de vie et mise en place d’une nouvelle production de froid (eau glacée), incluant les équipements hydrauliques associés, les terminaux demandés, les adaptations sur l’existant, la manutention/levage, les essais, la mise en service et la documentation de f"
c68142e4-5aa1-4c48-ae7b-74b9cbbd36fd,6520bce5-b71d-406b-a177-f766e12b9437,award,2026-03-30,8.0,1,Béati Frères SA,,45233000,"Travaux de construction, de fondation et de revêtement d'autoroutes, de routes",<p>Élargissement et renforcement de la route forestière du Mont de Baulmes&nbsp;:</p><p>-&nbsp;&nbsp;&nbsp;&nbsp;&nbsp;&nbsp;&nbsp;&nbsp;&nbsp;&nbsp;Enlèvement et évacuation de l’enrobé en place</p><p>-&nbsp;&nbsp;&nbsp;&nbsp;&nbsp;&nbsp;&nbsp;&nbsp;&nbsp;&nbsp;Élargissement de l’assise de la route 
cbc5341a-c833-467c-824a-abe9dc857dff,17ce1647-ffa5-4930-9dc6-729492f2c97d,award,2026-04-23,2.0,1,IWK Integrierte Wärme und Kraft AG,302636.76,31100000,"Moteurs, générateurs et transformateurs électriques","<p>Fourniture, montage et mise en service d'un groupe de couplage chaleur force (CCF) pour la nouvelle STEP de l'Eparse .</p>"
c64dd0a3-c9d4-4a0b-9ee5-6b1e58c40beb,49ec8734-d50d-4e0c-9d03-6dab24badf8d,award,2026-05-13,12.0,1,LUYET CONSTRUCTIONS METALLIQUES SA,371646.9,45000000,Travaux de construction,"<p>CFC 272.0 et CFC 272.3 - Portes et vitrages intérieurs en aluminium</p><p>Construction et transformation des ateliers de l'établissement pénitentiaire de Crêtelongue à Granges. 3 bâtiments: atelier économie animale, atelier métal et alimentaire, atelier bois et maintenance.</p>"
b70d0dfc-0931-4782-94e6-eb107714b6b0,e6de7dba-aace-4cb4-94d6-91b78eee51dc,award,2026-05-05,2.0,1,Passion Forêt Sàrl,483381.3,77200000,Services sylvicoles,"<p>Le cours d'eau de l'Asse, sur le territoire de la commune de Nyon, a fait l’objet de plusieurs études à la suite d'événements de débordements. Des déficits sécuritaires et environnementaux ayant été observés, un projet de protection contre les crues et de renaturation est prévu (rehaussement et é"
f0b08005-6360-4aa5-a33a-27d033941bcd,bdad5054-e5ea-4e35-a9e7-795c3fdc0d36,award,2026-05-13,2.0,1,Edouard Bovier Toiture SA,389663.0,45000000,Travaux de construction,<p>CFC 224.9 couverture en tuile - Rénovation toiture dépendance de Mercier à Sierre - Bât. C</p><p>Fourniture et pose d'une nouvelle couverture en tuile pour le bâtiment C - dépendance du château Mercier - Sierre. </p>
c86cde87-60c2-42c6-b96b-6fe4869385a5,748de45c-4c36-4110-85d3-c8b061d228c4,award,2026-05-13,2.0,1,Edouard Bovier Toiture SA,324873.15,45000000,Travaux de construction,<p>CFC 224.9 couverture en tuile - Rénovation toiture dépendance de Mercier à Sierre - Bât. D</p><p>Fourniture et pose d'une nouvelle couverture en tuile pour le bâtiment D - dépendance du château Mercier - Sierre.</p>
9b5a1b41-3dda-4623-b992-1307ba3800a9,f5740e47-ce0c-43d4-a060-1ca43c311c3f,award,2026-05-11,3.0,1,"Romande Energie Services SA, succursale de Lancy",445985.21,45315000,Travaux d'installation de chauffage électrique et d'autres équipements électriques de bâtiment,<p>Extension de la Haute Ecole de Santé de Genève</p><p>Lot MCR - CFC 237</p>
aa84f5d4-348a-484c-ae31-2eec3c562b7c,21fb9a56-7275-4d5c-a374-74f01a7ce48c,award,2026-05-18,3.0,1,CGC Energie SA,129500.18,45000000,Travaux de construction,<p>Le présent appel d’offre consiste à chauffer et à rafraîchir un espace de simulation se trouvant sous une verrière. </p><p><br></p><p>Le bâtiment est localisé au chemin du Petit-Bel-Air 2 à Thônex sur le site de psychiatrie de Belle-Idée.&nbsp;</p><p><br></p>
a717c6d1-496d-45eb-a992-a020dab890fc,e9c6933a-fa82-47b0-b3c2-768437d5699e,award,2026-04-24,4.0,1,Menétrey SA,622297.0,45000000,Travaux de construction,<p>C4 Centre Coordonné de Compétences Cliniques 33'600'00 HT</p><p>HESAV Haute Ecole de Santé Vaud 87'600'000 HT</p><p>SITE 35'500'000 HT</p><p>Lot 153 Aménagements de toiture</p>
a755352a-fdfe-46c6-8869-c722c38dec8a,7e4015ae-4998-4692-829c-9dade43ea6c0,award,2026-04-02,4.0,1,Miraco SA,171813.86,45262100,Travaux d'installation d'échafaudages,"<p>Musée de l'Hermitage - Rénovation énergétique et mise aux normes techniques du bâtiment historique</p><p><br></p><p>CFC 227.0 - Echafaudages</p><p><br></p><p>- Surface de plancher - SP : 1’710m2</p><p>- Volumen bâti – VB : 5'972 m3</p><p><br></p><p>Pour les données détaillées, voir Annexe 0.1 « T"
dba800a9-47f7-4588-8793-da535ef67275,a55da5b8-2745-442d-ae8e-62735917fae6,award,2026-04-17,4.0,1,Romande Energie Services SA,785194.95,45214200,Travaux de construction de bâtiments scolaires,"<p>Installations&nbsp;CV&nbsp;complètes&nbsp;pour&nbsp;un&nbsp;collège&nbsp;comprenant&nbsp;26&nbsp;salles&nbsp;de&nbsp;classe,&nbsp;8&nbsp;salles&nbsp;de&nbsp;dégagement&nbsp;et&nbsp;d’accueil,&nbsp;salles&nbsp;ACT,&nbsp;TM&nbsp;et&nbsp;cuisine.</p><p>Locaux administratifs et de direction, salle de"
0dce89ae-5829-4902-87f9-0fa1b4dff42e,cd3e37fd-6213-4355-90e2-db1a46dfd15c,award,2026-04-17,3.0,1,Gindraux Fenêtres S.A.,1283857.8,45214200,Travaux de construction de bâtiments scolaires,<p>Fourniture et pose d'environ 150 fenêtres bois-métal et portes-fenêtres avec contrôle d'accès.</p><p>Fourniture et pose de stores toile à projection devant l'ensemble des fenêtres</p>
861377f7-a696-44ca-85be-8ab68d7b1d88,7091fc18-6380-4a3f-9d1e-4fcdafc0c083,award,2026-04-17,2.0,1,PHIDA Étanchéité (Riviera) SA,1518841.85,45214200,Travaux de construction de bâtiments scolaires,"<p>Etanchéité de toits plats et couverture de toits inclinés</p><p>Toits plats (approx. 1'700m2): étanchéité bitumineuse, isolation et toiture végétalisée</p><p>Toits inclinés et casquettes (approx. 1'200m2): voligeage et couverture et bacs métalliques à joints debouts</p><p>Toutes ferblanteries et "
52a4ff5f-ab38-4795-aa42-97cbf3ca4a7f,4e3d0431-c7b1-429c-accb-5b44c4ff39ab,award,2026-04-22,5.0,1,Vectur S.A.,284693.1,45000000,Travaux de construction,<p>Surélévation et rénovation énergétique du Collège de la Plaine à Chavannes-près-Renens.</p><p>Marché CFC 211.1 Echafaudages.</p>
0f32dd77-3277-4707-8f4a-1ec447826a34,e63a7608-5236-4f98-9121-c8a975c78130,award,2026-04-27,3.0,1,F. Simond SA,1128491.7,45112700,Travaux d'aménagement paysager,"<p>La commune de Pregny-Chambésy planifie le réaménagement du secteur de la Mairie.</p><p>Dans ce cadre, il est projeté l'aménagement de la route de Pregny avec la création de deux passages piétons protégés, la mise en conformité des quais TPG.</p><p>La commune profite en parallèle pour réaliser l'a"
bac169e2-b064-4c2e-9c91-40980e2e503c,39dbcc50-1d5b-49ab-bb0d-8e0e00bcb5bd,award,2026-05-13,5.0,1,Liebhauser et Délèze SA,485490.7,45222000,"Travaux de construction d'ouvrages de génie civil, excepté ponts, tunnels, puits et passages souterrains","<p>Réfection de la chaussée, des canalisations et du passage sous-tuyaux du torrent au chemin de Tsamandon à Haute-Nendaz.</p>"
fa301180-ba03-4642-852a-950b6cb21c81,aec991eb-9577-4673-a5a9-476723167400,award,2025-04-21,2.0,1,SOTTAS SA,4223361.1,45000000,Travaux de construction,<p>Surélévation et rénovation énergétique du Collège de la Plaine à Chavannes-près-Renens.</p><p>Travaux de façades.</p>
d5107768-7384-41bc-84e5-e12b2bef2d10,df37cde3-f968-4d83-81be-80a9481cb33c,award,2026-05-12,3.0,1,Implenia Schweiz AG,1906456.3,45000000,Travaux de construction,"<p>La STEP de Noës traite les eaux usées de Sierre et des communes voisines de Chippis, Crans-Montana, Noble-Contrée et Salquenen pour un total de 99'000 EH à l'horizon 2050. L'effluent du bassin versant est sujet à des hausses de charges organiques en période de vendanges et durant la haute saison "
0fde23fb-0508-4ac2-8799-dc67683c024c,00c6fdbd-fd96-4f3c-a68b-6eab3882c018,award,2026-05-11,10.0,1,Margelisch & Chabbey Constructions métalliques SA,170477.55,45000000,Travaux de construction,"<p>CFC 272.2 Ouvrages métalliques courants</p><p>Construction et transformation des ateliers de l'établissement pénitentiaire de Crêtelongue à Granges. 3 bâtiments: atelier économie animale, atelier métal et alimentaire, atelier bois et maintenance.</p>"
dc6a90e9-3beb-4f71-895e-f537f224b346,cac3b708-8505-4c7f-a64b-8f096b60b05c,award,2026-05-05,9.0,1,"Société de Travaux Publics, Joseph Carron SA",1065427.65,45220000,Ouvrages d'art et de génie civil,<p>Voir dossier d'appel d'offres</p>
daf20f93-283a-4ff0-8c49-53120bc5da08,a54d940e-2b36-44cb-baa6-ffa2562a57a5,award,2026-05-08,5.0,1,City techniques Sàrl,142497.0,45310000,Travaux d'équipement électrique,<p>Travaux de fourniture de la lustrerie dans le cadre de la Transformation de l'EMS de l'Orme. Le bâtiment doit attendre une performance équivalente au standard Minergie ECO</p><p><br></p><p>Étendu du marché :</p><p>- Surface de plancher (SP) : 4'464 m2</p><p>- Surface nette (SN) : 3'931 m2</p><p>-
fd25314b-84c5-4370-afbc-5c2cca714a69,206db276-1aac-48da-aeba-6b1ca62bbd14,award,2026-05-09,2.0,1,Pasche-Sanitaire S.A.,1867988.82,45232460,Travaux d'installations sanitaires,"<p>Pour répondre à la forte croissance du nombre d’étudiant(e)s tout en préservant son excellence pédagogique, l’EPFL lance le Double Deck, un projet ambitieux pour adapter et étendre ses infrastructures, il s’agit de la création d’un nouveau pôle de formation au cœur du campus.</p><p>Le projet a de"
41db78ed-5789-497f-a731-6a1537d86694,ce0e7997-ca08-4ad0-a429-7caa4cb66573,award,2026-02-16,3.0,1,JPF-DUCRET SA,3725917.45,45261100,Travaux de charpente,"<p>Travaux de construction des structures porteuses en bois, des éléments en bois de façade et&nbsp;</p><p>d'autres aménagements intérieurs pour l’ensemble des bâtiments de la future STEP de l'APEC. </p>"
6035fbbf-35ab-4a4f-a12c-b55ccf8d6b47,66f6f379-a3e8-46ff-9ac3-6a27e97b8fdd,award,2026-03-26,2.0,1,Wiba Sport AG,37915.5,45421000,Travaux de menuiserie,<p>Le marché consiste à exécuter un rideau de séparation pour la salle de sport pour un montant budgété&nbsp;à 73'000.--HT.</p>
64779011-382d-473a-b754-fdadf5eaddf9,c6f5f824-6d59-4bc9-83a6-e2ad0bedbe21,award,2026-03-26,2.0,1,Wiba Sport AG,230591.75,45212200,Travaux de construction d'installations sportives,<p>Le marché consiste à exécuter des travaux relatifs aux engins de sport pour un montant budgété à 185’100.- HT.</p>
0ab2a1f7-8e60-4c30-8e4a-e3057cef33ba,cedca784-6efb-4e61-aed0-cd75e7ed9948,award,2026-04-29,5.0,1,Walpen AG Hoch- und Tiefbau,11701386.65,45233110,Travaux de construction d'autoroutes,"<p>Le marché concerne la réalisation de la piste de chantier A9 à Finges, sur environ 5,5 km au nord du futur tracé autoroutier. Cette route provisoire assure l’accès aux chantiers de l’A9, la desserte locale et le maintien de l’itinéraire cyclable national n° 1. Les travaux comprennent le décapage "
815c1032-8679-4c4a-91d7-8768a5ed914a,733a2ed7-7a37-46c1-b939-91320953ece6,award,2026-03-17,3.0,1,BOS Manager Constructeur SA,8271054.22,45000000,Travaux de construction,"<p>L'appel d'offres est une mise en concurrence d’un contrat à prix forfaitaire, pour la construction d’un</p><p>batiment parascolaire/scolaire de 1835m2 de surface sur 4 niveaux THPE Mopec, en Entreprise Totale selon le descriptif général de la construction et autres annexes techniques fournies au "
9ac05591-f21d-473c-81c8-66acf81a8844,0fbeba01-b007-42cb-8688-6c34a51c4e6c,award,2026-05-06,5.0,5,Casella Travaux Acrobatiques Sàrl; Geowork Group AG; Infra Tunnel SA; Liebhauser et Délèze SA; Sébastien Cheseaux SA,12575669.370000001,45000000,Travaux de construction,"<p>Pose de 1'151.5 m’ de filets paravalanches Dk = 4.0 m, N = 3.2, fc = 1.1, création d'un étang de 260 m2</p>"
a281fd01-9605-43ac-a3e8-8f3dacbd7f3e,1d0d3034-519c-47a5-ae78-ec35e0ebe28d,award,2026-05-05,5.0,1,Constantin Parcs et Jardins SA,807150.55,45000000,Travaux de construction,<p>voir conditions générales</p>
47036c16-2397-4b6e-a5a6-35e27eb86de7,12c9058b-a746-4a6d-9619-d5f54cfed5a3,award,2026-05-06,3.0,1,C.M.A. Constructeurs Métalliques Associés S.A.,574781.1,44316500,Serrurerie,<p>Construction d'un bâtiment détente</p>
dfcb22af-3a86-4568-96af-e0a0fe5b6d0e,0abe8746-53d5-4262-8dea-04c3f4847c03,award,2026-05-06,3.0,1,LUYET CONSTRUCTIONS METALLIQUES SA,128103.1,44316500,Serrurerie,<p>Construction d'un bâtiment détente</p>
07cc175d-01fa-49e6-bbf3-bbe1914bf4be,20dd32ec-d69c-4d27-a595-a7c9ff48e7e8,award,2026-05-06,4.0,1,"Röthlisberger AG, Die Schreinermanufaktur",133075.1,45421151,Installation de cuisines équipées,<p>Construction d'un bâtiment détente</p>
da95659c-3995-48c7-8f56-00dcfb8750d4,2a8b612e-7047-4ae0-842a-f0b7aee15977,award,2026-05-05,6.0,1,Perrin Frères SA,,45000000,Travaux de construction,<p>Travaux routiers d'entretien constructif 2026-2028</p>
d76bbd13-dcfd-4aef-acca-27df4dda80d4,fae7988e-9f8f-467f-bd17-b7f188f56235,award,2026-04-08,7.0,1,"Romande Energie Services SA, succursale de Lancy",1237745.0,45332000,Travaux de plomberie et de pose de conduits d'évacuation,<p>Extension de la Haute Ecole de Santé</p>
956b484d-3df2-4bc6-a02d-989d0661ff61,8c9551e9-2bc5-4578-8a6b-36c5ee252178,award,2026-04-29,1.0,1,BC Outils Machines SA,326183.95,45000000,Travaux de construction,"<p>CFC 247.7 Installations d'aspiration des poussières</p><p>Construction et transformation des ateliers de l'établissement pénitentiaire de Crêtelongue à Granges. 3 bâtiments: atelier économie animale, atelier métal et alimentaire, atelier bois et maintenance.</p>"
bf1ba7c8-b226-4bed-867a-25a43ec76057,33af9434-f871-44d9-9328-1c7b356761d3,award,2026-04-29,11.0,1,LUYET CONSTRUCTIONS METALLIQUES SA,581529.6,45000000,Travaux de construction,"<p>CFC 221.4 - Fenêtres et portes extérieures en aluminium</p><p>Construction et transformation des ateliers de l'établissement pénitentiaire de Crêtelongue à Granges. 3 bâtiments: atelier économie animale, atelier métal et alimentaire, atelier bois et maintenance.</p>"
584c7142-da33-4fb4-86d9-ee3a2c166a14,fde19c93-a489-4afe-9e66-8db7cc0a6ad7,award,2026-04-29,3.0,1,Lauber Iwisa AG,534366.35,42512300,Unités de climatisation,<p>Sanierung der Motorfahrzeugkontrolle in Visp.</p><p>Etappe 1 (Ab Juni 2026)</p><ul><li>Ersatz der bestehenden Ölheizung durch eine Grundwasserwärmepumpe.</li><li>Einbau Deckensegel in der Halle der Motorfahrzeugkontrolle</li></ul><p>Etappe 2 (Ab Frühling 2027)</p><ul><li>Gesamtsanierung Bürotrakt
1a22237b-418d-457a-928a-b55b1385a5a7,46b56631-63b9-4f18-9162-dd8dfe8ad9cd,award,2026-04-29,3.0,1,B. Schnider S.A.,730524.0,45210000,Travaux de construction de bâtiments,"<ul><li>Travaux d'étanchéité (ouvrages enterrés - pieds de façade et fosses ascenseurs)</li><li>Travaux de charpente (prolongement des avant-toits, isolation entre chevrons et sur chevrons); Construction de 4 couverts d'entrée)</li><li>Travaux de ferblanterie (ferblanterie en cuivre - toiture inclin"
dab0142a-4708-46f8-861f-fe0a47a00e9b,6a8d9694-a985-488f-bfb4-21a2c8baded1,award,2026-04-29,5.0,1,"Groupe TVA, Posse Management SA",728006.75,45210000,Travaux de construction de bâtiments,"<ul><li>Travaux d’isolation thermique de la façade crépie, incluant l’isolation des pieds de façade</li><li>Travaux de peinture bois extérieure (lambris d'avant-toit)</li></ul>"
c4487eca-c262-487d-bd1d-47ecc5609ea8,315c054e-8793-4aec-9a3a-c9f8863a0469,award,2026-03-31,5.0,1,M&R Groupe SA,1731448.6,45214220,Travaux de construction d'écoles secondaires,"<p>Chape et revêtement de sols sans joints, type résine, pour le futur gymnase du Chablais à Aigle.</p>"
04546e90-ec94-4126-ac3b-a8c7bfb85746,595fc23e-d0df-4282-be4b-bbe508e6e453,award,2026-04-16,6.0,1,Lista Office Vaud SA,322091.0,45000000,Travaux de construction,<p>C4 Centre Coordonné de Compétences Cliniques 33'600'00 HT</p><p>HESAV Haute Ecole de Santé Vaud 87'600'000 HT</p><p>SITE 35'500'000 HT</p><p>Lot 255 Mobilier de bureaux</p>
99444f76-aa08-4984-9d4a-c20b1cebe54e,367820ba-dbbf-4c03-8faa-969cdac662f3,award,2026-04-20,5.0,1,Consortium Rithner Schmidli,,45221111,Travaux de construction de ponts routiers,<p>Réalisation du lot génie civil n°2 concernant le projet de la nouvelle entrée Sud du site chimique de Monthey.</p><p>Ce lot comprend&nbsp;:</p><p>-&nbsp;&nbsp;&nbsp;&nbsp;&nbsp;&nbsp;&nbsp;&nbsp;&nbsp;Réalisation d’un nouvel ouvrage de franchissement sur la Vièze</p><p>-&nbsp;&nbsp;&nbsp;&nbsp;&n
4a78faff-784b-4749-940a-4a9f23e3d0e4,a39d9cef-83f7-45a5-b00a-e8b42acf07a5,award,2026-04-02,3.0,1,FFA SA,1159342.95,45200000,Travaux de construction complète ou partielle et travaux de génie civil,"<p>Extension du réseau de chauffage à distance en pré-isolé DN150mm et DN250mm de 246m avec construction d'une chambre de sectionnement, renouvellement du réseau d’eau potable en fonte ductile DN150mm sur 79m, renouvellement d’un collecteur d’eaux mixtes en PVC DN500mm sur 98m, renouvellement du rés"
e23e92b5-561d-4483-99a7-01c403266eb6,a6af01a9-5931-4efe-ad8a-a740a63bd3c1,award,2026-03-17,6.0,1,Zumtobel Lumière SA,229808.32,45215120,Travaux de construction de bâtiments médicaux spécialisés,<p>Travaux de fourniture de lustrerie générale</p>
c6810997-1412-4b17-895c-96e5b29e461f,d7758d0f-43ab-44b9-b4ec-d06bbfe8b917,award,2026-02-17,4.0,1,L&F SOLS SA,1150620.45,45215120,Travaux de construction de bâtiments médicaux spécialisés,<p>Travaux de Revêtement de sol</p>
ada6c353-6f4a-4054-ae14-20d011cfa071,7fa57941-bd66-4a66-b120-1ca46ffe6aa0,award,2026-03-17,2.0,1,Rimi Sàrl,534071.49,45215120,Travaux de construction de bâtiments médicaux spécialisés,<p>Carrelages courants</p>
95465d92-7be7-46b7-862a-a376ca087134,6ae65802-ae69-46e8-b6bf-4a1394da6a55,award,2026-03-20,4.0,1,Bitz travaux publics SA,1574663.35,45000000,Travaux de construction,<p>Extension d'un EMS et construction d'un AEMS</p><p>201 Terrassement et travaux spéciaux</p>
63cdf91b-0bbe-4372-87a6-2281a80010f8,a872ff08-6a3e-41c3-8211-e83fc1c99f7d,award,2026-03-20,5.0,1,Energi.eau Sàrl,701706.9,45000000,Travaux de construction,<p>Extension d'un EMS et construction d'un AEMS</p><p>250 Installations sanitaires</p>
4ab479d7-00ef-4625-b969-6f8449ad926f,2438c218-7f4e-48ad-b057-74d5c19e9bcd,award,2026-03-20,4.0,1,Grichting & Valterio Electro SA,1791908.3,45000000,Travaux de construction,<p>Extension d'un EMS et construction d'un AEMS</p><p>230 Installations électriques</p>
5a646fa7-1615-425d-87af-3539fcf66f8b,e13c93f7-00bd-41f6-9969-6b6380317fb1,award,2026-03-20,3.0,1,BUCHARD SA,529690.0,45000000,Travaux de construction,<p>Extension d'un EMS et construction d'un AEMS</p><p>244 Installations ventilation</p>
60ac2c55-1289-456b-a9c2-832dab201b91,84dec47b-3b5d-407a-9282-8f639dcbd4f7,award,2026-03-20,4.0,1,BUCHARD SA,392686.25,45000000,Travaux de construction,<p>Extension d'un EMS et construction d'un AEMS</p><p>242 Installations chauffage</p>
729e1378-f037-4cec-9cd9-8c75830102b4,e1cfcda4-e584-44a6-8928-852e327a45e9,award,2026-03-20,2.0,1,"Cuénod et Payot Chablais SA, succursale de Collombey-Muraz",6020482.8,45000000,Travaux de construction,<p>Extension d'un EMS et construction d'un AEMS</p><p>211 Travaux de maçonnerie BA + préfabriqués</p>
c036a451-b90a-478d-a1e9-599c5a1861fd,dc97304e-5bce-4597-bb15-1de6c9b67d83,award,2026-04-13,4.0,1,Michaud et Mariaux SA,,45233123,Travaux de construction de routes secondaires,"<p>Réaménagement de la route du Stade à Troistorrents sur une longueur de 250m &amp; renouvèlement des réseaux</p><p>communaux (eau potable, eaux usées &amp; eaux claires)</p>"
17aee9d4-7ce2-4806-8974-132e74d32cfc,f3c5eab4-894f-49ff-aeae-0b83b997501f,award,2026-04-29,9.0,1,Bender Paysagiste SA,230361.27,45000000,Travaux de construction,"<p>Terrassement, plantations et aire de jeux. Travaux de paysagiste, selon plans et détails annexés</p>"
326efc1a-4bca-4957-b69a-830c1b8e236b,18700689-51a5-4282-9099-ded94a67bb81,award,2026-06-26,8.0,1,Solstis SA,798287.85,45000000,Travaux de construction,<p>CFC 231.5 Fourniture et pose d'installation photovoltaïque</p>
af0559cf-7563-43ae-aeb7-010dd6244a96,6ec0d347-f495-4d15-b93b-0eeebd582f74,award,2026-06-24,4.0,1,Walpen AG Hoch- und Tiefbau,2486621.05,45233110,Travaux de construction d'autoroutes,"<p>Der Auftrag umfasst den Bau einer Hangverdübelung im Pfynwald, oberhalb des geplanten Neubaus der Autobahn A9 zwischen Siders Ost und Leuk/Susten Ost. </p><p>Die Arbeiten beinhalten den Geländeabtrag, den Einbau von Mikropfählen (Dübel), die Erstellung von Blockfundamenten und die Montage von Ero"
f952bd51-7d30-47f7-a250-2d75cbdc6612,87efcc88-8b3e-4999-9300-c7d7c9289b08,award,2026-06-23,6.0,1,BUCHARD SA,323728.7,45331210,Travaux d'installation de ventilation,<p>Travaux d'installation de ventilation</p>
ddf2815a-9bf0-4688-8cb2-b035a1ef0dde,33ae13c0-4ca8-4aa3-9da6-fdb0090146dd,award,2026-06-26,4.0,1,Corthay Bois SA,165613.85,45421000,Travaux de menuiserie,<p>Construction d'un bâtiment détente</p>
fea48c8d-0437-4400-a838-646314c32926,c0dded78-10c1-4359-bb40-8b7f9305d9e6,award,2026-06-09,10.0,1,"Gasser, Construction et Génie Civil S.A.",859661.4,45000000,Travaux de construction,"<p>Construction d'un collecteur EU – Zone Sous-le-Mont, le Châtelard et Timonet d'En Haut&nbsp;</p>"
aa1cf1ab-022c-4144-bb47-e7e0ef72e734,6851ce05-1aac-4180-be76-5d1e0f884155,award,2026-06-26,2.0,1,Sébastien Cheseaux SA,1198128.4,45122000,Travaux de forage de reconnaissance,<p>An der Gletscherfront des Oberaletschgletschers sind 13 destruktive Erkundungsbohrungen (Ø 114 mm) vorgesehen.</p><p>Das Projekt liegt an der Gletscherfront des Oberaletschgletschers in hochalpinem Gelände auf 2140 bis 2220 m ü. M. und ist nicht strassenerschlossen.</p><p>Der Innendurchmesser des
b3da759d-ace7-4c04-ba67-86b91c43fca5,90ec51ae-5538-4499-9b21-c7dd6d75a1e1,award,2026-03-20,2.0,1,Marti Construction SA,1038142.89,45214210,Travaux de construction d'écoles primaires,<p>Ce lot contient les travaux suivants:</p><p><br></p><p>Terrassements</p><p>Travaux spéciaux</p><p>Démolition structurelle et récupération partielle</p>
8957f616-e253-493d-997f-fd0f6b5ecc2b,e5b17306-6570-4f48-a889-fd54ce6ce64a,award,2026-03-20,1.0,1,Marti Construction SA,379448.6,45214210,Travaux de construction d'écoles primaires,<p>Ce lot contient les travaux suivants:</p><p><br></p><p>Travaux de terre coulée</p>
4c387f7e-6ea7-4d6c-94da-2e9e3e459b0c,524509ae-aa10-4103-9bc0-ab8af061f7eb,award,2026-03-20,7.0,1,Maréchaux électricité S.A.,1512697.15,45214210,Travaux de construction d'écoles primaires,<p>Ce lot contient les travaux suivants:</p><p><br></p><p>Installations électriques</p><p><br></p>
e0f7cac9-b676-4aae-a697-70e874946793,8f71dbe7-4bce-4902-ac66-8406bed8b674,award,2026-03-20,5.0,1,von Auw SA,324905.05,45214210,Travaux de construction d'écoles primaires,<p>Ce lot contient les travaux suivants:</p><p><br></p><p>Installations de chauffage</p>
da9ed5c0-f07f-4865-8522-a11d03153b30,233d764e-0eff-4462-bd54-d02b625076bd,award,2026-03-20,8.0,1,PERRET SANITAIRE SA,764890.39,45214210,Travaux de construction d'écoles primaires,<p>Ce lot contient les travaux suivants:</p><p><br></p><p>Installations sanitaires</p>
6ecc678c-7bba-46e9-a7ea-b9d6852206d8,9903295f-adb0-4276-aec8-e55167e4da04,award,2026-03-20,1.0,1,Realsport Group SA,264506.85,45214210,Travaux de construction d'écoles primaires,<p>Ce lot contient les travaux suivants:</p><p><br></p><p>Fourniture et mise en œuvre d'éléments de sport.</p>
d84918f4-ade9-4325-adb4-99826888c70c,cdfbdcd2-80c5-4521-aa84-12cab149e531,award,2026-03-20,5.0,1,F. Bernasconi et Cie SA,3631079.0,45214210,Travaux de construction d'écoles primaires,<p>Ce lot contient les travaux suivants:</p><p><br></p><p>Démolition non-structurelle et récupération partielle</p><p>Travaux de béton armé et de maçonnerie</p><p>Travaux de canalisation</p><p>Travaux de desamiantage</p><p><br></p><p><br></p>
38c37f85-19a2-4768-86df-62d603a84781,64eea9ab-2171-4edf-94a0-d454cc41ddbe,award,2026-03-20,5.0,1,ES Echafaudages Services SA,349602.15,45214210,Travaux de construction d'écoles primaires,<p>Travaux CFC211.1 Echafaudages</p>
3e675416-b42c-41e1-b70e-79216583fca5,d26b1e21-5412-4e39-9a3f-89dd698dd0c4,award,2026-03-20,3.0,1,Charpentes Vial S.A.,1569636.0,45214210,Travaux de construction d'écoles primaires,<p>Travaux </p><p><br></p><p>CFC214 Construction en bois/façades ventilées</p><p>CFC 273.1 Cloisons intérieures en bois</p>
c27cef41-a03b-4f25-a14c-c07c51017ceb,16e04198-eecd-464c-9d59-3671253c643c,award,2026-03-20,5.0,1,PHIDA Étanchéité (VD) SA,784473.3,45214210,Travaux de construction d'écoles primaires,<p>Travaux </p><p>CFC222 Ferblanterie</p><p>CFC224.1 Couches d'étanchéité toitures plates</p><p><br></p>
7c3f59aa-0440-4d94-acc7-bd8af2ac4635,384de5c5-bf7a-47ad-bb31-10693de56487,award,2026-03-20,5.0,1,R. Morand et Fils SA,1076754.43,45214210,Travaux de construction d'écoles primaires,"<p>Travaux</p><p>CFC221.4 Fenêtres, portes-fenêtres et portes extérieures en aluminium</p><p>CFC221.4 Rénovation des fenêtres en aluminium</p>"
b0444d84-6fa0-4779-b83a-9ea8b3c98344,3027413d-8297-4308-b0b8-b928911721d5,award,2026-03-20,2.0,1,Charpentes Vial S.A.,612460.67,45214210,Travaux de construction d'écoles primaires,<p>Travaux</p><p>CFC273 Agéncement intérieur en menuiserie</p><p>CFC 282.5 Revêtements de paroi en bois</p>
addeaa2c-9435-4edd-a023-5aa9573074a9,09798a2b-37e5-439f-90e0-cec4b3ff8637,award,2026-03-20,2.0,1,Michellod SA,343288.93,45214210,Travaux de construction d'écoles primaires,<p>Travaux</p><p>CFC221.1 Fenêtres en bois métal</p><p><br></p>
4576bcde-ea6e-4aea-8630-07d755b8f5d9,06ab4d66-4ffc-4638-84ad-dc7d6fa32944,award,2026-03-20,2.0,1,Delta Türsysteme AG,659143.27,45214210,Travaux de construction d'écoles primaires,<p>Travaux</p><p>CFC273.0 Portes intérieures en bois</p><p>CFC272.0 Portes intérieures en métal</p>
1180ec2d-174e-41cd-b2bb-fda899f0651c,a1070483-400e-48b0-bfa4-118f6b5a1dbd,award,2026-03-20,3.0,1,Gruyère Métal SA,930860.9,45214210,Travaux de construction d'écoles primaires,<p>CFC 213 Construction métallique</p>
d087c3a3-8a88-4741-bb58-ace1a37c96b3,5fbb2fe6-edef-4bd0-8f69-66015fffb61a,award,0026-03-19,7.0,1,Dimensions Paysage SA,1900762.83,45214210,Travaux de construction d'écoles primaires,<p>CFC 421 Travaux d'amémagements extérieurs</p>
1473e41f-328c-450a-8a7e-ff6cf84d6e51,10ecc2d1-cb8d-4d89-8cdd-d38281473f59,award,2026-04-16,5.0,1,Climatec SA,477562.15,45331000,"Travaux d'installation de matériel de chauffage, de ventilation et de climatisation","<p>Musée de l'Hermitage - Rénovation énergétique et mise aux normes techniques du bâtiment historique</p><p><br></p><p>CFC 244 - Installation de ventilation</p><p><br></p><p>- Surface de plancher - SP : 1’710m2</p><p>- Volumen bâti – VB : 5'972 m3</p><p><br></p><p>Pour les données détaillées, voir A"
bf43e74c-0d67-402f-a7a8-3cd48f306328,f07c7d1f-719c-4652-b4f0-491e84225c54,award,2026-04-16,6.0,1,SPIE MTS SA,582795.75,45311200,Travaux d'installations électriques,"<p>Musée de l'Hermitage - Rénovation énergétique et mise aux normes techniques du bâtiment historique</p><p><br></p><p>CFC 230.0 - Installations électriques</p><p><br></p><p>- Surface de plancher - SP : 1’710m2</p><p>- Volumen bâti – VB : 5'972 m3</p><p><br></p><p>Pour les données détaillées, voir A"
31b2e0ea-a537-43b0-819a-3dc9d1161b8b,6dd0b1f0-c1c9-4f4b-a4ea-0db190c20a04,award,2026-05-07,3.0,1,MINO SA,382155.1,45232141,Installations de chauffage,"<p>Musée de l'Hermitage - Rénovation énergétique et mise aux normes techniques du bâtiment historique</p><p><br></p><p>CFC 242 - Installations chauffage et froid</p><p><br></p><p>- Surface de plancher - SP : 1’710m2</p><p>- Volumen bâti – VB : 5'972 m3</p><p><br></p><p>Pour les données détaillées, v"
0c5d9def-026d-4d1e-ba94-2603e9a22d14,20739671-3358-4a63-88ba-0332e5bbded7,award,2026-05-11,4.0,1,Joux S.A.,220232.5,45421140,"Pose de menuiseries métalliques, excepté portes et fenêtres",<p>Le marché consiste à exécuter des travaux de serrurerie pour un montant budgété à 183’900.- HT.</p>
34a2f28f-3517-414f-8f56-fbd2e12685fa,748f1732-8b7b-4c4c-b64e-abb3eddd7d82,award,2026-06-17,4.0,1,Holcim Kies und Beton AG,84873113.7,45233110,Travaux de construction d'autoroutes,<p>Près de 75% du projet A9 Sierre Est – Leuk/Susten Ost se déroule sous terre (en partibuelier le tronçon dans les tranches couvertes et le tunnel de Susten). Cela implique des volumes d'excavation et de remblayage considérables. </p><p>La majeure partie des matériaux excavés n'est pas polluée et p
feb46741-6fd7-442b-b43f-6c6d10b3d81b,b1f060e6-c852-4e2e-9960-320c15b689d3,award,2026-06-22,3.0,1,ADANI Constructions Métalliques Sàrl,253427.05,45000000,Travaux de construction,"<p>Le présent marché comprend la fourniture et pose de</p><p>l’ensemble des éléments de serrurerie suivants ; garde-corps</p><p>extérieurs en caillebotis, garde-corps intérieurs en</p><p>verre, porte local silo, grilles caillebotis de la fosse eaux</p><p>usées, armoire grillagée dans locaux engins e"
dc748e91-fd31-4e3b-a415-ca18dacb6102,f78475a4-18fb-4a54-a6a1-cccb6bba0cbf,award,2026-06-17,7.0,1,PraderLosinger SA,520218.85,45000000,Travaux de construction,<p>Démolition enrobé bitumineux : 250 m3</p><p>Terrassements : 290 m3</p><p>Grave non traitée : 160 m3</p><p>Bordures : 100 m1</p><p>Béton bitumineux : 2'930 to</p>
69033afb-99d0-42b3-aaff-f4df2ac7e4a4,91e160de-8a7e-45fd-aaa8-6c77e08c82f2,award,2026-06-22,3.0,1,Echami Echafaudages SA,417291.2,45000000,Travaux de construction,"<p>Le présent appel d’offres porte sur la fourniture, la pose et/ ou l’installation, la mise en service</p><p>et les prestations de service de maintenance au marché mis en soumission du CFH 211.10 -</p><p>Echafaudages destiné au service de la Maternité des HUG.</p><p><br></p><p>Le détail et les cara"
c6101360-6381-42a5-a44b-5150a2b1ebfb,da93c634-ec67-4ffd-9707-00913c3c1a84,award,2026-06-04,4.0,1,Orllati (GE) SA,1210949.1,45200000,Travaux de construction complète ou partielle et travaux de génie civil,<p>Selon dossier d'appel d'offres</p>
99981281-fb42-43df-935b-682064b22a7d,7c2bfbe3-b6be-408d-a2a9-3046facd7f5a,award,2026-05-11,10.0,1,Zmoos S.A.,1715768.67,45112100,Travaux de creusement de tranchées,<p>Voir annexe K2</p>
3206aec5-90f6-4ac3-bf55-5145386659a4,2ff51663-025a-4d38-a918-d7e1355d52e6,award,2026-06-17,2.0,1,Gombau AG,1537127.5,45233120,Travaux de construction de routes,<p>Baumeisterarbeiten:</p><ul><li>Belagsabbruch&nbsp;&nbsp;&nbsp;&nbsp;&nbsp;&nbsp;&nbsp;&nbsp;&nbsp;&nbsp;&nbsp;&nbsp;&nbsp;&nbsp;&nbsp;&nbsp;&nbsp;&nbsp;&nbsp;&nbsp;&nbsp;&nbsp;&nbsp;&nbsp;&nbsp;&nbsp;&nbsp;&nbsp;&nbsp;&nbsp;&nbsp;&nbsp;&nbsp;&nbsp;&nbsp;1150 m2</li><li>Aushub/Abtrag&nbsp;&nbsp;&n
7426412c-ce91-4ac7-81bc-6c0f81bbf849,3c1f0b35-bb7c-4e83-b155-f1c0c6e00a9a,award,2026-06-22,2.0,1,ALVAZZI GROUPE SA,932542.65,45331200,Travaux d'installation de matériel de ventilation et de climatisation,<p>La présente demande d’offre concerne l’adaptation des réseaux existants d’eau industrielle et froid du</p><p>bâtiment de Chimie (CH) sur le campus de l’EPFL. L’objectif général du MO est de compartimenter l’eau industrielle et de limiter sa distribution à une sous-station.</p><p><br></p><p>Ces ad
41152621-abca-4853-bb0f-6ff5c8dbed2e,0360570a-6cac-44b6-8c1f-ab1a38469473,award,2026-06-19,2.0,1,M&R Groupe SA,364558.5,45262321,Travaux de chape,"<p>Pour répondre à la forte croissance du nombre d’étudiant(e)s tout en préservant son excellence pédagogique, l’EPFL lance le Double Deck, un projet ambitieux pour adapter et étendre ses infrastructures, il s’agit de la création d’un nouveau pôle de formation au cœur du campus.</p><p>Le projet a de"
9d62beb0-0b24-41be-93de-25e30897ffcc,2ecd042e-abf9-422a-997a-bcde3ebe6d65,award,2026-06-10,3.0,1,BATIMETAL SA,736383.0,45000000,Travaux de construction,<p>Le présent marché comprend la fourniture et pose de 15</p><p>lanterneaux - vitrages de toiture plate pour le collège</p><p>intercommunal du Bix à Arzier-Le Muids.</p>
06eab827-7d58-4027-88ab-98db41f84f5f,6c0aa890-d8d7-4a42-9426-279a46f2e4bd,award,2026-06-16,2.0,1,Berndorf Bäderbau Schweiz AG,1769328.22,45212212,Travaux de construction de piscines,<p>Revêtement complet du bassin en acier Inox de la piscine communale d'Aubonne</p>
cd44e330-82d0-448e-be1e-8569a17c03d9,9105db18-a350-4615-b7b2-602a74a88b0e,award,2026-06-18,2.0,1,Fehlmann Wasseraufbereitung AG,1079811.57,45212212,Travaux de construction de piscines,<p>Nouveau système de traitement de l'eau de baignade pour la piscine communale d'Aubonne.</p>
b4f289d4-2d5d-4d73-9e7f-89ccfcf618a0,2d12f620-80de-44e7-bae6-330e984aed99,award,2026-06-09,2.0,1,Gaëtan Rossier & Fils SA,249623.3,45431000,Carrelages,<p>Le présent marché porte sur la fourniture et la pose des revêtements en carrelage et en pierre naturelle pour le projet.</p>
ff9835f6-7877-41d2-ab74-7b6575a23995,5268bc21-1c66-41bd-a239-3af93f4b58fc,award,2026-06-09,1.0,1,L&F SOLS SA,103904.95,44112240,Parquet,<p>Le présent marché porte sur la fourniture et la pose des revêtements de sols en bois et de moquette pour le projet.</p>
fff14ac4-4fff-4359-9c9a-01121ef2c766,6a166e2a-dd46-4810-a2d8-1fba0febf8ad,award,2026-02-17,2.0,1,R.E.A. LIFT SA,73295.04,45000000,Travaux de construction,<p>Le bâtiment Central de l'Université des Bastions est en cours de transformation et rénovation.</p><p><br></p><p>Cet appel d'offres concerne la fourniture et le montage de trois plateforme élévatrices.</p>
76b25ac0-1ae6-4d09-8895-aba732826929,69b5ffbb-d0c6-4c6d-9f18-955ec62ce02b,award,2026-04-24,2.0,1,Biedermann SA,299652.98,45000000,Travaux de construction,"<p>Le bâtiment Central de l'Université des Bastions est en cours de transformation et rénovation.</p><p><br></p><p>Cet appel d'offres concerne les soubassements et plinthes patrimoniaux qui sont à rénover et à compléter avec des nouvelles à l'identique des existantes, dans l'ensemble du bâtiment. </"
d1c3a920-f3fe-454c-981e-ee183d1eba9f,96af7a2b-ae95-45b7-8331-3991a90656a2,award,2026-05-06,2.0,1,Biedermann SA,66584.07,45000000,Travaux de construction,<p>Le bâtiment Central de l'Université des Bastions est en cours de transformation et rénovation.</p><p><br></p><p>Cet appel d'offres concerne la rénovation et le remplacement (quand l'état existant ne permet pas d'être rénové) des encadrements des fenêtres et portes-fenêtres à valeur patrimoniale.<
7284cfc3-9c5a-4d78-b2f7-afe5c1bf983a,26721d6e-c9ed-427b-b793-d08f85e080ad,award,2025-03-06,4.0,1,Barro et Cie SA,856518.04,45000000,Travaux de construction,"<p>Le bâtiment Central de l'Université des Bastions est en cours de transformation et rénovation.</p><p>Cet appel d'offres concerne l'assainissement des embrasures patrimoniales existantes munies de simples vitrages (se référer au ""Fenêtres - Guide de bonnes pratiques, novembre 2015"").</p><p>Selon l"
46a7e6f7-9809-4382-b904-ebcd8b99b6f7,245d72c4-654c-4ee0-b571-bf975545733c,award,2026-05-12,3.0,1,Storama AG für Sonnen- und Wetterschutz-Technik,449964.8,45214220,Travaux de construction d'écoles secondaires,<p>Fourniture et pose de stores en toile extérieurs pour le futur gymnase du Chablais à Aigle.</p>
46413d28-0572-44b1-8e74-3309a5f122b4,9561f4b7-8162-4bc7-b0bd-4834d54162b5,award,2026-06-09,5.0,1,Dénériaz Bâtiment et Infrastructures SA,2313710.3,45262500,Travaux de maçonnerie et de briquetage,<p>Travaux de maçonnerie</p>
3715ea6e-c37a-42b9-a512-24be84a29cbe,cfd2c625-be2a-41fb-b44b-d2c1825b6bab,award,2026-06-09,6.0,1,Grichting & Valterio Electro SA,629012.8,45315400,Installations haute tension,<p>Travaux d'installation à courant fort</p>
9f7a8a75-f67a-4b87-8783-0dc683aa1030,ef1dccd9-7c70-4340-9bbc-aec964379357,award,2026-06-09,6.0,1,Marcel Bonvin et Fils SA,437207.15,45232141,Installations de chauffage,<p>Travaux d'installation de chauffage</p>
dca96ab7-7d5f-4cca-bf92-7f4532e66563,1a1830ff-6380-4b08-8142-41a315f5e230,award,2026-06-09,6.0,1,Energi.eau Sàrl,337093.85,44411000,Appareils sanitaires,<p>Travaux de fourniture et pose des appareils sanitaires</p>
a33936c3-169b-46f9-8e14-c5edfa24e7cc,6f0f118a-6202-47ec-8c74-c4181f39070e,award,2026-06-15,2.0,1,Walpen AG Hoch- und Tiefbau,2362860.0,45000000,Travaux de construction,"<p>Im Rahmen der FbE Merjen-Kalpetran soll der Substanzerhalt und die Verfügbarkeit der gesamten Infrastruktur im Abschnitt zwischen km 17.750 und km 19.350 gewährleistet werden. Es handelt sich um einen Streckenabschnitt in einer gebirgigen, schlecht zugänglichen Umgebung, am Osthang des endenden M"
9d760cd8-a36f-4cbd-80e0-00aafc142e9e,e1385df2-f167-41aa-8538-bfd288629e09,award,2026-06-11,6.0,1,Evéquoz SA,645138.25,34929000,Matériaux de construction autoroutière,<p><strong>Restructuration de la route des Mayens de Vernamiège</strong></p><p><br></p><p><u>Travaux de génie civil liés à l'ouvrage susmentionné:</u></p><p>- Réfection complète et amélioration de la superstructure de la chaussée ;</p><p>&nbsp;&nbsp; - Et amélioration des conditions de visibilité du
0a15d73c-7648-4a00-b909-09e921aa407b,f416e83a-c0de-4952-a7d2-abf1ca2c35cb,award,2025-05-23,4.0,1,"Grisoni-Zaugg S.A., succursale Saint-Légier-La Chiésaz",1473583.1,45000000,Travaux de construction,"<p>Commune de Blonay - St-Légier - Rte de la Chaniaz</p><p>Réfections de la chaussée, de grilles de routes, de chambres, de collecteurs EC et EU, de BH et d'éclairage public et création d'un trottoir franchissable. </p>"
d3968a9c-425b-4f22-9b35-5075914bfb81,1f425795-88ea-4f21-ab7d-6793dcccea2b,award,2026-06-14,11.0,3,Frutiger SA Vaud; Mato Fernando Sàrl; Perrin Frères SA,15883419.47,45262500,Travaux de maçonnerie et de briquetage,<p>Le marché concerne tous les travaux de maçonnerie à réaliser sur le campus de l’EPFL dans le cadre de travaux de rénovation ou de transformation. </p><p><br></p><p>Une grande partie des articles de la soumission concernent la rénovation des toitures et des terrasses de la première étape de l’EPFL
fe5af36b-b345-4a19-8915-4cdc818c1278,362f60f5-bc50-428d-b1e7-cd12422b6fc4,award,2026-06-11,2.0,1,FORM.C SARL,279609.3,45210000,Travaux de construction de bâtiments,"<p>Rénovation de deux bâtiments (Villa Prins, Rural) et construction d'un bâtiment de logements et de commerces.</p>"
6628ed0e-9da2-45d0-9703-062979e3b7a5,95c255ac-ef7b-41e0-b3e1-6a43a3139ff9,award,2026-06-12,4.0,1,FORM.C SARL,379838.54,45210000,Travaux de construction de bâtiments,"<p>Rénovation de deux bâtiments (Villa Prins, Rural) et construction d'un bâtiment de logements et de commerces.</p>"
1c20bde2-fe05-489d-9d33-e70ab0e5af71,e4b8e875-a52d-454d-9fbf-b6fc6137b138,award,2026-05-27,5.0,1,Gombau AG,2065322.35,45233120,Travaux de construction de routes,"<p>Baumeisterarbeiten:</p><ul><li>Belagsabbruch								580 m3</li><li>Aushub, Abtrag								3'690 m3</li><li>Spritzbeton									630 m2</li><li>Temporäre ungespannte Anker 	160 St. </li><li>Rohrleitungen 								480 m</li><li>Schächte 										18 St.</li><li>Randsteine 									314 m</li><li>Fundat"
582ed2da-6eb2-447b-bb79-e562afaf5afb,6b32f211-6119-4ae9-aabe-bd05319215e9,award,2026-05-27,4.0,1,PraderLosinger SA,360770.1,45000000,Travaux de construction,<p>Démolition de béton bitumineux (yc fraisage) : 230 m3</p><p>Fraisage d’enrobé : 3’185 m2</p><p>Terrassements : 430 m3</p><p>Grave non traitée : 305 m3</p><p>Bordures granit : 172 m1</p><p>Béton bitumineux : 592 to</p><p>Mur en moellons : 25 m2</p>
ae6e4ec6-289d-43ed-909c-a238b0432e09,c85d5a88-4d19-4766-b655-0eb748808542,award,2026-06-05,2.0,1,"Grisoni-Zaugg SA, succursale de Domdidier",846314.75,45000000,Travaux de construction,"<p>Projet de réaménagement routier à l’entrée Ouest de Donatyre, comprenant la réfection de 2’350 m² de chaussée, l’élargissement du gabarit pour la création d’un trottoir de 1,5 m sur 250 m, la démolition de 9 murs et la reconstruction de 7 murs de soutènement pour une longueur totale de 350 m, ain"
f5681e06-724c-4b24-9f6a-c045897f8c32,301e6a79-4aa8-47d3-9322-e57fdc8a76b4,award,2025-04-03,2.0,1,Soleol SA,203900.0,45000000,Travaux de construction,<p>Fourniture et pose de panneaux photovoltaïques</p>
ce48762a-c791-4a58-a80e-5d9041f29a79,c48252fa-f7d9-4900-85e0-584151d3f2f6,award,2025-03-27,3.0,1,Atelier Volet Charpentier/Bâtisseur SA,1891757.0,45000000,Travaux de construction,<p>Rénovation complète de la façade</p>
dd54a1b4-d315-4816-b646-a349dfc64224,0310c931-780a-40fe-919e-4e40f86810d8,award,2026-06-06,4.0,3,Conrad Kern Vaud SA; ES Echafaudages Services SA; Vectur S.A.,4105211.01,45262100,Travaux d'installation d'échafaudages,"<p>Le présent marché couvre toutes les prestations de fourniture et mise en place d’échafaudages sur le site de l’EPFL, tant à l‘extérieur pour les travaux en toiture ou en façade qu‘à l‘intérieur pour des travaux de rénovation. </p><p><br></p><p>De nombreux chantiers sur les toitures de l’EPFL néce"
03a6c875-149a-4a1d-a9c4-bfdb1a93a1bb,bb3c3391-1814-4f33-bc33-7086db6b8f4a,award,2026-06-06,4.0,3,BBL SA; Etico SA; PHIDA Étanchéité (VD) SA,17185635.31,45261410,Travaux d'isolation de toiture,"<p>Le marché concerne tous les travaux d’étanchéité à réaliser sur le campus de l’EPFL, notamment dans le cadre de travaux de rénovation de toitures plates. </p><p><br></p><p>Les toitures des bâtiments de la première étape de l’EPFL ont vieilli et nécessitent une rénovation totale. Les chefs de proj"
35f7fceb-7ad1-4db9-8b4d-3acd099670ba,d8a0e633-6118-4740-91ed-64d71b750f8b,award,2026-06-05,3.0,1,Furrer + Frey AG,2143313.46,45000000,Travaux de construction,"<p>Le projet intègre les travaux de renouvellement de la ligne de contact entre Villeneuve (VD) et Saint-Maurice (VS), sur la Ligne 100 Lausanne - Brig.</p><p>Le périmètre des travaux est divisé en plusieurs tronçons en fonction du type de&nbsp;travaux :</p><ul><li>Tronçon Villeneuve – Bex (km 30.57"
04d2f502-8858-4b9f-9ad7-b547d931a88f,7cf072d0-a427-400b-a110-9d9a512be272,award,2026-06-06,2.0,1,Orllati (VD) SA,17125754.25,45112500,Travaux de terrassement,"<p>Le projet Advanced Science Building (ASB) de l’EPFL vise à créer un ensemble de laboratoires de très haute technologie répondant à des exigences strictes en matière de vibrations, de champs électromagnétiques, de stabilité thermique et de contrôle hydrométrique. Implanté sur le campus, à l’emplac"
c006c5a2-b9dd-43ef-96bc-cda372a16dfa,b33e195a-2572-4381-b726-dc90a9407481,award,2026-05-27,5.0,1,Evéquoz SA,256068.5,45000000,Travaux de construction,<p>Démolition de béton bitumineux (yc fraisage) : 200 m3</p><p>Fraisage d’enrobé : 3’535 m2</p><p>Terrassements : 340 m3</p><p>Grave non traitée : 200 m3</p><p>Bordures granit : 30 m1</p><p>Béton bitumineux : 542 to</p><p>Béton armé : 20 m3</p>
63622bf7-504a-43c1-b89a-01c963cb80ad,0917235f-7e22-4cfe-afde-6b829a795fc7,award,2026-06-05,3.0,1,BBL SA,419218.29,45261000,Travaux de charpente et de couverture et travaux connexes,<p>Le présent projet sur les travaux d’étanchéité liés à la rénovation des toitures et terrasses du bâtiment Centre-Est (CE) au niveau 02 du campus EPFL à Ecublens.</p><p><br></p><p>Le présent mandat concerne le CFC 224.1 Couches d’étanchéité toitures plates.</p><p>&nbsp;</p><p>Il comprend les prest
56a5b5b1-fe0e-486a-914d-88607f9a8d96,fe5c49b0-4836-48ef-bcff-ebed48a991b3,award,2026-05-27,3.0,1,Epiney Construction SA,399770.0,45000000,Travaux de construction,<p>Terrassements : 300 m3</p><p>Bordures&nbsp;: 220 m1</p><p>Béton bitumineux : 300 to</p><p>Mur poids : 130 m2</p><p><br></p>
2163254e-0df8-467f-abd7-366591954205,adcbe570-5def-414c-844d-cacc1456e4c8,award,2026-03-24,6.0,1,FWD Architectes SA,1231295.0,71200000,Services d'architecture,"<p>Cet appel d’offre porte sur un mandat d’architecte, pour le compte du Canton de Vaud, portant sur les études et les travaux de conservation-restauration des prochaines étapes de la campagne centennale du Château de Chillon, soit les enveloppes des corps de bâtiments côté lac.</p>"
1f4125e1-e270-4f50-b16e-ba15cdd03e7c,8185088f-16cc-4ab2-b614-340c95ba7031,award,2026-05-01,2.0,1,Blumer-Lehmann AG,1680000.0,45000000,Travaux de construction,"<p>Le présent appel d’offre a pour but de sélectionner une entreprise générale pour la réalisation d’une APEMS de 60 élèves (Accueil Pour Enfants en Milieu Scolaire) et pour la démolition d’un pavillon existant.</p><p>L’entreprise adjudicatrice aura à charge d’étudier, de réaliser et de mettre en se"
762764a4-9510-491b-91c1-244e945ae12a,fe5df020-38b8-42b1-83d5-6070201be275,award,2026-06-01,7.0,1,Evéquoz SA,1039779.6,45000000,Travaux de construction,"<p>Exécution des travaux de génie civil pour la réalisation du CAD de Conthey sur la route des Rottes Est, mise en séparatif du réseau d’eaux claires, réaménagement des trottoirs (bordures) et remise en état de la chaussée.</p><p>La mise en soumission concerne le tronçon se situant depuis le giratoi"
783a54d9-2119-4bd9-ad59-d7ae32c4847d,420f3cef-572f-435d-b487-e66d7b50d32f,award,2026-06-01,4.0,1,DIRREN Maler und Gipser GmbH,188856.15,45214300,Construction d'établissements d'enseignement supérieur,<p>BKP 226 Fassadenputze</p>
009a45c8-372f-4299-991d-50cd5db8829e,9d3254ef-aa8d-4bc9-97ac-95906dd8105d,award,2026-05-12,2.0,1,KONE (Schweiz) AG,38544.35,45313100,Travaux d'installation d'ascenseurs,<p>Travaux d'installation d'ascenseur avec contrat d'entretien et de maintenance.</p>
ab056a15-198c-45dc-a715-56981f91163a,39715eea-9d10-45de-a773-bf4f5788dd22,award,2026-05-12,6.0,1,MELLY CONSTRUCTIONS SA,396928.3,45112500,Travaux de terrassement,<p>Travaux de terrassement.</p>
3bf86a1c-9a54-4427-8a12-690b166c328b,649829b3-2b4c-413a-b71b-bfbd6965af0b,award,2026-05-13,2.0,1,Coutaz CVS SA,1843711.2,09324000,Chauffage fourni à grande distance,<p>&nbsp;Fourniture et mise en place des équipements hydrauliques et de chauffage à Crans-Montana</p>
1e093781-d0b3-456b-9a86-5bbc3e149c62,ecd4db48-50d5-4671-91f5-4c237f7455bc,award,2026-05-22,7.0,1,SED,1725196.0,45237000,Travaux de construction de scènes,"<p>L’objet du présent marché porte sur la fourniture et la réalisation de l’intégralité du mobilier de l’exposition et comprend surtout de la menuiserie mais également de la réalisation de vitrine et de la peinture.</p><p>Le descriptif complet du marché, ses détails techniques et les exigences de la"
042402da-e4f8-46eb-bd30-74f1f8f430d3,2b7ff695-e228-4b87-a87b-809b893089e1,award,2026-05-12,1.0,1,Entreprise CHAVAZ SA,120722.84,45000000,Travaux de construction,"<p>Rénovation de deux bâtiments (Villa Prins, Rural) et construction d'un bâtiment de logements et de commerces.</p>"
60b81218-0300-42a4-a629-b3ee49883ffb,9a7d3014-1a2e-4f5b-9075-283231be7f57,award,2026-05-13,2.0,1,Ginox SA,73798.36,45212000,"Travaux de construction de bâtiments destinés aux loisirs, aux sports, à la culture, à l'hébergement et de restaurants","<p>Rénovation de deux bâtiments (Villa Prins, Rural) et construction d'un bâtiment de logements et de commerces.</p>"
78a54515-ec9c-4472-966a-5dfe517f608b,2b1bcfd3-b57c-44ff-8c46-75181e1baea2,award,2026-05-07,1.0,1,FRIGO-CLINIQUE SA,69703.55,45212000,"Travaux de construction de bâtiments destinés aux loisirs, aux sports, à la culture, à l'hébergement et de restaurants","<p>Rénovation de deux bâtiments (Villa Prins, Rural) et construction d'un bâtiment de logements et de commerces.</p>"
1139bd64-cdc2-46ce-97a5-a967d9e4defd,065fdf98-8638-47aa-ac20-9d7501fb0975,award,2026-05-28,7.0,1,Implenia Schweiz AG,521688.3,45000000,Travaux de construction,"<p>Exécution des travaux de génie civil pour le renouvellement des réseaux industriels (électricité et gaz principalement) et la réalisation du Chauffage à distance (CAD) de Crans-Montana – secteur Marigny 2026, sur la Route de Marigny. </p><p><br></p><p>La mise en soumission du CAD et les services "
56ea671c-bbb1-4c5a-b21e-eb06fbeae0a4,c2feec16-18cd-49d6-82b0-e0085011a377,award,2026-05-29,4.0,1,Marti Construction SA,866940.81,45261000,Travaux de charpente et de couverture et travaux connexes,<p>Le présent projet sur les travaux de maçonnerie liés à la rénovation des toitures et terrasses du bâtiment Centre-Est (CE) au niveau 02 du campus EPFL à Ecublens.</p><p><br></p><p>Le présent mandat concerne le CFC 211 Travaux de maçonnerie.</p><p>&nbsp;</p><p>Il comprend l’ensemble des prestation
8e0607c8-2775-4bac-8f13-28190390c4a0,32e8a779-26ed-4a82-928e-af1e3b9361f9,award,2026-03-06,1.0,1,Sécheron SA,3972434.42,45234170,Travaux de construction de sous-stations électriques à usage ferroviaire,"<p>Le périmètre des prestations techniques comprend l’étude, la fourniture, l'installation, les essais et la mise en service de l'ensemble des équipements de traction (DC) de quatre sous-stations 1500VDC, toutes commutables 900VDC qui est la tension d'exploitation actuelle. La mise en service des no"
4228e473-12e6-49d7-a8b7-47f84ac128c2,e1013b5e-5233-4741-bde5-58db996b8ade,award,2026-04-14,3.0,1,Dénériaz Bâtiment et Infrastructures SA,2914285.62,45000000,Travaux de construction,<p>Selon dossier d'appel d'offres.</p>
8ef712e3-e8ab-45f7-b12c-aeeecbee9753,445e4f07-ca18-486b-8b77-696bc0e9401c,award,2026-04-20,7.0,1,Climatec SA,395847.0,45331210,Travaux d'installation de ventilation,<p>Le marché consiste à exécuter des travaux d’installations de ventilation pour un montant budgété à 404’900.- HT.</p>
d6e7247f-1eb4-402a-b425-1b7c68628807,9a151feb-473f-420e-83c4-07cfb1bc56cf,award,2026-07-23,3.0,1,Entreprise Vaudan SA,427846.35,45000000,Travaux de construction,<p>Stabilisation de talus</p><p>Longueur du tronçon : 500 m'</p><p>Etendue du marché :</p><p>- Terre armée : 94 m2</p><p>- Tirant d’ancrage et forage : 75 ml</p><p>- Pieux et forage : 64 ml</p><p>- Coffrage : 105 m2</p><p>- Béton : 25 m3</p><p>- Enrobés bitumineux : 117 to</p><p>- Sacs dépotoirs et 
eeb790cb-3fe8-4786-9f3d-8207da7a7d22,e9bd1ea5-43a0-42dc-a501-4f38973c8cf2,award,2026-07-22,4.0,1,Delta Türsysteme SA,305604.1,45000000,Travaux de construction,"<p>Le Lycée-Collège de Saint-Maurice accueille environ 1'100 élèves encadrés par une centaine d’enseignants. Fort d’une longue tradition éducative, ce lieu emblématique joue un rôle clé dans la formation gymnasiale du canton du Valais, et jouit d’une renommée confirmée.</p><p>L’établissement est rép"
07c30576-a6e5-4319-8668-8f8ba0be5e86,91a62e0d-2ed1-4ca6-8e6d-6017e8ea2472,award,2026-06-10,6.0,1,SPIE MTS SA,819884.45,45000000,Travaux de construction,<p>Le projet concerne la transformation partielle et l'agrandissement de l'école de Puplinge.</p><p>Le présent appel d'offres traite des travaux d'installations électriques.</p>
2b101ed9-8837-477a-93a7-3eac98233349,bd379781-3403-4eac-9c7f-02228d0b1f69,award,2026-07-27,9.0,1,Sedelec SA,186582.95,45000000,Travaux de construction,<p>Le projet concerne la transformation partielle et l'agrandissement de l'école de Puplinge.</p><p>Le présent appel d'offres traite des travaux d'installation photovoltaïque.</p>
2e78ede6-e045-4589-863d-e6b1100efb90,418af961-f08d-4a08-8fc8-91e9c5a35a7a,award,2026-07-22,4.0,1,Gyger Metallbau AG,453597.8,45214300,Construction d'établissements d'enseignement supérieur,<p>BKP 215 Montagebau als Leichtkonstruktion - Wendeltreppe</p>
0290838e-4edf-4ce6-93d3-8a2102dafb0f,7c5d41b6-4884-43e9-9a40-2fee5ec4a332,award,2026-07-28,3.0,1,HelvePark SA,353436.15,45200000,Travaux de construction complète ou partielle et travaux de génie civil,<p>Construction d'un skatepark en béton</p>
5307e919-893e-43fe-8455-57ae981ab55c,6a70bb77-ec8d-45c1-88ae-7d10559e9982,award,2026-05-12,4.0,1,Barro et Cie SA,2077836.0,45000000,Travaux de construction,<p>Fenêtres bois-métal.</p><p>Lot 11A : cadres hors verres</p><p>Lot 11B : verres sans cadres</p>
b28eb7d4-2b13-4669-a79c-e4b51d90977f,1825d1c2-12f4-4ba9-8d07-38225d87b815,award,2026-05-28,2.0,1,Etico SA,605525.5,45000000,Travaux de construction,<p>Etanchéités spéciales et isolations spéciales des parties d'ouvrages enterrées.</p>
9dc3acc1-b838-4e85-ab56-0a0118622dba,4ec7485c-373c-4cea-bc21-d9b1e7188026,award,2026-06-11,4.0,1,Von Ro Echafaudages SA Lancy,355153.09,45000000,Travaux de construction,<p>Echafaudages</p>
dbfec85f-5f58-40d7-a949-f673e436a066,0f1b1bbb-4829-48b5-963c-91cc7bde7d7d,award,2026-05-28,3.0,1,Geneux Dancet SA,775779.55,45000000,Travaux de construction,"<p>Le présent marché a pour objet les travaux de rénovation des toitures existantes du bâtiment de la Haute École de Santé (HEdS), situé chemin Thury 6 à Genève.</p><p>Les prestations comprennent notamment :</p><ul><li>la dépose sélective des couches de toiture non polluées, en coordination avec une"
ace49758-a116-4399-b3d7-669b05a32db4,c5056b53-42ef-4155-9d30-d3cddfe9b34b,award,2026-07-02,4.0,1,"Gasser, Construction et Génie Civil S.A.",585973.25,45000000,Travaux de construction,<p>Voir les documents d'appel d'offres</p>
a6e0dca4-63ee-473f-9aa6-55f0f063724d,f95d5750-3f92-4cf7-9e8b-c3af664fde06,award,2026-02-19,2.0,1,Prelco Préfabrication d'Eléments de Construction SA,313490.0,45000000,Travaux de construction,<p>Eléments de façade préfabriqués en béton</p>
a660bcf8-d888-43f2-88c4-1614d2a57dae,b2950195-ecf8-43e6-9a80-66b7662194ca,award,2026-05-13,3.0,1,JPF-DUCRET SA,3598999.34,45000000,Travaux de construction,<p>Charpente en bois</p>
aa969202-88d0-4f13-9667-5ff6704ed4b0,7d356833-7899-4b4c-9310-470a7f9a990c,award,2026-07-24,4.0,1,Herren Frères et Cie,1967537.0,45231300,Travaux de construction de conduites d'eau et de canalisations d'eaux usées à grande distance,<p><strong>Construction de la conduite de transport d’eau potable entre les réservoirs de Giez et le réservoir interrégional de Grandson.</strong></p>
af5248d0-6e22-4f36-a501-57f5eadf911e,9754c638-173b-4241-83a2-e9a679f81590,award,2026-07-24,2.0,1,ERNEST GABELLA S.A.,4944407.0,45231300,Travaux de construction de conduites d'eau et de canalisations d'eaux usées à grande distance,<p><strong>Construction de la conduite de transport d’eau potable entre le réservoir interrégional de Grandson et le secteur Le Pécos.</strong></p>
9ea73001-a034-4de6-a794-6c05eb2b5d80,eff3284b-4071-450f-9665-ea239b6e76b5,award,2026-06-22,8.0,1,FFA SA,1077924.41,45233140,Travaux routiers,"<p>Travaux de génie civil pour la requalification complète du chemin communal avec fouilles profondes pour la réalisation d’un système d’évacuation des eaux usées en séparatif. Reprise des eaux claires et eaux usées des différents privés, remplacement de conduites d’eau sous pression et conduites de"
d1862e2e-99f7-434b-89ea-bfc86f8ff670,4fbdbe09-503e-4aa5-b9ed-f3b5ddf4a244,award,2026-07-23,2.0,1,AGV Toni SA,1942413.15,45212212,Travaux de construction de piscines,"<p>Travaux de GO et maçonnerie pour l’assainissement de la piscine communale. </p><p>Exécution des travaux de démolition, construction en béton et rénovation des bâtiments a service des installations de baignade.&nbsp;</p><p>Démolition véranda existant, tête du bassin, plongeon,plages et pataugeoire"
60b6680b-cac8-453c-961f-60d14cc95846,b0aee9f3-12b5-42ac-84df-b1ee618cfbdf,award,2025-10-27,11.0,1,Moll S.A. Travaux spéciaux,257985.6,45000000,Travaux de construction,"<p>Le présent marché porte sur la fourniture et la mise en œuvre de revêtements de sol sans joints en résine bi-composants, y compris tous les travaux préparatoires propres.</p><p>Il court jusqu'à la remise de l'ouvrage.</p><p><br></p>"
f79c167b-367c-4028-a58a-60fe57a0737d,5bffb6af-cea6-4709-b14c-43d02b9aab99,award,2026-07-17,2.0,1,BBL SA,178753.95,45000000,Travaux de construction,"<p>Le Lycée-Collège de Saint-Maurice accueille environ 1'100 élèves encadrés par une centaine d’enseignants. Fort d’une longue tradition éducative, ce lieu emblématique joue un rôle clé dans la formation gymnasiale du canton du Valais, et jouit d’une renommée confirmée.</p><p>L’établissement est rép"
d166376e-2566-40c2-a60f-8271b0af8194,93478f1f-5c42-4873-84aa-bb74c3c013fa,award,2026-07-14,3.0,1,EUROmodul Schweiz AG,2643375.0,45000000,Travaux de construction,<p>voir documents.</p>
09a072ab-072f-4e77-ab24-dd1dce52ca3b,976526b5-13e3-4245-9faa-8b993be8a2bc,award,2026-07-21,3.0,1,"Truchet, Jardinier SA",40819.82,45111000,"Travaux de démolition, travaux de préparation et de dégagement de chantier",<p>Les travaux concernent la réfection des aménagements extérieurs sur le site carcéral de Champ-Dollon.</p>
49657a58-7150-480b-a31b-d3832a7ebc38,bd4a9719-b906-495e-b7c2-78d85a901693,award,2026-06-26,5.0,1,PraderLosinger SA,659415.45,34946200,Matériaux de construction de voies ferrées,"<p>Dans le cadre d’un clustering complet de la ligne Bex – Villars-sur-Ollon s’étalant de mi-mars 2026 à fin novembre 2026, les TPC SA souhaitent procéder au renouvellement des appareils de voie en gare de Villars-sur-Ollon (Canton de Vaud).</p><p><br></p><p>Le marché englobe les prestations suivant"
6df12b96-8063-4b29-91d8-26a92a95617c,a53d65ae-df5c-42e0-946f-3074dcfe55f5,award,2026-07-17,11.0,1,Zanoni Constructions Métalliques SA,158678.29,45000000,Travaux de construction,<p>Construction d'un nouveau Campus pour les besoins de l'EDHEA (Ecole de Design et Haute Ecole d'Art) et de l'Ecole de Couture du Valais à Sierre.</p><p>L'objectif du nouveau Campus est de créer des espaces d'apprentissage et de travail ainsi que des salles de classe fonctionnelles et adaptées aux 
51924cad-ac18-410e-85fc-ea50d4999d94,dd8a0e42-0ae4-4b23-8376-378980c7ecf8,award,2026-07-17,2.0,1,Schenker Storen AG (Schönenwerd),101000.1,45000000,Travaux de construction,"<p>Le Lycée-Collège de Saint-Maurice accueille environ 1'100 élèves encadrés par une centaine d’enseignants. Fort d’une longue tradition éducative, ce lieu emblématique joue un rôle clé dans la formation gymnasiale du canton du Valais, et jouit d’une renommée confirmée.</p><p>L’établissement est rép"
adca2dad-418a-4e46-95d2-29220c92ffa4,25ab58cf-c541-487e-a956-721184167405,award,2026-07-17,3.0,1,IPSA Isolations SA,486853.79,45000000,Travaux de construction,"<p>Pour répondre à la forte croissance du nombre d’étudiant(e)s tout en préservant son excellence pédagogique, l’EPFL lance le Double Deck, un projet ambitieux pour adapter et étendre ses infrastructures, il s’agit de la création d’un nouveau pôle de formation au cœur du campus.</p><p>Le projet a de"
feca42bc-5ef4-492f-88c6-e6622940026c,3d50c790-644c-4aa1-9fd2-ac7207bdcdcd,award,2026-06-18,9.0,1,Solstis SA,459425.0,45214220,Travaux de construction d'écoles secondaires,<p>Fourniture et pose de panneaux photovoltaïques pour le futur gymnase du Chablais à Aigle.</p>
c5f72203-50e5-438f-a1bc-9c1c3d6218ae,8458a69e-dee0-4af7-b48f-ad0456f4b6f1,award,2026-07-15,1.0,1,Fumeaux SA,168419.95,45231110,Travaux de pose de conduites,"<p>Fourniture et pose d’une conduite d’eau pression en fonte, sur le tracé du chemin pédestre entre Baar et Aproz, y compris raccordements au réseau existant.</p>"
a813be3a-5ca9-43f6-a772-a21ed32c3f1a,9fa04719-78ea-4323-b44b-39ecba9ef3c8,award,2026-07-08,4.0,1,Gruner AG,546539.3,71300000,Services d'ingénierie,"<ol><li>Prestations d'ingénieur civil spécialisé en projets routiers</li><li>Prestations d'ingénieur civil spécialisé en ouvrages d'art</li><li>Prestation d'ingénieur hydrogéologue et géotechnicien</li><li>Soutien technique auprès du maître d'ouvrage dans les domaines de l'hydrogéologie, de la géote"
8fea93bf-35d8-44fe-b232-7164ddf8bfb8,f7c63501-aa1a-4214-81e7-a737b05b12c7,award,2026-06-30,1.0,1,Swiss Confection Sàrl,183017.62,45000000,Travaux de construction,"<p>Rénovation de deux bâtiments (Villa Prins, Rural) et construction d'un bâtiment de logements et de commerces.</p>"
3de593f9-1f2a-4d80-94be-7e02c0b4d11b,e0ccde34-e8e5-4376-9d5a-4537a8eea6df,award,2026-06-30,1.0,1,"G. Cacciamano, Stéphane Bertacchi successeur SA",168297.8,45000000,Travaux de construction,"<p>Rénovation de deux bâtiments (Villa Prins, Rural) et construction d'un bâtiment de logements et de commerces.</p>"
be2869b0-7185-4de3-a6bc-c1e77566c14f,7a09fd42-48d7-44e8-a630-12d5d706a9c2,award,2026-06-30,4.0,1,Menuiserie Erbeia Sàrl,355340.1,45421000,Travaux de menuiserie,"<p>Rénovation de deux bâtiments (Villa Prins, Rural) et construction d'un bâtiment de logements et de commerces.</p>"
18cda05f-9b38-41c4-a5cc-7c9e1fb6495d,d2fedc8c-3abb-4198-a0d9-e4120688a6bd,award,2026-07-03,3.0,1,André SA,304149.79,45000000,Travaux de construction,"<p>Rénovation de deux bâtiments (Villa Prins, Rural) et construction d'un bâtiment de logements et de commerces.</p>"
326394de-ddb6-49b6-be85-c992360bddc9,a1f1ab81-07d1-4dc8-9c4e-cd4577640d31,award,2026-07-13,3.0,1,"Lami SA, bureau d'études et atelier de dessins",77000.0,45000000,Travaux de construction,"<p>Le présent appel d’offre est composé d’un lot unique, décomposé par phases SIA. </p><p><br></p><p>Le projet consiste à remplacer une partie des installations électriques (tableaux divisionnaires lot 1) du site hospitalier de Belle-Idée situé dans la commune de Thônex. </p><p><br></p><p>Le périmèt"
37379fbd-000c-4a6e-aa0b-516ae39b3428,c51bd465-2365-4901-adb2-f9f7058d6a71,award,2026-07-08,9.0,1,Bitz & Savoye SA Constructions métalliques,588683.7,45000000,Travaux de construction,"<p>Le Lycée-Collège de Saint-Maurice accueille environ 1'100 élèves encadrés par une centaine d’enseignants. Fort d’une longue tradition éducative, ce lieu emblématique joue un rôle clé dans la formation gymnasiale du canton du Valais, et jouit d’une renommée confirmée.</p><p>L’établissement est rép"
17d539a2-3f6b-483c-aa1c-934a574f8a68,a84de5ef-acd4-4c83-8053-783977934fe3,award,2026-07-08,3.0,1,"GD Climat SA Sion, VS",539719.0,45216111,Travaux de construction de commissariats de police,<p>BKP 240 Heizungsanlagen</p>
7fa36256-07fa-4bac-a118-afd7227c4cfa,e1780f27-9887-4ab5-a451-6a19e8d17879,award,2026-07-10,3.0,1,VERALUGROUPE SA,448510.0,45000000,Travaux de construction,<p>Transformation du bâtiment Prieuré 2a Pully</p>
1b690357-5d00-450b-ba54-6334b69b303e,7055b9fd-b00e-4d41-acee-62fd5d188417,award,2026-05-13,3.0,1,Cuénod Constructions SA,1522052.3,45000000,Travaux de construction,<p>Travaux de génie civil sur la route d’Aire-la-Ville comprenant la réalisation d'aménagements cyclables en continuité de l'élargissement du pont de Peney. </p>
3120c1fd-9406-4029-a2e5-b387d02dfee2,cb92ed48-7f0d-4179-a36f-7daacd830534,award,2026-06-30,3.0,1,Glauco Lombardi Architectes Associés SA,,71000000,"Services d'architecture, services de construction, services d'ingénierie et services d'inspection","<p>Le centre scolaire de Commugny fait partie de l’Établissement primaire Coppet-Terre Sainte. Il&nbsp;</p><p>dispose de 8 classes couvrant les niveaux de la 1P à la 6P, ainsi que des infrastructures sportives&nbsp;associées. Le site inclut également des habitations et des locaux annexes.</p><p>Les "
d6864a4e-f12a-4513-89ec-dbef2e88b619,3991b666-e552-4bcf-8b94-0e58b9aaf32d,award,2026-06-01,7.0,1,Perrin Frères SA,508882.17,45232411,Travaux de construction de canalisations d'eaux usées,<p>Travaux de génie civil en lien avec la réalisation d’une fouille pour la mise en place d’une nouvelle canalisation d’eaux usées intercommunale entre le réseau de l’AEB situé sur le territoire de Grens et la STEP de Gingins-Chéserex située sur Gingins.&nbsp;</p><p><br></p>
eb554017-6110-4e2e-9ae9-a2f2feec2112,3dc278e3-dedd-4481-bab6-340a479b645f,award,2026-07-06,8.0,1,Christian Jean,718791.85,45230000,"Travaux de construction de pipelines, de lignes de communication et d'énergie, d'autoroutes, de routes, d'aérodromes et de voies ferrées; travaux de nivelage","<p>Réaménagementde la route du Village, longueur 180 ml. </p>"
7fbc00fc-4b41-4377-8ca7-0b9eada2f8f8,b8fe5c13-71e5-403c-96c0-c5b6dfbf2e94,award,2026-06-30,6.0,1,Epiney Construction SA,347756.95,45000000,Travaux de construction,<p>Etendue du marché : Travaux de génie civil pour</p><p>-&nbsp;&nbsp;&nbsp;&nbsp;&nbsp;&nbsp;&nbsp;Défrichement et essouchements&nbsp;&nbsp;&nbsp;&nbsp;&nbsp;&nbsp;&nbsp;&nbsp;&nbsp;&nbsp;&nbsp;&nbsp;&nbsp;&nbsp;&nbsp;&nbsp;&nbsp;&nbsp;&nbsp;&nbsp;&nbsp;&nbsp;&nbsp;&nbsp;&nbsp;&nbsp;&nbsp;&nbsp;&nb
534c170f-6b05-489c-b6d7-3e02eb0c74b8,4ecfd7ff-11e8-499a-997a-02206e3e6106,award,2026-07-02,4.0,1,Frutiger AG,195672.8,45214300,Construction d'établissements d'enseignement supérieur,<p>BKP 281.0 Estriche (Unterlagsböden)</p>
ac9b3934-ddc1-4136-8481-2ad5f4fca44d,eb7fe498-4586-4217-891f-b8026ce83ca0,award,2026-07-03,3.0,1,Walo Bertschinger AG Bern,1071240.24,45000000,Travaux de construction,"<p>Cet appel d’offres concerne les travaux de chapes dans le cadre de la construction du Nouveau Groupe Scolaire de Corsier.</p><p>Le lot porte principalement sur la réalisation de chapes flottantes sur isolation et chauffage par le sol dans les locaux de la nouvelle construction, y compris certaine"
160756bd-bff4-458d-8b59-85ddba03040c,d47845b3-adc8-41ba-9fae-fe8585ea8f89,award,2026-06-17,5.0,1,JL Services SA,183143.0,45450000,Autres travaux de parachèvement de bâtiment,<p>C4 Centre Coordonné de Compétences Cliniques 33'600'00 HT</p><p>HESAV Haute Ecole de Santé Vaud 87'600'000 HT</p><p>SITE 35'500'000 HT</p><p>Lot 287 Nettoyage du bâtiment HESAV</p>
f9c5e9d9-d3e3-40f7-a54d-e26916fc771c,74fb4e95-3139-4f8e-8b4e-987ffd4f15fa,award,2026-06-09,9.0,1,gex sa ventilation - climatisation,314731.9,45000000,Travaux de construction,<p>Rénovation globale et transformation du bâtiment historique de Beau-Site à Aigle (bureaux et surfaces commerciales) et aménagements extérieurs avec esplanade plantée.</p><p>Le présent appel d'offre concerne les installations de ventilation. </p>
3ecaa844-844b-43f8-bec5-93407bde1ecd,7efdc114-b412-49a4-9f74-8c54a074894d,award,2026-05-26,3.0,1,TERRASPORT SA,,45236119,Travaux de réparation de terrains de sports,<p>Réfection du gazon synthétique des terrains de football</p>
0a3d195d-8b65-4fdf-b69c-b341cee3fc4e,1d4f0c3b-0ffb-4f63-b022-5d405102a397,award,2026-05-19,15.0,1,Entreprise Belloni SA,1462735.2,45214200,Travaux de construction de bâtiments scolaires,"<p>Gypsage sur maçonnerie neuve et existante, environ 6’000m2</p><p>Cloisons et doublages sur ossatures métalliques, environ 800m2&nbsp;</p><p>Faux-plafonds en plâtre coupe-feu et acoustique, environ 2’200m2&nbsp;</p><p>Faux-plafonds acoustiques en ilots suspendus, environ 1'100 m2&nbsp;</p><p>Mise "
ef920a72-f413-4a13-9e45-6e729d674f38,58f6ad18-50e1-48ad-95e8-00663160a3f1,award,2026-06-15,4.0,1,Implenia Schweiz AG,3812963.5,45200000,Travaux de construction complète ou partielle et travaux de génie civil,<p>MVR - Ligne des Rochers-de-Naye - Assainissement du pont et de la halte des planches</p><p><br></p><p>Renforcement et assainissement du pont des Planches (parties en béton et parties métalliques)</p><p><br></p><p>Renouvellement de la halte des Planches (rehaussement des murs de soutènement exista
163c0538-2198-4cfb-9689-6a610e584da9,8383b1c0-761e-4b7c-9b4c-8fd305387330,award,2026-06-18,3.0,1,Scholl-Metal SA,1089522.45,45421100,Pose de portes et de fenêtres et d'éléments accessoires,<p>Selon dossier d'appel d'offres</p>
84a3769b-37af-4ee4-be39-090bd9da436e,9e4cbeab-b4c8-4821-89ea-991879c00c23,award,2026-01-19,2.0,1,EIFFAGE METAL,3488068.0,45240000,Travaux de construction d'ouvrages hydrauliques,<p>·&nbsp;&nbsp;&nbsp;&nbsp;&nbsp;&nbsp;Révision d'équipements hydromécaniques </p><p>·&nbsp;&nbsp;&nbsp;&nbsp;&nbsp;&nbsp;Rénovation de protections anticorrosion</p><p>·&nbsp;&nbsp;&nbsp;&nbsp;&nbsp;&nbsp;Mise en place d'échafaudages et confinements</p><p>·&nbsp;&nbsp;&nbsp;&nbsp;&nbsp;&nbsp;Etude 
ae3c4138-800e-456b-9e5e-f027c5ca637a,c175604b-f95b-4590-adfd-6c9ff56ddcbc,award,2026-01-29,2.0,1,Girmatic AG,470177.0,42000000,Machines industrielles,"<p>&nbsp;Fabrication d’agrégats neufs en atelier</p><p>Travaux sur site de dépose d’agrégats existants et d’installation d’agrégats neufs, y-compris manutention légère associée</p><p>Travaux sur site de modification de tuyautage et de remplacement de flexibles.</p>"
15c98c7e-b056-429e-8f49-e9ceb8f217c0,72135115-39fd-4971-9f3d-deac2b5906ae,award,2026-07-02,1.0,1,TZ Stromag,1176462.76,45311200,Travaux d'installations électriques,<p>Die IMION AG plant den Neubau einer Energiezentrale in Leukerbad (VS). Vorgesehen ist die Installation von zwei Wärmepumpen mit einer Gesamtleistung von ca. 3.0 MW zur Abdeckung der Grundlast.</p><p>Zur Deckung der Spitzenlast werden Holzkessel mit einer Gesamtleistung von 3.2 MW installiert.</p>
fac9c454-4a55-4e71-a5b8-1278c6f3a2be,1d73d943-4a9e-485c-b363-c3b4aa49dba2,award,2026-06-24,4.0,1,Frutiger SA Vaud,900821.5,45000000,Travaux de construction,"<p>La Commune de Pully publie un appel d’offres portant sur les travaux de CFC 211 à réaliser sur deux objets distincts, soit :</p><ul><li>bâtiment 9-11 (réhabilitation des bâtiments de l'Av. Guillemin 9 et 11, classé patrimoine note 3)</li><li>bâtiment 7 (transformation et mise en conformité de la "
da5f682a-9aa8-410f-b127-914ec4208ddf,8f016951-dc0f-48ea-8e64-e9ef83cb3d1e,award,2026-06-24,4.0,1,Macullo SA,313162.85,45000000,Travaux de construction,"<p>La Commune de Pully publie un appel d’offres portant sur les travaux de CFC 222/224 à réaliser sur deux objets distincts, soit :</p><ul><li>bâtiment 9-11 (réhabilitation des bâtiments de l'Av. Guillemin 9 et 11, classé patrimoine note 3)</li><li>bâtiment 7 (transformation et mise en conformité de"
d34b1d63-64f5-47f4-b635-65b55f3bcfda,961e32af-f721-42b7-9f88-fc5d91c13bb0,award,2026-06-24,4.0,1,swisspro SR SA,470304.6,45000000,Travaux de construction,"<p>La Commune de Pully publie un appel d’offres portant sur les travaux de CFC 231/233 à réaliser sur deux objets distincts, soit :</p><ul><li>bâtiment 9-11 (réhabilitation des bâtiments de l'Av. Guillemin 9 et 11, classé patrimoine note 3)</li><li>bâtiment 7 (transformation et mise en conformité de"
c0b9bcbf-e51a-4045-b141-684940d5449b,a7b35220-5ee7-4947-b7b1-a622a3c82596,award,2026-06-24,5.0,1,PERRET SANITAIRE SA,328096.7,45000000,Travaux de construction,"<p>La Commune de Pully publie un appel d’offres portant sur les travaux de CFC 251 à réaliser sur deux objets distincts, soit :</p><ul><li>bâtiment 9-11 (réhabilitation des bâtiments de l'Av. Guillemin 9 et 11, classé patrimoine note 3)</li><li>bâtiment 7 (transformation et mise en conformité de la "
d6da25cc-3093-4754-822b-9d4e2ca2ef64,4494cad6-60be-4008-81e5-2269c4be0a33,award,2026-07-01,3.0,1,Büchler Anlagenbau AG,506742.98,44160000,"Pipelines, tuyauterie, conduites, gainage, tubage et articles connexes",<p>Die IMION AG plant den Neubau einer Energiezentrale in Leukerbad (VS). Vorgesehen ist die Installation von zwei NH3-Wärmepumpen mit einer Gesamtleistung von ca. 3.0 MW zur Abdeckung der Grundlast.</p><p>Zur Deckung der Spitzenlast werden Holzkessel mit einer Gesamtleistung von 3.2 MW installiert.
4d54eb52-0ca3-42c9-ba94-335dc46e14f8,7332ce19-5b04-4e68-8dda-c4b44db11d8e,award,2026-06-25,5.0,1,Evéquoz SA,1049406.05,45214210,Travaux de construction d'écoles primaires,"<p>Le marché concerne l’extension du centre scolaire de Moréchon à Savièse.</p><p>Le projet se compose de trois bâtiments&nbsp;:</p><p>·&nbsp;&nbsp;&nbsp;&nbsp;&nbsp;&nbsp;Une école primaire (~10'300 m3 selon SIA 416)</p><p>·&nbsp;&nbsp;&nbsp;&nbsp;&nbsp;&nbsp;Une salle de gym double, avec un abri P"
95625067-1b46-465c-9755-d406c84ec834,274e4fdc-32e2-4438-bd8b-44e98f6288f2,award,2026-06-25,3.0,1,Bativa SA,4861002.35,45214210,Travaux de construction d'écoles primaires,"<p>Le marché concerne l’extension du centre scolaire de Moréchon à Savièse.</p><p>Le projet se compose de trois bâtiments&nbsp;:</p><p>·&nbsp;&nbsp;&nbsp;&nbsp;&nbsp;&nbsp;Une école primaire (~10'300 m3 selon SIA 416)</p><p>·&nbsp;&nbsp;&nbsp;&nbsp;&nbsp;&nbsp;Une salle de gym double, avec un abri P"
71df5275-8b23-45b0-bff7-b2803a625f43,3d3e7009-3669-4c3b-924a-7877712eb28a,award,2026-06-25,4.0,1,Astori SA,1302598.35,45214210,Travaux de construction d'écoles primaires,"<p>Le marché concerne l’extension du centre scolaire de Moréchon à Savièse.</p><p>Le projet se compose de trois bâtiments&nbsp;:</p><p>·&nbsp;&nbsp;&nbsp;&nbsp;&nbsp;&nbsp;Une école primaire (~10'300 m3 selon SIA 416)</p><p>·&nbsp;&nbsp;&nbsp;&nbsp;&nbsp;&nbsp;Une salle de gym double, avec un abri P"
1d07c224-0398-4dc2-a52f-b25c508651e7,66be2a25-08a9-44e2-ba79-2a4c7e4d2e24,award,2026-06-25,6.0,1,Grichting & Valterio Electro SA,1591951.15,45214210,Travaux de construction d'écoles primaires,"<p>Le marché concerne l’extension du centre scolaire de Moréchon à Savièse.</p><p>Le projet se compose de trois bâtiments&nbsp;:</p><p>·&nbsp;&nbsp;&nbsp;&nbsp;&nbsp;&nbsp;Une école primaire (~10'300 m3 selon SIA 416)</p><p>·&nbsp;&nbsp;&nbsp;&nbsp;&nbsp;&nbsp;Une salle de gym double, avec un abri P"
5190d671-bdba-4d4a-8444-e5676b8dcdbd,768c96b7-f9e3-4b31-b9cc-220ab3739a8a,award,2026-06-25,8.0,1,"GD Climat SA Sion, VS",401920.75,45214210,Travaux de construction d'écoles primaires,"<p>Le marché concerne l’extension du centre scolaire de Moréchon à Savièse.</p><p>Le projet se compose de trois bâtiments&nbsp;:</p><p>·&nbsp;&nbsp;&nbsp;&nbsp;&nbsp;&nbsp;Une école primaire (~10'300 m3 selon SIA 416)</p><p>·&nbsp;&nbsp;&nbsp;&nbsp;&nbsp;&nbsp;Une salle de gym double, avec un abri P"
b94ca204-50dd-4ee1-ad03-cf3fbf6ebf6b,773f5411-9fa9-4b8f-b557-6b0ee3d506e4,award,2026-06-25,8.0,1,Sys-TechConcept Sàrl,740339.1,45214210,Travaux de construction d'écoles primaires,"<p>Le marché concerne l’extension du centre scolaire de Moréchon à Savièse.</p><p>Le projet se compose de trois bâtiments&nbsp;:</p><p>·&nbsp;&nbsp;&nbsp;&nbsp;&nbsp;&nbsp;Une école primaire (~10'300 m3 selon SIA 416)</p><p>·&nbsp;&nbsp;&nbsp;&nbsp;&nbsp;&nbsp;Une salle de gym double, avec un abri P"
5b45768a-dfc4-42a6-8c65-c7407a6ec00f,9458e7e7-733d-448b-992b-e7c3928dbf21,award,2026-06-25,4.0,1,Courtine et Héritier SA,703409.3,45214210,Travaux de construction d'écoles primaires,"<p>Le marché concerne l’extension du centre scolaire de Moréchon à Savièse.</p><p>Le projet se compose de trois bâtiments&nbsp;:</p><p>·&nbsp;&nbsp;&nbsp;&nbsp;&nbsp;&nbsp;Une école primaire (~10'300 m3 selon SIA 416)</p><p>·&nbsp;&nbsp;&nbsp;&nbsp;&nbsp;&nbsp;Une salle de gym double, avec un abri P"
6e0d4b28-3bc7-489c-8018-71389e377784,25519637-9b0b-4710-80c1-6cc072eb5bda,award,2026-05-20,6.0,1,RITHNER SA,991131.3,45220000,Ouvrages d'art et de génie civil,"<p>Travaux de génie civil pour le réaménagement de la Rue de la Cime de l’Est (route communale) ainsi que la modification du trottoir sur l’Avenue du Simplon (RC 302). Ces travaux comprennent notamment&nbsp;: le redimensionnement et la correction de la chaussée et des trottoirs, la reprise des bordu"
bd64710b-ef61-453d-ab15-115a756cdf22,2a544809-f30a-41b9-ba93-69c4c465145d,award,2026-06-10,1.0,1,Duca S.A.,204068.3,45410000,Travaux de plâtrerie,"<p>Le présent marché concerne l’exécution de travaux de finition intérieure et extérieure dans le bâtiment, incluant : préparation et protection des surfaces, plâtrerie, doublages avec isolation pour répondre aux exigences du dossier énergétique, construction de cloisons légères, pose de faux plafon"
16c1c048-51cd-41d6-98ad-6c3c769720db,f19b2675-2d8b-4518-b19a-565977210340,award,2026-06-25,5.0,1,Astori SA,1149393.29,45214210,Travaux de construction d'écoles primaires,"<p>Le marché concerne l’extension du centre scolaire de Moréchon à Savièse.</p><p>Le projet se compose de trois bâtiments&nbsp;:</p><p>·&nbsp;&nbsp;&nbsp;&nbsp;&nbsp;&nbsp;Une école primaire (~10'300 m3 selon SIA 416)</p><p>·&nbsp;&nbsp;&nbsp;&nbsp;&nbsp;&nbsp;Une salle de gym double, avec un abri P"
65f77ced-b767-4f49-914e-7eef99d36e61,d5df0cc8-1ceb-42c9-af2c-5fe6864a2af8,award,2026-06-27,5.0,1,LIFTEAM Romandie SA,569978.59,45420000,Travaux de menuiserie et de charpenterie,"<p>Pour répondre à la forte croissance du nombre d’étudiant(e)s tout en préservant son excellence pédagogique, l’EPFL lance le Double Deck, un projet ambitieux pour adapter et étendre ses infrastructures, il s’agit de la création d’un nouveau pôle de formation au cœur du campus.</p><p>Le projet a de"
21ec71f3-e4f2-4bc4-ac21-8870013d29ce,76b1b690-691b-4390-a7ca-b57ec8080780,award,2026-06-29,4.0,1,Epiney Construction SA,855552.85,45222000,"Travaux de construction d'ouvrages de génie civil, excepté ponts, tunnels, puits et passages souterrains",<p>Prolongation des collecteurs EC / EU ainsi que l’eau potable entre Baar et Aproz&nbsp;</p>
60912c18-95db-4643-926f-f6de3be250ab,778884f7-2241-487d-b0cb-ca4dcd0c0991,award,2026-08-04,4.0,1,"Grisoni-Zaugg S.A., succursale Saint-Légier-La Chiésaz",2079017.35,45000000,Travaux de construction,<p>Viabilisation de la ZAC et MAGAZ:</p><ul><li>Raccordement des services (EU/EC/Epot/CAD(Elec)</li><li>Mise en place de l'enceinte de chantier sécurisée</li><li>Création d'une rampe d'accès</li><li>Réfection et création d'une zone de stationnement pour poids lourds le long du chemin des Pâquerets</
60912c18-95db-4643-926f-f6de3be250ab,b6134201-d580-4f6c-8ea0-81cd0089ae81,award,2026-08-04,4.0,1,"Grisoni-Zaugg S.A., succursale Saint-Légier-La Chiésaz",2566472.1,45000000,Travaux de construction,<p>L'Etape 1B comprend l'assainissement des routes d'accès:</p><ul><li>Réfection et élargissement d'une partie du chemin des Pâquerets</li><li>Création d'élargissements provisoires le long du chemin agricole situé au nord du site</li><li>Réfection des chemins agricoles situés au nord du site</li></u
93d86e3a-9dbc-449d-bbb2-d95b1c6348ab,237823b7-f81f-4146-9a39-23d9fb75ebca,award,2026-07-09,2.0,1,ADAMS SCHWEIZ AG,3937652.77,45259000,Réparation et entretien d'équipements,"<p>Dans le cadre de la prochaine campagne des révisions triennales des groupes de production (un groupe par an), les 3 vannes de garde seront révisées.</p><p>Il s'agit de vannes papillon à axe vertical de 4200mm de diamètre.</p><p>Les travaux principaux à effectuer par le soumissionnaire et les obje"
ac819dfd-4d56-4d65-b634-e163d77173f6,cb36a3c3-3921-47ed-8367-adb3be50d2da,award,2026-08-25,4.0,1,PraderLosinger SA,1076591.15,45262330,Travaux de réparation d'ouvrages en béton,<p>Le projet RENOFGB consiste à remplacer le groupe de production existant par deux nouveaux groupes.</p><p>Le Maître de l'ouvrage souhaite remplacer la machine existante de 40 MVA par deux nouvelles machines de 22 MVA absorbant le même débit que l'ancien groupe. Les nouveaux groupes recevront les e
46e3faef-e205-4e94-86e0-b3fe30012e47,36fea9d9-5d3d-474d-a7b7-7bd920a24e59,award,2026-08-24,2.0,1,ARGE Bächler + Güttinger AG / Volken Group,597322.35,45000000,Travaux de construction,<p>BKP 409 Umgebungsgestaltung</p>
f84a83f4-1693-4d91-b567-78eadf21600d,6e003d38-ee56-499c-a020-29db06c96bfe,award,2026-08-19,4.0,1,Gebrüder Zengaffinen AG,428789.8,45233120,Travaux de construction de routes,<p>Baumeisterarbeiten:</p><ul><li>Belagsabbruch&nbsp;&nbsp;&nbsp;&nbsp;&nbsp;&nbsp;&nbsp;&nbsp;&nbsp;&nbsp;&nbsp;&nbsp;&nbsp;&nbsp;&nbsp;&nbsp;&nbsp;&nbsp;&nbsp;&nbsp;&nbsp;&nbsp;&nbsp;&nbsp;&nbsp;&nbsp;&nbsp;&nbsp;&nbsp;&nbsp;&nbsp;&nbsp;&nbsp;&nbsp;1200 m2</li><li>Aushub/Abtrag&nbsp;&nbsp;&nbsp;&n
da37f14b-b63f-4bde-a62e-6f2ac00f48c1,1c6b302e-e1ff-4e6a-a557-4404862a4ded,award,2026-08-25,9.0,1,MELLY CONSTRUCTIONS SA,428696.95,45200000,Travaux de construction complète ou partielle et travaux de génie civil,<p>Appel d'offres Dépotoir de Viouc</p><p>Travaux de génie civil et béton armé</p>
bd4c6373-b067-4a77-a804-d23ce420bb61,647c5476-b37f-4e1a-9d7e-916956bef69a,award,2026-08-25,4.0,1,Josef Stoffel AG,598387.55,45000000,Travaux de construction,"<p>In einem mehrjährigen Projekt werden die Trockenmauern, die Wege und die Bewässerung im&nbsp;Rebgebiet von Visperterminen über das gesamte Rebgebiet von Visperterminen saniert.&nbsp;Die Fläche des Einzungsgebietes beträgt ca. 49 ha, welche von ca. 850 Eigentümern mit ca. 1900&nbsp;Parzellen bewir"
bb641d40-045a-4061-99e1-25d1ef19e6be,69b3b6fa-6f41-4e46-9521-d2d440c9fd63,award,2026-08-25,4.0,1,Viansone SA,123585.95,45343000,Travaux d'installation de dispositifs de prévention contre les incendies,"<p>Pour répondre à la forte croissance du nombre d’étudiant(e)s tout en préservant son excellence pédagogique, l’EPFL lance le Double Deck, un projet ambitieux pour adapter et étendre ses infrastructures, il s’agit de la création d’un nouveau pôle de formation au cœur du campus.</p><p>Le projet a de"
3de1c726-a206-4a49-933d-fa0bd2c07045,c1a6bf9d-021e-4153-afcc-670440078c1e,award,2026-07-16,2.0,1,ALFER CONSTRUCTIONS SA,2038000.0,45300000,Travaux d'équipement du bâtiment,<p>Selon dossier d'appel d'offres</p>
577c8da6-c4d1-4930-8f81-4d0a26096be7,a55bdb15-1294-4450-a449-65e10e58806f,award,2025-10-02,8.0,1,Joux S.A.,387596.7,45000000,Travaux de construction,<p>Le projet&nbsp;prévoit&nbsp;la pose des portes intérieures en métal pour les différents bâtiments.</p><p><br></p>
8ce29c63-e740-470d-9a18-8afb00b5e954,9ec56143-b10f-4d49-acc5-1789c9a881e3,award,2025-04-02,3.0,1,Aprotec SA,61562.95,45000000,Travaux de construction,"<p>Le marché porte à la construction et requalification des bâtiments ainsi que les aménagements extérieurs.</p><p>Le bâtiment 1 est démoli et remplacé par deux nouveaux bâtiments : l’un (Bat. 1 NEW) pour la DGMR et l’OFROU ; l’autre (Bat. 5) pour la « Polcant »,</p><p>Le bâtiment 2 est conservé et "
d4b4d4d5-9c08-4ea4-9945-0f5df9af2230,6913f227-39a7-4b08-afec-85b945c210b7,award,2024-11-25,5.0,1,Bitz & Savoye SA Constructions métalliques,484245.0,45210000,Travaux de construction de bâtiments,"<p>Le marché porte à la construction et requalification des bâtiments ainsi que les aménagements exterieurs.</p><p>Le bâtiment 1 est démoli et remplacé par deux nouveaux bâtiments : l’un (Bat. 1 NEW) pour la DGMR et l’OFROU ; l’autre (Bat. 5) pour la « Polcant »,</p><p>Le bâtiment 2 est conservé et "
4eec5ddb-cb2d-45bc-8c93-64e243209e73,5743ef98-d9dd-48e2-bc01-7cd0694d9f1a,award,2025-10-02,6.0,1,Equans Switzerland AG,189756.4,45000000,Travaux de construction,<p>Le projet prévoit la fourniture et la gestion du système MCR pour l’ensemble des bâtiments.</p>
d43b9f7f-8b10-40f5-bbae-e3b56cb587d1,92e0e2d5-e9dc-4499-bb35-2e22e48fe5ac,award,2025-11-17,1.0,1,Joux S.A.,232171.0,45000000,Travaux de construction,<p>Le projet prévoit la pose des éléments en serrurerie pour le bâtiment 2-3-5 (2025-2027) et pour le bâtiment 1 (2027-2029).</p><p><br></p><p><br></p><p><br></p>
0bc417ac-b830-4167-b5f2-13c71b2e30db,8f9fcdd1-d348-46a4-8059-24437dc987a2,award,2026-02-17,6.0,1,Zumtobel Lumière SA,251232.0,45000000,Travaux de construction,<p>Le projet prévoit la fourniture de la lustrerie pour les bâtiments 2-3-&nbsp;5&nbsp;(2025-2027) et pour le bâtiment 1&nbsp;(2027-&nbsp;2029).</p>
6800e6b9-f91b-4eca-a877-f78d8baa30ef,7231a5ac-bcd3-4f44-87a7-33603223af4b,award,2026-05-04,1.0,1,Cleanup CF SA,146547.36,45215120,Travaux de construction de bâtiments médicaux spécialisés,<p>Travaux de Nettoyage du bâtiment</p>
5dfb535d-3909-4f08-8bab-ab3feaab1492,4f278d50-ebab-4d4b-8f19-ae396c0ec43a,award,2026-06-05,5.0,1,J. Bodenmann S.A.,891915.35,45215120,Travaux de construction de bâtiments médicaux spécialisés,<p>Menuiserie</p>
98a9c6b2-8dd6-4968-9584-eb58590ce15c,0c1a13ad-64b6-4d52-8015-3737b3751e2f,award,2026-06-24,2.0,1,Raboud SA,798575.85,45215120,Travaux de construction de bâtiments médicaux spécialisés,<p>Serrurerie</p>
70eb08eb-da1a-45a1-9e13-9f2f66cef9ab,d7f31573-aa78-49ee-8b2c-c4f1ee884d2a,award,2026-08-22,2.0,1,"Hälg & Co. AG, succursale de Plan-les-Ouates",2987522.51,45000000,Travaux de construction,"<p>Le projet Advanced Science Building (ASB) de l’EPFL vise à créer un ensemble de laboratoires de très haute technologie répondant à des exigences strictes en matière de vibrations, de champs électromagnétiques, de stabilité thermique et de contrôle hydrométrique. Implanté sur le campus, à l’emplac"
4af0f227-ebcc-4b32-9e97-e2d7d0d92083,2bdac00f-8389-4e9f-b9e9-f287ea860f9a,award,2025-05-05,1.0,1,Hörmann (Schweiz) AG,714366.0,45216100,Travaux de construction de bâtiments destinés aux institutions d'ordre public ou aux services de secours,"<p>Le marché porte à la construction et requalification des bâtiments ainsi que les aménagements extérieurs.</p><p>Le bâtiment 1 est démoli et remplacé par deux nouveaux bâtiments : l’un (Bat. 1 NEW) pour la DGMR et l’OFROU ; l’autre (Bat. 5) pour la « Polcant »,</p><p>Le bâtiment 2 est conservé et "
c69df9d0-b989-4b9a-a3a4-a9db381ba050,6b37a9cc-5df6-460b-ac8e-f0c3e6e86d74,award,2025-06-30,8.0,1,"Groupe TVA, Posse Management SA",845542.0,45000000,Travaux de construction,"<p>Le marché porte à la construction et requalification des bâtiments ainsi que les aménagements extérieurs.</p><p>Le bâtiment 1 est démoli et remplacé par deux nouveaux bâtiments : l’un (Bat. 1 NEW) pour la DGMR et l’OFROU ; l’autre (Bat. 5) pour la « Polcant »,</p><p>Le bâtiment 2 est conservé et "
302dd9ca-c013-477e-b299-59c4ccb80655,70af188a-8740-4958-bcec-c23d112a3f5e,award,2026-08-19,1.0,1,L'Atelier du Paysage Sàrl,442473.6,71222000,Services d'architecte pour la conception d'ouvrages extérieurs,"<p>Prestations Architecte Paysagiste pour Phases SIA Nros 33, 41, 51, 52, 53</p><p><strong>Prestations attendues de l’architecte paysagiste</strong></p><p><strong>&nbsp;</strong></p><p><strong>Dans le cadre de la réalisation du projet d’aménagement paysager du site de Piscine 10 à Sion, les prestati"
33fa15fa-4855-4261-9dd1-5092e7933d4d,a788b5e1-e4be-4adb-bfee-374c05bd4dd1,award,2026-06-17,6.0,1,Joux S.A.,558864.75,45421100,Pose de portes et de fenêtres et d'éléments accessoires,<p>Le marché consiste à exécuter des travaux de fenêtres métalliques pour un montant budgété à 508’000.- HT.</p>
a3ef7ee1-7771-4e51-a3b1-bb9484556634,48019da4-716e-4cd2-9129-fb6b8aeb507d,award,2026-08-18,4.0,1,"Ensapp SA, Ensembles d'appareillage",119834.25,45000000,Travaux de construction,<p>Tableaux électriques principaux</p>
47751800-1fcf-4b38-83de-41cc590e4ab2,e6b211db-2f50-466d-a08e-8d23df25dc44,award,2026-08-05,3.0,1,Evéquoz SA,254770.55,45000000,Travaux de construction,<p>Démolition de béton bitumineux : 115 m3</p><p>Terrassements : 520 m3</p><p>Grave I : 490 m3</p><p>Bordures granit : 420 ml</p><p>Béton bitumineux : 225 to</p>
f683f097-1b64-4130-a30a-86c678ef34ca,bce44111-55e9-43c5-85f2-f77e0de42f5e,award,2026-07-06,8.0,1,Soleol SA,725900.0,45200000,Travaux de construction complète ou partielle et travaux de génie civil,"<p>Le projet prévoit la fourniture et pose des installations photovoltaïques et courant fort.</p><p>Les prestations et les travaux seront réalisés en deux étapes:</p><p>1ère étape pour les bâtiments 2-3-&nbsp;5&nbsp;(2026-2027),</p><p>2ème pour le bâtiment 1&nbsp;(2027-&nbsp;2029).</p>"
bb832883-ff10-4f5d-91c1-232b8f7ae640,0437c6b7-8f50-4dbc-9280-250e02607430,award,2026-08-04,3.0,1,Ateliers Casaï SA,1000377.5,45000000,Travaux de construction,<p>Le projet concerne la transformation partielle et l'agrandissement de l'école de Puplinge.</p><p>Le présent appel d'offres traite des travaux de construction en bois.</p>
8eb5b64f-3cc4-4788-8901-d0865fe1f361,f97da32b-7c6b-41fd-9c66-e45a3680f36c,award,2026-08-05,2.0,1,Swisscom (Schweiz) AG,319915.59,45000000,Travaux de construction,<p>Installations d'une couverture mobile inhouse</p>
107d6b05-2d13-4f87-a2e2-443bcbde508e,6cbbd42f-3622-44a2-b8d3-a23fe640ed02,award,2026-08-05,7.0,1,Florey Yves Renotec,749592.05,45214300,Construction d'établissements d'enseignement supérieur,<p>BKP 271.0 + 271.1 Innenputze + Trockenbauarbeiten</p>
efaaa300-8368-4448-9853-391ed3736447,1c2f1e85-0efc-4fc9-b6b6-b258f8611eea,award,2026-07-22,3.0,1,Laurent Membrez S.A.,714818.1,34946200,Matériaux de construction de voies ferrées,"<p>Dans le cadre d’un clustering complet de la ligne Bex – Villars-sur-Ollon s’étalant de mi-mars 2026 à fin novembre 2026, les TPC SA souhaitent procéder au renouvellement des appareils de voie en gare de Bévieux (Canton de Vaud).</p><p><br></p><p>Le marché englobe les prestations suivantes :</p><u"
3888635b-497d-454a-9bfb-62e6d0c90704,1bc25cec-41e7-4cbc-b22b-494306b966ed,award,2026-08-13,6.0,1,Equans Switzerland AG,11125652.0,45310000,Travaux d'équipement électrique,"<p>Contrat-cadre relatifs aux travaux d’installations électriques (courant-fort et courant-faible) sur les bâtiments Aérogare, tri-bagages et jetées frontales de l’Aéroport International de Genève.</p>"
3888635b-497d-454a-9bfb-62e6d0c90704,03fe1c81-0be9-4193-a320-7d5a6b015395,award,2026-08-13,6.0,1,ETAVIS Romandie SA,12168850.52,45310000,Travaux d'équipement électrique,<p>Contrat-cadre relatifs aux travaux d’installations électriques (courant-fort et courant-faible) sur les parkings et autres bâtiments (soit ceux non inclus dans le lot A) de l’Aéroport International de Genève.</p>
66aa0b4f-c11d-4319-9374-d940038387ad,73021ae4-b524-48e3-8dfc-33a1783014cb,award,2026-07-08,3.0,1,"Marti Construction SA, succursale de Meyrin",410039.25,45000000,Travaux de construction,"<p>Le présent marché porte sur la rénovation, transformation et l’agrandissement du centre culturel de l’épicentre, sis au chemin de Mancy 61 sur le territoire communal de Collonge-Bellerive, parcelle de propriété communale n°4489. Le site existant comprenant deux bâtiments et un skate-park sera com"
b0e7ce75-ee41-4054-abb8-8ec84e58e938,5954f776-a39f-4a83-a833-61a2310cb051,award,2026-07-08,6.0,1,MERCALU Echafaudages,118910.0,45000000,Travaux de construction,"<p>Le présent marché porte sur la rénovation, transformation et l’agrandissement du centre culturel de l’épicentre, sis au chemin de Mancy 61 sur le territoire communal de Collonge-Bellerive, sur la parcelle de propriété communale n°4489. Le site existant comprenant deux bâtiments et un skate-park s"
0f186572-c075-4e85-aff9-fc50a1e824a6,03a1278d-a027-4519-a312-bab7406fdd57,award,2026-07-08,2.0,1,"Hälg & Co. AG, succursale de Plan-les-Ouates",432400.0,45000000,Travaux de construction,"<p>Le présent marché porte sur la rénovation, transformation et l’agrandissement du centre culturel de l’épicentre, sis au chemin de Mancy 61 sur le territoire communal de Collonge-Bellerive, sur la parcelle de propriété communale n°4489. Le site existant comprenant deux bâtiments et un skate-park s"
55fb146d-1ac4-44e3-9f60-851a262a99ae,4e19ed7f-c5df-4ba1-ae65-2bf967befe7f,award,2026-07-08,2.0,1,Augsburger Géothermie SA,370397.1,45000000,Travaux de construction,"<p>Le présent marché porte sur la rénovation, transformation et l’agrandissement du centre culturel de l’épicentre, sis au chemin de Mancy 61 sur le territoire communal de Collonge-Bellerive, sur la parcelle de propriété communale n°4489. Le site existant comprenant deux bâtiments et un skate-park s"
62a4a519-b3d7-443a-ae3b-5fc97fa33c0c,f10f9b01-5e45-40d4-99dd-236b88279a4a,award,2026-07-22,4.0,1,gex sa ventilation - climatisation,205208.3,45000000,Travaux de construction,"<p>Le présent marché porte sur la rénovation, transformation et l’agrandissement du centre culturel de l’épicentre, sis au chemin de Mancy 61 sur le territoire communal de Collonge-Bellerive, sur la parcelle de propriété communale n°4489. Le site existant comprenant deux bâtiments et un skate-park s"
fba7e368-28ef-492d-982e-fcd741ab153c,14562133-ab8f-43a3-937b-458fe42df11c,award,2026-07-08,5.0,1,Schneider Sanitaires SA,390039.7,45000000,Travaux de construction,"<p>Le présent marché porte sur la rénovation, transformation et l’agrandissement du centre culturel de l’épicentre, sis au chemin de Mancy 61 sur le territoire communal de Collonge-Bellerive, sur la parcelle de propriété communale n°4489. Le site existant comprenant deux bâtiments et un skate-park s"
c0118fcb-5857-4557-948e-39fc6b65f18a,6c571a54-9c0e-4495-acf0-3b21e16590d1,award,2026-07-22,3.0,1,"Romande Energie Services SA, succursale de Lancy",81531.59,45000000,Travaux de construction,"<p>Le présent marché porte sur la rénovation, transformation et l'agrandissement du centre culturel de l'épicentre, sis au chemin de Mancy 61 sur le territoire communal de Collonge-Bellerive, sur la parcelle de propriété communale n° 4489. Le site existant comprenant deux bâtiments et un skate-park "
e408748b-91d0-4505-9d2e-58f943c07492,12141b67-cbcf-4187-bb5e-bed09fbf19fa,award,2026-07-22,6.0,1,Amaudruz S.A.,143167.6,45000000,Travaux de construction,"<p>Le présent marché porte sur la rénovation, transformation et l'agrandissement du centre culturel de l'épicentre, sis au chemin de Mancy 61 sur le territoire communal de Collonge-Bellerive, sur la parcelle de propriété communale n° 4489. Le site existant comprenant deux bâtiments et un skate-park "
3a046a02-ef8c-48ac-8ca4-2f4c52dfcf10,9b84d444-8e20-460a-bda0-39c62cd39ee9,award,2026-08-13,2.0,1,SKYNIGHT SA,131980.28,32322000,Équipement multimédia,"<p>Dans le cadre de la rénovation du bâtiment Uni Bastion, l’Université prévoit d’équiper les salles d’enseignement ainsi que les auditoires en dispositifs multimédias.</p><p>&nbsp;</p><p>Le grand auditoire devra également être doté d’un éclairage scénique, objet du présent appel d’offres.</p><p>&nb"
1aa88961-08ed-4761-8358-58ab28b8c4eb,ebffa7b3-2896-4580-8396-fea0c335f323,award,2026-07-22,7.0,1,Weibel AG,676960.4,45000000,Travaux de construction,"<p>Objet du marché :</p><p>Adaptation routière et construction d'un trottoir</p><p>Longueur du tronçon : 710 mètres</p><p><br></p><p>Etendue du marché :</p><p>Sciage et démolition des enrobés larg. max. 4.50 m : 710 m'</p><p>Fouille canalisations eau de surface, électriques et télécommunication : 50"
7426f3df-c921-4314-bed7-a200718b5392,6e6b648e-e981-465a-a797-e423edcdf981,award,2026-07-22,5.0,1,"Société de Travaux Publics, Joseph Carron SA",750969.3,45000000,Travaux de construction,"<p>Objet du marché :</p><p>Construction d’un soutènement structuré, de deux quais Lhand et remplacement des bordures de route et de trottoirs. Fouilles en tranchée pour eaux de surface et éclairage. Réfection complète des enrobés bitumineux</p><p>Longueur du tronçon : 455 mètres</p><p><br></p><p>Ete"
01fc53f4-97f2-474c-ada5-78152258a116,ed5b31bf-256f-41d2-ba31-5dfa6d8c5745,award,2026-07-30,3.0,1,"Atra SA, succursale de Chamoson",266523.45,45000000,Travaux de construction,<p>Mise en conformité d'arrêts de bus LHand de part et d’autre de la chaussée et réalisation d'un passage pour piétons avec îlot de séparation sur la chaussée. Travaux de génie civil et de revêtement bitumineux</p><p>Etendue du marché :</p><p>-&nbsp;&nbsp;&nbsp;Fourniture et mise en place grave GNV 
84ae130f-6c7f-44c1-b63d-1f7597a3dcfb,3d761d89-ea8c-4f76-8e1b-caf00ac77eb7,award,2026-07-30,5.0,1,"Société de Travaux Publics, Joseph Carron SA",263487.3,45000000,Travaux de construction,<p>Revêtements bitumineux - lot 26207.</p><p>Longueur du tronçon : 1'966 m'</p><p>Etendue du marché :</p><ul><li>Fraisage : 7’600 m²</li><li>Couche de roulement AC 11 S : 770 to</li><li>Couche de base ACT 22 N : 110 to</li></ul>
5d5c23d0-ae23-4339-a500-ce3d095f7b31,2a7bc569-76fd-4b0c-8639-5b1df65a0d8d,award,2026-04-22,3.0,1,Rampini & Cie SA,2549341.4,45000000,Travaux de construction,"<p>Le projet consiste à réaliser une voie tiroir (voie de service bidirectionnelle) sur la route de Chancy, secteur de l’arrêt Bandol, afin de permettre le rebroussement des tramways de la future ligne 13 et d’optimiser l’exploitation du réseau TPG. Cette infrastructure, insérée entre les deux voies"
be6a82b9-f448-47a6-bbfa-e76c87b4ba51,b3e2eaa2-d35b-43e5-b345-100971ca0636,award,2026-06-23,3.0,1,G. Risse SA,923551.3,45214200,Travaux de construction de bâtiments scolaires,"<ul><li>94 portes vitrées et pleines, avec et sans certification feu, cadres bloc ou applique&nbsp;</li><li>Parois vitrées EI30-RF1 avec portes asservies battantes ou coulissantes</li></ul>"
2cf94d6d-9a51-4b84-96a9-24a496f1d1e6,d0bc58c9-3f55-46e0-8497-e86277c6db84,award,2026-07-02,1.0,1,Groupe E Connect SA,3312764.82,31200000,Appareils de distribution et de commande électriques,"<p>Construction, livraison et montage des Tableaux Généraux Basse Tension (TGBT) et des Ensembles d’Appareillages Basse Tension (EABT) dans le secteur du traitement des eaux usées.</p><p>Fourniture et montage du faux-plancher pour les locaux électriques.</p><p>y compris toutes les prestations associ"
c78624fb-ddbc-4952-8d84-4cf5dbc183e7,cf5ebfae-3965-4949-9921-40816205c116,award,2026-08-06,5.0,1,Dénériaz Bâtiment et Infrastructures SA,12170776.2,45000000,Travaux de construction,"<p>Les travaux de gros-œuvre, objets du présent appel d'offres, comprennent en résumé et de façon synthétique les éléments suivants : </p><p>-&nbsp;&nbsp;&nbsp;&nbsp;&nbsp;&nbsp;&nbsp;Renouvellement complet du faux-planchers du bâtiment des machines;</p><p>-&nbsp;&nbsp;&nbsp;&nbsp;&nbsp;&nbsp;&nbsp;"
8b0a0e17-3856-46a2-b1cb-78d839ae840e,368cd574-2dc5-4c9f-b4a8-bcea7b007342,award,2026-08-06,6.0,1,Cuénod Constructions SA,2539533.56,45233120,Travaux de construction de routes,<p>Réaménagement routier comprenant la création d'îlots végétalisés et de réseaux en lien avec la régulation des carrefours Ecu / Bois-des-Frères et Ebiox / Bois-des-Frères</p><p>Construction d'un réseau de récolte des eaux de chaussées</p>
ab0f7448-3c9e-4c0e-9ecd-edcc21662932,9936917e-89e8-4b34-8917-668935b2d5e5,award,2026-06-19,3.0,1,ERNE AG Holzbau,21676693.0,71000000,"Services d'architecture, services de construction, services d'ingénierie et services d'inspection","<p>La procédure porte sur un marché de services, de fournitures et de travaux pour la conception, l’obtention des autorisations, la réalisation et la mise en service d’un EMS provisoire d’environ 60 chambres, conforme aux standards DAEMS et aux exigences définies dans l’appel d’offres, à implanter s"
6e2b38cd-94c8-434e-8cc4-d81afff7b986,13798804-2a78-490a-8eb3-68f450222f11,award,2026-08-05,6.0,1,Dénériaz Bâtiment et Infrastructures SA,442316.8,45222000,"Travaux de construction d'ouvrages de génie civil, excepté ponts, tunnels, puits et passages souterrains","<p>Réfection de la chaussée avec remplacement et extension des réseaux eaux claires, eaux usées et eau potable.</p>"
00f1f4ed-a3f9-47ab-a9a5-e119d2df890d,c1d1d44e-e6c5-4539-8175-a061a1610e17,award,2026-08-05,8.0,1,Epiney Construction SA,939784.0,45222000,"Travaux de construction d'ouvrages de génie civil, excepté ponts, tunnels, puits et passages souterrains","<p>Construction d'une digue en terre armée présentant les caractéristiques suivantes : longueur, 160 m; hauteur efficace, 6 m; largeur au niveau de la crête de digue, 5 m; pente des talus, 70°; énergie absorbée, 23'000 kJ (scénario T = 100 ans); volume de l'ouvrage, 10'000 m3; provenance des matéria"
023ff2cc-0810-4b59-8b15-be7fc3d723e4,7476b12c-0068-4183-b6cc-c566eefe72b8,award,2026-07-14,6.0,1,MELLY CONSTRUCTIONS SA,1797406.2,45000000,Travaux de construction,"<p>Protection contre les crues du Comblonard et PGEE du Levron. </p><p>Aménagement d’un collecteur PGEE et de dérivation du Comblonard depuis le fond du village du Levron, jusqu’au Merdenson en amont de Cries.</p>"
84dfed5f-a323-47cd-89dd-2796bcd6558d,b685e0d9-3d86-4750-9874-91fc87d5a95e,award,2026-07-14,3.0,1,"Colas Suisse SA, succursale de Satigny",562108.85,45233140,Travaux routiers,<p>Travaux de génie civil pour la réfection de la couche de roulement de la route de Burtigny et création d’un nouveau collecteur d’eaux claires et récolte des eaux de ruissèlement de la RC.</p><p><br></p>
71af7a92-5a49-4a7f-8e1e-317214f56147,99884a97-d051-4ada-a190-a0b32a8b5004,award,2026-08-04,5.0,1,"swisspro SR SA, succursale de Vernier (canton de Genève)",591856.0,45310000,Travaux d'équipement électrique,<p>Le présent marché concerne les travaux d'électricité pour l'aménagement de surfaces destinées à la HEDS sur le site Quartet à Genève.</p>
bfb1cec3-da95-4e39-9973-c77b88faa571,f02cd346-deac-4595-b3d3-ac4aeff6b270,award,2026-08-04,1.0,1,Lenzlinger Fils SA,,44112220,Faux planchers,<p>Le présent marché concerne les travaux de faux planchers techniques pour l'aménagement de surfaces destinées aux écoles de la HES-SO sur le site Quartet à Genève.</p>
c1b3ebcf-5b28-4879-af03-78e3ccda8ba0,52055760-10f7-471c-b953-f3f2669e814c,award,2026-06-10,5.0,1,Zmoos S.A.,331469.1,45000000,Travaux de construction,"<p>Travaux d’appareillage pour la fourniture et la pose de conduites d’eau potable sur une longueur totale d’environ 2'320 mètres, essentiellement en DN 200 mm. Deux variantes demandées : conduites en PE et conduites en Fonte</p>"
91dc7354-b95c-41b4-a839-a72f1916809d,bc4eef0f-8776-4722-b00a-b3f24aeae61a,award,2026-06-18,7.0,1,Romande Energie Services SA,307813.6,45212421,Travaux de construction de restaurants,"<p>Le présent appel d’offres s’inscrit dans le cadre du projet de démolition et de reconstruction</p><p>de l’Auberge de Sauvabelin, propriété de la Ville de Lausanne.</p><p><br></p><p>CFC 242 Chauffage:</p><p>Le bâtiment de l'auberge est chauffé par une centrale de chauffage située dans la Pinte.</p"
06543f1b-106b-40ec-bc33-84c51df91656,c47db2c1-5eab-4e97-aece-018d5463a9ae,award,2026-07-22,3.0,1,Frutiger AG,14107152.85,45221000,"Travaux de construction de ponts et de tunnels, de puits et de passages souterrains","<p>Die vorliegende Ausschreibung betrifft die Galerie Schusslaui, Los 2 zwischen km 0.420 bis km 0.700 auf einer Länge von ca. 280 m.&nbsp;Zusammenfassend lässt sich das Projekt in folgende Objekte unterteilen:</p><ul><li>talseitige Stützmauer bei km 0.395 bis km 0.433 L= ca. 38 m (Übergang zu Los 3"
d430eba1-959d-47bf-a13c-5f2073ab4b4b,848386b2-1037-47a3-bbcd-ca3d1390b255,award,2026-06-11,3.0,1,Maurice Beaud Fils Constructions S.A.,527544.0,45212313,Travaux de construction de musées,"<p>Musée de l'Hermitage - Rénovation énergétique et mise aux normes techniques du bâtiment historique</p><p><br></p><p>CFC 214 - Construction en bois</p><p><br></p><p>- Surface de plancher - SP : 1’710m2</p><p>- Volumen bâti – VB : 5'972 m3</p><p><br></p><p>Pour les données détaillées, voir Annexe 0"
76cb0c6b-8c3a-4db5-8927-3ae71d8cc574,ac50c925-68b5-4eea-8854-b49868686d9d,award,2026-06-25,4.0,1,Macullo SA,466956.12,45261210,Travaux de couverture,"<p>Musée de l'Hermitage - Rénovation énergétique et mise aux normes techniques du bâtiment historique</p><p><br></p><p>CFC 224 - Ferblanterie, couverture et étanchéité</p><p><br></p><p>- Surface de plancher - SP : 1’710m2</p><p>- Volumen bâti – VB : 5'972 m3</p><p><br></p><p>Pour les données détaill"
e286765a-083b-4379-b9b9-0afe78cac375,e4439d51-f3e2-4b77-9c2d-694f1b2ccc57,award,2026-07-31,5.0,1,Gombau AG,1151701.4,45246000,Ouvrages de régularisation des cours d'eau et de maîtrise des crues,<p>Die Bauarbeiten umfassen die Umsetzung der noch ausstehenden Massnahmen des Gesamtprojekts HWSP Blinnenbach. Nach unterschiedlichen Sofortmassnahmen und vorgezogenen Massnahmen sollen die noch ausstehende Massnahmen des Gesamtprojekts nun ausgeführt werden. Die Ausführung soll in zwei Etappen dur
bc39caf7-abaa-4faf-a4d2-2ad3f617a34c,f2e7ee77-6efd-4e7a-942a-92e1c6a516fd,award,2026-09-28,2.0,1,Tapernoux SA,551045.32,45000000,Travaux de construction,"<p>Le présent projet a pour objectif principal de renforcer durablement l'infrastructure de vide médical</p><p>desservant les bâtiments 3B et 5A–5B, afin de garantir un niveau élevé de disponibilité, de sécurité et</p><p>de performance répondant aux exigences actuelles et futures de l'établissement."
4577822e-9019-41e8-a122-21f3fbbbf754,7b9f883a-e0a3-4a73-85c1-a22c811a805c,award,2026-09-14,3.0,1,Viansone SA,287535.75,31625100,Systèmes de détection d'incendie,<p>Selon dossier d'appel d'offres</p>
202bef8a-c12f-460f-8680-15d06318a9c5,8080d503-d3dc-4bb8-8650-3e60483ead54,award,2026-09-17,2.0,1,Ulrich Imboden AG,2141199.85,45246400,Ouvrages de protection contre les inondations,<p>Im Sommer 2025 wurde im Rahmen des Projektes HWS Triftbach bereits die Ufermauererhöhung im Dorf als Sofortmassnahme ausgeführt. Nun folgt die Realisierung des Geschiebesammlers Bodmen. Dieser soll das Geschiebe bei einem Hochwasserereignis zurückhalten. Ohne das mitgeführte Geschiebe verringert 
f6a98f56-c122-42b8-bca2-94a217d48f04,0e0b9116-51cb-4478-a405-d4f6fed70277,award,2026-07-09,5.0,1,BBL SA,1480763.0,45000000,Travaux de construction,<p>CFC 222-224 Ferblanterie - Etanchéité - Isolations</p>
8882250c-777f-49ed-a287-8176eec7f186,5ef1fb7f-e6f5-4738-b3ce-a8693e28fe9a,award,2026-02-16,8.0,1,"Héritier & Cie SA, entreprise de bâtiments et travaux publics",969438.0,45000000,Travaux de construction,"<p>Voir: Conditions générales MP1 Travaux, de l'appel d'offres</p>"
8882250c-777f-49ed-a287-8176eec7f186,aea467bd-e357-461a-9987-11d388a02b32,award,2026-02-16,3.0,1,"Revaz, Constructions métalliques SA",824851.0,45000000,Travaux de construction,"<p>Voir: Conditions générales MP1 Travaux, de l'appel d'offres</p>"
8882250c-777f-49ed-a287-8176eec7f186,de1a474f-ec3b-4285-9156-1f0a26430a3d,award,2026-02-16,3.0,1,"swisspro SR SA, succursale de Sion",944015.0,45000000,Travaux de construction,"<p>Voir: Conditions générales MP1 Travaux, de l'appel d'offres</p>"
8882250c-777f-49ed-a287-8176eec7f186,ecfcb356-d443-42b2-9915-1fcbf4741f09,award,2026-02-16,3.0,1,Fumeaux SA,676094.0,45000000,Travaux de construction,"<p>Voir: Conditions générales MP1 Travaux, de l'appel d'offres</p>"
8882250c-777f-49ed-a287-8176eec7f186,1e43bc8b-3550-4734-b96b-4210858aeb77,award,2026-02-16,4.0,1,"GD Climat SA Sion, VS",393812.0,45000000,Travaux de construction,"<p>Voir: Conditions générales MP1 Travaux, de l'appel d'offres</p>"
8882250c-777f-49ed-a287-8176eec7f186,934bad24-336c-41da-97ce-ee69b4c09e89,award,2026-02-16,3.0,1,Fumeaux SA,688507.0,45000000,Travaux de construction,"<p>Voir: Conditions générales MP1 Travaux, de l'appel d'offres</p>"
8882250c-777f-49ed-a287-8176eec7f186,1b86d95d-eb61-4ac6-8009-73f7b0d158d7,award,2026-02-16,2.0,1,Miraco SA,189913.0,45000000,Travaux de construction,"<p>Voir: Conditions générales MP1 Travaux, de l'appel d'offres</p>"
8882250c-777f-49ed-a287-8176eec7f186,6873b57e-3b68-42c9-8a5e-434b89856766,award,2026-02-16,4.0,1,FUX VISP AG,1360761.0,45000000,Travaux de construction,"<p>Voir: Conditions générales MP1 Travaux, de l'appel d'offres</p>"
8882250c-777f-49ed-a287-8176eec7f186,90a76b3d-1bf3-461f-967a-54cbf1d34823,award,2026-02-16,2.0,1,Marcel Bonvin et Fils SA,171279.0,45000000,Travaux de construction,"<p>Voir: Conditions générales MP1 Travaux, de l'appel d'offres</p>"
8882250c-777f-49ed-a287-8176eec7f186,0236da07-3774-4859-a9c4-f6f094e9b8a0,award,2026-02-16,5.0,1,Florey Yves Renotec,159983.0,45000000,Travaux de construction,"<p>Voir: Conditions générales MP1 Travaux, de l'appel d'offres</p>"
8882250c-777f-49ed-a287-8176eec7f186,b9745376-25be-4031-840f-4ae62f4996a2,award,2026-02-16,6.0,1,Velamen SA,540795.0,45000000,Travaux de construction,"<p>Voir: Conditions générales MP1 Travaux, de l'appel d'offres</p>"
8882250c-777f-49ed-a287-8176eec7f186,0ef7557e-f232-4569-8ecb-afb691c8e478,award,2026-02-16,3.0,1,Michellod SA,1137270.0,45000000,Travaux de construction,"<p>Voir: Conditions générales MP1 Travaux, de l'appel d'offres</p>"
8882250c-777f-49ed-a287-8176eec7f186,53b581e6-8319-4d64-aa7d-cbc6d11e1242,award,2026-02-16,3.0,1,tz menuiserie SA,639108.0,45000000,Travaux de construction,"<p>Voir: Conditions générales MP1 Travaux, de l'appel d'offres</p>"
8882250c-777f-49ed-a287-8176eec7f186,daaa2569-1eec-418b-8772-f6113e8a2277,award,2026-02-16,1.0,1,M&R Groupe SA,339142.0,45000000,Travaux de construction,"<p>Voir: Conditions générales MP1 Travaux, de l'appel d'offres</p>"
8882250c-777f-49ed-a287-8176eec7f186,fa2ba081-37d2-41bf-b54e-0dbf3f1dc759,tender,,,0,,,45000000,Travaux de construction,"<p>Voir: Conditions générales MP1 Travaux, de l'appel d'offres</p>"
1074498b-5bd0-494b-b5ef-56ee6091ff73,00381f74-8ca6-4edb-974a-c83e5914fbe6,award,2026-09-18,3.0,1,RBM Electricité SA,1810410.25,45310000,Travaux d'équipement électrique,<p>selon règlement de procédure</p>
2fb3d80b-4774-4e25-97c1-9c2e7bad255f,09e485fe-2215-47b1-aa40-d7a4c9f741e0,award,2026-09-16,6.0,1,JM ROSSA SA,501249.55,45000000,Travaux de construction,"<p>CFC 25 Installations sanitaires</p><p>Construction et transformation des ateliers de l'établissement pénitentiaire de Crêtelongue à Granges. 3 bâtiments: atelier économie animale, atelier métal et alimentaire, atelier bois et maintenance.</p>"
674957b8-176c-4720-a20a-fb95a7587c24,669b24bf-4b8c-4d43-8f02-ad0fa585d2cf,award,2026-09-16,5.0,1,JM ROSSA SA,731355.25,45000000,Travaux de construction,"<p>CFC 24 Chauffage</p><p>Construction et transformation des ateliers de l'établissement pénitentiaire de Crêtelongue à Granges. 3 bâtiments: atelier économie animale, atelier métal et alimentaire, atelier bois et maintenance.</p>"
4e4f85ad-aaa0-4fa1-8a2a-4fbe60e26e2a,62577710-4ea3-4401-a02f-d6da8ece7bf6,award,2026-09-01,3.0,1,Astori SA,1196894.8,45000000,Travaux de construction,<p>Construction en bois calculée par ingénieur.</p>
613673d1-84b3-4e4c-a2b9-69a0250c3f34,48a8b0fe-5d68-4615-ab3b-d5737c5c67ab,award,2026-09-15,3.0,1,Zurbriggen AG,351683.15,45000000,Travaux de construction,<p>Fenêtre en bois-métal</p>
ea148150-89a7-4331-a5d5-29419dcbb917,98b8d8e4-b18e-4b8f-a272-a01abfbf0dfe,award,2026-09-17,2.0,1,Schenker Storen AG,75670.0,45421143,Travaux d'installation de stores,<p>Les travaux concernent la dépose puis fourniture et pose de nouveaux stores sur différents bâtiments du site carcéral de Champ-Dollon.&nbsp;</p>
1bb905dc-45da-4edd-8d60-9961b29232a5,87b2729e-177d-4842-8113-dda20bc15ab9,award,2026-09-01,2.0,1,Créa'Bois Sàrl,135156.35,45421000,Travaux de menuiserie,"<p>Construction d'un nouveau bâtiment à Vollèges regroupant une nurserie, une crèche et une UAPE ainsi qu'un abri de protection civile de 650 places selon ITAS</p>"
c792bf5b-9f78-4627-8223-aeb133c59636,4484911c-992f-49d2-94d7-f56e7cb864c1,award,2026-09-01,5.0,1,Astori SA,965909.3,45261100,Travaux de charpente,"<p>Construction d'un nouveau bâtiment à Vollèges regroupant une nurserie, une crèche et une UAPE ainsi qu'un abri de protection civile de 650 places selon ITAS</p>"
54ca0b4a-1a34-48d1-a2b5-a8a163033f49,e208c148-1186-47aa-94ca-7e46b00ca3b7,award,2026-09-15,6.0,1,LUYET CONSTRUCTIONS METALLIQUES SA,194706.25,45000000,Travaux de construction,<p>Fenêtre en aluminium</p>
e70b2439-7cb6-4d0c-b475-3a4f910dbab7,e4ccda2a-d9d6-4ec7-8e89-69dcd6632614,award,2026-09-19,2.0,1,Implenia Schweiz AG,29428884.9,45000000,Travaux de construction,"<p>Le projet Advanced Science Building (ASB) de l’EPFL vise à créer un ensemble de laboratoires de très haute technologie répondant à des exigences strictes en matière de vibrations, de champs électromagnétiques, de stabilité thermique et de contrôle hydrométrique. Implanté sur le campus, à l’emplac"
dc446840-c074-4fa1-a197-e6b8295529eb,1af07e21-ca3e-416a-a6f3-83d6007428c7,award,2026-08-13,2.0,1,ARGE Bächler + Güttinger AG / Volken Group,3723305.15,45112712,Travaux d'aménagement paysager de jardins,<p>Conformément au dossier d'appel d'offres</p>
8d0bee0e-9870-4931-8714-dd93794f8cf6,e2952070-80b7-4f03-937d-5f42486a8423,award,2026-09-22,2.0,1,SCRASA SA,119674.97,45200000,Travaux de construction complète ou partielle et travaux de génie civil,<p>Prestations d'électricité pour la nouvelle infrastructure destinée à l'alimentation des parcelles sur le site du camping du Bois de Bay.</p><p><br></p><p>Contexte :</p><p>Les mobil‑homes sont livrés entièrement équipés par le fournisseur. Les prestations du présent lot se limitent donc aux travau
1c7b8f0a-b18a-42ee-aa98-2a3af9af2b34,42ac6f70-301f-44f2-b069-b60d95f0b221,award,2026-09-22,3.0,1,BEP SA,202819.06,45112000,Travaux de fouille et de terrassement,"<p>Le présent marché concerne les travaux de terrassement et de mise en place des réseaux d’assainissement (fouilles, eaux usées et eaux claires) nécessaires à l’alimentation des nouvelles parcelles sur le site du camping du Bois de Bay.</p><p>Périmètre des travaux :</p><ul><li>Excavation des tranch"
7048a441-3dc3-4541-933b-6ef70e804dc7,770ab7ad-484f-44b2-9681-55e84d9ef342,award,2026-09-22,3.0,1,Curchod Fils SA,64146.54,45232460,Travaux d'installations sanitaires,"<p>Le présent marché concerne les prestations d'installations sanitaires pour la nouvelle infrastructure destinée à l'alimentation des parcelles sur le site du camping du Bois de Bay.</p><p><br></p><p>Contexte :</p><p>Les mobil‑homes sont livrés entièrement équipés par le fournisseur (sanitaires, do"
8071c39d-5834-4974-ac1f-3a1c426ce875,22007235-fecd-4e6d-a0c7-cf44c34d54af,award,2026-09-19,2.0,1,BBL SA,1398839.53,45000000,Travaux de construction,"<p>Pour répondre à la forte croissance du nombre d’étudiant(e)s tout en préservant son excellence pédagogique, l’EPFL lance le <strong>Double Deck</strong>, un projet ambitieux pour adapter et étendre ses infrastructures, il s’agit de la création d’un nouveau pôle de formation au cœur du campus.</p>"
36af2b6b-4a85-4e83-92d2-89494d5a95f7,cbd6641a-9c17-4143-a41a-c9b8f61ddac3,award,2026-09-02,4.0,1,Rutsch SA,374640.85,45000000,Travaux de construction,"<p>Le présent marché porte sur la rénovation, transformation et l'agrandissement du centre culturel de l'épicentre, sis au chemin de Mancy 61 sur le territoire communal de Collonge-Bellerive, sur la parcelle de propriété communale n° 4489. Le site existant comprenant deux bâtiments et un skate-park "
221ab6f5-bf61-44dd-acfe-eba82a837eac,5b1454a7-13a8-4fe0-8a5d-c94ae7b626cf,award,2026-09-15,5.0,1,Epiney Construction SA,1339493.6,45000000,Travaux de construction,"<p>Suite aux crues 2018, pour rétablir le secteur de Mission, plusieurs phases de travaux sont prévues. Cette soumission concerne les phases 1 ( en rive droite) et phase 2 (rive gauche) au Km 11.92 et 12.35, vers le camping d’Anniviers.&nbsp;</p><p>Il est prévu de :</p><p>-	élargir et décaler le lit"
3bfd6080-e1c6-453b-90c2-452a319d318e,b37f80c7-51ac-4843-956d-d327a71281d9,award,2026-09-16,7.0,1,Epiney Construction SA,1429426.25,45000000,Travaux de construction,"<p>Démolition de béton bitumineux : 410 m3</p><p>Terrassements : 3'820 m3</p><p>Graves : 1'540 m3</p><p>Bordures granit : 369 m1</p><p>Béton bitumineux : 741 to</p><p>Fouille en tranchée : 1'505 m3</p><p>Canalisations, tuyau PP : 510 m1</p><p>Canalisations, tuyau fonte K9 Géopur : 376 m1</p><p>Murs "
1b165088-e796-4c6f-9bab-a876064bb5dc,1ba9771f-7202-4be9-a420-2557b215e56e,award,2026-09-16,4.0,1,Menétrey SA,234624.45,45000000,Travaux de construction,<p>Aménagements paysagers pour le nouveau Centre Scolaire Intercommunal d'Arzier-Le Muids.</p>
3aa9b119-7d5f-4ed8-b72e-01e598ef17c0,17b440fb-e27d-4610-84b1-b098474d684e,award,2026-09-04,4.0,1,Laurent Membrez S.A.,599158.15,45000000,Travaux de construction,"<p>Travaux de génie civil consistant en la réalisation de l’infrastructure pour le renouvellement des installations de sécurité du km 8.000 au km 9.900 et du km 11.699 au km 13.000 (fondations pour les signaux, fondations pour les treuils des chambres à câbles, traversées à câbles en pleine voie/sou"
2a2f248f-8796-4d09-887f-8dec74816ab3,ff28af66-c49e-4f17-8721-227966cf42d8,award,2026-09-02,6.0,1,gex sa ventilation - climatisation,353043.4,45000000,Travaux de construction,"<p>CFC 244 Ventilation</p><p>Construction et transformation des ateliers de l'établissement pénitentiaire de Crêtelongue à Granges. 3 bâtiments: atelier économie animale, atelier métal et alimentaire, atelier bois et maintenance.</p>"
47eb5c99-36e3-44cd-ae51-d907bd38e064,12ea1c68-9205-4f10-8936-5043f43962af,award,2026-09-07,5.0,1,MELLY CONSTRUCTIONS SA,114285.7,45000000,Travaux de construction,<p>Travaux de génie civil pour puits de pompage</p>
f048f9f2-a2f2-4eb8-8f93-3c88cd8ac29d,6adb0fb1-a6d2-47c1-8ae3-249b6665fec2,award,2026-08-12,8.0,2,Lambda Technique d'isolation Sion SA; NK Peinture Immo SA,973782.55,45214220,Travaux de construction d'écoles secondaires,<p>Fourniture et pose de plafonds suspendus métalliques et plafonds en bois et dérivés pour le futur gymnase du Chablais à Aigle.</p>
4b4322ce-7fc0-4a61-84a0-70b714b510e2,14307dd5-ebc9-4911-a355-bb86015b647f,award,2026-08-10,3.0,1,FTG Façades Techniques SA,695778.7,45214220,Travaux de construction d'écoles secondaires,"<p>Marché de construction pour travaux de façades, bardages y compris sous-constructions, embrasures, tablettes de fenêtres et faux-plafonds extérieurs pour le futur gymnase du Chablais.</p>"
e1de6498-0ec7-4573-b69e-d6ae4487cb6e,595d490e-74d2-43af-8ec3-07aebd4ce164,award,2026-09-02,2.0,1,OIKEN Solutions SA,217296.45,45000000,Travaux de construction,<p>Construction d'un nouveau Campus pour les besoins de l'EDHEA (Ecole de Design et Haute Ecole d'Art) et de l'Ecole de Couture du Valais à Sierre.</p><p>L'objectif du nouveau Campus est de créer des espaces d'apprentissage et de travail ainsi que des salles de classe fonctionnelles et adaptées aux 
c72cff7c-f215-4f5c-8ea0-966d635f8e34,8af28e8e-3e3b-4002-b56e-caf936962936,award,2026-08-19,5.0,1,JPF Construction SA,9354297.25,45000000,Travaux de construction,"<p>Le présent appel d’offres pour travaux de construction concerne les travaux de génie civil pour le renouvellement de la gare du Muids (renouvellement de l’infrastructure ferroviaire entre les km 10.945 et 11.341, fondations LC/IS, nouveaux quais, passage inférieur, rampes et escaliers d’accès, mu"
7f92b780-6341-462b-a65e-8b7ffc15bb2f,b1d45ab4-7379-4403-a851-23eb8a1af234,award,2026-09-02,3.0,1,ABI-NETTOYAGES Sàrl,139247.0,45000000,Travaux de construction,<p>CFC 287 - Nettoyage du bâtiment</p><p><br></p><p>Modernisation et extension des infrastructures du centre médico-éducatif de La Castalie</p><p>Volume / Surfaces plancher (selon SIA 416)</p><ul><li>Bâtiment 3: 14'856 m3 / 4'588 m2</li><li>Bâtiment 4: 9'322 m3 / 2'355 m2</li></ul>
a15cf2c2-5e02-4bc2-8777-c26e3e874a9a,8a4351da-f691-44ce-9c9f-ac43ea156a8d,award,2026-08-18,3.0,1,RITHNER SA,386559.3,45112500,Travaux de terrassement,"<p>Construction d'un nouveau bâtiment à Vollèges regroupant une nurserie, une crèche et une UAPE ainsi qu'un abri de protection civile de 650 places selon ITAS</p>"
b359c708-c844-4051-b799-c7c8e2837cdb,aa2dccbd-4685-476b-b4a1-83e986736450,award,2026-08-18,3.0,1,Ardag Sàrl,58484.9,45262100,Travaux d'installation d'échafaudages,"<p>Construction d'un nouveau bâtiment à Vollèges regroupant une nurserie, une crèche et une UAPE ainsi qu'un abri de protection civile de 650 places selon ITAS</p>"
a8c75594-04a6-4f76-be98-fc9d4b411d0f,8b42637b-cf2d-4377-91f4-219a99d47218,award,2026-08-18,2.0,1,Créa'Bois Sàrl,208472.0,45421000,Travaux de menuiserie,"<p>Construction d'un nouveau bâtiment à Vollèges regroupant une nurserie, une crèche et une UAPE ainsi qu'un abri de protection civile de 650 places selon ITAS</p>"
367c148a-acb1-4a3e-9175-733b03e6c60f,52e1167c-1800-48e5-8c9f-1e81bbc45b2c,award,2026-08-18,7.0,1,Grichting & Valterio Electro SA,432842.25,45311200,Travaux d'installations électriques,"<p>Construction d'un nouveau bâtiment à Vollèges regroupant une nurserie, une crèche et une UAPE ainsi qu'un abri de protection civile de 650 places selon ITAS</p>"
11063b51-7b1b-4a3a-862e-39e123dcdb2c,14f1bd18-a3e0-42c8-9860-9e3c5e44e56f,award,2026-08-27,6.0,1,"GD Climat SA Sion, VS",329382.41,45232141,Installations de chauffage,"<p>Construction d'un nouveau bâtiment à Vollèges regroupant une nurserie, une crèche et une UAPE ainsi qu'un abri de protection civile de 650 places selon ITAS</p>"
5f290320-9274-4813-aa32-3575d5274fa9,e79d9c92-eac4-4fa5-a13a-baaa52a45927,award,2026-08-27,6.0,1,Imwinkelried Lüftung und Klima AG,257943.77,45331210,Travaux d'installation de ventilation,"<p>Construction d'un nouveau bâtiment à Vollèges regroupant une nurserie, une crèche et une UAPE ainsi qu'un abri de protection civile de 650 places selon ITAS</p>"
a04e3921-a178-4a6d-b22b-32cdef270f49,444dacdb-eaaf-495d-a0fb-3bec397e921f,award,2026-08-27,3.0,1,Fernand Favre SA,217873.28,45232460,Travaux d'installations sanitaires,"<p>Construction d'un nouveau bâtiment à Vollèges regroupant une nurserie, une crèche et une UAPE ainsi qu'un abri de protection civile de 650 places selon ITAS</p>"
0784238d-8dae-4ac8-806e-23973d5b0542,72876d57-97f9-42a3-8c59-5cfb78738bd5,award,2026-08-18,4.0,1,ISR Injectobohr SA,200183.45,45232451,Travaux de drainage et travaux de surface,"<p>Construction d'un nouveau bâtiment à Vollèges regroupant une nurserie, une crèche et une UAPE ainsi qu'un abri de protection civile de 650 places selon ITAS</p>"
4b874485-23f9-4f0d-82d6-33f47d8611f0,82a29cb8-68c5-482d-a00c-0b7c98f9940c,award,2026-08-18,6.0,1,Conforti SA,3248160.55,45262522,Travaux de maçonnerie,"<p>Construction d'un nouveau bâtiment à Vollèges regroupant une nurserie, une crèche et une UAPE ainsi qu'un abri de protection civile de 650 places selon ITAS</p>"
ed92974f-55f2-4210-8acd-e90f9b021256,ed01dd82-c4c5-4ee0-a5e9-7ebc5fbf99ef,award,2026-09-07,2.0,1,Werner Isolierwerk AG Visp,138573.1,45214300,Construction d'établissements d'enseignement supérieur,<p>BKP 225.4 Brandschutzbekleidungen</p>
0d56c73c-a1a6-46a6-9f31-30cc165c15fd,385dea0a-4914-42f6-a5a4-cc57663196bb,award,2026-09-07,2.0,1,Werner Isolierwerk AG Visp,69618.4,45214300,Construction d'établissements d'enseignement supérieur,<p>BKP 225.5 Brandabschottungen</p>
08d3ccfc-f116-4d86-82b4-3165f2beb26f,09319320-4a22-4092-a1c1-fb5253116093,award,2026-09-07,7.0,1,Grichting & Valterio Electro SA,92665.5,45000000,Travaux de construction,<p>Installations électriques pour puits de pompage</p>
bc6607c4-9b5f-4d3e-bb19-07becabca15c,1ae214a2-3b61-4bc3-9c46-6a53de52f137,award,2026-09-07,2.0,1,Sébastien Cheseaux SA,171280.05,45000000,Travaux de construction,"<p>Installations sanitaires, pompes, pour puits de pompage</p>"
7708a405-61a5-4e46-9ef3-b20747bdb808,f34288bc-1306-4e7a-961d-276ee65b00e6,award,2026-09-09,1.0,1,Orgapropre SA,18160.1,45452000,Travaux de nettoyage extérieur de bâtiments,<p>Le marché concerne le nettoyage avant/pendant travaux :</p><p><br></p><ul><li>Des caissons de stores</li><li>Le nettoyage hebdomadaire de la base de vie</li></ul><p><br></p><p>Le nettoyage après travaux :</p><p><br></p><ul><li>Embrasures</li><li>Nettoyage de fin de chantier des douches communes</
51f1da9b-2299-4269-8fb7-179597b0bca6,42ff3ee4-589a-466b-9397-c25aa8566f74,award,2026-09-14,6.0,1,Groupe Egli AG,786223.0,45410000,Travaux de plâtrerie,<p>Le présent marché concerne les travaux de plâtrerie - enduits - peinture pour l'aménagement de surfaces destinées aux écoles de la HES-SO sur le site Quartet à Genève.</p>
2ec95d8d-129e-4b02-9c4b-9dc22de3bfd2,f340bfe2-bd82-4485-b47b-75d8dfab6275,award,2026-09-08,10.0,1,Entreprise Belloni SA,717910.75,45410000,Travaux de plâtrerie,<p>Travaux de Plâtrerie-Peinture et Faux-plafonds plâtre</p>
03319a6f-d2bb-48d2-893e-c55961ad5d28,a8661566-ce02-4aa0-bbfa-375cda5defa7,award,2026-08-27,4.0,1,Viansone SA,577377.55,45343200,Travaux d'installation de dispositifs d'extinction d'incendie,<p>Selon dossier d'appel d'offre</p>
51d8e786-11c6-410d-9ca2-5b2ee18763df,58a32d70-06e0-4dac-a050-335fb8d0a497,award,2026-09-14,5.0,1,E.S.D. Espace Solutions Design Sàrl,237776.0,45441000,Travaux de vitrerie,<p>Le présent marché concerne les travaux de cloisons amovibles vitrées pour l'aménagement de surfaces destinées aux écoles de la HES-SO sur le site Quartet à Genève.</p>
d08edd6d-366a-4c0f-b226-42b25d3aa115,7e4e62ee-1dc6-40c5-951a-dff8e00858d2,award,2026-05-20,4.0,1,Girsberger AG,728458.9,45000000,Travaux de construction,<p>Le bâtiment Central de l'Université des Bastions est en cours de transformation et rénovation.</p><p><br></p><p>Cet appel d'offres concerne la réalisation de mobilier sur mesure dans une salle avec une valeur patrimoniale importante à savoir l'aula Reverdin.</p><p><br></p><p>Le projet consiste à 
d51200f9-85be-4fe2-b069-224b3705f5ce,aec74961-1983-4444-94ad-99b9466090bc,award,2026-06-03,1.0,1,XAL Schweiz GmbH,439611.51,45000000,Travaux de construction,<p>Le bâtiment Central de l'Université des Bastions est en cours de transformation et rénovation.</p><p><br></p><p>Cet appel d'offres concerne la fourniture de luminaires pour des salles de cours et des espaces dédiés à l'éducation.</p>
f3c13f76-e145-4c9a-a4d6-5fb8d113d661,c898bc03-1784-4058-857c-1e30c4fe3620,award,2026-06-11,6.0,1,Wider SA Montreux,454666.44,45000000,Travaux de construction,<p>Le bâtiment Central de l'Université des Bastions est en cours de transformation et rénovation.</p><p><br></p><p>Cet appel d'offres concerne la fourniture et la pose de nouvelles portes intérieures en bois.</p>
b747e283-18a6-43e0-901c-4f8a31b57d6b,68b17714-d9c3-44cd-adcb-9717e22cc01b,award,2026-06-11,8.0,1,Carmelo Carrelages SA,218015.94,45000000,Travaux de construction,<p>Le bâtiment Central de l'Université des Bastions est en cours de transformation et rénovation.</p><p><br></p><p>Cet appel d'offres concerne la fourniture et la pose de carrelages et faïences dans des sanitaires et locaux techniques.</p>
e2947391-f5af-4240-b64a-229a304decea,95001c11-f810-48df-8fd5-76b45e2157db,award,2026-07-21,8.0,1,Albos Sàrl,139949.11,45000000,Travaux de construction,<p>Le bâtiment Central de l'Université des Bastions est en cours de transformation et rénovation.</p><p><br></p><p>Cet appel d'offres concerne la fourniture et la pose de parquet dans des salles de cours et des espaces de circulation.</p>
62ecefba-ff2d-469a-8d68-5670e07da8fb,b3e39dc6-e2d0-4b23-84a1-4f515dde7c1d,award,2025-08-07,4.0,1,Camandona SA,,45222000,"Travaux de construction d'ouvrages de génie civil, excepté ponts, tunnels, puits et passages souterrains","<p>Mise en conformité LHAND d'arrêts de bus , notamment le déplacement et réhaussement des quais. </p>"
5ba626bd-b4e6-4389-a9af-24a535b02958,7d7ec68b-10a9-4a21-b6a3-e5096db0ff1b,award,2026-08-10,6.0,1,Berisha SA Constructions métalliques,662534.25,45223000,Travaux de construction d'ouvrages,"<p>Dimensionnement, fourniture et pose de deux structures métalliques sur les bassins de la station d'épuration pour permettre la mise en place de panneaux solaires photovoltaïques. Les structures seront recouvertes de tôles ondulées.</p>"
7badbb7a-53bf-4ea6-a651-e6cfdc544155,f729c410-f14e-4db0-83b6-3a1b59a8a4b1,award,2026-08-13,2.0,1,Evéquoz SA,7274505.2,45000000,Travaux de construction,"<p>La STEP de NOES traite les eaux usées de Sierre et des communes voisines de Chippis, Crans-Montana, Noble-Contrée et Salquenen pour un total de 99'000 EH à l’horizon 2050. L’effluent du bassin versant est sujet à des hausses de charges organiques en période de vendanges et durant la haute saison "
0f64ce42-7bf9-4178-8a3c-6c02c18b4d02,0a4268cd-9285-40f5-8c47-c78ab9149d8e,award,2026-08-12,2.0,1,Sülzle Kopf GmbH,744731.16,42996000,Machines de traitement des eaux usées,"<p>Der Lieferumfang der vorliegenden Ausschreibung umfasst im Wesentlichen die Ausrüstung zur Lagerung und Dosierung der Pulveraktivkohle (Befüllung Silo, Silo inkl. integrierter Dosiereinrichtung, Dosierleitungen bis Biologiebecken), sowie die Ausrüstung zur Lagerung und Dosierung des Neutralisatio"
3b31332a-7163-41bc-818b-26e132f85719,93b1a298-2b2f-40fc-9492-7f2aff211aa2,award,2026-09-09,6.0,1,GENOLET TOITURE CONCEPT SA,342924.95,45000000,Travaux de construction,"<p>Le présent marché concerne les travaux d’étanchéité nécessaires à la réalisation de nouveaux acrotères périphériques, de socles techniques en toiture, de nouvelles souches traversantes, de sorties sanitaires et de naissances d’eaux pluviales. Il comprend également le renforcement général du compl"
df34038e-2cef-4d58-a11a-b66a2ceac823,882fa8cd-c2d7-406e-b597-cc97d11b3f5e,award,2026-08-27,6.0,1,Crespin Renovation Sàrl,86357.5,45000000,Travaux de construction,"<p>Le présent marché porte sur la rénovation, transformation et l'agrandissement du centre culturel de l'épicentre, sis au chemin de Mancy 61 sur le territoire communal de Collonge-Bellerive, sur la parcelle de propriété communale n° 4489. Le site existant comprenant deux bâtiments et un skate-park "
8d664ae4-49d9-4a0e-ac11-9dfaab0cdd36,79717df7-298a-4c1f-b03b-b4d0d4629bc2,award,2026-07-27,7.0,1,Balzan et Immer S.A.,291055.15,45262321,Travaux de chape,<p>Le marché consiste à exécuter des travaux de chapes pour un montant budgété à CHF 221’700.—HT</p>
25a97a8d-d783-4e34-a878-ca9508031c0d,6826246f-67d7-4da1-8fe2-81e71c7a8281,award,2026-06-09,5.0,1,F. Bernasconi et Cie SA,23292685.0,45000000,Travaux de construction,"<p>L'office cantonal du génie civil (OCGC), du département de la santé et des mobilités (DSM) planifie, entre 2026 et 2028 et en coordination avec les projets du secteur, la réalisation d'aménagements routiers, ainsi qu'une plateforme multimodale dans le secteur de Genève Aéroport, au niveau des zon"
7f97d319-b191-4d33-8f43-b4807d03e506,6a5f7599-19b6-4535-90e2-4fc6e3d3b9e5,award,2026-09-07,5.0,1,ISR Injectobohr SA,168871.55,45120000,Travaux de sondage et de forage de reconnaissance,"<p>Le marché est décrit précisément dans les documents fournis (annexe K2, conditions particulières, cahier des charges, planning, plan de situation)</p><p>En résumé, le marché implique l'exécution de 7 forages carottés (pour inclinomètres) et 7 forages destructifs (pour cellules de pression). Tous "
03c4b81c-8df9-4383-8fb4-929452cdc9dc,a0efc64b-83c1-4d36-a2c0-e6783714afa4,award,2026-06-15,5.0,1,Mérinat S.A.,417210.94,45311200,Travaux d'installations électriques,"<p>Le projet a pour objet la&nbsp;rénovation énergétique, la réhabilitation technique&nbsp;et l'aménagement des combles&nbsp;de l’immeuble, de 15 logements et 3 locaux commerciaux sis&nbsp;rue du Simplon 31 à Vevey.</p>"
17a20e05-bd7e-4bbe-93d1-594bcf80ed90,d51b1854-9ab1-43d5-b6c6-fdc7ebacf266,award,2026-06-15,2.0,1,C. POUSAZ SA,1294490.26,45262522,Travaux de maçonnerie,"<p>Le projet a pour objet la&nbsp;rénovation énergétique, la réhabilitation technique&nbsp;et l'aménagement des combles&nbsp;de l’immeuble, de 15 logements et 3 locaux commerciaux sis&nbsp;rue du Simplon 31 à Vevey.</p>"
efb82e82-3574-40fd-8314-55798e412920,5a99ad02-5d7b-459f-aa7e-cc9475508488,award,2026-08-21,3.0,1,Storama AG für Sonnen- und Wetterschutz-Technik,206397.0,45000000,Travaux de construction,"<p>Le présent marché porte sur la rénovation, transformation et l'agrandissement du centre culturel de l'épicentre, sis au chemin de Mancy 61 sur le territoire communal de Collonge-Bellerive, sur la parcelle de propriété communale n° 4489. Le site existant comprenant deux bâtiments et un skate-park "
b0f2f077-061d-4d7c-a424-761f285bd32b,bcf209d4-710c-4c4b-a60e-77c96fbf004c,award,2026-08-19,5.0,1,PraderLosinger SA,1677712.35,45000000,Travaux de construction,<p>Objet du marché : Affaissement de bord de chaussée</p><p>Remise en état des glissières de sécurité de la zone aval de la route. Réalisation d’une longrine en béton armé appuyée sur micropieux et ancrée avec des clous (ancrages passifs) pour stabiliser la route. Réfection de l’enrobé au droit des 
22cba097-a92e-4d80-b6f3-5162e05bfffb,a34f4089-8767-4b25-9b99-331aa65ce84b,award,2026-08-07,6.0,1,PraderLosinger SA,413084.2,45000000,Travaux de construction,<p>Objet du marché : </p><p>Réalisation d’un soutènement local aval de la route 	par la mise en place de pieux forés tubés armés liés entre eux par des murs en béton armé et d’une longrine en béton armé coulée sur place.</p><p><br></p><p>Etendue du marché :</p><p>-&nbsp;&nbsp;&nbsp;Nombre de micropi
3ec11db3-0d5f-47c3-8ed3-a5a2946dc76f,17022ed7-4c6e-47e0-ace2-813f0f433646,award,2026-09-03,1.0,1,Groupe E Connect SA,460603.75,45000000,Travaux de construction,<p>CFC 231</p>
3ec11db3-0d5f-47c3-8ed3-a5a2946dc76f,2b84e817-9a1b-4984-a8ae-2f9c9e2bf044,award,2026-09-03,1.0,1,ETAVIS Romandie SA,233524.69,45000000,Travaux de construction,<p>CFC 232</p>
3ec11db3-0d5f-47c3-8ed3-a5a2946dc76f,831d95b8-edd3-40f5-bb3b-42836918a552,award,2026-09-03,2.0,1,Groupe E Connect SA,238350.15,45000000,Travaux de construction,<p>CFC 232.4</p>
b7c29a84-9bc8-4f1d-9855-e4d0eef003eb,dccd3522-55ce-4f89-a240-6bf63eae1014,award,2026-09-01,5.0,1,Piasio SA,,45200000,Travaux de construction complète ou partielle et travaux de génie civil,"<p>Travaux de génie civil et de plantation pour réaménagement du village, mise en zone 20 km/h et suppression de cases de stationnements sur la route du Lac, la route de Corsier, le chemin du Château et la place de la Mairie dans le village de Corsier sur canton de Genève.</p>"
bda26477-414e-4614-b9c5-1136b45afd39,55a53ccf-10a5-4142-95c7-eab331731df7,award,2026-07-24,3.0,1,Marcel Bonvin et Fils SA,1191556.45,45214210,Travaux de construction d'écoles primaires,"<p>Le marché concerne l’extension du centre scolaire de Moréchon à Savièse.</p><p>Le projet se compose de trois bâtiments&nbsp;:</p><p>·&nbsp;&nbsp;&nbsp;&nbsp;&nbsp;&nbsp;Une école primaire (~10'300 m3 selon SIA 416)</p><p>·&nbsp;&nbsp;&nbsp;&nbsp;&nbsp;&nbsp;Une salle de gym double, avec un abri P"
5b6c7408-2fc8-469a-af84-e5407599ca93,df72d0b1-4762-41f8-be4e-19f56fcd4bc4,award,2026-07-17,6.0,1,Stephan S.A.,557037.09,44000000,Matériaux et structures de construction; produits auxiliaires pour la construction (à l'exception des appareils électriques),"<p>Dimensionnement, fourniture et pose d'une structure métallique sur les bassins de la station d'épuration d'Orbe pour permettre la mise en place de panneaux solaires photovoltaïques. La structure sera recouvertes de tôles ondulées.</p>"
95a78b66-b53a-4d83-8d6c-b3c8cde2b767,3115754f-f362-455f-918d-c0d353cf11aa,award,2026-09-01,4.0,1,P. Piretti SA,377034.0,45000000,Travaux de construction,<p>Le projet concerne la transformation partielle et l'agrandissement de l'école de Puplinge.</p><p>Le présent appel d'offres traite des travaux suivants :</p><ul><li>plâtrerie</li><li>peinture</li></ul>
ff01470f-6de1-4de0-a135-d661e851d7d9,bef8326c-5b09-49a6-bc15-b30856ba91a5,award,2026-09-01,2.0,1,Balzan et Immer S.A.,74388.0,45000000,Travaux de construction,<p>Le projet concerne la transformation partielle et l'agrandissement de l'école de Puplinge.</p><p>Le présent appel d'offres traite des travaux de chapes.</p>
959c4794-b035-494c-9dbd-41468aec8bae,da4f8705-1aa8-4b06-94d8-ceb6b46599fc,award,2026-09-01,6.0,1,Gatto SA,354335.9,45000000,Travaux de construction,<p>Le projet concerne la transformation partielle et l'agrandissement de l'école de Puplinge.</p><p>Le présent appel d'offres traite des travaux de revêtements de sols et de parois en carrelage.</p>
1151fdaa-1ada-47bd-958e-af2911180def,b72aff61-44cf-474e-b087-6f59a0aa299f,award,2026-07-02,2.0,1,Zuttion Construction VD SA,343156.25,45110000,Travaux de démolition de bâtiments et travaux de terrassement,"<p>Rénovation de l'immeuble sis à la route Aloys-Fauquez 54 à Lausanne.</p><p><br></p><p>Le présent marché concerne les travaux de désamiantage, démolition et démontage et maçonnerie dans et à l’extérieur du bâtiment. Sont notamment prévus : travaux de canalisations intérieurs et extérieurs, réfecti"
48c515d4-b39c-4bad-8c82-de5746d44cd3,cffc38cf-f3ec-4774-9d89-5dabb3bbbba2,award,2026-09-01,8.0,1,L&F SOLS SA,124476.7,45000000,Travaux de construction,<p>Le projet concerne la transformation partielle et l'agrandissement de l'école de Puplinge.</p><p>Le présent appel d'offres traite des travaux de revêtements de sol en bois.</p>
834fd8f9-e79c-45a5-8e6f-77c7185c4571,d9b17627-6eb4-4c97-9372-5e084bcf1771,award,2026-09-01,9.0,1,Entreprise Belloni SA,234261.45,45000000,Travaux de construction,<p>Le projet concerne la transformation partielle et l'agrandissement de l'école de Puplinge.</p><p>Le présent appel d'offres traite des travaux de faux-plafonds.</p>
92ef46c8-f71a-46a2-b19b-4d48d3da3423,d42fa17c-1bec-4ffb-93f0-b9ab6e546990,award,2026-08-04,6.0,1,Alpenda SA,24436005.0,45000000,Travaux de construction,"<p>Le marché mis en concurrence porte sur la finalisation des études de projet, la réalisation des études d'exécution et la construction en entreprise totale d'une zone de détention avant jugement, de 60 places, à horizon début 2028.&nbsp;</p>"
9e1bd739-951d-4dcd-9699-f07859795c67,3da8d34c-6691-430e-a111-e0d75f195eb1,award,2026-08-27,6.0,1,Moments Furniture SA,601365.0,45421000,Travaux de menuiserie,<p>Travaux de fourniture de menuiseries courantes dans le cadre de la Transformation de l'EMS de l'Orme. Le bâtiment doit attendre une performance équivalente au standard Minergie ECO</p><p><br></p><p>Étendu du marché :</p><p>- Surface de plancher (SP) : 4'464 m2</p><p>- Surface nette (SN) : 3'931 m
7f96e499-f169-47a1-ab16-c29971e5d35b,43918c57-7149-42cf-8b37-8b558adb8324,award,2026-08-29,3.0,1,"Condecta Romandie, succursale de Condecta AG",610179.1,45000000,Travaux de construction,"<p>Le projet Advanced Science Building (ASB) de l’EPFL vise à créer un ensemble de laboratoires de très haute technologie répondant à des exigences strictes en matière de vibrations, de champs électromagnétiques, de stabilité thermique et de contrôle hydrométrique. Implanté sur le campus, à l’emplac"
7bffeafb-05f9-44ae-8f8d-313e0a72ed23,630a8e0f-d7b2-4ed2-bca1-bea575329dcc,award,2026-08-29,7.0,1,L&F SOLS SA,1041844.26,45000000,Travaux de construction,"<p>Pour répondre à la forte croissance du nombre d’étudiant(e)s tout en préservant son excellence pédagogique, l’EPFL lance le Double Deck, un projet ambitieux pour adapter et étendre ses infrastructures, il s’agit de la création d’un nouveau pôle de formation au cœur du campus.</p><p>Le projet a de"
5d811474-e6e6-4b66-898a-2c298116fc69,525ab558-86c5-4eca-8871-35ee6928421c,award,2026-08-19,5.0,1,SCRASA SA,2304506.0,45000000,Travaux de construction,"<p>Le présent marché porte sur la rénovation, transformation et l’agrandissement du centre culturel de l’épicentre, sis au chemin de Mancy 61 sur le territoire communal de Collonge-Bellerive, sur la parcelle de propriété communale n°4489. Le site existant comprenant deux bâtiments et un skate-park s"
525539e2-318a-40c9-8b05-ba06c623ff98,183b8ef6-4f17-435d-954c-3d0ace8c4135,award,2026-08-19,3.0,1,Delta Türsysteme AG,445926.0,45000000,Travaux de construction,"<p>Le présent marché porte sur la rénovation, transformation et l'agrandissement du centre culturel de l'épicentre, sis au chemin de Mancy 61 sur le territoire communal de Collonge-Bellerive, sur la parcelle de propriété communale n° 4489. Le site existant comprenant deux bâtiments et un skate-park "
becccde5-d97a-4340-b2bd-a09a628cc7c4,e0c81ef8-1167-46cd-91ea-7abace3619af,award,2026-09-25,7.0,1,ALVAZZI GROUPE SA,288124.25,45331000,"Travaux d'installation de matériel de chauffage, de ventilation et de climatisation","<p>Fourniture, livraison, montage et mise en service des installations de chauffage pour la future STEP de l'EPARSE à Payerne</p>"
fb541026-6ac7-4e3e-9f1d-318eea09479a,0065453d-7af8-4023-bbe4-4f62242d951b,award,2026-08-31,3.0,1,Astori SA,203125.65,45000000,Travaux de construction,<p>Rénovation globale et transformation du bâtiment historique de Beau-Site à Aigle (bureaux et surfaces commerciales) et aménagements extérieurs avec esplanade plantée.</p><p>Le présent appel d'offres concerne les prestations  de parois vitrées bois et portes spéciales (CFC-274.0).</p>
e710c27c-7206-4ef8-9d43-f9933bd8836b,a28b2482-76c5-41e8-9183-289b67820e9a,award,2026-08-31,7.0,1,R. Morand et Fils SA,203369.1,45000000,Travaux de construction,<p>Rénovation globale et transformation du bâtiment historique de Beau-Site à Aigle (bureaux et surfaces commerciales)et aménagements extérieurs avec esplanade plantée.</p><p>Le présent appel d'offres concerne les fenêtres et portes en acier du bâtiment Beau-Site (CFC-221.3).</p>
cb520455-b8ff-4ff8-bf80-3654f4a9357c,a0ef962d-2ba6-4997-98e5-98c7feccaafd,award,2026-09-07,2.0,1,Wider SA Montreux,129030.6,45000000,Travaux de construction,"<p>Rénovation globale et transformation du bâtiment historique de Beau-Site à Aigle (bureaux et surfaces commerciales)et aménagements extérieurs avec esplanade plantée.</p><p><br></p><p>Le présent appel d'offres concerne les portes intérieures en bois du bâtiment Beau-Site (CFC-273.0), soit :</p><ul"
bef9d04e-8401-40a1-9c83-3406fe23fa02,d5068550-e931-42e7-b79a-afb4e16129d1,award,2026-09-22,5.0,1,Weibel SA,118796.95,45000000,Travaux de construction,<p>Revêtements bitumineux - lot 26210.</p><p>Longueur du tronçon : 370 m'</p><p>Etendue du marché :</p><ul><li>Membrane bitume armé : 2500 m2</li><li>Couche de roulement AC 11 S : 240 to</li></ul>
c0795aae-2749-4802-af8b-4d61df62901d,da33bef8-3a42-448a-a375-d009a8b4ab64,award,2026-09-22,5.0,1,Weibel SA,189681.55,45000000,Travaux de construction,<p>Revêtements bitumineux - lot 26209.</p><p>Longueur du tronçon : 1'150 m'</p><p>Etendue du marché :</p><ul><li>Fraisages pour reprofilage : 5200 m2</li><li>Couche de roulement AC 11 S : 550 to</li></ul>
f2a26f5a-cae1-47cf-a9d9-d9049f68427a,379003e5-51e9-4112-93e7-dfc65744edd2,award,2026-09-22,5.0,1,Weibel SA,124669.35,45000000,Travaux de construction,<p>Revêtements bitumineux - lot 26208.</p><p>Longueur du tronçon : 350 m'</p><p>Etendue du marché :</p><ul><li>Membrane bitume armé : 2'700 m2</li><li>Couche de roulement AC 11 S : 260 to</li></ul>
294d80c6-92e5-4750-b8fa-49a358fd0e2d,ed3598b7-8846-49fd-baf4-e4c7dd01abe6,award,2026-09-30,6.0,1,Epiney Construction SA,469889.95,45222000,"Travaux de construction d'ouvrages de génie civil, excepté ponts, tunnels, puits et passages souterrains","<p>Réfection de la chaussée avec remplacement et extension des réseaux eaux claires, eaux usées et eau potable.</p>"
