Grossregion (<<) / Kanton (-) / Gemeinde (......),Art der Auftraggeber,Kategorie der Bauwerke,Beobachtungseinheit,1994,1995,1996,1997,1998,1999,2000,2001,2002,2003,2004,2005,2006,2007,2008,2009,2010,2011,2012,2013,2014,2015,2016,2017,2018,2019,2020,2021,2022,2023,2024
Schweiz,Art der Auftraggeber - Total,Kategorie der Bauwerke - Total,Laufendes Jahr - Absolute Werte,45462890,43854529.0,40003684.0,38223997.0,38477383.0,37888835.0,40594358.0,40585740.0,40990205.0,41111086.0,43335830.0,45857380.0,46627313.0,47459833.0,49265740.0,50192542.0,52139647.0,54633564.0,56268291.0,58783474.0,60317879.0,61093929.0,60780797.0,61335487.0,61580577.0,61339684.0,60768328.0,60651511.0,60874909.0,61745170.0,61440790.0
Schweiz,Art der Auftraggeber - Total,Kategorie der Bauwerke - Total,Laufendes Jahr - Veränderungsraten,*,-3.54,-8.78,-4.45,0.66,-1.53,7.14,-0.02,1.0,0.29,5.41,5.82,1.68,1.79,3.81,1.88,3.88,4.78,2.99,4.47,2.61,1.29,-0.51,0.91,0.4,-0.39,-0.93,-0.19,0.37,1.43,-0.49
Schweiz,Art der Auftraggeber - Total,Kategorie der Bauwerke - Total,Folgejahr (Arbeitsvorrat) - Absolute Werte,28224653,24450327.0,23276423.0,22658511.0,22984335.0,22554084.0,23746300.0,26021347.0,24663234.0,23476951.0,26366262.0,27781607.0,28658912.0,29038909.0,30734489.0,31441503.0,31964110.0,32209873.0,34493687.0,43211042.0,43968550.0,43930710.0,45403519.0,46863790.0,47355760.0,47370942.0,46151961.0,46739043.0,47433350.0,47486396.0,48363122.0
Schweiz,Art der Auftraggeber - Total,Kategorie der Bauwerke - Total,Folgejahr (Arbeitsvorrat) - Veränderungsraten,*,-13.37,-4.8,-2.65,1.44,-1.87,5.29,9.58,-5.22,-4.81,12.31,5.37,3.16,1.33,5.84,2.3,1.66,0.77,7.09,25.27,1.75,-0.09,3.35,3.22,1.05,0.03,-2.57,1.27,1.49,0.11,1.85
Schweiz,Art der Auftraggeber - Total,Infrastruktur Versorgung,Laufendes Jahr - Absolute Werte,2191308,1868064.0,1713986.0,1724635.0,1791065.0,1384693.0,1446276.0,1148949.0,980664.0,1165508.0,1014853.0,1194156.0,1146315.0,1376670.0,1534815.0,1482914.0,1793966.0,1729054.0,1989422.0,2155354.0,2260771.0,2118577.0,2019194.0,1924334.0,2991000.0,3124167.0,3402773.0,2206366.0,3343204.0,2358395.0,2508494.0
Schweiz,Art der Auftraggeber - Total,Infrastruktur Versorgung,Laufendes Jahr - Veränderungsraten,*,-14.75,-8.25,0.62,3.85,-22.69,4.45,-20.56,-14.65,18.85,-12.93,17.67,-4.01,20.1,11.49,-3.38,20.98,-3.62,15.06,8.34,4.89,-6.29,-4.69,-4.7,55.43,4.45,8.92,-35.16,51.53,-29.46,6.36
Schweiz,Art der Auftraggeber - Total,Infrastruktur Versorgung,Folgejahr (Arbeitsvorrat) - Absolute Werte,1537570,1525150.0,1454688.0,1335706.0,1131451.0,1065200.0,865134.0,736765.0,666045.0,598496.0,819203.0,892842.0,923473.0,1089263.0,1096313.0,1370778.0,1619323.0,1436374.0,1688450.0,2324652.0,2273187.0,1945716.0,1623143.0,2024285.0,2867854.0,3008823.0,3216925.0,2181406.0,3415235.0,2244904.0,2253248.0
Schweiz,Art der Auftraggeber - Total,Infrastruktur Versorgung,Folgejahr (Arbeitsvorrat) - Veränderungsraten,*,-0.81,-4.62,-8.18,-15.29,-5.86,-18.78,-14.84,-9.6,-10.14,36.88,8.99,3.43,17.95,0.65,25.04,18.13,-11.3,17.55,37.68,-2.21,-14.41,-16.58,24.71,41.67,4.92,6.92,-32.19,56.56,-34.27,0.37
Schweiz,Art der Auftraggeber - Total,Infrastruktur Entsorgung,Laufendes Jahr - Absolute Werte,1317203,1309248.0,1242552.0,1140572.0,1099778.0,906315.0,915697.0,795649.0,790677.0,837011.0,580910.0,570074.0,681974.0,644401.0,620590.0,722562.0,608632.0,605291.0,615242.0,573394.0,568546.0,588518.0,509187.0,519915.0,518726.0,531974.0,557866.0,537963.0,609423.0,602027.0,679983.0
Schweiz,Art der Auftraggeber - Total,Infrastruktur Entsorgung,Laufendes Jahr - Veränderungsraten,*,-0.6,-5.09,-8.21,-3.58,-17.59,1.04,-13.11,-0.62,5.86,-30.6,-1.87,19.63,-5.51,-3.7,16.43,-15.77,-0.55,1.64,-6.8,-0.85,3.51,-13.48,2.11,-0.23,2.55,4.87,-3.57,13.28,-1.21,12.95
Schweiz,Art der Auftraggeber - Total,Infrastruktur Entsorgung,Folgejahr (Arbeitsvorrat) - Absolute Werte,1076096,1088855.0,979806.0,842547.0,731282.0,629478.0,530248.0,778926.0,587613.0,535230.0,473741.0,438801.0,478627.0,593524.0,565669.0,563412.0,522277.0,507100.0,414520.0,514381.0,570461.0,459181.0,413198.0,481359.0,490672.0,515778.0,518513.0,541458.0,556528.0,592906.0,648866.0
Schweiz,Art der Auftraggeber - Total,Infrastruktur Entsorgung,Folgejahr (Arbeitsvorrat) - Veränderungsraten,*,1.19,-10.02,-14.01,-13.21,-13.92,-15.76,46.9,-24.56,-8.91,-11.49,-7.38,9.08,24.01,-4.69,-0.4,-7.3,-2.91,-18.26,24.09,10.9,-19.51,-10.01,16.5,1.93,5.12,0.53,4.43,2.78,6.54,9.44
Schweiz,Art der Auftraggeber - Total,Infrastruktur Strassenverkehr,Laufendes Jahr - Absolute Werte,3576812,3509013.0,3411383.0,3807733.0,3392998.0,3589286.0,4466278.0,3637790.0,3740034.0,3662734.0,3764472.0,3406363.0,3333665.0,3449264.0,3464710.0,3878471.0,3805253.0,3758698.0,3696890.0,3652326.0,3966150.0,3998086.0,3623338.0,3558643.0,3742018.0,3957991.0,4188738.0,4213025.0,4013166.0,4369337.0,4243415.0
Schweiz,Art der Auftraggeber - Total,Infrastruktur Strassenverkehr,Laufendes Jahr - Veränderungsraten,*,-1.9,-2.78,11.62,-10.89,5.79,24.43,-18.55,2.81,-2.07,2.78,-9.51,-2.13,3.47,0.45,11.94,-1.89,-1.22,-1.64,-1.21,8.59,0.81,-9.37,-1.79,5.15,5.77,5.83,0.58,-4.74,8.88,-2.88
Schweiz,Art der Auftraggeber - Total,Infrastruktur Strassenverkehr,Folgejahr (Arbeitsvorrat) - Absolute Werte,2990252,2815612.0,2781972.0,2807297.0,3009507.0,2933920.0,2966489.0,3130656.0,3227838.0,3118499.0,2939835.0,3467762.0,3200464.0,3241097.0,2903566.0,3254326.0,3138717.0,2921213.0,3124156.0,4786650.0,3950918.0,3732013.0,3603337.0,3850324.0,3961608.0,4215753.0,4573861.0,4482977.0,4382440.0,4458998.0,4628646.0
Schweiz,Art der Auftraggeber - Total,Infrastruktur Strassenverkehr,Folgejahr (Arbeitsvorrat) - Veränderungsraten,*,-5.84,-1.19,0.91,7.2,-2.51,1.11,5.53,3.1,-3.39,-5.73,17.96,-7.71,1.27,-10.41,12.08,-3.55,-6.93,6.95,53.21,-17.46,-5.54,-3.45,6.85,2.89,6.42,8.49,-1.99,-2.24,1.75,3.8
Schweiz,Art der Auftraggeber - Total,Infrastruktur übriger Verkehr und Kommunikation,Laufendes Jahr - Absolute Werte,2561141,2375901.0,2732955.0,2140948.0,2237293.0,2383979.0,3188952.0,3493578.0,4291209.0,3709218.0,3965947.0,3936270.0,3784979.0,3798243.0,4439771.0,4136020.0,4091380.0,4634390.0,4562064.0,4851048.0,4933639.0,4978514.0,5134207.0,4782078.0,4307639.0,4661875.0,4269052.0,5677764.0,4313343.0,5432405.0,6090057.0
Schweiz,Art der Auftraggeber - Total,Infrastruktur übriger Verkehr und Kommunikation,Laufendes Jahr - Veränderungsraten,*,-7.23,15.03,-21.66,4.5,6.56,33.77,9.55,22.83,-13.56,6.92,-0.75,-3.84,0.35,16.89,-6.84,-1.08,13.27,-1.56,6.33,1.7,0.91,3.13,-6.86,-9.92,8.22,-8.43,33.0,-24.03,25.94,12.11
Schweiz,Art der Auftraggeber - Total,Infrastruktur übriger Verkehr und Kommunikation,Folgejahr (Arbeitsvorrat) - Absolute Werte,1838301,1885116.0,2153679.0,2138923.0,2234064.0,2747340.0,3179104.0,3851975.0,3464720.0,3466176.0,3761730.0,3376088.0,3647763.0,3708924.0,4602115.0,4174520.0,4045588.0,4212761.0,4730896.0,5278117.0,5705990.0,5694337.0,5946332.0,5329684.0,4608539.0,5388629.0,4473158.0,5737810.0,4703430.0,6024523.0,6274670.0
Schweiz,Art der Auftraggeber - Total,Infrastruktur übriger Verkehr und Kommunikation,Folgejahr (Arbeitsvorrat) - Veränderungsraten,*,2.55,14.25,-0.69,4.45,22.97,15.72,21.17,-10.05,0.04,8.53,-10.25,8.05,1.68,24.08,-9.29,-3.09,4.13,12.3,11.57,8.11,-0.2,4.43,-10.37,-13.53,16.93,-16.99,28.27,-18.03,28.09,4.15
Schweiz,Art der Auftraggeber - Total,"Bildung, Forschung",Laufendes Jahr - Absolute Werte,2176569,2021424.0,1765477.0,1636559.0,1776381.0,1687780.0,1582712.0,1632030.0,2038700.0,1890469.0,1887378.0,1807559.0,1763133.0,1855342.0,1995287.0,1740154.0,1854572.0,1986986.0,2235830.0,2403808.0,2526918.0,2784891.0,2821665.0,2800204.0,2838490.0,2631786.0,2537327.0,2359983.0,2305111.0,2463367.0,2946198.0
Schweiz,Art der Auftraggeber - Total,"Bildung, Forschung",Laufendes Jahr - Veränderungsraten,*,-7.13,-12.66,-7.3,8.54,-4.99,-6.23,3.12,24.92,-7.27,-0.16,-4.23,-2.46,5.23,7.54,-12.79,6.58,7.14,12.52,7.51,5.12,10.21,1.32,-0.76,1.37,-7.28,-3.59,-6.99,-2.33,6.87,19.6
Schweiz,Art der Auftraggeber - Total,"Bildung, Forschung",Folgejahr (Arbeitsvorrat) - Absolute Werte,1628720,1266092.0,1196424.0,1345568.0,1349934.0,1106609.0,1122347.0,1422969.0,1399787.0,1190009.0,1181287.0,1244130.0,1234211.0,1150711.0,1240699.0,1091978.0,1273143.0,1505790.0,1466369.0,1832623.0,2080053.0,2584999.0,2852263.0,3271958.0,3181585.0,2236061.0,2186603.0,1809422.0,1953478.0,2349430.0,2852179.0
Schweiz,Art der Auftraggeber - Total,"Bildung, Forschung",Folgejahr (Arbeitsvorrat) - Veränderungsraten,*,-22.26,-5.5,12.47,0.32,-18.02,1.42,26.79,-1.63,-14.99,-0.73,5.32,-0.8,-6.77,7.82,-11.99,16.59,18.27,-2.62,24.98,13.5,24.28,10.34,14.71,-2.76,-29.72,-2.21,-17.25,7.96,20.27,21.4
Schweiz,Art der Auftraggeber - Total,Gesundheit,Laufendes Jahr - Absolute Werte,1161973,1031870.0,1046151.0,973417.0,1088684.0,1007751.0,1203350.0,1187021.0,1129659.0,1087676.0,1148970.0,1088432.0,1119513.0,1198084.0,1468845.0,1504158.0,1485478.0,1529607.0,1569714.0,1800126.0,2101841.0,2451747.0,2444668.0,2401973.0,2182566.0,2262597.0,2236918.0,2151868.0,2163975.0,2270657.0,1985775.0
Schweiz,Art der Auftraggeber - Total,Gesundheit,Laufendes Jahr - Veränderungsraten,*,-11.2,1.38,-6.95,11.84,-7.43,19.41,-1.36,-4.83,-3.72,5.64,-5.27,2.86,7.02,22.6,2.4,-1.24,2.97,2.62,14.68,16.76,16.65,-0.29,-1.75,-9.13,3.67,-1.13,-3.8,0.56,4.93,-12.55
Schweiz,Art der Auftraggeber - Total,Gesundheit,Folgejahr (Arbeitsvorrat) - Absolute Werte,831956,758943.0,838363.0,782686.0,869940.0,903602.0,993423.0,893100.0,757919.0,769064.0,832450.0,849038.0,823746.0,956819.0,1131441.0,1120118.0,1115344.0,1137750.0,1196027.0,1466621.0,1872824.0,2038889.0,1874128.0,1840390.0,1862839.0,2037882.0,1928921.0,1745480.0,1908804.0,1869793.0,1600000.0
Schweiz,Art der Auftraggeber - Total,Gesundheit,Folgejahr (Arbeitsvorrat) - Veränderungsraten,*,-8.78,10.46,-6.64,11.15,3.87,9.94,-10.1,-15.14,1.47,8.24,1.99,-2.98,16.15,18.25,-1.0,-0.43,2.01,5.12,22.62,27.7,8.87,-8.08,-1.8,1.22,9.4,-5.35,-9.51,9.36,-2.04,-14.43
Schweiz,Art der Auftraggeber - Total,Freizeit und Kultur,Laufendes Jahr - Absolute Werte,1234020,1253155.0,1151480.0,1124672.0,1214063.0,1125870.0,1206855.0,1584083.0,1419534.0,1126562.0,1310773.0,1249614.0,1228525.0,1389858.0,1225563.0,1308419.0,1208369.0,1193852.0,1178964.0,1224847.0,1243407.0,1401505.0,1390833.0,1733585.0,1742524.0,1727579.0,1582740.0,1338990.0,1186117.0,1251754.0,1278410.0
Schweiz,Art der Auftraggeber - Total,Freizeit und Kultur,Laufendes Jahr - Veränderungsraten,*,1.55,-8.11,-2.33,7.95,-7.26,7.19,31.26,-10.39,-20.64,16.35,-4.67,-1.69,13.13,-11.82,6.76,-7.65,-1.2,-1.25,3.89,1.52,12.71,-0.76,24.64,0.52,-0.86,-8.38,-15.4,-11.42,5.53,2.13
Schweiz,Art der Auftraggeber - Total,Freizeit und Kultur,Folgejahr (Arbeitsvorrat) - Absolute Werte,825490,717759.0,623941.0,674965.0,740556.0,636988.0,1000520.0,929658.0,834263.0,539744.0,860158.0,666223.0,801074.0,724006.0,588153.0,734446.0,724896.0,654921.0,745779.0,866633.0,967683.0,848633.0,1177408.0,1187041.0,1302410.0,1232343.0,1081816.0,891177.0,817978.0,938572.0,962601.0
Schweiz,Art der Auftraggeber - Total,Freizeit und Kultur,Folgejahr (Arbeitsvorrat) - Veränderungsraten,*,-13.05,-13.07,8.18,9.72,-13.99,57.07,-7.08,-10.26,-35.3,59.36,-22.55,20.24,-9.62,-18.76,24.87,-1.3,-9.65,13.87,16.21,11.66,-12.3,38.74,0.82,9.72,-5.38,-12.21,-17.62,-8.21,14.74,2.56
Schweiz,Art der Auftraggeber - Total,Uebrige Infrastruktur,Laufendes Jahr - Absolute Werte,807817,751173.0,688092.0,663184.0,611284.0,632617.0,621260.0,673832.0,637976.0,545496.0,633735.0,590977.0,725588.0,650062.0,698261.0,680487.0,678430.0,685983.0,727929.0,963418.0,913045.0,956140.0,918708.0,1001625.0,963848.0,984994.0,937628.0,871097.0,1055178.0,1151987.0,1152789.0
Schweiz,Art der Auftraggeber - Total,Uebrige Infrastruktur,Laufendes Jahr - Veränderungsraten,*,-7.01,-8.4,-3.62,-7.83,3.49,-1.8,8.46,-5.32,-14.5,16.18,-6.75,22.78,-10.41,7.41,-2.55,-0.3,1.11,6.11,32.35,-5.23,4.72,-3.91,9.03,-3.77,2.19,-4.81,-7.1,21.13,9.17,0.07
Schweiz,Art der Auftraggeber - Total,Uebrige Infrastruktur,Folgejahr (Arbeitsvorrat) - Absolute Werte,646698,582795.0,524075.0,637615.0,513947.0,540879.0,484689.0,453241.0,487743.0,511449.0,466663.0,449706.0,443407.0,444485.0,551039.0,503914.0,554075.0,520548.0,663753.0,839353.0,808067.0,804964.0,865157.0,917898.0,978290.0,861567.0,1047149.0,1091610.0,1196679.0,1122084.0,1207043.0
Schweiz,Art der Auftraggeber - Total,Uebrige Infrastruktur,Folgejahr (Arbeitsvorrat) - Veränderungsraten,*,-9.88,-10.08,21.66,-19.4,5.24,-10.39,-6.49,7.61,4.86,-8.76,-3.63,-1.4,0.24,23.97,-8.55,9.95,-6.05,27.51,26.46,-3.73,-0.38,7.48,6.1,6.58,-11.93,21.54,4.25,9.63,-6.23,7.57
Schweiz,Art der Auftraggeber - Total,Wohnen,Laufendes Jahr - Absolute Werte,20814984,20855148.0,18253338.0,16987038.0,17488427.0,17096502.0,17445673.0,17292249.0,16808346.0,19296371.0,21484697.0,23068497.0,23514249.0,23677765.0,24101099.0,25086936.0,27104873.0,28586188.0,29037391.0,30436850.0,30855298.0,31272249.0,31621286.0,31821156.0,31348868.0,30442912.0,29973014.0,30522615.0,31271093.0,30591955.0,29890247.0
Schweiz,Art der Auftraggeber - Total,Wohnen,Laufendes Jahr - Veränderungsraten,*,0.19,-12.48,-6.94,2.95,-2.24,2.04,-0.88,-2.8,14.8,11.34,7.37,1.93,0.7,1.79,4.09,8.04,5.47,1.58,4.82,1.37,1.35,1.12,0.63,-1.48,-2.89,-1.54,1.83,2.45,-2.17,-2.29
Schweiz,Art der Auftraggeber - Total,Wohnen,Folgejahr (Arbeitsvorrat) - Absolute Werte,10933066,8948458.0,8103501.0,7665606.0,7842589.0,7775238.0,8026423.0,8562008.0,8463135.0,8973044.0,11108723.0,11656671.0,12062038.0,12484651.0,12628042.0,13080881.0,13761870.0,13739120.0,14868448.0,18228180.0,18582145.0,18915267.0,19674270.0,20196396.0,20126659.0,19832684.0,19412452.0,20501273.0,20734072.0,19977732.0,20197963.0
Schweiz,Art der Auftraggeber - Total,Wohnen,Folgejahr (Arbeitsvorrat) - Veränderungsraten,*,-18.15,-9.44,-5.4,2.31,-0.86,3.23,6.67,-1.15,6.03,23.8,4.93,3.48,3.5,1.15,3.59,5.21,-0.17,8.22,22.6,1.94,1.79,4.01,2.65,-0.35,-1.46,-2.12,5.61,1.14,-3.65,1.1
Schweiz,Art der Auftraggeber - Total,Land- und Forstwirtschaft,Laufendes Jahr - Absolute Werte,999250,905688.0,881871.0,959260.0,909893.0,867487.0,898249.0,892866.0,789211.0,740931.0,759317.0,707374.0,696193.0,694960.0,686759.0,709293.0,681473.0,683365.0,784690.0,813742.0,831703.0,805414.0,774638.0,696015.0,696648.0,754164.0,734463.0,742915.0,745466.0,704578.0,736683.0
Schweiz,Art der Auftraggeber - Total,Land- und Forstwirtschaft,Laufendes Jahr - Veränderungsraten,*,-9.36,-2.63,8.78,-5.15,-4.66,3.55,-0.6,-11.61,-6.12,2.48,-6.84,-1.58,-0.18,-1.18,3.28,-3.92,0.28,14.83,3.7,2.21,-3.16,-3.82,-10.15,0.09,8.26,-2.61,1.15,0.34,-5.48,4.56
Schweiz,Art der Auftraggeber - Total,Land- und Forstwirtschaft,Folgejahr (Arbeitsvorrat) - Absolute Werte,376327,362737.0,348773.0,351374.0,317355.0,335193.0,346425.0,309160.0,256407.0,228999.0,254692.0,281502.0,300294.0,271242.0,260249.0,266061.0,246705.0,304951.0,304291.0,431322.0,410605.0,412434.0,430924.0,378260.0,450020.0,424147.0,443654.0,439609.0,449287.0,509250.0,488748.0
Schweiz,Art der Auftraggeber - Total,Land- und Forstwirtschaft,Folgejahr (Arbeitsvorrat) - Veränderungsraten,*,-3.61,-3.85,0.75,-9.68,5.62,3.35,-10.76,-17.06,-10.69,11.22,10.53,6.68,-9.67,-4.05,2.23,-7.28,23.61,-0.22,41.75,-4.8,0.45,4.48,-12.22,18.97,-5.75,4.6,-0.91,2.2,13.35,-4.03
Schweiz,Art der Auftraggeber - Total,"Industrie, Gewerbe und Dienstleistungen",Laufendes Jahr - Absolute Werte,8621813,7973845.0,7116399.0,7065979.0,6867517.0,7206555.0,7619056.0,8247693.0,8364195.0,7049110.0,6784778.0,8238064.0,8633179.0,8725184.0,9030040.0,8943128.0,8827221.0,9240150.0,9870155.0,9908561.0,10116561.0,9738288.0,9523073.0,10095959.0,10248250.0,10259645.0,10347809.0,10028925.0,9868833.0,10548708.0,9928739.0
Schweiz,Art der Auftraggeber - Total,"Industrie, Gewerbe und Dienstleistungen",Laufendes Jahr - Veränderungsraten,*,-7.52,-10.75,-0.71,-2.81,4.94,5.72,8.25,1.41,-15.72,-3.75,21.42,4.8,1.07,3.49,-0.96,-1.3,4.68,6.82,0.39,2.1,-3.74,-2.21,6.02,1.51,0.11,0.86,-3.08,-1.6,6.89,-5.88
Schweiz,Art der Auftraggeber - Total,"Industrie, Gewerbe und Dienstleistungen",Folgejahr (Arbeitsvorrat) - Absolute Werte,5540177,4498810.0,4271201.0,4076224.0,4243710.0,3879637.0,4231498.0,4952889.0,4517764.0,3546241.0,3667780.0,4458844.0,4743815.0,4374187.0,5167203.0,5281069.0,4962172.0,5269345.0,5290998.0,6642510.0,6746617.0,6494277.0,6943359.0,7386195.0,7525284.0,7617275.0,7268909.0,7316821.0,7315419.0,7398204.0,7249158.0
Schweiz,Art der Auftraggeber - Total,"Industrie, Gewerbe und Dienstleistungen",Folgejahr (Arbeitsvorrat) - Veränderungsraten,*,-18.8,-5.06,-4.56,4.11,-8.58,9.07,17.05,-8.79,-21.5,3.43,21.57,6.39,-7.79,18.13,2.2,-6.04,6.19,0.41,25.54,1.57,-3.74,6.92,6.38,1.88,1.22,-4.57,0.66,-0.02,1.13,-2.01
Schweiz,Oeffentliche Auftraggeber,Kategorie der Bauwerke - Total,Laufendes Jahr - Absolute Werte,14139962,13122366.0,12556417.0,12100172.0,12185467.0,11807388.0,12869543.0,12270764.0,13378446.0,12427332.0,12584562.0,12196922.0,12047779.0,12322537.0,13171286.0,13386598.0,13688498.0,14303333.0,14869241.0,15537094.0,16320237.0,16738272.0,16616991.0,16537406.0,16931900.0,17245550.0,17184818.0,17343176.0,16805798.0,17914972.0,18752651.0
Schweiz,Oeffentliche Auftraggeber,Kategorie der Bauwerke - Total,Laufendes Jahr - Veränderungsraten,*,-7.2,-4.31,-3.63,0.7,-3.1,9.0,-4.65,9.03,-7.11,1.27,-3.08,-1.22,2.28,6.89,1.63,2.26,4.49,3.96,4.49,5.04,2.56,-0.72,-0.48,2.39,1.85,-0.35,0.92,-3.1,6.6,4.68
Schweiz,Oeffentliche Auftraggeber,Kategorie der Bauwerke - Total,Folgejahr (Arbeitsvorrat) - Absolute Werte,11276308,9957867.0,9759817.0,10016655.0,9950912.0,9597325.0,9877706.0,10571119.0,10448099.0,9799021.0,10183204.0,10267271.0,10398430.0,10375413.0,11176521.0,11363811.0,11534190.0,11954183.0,12842554.0,15952740.0,16033905.0,16247471.0,16968663.0,17150269.0,17351270.0,16826171.0,17106168.0,16746002.0,17162539.0,17728017.0,18739933.0
Schweiz,Oeffentliche Auftraggeber,Kategorie der Bauwerke - Total,Folgejahr (Arbeitsvorrat) - Veränderungsraten,*,-11.69,-1.99,2.63,-0.66,-3.55,2.92,7.02,-1.16,-6.21,3.92,0.83,1.28,-0.22,7.72,1.68,1.5,3.64,7.43,24.22,0.51,1.33,4.44,1.07,1.17,-3.03,1.66,-2.11,2.49,3.29,5.71
Schweiz,Oeffentliche Auftraggeber,Infrastruktur Versorgung,Laufendes Jahr - Absolute Werte,1181764,952130.0,843519.0,807576.0,919546.0,723190.0,754933.0,620726.0,569864.0,586933.0,593468.0,623925.0,615432.0,702305.0,702750.0,707513.0,793689.0,759782.0,795419.0,869860.0,888190.0,903991.0,870894.0,986919.0,2168259.0,2197886.0,2449596.0,1238324.0,2241554.0,1289540.0,1374358.0
Schweiz,Oeffentliche Auftraggeber,Infrastruktur Versorgung,Laufendes Jahr - Veränderungsraten,*,-19.43,-11.41,-4.26,13.86,-21.35,4.39,-17.78,-8.19,3.0,1.11,5.13,-1.36,14.12,0.06,0.68,12.18,-4.27,4.69,9.36,2.11,1.78,-3.66,13.32,119.7,1.37,11.45,-49.45,81.02,-42.47,6.58
Schweiz,Oeffentliche Auftraggeber,Infrastruktur Versorgung,Folgejahr (Arbeitsvorrat) - Absolute Werte,693595,655864.0,605334.0,619613.0,492455.0,448254.0,426133.0,417481.0,419447.0,315522.0,432124.0,438645.0,482822.0,443447.0,530990.0,494085.0,535597.0,583845.0,648868.0,924446.0,920422.0,855342.0,848365.0,1200047.0,2192130.0,2348782.0,2435784.0,1299106.0,2573630.0,1384072.0,1361253.0
Schweiz,Oeffentliche Auftraggeber,Infrastruktur Versorgung,Folgejahr (Arbeitsvorrat) - Veränderungsraten,*,-5.44,-7.7,2.36,-20.52,-8.98,-4.93,-2.03,0.47,-24.78,36.96,1.51,10.07,-8.16,19.74,-6.95,8.4,9.01,11.14,42.47,-0.44,-7.07,-0.82,41.45,82.67,7.15,3.7,-46.67,98.11,-46.22,-1.65
Schweiz,Oeffentliche Auftraggeber,Infrastruktur Entsorgung,Laufendes Jahr - Absolute Werte,1144447,1173808.0,1154927.0,1019293.0,998528.0,820273.0,831996.0,725729.0,620952.0,574420.0,501748.0,477411.0,562923.0,597889.0,568440.0,671053.0,535149.0,559417.0,563910.0,531938.0,511814.0,528014.0,450665.0,462466.0,457372.0,448438.0,460620.0,437594.0,509129.0,472978.0,534031.0
Schweiz,Oeffentliche Auftraggeber,Infrastruktur Entsorgung,Laufendes Jahr - Veränderungsraten,*,2.57,-1.61,-11.74,-2.04,-17.85,1.43,-12.77,-14.44,-7.49,-12.65,-4.85,17.91,6.21,-4.93,18.05,-20.25,4.53,0.8,-5.67,-3.78,3.17,-14.65,2.62,-1.1,-1.95,2.72,-5.0,16.35,-7.1,12.91
Schweiz,Oeffentliche Auftraggeber,Infrastruktur Entsorgung,Folgejahr (Arbeitsvorrat) - Absolute Werte,981186,1032703.0,941566.0,788694.0,684288.0,574748.0,498251.0,567857.0,456753.0,417401.0,389573.0,374389.0,451807.0,578365.0,547307.0,544506.0,503486.0,478851.0,396675.0,478678.0,540368.0,370500.0,377908.0,451435.0,456928.0,454215.0,453412.0,455130.0,483510.0,473094.0,538999.0
Schweiz,Oeffentliche Auftraggeber,Infrastruktur Entsorgung,Folgejahr (Arbeitsvorrat) - Veränderungsraten,*,5.25,-8.83,-16.24,-13.24,-16.01,-13.31,13.97,-19.57,-8.62,-6.67,-3.9,20.68,28.01,-5.37,-0.51,-7.53,-4.89,-17.16,20.67,12.89,-31.44,2.0,19.46,1.22,-0.59,-0.18,0.38,6.24,-2.15,13.93
Schweiz,Oeffentliche Auftraggeber,Infrastruktur Strassenverkehr,Laufendes Jahr - Absolute Werte,3293693,3255092.0,3092900.0,3548932.0,3218256.0,3385147.0,4273229.0,3326231.0,3430783.0,3328234.0,3425112.0,3160666.0,3091544.0,3220669.0,3304284.0,3666426.0,3608180.0,3510876.0,3513616.0,3443510.0,3751350.0,3695078.0,3362671.0,3372421.0,3530809.0,3710383.0,3975012.0,4029628.0,3813918.0,4166557.0,4102624.0
Schweiz,Oeffentliche Auftraggeber,Infrastruktur Strassenverkehr,Laufendes Jahr - Veränderungsraten,*,-1.17,-4.98,14.74,-9.32,5.19,26.23,-22.16,3.14,-2.99,2.91,-7.72,-2.19,4.18,2.6,10.96,-1.59,-2.7,0.08,-2.0,8.94,-1.5,-9.0,0.29,4.7,5.09,7.13,1.37,-5.35,9.25,-1.53
Schweiz,Oeffentliche Auftraggeber,Infrastruktur Strassenverkehr,Folgejahr (Arbeitsvorrat) - Absolute Werte,2888466,2705024.0,2663130.0,2712567.0,2916666.0,2851248.0,2870870.0,2901961.0,3005243.0,2909596.0,2764015.0,3323932.0,3097977.0,3197193.0,2817679.0,3110488.0,2979396.0,2805803.0,3006870.0,4645087.0,3806966.0,3507349.0,3476540.0,3723792.0,3820853.0,4064091.0,4459967.0,4339743.0,4231572.0,4339838.0,4561120.0
Schweiz,Oeffentliche Auftraggeber,Infrastruktur Strassenverkehr,Folgejahr (Arbeitsvorrat) - Veränderungsraten,*,-6.35,-1.55,1.86,7.52,-2.24,0.69,1.08,3.56,-3.18,-5.0,20.26,-6.8,3.2,-11.87,10.39,-4.21,-5.83,7.17,54.48,-18.04,-7.87,-0.88,7.11,2.61,6.37,9.74,-2.7,-2.49,2.56,5.1
Schweiz,Oeffentliche Auftraggeber,Infrastruktur übriger Verkehr und Kommunikation,Laufendes Jahr - Absolute Werte,1940621,1765869.0,2110074.0,1610784.0,1729403.0,1898313.0,2226376.0,2528218.0,3532461.0,3117010.0,3229875.0,3252988.0,2860642.0,2945724.0,3553984.0,3388712.0,3367857.0,3853275.0,3817708.0,4052988.0,4099029.0,4050450.0,4093614.0,3778300.0,3053322.0,3369894.0,2956329.0,4394923.0,3073208.0,4175478.0,4624323.0
Schweiz,Oeffentliche Auftraggeber,Infrastruktur übriger Verkehr und Kommunikation,Laufendes Jahr - Veränderungsraten,*,-9.0,19.49,-23.66,7.36,9.77,17.28,13.56,39.72,-11.76,3.62,0.72,-12.06,2.97,20.65,-4.65,-0.62,14.41,-0.92,6.16,1.14,-1.19,1.07,-7.7,-19.19,10.37,-12.27,48.66,-30.07,35.87,10.75
Schweiz,Oeffentliche Auftraggeber,Infrastruktur übriger Verkehr und Kommunikation,Folgejahr (Arbeitsvorrat) - Absolute Werte,1290981,1317031.0,1635133.0,1620719.0,1764484.0,2296917.0,2408469.0,2908100.0,2960166.0,2953230.0,3223098.0,2842845.0,3022316.0,3057541.0,3968426.0,3648283.0,3497358.0,3702504.0,4146184.0,4479522.0,4598245.0,4691247.0,4873808.0,3980502.0,3206368.0,3321939.0,3146096.0,4486408.0,3374233.0,4470865.0,4782948.0
Schweiz,Oeffentliche Auftraggeber,Infrastruktur übriger Verkehr und Kommunikation,Folgejahr (Arbeitsvorrat) - Veränderungsraten,*,2.02,24.15,-0.88,8.87,30.17,4.86,20.74,1.79,-0.23,9.14,-11.8,6.31,1.17,29.79,-8.07,-4.14,5.87,11.98,8.04,2.65,2.02,3.89,-18.33,-19.45,3.6,-5.29,42.6,-24.79,32.5,6.98
Schweiz,Oeffentliche Auftraggeber,"Bildung, Forschung",Laufendes Jahr - Absolute Werte,1956303,1777533.0,1585844.0,1456040.0,1568010.0,1532409.0,1405677.0,1393174.0,1784894.0,1724269.0,1627557.0,1544720.0,1429243.0,1410656.0,1647204.0,1372963.0,1476133.0,1536641.0,1781333.0,1914351.0,2150560.0,2512642.0,2427390.0,2226710.0,2316393.0,2252079.0,2165046.0,1968124.0,1925959.0,2088297.0,2571811.0
Schweiz,Oeffentliche Auftraggeber,"Bildung, Forschung",Laufendes Jahr - Veränderungsraten,*,-9.14,-10.78,-8.19,7.69,-2.27,-8.27,-0.89,28.12,-3.4,-5.61,-5.09,-7.48,-1.3,16.77,-16.65,7.51,4.1,15.92,7.47,12.34,16.84,-3.39,-8.27,4.03,-2.78,-3.86,-9.1,-2.14,8.43,23.15
Schweiz,Oeffentliche Auftraggeber,"Bildung, Forschung",Folgejahr (Arbeitsvorrat) - Absolute Werte,1491883,1150522.0,1088822.0,1228018.0,1255297.0,1036101.0,999000.0,1229255.0,1234273.0,1076648.0,1064098.0,1075349.0,989149.0,1005238.0,1052012.0,955570.0,1101672.0,1196961.0,1153254.0,1525495.0,1925189.0,2360061.0,2485083.0,2813524.0,2814081.0,1960089.0,1874749.0,1506053.0,1658497.0,2043193.0,2609032.0
Schweiz,Oeffentliche Auftraggeber,"Bildung, Forschung",Folgejahr (Arbeitsvorrat) - Veränderungsraten,*,-22.88,-5.36,12.78,2.22,-17.46,-3.58,23.05,0.41,-12.77,-1.17,1.06,-8.02,1.63,4.65,-9.17,15.29,8.65,-3.65,32.28,26.2,22.59,5.3,13.22,0.02,-30.35,-4.35,-19.67,10.12,23.2,27.69
Schweiz,Oeffentliche Auftraggeber,Gesundheit,Laufendes Jahr - Absolute Werte,665453,566863.0,630310.0,493692.0,570282.0,641448.0,712433.0,737744.0,764954.0,622277.0,684697.0,584719.0,546535.0,672152.0,879114.0,795911.0,730377.0,720148.0,736412.0,795355.0,920018.0,1029872.0,1104085.0,1102069.0,897006.0,839409.0,858681.0,909098.0,1047462.0,1154885.0,959967.0
Schweiz,Oeffentliche Auftraggeber,Gesundheit,Laufendes Jahr - Veränderungsraten,*,-14.82,11.19,-21.67,15.51,12.48,11.07,3.55,3.69,-18.65,10.03,-14.6,-6.53,22.98,30.79,-9.46,-8.23,-1.4,2.26,8.0,15.67,11.94,7.21,-0.18,-18.61,-6.42,2.3,5.87,15.22,10.26,-16.88
Schweiz,Oeffentliche Auftraggeber,Gesundheit,Folgejahr (Arbeitsvorrat) - Absolute Werte,537709,489915.0,509028.0,420240.0,643249.0,613929.0,695774.0,650835.0,546499.0,464469.0,534034.0,522035.0,523623.0,595839.0,660880.0,637686.0,627780.0,685686.0,664737.0,706763.0,893441.0,1011295.0,937187.0,965865.0,721000.0,900799.0,858550.0,877974.0,986437.0,989680.0,845667.0
Schweiz,Oeffentliche Auftraggeber,Gesundheit,Folgejahr (Arbeitsvorrat) - Veränderungsraten,*,-8.89,3.9,-17.44,53.07,-4.56,13.33,-6.46,-16.03,-15.01,14.98,-2.25,0.3,13.79,10.92,-3.51,-1.55,9.22,-3.06,6.32,26.41,13.19,-7.33,3.06,-25.35,24.94,-4.69,2.26,12.35,0.33,-14.55
Schweiz,Oeffentliche Auftraggeber,Freizeit und Kultur,Laufendes Jahr - Absolute Werte,733560,738213.0,603434.0,603386.0,661699.0,584936.0,657398.0,971880.0,728939.0,541155.0,680738.0,655268.0,774468.0,668022.0,648160.0,767107.0,658118.0,668767.0,656138.0,698925.0,727973.0,865678.0,830054.0,922380.0,997938.0,931630.0,942927.0,869171.0,743972.0,758105.0,749751.0
Schweiz,Oeffentliche Auftraggeber,Freizeit und Kultur,Laufendes Jahr - Veränderungsraten,*,0.63,-18.26,-0.01,9.66,-11.6,12.39,47.84,-25.0,-25.76,25.79,-3.74,18.19,-13.74,-2.97,18.35,-14.21,1.62,-1.89,6.52,4.16,18.92,-4.12,11.12,8.19,-6.64,1.21,-7.82,-14.4,1.9,-1.1
Schweiz,Oeffentliche Auftraggeber,Freizeit und Kultur,Folgejahr (Arbeitsvorrat) - Absolute Werte,570272,431625.0,370231.0,442366.0,395644.0,338744.0,723088.0,520957.0,399406.0,331097.0,476975.0,424047.0,389056.0,371380.0,371904.0,399374.0,423428.0,348905.0,446369.0,496760.0,585850.0,531538.0,695918.0,638299.0,681780.0,703049.0,732287.0,580612.0,570955.0,560992.0,577122.0
Schweiz,Oeffentliche Auftraggeber,Freizeit und Kultur,Folgejahr (Arbeitsvorrat) - Veränderungsraten,*,-24.31,-14.22,19.48,-10.56,-14.38,113.46,-27.95,-23.33,-17.1,44.06,-11.1,-8.25,-4.54,0.14,7.39,6.02,-17.6,27.93,11.29,17.93,-9.27,30.93,-8.28,6.81,3.12,4.16,-20.71,-1.66,-1.74,2.88
Schweiz,Oeffentliche Auftraggeber,Uebrige Infrastruktur,Laufendes Jahr - Absolute Werte,707196,688486.0,627358.0,603244.0,563258.0,589641.0,571354.0,611067.0,557625.0,482340.0,546504.0,504063.0,625542.0,578568.0,617397.0,586280.0,573068.0,581363.0,639849.0,835125.0,770000.0,791205.0,761999.0,766560.0,753081.0,833659.0,818682.0,730223.0,863098.0,941907.0,968155.0
Schweiz,Oeffentliche Auftraggeber,Uebrige Infrastruktur,Laufendes Jahr - Veränderungsraten,*,-2.65,-8.88,-3.84,-6.63,4.68,-3.1,6.95,-8.75,-13.5,13.3,-7.77,24.1,-7.51,6.71,-5.04,-2.25,1.45,10.06,30.52,-7.8,2.75,-3.69,0.6,-1.76,10.7,-1.8,-10.81,18.2,9.13,2.79
Schweiz,Oeffentliche Auftraggeber,Uebrige Infrastruktur,Folgejahr (Arbeitsvorrat) - Absolute Werte,603600,541594.0,481717.0,612121.0,492212.0,519624.0,459702.0,429743.0,462974.0,479961.0,438544.0,405157.0,413760.0,401045.0,520210.0,471290.0,514123.0,485696.0,625217.0,792980.0,725905.0,745668.0,744441.0,768853.0,895610.0,807980.0,999190.0,985263.0,1070464.0,1020809.0,1078383.0
Schweiz,Oeffentliche Auftraggeber,Uebrige Infrastruktur,Folgejahr (Arbeitsvorrat) - Veränderungsraten,*,-10.27,-11.06,27.07,-19.59,5.57,-11.53,-6.52,7.73,3.67,-8.63,-7.61,2.12,-3.07,29.71,-9.4,9.09,-5.53,28.73,26.83,-8.46,2.72,-0.16,3.28,16.49,-9.78,23.67,-1.39,8.65,-4.64,5.64
Schweiz,Oeffentliche Auftraggeber,Wohnen,Laufendes Jahr - Absolute Werte,545380,441299.0,440471.0,342872.0,343748.0,313908.0,298864.0,271129.0,288450.0,334228.0,343215.0,333853.0,324927.0,416331.0,376448.0,348443.0,537971.0,589159.0,570785.0,703786.0,752266.0,701071.0,899446.0,1143352.0,1124173.0,1077572.0,1063651.0,1065330.0,1048589.0,1120355.0,1104008.0
Schweiz,Oeffentliche Auftraggeber,Wohnen,Laufendes Jahr - Veränderungsraten,*,-19.08,-0.19,-22.16,0.26,-8.68,-4.79,-9.28,6.39,15.87,2.69,-2.73,-2.67,28.13,-9.58,-7.44,54.39,9.52,-3.12,23.3,6.89,-6.81,28.3,27.12,-1.68,-4.15,-1.29,0.16,-1.57,6.84,-1.46
Schweiz,Oeffentliche Auftraggeber,Wohnen,Folgejahr (Arbeitsvorrat) - Absolute Werte,378371,274569.0,270975.0,220624.0,252758.0,225918.0,150326.0,190746.0,191188.0,192423.0,214200.0,201305.0,205055.0,219618.0,175512.0,238955.0,332004.0,366899.0,369961.0,488868.0,481972.0,553358.0,785925.0,860850.0,856695.0,858937.0,801776.0,777008.0,798390.0,749922.0,808609.0
Schweiz,Oeffentliche Auftraggeber,Wohnen,Folgejahr (Arbeitsvorrat) - Veränderungsraten,*,-27.43,-1.31,-18.58,14.57,-10.62,-33.46,26.89,0.23,0.65,11.32,-6.02,1.86,7.1,-20.08,36.15,38.94,10.51,0.83,32.14,-1.41,14.81,42.03,9.53,-0.48,0.26,-6.65,-3.09,2.75,-6.07,7.83
Schweiz,Oeffentliche Auftraggeber,Land- und Forstwirtschaft,Laufendes Jahr - Absolute Werte,311656,270825.0,247792.0,276199.0,248660.0,248515.0,252639.0,221522.0,194869.0,159524.0,139764.0,151855.0,152227.0,145899.0,162452.0,160028.0,141803.0,113219.0,145410.0,105078.0,94485.0,110881.0,114756.0,123807.0,121996.0,128399.0,122019.0,104155.0,109846.0,105091.0,129964.0
Schweiz,Oeffentliche Auftraggeber,Land- und Forstwirtschaft,Laufendes Jahr - Veränderungsraten,*,-13.1,-8.5,11.46,-9.97,-0.06,1.66,-12.32,-12.03,-18.14,-12.39,8.65,0.24,-4.16,11.35,-1.49,-11.39,-20.16,28.43,-27.74,-10.08,17.35,3.49,7.89,-1.46,5.25,-4.97,-14.64,5.46,-4.33,23.67
Schweiz,Oeffentliche Auftraggeber,Land- und Forstwirtschaft,Folgejahr (Arbeitsvorrat) - Absolute Werte,207379,204886.0,194384.0,192710.0,173473.0,183598.0,179497.0,156904.0,113448.0,97093.0,103338.0,127106.0,105017.0,100160.0,98168.0,104985.0,63995.0,100342.0,79791.0,87430.0,88005.0,81768.0,119454.0,100044.0,115890.0,106217.0,100420.0,76351.0,69590.0,118552.0,107428.0
Schweiz,Oeffentliche Auftraggeber,Land- und Forstwirtschaft,Folgejahr (Arbeitsvorrat) - Veränderungsraten,*,-1.2,-5.13,-0.86,-9.98,5.84,-2.23,-12.59,-27.7,-14.42,6.43,23.0,-17.38,-4.62,-1.99,6.94,-39.04,56.8,-20.48,9.57,0.66,-7.09,46.09,-16.25,15.84,-8.35,-5.46,-23.97,-8.86,70.36,-9.38
Schweiz,Oeffentliche Auftraggeber,"Industrie, Gewerbe und Dienstleistungen",Laufendes Jahr - Absolute Werte,1659889,1492248.0,1219788.0,1338154.0,1364077.0,1069608.0,884644.0,863344.0,904655.0,956942.0,811884.0,907454.0,1064296.0,964322.0,711053.0,922162.0,1266153.0,1410686.0,1648661.0,1586178.0,1654552.0,1549390.0,1701417.0,1652422.0,1511551.0,1456201.0,1372255.0,1596606.0,1429063.0,1641779.0,1633659.0
Schweiz,Oeffentliche Auftraggeber,"Industrie, Gewerbe und Dienstleistungen",Laufendes Jahr - Veränderungsraten,*,-10.1,-18.26,9.7,1.94,-21.59,-17.29,-2.41,4.78,5.78,-15.16,11.77,17.28,-9.39,-26.26,29.69,37.3,11.42,16.87,-3.79,4.31,-6.36,9.81,-2.88,-8.53,-3.66,-5.76,16.35,-10.49,14.88,-0.49
Schweiz,Oeffentliche Auftraggeber,"Industrie, Gewerbe und Dienstleistungen",Folgejahr (Arbeitsvorrat) - Absolute Werte,1632866,1154134.0,999497.0,1158983.0,880386.0,508244.0,466596.0,597280.0,658702.0,561581.0,543205.0,532461.0,717848.0,405587.0,433433.0,758589.0,955351.0,1198691.0,1304628.0,1326711.0,1467542.0,1539345.0,1624034.0,1647058.0,1589935.0,1300073.0,1243937.0,1362354.0,1345261.0,1577000.0,1469372.0
Schweiz,Oeffentliche Auftraggeber,"Industrie, Gewerbe und Dienstleistungen",Folgejahr (Arbeitsvorrat) - Veränderungsraten,*,-29.32,-13.4,15.96,-24.04,-42.27,-8.19,28.01,10.28,-14.74,-3.27,-1.98,34.82,-43.5,6.87,75.02,25.94,25.47,8.84,1.69,10.62,4.89,5.5,1.42,-3.47,-18.23,-4.32,9.52,-1.25,17.23,-6.82
Schweiz,Private Auftraggeber,Kategorie der Bauwerke - Total,Laufendes Jahr - Absolute Werte,31322928,30732163.0,27447267.0,26123825.0,26291916.0,26081447.0,27724815.0,28314976.0,27611759.0,28683754.0,30751268.0,33660458.0,34579534.0,35137296.0,36094454.0,36805944.0,38451149.0,40330231.0,41399050.0,43246380.0,43997642.0,44355657.0,44163806.0,44798081.0,44648677.0,44094134.0,43583510.0,43308335.0,44069111.0,43830198.0,42688139.0
Schweiz,Private Auftraggeber,Kategorie der Bauwerke - Total,Laufendes Jahr - Veränderungsraten,*,-1.89,-10.69,-4.82,0.64,-0.8,6.3,2.13,-2.48,3.88,7.21,9.46,2.73,1.61,2.72,1.97,4.47,4.89,2.65,4.46,1.74,0.81,-0.43,1.44,-0.33,-1.24,-1.16,-0.63,1.76,-0.54,-2.61
Schweiz,Private Auftraggeber,Kategorie der Bauwerke - Total,Folgejahr (Arbeitsvorrat) - Absolute Werte,16948345,14492460.0,13516606.0,12641856.0,13033423.0,12956759.0,13868594.0,15450228.0,14215135.0,13677930.0,16183058.0,17514336.0,18260482.0,18663496.0,19557968.0,20077692.0,20429920.0,20255690.0,21651133.0,27258302.0,27934645.0,27683239.0,28434856.0,29713521.0,30004490.0,30544771.0,29045793.0,29993041.0,30270811.0,29758379.0,29623189.0
Schweiz,Private Auftraggeber,Kategorie der Bauwerke - Total,Folgejahr (Arbeitsvorrat) - Veränderungsraten,*,-14.49,-6.73,-6.47,3.1,-0.59,7.04,11.4,-7.99,-3.78,18.32,8.23,4.26,2.21,4.79,2.66,1.75,-0.85,6.89,25.9,2.48,-0.9,2.72,4.5,0.98,1.8,-4.91,3.26,0.93,-1.69,-0.45
Schweiz,Private Auftraggeber,Infrastruktur Versorgung,Laufendes Jahr - Absolute Werte,1009544,915934.0,870467.0,917059.0,871519.0,661503.0,691343.0,528223.0,410800.0,578575.0,421385.0,570231.0,530883.0,674365.0,832065.0,775401.0,1000277.0,969272.0,1194003.0,1285494.0,1372581.0,1214586.0,1148300.0,937415.0,822741.0,926281.0,953177.0,968042.0,1101650.0,1068855.0,1134136.0
Schweiz,Private Auftraggeber,Infrastruktur Versorgung,Laufendes Jahr - Veränderungsraten,*,-9.27,-4.96,5.35,-4.97,-24.1,4.51,-23.59,-22.23,40.84,-27.17,35.32,-6.9,27.03,23.38,-6.81,29.0,-3.1,23.19,7.66,6.77,-11.51,-5.46,-18.36,-12.23,12.58,2.9,1.56,13.8,-2.98,6.11
Schweiz,Private Auftraggeber,Infrastruktur Versorgung,Folgejahr (Arbeitsvorrat) - Absolute Werte,843975,869286.0,849354.0,716093.0,638996.0,616946.0,439001.0,319284.0,246598.0,282974.0,387079.0,454197.0,440651.0,645816.0,565323.0,876693.0,1083726.0,852529.0,1039582.0,1400206.0,1352765.0,1090374.0,774778.0,824238.0,675724.0,660041.0,781141.0,882300.0,841605.0,860832.0,891995.0
Schweiz,Private Auftraggeber,Infrastruktur Versorgung,Folgejahr (Arbeitsvorrat) - Veränderungsraten,*,3.0,-2.29,-15.69,-10.77,-3.45,-28.84,-27.27,-22.77,14.75,36.79,17.34,-2.98,46.56,-12.46,55.08,23.62,-21.33,21.94,34.69,-3.39,-19.4,-28.94,6.38,-18.02,-2.32,18.35,12.95,-4.61,2.28,3.62
Schweiz,Private Auftraggeber,Infrastruktur Entsorgung,Laufendes Jahr - Absolute Werte,172756,135440.0,87625.0,121279.0,101250.0,86042.0,83701.0,69920.0,169725.0,262591.0,79162.0,92663.0,119051.0,46512.0,52150.0,51509.0,73483.0,45874.0,51332.0,41456.0,56732.0,60504.0,58522.0,57449.0,61354.0,83536.0,97246.0,100369.0,100294.0,129049.0,145952.0
Schweiz,Private Auftraggeber,Infrastruktur Entsorgung,Laufendes Jahr - Veränderungsraten,*,-21.6,-35.3,38.41,-16.51,-15.02,-2.72,-16.46,142.74,54.72,-69.85,17.05,28.48,-60.93,12.12,-1.23,42.66,-37.57,11.9,-19.24,36.85,6.65,-3.28,-1.83,6.8,36.15,16.41,3.21,-0.07,28.67,13.1
Schweiz,Private Auftraggeber,Infrastruktur Entsorgung,Folgejahr (Arbeitsvorrat) - Absolute Werte,94910,56152.0,38240.0,53853.0,46994.0,54730.0,31997.0,211069.0,130860.0,117829.0,84168.0,64412.0,26820.0,15159.0,18362.0,18906.0,18791.0,28249.0,17845.0,35703.0,30093.0,88681.0,35290.0,29924.0,33744.0,61563.0,65101.0,86328.0,73018.0,119812.0,109867.0
Schweiz,Private Auftraggeber,Infrastruktur Entsorgung,Folgejahr (Arbeitsvorrat) - Veränderungsraten,*,-40.84,-31.9,40.83,-12.74,16.46,-41.54,559.65,-38.0,-9.96,-28.57,-23.47,-58.36,-43.48,21.13,2.96,-0.61,50.33,-36.83,100.07,-15.71,194.69,-60.21,-15.21,12.77,82.44,5.75,32.61,-15.42,64.09,-8.3
Schweiz,Private Auftraggeber,Infrastruktur Strassenverkehr,Laufendes Jahr - Absolute Werte,283119,253921.0,318483.0,258801.0,174742.0,204139.0,193049.0,311559.0,309251.0,334500.0,339360.0,245697.0,242121.0,228595.0,160426.0,212045.0,197073.0,247822.0,183274.0,208816.0,214800.0,303008.0,260667.0,186222.0,211209.0,247608.0,213726.0,183397.0,199248.0,202780.0,140791.0
Schweiz,Private Auftraggeber,Infrastruktur Strassenverkehr,Laufendes Jahr - Veränderungsraten,*,-10.31,25.43,-18.74,-32.48,16.82,-5.43,61.39,-0.74,8.16,1.45,-27.6,-1.46,-5.59,-29.82,32.18,-7.06,25.75,-26.05,13.94,2.87,41.07,-13.97,-28.56,13.42,17.23,-13.68,-14.19,8.64,1.77,-30.57
Schweiz,Private Auftraggeber,Infrastruktur Strassenverkehr,Folgejahr (Arbeitsvorrat) - Absolute Werte,101786,110588.0,118842.0,94730.0,92841.0,82672.0,95619.0,228695.0,222595.0,208903.0,175820.0,143830.0,102487.0,43904.0,85887.0,143838.0,159321.0,115410.0,117286.0,141563.0,143952.0,224664.0,126797.0,126532.0,140755.0,151662.0,113894.0,143234.0,150868.0,119160.0,67526.0
Schweiz,Private Auftraggeber,Infrastruktur Strassenverkehr,Folgejahr (Arbeitsvorrat) - Veränderungsraten,*,8.65,7.46,-20.29,-1.99,-10.95,15.66,139.17,-2.67,-6.15,-15.84,-18.19,-28.74,-57.16,95.62,67.47,10.76,-27.56,1.63,20.7,1.69,56.07,-43.56,-0.21,11.24,7.75,-24.9,25.76,5.33,-21.02,-43.33
Schweiz,Private Auftraggeber,Infrastruktur übriger Verkehr und Kommunikation,Laufendes Jahr - Absolute Werte,620520,610032.0,622881.0,530164.0,507890.0,485666.0,962576.0,965360.0,758748.0,592208.0,736072.0,683282.0,924337.0,852519.0,885787.0,747308.0,723523.0,781115.0,744356.0,798060.0,834610.0,928064.0,1040593.0,1003778.0,1254317.0,1291981.0,1312723.0,1282841.0,1240135.0,1256927.0,1465734.0
Schweiz,Private Auftraggeber,Infrastruktur übriger Verkehr und Kommunikation,Laufendes Jahr - Veränderungsraten,*,-1.69,2.11,-14.89,-4.2,-4.38,98.2,0.29,-21.4,-21.95,24.29,-7.17,35.28,-7.77,3.9,-15.63,-3.18,7.96,-4.71,7.21,4.58,11.2,12.13,-3.54,24.96,3.0,1.61,-2.28,-3.33,1.35,16.61
Schweiz,Private Auftraggeber,Infrastruktur übriger Verkehr und Kommunikation,Folgejahr (Arbeitsvorrat) - Absolute Werte,547320,568085.0,518546.0,518204.0,469580.0,450423.0,770635.0,943875.0,504554.0,512946.0,538632.0,533243.0,625447.0,651383.0,633689.0,526237.0,548230.0,510257.0,584712.0,798595.0,1107745.0,1003090.0,1072524.0,1349182.0,1402171.0,2066690.0,1327062.0,1251402.0,1329197.0,1553658.0,1491722.0
Schweiz,Private Auftraggeber,Infrastruktur übriger Verkehr und Kommunikation,Folgejahr (Arbeitsvorrat) - Veränderungsraten,*,3.79,-8.72,-0.07,-9.38,-4.08,71.09,22.48,-46.54,1.66,5.01,-1.0,17.29,4.15,-2.72,-16.96,4.18,-6.93,14.59,36.58,38.71,-9.45,6.92,25.8,3.93,47.39,-35.79,-5.7,6.22,16.89,-3.99
Schweiz,Private Auftraggeber,"Bildung, Forschung",Laufendes Jahr - Absolute Werte,220266,243891.0,179633.0,180519.0,208371.0,155371.0,177035.0,238856.0,253806.0,166200.0,259821.0,262839.0,333890.0,444686.0,348083.0,367191.0,378439.0,450345.0,454497.0,489457.0,376358.0,272249.0,394275.0,573494.0,522097.0,379707.0,372281.0,391859.0,379152.0,375070.0,374387.0
Schweiz,Private Auftraggeber,"Bildung, Forschung",Laufendes Jahr - Veränderungsraten,*,10.73,-26.35,0.49,15.43,-25.44,13.94,34.92,6.26,-34.52,56.33,1.16,27.03,33.18,-21.72,5.49,3.06,19.0,0.92,7.69,-23.11,-27.66,44.82,45.46,-8.96,-27.27,-1.96,5.26,-3.24,-1.08,-0.18
Schweiz,Private Auftraggeber,"Bildung, Forschung",Folgejahr (Arbeitsvorrat) - Absolute Werte,136837,115570.0,107602.0,117550.0,94637.0,70508.0,123347.0,193714.0,165514.0,113361.0,117189.0,168781.0,245062.0,145473.0,188687.0,136408.0,171471.0,308829.0,313115.0,307128.0,154864.0,224938.0,367180.0,458434.0,367504.0,275972.0,311854.0,303369.0,294981.0,306237.0,243147.0
Schweiz,Private Auftraggeber,"Bildung, Forschung",Folgejahr (Arbeitsvorrat) - Veränderungsraten,*,-15.54,-6.89,9.25,-19.49,-25.5,74.94,57.05,-14.56,-31.51,3.38,44.02,45.2,-40.64,29.71,-27.71,25.7,80.11,1.39,-1.91,-49.58,45.25,63.24,24.85,-19.83,-24.91,13.0,-2.72,-2.76,3.82,-20.6
Schweiz,Private Auftraggeber,Gesundheit,Laufendes Jahr - Absolute Werte,496520,465007.0,415841.0,479725.0,518402.0,366303.0,490917.0,449277.0,364705.0,465399.0,464273.0,503713.0,572978.0,525932.0,589731.0,708247.0,755101.0,809459.0,833302.0,1004771.0,1181823.0,1421875.0,1340583.0,1299904.0,1285560.0,1423188.0,1378237.0,1242770.0,1116513.0,1115772.0,1025808.0
Schweiz,Private Auftraggeber,Gesundheit,Laufendes Jahr - Veränderungsraten,*,-6.35,-10.57,15.36,8.06,-29.34,34.02,-8.48,-18.82,27.61,-0.24,8.5,13.75,-8.21,12.13,20.1,6.62,7.2,2.95,20.58,17.62,20.31,-5.72,-3.03,-1.1,10.71,-3.16,-9.83,-10.16,-0.07,-8.06
Schweiz,Private Auftraggeber,Gesundheit,Folgejahr (Arbeitsvorrat) - Absolute Werte,294247,269028.0,329335.0,362446.0,226691.0,289673.0,297649.0,242265.0,211420.0,304595.0,298416.0,327003.0,300123.0,360980.0,470561.0,482432.0,487564.0,452064.0,531290.0,759858.0,979383.0,1027594.0,936941.0,874525.0,1141839.0,1137083.0,1070371.0,867506.0,922367.0,880113.0,754333.0
Schweiz,Private Auftraggeber,Gesundheit,Folgejahr (Arbeitsvorrat) - Veränderungsraten,*,-8.57,22.42,10.05,-37.46,27.78,2.75,-18.61,-12.73,44.07,-2.03,9.58,-8.22,20.28,30.36,2.52,1.06,-7.28,17.53,43.02,28.89,4.92,-8.82,-6.66,30.57,-0.42,-5.87,-18.95,6.32,-4.58,-14.29
Schweiz,Private Auftraggeber,Freizeit und Kultur,Laufendes Jahr - Absolute Werte,500460,514942.0,548046.0,521286.0,552364.0,540934.0,549457.0,612203.0,690595.0,585407.0,630035.0,594346.0,454057.0,721836.0,577403.0,541312.0,550251.0,525085.0,522826.0,525922.0,515434.0,535827.0,560779.0,811205.0,744586.0,795949.0,639813.0,469819.0,442145.0,493649.0,528659.0
Schweiz,Private Auftraggeber,Freizeit und Kultur,Laufendes Jahr - Veränderungsraten,*,2.89,6.43,-4.88,5.96,-2.07,1.58,11.42,12.8,-15.23,7.62,-5.66,-23.6,58.97,-20.01,-6.25,1.65,-4.57,-0.43,0.59,-1.99,3.96,4.66,44.66,-8.21,6.9,-19.62,-26.57,-5.89,11.65,7.09
Schweiz,Private Auftraggeber,Freizeit und Kultur,Folgejahr (Arbeitsvorrat) - Absolute Werte,255218,286134.0,253710.0,232599.0,344912.0,298244.0,277432.0,408701.0,434857.0,208647.0,383183.0,242176.0,412018.0,352626.0,216249.0,335072.0,301468.0,306016.0,299410.0,369873.0,381833.0,317095.0,481490.0,548742.0,620630.0,529294.0,349529.0,310565.0,247023.0,377580.0,385479.0
Schweiz,Private Auftraggeber,Freizeit und Kultur,Folgejahr (Arbeitsvorrat) - Veränderungsraten,*,12.11,-11.33,-8.32,48.29,-13.53,-6.98,47.32,6.4,-52.02,83.65,-36.8,70.13,-14.41,-38.67,54.95,-10.03,1.51,-2.16,23.53,3.23,-16.95,51.84,13.97,13.1,-14.72,-33.96,-11.15,-20.46,52.85,2.09
Schweiz,Private Auftraggeber,Uebrige Infrastruktur,Laufendes Jahr - Absolute Werte,100621,62687.0,60734.0,59940.0,48026.0,42976.0,49906.0,62765.0,80351.0,63156.0,87231.0,86914.0,100046.0,71494.0,80864.0,94207.0,105362.0,104620.0,88080.0,128293.0,143045.0,164935.0,156709.0,235065.0,210767.0,151335.0,118946.0,140874.0,192080.0,210080.0,184634.0
Schweiz,Private Auftraggeber,Uebrige Infrastruktur,Laufendes Jahr - Veränderungsraten,*,-37.7,-3.12,-1.31,-19.88,-10.52,16.13,25.77,28.02,-21.4,38.12,-0.36,15.11,-28.54,13.11,16.5,11.84,-0.7,-15.81,45.66,11.5,15.3,-4.99,50.0,-10.34,-28.2,-21.4,18.44,36.35,9.37,-12.11
Schweiz,Private Auftraggeber,Uebrige Infrastruktur,Folgejahr (Arbeitsvorrat) - Absolute Werte,43098,41201.0,42358.0,25494.0,21735.0,21255.0,24987.0,23498.0,24769.0,31488.0,28119.0,44549.0,29647.0,43440.0,30829.0,32624.0,39952.0,34852.0,38536.0,46373.0,82162.0,59296.0,120716.0,149045.0,82680.0,53587.0,47959.0,106347.0,126215.0,101275.0,128660.0
Schweiz,Private Auftraggeber,Uebrige Infrastruktur,Folgejahr (Arbeitsvorrat) - Veränderungsraten,*,-4.4,2.81,-39.81,-14.74,-2.21,17.56,-5.96,5.41,27.13,-10.7,58.43,-33.45,46.52,-29.03,5.82,22.46,-12.77,10.57,20.34,77.18,-27.83,103.58,23.47,-44.53,-35.19,-10.5,121.75,18.68,-19.76,27.04
Schweiz,Private Auftraggeber,Wohnen,Laufendes Jahr - Absolute Werte,20269604,20413849.0,17812867.0,16644166.0,17144679.0,16782594.0,17146809.0,17021120.0,16519896.0,18962143.0,21141482.0,22734644.0,23189322.0,23261434.0,23724651.0,24738493.0,26566902.0,27997029.0,28466606.0,29733064.0,30103032.0,30571178.0,30721840.0,30677804.0,30224695.0,29365340.0,28909363.0,29457285.0,30222504.0,29471600.0,28786239.0
Schweiz,Private Auftraggeber,Wohnen,Laufendes Jahr - Veränderungsraten,*,0.71,-12.74,-6.56,3.01,-2.11,2.17,-0.73,-2.94,14.78,11.49,7.54,2.0,0.31,1.99,4.27,7.39,5.38,1.68,4.45,1.24,1.56,0.49,-0.14,-1.48,-2.84,-1.55,1.9,2.6,-2.48,-2.33
Schweiz,Private Auftraggeber,Wohnen,Folgejahr (Arbeitsvorrat) - Absolute Werte,10554695,8673889.0,7832526.0,7444982.0,7589831.0,7549320.0,7876097.0,8371262.0,8271947.0,8780621.0,10894523.0,11455366.0,11856983.0,12265033.0,12452530.0,12841926.0,13429866.0,13372221.0,14498487.0,17739312.0,18100173.0,18361909.0,18888345.0,19335546.0,19269964.0,18973747.0,18610676.0,19724265.0,19935682.0,19227810.0,19389354.0
Schweiz,Private Auftraggeber,Wohnen,Folgejahr (Arbeitsvorrat) - Veränderungsraten,*,-17.82,-9.7,-4.95,1.95,-0.53,4.33,6.29,-1.19,6.15,24.07,5.15,3.51,3.44,1.53,3.13,4.58,-0.43,8.42,22.35,2.03,1.45,2.87,2.37,-0.34,-1.54,-1.91,5.98,1.07,-3.55,0.84
Schweiz,Private Auftraggeber,Land- und Forstwirtschaft,Laufendes Jahr - Absolute Werte,687594,634863.0,634079.0,683061.0,661233.0,618972.0,645610.0,671344.0,594342.0,581407.0,619553.0,555519.0,543966.0,549061.0,524307.0,549265.0,539670.0,570146.0,639280.0,708664.0,737218.0,694533.0,659882.0,572208.0,574652.0,625765.0,612444.0,638760.0,635620.0,599487.0,606719.0
Schweiz,Private Auftraggeber,Land- und Forstwirtschaft,Laufendes Jahr - Veränderungsraten,*,-7.67,-0.12,7.72,-3.2,-6.39,4.3,3.99,-11.47,-2.18,6.56,-10.34,-2.08,0.94,-4.51,4.76,-1.75,5.65,12.13,10.85,4.03,-5.79,-4.99,-13.29,0.43,8.89,-2.13,4.3,-0.49,-5.68,1.21
Schweiz,Private Auftraggeber,Land- und Forstwirtschaft,Folgejahr (Arbeitsvorrat) - Absolute Werte,168948,157851.0,154389.0,158664.0,143882.0,151595.0,166928.0,152256.0,142959.0,131906.0,151354.0,154396.0,195277.0,171082.0,162081.0,161076.0,182710.0,204609.0,224500.0,343892.0,322600.0,330666.0,311470.0,278216.0,334130.0,317930.0,343234.0,363258.0,379697.0,390698.0,381320.0
Schweiz,Private Auftraggeber,Land- und Forstwirtschaft,Folgejahr (Arbeitsvorrat) - Veränderungsraten,*,-6.57,-2.19,2.77,-9.32,5.36,10.11,-8.79,-6.11,-7.73,14.74,2.01,26.48,-12.39,-5.26,-0.62,13.43,11.99,9.72,53.18,-6.19,2.5,-5.81,-10.68,20.1,-4.85,7.96,5.83,4.53,2.9,-2.4
Schweiz,Private Auftraggeber,"Industrie, Gewerbe und Dienstleistungen",Laufendes Jahr - Absolute Werte,6961924,6481597.0,5896611.0,5727825.0,5503440.0,6136947.0,6734412.0,7384349.0,7459540.0,6092168.0,5972894.0,7330610.0,7568883.0,7760862.0,8318987.0,8020966.0,7561068.0,7829464.0,8221494.0,8322383.0,8462009.0,8188898.0,7821656.0,8443537.0,8736699.0,8803444.0,8975554.0,8432319.0,8439770.0,8906929.0,8295080.0
Schweiz,Private Auftraggeber,"Industrie, Gewerbe und Dienstleistungen",Laufendes Jahr - Veränderungsraten,*,-6.9,-9.03,-2.86,-3.92,11.51,9.74,9.65,1.02,-18.33,-1.96,22.73,3.25,2.54,7.19,-3.58,-5.73,3.55,5.01,1.23,1.68,-3.23,-4.48,7.95,3.47,0.76,1.96,-6.05,0.09,5.54,-6.87
Schweiz,Private Auftraggeber,"Industrie, Gewerbe und Dienstleistungen",Folgejahr (Arbeitsvorrat) - Absolute Werte,3907311,3344676.0,3271704.0,2917241.0,3363324.0,3371393.0,3764902.0,4355609.0,3859062.0,2984660.0,3124575.0,3926383.0,4025967.0,3968600.0,4733770.0,4522480.0,4006821.0,4070654.0,3986370.0,5315799.0,5279075.0,4954932.0,5319325.0,5739137.0,5935349.0,6317202.0,6024972.0,5954467.0,5970158.0,5821204.0,5779786.0
Schweiz,Private Auftraggeber,"Industrie, Gewerbe und Dienstleistungen",Folgejahr (Arbeitsvorrat) - Veränderungsraten,*,-14.4,-2.18,-10.83,15.29,0.24,11.67,15.69,-11.4,-22.66,4.69,25.66,2.54,-1.42,19.28,-4.46,-11.4,1.59,-2.07,33.35,-0.69,-6.14,7.35,7.89,3.42,6.43,-4.63,-1.17,0.26,-2.49,-0.71
- Wallis,Art der Auftraggeber - Total,Kategorie der Bauwerke - Total,Laufendes Jahr - Absolute Werte,1875898,2055238.0,1966136.0,1698643.0,1695491.0,1274882.0,1332008.0,1385409.0,1574075.0,1642854.0,1710279.0,1849857.0,1860599.0,2177268.0,2151472.0,2203883.0,2254425.0,2332418.0,2357474.0,2452982.0,2642233.0,2874403.0,2684467.0,2650248.0,2631872.0,2682832.0,2553380.0,2724540.0,2844001.0,2819432.0,2676132.0
- Wallis,Art der Auftraggeber - Total,Kategorie der Bauwerke - Total,Laufendes Jahr - Veränderungsraten,*,9.56,-4.34,-13.61,-0.19,-24.81,4.48,4.01,13.62,4.37,4.1,8.16,0.58,17.02,-1.18,2.44,2.29,3.46,1.07,4.05,7.72,8.79,-6.61,-1.27,-0.69,1.94,-4.83,6.7,4.38,-0.86,-5.08
- Wallis,Art der Auftraggeber - Total,Kategorie der Bauwerke - Total,Folgejahr (Arbeitsvorrat) - Absolute Werte,1237493,1323144.0,1323633.0,1088333.0,790739.0,717970.0,698154.0,610429.0,944868.0,843552.0,1004069.0,1168195.0,1257288.0,1335705.0,1104353.0,1339087.0,1389825.0,1252803.0,1379489.0,1836894.0,2235898.0,2142955.0,1999461.0,2004073.0,2021792.0,1941487.0,2287472.0,2436529.0,2371618.0,2270377.0,2222495.0
- Wallis,Art der Auftraggeber - Total,Kategorie der Bauwerke - Total,Folgejahr (Arbeitsvorrat) - Veränderungsraten,*,6.92,0.04,-17.78,-27.34,-9.2,-2.76,-12.57,54.79,-10.72,19.03,16.35,7.63,6.24,-17.32,21.26,3.79,-9.86,10.11,33.16,21.72,-4.16,-6.7,0.23,0.88,-3.97,17.82,6.52,-2.66,-4.27,-2.11
- Wallis,Art der Auftraggeber - Total,Infrastruktur Versorgung,Laufendes Jahr - Absolute Werte,275106,327452.0,465691.0,419836.0,421329.0,95184.0,69896.0,89560.0,53884.0,263848.0,79466.0,71084.0,85165.0,189078.0,183376.0,131183.0,78151.0,101022.0,92798.0,123480.0,110319.0,148236.0,226383.0,218751.0,280615.0,272687.0,188351.0,200660.0,230245.0,200089.0,156672.0
- Wallis,Art der Auftraggeber - Total,Infrastruktur Versorgung,Laufendes Jahr - Veränderungsraten,*,19.03,42.22,-9.85,0.36,-77.41,-26.57,28.13,-39.83,389.66,-69.88,-10.55,19.81,122.01,-3.02,-28.46,-40.43,29.27,-8.14,33.06,-10.66,34.37,52.72,-3.37,28.28,-2.83,-30.93,6.54,14.74,-13.1,-21.7
- Wallis,Art der Auftraggeber - Total,Infrastruktur Versorgung,Folgejahr (Arbeitsvorrat) - Absolute Werte,314750,431878.0,460053.0,399127.0,96789.0,49633.0,51549.0,27370.0,29684.0,80560.0,68410.0,78000.0,107007.0,158297.0,166867.0,63484.0,101759.0,77366.0,84172.0,159091.0,160788.0,196690.0,181165.0,251618.0,292481.0,158922.0,199143.0,153052.0,146506.0,124855.0,132674.0
- Wallis,Art der Auftraggeber - Total,Infrastruktur Versorgung,Folgejahr (Arbeitsvorrat) - Veränderungsraten,*,37.21,6.52,-13.24,-75.75,-48.72,3.86,-46.9,8.45,171.39,-15.08,14.02,37.19,47.93,5.41,-61.96,60.29,-23.97,8.8,89.01,1.07,22.33,-7.89,38.89,16.24,-45.66,25.31,-23.14,-4.28,-14.78,6.26
- Wallis,Art der Auftraggeber - Total,Infrastruktur Entsorgung,Laufendes Jahr - Absolute Werte,84704,65518.0,74499.0,63162.0,42158.0,29793.0,57440.0,24541.0,27637.0,18174.0,35074.0,28596.0,34434.0,26074.0,18565.0,17158.0,21554.0,18484.0,20707.0,13607.0,17057.0,19408.0,9720.0,6611.0,7560.0,18413.0,21749.0,28343.0,13949.0,15641.0,32253.0
- Wallis,Art der Auftraggeber - Total,Infrastruktur Entsorgung,Laufendes Jahr - Veränderungsraten,*,-22.65,13.71,-15.22,-33.25,-29.33,92.8,-57.28,12.62,-34.24,92.99,-18.47,20.42,-24.28,-28.8,-7.58,25.62,-14.24,12.03,-34.29,25.35,13.78,-49.92,-31.99,14.35,143.56,18.12,30.32,-50.79,12.13,106.21
- Wallis,Art der Auftraggeber - Total,Infrastruktur Entsorgung,Folgejahr (Arbeitsvorrat) - Absolute Werte,56208,47028.0,53428.0,35920.0,20574.0,33679.0,18360.0,10426.0,11901.0,12795.0,19990.0,32669.0,24930.0,13492.0,7958.0,9945.0,18343.0,18531.0,13830.0,10044.0,15185.0,13872.0,3977.0,7297.0,16636.0,33058.0,31901.0,12100.0,11715.0,14153.0,15181.0
- Wallis,Art der Auftraggeber - Total,Infrastruktur Entsorgung,Folgejahr (Arbeitsvorrat) - Veränderungsraten,*,-16.33,13.61,-32.77,-42.72,63.7,-45.49,-43.21,14.15,7.51,56.23,63.43,-23.69,-45.88,-41.02,24.97,84.44,1.02,-25.37,-27.38,51.18,-8.65,-71.33,83.48,127.98,98.71,-3.5,-62.07,-3.18,20.81,7.26
- Wallis,Art der Auftraggeber - Total,Infrastruktur Strassenverkehr,Laufendes Jahr - Absolute Werte,247974,321587.0,204263.0,168354.0,140918.0,174953.0,168138.0,162643.0,201097.0,143301.0,162281.0,197782.0,105077.0,218829.0,158487.0,288643.0,287439.0,251741.0,331574.0,332101.0,370326.0,369529.0,274927.0,238743.0,274041.0,300126.0,273947.0,331153.0,261701.0,262370.0,238160.0
- Wallis,Art der Auftraggeber - Total,Infrastruktur Strassenverkehr,Laufendes Jahr - Veränderungsraten,*,29.69,-36.48,-17.58,-16.3,24.15,-3.9,-3.27,23.64,-28.74,13.24,21.88,-46.87,108.26,-27.57,82.12,-0.42,-12.42,31.71,0.16,11.51,-0.22,-25.6,-13.16,14.78,9.52,-8.72,20.88,-20.97,0.26,-9.23
- Wallis,Art der Auftraggeber - Total,Infrastruktur Strassenverkehr,Folgejahr (Arbeitsvorrat) - Absolute Werte,198625,240021.0,198444.0,164230.0,176511.0,154050.0,161656.0,137559.0,140053.0,125716.0,183548.0,205797.0,193896.0,279704.0,151080.0,306000.0,289701.0,267942.0,323511.0,359653.0,412546.0,341520.0,350785.0,305030.0,303210.0,310701.0,332389.0,280236.0,288532.0,285683.0,281014.0
- Wallis,Art der Auftraggeber - Total,Infrastruktur Strassenverkehr,Folgejahr (Arbeitsvorrat) - Veränderungsraten,*,20.84,-17.32,-17.24,7.48,-12.72,4.94,-14.91,1.81,-10.24,46.0,12.12,-5.78,44.25,-45.99,102.54,-5.33,-7.51,20.74,11.17,14.71,-17.22,2.71,-13.04,-0.6,2.47,6.98,-15.69,2.96,-0.99,-1.63
- Wallis,Art der Auftraggeber - Total,Infrastruktur übriger Verkehr und Kommunikation,Laufendes Jahr - Absolute Werte,134647,106170.0,95817.0,52924.0,71409.0,73207.0,76267.0,66876.0,76584.0,81968.0,118863.0,126240.0,168702.0,146866.0,119251.0,71567.0,99044.0,95493.0,129522.0,158915.0,197768.0,211674.0,206653.0,181193.0,162989.0,113932.0,143683.0,162287.0,158403.0,173893.0,180200.0
- Wallis,Art der Auftraggeber - Total,Infrastruktur übriger Verkehr und Kommunikation,Laufendes Jahr - Veränderungsraten,*,-21.15,-9.75,-44.77,34.93,2.52,4.18,-12.31,14.52,7.03,45.01,6.21,33.64,-12.94,-18.8,-39.99,38.39,-3.59,35.64,22.69,24.45,7.03,-2.37,-12.32,-10.05,-30.1,26.11,12.95,-2.39,9.78,3.63
- Wallis,Art der Auftraggeber - Total,Infrastruktur übriger Verkehr und Kommunikation,Folgejahr (Arbeitsvorrat) - Absolute Werte,67939,65882.0,49999.0,18209.0,55598.0,67884.0,65736.0,53496.0,76455.0,82682.0,162905.0,147848.0,139277.0,92663.0,89658.0,83973.0,67834.0,77617.0,129785.0,193270.0,212039.0,208328.0,197175.0,203900.0,118635.0,135633.0,152645.0,278899.0,196529.0,184624.0,208338.0
- Wallis,Art der Auftraggeber - Total,Infrastruktur übriger Verkehr und Kommunikation,Folgejahr (Arbeitsvorrat) - Veränderungsraten,*,-3.03,-24.11,-63.58,205.33,22.1,-3.16,-18.62,42.92,8.14,97.03,-9.24,-5.8,-33.47,-3.24,-6.34,-19.22,14.42,67.21,48.92,9.71,-1.75,-5.35,3.41,-41.82,14.33,12.54,82.71,-29.53,-6.06,12.84
- Wallis,Art der Auftraggeber - Total,"Bildung, Forschung",Laufendes Jahr - Absolute Werte,28648,47137.0,47658.0,34102.0,54074.0,37350.0,52581.0,60400.0,33974.0,39458.0,24127.0,17354.0,11942.0,41305.0,39159.0,43646.0,48044.0,65694.0,84967.0,63420.0,75538.0,64239.0,60442.0,88134.0,59450.0,55517.0,54406.0,81636.0,85141.0,50575.0,86229.0
- Wallis,Art der Auftraggeber - Total,"Bildung, Forschung",Laufendes Jahr - Veränderungsraten,*,64.54,1.11,-28.44,58.57,-30.93,40.78,14.87,-43.75,16.14,-38.85,-28.07,-31.19,245.88,-5.2,11.46,10.08,36.74,29.34,-25.36,19.11,-14.96,-5.91,45.82,-32.55,-6.62,-2.0,50.05,4.29,-40.6,70.5
- Wallis,Art der Auftraggeber - Total,"Bildung, Forschung",Folgejahr (Arbeitsvorrat) - Absolute Werte,24166,28903.0,25963.0,18535.0,39923.0,31767.0,49675.0,31325.0,21488.0,20028.0,11005.0,4707.0,17713.0,37150.0,24918.0,29432.0,49511.0,58632.0,64305.0,45086.0,55499.0,59640.0,109809.0,67102.0,45009.0,39083.0,71996.0,98364.0,60454.0,56175.0,68227.0
- Wallis,Art der Auftraggeber - Total,"Bildung, Forschung",Folgejahr (Arbeitsvorrat) - Veränderungsraten,*,19.6,-10.17,-28.61,115.39,-20.43,56.37,-36.94,-31.4,-6.79,-45.05,-57.23,276.31,109.73,-32.93,18.12,68.22,18.42,9.68,-29.89,23.1,7.46,84.12,-38.89,-32.92,-13.17,84.21,36.62,-38.54,-7.08,21.45
- Wallis,Art der Auftraggeber - Total,Gesundheit,Laufendes Jahr - Absolute Werte,13442,18873.0,43812.0,71970.0,79617.0,10531.0,1545.0,3644.0,11708.0,11175.0,14537.0,14178.0,10204.0,22832.0,29877.0,30529.0,57426.0,32514.0,39176.0,50507.0,72636.0,39706.0,62077.0,60394.0,42325.0,59427.0,77016.0,97429.0,95663.0,114889.0,120660.0
- Wallis,Art der Auftraggeber - Total,Gesundheit,Laufendes Jahr - Veränderungsraten,*,40.4,132.14,64.27,10.63,-86.77,-85.33,135.86,221.3,-4.55,30.09,-2.47,-28.03,123.76,30.86,2.18,88.1,-43.38,20.49,28.92,43.81,-45.34,56.34,-2.71,-29.92,40.41,29.6,26.5,-1.81,20.1,5.02
- Wallis,Art der Auftraggeber - Total,Gesundheit,Folgejahr (Arbeitsvorrat) - Absolute Werte,19135,19025.0,83885.0,73457.0,24089.0,150.0,1129.0,5300.0,960.0,4841.0,10413.0,13550.0,21043.0,13063.0,23560.0,19676.0,17149.0,10986.0,37519.0,34351.0,72621.0,46364.0,62717.0,17051.0,22981.0,44701.0,134721.0,138310.0,115667.0,134616.0,132217.0
- Wallis,Art der Auftraggeber - Total,Gesundheit,Folgejahr (Arbeitsvorrat) - Veränderungsraten,*,-0.57,340.92,-12.43,-67.21,-99.38,652.67,369.44,-81.89,404.27,115.1,30.13,55.3,-37.92,80.36,-16.49,-12.84,-35.94,241.52,-8.44,111.41,-36.16,35.27,-72.81,34.78,94.51,201.38,2.66,-16.37,16.38,-1.78
- Wallis,Art der Auftraggeber - Total,Freizeit und Kultur,Laufendes Jahr - Absolute Werte,31988,50130.0,60248.0,31262.0,44472.0,31468.0,28635.0,48347.0,48525.0,42676.0,44110.0,43584.0,57298.0,72833.0,114601.0,52274.0,28114.0,49373.0,46010.0,50122.0,61797.0,41397.0,44730.0,72583.0,45881.0,52163.0,44453.0,31092.0,34709.0,29864.0,33124.0
- Wallis,Art der Auftraggeber - Total,Freizeit und Kultur,Laufendes Jahr - Veränderungsraten,*,56.72,20.18,-48.11,42.26,-29.24,-9.0,68.84,0.37,-12.05,3.36,-1.19,31.47,27.11,57.35,-54.39,-46.22,75.62,-6.81,8.94,23.29,-33.01,8.05,62.27,-36.79,13.69,-14.78,-30.06,11.63,-13.96,10.92
- Wallis,Art der Auftraggeber - Total,Freizeit und Kultur,Folgejahr (Arbeitsvorrat) - Absolute Werte,20660,25638.0,21764.0,14438.0,17008.0,13397.0,12063.0,11209.0,44029.0,22514.0,47092.0,36371.0,42742.0,43863.0,16280.0,27409.0,20867.0,14862.0,24636.0,43197.0,42820.0,19911.0,24508.0,15357.0,33522.0,24693.0,25513.0,15104.0,25659.0,32785.0,22516.0
- Wallis,Art der Auftraggeber - Total,Freizeit und Kultur,Folgejahr (Arbeitsvorrat) - Veränderungsraten,*,24.09,-15.11,-33.66,17.8,-21.23,-9.96,-7.08,292.8,-48.87,109.17,-22.77,17.52,2.62,-62.88,68.36,-23.87,-28.78,65.77,75.34,-0.87,-53.5,23.09,-37.34,118.28,-26.34,3.32,-40.8,69.88,27.77,-31.32
- Wallis,Art der Auftraggeber - Total,Uebrige Infrastruktur,Laufendes Jahr - Absolute Werte,58499,55875.0,50663.0,42348.0,47066.0,39613.0,49157.0,54385.0,39258.0,42087.0,47298.0,28446.0,28674.0,45984.0,58654.0,33544.0,36108.0,43530.0,33950.0,30891.0,25828.0,31162.0,50882.0,38028.0,45356.0,75916.0,73515.0,80304.0,101040.0,105394.0,110479.0
- Wallis,Art der Auftraggeber - Total,Uebrige Infrastruktur,Laufendes Jahr - Veränderungsraten,*,-4.49,-9.33,-16.41,11.14,-15.84,24.09,10.64,-27.81,7.21,12.38,-39.86,0.8,60.37,27.55,-42.81,7.64,20.56,-22.01,-9.01,-16.39,20.65,63.28,-25.26,19.27,67.38,-3.16,9.23,25.82,4.31,4.82
- Wallis,Art der Auftraggeber - Total,Uebrige Infrastruktur,Folgejahr (Arbeitsvorrat) - Absolute Werte,52685,41462.0,29616.0,41719.0,34502.0,43641.0,39074.0,25203.0,42671.0,44228.0,40175.0,25437.0,27779.0,38202.0,49003.0,37015.0,32347.0,21939.0,28259.0,26482.0,47295.0,78027.0,43723.0,38243.0,72478.0,90638.0,262665.0,247169.0,278667.0,259948.0,251425.0
- Wallis,Art der Auftraggeber - Total,Uebrige Infrastruktur,Folgejahr (Arbeitsvorrat) - Veränderungsraten,*,-21.3,-28.57,40.87,-17.3,26.49,-10.46,-35.5,69.31,3.65,-9.16,-36.68,9.21,37.52,28.27,-24.46,-12.61,-32.18,28.81,-6.29,78.59,64.98,-43.96,-12.53,89.52,25.06,189.8,-5.9,12.74,-6.72,-3.28
- Wallis,Art der Auftraggeber - Total,Wohnen,Laufendes Jahr - Absolute Werte,681950,744335.0,647240.0,594252.0,569421.0,580842.0,606917.0,670703.0,678954.0,804365.0,949839.0,1100536.0,1177814.0,1120435.0,1144435.0,1306066.0,1416746.0,1391717.0,1310462.0,1378553.0,1487914.0,1638485.0,1515619.0,1518416.0,1420503.0,1332639.0,1353153.0,1387870.0,1437588.0,1402630.0,1304583.0
- Wallis,Art der Auftraggeber - Total,Wohnen,Laufendes Jahr - Veränderungsraten,*,9.15,-13.04,-8.19,-4.18,2.01,4.49,10.51,1.23,18.47,18.09,15.87,7.02,-4.87,2.14,14.12,8.47,-1.77,-5.84,5.2,7.93,10.12,-7.5,0.18,-6.45,-6.19,1.54,2.57,3.58,-2.43,-6.99
- Wallis,Art der Auftraggeber - Total,Wohnen,Folgejahr (Arbeitsvorrat) - Absolute Werte,329520,240547.0,266553.0,207144.0,196506.0,207285.0,194490.0,214477.0,284936.0,355538.0,403505.0,506395.0,558131.0,482759.0,457397.0,630524.0,664757.0,563208.0,567183.0,820718.0,1010947.0,1007379.0,884919.0,952402.0,863218.0,850884.0,890721.0,910644.0,908968.0,851497.0,802805.0
- Wallis,Art der Auftraggeber - Total,Wohnen,Folgejahr (Arbeitsvorrat) - Veränderungsraten,*,-27.0,10.81,-22.29,-5.14,5.49,-6.17,10.28,32.85,24.78,13.49,25.5,10.22,-13.5,-5.25,37.85,5.43,-15.28,0.71,44.7,23.18,-0.35,-12.16,7.63,-9.36,-1.43,4.68,2.24,-0.18,-6.32,-5.72
- Wallis,Art der Auftraggeber - Total,Land- und Forstwirtschaft,Laufendes Jahr - Absolute Werte,49961,45414.0,50289.0,54928.0,54200.0,61512.0,77033.0,57040.0,60940.0,43357.0,36432.0,46409.0,44896.0,39979.0,38450.0,36090.0,29955.0,44292.0,41663.0,35473.0,33455.0,44790.0,27538.0,42268.0,36366.0,41386.0,26760.0,36105.0,26118.0,20981.0,31330.0
- Wallis,Art der Auftraggeber - Total,Land- und Forstwirtschaft,Laufendes Jahr - Veränderungsraten,*,-9.1,10.73,9.22,-1.33,13.49,25.23,-25.95,6.84,-28.85,-15.97,27.39,-3.26,-10.95,-3.82,-6.14,-17.0,47.86,-5.94,-14.86,-5.69,33.88,-38.52,53.49,-13.96,13.8,-35.34,34.92,-27.66,-19.67,49.33
- Wallis,Art der Auftraggeber - Total,Land- und Forstwirtschaft,Folgejahr (Arbeitsvorrat) - Absolute Werte,25473,28822.0,34168.0,31644.0,36201.0,40356.0,41339.0,33557.0,19483.0,18657.0,18737.0,24685.0,23940.0,16558.0,15539.0,16533.0,22488.0,36193.0,23188.0,37406.0,43614.0,28274.0,32440.0,23999.0,33185.0,15246.0,21128.0,17617.0,14411.0,22677.0,19045.0
- Wallis,Art der Auftraggeber - Total,Land- und Forstwirtschaft,Folgejahr (Arbeitsvorrat) - Veränderungsraten,*,13.15,18.55,-7.39,14.4,11.48,2.44,-18.82,-41.94,-4.24,0.43,31.74,-3.02,-30.84,-6.15,6.4,36.02,60.94,-35.93,61.32,16.6,-35.17,14.73,-26.02,38.28,-54.06,38.58,-16.62,-18.2,57.36,-16.02
- Wallis,Art der Auftraggeber - Total,"Industrie, Gewerbe und Dienstleistungen",Laufendes Jahr - Absolute Werte,268979,272747.0,225956.0,165505.0,170827.0,140429.0,144399.0,147270.0,341514.0,152445.0,198252.0,175648.0,136393.0,253053.0,246617.0,193183.0,151844.0,238558.0,226645.0,215913.0,189595.0,265777.0,205496.0,185127.0,256786.0,360626.0,296347.0,287661.0,399444.0,443106.0,382442.0
- Wallis,Art der Auftraggeber - Total,"Industrie, Gewerbe und Dienstleistungen",Laufendes Jahr - Veränderungsraten,*,1.4,-17.16,-26.75,3.22,-17.79,2.83,1.99,131.9,-55.36,30.05,-11.4,-22.35,85.53,-2.54,-21.67,-21.4,57.11,-4.99,-4.74,-12.19,40.18,-22.68,-9.91,38.71,40.44,-17.82,-2.93,38.86,10.93,-13.69
- Wallis,Art der Auftraggeber - Total,"Industrie, Gewerbe und Dienstleistungen",Folgejahr (Arbeitsvorrat) - Absolute Werte,128332,153938.0,99760.0,83910.0,93038.0,76128.0,63083.0,60507.0,273208.0,75993.0,38289.0,92736.0,100830.0,159954.0,102093.0,115096.0,105069.0,105527.0,83101.0,107596.0,162544.0,142950.0,108243.0,122074.0,220437.0,237928.0,164650.0,285034.0,324510.0,303364.0,289053.0
- Wallis,Art der Auftraggeber - Total,"Industrie, Gewerbe und Dienstleistungen",Folgejahr (Arbeitsvorrat) - Veränderungsraten,*,19.95,-35.19,-15.89,10.88,-18.18,-17.14,-4.08,351.53,-72.18,-49.62,142.2,8.73,58.64,-36.17,12.74,-8.71,0.44,-21.25,29.48,51.07,-12.05,-24.28,12.78,80.58,7.93,-30.8,73.12,13.85,-6.52,-4.72
- Wallis,Oeffentliche Auftraggeber,Kategorie der Bauwerke - Total,Laufendes Jahr - Absolute Werte,615837,716090.0,578895.0,457965.0,429823.0,426385.0,455303.0,431234.0,428585.0,378057.0,414569.0,437003.0,352409.0,513529.0,447355.0,499137.0,554468.0,560325.0,666518.0,648741.0,726225.0,702678.0,636101.0,613526.0,633354.0,698656.0,634185.0,777399.0,695029.0,738465.0,755461.0
- Wallis,Oeffentliche Auftraggeber,Kategorie der Bauwerke - Total,Laufendes Jahr - Veränderungsraten,*,16.28,-19.16,-20.89,-6.15,-0.8,6.78,-5.29,-0.61,-11.79,9.66,5.41,-19.36,45.72,-12.89,11.58,11.09,1.06,18.95,-2.67,11.94,-3.24,-9.47,-3.55,3.23,10.31,-9.23,22.58,-10.6,6.25,2.3
- Wallis,Oeffentliche Auftraggeber,Kategorie der Bauwerke - Total,Folgejahr (Arbeitsvorrat) - Absolute Werte,510254,507169.0,446568.0,333545.0,388142.0,387226.0,377721.0,303086.0,312419.0,298981.0,407287.0,405334.0,418902.0,514436.0,347830.0,488377.0,493825.0,482310.0,609361.0,741511.0,830245.0,755077.0,740635.0,620135.0,686126.0,741648.0,996031.0,1042564.0,930590.0,947976.0,937554.0
- Wallis,Oeffentliche Auftraggeber,Kategorie der Bauwerke - Total,Folgejahr (Arbeitsvorrat) - Veränderungsraten,*,-0.6,-11.95,-25.31,16.37,-0.24,-2.45,-19.76,3.08,-4.3,36.23,-0.48,3.35,22.81,-32.39,40.41,1.12,-2.33,26.34,21.69,11.97,-9.05,-1.91,-16.27,10.64,8.09,34.3,4.67,-10.74,1.87,-1.1
- Wallis,Oeffentliche Auftraggeber,Infrastruktur Versorgung,Laufendes Jahr - Absolute Werte,27801,25317.0,34347.0,33003.0,36047.0,31570.0,26994.0,30047.0,13660.0,17690.0,18469.0,14613.0,16342.0,23617.0,11798.0,14390.0,26002.0,18493.0,14412.0,13994.0,9786.0,13839.0,16119.0,11869.0,68362.0,59815.0,51583.0,38489.0,46402.0,56300.0,20965.0
- Wallis,Oeffentliche Auftraggeber,Infrastruktur Versorgung,Laufendes Jahr - Veränderungsraten,*,-8.93,35.67,-3.91,9.22,-12.42,-14.49,11.31,-54.54,29.5,4.4,-20.88,11.83,44.52,-50.04,21.97,80.69,-28.88,-22.07,-2.9,-30.07,41.42,16.48,-26.37,475.97,-12.5,-13.76,-25.38,20.56,21.33,-62.76
- Wallis,Oeffentliche Auftraggeber,Infrastruktur Versorgung,Folgejahr (Arbeitsvorrat) - Absolute Werte,18070,13738.0,20655.0,14603.0,27209.0,25012.0,23609.0,7309.0,7415.0,12691.0,16595.0,9803.0,13641.0,32620.0,10004.0,18781.0,12185.0,9466.0,7891.0,77488.0,13317.0,20723.0,19535.0,21724.0,61951.0,82334.0,60256.0,25030.0,44350.0,34083.0,21208.0
- Wallis,Oeffentliche Auftraggeber,Infrastruktur Versorgung,Folgejahr (Arbeitsvorrat) - Veränderungsraten,*,-23.97,50.35,-29.3,86.32,-8.07,-5.61,-69.04,1.45,71.15,30.76,-40.93,39.15,139.13,-69.33,87.73,-35.12,-22.31,-16.64,881.98,-82.81,55.61,-5.73,11.21,185.17,32.9,-26.82,-58.46,77.19,-23.15,-37.78
- Wallis,Oeffentliche Auftraggeber,Infrastruktur Entsorgung,Laufendes Jahr - Absolute Werte,82140,63470.0,71949.0,57687.0,40888.0,26653.0,39885.0,24017.0,26437.0,17767.0,32384.0,26196.0,33354.0,24524.0,15315.0,16858.0,12911.0,18484.0,20697.0,13600.0,16777.0,19073.0,9720.0,6211.0,7480.0,18300.0,21557.0,27438.0,10316.0,11610.0,20929.0
- Wallis,Oeffentliche Auftraggeber,Infrastruktur Entsorgung,Laufendes Jahr - Veränderungsraten,*,-22.73,13.36,-19.82,-29.12,-34.81,49.65,-39.78,10.08,-32.79,82.27,-19.11,27.32,-26.47,-37.55,10.08,-23.41,43.16,11.97,-34.29,23.36,13.69,-49.04,-36.1,20.43,144.65,17.8,27.28,-62.4,12.54,80.27
- Wallis,Oeffentliche Auftraggeber,Infrastruktur Entsorgung,Folgejahr (Arbeitsvorrat) - Absolute Werte,55618,45284.0,51278.0,34670.0,20574.0,21569.0,18110.0,9426.0,11757.0,10945.0,17590.0,32619.0,22930.0,12492.0,7458.0,9745.0,16950.0,18531.0,13830.0,10044.0,15185.0,13872.0,3977.0,7297.0,16636.0,33046.0,31901.0,10388.0,9786.0,11383.0,14413.0
- Wallis,Oeffentliche Auftraggeber,Infrastruktur Entsorgung,Folgejahr (Arbeitsvorrat) - Veränderungsraten,*,-18.58,13.24,-32.39,-40.66,4.84,-16.04,-47.95,24.73,-6.91,60.71,85.44,-29.7,-45.52,-40.3,30.67,73.94,9.33,-25.37,-27.38,51.18,-8.65,-71.33,83.48,127.98,98.64,-3.46,-67.44,-5.8,16.32,26.62
- Wallis,Oeffentliche Auftraggeber,Infrastruktur Strassenverkehr,Laufendes Jahr - Absolute Werte,240154,315887.0,196318.0,160975.0,130859.0,173292.0,165304.0,158115.0,196380.0,142586.0,157645.0,182616.0,93159.0,217506.0,154276.0,265944.0,284267.0,247432.0,330382.0,326159.0,363447.0,351683.0,264540.0,233190.0,262982.0,286485.0,264617.0,324379.0,258822.0,259033.0,234472.0
- Wallis,Oeffentliche Auftraggeber,Infrastruktur Strassenverkehr,Laufendes Jahr - Veränderungsraten,*,31.54,-37.85,-18.0,-18.71,32.43,-4.61,-4.35,24.2,-27.39,10.56,15.84,-48.99,133.48,-29.07,72.38,6.89,-12.96,33.52,-1.28,11.43,-3.24,-24.78,-11.85,12.78,8.94,-7.63,22.58,-20.21,0.08,-9.48
- Wallis,Oeffentliche Auftraggeber,Infrastruktur Strassenverkehr,Folgejahr (Arbeitsvorrat) - Absolute Werte,196864,237759.0,195987.0,157852.0,176183.0,153680.0,160596.0,137424.0,139953.0,125706.0,182228.0,195270.0,193046.0,276304.0,150528.0,305838.0,286536.0,266911.0,323251.0,354274.0,406169.0,335658.0,348735.0,303369.0,291268.0,304446.0,327722.0,278661.0,287319.0,280047.0,275909.0
- Wallis,Oeffentliche Auftraggeber,Infrastruktur Strassenverkehr,Folgejahr (Arbeitsvorrat) - Veränderungsraten,*,20.77,-17.57,-19.46,11.61,-12.77,4.5,-14.43,1.84,-10.18,44.96,7.16,-1.14,43.13,-45.52,103.18,-6.31,-6.85,21.11,9.6,14.65,-17.36,3.9,-13.01,-3.99,4.52,7.65,-14.97,3.11,-2.53,-1.48
- Wallis,Oeffentliche Auftraggeber,Infrastruktur übriger Verkehr und Kommunikation,Laufendes Jahr - Absolute Werte,86016,83337.0,63234.0,28807.0,36488.0,56100.0,53424.0,39486.0,57481.0,69258.0,90378.0,88805.0,105667.0,83653.0,101517.0,52505.0,50842.0,73092.0,101437.0,120005.0,157005.0,136953.0,130135.0,113063.0,108644.0,79973.0,85256.0,111249.0,64425.0,78218.0,97942.0
- Wallis,Oeffentliche Auftraggeber,Infrastruktur übriger Verkehr und Kommunikation,Laufendes Jahr - Veränderungsraten,*,-3.11,-24.12,-54.44,26.66,53.75,-4.77,-26.09,45.57,20.49,30.49,-1.74,18.99,-20.83,21.35,-48.28,-3.17,43.76,38.78,18.3,30.83,-12.77,-4.98,-13.12,-3.91,-26.39,6.61,30.49,-42.09,21.41,25.22
- Wallis,Oeffentliche Auftraggeber,Infrastruktur übriger Verkehr und Kommunikation,Folgejahr (Arbeitsvorrat) - Absolute Werte,62362,39456.0,40939.0,13297.0,49154.0,64469.0,50488.0,49640.0,64457.0,53613.0,103285.0,87197.0,98291.0,75084.0,67510.0,52870.0,48070.0,63866.0,113699.0,166521.0,174658.0,169611.0,126905.0,143318.0,82913.0,86140.0,92114.0,214498.0,81612.0,92398.0,118850.0
- Wallis,Oeffentliche Auftraggeber,Infrastruktur übriger Verkehr und Kommunikation,Folgejahr (Arbeitsvorrat) - Veränderungsraten,*,-36.73,3.76,-67.52,269.66,31.16,-21.69,-1.68,29.85,-16.82,92.65,-15.58,12.72,-23.61,-10.09,-21.69,-9.08,32.86,78.03,46.46,4.89,-2.89,-25.18,12.93,-42.15,3.89,6.94,132.86,-61.95,13.22,28.63
- Wallis,Oeffentliche Auftraggeber,"Bildung, Forschung",Laufendes Jahr - Absolute Werte,26128,42752.0,46978.0,33671.0,49419.0,28850.0,48206.0,58110.0,33924.0,38288.0,20747.0,17304.0,11942.0,41305.0,38259.0,43546.0,47843.0,65694.0,84967.0,62819.0,70993.0,59892.0,60442.0,85843.0,58020.0,54149.0,47291.0,68231.0,80045.0,47235.0,82433.0
- Wallis,Oeffentliche Auftraggeber,"Bildung, Forschung",Laufendes Jahr - Veränderungsraten,*,63.63,9.88,-28.33,46.77,-41.62,67.09,20.55,-41.62,12.86,-45.81,-16.6,-30.99,245.88,-7.37,13.82,9.87,37.31,29.34,-26.07,13.01,-15.64,0.92,42.03,-32.41,-6.67,-12.67,44.28,17.31,-40.99,74.52
- Wallis,Oeffentliche Auftraggeber,"Bildung, Forschung",Folgejahr (Arbeitsvorrat) - Absolute Werte,23166,25703.0,25943.0,18535.0,33423.0,31767.0,47405.0,31325.0,21488.0,16648.0,11005.0,4707.0,17713.0,37150.0,24858.0,29432.0,49511.0,58632.0,64305.0,43578.0,51282.0,59640.0,109809.0,65684.0,44991.0,39083.0,59496.0,93323.0,60454.0,52767.0,66331.0
- Wallis,Oeffentliche Auftraggeber,"Bildung, Forschung",Folgejahr (Arbeitsvorrat) - Veränderungsraten,*,10.95,0.93,-28.55,80.32,-4.95,49.23,-33.92,-31.4,-22.52,-33.9,-57.23,276.31,109.73,-33.09,18.4,68.22,18.42,9.68,-32.23,17.68,16.3,84.12,-40.18,-31.5,-13.13,52.23,56.86,-35.22,-12.72,25.71
- Wallis,Oeffentliche Auftraggeber,Gesundheit,Laufendes Jahr - Absolute Werte,8332,17273.0,26005.0,15720.0,17496.0,4061.0,516.0,3094.0,6325.0,1315.0,6710.0,4922.0,1899.0,9304.0,17871.0,12559.0,31538.0,11201.0,11614.0,16405.0,21642.0,14703.0,33244.0,40216.0,23997.0,18894.0,25181.0,61455.0,81994.0,92809.0,97093.0
- Wallis,Oeffentliche Auftraggeber,Gesundheit,Laufendes Jahr - Veränderungsraten,*,107.31,50.55,-39.55,11.3,-76.79,-87.29,499.61,104.43,-79.21,410.27,-26.65,-61.42,389.94,92.08,-29.72,151.12,-64.48,3.69,41.25,31.92,-32.06,126.1,20.97,-40.33,-21.27,33.28,144.05,33.42,13.19,4.62
- Wallis,Oeffentliche Auftraggeber,Gesundheit,Folgejahr (Arbeitsvorrat) - Absolute Werte,17760,18650.0,15835.0,13237.0,3689.0,150.0,399.0,5110.0,640.0,3231.0,3900.0,7750.0,3850.0,8700.0,11436.0,5617.0,9757.0,905.0,11744.0,11417.0,39958.0,22720.0,45007.0,13164.0,20083.0,40446.0,99251.0,127174.0,113528.0,119467.0,106684.0
- Wallis,Oeffentliche Auftraggeber,Gesundheit,Folgejahr (Arbeitsvorrat) - Veränderungsraten,*,5.01,-15.09,-16.41,-72.13,-95.93,166.0,1180.7,-87.48,404.84,20.71,98.72,-50.32,125.97,31.45,-50.88,73.7,-90.72,1197.68,-2.78,249.99,-43.14,98.09,-70.75,52.56,101.39,145.39,28.13,-10.73,5.23,-10.7
- Wallis,Oeffentliche Auftraggeber,Freizeit und Kultur,Laufendes Jahr - Absolute Werte,14225,16100.0,23774.0,18419.0,20799.0,18481.0,11746.0,14026.0,8961.0,5952.0,9695.0,17452.0,17490.0,22571.0,19052.0,17200.0,10558.0,26401.0,14148.0,21303.0,23412.0,24465.0,33159.0,56041.0,28512.0,31593.0,10711.0,10181.0,10228.0,13329.0,19686.0
- Wallis,Oeffentliche Auftraggeber,Freizeit und Kultur,Laufendes Jahr - Veränderungsraten,*,13.18,47.66,-22.52,12.92,-11.14,-36.44,19.41,-36.11,-33.58,62.89,80.01,0.22,29.05,-15.59,-9.72,-38.62,150.06,-46.41,50.57,9.9,4.5,35.54,69.01,-49.12,10.81,-66.1,-4.95,0.46,30.32,47.69
- Wallis,Oeffentliche Auftraggeber,Freizeit und Kultur,Folgejahr (Arbeitsvorrat) - Absolute Werte,6885,13563.0,14564.0,8374.0,9548.0,8412.0,2485.0,5205.0,2019.0,7149.0,14447.0,9616.0,11575.0,14121.0,9815.0,6351.0,5411.0,1979.0,10533.0,12828.0,30313.0,16809.0,16183.0,2907.0,25117.0,6306.0,6144.0,1694.0,16780.0,17015.0,14769.0
- Wallis,Oeffentliche Auftraggeber,Freizeit und Kultur,Folgejahr (Arbeitsvorrat) - Veränderungsraten,*,96.99,7.38,-42.5,14.02,-11.9,-70.46,109.46,-61.21,254.09,102.08,-33.44,20.37,22.0,-30.49,-35.29,-14.8,-63.43,432.24,21.79,136.3,-44.55,-3.72,-82.04,764.02,-74.89,-2.57,-72.43,890.55,1.4,-13.2
- Wallis,Oeffentliche Auftraggeber,Uebrige Infrastruktur,Laufendes Jahr - Absolute Werte,55803,53910.0,42204.0,41148.0,44800.0,37213.0,48683.0,52683.0,38841.0,41999.0,43086.0,28386.0,28502.0,44814.0,57187.0,30414.0,32022.0,37113.0,31784.0,30314.0,23676.0,26555.0,47192.0,34892.0,41251.0,72607.0,69553.0,71889.0,87276.0,98722.0,105051.0
- Wallis,Oeffentliche Auftraggeber,Uebrige Infrastruktur,Laufendes Jahr - Veränderungsraten,*,-3.39,-21.71,-2.5,8.88,-16.94,30.82,8.22,-26.27,8.13,2.59,-34.12,0.41,57.23,27.61,-46.82,5.29,15.9,-14.36,-4.62,-21.9,12.16,77.71,-26.06,18.22,76.01,-4.21,3.36,21.4,13.11,6.41
- Wallis,Oeffentliche Auftraggeber,Uebrige Infrastruktur,Folgejahr (Arbeitsvorrat) - Absolute Werte,52246,41143.0,28933.0,40337.0,32933.0,42736.0,38220.0,24981.0,42131.0,44098.0,40155.0,25337.0,27729.0,36670.0,48433.0,35021.0,28762.0,20765.0,27523.0,25650.0,47096.0,76923.0,42225.0,37577.0,68305.0,90258.0,258480.0,240046.0,274436.0,255678.0,247800.0
- Wallis,Oeffentliche Auftraggeber,Uebrige Infrastruktur,Folgejahr (Arbeitsvorrat) - Veränderungsraten,*,-21.25,-29.68,39.42,-18.36,29.77,-10.57,-34.64,68.65,4.67,-8.94,-36.9,9.44,32.24,32.08,-27.69,-17.87,-27.8,32.55,-6.81,83.61,63.33,-45.11,-11.01,81.77,32.14,186.38,-7.13,14.33,-6.84,-3.08
- Wallis,Oeffentliche Auftraggeber,Wohnen,Laufendes Jahr - Absolute Werte,7799,6073.0,4380.0,2652.0,3938.0,457.0,162.0,1417.0,4457.0,7230.0,5868.0,11269.0,10788.0,5141.0,1794.0,13948.0,10730.0,3815.0,1773.0,11619.0,5614.0,2740.0,5248.0,8277.0,7870.0,10720.0,5382.0,3001.0,8479.0,7994.0,1803.0
- Wallis,Oeffentliche Auftraggeber,Wohnen,Laufendes Jahr - Veränderungsraten,*,-22.13,-27.88,-39.45,48.49,-88.4,-64.55,774.69,214.54,62.22,-18.84,92.04,-4.27,-52.35,-65.1,677.48,-23.07,-64.45,-53.53,555.33,-51.68,-51.19,91.53,57.72,-4.92,36.21,-49.79,-44.24,182.54,-5.72,-77.45
- Wallis,Oeffentliche Auftraggeber,Wohnen,Folgejahr (Arbeitsvorrat) - Absolute Werte,2745,2000.0,1010.0,2253.0,250.0,20.0,100.0,80.0,2750.0,4744.0,3969.0,6000.0,3580.0,4008.0,1433.0,6852.0,3336.0,964.0,552.0,5235.0,1318.0,3273.0,4172.0,6742.0,8324.0,4073.0,1628.0,2317.0,5531.0,104.0,4117.0
- Wallis,Oeffentliche Auftraggeber,Wohnen,Folgejahr (Arbeitsvorrat) - Veränderungsraten,*,-27.14,-49.5,123.07,-88.9,-92.0,400.0,-20.0,3337.5,72.51,-16.34,51.17,-40.33,11.96,-64.25,378.16,-51.31,-71.1,-42.74,848.37,-74.82,148.33,27.47,61.6,23.46,-51.07,-60.03,42.32,138.71,-98.12,3858.65
- Wallis,Oeffentliche Auftraggeber,Land- und Forstwirtschaft,Laufendes Jahr - Absolute Werte,23508,23482.0,23255.0,30144.0,20563.0,28468.0,45131.0,25503.0,26094.0,21792.0,14406.0,23901.0,26719.0,22571.0,20568.0,23594.0,19188.0,27469.0,27937.0,17494.0,17118.0,19723.0,12573.0,12313.0,15249.0,12756.0,5325.0,6059.0,1666.0,1813.0,2976.0
- Wallis,Oeffentliche Auftraggeber,Land- und Forstwirtschaft,Laufendes Jahr - Veränderungsraten,*,-0.11,-0.97,29.62,-31.78,38.44,58.53,-43.49,2.32,-16.49,-33.89,65.91,11.79,-15.52,-8.87,14.71,-18.67,43.16,1.7,-37.38,-2.15,15.22,-36.25,-2.07,23.84,-16.35,-58.25,13.78,-72.5,8.82,64.15
- Wallis,Oeffentliche Auftraggeber,Land- und Forstwirtschaft,Folgejahr (Arbeitsvorrat) - Absolute Werte,17584,19878.0,23659.0,22860.0,24095.0,25591.0,29892.0,23553.0,13207.0,12254.0,12331.0,20682.0,18747.0,12857.0,12851.0,12342.0,12305.0,28036.0,17679.0,23299.0,24512.0,16847.0,14290.0,8868.0,19818.0,5103.0,4837.0,2118.0,1482.0,2146.0,2564.0
- Wallis,Oeffentliche Auftraggeber,Land- und Forstwirtschaft,Folgejahr (Arbeitsvorrat) - Veränderungsraten,*,13.05,19.02,-3.38,5.4,6.21,16.81,-21.21,-43.93,-7.22,0.63,67.72,-9.36,-31.42,-0.05,-3.96,-0.3,127.84,-36.94,31.79,5.21,-31.27,-15.18,-37.94,123.48,-74.25,-5.21,-56.21,-30.03,44.8,19.48
- Wallis,Oeffentliche Auftraggeber,"Industrie, Gewerbe und Dienstleistungen",Laufendes Jahr - Absolute Werte,43931,68489.0,46451.0,35739.0,28526.0,21240.0,15252.0,24736.0,16025.0,14180.0,15181.0,21539.0,6547.0,18523.0,9718.0,8179.0,28567.0,31131.0,27367.0,15029.0,16755.0,33052.0,23729.0,11611.0,10987.0,53364.0,47729.0,55028.0,45376.0,71402.0,72111.0
- Wallis,Oeffentliche Auftraggeber,"Industrie, Gewerbe und Dienstleistungen",Laufendes Jahr - Veränderungsraten,*,55.9,-32.18,-23.06,-20.18,-25.54,-28.19,62.18,-35.22,-11.51,7.06,41.88,-69.6,182.92,-47.54,-15.84,249.27,8.98,-12.09,-45.08,11.48,97.27,-28.21,-51.07,-5.37,385.7,-10.56,15.29,-17.54,57.36,0.99
- Wallis,Oeffentliche Auftraggeber,"Industrie, Gewerbe und Dienstleistungen",Folgejahr (Arbeitsvorrat) - Absolute Werte,56954,49995.0,27765.0,7527.0,11084.0,13820.0,6417.0,9033.0,6602.0,7902.0,1782.0,6353.0,7800.0,4430.0,3504.0,5528.0,21002.0,12255.0,18354.0,11177.0,26437.0,19001.0,9797.0,9485.0,46720.0,50413.0,54202.0,47315.0,35312.0,82888.0,64909.0
- Wallis,Oeffentliche Auftraggeber,"Industrie, Gewerbe und Dienstleistungen",Folgejahr (Arbeitsvorrat) - Veränderungsraten,*,-12.22,-44.46,-72.89,47.26,24.68,-53.57,40.77,-26.91,19.69,-77.45,256.51,22.78,-43.21,-20.9,57.76,279.92,-41.65,49.77,-39.1,136.53,-28.13,-48.44,-3.18,392.57,7.9,7.52,-12.71,-25.37,134.73,-21.69
- Wallis,Private Auftraggeber,Kategorie der Bauwerke - Total,Laufendes Jahr - Absolute Werte,1260061,1339148.0,1387241.0,1240678.0,1265668.0,848497.0,876705.0,954175.0,1145490.0,1264797.0,1295710.0,1412854.0,1508190.0,1663739.0,1704117.0,1704746.0,1699957.0,1772093.0,1690956.0,1804241.0,1916008.0,2171725.0,2048366.0,2036722.0,1998518.0,1984176.0,1919195.0,1947141.0,2148972.0,2080967.0,1920671.0
- Wallis,Private Auftraggeber,Kategorie der Bauwerke - Total,Laufendes Jahr - Veränderungsraten,*,6.28,3.59,-10.57,2.01,-32.96,3.32,8.84,20.05,10.42,2.44,9.04,6.75,10.31,2.43,0.04,-0.28,4.24,-4.58,6.7,6.19,13.35,-5.68,-0.57,-1.88,-0.72,-3.27,1.46,10.37,-3.16,-7.7
- Wallis,Private Auftraggeber,Kategorie der Bauwerke - Total,Folgejahr (Arbeitsvorrat) - Absolute Werte,727239,815975.0,877065.0,754788.0,402597.0,330744.0,320433.0,307343.0,632449.0,544571.0,596782.0,762861.0,838386.0,821269.0,756523.0,850710.0,896000.0,770493.0,770128.0,1095383.0,1405653.0,1387878.0,1258826.0,1383938.0,1335666.0,1199839.0,1291441.0,1393965.0,1441028.0,1322401.0,1284941.0
- Wallis,Private Auftraggeber,Kategorie der Bauwerke - Total,Folgejahr (Arbeitsvorrat) - Veränderungsraten,*,12.2,7.49,-13.94,-46.66,-17.85,-3.12,-4.09,105.78,-13.89,9.59,27.83,9.9,-2.04,-7.88,12.45,5.32,-14.01,-0.05,42.23,28.33,-1.26,-9.3,9.94,-3.49,-10.17,7.63,7.94,3.38,-8.23,-2.83
- Wallis,Private Auftraggeber,Infrastruktur Versorgung,Laufendes Jahr - Absolute Werte,247305,302135.0,431344.0,386833.0,385282.0,63614.0,42902.0,59513.0,40224.0,246158.0,60997.0,56471.0,68823.0,165461.0,171578.0,116793.0,52149.0,82529.0,78386.0,109486.0,100533.0,134397.0,210264.0,206882.0,212253.0,212872.0,136768.0,162171.0,183843.0,143789.0,135707.0
- Wallis,Private Auftraggeber,Infrastruktur Versorgung,Laufendes Jahr - Veränderungsraten,*,22.17,42.77,-10.32,-0.4,-83.49,-32.56,38.72,-32.41,511.97,-75.22,-7.42,21.87,140.42,3.7,-31.93,-55.35,58.26,-5.02,39.68,-8.18,33.68,56.45,-1.61,2.6,0.29,-35.75,18.57,13.36,-21.79,-5.62
- Wallis,Private Auftraggeber,Infrastruktur Versorgung,Folgejahr (Arbeitsvorrat) - Absolute Werte,296680,418140.0,439398.0,384524.0,69580.0,24621.0,27940.0,20061.0,22269.0,67869.0,51815.0,68197.0,93366.0,125677.0,156863.0,44703.0,89574.0,67900.0,76281.0,81603.0,147471.0,175967.0,161630.0,229894.0,230530.0,76588.0,138887.0,128022.0,102156.0,90772.0,111466.0
- Wallis,Private Auftraggeber,Infrastruktur Versorgung,Folgejahr (Arbeitsvorrat) - Veränderungsraten,*,40.94,5.08,-12.49,-81.9,-64.61,13.48,-28.2,11.01,204.77,-23.65,31.62,36.91,34.61,24.81,-71.5,100.38,-24.2,12.34,6.98,80.72,19.32,-8.15,42.23,0.28,-66.78,81.34,-7.82,-20.2,-11.14,22.8
- Wallis,Private Auftraggeber,Infrastruktur Entsorgung,Laufendes Jahr - Absolute Werte,2564,2048.0,2550.0,5475.0,1270.0,3140.0,17555.0,524.0,1200.0,407.0,2690.0,2400.0,1080.0,1550.0,3250.0,300.0,8643.0,0.0,10.0,7.0,280.0,335.0,0.0,400.0,80.0,113.0,192.0,905.0,3633.0,4031.0,11324.0
- Wallis,Private Auftraggeber,Infrastruktur Entsorgung,Laufendes Jahr - Veränderungsraten,*,-20.12,24.51,114.71,-76.8,147.24,459.08,-97.02,129.01,-66.08,560.93,-10.78,-55.0,43.52,109.68,-90.77,2781.0,-100.0,0.0,-30.0,3900.0,19.64,0.0,0.0,-80.0,41.25,69.91,371.35,301.44,10.96,180.92
- Wallis,Private Auftraggeber,Infrastruktur Entsorgung,Folgejahr (Arbeitsvorrat) - Absolute Werte,590,1744.0,2150.0,1250.0,0.0,12110.0,250.0,1000.0,144.0,1850.0,2400.0,50.0,2000.0,1000.0,500.0,200.0,1393.0,0.0,0.0,0.0,0.0,0.0,0.0,0.0,0.0,12.0,0.0,1712.0,1929.0,2770.0,768.0
- Wallis,Private Auftraggeber,Infrastruktur Entsorgung,Folgejahr (Arbeitsvorrat) - Veränderungsraten,*,195.59,23.28,-41.86,-100.0,0.0,-97.94,300.0,-85.6,1184.72,29.73,-97.92,3900.0,-50.0,-50.0,-60.0,596.5,-100.0,0.0,0.0,0.0,0.0,0.0,0.0,0.0,0.0,-100.0,0.0,12.68,43.6,-72.27
- Wallis,Private Auftraggeber,Infrastruktur Strassenverkehr,Laufendes Jahr - Absolute Werte,7820,5700.0,7945.0,7379.0,10059.0,1661.0,2834.0,4528.0,4717.0,715.0,4636.0,15166.0,11918.0,1323.0,4211.0,22699.0,3172.0,4309.0,1192.0,5942.0,6879.0,17846.0,10387.0,5553.0,11059.0,13641.0,9330.0,6774.0,2879.0,3337.0,3688.0
- Wallis,Private Auftraggeber,Infrastruktur Strassenverkehr,Laufendes Jahr - Veränderungsraten,*,-27.11,39.39,-7.12,36.32,-83.49,70.62,59.77,4.17,-84.84,548.39,227.14,-21.42,-88.9,218.29,439.04,-86.03,35.84,-72.34,398.49,15.77,159.43,-41.8,-46.54,99.15,23.35,-31.6,-27.4,-57.5,15.91,10.52
- Wallis,Private Auftraggeber,Infrastruktur Strassenverkehr,Folgejahr (Arbeitsvorrat) - Absolute Werte,1761,2262.0,2457.0,6378.0,328.0,370.0,1060.0,135.0,100.0,10.0,1320.0,10527.0,850.0,3400.0,552.0,162.0,3165.0,1031.0,260.0,5379.0,6377.0,5862.0,2050.0,1661.0,11942.0,6255.0,4667.0,1575.0,1213.0,5636.0,5105.0
- Wallis,Private Auftraggeber,Infrastruktur Strassenverkehr,Folgejahr (Arbeitsvorrat) - Veränderungsraten,*,28.45,8.62,159.58,-94.86,12.8,186.49,-87.26,-25.93,-90.0,13100.0,697.5,-91.93,300.0,-83.76,-70.65,1853.7,-67.42,-74.78,1968.85,18.55,-8.08,-65.03,-18.98,618.96,-47.62,-25.39,-66.25,-22.98,364.63,-9.42
- Wallis,Private Auftraggeber,Infrastruktur übriger Verkehr und Kommunikation,Laufendes Jahr - Absolute Werte,48631,22833.0,32583.0,24117.0,34921.0,17107.0,22843.0,27390.0,19103.0,12710.0,28485.0,37435.0,63035.0,63213.0,17734.0,19062.0,48202.0,22401.0,28085.0,38910.0,40763.0,74721.0,76518.0,68130.0,54345.0,33959.0,58427.0,51038.0,93978.0,95675.0,82258.0
- Wallis,Private Auftraggeber,Infrastruktur übriger Verkehr und Kommunikation,Laufendes Jahr - Veränderungsraten,*,-53.05,42.7,-25.98,44.8,-51.01,33.53,19.91,-30.26,-33.47,124.11,31.42,68.39,0.28,-71.95,7.49,152.87,-53.53,25.37,38.54,4.76,83.31,2.4,-10.96,-20.23,-37.51,72.05,-12.65,84.13,1.81,-14.02
- Wallis,Private Auftraggeber,Infrastruktur übriger Verkehr und Kommunikation,Folgejahr (Arbeitsvorrat) - Absolute Werte,5577,26426.0,9060.0,4912.0,6444.0,3415.0,15248.0,3856.0,11998.0,29069.0,59620.0,60651.0,40986.0,17579.0,22148.0,31103.0,19764.0,13751.0,16086.0,26749.0,37381.0,38717.0,70270.0,60582.0,35722.0,49493.0,60531.0,64401.0,114917.0,92226.0,89488.0
- Wallis,Private Auftraggeber,Infrastruktur übriger Verkehr und Kommunikation,Folgejahr (Arbeitsvorrat) - Veränderungsraten,*,373.84,-65.72,-45.78,31.19,-47.0,346.5,-74.71,211.15,142.28,105.1,1.73,-32.42,-57.11,25.99,40.43,-36.46,-30.42,16.98,66.29,39.75,3.57,81.5,-13.79,-41.04,38.55,22.3,6.39,78.44,-19.75,-2.97
- Wallis,Private Auftraggeber,"Bildung, Forschung",Laufendes Jahr - Absolute Werte,2520,4385.0,680.0,431.0,4655.0,8500.0,4375.0,2290.0,50.0,1170.0,3380.0,50.0,0.0,0.0,900.0,100.0,201.0,0.0,0.0,601.0,4545.0,4347.0,0.0,2291.0,1430.0,1368.0,7115.0,13405.0,5096.0,3340.0,3796.0
- Wallis,Private Auftraggeber,"Bildung, Forschung",Laufendes Jahr - Veränderungsraten,*,74.01,-84.49,-36.62,980.05,82.6,-48.53,-47.66,-97.82,2240.0,188.89,-98.52,0.0,0.0,0.0,-88.89,101.0,-100.0,0.0,0.0,656.24,-4.36,-100.0,0.0,-37.58,-4.34,420.1,88.4,-61.98,-34.46,13.65
- Wallis,Private Auftraggeber,"Bildung, Forschung",Folgejahr (Arbeitsvorrat) - Absolute Werte,1000,3200.0,20.0,0.0,6500.0,0.0,2270.0,0.0,0.0,3380.0,0.0,0.0,0.0,0.0,60.0,0.0,0.0,0.0,0.0,1508.0,4217.0,0.0,0.0,1418.0,18.0,0.0,12500.0,5041.0,0.0,3408.0,1896.0
- Wallis,Private Auftraggeber,"Bildung, Forschung",Folgejahr (Arbeitsvorrat) - Veränderungsraten,*,220.0,-99.38,-100.0,0.0,-100.0,0.0,-100.0,0.0,0.0,-100.0,0.0,0.0,0.0,0.0,-100.0,0.0,0.0,0.0,0.0,179.64,-100.0,0.0,0.0,-98.73,-100.0,0.0,-59.67,-100.0,0.0,-44.37
- Wallis,Private Auftraggeber,Gesundheit,Laufendes Jahr - Absolute Werte,5110,1600.0,17807.0,56250.0,62121.0,6470.0,1029.0,550.0,5383.0,9860.0,7827.0,9256.0,8305.0,13528.0,12006.0,17970.0,25888.0,21313.0,27562.0,34102.0,50994.0,25003.0,28833.0,20178.0,18328.0,40533.0,51835.0,35974.0,13669.0,22080.0,23567.0
- Wallis,Private Auftraggeber,Gesundheit,Laufendes Jahr - Veränderungsraten,*,-68.69,1012.94,215.89,10.44,-89.58,-84.1,-46.55,878.73,83.17,-20.62,18.26,-10.27,62.89,-11.25,49.68,44.06,-17.67,29.32,23.73,49.53,-50.97,15.32,-30.02,-9.17,121.15,27.88,-30.6,-62.0,61.53,6.73
- Wallis,Private Auftraggeber,Gesundheit,Folgejahr (Arbeitsvorrat) - Absolute Werte,1375,375.0,68050.0,60220.0,20400.0,0.0,730.0,190.0,320.0,1610.0,6513.0,5800.0,17193.0,4363.0,12124.0,14059.0,7392.0,10081.0,25775.0,22934.0,32663.0,23644.0,17710.0,3887.0,2898.0,4255.0,35470.0,11136.0,2139.0,15149.0,25533.0
- Wallis,Private Auftraggeber,Gesundheit,Folgejahr (Arbeitsvorrat) - Veränderungsraten,*,-72.73,18046.67,-11.51,-66.12,-100.0,0.0,-73.97,68.42,403.13,304.53,-10.95,196.43,-74.62,177.88,15.96,-47.42,36.38,155.68,-11.02,42.42,-27.61,-25.1,-78.05,-25.44,46.83,733.61,-68.6,-80.79,608.23,68.55
- Wallis,Private Auftraggeber,Freizeit und Kultur,Laufendes Jahr - Absolute Werte,17763,34030.0,36474.0,12843.0,23673.0,12987.0,16889.0,34321.0,39564.0,36724.0,34415.0,26132.0,39808.0,50262.0,95549.0,35074.0,17556.0,22972.0,31862.0,28819.0,38385.0,16932.0,11571.0,16542.0,17369.0,20570.0,33742.0,20911.0,24481.0,16535.0,13438.0
- Wallis,Private Auftraggeber,Freizeit und Kultur,Laufendes Jahr - Veränderungsraten,*,91.58,7.18,-64.79,84.33,-45.14,30.05,103.22,15.28,-7.18,-6.29,-24.07,52.33,26.26,90.1,-63.29,-49.95,30.85,38.7,-9.55,33.19,-55.89,-31.66,42.96,5.0,18.43,64.04,-38.03,17.07,-32.46,-18.73
- Wallis,Private Auftraggeber,Freizeit und Kultur,Folgejahr (Arbeitsvorrat) - Absolute Werte,13775,12075.0,7200.0,6064.0,7460.0,4985.0,9578.0,6004.0,42010.0,15365.0,32645.0,26755.0,31167.0,29742.0,6465.0,21058.0,15456.0,12883.0,14103.0,30369.0,12507.0,3102.0,8325.0,12450.0,8405.0,18387.0,19369.0,13410.0,8879.0,15770.0,7747.0
- Wallis,Private Auftraggeber,Freizeit und Kultur,Folgejahr (Arbeitsvorrat) - Veränderungsraten,*,-12.34,-40.37,-15.78,23.02,-33.18,92.14,-37.31,599.7,-63.43,112.46,-18.04,16.49,-4.57,-78.26,225.72,-26.6,-16.65,9.47,115.34,-58.82,-75.2,168.38,49.55,-32.49,118.76,5.34,-30.77,-33.79,77.61,-50.88
- Wallis,Private Auftraggeber,Uebrige Infrastruktur,Laufendes Jahr - Absolute Werte,2696,1965.0,8459.0,1200.0,2266.0,2400.0,474.0,1702.0,417.0,88.0,4212.0,60.0,172.0,1170.0,1467.0,3130.0,4086.0,6417.0,2166.0,577.0,2152.0,4607.0,3690.0,3136.0,4105.0,3309.0,3962.0,8415.0,13764.0,6672.0,5428.0
- Wallis,Private Auftraggeber,Uebrige Infrastruktur,Laufendes Jahr - Veränderungsraten,*,-27.11,330.48,-85.81,88.83,5.91,-80.25,259.07,-75.5,-78.9,4686.36,-98.58,186.67,580.23,25.38,113.36,30.54,57.05,-66.25,-73.36,272.96,114.08,-19.9,-15.01,30.9,-19.39,19.73,112.39,63.57,-51.53,-18.65
- Wallis,Private Auftraggeber,Uebrige Infrastruktur,Folgejahr (Arbeitsvorrat) - Absolute Werte,439,319.0,683.0,1382.0,1569.0,905.0,854.0,222.0,540.0,130.0,20.0,100.0,50.0,1532.0,570.0,1994.0,3585.0,1174.0,736.0,832.0,199.0,1104.0,1498.0,666.0,4173.0,380.0,4185.0,7123.0,4231.0,4270.0,3625.0
- Wallis,Private Auftraggeber,Uebrige Infrastruktur,Folgejahr (Arbeitsvorrat) - Veränderungsraten,*,-27.33,114.11,102.34,13.53,-42.32,-5.64,-74.0,143.24,-75.93,-84.62,400.0,-50.0,2964.0,-62.79,249.82,79.79,-67.25,-37.31,13.04,-76.08,454.77,35.69,-55.54,526.58,-90.89,1001.32,70.2,-40.6,0.92,-15.11
- Wallis,Private Auftraggeber,Wohnen,Laufendes Jahr - Absolute Werte,674151,738262.0,642860.0,591600.0,565483.0,580385.0,606755.0,669286.0,674497.0,797135.0,943971.0,1089267.0,1167026.0,1115294.0,1142641.0,1292118.0,1406016.0,1387902.0,1308689.0,1366934.0,1482300.0,1635745.0,1510371.0,1510139.0,1412633.0,1321919.0,1347771.0,1384869.0,1429109.0,1394636.0,1302780.0
- Wallis,Private Auftraggeber,Wohnen,Laufendes Jahr - Veränderungsraten,*,9.51,-12.92,-7.97,-4.41,2.64,4.54,10.31,0.78,18.18,18.42,15.39,7.14,-4.43,2.45,13.08,8.81,-1.29,-5.71,4.45,8.44,10.35,-7.66,-0.02,-6.46,-6.42,1.96,2.75,3.19,-2.41,-6.59
- Wallis,Private Auftraggeber,Wohnen,Folgejahr (Arbeitsvorrat) - Absolute Werte,326775,238547.0,265543.0,204891.0,196256.0,207265.0,194390.0,214397.0,282186.0,350794.0,399536.0,500395.0,554551.0,478751.0,455964.0,623672.0,661421.0,562244.0,566631.0,815483.0,1009629.0,1004106.0,880747.0,945660.0,854894.0,846811.0,889093.0,908327.0,903437.0,851393.0,798688.0
- Wallis,Private Auftraggeber,Wohnen,Folgejahr (Arbeitsvorrat) - Veränderungsraten,*,-27.0,11.32,-22.84,-4.21,5.61,-6.21,10.29,31.62,24.31,13.89,25.24,10.82,-13.67,-4.76,36.78,6.05,-14.99,0.78,43.92,23.81,-0.55,-12.29,7.37,-9.6,-0.95,4.99,2.16,-0.54,-5.76,-6.19
- Wallis,Private Auftraggeber,Land- und Forstwirtschaft,Laufendes Jahr - Absolute Werte,26453,21932.0,27034.0,24784.0,33637.0,33044.0,31902.0,31537.0,34846.0,21565.0,22026.0,22508.0,18177.0,17408.0,17882.0,12496.0,10767.0,16823.0,13726.0,17979.0,16337.0,25067.0,14965.0,29955.0,21117.0,28630.0,21435.0,30046.0,24452.0,19168.0,28354.0
- Wallis,Private Auftraggeber,Land- und Forstwirtschaft,Laufendes Jahr - Veränderungsraten,*,-17.09,23.26,-8.32,35.72,-1.76,-3.46,-1.14,10.49,-38.11,2.14,2.19,-19.24,-4.23,2.72,-30.12,-13.84,56.25,-18.41,30.98,-9.13,53.44,-40.3,100.17,-29.5,35.58,-25.13,40.17,-18.62,-21.61,47.92
- Wallis,Private Auftraggeber,Land- und Forstwirtschaft,Folgejahr (Arbeitsvorrat) - Absolute Werte,7889,8944.0,10509.0,8784.0,12106.0,14765.0,11447.0,10004.0,6276.0,6403.0,6406.0,4003.0,5193.0,3701.0,2688.0,4191.0,10183.0,8157.0,5509.0,14107.0,19102.0,11427.0,18150.0,15131.0,13367.0,10143.0,16291.0,15499.0,12929.0,20531.0,16481.0
- Wallis,Private Auftraggeber,Land- und Forstwirtschaft,Folgejahr (Arbeitsvorrat) - Veränderungsraten,*,13.37,17.5,-16.41,37.82,21.96,-22.47,-12.61,-37.27,2.02,0.05,-37.51,29.73,-28.73,-27.37,55.92,142.97,-19.9,-32.46,156.07,35.41,-40.18,58.83,-16.63,-11.66,-24.12,60.61,-4.86,-16.58,58.8,-19.73
- Wallis,Private Auftraggeber,"Industrie, Gewerbe und Dienstleistungen",Laufendes Jahr - Absolute Werte,225048,204258.0,179505.0,129766.0,142301.0,119189.0,129147.0,122534.0,325489.0,138265.0,183071.0,154109.0,129846.0,234530.0,236899.0,185004.0,123277.0,207427.0,199278.0,200884.0,172840.0,232725.0,181767.0,173516.0,245799.0,307262.0,248618.0,232633.0,354068.0,371704.0,310331.0
- Wallis,Private Auftraggeber,"Industrie, Gewerbe und Dienstleistungen",Laufendes Jahr - Veränderungsraten,*,-9.24,-12.12,-27.71,9.66,-16.24,8.35,-5.12,165.63,-57.52,32.41,-15.82,-15.74,80.62,1.01,-21.91,-33.37,68.26,-3.93,0.81,-13.96,34.65,-21.9,-4.54,41.66,25.01,-19.09,-6.43,52.2,4.98,-16.51
- Wallis,Private Auftraggeber,"Industrie, Gewerbe und Dienstleistungen",Folgejahr (Arbeitsvorrat) - Absolute Werte,71378,103943.0,71995.0,76383.0,81954.0,62308.0,56666.0,51474.0,266606.0,68091.0,36507.0,86383.0,93030.0,155524.0,98589.0,109568.0,84067.0,93272.0,64747.0,96419.0,136107.0,123949.0,98446.0,112589.0,173717.0,187515.0,110448.0,237719.0,289198.0,220476.0,224144.0
- Wallis,Private Auftraggeber,"Industrie, Gewerbe und Dienstleistungen",Folgejahr (Arbeitsvorrat) - Veränderungsraten,*,45.62,-30.74,6.09,7.29,-23.97,-9.06,-9.16,417.94,-74.46,-46.38,136.62,7.69,67.18,-36.61,11.14,-23.27,10.95,-30.58,48.92,41.16,-8.93,-20.58,14.37,54.29,7.94,-41.1,115.23,21.66,-23.76,1.66
......6154 Port-Valais,Art der Auftraggeber - Total,Kategorie der Bauwerke - Total,Laufendes Jahr - Absolute Werte,460,3101.0,862.0,5378.0,4750.0,1750.0,8050.0,1679.0,4529.0,8240.0,5888.0,15135.0,14459.0,8712.0,10398.0,7661.0,15041.0,10310.0,11179.0,9640.0,21539.0,30590.0,12698.0,20153.0,20772.0,23844.0,14636.0,10500.0,11043.0,9889.0,5999.0
......6154 Port-Valais,Art der Auftraggeber - Total,Kategorie der Bauwerke - Total,Laufendes Jahr - Veränderungsraten,*,574.13,-72.2,523.9,-11.68,-63.16,360.0,-79.14,169.74,81.94,-28.54,157.05,-4.47,-39.75,19.35,-26.32,96.33,-31.45,8.43,-13.77,123.43,42.02,-58.49,58.71,3.07,14.79,-38.62,-28.26,5.17,-10.45,-39.34
......6154 Port-Valais,Art der Auftraggeber - Total,Kategorie der Bauwerke - Total,Folgejahr (Arbeitsvorrat) - Absolute Werte,275,230.0,363.0,550.0,1600.0,400.0,2040.0,800.0,0.0,0.0,5920.0,3180.0,2242.0,5711.0,5049.0,3365.0,5809.0,3421.0,3689.0,7020.0,29282.0,10138.0,11360.0,7670.0,21939.0,9745.0,6119.0,8793.0,9505.0,6441.0,3162.0
......6154 Port-Valais,Art der Auftraggeber - Total,Kategorie der Bauwerke - Total,Folgejahr (Arbeitsvorrat) - Veränderungsraten,*,-16.36,57.83,51.52,190.91,-75.0,410.0,-60.78,-100.0,0.0,0.0,-46.28,-29.5,154.73,-11.59,-33.35,72.63,-41.11,7.83,90.3,317.12,-65.38,12.05,-32.48,186.04,-55.58,-37.21,43.7,8.1,-32.24,-50.91
......6154 Port-Valais,Art der Auftraggeber - Total,Infrastruktur Versorgung,Laufendes Jahr - Absolute Werte,0,0.0,0.0,0.0,500.0,0.0,0.0,0.0,0.0,0.0,0.0,0.0,0.0,0.0,0.0,0.0,0.0,0.0,0.0,0.0,0.0,0.0,0.0,0.0,0.0,0.0,0.0,0.0,0.0,0.0,0.0
......6154 Port-Valais,Art der Auftraggeber - Total,Infrastruktur Versorgung,Laufendes Jahr - Veränderungsraten,*,0.0,0.0,0.0,0.0,-100.0,0.0,0.0,0.0,0.0,0.0,0.0,0.0,0.0,0.0,0.0,0.0,0.0,0.0,0.0,0.0,0.0,0.0,0.0,0.0,0.0,0.0,0.0,0.0,0.0,0.0
......6154 Port-Valais,Art der Auftraggeber - Total,Infrastruktur Versorgung,Folgejahr (Arbeitsvorrat) - Absolute Werte,0,0.0,0.0,0.0,0.0,0.0,0.0,0.0,0.0,0.0,0.0,0.0,0.0,0.0,0.0,0.0,0.0,0.0,0.0,0.0,0.0,0.0,0.0,0.0,0.0,0.0,0.0,0.0,0.0,0.0,0.0
......6154 Port-Valais,Art der Auftraggeber - Total,Infrastruktur Versorgung,Folgejahr (Arbeitsvorrat) - Veränderungsraten,*,0.0,0.0,0.0,0.0,0.0,0.0,0.0,0.0,0.0,0.0,0.0,0.0,0.0,0.0,0.0,0.0,0.0,0.0,0.0,0.0,0.0,0.0,0.0,0.0,0.0,0.0,0.0,0.0,0.0,0.0
......6154 Port-Valais,Art der Auftraggeber - Total,Infrastruktur Entsorgung,Laufendes Jahr - Absolute Werte,0,0.0,50.0,32.0,1000.0,1000.0,400.0,0.0,0.0,0.0,0.0,0.0,2000.0,1400.0,0.0,0.0,0.0,0.0,0.0,0.0,0.0,0.0,0.0,0.0,0.0,0.0,0.0,0.0,0.0,0.0,0.0
......6154 Port-Valais,Art der Auftraggeber - Total,Infrastruktur Entsorgung,Laufendes Jahr - Veränderungsraten,*,0.0,0.0,-36.0,3025.0,0.0,-60.0,0.0,0.0,0.0,0.0,0.0,0.0,-30.0,0.0,0.0,0.0,0.0,0.0,0.0,0.0,0.0,0.0,0.0,0.0,0.0,0.0,0.0,0.0,0.0,0.0
......6154 Port-Valais,Art der Auftraggeber - Total,Infrastruktur Entsorgung,Folgejahr (Arbeitsvorrat) - Absolute Werte,0,50.0,0.0,400.0,1000.0,400.0,0.0,0.0,0.0,0.0,0.0,0.0,1400.0,0.0,0.0,0.0,0.0,0.0,0.0,0.0,0.0,0.0,0.0,0.0,0.0,0.0,0.0,0.0,0.0,0.0,0.0
......6154 Port-Valais,Art der Auftraggeber - Total,Infrastruktur Entsorgung,Folgejahr (Arbeitsvorrat) - Veränderungsraten,*,0.0,-100.0,0.0,150.0,-60.0,-100.0,0.0,0.0,0.0,0.0,0.0,0.0,-100.0,0.0,0.0,0.0,0.0,0.0,0.0,0.0,0.0,0.0,0.0,0.0,0.0,0.0,0.0,0.0,0.0,0.0
......6154 Port-Valais,Art der Auftraggeber - Total,Infrastruktur Strassenverkehr,Laufendes Jahr - Absolute Werte,0,0.0,0.0,350.0,250.0,0.0,0.0,0.0,0.0,0.0,0.0,0.0,0.0,0.0,0.0,0.0,0.0,148.0,125.0,0.0,0.0,0.0,0.0,0.0,0.0,0.0,0.0,0.0,0.0,0.0,0.0
......6154 Port-Valais,Art der Auftraggeber - Total,Infrastruktur Strassenverkehr,Laufendes Jahr - Veränderungsraten,*,0.0,0.0,0.0,-28.57,0.0,0.0,0.0,0.0,0.0,0.0,0.0,0.0,0.0,0.0,0.0,0.0,0.0,-15.54,0.0,0.0,0.0,0.0,0.0,0.0,0.0,0.0,0.0,0.0,0.0,0.0
......6154 Port-Valais,Art der Auftraggeber - Total,Infrastruktur Strassenverkehr,Folgejahr (Arbeitsvorrat) - Absolute Werte,0,0.0,0.0,0.0,0.0,0.0,0.0,0.0,0.0,0.0,0.0,0.0,0.0,0.0,0.0,0.0,0.0,2.0,0.0,0.0,0.0,0.0,0.0,0.0,0.0,0.0,0.0,0.0,0.0,0.0,0.0
......6154 Port-Valais,Art der Auftraggeber - Total,Infrastruktur Strassenverkehr,Folgejahr (Arbeitsvorrat) - Veränderungsraten,*,0.0,0.0,0.0,0.0,0.0,0.0,0.0,0.0,0.0,0.0,0.0,0.0,0.0,0.0,0.0,0.0,0.0,-100.0,0.0,0.0,0.0,0.0,0.0,0.0,0.0,0.0,0.0,0.0,0.0,0.0
......6154 Port-Valais,Art der Auftraggeber - Total,Infrastruktur übriger Verkehr und Kommunikation,Laufendes Jahr - Absolute Werte,0,0.0,0.0,0.0,0.0,0.0,0.0,0.0,0.0,0.0,0.0,0.0,0.0,0.0,0.0,0.0,0.0,0.0,0.0,0.0,200.0,0.0,0.0,0.0,0.0,0.0,478.0,0.0,0.0,31.0,335.0
......6154 Port-Valais,Art der Auftraggeber - Total,Infrastruktur übriger Verkehr und Kommunikation,Laufendes Jahr - Veränderungsraten,*,0.0,0.0,0.0,0.0,0.0,0.0,0.0,0.0,0.0,0.0,0.0,0.0,0.0,0.0,0.0,0.0,0.0,0.0,0.0,0.0,0.0,0.0,0.0,0.0,0.0,0.0,0.0,0.0,0.0,980.65
......6154 Port-Valais,Art der Auftraggeber - Total,Infrastruktur übriger Verkehr und Kommunikation,Folgejahr (Arbeitsvorrat) - Absolute Werte,0,0.0,0.0,0.0,0.0,0.0,0.0,0.0,0.0,0.0,0.0,0.0,0.0,0.0,0.0,0.0,0.0,0.0,0.0,0.0,0.0,0.0,0.0,0.0,0.0,450.0,0.0,0.0,10.0,434.0,188.0
......6154 Port-Valais,Art der Auftraggeber - Total,Infrastruktur übriger Verkehr und Kommunikation,Folgejahr (Arbeitsvorrat) - Veränderungsraten,*,0.0,0.0,0.0,0.0,0.0,0.0,0.0,0.0,0.0,0.0,0.0,0.0,0.0,0.0,0.0,0.0,0.0,0.0,0.0,0.0,0.0,0.0,0.0,0.0,0.0,-100.0,0.0,0.0,4240.0,-56.68
......6154 Port-Valais,Art der Auftraggeber - Total,"Bildung, Forschung",Laufendes Jahr - Absolute Werte,0,0.0,0.0,0.0,0.0,0.0,2000.0,1500.0,500.0,0.0,0.0,0.0,0.0,0.0,0.0,0.0,0.0,0.0,0.0,0.0,0.0,0.0,0.0,0.0,0.0,0.0,0.0,0.0,0.0,0.0,0.0
......6154 Port-Valais,Art der Auftraggeber - Total,"Bildung, Forschung",Laufendes Jahr - Veränderungsraten,*,0.0,0.0,0.0,0.0,0.0,0.0,-25.0,-66.67,0.0,0.0,0.0,0.0,0.0,0.0,0.0,0.0,0.0,0.0,0.0,0.0,0.0,0.0,0.0,0.0,0.0,0.0,0.0,0.0,0.0,0.0
......6154 Port-Valais,Art der Auftraggeber - Total,"Bildung, Forschung",Folgejahr (Arbeitsvorrat) - Absolute Werte,0,0.0,0.0,0.0,0.0,0.0,2000.0,500.0,0.0,0.0,0.0,0.0,0.0,0.0,0.0,0.0,0.0,0.0,0.0,0.0,0.0,0.0,0.0,0.0,0.0,0.0,0.0,0.0,0.0,0.0,0.0
......6154 Port-Valais,Art der Auftraggeber - Total,"Bildung, Forschung",Folgejahr (Arbeitsvorrat) - Veränderungsraten,*,0.0,0.0,0.0,0.0,0.0,0.0,-75.0,-100.0,0.0,0.0,0.0,0.0,0.0,0.0,0.0,0.0,0.0,0.0,0.0,0.0,0.0,0.0,0.0,0.0,0.0,0.0,0.0,0.0,0.0,0.0
......6154 Port-Valais,Art der Auftraggeber - Total,Gesundheit,Laufendes Jahr - Absolute Werte,0,0.0,0.0,0.0,0.0,0.0,0.0,0.0,0.0,0.0,0.0,0.0,0.0,0.0,0.0,0.0,0.0,0.0,0.0,0.0,0.0,0.0,0.0,0.0,0.0,0.0,0.0,0.0,0.0,874.0,1569.0
......6154 Port-Valais,Art der Auftraggeber - Total,Gesundheit,Laufendes Jahr - Veränderungsraten,*,0.0,0.0,0.0,0.0,0.0,0.0,0.0,0.0,0.0,0.0,0.0,0.0,0.0,0.0,0.0,0.0,0.0,0.0,0.0,0.0,0.0,0.0,0.0,0.0,0.0,0.0,0.0,0.0,0.0,79.52
......6154 Port-Valais,Art der Auftraggeber - Total,Gesundheit,Folgejahr (Arbeitsvorrat) - Absolute Werte,0,0.0,0.0,0.0,0.0,0.0,0.0,0.0,0.0,0.0,0.0,0.0,0.0,0.0,0.0,0.0,0.0,0.0,0.0,0.0,0.0,0.0,0.0,0.0,0.0,0.0,0.0,0.0,0.0,1502.0,519.0
......6154 Port-Valais,Art der Auftraggeber - Total,Gesundheit,Folgejahr (Arbeitsvorrat) - Veränderungsraten,*,0.0,0.0,0.0,0.0,0.0,0.0,0.0,0.0,0.0,0.0,0.0,0.0,0.0,0.0,0.0,0.0,0.0,0.0,0.0,0.0,0.0,0.0,0.0,0.0,0.0,0.0,0.0,0.0,0.0,-65.45
......6154 Port-Valais,Art der Auftraggeber - Total,Freizeit und Kultur,Laufendes Jahr - Absolute Werte,0,0.0,0.0,0.0,0.0,0.0,0.0,0.0,0.0,200.0,0.0,0.0,0.0,0.0,0.0,0.0,0.0,434.0,498.0,207.0,173.0,0.0,0.0,0.0,460.0,600.0,280.0,20.0,0.0,0.0,0.0
......6154 Port-Valais,Art der Auftraggeber - Total,Freizeit und Kultur,Laufendes Jahr - Veränderungsraten,*,0.0,0.0,0.0,0.0,0.0,0.0,0.0,0.0,0.0,0.0,0.0,0.0,0.0,0.0,0.0,0.0,0.0,14.75,-58.43,-16.43,0.0,0.0,0.0,0.0,30.43,-53.33,-92.86,0.0,0.0,0.0
......6154 Port-Valais,Art der Auftraggeber - Total,Freizeit und Kultur,Folgejahr (Arbeitsvorrat) - Absolute Werte,0,0.0,0.0,0.0,0.0,0.0,0.0,0.0,0.0,0.0,0.0,0.0,0.0,0.0,0.0,0.0,0.0,216.0,2.0,173.0,0.0,0.0,0.0,0.0,600.0,300.0,20.0,0.0,0.0,0.0,0.0
......6154 Port-Valais,Art der Auftraggeber - Total,Freizeit und Kultur,Folgejahr (Arbeitsvorrat) - Veränderungsraten,*,0.0,0.0,0.0,0.0,0.0,0.0,0.0,0.0,0.0,0.0,0.0,0.0,0.0,0.0,0.0,0.0,0.0,-99.07,8550.0,-100.0,0.0,0.0,0.0,0.0,-50.0,-93.33,-100.0,0.0,0.0,0.0
......6154 Port-Valais,Art der Auftraggeber - Total,Uebrige Infrastruktur,Laufendes Jahr - Absolute Werte,75,0.0,0.0,0.0,0.0,0.0,0.0,0.0,0.0,0.0,0.0,0.0,0.0,0.0,435.0,0.0,0.0,10.0,0.0,0.0,0.0,0.0,1211.0,1189.0,554.0,864.0,1481.0,244.0,0.0,382.0,41.0
......6154 Port-Valais,Art der Auftraggeber - Total,Uebrige Infrastruktur,Laufendes Jahr - Veränderungsraten,*,0.0,0.0,0.0,0.0,0.0,0.0,0.0,0.0,0.0,0.0,0.0,0.0,0.0,0.0,0.0,0.0,0.0,0.0,0.0,0.0,0.0,0.0,-1.82,-53.41,55.96,71.41,-83.52,-100.0,0.0,-89.27
......6154 Port-Valais,Art der Auftraggeber - Total,Uebrige Infrastruktur,Folgejahr (Arbeitsvorrat) - Absolute Werte,0,0.0,0.0,0.0,0.0,0.0,0.0,0.0,0.0,0.0,0.0,0.0,0.0,0.0,0.0,0.0,0.0,0.0,0.0,0.0,0.0,0.0,1189.0,0.0,1330.0,115.0,1382.0,1138.0,2388.0,851.0,3.0
......6154 Port-Valais,Art der Auftraggeber - Total,Uebrige Infrastruktur,Folgejahr (Arbeitsvorrat) - Veränderungsraten,*,0.0,0.0,0.0,0.0,0.0,0.0,0.0,0.0,0.0,0.0,0.0,0.0,0.0,0.0,0.0,0.0,0.0,0.0,0.0,0.0,0.0,0.0,-100.0,0.0,-91.35,1101.74,-17.66,109.84,-64.36,-99.65
......6154 Port-Valais,Art der Auftraggeber - Total,Wohnen,Laufendes Jahr - Absolute Werte,0,2400.0,0.0,4050.0,3000.0,750.0,4500.0,0.0,3560.0,8040.0,5598.0,14851.0,12409.0,4912.0,8800.0,6874.0,14891.0,8776.0,10508.0,7237.0,19966.0,29372.0,11123.0,18618.0,18362.0,18876.0,9906.0,9174.0,10214.0,8092.0,3512.0
......6154 Port-Valais,Art der Auftraggeber - Total,Wohnen,Laufendes Jahr - Veränderungsraten,*,0.0,-100.0,0.0,-25.93,-75.0,500.0,0.0,0.0,125.84,-30.37,165.29,-16.44,-60.42,79.15,-21.89,116.63,-41.07,19.74,-31.13,175.89,47.11,-62.13,67.38,-1.38,2.8,-47.52,-7.39,11.34,-20.78,-56.6
......6154 Port-Valais,Art der Auftraggeber - Total,Wohnen,Folgejahr (Arbeitsvorrat) - Absolute Werte,0,0.0,0.0,150.0,600.0,0.0,0.0,0.0,0.0,0.0,5920.0,3180.0,842.0,4591.0,4547.0,3265.0,5759.0,3160.0,3677.0,5789.0,28127.0,9544.0,9808.0,7426.0,18411.0,6262.0,4584.0,6430.0,6278.0,3143.0,1930.0
......6154 Port-Valais,Art der Auftraggeber - Total,Wohnen,Folgejahr (Arbeitsvorrat) - Veränderungsraten,*,0.0,0.0,0.0,300.0,-100.0,0.0,0.0,0.0,0.0,0.0,-46.28,-73.52,445.25,-0.96,-28.19,76.39,-45.13,16.36,57.44,385.87,-66.07,2.77,-24.29,147.93,-65.99,-26.8,40.27,-2.36,-49.94,-38.59
......6154 Port-Valais,Art der Auftraggeber - Total,Land- und Forstwirtschaft,Laufendes Jahr - Absolute Werte,385,414.0,300.0,720.0,0.0,0.0,1150.0,179.0,469.0,0.0,0.0,0.0,50.0,400.0,120.0,285.0,50.0,55.0,10.0,10.0,0.0,100.0,0.0,0.0,0.0,0.0,64.0,0.0,0.0,0.0,0.0
......6154 Port-Valais,Art der Auftraggeber - Total,Land- und Forstwirtschaft,Laufendes Jahr - Veränderungsraten,*,7.53,-27.54,140.0,0.0,0.0,0.0,-84.43,162.01,-100.0,0.0,0.0,0.0,700.0,-70.0,137.5,-82.46,10.0,-81.82,0.0,-100.0,0.0,0.0,0.0,0.0,0.0,0.0,0.0,0.0,0.0,0.0
......6154 Port-Valais,Art der Auftraggeber - Total,Land- und Forstwirtschaft,Folgejahr (Arbeitsvorrat) - Absolute Werte,275,180.0,200.0,0.0,0.0,0.0,40.0,300.0,0.0,0.0,0.0,0.0,0.0,120.0,0.0,100.0,50.0,10.0,10.0,0.0,205.0,0.0,0.0,0.0,0.0,125.0,0.0,0.0,0.0,0.0,0.0
......6154 Port-Valais,Art der Auftraggeber - Total,Land- und Forstwirtschaft,Folgejahr (Arbeitsvorrat) - Veränderungsraten,*,-34.55,11.11,-100.0,0.0,0.0,0.0,650.0,-100.0,0.0,0.0,0.0,0.0,0.0,-100.0,0.0,-50.0,-80.0,0.0,-100.0,0.0,-100.0,0.0,0.0,0.0,0.0,-100.0,0.0,0.0,0.0,0.0
......6154 Port-Valais,Art der Auftraggeber - Total,"Industrie, Gewerbe und Dienstleistungen",Laufendes Jahr - Absolute Werte,0,287.0,512.0,226.0,0.0,0.0,0.0,0.0,0.0,0.0,290.0,284.0,0.0,2000.0,1043.0,502.0,100.0,887.0,38.0,2186.0,1200.0,1118.0,364.0,346.0,1396.0,3504.0,2427.0,1062.0,829.0,510.0,542.0
......6154 Port-Valais,Art der Auftraggeber - Total,"Industrie, Gewerbe und Dienstleistungen",Laufendes Jahr - Veränderungsraten,*,0.0,78.4,-55.86,0.0,0.0,0.0,0.0,0.0,0.0,0.0,-2.07,0.0,0.0,-47.85,-51.87,-80.08,787.0,-95.72,5652.63,-45.11,-6.83,-67.44,-4.95,303.47,151.0,-30.74,-56.24,-21.94,-38.48,6.27
......6154 Port-Valais,Art der Auftraggeber - Total,"Industrie, Gewerbe und Dienstleistungen",Folgejahr (Arbeitsvorrat) - Absolute Werte,0,0.0,163.0,0.0,0.0,0.0,0.0,0.0,0.0,0.0,0.0,0.0,0.0,1000.0,502.0,0.0,0.0,33.0,0.0,1058.0,950.0,594.0,363.0,244.0,1598.0,2493.0,133.0,1225.0,829.0,511.0,522.0
......6154 Port-Valais,Art der Auftraggeber - Total,"Industrie, Gewerbe und Dienstleistungen",Folgejahr (Arbeitsvorrat) - Veränderungsraten,*,0.0,0.0,-100.0,0.0,0.0,0.0,0.0,0.0,0.0,0.0,0.0,0.0,0.0,-49.8,-100.0,0.0,0.0,-100.0,0.0,-10.21,-37.47,-38.89,-32.78,554.92,56.01,-94.67,821.05,-32.33,-38.36,2.15
......6154 Port-Valais,Oeffentliche Auftraggeber,Kategorie der Bauwerke - Total,Laufendes Jahr - Absolute Werte,460,701.0,862.0,978.0,1750.0,1000.0,3550.0,1679.0,969.0,750.0,0.0,0.0,2000.0,1400.0,275.0,285.0,50.0,55.0,16.0,10.0,0.0,0.0,0.0,0.0,460.0,1464.0,2239.0,264.0,0.0,321.0,390.0
......6154 Port-Valais,Oeffentliche Auftraggeber,Kategorie der Bauwerke - Total,Laufendes Jahr - Veränderungsraten,*,52.39,22.97,13.46,78.94,-42.86,255.0,-52.7,-42.29,-22.6,0.0,0.0,0.0,-30.0,-80.36,3.64,-82.46,10.0,-70.91,-37.5,0.0,0.0,0.0,0.0,0.0,218.26,52.94,-88.21,-100.0,0.0,21.5
......6154 Port-Valais,Oeffentliche Auftraggeber,Kategorie der Bauwerke - Total,Folgejahr (Arbeitsvorrat) - Absolute Werte,275,230.0,363.0,400.0,1000.0,400.0,2040.0,800.0,0.0,0.0,0.0,0.0,1400.0,0.0,0.0,100.0,50.0,10.0,10.0,0.0,0.0,0.0,0.0,0.0,600.0,865.0,1402.0,1138.0,2398.0,1282.0,188.0
......6154 Port-Valais,Oeffentliche Auftraggeber,Kategorie der Bauwerke - Total,Folgejahr (Arbeitsvorrat) - Veränderungsraten,*,-16.36,57.83,10.19,150.0,-60.0,410.0,-60.78,-100.0,0.0,0.0,0.0,0.0,-100.0,0.0,0.0,-50.0,-80.0,0.0,-100.0,0.0,0.0,0.0,0.0,0.0,44.17,62.08,-18.83,110.72,-46.54,-85.34
......6154 Port-Valais,Oeffentliche Auftraggeber,Infrastruktur Versorgung,Laufendes Jahr - Absolute Werte,0,0.0,0.0,0.0,500.0,0.0,0.0,0.0,0.0,0.0,0.0,0.0,0.0,0.0,0.0,0.0,0.0,0.0,0.0,0.0,0.0,0.0,0.0,0.0,0.0,0.0,0.0,0.0,0.0,0.0,0.0
......6154 Port-Valais,Oeffentliche Auftraggeber,Infrastruktur Versorgung,Laufendes Jahr - Veränderungsraten,*,0.0,0.0,0.0,0.0,-100.0,0.0,0.0,0.0,0.0,0.0,0.0,0.0,0.0,0.0,0.0,0.0,0.0,0.0,0.0,0.0,0.0,0.0,0.0,0.0,0.0,0.0,0.0,0.0,0.0,0.0
......6154 Port-Valais,Oeffentliche Auftraggeber,Infrastruktur Versorgung,Folgejahr (Arbeitsvorrat) - Absolute Werte,0,0.0,0.0,0.0,0.0,0.0,0.0,0.0,0.0,0.0,0.0,0.0,0.0,0.0,0.0,0.0,0.0,0.0,0.0,0.0,0.0,0.0,0.0,0.0,0.0,0.0,0.0,0.0,0.0,0.0,0.0
......6154 Port-Valais,Oeffentliche Auftraggeber,Infrastruktur Versorgung,Folgejahr (Arbeitsvorrat) - Veränderungsraten,*,0.0,0.0,0.0,0.0,0.0,0.0,0.0,0.0,0.0,0.0,0.0,0.0,0.0,0.0,0.0,0.0,0.0,0.0,0.0,0.0,0.0,0.0,0.0,0.0,0.0,0.0,0.0,0.0,0.0,0.0
......6154 Port-Valais,Oeffentliche Auftraggeber,Infrastruktur Entsorgung,Laufendes Jahr - Absolute Werte,0,0.0,50.0,32.0,1000.0,1000.0,400.0,0.0,0.0,0.0,0.0,0.0,2000.0,1400.0,0.0,0.0,0.0,0.0,0.0,0.0,0.0,0.0,0.0,0.0,0.0,0.0,0.0,0.0,0.0,0.0,0.0
......6154 Port-Valais,Oeffentliche Auftraggeber,Infrastruktur Entsorgung,Laufendes Jahr - Veränderungsraten,*,0.0,0.0,-36.0,3025.0,0.0,-60.0,0.0,0.0,0.0,0.0,0.0,0.0,-30.0,0.0,0.0,0.0,0.0,0.0,0.0,0.0,0.0,0.0,0.0,0.0,0.0,0.0,0.0,0.0,0.0,0.0
......6154 Port-Valais,Oeffentliche Auftraggeber,Infrastruktur Entsorgung,Folgejahr (Arbeitsvorrat) - Absolute Werte,0,50.0,0.0,400.0,1000.0,400.0,0.0,0.0,0.0,0.0,0.0,0.0,1400.0,0.0,0.0,0.0,0.0,0.0,0.0,0.0,0.0,0.0,0.0,0.0,0.0,0.0,0.0,0.0,0.0,0.0,0.0
......6154 Port-Valais,Oeffentliche Auftraggeber,Infrastruktur Entsorgung,Folgejahr (Arbeitsvorrat) - Veränderungsraten,*,0.0,-100.0,0.0,150.0,-60.0,-100.0,0.0,0.0,0.0,0.0,0.0,0.0,-100.0,0.0,0.0,0.0,0.0,0.0,0.0,0.0,0.0,0.0,0.0,0.0,0.0,0.0,0.0,0.0,0.0,0.0
......6154 Port-Valais,Oeffentliche Auftraggeber,Infrastruktur Strassenverkehr,Laufendes Jahr - Absolute Werte,0,0.0,0.0,0.0,250.0,0.0,0.0,0.0,0.0,0.0,0.0,0.0,0.0,0.0,0.0,0.0,0.0,0.0,0.0,0.0,0.0,0.0,0.0,0.0,0.0,0.0,0.0,0.0,0.0,0.0,0.0
......6154 Port-Valais,Oeffentliche Auftraggeber,Infrastruktur Strassenverkehr,Laufendes Jahr - Veränderungsraten,*,0.0,0.0,0.0,0.0,0.0,0.0,0.0,0.0,0.0,0.0,0.0,0.0,0.0,0.0,0.0,0.0,0.0,0.0,0.0,0.0,0.0,0.0,0.0,0.0,0.0,0.0,0.0,0.0,0.0,0.0
......6154 Port-Valais,Oeffentliche Auftraggeber,Infrastruktur Strassenverkehr,Folgejahr (Arbeitsvorrat) - Absolute Werte,0,0.0,0.0,0.0,0.0,0.0,0.0,0.0,0.0,0.0,0.0,0.0,0.0,0.0,0.0,0.0,0.0,0.0,0.0,0.0,0.0,0.0,0.0,0.0,0.0,0.0,0.0,0.0,0.0,0.0,0.0
......6154 Port-Valais,Oeffentliche Auftraggeber,Infrastruktur Strassenverkehr,Folgejahr (Arbeitsvorrat) - Veränderungsraten,*,0.0,0.0,0.0,0.0,0.0,0.0,0.0,0.0,0.0,0.0,0.0,0.0,0.0,0.0,0.0,0.0,0.0,0.0,0.0,0.0,0.0,0.0,0.0,0.0,0.0,0.0,0.0,0.0,0.0,0.0
......6154 Port-Valais,Oeffentliche Auftraggeber,Infrastruktur übriger Verkehr und Kommunikation,Laufendes Jahr - Absolute Werte,0,0.0,0.0,0.0,0.0,0.0,0.0,0.0,0.0,0.0,0.0,0.0,0.0,0.0,0.0,0.0,0.0,0.0,0.0,0.0,0.0,0.0,0.0,0.0,0.0,0.0,478.0,0.0,0.0,31.0,335.0
......6154 Port-Valais,Oeffentliche Auftraggeber,Infrastruktur übriger Verkehr und Kommunikation,Laufendes Jahr - Veränderungsraten,*,0.0,0.0,0.0,0.0,0.0,0.0,0.0,0.0,0.0,0.0,0.0,0.0,0.0,0.0,0.0,0.0,0.0,0.0,0.0,0.0,0.0,0.0,0.0,0.0,0.0,0.0,0.0,0.0,0.0,980.65
......6154 Port-Valais,Oeffentliche Auftraggeber,Infrastruktur übriger Verkehr und Kommunikation,Folgejahr (Arbeitsvorrat) - Absolute Werte,0,0.0,0.0,0.0,0.0,0.0,0.0,0.0,0.0,0.0,0.0,0.0,0.0,0.0,0.0,0.0,0.0,0.0,0.0,0.0,0.0,0.0,0.0,0.0,0.0,450.0,0.0,0.0,10.0,434.0,188.0
......6154 Port-Valais,Oeffentliche Auftraggeber,Infrastruktur übriger Verkehr und Kommunikation,Folgejahr (Arbeitsvorrat) - Veränderungsraten,*,0.0,0.0,0.0,0.0,0.0,0.0,0.0,0.0,0.0,0.0,0.0,0.0,0.0,0.0,0.0,0.0,0.0,0.0,0.0,0.0,0.0,0.0,0.0,0.0,0.0,-100.0,0.0,0.0,4240.0,-56.68
......6154 Port-Valais,Oeffentliche Auftraggeber,"Bildung, Forschung",Laufendes Jahr - Absolute Werte,0,0.0,0.0,0.0,0.0,0.0,2000.0,1500.0,500.0,0.0,0.0,0.0,0.0,0.0,0.0,0.0,0.0,0.0,0.0,0.0,0.0,0.0,0.0,0.0,0.0,0.0,0.0,0.0,0.0,0.0,0.0
......6154 Port-Valais,Oeffentliche Auftraggeber,"Bildung, Forschung",Laufendes Jahr - Veränderungsraten,*,0.0,0.0,0.0,0.0,0.0,0.0,-25.0,-66.67,0.0,0.0,0.0,0.0,0.0,0.0,0.0,0.0,0.0,0.0,0.0,0.0,0.0,0.0,0.0,0.0,0.0,0.0,0.0,0.0,0.0,0.0
......6154 Port-Valais,Oeffentliche Auftraggeber,"Bildung, Forschung",Folgejahr (Arbeitsvorrat) - Absolute Werte,0,0.0,0.0,0.0,0.0,0.0,2000.0,500.0,0.0,0.0,0.0,0.0,0.0,0.0,0.0,0.0,0.0,0.0,0.0,0.0,0.0,0.0,0.0,0.0,0.0,0.0,0.0,0.0,0.0,0.0,0.0
......6154 Port-Valais,Oeffentliche Auftraggeber,"Bildung, Forschung",Folgejahr (Arbeitsvorrat) - Veränderungsraten,*,0.0,0.0,0.0,0.0,0.0,0.0,-75.0,-100.0,0.0,0.0,0.0,0.0,0.0,0.0,0.0,0.0,0.0,0.0,0.0,0.0,0.0,0.0,0.0,0.0,0.0,0.0,0.0,0.0,0.0,0.0
......6154 Port-Valais,Oeffentliche Auftraggeber,Gesundheit,Laufendes Jahr - Absolute Werte,0,0.0,0.0,0.0,0.0,0.0,0.0,0.0,0.0,0.0,0.0,0.0,0.0,0.0,0.0,0.0,0.0,0.0,0.0,0.0,0.0,0.0,0.0,0.0,0.0,0.0,0.0,0.0,0.0,0.0,0.0
......6154 Port-Valais,Oeffentliche Auftraggeber,Gesundheit,Laufendes Jahr - Veränderungsraten,*,0.0,0.0,0.0,0.0,0.0,0.0,0.0,0.0,0.0,0.0,0.0,0.0,0.0,0.0,0.0,0.0,0.0,0.0,0.0,0.0,0.0,0.0,0.0,0.0,0.0,0.0,0.0,0.0,0.0,0.0
......6154 Port-Valais,Oeffentliche Auftraggeber,Gesundheit,Folgejahr (Arbeitsvorrat) - Absolute Werte,0,0.0,0.0,0.0,0.0,0.0,0.0,0.0,0.0,0.0,0.0,0.0,0.0,0.0,0.0,0.0,0.0,0.0,0.0,0.0,0.0,0.0,0.0,0.0,0.0,0.0,0.0,0.0,0.0,0.0,0.0
......6154 Port-Valais,Oeffentliche Auftraggeber,Gesundheit,Folgejahr (Arbeitsvorrat) - Veränderungsraten,*,0.0,0.0,0.0,0.0,0.0,0.0,0.0,0.0,0.0,0.0,0.0,0.0,0.0,0.0,0.0,0.0,0.0,0.0,0.0,0.0,0.0,0.0,0.0,0.0,0.0,0.0,0.0,0.0,0.0,0.0
......6154 Port-Valais,Oeffentliche Auftraggeber,Freizeit und Kultur,Laufendes Jahr - Absolute Werte,0,0.0,0.0,0.0,0.0,0.0,0.0,0.0,0.0,0.0,0.0,0.0,0.0,0.0,0.0,0.0,0.0,0.0,0.0,0.0,0.0,0.0,0.0,0.0,460.0,600.0,280.0,20.0,0.0,0.0,0.0
......6154 Port-Valais,Oeffentliche Auftraggeber,Freizeit und Kultur,Laufendes Jahr - Veränderungsraten,*,0.0,0.0,0.0,0.0,0.0,0.0,0.0,0.0,0.0,0.0,0.0,0.0,0.0,0.0,0.0,0.0,0.0,0.0,0.0,0.0,0.0,0.0,0.0,0.0,30.43,-53.33,-92.86,0.0,0.0,0.0
......6154 Port-Valais,Oeffentliche Auftraggeber,Freizeit und Kultur,Folgejahr (Arbeitsvorrat) - Absolute Werte,0,0.0,0.0,0.0,0.0,0.0,0.0,0.0,0.0,0.0,0.0,0.0,0.0,0.0,0.0,0.0,0.0,0.0,0.0,0.0,0.0,0.0,0.0,0.0,600.0,300.0,20.0,0.0,0.0,0.0,0.0
......6154 Port-Valais,Oeffentliche Auftraggeber,Freizeit und Kultur,Folgejahr (Arbeitsvorrat) - Veränderungsraten,*,0.0,0.0,0.0,0.0,0.0,0.0,0.0,0.0,0.0,0.0,0.0,0.0,0.0,0.0,0.0,0.0,0.0,0.0,0.0,0.0,0.0,0.0,0.0,0.0,-50.0,-93.33,-100.0,0.0,0.0,0.0
......6154 Port-Valais,Oeffentliche Auftraggeber,Uebrige Infrastruktur,Laufendes Jahr - Absolute Werte,75,0.0,0.0,0.0,0.0,0.0,0.0,0.0,0.0,0.0,0.0,0.0,0.0,0.0,275.0,0.0,0.0,0.0,0.0,0.0,0.0,0.0,0.0,0.0,0.0,864.0,1481.0,244.0,0.0,290.0,41.0
......6154 Port-Valais,Oeffentliche Auftraggeber,Uebrige Infrastruktur,Laufendes Jahr - Veränderungsraten,*,0.0,0.0,0.0,0.0,0.0,0.0,0.0,0.0,0.0,0.0,0.0,0.0,0.0,0.0,0.0,0.0,0.0,0.0,0.0,0.0,0.0,0.0,0.0,0.0,0.0,71.41,-83.52,-100.0,0.0,-85.86
......6154 Port-Valais,Oeffentliche Auftraggeber,Uebrige Infrastruktur,Folgejahr (Arbeitsvorrat) - Absolute Werte,0,0.0,0.0,0.0,0.0,0.0,0.0,0.0,0.0,0.0,0.0,0.0,0.0,0.0,0.0,0.0,0.0,0.0,0.0,0.0,0.0,0.0,0.0,0.0,0.0,115.0,1382.0,1138.0,2388.0,848.0,0.0
......6154 Port-Valais,Oeffentliche Auftraggeber,Uebrige Infrastruktur,Folgejahr (Arbeitsvorrat) - Veränderungsraten,*,0.0,0.0,0.0,0.0,0.0,0.0,0.0,0.0,0.0,0.0,0.0,0.0,0.0,0.0,0.0,0.0,0.0,0.0,0.0,0.0,0.0,0.0,0.0,0.0,0.0,1101.74,-17.66,109.84,-64.49,-100.0
......6154 Port-Valais,Oeffentliche Auftraggeber,Wohnen,Laufendes Jahr - Absolute Werte,0,0.0,0.0,0.0,0.0,0.0,0.0,0.0,0.0,750.0,0.0,0.0,0.0,0.0,0.0,0.0,0.0,0.0,0.0,0.0,0.0,0.0,0.0,0.0,0.0,0.0,0.0,0.0,0.0,0.0,0.0
......6154 Port-Valais,Oeffentliche Auftraggeber,Wohnen,Laufendes Jahr - Veränderungsraten,*,0.0,0.0,0.0,0.0,0.0,0.0,0.0,0.0,0.0,0.0,0.0,0.0,0.0,0.0,0.0,0.0,0.0,0.0,0.0,0.0,0.0,0.0,0.0,0.0,0.0,0.0,0.0,0.0,0.0,0.0
......6154 Port-Valais,Oeffentliche Auftraggeber,Wohnen,Folgejahr (Arbeitsvorrat) - Absolute Werte,0,0.0,0.0,0.0,0.0,0.0,0.0,0.0,0.0,0.0,0.0,0.0,0.0,0.0,0.0,0.0,0.0,0.0,0.0,0.0,0.0,0.0,0.0,0.0,0.0,0.0,0.0,0.0,0.0,0.0,0.0
......6154 Port-Valais,Oeffentliche Auftraggeber,Wohnen,Folgejahr (Arbeitsvorrat) - Veränderungsraten,*,0.0,0.0,0.0,0.0,0.0,0.0,0.0,0.0,0.0,0.0,0.0,0.0,0.0,0.0,0.0,0.0,0.0,0.0,0.0,0.0,0.0,0.0,0.0,0.0,0.0,0.0,0.0,0.0,0.0,0.0
......6154 Port-Valais,Oeffentliche Auftraggeber,Land- und Forstwirtschaft,Laufendes Jahr - Absolute Werte,385,414.0,300.0,720.0,0.0,0.0,1150.0,179.0,469.0,0.0,0.0,0.0,0.0,0.0,0.0,285.0,50.0,55.0,10.0,10.0,0.0,0.0,0.0,0.0,0.0,0.0,0.0,0.0,0.0,0.0,0.0
......6154 Port-Valais,Oeffentliche Auftraggeber,Land- und Forstwirtschaft,Laufendes Jahr - Veränderungsraten,*,7.53,-27.54,140.0,0.0,0.0,0.0,-84.43,162.01,0.0,0.0,0.0,0.0,0.0,0.0,0.0,-82.46,10.0,-81.82,0.0,0.0,0.0,0.0,0.0,0.0,0.0,0.0,0.0,0.0,0.0,0.0
......6154 Port-Valais,Oeffentliche Auftraggeber,Land- und Forstwirtschaft,Folgejahr (Arbeitsvorrat) - Absolute Werte,275,180.0,200.0,0.0,0.0,0.0,40.0,300.0,0.0,0.0,0.0,0.0,0.0,0.0,0.0,100.0,50.0,10.0,10.0,0.0,0.0,0.0,0.0,0.0,0.0,0.0,0.0,0.0,0.0,0.0,0.0
......6154 Port-Valais,Oeffentliche Auftraggeber,Land- und Forstwirtschaft,Folgejahr (Arbeitsvorrat) - Veränderungsraten,*,-34.55,11.11,-100.0,0.0,0.0,0.0,650.0,-100.0,0.0,0.0,0.0,0.0,0.0,0.0,0.0,-50.0,-80.0,0.0,-100.0,0.0,0.0,0.0,0.0,0.0,0.0,0.0,0.0,0.0,0.0,0.0
......6154 Port-Valais,Oeffentliche Auftraggeber,"Industrie, Gewerbe und Dienstleistungen",Laufendes Jahr - Absolute Werte,0,287.0,512.0,226.0,0.0,0.0,0.0,0.0,0.0,0.0,0.0,0.0,0.0,0.0,0.0,0.0,0.0,0.0,6.0,0.0,0.0,0.0,0.0,0.0,0.0,0.0,0.0,0.0,0.0,0.0,14.0
......6154 Port-Valais,Oeffentliche Auftraggeber,"Industrie, Gewerbe und Dienstleistungen",Laufendes Jahr - Veränderungsraten,*,0.0,78.4,-55.86,0.0,0.0,0.0,0.0,0.0,0.0,0.0,0.0,0.0,0.0,0.0,0.0,0.0,0.0,0.0,0.0,0.0,0.0,0.0,0.0,0.0,0.0,0.0,0.0,0.0,0.0,0.0
......6154 Port-Valais,Oeffentliche Auftraggeber,"Industrie, Gewerbe und Dienstleistungen",Folgejahr (Arbeitsvorrat) - Absolute Werte,0,0.0,163.0,0.0,0.0,0.0,0.0,0.0,0.0,0.0,0.0,0.0,0.0,0.0,0.0,0.0,0.0,0.0,0.0,0.0,0.0,0.0,0.0,0.0,0.0,0.0,0.0,0.0,0.0,0.0,0.0
......6154 Port-Valais,Oeffentliche Auftraggeber,"Industrie, Gewerbe und Dienstleistungen",Folgejahr (Arbeitsvorrat) - Veränderungsraten,*,0.0,0.0,-100.0,0.0,0.0,0.0,0.0,0.0,0.0,0.0,0.0,0.0,0.0,0.0,0.0,0.0,0.0,0.0,0.0,0.0,0.0,0.0,0.0,0.0,0.0,0.0,0.0,0.0,0.0,0.0
......6154 Port-Valais,Private Auftraggeber,Kategorie der Bauwerke - Total,Laufendes Jahr - Absolute Werte,0,2400.0,0.0,4400.0,3000.0,750.0,4500.0,0.0,3560.0,7490.0,5888.0,15135.0,12459.0,7312.0,10123.0,7376.0,14991.0,10255.0,11163.0,9630.0,21539.0,30590.0,12698.0,20153.0,20312.0,22380.0,12397.0,10236.0,11043.0,9568.0,5609.0
......6154 Port-Valais,Private Auftraggeber,Kategorie der Bauwerke - Total,Laufendes Jahr - Veränderungsraten,*,0.0,-100.0,0.0,-31.82,-75.0,500.0,-100.0,0.0,110.39,-21.39,157.05,-17.68,-41.31,38.44,-27.14,103.24,-31.59,8.85,-13.73,123.67,42.02,-58.49,58.71,0.79,10.18,-44.61,-17.43,7.88,-13.36,-41.38
......6154 Port-Valais,Private Auftraggeber,Kategorie der Bauwerke - Total,Folgejahr (Arbeitsvorrat) - Absolute Werte,0,0.0,0.0,150.0,600.0,0.0,0.0,0.0,0.0,0.0,5920.0,3180.0,842.0,5711.0,5049.0,3265.0,5759.0,3411.0,3679.0,7020.0,29282.0,10138.0,11360.0,7670.0,21339.0,8880.0,4717.0,7655.0,7107.0,5159.0,2974.0
......6154 Port-Valais,Private Auftraggeber,Kategorie der Bauwerke - Total,Folgejahr (Arbeitsvorrat) - Veränderungsraten,*,0.0,0.0,0.0,300.0,-100.0,0.0,0.0,0.0,0.0,0.0,-46.28,-73.52,578.27,-11.59,-35.33,76.39,-40.77,7.86,90.81,317.12,-65.38,12.05,-32.48,178.21,-58.39,-46.88,62.29,-7.16,-27.41,-42.35
......6154 Port-Valais,Private Auftraggeber,Infrastruktur Versorgung,Laufendes Jahr - Absolute Werte,0,0.0,0.0,0.0,0.0,0.0,0.0,0.0,0.0,0.0,0.0,0.0,0.0,0.0,0.0,0.0,0.0,0.0,0.0,0.0,0.0,0.0,0.0,0.0,0.0,0.0,0.0,0.0,0.0,0.0,0.0
......6154 Port-Valais,Private Auftraggeber,Infrastruktur Versorgung,Laufendes Jahr - Veränderungsraten,*,0.0,0.0,0.0,0.0,0.0,0.0,0.0,0.0,0.0,0.0,0.0,0.0,0.0,0.0,0.0,0.0,0.0,0.0,0.0,0.0,0.0,0.0,0.0,0.0,0.0,0.0,0.0,0.0,0.0,0.0
......6154 Port-Valais,Private Auftraggeber,Infrastruktur Versorgung,Folgejahr (Arbeitsvorrat) - Absolute Werte,0,0.0,0.0,0.0,0.0,0.0,0.0,0.0,0.0,0.0,0.0,0.0,0.0,0.0,0.0,0.0,0.0,0.0,0.0,0.0,0.0,0.0,0.0,0.0,0.0,0.0,0.0,0.0,0.0,0.0,0.0
......6154 Port-Valais,Private Auftraggeber,Infrastruktur Versorgung,Folgejahr (Arbeitsvorrat) - Veränderungsraten,*,0.0,0.0,0.0,0.0,0.0,0.0,0.0,0.0,0.0,0.0,0.0,0.0,0.0,0.0,0.0,0.0,0.0,0.0,0.0,0.0,0.0,0.0,0.0,0.0,0.0,0.0,0.0,0.0,0.0,0.0
......6154 Port-Valais,Private Auftraggeber,Infrastruktur Entsorgung,Laufendes Jahr - Absolute Werte,0,0.0,0.0,0.0,0.0,0.0,0.0,0.0,0.0,0.0,0.0,0.0,0.0,0.0,0.0,0.0,0.0,0.0,0.0,0.0,0.0,0.0,0.0,0.0,0.0,0.0,0.0,0.0,0.0,0.0,0.0
......6154 Port-Valais,Private Auftraggeber,Infrastruktur Entsorgung,Laufendes Jahr - Veränderungsraten,*,0.0,0.0,0.0,0.0,0.0,0.0,0.0,0.0,0.0,0.0,0.0,0.0,0.0,0.0,0.0,0.0,0.0,0.0,0.0,0.0,0.0,0.0,0.0,0.0,0.0,0.0,0.0,0.0,0.0,0.0
......6154 Port-Valais,Private Auftraggeber,Infrastruktur Entsorgung,Folgejahr (Arbeitsvorrat) - Absolute Werte,0,0.0,0.0,0.0,0.0,0.0,0.0,0.0,0.0,0.0,0.0,0.0,0.0,0.0,0.0,0.0,0.0,0.0,0.0,0.0,0.0,0.0,0.0,0.0,0.0,0.0,0.0,0.0,0.0,0.0,0.0
......6154 Port-Valais,Private Auftraggeber,Infrastruktur Entsorgung,Folgejahr (Arbeitsvorrat) - Veränderungsraten,*,0.0,0.0,0.0,0.0,0.0,0.0,0.0,0.0,0.0,0.0,0.0,0.0,0.0,0.0,0.0,0.0,0.0,0.0,0.0,0.0,0.0,0.0,0.0,0.0,0.0,0.0,0.0,0.0,0.0,0.0
......6154 Port-Valais,Private Auftraggeber,Infrastruktur Strassenverkehr,Laufendes Jahr - Absolute Werte,0,0.0,0.0,350.0,0.0,0.0,0.0,0.0,0.0,0.0,0.0,0.0,0.0,0.0,0.0,0.0,0.0,148.0,125.0,0.0,0.0,0.0,0.0,0.0,0.0,0.0,0.0,0.0,0.0,0.0,0.0
......6154 Port-Valais,Private Auftraggeber,Infrastruktur Strassenverkehr,Laufendes Jahr - Veränderungsraten,*,0.0,0.0,0.0,0.0,0.0,0.0,0.0,0.0,0.0,0.0,0.0,0.0,0.0,0.0,0.0,0.0,0.0,-15.54,0.0,0.0,0.0,0.0,0.0,0.0,0.0,0.0,0.0,0.0,0.0,0.0
......6154 Port-Valais,Private Auftraggeber,Infrastruktur Strassenverkehr,Folgejahr (Arbeitsvorrat) - Absolute Werte,0,0.0,0.0,0.0,0.0,0.0,0.0,0.0,0.0,0.0,0.0,0.0,0.0,0.0,0.0,0.0,0.0,2.0,0.0,0.0,0.0,0.0,0.0,0.0,0.0,0.0,0.0,0.0,0.0,0.0,0.0
......6154 Port-Valais,Private Auftraggeber,Infrastruktur Strassenverkehr,Folgejahr (Arbeitsvorrat) - Veränderungsraten,*,0.0,0.0,0.0,0.0,0.0,0.0,0.0,0.0,0.0,0.0,0.0,0.0,0.0,0.0,0.0,0.0,0.0,-100.0,0.0,0.0,0.0,0.0,0.0,0.0,0.0,0.0,0.0,0.0,0.0,0.0
......6154 Port-Valais,Private Auftraggeber,Infrastruktur übriger Verkehr und Kommunikation,Laufendes Jahr - Absolute Werte,0,0.0,0.0,0.0,0.0,0.0,0.0,0.0,0.0,0.0,0.0,0.0,0.0,0.0,0.0,0.0,0.0,0.0,0.0,0.0,200.0,0.0,0.0,0.0,0.0,0.0,0.0,0.0,0.0,0.0,0.0
......6154 Port-Valais,Private Auftraggeber,Infrastruktur übriger Verkehr und Kommunikation,Laufendes Jahr - Veränderungsraten,*,0.0,0.0,0.0,0.0,0.0,0.0,0.0,0.0,0.0,0.0,0.0,0.0,0.0,0.0,0.0,0.0,0.0,0.0,0.0,0.0,0.0,0.0,0.0,0.0,0.0,0.0,0.0,0.0,0.0,0.0
......6154 Port-Valais,Private Auftraggeber,Infrastruktur übriger Verkehr und Kommunikation,Folgejahr (Arbeitsvorrat) - Absolute Werte,0,0.0,0.0,0.0,0.0,0.0,0.0,0.0,0.0,0.0,0.0,0.0,0.0,0.0,0.0,0.0,0.0,0.0,0.0,0.0,0.0,0.0,0.0,0.0,0.0,0.0,0.0,0.0,0.0,0.0,0.0
......6154 Port-Valais,Private Auftraggeber,Infrastruktur übriger Verkehr und Kommunikation,Folgejahr (Arbeitsvorrat) - Veränderungsraten,*,0.0,0.0,0.0,0.0,0.0,0.0,0.0,0.0,0.0,0.0,0.0,0.0,0.0,0.0,0.0,0.0,0.0,0.0,0.0,0.0,0.0,0.0,0.0,0.0,0.0,0.0,0.0,0.0,0.0,0.0
......6154 Port-Valais,Private Auftraggeber,"Bildung, Forschung",Laufendes Jahr - Absolute Werte,0,0.0,0.0,0.0,0.0,0.0,0.0,0.0,0.0,0.0,0.0,0.0,0.0,0.0,0.0,0.0,0.0,0.0,0.0,0.0,0.0,0.0,0.0,0.0,0.0,0.0,0.0,0.0,0.0,0.0,0.0
......6154 Port-Valais,Private Auftraggeber,"Bildung, Forschung",Laufendes Jahr - Veränderungsraten,*,0.0,0.0,0.0,0.0,0.0,0.0,0.0,0.0,0.0,0.0,0.0,0.0,0.0,0.0,0.0,0.0,0.0,0.0,0.0,0.0,0.0,0.0,0.0,0.0,0.0,0.0,0.0,0.0,0.0,0.0
......6154 Port-Valais,Private Auftraggeber,"Bildung, Forschung",Folgejahr (Arbeitsvorrat) - Absolute Werte,0,0.0,0.0,0.0,0.0,0.0,0.0,0.0,0.0,0.0,0.0,0.0,0.0,0.0,0.0,0.0,0.0,0.0,0.0,0.0,0.0,0.0,0.0,0.0,0.0,0.0,0.0,0.0,0.0,0.0,0.0
......6154 Port-Valais,Private Auftraggeber,"Bildung, Forschung",Folgejahr (Arbeitsvorrat) - Veränderungsraten,*,0.0,0.0,0.0,0.0,0.0,0.0,0.0,0.0,0.0,0.0,0.0,0.0,0.0,0.0,0.0,0.0,0.0,0.0,0.0,0.0,0.0,0.0,0.0,0.0,0.0,0.0,0.0,0.0,0.0,0.0
......6154 Port-Valais,Private Auftraggeber,Gesundheit,Laufendes Jahr - Absolute Werte,0,0.0,0.0,0.0,0.0,0.0,0.0,0.0,0.0,0.0,0.0,0.0,0.0,0.0,0.0,0.0,0.0,0.0,0.0,0.0,0.0,0.0,0.0,0.0,0.0,0.0,0.0,0.0,0.0,874.0,1569.0
......6154 Port-Valais,Private Auftraggeber,Gesundheit,Laufendes Jahr - Veränderungsraten,*,0.0,0.0,0.0,0.0,0.0,0.0,0.0,0.0,0.0,0.0,0.0,0.0,0.0,0.0,0.0,0.0,0.0,0.0,0.0,0.0,0.0,0.0,0.0,0.0,0.0,0.0,0.0,0.0,0.0,79.52
......6154 Port-Valais,Private Auftraggeber,Gesundheit,Folgejahr (Arbeitsvorrat) - Absolute Werte,0,0.0,0.0,0.0,0.0,0.0,0.0,0.0,0.0,0.0,0.0,0.0,0.0,0.0,0.0,0.0,0.0,0.0,0.0,0.0,0.0,0.0,0.0,0.0,0.0,0.0,0.0,0.0,0.0,1502.0,519.0
......6154 Port-Valais,Private Auftraggeber,Gesundheit,Folgejahr (Arbeitsvorrat) - Veränderungsraten,*,0.0,0.0,0.0,0.0,0.0,0.0,0.0,0.0,0.0,0.0,0.0,0.0,0.0,0.0,0.0,0.0,0.0,0.0,0.0,0.0,0.0,0.0,0.0,0.0,0.0,0.0,0.0,0.0,0.0,-65.45
......6154 Port-Valais,Private Auftraggeber,Freizeit und Kultur,Laufendes Jahr - Absolute Werte,0,0.0,0.0,0.0,0.0,0.0,0.0,0.0,0.0,200.0,0.0,0.0,0.0,0.0,0.0,0.0,0.0,434.0,498.0,207.0,173.0,0.0,0.0,0.0,0.0,0.0,0.0,0.0,0.0,0.0,0.0
......6154 Port-Valais,Private Auftraggeber,Freizeit und Kultur,Laufendes Jahr - Veränderungsraten,*,0.0,0.0,0.0,0.0,0.0,0.0,0.0,0.0,0.0,0.0,0.0,0.0,0.0,0.0,0.0,0.0,0.0,14.75,-58.43,-16.43,0.0,0.0,0.0,0.0,0.0,0.0,0.0,0.0,0.0,0.0
......6154 Port-Valais,Private Auftraggeber,Freizeit und Kultur,Folgejahr (Arbeitsvorrat) - Absolute Werte,0,0.0,0.0,0.0,0.0,0.0,0.0,0.0,0.0,0.0,0.0,0.0,0.0,0.0,0.0,0.0,0.0,216.0,2.0,173.0,0.0,0.0,0.0,0.0,0.0,0.0,0.0,0.0,0.0,0.0,0.0
......6154 Port-Valais,Private Auftraggeber,Freizeit und Kultur,Folgejahr (Arbeitsvorrat) - Veränderungsraten,*,0.0,0.0,0.0,0.0,0.0,0.0,0.0,0.0,0.0,0.0,0.0,0.0,0.0,0.0,0.0,0.0,0.0,-99.07,8550.0,-100.0,0.0,0.0,0.0,0.0,0.0,0.0,0.0,0.0,0.0,0.0
......6154 Port-Valais,Private Auftraggeber,Uebrige Infrastruktur,Laufendes Jahr - Absolute Werte,0,0.0,0.0,0.0,0.0,0.0,0.0,0.0,0.0,0.0,0.0,0.0,0.0,0.0,160.0,0.0,0.0,10.0,0.0,0.0,0.0,0.0,1211.0,1189.0,554.0,0.0,0.0,0.0,0.0,92.0,0.0
......6154 Port-Valais,Private Auftraggeber,Uebrige Infrastruktur,Laufendes Jahr - Veränderungsraten,*,0.0,0.0,0.0,0.0,0.0,0.0,0.0,0.0,0.0,0.0,0.0,0.0,0.0,0.0,0.0,0.0,0.0,0.0,0.0,0.0,0.0,0.0,-1.82,-53.41,0.0,0.0,0.0,0.0,0.0,-100.0
......6154 Port-Valais,Private Auftraggeber,Uebrige Infrastruktur,Folgejahr (Arbeitsvorrat) - Absolute Werte,0,0.0,0.0,0.0,0.0,0.0,0.0,0.0,0.0,0.0,0.0,0.0,0.0,0.0,0.0,0.0,0.0,0.0,0.0,0.0,0.0,0.0,1189.0,0.0,1330.0,0.0,0.0,0.0,0.0,3.0,3.0
......6154 Port-Valais,Private Auftraggeber,Uebrige Infrastruktur,Folgejahr (Arbeitsvorrat) - Veränderungsraten,*,0.0,0.0,0.0,0.0,0.0,0.0,0.0,0.0,0.0,0.0,0.0,0.0,0.0,0.0,0.0,0.0,0.0,0.0,0.0,0.0,0.0,0.0,-100.0,0.0,0.0,0.0,0.0,0.0,0.0,0.0
......6154 Port-Valais,Private Auftraggeber,Wohnen,Laufendes Jahr - Absolute Werte,0,2400.0,0.0,4050.0,3000.0,750.0,4500.0,0.0,3560.0,7290.0,5598.0,14851.0,12409.0,4912.0,8800.0,6874.0,14891.0,8776.0,10508.0,7237.0,19966.0,29372.0,11123.0,18618.0,18362.0,18876.0,9906.0,9174.0,10214.0,8092.0,3512.0
......6154 Port-Valais,Private Auftraggeber,Wohnen,Laufendes Jahr - Veränderungsraten,*,0.0,-100.0,0.0,-25.93,-75.0,500.0,0.0,0.0,104.78,-23.21,165.29,-16.44,-60.42,79.15,-21.89,116.63,-41.07,19.74,-31.13,175.89,47.11,-62.13,67.38,-1.38,2.8,-47.52,-7.39,11.34,-20.78,-56.6
......6154 Port-Valais,Private Auftraggeber,Wohnen,Folgejahr (Arbeitsvorrat) - Absolute Werte,0,0.0,0.0,150.0,600.0,0.0,0.0,0.0,0.0,0.0,5920.0,3180.0,842.0,4591.0,4547.0,3265.0,5759.0,3160.0,3677.0,5789.0,28127.0,9544.0,9808.0,7426.0,18411.0,6262.0,4584.0,6430.0,6278.0,3143.0,1930.0
......6154 Port-Valais,Private Auftraggeber,Wohnen,Folgejahr (Arbeitsvorrat) - Veränderungsraten,*,0.0,0.0,0.0,300.0,-100.0,0.0,0.0,0.0,0.0,0.0,-46.28,-73.52,445.25,-0.96,-28.19,76.39,-45.13,16.36,57.44,385.87,-66.07,2.77,-24.29,147.93,-65.99,-26.8,40.27,-2.36,-49.94,-38.59
......6154 Port-Valais,Private Auftraggeber,Land- und Forstwirtschaft,Laufendes Jahr - Absolute Werte,0,0.0,0.0,0.0,0.0,0.0,0.0,0.0,0.0,0.0,0.0,0.0,50.0,400.0,120.0,0.0,0.0,0.0,0.0,0.0,0.0,100.0,0.0,0.0,0.0,0.0,64.0,0.0,0.0,0.0,0.0
......6154 Port-Valais,Private Auftraggeber,Land- und Forstwirtschaft,Laufendes Jahr - Veränderungsraten,*,0.0,0.0,0.0,0.0,0.0,0.0,0.0,0.0,0.0,0.0,0.0,0.0,700.0,-70.0,0.0,0.0,0.0,0.0,0.0,0.0,0.0,0.0,0.0,0.0,0.0,0.0,0.0,0.0,0.0,0.0
......6154 Port-Valais,Private Auftraggeber,Land- und Forstwirtschaft,Folgejahr (Arbeitsvorrat) - Absolute Werte,0,0.0,0.0,0.0,0.0,0.0,0.0,0.0,0.0,0.0,0.0,0.0,0.0,120.0,0.0,0.0,0.0,0.0,0.0,0.0,205.0,0.0,0.0,0.0,0.0,125.0,0.0,0.0,0.0,0.0,0.0
......6154 Port-Valais,Private Auftraggeber,Land- und Forstwirtschaft,Folgejahr (Arbeitsvorrat) - Veränderungsraten,*,0.0,0.0,0.0,0.0,0.0,0.0,0.0,0.0,0.0,0.0,0.0,0.0,0.0,-100.0,0.0,0.0,0.0,0.0,0.0,0.0,-100.0,0.0,0.0,0.0,0.0,-100.0,0.0,0.0,0.0,0.0
......6154 Port-Valais,Private Auftraggeber,"Industrie, Gewerbe und Dienstleistungen",Laufendes Jahr - Absolute Werte,0,0.0,0.0,0.0,0.0,0.0,0.0,0.0,0.0,0.0,290.0,284.0,0.0,2000.0,1043.0,502.0,100.0,887.0,32.0,2186.0,1200.0,1118.0,364.0,346.0,1396.0,3504.0,2427.0,1062.0,829.0,510.0,528.0
......6154 Port-Valais,Private Auftraggeber,"Industrie, Gewerbe und Dienstleistungen",Laufendes Jahr - Veränderungsraten,*,0.0,0.0,0.0,0.0,0.0,0.0,0.0,0.0,0.0,0.0,-2.07,0.0,0.0,-47.85,-51.87,-80.08,787.0,-96.39,6731.25,-45.11,-6.83,-67.44,-4.95,303.47,151.0,-30.74,-56.24,-21.94,-38.48,3.53
......6154 Port-Valais,Private Auftraggeber,"Industrie, Gewerbe und Dienstleistungen",Folgejahr (Arbeitsvorrat) - Absolute Werte,0,0.0,0.0,0.0,0.0,0.0,0.0,0.0,0.0,0.0,0.0,0.0,0.0,1000.0,502.0,0.0,0.0,33.0,0.0,1058.0,950.0,594.0,363.0,244.0,1598.0,2493.0,133.0,1225.0,829.0,511.0,522.0
......6154 Port-Valais,Private Auftraggeber,"Industrie, Gewerbe und Dienstleistungen",Folgejahr (Arbeitsvorrat) - Veränderungsraten,*,0.0,0.0,0.0,0.0,0.0,0.0,0.0,0.0,0.0,0.0,0.0,0.0,0.0,-49.8,-100.0,0.0,0.0,-100.0,0.0,-10.21,-37.47,-38.89,-32.78,554.92,56.01,-94.67,821.05,-32.33,-38.36,2.15
......7623 Wallis (Unzuteilbar),Art der Auftraggeber - Total,Kategorie der Bauwerke - Total,Laufendes Jahr - Absolute Werte,523646,401136.0,482947.0,378559.0,410449.0,170973.0,179145.0,142703.0,274619.0,222013.0,254994.0,261129.0,236159.0,349371.0,249857.0,330390.0,348371.0,320051.0,410563.0,407629.0,475913.0,492054.0,440684.0,372413.0,421485.0,398768.0,409909.0,467415.0,386004.0,341017.0,303728.0
......7623 Wallis (Unzuteilbar),Art der Auftraggeber - Total,Kategorie der Bauwerke - Total,Laufendes Jahr - Veränderungsraten,*,-23.4,20.39,-21.61,8.42,-58.34,4.78,-20.34,92.44,-19.16,14.86,2.41,-9.56,47.94,-28.48,32.23,5.44,-8.13,28.28,-0.71,16.75,3.39,-10.44,-15.49,13.18,-5.39,2.79,14.03,-17.42,-11.65,-10.93
......7623 Wallis (Unzuteilbar),Art der Auftraggeber - Total,Kategorie der Bauwerke - Total,Folgejahr (Arbeitsvorrat) - Absolute Werte,480348,461883.0,467301.0,376103.0,181952.0,164156.0,150345.0,122177.0,213709.0,203022.0,300661.0,309308.0,309473.0,396475.0,250505.0,397314.0,341045.0,338521.0,387508.0,545942.0,607909.0,553188.0,529711.0,497490.0,453465.0,462090.0,489255.0,548107.0,396703.0,364069.0,356179.0
......7623 Wallis (Unzuteilbar),Art der Auftraggeber - Total,Kategorie der Bauwerke - Total,Folgejahr (Arbeitsvorrat) - Veränderungsraten,*,-3.84,1.17,-19.52,-51.62,-9.78,-8.41,-18.74,74.92,-5.0,48.09,2.88,0.05,28.11,-36.82,58.61,-14.16,-0.74,14.47,40.89,11.35,-9.0,-4.24,-6.08,-8.85,1.9,5.88,12.03,-27.62,-8.23,-2.17
......7623 Wallis (Unzuteilbar),Art der Auftraggeber - Total,Infrastruktur Versorgung,Laufendes Jahr - Absolute Werte,204302,243908.0,363916.0,296206.0,315309.0,39463.0,27339.0,24795.0,23776.0,23919.0,22927.0,17280.0,22647.0,32220.0,23729.0,11485.0,16461.0,9447.0,8470.0,13626.0,8314.0,37638.0,65764.0,41553.0,72846.0,60766.0,81883.0,64197.0,74954.0,40647.0,17775.0
......7623 Wallis (Unzuteilbar),Art der Auftraggeber - Total,Infrastruktur Versorgung,Laufendes Jahr - Veränderungsraten,*,19.39,49.2,-18.61,6.45,-87.48,-30.72,-9.31,-4.11,0.6,-4.15,-24.63,31.06,42.27,-26.35,-51.6,43.33,-42.61,-10.34,60.87,-38.98,352.71,74.73,-36.81,75.31,-16.58,34.75,-21.6,16.76,-45.77,-56.27
......7623 Wallis (Unzuteilbar),Art der Auftraggeber - Total,Infrastruktur Versorgung,Folgejahr (Arbeitsvorrat) - Absolute Werte,226112,338736.0,363860.0,307952.0,44294.0,15776.0,8749.0,9436.0,11263.0,12927.0,11226.0,7985.0,19344.0,38214.0,8961.0,16242.0,10431.0,12745.0,4897.0,83000.0,58016.0,53372.0,55969.0,96900.0,69528.0,90989.0,88297.0,47657.0,44070.0,18133.0,12252.0
......7623 Wallis (Unzuteilbar),Art der Auftraggeber - Total,Infrastruktur Versorgung,Folgejahr (Arbeitsvorrat) - Veränderungsraten,*,49.81,7.42,-15.37,-85.62,-64.38,-44.54,7.85,19.36,14.77,-13.16,-28.87,142.25,97.55,-76.55,81.25,-35.78,22.18,-61.58,1594.92,-30.1,-8.0,4.87,73.13,-28.25,30.87,-2.96,-46.03,-7.53,-58.85,-32.43
......7623 Wallis (Unzuteilbar),Art der Auftraggeber - Total,Infrastruktur Entsorgung,Laufendes Jahr - Absolute Werte,17743,10494.0,8364.0,5360.0,5500.0,3200.0,2573.0,1300.0,700.0,550.0,0.0,0.0,0.0,0.0,0.0,0.0,0.0,0.0,0.0,0.0,0.0,0.0,0.0,0.0,0.0,0.0,0.0,0.0,0.0,0.0,0.0
......7623 Wallis (Unzuteilbar),Art der Auftraggeber - Total,Infrastruktur Entsorgung,Laufendes Jahr - Veränderungsraten,*,-40.86,-20.3,-35.92,2.61,-41.82,-19.59,-49.48,-46.15,-21.43,0.0,0.0,0.0,0.0,0.0,0.0,0.0,0.0,0.0,0.0,0.0,0.0,0.0,0.0,0.0,0.0,0.0,0.0,0.0,0.0,0.0
......7623 Wallis (Unzuteilbar),Art der Auftraggeber - Total,Infrastruktur Entsorgung,Folgejahr (Arbeitsvorrat) - Absolute Werte,8235,8287.0,4700.0,5500.0,4500.0,3300.0,1800.0,500.0,450.0,0.0,0.0,0.0,0.0,0.0,0.0,0.0,0.0,0.0,0.0,0.0,0.0,0.0,0.0,0.0,0.0,0.0,0.0,0.0,0.0,0.0,0.0
......7623 Wallis (Unzuteilbar),Art der Auftraggeber - Total,Infrastruktur Entsorgung,Folgejahr (Arbeitsvorrat) - Veränderungsraten,*,0.63,-43.28,17.02,-18.18,-26.67,-45.45,-72.22,-10.0,-100.0,0.0,0.0,0.0,0.0,0.0,0.0,0.0,0.0,0.0,0.0,0.0,0.0,0.0,0.0,0.0,0.0,0.0,0.0,0.0,0.0,0.0
......7623 Wallis (Unzuteilbar),Art der Auftraggeber - Total,Infrastruktur Strassenverkehr,Laufendes Jahr - Absolute Werte,186877,64288.0,66861.0,44717.0,51515.0,70324.0,76474.0,72659.0,184683.0,129234.0,144310.0,174198.0,81552.0,202796.0,139627.0,249736.0,270693.0,230380.0,299098.0,301389.0,355186.0,340521.0,251627.0,216603.0,239388.0,252836.0,254046.0,319711.0,254971.0,249130.0,225471.0
......7623 Wallis (Unzuteilbar),Art der Auftraggeber - Total,Infrastruktur Strassenverkehr,Laufendes Jahr - Veränderungsraten,*,-65.6,4.0,-33.12,15.2,36.51,8.75,-4.99,154.18,-30.02,11.67,20.71,-53.18,148.67,-31.15,78.86,8.39,-14.89,29.83,0.77,17.85,-4.13,-26.11,-13.92,10.52,5.62,0.48,25.85,-20.25,-2.29,-9.5
......7623 Wallis (Unzuteilbar),Art der Auftraggeber - Total,Infrastruktur Strassenverkehr,Folgejahr (Arbeitsvorrat) - Absolute Werte,175591,71490.0,56152.0,41490.0,78067.0,76424.0,77173.0,65229.0,134560.0,120424.0,173290.0,189698.0,184312.0,269363.0,145583.0,296272.0,275899.0,258840.0,285157.0,346566.0,399529.0,321572.0,338058.0,266666.0,265641.0,289234.0,320974.0,273063.0,283575.0,267158.0,267631.0
......7623 Wallis (Unzuteilbar),Art der Auftraggeber - Total,Infrastruktur Strassenverkehr,Folgejahr (Arbeitsvorrat) - Veränderungsraten,*,-59.29,-21.45,-26.11,88.16,-2.1,0.98,-15.48,106.29,-10.51,43.9,9.47,-2.84,46.15,-45.95,103.51,-6.88,-6.18,10.17,21.54,15.28,-19.51,5.13,-21.12,-0.38,8.88,10.97,-14.93,3.85,-5.79,0.18
......7623 Wallis (Unzuteilbar),Art der Auftraggeber - Total,Infrastruktur übriger Verkehr und Kommunikation,Laufendes Jahr - Absolute Werte,80804,65667.0,34145.0,23417.0,31299.0,48773.0,52029.0,33535.0,57210.0,63932.0,75072.0,62539.0,121877.0,95218.0,59543.0,48047.0,44651.0,52652.0,74980.0,73530.0,97268.0,100811.0,98946.0,94016.0,89922.0,63142.0,44040.0,65728.0,40691.0,37986.0,42427.0
......7623 Wallis (Unzuteilbar),Art der Auftraggeber - Total,Infrastruktur übriger Verkehr und Kommunikation,Laufendes Jahr - Veränderungsraten,*,-18.73,-48.0,-31.42,33.66,55.83,6.68,-35.55,70.6,11.75,17.42,-16.69,94.88,-21.87,-37.47,-19.31,-7.07,17.92,42.41,-1.93,32.28,3.64,-1.85,-4.98,-4.35,-29.78,-30.25,49.25,-38.09,-6.65,11.69
......7623 Wallis (Unzuteilbar),Art der Auftraggeber - Total,Infrastruktur übriger Verkehr und Kommunikation,Folgejahr (Arbeitsvorrat) - Absolute Werte,48659,30448.0,36288.0,14442.0,48991.0,56996.0,53765.0,44012.0,62836.0,60239.0,107205.0,97330.0,92253.0,66092.0,65927.0,53903.0,32104.0,44346.0,79995.0,98734.0,116218.0,119583.0,106818.0,114589.0,70624.0,55216.0,53814.0,202109.0,39009.0,42003.0,42809.0
......7623 Wallis (Unzuteilbar),Art der Auftraggeber - Total,Infrastruktur übriger Verkehr und Kommunikation,Folgejahr (Arbeitsvorrat) - Veränderungsraten,*,-37.43,19.18,-60.2,239.23,16.34,-5.67,-18.14,42.77,-4.13,77.97,-9.21,-5.22,-28.36,-0.25,-18.24,-40.44,38.13,80.39,23.43,17.71,2.9,-10.67,7.27,-38.37,-21.82,-2.54,275.57,-80.7,7.68,1.92
......7623 Wallis (Unzuteilbar),Art der Auftraggeber - Total,"Bildung, Forschung",Laufendes Jahr - Absolute Werte,10250,5980.0,0.0,0.0,0.0,0.0,550.0,0.0,50.0,0.0,0.0,0.0,0.0,1966.0,511.0,2812.0,416.0,0.0,0.0,0.0,0.0,0.0,0.0,0.0,0.0,0.0,0.0,0.0,0.0,0.0,0.0
......7623 Wallis (Unzuteilbar),Art der Auftraggeber - Total,"Bildung, Forschung",Laufendes Jahr - Veränderungsraten,*,-41.66,-100.0,0.0,0.0,0.0,0.0,0.0,0.0,0.0,0.0,0.0,0.0,0.0,-74.01,450.29,-85.21,0.0,0.0,0.0,0.0,0.0,0.0,0.0,0.0,0.0,0.0,0.0,0.0,0.0,0.0
......7623 Wallis (Unzuteilbar),Art der Auftraggeber - Total,"Bildung, Forschung",Folgejahr (Arbeitsvorrat) - Absolute Werte,6400,740.0,0.0,0.0,0.0,0.0,0.0,0.0,600.0,0.0,0.0,0.0,0.0,4006.0,3300.0,8947.0,0.0,0.0,0.0,0.0,0.0,0.0,0.0,0.0,0.0,0.0,0.0,0.0,0.0,0.0,0.0
......7623 Wallis (Unzuteilbar),Art der Auftraggeber - Total,"Bildung, Forschung",Folgejahr (Arbeitsvorrat) - Veränderungsraten,*,-88.44,-100.0,0.0,0.0,0.0,0.0,0.0,0.0,0.0,0.0,0.0,0.0,0.0,-17.62,171.12,-100.0,0.0,0.0,0.0,0.0,0.0,0.0,0.0,0.0,0.0,0.0,0.0,0.0,0.0,0.0
......7623 Wallis (Unzuteilbar),Art der Auftraggeber - Total,Gesundheit,Laufendes Jahr - Absolute Werte,0,0.0,0.0,0.0,0.0,0.0,0.0,0.0,0.0,0.0,0.0,0.0,0.0,954.0,114.0,201.0,473.0,0.0,0.0,0.0,0.0,0.0,0.0,0.0,0.0,0.0,0.0,0.0,0.0,0.0,0.0
......7623 Wallis (Unzuteilbar),Art der Auftraggeber - Total,Gesundheit,Laufendes Jahr - Veränderungsraten,*,0.0,0.0,0.0,0.0,0.0,0.0,0.0,0.0,0.0,0.0,0.0,0.0,0.0,-88.05,76.32,135.32,0.0,0.0,0.0,0.0,0.0,0.0,0.0,0.0,0.0,0.0,0.0,0.0,0.0,0.0
......7623 Wallis (Unzuteilbar),Art der Auftraggeber - Total,Gesundheit,Folgejahr (Arbeitsvorrat) - Absolute Werte,0,0.0,0.0,0.0,0.0,0.0,0.0,0.0,0.0,0.0,0.0,0.0,0.0,220.0,420.0,200.0,800.0,0.0,0.0,0.0,0.0,0.0,0.0,0.0,0.0,0.0,0.0,0.0,0.0,0.0,0.0
......7623 Wallis (Unzuteilbar),Art der Auftraggeber - Total,Gesundheit,Folgejahr (Arbeitsvorrat) - Veränderungsraten,*,0.0,0.0,0.0,0.0,0.0,0.0,0.0,0.0,0.0,0.0,0.0,0.0,0.0,90.91,-52.38,300.0,0.0,0.0,0.0,0.0,0.0,0.0,0.0,0.0,0.0,0.0,0.0,0.0,0.0,0.0
......7623 Wallis (Unzuteilbar),Art der Auftraggeber - Total,Freizeit und Kultur,Laufendes Jahr - Absolute Werte,0,0.0,1000.0,0.0,0.0,0.0,0.0,1000.0,200.0,0.0,0.0,586.0,0.0,0.0,40.0,25.0,2278.0,10702.0,7650.0,4470.0,5910.0,170.0,100.0,0.0,0.0,0.0,0.0,0.0,0.0,0.0,0.0
......7623 Wallis (Unzuteilbar),Art der Auftraggeber - Total,Freizeit und Kultur,Laufendes Jahr - Veränderungsraten,*,0.0,0.0,-100.0,0.0,0.0,0.0,0.0,-80.0,0.0,0.0,0.0,0.0,0.0,0.0,-37.5,9012.0,369.8,-28.52,-41.57,32.21,-97.12,-41.18,0.0,0.0,0.0,0.0,0.0,0.0,0.0,0.0
......7623 Wallis (Unzuteilbar),Art der Auftraggeber - Total,Freizeit und Kultur,Folgejahr (Arbeitsvorrat) - Absolute Werte,0,0.0,80.0,0.0,0.0,0.0,0.0,0.0,1000.0,0.0,0.0,0.0,0.0,0.0,10.0,0.0,6610.0,6870.0,70.0,6080.0,170.0,100.0,0.0,0.0,0.0,0.0,0.0,0.0,0.0,0.0,0.0
......7623 Wallis (Unzuteilbar),Art der Auftraggeber - Total,Freizeit und Kultur,Folgejahr (Arbeitsvorrat) - Veränderungsraten,*,0.0,0.0,-100.0,0.0,0.0,0.0,0.0,0.0,0.0,0.0,0.0,0.0,0.0,0.0,-100.0,0.0,3.93,-98.98,8585.71,-97.2,-41.18,-100.0,0.0,0.0,0.0,0.0,0.0,0.0,0.0,0.0
......7623 Wallis (Unzuteilbar),Art der Auftraggeber - Total,Uebrige Infrastruktur,Laufendes Jahr - Absolute Werte,23534,10699.0,8343.0,8668.0,6626.0,9213.0,17639.0,9414.0,8000.0,4378.0,12685.0,5798.0,9896.0,15564.0,25730.0,16600.0,13309.0,15933.0,18400.0,14445.0,9221.0,12353.0,23880.0,19920.0,18789.0,21344.0,29440.0,17690.0,15388.0,13254.0,18028.0
......7623 Wallis (Unzuteilbar),Art der Auftraggeber - Total,Uebrige Infrastruktur,Laufendes Jahr - Veränderungsraten,*,-54.54,-22.02,3.9,-23.56,39.04,91.46,-46.63,-15.02,-45.28,189.74,-54.29,70.68,57.28,65.32,-35.48,-19.83,19.72,15.48,-21.49,-36.16,33.97,93.31,-16.58,-5.68,13.6,37.93,-39.91,-13.01,-13.87,36.02
......7623 Wallis (Unzuteilbar),Art der Auftraggeber - Total,Uebrige Infrastruktur,Folgejahr (Arbeitsvorrat) - Absolute Werte,15050,11814.0,6161.0,6379.0,5900.0,11660.0,8858.0,3000.0,3000.0,9432.0,8940.0,14255.0,13464.0,18244.0,25800.0,21720.0,14871.0,14915.0,16189.0,10705.0,33130.0,58000.0,28415.0,18789.0,46832.0,26401.0,25970.0,25258.0,30019.0,36295.0,33162.0
......7623 Wallis (Unzuteilbar),Art der Auftraggeber - Total,Uebrige Infrastruktur,Folgejahr (Arbeitsvorrat) - Veränderungsraten,*,-21.5,-47.85,3.54,-7.51,97.63,-24.03,-66.13,0.0,214.4,-5.22,59.45,-5.55,35.5,41.42,-15.81,-31.53,0.3,8.54,-33.87,209.48,75.07,-51.01,-33.88,149.25,-43.63,-1.63,-2.74,18.85,20.91,-8.63
......7623 Wallis (Unzuteilbar),Art der Auftraggeber - Total,Wohnen,Laufendes Jahr - Absolute Werte,0,0.0,0.0,0.0,0.0,0.0,0.0,0.0,0.0,0.0,0.0,0.0,0.0,0.0,463.0,1130.0,0.0,100.0,200.0,169.0,14.0,561.0,367.0,321.0,540.0,680.0,500.0,0.0,0.0,0.0,0.0
......7623 Wallis (Unzuteilbar),Art der Auftraggeber - Total,Wohnen,Laufendes Jahr - Veränderungsraten,*,0.0,0.0,0.0,0.0,0.0,0.0,0.0,0.0,0.0,0.0,0.0,0.0,0.0,0.0,144.06,-100.0,0.0,100.0,-15.5,-91.72,3907.14,-34.58,-12.53,68.22,25.93,-26.47,0.0,0.0,0.0,0.0
......7623 Wallis (Unzuteilbar),Art der Auftraggeber - Total,Wohnen,Folgejahr (Arbeitsvorrat) - Absolute Werte,0,0.0,0.0,0.0,0.0,0.0,0.0,0.0,0.0,0.0,0.0,0.0,0.0,0.0,463.0,0.0,300.0,526.0,315.0,857.0,846.0,561.0,451.0,546.0,840.0,250.0,0.0,0.0,0.0,0.0,25.0
......7623 Wallis (Unzuteilbar),Art der Auftraggeber - Total,Wohnen,Folgejahr (Arbeitsvorrat) - Veränderungsraten,*,0.0,0.0,0.0,0.0,0.0,0.0,0.0,0.0,0.0,0.0,0.0,0.0,0.0,0.0,-100.0,0.0,75.33,-40.11,172.06,-1.28,-33.69,-19.61,21.06,53.85,-70.24,-100.0,0.0,0.0,0.0,0.0
......7623 Wallis (Unzuteilbar),Art der Auftraggeber - Total,Land- und Forstwirtschaft,Laufendes Jahr - Absolute Werte,136,100.0,247.0,191.0,200.0,0.0,2539.0,0.0,0.0,0.0,0.0,118.0,187.0,653.0,97.0,54.0,90.0,837.0,1765.0,0.0,0.0,0.0,0.0,0.0,0.0,0.0,0.0,89.0,0.0,0.0,0.0
......7623 Wallis (Unzuteilbar),Art der Auftraggeber - Total,Land- und Forstwirtschaft,Laufendes Jahr - Veränderungsraten,*,-26.47,147.0,-22.67,4.71,-100.0,0.0,0.0,0.0,0.0,0.0,0.0,58.47,249.2,-85.15,-44.33,66.67,830.0,110.87,0.0,0.0,0.0,0.0,0.0,0.0,0.0,0.0,0.0,-100.0,0.0,0.0
......7623 Wallis (Unzuteilbar),Art der Auftraggeber - Total,Land- und Forstwirtschaft,Folgejahr (Arbeitsvorrat) - Absolute Werte,301,368.0,60.0,340.0,200.0,0.0,0.0,0.0,0.0,0.0,0.0,40.0,100.0,336.0,41.0,30.0,30.0,279.0,885.0,0.0,0.0,0.0,0.0,0.0,0.0,0.0,200.0,20.0,0.0,0.0,0.0
......7623 Wallis (Unzuteilbar),Art der Auftraggeber - Total,Land- und Forstwirtschaft,Folgejahr (Arbeitsvorrat) - Veränderungsraten,*,22.26,-83.7,466.67,-41.18,-100.0,0.0,0.0,0.0,0.0,0.0,0.0,150.0,236.0,-87.8,-26.83,0.0,830.0,217.2,0.0,0.0,0.0,0.0,0.0,0.0,0.0,0.0,-90.0,-100.0,0.0,0.0
......7623 Wallis (Unzuteilbar),Art der Auftraggeber - Total,"Industrie, Gewerbe und Dienstleistungen",Laufendes Jahr - Absolute Werte,0,0.0,71.0,0.0,0.0,0.0,2.0,0.0,0.0,0.0,0.0,610.0,0.0,0.0,3.0,300.0,0.0,0.0,0.0,0.0,0.0,0.0,0.0,0.0,0.0,0.0,0.0,0.0,0.0,0.0,27.0
......7623 Wallis (Unzuteilbar),Art der Auftraggeber - Total,"Industrie, Gewerbe und Dienstleistungen",Laufendes Jahr - Veränderungsraten,*,0.0,0.0,0.0,0.0,0.0,0.0,0.0,0.0,0.0,0.0,0.0,0.0,0.0,0.0,9900.0,0.0,0.0,0.0,0.0,0.0,0.0,0.0,0.0,0.0,0.0,0.0,0.0,0.0,0.0,0.0
......7623 Wallis (Unzuteilbar),Art der Auftraggeber - Total,"Industrie, Gewerbe und Dienstleistungen",Folgejahr (Arbeitsvorrat) - Absolute Werte,0,0.0,0.0,0.0,0.0,0.0,0.0,0.0,0.0,0.0,0.0,0.0,0.0,0.0,0.0,0.0,0.0,0.0,0.0,0.0,0.0,0.0,0.0,0.0,0.0,0.0,0.0,0.0,30.0,480.0,300.0
......7623 Wallis (Unzuteilbar),Art der Auftraggeber - Total,"Industrie, Gewerbe und Dienstleistungen",Folgejahr (Arbeitsvorrat) - Veränderungsraten,*,0.0,0.0,0.0,0.0,0.0,0.0,0.0,0.0,0.0,0.0,0.0,0.0,0.0,0.0,0.0,0.0,0.0,0.0,0.0,0.0,0.0,0.0,0.0,0.0,0.0,0.0,0.0,0.0,1500.0,-37.5
......7623 Wallis (Unzuteilbar),Oeffentliche Auftraggeber,Kategorie der Bauwerke - Total,Laufendes Jahr - Absolute Werte,315132,156848.0,127536.0,89834.0,96065.0,137033.0,148974.0,114723.0,244166.0,190877.0,212029.0,219412.0,157943.0,283026.0,216341.0,313585.0,326283.0,298917.0,392489.0,390834.0,463377.0,440612.0,367567.0,318613.0,364569.0,373913.0,362524.0,412928.0,328404.0,311625.0,283230.0
......7623 Wallis (Unzuteilbar),Oeffentliche Auftraggeber,Kategorie der Bauwerke - Total,Laufendes Jahr - Veränderungsraten,*,-50.23,-18.69,-29.56,6.94,42.65,8.71,-22.99,112.83,-21.82,11.08,3.48,-28.02,79.2,-23.56,44.95,4.05,-8.39,31.3,-0.42,18.56,-4.91,-16.58,-13.32,14.42,2.56,-3.05,13.9,-20.47,-5.11,-9.11
......7623 Wallis (Unzuteilbar),Oeffentliche Auftraggeber,Kategorie der Bauwerke - Total,Folgejahr (Arbeitsvorrat) - Absolute Werte,254943,126696.0,117966.0,72677.0,143011.0,152915.0,137712.0,110828.0,201150.0,164091.0,237388.0,243650.0,263516.0,369148.0,233755.0,377605.0,322191.0,323906.0,383113.0,526216.0,551857.0,496611.0,464738.0,399978.0,414947.0,416162.0,429395.0,504824.0,367567.0,344365.0,340705.0
......7623 Wallis (Unzuteilbar),Oeffentliche Auftraggeber,Kategorie der Bauwerke - Total,Folgejahr (Arbeitsvorrat) - Veränderungsraten,*,-50.3,-6.89,-38.39,96.78,6.93,-9.94,-19.52,81.5,-18.42,44.67,2.64,8.15,40.09,-36.68,61.54,-14.68,0.53,18.28,37.35,4.87,-10.01,-6.42,-13.93,3.74,0.29,3.18,17.57,-27.19,-6.31,-1.06
......7623 Wallis (Unzuteilbar),Oeffentliche Auftraggeber,Infrastruktur Versorgung,Laufendes Jahr - Absolute Werte,2321,3417.0,11765.0,13687.0,7936.0,6539.0,29.0,0.0,254.0,363.0,5010.0,439.0,3857.0,9549.0,1254.0,1664.0,4087.0,3021.0,3943.0,2240.0,2875.0,2986.0,5141.0,4555.0,31707.0,39809.0,34536.0,10116.0,20742.0,13251.0,1662.0
......7623 Wallis (Unzuteilbar),Oeffentliche Auftraggeber,Infrastruktur Versorgung,Laufendes Jahr - Veränderungsraten,*,47.22,244.31,16.34,-42.02,-17.6,-99.56,-100.0,0.0,42.91,1280.17,-91.24,778.59,147.58,-86.87,32.7,145.61,-26.08,30.52,-43.19,28.35,3.86,72.17,-11.4,596.09,25.55,-13.25,-70.71,105.04,-36.12,-87.46
......7623 Wallis (Unzuteilbar),Oeffentliche Auftraggeber,Infrastruktur Versorgung,Folgejahr (Arbeitsvorrat) - Absolute Werte,5049,5150.0,15450.0,6649.0,5744.0,5065.0,0.0,0.0,1430.0,3035.0,3189.0,2309.0,8273.0,27760.0,4171.0,3623.0,1429.0,5100.0,1739.0,69666.0,4919.0,6440.0,9085.0,16093.0,36110.0,46252.0,33795.0,9320.0,17227.0,1728.0,2086.0
......7623 Wallis (Unzuteilbar),Oeffentliche Auftraggeber,Infrastruktur Versorgung,Folgejahr (Arbeitsvorrat) - Veränderungsraten,*,2.0,200.0,-56.96,-13.61,-11.82,-100.0,0.0,0.0,112.24,5.07,-27.59,258.29,235.55,-84.97,-13.14,-60.56,256.89,-65.9,3906.1,-92.94,30.92,41.07,77.14,124.38,28.09,-26.93,-72.42,84.84,-89.97,20.72
......7623 Wallis (Unzuteilbar),Oeffentliche Auftraggeber,Infrastruktur Entsorgung,Laufendes Jahr - Absolute Werte,17743,10494.0,8364.0,5360.0,5500.0,3200.0,2573.0,1300.0,700.0,550.0,0.0,0.0,0.0,0.0,0.0,0.0,0.0,0.0,0.0,0.0,0.0,0.0,0.0,0.0,0.0,0.0,0.0,0.0,0.0,0.0,0.0
......7623 Wallis (Unzuteilbar),Oeffentliche Auftraggeber,Infrastruktur Entsorgung,Laufendes Jahr - Veränderungsraten,*,-40.86,-20.3,-35.92,2.61,-41.82,-19.59,-49.48,-46.15,-21.43,0.0,0.0,0.0,0.0,0.0,0.0,0.0,0.0,0.0,0.0,0.0,0.0,0.0,0.0,0.0,0.0,0.0,0.0,0.0,0.0,0.0
......7623 Wallis (Unzuteilbar),Oeffentliche Auftraggeber,Infrastruktur Entsorgung,Folgejahr (Arbeitsvorrat) - Absolute Werte,8235,8287.0,4700.0,5500.0,4500.0,3300.0,1800.0,500.0,450.0,0.0,0.0,0.0,0.0,0.0,0.0,0.0,0.0,0.0,0.0,0.0,0.0,0.0,0.0,0.0,0.0,0.0,0.0,0.0,0.0,0.0,0.0
......7623 Wallis (Unzuteilbar),Oeffentliche Auftraggeber,Infrastruktur Entsorgung,Folgejahr (Arbeitsvorrat) - Veränderungsraten,*,0.63,-43.28,17.02,-18.18,-26.67,-45.45,-72.22,-10.0,-100.0,0.0,0.0,0.0,0.0,0.0,0.0,0.0,0.0,0.0,0.0,0.0,0.0,0.0,0.0,0.0,0.0,0.0,0.0,0.0,0.0,0.0
......7623 Wallis (Unzuteilbar),Oeffentliche Auftraggeber,Infrastruktur Strassenverkehr,Laufendes Jahr - Absolute Werte,186877,64288.0,66861.0,44717.0,51515.0,70324.0,76474.0,72659.0,184683.0,129234.0,144310.0,174198.0,81552.0,202796.0,139627.0,249736.0,270693.0,230380.0,299098.0,301389.0,355186.0,340521.0,251627.0,216603.0,239388.0,252836.0,254046.0,319711.0,254971.0,249130.0,225471.0
......7623 Wallis (Unzuteilbar),Oeffentliche Auftraggeber,Infrastruktur Strassenverkehr,Laufendes Jahr - Veränderungsraten,*,-65.6,4.0,-33.12,15.2,36.51,8.75,-4.99,154.18,-30.02,11.67,20.71,-53.18,148.67,-31.15,78.86,8.39,-14.89,29.83,0.77,17.85,-4.13,-26.11,-13.92,10.52,5.62,0.48,25.85,-20.25,-2.29,-9.5
......7623 Wallis (Unzuteilbar),Oeffentliche Auftraggeber,Infrastruktur Strassenverkehr,Folgejahr (Arbeitsvorrat) - Absolute Werte,175591,71490.0,56152.0,41490.0,78067.0,76424.0,77173.0,65229.0,134560.0,120424.0,173290.0,189698.0,184312.0,269363.0,145583.0,296272.0,275899.0,258840.0,285157.0,346566.0,399529.0,321572.0,338058.0,266666.0,265641.0,289234.0,320974.0,273063.0,283575.0,267158.0,267631.0
......7623 Wallis (Unzuteilbar),Oeffentliche Auftraggeber,Infrastruktur Strassenverkehr,Folgejahr (Arbeitsvorrat) - Veränderungsraten,*,-59.29,-21.45,-26.11,88.16,-2.1,0.98,-15.48,106.29,-10.51,43.9,9.47,-2.84,46.15,-45.95,103.51,-6.88,-6.18,10.17,21.54,15.28,-19.51,5.13,-21.12,-0.38,8.88,10.97,-14.93,3.85,-5.79,0.18
......7623 Wallis (Unzuteilbar),Oeffentliche Auftraggeber,Infrastruktur übriger Verkehr und Kommunikation,Laufendes Jahr - Absolute Werte,74532,62015.0,30942.0,17211.0,24288.0,48027.0,49175.0,30350.0,50279.0,56352.0,50024.0,38273.0,62451.0,51544.0,48502.0,42028.0,37215.0,48646.0,69083.0,72591.0,96081.0,84191.0,86552.0,77214.0,74145.0,59244.0,44002.0,65411.0,37303.0,35990.0,38069.0
......7623 Wallis (Unzuteilbar),Oeffentliche Auftraggeber,Infrastruktur übriger Verkehr und Kommunikation,Laufendes Jahr - Veränderungsraten,*,-16.79,-50.11,-44.38,41.12,97.74,2.39,-38.28,65.66,12.08,-11.23,-23.49,63.17,-17.46,-5.9,-13.35,-11.45,30.72,42.01,5.08,32.36,-12.37,2.8,-10.79,-3.97,-20.1,-25.73,48.65,-42.97,-3.52,5.78
......7623 Wallis (Unzuteilbar),Oeffentliche Auftraggeber,Infrastruktur übriger Verkehr und Kommunikation,Folgejahr (Arbeitsvorrat) - Absolute Werte,44578,28853.0,35363.0,12319.0,48600.0,56476.0,49881.0,42099.0,60110.0,31200.0,51969.0,37348.0,57367.0,49219.0,53967.0,46813.0,28862.0,44246.0,78828.0,98422.0,113433.0,110038.0,88729.0,97884.0,65524.0,54025.0,48656.0,197183.0,36746.0,39184.0,37826.0
......7623 Wallis (Unzuteilbar),Oeffentliche Auftraggeber,Infrastruktur übriger Verkehr und Kommunikation,Folgejahr (Arbeitsvorrat) - Veränderungsraten,*,-35.28,22.56,-65.16,294.51,16.21,-11.68,-15.6,42.78,-48.1,66.57,-28.13,53.6,-14.2,9.65,-13.26,-38.35,53.3,78.16,24.86,15.25,-2.99,-19.37,10.32,-33.06,-17.55,-9.94,305.26,-81.36,6.63,-3.47
......7623 Wallis (Unzuteilbar),Oeffentliche Auftraggeber,"Bildung, Forschung",Laufendes Jahr - Absolute Werte,10250,5980.0,0.0,0.0,0.0,0.0,550.0,0.0,50.0,0.0,0.0,0.0,0.0,1966.0,511.0,2812.0,416.0,0.0,0.0,0.0,0.0,0.0,0.0,0.0,0.0,0.0,0.0,0.0,0.0,0.0,0.0
......7623 Wallis (Unzuteilbar),Oeffentliche Auftraggeber,"Bildung, Forschung",Laufendes Jahr - Veränderungsraten,*,-41.66,-100.0,0.0,0.0,0.0,0.0,0.0,0.0,0.0,0.0,0.0,0.0,0.0,-74.01,450.29,-85.21,0.0,0.0,0.0,0.0,0.0,0.0,0.0,0.0,0.0,0.0,0.0,0.0,0.0,0.0
......7623 Wallis (Unzuteilbar),Oeffentliche Auftraggeber,"Bildung, Forschung",Folgejahr (Arbeitsvorrat) - Absolute Werte,6400,740.0,0.0,0.0,0.0,0.0,0.0,0.0,600.0,0.0,0.0,0.0,0.0,4006.0,3300.0,8947.0,0.0,0.0,0.0,0.0,0.0,0.0,0.0,0.0,0.0,0.0,0.0,0.0,0.0,0.0,0.0
......7623 Wallis (Unzuteilbar),Oeffentliche Auftraggeber,"Bildung, Forschung",Folgejahr (Arbeitsvorrat) - Veränderungsraten,*,-88.44,-100.0,0.0,0.0,0.0,0.0,0.0,0.0,0.0,0.0,0.0,0.0,0.0,-17.62,171.12,-100.0,0.0,0.0,0.0,0.0,0.0,0.0,0.0,0.0,0.0,0.0,0.0,0.0,0.0,0.0
......7623 Wallis (Unzuteilbar),Oeffentliche Auftraggeber,Gesundheit,Laufendes Jahr - Absolute Werte,0,0.0,0.0,0.0,0.0,0.0,0.0,0.0,0.0,0.0,0.0,0.0,0.0,954.0,114.0,201.0,473.0,0.0,0.0,0.0,0.0,0.0,0.0,0.0,0.0,0.0,0.0,0.0,0.0,0.0,0.0
......7623 Wallis (Unzuteilbar),Oeffentliche Auftraggeber,Gesundheit,Laufendes Jahr - Veränderungsraten,*,0.0,0.0,0.0,0.0,0.0,0.0,0.0,0.0,0.0,0.0,0.0,0.0,0.0,-88.05,76.32,135.32,0.0,0.0,0.0,0.0,0.0,0.0,0.0,0.0,0.0,0.0,0.0,0.0,0.0,0.0
......7623 Wallis (Unzuteilbar),Oeffentliche Auftraggeber,Gesundheit,Folgejahr (Arbeitsvorrat) - Absolute Werte,0,0.0,0.0,0.0,0.0,0.0,0.0,0.0,0.0,0.0,0.0,0.0,0.0,220.0,420.0,200.0,800.0,0.0,0.0,0.0,0.0,0.0,0.0,0.0,0.0,0.0,0.0,0.0,0.0,0.0,0.0
......7623 Wallis (Unzuteilbar),Oeffentliche Auftraggeber,Gesundheit,Folgejahr (Arbeitsvorrat) - Veränderungsraten,*,0.0,0.0,0.0,0.0,0.0,0.0,0.0,0.0,0.0,0.0,0.0,0.0,0.0,90.91,-52.38,300.0,0.0,0.0,0.0,0.0,0.0,0.0,0.0,0.0,0.0,0.0,0.0,0.0,0.0,0.0
......7623 Wallis (Unzuteilbar),Oeffentliche Auftraggeber,Freizeit und Kultur,Laufendes Jahr - Absolute Werte,0,0.0,1000.0,0.0,0.0,0.0,0.0,1000.0,200.0,0.0,0.0,586.0,0.0,0.0,40.0,25.0,0.0,0.0,0.0,0.0,0.0,0.0,0.0,0.0,0.0,0.0,0.0,0.0,0.0,0.0,0.0
......7623 Wallis (Unzuteilbar),Oeffentliche Auftraggeber,Freizeit und Kultur,Laufendes Jahr - Veränderungsraten,*,0.0,0.0,-100.0,0.0,0.0,0.0,0.0,-80.0,0.0,0.0,0.0,0.0,0.0,0.0,-37.5,0.0,0.0,0.0,0.0,0.0,0.0,0.0,0.0,0.0,0.0,0.0,0.0,0.0,0.0,0.0
......7623 Wallis (Unzuteilbar),Oeffentliche Auftraggeber,Freizeit und Kultur,Folgejahr (Arbeitsvorrat) - Absolute Werte,0,0.0,80.0,0.0,0.0,0.0,0.0,0.0,1000.0,0.0,0.0,0.0,0.0,0.0,10.0,0.0,0.0,0.0,0.0,0.0,0.0,0.0,0.0,0.0,0.0,0.0,0.0,0.0,0.0,0.0,0.0
......7623 Wallis (Unzuteilbar),Oeffentliche Auftraggeber,Freizeit und Kultur,Folgejahr (Arbeitsvorrat) - Veränderungsraten,*,0.0,0.0,-100.0,0.0,0.0,0.0,0.0,0.0,0.0,0.0,0.0,0.0,0.0,0.0,-100.0,0.0,0.0,0.0,0.0,0.0,0.0,0.0,0.0,0.0,0.0,0.0,0.0,0.0,0.0,0.0
......7623 Wallis (Unzuteilbar),Oeffentliche Auftraggeber,Uebrige Infrastruktur,Laufendes Jahr - Absolute Werte,23273,10554.0,8286.0,8668.0,6626.0,8943.0,17634.0,9414.0,8000.0,4378.0,12685.0,5798.0,9896.0,15564.0,25730.0,16175.0,13309.0,15933.0,18400.0,14445.0,9221.0,12353.0,23880.0,19920.0,18789.0,21344.0,29440.0,17690.0,15388.0,13254.0,18028.0
......7623 Wallis (Unzuteilbar),Oeffentliche Auftraggeber,Uebrige Infrastruktur,Laufendes Jahr - Veränderungsraten,*,-54.65,-21.49,4.61,-23.56,34.97,97.18,-46.61,-15.02,-45.28,189.74,-54.29,70.68,57.28,65.32,-37.14,-17.72,19.72,15.48,-21.49,-36.16,33.97,93.31,-16.58,-5.68,13.6,37.93,-39.91,-13.01,-13.87,36.02
......7623 Wallis (Unzuteilbar),Oeffentliche Auftraggeber,Uebrige Infrastruktur,Folgejahr (Arbeitsvorrat) - Absolute Werte,14899,11808.0,6161.0,6379.0,5900.0,11650.0,8858.0,3000.0,3000.0,9432.0,8940.0,14255.0,13464.0,18244.0,25800.0,21720.0,14871.0,14915.0,16189.0,10705.0,33130.0,58000.0,28415.0,18789.0,46832.0,26401.0,25970.0,25258.0,30019.0,36295.0,33162.0
......7623 Wallis (Unzuteilbar),Oeffentliche Auftraggeber,Uebrige Infrastruktur,Folgejahr (Arbeitsvorrat) - Veränderungsraten,*,-20.75,-47.82,3.54,-7.51,97.46,-23.97,-66.13,0.0,214.4,-5.22,59.45,-5.55,35.5,41.42,-15.81,-31.53,0.3,8.54,-33.87,209.48,75.07,-51.01,-33.88,149.25,-43.63,-1.63,-2.74,18.85,20.91,-8.63
......7623 Wallis (Unzuteilbar),Oeffentliche Auftraggeber,Wohnen,Laufendes Jahr - Absolute Werte,0,0.0,0.0,0.0,0.0,0.0,0.0,0.0,0.0,0.0,0.0,0.0,0.0,0.0,463.0,870.0,0.0,100.0,200.0,169.0,14.0,561.0,367.0,321.0,540.0,680.0,500.0,0.0,0.0,0.0,0.0
......7623 Wallis (Unzuteilbar),Oeffentliche Auftraggeber,Wohnen,Laufendes Jahr - Veränderungsraten,*,0.0,0.0,0.0,0.0,0.0,0.0,0.0,0.0,0.0,0.0,0.0,0.0,0.0,0.0,87.9,-100.0,0.0,100.0,-15.5,-91.72,3907.14,-34.58,-12.53,68.22,25.93,-26.47,0.0,0.0,0.0,0.0
......7623 Wallis (Unzuteilbar),Oeffentliche Auftraggeber,Wohnen,Folgejahr (Arbeitsvorrat) - Absolute Werte,0,0.0,0.0,0.0,0.0,0.0,0.0,0.0,0.0,0.0,0.0,0.0,0.0,0.0,463.0,0.0,300.0,526.0,315.0,857.0,846.0,561.0,451.0,546.0,840.0,250.0,0.0,0.0,0.0,0.0,0.0
......7623 Wallis (Unzuteilbar),Oeffentliche Auftraggeber,Wohnen,Folgejahr (Arbeitsvorrat) - Veränderungsraten,*,0.0,0.0,0.0,0.0,0.0,0.0,0.0,0.0,0.0,0.0,0.0,0.0,0.0,0.0,-100.0,0.0,75.33,-40.11,172.06,-1.28,-33.69,-19.61,21.06,53.85,-70.24,-100.0,0.0,0.0,0.0,0.0
......7623 Wallis (Unzuteilbar),Oeffentliche Auftraggeber,Land- und Forstwirtschaft,Laufendes Jahr - Absolute Werte,136,100.0,247.0,191.0,200.0,0.0,2539.0,0.0,0.0,0.0,0.0,118.0,187.0,653.0,97.0,54.0,90.0,837.0,1765.0,0.0,0.0,0.0,0.0,0.0,0.0,0.0,0.0,0.0,0.0,0.0,0.0
......7623 Wallis (Unzuteilbar),Oeffentliche Auftraggeber,Land- und Forstwirtschaft,Laufendes Jahr - Veränderungsraten,*,-26.47,147.0,-22.67,4.71,-100.0,0.0,0.0,0.0,0.0,0.0,0.0,58.47,249.2,-85.15,-44.33,66.67,830.0,110.87,0.0,0.0,0.0,0.0,0.0,0.0,0.0,0.0,0.0,0.0,0.0,0.0
......7623 Wallis (Unzuteilbar),Oeffentliche Auftraggeber,Land- und Forstwirtschaft,Folgejahr (Arbeitsvorrat) - Absolute Werte,191,368.0,60.0,340.0,200.0,0.0,0.0,0.0,0.0,0.0,0.0,40.0,100.0,336.0,41.0,30.0,30.0,279.0,885.0,0.0,0.0,0.0,0.0,0.0,0.0,0.0,0.0,0.0,0.0,0.0,0.0
......7623 Wallis (Unzuteilbar),Oeffentliche Auftraggeber,Land- und Forstwirtschaft,Folgejahr (Arbeitsvorrat) - Veränderungsraten,*,92.67,-83.7,466.67,-41.18,-100.0,0.0,0.0,0.0,0.0,0.0,0.0,150.0,236.0,-87.8,-26.83,0.0,830.0,217.2,0.0,0.0,0.0,0.0,0.0,0.0,0.0,0.0,0.0,0.0,0.0,0.0
......7623 Wallis (Unzuteilbar),Oeffentliche Auftraggeber,"Industrie, Gewerbe und Dienstleistungen",Laufendes Jahr - Absolute Werte,0,0.0,71.0,0.0,0.0,0.0,0.0,0.0,0.0,0.0,0.0,0.0,0.0,0.0,3.0,20.0,0.0,0.0,0.0,0.0,0.0,0.0,0.0,0.0,0.0,0.0,0.0,0.0,0.0,0.0,0.0
......7623 Wallis (Unzuteilbar),Oeffentliche Auftraggeber,"Industrie, Gewerbe und Dienstleistungen",Laufendes Jahr - Veränderungsraten,*,0.0,0.0,0.0,0.0,0.0,0.0,0.0,0.0,0.0,0.0,0.0,0.0,0.0,0.0,566.67,0.0,0.0,0.0,0.0,0.0,0.0,0.0,0.0,0.0,0.0,0.0,0.0,0.0,0.0,0.0
......7623 Wallis (Unzuteilbar),Oeffentliche Auftraggeber,"Industrie, Gewerbe und Dienstleistungen",Folgejahr (Arbeitsvorrat) - Absolute Werte,0,0.0,0.0,0.0,0.0,0.0,0.0,0.0,0.0,0.0,0.0,0.0,0.0,0.0,0.0,0.0,0.0,0.0,0.0,0.0,0.0,0.0,0.0,0.0,0.0,0.0,0.0,0.0,0.0,0.0,0.0
......7623 Wallis (Unzuteilbar),Oeffentliche Auftraggeber,"Industrie, Gewerbe und Dienstleistungen",Folgejahr (Arbeitsvorrat) - Veränderungsraten,*,0.0,0.0,0.0,0.0,0.0,0.0,0.0,0.0,0.0,0.0,0.0,0.0,0.0,0.0,0.0,0.0,0.0,0.0,0.0,0.0,0.0,0.0,0.0,0.0,0.0,0.0,0.0,0.0,0.0,0.0
......7623 Wallis (Unzuteilbar),Private Auftraggeber,Kategorie der Bauwerke - Total,Laufendes Jahr - Absolute Werte,208514,244288.0,355411.0,288725.0,314384.0,33940.0,30171.0,27980.0,30453.0,31136.0,42965.0,41717.0,78216.0,66345.0,33516.0,16805.0,22088.0,21134.0,18074.0,16795.0,12536.0,51442.0,73117.0,53800.0,56916.0,24855.0,47385.0,54487.0,57600.0,29392.0,20498.0
......7623 Wallis (Unzuteilbar),Private Auftraggeber,Kategorie der Bauwerke - Total,Laufendes Jahr - Veränderungsraten,*,17.16,45.49,-18.76,8.89,-89.2,-11.1,-7.26,8.84,2.24,37.99,-2.9,87.49,-15.18,-49.48,-49.86,31.44,-4.32,-14.48,-7.08,-25.36,310.35,42.13,-26.42,5.79,-56.33,90.65,14.99,5.71,-48.97,-30.26
......7623 Wallis (Unzuteilbar),Private Auftraggeber,Kategorie der Bauwerke - Total,Folgejahr (Arbeitsvorrat) - Absolute Werte,225405,335187.0,349335.0,303426.0,38941.0,11241.0,12633.0,11349.0,12559.0,38931.0,63273.0,65658.0,45957.0,27327.0,16750.0,19709.0,18854.0,14615.0,4395.0,19726.0,56052.0,56577.0,64973.0,97512.0,38518.0,45928.0,59860.0,43283.0,29136.0,19704.0,15474.0
......7623 Wallis (Unzuteilbar),Private Auftraggeber,Kategorie der Bauwerke - Total,Folgejahr (Arbeitsvorrat) - Veränderungsraten,*,48.7,4.22,-13.14,-87.17,-71.13,12.38,-10.16,10.66,209.98,62.53,3.77,-30.01,-40.54,-38.71,17.67,-4.34,-22.48,-69.93,348.83,184.15,0.94,14.84,50.08,-60.5,19.24,30.33,-27.69,-32.68,-32.37,-21.47
......7623 Wallis (Unzuteilbar),Private Auftraggeber,Infrastruktur Versorgung,Laufendes Jahr - Absolute Werte,201981,240491.0,352151.0,282519.0,307373.0,32924.0,27310.0,24795.0,23522.0,23556.0,17917.0,16841.0,18790.0,22671.0,22475.0,9821.0,12374.0,6426.0,4527.0,11386.0,5439.0,34652.0,60623.0,36998.0,41139.0,20957.0,47347.0,54081.0,54212.0,27396.0,16113.0
......7623 Wallis (Unzuteilbar),Private Auftraggeber,Infrastruktur Versorgung,Laufendes Jahr - Veränderungsraten,*,19.07,46.43,-19.77,8.8,-89.29,-17.05,-9.21,-5.13,0.14,-23.94,-6.01,11.57,20.65,-0.86,-56.3,26.0,-48.07,-29.55,151.51,-52.23,537.1,74.95,-38.97,11.19,-49.06,125.92,14.22,0.24,-49.47,-41.18
......7623 Wallis (Unzuteilbar),Private Auftraggeber,Infrastruktur Versorgung,Folgejahr (Arbeitsvorrat) - Absolute Werte,221063,333586.0,348410.0,301303.0,38550.0,10711.0,8749.0,9436.0,9833.0,9892.0,8037.0,5676.0,11071.0,10454.0,4790.0,12619.0,9002.0,7645.0,3158.0,13334.0,53097.0,46932.0,46884.0,80807.0,33418.0,44737.0,54502.0,38337.0,26843.0,16405.0,10166.0
......7623 Wallis (Unzuteilbar),Private Auftraggeber,Infrastruktur Versorgung,Folgejahr (Arbeitsvorrat) - Veränderungsraten,*,50.9,4.44,-13.52,-87.21,-72.22,-18.32,7.85,4.21,0.6,-18.75,-29.38,95.05,-5.57,-54.18,163.44,-28.66,-15.07,-58.69,322.23,298.21,-11.61,-0.1,72.36,-58.64,33.87,21.83,-29.66,-29.98,-38.89,-38.03
......7623 Wallis (Unzuteilbar),Private Auftraggeber,Infrastruktur Entsorgung,Laufendes Jahr - Absolute Werte,0,0.0,0.0,0.0,0.0,0.0,0.0,0.0,0.0,0.0,0.0,0.0,0.0,0.0,0.0,0.0,0.0,0.0,0.0,0.0,0.0,0.0,0.0,0.0,0.0,0.0,0.0,0.0,0.0,0.0,0.0
......7623 Wallis (Unzuteilbar),Private Auftraggeber,Infrastruktur Entsorgung,Laufendes Jahr - Veränderungsraten,*,0.0,0.0,0.0,0.0,0.0,0.0,0.0,0.0,0.0,0.0,0.0,0.0,0.0,0.0,0.0,0.0,0.0,0.0,0.0,0.0,0.0,0.0,0.0,0.0,0.0,0.0,0.0,0.0,0.0,0.0
......7623 Wallis (Unzuteilbar),Private Auftraggeber,Infrastruktur Entsorgung,Folgejahr (Arbeitsvorrat) - Absolute Werte,0,0.0,0.0,0.0,0.0,0.0,0.0,0.0,0.0,0.0,0.0,0.0,0.0,0.0,0.0,0.0,0.0,0.0,0.0,0.0,0.0,0.0,0.0,0.0,0.0,0.0,0.0,0.0,0.0,0.0,0.0
......7623 Wallis (Unzuteilbar),Private Auftraggeber,Infrastruktur Entsorgung,Folgejahr (Arbeitsvorrat) - Veränderungsraten,*,0.0,0.0,0.0,0.0,0.0,0.0,0.0,0.0,0.0,0.0,0.0,0.0,0.0,0.0,0.0,0.0,0.0,0.0,0.0,0.0,0.0,0.0,0.0,0.0,0.0,0.0,0.0,0.0,0.0,0.0
......7623 Wallis (Unzuteilbar),Private Auftraggeber,Infrastruktur Strassenverkehr,Laufendes Jahr - Absolute Werte,0,0.0,0.0,0.0,0.0,0.0,0.0,0.0,0.0,0.0,0.0,0.0,0.0,0.0,0.0,0.0,0.0,0.0,0.0,0.0,0.0,0.0,0.0,0.0,0.0,0.0,0.0,0.0,0.0,0.0,0.0
......7623 Wallis (Unzuteilbar),Private Auftraggeber,Infrastruktur Strassenverkehr,Laufendes Jahr - Veränderungsraten,*,0.0,0.0,0.0,0.0,0.0,0.0,0.0,0.0,0.0,0.0,0.0,0.0,0.0,0.0,0.0,0.0,0.0,0.0,0.0,0.0,0.0,0.0,0.0,0.0,0.0,0.0,0.0,0.0,0.0,0.0
......7623 Wallis (Unzuteilbar),Private Auftraggeber,Infrastruktur Strassenverkehr,Folgejahr (Arbeitsvorrat) - Absolute Werte,0,0.0,0.0,0.0,0.0,0.0,0.0,0.0,0.0,0.0,0.0,0.0,0.0,0.0,0.0,0.0,0.0,0.0,0.0,0.0,0.0,0.0,0.0,0.0,0.0,0.0,0.0,0.0,0.0,0.0,0.0
......7623 Wallis (Unzuteilbar),Private Auftraggeber,Infrastruktur Strassenverkehr,Folgejahr (Arbeitsvorrat) - Veränderungsraten,*,0.0,0.0,0.0,0.0,0.0,0.0,0.0,0.0,0.0,0.0,0.0,0.0,0.0,0.0,0.0,0.0,0.0,0.0,0.0,0.0,0.0,0.0,0.0,0.0,0.0,0.0,0.0,0.0,0.0,0.0
......7623 Wallis (Unzuteilbar),Private Auftraggeber,Infrastruktur übriger Verkehr und Kommunikation,Laufendes Jahr - Absolute Werte,6272,3652.0,3203.0,6206.0,7011.0,746.0,2854.0,3185.0,6931.0,7580.0,25048.0,24266.0,59426.0,43674.0,11041.0,6019.0,7436.0,4006.0,5897.0,939.0,1187.0,16620.0,12394.0,16802.0,15777.0,3898.0,38.0,317.0,3388.0,1996.0,4358.0
......7623 Wallis (Unzuteilbar),Private Auftraggeber,Infrastruktur übriger Verkehr und Kommunikation,Laufendes Jahr - Veränderungsraten,*,-41.77,-12.29,93.76,12.97,-89.36,282.57,11.6,117.61,9.36,230.45,-3.12,144.89,-26.51,-74.72,-45.49,23.54,-46.13,47.2,-84.08,26.41,1300.17,-25.43,35.57,-6.1,-75.29,-99.03,734.21,968.77,-41.09,118.34
......7623 Wallis (Unzuteilbar),Private Auftraggeber,Infrastruktur übriger Verkehr und Kommunikation,Folgejahr (Arbeitsvorrat) - Absolute Werte,4081,1595.0,925.0,2123.0,391.0,520.0,3884.0,1913.0,2726.0,29039.0,55236.0,59982.0,34886.0,16873.0,11960.0,7090.0,3242.0,100.0,1167.0,312.0,2785.0,9545.0,18089.0,16705.0,5100.0,1191.0,5158.0,4926.0,2263.0,2819.0,4983.0
......7623 Wallis (Unzuteilbar),Private Auftraggeber,Infrastruktur übriger Verkehr und Kommunikation,Folgejahr (Arbeitsvorrat) - Veränderungsraten,*,-60.92,-42.01,129.51,-81.58,32.99,646.92,-50.75,42.5,965.26,90.21,8.59,-41.84,-51.63,-29.12,-40.72,-54.27,-96.92,1067.0,-73.26,792.63,242.73,89.51,-7.65,-69.47,-76.65,333.08,-4.5,-54.06,24.57,76.76
......7623 Wallis (Unzuteilbar),Private Auftraggeber,"Bildung, Forschung",Laufendes Jahr - Absolute Werte,0,0.0,0.0,0.0,0.0,0.0,0.0,0.0,0.0,0.0,0.0,0.0,0.0,0.0,0.0,0.0,0.0,0.0,0.0,0.0,0.0,0.0,0.0,0.0,0.0,0.0,0.0,0.0,0.0,0.0,0.0
......7623 Wallis (Unzuteilbar),Private Auftraggeber,"Bildung, Forschung",Laufendes Jahr - Veränderungsraten,*,0.0,0.0,0.0,0.0,0.0,0.0,0.0,0.0,0.0,0.0,0.0,0.0,0.0,0.0,0.0,0.0,0.0,0.0,0.0,0.0,0.0,0.0,0.0,0.0,0.0,0.0,0.0,0.0,0.0,0.0
......7623 Wallis (Unzuteilbar),Private Auftraggeber,"Bildung, Forschung",Folgejahr (Arbeitsvorrat) - Absolute Werte,0,0.0,0.0,0.0,0.0,0.0,0.0,0.0,0.0,0.0,0.0,0.0,0.0,0.0,0.0,0.0,0.0,0.0,0.0,0.0,0.0,0.0,0.0,0.0,0.0,0.0,0.0,0.0,0.0,0.0,0.0
......7623 Wallis (Unzuteilbar),Private Auftraggeber,"Bildung, Forschung",Folgejahr (Arbeitsvorrat) - Veränderungsraten,*,0.0,0.0,0.0,0.0,0.0,0.0,0.0,0.0,0.0,0.0,0.0,0.0,0.0,0.0,0.0,0.0,0.0,0.0,0.0,0.0,0.0,0.0,0.0,0.0,0.0,0.0,0.0,0.0,0.0,0.0
......7623 Wallis (Unzuteilbar),Private Auftraggeber,Gesundheit,Laufendes Jahr - Absolute Werte,0,0.0,0.0,0.0,0.0,0.0,0.0,0.0,0.0,0.0,0.0,0.0,0.0,0.0,0.0,0.0,0.0,0.0,0.0,0.0,0.0,0.0,0.0,0.0,0.0,0.0,0.0,0.0,0.0,0.0,0.0
......7623 Wallis (Unzuteilbar),Private Auftraggeber,Gesundheit,Laufendes Jahr - Veränderungsraten,*,0.0,0.0,0.0,0.0,0.0,0.0,0.0,0.0,0.0,0.0,0.0,0.0,0.0,0.0,0.0,0.0,0.0,0.0,0.0,0.0,0.0,0.0,0.0,0.0,0.0,0.0,0.0,0.0,0.0,0.0
......7623 Wallis (Unzuteilbar),Private Auftraggeber,Gesundheit,Folgejahr (Arbeitsvorrat) - Absolute Werte,0,0.0,0.0,0.0,0.0,0.0,0.0,0.0,0.0,0.0,0.0,0.0,0.0,0.0,0.0,0.0,0.0,0.0,0.0,0.0,0.0,0.0,0.0,0.0,0.0,0.0,0.0,0.0,0.0,0.0,0.0
......7623 Wallis (Unzuteilbar),Private Auftraggeber,Gesundheit,Folgejahr (Arbeitsvorrat) - Veränderungsraten,*,0.0,0.0,0.0,0.0,0.0,0.0,0.0,0.0,0.0,0.0,0.0,0.0,0.0,0.0,0.0,0.0,0.0,0.0,0.0,0.0,0.0,0.0,0.0,0.0,0.0,0.0,0.0,0.0,0.0,0.0
......7623 Wallis (Unzuteilbar),Private Auftraggeber,Freizeit und Kultur,Laufendes Jahr - Absolute Werte,0,0.0,0.0,0.0,0.0,0.0,0.0,0.0,0.0,0.0,0.0,0.0,0.0,0.0,0.0,0.0,2278.0,10702.0,7650.0,4470.0,5910.0,170.0,100.0,0.0,0.0,0.0,0.0,0.0,0.0,0.0,0.0
......7623 Wallis (Unzuteilbar),Private Auftraggeber,Freizeit und Kultur,Laufendes Jahr - Veränderungsraten,*,0.0,0.0,0.0,0.0,0.0,0.0,0.0,0.0,0.0,0.0,0.0,0.0,0.0,0.0,0.0,0.0,369.8,-28.52,-41.57,32.21,-97.12,-41.18,0.0,0.0,0.0,0.0,0.0,0.0,0.0,0.0
......7623 Wallis (Unzuteilbar),Private Auftraggeber,Freizeit und Kultur,Folgejahr (Arbeitsvorrat) - Absolute Werte,0,0.0,0.0,0.0,0.0,0.0,0.0,0.0,0.0,0.0,0.0,0.0,0.0,0.0,0.0,0.0,6610.0,6870.0,70.0,6080.0,170.0,100.0,0.0,0.0,0.0,0.0,0.0,0.0,0.0,0.0,0.0
......7623 Wallis (Unzuteilbar),Private Auftraggeber,Freizeit und Kultur,Folgejahr (Arbeitsvorrat) - Veränderungsraten,*,0.0,0.0,0.0,0.0,0.0,0.0,0.0,0.0,0.0,0.0,0.0,0.0,0.0,0.0,0.0,0.0,3.93,-98.98,8585.71,-97.2,-41.18,-100.0,0.0,0.0,0.0,0.0,0.0,0.0,0.0,0.0
......7623 Wallis (Unzuteilbar),Private Auftraggeber,Uebrige Infrastruktur,Laufendes Jahr - Absolute Werte,261,145.0,57.0,0.0,0.0,270.0,5.0,0.0,0.0,0.0,0.0,0.0,0.0,0.0,0.0,425.0,0.0,0.0,0.0,0.0,0.0,0.0,0.0,0.0,0.0,0.0,0.0,0.0,0.0,0.0,0.0
......7623 Wallis (Unzuteilbar),Private Auftraggeber,Uebrige Infrastruktur,Laufendes Jahr - Veränderungsraten,*,-44.44,-60.69,0.0,0.0,0.0,-98.15,0.0,0.0,0.0,0.0,0.0,0.0,0.0,0.0,0.0,0.0,0.0,0.0,0.0,0.0,0.0,0.0,0.0,0.0,0.0,0.0,0.0,0.0,0.0,0.0
......7623 Wallis (Unzuteilbar),Private Auftraggeber,Uebrige Infrastruktur,Folgejahr (Arbeitsvorrat) - Absolute Werte,151,6.0,0.0,0.0,0.0,10.0,0.0,0.0,0.0,0.0,0.0,0.0,0.0,0.0,0.0,0.0,0.0,0.0,0.0,0.0,0.0,0.0,0.0,0.0,0.0,0.0,0.0,0.0,0.0,0.0,0.0
......7623 Wallis (Unzuteilbar),Private Auftraggeber,Uebrige Infrastruktur,Folgejahr (Arbeitsvorrat) - Veränderungsraten,*,-96.03,-100.0,0.0,0.0,0.0,-100.0,0.0,0.0,0.0,0.0,0.0,0.0,0.0,0.0,0.0,0.0,0.0,0.0,0.0,0.0,0.0,0.0,0.0,0.0,0.0,0.0,0.0,0.0,0.0,0.0
......7623 Wallis (Unzuteilbar),Private Auftraggeber,Wohnen,Laufendes Jahr - Absolute Werte,0,0.0,0.0,0.0,0.0,0.0,0.0,0.0,0.0,0.0,0.0,0.0,0.0,0.0,0.0,260.0,0.0,0.0,0.0,0.0,0.0,0.0,0.0,0.0,0.0,0.0,0.0,0.0,0.0,0.0,0.0
......7623 Wallis (Unzuteilbar),Private Auftraggeber,Wohnen,Laufendes Jahr - Veränderungsraten,*,0.0,0.0,0.0,0.0,0.0,0.0,0.0,0.0,0.0,0.0,0.0,0.0,0.0,0.0,0.0,0.0,0.0,0.0,0.0,0.0,0.0,0.0,0.0,0.0,0.0,0.0,0.0,0.0,0.0,0.0
......7623 Wallis (Unzuteilbar),Private Auftraggeber,Wohnen,Folgejahr (Arbeitsvorrat) - Absolute Werte,0,0.0,0.0,0.0,0.0,0.0,0.0,0.0,0.0,0.0,0.0,0.0,0.0,0.0,0.0,0.0,0.0,0.0,0.0,0.0,0.0,0.0,0.0,0.0,0.0,0.0,0.0,0.0,0.0,0.0,25.0
......7623 Wallis (Unzuteilbar),Private Auftraggeber,Wohnen,Folgejahr (Arbeitsvorrat) - Veränderungsraten,*,0.0,0.0,0.0,0.0,0.0,0.0,0.0,0.0,0.0,0.0,0.0,0.0,0.0,0.0,0.0,0.0,0.0,0.0,0.0,0.0,0.0,0.0,0.0,0.0,0.0,0.0,0.0,0.0,0.0,0.0
......7623 Wallis (Unzuteilbar),Private Auftraggeber,Land- und Forstwirtschaft,Laufendes Jahr - Absolute Werte,0,0.0,0.0,0.0,0.0,0.0,0.0,0.0,0.0,0.0,0.0,0.0,0.0,0.0,0.0,0.0,0.0,0.0,0.0,0.0,0.0,0.0,0.0,0.0,0.0,0.0,0.0,89.0,0.0,0.0,0.0
......7623 Wallis (Unzuteilbar),Private Auftraggeber,Land- und Forstwirtschaft,Laufendes Jahr - Veränderungsraten,*,0.0,0.0,0.0,0.0,0.0,0.0,0.0,0.0,0.0,0.0,0.0,0.0,0.0,0.0,0.0,0.0,0.0,0.0,0.0,0.0,0.0,0.0,0.0,0.0,0.0,0.0,0.0,-100.0,0.0,0.0
......7623 Wallis (Unzuteilbar),Private Auftraggeber,Land- und Forstwirtschaft,Folgejahr (Arbeitsvorrat) - Absolute Werte,110,0.0,0.0,0.0,0.0,0.0,0.0,0.0,0.0,0.0,0.0,0.0,0.0,0.0,0.0,0.0,0.0,0.0,0.0,0.0,0.0,0.0,0.0,0.0,0.0,0.0,200.0,20.0,0.0,0.0,0.0
......7623 Wallis (Unzuteilbar),Private Auftraggeber,Land- und Forstwirtschaft,Folgejahr (Arbeitsvorrat) - Veränderungsraten,*,0.0,0.0,0.0,0.0,0.0,0.0,0.0,0.0,0.0,0.0,0.0,0.0,0.0,0.0,0.0,0.0,0.0,0.0,0.0,0.0,0.0,0.0,0.0,0.0,0.0,0.0,-90.0,-100.0,0.0,0.0
......7623 Wallis (Unzuteilbar),Private Auftraggeber,"Industrie, Gewerbe und Dienstleistungen",Laufendes Jahr - Absolute Werte,0,0.0,0.0,0.0,0.0,0.0,2.0,0.0,0.0,0.0,0.0,610.0,0.0,0.0,0.0,280.0,0.0,0.0,0.0,0.0,0.0,0.0,0.0,0.0,0.0,0.0,0.0,0.0,0.0,0.0,27.0
......7623 Wallis (Unzuteilbar),Private Auftraggeber,"Industrie, Gewerbe und Dienstleistungen",Laufendes Jahr - Veränderungsraten,*,0.0,0.0,0.0,0.0,0.0,0.0,0.0,0.0,0.0,0.0,0.0,0.0,0.0,0.0,0.0,0.0,0.0,0.0,0.0,0.0,0.0,0.0,0.0,0.0,0.0,0.0,0.0,0.0,0.0,0.0
......7623 Wallis (Unzuteilbar),Private Auftraggeber,"Industrie, Gewerbe und Dienstleistungen",Folgejahr (Arbeitsvorrat) - Absolute Werte,0,0.0,0.0,0.0,0.0,0.0,0.0,0.0,0.0,0.0,0.0,0.0,0.0,0.0,0.0,0.0,0.0,0.0,0.0,0.0,0.0,0.0,0.0,0.0,0.0,0.0,0.0,0.0,30.0,480.0,300.0
......7623 Wallis (Unzuteilbar),Private Auftraggeber,"Industrie, Gewerbe und Dienstleistungen",Folgejahr (Arbeitsvorrat) - Veränderungsraten,*,0.0,0.0,0.0,0.0,0.0,0.0,0.0,0.0,0.0,0.0,0.0,0.0,0.0,0.0,0.0,0.0,0.0,0.0,0.0,0.0,0.0,0.0,0.0,0.0,0.0,0.0,0.0,0.0,1500.0,-37.5
......0990 Walliswil bei Niederbipp,Art der Auftraggeber - Total,Kategorie der Bauwerke - Total,Laufendes Jahr - Absolute Werte,1532,876.0,909.0,1457.0,1100.0,2258.0,1513.0,120.0,300.0,366.0,1430.0,2793.0,1200.0,245.0,1333.0,513.0,179.0,4149.0,1761.0,5155.0,4804.0,3406.0,4901.0,5928.0,7928.0,1284.0,678.0,510.0,1226.0,157.0,142.0
......0990 Walliswil bei Niederbipp,Art der Auftraggeber - Total,Kategorie der Bauwerke - Total,Laufendes Jahr - Veränderungsraten,*,-42.82,3.77,60.29,-24.5,105.27,-32.99,-92.07,150.0,22.0,290.71,95.31,-57.04,-79.58,444.08,-61.52,-65.11,2217.88,-57.56,192.73,-6.81,-29.1,43.89,20.95,33.74,-83.8,-47.2,-24.78,140.39,-87.19,-9.55
......0990 Walliswil bei Niederbipp,Art der Auftraggeber - Total,Kategorie der Bauwerke - Total,Folgejahr (Arbeitsvorrat) - Absolute Werte,258,0.0,316.0,80.0,15.0,1212.0,4.0,0.0,260.0,600.0,1244.0,95.0,143.0,46.0,606.0,148.0,18.0,2478.0,1475.0,6534.0,3820.0,4491.0,3425.0,2920.0,1773.0,392.0,228.0,1046.0,52.0,2.0,2.0
......0990 Walliswil bei Niederbipp,Art der Auftraggeber - Total,Kategorie der Bauwerke - Total,Folgejahr (Arbeitsvorrat) - Veränderungsraten,*,-100.0,0.0,-74.68,-81.25,7980.0,-99.67,-100.0,0.0,130.77,107.33,-92.36,50.53,-67.83,1217.39,-75.58,-87.84,13666.67,-40.48,342.98,-41.54,17.57,-23.74,-14.74,-39.28,-77.89,-41.84,358.77,-95.03,-96.15,0.0
......0990 Walliswil bei Niederbipp,Art der Auftraggeber - Total,Infrastruktur Versorgung,Laufendes Jahr - Absolute Werte,0,0.0,0.0,0.0,90.0,0.0,0.0,0.0,0.0,3.0,0.0,0.0,790.0,0.0,681.0,18.0,8.0,0.0,0.0,0.0,0.0,0.0,20.0,14.0,0.0,35.0,0.0,0.0,50.0,0.0,0.0
......0990 Walliswil bei Niederbipp,Art der Auftraggeber - Total,Infrastruktur Versorgung,Laufendes Jahr - Veränderungsraten,*,0.0,0.0,0.0,0.0,0.0,0.0,0.0,0.0,0.0,0.0,0.0,0.0,-100.0,0.0,-97.36,-55.56,0.0,0.0,0.0,0.0,0.0,0.0,-30.0,0.0,0.0,0.0,0.0,0.0,0.0,0.0
......0990 Walliswil bei Niederbipp,Art der Auftraggeber - Total,Infrastruktur Versorgung,Folgejahr (Arbeitsvorrat) - Absolute Werte,0,0.0,0.0,0.0,0.0,0.0,0.0,0.0,0.0,0.0,0.0,0.0,0.0,0.0,19.0,12.0,0.0,0.0,0.0,0.0,0.0,0.0,14.0,0.0,0.0,0.0,0.0,0.0,0.0,0.0,0.0
......0990 Walliswil bei Niederbipp,Art der Auftraggeber - Total,Infrastruktur Versorgung,Folgejahr (Arbeitsvorrat) - Veränderungsraten,*,0.0,0.0,0.0,0.0,0.0,0.0,0.0,0.0,0.0,0.0,0.0,0.0,0.0,0.0,-36.84,-100.0,0.0,0.0,0.0,0.0,0.0,0.0,-100.0,0.0,0.0,0.0,0.0,0.0,0.0,0.0
......0990 Walliswil bei Niederbipp,Art der Auftraggeber - Total,Infrastruktur Entsorgung,Laufendes Jahr - Absolute Werte,0,0.0,0.0,0.0,0.0,0.0,0.0,0.0,0.0,0.0,0.0,0.0,270.0,0.0,0.0,10.0,0.0,0.0,0.0,0.0,0.0,0.0,0.0,100.0,0.0,0.0,0.0,0.0,0.0,20.0,0.0
......0990 Walliswil bei Niederbipp,Art der Auftraggeber - Total,Infrastruktur Entsorgung,Laufendes Jahr - Veränderungsraten,*,0.0,0.0,0.0,0.0,0.0,0.0,0.0,0.0,0.0,0.0,0.0,0.0,0.0,0.0,0.0,0.0,0.0,0.0,0.0,0.0,0.0,0.0,0.0,0.0,0.0,0.0,0.0,0.0,0.0,0.0
......0990 Walliswil bei Niederbipp,Art der Auftraggeber - Total,Infrastruktur Entsorgung,Folgejahr (Arbeitsvorrat) - Absolute Werte,0,0.0,0.0,0.0,0.0,0.0,0.0,0.0,0.0,0.0,0.0,0.0,0.0,0.0,0.0,0.0,0.0,0.0,0.0,0.0,0.0,0.0,0.0,0.0,0.0,0.0,0.0,0.0,0.0,0.0,0.0
......0990 Walliswil bei Niederbipp,Art der Auftraggeber - Total,Infrastruktur Entsorgung,Folgejahr (Arbeitsvorrat) - Veränderungsraten,*,0.0,0.0,0.0,0.0,0.0,0.0,0.0,0.0,0.0,0.0,0.0,0.0,0.0,0.0,0.0,0.0,0.0,0.0,0.0,0.0,0.0,0.0,0.0,0.0,0.0,0.0,0.0,0.0,0.0,0.0
......0990 Walliswil bei Niederbipp,Art der Auftraggeber - Total,Infrastruktur Strassenverkehr,Laufendes Jahr - Absolute Werte,472,138.0,0.0,0.0,395.0,450.0,30.0,1.0,300.0,270.0,1150.0,1200.0,21.0,105.0,0.0,0.0,0.0,0.0,233.0,525.0,0.0,0.0,0.0,245.0,308.0,0.0,0.0,0.0,0.0,0.0,140.0
......0990 Walliswil bei Niederbipp,Art der Auftraggeber - Total,Infrastruktur Strassenverkehr,Laufendes Jahr - Veränderungsraten,*,-70.76,-100.0,0.0,0.0,13.92,-93.33,-96.67,29900.0,-10.0,325.93,4.35,-98.25,400.0,0.0,0.0,0.0,0.0,0.0,125.32,0.0,0.0,0.0,0.0,25.71,0.0,0.0,0.0,0.0,0.0,0.0
......0990 Walliswil bei Niederbipp,Art der Auftraggeber - Total,Infrastruktur Strassenverkehr,Folgejahr (Arbeitsvorrat) - Absolute Werte,138,0.0,0.0,0.0,0.0,0.0,0.0,0.0,260.0,570.0,0.0,0.0,139.0,0.0,0.0,0.0,0.0,0.0,467.0,0.0,0.0,0.0,0.0,308.0,0.0,0.0,0.0,0.0,0.0,0.0,0.0
......0990 Walliswil bei Niederbipp,Art der Auftraggeber - Total,Infrastruktur Strassenverkehr,Folgejahr (Arbeitsvorrat) - Veränderungsraten,*,-100.0,0.0,0.0,0.0,0.0,0.0,0.0,0.0,119.23,-100.0,0.0,0.0,-100.0,0.0,0.0,0.0,0.0,0.0,-100.0,0.0,0.0,0.0,0.0,-100.0,0.0,0.0,0.0,0.0,0.0,0.0
......0990 Walliswil bei Niederbipp,Art der Auftraggeber - Total,Infrastruktur übriger Verkehr und Kommunikation,Laufendes Jahr - Absolute Werte,0,0.0,0.0,0.0,0.0,0.0,0.0,0.0,0.0,0.0,0.0,0.0,0.0,0.0,0.0,0.0,0.0,0.0,0.0,0.0,0.0,0.0,0.0,150.0,0.0,0.0,0.0,0.0,0.0,0.0,0.0
......0990 Walliswil bei Niederbipp,Art der Auftraggeber - Total,Infrastruktur übriger Verkehr und Kommunikation,Laufendes Jahr - Veränderungsraten,*,0.0,0.0,0.0,0.0,0.0,0.0,0.0,0.0,0.0,0.0,0.0,0.0,0.0,0.0,0.0,0.0,0.0,0.0,0.0,0.0,0.0,0.0,0.0,0.0,0.0,0.0,0.0,0.0,0.0,0.0
......0990 Walliswil bei Niederbipp,Art der Auftraggeber - Total,Infrastruktur übriger Verkehr und Kommunikation,Folgejahr (Arbeitsvorrat) - Absolute Werte,0,0.0,0.0,0.0,0.0,0.0,0.0,0.0,0.0,0.0,0.0,0.0,0.0,0.0,0.0,0.0,0.0,0.0,0.0,0.0,0.0,0.0,0.0,0.0,0.0,0.0,0.0,0.0,0.0,0.0,0.0
......0990 Walliswil bei Niederbipp,Art der Auftraggeber - Total,Infrastruktur übriger Verkehr und Kommunikation,Folgejahr (Arbeitsvorrat) - Veränderungsraten,*,0.0,0.0,0.0,0.0,0.0,0.0,0.0,0.0,0.0,0.0,0.0,0.0,0.0,0.0,0.0,0.0,0.0,0.0,0.0,0.0,0.0,0.0,0.0,0.0,0.0,0.0,0.0,0.0,0.0,0.0
......0990 Walliswil bei Niederbipp,Art der Auftraggeber - Total,"Bildung, Forschung",Laufendes Jahr - Absolute Werte,0,0.0,0.0,0.0,0.0,0.0,0.0,0.0,0.0,0.0,0.0,0.0,0.0,0.0,0.0,0.0,0.0,0.0,0.0,0.0,0.0,0.0,0.0,0.0,0.0,0.0,0.0,0.0,0.0,0.0,0.0
......0990 Walliswil bei Niederbipp,Art der Auftraggeber - Total,"Bildung, Forschung",Laufendes Jahr - Veränderungsraten,*,0.0,0.0,0.0,0.0,0.0,0.0,0.0,0.0,0.0,0.0,0.0,0.0,0.0,0.0,0.0,0.0,0.0,0.0,0.0,0.0,0.0,0.0,0.0,0.0,0.0,0.0,0.0,0.0,0.0,0.0
......0990 Walliswil bei Niederbipp,Art der Auftraggeber - Total,"Bildung, Forschung",Folgejahr (Arbeitsvorrat) - Absolute Werte,0,0.0,0.0,0.0,0.0,0.0,0.0,0.0,0.0,0.0,0.0,0.0,0.0,0.0,0.0,0.0,0.0,0.0,0.0,0.0,0.0,0.0,0.0,0.0,0.0,0.0,0.0,0.0,0.0,0.0,0.0
......0990 Walliswil bei Niederbipp,Art der Auftraggeber - Total,"Bildung, Forschung",Folgejahr (Arbeitsvorrat) - Veränderungsraten,*,0.0,0.0,0.0,0.0,0.0,0.0,0.0,0.0,0.0,0.0,0.0,0.0,0.0,0.0,0.0,0.0,0.0,0.0,0.0,0.0,0.0,0.0,0.0,0.0,0.0,0.0,0.0,0.0,0.0,0.0
......0990 Walliswil bei Niederbipp,Art der Auftraggeber - Total,Gesundheit,Laufendes Jahr - Absolute Werte,280,0.0,0.0,0.0,0.0,0.0,0.0,0.0,0.0,0.0,0.0,0.0,0.0,0.0,0.0,0.0,0.0,0.0,0.0,0.0,0.0,0.0,0.0,0.0,108.0,234.0,0.0,0.0,0.0,0.0,0.0
......0990 Walliswil bei Niederbipp,Art der Auftraggeber - Total,Gesundheit,Laufendes Jahr - Veränderungsraten,*,0.0,0.0,0.0,0.0,0.0,0.0,0.0,0.0,0.0,0.0,0.0,0.0,0.0,0.0,0.0,0.0,0.0,0.0,0.0,0.0,0.0,0.0,0.0,0.0,116.67,0.0,0.0,0.0,0.0,0.0
......0990 Walliswil bei Niederbipp,Art der Auftraggeber - Total,Gesundheit,Folgejahr (Arbeitsvorrat) - Absolute Werte,0,0.0,0.0,0.0,0.0,0.0,0.0,0.0,0.0,0.0,0.0,0.0,0.0,0.0,0.0,0.0,0.0,0.0,0.0,0.0,0.0,0.0,0.0,0.0,306.0,0.0,0.0,0.0,0.0,0.0,0.0
......0990 Walliswil bei Niederbipp,Art der Auftraggeber - Total,Gesundheit,Folgejahr (Arbeitsvorrat) - Veränderungsraten,*,0.0,0.0,0.0,0.0,0.0,0.0,0.0,0.0,0.0,0.0,0.0,0.0,0.0,0.0,0.0,0.0,0.0,0.0,0.0,0.0,0.0,0.0,0.0,0.0,-100.0,0.0,0.0,0.0,0.0,0.0
......0990 Walliswil bei Niederbipp,Art der Auftraggeber - Total,Freizeit und Kultur,Laufendes Jahr - Absolute Werte,0,0.0,209.0,20.0,0.0,0.0,0.0,0.0,0.0,0.0,0.0,0.0,0.0,0.0,0.0,0.0,0.0,180.0,1099.0,550.0,411.0,0.0,0.0,0.0,55.0,4.0,0.0,0.0,0.0,0.0,0.0
......0990 Walliswil bei Niederbipp,Art der Auftraggeber - Total,Freizeit und Kultur,Laufendes Jahr - Veränderungsraten,*,0.0,0.0,-90.43,0.0,0.0,0.0,0.0,0.0,0.0,0.0,0.0,0.0,0.0,0.0,0.0,0.0,0.0,510.56,-49.95,-25.27,0.0,0.0,0.0,0.0,-92.73,0.0,0.0,0.0,0.0,0.0
......0990 Walliswil bei Niederbipp,Art der Auftraggeber - Total,Freizeit und Kultur,Folgejahr (Arbeitsvorrat) - Absolute Werte,0,0.0,20.0,0.0,0.0,0.0,0.0,0.0,0.0,0.0,0.0,0.0,0.0,0.0,0.0,0.0,0.0,2020.0,1008.0,550.0,411.0,0.0,0.0,0.0,0.0,0.0,0.0,0.0,0.0,0.0,0.0
......0990 Walliswil bei Niederbipp,Art der Auftraggeber - Total,Freizeit und Kultur,Folgejahr (Arbeitsvorrat) - Veränderungsraten,*,0.0,0.0,-100.0,0.0,0.0,0.0,0.0,0.0,0.0,0.0,0.0,0.0,0.0,0.0,0.0,0.0,0.0,-50.1,-45.44,-25.27,0.0,0.0,0.0,0.0,0.0,0.0,0.0,0.0,0.0,0.0
......0990 Walliswil bei Niederbipp,Art der Auftraggeber - Total,Uebrige Infrastruktur,Laufendes Jahr - Absolute Werte,0,0.0,0.0,0.0,0.0,0.0,0.0,0.0,0.0,0.0,0.0,0.0,0.0,15.0,10.0,0.0,0.0,0.0,0.0,0.0,0.0,0.0,0.0,94.0,375.0,6.0,0.0,0.0,0.0,0.0,0.0
......0990 Walliswil bei Niederbipp,Art der Auftraggeber - Total,Uebrige Infrastruktur,Laufendes Jahr - Veränderungsraten,*,0.0,0.0,0.0,0.0,0.0,0.0,0.0,0.0,0.0,0.0,0.0,0.0,0.0,-33.33,0.0,0.0,0.0,0.0,0.0,0.0,0.0,0.0,0.0,298.94,-98.4,0.0,0.0,0.0,0.0,0.0
......0990 Walliswil bei Niederbipp,Art der Auftraggeber - Total,Uebrige Infrastruktur,Folgejahr (Arbeitsvorrat) - Absolute Werte,0,0.0,0.0,0.0,0.0,0.0,0.0,0.0,0.0,0.0,0.0,0.0,0.0,10.0,0.0,0.0,0.0,0.0,0.0,0.0,0.0,0.0,0.0,375.0,1.0,0.0,0.0,0.0,0.0,0.0,0.0
......0990 Walliswil bei Niederbipp,Art der Auftraggeber - Total,Uebrige Infrastruktur,Folgejahr (Arbeitsvorrat) - Veränderungsraten,*,0.0,0.0,0.0,0.0,0.0,0.0,0.0,0.0,0.0,0.0,0.0,0.0,0.0,-100.0,0.0,0.0,0.0,0.0,0.0,0.0,0.0,0.0,0.0,-99.73,-100.0,0.0,0.0,0.0,0.0,0.0
......0990 Walliswil bei Niederbipp,Art der Auftraggeber - Total,Wohnen,Laufendes Jahr - Absolute Werte,780,708.0,700.0,1437.0,615.0,508.0,103.0,29.0,0.0,63.0,250.0,1593.0,114.0,82.0,245.0,140.0,62.0,569.0,429.0,1156.0,997.0,438.0,1850.0,1736.0,3053.0,980.0,518.0,244.0,119.0,110.0,2.0
......0990 Walliswil bei Niederbipp,Art der Auftraggeber - Total,Wohnen,Laufendes Jahr - Veränderungsraten,*,-9.23,-1.13,105.29,-57.2,-17.4,-79.72,-71.84,0.0,0.0,296.83,537.2,-92.84,-28.07,198.78,-42.86,-55.71,817.74,-24.6,169.46,-13.75,-56.07,322.37,-6.16,75.86,-67.9,-47.14,-52.9,-51.23,-7.56,-98.18
......0990 Walliswil bei Niederbipp,Art der Auftraggeber - Total,Wohnen,Folgejahr (Arbeitsvorrat) - Absolute Werte,120,0.0,296.0,80.0,15.0,12.0,4.0,0.0,0.0,0.0,1244.0,95.0,0.0,35.0,130.0,24.0,18.0,458.0,0.0,927.0,79.0,1429.0,1122.0,2237.0,1445.0,392.0,228.0,12.0,25.0,2.0,2.0
......0990 Walliswil bei Niederbipp,Art der Auftraggeber - Total,Wohnen,Folgejahr (Arbeitsvorrat) - Veränderungsraten,*,-100.0,0.0,-72.97,-81.25,-20.0,-66.67,-100.0,0.0,0.0,0.0,-92.36,-100.0,0.0,271.43,-81.54,-25.0,2444.44,-100.0,0.0,-91.48,1708.86,-21.48,99.38,-35.4,-72.87,-41.84,-94.74,108.33,-92.0,0.0
......0990 Walliswil bei Niederbipp,Art der Auftraggeber - Total,Land- und Forstwirtschaft,Laufendes Jahr - Absolute Werte,0,30.0,0.0,0.0,0.0,0.0,80.0,5.0,0.0,0.0,0.0,0.0,5.0,43.0,177.0,177.0,0.0,0.0,0.0,1.0,1.0,0.0,0.0,0.0,0.0,0.0,160.0,266.0,1034.0,0.0,0.0
......0990 Walliswil bei Niederbipp,Art der Auftraggeber - Total,Land- und Forstwirtschaft,Laufendes Jahr - Veränderungsraten,*,0.0,0.0,0.0,0.0,0.0,0.0,-93.75,0.0,0.0,0.0,0.0,0.0,760.0,311.63,0.0,0.0,0.0,0.0,0.0,0.0,0.0,0.0,0.0,0.0,0.0,0.0,66.25,288.72,0.0,0.0
......0990 Walliswil bei Niederbipp,Art der Auftraggeber - Total,Land- und Forstwirtschaft,Folgejahr (Arbeitsvorrat) - Absolute Werte,0,0.0,0.0,0.0,0.0,0.0,0.0,0.0,0.0,0.0,0.0,0.0,4.0,1.0,177.0,0.0,0.0,0.0,0.0,1.0,0.0,0.0,0.0,0.0,0.0,0.0,0.0,1034.0,0.0,0.0,0.0
......0990 Walliswil bei Niederbipp,Art der Auftraggeber - Total,Land- und Forstwirtschaft,Folgejahr (Arbeitsvorrat) - Veränderungsraten,*,0.0,0.0,0.0,0.0,0.0,0.0,0.0,0.0,0.0,0.0,0.0,0.0,-75.0,17600.0,-100.0,0.0,0.0,0.0,0.0,-100.0,0.0,0.0,0.0,0.0,0.0,0.0,0.0,-100.0,0.0,0.0
......0990 Walliswil bei Niederbipp,Art der Auftraggeber - Total,"Industrie, Gewerbe und Dienstleistungen",Laufendes Jahr - Absolute Werte,0,0.0,0.0,0.0,0.0,1300.0,1300.0,85.0,0.0,30.0,30.0,0.0,0.0,0.0,220.0,168.0,109.0,3400.0,0.0,2923.0,3395.0,2968.0,3031.0,3589.0,4029.0,25.0,0.0,0.0,23.0,27.0,0.0
......0990 Walliswil bei Niederbipp,Art der Auftraggeber - Total,"Industrie, Gewerbe und Dienstleistungen",Laufendes Jahr - Veränderungsraten,*,0.0,0.0,0.0,0.0,0.0,0.0,-93.46,0.0,0.0,0.0,0.0,0.0,0.0,0.0,-23.64,-35.12,3019.27,-100.0,0.0,16.15,-12.58,2.12,18.41,12.26,-99.38,0.0,0.0,0.0,17.39,0.0
......0990 Walliswil bei Niederbipp,Art der Auftraggeber - Total,"Industrie, Gewerbe und Dienstleistungen",Folgejahr (Arbeitsvorrat) - Absolute Werte,0,0.0,0.0,0.0,0.0,1200.0,0.0,0.0,0.0,30.0,0.0,0.0,0.0,0.0,280.0,112.0,0.0,0.0,0.0,5056.0,3330.0,3062.0,2289.0,0.0,21.0,0.0,0.0,0.0,27.0,0.0,0.0
......0990 Walliswil bei Niederbipp,Art der Auftraggeber - Total,"Industrie, Gewerbe und Dienstleistungen",Folgejahr (Arbeitsvorrat) - Veränderungsraten,*,0.0,0.0,0.0,0.0,0.0,-100.0,0.0,0.0,0.0,-100.0,0.0,0.0,0.0,0.0,-60.0,-100.0,0.0,0.0,0.0,-34.14,-8.05,-25.24,-100.0,0.0,-100.0,0.0,0.0,0.0,-100.0,0.0
......0990 Walliswil bei Niederbipp,Oeffentliche Auftraggeber,Kategorie der Bauwerke - Total,Laufendes Jahr - Absolute Werte,552,258.0,3.0,0.0,450.0,485.0,30.0,0.0,300.0,270.0,1150.0,1200.0,1081.0,120.0,494.0,18.0,8.0,0.0,233.0,525.0,0.0,0.0,20.0,711.0,2284.0,239.0,74.0,0.0,0.0,50.0,140.0
......0990 Walliswil bei Niederbipp,Oeffentliche Auftraggeber,Kategorie der Bauwerke - Total,Laufendes Jahr - Veränderungsraten,*,-53.26,-98.84,-100.0,0.0,7.78,-93.81,0.0,0.0,-10.0,325.93,4.35,-9.92,-88.9,311.67,-96.36,-55.56,0.0,0.0,125.32,0.0,0.0,0.0,3455.0,221.24,-89.54,-69.04,0.0,0.0,0.0,180.0
......0990 Walliswil bei Niederbipp,Oeffentliche Auftraggeber,Kategorie der Bauwerke - Total,Folgejahr (Arbeitsvorrat) - Absolute Werte,258,0.0,0.0,0.0,0.0,0.0,0.0,0.0,260.0,570.0,0.0,0.0,139.0,10.0,19.0,12.0,0.0,0.0,467.0,0.0,0.0,0.0,14.0,2121.0,311.0,0.0,0.0,0.0,0.0,0.0,0.0
......0990 Walliswil bei Niederbipp,Oeffentliche Auftraggeber,Kategorie der Bauwerke - Total,Folgejahr (Arbeitsvorrat) - Veränderungsraten,*,-100.0,0.0,0.0,0.0,0.0,0.0,0.0,0.0,119.23,-100.0,0.0,0.0,-92.81,90.0,-36.84,-100.0,0.0,0.0,-100.0,0.0,0.0,0.0,15050.0,-85.34,-100.0,0.0,0.0,0.0,0.0,0.0
......0990 Walliswil bei Niederbipp,Oeffentliche Auftraggeber,Infrastruktur Versorgung,Laufendes Jahr - Absolute Werte,0,0.0,0.0,0.0,90.0,0.0,0.0,0.0,0.0,0.0,0.0,0.0,790.0,0.0,481.0,18.0,8.0,0.0,0.0,0.0,0.0,0.0,20.0,14.0,0.0,0.0,0.0,0.0,0.0,0.0,0.0
......0990 Walliswil bei Niederbipp,Oeffentliche Auftraggeber,Infrastruktur Versorgung,Laufendes Jahr - Veränderungsraten,*,0.0,0.0,0.0,0.0,0.0,0.0,0.0,0.0,0.0,0.0,0.0,0.0,-100.0,0.0,-96.26,-55.56,0.0,0.0,0.0,0.0,0.0,0.0,-30.0,0.0,0.0,0.0,0.0,0.0,0.0,0.0
......0990 Walliswil bei Niederbipp,Oeffentliche Auftraggeber,Infrastruktur Versorgung,Folgejahr (Arbeitsvorrat) - Absolute Werte,0,0.0,0.0,0.0,0.0,0.0,0.0,0.0,0.0,0.0,0.0,0.0,0.0,0.0,19.0,12.0,0.0,0.0,0.0,0.0,0.0,0.0,14.0,0.0,0.0,0.0,0.0,0.0,0.0,0.0,0.0
......0990 Walliswil bei Niederbipp,Oeffentliche Auftraggeber,Infrastruktur Versorgung,Folgejahr (Arbeitsvorrat) - Veränderungsraten,*,0.0,0.0,0.0,0.0,0.0,0.0,0.0,0.0,0.0,0.0,0.0,0.0,0.0,0.0,-36.84,-100.0,0.0,0.0,0.0,0.0,0.0,0.0,-100.0,0.0,0.0,0.0,0.0,0.0,0.0,0.0
......0990 Walliswil bei Niederbipp,Oeffentliche Auftraggeber,Infrastruktur Entsorgung,Laufendes Jahr - Absolute Werte,0,0.0,0.0,0.0,0.0,0.0,0.0,0.0,0.0,0.0,0.0,0.0,270.0,0.0,0.0,0.0,0.0,0.0,0.0,0.0,0.0,0.0,0.0,0.0,0.0,0.0,0.0,0.0,0.0,0.0,0.0
......0990 Walliswil bei Niederbipp,Oeffentliche Auftraggeber,Infrastruktur Entsorgung,Laufendes Jahr - Veränderungsraten,*,0.0,0.0,0.0,0.0,0.0,0.0,0.0,0.0,0.0,0.0,0.0,0.0,0.0,0.0,0.0,0.0,0.0,0.0,0.0,0.0,0.0,0.0,0.0,0.0,0.0,0.0,0.0,0.0,0.0,0.0
......0990 Walliswil bei Niederbipp,Oeffentliche Auftraggeber,Infrastruktur Entsorgung,Folgejahr (Arbeitsvorrat) - Absolute Werte,0,0.0,0.0,0.0,0.0,0.0,0.0,0.0,0.0,0.0,0.0,0.0,0.0,0.0,0.0,0.0,0.0,0.0,0.0,0.0,0.0,0.0,0.0,0.0,0.0,0.0,0.0,0.0,0.0,0.0,0.0
......0990 Walliswil bei Niederbipp,Oeffentliche Auftraggeber,Infrastruktur Entsorgung,Folgejahr (Arbeitsvorrat) - Veränderungsraten,*,0.0,0.0,0.0,0.0,0.0,0.0,0.0,0.0,0.0,0.0,0.0,0.0,0.0,0.0,0.0,0.0,0.0,0.0,0.0,0.0,0.0,0.0,0.0,0.0,0.0,0.0,0.0,0.0,0.0,0.0
......0990 Walliswil bei Niederbipp,Oeffentliche Auftraggeber,Infrastruktur Strassenverkehr,Laufendes Jahr - Absolute Werte,472,138.0,0.0,0.0,360.0,450.0,30.0,0.0,300.0,270.0,1150.0,1200.0,21.0,105.0,0.0,0.0,0.0,0.0,233.0,525.0,0.0,0.0,0.0,245.0,308.0,0.0,0.0,0.0,0.0,0.0,140.0
......0990 Walliswil bei Niederbipp,Oeffentliche Auftraggeber,Infrastruktur Strassenverkehr,Laufendes Jahr - Veränderungsraten,*,-70.76,0.0,0.0,0.0,25.0,-93.33,0.0,0.0,-10.0,325.93,4.35,-98.25,400.0,0.0,0.0,0.0,0.0,0.0,125.32,0.0,0.0,0.0,0.0,25.71,0.0,0.0,0.0,0.0,0.0,0.0
......0990 Walliswil bei Niederbipp,Oeffentliche Auftraggeber,Infrastruktur Strassenverkehr,Folgejahr (Arbeitsvorrat) - Absolute Werte,138,0.0,0.0,0.0,0.0,0.0,0.0,0.0,260.0,570.0,0.0,0.0,139.0,0.0,0.0,0.0,0.0,0.0,467.0,0.0,0.0,0.0,0.0,308.0,0.0,0.0,0.0,0.0,0.0,0.0,0.0
......0990 Walliswil bei Niederbipp,Oeffentliche Auftraggeber,Infrastruktur Strassenverkehr,Folgejahr (Arbeitsvorrat) - Veränderungsraten,*,-100.0,0.0,0.0,0.0,0.0,0.0,0.0,0.0,119.23,-100.0,0.0,0.0,-100.0,0.0,0.0,0.0,0.0,0.0,-100.0,0.0,0.0,0.0,0.0,-100.0,0.0,0.0,0.0,0.0,0.0,0.0
......0990 Walliswil bei Niederbipp,Oeffentliche Auftraggeber,Infrastruktur übriger Verkehr und Kommunikation,Laufendes Jahr - Absolute Werte,0,0.0,0.0,0.0,0.0,0.0,0.0,0.0,0.0,0.0,0.0,0.0,0.0,0.0,0.0,0.0,0.0,0.0,0.0,0.0,0.0,0.0,0.0,0.0,0.0,0.0,0.0,0.0,0.0,0.0,0.0
......0990 Walliswil bei Niederbipp,Oeffentliche Auftraggeber,Infrastruktur übriger Verkehr und Kommunikation,Laufendes Jahr - Veränderungsraten,*,0.0,0.0,0.0,0.0,0.0,0.0,0.0,0.0,0.0,0.0,0.0,0.0,0.0,0.0,0.0,0.0,0.0,0.0,0.0,0.0,0.0,0.0,0.0,0.0,0.0,0.0,0.0,0.0,0.0,0.0
......0990 Walliswil bei Niederbipp,Oeffentliche Auftraggeber,Infrastruktur übriger Verkehr und Kommunikation,Folgejahr (Arbeitsvorrat) - Absolute Werte,0,0.0,0.0,0.0,0.0,0.0,0.0,0.0,0.0,0.0,0.0,0.0,0.0,0.0,0.0,0.0,0.0,0.0,0.0,0.0,0.0,0.0,0.0,0.0,0.0,0.0,0.0,0.0,0.0,0.0,0.0
......0990 Walliswil bei Niederbipp,Oeffentliche Auftraggeber,Infrastruktur übriger Verkehr und Kommunikation,Folgejahr (Arbeitsvorrat) - Veränderungsraten,*,0.0,0.0,0.0,0.0,0.0,0.0,0.0,0.0,0.0,0.0,0.0,0.0,0.0,0.0,0.0,0.0,0.0,0.0,0.0,0.0,0.0,0.0,0.0,0.0,0.0,0.0,0.0,0.0,0.0,0.0
......0990 Walliswil bei Niederbipp,Oeffentliche Auftraggeber,"Bildung, Forschung",Laufendes Jahr - Absolute Werte,0,0.0,0.0,0.0,0.0,0.0,0.0,0.0,0.0,0.0,0.0,0.0,0.0,0.0,0.0,0.0,0.0,0.0,0.0,0.0,0.0,0.0,0.0,0.0,0.0,0.0,0.0,0.0,0.0,0.0,0.0
......0990 Walliswil bei Niederbipp,Oeffentliche Auftraggeber,"Bildung, Forschung",Laufendes Jahr - Veränderungsraten,*,0.0,0.0,0.0,0.0,0.0,0.0,0.0,0.0,0.0,0.0,0.0,0.0,0.0,0.0,0.0,0.0,0.0,0.0,0.0,0.0,0.0,0.0,0.0,0.0,0.0,0.0,0.0,0.0,0.0,0.0
......0990 Walliswil bei Niederbipp,Oeffentliche Auftraggeber,"Bildung, Forschung",Folgejahr (Arbeitsvorrat) - Absolute Werte,0,0.0,0.0,0.0,0.0,0.0,0.0,0.0,0.0,0.0,0.0,0.0,0.0,0.0,0.0,0.0,0.0,0.0,0.0,0.0,0.0,0.0,0.0,0.0,0.0,0.0,0.0,0.0,0.0,0.0,0.0
......0990 Walliswil bei Niederbipp,Oeffentliche Auftraggeber,"Bildung, Forschung",Folgejahr (Arbeitsvorrat) - Veränderungsraten,*,0.0,0.0,0.0,0.0,0.0,0.0,0.0,0.0,0.0,0.0,0.0,0.0,0.0,0.0,0.0,0.0,0.0,0.0,0.0,0.0,0.0,0.0,0.0,0.0,0.0,0.0,0.0,0.0,0.0,0.0
......0990 Walliswil bei Niederbipp,Oeffentliche Auftraggeber,Gesundheit,Laufendes Jahr - Absolute Werte,0,0.0,0.0,0.0,0.0,0.0,0.0,0.0,0.0,0.0,0.0,0.0,0.0,0.0,0.0,0.0,0.0,0.0,0.0,0.0,0.0,0.0,0.0,0.0,108.0,234.0,0.0,0.0,0.0,0.0,0.0
......0990 Walliswil bei Niederbipp,Oeffentliche Auftraggeber,Gesundheit,Laufendes Jahr - Veränderungsraten,*,0.0,0.0,0.0,0.0,0.0,0.0,0.0,0.0,0.0,0.0,0.0,0.0,0.0,0.0,0.0,0.0,0.0,0.0,0.0,0.0,0.0,0.0,0.0,0.0,116.67,0.0,0.0,0.0,0.0,0.0
......0990 Walliswil bei Niederbipp,Oeffentliche Auftraggeber,Gesundheit,Folgejahr (Arbeitsvorrat) - Absolute Werte,0,0.0,0.0,0.0,0.0,0.0,0.0,0.0,0.0,0.0,0.0,0.0,0.0,0.0,0.0,0.0,0.0,0.0,0.0,0.0,0.0,0.0,0.0,0.0,306.0,0.0,0.0,0.0,0.0,0.0,0.0
......0990 Walliswil bei Niederbipp,Oeffentliche Auftraggeber,Gesundheit,Folgejahr (Arbeitsvorrat) - Veränderungsraten,*,0.0,0.0,0.0,0.0,0.0,0.0,0.0,0.0,0.0,0.0,0.0,0.0,0.0,0.0,0.0,0.0,0.0,0.0,0.0,0.0,0.0,0.0,0.0,0.0,-100.0,0.0,0.0,0.0,0.0,0.0
......0990 Walliswil bei Niederbipp,Oeffentliche Auftraggeber,Freizeit und Kultur,Laufendes Jahr - Absolute Werte,0,0.0,3.0,0.0,0.0,0.0,0.0,0.0,0.0,0.0,0.0,0.0,0.0,0.0,0.0,0.0,0.0,0.0,0.0,0.0,0.0,0.0,0.0,0.0,55.0,0.0,0.0,0.0,0.0,0.0,0.0
......0990 Walliswil bei Niederbipp,Oeffentliche Auftraggeber,Freizeit und Kultur,Laufendes Jahr - Veränderungsraten,*,0.0,0.0,0.0,0.0,0.0,0.0,0.0,0.0,0.0,0.0,0.0,0.0,0.0,0.0,0.0,0.0,0.0,0.0,0.0,0.0,0.0,0.0,0.0,0.0,0.0,0.0,0.0,0.0,0.0,0.0
......0990 Walliswil bei Niederbipp,Oeffentliche Auftraggeber,Freizeit und Kultur,Folgejahr (Arbeitsvorrat) - Absolute Werte,0,0.0,0.0,0.0,0.0,0.0,0.0,0.0,0.0,0.0,0.0,0.0,0.0,0.0,0.0,0.0,0.0,0.0,0.0,0.0,0.0,0.0,0.0,0.0,0.0,0.0,0.0,0.0,0.0,0.0,0.0
......0990 Walliswil bei Niederbipp,Oeffentliche Auftraggeber,Freizeit und Kultur,Folgejahr (Arbeitsvorrat) - Veränderungsraten,*,0.0,0.0,0.0,0.0,0.0,0.0,0.0,0.0,0.0,0.0,0.0,0.0,0.0,0.0,0.0,0.0,0.0,0.0,0.0,0.0,0.0,0.0,0.0,0.0,0.0,0.0,0.0,0.0,0.0,0.0
......0990 Walliswil bei Niederbipp,Oeffentliche Auftraggeber,Uebrige Infrastruktur,Laufendes Jahr - Absolute Werte,0,0.0,0.0,0.0,0.0,0.0,0.0,0.0,0.0,0.0,0.0,0.0,0.0,15.0,10.0,0.0,0.0,0.0,0.0,0.0,0.0,0.0,0.0,94.0,375.0,1.0,0.0,0.0,0.0,0.0,0.0
......0990 Walliswil bei Niederbipp,Oeffentliche Auftraggeber,Uebrige Infrastruktur,Laufendes Jahr - Veränderungsraten,*,0.0,0.0,0.0,0.0,0.0,0.0,0.0,0.0,0.0,0.0,0.0,0.0,0.0,-33.33,0.0,0.0,0.0,0.0,0.0,0.0,0.0,0.0,0.0,298.94,-99.73,0.0,0.0,0.0,0.0,0.0
......0990 Walliswil bei Niederbipp,Oeffentliche Auftraggeber,Uebrige Infrastruktur,Folgejahr (Arbeitsvorrat) - Absolute Werte,0,0.0,0.0,0.0,0.0,0.0,0.0,0.0,0.0,0.0,0.0,0.0,0.0,10.0,0.0,0.0,0.0,0.0,0.0,0.0,0.0,0.0,0.0,375.0,1.0,0.0,0.0,0.0,0.0,0.0,0.0
......0990 Walliswil bei Niederbipp,Oeffentliche Auftraggeber,Uebrige Infrastruktur,Folgejahr (Arbeitsvorrat) - Veränderungsraten,*,0.0,0.0,0.0,0.0,0.0,0.0,0.0,0.0,0.0,0.0,0.0,0.0,0.0,-100.0,0.0,0.0,0.0,0.0,0.0,0.0,0.0,0.0,0.0,-99.73,-100.0,0.0,0.0,0.0,0.0,0.0
......0990 Walliswil bei Niederbipp,Oeffentliche Auftraggeber,Wohnen,Laufendes Jahr - Absolute Werte,80,120.0,0.0,0.0,0.0,35.0,0.0,0.0,0.0,0.0,0.0,0.0,0.0,0.0,0.0,0.0,0.0,0.0,0.0,0.0,0.0,0.0,0.0,358.0,1438.0,4.0,74.0,0.0,0.0,50.0,0.0
......0990 Walliswil bei Niederbipp,Oeffentliche Auftraggeber,Wohnen,Laufendes Jahr - Veränderungsraten,*,50.0,0.0,0.0,0.0,0.0,0.0,0.0,0.0,0.0,0.0,0.0,0.0,0.0,0.0,0.0,0.0,0.0,0.0,0.0,0.0,0.0,0.0,0.0,301.68,-99.72,1750.0,0.0,0.0,0.0,0.0
......0990 Walliswil bei Niederbipp,Oeffentliche Auftraggeber,Wohnen,Folgejahr (Arbeitsvorrat) - Absolute Werte,120,0.0,0.0,0.0,0.0,0.0,0.0,0.0,0.0,0.0,0.0,0.0,0.0,0.0,0.0,0.0,0.0,0.0,0.0,0.0,0.0,0.0,0.0,1438.0,4.0,0.0,0.0,0.0,0.0,0.0,0.0
......0990 Walliswil bei Niederbipp,Oeffentliche Auftraggeber,Wohnen,Folgejahr (Arbeitsvorrat) - Veränderungsraten,*,-100.0,0.0,0.0,0.0,0.0,0.0,0.0,0.0,0.0,0.0,0.0,0.0,0.0,0.0,0.0,0.0,0.0,0.0,0.0,0.0,0.0,0.0,0.0,-99.72,-100.0,0.0,0.0,0.0,0.0,0.0
......0990 Walliswil bei Niederbipp,Oeffentliche Auftraggeber,Land- und Forstwirtschaft,Laufendes Jahr - Absolute Werte,0,0.0,0.0,0.0,0.0,0.0,0.0,0.0,0.0,0.0,0.0,0.0,0.0,0.0,3.0,0.0,0.0,0.0,0.0,0.0,0.0,0.0,0.0,0.0,0.0,0.0,0.0,0.0,0.0,0.0,0.0
......0990 Walliswil bei Niederbipp,Oeffentliche Auftraggeber,Land- und Forstwirtschaft,Laufendes Jahr - Veränderungsraten,*,0.0,0.0,0.0,0.0,0.0,0.0,0.0,0.0,0.0,0.0,0.0,0.0,0.0,0.0,0.0,0.0,0.0,0.0,0.0,0.0,0.0,0.0,0.0,0.0,0.0,0.0,0.0,0.0,0.0,0.0
......0990 Walliswil bei Niederbipp,Oeffentliche Auftraggeber,Land- und Forstwirtschaft,Folgejahr (Arbeitsvorrat) - Absolute Werte,0,0.0,0.0,0.0,0.0,0.0,0.0,0.0,0.0,0.0,0.0,0.0,0.0,0.0,0.0,0.0,0.0,0.0,0.0,0.0,0.0,0.0,0.0,0.0,0.0,0.0,0.0,0.0,0.0,0.0,0.0
......0990 Walliswil bei Niederbipp,Oeffentliche Auftraggeber,Land- und Forstwirtschaft,Folgejahr (Arbeitsvorrat) - Veränderungsraten,*,0.0,0.0,0.0,0.0,0.0,0.0,0.0,0.0,0.0,0.0,0.0,0.0,0.0,0.0,0.0,0.0,0.0,0.0,0.0,0.0,0.0,0.0,0.0,0.0,0.0,0.0,0.0,0.0,0.0,0.0
......0990 Walliswil bei Niederbipp,Oeffentliche Auftraggeber,"Industrie, Gewerbe und Dienstleistungen",Laufendes Jahr - Absolute Werte,0,0.0,0.0,0.0,0.0,0.0,0.0,0.0,0.0,0.0,0.0,0.0,0.0,0.0,0.0,0.0,0.0,0.0,0.0,0.0,0.0,0.0,0.0,0.0,0.0,0.0,0.0,0.0,0.0,0.0,0.0
......0990 Walliswil bei Niederbipp,Oeffentliche Auftraggeber,"Industrie, Gewerbe und Dienstleistungen",Laufendes Jahr - Veränderungsraten,*,0.0,0.0,0.0,0.0,0.0,0.0,0.0,0.0,0.0,0.0,0.0,0.0,0.0,0.0,0.0,0.0,0.0,0.0,0.0,0.0,0.0,0.0,0.0,0.0,0.0,0.0,0.0,0.0,0.0,0.0
......0990 Walliswil bei Niederbipp,Oeffentliche Auftraggeber,"Industrie, Gewerbe und Dienstleistungen",Folgejahr (Arbeitsvorrat) - Absolute Werte,0,0.0,0.0,0.0,0.0,0.0,0.0,0.0,0.0,0.0,0.0,0.0,0.0,0.0,0.0,0.0,0.0,0.0,0.0,0.0,0.0,0.0,0.0,0.0,0.0,0.0,0.0,0.0,0.0,0.0,0.0
......0990 Walliswil bei Niederbipp,Oeffentliche Auftraggeber,"Industrie, Gewerbe und Dienstleistungen",Folgejahr (Arbeitsvorrat) - Veränderungsraten,*,0.0,0.0,0.0,0.0,0.0,0.0,0.0,0.0,0.0,0.0,0.0,0.0,0.0,0.0,0.0,0.0,0.0,0.0,0.0,0.0,0.0,0.0,0.0,0.0,0.0,0.0,0.0,0.0,0.0,0.0
......0990 Walliswil bei Niederbipp,Private Auftraggeber,Kategorie der Bauwerke - Total,Laufendes Jahr - Absolute Werte,980,618.0,906.0,1457.0,650.0,1773.0,1483.0,120.0,0.0,96.0,280.0,1593.0,119.0,125.0,839.0,495.0,171.0,4149.0,1528.0,4630.0,4804.0,3406.0,4881.0,5217.0,5644.0,1045.0,604.0,510.0,1226.0,107.0,2.0
......0990 Walliswil bei Niederbipp,Private Auftraggeber,Kategorie der Bauwerke - Total,Laufendes Jahr - Veränderungsraten,*,-36.94,46.6,60.82,-55.39,172.77,-16.36,-91.91,0.0,0.0,191.67,468.93,-92.53,5.04,571.2,-41.0,-65.45,2326.32,-63.17,203.01,3.76,-29.1,43.31,6.88,8.18,-81.48,-42.2,-15.56,140.39,-91.27,-98.13
......0990 Walliswil bei Niederbipp,Private Auftraggeber,Kategorie der Bauwerke - Total,Folgejahr (Arbeitsvorrat) - Absolute Werte,0,0.0,316.0,80.0,15.0,1212.0,4.0,0.0,0.0,30.0,1244.0,95.0,4.0,36.0,587.0,136.0,18.0,2478.0,1008.0,6534.0,3820.0,4491.0,3411.0,799.0,1462.0,392.0,228.0,1046.0,52.0,2.0,2.0
......0990 Walliswil bei Niederbipp,Private Auftraggeber,Kategorie der Bauwerke - Total,Folgejahr (Arbeitsvorrat) - Veränderungsraten,*,0.0,0.0,-74.68,-81.25,7980.0,-99.67,-100.0,0.0,0.0,4046.67,-92.36,-95.79,800.0,1530.56,-76.83,-86.76,13666.67,-59.32,548.21,-41.54,17.57,-24.05,-76.58,82.98,-73.19,-41.84,358.77,-95.03,-96.15,0.0
......0990 Walliswil bei Niederbipp,Private Auftraggeber,Infrastruktur Versorgung,Laufendes Jahr - Absolute Werte,0,0.0,0.0,0.0,0.0,0.0,0.0,0.0,0.0,3.0,0.0,0.0,0.0,0.0,200.0,0.0,0.0,0.0,0.0,0.0,0.0,0.0,0.0,0.0,0.0,35.0,0.0,0.0,50.0,0.0,0.0
......0990 Walliswil bei Niederbipp,Private Auftraggeber,Infrastruktur Versorgung,Laufendes Jahr - Veränderungsraten,*,0.0,0.0,0.0,0.0,0.0,0.0,0.0,0.0,0.0,0.0,0.0,0.0,0.0,0.0,0.0,0.0,0.0,0.0,0.0,0.0,0.0,0.0,0.0,0.0,0.0,0.0,0.0,0.0,0.0,0.0
......0990 Walliswil bei Niederbipp,Private Auftraggeber,Infrastruktur Versorgung,Folgejahr (Arbeitsvorrat) - Absolute Werte,0,0.0,0.0,0.0,0.0,0.0,0.0,0.0,0.0,0.0,0.0,0.0,0.0,0.0,0.0,0.0,0.0,0.0,0.0,0.0,0.0,0.0,0.0,0.0,0.0,0.0,0.0,0.0,0.0,0.0,0.0
......0990 Walliswil bei Niederbipp,Private Auftraggeber,Infrastruktur Versorgung,Folgejahr (Arbeitsvorrat) - Veränderungsraten,*,0.0,0.0,0.0,0.0,0.0,0.0,0.0,0.0,0.0,0.0,0.0,0.0,0.0,0.0,0.0,0.0,0.0,0.0,0.0,0.0,0.0,0.0,0.0,0.0,0.0,0.0,0.0,0.0,0.0,0.0
......0990 Walliswil bei Niederbipp,Private Auftraggeber,Infrastruktur Entsorgung,Laufendes Jahr - Absolute Werte,0,0.0,0.0,0.0,0.0,0.0,0.0,0.0,0.0,0.0,0.0,0.0,0.0,0.0,0.0,10.0,0.0,0.0,0.0,0.0,0.0,0.0,0.0,100.0,0.0,0.0,0.0,0.0,0.0,20.0,0.0
......0990 Walliswil bei Niederbipp,Private Auftraggeber,Infrastruktur Entsorgung,Laufendes Jahr - Veränderungsraten,*,0.0,0.0,0.0,0.0,0.0,0.0,0.0,0.0,0.0,0.0,0.0,0.0,0.0,0.0,0.0,0.0,0.0,0.0,0.0,0.0,0.0,0.0,0.0,0.0,0.0,0.0,0.0,0.0,0.0,0.0
......0990 Walliswil bei Niederbipp,Private Auftraggeber,Infrastruktur Entsorgung,Folgejahr (Arbeitsvorrat) - Absolute Werte,0,0.0,0.0,0.0,0.0,0.0,0.0,0.0,0.0,0.0,0.0,0.0,0.0,0.0,0.0,0.0,0.0,0.0,0.0,0.0,0.0,0.0,0.0,0.0,0.0,0.0,0.0,0.0,0.0,0.0,0.0
......0990 Walliswil bei Niederbipp,Private Auftraggeber,Infrastruktur Entsorgung,Folgejahr (Arbeitsvorrat) - Veränderungsraten,*,0.0,0.0,0.0,0.0,0.0,0.0,0.0,0.0,0.0,0.0,0.0,0.0,0.0,0.0,0.0,0.0,0.0,0.0,0.0,0.0,0.0,0.0,0.0,0.0,0.0,0.0,0.0,0.0,0.0,0.0
......0990 Walliswil bei Niederbipp,Private Auftraggeber,Infrastruktur Strassenverkehr,Laufendes Jahr - Absolute Werte,0,0.0,0.0,0.0,35.0,0.0,0.0,1.0,0.0,0.0,0.0,0.0,0.0,0.0,0.0,0.0,0.0,0.0,0.0,0.0,0.0,0.0,0.0,0.0,0.0,0.0,0.0,0.0,0.0,0.0,0.0
......0990 Walliswil bei Niederbipp,Private Auftraggeber,Infrastruktur Strassenverkehr,Laufendes Jahr - Veränderungsraten,*,0.0,0.0,0.0,0.0,0.0,0.0,0.0,0.0,0.0,0.0,0.0,0.0,0.0,0.0,0.0,0.0,0.0,0.0,0.0,0.0,0.0,0.0,0.0,0.0,0.0,0.0,0.0,0.0,0.0,0.0
......0990 Walliswil bei Niederbipp,Private Auftraggeber,Infrastruktur Strassenverkehr,Folgejahr (Arbeitsvorrat) - Absolute Werte,0,0.0,0.0,0.0,0.0,0.0,0.0,0.0,0.0,0.0,0.0,0.0,0.0,0.0,0.0,0.0,0.0,0.0,0.0,0.0,0.0,0.0,0.0,0.0,0.0,0.0,0.0,0.0,0.0,0.0,0.0
......0990 Walliswil bei Niederbipp,Private Auftraggeber,Infrastruktur Strassenverkehr,Folgejahr (Arbeitsvorrat) - Veränderungsraten,*,0.0,0.0,0.0,0.0,0.0,0.0,0.0,0.0,0.0,0.0,0.0,0.0,0.0,0.0,0.0,0.0,0.0,0.0,0.0,0.0,0.0,0.0,0.0,0.0,0.0,0.0,0.0,0.0,0.0,0.0
......0990 Walliswil bei Niederbipp,Private Auftraggeber,Infrastruktur übriger Verkehr und Kommunikation,Laufendes Jahr - Absolute Werte,0,0.0,0.0,0.0,0.0,0.0,0.0,0.0,0.0,0.0,0.0,0.0,0.0,0.0,0.0,0.0,0.0,0.0,0.0,0.0,0.0,0.0,0.0,150.0,0.0,0.0,0.0,0.0,0.0,0.0,0.0
......0990 Walliswil bei Niederbipp,Private Auftraggeber,Infrastruktur übriger Verkehr und Kommunikation,Laufendes Jahr - Veränderungsraten,*,0.0,0.0,0.0,0.0,0.0,0.0,0.0,0.0,0.0,0.0,0.0,0.0,0.0,0.0,0.0,0.0,0.0,0.0,0.0,0.0,0.0,0.0,0.0,0.0,0.0,0.0,0.0,0.0,0.0,0.0
......0990 Walliswil bei Niederbipp,Private Auftraggeber,Infrastruktur übriger Verkehr und Kommunikation,Folgejahr (Arbeitsvorrat) - Absolute Werte,0,0.0,0.0,0.0,0.0,0.0,0.0,0.0,0.0,0.0,0.0,0.0,0.0,0.0,0.0,0.0,0.0,0.0,0.0,0.0,0.0,0.0,0.0,0.0,0.0,0.0,0.0,0.0,0.0,0.0,0.0
......0990 Walliswil bei Niederbipp,Private Auftraggeber,Infrastruktur übriger Verkehr und Kommunikation,Folgejahr (Arbeitsvorrat) - Veränderungsraten,*,0.0,0.0,0.0,0.0,0.0,0.0,0.0,0.0,0.0,0.0,0.0,0.0,0.0,0.0,0.0,0.0,0.0,0.0,0.0,0.0,0.0,0.0,0.0,0.0,0.0,0.0,0.0,0.0,0.0,0.0
......0990 Walliswil bei Niederbipp,Private Auftraggeber,"Bildung, Forschung",Laufendes Jahr - Absolute Werte,0,0.0,0.0,0.0,0.0,0.0,0.0,0.0,0.0,0.0,0.0,0.0,0.0,0.0,0.0,0.0,0.0,0.0,0.0,0.0,0.0,0.0,0.0,0.0,0.0,0.0,0.0,0.0,0.0,0.0,0.0
......0990 Walliswil bei Niederbipp,Private Auftraggeber,"Bildung, Forschung",Laufendes Jahr - Veränderungsraten,*,0.0,0.0,0.0,0.0,0.0,0.0,0.0,0.0,0.0,0.0,0.0,0.0,0.0,0.0,0.0,0.0,0.0,0.0,0.0,0.0,0.0,0.0,0.0,0.0,0.0,0.0,0.0,0.0,0.0,0.0
......0990 Walliswil bei Niederbipp,Private Auftraggeber,"Bildung, Forschung",Folgejahr (Arbeitsvorrat) - Absolute Werte,0,0.0,0.0,0.0,0.0,0.0,0.0,0.0,0.0,0.0,0.0,0.0,0.0,0.0,0.0,0.0,0.0,0.0,0.0,0.0,0.0,0.0,0.0,0.0,0.0,0.0,0.0,0.0,0.0,0.0,0.0
......0990 Walliswil bei Niederbipp,Private Auftraggeber,"Bildung, Forschung",Folgejahr (Arbeitsvorrat) - Veränderungsraten,*,0.0,0.0,0.0,0.0,0.0,0.0,0.0,0.0,0.0,0.0,0.0,0.0,0.0,0.0,0.0,0.0,0.0,0.0,0.0,0.0,0.0,0.0,0.0,0.0,0.0,0.0,0.0,0.0,0.0,0.0
......0990 Walliswil bei Niederbipp,Private Auftraggeber,Gesundheit,Laufendes Jahr - Absolute Werte,280,0.0,0.0,0.0,0.0,0.0,0.0,0.0,0.0,0.0,0.0,0.0,0.0,0.0,0.0,0.0,0.0,0.0,0.0,0.0,0.0,0.0,0.0,0.0,0.0,0.0,0.0,0.0,0.0,0.0,0.0
......0990 Walliswil bei Niederbipp,Private Auftraggeber,Gesundheit,Laufendes Jahr - Veränderungsraten,*,0.0,0.0,0.0,0.0,0.0,0.0,0.0,0.0,0.0,0.0,0.0,0.0,0.0,0.0,0.0,0.0,0.0,0.0,0.0,0.0,0.0,0.0,0.0,0.0,0.0,0.0,0.0,0.0,0.0,0.0
......0990 Walliswil bei Niederbipp,Private Auftraggeber,Gesundheit,Folgejahr (Arbeitsvorrat) - Absolute Werte,0,0.0,0.0,0.0,0.0,0.0,0.0,0.0,0.0,0.0,0.0,0.0,0.0,0.0,0.0,0.0,0.0,0.0,0.0,0.0,0.0,0.0,0.0,0.0,0.0,0.0,0.0,0.0,0.0,0.0,0.0
......0990 Walliswil bei Niederbipp,Private Auftraggeber,Gesundheit,Folgejahr (Arbeitsvorrat) - Veränderungsraten,*,0.0,0.0,0.0,0.0,0.0,0.0,0.0,0.0,0.0,0.0,0.0,0.0,0.0,0.0,0.0,0.0,0.0,0.0,0.0,0.0,0.0,0.0,0.0,0.0,0.0,0.0,0.0,0.0,0.0,0.0
......0990 Walliswil bei Niederbipp,Private Auftraggeber,Freizeit und Kultur,Laufendes Jahr - Absolute Werte,0,0.0,206.0,20.0,0.0,0.0,0.0,0.0,0.0,0.0,0.0,0.0,0.0,0.0,0.0,0.0,0.0,180.0,1099.0,550.0,411.0,0.0,0.0,0.0,0.0,4.0,0.0,0.0,0.0,0.0,0.0
......0990 Walliswil bei Niederbipp,Private Auftraggeber,Freizeit und Kultur,Laufendes Jahr - Veränderungsraten,*,0.0,0.0,-90.29,0.0,0.0,0.0,0.0,0.0,0.0,0.0,0.0,0.0,0.0,0.0,0.0,0.0,0.0,510.56,-49.95,-25.27,0.0,0.0,0.0,0.0,0.0,0.0,0.0,0.0,0.0,0.0
......0990 Walliswil bei Niederbipp,Private Auftraggeber,Freizeit und Kultur,Folgejahr (Arbeitsvorrat) - Absolute Werte,0,0.0,20.0,0.0,0.0,0.0,0.0,0.0,0.0,0.0,0.0,0.0,0.0,0.0,0.0,0.0,0.0,2020.0,1008.0,550.0,411.0,0.0,0.0,0.0,0.0,0.0,0.0,0.0,0.0,0.0,0.0
......0990 Walliswil bei Niederbipp,Private Auftraggeber,Freizeit und Kultur,Folgejahr (Arbeitsvorrat) - Veränderungsraten,*,0.0,0.0,-100.0,0.0,0.0,0.0,0.0,0.0,0.0,0.0,0.0,0.0,0.0,0.0,0.0,0.0,0.0,-50.1,-45.44,-25.27,0.0,0.0,0.0,0.0,0.0,0.0,0.0,0.0,0.0,0.0
......0990 Walliswil bei Niederbipp,Private Auftraggeber,Uebrige Infrastruktur,Laufendes Jahr - Absolute Werte,0,0.0,0.0,0.0,0.0,0.0,0.0,0.0,0.0,0.0,0.0,0.0,0.0,0.0,0.0,0.0,0.0,0.0,0.0,0.0,0.0,0.0,0.0,0.0,0.0,5.0,0.0,0.0,0.0,0.0,0.0
......0990 Walliswil bei Niederbipp,Private Auftraggeber,Uebrige Infrastruktur,Laufendes Jahr - Veränderungsraten,*,0.0,0.0,0.0,0.0,0.0,0.0,0.0,0.0,0.0,0.0,0.0,0.0,0.0,0.0,0.0,0.0,0.0,0.0,0.0,0.0,0.0,0.0,0.0,0.0,0.0,0.0,0.0,0.0,0.0,0.0
......0990 Walliswil bei Niederbipp,Private Auftraggeber,Uebrige Infrastruktur,Folgejahr (Arbeitsvorrat) - Absolute Werte,0,0.0,0.0,0.0,0.0,0.0,0.0,0.0,0.0,0.0,0.0,0.0,0.0,0.0,0.0,0.0,0.0,0.0,0.0,0.0,0.0,0.0,0.0,0.0,0.0,0.0,0.0,0.0,0.0,0.0,0.0
......0990 Walliswil bei Niederbipp,Private Auftraggeber,Uebrige Infrastruktur,Folgejahr (Arbeitsvorrat) - Veränderungsraten,*,0.0,0.0,0.0,0.0,0.0,0.0,0.0,0.0,0.0,0.0,0.0,0.0,0.0,0.0,0.0,0.0,0.0,0.0,0.0,0.0,0.0,0.0,0.0,0.0,0.0,0.0,0.0,0.0,0.0,0.0
......0990 Walliswil bei Niederbipp,Private Auftraggeber,Wohnen,Laufendes Jahr - Absolute Werte,700,588.0,700.0,1437.0,615.0,473.0,103.0,29.0,0.0,63.0,250.0,1593.0,114.0,82.0,245.0,140.0,62.0,569.0,429.0,1156.0,997.0,438.0,1850.0,1378.0,1615.0,976.0,444.0,244.0,119.0,60.0,2.0
......0990 Walliswil bei Niederbipp,Private Auftraggeber,Wohnen,Laufendes Jahr - Veränderungsraten,*,-16.0,19.05,105.29,-57.2,-23.09,-78.22,-71.84,0.0,0.0,296.83,537.2,-92.84,-28.07,198.78,-42.86,-55.71,817.74,-24.6,169.46,-13.75,-56.07,322.37,-25.51,17.2,-39.57,-54.51,-45.05,-51.23,-49.58,-96.67
......0990 Walliswil bei Niederbipp,Private Auftraggeber,Wohnen,Folgejahr (Arbeitsvorrat) - Absolute Werte,0,0.0,296.0,80.0,15.0,12.0,4.0,0.0,0.0,0.0,1244.0,95.0,0.0,35.0,130.0,24.0,18.0,458.0,0.0,927.0,79.0,1429.0,1122.0,799.0,1441.0,392.0,228.0,12.0,25.0,2.0,2.0
......0990 Walliswil bei Niederbipp,Private Auftraggeber,Wohnen,Folgejahr (Arbeitsvorrat) - Veränderungsraten,*,0.0,0.0,-72.97,-81.25,-20.0,-66.67,-100.0,0.0,0.0,0.0,-92.36,-100.0,0.0,271.43,-81.54,-25.0,2444.44,-100.0,0.0,-91.48,1708.86,-21.48,-28.79,80.35,-72.8,-41.84,-94.74,108.33,-92.0,0.0
......0990 Walliswil bei Niederbipp,Private Auftraggeber,Land- und Forstwirtschaft,Laufendes Jahr - Absolute Werte,0,30.0,0.0,0.0,0.0,0.0,80.0,5.0,0.0,0.0,0.0,0.0,5.0,43.0,174.0,177.0,0.0,0.0,0.0,1.0,1.0,0.0,0.0,0.0,0.0,0.0,160.0,266.0,1034.0,0.0,0.0
......0990 Walliswil bei Niederbipp,Private Auftraggeber,Land- und Forstwirtschaft,Laufendes Jahr - Veränderungsraten,*,0.0,0.0,0.0,0.0,0.0,0.0,-93.75,0.0,0.0,0.0,0.0,0.0,760.0,304.65,1.72,0.0,0.0,0.0,0.0,0.0,0.0,0.0,0.0,0.0,0.0,0.0,66.25,288.72,0.0,0.0
......0990 Walliswil bei Niederbipp,Private Auftraggeber,Land- und Forstwirtschaft,Folgejahr (Arbeitsvorrat) - Absolute Werte,0,0.0,0.0,0.0,0.0,0.0,0.0,0.0,0.0,0.0,0.0,0.0,4.0,1.0,177.0,0.0,0.0,0.0,0.0,1.0,0.0,0.0,0.0,0.0,0.0,0.0,0.0,1034.0,0.0,0.0,0.0
......0990 Walliswil bei Niederbipp,Private Auftraggeber,Land- und Forstwirtschaft,Folgejahr (Arbeitsvorrat) - Veränderungsraten,*,0.0,0.0,0.0,0.0,0.0,0.0,0.0,0.0,0.0,0.0,0.0,0.0,-75.0,17600.0,-100.0,0.0,0.0,0.0,0.0,-100.0,0.0,0.0,0.0,0.0,0.0,0.0,0.0,-100.0,0.0,0.0
......0990 Walliswil bei Niederbipp,Private Auftraggeber,"Industrie, Gewerbe und Dienstleistungen",Laufendes Jahr - Absolute Werte,0,0.0,0.0,0.0,0.0,1300.0,1300.0,85.0,0.0,30.0,30.0,0.0,0.0,0.0,220.0,168.0,109.0,3400.0,0.0,2923.0,3395.0,2968.0,3031.0,3589.0,4029.0,25.0,0.0,0.0,23.0,27.0,0.0
......0990 Walliswil bei Niederbipp,Private Auftraggeber,"Industrie, Gewerbe und Dienstleistungen",Laufendes Jahr - Veränderungsraten,*,0.0,0.0,0.0,0.0,0.0,0.0,-93.46,0.0,0.0,0.0,0.0,0.0,0.0,0.0,-23.64,-35.12,3019.27,-100.0,0.0,16.15,-12.58,2.12,18.41,12.26,-99.38,0.0,0.0,0.0,17.39,0.0
......0990 Walliswil bei Niederbipp,Private Auftraggeber,"Industrie, Gewerbe und Dienstleistungen",Folgejahr (Arbeitsvorrat) - Absolute Werte,0,0.0,0.0,0.0,0.0,1200.0,0.0,0.0,0.0,30.0,0.0,0.0,0.0,0.0,280.0,112.0,0.0,0.0,0.0,5056.0,3330.0,3062.0,2289.0,0.0,21.0,0.0,0.0,0.0,27.0,0.0,0.0
......0990 Walliswil bei Niederbipp,Private Auftraggeber,"Industrie, Gewerbe und Dienstleistungen",Folgejahr (Arbeitsvorrat) - Veränderungsraten,*,0.0,0.0,0.0,0.0,0.0,-100.0,0.0,0.0,0.0,-100.0,0.0,0.0,0.0,0.0,-60.0,-100.0,0.0,0.0,0.0,-34.14,-8.05,-25.24,-100.0,0.0,-100.0,0.0,0.0,0.0,-100.0,0.0
......0991 Walliswil bei Wangen,Art der Auftraggeber - Total,Kategorie der Bauwerke - Total,Laufendes Jahr - Absolute Werte,3274,2338.0,1921.0,2080.0,1802.0,572.0,85.0,242.0,99.0,1055.0,2613.0,2690.0,872.0,630.0,1230.0,1441.0,1020.0,1077.0,11354.0,15923.0,3201.0,3064.0,1128.0,2467.0,1203.0,1778.0,770.0,3748.0,5012.0,4756.0,2777.0
......0991 Walliswil bei Wangen,Art der Auftraggeber - Total,Kategorie der Bauwerke - Total,Laufendes Jahr - Veränderungsraten,*,-28.59,-17.84,8.28,-13.37,-68.26,-85.14,184.71,-59.09,965.66,147.68,2.95,-67.58,-27.75,95.24,17.15,-29.22,5.59,954.22,40.24,-79.9,-4.28,-63.19,118.71,-51.24,47.8,-56.69,386.75,33.72,-5.11,-41.61
......0991 Walliswil bei Wangen,Art der Auftraggeber - Total,Kategorie der Bauwerke - Total,Folgejahr (Arbeitsvorrat) - Absolute Werte,1725,1575.0,330.0,646.0,450.0,0.0,47.0,37.0,0.0,254.0,0.0,330.0,0.0,0.0,148.0,302.0,399.0,40.0,12080.0,3723.0,2121.0,536.0,1260.0,1255.0,463.0,279.0,2016.0,3446.0,1797.0,2569.0,500.0
......0991 Walliswil bei Wangen,Art der Auftraggeber - Total,Kategorie der Bauwerke - Total,Folgejahr (Arbeitsvorrat) - Veränderungsraten,*,-8.7,-79.05,95.76,-30.34,-100.0,0.0,-21.28,-100.0,0.0,-100.0,0.0,-100.0,0.0,0.0,104.05,32.12,-89.97,30100.0,-69.18,-43.03,-74.73,135.07,-0.4,-63.11,-39.74,622.58,70.93,-47.85,42.96,-80.54
......0991 Walliswil bei Wangen,Art der Auftraggeber - Total,Infrastruktur Versorgung,Laufendes Jahr - Absolute Werte,22,3.0,0.0,0.0,430.0,0.0,0.0,0.0,0.0,0.0,0.0,0.0,0.0,0.0,0.0,0.0,0.0,0.0,0.0,0.0,0.0,0.0,0.0,22.0,0.0,0.0,0.0,0.0,0.0,0.0,0.0
......0991 Walliswil bei Wangen,Art der Auftraggeber - Total,Infrastruktur Versorgung,Laufendes Jahr - Veränderungsraten,*,-86.36,0.0,0.0,0.0,0.0,0.0,0.0,0.0,0.0,0.0,0.0,0.0,0.0,0.0,0.0,0.0,0.0,0.0,0.0,0.0,0.0,0.0,0.0,0.0,0.0,0.0,0.0,0.0,0.0,0.0
......0991 Walliswil bei Wangen,Art der Auftraggeber - Total,Infrastruktur Versorgung,Folgejahr (Arbeitsvorrat) - Absolute Werte,0,0.0,0.0,0.0,0.0,0.0,0.0,0.0,0.0,0.0,0.0,0.0,0.0,0.0,0.0,0.0,0.0,0.0,0.0,0.0,0.0,0.0,0.0,0.0,0.0,0.0,0.0,0.0,0.0,0.0,0.0
......0991 Walliswil bei Wangen,Art der Auftraggeber - Total,Infrastruktur Versorgung,Folgejahr (Arbeitsvorrat) - Veränderungsraten,*,0.0,0.0,0.0,0.0,0.0,0.0,0.0,0.0,0.0,0.0,0.0,0.0,0.0,0.0,0.0,0.0,0.0,0.0,0.0,0.0,0.0,0.0,0.0,0.0,0.0,0.0,0.0,0.0,0.0,0.0
......0991 Walliswil bei Wangen,Art der Auftraggeber - Total,Infrastruktur Entsorgung,Laufendes Jahr - Absolute Werte,20,0.0,0.0,0.0,0.0,0.0,0.0,0.0,0.0,0.0,0.0,0.0,0.0,0.0,0.0,0.0,0.0,0.0,0.0,0.0,0.0,0.0,0.0,0.0,0.0,0.0,0.0,0.0,0.0,0.0,0.0
......0991 Walliswil bei Wangen,Art der Auftraggeber - Total,Infrastruktur Entsorgung,Laufendes Jahr - Veränderungsraten,*,0.0,0.0,0.0,0.0,0.0,0.0,0.0,0.0,0.0,0.0,0.0,0.0,0.0,0.0,0.0,0.0,0.0,0.0,0.0,0.0,0.0,0.0,0.0,0.0,0.0,0.0,0.0,0.0,0.0,0.0
......0991 Walliswil bei Wangen,Art der Auftraggeber - Total,Infrastruktur Entsorgung,Folgejahr (Arbeitsvorrat) - Absolute Werte,0,0.0,0.0,0.0,0.0,0.0,0.0,0.0,0.0,0.0,0.0,0.0,0.0,0.0,0.0,0.0,0.0,0.0,0.0,0.0,0.0,0.0,0.0,0.0,0.0,0.0,0.0,0.0,0.0,0.0,0.0
......0991 Walliswil bei Wangen,Art der Auftraggeber - Total,Infrastruktur Entsorgung,Folgejahr (Arbeitsvorrat) - Veränderungsraten,*,0.0,0.0,0.0,0.0,0.0,0.0,0.0,0.0,0.0,0.0,0.0,0.0,0.0,0.0,0.0,0.0,0.0,0.0,0.0,0.0,0.0,0.0,0.0,0.0,0.0,0.0,0.0,0.0,0.0,0.0
......0991 Walliswil bei Wangen,Art der Auftraggeber - Total,Infrastruktur Strassenverkehr,Laufendes Jahr - Absolute Werte,0,0.0,0.0,0.0,10.0,0.0,0.0,0.0,0.0,0.0,0.0,0.0,0.0,0.0,0.0,0.0,0.0,0.0,0.0,8.0,0.0,0.0,0.0,0.0,0.0,0.0,0.0,0.0,1.0,0.0,0.0
......0991 Walliswil bei Wangen,Art der Auftraggeber - Total,Infrastruktur Strassenverkehr,Laufendes Jahr - Veränderungsraten,*,0.0,0.0,0.0,0.0,0.0,0.0,0.0,0.0,0.0,0.0,0.0,0.0,0.0,0.0,0.0,0.0,0.0,0.0,0.0,0.0,0.0,0.0,0.0,0.0,0.0,0.0,0.0,0.0,0.0,0.0
......0991 Walliswil bei Wangen,Art der Auftraggeber - Total,Infrastruktur Strassenverkehr,Folgejahr (Arbeitsvorrat) - Absolute Werte,0,0.0,0.0,0.0,0.0,0.0,0.0,0.0,0.0,0.0,0.0,0.0,0.0,0.0,0.0,0.0,0.0,0.0,0.0,0.0,0.0,0.0,0.0,0.0,0.0,0.0,0.0,0.0,0.0,0.0,0.0
......0991 Walliswil bei Wangen,Art der Auftraggeber - Total,Infrastruktur Strassenverkehr,Folgejahr (Arbeitsvorrat) - Veränderungsraten,*,0.0,0.0,0.0,0.0,0.0,0.0,0.0,0.0,0.0,0.0,0.0,0.0,0.0,0.0,0.0,0.0,0.0,0.0,0.0,0.0,0.0,0.0,0.0,0.0,0.0,0.0,0.0,0.0,0.0,0.0
......0991 Walliswil bei Wangen,Art der Auftraggeber - Total,Infrastruktur übriger Verkehr und Kommunikation,Laufendes Jahr - Absolute Werte,0,0.0,0.0,0.0,0.0,45.0,0.0,0.0,0.0,0.0,0.0,0.0,0.0,0.0,0.0,0.0,0.0,0.0,0.0,0.0,0.0,0.0,0.0,0.0,0.0,0.0,0.0,0.0,0.0,0.0,0.0
......0991 Walliswil bei Wangen,Art der Auftraggeber - Total,Infrastruktur übriger Verkehr und Kommunikation,Laufendes Jahr - Veränderungsraten,*,0.0,0.0,0.0,0.0,0.0,0.0,0.0,0.0,0.0,0.0,0.0,0.0,0.0,0.0,0.0,0.0,0.0,0.0,0.0,0.0,0.0,0.0,0.0,0.0,0.0,0.0,0.0,0.0,0.0,0.0
......0991 Walliswil bei Wangen,Art der Auftraggeber - Total,Infrastruktur übriger Verkehr und Kommunikation,Folgejahr (Arbeitsvorrat) - Absolute Werte,0,0.0,0.0,0.0,0.0,0.0,0.0,0.0,0.0,0.0,0.0,0.0,0.0,0.0,0.0,0.0,0.0,0.0,0.0,0.0,0.0,0.0,0.0,0.0,0.0,0.0,0.0,0.0,0.0,0.0,0.0
......0991 Walliswil bei Wangen,Art der Auftraggeber - Total,Infrastruktur übriger Verkehr und Kommunikation,Folgejahr (Arbeitsvorrat) - Veränderungsraten,*,0.0,0.0,0.0,0.0,0.0,0.0,0.0,0.0,0.0,0.0,0.0,0.0,0.0,0.0,0.0,0.0,0.0,0.0,0.0,0.0,0.0,0.0,0.0,0.0,0.0,0.0,0.0,0.0,0.0,0.0
......0991 Walliswil bei Wangen,Art der Auftraggeber - Total,"Bildung, Forschung",Laufendes Jahr - Absolute Werte,0,0.0,0.0,0.0,0.0,0.0,0.0,0.0,0.0,0.0,0.0,0.0,0.0,0.0,0.0,0.0,0.0,0.0,0.0,0.0,0.0,0.0,0.0,0.0,0.0,0.0,0.0,0.0,0.0,0.0,0.0
......0991 Walliswil bei Wangen,Art der Auftraggeber - Total,"Bildung, Forschung",Laufendes Jahr - Veränderungsraten,*,0.0,0.0,0.0,0.0,0.0,0.0,0.0,0.0,0.0,0.0,0.0,0.0,0.0,0.0,0.0,0.0,0.0,0.0,0.0,0.0,0.0,0.0,0.0,0.0,0.0,0.0,0.0,0.0,0.0,0.0
......0991 Walliswil bei Wangen,Art der Auftraggeber - Total,"Bildung, Forschung",Folgejahr (Arbeitsvorrat) - Absolute Werte,0,0.0,0.0,0.0,0.0,0.0,0.0,0.0,0.0,0.0,0.0,0.0,0.0,0.0,0.0,0.0,0.0,0.0,0.0,0.0,0.0,0.0,0.0,0.0,0.0,0.0,0.0,0.0,0.0,0.0,0.0
......0991 Walliswil bei Wangen,Art der Auftraggeber - Total,"Bildung, Forschung",Folgejahr (Arbeitsvorrat) - Veränderungsraten,*,0.0,0.0,0.0,0.0,0.0,0.0,0.0,0.0,0.0,0.0,0.0,0.0,0.0,0.0,0.0,0.0,0.0,0.0,0.0,0.0,0.0,0.0,0.0,0.0,0.0,0.0,0.0,0.0,0.0,0.0
......0991 Walliswil bei Wangen,Art der Auftraggeber - Total,Gesundheit,Laufendes Jahr - Absolute Werte,0,0.0,0.0,0.0,0.0,0.0,0.0,0.0,0.0,0.0,0.0,0.0,0.0,0.0,0.0,0.0,0.0,0.0,0.0,0.0,0.0,0.0,0.0,0.0,0.0,0.0,0.0,0.0,0.0,0.0,0.0
......0991 Walliswil bei Wangen,Art der Auftraggeber - Total,Gesundheit,Laufendes Jahr - Veränderungsraten,*,0.0,0.0,0.0,0.0,0.0,0.0,0.0,0.0,0.0,0.0,0.0,0.0,0.0,0.0,0.0,0.0,0.0,0.0,0.0,0.0,0.0,0.0,0.0,0.0,0.0,0.0,0.0,0.0,0.0,0.0
......0991 Walliswil bei Wangen,Art der Auftraggeber - Total,Gesundheit,Folgejahr (Arbeitsvorrat) - Absolute Werte,0,0.0,0.0,0.0,0.0,0.0,0.0,0.0,0.0,0.0,0.0,0.0,0.0,0.0,0.0,0.0,0.0,0.0,0.0,0.0,0.0,0.0,0.0,0.0,0.0,0.0,0.0,0.0,0.0,0.0,0.0
......0991 Walliswil bei Wangen,Art der Auftraggeber - Total,Gesundheit,Folgejahr (Arbeitsvorrat) - Veränderungsraten,*,0.0,0.0,0.0,0.0,0.0,0.0,0.0,0.0,0.0,0.0,0.0,0.0,0.0,0.0,0.0,0.0,0.0,0.0,0.0,0.0,0.0,0.0,0.0,0.0,0.0,0.0,0.0,0.0,0.0,0.0
......0991 Walliswil bei Wangen,Art der Auftraggeber - Total,Freizeit und Kultur,Laufendes Jahr - Absolute Werte,0,5.0,0.0,0.0,15.0,5.0,0.0,0.0,0.0,0.0,0.0,0.0,0.0,0.0,0.0,0.0,0.0,0.0,0.0,0.0,0.0,0.0,0.0,0.0,0.0,0.0,0.0,0.0,0.0,0.0,0.0
......0991 Walliswil bei Wangen,Art der Auftraggeber - Total,Freizeit und Kultur,Laufendes Jahr - Veränderungsraten,*,0.0,0.0,0.0,0.0,-66.67,0.0,0.0,0.0,0.0,0.0,0.0,0.0,0.0,0.0,0.0,0.0,0.0,0.0,0.0,0.0,0.0,0.0,0.0,0.0,0.0,0.0,0.0,0.0,0.0,0.0
......0991 Walliswil bei Wangen,Art der Auftraggeber - Total,Freizeit und Kultur,Folgejahr (Arbeitsvorrat) - Absolute Werte,0,0.0,0.0,0.0,0.0,0.0,0.0,0.0,0.0,0.0,0.0,0.0,0.0,0.0,0.0,0.0,0.0,0.0,0.0,0.0,0.0,0.0,0.0,0.0,0.0,0.0,0.0,0.0,0.0,0.0,0.0
......0991 Walliswil bei Wangen,Art der Auftraggeber - Total,Freizeit und Kultur,Folgejahr (Arbeitsvorrat) - Veränderungsraten,*,0.0,0.0,0.0,0.0,0.0,0.0,0.0,0.0,0.0,0.0,0.0,0.0,0.0,0.0,0.0,0.0,0.0,0.0,0.0,0.0,0.0,0.0,0.0,0.0,0.0,0.0,0.0,0.0,0.0,0.0
......0991 Walliswil bei Wangen,Art der Auftraggeber - Total,Uebrige Infrastruktur,Laufendes Jahr - Absolute Werte,2717,1545.0,702.0,185.0,0.0,0.0,63.0,0.0,0.0,0.0,0.0,0.0,0.0,0.0,532.0,631.0,600.0,195.0,10532.0,13100.0,1945.0,998.0,247.0,25.0,0.0,65.0,78.0,1080.0,282.0,132.0,1004.0
......0991 Walliswil bei Wangen,Art der Auftraggeber - Total,Uebrige Infrastruktur,Laufendes Jahr - Veränderungsraten,*,-43.14,-54.56,-73.65,0.0,0.0,0.0,-100.0,0.0,0.0,0.0,0.0,0.0,0.0,0.0,18.61,-4.91,-67.5,5301.03,24.38,-85.15,-48.69,-75.25,-89.88,0.0,0.0,20.0,1284.62,-73.89,-53.19,660.61
......0991 Walliswil bei Wangen,Art der Auftraggeber - Total,Uebrige Infrastruktur,Folgejahr (Arbeitsvorrat) - Absolute Werte,1400,750.0,30.0,0.0,0.0,0.0,47.0,37.0,0.0,0.0,0.0,0.0,0.0,0.0,148.0,302.0,219.0,0.0,11282.0,2925.0,1409.0,440.0,22.0,0.0,0.0,102.0,1249.0,192.0,200.0,915.0,52.0
......0991 Walliswil bei Wangen,Art der Auftraggeber - Total,Uebrige Infrastruktur,Folgejahr (Arbeitsvorrat) - Veränderungsraten,*,-46.43,-96.0,-100.0,0.0,0.0,0.0,-21.28,0.0,0.0,0.0,0.0,0.0,0.0,0.0,104.05,-27.48,-100.0,0.0,-74.07,-51.83,-68.77,-95.0,-100.0,0.0,0.0,1124.51,-84.63,4.17,357.5,-94.32
......0991 Walliswil bei Wangen,Art der Auftraggeber - Total,Wohnen,Laufendes Jahr - Absolute Werte,500,670.0,859.0,1690.0,1136.0,522.0,22.0,227.0,99.0,1045.0,2613.0,2690.0,872.0,620.0,690.0,810.0,420.0,882.0,822.0,2815.0,1256.0,2038.0,879.0,2411.0,1183.0,1701.0,680.0,2653.0,4714.0,4624.0,1773.0
......0991 Walliswil bei Wangen,Art der Auftraggeber - Total,Wohnen,Laufendes Jahr - Veränderungsraten,*,34.0,28.21,96.74,-32.78,-54.05,-95.79,931.82,-56.39,955.56,150.05,2.95,-67.58,-28.9,11.29,17.39,-48.15,110.0,-6.8,242.46,-55.38,62.26,-56.87,174.29,-50.93,43.79,-60.02,290.15,77.69,-1.91,-61.66
......0991 Walliswil bei Wangen,Art der Auftraggeber - Total,Wohnen,Folgejahr (Arbeitsvorrat) - Absolute Werte,320,525.0,250.0,435.0,450.0,0.0,0.0,0.0,0.0,254.0,0.0,330.0,0.0,0.0,0.0,0.0,180.0,40.0,798.0,798.0,712.0,94.0,1238.0,1215.0,443.0,165.0,755.0,3242.0,1597.0,1654.0,448.0
......0991 Walliswil bei Wangen,Art der Auftraggeber - Total,Wohnen,Folgejahr (Arbeitsvorrat) - Veränderungsraten,*,64.06,-52.38,74.0,3.45,-100.0,0.0,0.0,0.0,0.0,-100.0,0.0,-100.0,0.0,0.0,0.0,0.0,-77.78,1895.0,0.0,-10.78,-86.8,1217.02,-1.86,-63.54,-62.75,357.58,329.4,-50.74,3.57,-72.91
......0991 Walliswil bei Wangen,Art der Auftraggeber - Total,Land- und Forstwirtschaft,Laufendes Jahr - Absolute Werte,15,15.0,110.0,150.0,185.0,0.0,0.0,0.0,0.0,10.0,0.0,0.0,0.0,10.0,8.0,0.0,0.0,0.0,0.0,0.0,0.0,28.0,2.0,9.0,20.0,12.0,12.0,15.0,15.0,0.0,0.0
......0991 Walliswil bei Wangen,Art der Auftraggeber - Total,Land- und Forstwirtschaft,Laufendes Jahr - Veränderungsraten,*,0.0,633.33,36.36,23.33,0.0,0.0,0.0,0.0,0.0,0.0,0.0,0.0,0.0,-20.0,0.0,0.0,0.0,0.0,0.0,0.0,0.0,-92.86,350.0,122.22,-40.0,0.0,25.0,0.0,-100.0,0.0
......0991 Walliswil bei Wangen,Art der Auftraggeber - Total,Land- und Forstwirtschaft,Folgejahr (Arbeitsvorrat) - Absolute Werte,5,0.0,0.0,200.0,0.0,0.0,0.0,0.0,0.0,0.0,0.0,0.0,0.0,0.0,0.0,0.0,0.0,0.0,0.0,0.0,0.0,2.0,0.0,40.0,20.0,12.0,12.0,12.0,0.0,0.0,0.0
......0991 Walliswil bei Wangen,Art der Auftraggeber - Total,Land- und Forstwirtschaft,Folgejahr (Arbeitsvorrat) - Veränderungsraten,*,-100.0,0.0,0.0,-100.0,0.0,0.0,0.0,0.0,0.0,0.0,0.0,0.0,0.0,0.0,0.0,0.0,0.0,0.0,0.0,0.0,0.0,-100.0,0.0,-50.0,-40.0,0.0,0.0,-100.0,0.0,0.0
......0991 Walliswil bei Wangen,Art der Auftraggeber - Total,"Industrie, Gewerbe und Dienstleistungen",Laufendes Jahr - Absolute Werte,0,100.0,250.0,55.0,26.0,0.0,0.0,15.0,0.0,0.0,0.0,0.0,0.0,0.0,0.0,0.0,0.0,0.0,0.0,0.0,0.0,0.0,0.0,0.0,0.0,0.0,0.0,0.0,0.0,0.0,0.0
......0991 Walliswil bei Wangen,Art der Auftraggeber - Total,"Industrie, Gewerbe und Dienstleistungen",Laufendes Jahr - Veränderungsraten,*,0.0,150.0,-78.0,-52.73,0.0,0.0,0.0,0.0,0.0,0.0,0.0,0.0,0.0,0.0,0.0,0.0,0.0,0.0,0.0,0.0,0.0,0.0,0.0,0.0,0.0,0.0,0.0,0.0,0.0,0.0
......0991 Walliswil bei Wangen,Art der Auftraggeber - Total,"Industrie, Gewerbe und Dienstleistungen",Folgejahr (Arbeitsvorrat) - Absolute Werte,0,300.0,50.0,11.0,0.0,0.0,0.0,0.0,0.0,0.0,0.0,0.0,0.0,0.0,0.0,0.0,0.0,0.0,0.0,0.0,0.0,0.0,0.0,0.0,0.0,0.0,0.0,0.0,0.0,0.0,0.0
......0991 Walliswil bei Wangen,Art der Auftraggeber - Total,"Industrie, Gewerbe und Dienstleistungen",Folgejahr (Arbeitsvorrat) - Veränderungsraten,*,0.0,-83.33,-78.0,-100.0,0.0,0.0,0.0,0.0,0.0,0.0,0.0,0.0,0.0,0.0,0.0,0.0,0.0,0.0,0.0,0.0,0.0,0.0,0.0,0.0,0.0,0.0,0.0,0.0,0.0,0.0
......0991 Walliswil bei Wangen,Oeffentliche Auftraggeber,Kategorie der Bauwerke - Total,Laufendes Jahr - Absolute Werte,2759,1548.0,702.0,120.0,365.0,0.0,63.0,0.0,0.0,0.0,0.0,0.0,0.0,0.0,540.0,631.0,600.0,195.0,10532.0,13100.0,1945.0,998.0,247.0,25.0,0.0,65.0,78.0,1080.0,282.0,132.0,1004.0
......0991 Walliswil bei Wangen,Oeffentliche Auftraggeber,Kategorie der Bauwerke - Total,Laufendes Jahr - Veränderungsraten,*,-43.89,-54.65,-82.91,204.17,-100.0,0.0,-100.0,0.0,0.0,0.0,0.0,0.0,0.0,0.0,16.85,-4.91,-67.5,5301.03,24.38,-85.15,-48.69,-75.25,-89.88,0.0,0.0,20.0,1284.62,-73.89,-53.19,660.61
......0991 Walliswil bei Wangen,Oeffentliche Auftraggeber,Kategorie der Bauwerke - Total,Folgejahr (Arbeitsvorrat) - Absolute Werte,1400,750.0,30.0,11.0,0.0,0.0,47.0,37.0,0.0,0.0,0.0,0.0,0.0,0.0,148.0,302.0,219.0,0.0,11282.0,2925.0,1409.0,440.0,22.0,0.0,0.0,102.0,1249.0,192.0,200.0,915.0,52.0
......0991 Walliswil bei Wangen,Oeffentliche Auftraggeber,Kategorie der Bauwerke - Total,Folgejahr (Arbeitsvorrat) - Veränderungsraten,*,-46.43,-96.0,-63.33,-100.0,0.0,0.0,-21.28,0.0,0.0,0.0,0.0,0.0,0.0,0.0,104.05,-27.48,-100.0,0.0,-74.07,-51.83,-68.77,-95.0,-100.0,0.0,0.0,1124.51,-84.63,4.17,357.5,-94.32
......0991 Walliswil bei Wangen,Oeffentliche Auftraggeber,Infrastruktur Versorgung,Laufendes Jahr - Absolute Werte,22,3.0,0.0,0.0,350.0,0.0,0.0,0.0,0.0,0.0,0.0,0.0,0.0,0.0,0.0,0.0,0.0,0.0,0.0,0.0,0.0,0.0,0.0,0.0,0.0,0.0,0.0,0.0,0.0,0.0,0.0
......0991 Walliswil bei Wangen,Oeffentliche Auftraggeber,Infrastruktur Versorgung,Laufendes Jahr - Veränderungsraten,*,-86.36,0.0,0.0,0.0,0.0,0.0,0.0,0.0,0.0,0.0,0.0,0.0,0.0,0.0,0.0,0.0,0.0,0.0,0.0,0.0,0.0,0.0,0.0,0.0,0.0,0.0,0.0,0.0,0.0,0.0
......0991 Walliswil bei Wangen,Oeffentliche Auftraggeber,Infrastruktur Versorgung,Folgejahr (Arbeitsvorrat) - Absolute Werte,0,0.0,0.0,0.0,0.0,0.0,0.0,0.0,0.0,0.0,0.0,0.0,0.0,0.0,0.0,0.0,0.0,0.0,0.0,0.0,0.0,0.0,0.0,0.0,0.0,0.0,0.0,0.0,0.0,0.0,0.0
......0991 Walliswil bei Wangen,Oeffentliche Auftraggeber,Infrastruktur Versorgung,Folgejahr (Arbeitsvorrat) - Veränderungsraten,*,0.0,0.0,0.0,0.0,0.0,0.0,0.0,0.0,0.0,0.0,0.0,0.0,0.0,0.0,0.0,0.0,0.0,0.0,0.0,0.0,0.0,0.0,0.0,0.0,0.0,0.0,0.0,0.0,0.0,0.0
......0991 Walliswil bei Wangen,Oeffentliche Auftraggeber,Infrastruktur Entsorgung,Laufendes Jahr - Absolute Werte,20,0.0,0.0,0.0,0.0,0.0,0.0,0.0,0.0,0.0,0.0,0.0,0.0,0.0,0.0,0.0,0.0,0.0,0.0,0.0,0.0,0.0,0.0,0.0,0.0,0.0,0.0,0.0,0.0,0.0,0.0
......0991 Walliswil bei Wangen,Oeffentliche Auftraggeber,Infrastruktur Entsorgung,Laufendes Jahr - Veränderungsraten,*,0.0,0.0,0.0,0.0,0.0,0.0,0.0,0.0,0.0,0.0,0.0,0.0,0.0,0.0,0.0,0.0,0.0,0.0,0.0,0.0,0.0,0.0,0.0,0.0,0.0,0.0,0.0,0.0,0.0,0.0
......0991 Walliswil bei Wangen,Oeffentliche Auftraggeber,Infrastruktur Entsorgung,Folgejahr (Arbeitsvorrat) - Absolute Werte,0,0.0,0.0,0.0,0.0,0.0,0.0,0.0,0.0,0.0,0.0,0.0,0.0,0.0,0.0,0.0,0.0,0.0,0.0,0.0,0.0,0.0,0.0,0.0,0.0,0.0,0.0,0.0,0.0,0.0,0.0
......0991 Walliswil bei Wangen,Oeffentliche Auftraggeber,Infrastruktur Entsorgung,Folgejahr (Arbeitsvorrat) - Veränderungsraten,*,0.0,0.0,0.0,0.0,0.0,0.0,0.0,0.0,0.0,0.0,0.0,0.0,0.0,0.0,0.0,0.0,0.0,0.0,0.0,0.0,0.0,0.0,0.0,0.0,0.0,0.0,0.0,0.0,0.0,0.0
......0991 Walliswil bei Wangen,Oeffentliche Auftraggeber,Infrastruktur Strassenverkehr,Laufendes Jahr - Absolute Werte,0,0.0,0.0,0.0,0.0,0.0,0.0,0.0,0.0,0.0,0.0,0.0,0.0,0.0,0.0,0.0,0.0,0.0,0.0,0.0,0.0,0.0,0.0,0.0,0.0,0.0,0.0,0.0,0.0,0.0,0.0
......0991 Walliswil bei Wangen,Oeffentliche Auftraggeber,Infrastruktur Strassenverkehr,Laufendes Jahr - Veränderungsraten,*,0.0,0.0,0.0,0.0,0.0,0.0,0.0,0.0,0.0,0.0,0.0,0.0,0.0,0.0,0.0,0.0,0.0,0.0,0.0,0.0,0.0,0.0,0.0,0.0,0.0,0.0,0.0,0.0,0.0,0.0
......0991 Walliswil bei Wangen,Oeffentliche Auftraggeber,Infrastruktur Strassenverkehr,Folgejahr (Arbeitsvorrat) - Absolute Werte,0,0.0,0.0,0.0,0.0,0.0,0.0,0.0,0.0,0.0,0.0,0.0,0.0,0.0,0.0,0.0,0.0,0.0,0.0,0.0,0.0,0.0,0.0,0.0,0.0,0.0,0.0,0.0,0.0,0.0,0.0
......0991 Walliswil bei Wangen,Oeffentliche Auftraggeber,Infrastruktur Strassenverkehr,Folgejahr (Arbeitsvorrat) - Veränderungsraten,*,0.0,0.0,0.0,0.0,0.0,0.0,0.0,0.0,0.0,0.0,0.0,0.0,0.0,0.0,0.0,0.0,0.0,0.0,0.0,0.0,0.0,0.0,0.0,0.0,0.0,0.0,0.0,0.0,0.0,0.0
......0991 Walliswil bei Wangen,Oeffentliche Auftraggeber,Infrastruktur übriger Verkehr und Kommunikation,Laufendes Jahr - Absolute Werte,0,0.0,0.0,0.0,0.0,0.0,0.0,0.0,0.0,0.0,0.0,0.0,0.0,0.0,0.0,0.0,0.0,0.0,0.0,0.0,0.0,0.0,0.0,0.0,0.0,0.0,0.0,0.0,0.0,0.0,0.0
......0991 Walliswil bei Wangen,Oeffentliche Auftraggeber,Infrastruktur übriger Verkehr und Kommunikation,Laufendes Jahr - Veränderungsraten,*,0.0,0.0,0.0,0.0,0.0,0.0,0.0,0.0,0.0,0.0,0.0,0.0,0.0,0.0,0.0,0.0,0.0,0.0,0.0,0.0,0.0,0.0,0.0,0.0,0.0,0.0,0.0,0.0,0.0,0.0
......0991 Walliswil bei Wangen,Oeffentliche Auftraggeber,Infrastruktur übriger Verkehr und Kommunikation,Folgejahr (Arbeitsvorrat) - Absolute Werte,0,0.0,0.0,0.0,0.0,0.0,0.0,0.0,0.0,0.0,0.0,0.0,0.0,0.0,0.0,0.0,0.0,0.0,0.0,0.0,0.0,0.0,0.0,0.0,0.0,0.0,0.0,0.0,0.0,0.0,0.0
......0991 Walliswil bei Wangen,Oeffentliche Auftraggeber,Infrastruktur übriger Verkehr und Kommunikation,Folgejahr (Arbeitsvorrat) - Veränderungsraten,*,0.0,0.0,0.0,0.0,0.0,0.0,0.0,0.0,0.0,0.0,0.0,0.0,0.0,0.0,0.0,0.0,0.0,0.0,0.0,0.0,0.0,0.0,0.0,0.0,0.0,0.0,0.0,0.0,0.0,0.0
......0991 Walliswil bei Wangen,Oeffentliche Auftraggeber,"Bildung, Forschung",Laufendes Jahr - Absolute Werte,0,0.0,0.0,0.0,0.0,0.0,0.0,0.0,0.0,0.0,0.0,0.0,0.0,0.0,0.0,0.0,0.0,0.0,0.0,0.0,0.0,0.0,0.0,0.0,0.0,0.0,0.0,0.0,0.0,0.0,0.0
......0991 Walliswil bei Wangen,Oeffentliche Auftraggeber,"Bildung, Forschung",Laufendes Jahr - Veränderungsraten,*,0.0,0.0,0.0,0.0,0.0,0.0,0.0,0.0,0.0,0.0,0.0,0.0,0.0,0.0,0.0,0.0,0.0,0.0,0.0,0.0,0.0,0.0,0.0,0.0,0.0,0.0,0.0,0.0,0.0,0.0
......0991 Walliswil bei Wangen,Oeffentliche Auftraggeber,"Bildung, Forschung",Folgejahr (Arbeitsvorrat) - Absolute Werte,0,0.0,0.0,0.0,0.0,0.0,0.0,0.0,0.0,0.0,0.0,0.0,0.0,0.0,0.0,0.0,0.0,0.0,0.0,0.0,0.0,0.0,0.0,0.0,0.0,0.0,0.0,0.0,0.0,0.0,0.0
......0991 Walliswil bei Wangen,Oeffentliche Auftraggeber,"Bildung, Forschung",Folgejahr (Arbeitsvorrat) - Veränderungsraten,*,0.0,0.0,0.0,0.0,0.0,0.0,0.0,0.0,0.0,0.0,0.0,0.0,0.0,0.0,0.0,0.0,0.0,0.0,0.0,0.0,0.0,0.0,0.0,0.0,0.0,0.0,0.0,0.0,0.0,0.0
......0991 Walliswil bei Wangen,Oeffentliche Auftraggeber,Gesundheit,Laufendes Jahr - Absolute Werte,0,0.0,0.0,0.0,0.0,0.0,0.0,0.0,0.0,0.0,0.0,0.0,0.0,0.0,0.0,0.0,0.0,0.0,0.0,0.0,0.0,0.0,0.0,0.0,0.0,0.0,0.0,0.0,0.0,0.0,0.0
......0991 Walliswil bei Wangen,Oeffentliche Auftraggeber,Gesundheit,Laufendes Jahr - Veränderungsraten,*,0.0,0.0,0.0,0.0,0.0,0.0,0.0,0.0,0.0,0.0,0.0,0.0,0.0,0.0,0.0,0.0,0.0,0.0,0.0,0.0,0.0,0.0,0.0,0.0,0.0,0.0,0.0,0.0,0.0,0.0
......0991 Walliswil bei Wangen,Oeffentliche Auftraggeber,Gesundheit,Folgejahr (Arbeitsvorrat) - Absolute Werte,0,0.0,0.0,0.0,0.0,0.0,0.0,0.0,0.0,0.0,0.0,0.0,0.0,0.0,0.0,0.0,0.0,0.0,0.0,0.0,0.0,0.0,0.0,0.0,0.0,0.0,0.0,0.0,0.0,0.0,0.0
......0991 Walliswil bei Wangen,Oeffentliche Auftraggeber,Gesundheit,Folgejahr (Arbeitsvorrat) - Veränderungsraten,*,0.0,0.0,0.0,0.0,0.0,0.0,0.0,0.0,0.0,0.0,0.0,0.0,0.0,0.0,0.0,0.0,0.0,0.0,0.0,0.0,0.0,0.0,0.0,0.0,0.0,0.0,0.0,0.0,0.0,0.0
......0991 Walliswil bei Wangen,Oeffentliche Auftraggeber,Freizeit und Kultur,Laufendes Jahr - Absolute Werte,0,0.0,0.0,0.0,0.0,0.0,0.0,0.0,0.0,0.0,0.0,0.0,0.0,0.0,0.0,0.0,0.0,0.0,0.0,0.0,0.0,0.0,0.0,0.0,0.0,0.0,0.0,0.0,0.0,0.0,0.0
......0991 Walliswil bei Wangen,Oeffentliche Auftraggeber,Freizeit und Kultur,Laufendes Jahr - Veränderungsraten,*,0.0,0.0,0.0,0.0,0.0,0.0,0.0,0.0,0.0,0.0,0.0,0.0,0.0,0.0,0.0,0.0,0.0,0.0,0.0,0.0,0.0,0.0,0.0,0.0,0.0,0.0,0.0,0.0,0.0,0.0
......0991 Walliswil bei Wangen,Oeffentliche Auftraggeber,Freizeit und Kultur,Folgejahr (Arbeitsvorrat) - Absolute Werte,0,0.0,0.0,0.0,0.0,0.0,0.0,0.0,0.0,0.0,0.0,0.0,0.0,0.0,0.0,0.0,0.0,0.0,0.0,0.0,0.0,0.0,0.0,0.0,0.0,0.0,0.0,0.0,0.0,0.0,0.0
......0991 Walliswil bei Wangen,Oeffentliche Auftraggeber,Freizeit und Kultur,Folgejahr (Arbeitsvorrat) - Veränderungsraten,*,0.0,0.0,0.0,0.0,0.0,0.0,0.0,0.0,0.0,0.0,0.0,0.0,0.0,0.0,0.0,0.0,0.0,0.0,0.0,0.0,0.0,0.0,0.0,0.0,0.0,0.0,0.0,0.0,0.0,0.0
......0991 Walliswil bei Wangen,Oeffentliche Auftraggeber,Uebrige Infrastruktur,Laufendes Jahr - Absolute Werte,2717,1545.0,702.0,65.0,0.0,0.0,63.0,0.0,0.0,0.0,0.0,0.0,0.0,0.0,532.0,631.0,600.0,195.0,10532.0,13100.0,1945.0,998.0,247.0,25.0,0.0,65.0,78.0,1080.0,282.0,132.0,1004.0
......0991 Walliswil bei Wangen,Oeffentliche Auftraggeber,Uebrige Infrastruktur,Laufendes Jahr - Veränderungsraten,*,-43.14,-54.56,-90.74,0.0,0.0,0.0,-100.0,0.0,0.0,0.0,0.0,0.0,0.0,0.0,18.61,-4.91,-67.5,5301.03,24.38,-85.15,-48.69,-75.25,-89.88,0.0,0.0,20.0,1284.62,-73.89,-53.19,660.61
......0991 Walliswil bei Wangen,Oeffentliche Auftraggeber,Uebrige Infrastruktur,Folgejahr (Arbeitsvorrat) - Absolute Werte,1400,750.0,30.0,0.0,0.0,0.0,47.0,37.0,0.0,0.0,0.0,0.0,0.0,0.0,148.0,302.0,219.0,0.0,11282.0,2925.0,1409.0,440.0,22.0,0.0,0.0,102.0,1249.0,192.0,200.0,915.0,52.0
......0991 Walliswil bei Wangen,Oeffentliche Auftraggeber,Uebrige Infrastruktur,Folgejahr (Arbeitsvorrat) - Veränderungsraten,*,-46.43,-96.0,-100.0,0.0,0.0,0.0,-21.28,0.0,0.0,0.0,0.0,0.0,0.0,0.0,104.05,-27.48,-100.0,0.0,-74.07,-51.83,-68.77,-95.0,-100.0,0.0,0.0,1124.51,-84.63,4.17,357.5,-94.32
......0991 Walliswil bei Wangen,Oeffentliche Auftraggeber,Wohnen,Laufendes Jahr - Absolute Werte,0,0.0,0.0,0.0,0.0,0.0,0.0,0.0,0.0,0.0,0.0,0.0,0.0,0.0,0.0,0.0,0.0,0.0,0.0,0.0,0.0,0.0,0.0,0.0,0.0,0.0,0.0,0.0,0.0,0.0,0.0
......0991 Walliswil bei Wangen,Oeffentliche Auftraggeber,Wohnen,Laufendes Jahr - Veränderungsraten,*,0.0,0.0,0.0,0.0,0.0,0.0,0.0,0.0,0.0,0.0,0.0,0.0,0.0,0.0,0.0,0.0,0.0,0.0,0.0,0.0,0.0,0.0,0.0,0.0,0.0,0.0,0.0,0.0,0.0,0.0
......0991 Walliswil bei Wangen,Oeffentliche Auftraggeber,Wohnen,Folgejahr (Arbeitsvorrat) - Absolute Werte,0,0.0,0.0,0.0,0.0,0.0,0.0,0.0,0.0,0.0,0.0,0.0,0.0,0.0,0.0,0.0,0.0,0.0,0.0,0.0,0.0,0.0,0.0,0.0,0.0,0.0,0.0,0.0,0.0,0.0,0.0
......0991 Walliswil bei Wangen,Oeffentliche Auftraggeber,Wohnen,Folgejahr (Arbeitsvorrat) - Veränderungsraten,*,0.0,0.0,0.0,0.0,0.0,0.0,0.0,0.0,0.0,0.0,0.0,0.0,0.0,0.0,0.0,0.0,0.0,0.0,0.0,0.0,0.0,0.0,0.0,0.0,0.0,0.0,0.0,0.0,0.0,0.0
......0991 Walliswil bei Wangen,Oeffentliche Auftraggeber,Land- und Forstwirtschaft,Laufendes Jahr - Absolute Werte,0,0.0,0.0,0.0,4.0,0.0,0.0,0.0,0.0,0.0,0.0,0.0,0.0,0.0,8.0,0.0,0.0,0.0,0.0,0.0,0.0,0.0,0.0,0.0,0.0,0.0,0.0,0.0,0.0,0.0,0.0
......0991 Walliswil bei Wangen,Oeffentliche Auftraggeber,Land- und Forstwirtschaft,Laufendes Jahr - Veränderungsraten,*,0.0,0.0,0.0,0.0,0.0,0.0,0.0,0.0,0.0,0.0,0.0,0.0,0.0,0.0,0.0,0.0,0.0,0.0,0.0,0.0,0.0,0.0,0.0,0.0,0.0,0.0,0.0,0.0,0.0,0.0
......0991 Walliswil bei Wangen,Oeffentliche Auftraggeber,Land- und Forstwirtschaft,Folgejahr (Arbeitsvorrat) - Absolute Werte,0,0.0,0.0,0.0,0.0,0.0,0.0,0.0,0.0,0.0,0.0,0.0,0.0,0.0,0.0,0.0,0.0,0.0,0.0,0.0,0.0,0.0,0.0,0.0,0.0,0.0,0.0,0.0,0.0,0.0,0.0
......0991 Walliswil bei Wangen,Oeffentliche Auftraggeber,Land- und Forstwirtschaft,Folgejahr (Arbeitsvorrat) - Veränderungsraten,*,0.0,0.0,0.0,0.0,0.0,0.0,0.0,0.0,0.0,0.0,0.0,0.0,0.0,0.0,0.0,0.0,0.0,0.0,0.0,0.0,0.0,0.0,0.0,0.0,0.0,0.0,0.0,0.0,0.0,0.0
......0991 Walliswil bei Wangen,Oeffentliche Auftraggeber,"Industrie, Gewerbe und Dienstleistungen",Laufendes Jahr - Absolute Werte,0,0.0,0.0,55.0,11.0,0.0,0.0,0.0,0.0,0.0,0.0,0.0,0.0,0.0,0.0,0.0,0.0,0.0,0.0,0.0,0.0,0.0,0.0,0.0,0.0,0.0,0.0,0.0,0.0,0.0,0.0
......0991 Walliswil bei Wangen,Oeffentliche Auftraggeber,"Industrie, Gewerbe und Dienstleistungen",Laufendes Jahr - Veränderungsraten,*,0.0,0.0,0.0,-80.0,0.0,0.0,0.0,0.0,0.0,0.0,0.0,0.0,0.0,0.0,0.0,0.0,0.0,0.0,0.0,0.0,0.0,0.0,0.0,0.0,0.0,0.0,0.0,0.0,0.0,0.0
......0991 Walliswil bei Wangen,Oeffentliche Auftraggeber,"Industrie, Gewerbe und Dienstleistungen",Folgejahr (Arbeitsvorrat) - Absolute Werte,0,0.0,0.0,11.0,0.0,0.0,0.0,0.0,0.0,0.0,0.0,0.0,0.0,0.0,0.0,0.0,0.0,0.0,0.0,0.0,0.0,0.0,0.0,0.0,0.0,0.0,0.0,0.0,0.0,0.0,0.0
......0991 Walliswil bei Wangen,Oeffentliche Auftraggeber,"Industrie, Gewerbe und Dienstleistungen",Folgejahr (Arbeitsvorrat) - Veränderungsraten,*,0.0,0.0,0.0,-100.0,0.0,0.0,0.0,0.0,0.0,0.0,0.0,0.0,0.0,0.0,0.0,0.0,0.0,0.0,0.0,0.0,0.0,0.0,0.0,0.0,0.0,0.0,0.0,0.0,0.0,0.0
......0991 Walliswil bei Wangen,Private Auftraggeber,Kategorie der Bauwerke - Total,Laufendes Jahr - Absolute Werte,515,790.0,1219.0,1960.0,1437.0,572.0,22.0,242.0,99.0,1055.0,2613.0,2690.0,872.0,630.0,690.0,810.0,420.0,882.0,822.0,2823.0,1256.0,2066.0,881.0,2442.0,1203.0,1713.0,692.0,2668.0,4730.0,4624.0,1773.0
......0991 Walliswil bei Wangen,Private Auftraggeber,Kategorie der Bauwerke - Total,Laufendes Jahr - Veränderungsraten,*,53.4,54.3,60.79,-26.68,-60.19,-96.15,1000.0,-59.09,965.66,147.68,2.95,-67.58,-27.75,9.52,17.39,-48.15,110.0,-6.8,243.43,-55.51,64.49,-57.36,177.19,-50.74,42.39,-59.6,285.55,77.29,-2.24,-61.66
......0991 Walliswil bei Wangen,Private Auftraggeber,Kategorie der Bauwerke - Total,Folgejahr (Arbeitsvorrat) - Absolute Werte,325,825.0,300.0,635.0,450.0,0.0,0.0,0.0,0.0,254.0,0.0,330.0,0.0,0.0,0.0,0.0,180.0,40.0,798.0,798.0,712.0,96.0,1238.0,1255.0,463.0,177.0,767.0,3254.0,1597.0,1654.0,448.0
......0991 Walliswil bei Wangen,Private Auftraggeber,Kategorie der Bauwerke - Total,Folgejahr (Arbeitsvorrat) - Veränderungsraten,*,153.85,-63.64,111.67,-29.13,-100.0,0.0,0.0,0.0,0.0,-100.0,0.0,-100.0,0.0,0.0,0.0,0.0,-77.78,1895.0,0.0,-10.78,-86.52,1189.58,1.37,-63.11,-61.77,333.33,324.25,-50.92,3.57,-72.91
......0991 Walliswil bei Wangen,Private Auftraggeber,Infrastruktur Versorgung,Laufendes Jahr - Absolute Werte,0,0.0,0.0,0.0,80.0,0.0,0.0,0.0,0.0,0.0,0.0,0.0,0.0,0.0,0.0,0.0,0.0,0.0,0.0,0.0,0.0,0.0,0.0,22.0,0.0,0.0,0.0,0.0,0.0,0.0,0.0
......0991 Walliswil bei Wangen,Private Auftraggeber,Infrastruktur Versorgung,Laufendes Jahr - Veränderungsraten,*,0.0,0.0,0.0,0.0,0.0,0.0,0.0,0.0,0.0,0.0,0.0,0.0,0.0,0.0,0.0,0.0,0.0,0.0,0.0,0.0,0.0,0.0,0.0,0.0,0.0,0.0,0.0,0.0,0.0,0.0
......0991 Walliswil bei Wangen,Private Auftraggeber,Infrastruktur Versorgung,Folgejahr (Arbeitsvorrat) - Absolute Werte,0,0.0,0.0,0.0,0.0,0.0,0.0,0.0,0.0,0.0,0.0,0.0,0.0,0.0,0.0,0.0,0.0,0.0,0.0,0.0,0.0,0.0,0.0,0.0,0.0,0.0,0.0,0.0,0.0,0.0,0.0
......0991 Walliswil bei Wangen,Private Auftraggeber,Infrastruktur Versorgung,Folgejahr (Arbeitsvorrat) - Veränderungsraten,*,0.0,0.0,0.0,0.0,0.0,0.0,0.0,0.0,0.0,0.0,0.0,0.0,0.0,0.0,0.0,0.0,0.0,0.0,0.0,0.0,0.0,0.0,0.0,0.0,0.0,0.0,0.0,0.0,0.0,0.0
......0991 Walliswil bei Wangen,Private Auftraggeber,Infrastruktur Entsorgung,Laufendes Jahr - Absolute Werte,0,0.0,0.0,0.0,0.0,0.0,0.0,0.0,0.0,0.0,0.0,0.0,0.0,0.0,0.0,0.0,0.0,0.0,0.0,0.0,0.0,0.0,0.0,0.0,0.0,0.0,0.0,0.0,0.0,0.0,0.0
......0991 Walliswil bei Wangen,Private Auftraggeber,Infrastruktur Entsorgung,Laufendes Jahr - Veränderungsraten,*,0.0,0.0,0.0,0.0,0.0,0.0,0.0,0.0,0.0,0.0,0.0,0.0,0.0,0.0,0.0,0.0,0.0,0.0,0.0,0.0,0.0,0.0,0.0,0.0,0.0,0.0,0.0,0.0,0.0,0.0
......0991 Walliswil bei Wangen,Private Auftraggeber,Infrastruktur Entsorgung,Folgejahr (Arbeitsvorrat) - Absolute Werte,0,0.0,0.0,0.0,0.0,0.0,0.0,0.0,0.0,0.0,0.0,0.0,0.0,0.0,0.0,0.0,0.0,0.0,0.0,0.0,0.0,0.0,0.0,0.0,0.0,0.0,0.0,0.0,0.0,0.0,0.0
......0991 Walliswil bei Wangen,Private Auftraggeber,Infrastruktur Entsorgung,Folgejahr (Arbeitsvorrat) - Veränderungsraten,*,0.0,0.0,0.0,0.0,0.0,0.0,0.0,0.0,0.0,0.0,0.0,0.0,0.0,0.0,0.0,0.0,0.0,0.0,0.0,0.0,0.0,0.0,0.0,0.0,0.0,0.0,0.0,0.0,0.0,0.0
......0991 Walliswil bei Wangen,Private Auftraggeber,Infrastruktur Strassenverkehr,Laufendes Jahr - Absolute Werte,0,0.0,0.0,0.0,10.0,0.0,0.0,0.0,0.0,0.0,0.0,0.0,0.0,0.0,0.0,0.0,0.0,0.0,0.0,8.0,0.0,0.0,0.0,0.0,0.0,0.0,0.0,0.0,1.0,0.0,0.0
......0991 Walliswil bei Wangen,Private Auftraggeber,Infrastruktur Strassenverkehr,Laufendes Jahr - Veränderungsraten,*,0.0,0.0,0.0,0.0,0.0,0.0,0.0,0.0,0.0,0.0,0.0,0.0,0.0,0.0,0.0,0.0,0.0,0.0,0.0,0.0,0.0,0.0,0.0,0.0,0.0,0.0,0.0,0.0,0.0,0.0
......0991 Walliswil bei Wangen,Private Auftraggeber,Infrastruktur Strassenverkehr,Folgejahr (Arbeitsvorrat) - Absolute Werte,0,0.0,0.0,0.0,0.0,0.0,0.0,0.0,0.0,0.0,0.0,0.0,0.0,0.0,0.0,0.0,0.0,0.0,0.0,0.0,0.0,0.0,0.0,0.0,0.0,0.0,0.0,0.0,0.0,0.0,0.0
......0991 Walliswil bei Wangen,Private Auftraggeber,Infrastruktur Strassenverkehr,Folgejahr (Arbeitsvorrat) - Veränderungsraten,*,0.0,0.0,0.0,0.0,0.0,0.0,0.0,0.0,0.0,0.0,0.0,0.0,0.0,0.0,0.0,0.0,0.0,0.0,0.0,0.0,0.0,0.0,0.0,0.0,0.0,0.0,0.0,0.0,0.0,0.0
......0991 Walliswil bei Wangen,Private Auftraggeber,Infrastruktur übriger Verkehr und Kommunikation,Laufendes Jahr - Absolute Werte,0,0.0,0.0,0.0,0.0,45.0,0.0,0.0,0.0,0.0,0.0,0.0,0.0,0.0,0.0,0.0,0.0,0.0,0.0,0.0,0.0,0.0,0.0,0.0,0.0,0.0,0.0,0.0,0.0,0.0,0.0
......0991 Walliswil bei Wangen,Private Auftraggeber,Infrastruktur übriger Verkehr und Kommunikation,Laufendes Jahr - Veränderungsraten,*,0.0,0.0,0.0,0.0,0.0,0.0,0.0,0.0,0.0,0.0,0.0,0.0,0.0,0.0,0.0,0.0,0.0,0.0,0.0,0.0,0.0,0.0,0.0,0.0,0.0,0.0,0.0,0.0,0.0,0.0
......0991 Walliswil bei Wangen,Private Auftraggeber,Infrastruktur übriger Verkehr und Kommunikation,Folgejahr (Arbeitsvorrat) - Absolute Werte,0,0.0,0.0,0.0,0.0,0.0,0.0,0.0,0.0,0.0,0.0,0.0,0.0,0.0,0.0,0.0,0.0,0.0,0.0,0.0,0.0,0.0,0.0,0.0,0.0,0.0,0.0,0.0,0.0,0.0,0.0
......0991 Walliswil bei Wangen,Private Auftraggeber,Infrastruktur übriger Verkehr und Kommunikation,Folgejahr (Arbeitsvorrat) - Veränderungsraten,*,0.0,0.0,0.0,0.0,0.0,0.0,0.0,0.0,0.0,0.0,0.0,0.0,0.0,0.0,0.0,0.0,0.0,0.0,0.0,0.0,0.0,0.0,0.0,0.0,0.0,0.0,0.0,0.0,0.0,0.0
......0991 Walliswil bei Wangen,Private Auftraggeber,"Bildung, Forschung",Laufendes Jahr - Absolute Werte,0,0.0,0.0,0.0,0.0,0.0,0.0,0.0,0.0,0.0,0.0,0.0,0.0,0.0,0.0,0.0,0.0,0.0,0.0,0.0,0.0,0.0,0.0,0.0,0.0,0.0,0.0,0.0,0.0,0.0,0.0
......0991 Walliswil bei Wangen,Private Auftraggeber,"Bildung, Forschung",Laufendes Jahr - Veränderungsraten,*,0.0,0.0,0.0,0.0,0.0,0.0,0.0,0.0,0.0,0.0,0.0,0.0,0.0,0.0,0.0,0.0,0.0,0.0,0.0,0.0,0.0,0.0,0.0,0.0,0.0,0.0,0.0,0.0,0.0,0.0
......0991 Walliswil bei Wangen,Private Auftraggeber,"Bildung, Forschung",Folgejahr (Arbeitsvorrat) - Absolute Werte,0,0.0,0.0,0.0,0.0,0.0,0.0,0.0,0.0,0.0,0.0,0.0,0.0,0.0,0.0,0.0,0.0,0.0,0.0,0.0,0.0,0.0,0.0,0.0,0.0,0.0,0.0,0.0,0.0,0.0,0.0
......0991 Walliswil bei Wangen,Private Auftraggeber,"Bildung, Forschung",Folgejahr (Arbeitsvorrat) - Veränderungsraten,*,0.0,0.0,0.0,0.0,0.0,0.0,0.0,0.0,0.0,0.0,0.0,0.0,0.0,0.0,0.0,0.0,0.0,0.0,0.0,0.0,0.0,0.0,0.0,0.0,0.0,0.0,0.0,0.0,0.0,0.0
......0991 Walliswil bei Wangen,Private Auftraggeber,Gesundheit,Laufendes Jahr - Absolute Werte,0,0.0,0.0,0.0,0.0,0.0,0.0,0.0,0.0,0.0,0.0,0.0,0.0,0.0,0.0,0.0,0.0,0.0,0.0,0.0,0.0,0.0,0.0,0.0,0.0,0.0,0.0,0.0,0.0,0.0,0.0
......0991 Walliswil bei Wangen,Private Auftraggeber,Gesundheit,Laufendes Jahr - Veränderungsraten,*,0.0,0.0,0.0,0.0,0.0,0.0,0.0,0.0,0.0,0.0,0.0,0.0,0.0,0.0,0.0,0.0,0.0,0.0,0.0,0.0,0.0,0.0,0.0,0.0,0.0,0.0,0.0,0.0,0.0,0.0
......0991 Walliswil bei Wangen,Private Auftraggeber,Gesundheit,Folgejahr (Arbeitsvorrat) - Absolute Werte,0,0.0,0.0,0.0,0.0,0.0,0.0,0.0,0.0,0.0,0.0,0.0,0.0,0.0,0.0,0.0,0.0,0.0,0.0,0.0,0.0,0.0,0.0,0.0,0.0,0.0,0.0,0.0,0.0,0.0,0.0
......0991 Walliswil bei Wangen,Private Auftraggeber,Gesundheit,Folgejahr (Arbeitsvorrat) - Veränderungsraten,*,0.0,0.0,0.0,0.0,0.0,0.0,0.0,0.0,0.0,0.0,0.0,0.0,0.0,0.0,0.0,0.0,0.0,0.0,0.0,0.0,0.0,0.0,0.0,0.0,0.0,0.0,0.0,0.0,0.0,0.0
......0991 Walliswil bei Wangen,Private Auftraggeber,Freizeit und Kultur,Laufendes Jahr - Absolute Werte,0,5.0,0.0,0.0,15.0,5.0,0.0,0.0,0.0,0.0,0.0,0.0,0.0,0.0,0.0,0.0,0.0,0.0,0.0,0.0,0.0,0.0,0.0,0.0,0.0,0.0,0.0,0.0,0.0,0.0,0.0
......0991 Walliswil bei Wangen,Private Auftraggeber,Freizeit und Kultur,Laufendes Jahr - Veränderungsraten,*,0.0,0.0,0.0,0.0,-66.67,0.0,0.0,0.0,0.0,0.0,0.0,0.0,0.0,0.0,0.0,0.0,0.0,0.0,0.0,0.0,0.0,0.0,0.0,0.0,0.0,0.0,0.0,0.0,0.0,0.0
......0991 Walliswil bei Wangen,Private Auftraggeber,Freizeit und Kultur,Folgejahr (Arbeitsvorrat) - Absolute Werte,0,0.0,0.0,0.0,0.0,0.0,0.0,0.0,0.0,0.0,0.0,0.0,0.0,0.0,0.0,0.0,0.0,0.0,0.0,0.0,0.0,0.0,0.0,0.0,0.0,0.0,0.0,0.0,0.0,0.0,0.0
......0991 Walliswil bei Wangen,Private Auftraggeber,Freizeit und Kultur,Folgejahr (Arbeitsvorrat) - Veränderungsraten,*,0.0,0.0,0.0,0.0,0.0,0.0,0.0,0.0,0.0,0.0,0.0,0.0,0.0,0.0,0.0,0.0,0.0,0.0,0.0,0.0,0.0,0.0,0.0,0.0,0.0,0.0,0.0,0.0,0.0,0.0
......0991 Walliswil bei Wangen,Private Auftraggeber,Uebrige Infrastruktur,Laufendes Jahr - Absolute Werte,0,0.0,0.0,120.0,0.0,0.0,0.0,0.0,0.0,0.0,0.0,0.0,0.0,0.0,0.0,0.0,0.0,0.0,0.0,0.0,0.0,0.0,0.0,0.0,0.0,0.0,0.0,0.0,0.0,0.0,0.0
......0991 Walliswil bei Wangen,Private Auftraggeber,Uebrige Infrastruktur,Laufendes Jahr - Veränderungsraten,*,0.0,0.0,0.0,0.0,0.0,0.0,0.0,0.0,0.0,0.0,0.0,0.0,0.0,0.0,0.0,0.0,0.0,0.0,0.0,0.0,0.0,0.0,0.0,0.0,0.0,0.0,0.0,0.0,0.0,0.0
......0991 Walliswil bei Wangen,Private Auftraggeber,Uebrige Infrastruktur,Folgejahr (Arbeitsvorrat) - Absolute Werte,0,0.0,0.0,0.0,0.0,0.0,0.0,0.0,0.0,0.0,0.0,0.0,0.0,0.0,0.0,0.0,0.0,0.0,0.0,0.0,0.0,0.0,0.0,0.0,0.0,0.0,0.0,0.0,0.0,0.0,0.0
......0991 Walliswil bei Wangen,Private Auftraggeber,Uebrige Infrastruktur,Folgejahr (Arbeitsvorrat) - Veränderungsraten,*,0.0,0.0,0.0,0.0,0.0,0.0,0.0,0.0,0.0,0.0,0.0,0.0,0.0,0.0,0.0,0.0,0.0,0.0,0.0,0.0,0.0,0.0,0.0,0.0,0.0,0.0,0.0,0.0,0.0,0.0
......0991 Walliswil bei Wangen,Private Auftraggeber,Wohnen,Laufendes Jahr - Absolute Werte,500,670.0,859.0,1690.0,1136.0,522.0,22.0,227.0,99.0,1045.0,2613.0,2690.0,872.0,620.0,690.0,810.0,420.0,882.0,822.0,2815.0,1256.0,2038.0,879.0,2411.0,1183.0,1701.0,680.0,2653.0,4714.0,4624.0,1773.0
......0991 Walliswil bei Wangen,Private Auftraggeber,Wohnen,Laufendes Jahr - Veränderungsraten,*,34.0,28.21,96.74,-32.78,-54.05,-95.79,931.82,-56.39,955.56,150.05,2.95,-67.58,-28.9,11.29,17.39,-48.15,110.0,-6.8,242.46,-55.38,62.26,-56.87,174.29,-50.93,43.79,-60.02,290.15,77.69,-1.91,-61.66
......0991 Walliswil bei Wangen,Private Auftraggeber,Wohnen,Folgejahr (Arbeitsvorrat) - Absolute Werte,320,525.0,250.0,435.0,450.0,0.0,0.0,0.0,0.0,254.0,0.0,330.0,0.0,0.0,0.0,0.0,180.0,40.0,798.0,798.0,712.0,94.0,1238.0,1215.0,443.0,165.0,755.0,3242.0,1597.0,1654.0,448.0
......0991 Walliswil bei Wangen,Private Auftraggeber,Wohnen,Folgejahr (Arbeitsvorrat) - Veränderungsraten,*,64.06,-52.38,74.0,3.45,-100.0,0.0,0.0,0.0,0.0,-100.0,0.0,-100.0,0.0,0.0,0.0,0.0,-77.78,1895.0,0.0,-10.78,-86.8,1217.02,-1.86,-63.54,-62.75,357.58,329.4,-50.74,3.57,-72.91
......0991 Walliswil bei Wangen,Private Auftraggeber,Land- und Forstwirtschaft,Laufendes Jahr - Absolute Werte,15,15.0,110.0,150.0,181.0,0.0,0.0,0.0,0.0,10.0,0.0,0.0,0.0,10.0,0.0,0.0,0.0,0.0,0.0,0.0,0.0,28.0,2.0,9.0,20.0,12.0,12.0,15.0,15.0,0.0,0.0
......0991 Walliswil bei Wangen,Private Auftraggeber,Land- und Forstwirtschaft,Laufendes Jahr - Veränderungsraten,*,0.0,633.33,36.36,20.67,0.0,0.0,0.0,0.0,0.0,0.0,0.0,0.0,0.0,0.0,0.0,0.0,0.0,0.0,0.0,0.0,0.0,-92.86,350.0,122.22,-40.0,0.0,25.0,0.0,-100.0,0.0
......0991 Walliswil bei Wangen,Private Auftraggeber,Land- und Forstwirtschaft,Folgejahr (Arbeitsvorrat) - Absolute Werte,5,0.0,0.0,200.0,0.0,0.0,0.0,0.0,0.0,0.0,0.0,0.0,0.0,0.0,0.0,0.0,0.0,0.0,0.0,0.0,0.0,2.0,0.0,40.0,20.0,12.0,12.0,12.0,0.0,0.0,0.0
......0991 Walliswil bei Wangen,Private Auftraggeber,Land- und Forstwirtschaft,Folgejahr (Arbeitsvorrat) - Veränderungsraten,*,-100.0,0.0,0.0,-100.0,0.0,0.0,0.0,0.0,0.0,0.0,0.0,0.0,0.0,0.0,0.0,0.0,0.0,0.0,0.0,0.0,0.0,-100.0,0.0,-50.0,-40.0,0.0,0.0,-100.0,0.0,0.0
......0991 Walliswil bei Wangen,Private Auftraggeber,"Industrie, Gewerbe und Dienstleistungen",Laufendes Jahr - Absolute Werte,0,100.0,250.0,0.0,15.0,0.0,0.0,15.0,0.0,0.0,0.0,0.0,0.0,0.0,0.0,0.0,0.0,0.0,0.0,0.0,0.0,0.0,0.0,0.0,0.0,0.0,0.0,0.0,0.0,0.0,0.0
......0991 Walliswil bei Wangen,Private Auftraggeber,"Industrie, Gewerbe und Dienstleistungen",Laufendes Jahr - Veränderungsraten,*,0.0,150.0,-100.0,0.0,0.0,0.0,0.0,0.0,0.0,0.0,0.0,0.0,0.0,0.0,0.0,0.0,0.0,0.0,0.0,0.0,0.0,0.0,0.0,0.0,0.0,0.0,0.0,0.0,0.0,0.0
......0991 Walliswil bei Wangen,Private Auftraggeber,"Industrie, Gewerbe und Dienstleistungen",Folgejahr (Arbeitsvorrat) - Absolute Werte,0,300.0,50.0,0.0,0.0,0.0,0.0,0.0,0.0,0.0,0.0,0.0,0.0,0.0,0.0,0.0,0.0,0.0,0.0,0.0,0.0,0.0,0.0,0.0,0.0,0.0,0.0,0.0,0.0,0.0,0.0
......0991 Walliswil bei Wangen,Private Auftraggeber,"Industrie, Gewerbe und Dienstleistungen",Folgejahr (Arbeitsvorrat) - Veränderungsraten,*,0.0,-83.33,-100.0,0.0,0.0,0.0,0.0,0.0,0.0,0.0,0.0,0.0,0.0,0.0,0.0,0.0,0.0,0.0,0.0,0.0,0.0,0.0,0.0,0.0,0.0,0.0,0.0,0.0,0.0,0.0
<< Nordwestschweiz,Art der Auftraggeber - Total,Kategorie der Bauwerke - Total,Laufendes Jahr - Absolute Werte,6944433,6656641.0,5894359.0,5673421.0,5695172.0,5533163.0,5774437.0,5455108.0,5373399.0,5108849.0,5461069.0,6099314.0,6308237.0,6688421.0,6664699.0,6312613.0,6268228.0,6525998.0,6780256.0,7412431.0,7843855.0,8169964.0,8297935.0,8186449.0,7716601.0,7553871.0,7951624.0,8161925.0,8166099.0,8113493.0,8174469.0
<< Nordwestschweiz,Art der Auftraggeber - Total,Kategorie der Bauwerke - Total,Laufendes Jahr - Veränderungsraten,*,-4.14,-11.45,-3.75,0.38,-2.84,4.36,-5.53,-1.5,-4.92,6.89,11.69,3.43,6.03,-0.35,-5.28,-0.7,4.11,3.9,9.32,5.82,4.16,1.57,-1.34,-5.74,-2.11,5.27,2.64,0.05,-0.64,0.75
<< Nordwestschweiz,Art der Auftraggeber - Total,Kategorie der Bauwerke - Total,Folgejahr (Arbeitsvorrat) - Absolute Werte,4448381,3898684.0,3658255.0,3216052.0,3439612.0,3336471.0,3335132.0,3367201.0,3429124.0,3062707.0,3299510.0,3605689.0,3707118.0,4010877.0,3904839.0,3563263.0,3362229.0,3376667.0,3562391.0,5060433.0,5422834.0,5563923.0,5581907.0,5446982.0,5225101.0,5527617.0,5685270.0,5918499.0,5965870.0,5896152.0,6370281.0
<< Nordwestschweiz,Art der Auftraggeber - Total,Kategorie der Bauwerke - Total,Folgejahr (Arbeitsvorrat) - Veränderungsraten,*,-12.36,-6.17,-12.09,6.95,-3.0,-0.04,0.96,1.84,-10.69,7.73,9.28,2.81,8.19,-2.64,-8.75,-5.64,0.43,5.5,42.05,7.16,2.6,0.32,-2.42,-4.07,5.79,2.85,4.1,0.8,-1.17,8.04
<< Nordwestschweiz,Art der Auftraggeber - Total,Infrastruktur Versorgung,Laufendes Jahr - Absolute Werte,275490,206930.0,220813.0,222772.0,166999.0,144977.0,198773.0,130724.0,137199.0,163052.0,142301.0,155564.0,138346.0,149508.0,149073.0,177897.0,183393.0,165582.0,267956.0,289750.0,252968.0,268997.0,258485.0,291589.0,396335.0,374963.0,439559.0,349476.0,531135.0,455042.0,426145.0
<< Nordwestschweiz,Art der Auftraggeber - Total,Infrastruktur Versorgung,Laufendes Jahr - Veränderungsraten,*,-24.89,6.71,0.89,-25.04,-13.19,37.11,-34.23,4.95,18.84,-12.73,9.32,-11.07,8.07,-0.29,19.34,3.09,-9.71,61.83,8.13,-12.69,6.34,-3.91,12.81,35.92,-5.39,17.23,-20.49,51.98,-14.33,-6.35
<< Nordwestschweiz,Art der Auftraggeber - Total,Infrastruktur Versorgung,Folgejahr (Arbeitsvorrat) - Absolute Werte,172011,193899.0,219184.0,147001.0,118226.0,112790.0,94958.0,106566.0,89914.0,93037.0,81254.0,77195.0,94105.0,96108.0,77278.0,98017.0,128732.0,134702.0,192967.0,225623.0,212360.0,186216.0,187775.0,246435.0,340245.0,329933.0,397344.0,317599.0,576433.0,330347.0,301584.0
<< Nordwestschweiz,Art der Auftraggeber - Total,Infrastruktur Versorgung,Folgejahr (Arbeitsvorrat) - Veränderungsraten,*,12.72,13.04,-32.93,-19.57,-4.6,-15.81,12.22,-15.63,3.47,-12.66,-5.0,21.91,2.13,-19.59,26.84,31.34,4.64,43.25,16.92,-5.88,-12.31,0.84,31.24,38.07,-3.03,20.43,-20.07,81.5,-42.69,-8.71
<< Nordwestschweiz,Art der Auftraggeber - Total,Infrastruktur Entsorgung,Laufendes Jahr - Absolute Werte,221694,163154.0,200547.0,177470.0,200514.0,123233.0,86640.0,90239.0,83604.0,78341.0,68335.0,73311.0,78503.0,91861.0,70971.0,68686.0,57335.0,49554.0,71520.0,71877.0,86816.0,87319.0,88598.0,83210.0,101479.0,131338.0,112941.0,105641.0,197495.0,146588.0,154990.0
<< Nordwestschweiz,Art der Auftraggeber - Total,Infrastruktur Entsorgung,Laufendes Jahr - Veränderungsraten,*,-26.41,22.92,-11.51,12.98,-38.54,-29.69,4.15,-7.35,-6.3,-12.77,7.28,7.08,17.02,-22.74,-3.22,-16.53,-13.57,44.33,0.5,20.78,0.58,1.46,-6.08,21.96,29.42,-14.01,-6.46,86.95,-25.78,5.73
<< Nordwestschweiz,Art der Auftraggeber - Total,Infrastruktur Entsorgung,Folgejahr (Arbeitsvorrat) - Absolute Werte,251701,243461.0,179654.0,159093.0,116960.0,70525.0,58928.0,65035.0,51169.0,45844.0,44318.0,54867.0,62198.0,56393.0,37013.0,46214.0,43173.0,33141.0,45526.0,86469.0,85458.0,66350.0,71796.0,99365.0,110016.0,143535.0,112133.0,153550.0,156538.0,126830.0,137770.0
<< Nordwestschweiz,Art der Auftraggeber - Total,Infrastruktur Entsorgung,Folgejahr (Arbeitsvorrat) - Veränderungsraten,*,-3.27,-26.21,-11.44,-26.48,-39.7,-16.44,10.36,-21.32,-10.41,-3.33,23.8,13.36,-9.33,-34.37,24.86,-6.58,-23.24,37.37,89.93,-1.17,-22.36,8.21,38.4,10.72,30.47,-21.88,36.94,1.95,-18.98,8.63
<< Nordwestschweiz,Art der Auftraggeber - Total,Infrastruktur Strassenverkehr,Laufendes Jahr - Absolute Werte,386218,441634.0,436594.0,409796.0,438554.0,456033.0,507103.0,532319.0,577019.0,533163.0,452220.0,490124.0,566831.0,546701.0,453030.0,472961.0,377511.0,315690.0,339569.0,350958.0,424489.0,528605.0,553207.0,493437.0,529888.0,547910.0,669599.0,576742.0,501401.0,495382.0,443619.0
<< Nordwestschweiz,Art der Auftraggeber - Total,Infrastruktur Strassenverkehr,Laufendes Jahr - Veränderungsraten,*,14.35,-1.14,-6.14,7.02,3.99,11.2,4.97,8.4,-7.6,-15.18,8.38,15.65,-3.55,-17.13,4.4,-20.18,-16.38,7.56,3.35,20.95,24.53,4.65,-10.8,7.39,3.4,22.21,-13.87,-13.06,-1.2,-10.45
<< Nordwestschweiz,Art der Auftraggeber - Total,Infrastruktur Strassenverkehr,Folgejahr (Arbeitsvorrat) - Absolute Werte,435332,426803.0,376162.0,271430.0,427611.0,384763.0,452621.0,501250.0,518296.0,552496.0,447109.0,529102.0,511797.0,401407.0,356679.0,405986.0,347126.0,258038.0,241936.0,354944.0,427428.0,574266.0,524709.0,527515.0,527077.0,650542.0,648218.0,617266.0,546421.0,491202.0,640825.0
<< Nordwestschweiz,Art der Auftraggeber - Total,Infrastruktur Strassenverkehr,Folgejahr (Arbeitsvorrat) - Veränderungsraten,*,-1.96,-11.87,-27.84,57.54,-10.02,17.64,10.74,3.4,6.6,-19.07,18.34,-3.27,-21.57,-11.14,13.82,-14.5,-25.66,-6.24,46.71,20.42,34.35,-8.63,0.53,-0.08,23.42,-0.36,-4.77,-11.48,-10.11,30.46
<< Nordwestschweiz,Art der Auftraggeber - Total,Infrastruktur übriger Verkehr und Kommunikation,Laufendes Jahr - Absolute Werte,408532,365647.0,339550.0,346782.0,268995.0,271430.0,312211.0,228257.0,275228.0,218137.0,250904.0,252229.0,280919.0,237462.0,311411.0,318557.0,371502.0,295448.0,364599.0,338742.0,325321.0,376231.0,400196.0,414038.0,286327.0,293604.0,319200.0,677295.0,518194.0,652875.0,656348.0
<< Nordwestschweiz,Art der Auftraggeber - Total,Infrastruktur übriger Verkehr und Kommunikation,Laufendes Jahr - Veränderungsraten,*,-10.5,-7.14,2.13,-22.43,0.91,15.02,-26.89,20.58,-20.74,15.02,0.53,11.37,-15.47,31.14,2.29,16.62,-20.47,23.41,-7.09,-3.96,15.65,6.37,3.46,-30.85,2.54,8.72,112.19,-23.49,25.99,0.53
<< Nordwestschweiz,Art der Auftraggeber - Total,Infrastruktur übriger Verkehr und Kommunikation,Folgejahr (Arbeitsvorrat) - Absolute Werte,301501,278000.0,275837.0,289199.0,275148.0,295349.0,157916.0,191284.0,233125.0,230470.0,182297.0,221803.0,224536.0,258056.0,342729.0,351522.0,248158.0,259339.0,252268.0,345410.0,402124.0,411790.0,400503.0,397846.0,295212.0,305847.0,440135.0,638615.0,475642.0,656402.0,654256.0
<< Nordwestschweiz,Art der Auftraggeber - Total,Infrastruktur übriger Verkehr und Kommunikation,Folgejahr (Arbeitsvorrat) - Veränderungsraten,*,-7.79,-0.78,4.84,-4.86,7.34,-46.53,21.13,21.87,-1.14,-20.9,21.67,1.23,14.93,32.81,2.57,-29.4,4.51,-2.73,36.92,16.42,2.4,-2.74,-0.66,-25.8,3.6,43.91,45.1,-25.52,38.0,-0.33
<< Nordwestschweiz,Art der Auftraggeber - Total,"Bildung, Forschung",Laufendes Jahr - Absolute Werte,342923,320083.0,242214.0,258053.0,299110.0,266789.0,206360.0,206984.0,238228.0,190936.0,226955.0,264504.0,369011.0,438253.0,298575.0,280371.0,227632.0,239325.0,372344.0,484260.0,524153.0,659894.0,608779.0,571755.0,521466.0,378349.0,399744.0,360081.0,306767.0,243788.0,359521.0
<< Nordwestschweiz,Art der Auftraggeber - Total,"Bildung, Forschung",Laufendes Jahr - Veränderungsraten,*,-6.66,-24.33,6.54,15.91,-10.81,-22.65,0.3,15.09,-19.85,18.86,16.54,39.51,18.76,-31.87,-6.1,-18.81,5.14,55.58,30.06,8.24,25.9,-7.75,-6.08,-8.8,-27.45,5.65,-9.92,-14.81,-20.53,47.47
<< Nordwestschweiz,Art der Auftraggeber - Total,"Bildung, Forschung",Folgejahr (Arbeitsvorrat) - Absolute Werte,219320,176318.0,172502.0,209899.0,188423.0,121677.0,123303.0,178555.0,235209.0,122597.0,140147.0,251418.0,271778.0,197836.0,163796.0,75082.0,78991.0,160971.0,227152.0,333920.0,385590.0,457021.0,407171.0,425273.0,339257.0,259746.0,279793.0,222962.0,208033.0,224544.0,354906.0
<< Nordwestschweiz,Art der Auftraggeber - Total,"Bildung, Forschung",Folgejahr (Arbeitsvorrat) - Veränderungsraten,*,-19.61,-2.16,21.68,-10.23,-35.42,1.34,44.81,31.73,-47.88,14.32,79.4,8.1,-27.21,-17.21,-54.16,5.21,103.78,41.11,47.0,15.47,18.53,-10.91,4.45,-20.23,-23.44,7.72,-20.31,-6.7,7.94,58.06
<< Nordwestschweiz,Art der Auftraggeber - Total,Gesundheit,Laufendes Jahr - Absolute Werte,145248,164100.0,216973.0,193692.0,204725.0,173965.0,245855.0,245003.0,192254.0,154032.0,161851.0,176717.0,163810.0,203573.0,214969.0,174580.0,137789.0,195541.0,174564.0,272498.0,316322.0,350286.0,383042.0,451620.0,321449.0,350191.0,334014.0,302852.0,357273.0,450118.0,491415.0
<< Nordwestschweiz,Art der Auftraggeber - Total,Gesundheit,Laufendes Jahr - Veränderungsraten,*,12.98,32.22,-10.73,5.7,-15.03,41.32,-0.35,-21.53,-19.88,5.08,9.18,-7.3,24.27,5.6,-18.79,-21.07,41.91,-10.73,56.1,16.08,10.74,9.35,17.9,-28.82,8.94,-4.62,-9.33,17.97,25.99,9.17
<< Nordwestschweiz,Art der Auftraggeber - Total,Gesundheit,Folgejahr (Arbeitsvorrat) - Absolute Werte,148219,200198.0,166978.0,145431.0,147361.0,202711.0,235543.0,176899.0,113884.0,107216.0,98961.0,122271.0,108652.0,166614.0,158149.0,81150.0,89938.0,109340.0,127811.0,206616.0,254764.0,291419.0,379133.0,248458.0,252526.0,315012.0,287115.0,213801.0,317239.0,422447.0,399939.0
<< Nordwestschweiz,Art der Auftraggeber - Total,Gesundheit,Folgejahr (Arbeitsvorrat) - Veränderungsraten,*,35.07,-16.59,-12.9,1.33,37.56,16.2,-24.9,-35.62,-5.86,-7.7,23.55,-11.14,53.35,-5.08,-48.69,10.83,21.57,16.89,61.66,23.3,14.39,30.1,-34.47,1.64,24.74,-8.86,-25.53,48.38,33.16,-5.33
<< Nordwestschweiz,Art der Auftraggeber - Total,Freizeit und Kultur,Laufendes Jahr - Absolute Werte,133792,162348.0,152577.0,125678.0,134790.0,139161.0,222477.0,198309.0,193527.0,156532.0,141790.0,144755.0,134566.0,130822.0,164592.0,193492.0,91921.0,126512.0,138087.0,125748.0,171868.0,138757.0,157068.0,181711.0,190025.0,143721.0,118452.0,91067.0,108328.0,98181.0,120390.0
<< Nordwestschweiz,Art der Auftraggeber - Total,Freizeit und Kultur,Laufendes Jahr - Veränderungsraten,*,21.34,-6.02,-17.63,7.25,3.24,59.87,-10.86,-2.41,-19.12,-9.42,2.09,-7.04,-2.78,25.81,17.56,-52.49,37.63,9.15,-8.94,36.68,-19.27,13.2,15.69,4.58,-24.37,-17.58,-23.12,18.95,-9.37,22.62
<< Nordwestschweiz,Art der Auftraggeber - Total,Freizeit und Kultur,Folgejahr (Arbeitsvorrat) - Absolute Werte,126502,104096.0,68937.0,75542.0,107497.0,151248.0,232049.0,98070.0,136479.0,40689.0,87981.0,90342.0,52085.0,137669.0,114628.0,65381.0,30675.0,84687.0,81873.0,111721.0,114953.0,66103.0,79233.0,127298.0,106754.0,63614.0,60523.0,81166.0,62181.0,71243.0,91884.0
<< Nordwestschweiz,Art der Auftraggeber - Total,Freizeit und Kultur,Folgejahr (Arbeitsvorrat) - Veränderungsraten,*,-17.71,-33.78,9.58,42.3,40.7,53.42,-57.74,39.16,-70.19,116.23,2.68,-42.35,164.32,-16.74,-42.96,-53.08,176.08,-3.32,36.46,2.89,-42.5,19.86,60.66,-16.14,-40.41,-4.86,34.11,-23.39,14.57,28.97
<< Nordwestschweiz,Art der Auftraggeber - Total,Uebrige Infrastruktur,Laufendes Jahr - Absolute Werte,29983,27316.0,30484.0,30793.0,38032.0,34557.0,35719.0,29959.0,17097.0,58322.0,76664.0,73805.0,38791.0,54336.0,48402.0,73064.0,64548.0,74771.0,69556.0,93157.0,90335.0,111020.0,147769.0,172410.0,125202.0,89025.0,103557.0,82630.0,127887.0,140215.0,133785.0
<< Nordwestschweiz,Art der Auftraggeber - Total,Uebrige Infrastruktur,Laufendes Jahr - Veränderungsraten,*,-8.9,11.6,1.01,23.51,-9.14,3.36,-16.13,-42.93,241.12,31.45,-3.73,-47.44,40.07,-10.92,50.95,-11.66,15.84,-6.97,33.93,-3.03,22.9,33.1,16.68,-27.38,-28.89,16.32,-20.21,54.77,9.64,-4.59
<< Nordwestschweiz,Art der Auftraggeber - Total,Uebrige Infrastruktur,Folgejahr (Arbeitsvorrat) - Absolute Werte,28036,17341.0,27959.0,50710.0,28481.0,24336.0,25811.0,22799.0,56087.0,91958.0,42909.0,28686.0,33115.0,27750.0,51736.0,61094.0,41196.0,39509.0,50906.0,88406.0,84084.0,112490.0,106697.0,100755.0,70556.0,64867.0,79099.0,91244.0,137660.0,108002.0,122309.0
<< Nordwestschweiz,Art der Auftraggeber - Total,Uebrige Infrastruktur,Folgejahr (Arbeitsvorrat) - Veränderungsraten,*,-38.15,61.23,81.37,-43.84,-14.55,6.06,-11.67,146.01,63.96,-53.34,-33.15,15.44,-16.2,86.44,18.09,-32.57,-4.1,28.85,73.67,-4.89,33.78,-5.15,-5.57,-29.97,-8.06,21.94,15.35,50.87,-21.54,13.25
<< Nordwestschweiz,Art der Auftraggeber - Total,Wohnen,Laufendes Jahr - Absolute Werte,3327421,3226159.0,2886990.0,2629948.0,2732972.0,2603002.0,2582109.0,2357688.0,2330650.0,2514418.0,2845392.0,3091318.0,3120369.0,3372363.0,3249312.0,3245735.0,3387619.0,3629866.0,3401289.0,3788153.0,3906661.0,3979202.0,4106969.0,4184886.0,3902711.0,3755780.0,3821924.0,4040588.0,4036809.0,3881253.0,3946968.0
<< Nordwestschweiz,Art der Auftraggeber - Total,Wohnen,Laufendes Jahr - Veränderungsraten,*,-3.04,-10.51,-8.9,3.92,-4.76,-0.8,-8.69,-1.15,7.88,13.16,8.64,0.94,8.08,-3.65,-0.11,4.37,7.15,-6.3,11.37,3.13,1.86,3.21,1.9,-6.74,-3.76,1.76,5.72,-0.09,-3.85,1.69
<< Nordwestschweiz,Art der Auftraggeber - Total,Wohnen,Folgejahr (Arbeitsvorrat) - Absolute Werte,1770838,1459828.0,1383774.0,1227412.0,1244269.0,1229313.0,1157112.0,1154918.0,1186550.0,1218213.0,1553553.0,1530836.0,1671825.0,1827926.0,1677068.0,1652758.0,1623801.0,1488433.0,1602110.0,2178205.0,2303154.0,2359207.0,2484457.0,2435007.0,2241026.0,2257956.0,2313408.0,2525574.0,2428232.0,2472064.0,2637545.0
<< Nordwestschweiz,Art der Auftraggeber - Total,Wohnen,Folgejahr (Arbeitsvorrat) - Veränderungsraten,*,-17.56,-5.21,-11.3,1.37,-1.2,-5.87,-0.19,2.74,2.67,27.53,-1.46,9.21,9.34,-8.25,-1.45,-1.75,-8.34,7.64,35.96,5.74,2.43,5.31,-1.99,-7.97,0.76,2.46,9.17,-3.85,1.81,6.69
<< Nordwestschweiz,Art der Auftraggeber - Total,Land- und Forstwirtschaft,Laufendes Jahr - Absolute Werte,55394,60270.0,64562.0,76085.0,53840.0,67184.0,65561.0,59487.0,43093.0,59911.0,55992.0,62963.0,65282.0,62619.0,55580.0,55385.0,50522.0,44244.0,50405.0,54871.0,51514.0,55117.0,55971.0,43287.0,36571.0,40967.0,53971.0,56500.0,45745.0,35986.0,43261.0
<< Nordwestschweiz,Art der Auftraggeber - Total,Land- und Forstwirtschaft,Laufendes Jahr - Veränderungsraten,*,8.8,7.12,17.85,-29.24,24.78,-2.42,-9.26,-27.56,39.03,-6.54,12.45,3.68,-4.08,-11.24,-0.35,-8.78,-12.43,13.93,8.86,-6.12,6.99,1.55,-22.66,-15.52,12.02,31.74,4.69,-19.04,-21.33,20.22
<< Nordwestschweiz,Art der Auftraggeber - Total,Land- und Forstwirtschaft,Folgejahr (Arbeitsvorrat) - Absolute Werte,22226,23781.0,22432.0,28665.0,22400.0,25290.0,19179.0,14549.0,22023.0,17952.0,18348.0,28284.0,24982.0,26889.0,16626.0,20748.0,16409.0,18382.0,13594.0,19729.0,20748.0,27726.0,21918.0,17404.0,19354.0,24076.0,26624.0,24199.0,24412.0,28709.0,26383.0
<< Nordwestschweiz,Art der Auftraggeber - Total,Land- und Forstwirtschaft,Folgejahr (Arbeitsvorrat) - Veränderungsraten,*,7.0,-5.67,27.79,-21.86,12.9,-24.16,-24.14,51.37,-18.49,2.21,54.15,-11.67,7.63,-38.17,24.79,-20.91,12.02,-26.05,45.13,5.16,33.63,-20.95,-20.59,11.2,24.4,10.58,-9.11,0.88,17.6,-8.1
<< Nordwestschweiz,Art der Auftraggeber - Total,"Industrie, Gewerbe und Dienstleistungen",Laufendes Jahr - Absolute Werte,1617738,1519000.0,1103055.0,1202352.0,1156641.0,1252832.0,1311629.0,1376139.0,1285500.0,982005.0,1038665.0,1314024.0,1351809.0,1400923.0,1648784.0,1251885.0,1318456.0,1389465.0,1530367.0,1542417.0,1693408.0,1614536.0,1537851.0,1298506.0,1305148.0,1448023.0,1578663.0,1519053.0,1435065.0,1514065.0,1398027.0
<< Nordwestschweiz,Art der Auftraggeber - Total,"Industrie, Gewerbe und Dienstleistungen",Laufendes Jahr - Veränderungsraten,*,-6.1,-27.38,9.0,-3.8,8.32,4.69,4.92,-6.59,-23.61,5.77,26.51,2.88,3.63,17.69,-24.07,5.32,5.39,10.14,0.79,9.79,-4.66,-4.75,-15.56,0.51,10.95,9.02,-3.78,-5.53,5.5,-7.66
<< Nordwestschweiz,Art der Auftraggeber - Total,"Industrie, Gewerbe und Dienstleistungen",Folgejahr (Arbeitsvorrat) - Absolute Werte,972695,774959.0,764836.0,611670.0,763236.0,718469.0,777712.0,857276.0,786388.0,542235.0,602633.0,670885.0,652045.0,814229.0,909137.0,705311.0,714030.0,790125.0,726248.0,1109390.0,1132171.0,1011335.0,918515.0,821626.0,923078.0,1112489.0,1040878.0,1032523.0,1033079.0,964362.0,1002880.0
<< Nordwestschweiz,Art der Auftraggeber - Total,"Industrie, Gewerbe und Dienstleistungen",Folgejahr (Arbeitsvorrat) - Veränderungsraten,*,-20.33,-1.31,-20.03,24.78,-5.87,8.25,10.23,-8.27,-31.05,11.14,11.33,-2.81,24.87,11.66,-22.42,1.24,10.66,-8.08,52.76,2.05,-10.67,-9.18,-10.55,12.35,20.52,-6.44,-0.8,0.05,-6.65,3.99
<< Nordwestschweiz,Oeffentliche Auftraggeber,Kategorie der Bauwerke - Total,Laufendes Jahr - Absolute Werte,1744832,1654086.0,1628804.0,1536272.0,1548508.0,1453830.0,1513766.0,1389740.0,1492068.0,1411372.0,1264895.0,1336811.0,1442529.0,1486811.0,1357099.0,1389605.0,1266673.0,1171151.0,1517697.0,1587397.0,1801554.0,2051702.0,2247720.0,2125997.0,2068084.0,1884217.0,2079530.0,2078403.0,2254169.0,2368817.0,2379457.0
<< Nordwestschweiz,Oeffentliche Auftraggeber,Kategorie der Bauwerke - Total,Laufendes Jahr - Veränderungsraten,*,-5.2,-1.53,-5.68,0.8,-6.11,4.12,-8.19,7.36,-5.41,-10.38,5.69,7.91,3.07,-8.72,2.4,-8.85,-7.54,29.59,4.59,13.49,13.89,9.55,-5.42,-2.72,-8.89,10.37,-0.05,8.46,5.09,0.45
<< Nordwestschweiz,Oeffentliche Auftraggeber,Kategorie der Bauwerke - Total,Folgejahr (Arbeitsvorrat) - Absolute Werte,1592711,1511941.0,1311516.0,1151966.0,1297635.0,1147190.0,1183829.0,1167205.0,1302003.0,1172192.0,1009165.0,1114865.0,1187019.0,1123909.0,1068366.0,1105655.0,919665.0,991622.0,1035918.0,1476426.0,1717833.0,1946469.0,1843691.0,1937390.0,1751342.0,1831430.0,1977734.0,2075819.0,2243689.0,2152831.0,2486839.0
<< Nordwestschweiz,Oeffentliche Auftraggeber,Kategorie der Bauwerke - Total,Folgejahr (Arbeitsvorrat) - Veränderungsraten,*,-5.07,-13.26,-12.17,12.65,-11.59,3.19,-1.4,11.55,-9.97,-13.91,10.47,6.47,-5.32,-4.94,3.49,-16.82,7.82,4.47,42.52,16.35,13.31,-5.28,5.08,-9.6,4.57,7.99,4.96,8.09,-4.05,15.51
<< Nordwestschweiz,Oeffentliche Auftraggeber,Infrastruktur Versorgung,Laufendes Jahr - Absolute Werte,128511,99723.0,102080.0,94774.0,90046.0,84259.0,146183.0,89492.0,92636.0,80544.0,102752.0,101087.0,92380.0,97010.0,76741.0,106530.0,95705.0,98013.0,162862.0,154386.0,145129.0,138535.0,152417.0,187913.0,293666.0,263496.0,300801.0,241297.0,400187.0,303059.0,264114.0
<< Nordwestschweiz,Oeffentliche Auftraggeber,Infrastruktur Versorgung,Laufendes Jahr - Veränderungsraten,*,-22.4,2.36,-7.16,-4.99,-6.43,73.49,-38.78,3.51,-13.05,27.57,-1.62,-8.61,5.01,-20.89,38.82,-10.16,2.41,66.16,-5.2,-6.0,-4.54,10.02,23.29,56.28,-10.27,14.16,-19.78,65.85,-24.27,-12.85
<< Nordwestschweiz,Oeffentliche Auftraggeber,Infrastruktur Versorgung,Folgejahr (Arbeitsvorrat) - Absolute Werte,88009,77545.0,91736.0,67556.0,60409.0,62539.0,65493.0,79648.0,67107.0,58776.0,61102.0,60290.0,74429.0,66196.0,49487.0,86296.0,83639.0,117791.0,143061.0,146902.0,145648.0,130363.0,152560.0,194684.0,295137.0,284658.0,352957.0,274266.0,497930.0,240186.0,220015.0
<< Nordwestschweiz,Oeffentliche Auftraggeber,Infrastruktur Versorgung,Folgejahr (Arbeitsvorrat) - Veränderungsraten,*,-11.89,18.3,-26.36,-10.58,3.53,4.72,21.61,-15.75,-12.41,3.96,-1.33,23.45,-11.06,-25.24,74.38,-3.08,40.83,21.45,2.68,-0.85,-10.49,17.03,27.61,51.6,-3.55,23.99,-22.29,81.55,-51.76,-8.4
<< Nordwestschweiz,Oeffentliche Auftraggeber,Infrastruktur Entsorgung,Laufendes Jahr - Absolute Werte,159068,144791.0,176543.0,154488.0,182660.0,118446.0,79371.0,82448.0,70878.0,63487.0,56592.0,67796.0,72746.0,88990.0,63976.0,60577.0,52449.0,39203.0,59888.0,61708.0,82030.0,82673.0,81684.0,70457.0,91364.0,100326.0,84930.0,75893.0,167563.0,115218.0,125035.0
<< Nordwestschweiz,Oeffentliche Auftraggeber,Infrastruktur Entsorgung,Laufendes Jahr - Veränderungsraten,*,-8.98,21.93,-12.49,18.24,-35.15,-32.99,3.88,-14.03,-10.43,-10.86,19.8,7.3,22.33,-28.11,-5.31,-13.42,-25.26,52.76,3.04,32.93,0.78,-1.2,-13.74,29.67,9.81,-15.35,-10.64,120.79,-31.24,8.52
<< Nordwestschweiz,Oeffentliche Auftraggeber,Infrastruktur Entsorgung,Folgejahr (Arbeitsvorrat) - Absolute Werte,223256,223221.0,161079.0,149337.0,115090.0,67700.0,56397.0,52825.0,45396.0,39727.0,42850.0,52657.0,60484.0,56043.0,36360.0,42395.0,40573.0,28605.0,40285.0,83988.0,82949.0,65256.0,62433.0,92587.0,105306.0,116686.0,86574.0,124891.0,125356.0,98923.0,117746.0
<< Nordwestschweiz,Oeffentliche Auftraggeber,Infrastruktur Entsorgung,Folgejahr (Arbeitsvorrat) - Veränderungsraten,*,-0.02,-27.84,-7.29,-22.93,-41.18,-16.7,-6.33,-14.06,-12.49,7.86,22.89,14.86,-7.34,-35.12,16.6,-4.3,-29.5,40.83,108.48,-1.24,-21.33,-4.33,48.3,13.74,10.81,-25.81,44.26,0.37,-21.09,19.03
<< Nordwestschweiz,Oeffentliche Auftraggeber,Infrastruktur Strassenverkehr,Laufendes Jahr - Absolute Werte,358054,402380.0,399736.0,369551.0,402230.0,419883.0,476286.0,517673.0,546943.0,508890.0,422553.0,423238.0,488940.0,498109.0,410427.0,449091.0,369184.0,302652.0,320006.0,332106.0,409758.0,449773.0,508880.0,473492.0,514276.0,510543.0,626864.0,561340.0,485311.0,477047.0,428327.0
<< Nordwestschweiz,Oeffentliche Auftraggeber,Infrastruktur Strassenverkehr,Laufendes Jahr - Veränderungsraten,*,12.38,-0.66,-7.55,8.84,4.39,13.43,8.69,5.65,-6.96,-16.97,0.16,15.52,1.88,-17.6,9.42,-17.79,-18.02,5.73,3.78,23.38,9.77,13.14,-6.95,8.61,-0.73,22.78,-10.45,-13.54,-1.7,-10.21
<< Nordwestschweiz,Oeffentliche Auftraggeber,Infrastruktur Strassenverkehr,Folgejahr (Arbeitsvorrat) - Absolute Werte,415550,408133.0,356429.0,246416.0,400821.0,373423.0,446767.0,486038.0,492209.0,541766.0,438578.0,463122.0,480257.0,392521.0,340072.0,399770.0,339966.0,255338.0,238916.0,352117.0,420391.0,532719.0,509471.0,521084.0,517263.0,616820.0,640171.0,604609.0,531765.0,483113.0,632295.0
<< Nordwestschweiz,Oeffentliche Auftraggeber,Infrastruktur Strassenverkehr,Folgejahr (Arbeitsvorrat) - Veränderungsraten,*,-1.78,-12.67,-30.87,62.66,-6.84,19.64,8.79,1.27,10.07,-19.05,5.6,3.7,-18.27,-13.36,17.55,-14.96,-24.89,-6.43,47.38,19.39,26.72,-4.36,2.28,-0.73,19.25,3.79,-5.56,-12.05,-9.15,30.88
<< Nordwestschweiz,Oeffentliche Auftraggeber,Infrastruktur übriger Verkehr und Kommunikation,Laufendes Jahr - Absolute Werte,365805,317180.0,319936.0,305335.0,225842.0,227189.0,234283.0,173284.0,232405.0,194902.0,207152.0,224889.0,232011.0,210777.0,282929.0,282428.0,336942.0,262793.0,347021.0,319231.0,300228.0,345282.0,377937.0,388369.0,266932.0,285391.0,302955.0,452925.0,367300.0,596913.0,577366.0
<< Nordwestschweiz,Oeffentliche Auftraggeber,Infrastruktur übriger Verkehr und Kommunikation,Laufendes Jahr - Veränderungsraten,*,-13.29,0.87,-4.56,-26.03,0.6,3.12,-26.04,34.12,-16.14,6.29,8.56,3.17,-9.15,34.23,-0.18,19.3,-22.01,32.05,-8.01,-5.95,15.01,9.46,2.76,-31.27,6.92,6.15,49.5,-18.9,62.51,-3.27
<< Nordwestschweiz,Oeffentliche Auftraggeber,Infrastruktur übriger Verkehr und Kommunikation,Folgejahr (Arbeitsvorrat) - Absolute Werte,270195,268154.0,252064.0,217954.0,240598.0,254929.0,128218.0,149938.0,215568.0,197684.0,164410.0,186313.0,201114.0,239456.0,315790.0,322985.0,228546.0,244218.0,245748.0,309369.0,369412.0,388389.0,374290.0,375614.0,274732.0,291137.0,322860.0,488478.0,426465.0,596717.0,633155.0
<< Nordwestschweiz,Oeffentliche Auftraggeber,Infrastruktur übriger Verkehr und Kommunikation,Folgejahr (Arbeitsvorrat) - Veränderungsraten,*,-0.76,-6.0,-13.53,10.39,5.96,-49.7,16.94,43.77,-8.3,-16.83,13.32,7.94,19.06,31.88,2.28,-29.24,6.86,0.63,25.89,19.41,5.14,-3.63,0.35,-26.86,5.97,10.9,51.3,-12.7,39.92,6.11
<< Nordwestschweiz,Oeffentliche Auftraggeber,"Bildung, Forschung",Laufendes Jahr - Absolute Werte,249461,229031.0,201099.0,171530.0,205617.0,213862.0,168197.0,141790.0,157398.0,162559.0,147981.0,176185.0,183320.0,190420.0,120614.0,90589.0,92611.0,108724.0,213633.0,308369.0,434327.0,616228.0,536652.0,439699.0,407710.0,309442.0,330241.0,283495.0,248265.0,192134.0,316924.0
<< Nordwestschweiz,Oeffentliche Auftraggeber,"Bildung, Forschung",Laufendes Jahr - Veränderungsraten,*,-8.19,-12.2,-14.7,19.87,4.01,-21.35,-15.7,11.01,3.28,-8.97,19.06,4.05,3.87,-36.66,-24.89,2.23,17.4,96.49,44.35,40.85,41.88,-12.91,-18.07,-7.28,-24.1,6.72,-14.16,-12.43,-22.61,64.95
<< Nordwestschweiz,Oeffentliche Auftraggeber,"Bildung, Forschung",Folgejahr (Arbeitsvorrat) - Absolute Werte,193255,152293.0,124862.0,137653.0,151151.0,115982.0,96625.0,109257.0,123503.0,95749.0,104266.0,151283.0,111844.0,111529.0,71042.0,26885.0,52313.0,67771.0,109392.0,255657.0,359654.0,422024.0,340317.0,314695.0,273469.0,196047.0,217227.0,172265.0,165777.0,180698.0,315448.0
<< Nordwestschweiz,Oeffentliche Auftraggeber,"Bildung, Forschung",Folgejahr (Arbeitsvorrat) - Veränderungsraten,*,-21.2,-18.01,10.24,9.81,-23.27,-16.69,13.07,13.04,-22.47,8.9,45.09,-26.07,-0.28,-36.3,-62.16,94.58,29.55,61.41,133.71,40.68,17.34,-19.36,-7.53,-13.1,-28.31,10.8,-20.7,-3.77,9.0,74.57
<< Nordwestschweiz,Oeffentliche Auftraggeber,Gesundheit,Laufendes Jahr - Absolute Werte,75693,62067.0,94752.0,92526.0,97664.0,95596.0,122734.0,102999.0,104742.0,42056.0,61635.0,69496.0,43165.0,89419.0,118611.0,102709.0,66145.0,49743.0,56681.0,61839.0,83062.0,99970.0,130048.0,150495.0,100220.0,71362.0,81191.0,77474.0,76408.0,122223.0,128762.0
<< Nordwestschweiz,Oeffentliche Auftraggeber,Gesundheit,Laufendes Jahr - Veränderungsraten,*,-18.0,52.66,-2.35,5.55,-2.12,28.39,-16.08,1.69,-59.85,46.55,12.75,-37.89,107.16,32.65,-13.41,-35.6,-24.8,13.95,9.1,34.32,20.36,30.09,15.72,-33.41,-28.79,13.77,-4.58,-1.38,59.96,5.35
<< Nordwestschweiz,Oeffentliche Auftraggeber,Gesundheit,Folgejahr (Arbeitsvorrat) - Absolute Werte,74148,95387.0,88624.0,64666.0,96740.0,108762.0,110443.0,99677.0,66054.0,33568.0,34114.0,42471.0,38871.0,96562.0,95723.0,56129.0,16200.0,36142.0,38763.0,32167.0,65843.0,111851.0,107496.0,90466.0,33187.0,73480.0,81586.0,38681.0,48092.0,109758.0,125428.0
<< Nordwestschweiz,Oeffentliche Auftraggeber,Gesundheit,Folgejahr (Arbeitsvorrat) - Veränderungsraten,*,28.64,-7.09,-27.03,49.6,12.43,1.55,-9.75,-33.73,-49.18,1.63,24.5,-8.48,148.42,-0.87,-41.36,-71.14,123.1,7.25,-17.02,104.69,69.88,-3.89,-15.84,-63.32,121.41,11.03,-52.59,24.33,128.23,14.28
<< Nordwestschweiz,Oeffentliche Auftraggeber,Freizeit und Kultur,Laufendes Jahr - Absolute Werte,90515,100833.0,61118.0,48634.0,61833.0,59200.0,91808.0,116928.0,98929.0,91939.0,85252.0,85858.0,87883.0,65452.0,71835.0,96962.0,51414.0,62824.0,84987.0,76931.0,113666.0,92331.0,115032.0,124791.0,142481.0,95998.0,72652.0,55246.0,66022.0,61012.0,80743.0
<< Nordwestschweiz,Oeffentliche Auftraggeber,Freizeit und Kultur,Laufendes Jahr - Veränderungsraten,*,11.4,-39.39,-20.43,27.14,-4.26,55.08,27.36,-15.39,-7.07,-7.27,0.71,2.36,-25.52,9.75,34.98,-46.98,22.19,35.28,-9.48,47.75,-18.77,24.59,8.48,14.18,-32.62,-24.32,-23.96,19.51,-7.59,32.34
<< Nordwestschweiz,Oeffentliche Auftraggeber,Freizeit und Kultur,Folgejahr (Arbeitsvorrat) - Absolute Werte,79015,48164.0,26485.0,33236.0,31947.0,46559.0,149284.0,70265.0,107943.0,30176.0,43866.0,59273.0,41636.0,36322.0,55288.0,50658.0,16846.0,47744.0,60360.0,79006.0,86453.0,37481.0,73994.0,99840.0,69638.0,35902.0,38564.0,56581.0,45270.0,49817.0,70717.0
<< Nordwestschweiz,Oeffentliche Auftraggeber,Freizeit und Kultur,Folgejahr (Arbeitsvorrat) - Veränderungsraten,*,-39.04,-45.01,25.49,-3.88,45.74,220.63,-52.93,53.62,-72.04,45.37,35.12,-29.76,-12.76,52.22,-8.37,-66.75,183.41,26.42,30.89,9.43,-56.65,97.42,34.93,-30.25,-48.44,7.41,46.72,-19.99,10.04,41.95
<< Nordwestschweiz,Oeffentliche Auftraggeber,Uebrige Infrastruktur,Laufendes Jahr - Absolute Werte,28897,25584.0,27968.0,28491.0,34725.0,30038.0,27982.0,26077.0,15561.0,50011.0,70895.0,64911.0,30174.0,43224.0,42143.0,49640.0,49221.0,46195.0,46798.0,72082.0,68554.0,91763.0,105247.0,116483.0,85737.0,62547.0,80170.0,54661.0,97774.0,104411.0,99990.0
<< Nordwestschweiz,Oeffentliche Auftraggeber,Uebrige Infrastruktur,Laufendes Jahr - Veränderungsraten,*,-11.46,9.32,1.87,21.88,-13.5,-6.84,-6.81,-40.33,221.39,41.76,-8.44,-53.51,43.25,-2.5,17.79,-0.84,-6.15,1.31,54.03,-4.89,33.86,14.69,10.68,-26.4,-27.05,28.18,-31.82,78.87,6.79,-4.23
<< Nordwestschweiz,Oeffentliche Auftraggeber,Uebrige Infrastruktur,Folgejahr (Arbeitsvorrat) - Absolute Werte,27857,17231.0,27517.0,50435.0,27671.0,23224.0,21121.0,22275.0,51671.0,84333.0,41691.0,23111.0,31866.0,23502.0,45674.0,56580.0,33031.0,32610.0,44428.0,80675.0,74915.0,106349.0,74302.0,82844.0,58026.0,53683.0,66914.0,61404.0,110706.0,91929.0,96024.0
<< Nordwestschweiz,Oeffentliche Auftraggeber,Uebrige Infrastruktur,Folgejahr (Arbeitsvorrat) - Veränderungsraten,*,-38.14,59.69,83.29,-45.14,-16.07,-9.06,5.46,131.97,63.21,-50.56,-44.57,37.88,-26.25,94.34,23.88,-41.62,-1.27,36.24,81.59,-7.14,41.96,-30.13,11.5,-29.96,-7.48,24.65,-8.23,80.29,-16.96,4.45
<< Nordwestschweiz,Oeffentliche Auftraggeber,Wohnen,Laufendes Jahr - Absolute Werte,48892,52352.0,43393.0,26287.0,17450.0,14554.0,18653.0,22453.0,31455.0,37716.0,35094.0,27869.0,31574.0,57276.0,78842.0,42195.0,47000.0,75628.0,51175.0,42129.0,59873.0,60777.0,53155.0,92595.0,57661.0,60347.0,58279.0,62062.0,99162.0,133848.0,129871.0
<< Nordwestschweiz,Oeffentliche Auftraggeber,Wohnen,Laufendes Jahr - Veränderungsraten,*,7.08,-17.11,-39.42,-33.62,-16.6,28.16,20.37,40.09,19.9,-6.95,-20.59,13.29,81.4,37.65,-46.48,11.39,60.91,-32.33,-17.68,42.12,1.51,-12.54,74.2,-37.73,4.66,-3.43,6.49,59.78,34.98,-2.97
<< Nordwestschweiz,Oeffentliche Auftraggeber,Wohnen,Folgejahr (Arbeitsvorrat) - Absolute Werte,19699,36303.0,22888.0,8902.0,8663.0,5595.0,10297.0,9680.0,15333.0,17830.0,23075.0,20541.0,35786.0,55738.0,25521.0,20436.0,24455.0,76268.0,39834.0,28158.0,30674.0,25219.0,34786.0,80376.0,19414.0,52881.0,43096.0,37326.0,79858.0,93250.0,77434.0
<< Nordwestschweiz,Oeffentliche Auftraggeber,Wohnen,Folgejahr (Arbeitsvorrat) - Veränderungsraten,*,84.29,-36.95,-61.11,-2.68,-35.41,84.04,-5.99,58.4,16.29,29.42,-10.98,74.22,55.75,-54.21,-19.92,19.67,211.87,-47.77,-29.31,8.94,-17.78,37.94,131.06,-75.85,172.39,-18.5,-13.39,113.95,16.77,-16.96
<< Nordwestschweiz,Oeffentliche Auftraggeber,Land- und Forstwirtschaft,Laufendes Jahr - Absolute Werte,9317,4680.0,7754.0,9378.0,7113.0,14735.0,11952.0,6621.0,3137.0,6907.0,4583.0,13046.0,12054.0,11532.0,6345.0,11405.0,5213.0,6191.0,3641.0,4956.0,3352.0,3435.0,3694.0,3336.0,6009.0,5027.0,3806.0,1874.0,3643.0,2148.0,2414.0
<< Nordwestschweiz,Oeffentliche Auftraggeber,Land- und Forstwirtschaft,Laufendes Jahr - Veränderungsraten,*,-49.77,65.68,20.94,-24.15,107.16,-18.89,-44.6,-52.62,120.18,-33.65,184.66,-7.6,-4.33,-44.98,79.75,-54.29,18.76,-41.19,36.12,-32.36,2.48,7.54,-9.69,80.13,-16.34,-24.29,-50.76,94.4,-41.04,12.38
<< Nordwestschweiz,Oeffentliche Auftraggeber,Land- und Forstwirtschaft,Folgejahr (Arbeitsvorrat) - Absolute Werte,4849,8342.0,8075.0,7975.0,7869.0,6925.0,5497.0,4873.0,4687.0,5244.0,3960.0,13450.0,9444.0,6375.0,3785.0,4813.0,2239.0,3300.0,2061.0,2571.0,2283.0,1713.0,1804.0,3161.0,4568.0,2896.0,1046.0,2018.0,1856.0,834.0,851.0
<< Nordwestschweiz,Oeffentliche Auftraggeber,Land- und Forstwirtschaft,Folgejahr (Arbeitsvorrat) - Veränderungsraten,*,72.04,-3.2,-1.24,-1.33,-12.0,-20.62,-11.35,-3.82,11.88,-24.49,239.65,-29.78,-32.5,-40.63,27.16,-53.48,47.39,-37.55,24.75,-11.2,-24.97,5.31,75.22,44.51,-36.6,-63.88,92.93,-8.03,-55.06,2.04
<< Nordwestschweiz,Oeffentliche Auftraggeber,"Industrie, Gewerbe und Dienstleistungen",Laufendes Jahr - Absolute Werte,230619,215465.0,194425.0,235278.0,223328.0,176068.0,136317.0,109975.0,137984.0,172361.0,70406.0,82436.0,168282.0,134602.0,84636.0,97479.0,100789.0,119185.0,171005.0,153660.0,101575.0,70935.0,182974.0,78367.0,102028.0,119738.0,137641.0,212136.0,242534.0,260804.0,225911.0
<< Nordwestschweiz,Oeffentliche Auftraggeber,"Industrie, Gewerbe und Dienstleistungen",Laufendes Jahr - Veränderungsraten,*,-6.57,-9.76,21.01,-5.08,-21.16,-22.58,-19.32,25.47,24.91,-59.15,17.09,104.14,-20.01,-37.12,15.17,3.4,18.25,43.48,-10.14,-33.9,-30.16,157.95,-57.17,30.19,17.36,14.95,54.12,14.33,7.53,-13.38
<< Nordwestschweiz,Oeffentliche Auftraggeber,"Industrie, Gewerbe und Dienstleistungen",Folgejahr (Arbeitsvorrat) - Absolute Werte,196878,177168.0,151757.0,167836.0,156676.0,81552.0,93687.0,82729.0,112532.0,67339.0,51253.0,42354.0,101288.0,39665.0,29624.0,38708.0,81857.0,81835.0,73070.0,105816.0,79611.0,125105.0,112238.0,82039.0,100602.0,107240.0,126739.0,215300.0,210614.0,207606.0,197726.0
<< Nordwestschweiz,Oeffentliche Auftraggeber,"Industrie, Gewerbe und Dienstleistungen",Folgejahr (Arbeitsvorrat) - Veränderungsraten,*,-10.01,-14.34,10.6,-6.65,-47.95,14.88,-11.7,36.02,-40.16,-23.89,-17.36,139.15,-60.84,-25.31,30.66,111.47,-0.03,-10.71,44.81,-24.76,57.15,-10.28,-26.91,22.63,6.6,18.18,69.88,-2.18,-1.43,-4.76
<< Nordwestschweiz,Private Auftraggeber,Kategorie der Bauwerke - Total,Laufendes Jahr - Absolute Werte,5199601,5002555.0,4265555.0,4137149.0,4146664.0,4079333.0,4260671.0,4065368.0,3881331.0,3697477.0,4196174.0,4762503.0,4865708.0,5201610.0,5307600.0,4923008.0,5001555.0,5354847.0,5262559.0,5825034.0,6042301.0,6118262.0,6050215.0,6060452.0,5648517.0,5669654.0,5872094.0,6083522.0,5911930.0,5744676.0,5795012.0
<< Nordwestschweiz,Private Auftraggeber,Kategorie der Bauwerke - Total,Laufendes Jahr - Veränderungsraten,*,-3.79,-14.73,-3.01,0.23,-1.62,4.45,-4.58,-4.53,-4.74,13.49,13.5,2.17,6.9,2.04,-7.25,1.6,7.06,-1.72,10.69,3.73,1.26,-1.11,0.17,-6.8,0.37,3.57,3.6,-2.82,-2.83,0.88
<< Nordwestschweiz,Private Auftraggeber,Kategorie der Bauwerke - Total,Folgejahr (Arbeitsvorrat) - Absolute Werte,2855670,2386743.0,2346739.0,2064086.0,2141977.0,2189281.0,2151303.0,2199996.0,2127121.0,1890515.0,2290345.0,2490824.0,2520099.0,2886968.0,2836473.0,2457608.0,2442564.0,2385045.0,2526473.0,3584007.0,3705001.0,3617454.0,3738216.0,3509592.0,3473759.0,3696187.0,3707536.0,3842680.0,3722181.0,3743321.0,3883442.0
<< Nordwestschweiz,Private Auftraggeber,Kategorie der Bauwerke - Total,Folgejahr (Arbeitsvorrat) - Veränderungsraten,*,-16.42,-1.68,-12.04,3.77,2.21,-1.73,2.26,-3.31,-11.12,21.15,8.75,1.18,14.56,-1.75,-13.36,-0.61,-2.35,5.93,41.86,3.38,-2.36,3.34,-6.12,-1.02,6.4,0.31,3.65,-3.14,0.57,3.74
<< Nordwestschweiz,Private Auftraggeber,Infrastruktur Versorgung,Laufendes Jahr - Absolute Werte,146979,107207.0,118733.0,127998.0,76953.0,60718.0,52590.0,41232.0,44563.0,82508.0,39549.0,54477.0,45966.0,52498.0,72332.0,71367.0,87688.0,67569.0,105094.0,135364.0,107839.0,130462.0,106068.0,103676.0,102669.0,111467.0,138758.0,108179.0,130948.0,151983.0,162031.0
<< Nordwestschweiz,Private Auftraggeber,Infrastruktur Versorgung,Laufendes Jahr - Veränderungsraten,*,-27.06,10.75,7.8,-39.88,-21.1,-13.39,-21.6,8.08,85.15,-52.07,37.75,-15.62,14.21,37.78,-1.33,22.87,-22.94,55.54,28.8,-20.33,20.98,-18.7,-2.26,-0.97,8.57,24.48,-22.04,21.05,16.06,6.61
<< Nordwestschweiz,Private Auftraggeber,Infrastruktur Versorgung,Folgejahr (Arbeitsvorrat) - Absolute Werte,84002,116354.0,127448.0,79445.0,57817.0,50251.0,29465.0,26918.0,22807.0,34261.0,20152.0,16905.0,19676.0,29912.0,27791.0,11721.0,45093.0,16911.0,49906.0,78721.0,66712.0,55853.0,35215.0,51751.0,45108.0,45275.0,44387.0,43333.0,78503.0,90161.0,81569.0
<< Nordwestschweiz,Private Auftraggeber,Infrastruktur Versorgung,Folgejahr (Arbeitsvorrat) - Veränderungsraten,*,38.51,9.53,-37.66,-27.22,-13.09,-41.36,-8.64,-15.27,50.22,-41.18,-16.11,16.39,52.02,-7.09,-57.82,284.72,-62.5,195.11,57.74,-15.26,-16.28,-36.95,46.96,-12.84,0.37,-1.96,-2.37,81.16,14.85,-9.53
<< Nordwestschweiz,Private Auftraggeber,Infrastruktur Entsorgung,Laufendes Jahr - Absolute Werte,62626,18363.0,24004.0,22982.0,17854.0,4787.0,7269.0,7791.0,12726.0,14854.0,11743.0,5515.0,5757.0,2871.0,6995.0,8109.0,4886.0,10351.0,11632.0,10169.0,4786.0,4646.0,6914.0,12753.0,10115.0,31012.0,28011.0,29748.0,29932.0,31370.0,29955.0
<< Nordwestschweiz,Private Auftraggeber,Infrastruktur Entsorgung,Laufendes Jahr - Veränderungsraten,*,-70.68,30.72,-4.26,-22.31,-73.19,51.85,7.18,63.34,16.72,-20.94,-53.04,4.39,-50.13,143.64,15.93,-39.75,111.85,12.38,-12.58,-52.94,-2.93,48.82,84.45,-20.69,206.59,-9.68,6.2,0.62,4.8,-4.51
<< Nordwestschweiz,Private Auftraggeber,Infrastruktur Entsorgung,Folgejahr (Arbeitsvorrat) - Absolute Werte,28445,20240.0,18575.0,9756.0,1870.0,2825.0,2531.0,12210.0,5773.0,6117.0,1468.0,2210.0,1714.0,350.0,653.0,3819.0,2600.0,4536.0,5241.0,2481.0,2509.0,1094.0,9363.0,6778.0,4710.0,26849.0,25559.0,28659.0,31182.0,27907.0,20024.0
<< Nordwestschweiz,Private Auftraggeber,Infrastruktur Entsorgung,Folgejahr (Arbeitsvorrat) - Veränderungsraten,*,-28.85,-8.23,-47.48,-80.83,51.07,-10.41,382.42,-52.72,5.96,-76.0,50.54,-22.44,-79.58,86.57,484.84,-31.92,74.46,15.54,-52.66,1.13,-56.4,755.85,-27.61,-30.51,470.04,-4.8,12.13,8.8,-10.5,-28.25
<< Nordwestschweiz,Private Auftraggeber,Infrastruktur Strassenverkehr,Laufendes Jahr - Absolute Werte,28164,39254.0,36858.0,40245.0,36324.0,36150.0,30817.0,14646.0,30076.0,24273.0,29667.0,66886.0,77891.0,48592.0,42603.0,23870.0,8327.0,13038.0,19563.0,18852.0,14731.0,78832.0,44327.0,19945.0,15612.0,37367.0,42735.0,15402.0,16090.0,18335.0,15292.0
<< Nordwestschweiz,Private Auftraggeber,Infrastruktur Strassenverkehr,Laufendes Jahr - Veränderungsraten,*,39.38,-6.1,9.19,-9.74,-0.48,-14.75,-52.47,105.35,-19.29,22.22,125.46,16.45,-37.62,-12.33,-43.97,-65.12,56.57,50.05,-3.63,-21.86,435.14,-43.77,-55.0,-21.72,139.35,14.37,-63.96,4.47,13.95,-16.6
<< Nordwestschweiz,Private Auftraggeber,Infrastruktur Strassenverkehr,Folgejahr (Arbeitsvorrat) - Absolute Werte,19782,18670.0,19733.0,25014.0,26790.0,11340.0,5854.0,15212.0,26087.0,10730.0,8531.0,65980.0,31540.0,8886.0,16607.0,6216.0,7160.0,2700.0,3020.0,2827.0,7037.0,41547.0,15238.0,6431.0,9814.0,33722.0,8047.0,12657.0,14656.0,8089.0,8530.0
<< Nordwestschweiz,Private Auftraggeber,Infrastruktur Strassenverkehr,Folgejahr (Arbeitsvorrat) - Veränderungsraten,*,-5.62,5.69,26.76,7.1,-57.67,-48.38,159.86,71.49,-58.87,-20.49,673.41,-52.2,-71.83,86.89,-62.57,15.19,-62.29,11.85,-6.39,148.92,490.41,-63.32,-57.8,52.6,243.61,-76.14,57.29,15.79,-44.81,5.45
<< Nordwestschweiz,Private Auftraggeber,Infrastruktur übriger Verkehr und Kommunikation,Laufendes Jahr - Absolute Werte,42727,48467.0,19614.0,41447.0,43153.0,44241.0,77928.0,54973.0,42823.0,23235.0,43752.0,27340.0,48908.0,26685.0,28482.0,36129.0,34560.0,32655.0,17578.0,19511.0,25093.0,30949.0,22259.0,25669.0,19395.0,8213.0,16245.0,224370.0,150894.0,55962.0,78982.0
<< Nordwestschweiz,Private Auftraggeber,Infrastruktur übriger Verkehr und Kommunikation,Laufendes Jahr - Veränderungsraten,*,13.43,-59.53,111.31,4.12,2.52,76.14,-29.46,-22.1,-45.74,88.3,-37.51,78.89,-45.44,6.73,26.85,-4.34,-5.51,-46.17,11.0,28.61,23.34,-28.08,15.32,-24.44,-57.65,97.8,1281.16,-32.75,-62.91,41.14
<< Nordwestschweiz,Private Auftraggeber,Infrastruktur übriger Verkehr und Kommunikation,Folgejahr (Arbeitsvorrat) - Absolute Werte,31306,9846.0,23773.0,71245.0,34550.0,40420.0,29698.0,41346.0,17557.0,32786.0,17887.0,35490.0,23422.0,18600.0,26939.0,28537.0,19612.0,15121.0,6520.0,36041.0,32712.0,23401.0,26213.0,22232.0,20480.0,14710.0,117275.0,150137.0,49177.0,59685.0,21101.0
<< Nordwestschweiz,Private Auftraggeber,Infrastruktur übriger Verkehr und Kommunikation,Folgejahr (Arbeitsvorrat) - Veränderungsraten,*,-68.55,141.45,199.69,-51.51,16.99,-26.53,39.22,-57.54,86.74,-45.44,98.41,-34.0,-20.59,44.83,5.93,-31.28,-22.9,-56.88,452.78,-9.24,-28.46,12.02,-15.19,-7.88,-28.17,697.25,28.02,-67.25,21.37,-64.65
<< Nordwestschweiz,Private Auftraggeber,"Bildung, Forschung",Laufendes Jahr - Absolute Werte,93462,91052.0,41115.0,86523.0,93493.0,52927.0,38163.0,65194.0,80830.0,28377.0,78974.0,88319.0,185691.0,247833.0,177961.0,189782.0,135021.0,130601.0,158711.0,175891.0,89826.0,43666.0,72127.0,132056.0,113756.0,68907.0,69503.0,76586.0,58502.0,51654.0,42597.0
<< Nordwestschweiz,Private Auftraggeber,"Bildung, Forschung",Laufendes Jahr - Veränderungsraten,*,-2.58,-54.84,110.44,8.06,-43.39,-27.9,70.83,23.98,-64.89,178.3,11.83,110.25,33.47,-28.19,6.64,-28.85,-3.27,21.52,10.82,-48.93,-51.39,65.18,83.09,-13.86,-39.43,0.86,10.19,-23.61,-11.71,-17.53
<< Nordwestschweiz,Private Auftraggeber,"Bildung, Forschung",Folgejahr (Arbeitsvorrat) - Absolute Werte,26065,24025.0,47640.0,72246.0,37272.0,5695.0,26678.0,69298.0,111706.0,26848.0,35881.0,100135.0,159934.0,86307.0,92754.0,48197.0,26678.0,93200.0,117760.0,78263.0,25936.0,34997.0,66854.0,110578.0,65788.0,63699.0,62566.0,50697.0,42256.0,43846.0,39458.0
<< Nordwestschweiz,Private Auftraggeber,"Bildung, Forschung",Folgejahr (Arbeitsvorrat) - Veränderungsraten,*,-7.83,98.29,51.65,-48.41,-84.72,368.45,159.76,61.2,-75.97,33.64,179.08,59.72,-46.04,7.47,-48.04,-44.65,249.35,26.35,-33.54,-66.86,34.94,91.03,65.4,-40.51,-3.18,-1.78,-18.97,-16.65,3.76,-10.01
<< Nordwestschweiz,Private Auftraggeber,Gesundheit,Laufendes Jahr - Absolute Werte,69555,102033.0,122221.0,101166.0,107061.0,78369.0,123121.0,142004.0,87512.0,111976.0,100216.0,107221.0,120645.0,114154.0,96358.0,71871.0,71644.0,145798.0,117883.0,210659.0,233260.0,250316.0,252994.0,301125.0,221229.0,278829.0,252823.0,225378.0,280865.0,327895.0,362653.0
<< Nordwestschweiz,Private Auftraggeber,Gesundheit,Laufendes Jahr - Veränderungsraten,*,46.69,19.79,-17.23,5.83,-26.8,57.1,15.34,-38.37,27.96,-10.5,6.99,12.52,-5.38,-15.59,-25.41,-0.32,103.5,-19.15,78.7,10.73,7.31,1.07,19.02,-26.53,26.04,-9.33,-10.86,24.62,16.74,10.6
<< Nordwestschweiz,Private Auftraggeber,Gesundheit,Folgejahr (Arbeitsvorrat) - Absolute Werte,74071,104811.0,78354.0,80765.0,50621.0,93949.0,125100.0,77222.0,47830.0,73648.0,64847.0,79800.0,69781.0,70052.0,62426.0,25021.0,73738.0,73198.0,89048.0,174449.0,188921.0,179568.0,271637.0,157992.0,219339.0,241532.0,205529.0,175120.0,269147.0,312689.0,274511.0
<< Nordwestschweiz,Private Auftraggeber,Gesundheit,Folgejahr (Arbeitsvorrat) - Veränderungsraten,*,41.5,-25.24,3.08,-37.32,85.59,33.16,-38.27,-38.06,53.98,-11.95,23.06,-12.56,0.39,-10.89,-59.92,194.7,-0.73,21.65,95.9,8.3,-4.95,51.27,-41.84,38.83,10.12,-14.91,-14.8,53.69,16.18,-12.21
<< Nordwestschweiz,Private Auftraggeber,Freizeit und Kultur,Laufendes Jahr - Absolute Werte,43277,61515.0,91459.0,77044.0,72957.0,79961.0,130669.0,81381.0,94598.0,64593.0,56538.0,58897.0,46683.0,65370.0,92757.0,96530.0,40507.0,63688.0,53100.0,48817.0,58202.0,46426.0,42036.0,56920.0,47544.0,47723.0,45800.0,35821.0,42306.0,37169.0,39647.0
<< Nordwestschweiz,Private Auftraggeber,Freizeit und Kultur,Laufendes Jahr - Veränderungsraten,*,42.14,48.68,-15.76,-5.3,9.6,63.42,-37.72,16.24,-31.72,-12.47,4.17,-20.74,40.03,41.9,4.07,-58.04,57.23,-16.62,-8.07,19.22,-20.23,-9.46,35.41,-16.47,0.38,-4.03,-21.79,18.1,-12.14,6.67
<< Nordwestschweiz,Private Auftraggeber,Freizeit und Kultur,Folgejahr (Arbeitsvorrat) - Absolute Werte,47487,55932.0,42452.0,42306.0,75550.0,104689.0,82765.0,27805.0,28536.0,10513.0,44115.0,31069.0,10449.0,101347.0,59340.0,14723.0,13829.0,36943.0,21513.0,32715.0,28500.0,28622.0,5239.0,27458.0,37116.0,27712.0,21959.0,24585.0,16911.0,21426.0,21167.0
<< Nordwestschweiz,Private Auftraggeber,Freizeit und Kultur,Folgejahr (Arbeitsvorrat) - Veränderungsraten,*,17.78,-24.1,-0.34,78.58,38.57,-20.94,-66.4,2.63,-63.16,319.62,-29.57,-66.37,869.92,-41.45,-75.19,-6.07,167.14,-41.77,52.07,-12.88,0.43,-81.7,424.11,35.17,-25.34,-20.76,11.96,-31.21,26.7,-1.21
<< Nordwestschweiz,Private Auftraggeber,Uebrige Infrastruktur,Laufendes Jahr - Absolute Werte,1086,1732.0,2516.0,2302.0,3307.0,4519.0,7737.0,3882.0,1536.0,8311.0,5769.0,8894.0,8617.0,11112.0,6259.0,23424.0,15327.0,28576.0,22758.0,21075.0,21781.0,19257.0,42522.0,55927.0,39465.0,26478.0,23387.0,27969.0,30113.0,35804.0,33795.0
<< Nordwestschweiz,Private Auftraggeber,Uebrige Infrastruktur,Laufendes Jahr - Veränderungsraten,*,59.48,45.27,-8.51,43.66,36.65,71.21,-49.83,-60.43,441.08,-30.59,54.17,-3.11,28.95,-43.67,274.25,-34.57,86.44,-20.36,-7.4,3.35,-11.59,120.81,31.52,-29.43,-32.91,-11.67,19.59,7.67,18.9,-5.61
<< Nordwestschweiz,Private Auftraggeber,Uebrige Infrastruktur,Folgejahr (Arbeitsvorrat) - Absolute Werte,179,110.0,442.0,275.0,810.0,1112.0,4690.0,524.0,4416.0,7625.0,1218.0,5575.0,1249.0,4248.0,6062.0,4514.0,8165.0,6899.0,6478.0,7731.0,9169.0,6141.0,32395.0,17911.0,12530.0,11184.0,12185.0,29840.0,26954.0,16073.0,26285.0
<< Nordwestschweiz,Private Auftraggeber,Uebrige Infrastruktur,Folgejahr (Arbeitsvorrat) - Veränderungsraten,*,-38.55,301.82,-37.78,194.55,37.28,321.76,-88.83,742.75,72.67,-84.03,357.72,-77.6,240.11,42.7,-25.54,80.88,-15.51,-6.1,19.34,18.6,-33.02,427.52,-44.71,-30.04,-10.74,8.95,144.89,-9.67,-40.37,63.54
<< Nordwestschweiz,Private Auftraggeber,Wohnen,Laufendes Jahr - Absolute Werte,3278529,3173807.0,2843597.0,2603661.0,2715522.0,2588448.0,2563456.0,2335235.0,2299195.0,2476702.0,2810298.0,3063449.0,3088795.0,3315087.0,3170470.0,3203540.0,3340619.0,3554238.0,3350114.0,3746024.0,3846788.0,3918425.0,4053814.0,4092291.0,3845050.0,3695433.0,3763645.0,3978526.0,3937647.0,3747405.0,3817097.0
<< Nordwestschweiz,Private Auftraggeber,Wohnen,Laufendes Jahr - Veränderungsraten,*,-3.19,-10.4,-8.44,4.3,-4.68,-0.97,-8.9,-1.54,7.72,13.47,9.01,0.83,7.33,-4.36,1.04,4.28,6.39,-5.74,11.82,2.69,1.86,3.46,0.95,-6.04,-3.89,1.85,5.71,-1.03,-4.83,1.86
<< Nordwestschweiz,Private Auftraggeber,Wohnen,Folgejahr (Arbeitsvorrat) - Absolute Werte,1751139,1423525.0,1360886.0,1218510.0,1235606.0,1223718.0,1146815.0,1145238.0,1171217.0,1200383.0,1530478.0,1510295.0,1636039.0,1772188.0,1651547.0,1632322.0,1599346.0,1412165.0,1562276.0,2150047.0,2272480.0,2333988.0,2449671.0,2354631.0,2221612.0,2205075.0,2270312.0,2488248.0,2348374.0,2378814.0,2560111.0
<< Nordwestschweiz,Private Auftraggeber,Wohnen,Folgejahr (Arbeitsvorrat) - Veränderungsraten,*,-18.71,-4.4,-10.46,1.4,-0.96,-6.28,-0.14,2.27,2.49,27.5,-1.32,8.33,8.32,-6.81,-1.16,-2.02,-11.7,10.63,37.62,5.69,2.71,4.96,-3.88,-5.65,-0.74,2.96,9.6,-5.62,1.3,7.62
<< Nordwestschweiz,Private Auftraggeber,Land- und Forstwirtschaft,Laufendes Jahr - Absolute Werte,46077,55590.0,56808.0,66707.0,46727.0,52449.0,53609.0,52866.0,39956.0,53004.0,51409.0,49917.0,53228.0,51087.0,49235.0,43980.0,45309.0,38053.0,46764.0,49915.0,48162.0,51682.0,52277.0,39951.0,30562.0,35940.0,50165.0,54626.0,42102.0,33838.0,40847.0
<< Nordwestschweiz,Private Auftraggeber,Land- und Forstwirtschaft,Laufendes Jahr - Veränderungsraten,*,20.65,2.19,17.43,-29.95,12.25,2.21,-1.39,-24.42,32.66,-3.01,-2.9,6.63,-4.02,-3.63,-10.67,3.02,-16.01,22.89,6.74,-3.51,7.31,1.15,-23.58,-23.5,17.6,39.58,8.89,-22.93,-19.63,20.71
<< Nordwestschweiz,Private Auftraggeber,Land- und Forstwirtschaft,Folgejahr (Arbeitsvorrat) - Absolute Werte,17377,15439.0,14357.0,20690.0,14531.0,18365.0,13682.0,9676.0,17336.0,12708.0,14388.0,14834.0,15538.0,20514.0,12841.0,15935.0,14170.0,15082.0,11533.0,17158.0,18465.0,26013.0,20114.0,14243.0,14786.0,21180.0,25578.0,22181.0,22556.0,27875.0,25532.0
<< Nordwestschweiz,Private Auftraggeber,Land- und Forstwirtschaft,Folgejahr (Arbeitsvorrat) - Veränderungsraten,*,-11.15,-7.01,44.11,-29.77,26.38,-25.5,-29.28,79.16,-26.7,13.22,3.1,4.75,32.02,-37.4,24.09,-11.08,6.44,-23.53,48.77,7.62,40.88,-22.68,-29.19,3.81,43.24,20.76,-13.28,1.69,23.58,-8.41
<< Nordwestschweiz,Private Auftraggeber,"Industrie, Gewerbe und Dienstleistungen",Laufendes Jahr - Absolute Werte,1387119,1303535.0,908630.0,967074.0,933313.0,1076764.0,1175312.0,1266164.0,1147516.0,809644.0,968259.0,1231588.0,1183527.0,1266321.0,1564148.0,1154406.0,1217667.0,1270280.0,1359362.0,1388757.0,1591833.0,1543601.0,1354877.0,1220139.0,1203120.0,1328285.0,1441022.0,1306917.0,1192531.0,1253261.0,1172116.0
<< Nordwestschweiz,Private Auftraggeber,"Industrie, Gewerbe und Dienstleistungen",Laufendes Jahr - Veränderungsraten,*,-6.03,-30.29,6.43,-3.49,15.37,9.15,7.73,-9.37,-29.44,19.59,27.2,-3.9,7.0,23.52,-26.2,5.48,4.32,7.01,2.16,14.62,-3.03,-12.23,-9.94,-1.39,10.4,8.49,-9.31,-8.75,5.09,-6.47
<< Nordwestschweiz,Private Auftraggeber,"Industrie, Gewerbe und Dienstleistungen",Folgejahr (Arbeitsvorrat) - Absolute Werte,775817,597791.0,613079.0,443834.0,606560.0,636917.0,684025.0,774547.0,673856.0,474896.0,551380.0,628531.0,550757.0,774564.0,879513.0,666603.0,632173.0,708290.0,653178.0,1003574.0,1052560.0,886230.0,806277.0,739587.0,822476.0,1005249.0,914139.0,817223.0,822465.0,756756.0,805154.0
<< Nordwestschweiz,Private Auftraggeber,"Industrie, Gewerbe und Dienstleistungen",Folgejahr (Arbeitsvorrat) - Veränderungsraten,*,-22.95,2.56,-27.61,36.66,5.0,7.4,13.23,-13.0,-29.53,16.11,13.99,-12.37,40.64,13.55,-24.21,-5.16,12.04,-7.78,53.64,4.88,-15.8,-9.02,-8.27,11.21,22.22,-9.06,-10.6,0.64,-7.99,6.4
......0069 Wallisellen,Art der Auftraggeber - Total,Kategorie der Bauwerke - Total,Laufendes Jahr - Absolute Werte,51355,62187.0,71635.0,71788.0,44616.0,68862.0,53942.0,133111.0,79337.0,86746.0,56796.0,70193.0,65499.0,120006.0,132890.0,147729.0,180932.0,129727.0,173270.0,164161.0,126383.0,84701.0,82218.0,81019.0,95305.0,125185.0,115622.0,77093.0,108756.0,107947.0,79379.0
......0069 Wallisellen,Art der Auftraggeber - Total,Kategorie der Bauwerke - Total,Laufendes Jahr - Veränderungsraten,*,21.09,15.19,0.21,-37.85,54.34,-21.67,146.77,-40.4,9.34,-34.53,23.59,-6.69,83.22,10.74,11.17,22.48,-28.3,33.57,-5.26,-23.01,-32.98,-2.93,-1.46,17.63,31.35,-7.64,-33.32,41.07,-0.74,-26.46
......0069 Wallisellen,Art der Auftraggeber - Total,Kategorie der Bauwerke - Total,Folgejahr (Arbeitsvorrat) - Absolute Werte,42318,30939.0,33157.0,27208.0,37624.0,21639.0,10988.0,117004.0,59790.0,20046.0,62179.0,35395.0,36941.0,124537.0,101498.0,90544.0,67301.0,88085.0,93208.0,72383.0,49308.0,35289.0,63660.0,92692.0,86962.0,68514.0,73618.0,58916.0,92942.0,76233.0,77872.0
......0069 Wallisellen,Art der Auftraggeber - Total,Kategorie der Bauwerke - Total,Folgejahr (Arbeitsvorrat) - Veränderungsraten,*,-26.89,7.17,-17.94,38.28,-42.49,-49.22,964.83,-48.9,-66.47,210.18,-43.08,4.37,237.12,-18.5,-10.79,-25.67,30.88,5.82,-22.34,-31.88,-28.43,80.4,45.6,-6.18,-21.21,7.45,-19.97,57.75,-17.98,2.15
......0069 Wallisellen,Art der Auftraggeber - Total,Infrastruktur Versorgung,Laufendes Jahr - Absolute Werte,220,812.0,1318.0,0.0,0.0,900.0,0.0,950.0,435.0,0.0,490.0,1453.0,812.0,206.0,400.0,1010.0,4162.0,3434.0,594.0,212.0,81.0,1758.0,4165.0,734.0,56.0,914.0,370.0,807.0,4440.0,47.0,81.0
......0069 Wallisellen,Art der Auftraggeber - Total,Infrastruktur Versorgung,Laufendes Jahr - Veränderungsraten,*,269.09,62.32,-100.0,0.0,0.0,-100.0,0.0,-54.21,-100.0,0.0,196.53,-44.12,-74.63,94.17,152.5,312.08,-17.49,-82.7,-64.31,-61.79,2070.37,136.92,-82.38,-92.37,1532.14,-59.52,118.11,450.19,-98.94,72.34
......0069 Wallisellen,Art der Auftraggeber - Total,Infrastruktur Versorgung,Folgejahr (Arbeitsvorrat) - Absolute Werte,0,2000.0,1000.0,200.0,400.0,800.0,0.0,50.0,0.0,0.0,3185.0,152.0,106.0,250.0,110.0,5000.0,1018.0,283.0,0.0,81.0,170.0,2847.0,703.0,13.0,815.0,619.0,3744.0,312.0,7478.0,48.0,7.0
......0069 Wallisellen,Art der Auftraggeber - Total,Infrastruktur Versorgung,Folgejahr (Arbeitsvorrat) - Veränderungsraten,*,0.0,-50.0,-80.0,100.0,100.0,-100.0,0.0,-100.0,0.0,0.0,-95.23,-30.26,135.85,-56.0,4445.45,-79.64,-72.2,-100.0,0.0,109.88,1574.71,-75.31,-98.15,6169.23,-24.05,504.85,-91.67,2296.79,-99.36,-85.42
......0069 Wallisellen,Art der Auftraggeber - Total,Infrastruktur Entsorgung,Laufendes Jahr - Absolute Werte,0,0.0,0.0,0.0,0.0,0.0,0.0,0.0,0.0,0.0,0.0,0.0,0.0,0.0,40.0,100.0,0.0,0.0,0.0,0.0,0.0,477.0,323.0,0.0,0.0,0.0,0.0,0.0,0.0,0.0,0.0
......0069 Wallisellen,Art der Auftraggeber - Total,Infrastruktur Entsorgung,Laufendes Jahr - Veränderungsraten,*,0.0,0.0,0.0,0.0,0.0,0.0,0.0,0.0,0.0,0.0,0.0,0.0,0.0,0.0,150.0,0.0,0.0,0.0,0.0,0.0,0.0,-32.29,0.0,0.0,0.0,0.0,0.0,0.0,0.0,0.0
......0069 Wallisellen,Art der Auftraggeber - Total,Infrastruktur Entsorgung,Folgejahr (Arbeitsvorrat) - Absolute Werte,0,0.0,0.0,0.0,0.0,0.0,0.0,0.0,0.0,0.0,0.0,0.0,0.0,0.0,0.0,0.0,0.0,0.0,0.0,0.0,0.0,323.0,0.0,0.0,0.0,0.0,0.0,0.0,0.0,0.0,0.0
......0069 Wallisellen,Art der Auftraggeber - Total,Infrastruktur Entsorgung,Folgejahr (Arbeitsvorrat) - Veränderungsraten,*,0.0,0.0,0.0,0.0,0.0,0.0,0.0,0.0,0.0,0.0,0.0,0.0,0.0,0.0,0.0,0.0,0.0,0.0,0.0,0.0,0.0,-100.0,0.0,0.0,0.0,0.0,0.0,0.0,0.0,0.0
......0069 Wallisellen,Art der Auftraggeber - Total,Infrastruktur Strassenverkehr,Laufendes Jahr - Absolute Werte,175,185.0,30.0,33.0,16.0,604.0,6.0,150.0,357.0,0.0,80.0,299.0,475.0,577.0,40.0,294.0,4000.0,0.0,5626.0,1157.0,24.0,20.0,447.0,0.0,0.0,0.0,0.0,0.0,1010.0,1013.0,811.0
......0069 Wallisellen,Art der Auftraggeber - Total,Infrastruktur Strassenverkehr,Laufendes Jahr - Veränderungsraten,*,5.71,-83.78,10.0,-51.52,3675.0,-99.01,2400.0,138.0,-100.0,0.0,273.75,58.86,21.47,-93.07,635.0,1260.54,0.0,0.0,-79.43,-97.93,-16.67,2135.0,0.0,0.0,0.0,0.0,0.0,0.0,0.3,-19.94
......0069 Wallisellen,Art der Auftraggeber - Total,Infrastruktur Strassenverkehr,Folgejahr (Arbeitsvorrat) - Absolute Werte,0,0.0,0.0,0.0,0.0,0.0,0.0,50.0,0.0,0.0,80.0,770.0,1600.0,450.0,70.0,2447.0,0.0,0.0,1076.0,262.0,260.0,21.0,0.0,0.0,0.0,0.0,0.0,0.0,280.0,3118.0,781.0
......0069 Wallisellen,Art der Auftraggeber - Total,Infrastruktur Strassenverkehr,Folgejahr (Arbeitsvorrat) - Veränderungsraten,*,0.0,0.0,0.0,0.0,0.0,0.0,0.0,-100.0,0.0,0.0,862.5,107.79,-71.88,-84.44,3395.71,-100.0,0.0,0.0,-75.65,-0.76,-91.92,-100.0,0.0,0.0,0.0,0.0,0.0,0.0,1013.57,-74.95
......0069 Wallisellen,Art der Auftraggeber - Total,Infrastruktur übriger Verkehr und Kommunikation,Laufendes Jahr - Absolute Werte,175,228.0,39.0,0.0,40.0,40.0,138.0,238.0,5464.0,899.0,7081.0,3458.0,12693.0,18012.0,23552.0,26299.0,16776.0,2733.0,50.0,0.0,0.0,3.0,434.0,97.0,32.0,3329.0,63.0,4082.0,118.0,8512.0,4371.0
......0069 Wallisellen,Art der Auftraggeber - Total,Infrastruktur übriger Verkehr und Kommunikation,Laufendes Jahr - Veränderungsraten,*,30.29,-82.89,0.0,0.0,0.0,245.0,72.46,2195.8,-83.55,687.65,-51.17,267.06,41.9,30.76,11.66,-36.21,-83.71,-98.17,-100.0,0.0,0.0,14366.67,-77.65,-67.01,10303.13,-98.11,6379.37,-97.11,7113.56,-48.65
......0069 Wallisellen,Art der Auftraggeber - Total,Infrastruktur übriger Verkehr und Kommunikation,Folgejahr (Arbeitsvorrat) - Absolute Werte,0,0.0,0.0,0.0,0.0,0.0,0.0,4000.0,2010.0,51.0,10744.0,10942.0,21609.0,20609.0,26195.0,17339.0,3631.0,775.0,23.0,0.0,0.0,452.0,87.0,32.0,3518.0,24.0,1000.0,3291.0,45.0,3747.0,6106.0
......0069 Wallisellen,Art der Auftraggeber - Total,Infrastruktur übriger Verkehr und Kommunikation,Folgejahr (Arbeitsvorrat) - Veränderungsraten,*,0.0,0.0,0.0,0.0,0.0,0.0,0.0,-49.75,-97.46,20966.67,1.84,97.49,-4.63,27.1,-33.81,-79.06,-78.66,-97.03,-100.0,0.0,0.0,-80.75,-63.22,10893.75,-99.32,4066.67,229.1,-98.63,8226.67,62.96
......0069 Wallisellen,Art der Auftraggeber - Total,"Bildung, Forschung",Laufendes Jahr - Absolute Werte,820,0.0,0.0,0.0,3945.0,500.0,800.0,1100.0,175.0,0.0,1400.0,4611.0,3535.0,1000.0,3027.0,500.0,200.0,30.0,4821.0,4057.0,0.0,184.0,2296.0,350.0,4074.0,3984.0,4642.0,2637.0,7669.0,20.0,2394.0
......0069 Wallisellen,Art der Auftraggeber - Total,"Bildung, Forschung",Laufendes Jahr - Veränderungsraten,*,0.0,0.0,0.0,0.0,-87.33,60.0,37.5,-84.09,0.0,0.0,229.36,-23.34,-71.71,202.7,-83.48,-60.0,-85.0,15970.0,-15.85,0.0,0.0,1147.83,-84.76,1064.0,-2.21,16.52,-43.19,190.82,-99.74,11870.0
......0069 Wallisellen,Art der Auftraggeber - Total,"Bildung, Forschung",Folgejahr (Arbeitsvorrat) - Absolute Werte,0,0.0,0.0,0.0,0.0,0.0,0.0,0.0,0.0,0.0,4001.0,231.0,1000.0,0.0,500.0,0.0,0.0,0.0,7032.0,0.0,0.0,1204.0,360.0,20.0,3963.0,12.0,7333.0,2637.0,0.0,5.0,5109.0
......0069 Wallisellen,Art der Auftraggeber - Total,"Bildung, Forschung",Folgejahr (Arbeitsvorrat) - Veränderungsraten,*,0.0,0.0,0.0,0.0,0.0,0.0,0.0,0.0,0.0,0.0,-94.23,332.9,-100.0,0.0,-100.0,0.0,0.0,0.0,-100.0,0.0,0.0,-70.1,-94.44,19715.0,-99.7,61008.33,-64.04,-100.0,0.0,102080.0
......0069 Wallisellen,Art der Auftraggeber - Total,Gesundheit,Laufendes Jahr - Absolute Werte,2300,14500.0,13000.0,2000.0,0.0,280.0,0.0,0.0,0.0,400.0,0.0,0.0,440.0,0.0,0.0,0.0,250.0,0.0,0.0,0.0,3166.0,9109.0,7675.0,255.0,814.0,1480.0,757.0,0.0,0.0,275.0,0.0
......0069 Wallisellen,Art der Auftraggeber - Total,Gesundheit,Laufendes Jahr - Veränderungsraten,*,530.43,-10.34,-84.62,-100.0,0.0,0.0,0.0,0.0,0.0,0.0,0.0,0.0,0.0,0.0,0.0,0.0,0.0,0.0,0.0,0.0,187.71,-15.74,-96.68,219.22,81.82,-48.85,0.0,0.0,0.0,-100.0
......0069 Wallisellen,Art der Auftraggeber - Total,Gesundheit,Folgejahr (Arbeitsvorrat) - Absolute Werte,15400,15000.0,2000.0,0.0,0.0,0.0,0.0,0.0,0.0,0.0,0.0,0.0,0.0,0.0,0.0,0.0,0.0,0.0,0.0,0.0,12982.0,8682.0,379.0,252.0,190.0,557.0,0.0,0.0,0.0,0.0,0.0
......0069 Wallisellen,Art der Auftraggeber - Total,Gesundheit,Folgejahr (Arbeitsvorrat) - Veränderungsraten,*,-2.6,-86.67,-100.0,0.0,0.0,0.0,0.0,0.0,0.0,0.0,0.0,0.0,0.0,0.0,0.0,0.0,0.0,0.0,0.0,0.0,-33.12,-95.63,-33.51,-24.6,193.16,-100.0,0.0,0.0,0.0,0.0
......0069 Wallisellen,Art der Auftraggeber - Total,Freizeit und Kultur,Laufendes Jahr - Absolute Werte,1000,395.0,400.0,26.0,1211.0,1325.0,46.0,156.0,790.0,1776.0,6700.0,686.0,549.0,1132.0,4800.0,20.0,189.0,309.0,329.0,620.0,3088.0,981.0,171.0,41.0,7451.0,9761.0,5176.0,934.0,655.0,442.0,118.0
......0069 Wallisellen,Art der Auftraggeber - Total,Freizeit und Kultur,Laufendes Jahr - Veränderungsraten,*,-60.5,1.27,-93.5,4557.69,9.41,-96.53,239.13,406.41,124.81,277.25,-89.76,-19.97,106.19,324.03,-99.58,845.0,63.49,6.47,88.45,398.06,-68.23,-82.57,-76.02,18073.17,31.0,-46.97,-81.96,-29.87,-32.52,-73.3
......0069 Wallisellen,Art der Auftraggeber - Total,Freizeit und Kultur,Folgejahr (Arbeitsvorrat) - Absolute Werte,0,0.0,2000.0,0.0,3210.0,10.0,100.0,320.0,0.0,6300.0,941.0,0.0,2.0,300.0,0.0,30.0,311.0,0.0,161.0,2960.0,712.0,171.0,0.0,9.0,7660.0,4588.0,883.0,666.0,123.0,103.0,0.0
......0069 Wallisellen,Art der Auftraggeber - Total,Freizeit und Kultur,Folgejahr (Arbeitsvorrat) - Veränderungsraten,*,0.0,0.0,-100.0,0.0,-99.69,900.0,220.0,-100.0,0.0,-85.06,-100.0,0.0,14900.0,-100.0,0.0,936.67,-100.0,0.0,1738.51,-75.95,-75.98,-100.0,0.0,85011.11,-40.1,-80.75,-24.58,-81.53,-16.26,-100.0
......0069 Wallisellen,Art der Auftraggeber - Total,Uebrige Infrastruktur,Laufendes Jahr - Absolute Werte,0,0.0,0.0,0.0,0.0,0.0,0.0,0.0,0.0,0.0,0.0,0.0,0.0,1.0,9.0,250.0,3.0,0.0,4.0,0.0,0.0,2.0,0.0,0.0,124.0,38.0,0.0,0.0,5.0,120.0,340.0
......0069 Wallisellen,Art der Auftraggeber - Total,Uebrige Infrastruktur,Laufendes Jahr - Veränderungsraten,*,0.0,0.0,0.0,0.0,0.0,0.0,0.0,0.0,0.0,0.0,0.0,0.0,0.0,800.0,2677.78,-98.8,0.0,0.0,0.0,0.0,0.0,0.0,0.0,0.0,-69.35,0.0,0.0,0.0,2300.0,183.33
......0069 Wallisellen,Art der Auftraggeber - Total,Uebrige Infrastruktur,Folgejahr (Arbeitsvorrat) - Absolute Werte,0,0.0,0.0,0.0,0.0,0.0,0.0,0.0,0.0,0.0,0.0,0.0,0.0,9.0,0.0,0.0,7.0,0.0,0.0,0.0,2.0,0.0,0.0,0.0,38.0,0.0,0.0,0.0,0.0,340.0,0.0
......0069 Wallisellen,Art der Auftraggeber - Total,Uebrige Infrastruktur,Folgejahr (Arbeitsvorrat) - Veränderungsraten,*,0.0,0.0,0.0,0.0,0.0,0.0,0.0,0.0,0.0,0.0,0.0,0.0,0.0,-100.0,0.0,0.0,0.0,0.0,0.0,0.0,-100.0,0.0,0.0,0.0,-100.0,0.0,0.0,0.0,0.0,-100.0
......0069 Wallisellen,Art der Auftraggeber - Total,Wohnen,Laufendes Jahr - Absolute Werte,30186,42222.0,22982.0,23172.0,12065.0,37627.0,15240.0,68191.0,29618.0,39460.0,27277.0,20197.0,32985.0,33490.0,54321.0,96497.0,53812.0,39032.0,59467.0,63545.0,47554.0,39528.0,41140.0,60095.0,60411.0,65048.0,47675.0,42394.0,50710.0,44969.0,31945.0
......0069 Wallisellen,Art der Auftraggeber - Total,Wohnen,Laufendes Jahr - Veränderungsraten,*,39.87,-45.57,0.83,-47.93,211.87,-59.5,347.45,-56.57,33.23,-30.87,-25.96,63.32,1.53,62.2,77.64,-44.23,-27.47,52.35,6.86,-25.16,-16.88,4.08,46.07,0.53,7.68,-26.71,-11.08,19.62,-11.32,-28.96
......0069 Wallisellen,Art der Auftraggeber - Total,Wohnen,Folgejahr (Arbeitsvorrat) - Absolute Werte,24918,13939.0,4315.0,6968.0,27283.0,7790.0,5863.0,19624.0,24442.0,13227.0,11398.0,19831.0,5766.0,47387.0,20788.0,43858.0,12272.0,31126.0,52032.0,22415.0,22075.0,10188.0,48576.0,72463.0,47011.0,37976.0,30327.0,26238.0,42599.0,27098.0,30985.0
......0069 Wallisellen,Art der Auftraggeber - Total,Wohnen,Folgejahr (Arbeitsvorrat) - Veränderungsraten,*,-44.06,-69.04,61.48,291.55,-71.45,-24.74,234.71,24.55,-45.88,-13.83,73.99,-70.92,721.83,-56.13,110.98,-72.02,153.63,67.17,-56.92,-1.52,-53.85,376.8,49.17,-35.12,-19.22,-20.14,-13.48,62.36,-36.39,14.34
......0069 Wallisellen,Art der Auftraggeber - Total,Land- und Forstwirtschaft,Laufendes Jahr - Absolute Werte,51,5.0,21.0,5.0,10.0,759.0,0.0,0.0,0.0,200.0,700.0,265.0,255.0,251.0,50.0,0.0,0.0,0.0,0.0,63.0,122.0,99.0,2034.0,20.0,0.0,200.0,0.0,0.0,0.0,0.0,0.0
......0069 Wallisellen,Art der Auftraggeber - Total,Land- und Forstwirtschaft,Laufendes Jahr - Veränderungsraten,*,-90.2,320.0,-76.19,100.0,7490.0,0.0,0.0,0.0,0.0,250.0,-62.14,-3.77,-1.57,-80.08,-100.0,0.0,0.0,0.0,0.0,93.65,-18.85,1954.55,-99.02,-100.0,0.0,0.0,0.0,0.0,0.0,0.0
......0069 Wallisellen,Art der Auftraggeber - Total,Land- und Forstwirtschaft,Folgejahr (Arbeitsvorrat) - Absolute Werte,0,0.0,0.0,0.0,0.0,0.0,0.0,0.0,0.0,0.0,153.0,258.0,301.0,50.0,0.0,0.0,0.0,0.0,0.0,0.0,74.0,0.0,20.0,0.0,0.0,0.0,0.0,0.0,0.0,0.0,0.0
......0069 Wallisellen,Art der Auftraggeber - Total,Land- und Forstwirtschaft,Folgejahr (Arbeitsvorrat) - Veränderungsraten,*,0.0,0.0,0.0,0.0,0.0,0.0,0.0,0.0,0.0,0.0,68.63,16.67,-83.39,-100.0,0.0,0.0,0.0,0.0,0.0,0.0,-100.0,0.0,-100.0,0.0,0.0,0.0,0.0,0.0,0.0,0.0
......0069 Wallisellen,Art der Auftraggeber - Total,"Industrie, Gewerbe und Dienstleistungen",Laufendes Jahr - Absolute Werte,16428,3840.0,33845.0,46552.0,27329.0,26827.0,37712.0,62326.0,42498.0,44011.0,13068.0,39224.0,13755.0,65337.0,46651.0,22759.0,101540.0,84189.0,102379.0,94507.0,72348.0,32540.0,23533.0,19427.0,22343.0,40431.0,56939.0,26239.0,44149.0,52549.0,39319.0
......0069 Wallisellen,Art der Auftraggeber - Total,"Industrie, Gewerbe und Dienstleistungen",Laufendes Jahr - Veränderungsraten,*,-76.63,781.38,37.54,-41.29,-1.84,40.57,65.27,-31.81,3.56,-70.31,200.15,-64.93,375.01,-28.6,-51.21,346.15,-17.09,21.61,-7.69,-23.45,-55.02,-27.68,-17.45,15.01,80.96,40.83,-53.92,68.26,19.03,-25.18
......0069 Wallisellen,Art der Auftraggeber - Total,"Industrie, Gewerbe und Dienstleistungen",Folgejahr (Arbeitsvorrat) - Absolute Werte,2000,0.0,23842.0,20040.0,6731.0,13039.0,5025.0,92960.0,33338.0,468.0,31677.0,3211.0,6557.0,55482.0,53835.0,21870.0,50062.0,55901.0,32884.0,46665.0,13033.0,11401.0,13535.0,19903.0,23767.0,24738.0,30331.0,25772.0,42417.0,41774.0,34884.0
......0069 Wallisellen,Art der Auftraggeber - Total,"Industrie, Gewerbe und Dienstleistungen",Folgejahr (Arbeitsvorrat) - Veränderungsraten,*,-100.0,0.0,-15.95,-66.41,93.72,-61.46,1749.95,-64.14,-98.6,6668.59,-89.86,104.2,746.15,-2.97,-59.38,128.91,11.66,-41.17,41.91,-72.07,-12.52,18.72,47.05,19.41,4.09,22.61,-15.03,64.59,-1.52,-16.49
......0069 Wallisellen,Oeffentliche Auftraggeber,Kategorie der Bauwerke - Total,Laufendes Jahr - Absolute Werte,4602,17595.0,14975.0,2020.0,4980.0,2849.0,1528.0,1378.0,6750.0,2192.0,7527.0,5442.0,5523.0,3060.0,3954.0,18027.0,37003.0,381.0,15979.0,7124.0,4226.0,10147.0,13592.0,1073.0,12975.0,20303.0,15198.0,16666.0,31295.0,26563.0,14051.0
......0069 Wallisellen,Oeffentliche Auftraggeber,Kategorie der Bauwerke - Total,Laufendes Jahr - Veränderungsraten,*,282.33,-14.89,-86.51,146.53,-42.79,-46.37,-9.82,389.84,-67.53,243.39,-27.7,1.49,-44.6,29.22,355.92,105.26,-98.97,4093.96,-55.42,-40.68,140.11,33.95,-92.11,1109.23,56.48,-25.14,9.66,87.78,-15.12,-47.1
......0069 Wallisellen,Oeffentliche Auftraggeber,Kategorie der Bauwerke - Total,Folgejahr (Arbeitsvorrat) - Absolute Werte,16000,17000.0,3000.0,200.0,1600.0,800.0,0.0,4720.0,2005.0,6000.0,6456.0,774.0,2787.0,1700.0,680.0,14012.0,120.0,5149.0,8885.0,1179.0,14124.0,10499.0,1115.0,2437.0,17165.0,6323.0,23626.0,25646.0,23455.0,22640.0,15760.0
......0069 Wallisellen,Oeffentliche Auftraggeber,Kategorie der Bauwerke - Total,Folgejahr (Arbeitsvorrat) - Veränderungsraten,*,6.25,-82.35,-93.33,700.0,-50.0,-100.0,0.0,-57.52,199.25,7.6,-88.01,260.08,-39.0,-60.0,1960.59,-99.14,4190.83,72.56,-86.73,1097.96,-25.67,-89.38,118.57,604.35,-63.16,273.65,8.55,-8.54,-3.47,-30.39
......0069 Wallisellen,Oeffentliche Auftraggeber,Infrastruktur Versorgung,Laufendes Jahr - Absolute Werte,220,542.0,1300.0,0.0,0.0,900.0,0.0,950.0,435.0,0.0,290.0,3.0,662.0,206.0,400.0,110.0,0.0,40.0,85.0,195.0,81.0,150.0,1571.0,0.0,43.0,907.0,346.0,807.0,4440.0,41.0,74.0
......0069 Wallisellen,Oeffentliche Auftraggeber,Infrastruktur Versorgung,Laufendes Jahr - Veränderungsraten,*,146.36,139.85,-100.0,0.0,0.0,-100.0,0.0,-54.21,-100.0,0.0,-98.97,21966.67,-68.88,94.17,-72.5,-100.0,0.0,112.5,129.41,-58.46,85.19,947.33,-100.0,0.0,2009.3,-61.85,133.24,450.19,-99.08,80.49
......0069 Wallisellen,Oeffentliche Auftraggeber,Infrastruktur Versorgung,Folgejahr (Arbeitsvorrat) - Absolute Werte,0,2000.0,1000.0,200.0,400.0,800.0,0.0,50.0,0.0,0.0,1735.0,2.0,106.0,250.0,110.0,0.0,0.0,80.0,0.0,81.0,170.0,32.0,0.0,0.0,815.0,596.0,3744.0,312.0,7478.0,38.0,0.0
......0069 Wallisellen,Oeffentliche Auftraggeber,Infrastruktur Versorgung,Folgejahr (Arbeitsvorrat) - Veränderungsraten,*,0.0,-50.0,-80.0,100.0,100.0,-100.0,0.0,-100.0,0.0,0.0,-99.88,5200.0,135.85,-56.0,-100.0,0.0,0.0,-100.0,0.0,109.88,-81.18,-100.0,0.0,0.0,-26.87,528.19,-91.67,2296.79,-99.49,-100.0
......0069 Wallisellen,Oeffentliche Auftraggeber,Infrastruktur Entsorgung,Laufendes Jahr - Absolute Werte,0,0.0,0.0,0.0,0.0,0.0,0.0,0.0,0.0,0.0,0.0,0.0,0.0,0.0,40.0,100.0,0.0,0.0,0.0,0.0,0.0,0.0,0.0,0.0,0.0,0.0,0.0,0.0,0.0,0.0,0.0
......0069 Wallisellen,Oeffentliche Auftraggeber,Infrastruktur Entsorgung,Laufendes Jahr - Veränderungsraten,*,0.0,0.0,0.0,0.0,0.0,0.0,0.0,0.0,0.0,0.0,0.0,0.0,0.0,0.0,150.0,0.0,0.0,0.0,0.0,0.0,0.0,0.0,0.0,0.0,0.0,0.0,0.0,0.0,0.0,0.0
......0069 Wallisellen,Oeffentliche Auftraggeber,Infrastruktur Entsorgung,Folgejahr (Arbeitsvorrat) - Absolute Werte,0,0.0,0.0,0.0,0.0,0.0,0.0,0.0,0.0,0.0,0.0,0.0,0.0,0.0,0.0,0.0,0.0,0.0,0.0,0.0,0.0,0.0,0.0,0.0,0.0,0.0,0.0,0.0,0.0,0.0,0.0
......0069 Wallisellen,Oeffentliche Auftraggeber,Infrastruktur Entsorgung,Folgejahr (Arbeitsvorrat) - Veränderungsraten,*,0.0,0.0,0.0,0.0,0.0,0.0,0.0,0.0,0.0,0.0,0.0,0.0,0.0,0.0,0.0,0.0,0.0,0.0,0.0,0.0,0.0,0.0,0.0,0.0,0.0,0.0,0.0,0.0,0.0,0.0
......0069 Wallisellen,Oeffentliche Auftraggeber,Infrastruktur Strassenverkehr,Laufendes Jahr - Absolute Werte,0,180.0,0.0,0.0,0.0,0.0,6.0,0.0,57.0,0.0,80.0,289.0,475.0,577.0,40.0,294.0,0.0,0.0,5626.0,1157.0,24.0,20.0,447.0,0.0,0.0,0.0,0.0,0.0,1010.0,1013.0,811.0
......0069 Wallisellen,Oeffentliche Auftraggeber,Infrastruktur Strassenverkehr,Laufendes Jahr - Veränderungsraten,*,0.0,0.0,0.0,0.0,0.0,0.0,0.0,0.0,-100.0,0.0,261.25,64.36,21.47,-93.07,635.0,0.0,0.0,0.0,-79.43,-97.93,-16.67,2135.0,0.0,0.0,0.0,0.0,0.0,0.0,0.3,-19.94
......0069 Wallisellen,Oeffentliche Auftraggeber,Infrastruktur Strassenverkehr,Folgejahr (Arbeitsvorrat) - Absolute Werte,0,0.0,0.0,0.0,0.0,0.0,0.0,0.0,0.0,0.0,80.0,770.0,1600.0,450.0,70.0,2447.0,0.0,0.0,1076.0,262.0,260.0,21.0,0.0,0.0,0.0,0.0,0.0,0.0,280.0,3118.0,781.0
......0069 Wallisellen,Oeffentliche Auftraggeber,Infrastruktur Strassenverkehr,Folgejahr (Arbeitsvorrat) - Veränderungsraten,*,0.0,0.0,0.0,0.0,0.0,0.0,0.0,0.0,0.0,0.0,862.5,107.79,-71.88,-84.44,3395.71,0.0,0.0,0.0,-75.65,-0.76,-91.92,-100.0,0.0,0.0,0.0,0.0,0.0,0.0,1013.57,-74.95
......0069 Wallisellen,Oeffentliche Auftraggeber,Infrastruktur übriger Verkehr und Kommunikation,Laufendes Jahr - Absolute Werte,105,178.0,23.0,0.0,0.0,0.0,98.0,238.0,5308.0,782.0,0.0,0.0,0.0,195.0,80.0,6945.0,1857.0,23.0,0.0,0.0,0.0,3.0,385.0,66.0,22.0,3313.0,63.0,4082.0,110.0,8491.0,4360.0
......0069 Wallisellen,Oeffentliche Auftraggeber,Infrastruktur übriger Verkehr und Kommunikation,Laufendes Jahr - Veränderungsraten,*,69.52,-87.08,0.0,0.0,0.0,0.0,142.86,2130.25,-85.27,0.0,0.0,0.0,0.0,-58.97,8581.25,-73.26,-98.76,0.0,0.0,0.0,0.0,12733.33,-82.86,-66.67,14959.09,-98.1,6379.37,-97.31,7619.09,-48.65
......0069 Wallisellen,Oeffentliche Auftraggeber,Infrastruktur übriger Verkehr und Kommunikation,Folgejahr (Arbeitsvorrat) - Absolute Werte,0,0.0,0.0,0.0,0.0,0.0,0.0,4000.0,2005.0,0.0,0.0,0.0,0.0,691.0,0.0,1565.0,23.0,0.0,0.0,0.0,0.0,452.0,81.0,0.0,3508.0,8.0,1000.0,3291.0,34.0,3731.0,6095.0
......0069 Wallisellen,Oeffentliche Auftraggeber,Infrastruktur übriger Verkehr und Kommunikation,Folgejahr (Arbeitsvorrat) - Veränderungsraten,*,0.0,0.0,0.0,0.0,0.0,0.0,0.0,-49.88,-100.0,0.0,0.0,0.0,0.0,-100.0,0.0,-98.53,-100.0,0.0,0.0,0.0,0.0,-82.08,-100.0,0.0,-99.77,12400.0,229.1,-98.97,10873.53,63.36
......0069 Wallisellen,Oeffentliche Auftraggeber,"Bildung, Forschung",Laufendes Jahr - Absolute Werte,820,0.0,0.0,0.0,3725.0,0.0,800.0,0.0,175.0,0.0,1000.0,4200.0,3305.0,1000.0,3000.0,500.0,0.0,10.0,4578.0,4012.0,0.0,184.0,2273.0,330.0,4067.0,3956.0,4380.0,2637.0,7669.0,0.0,771.0
......0069 Wallisellen,Oeffentliche Auftraggeber,"Bildung, Forschung",Laufendes Jahr - Veränderungsraten,*,0.0,0.0,0.0,0.0,0.0,0.0,-100.0,0.0,0.0,0.0,320.0,-21.31,-69.74,200.0,-83.33,0.0,0.0,45680.0,-12.36,0.0,0.0,1135.33,-85.48,1132.42,-2.73,10.72,-39.79,190.82,-100.0,0.0
......0069 Wallisellen,Oeffentliche Auftraggeber,"Bildung, Forschung",Folgejahr (Arbeitsvorrat) - Absolute Werte,0,0.0,0.0,0.0,0.0,0.0,0.0,0.0,0.0,0.0,4000.0,1.0,1000.0,0.0,500.0,0.0,0.0,0.0,7025.0,0.0,0.0,1204.0,330.0,0.0,3956.0,0.0,7333.0,2637.0,0.0,0.0,1859.0
......0069 Wallisellen,Oeffentliche Auftraggeber,"Bildung, Forschung",Folgejahr (Arbeitsvorrat) - Veränderungsraten,*,0.0,0.0,0.0,0.0,0.0,0.0,0.0,0.0,0.0,0.0,-99.98,99900.0,-100.0,0.0,-100.0,0.0,0.0,0.0,-100.0,0.0,0.0,-72.59,-100.0,0.0,-100.0,0.0,-64.04,-100.0,0.0,0.0
......0069 Wallisellen,Oeffentliche Auftraggeber,Gesundheit,Laufendes Jahr - Absolute Werte,1500,14500.0,13000.0,2000.0,0.0,0.0,0.0,0.0,0.0,0.0,0.0,0.0,440.0,0.0,0.0,0.0,0.0,0.0,0.0,0.0,3166.0,8659.0,6617.0,0.0,6.0,0.0,0.0,0.0,0.0,0.0,0.0
......0069 Wallisellen,Oeffentliche Auftraggeber,Gesundheit,Laufendes Jahr - Veränderungsraten,*,866.67,-10.34,-84.62,0.0,0.0,0.0,0.0,0.0,0.0,0.0,0.0,0.0,0.0,0.0,0.0,0.0,0.0,0.0,0.0,0.0,173.5,-23.58,-100.0,0.0,0.0,0.0,0.0,0.0,0.0,0.0
......0069 Wallisellen,Oeffentliche Auftraggeber,Gesundheit,Folgejahr (Arbeitsvorrat) - Absolute Werte,15400,15000.0,2000.0,0.0,0.0,0.0,0.0,0.0,0.0,0.0,0.0,0.0,0.0,0.0,0.0,0.0,0.0,0.0,0.0,0.0,12982.0,8682.0,0.0,0.0,0.0,0.0,0.0,0.0,0.0,0.0,0.0
......0069 Wallisellen,Oeffentliche Auftraggeber,Gesundheit,Folgejahr (Arbeitsvorrat) - Veränderungsraten,*,-2.6,-86.67,-100.0,0.0,0.0,0.0,0.0,0.0,0.0,0.0,0.0,0.0,0.0,0.0,0.0,0.0,0.0,0.0,0.0,0.0,-33.12,-100.0,0.0,0.0,0.0,0.0,0.0,0.0,0.0,0.0
......0069 Wallisellen,Oeffentliche Auftraggeber,Freizeit und Kultur,Laufendes Jahr - Absolute Werte,0,395.0,0.0,20.0,1158.0,1200.0,0.0,40.0,675.0,1410.0,6000.0,640.0,460.0,1001.0,300.0,0.0,0.0,0.0,156.0,171.0,118.0,712.0,0.0,0.0,7442.0,9761.0,5176.0,934.0,650.0,200.0,0.0
......0069 Wallisellen,Oeffentliche Auftraggeber,Freizeit und Kultur,Laufendes Jahr - Veränderungsraten,*,0.0,0.0,0.0,5690.0,3.63,-100.0,0.0,1587.5,108.89,325.53,-89.33,-28.13,117.61,-70.03,0.0,0.0,0.0,0.0,9.62,-30.99,503.39,0.0,0.0,0.0,31.16,-46.97,-81.96,-30.41,-69.23,0.0
......0069 Wallisellen,Oeffentliche Auftraggeber,Freizeit und Kultur,Folgejahr (Arbeitsvorrat) - Absolute Werte,0,0.0,0.0,0.0,1200.0,0.0,0.0,270.0,0.0,6000.0,640.0,0.0,1.0,300.0,0.0,0.0,0.0,0.0,124.0,0.0,712.0,0.0,0.0,0.0,7660.0,4588.0,883.0,660.0,120.0,0.0,0.0
......0069 Wallisellen,Oeffentliche Auftraggeber,Freizeit und Kultur,Folgejahr (Arbeitsvorrat) - Veränderungsraten,*,0.0,0.0,0.0,0.0,-100.0,0.0,0.0,-100.0,0.0,-89.33,-100.0,0.0,29900.0,-100.0,0.0,0.0,0.0,0.0,-100.0,0.0,-100.0,0.0,0.0,0.0,-40.1,-80.75,-25.25,-81.82,-100.0,0.0
......0069 Wallisellen,Oeffentliche Auftraggeber,Uebrige Infrastruktur,Laufendes Jahr - Absolute Werte,0,0.0,0.0,0.0,0.0,0.0,0.0,0.0,0.0,0.0,0.0,0.0,0.0,1.0,9.0,0.0,3.0,0.0,0.0,0.0,0.0,0.0,0.0,0.0,0.0,0.0,0.0,0.0,0.0,0.0,0.0
......0069 Wallisellen,Oeffentliche Auftraggeber,Uebrige Infrastruktur,Laufendes Jahr - Veränderungsraten,*,0.0,0.0,0.0,0.0,0.0,0.0,0.0,0.0,0.0,0.0,0.0,0.0,0.0,800.0,0.0,0.0,0.0,0.0,0.0,0.0,0.0,0.0,0.0,0.0,0.0,0.0,0.0,0.0,0.0,0.0
......0069 Wallisellen,Oeffentliche Auftraggeber,Uebrige Infrastruktur,Folgejahr (Arbeitsvorrat) - Absolute Werte,0,0.0,0.0,0.0,0.0,0.0,0.0,0.0,0.0,0.0,0.0,0.0,0.0,9.0,0.0,0.0,7.0,0.0,0.0,0.0,0.0,0.0,0.0,0.0,0.0,0.0,0.0,0.0,0.0,0.0,0.0
......0069 Wallisellen,Oeffentliche Auftraggeber,Uebrige Infrastruktur,Folgejahr (Arbeitsvorrat) - Veränderungsraten,*,0.0,0.0,0.0,0.0,0.0,0.0,0.0,0.0,0.0,0.0,0.0,0.0,0.0,-100.0,0.0,0.0,0.0,0.0,0.0,0.0,0.0,0.0,0.0,0.0,0.0,0.0,0.0,0.0,0.0,0.0
......0069 Wallisellen,Oeffentliche Auftraggeber,Wohnen,Laufendes Jahr - Absolute Werte,1060,1720.0,0.0,0.0,0.0,5.0,0.0,150.0,0.0,0.0,50.0,210.0,1.0,0.0,36.0,0.0,5803.0,0.0,0.0,482.0,73.0,18.0,2299.0,569.0,1391.0,968.0,942.0,983.0,196.0,31.0,161.0
......0069 Wallisellen,Oeffentliche Auftraggeber,Wohnen,Laufendes Jahr - Veränderungsraten,*,62.26,0.0,0.0,0.0,0.0,0.0,0.0,-100.0,0.0,0.0,320.0,-99.52,0.0,0.0,0.0,0.0,0.0,0.0,0.0,-84.85,-75.34,12672.22,-75.25,144.46,-30.41,-2.69,4.35,-80.06,-84.18,419.35
......0069 Wallisellen,Oeffentliche Auftraggeber,Wohnen,Folgejahr (Arbeitsvorrat) - Absolute Werte,600,0.0,0.0,0.0,0.0,0.0,0.0,400.0,0.0,0.0,1.0,1.0,0.0,0.0,0.0,0.0,0.0,0.0,0.0,72.0,0.0,108.0,704.0,368.0,777.0,932.0,948.0,196.0,0.0,8.0,69.0
......0069 Wallisellen,Oeffentliche Auftraggeber,Wohnen,Folgejahr (Arbeitsvorrat) - Veränderungsraten,*,-100.0,0.0,0.0,0.0,0.0,0.0,0.0,-100.0,0.0,0.0,0.0,-100.0,0.0,0.0,0.0,0.0,0.0,0.0,0.0,-100.0,0.0,551.85,-47.73,111.14,19.95,1.72,-79.32,-100.0,0.0,762.5
......0069 Wallisellen,Oeffentliche Auftraggeber,Land- und Forstwirtschaft,Laufendes Jahr - Absolute Werte,0,0.0,0.0,0.0,0.0,744.0,0.0,0.0,0.0,0.0,0.0,0.0,0.0,0.0,0.0,0.0,0.0,0.0,0.0,45.0,0.0,0.0,0.0,0.0,0.0,200.0,0.0,0.0,0.0,0.0,0.0
......0069 Wallisellen,Oeffentliche Auftraggeber,Land- und Forstwirtschaft,Laufendes Jahr - Veränderungsraten,*,0.0,0.0,0.0,0.0,0.0,0.0,0.0,0.0,0.0,0.0,0.0,0.0,0.0,0.0,0.0,0.0,0.0,0.0,0.0,0.0,0.0,0.0,0.0,0.0,0.0,0.0,0.0,0.0,0.0,0.0
......0069 Wallisellen,Oeffentliche Auftraggeber,Land- und Forstwirtschaft,Folgejahr (Arbeitsvorrat) - Absolute Werte,0,0.0,0.0,0.0,0.0,0.0,0.0,0.0,0.0,0.0,0.0,0.0,0.0,0.0,0.0,0.0,0.0,0.0,0.0,0.0,0.0,0.0,0.0,0.0,0.0,0.0,0.0,0.0,0.0,0.0,0.0
......0069 Wallisellen,Oeffentliche Auftraggeber,Land- und Forstwirtschaft,Folgejahr (Arbeitsvorrat) - Veränderungsraten,*,0.0,0.0,0.0,0.0,0.0,0.0,0.0,0.0,0.0,0.0,0.0,0.0,0.0,0.0,0.0,0.0,0.0,0.0,0.0,0.0,0.0,0.0,0.0,0.0,0.0,0.0,0.0,0.0,0.0,0.0
......0069 Wallisellen,Oeffentliche Auftraggeber,"Industrie, Gewerbe und Dienstleistungen",Laufendes Jahr - Absolute Werte,897,80.0,652.0,0.0,97.0,0.0,624.0,0.0,100.0,0.0,107.0,100.0,180.0,80.0,49.0,10078.0,29340.0,308.0,5534.0,1062.0,764.0,401.0,0.0,108.0,4.0,1198.0,4291.0,7223.0,17220.0,16787.0,7874.0
......0069 Wallisellen,Oeffentliche Auftraggeber,"Industrie, Gewerbe und Dienstleistungen",Laufendes Jahr - Veränderungsraten,*,-91.08,715.0,-100.0,0.0,0.0,0.0,0.0,0.0,-100.0,0.0,-6.54,80.0,-55.56,-38.75,20467.35,191.13,-98.95,1696.75,-80.81,-28.06,-47.51,0.0,0.0,-96.3,29850.0,258.18,68.33,138.41,-2.51,-53.09
......0069 Wallisellen,Oeffentliche Auftraggeber,"Industrie, Gewerbe und Dienstleistungen",Folgejahr (Arbeitsvorrat) - Absolute Werte,0,0.0,0.0,0.0,0.0,0.0,0.0,0.0,0.0,0.0,0.0,0.0,80.0,0.0,0.0,10000.0,90.0,5069.0,660.0,764.0,0.0,0.0,0.0,2069.0,449.0,199.0,9718.0,18550.0,15543.0,15745.0,6956.0
......0069 Wallisellen,Oeffentliche Auftraggeber,"Industrie, Gewerbe und Dienstleistungen",Folgejahr (Arbeitsvorrat) - Veränderungsraten,*,0.0,0.0,0.0,0.0,0.0,0.0,0.0,0.0,0.0,0.0,0.0,0.0,-100.0,0.0,0.0,-99.1,5532.22,-86.98,15.76,-100.0,0.0,0.0,0.0,-78.3,-55.68,4783.42,90.88,-16.21,1.3,-55.82
......0069 Wallisellen,Private Auftraggeber,Kategorie der Bauwerke - Total,Laufendes Jahr - Absolute Werte,46753,44592.0,56660.0,69768.0,39636.0,66013.0,52414.0,131733.0,72587.0,84554.0,49269.0,64751.0,59976.0,116946.0,128936.0,129702.0,143929.0,129346.0,157291.0,157037.0,122157.0,74554.0,68626.0,79946.0,82330.0,104882.0,100424.0,60427.0,77461.0,81384.0,65328.0
......0069 Wallisellen,Private Auftraggeber,Kategorie der Bauwerke - Total,Laufendes Jahr - Veränderungsraten,*,-4.62,27.06,23.13,-43.19,66.55,-20.6,151.33,-44.9,16.49,-41.73,31.42,-7.37,94.99,10.25,0.59,10.97,-10.13,21.6,-0.16,-22.21,-38.97,-7.95,16.5,2.98,27.39,-4.25,-39.83,28.19,5.06,-19.73
......0069 Wallisellen,Private Auftraggeber,Kategorie der Bauwerke - Total,Folgejahr (Arbeitsvorrat) - Absolute Werte,26318,13939.0,30157.0,27008.0,36024.0,20839.0,10988.0,112284.0,57785.0,14046.0,55723.0,34621.0,34154.0,122837.0,100818.0,76532.0,67181.0,82936.0,84323.0,71204.0,35184.0,24790.0,62545.0,90255.0,69797.0,62191.0,49992.0,33270.0,69487.0,53593.0,62112.0
......0069 Wallisellen,Private Auftraggeber,Kategorie der Bauwerke - Total,Folgejahr (Arbeitsvorrat) - Veränderungsraten,*,-47.04,116.35,-10.44,33.38,-42.15,-47.27,921.88,-48.54,-75.69,296.72,-37.87,-1.35,259.66,-17.93,-24.09,-12.22,23.45,1.67,-15.56,-50.59,-29.54,152.3,44.3,-22.67,-10.9,-19.62,-33.45,108.86,-22.87,15.9
......0069 Wallisellen,Private Auftraggeber,Infrastruktur Versorgung,Laufendes Jahr - Absolute Werte,0,270.0,18.0,0.0,0.0,0.0,0.0,0.0,0.0,0.0,200.0,1450.0,150.0,0.0,0.0,900.0,4162.0,3394.0,509.0,17.0,0.0,1608.0,2594.0,734.0,13.0,7.0,24.0,0.0,0.0,6.0,7.0
......0069 Wallisellen,Private Auftraggeber,Infrastruktur Versorgung,Laufendes Jahr - Veränderungsraten,*,0.0,-93.33,0.0,0.0,0.0,0.0,0.0,0.0,0.0,0.0,625.0,-89.66,0.0,0.0,0.0,362.44,-18.45,-85.0,-96.66,-100.0,0.0,61.32,-71.7,-98.23,-46.15,242.86,-100.0,0.0,0.0,16.67
......0069 Wallisellen,Private Auftraggeber,Infrastruktur Versorgung,Folgejahr (Arbeitsvorrat) - Absolute Werte,0,0.0,0.0,0.0,0.0,0.0,0.0,0.0,0.0,0.0,1450.0,150.0,0.0,0.0,0.0,5000.0,1018.0,203.0,0.0,0.0,0.0,2815.0,703.0,13.0,0.0,23.0,0.0,0.0,0.0,10.0,7.0
......0069 Wallisellen,Private Auftraggeber,Infrastruktur Versorgung,Folgejahr (Arbeitsvorrat) - Veränderungsraten,*,0.0,0.0,0.0,0.0,0.0,0.0,0.0,0.0,0.0,0.0,-89.66,-100.0,0.0,0.0,0.0,-79.64,-80.06,-100.0,0.0,0.0,0.0,-75.03,-98.15,-100.0,0.0,-100.0,0.0,0.0,0.0,-30.0
......0069 Wallisellen,Private Auftraggeber,Infrastruktur Entsorgung,Laufendes Jahr - Absolute Werte,0,0.0,0.0,0.0,0.0,0.0,0.0,0.0,0.0,0.0,0.0,0.0,0.0,0.0,0.0,0.0,0.0,0.0,0.0,0.0,0.0,477.0,323.0,0.0,0.0,0.0,0.0,0.0,0.0,0.0,0.0
......0069 Wallisellen,Private Auftraggeber,Infrastruktur Entsorgung,Laufendes Jahr - Veränderungsraten,*,0.0,0.0,0.0,0.0,0.0,0.0,0.0,0.0,0.0,0.0,0.0,0.0,0.0,0.0,0.0,0.0,0.0,0.0,0.0,0.0,0.0,-32.29,0.0,0.0,0.0,0.0,0.0,0.0,0.0,0.0
......0069 Wallisellen,Private Auftraggeber,Infrastruktur Entsorgung,Folgejahr (Arbeitsvorrat) - Absolute Werte,0,0.0,0.0,0.0,0.0,0.0,0.0,0.0,0.0,0.0,0.0,0.0,0.0,0.0,0.0,0.0,0.0,0.0,0.0,0.0,0.0,323.0,0.0,0.0,0.0,0.0,0.0,0.0,0.0,0.0,0.0
......0069 Wallisellen,Private Auftraggeber,Infrastruktur Entsorgung,Folgejahr (Arbeitsvorrat) - Veränderungsraten,*,0.0,0.0,0.0,0.0,0.0,0.0,0.0,0.0,0.0,0.0,0.0,0.0,0.0,0.0,0.0,0.0,0.0,0.0,0.0,0.0,0.0,-100.0,0.0,0.0,0.0,0.0,0.0,0.0,0.0,0.0
......0069 Wallisellen,Private Auftraggeber,Infrastruktur Strassenverkehr,Laufendes Jahr - Absolute Werte,175,5.0,30.0,33.0,16.0,604.0,0.0,150.0,300.0,0.0,0.0,10.0,0.0,0.0,0.0,0.0,4000.0,0.0,0.0,0.0,0.0,0.0,0.0,0.0,0.0,0.0,0.0,0.0,0.0,0.0,0.0
......0069 Wallisellen,Private Auftraggeber,Infrastruktur Strassenverkehr,Laufendes Jahr - Veränderungsraten,*,-97.14,500.0,10.0,-51.52,3675.0,0.0,0.0,100.0,0.0,0.0,0.0,0.0,0.0,0.0,0.0,0.0,0.0,0.0,0.0,0.0,0.0,0.0,0.0,0.0,0.0,0.0,0.0,0.0,0.0,0.0
......0069 Wallisellen,Private Auftraggeber,Infrastruktur Strassenverkehr,Folgejahr (Arbeitsvorrat) - Absolute Werte,0,0.0,0.0,0.0,0.0,0.0,0.0,50.0,0.0,0.0,0.0,0.0,0.0,0.0,0.0,0.0,0.0,0.0,0.0,0.0,0.0,0.0,0.0,0.0,0.0,0.0,0.0,0.0,0.0,0.0,0.0
......0069 Wallisellen,Private Auftraggeber,Infrastruktur Strassenverkehr,Folgejahr (Arbeitsvorrat) - Veränderungsraten,*,0.0,0.0,0.0,0.0,0.0,0.0,0.0,-100.0,0.0,0.0,0.0,0.0,0.0,0.0,0.0,0.0,0.0,0.0,0.0,0.0,0.0,0.0,0.0,0.0,0.0,0.0,0.0,0.0,0.0,0.0
......0069 Wallisellen,Private Auftraggeber,Infrastruktur übriger Verkehr und Kommunikation,Laufendes Jahr - Absolute Werte,70,50.0,16.0,0.0,40.0,40.0,40.0,0.0,156.0,117.0,7081.0,3458.0,12693.0,17817.0,23472.0,19354.0,14919.0,2710.0,50.0,0.0,0.0,0.0,49.0,31.0,10.0,16.0,0.0,0.0,8.0,21.0,11.0
......0069 Wallisellen,Private Auftraggeber,Infrastruktur übriger Verkehr und Kommunikation,Laufendes Jahr - Veränderungsraten,*,-28.57,-68.0,0.0,0.0,0.0,0.0,-100.0,0.0,-25.0,5952.14,-51.17,267.06,40.37,31.74,-17.54,-22.92,-81.84,-98.15,-100.0,0.0,0.0,0.0,-36.73,-67.74,60.0,0.0,0.0,0.0,162.5,-47.62
......0069 Wallisellen,Private Auftraggeber,Infrastruktur übriger Verkehr und Kommunikation,Folgejahr (Arbeitsvorrat) - Absolute Werte,0,0.0,0.0,0.0,0.0,0.0,0.0,0.0,5.0,51.0,10744.0,10942.0,21609.0,19918.0,26195.0,15774.0,3608.0,775.0,23.0,0.0,0.0,0.0,6.0,32.0,10.0,16.0,0.0,0.0,11.0,16.0,11.0
......0069 Wallisellen,Private Auftraggeber,Infrastruktur übriger Verkehr und Kommunikation,Folgejahr (Arbeitsvorrat) - Veränderungsraten,*,0.0,0.0,0.0,0.0,0.0,0.0,0.0,0.0,920.0,20966.67,1.84,97.49,-7.83,31.51,-39.78,-77.13,-78.52,-97.03,-100.0,0.0,0.0,0.0,433.33,-68.75,60.0,0.0,0.0,0.0,45.45,-31.25
......0069 Wallisellen,Private Auftraggeber,"Bildung, Forschung",Laufendes Jahr - Absolute Werte,0,0.0,0.0,0.0,220.0,500.0,0.0,1100.0,0.0,0.0,400.0,411.0,230.0,0.0,27.0,0.0,200.0,20.0,243.0,45.0,0.0,0.0,23.0,20.0,7.0,28.0,262.0,0.0,0.0,20.0,1623.0
......0069 Wallisellen,Private Auftraggeber,"Bildung, Forschung",Laufendes Jahr - Veränderungsraten,*,0.0,0.0,0.0,0.0,127.27,0.0,0.0,0.0,0.0,0.0,2.75,-44.04,0.0,0.0,0.0,0.0,-90.0,1115.0,-81.48,0.0,0.0,0.0,-13.04,-65.0,300.0,835.71,0.0,0.0,0.0,8015.0
......0069 Wallisellen,Private Auftraggeber,"Bildung, Forschung",Folgejahr (Arbeitsvorrat) - Absolute Werte,0,0.0,0.0,0.0,0.0,0.0,0.0,0.0,0.0,0.0,1.0,230.0,0.0,0.0,0.0,0.0,0.0,0.0,7.0,0.0,0.0,0.0,30.0,20.0,7.0,12.0,0.0,0.0,0.0,5.0,3250.0
......0069 Wallisellen,Private Auftraggeber,"Bildung, Forschung",Folgejahr (Arbeitsvorrat) - Veränderungsraten,*,0.0,0.0,0.0,0.0,0.0,0.0,0.0,0.0,0.0,0.0,22900.0,-100.0,0.0,0.0,0.0,0.0,0.0,0.0,-100.0,0.0,0.0,0.0,-33.33,-65.0,71.43,-100.0,0.0,0.0,0.0,64900.0
......0069 Wallisellen,Private Auftraggeber,Gesundheit,Laufendes Jahr - Absolute Werte,800,0.0,0.0,0.0,0.0,280.0,0.0,0.0,0.0,400.0,0.0,0.0,0.0,0.0,0.0,0.0,250.0,0.0,0.0,0.0,0.0,450.0,1058.0,255.0,808.0,1480.0,757.0,0.0,0.0,275.0,0.0
......0069 Wallisellen,Private Auftraggeber,Gesundheit,Laufendes Jahr - Veränderungsraten,*,0.0,0.0,0.0,0.0,0.0,0.0,0.0,0.0,0.0,0.0,0.0,0.0,0.0,0.0,0.0,0.0,0.0,0.0,0.0,0.0,0.0,135.11,-75.9,216.86,83.17,-48.85,0.0,0.0,0.0,-100.0
......0069 Wallisellen,Private Auftraggeber,Gesundheit,Folgejahr (Arbeitsvorrat) - Absolute Werte,0,0.0,0.0,0.0,0.0,0.0,0.0,0.0,0.0,0.0,0.0,0.0,0.0,0.0,0.0,0.0,0.0,0.0,0.0,0.0,0.0,0.0,379.0,252.0,190.0,557.0,0.0,0.0,0.0,0.0,0.0
......0069 Wallisellen,Private Auftraggeber,Gesundheit,Folgejahr (Arbeitsvorrat) - Veränderungsraten,*,0.0,0.0,0.0,0.0,0.0,0.0,0.0,0.0,0.0,0.0,0.0,0.0,0.0,0.0,0.0,0.0,0.0,0.0,0.0,0.0,0.0,0.0,-33.51,-24.6,193.16,-100.0,0.0,0.0,0.0,0.0
......0069 Wallisellen,Private Auftraggeber,Freizeit und Kultur,Laufendes Jahr - Absolute Werte,1000,0.0,400.0,6.0,53.0,125.0,46.0,116.0,115.0,366.0,700.0,46.0,89.0,131.0,4500.0,20.0,189.0,309.0,173.0,449.0,2970.0,269.0,171.0,41.0,9.0,0.0,0.0,0.0,5.0,242.0,118.0
......0069 Wallisellen,Private Auftraggeber,Freizeit und Kultur,Laufendes Jahr - Veränderungsraten,*,-100.0,0.0,-98.5,783.33,135.85,-63.2,152.17,-0.86,218.26,91.26,-93.43,93.48,47.19,3335.11,-99.56,845.0,63.49,-44.01,159.54,561.47,-90.94,-36.43,-76.02,-78.05,0.0,0.0,0.0,0.0,4740.0,-51.24
......0069 Wallisellen,Private Auftraggeber,Freizeit und Kultur,Folgejahr (Arbeitsvorrat) - Absolute Werte,0,0.0,2000.0,0.0,2010.0,10.0,100.0,50.0,0.0,300.0,301.0,0.0,1.0,0.0,0.0,30.0,311.0,0.0,37.0,2960.0,0.0,171.0,0.0,9.0,0.0,0.0,0.0,6.0,3.0,103.0,0.0
......0069 Wallisellen,Private Auftraggeber,Freizeit und Kultur,Folgejahr (Arbeitsvorrat) - Veränderungsraten,*,0.0,0.0,-100.0,0.0,-99.5,900.0,-50.0,-100.0,0.0,0.33,-100.0,0.0,-100.0,0.0,0.0,936.67,-100.0,0.0,7900.0,-100.0,0.0,-100.0,0.0,-100.0,0.0,0.0,0.0,-50.0,3333.33,-100.0
......0069 Wallisellen,Private Auftraggeber,Uebrige Infrastruktur,Laufendes Jahr - Absolute Werte,0,0.0,0.0,0.0,0.0,0.0,0.0,0.0,0.0,0.0,0.0,0.0,0.0,0.0,0.0,250.0,0.0,0.0,4.0,0.0,0.0,2.0,0.0,0.0,124.0,38.0,0.0,0.0,5.0,120.0,340.0
......0069 Wallisellen,Private Auftraggeber,Uebrige Infrastruktur,Laufendes Jahr - Veränderungsraten,*,0.0,0.0,0.0,0.0,0.0,0.0,0.0,0.0,0.0,0.0,0.0,0.0,0.0,0.0,0.0,0.0,0.0,0.0,0.0,0.0,0.0,0.0,0.0,0.0,-69.35,0.0,0.0,0.0,2300.0,183.33
......0069 Wallisellen,Private Auftraggeber,Uebrige Infrastruktur,Folgejahr (Arbeitsvorrat) - Absolute Werte,0,0.0,0.0,0.0,0.0,0.0,0.0,0.0,0.0,0.0,0.0,0.0,0.0,0.0,0.0,0.0,0.0,0.0,0.0,0.0,2.0,0.0,0.0,0.0,38.0,0.0,0.0,0.0,0.0,340.0,0.0
......0069 Wallisellen,Private Auftraggeber,Uebrige Infrastruktur,Folgejahr (Arbeitsvorrat) - Veränderungsraten,*,0.0,0.0,0.0,0.0,0.0,0.0,0.0,0.0,0.0,0.0,0.0,0.0,0.0,0.0,0.0,0.0,0.0,0.0,0.0,0.0,-100.0,0.0,0.0,0.0,-100.0,0.0,0.0,0.0,0.0,-100.0
......0069 Wallisellen,Private Auftraggeber,Wohnen,Laufendes Jahr - Absolute Werte,29126,40502.0,22982.0,23172.0,12065.0,37622.0,15240.0,68041.0,29618.0,39460.0,27227.0,19987.0,32984.0,33490.0,54285.0,96497.0,48009.0,39032.0,59467.0,63063.0,47481.0,39510.0,38841.0,59526.0,59020.0,64080.0,46733.0,41411.0,50514.0,44938.0,31784.0
......0069 Wallisellen,Private Auftraggeber,Wohnen,Laufendes Jahr - Veränderungsraten,*,39.06,-43.26,0.83,-47.93,211.83,-59.49,346.46,-56.47,33.23,-31.0,-26.59,65.03,1.53,62.09,77.76,-50.25,-18.7,52.35,6.05,-24.71,-16.79,-1.69,53.26,-0.85,8.57,-27.07,-11.39,21.98,-11.04,-29.27
......0069 Wallisellen,Private Auftraggeber,Wohnen,Folgejahr (Arbeitsvorrat) - Absolute Werte,24318,13939.0,4315.0,6968.0,27283.0,7790.0,5863.0,19224.0,24442.0,13227.0,11397.0,19830.0,5766.0,47387.0,20788.0,43858.0,12272.0,31126.0,52032.0,22343.0,22075.0,10080.0,47872.0,72095.0,46234.0,37044.0,29379.0,26042.0,42599.0,27090.0,30916.0
......0069 Wallisellen,Private Auftraggeber,Wohnen,Folgejahr (Arbeitsvorrat) - Veränderungsraten,*,-42.68,-69.04,61.48,291.55,-71.45,-24.74,227.89,27.14,-45.88,-13.84,73.99,-70.92,721.83,-56.13,110.98,-72.02,153.63,67.17,-57.06,-1.2,-54.34,374.92,50.6,-35.87,-19.88,-20.69,-11.36,63.58,-36.41,14.12
......0069 Wallisellen,Private Auftraggeber,Land- und Forstwirtschaft,Laufendes Jahr - Absolute Werte,51,5.0,21.0,5.0,10.0,15.0,0.0,0.0,0.0,200.0,700.0,265.0,255.0,251.0,50.0,0.0,0.0,0.0,0.0,18.0,122.0,99.0,2034.0,20.0,0.0,0.0,0.0,0.0,0.0,0.0,0.0
......0069 Wallisellen,Private Auftraggeber,Land- und Forstwirtschaft,Laufendes Jahr - Veränderungsraten,*,-90.2,320.0,-76.19,100.0,50.0,0.0,0.0,0.0,0.0,250.0,-62.14,-3.77,-1.57,-80.08,-100.0,0.0,0.0,0.0,0.0,577.78,-18.85,1954.55,-99.02,0.0,0.0,0.0,0.0,0.0,0.0,0.0
......0069 Wallisellen,Private Auftraggeber,Land- und Forstwirtschaft,Folgejahr (Arbeitsvorrat) - Absolute Werte,0,0.0,0.0,0.0,0.0,0.0,0.0,0.0,0.0,0.0,153.0,258.0,301.0,50.0,0.0,0.0,0.0,0.0,0.0,0.0,74.0,0.0,20.0,0.0,0.0,0.0,0.0,0.0,0.0,0.0,0.0
......0069 Wallisellen,Private Auftraggeber,Land- und Forstwirtschaft,Folgejahr (Arbeitsvorrat) - Veränderungsraten,*,0.0,0.0,0.0,0.0,0.0,0.0,0.0,0.0,0.0,0.0,68.63,16.67,-83.39,-100.0,0.0,0.0,0.0,0.0,0.0,0.0,-100.0,0.0,-100.0,0.0,0.0,0.0,0.0,0.0,0.0,0.0
......0069 Wallisellen,Private Auftraggeber,"Industrie, Gewerbe und Dienstleistungen",Laufendes Jahr - Absolute Werte,15531,3760.0,33193.0,46552.0,27232.0,26827.0,37088.0,62326.0,42398.0,44011.0,12961.0,39124.0,13575.0,65257.0,46602.0,12681.0,72200.0,83881.0,96845.0,93445.0,71584.0,32139.0,23533.0,19319.0,22339.0,39233.0,52648.0,19016.0,26929.0,35762.0,31445.0
......0069 Wallisellen,Private Auftraggeber,"Industrie, Gewerbe und Dienstleistungen",Laufendes Jahr - Veränderungsraten,*,-75.79,782.79,40.25,-41.5,-1.49,38.25,68.05,-31.97,3.8,-70.55,201.86,-65.3,380.71,-28.59,-72.79,469.36,16.18,15.46,-3.51,-23.39,-55.1,-26.78,-17.91,15.63,75.63,34.19,-63.88,41.61,32.8,-12.07
......0069 Wallisellen,Private Auftraggeber,"Industrie, Gewerbe und Dienstleistungen",Folgejahr (Arbeitsvorrat) - Absolute Werte,2000,0.0,23842.0,20040.0,6731.0,13039.0,5025.0,92960.0,33338.0,468.0,31677.0,3211.0,6477.0,55482.0,53835.0,11870.0,49972.0,50832.0,32224.0,45901.0,13033.0,11401.0,13535.0,17834.0,23318.0,24539.0,20613.0,7222.0,26874.0,26029.0,27928.0
......0069 Wallisellen,Private Auftraggeber,"Industrie, Gewerbe und Dienstleistungen",Folgejahr (Arbeitsvorrat) - Veränderungsraten,*,-100.0,0.0,-15.95,-66.41,93.72,-61.46,1749.95,-64.14,-98.6,6668.59,-89.86,101.71,756.6,-2.97,-77.95,320.99,1.72,-36.61,42.44,-71.61,-12.52,18.72,31.76,30.75,5.24,-16.0,-64.96,272.11,-3.14,7.3
<< Ostschweiz,Art der Auftraggeber - Total,Kategorie der Bauwerke - Total,Laufendes Jahr - Absolute Werte,8009241,7631531.0,6708551.0,5909708.0,5927607.0,5542958.0,5580740.0,5927679.0,5521845.0,5839396.0,6112008.0,6146226.0,6385742.0,6973079.0,7121270.0,7498649.0,7905246.0,8133008.0,8541675.0,8624253.0,8377532.0,8254214.0,8356051.0,8153465.0,8225072.0,7999507.0,7997015.0,8097414.0,8196901.0,8397985.0,8279423.0
<< Ostschweiz,Art der Auftraggeber - Total,Kategorie der Bauwerke - Total,Laufendes Jahr - Veränderungsraten,*,-4.72,-12.09,-11.91,0.3,-6.49,0.68,6.22,-6.85,5.75,4.67,0.56,3.9,9.2,2.13,5.3,5.42,2.88,5.02,0.97,-2.86,-1.47,1.23,-2.42,0.88,-2.74,-0.03,1.26,1.23,2.45,-1.41
<< Ostschweiz,Art der Auftraggeber - Total,Kategorie der Bauwerke - Total,Folgejahr (Arbeitsvorrat) - Absolute Werte,4614740,3791033.0,3153049.0,3098333.0,2936798.0,2541604.0,2710577.0,3251045.0,2979637.0,2969164.0,3280934.0,3444064.0,3843884.0,3818151.0,3842938.0,4234917.0,4456471.0,4261640.0,4465507.0,5963869.0,5815049.0,5320602.0,5288607.0,5571798.0,5364049.0,6169365.0,5330697.0,5535676.0,5863525.0,5964861.0,5530569.0
<< Ostschweiz,Art der Auftraggeber - Total,Kategorie der Bauwerke - Total,Folgejahr (Arbeitsvorrat) - Veränderungsraten,*,-17.85,-16.83,-1.74,-5.21,-13.46,6.65,19.94,-8.35,-0.35,10.5,4.97,11.61,-0.67,0.65,10.2,5.23,-4.37,4.78,33.55,-2.5,-8.5,-0.6,5.35,-3.73,15.01,-13.59,3.85,5.92,1.73,-7.28
<< Ostschweiz,Art der Auftraggeber - Total,Infrastruktur Versorgung,Laufendes Jahr - Absolute Werte,388114,273237.0,217515.0,207547.0,224058.0,134418.0,166292.0,144731.0,147882.0,136638.0,157076.0,231591.0,177173.0,144507.0,242959.0,359725.0,478054.0,401219.0,476372.0,562721.0,686494.0,492034.0,481944.0,317701.0,307124.0,241198.0,268431.0,258910.0,404369.0,252376.0,238461.0
<< Ostschweiz,Art der Auftraggeber - Total,Infrastruktur Versorgung,Laufendes Jahr - Veränderungsraten,*,-29.6,-20.39,-4.58,7.96,-40.01,23.71,-12.97,2.18,-7.6,14.96,47.44,-23.5,-18.44,68.13,48.06,32.89,-16.07,18.73,18.13,22.0,-28.33,-2.05,-34.08,-3.33,-21.47,11.29,-3.55,56.18,-37.59,-5.51
<< Ostschweiz,Art der Auftraggeber - Total,Infrastruktur Versorgung,Folgejahr (Arbeitsvorrat) - Absolute Werte,205368,147445.0,103767.0,150780.0,100387.0,87600.0,79324.0,68190.0,74178.0,71786.0,166029.0,151015.0,132331.0,122177.0,120238.0,588089.0,568824.0,388351.0,531805.0,793219.0,716048.0,470699.0,284169.0,220060.0,196345.0,227499.0,272069.0,240465.0,454316.0,199045.0,211669.0
<< Ostschweiz,Art der Auftraggeber - Total,Infrastruktur Versorgung,Folgejahr (Arbeitsvorrat) - Veränderungsraten,*,-28.2,-29.62,45.31,-33.42,-12.74,-9.45,-14.04,8.78,-3.22,131.28,-9.04,-12.37,-7.67,-1.59,389.1,-3.28,-31.73,36.94,49.16,-9.73,-34.26,-39.63,-22.56,-10.78,15.87,19.59,-11.62,88.93,-56.19,6.34
<< Ostschweiz,Art der Auftraggeber - Total,Infrastruktur Entsorgung,Laufendes Jahr - Absolute Werte,223607,282407.0,300612.0,274438.0,191262.0,170843.0,191691.0,142359.0,125812.0,133793.0,104756.0,64107.0,90816.0,84858.0,55955.0,66033.0,72408.0,48751.0,43930.0,55356.0,77317.0,58352.0,59368.0,91733.0,62979.0,60546.0,70248.0,66760.0,55585.0,58940.0,48914.0
<< Ostschweiz,Art der Auftraggeber - Total,Infrastruktur Entsorgung,Laufendes Jahr - Veränderungsraten,*,26.3,6.45,-8.71,-30.31,-10.68,12.2,-25.74,-11.62,6.34,-21.7,-38.8,41.66,-6.56,-34.06,18.01,9.65,-32.67,-9.89,26.01,39.67,-24.53,1.74,54.52,-31.35,-3.86,16.02,-4.97,-16.74,6.04,-17.01
<< Ostschweiz,Art der Auftraggeber - Total,Infrastruktur Entsorgung,Folgejahr (Arbeitsvorrat) - Absolute Werte,172569,248283.0,227728.0,145874.0,117236.0,100090.0,81147.0,139111.0,80433.0,71907.0,62902.0,40915.0,57650.0,39152.0,36471.0,61611.0,24444.0,28345.0,34900.0,62807.0,53944.0,33269.0,39128.0,62586.0,61728.0,43423.0,45888.0,44826.0,43603.0,50736.0,42769.0
<< Ostschweiz,Art der Auftraggeber - Total,Infrastruktur Entsorgung,Folgejahr (Arbeitsvorrat) - Veränderungsraten,*,43.87,-8.28,-35.94,-19.63,-14.63,-18.93,71.43,-42.18,-10.6,-12.52,-34.95,40.9,-32.09,-6.85,68.93,-60.33,15.96,23.13,79.96,-14.11,-38.33,17.61,59.95,-1.37,-29.65,5.68,-2.31,-2.73,16.36,-15.7
<< Ostschweiz,Art der Auftraggeber - Total,Infrastruktur Strassenverkehr,Laufendes Jahr - Absolute Werte,511438,536566.0,481857.0,445648.0,465621.0,492489.0,460664.0,433257.0,429005.0,459915.0,414731.0,329830.0,337116.0,390406.0,384132.0,478462.0,548915.0,526537.0,538903.0,487488.0,550445.0,549646.0,481531.0,504954.0,495579.0,520893.0,546553.0,533397.0,585314.0,542540.0,556395.0
<< Ostschweiz,Art der Auftraggeber - Total,Infrastruktur Strassenverkehr,Laufendes Jahr - Veränderungsraten,*,4.91,-10.2,-7.51,4.48,5.77,-6.46,-5.95,-0.98,7.21,-9.82,-20.47,2.21,15.81,-1.61,24.56,14.72,-4.08,2.35,-9.54,12.91,-0.15,-12.39,4.86,-1.86,5.11,4.93,-2.41,9.73,-7.31,2.55
<< Ostschweiz,Art der Auftraggeber - Total,Infrastruktur Strassenverkehr,Folgejahr (Arbeitsvorrat) - Absolute Werte,454888,418027.0,341129.0,366627.0,398217.0,395815.0,374764.0,410942.0,363719.0,356592.0,273124.0,293005.0,286830.0,309400.0,295443.0,326595.0,414341.0,498303.0,456174.0,891103.0,573345.0,485613.0,516793.0,535071.0,530954.0,575789.0,585179.0,646011.0,571507.0,547752.0,571218.0
<< Ostschweiz,Art der Auftraggeber - Total,Infrastruktur Strassenverkehr,Folgejahr (Arbeitsvorrat) - Veränderungsraten,*,-8.1,-18.4,7.47,8.62,-0.6,-5.32,9.65,-11.49,-1.96,-23.41,7.28,-2.11,7.87,-4.51,10.54,26.87,20.26,-8.45,95.34,-35.66,-15.3,6.42,3.54,-0.77,8.44,1.63,10.4,-11.53,-4.16,4.28
<< Ostschweiz,Art der Auftraggeber - Total,Infrastruktur übriger Verkehr und Kommunikation,Laufendes Jahr - Absolute Werte,356937,326888.0,370931.0,237567.0,233758.0,246644.0,309843.0,362170.0,433911.0,501331.0,535894.0,487736.0,526480.0,617959.0,627112.0,612105.0,470714.0,527676.0,560734.0,491413.0,473484.0,488747.0,620053.0,621644.0,624086.0,596712.0,507342.0,591901.0,481914.0,754222.0,716271.0
<< Ostschweiz,Art der Auftraggeber - Total,Infrastruktur übriger Verkehr und Kommunikation,Laufendes Jahr - Veränderungsraten,*,-8.42,13.47,-35.95,-1.6,5.51,25.62,16.89,19.81,15.54,6.89,-8.99,7.94,17.38,1.48,-2.39,-23.1,12.1,6.26,-12.36,-3.65,3.22,26.87,0.26,0.39,-4.39,-14.98,16.67,-18.58,56.51,-5.03
<< Ostschweiz,Art der Auftraggeber - Total,Infrastruktur übriger Verkehr und Kommunikation,Folgejahr (Arbeitsvorrat) - Absolute Werte,163697,186962.0,201297.0,133399.0,177888.0,172938.0,298343.0,352793.0,406450.0,374982.0,444135.0,428350.0,474255.0,481823.0,650847.0,483480.0,512563.0,500838.0,464373.0,576297.0,871278.0,613830.0,673452.0,661521.0,558081.0,1204356.0,525693.0,568067.0,543061.0,723625.0,612960.0
<< Ostschweiz,Art der Auftraggeber - Total,Infrastruktur übriger Verkehr und Kommunikation,Folgejahr (Arbeitsvorrat) - Veränderungsraten,*,14.21,7.67,-33.73,33.35,-2.78,72.51,18.25,15.21,-7.74,18.44,-3.55,10.72,1.6,35.08,-25.72,6.02,-2.29,-7.28,24.1,51.19,-29.55,9.71,-1.77,-15.64,115.8,-56.35,8.06,-4.4,33.25,-15.29
<< Ostschweiz,Art der Auftraggeber - Total,"Bildung, Forschung",Laufendes Jahr - Absolute Werte,363652,375188.0,337728.0,258114.0,235471.0,205854.0,130567.0,194097.0,249346.0,240608.0,223028.0,204537.0,185389.0,213350.0,174578.0,212641.0,218049.0,218099.0,214749.0,211171.0,172772.0,206101.0,219440.0,195469.0,235696.0,295557.0,287578.0,220071.0,191173.0,244865.0,286642.0
<< Ostschweiz,Art der Auftraggeber - Total,"Bildung, Forschung",Laufendes Jahr - Veränderungsraten,*,3.17,-9.98,-23.57,-8.77,-12.58,-36.57,48.66,28.46,-3.5,-7.31,-8.29,-9.36,15.08,-18.17,21.8,2.54,0.02,-1.54,-1.67,-18.18,19.29,6.47,-10.92,20.58,25.4,-2.7,-23.47,-13.13,28.09,17.06
<< Ostschweiz,Art der Auftraggeber - Total,"Bildung, Forschung",Folgejahr (Arbeitsvorrat) - Absolute Werte,283612,231018.0,179307.0,158496.0,154420.0,72122.0,43656.0,206775.0,124903.0,120785.0,91284.0,99570.0,125689.0,158295.0,113130.0,134188.0,137595.0,110050.0,91869.0,94961.0,123669.0,131490.0,122172.0,181467.0,204787.0,259696.0,193246.0,121907.0,182887.0,247838.0,254383.0
<< Ostschweiz,Art der Auftraggeber - Total,"Bildung, Forschung",Folgejahr (Arbeitsvorrat) - Veränderungsraten,*,-18.54,-22.38,-11.61,-2.57,-53.29,-39.47,373.65,-39.59,-3.3,-24.42,9.08,26.23,25.94,-28.53,18.61,2.54,-20.02,-16.52,3.37,30.23,6.32,-7.09,48.53,12.85,26.81,-25.59,-36.92,50.02,35.51,2.64
<< Ostschweiz,Art der Auftraggeber - Total,Gesundheit,Laufendes Jahr - Absolute Werte,224484,146350.0,171526.0,165285.0,223710.0,209356.0,199942.0,252899.0,149946.0,169876.0,164217.0,197726.0,214295.0,195896.0,260806.0,209494.0,190133.0,176037.0,235682.0,273373.0,264362.0,312885.0,311938.0,398297.0,401222.0,348316.0,348145.0,334153.0,346800.0,409684.0,353786.0
<< Ostschweiz,Art der Auftraggeber - Total,Gesundheit,Laufendes Jahr - Veränderungsraten,*,-34.81,17.2,-3.64,35.35,-6.42,-4.5,26.49,-40.71,13.29,-3.33,20.41,8.38,-8.59,33.13,-19.67,-9.24,-7.41,33.88,15.99,-3.3,18.35,-0.3,27.68,0.73,-13.19,-0.05,-4.02,3.78,18.13,-13.64
<< Ostschweiz,Art der Auftraggeber - Total,Gesundheit,Folgejahr (Arbeitsvorrat) - Absolute Werte,167671,103818.0,143614.0,149386.0,187980.0,141889.0,158502.0,157177.0,115347.0,90271.0,144089.0,135185.0,146478.0,140127.0,167230.0,122994.0,117853.0,117096.0,123969.0,182758.0,266756.0,237898.0,257364.0,359109.0,305047.0,305876.0,271063.0,264114.0,346153.0,383214.0,282457.0
<< Ostschweiz,Art der Auftraggeber - Total,Gesundheit,Folgejahr (Arbeitsvorrat) - Veränderungsraten,*,-38.08,38.33,4.02,25.84,-24.52,11.71,-0.84,-26.61,-21.74,59.62,-6.18,8.35,-4.34,19.34,-26.45,-4.18,-0.64,5.87,47.42,45.96,-10.82,8.18,39.53,-15.05,0.27,-11.38,-2.56,31.06,10.71,-26.29
<< Ostschweiz,Art der Auftraggeber - Total,Freizeit und Kultur,Laufendes Jahr - Absolute Werte,230740,274968.0,287742.0,223889.0,221186.0,230615.0,174137.0,178114.0,215552.0,170365.0,243380.0,211197.0,233541.0,442363.0,243812.0,204088.0,185578.0,175928.0,148452.0,171019.0,159146.0,175784.0,194627.0,138165.0,171404.0,231089.0,245852.0,219056.0,194675.0,213437.0,158075.0
<< Ostschweiz,Art der Auftraggeber - Total,Freizeit und Kultur,Laufendes Jahr - Veränderungsraten,*,19.17,4.65,-22.19,-1.21,4.26,-24.49,2.28,21.02,-20.96,42.86,-13.22,10.58,89.42,-44.88,-16.29,-9.07,-5.2,-15.62,15.2,-6.94,10.45,10.72,-29.01,24.06,34.82,6.39,-10.9,-11.13,9.64,-25.94
<< Ostschweiz,Art der Auftraggeber - Total,Freizeit und Kultur,Folgejahr (Arbeitsvorrat) - Absolute Werte,172372,157141.0,120421.0,113781.0,127499.0,59281.0,57930.0,105649.0,109084.0,83579.0,143402.0,104033.0,318522.0,134556.0,71549.0,51007.0,81106.0,53524.0,67074.0,78163.0,98623.0,115098.0,77096.0,89826.0,130537.0,167079.0,155960.0,174629.0,148185.0,105086.0,104047.0
<< Ostschweiz,Art der Auftraggeber - Total,Freizeit und Kultur,Folgejahr (Arbeitsvorrat) - Veränderungsraten,*,-8.84,-23.37,-5.51,12.06,-53.5,-2.28,82.37,3.25,-23.38,71.58,-27.45,206.17,-57.76,-46.83,-28.71,59.01,-34.01,25.32,16.53,26.18,16.71,-33.02,16.51,45.32,27.99,-6.65,11.97,-15.14,-29.08,-0.99
<< Ostschweiz,Art der Auftraggeber - Total,Uebrige Infrastruktur,Laufendes Jahr - Absolute Werte,159422,105472.0,104757.0,91532.0,87853.0,109912.0,86382.0,87593.0,100921.0,89132.0,86651.0,65470.0,86675.0,85844.0,89446.0,81919.0,62032.0,61005.0,67190.0,87598.0,81279.0,77509.0,93947.0,114526.0,168879.0,165282.0,96343.0,103669.0,146499.0,160047.0,149220.0
<< Ostschweiz,Art der Auftraggeber - Total,Uebrige Infrastruktur,Laufendes Jahr - Veränderungsraten,*,-33.84,-0.68,-12.62,-4.02,25.11,-21.41,1.4,15.22,-11.68,-2.78,-24.44,32.39,-0.96,4.2,-8.42,-24.28,-1.66,10.14,30.37,-7.21,-4.64,21.21,21.9,47.46,-2.13,-41.71,7.6,41.31,9.25,-6.76
<< Ostschweiz,Art der Auftraggeber - Total,Uebrige Infrastruktur,Folgejahr (Arbeitsvorrat) - Absolute Werte,97604,84416.0,84800.0,98721.0,94904.0,88963.0,85327.0,72202.0,66489.0,69006.0,67610.0,55477.0,63229.0,54214.0,44269.0,36542.0,30519.0,34881.0,45489.0,62112.0,61110.0,52385.0,92810.0,191161.0,138853.0,111970.0,77110.0,125227.0,145951.0,149910.0,140072.0
<< Ostschweiz,Art der Auftraggeber - Total,Uebrige Infrastruktur,Folgejahr (Arbeitsvorrat) - Veränderungsraten,*,-13.51,0.45,16.42,-3.87,-6.26,-4.09,-15.38,-7.91,3.79,-2.02,-17.95,13.97,-14.26,-18.34,-17.45,-16.48,14.29,30.41,36.54,-1.61,-14.28,77.17,105.97,-27.36,-19.36,-31.13,62.4,16.55,2.71,-6.56
<< Ostschweiz,Art der Auftraggeber - Total,Wohnen,Laufendes Jahr - Absolute Werte,3814196,3668158.0,3067538.0,2722027.0,2724261.0,2560145.0,2632430.0,2702981.0,2329221.0,2714293.0,3110203.0,3240475.0,3392761.0,3519288.0,3533291.0,3763439.0,4368081.0,4554326.0,4662245.0,4896270.0,4488194.0,4496941.0,4580069.0,4456277.0,4359788.0,4060779.0,4179436.0,4390636.0,4388733.0,4300524.0,4348045.0
<< Ostschweiz,Art der Auftraggeber - Total,Wohnen,Laufendes Jahr - Veränderungsraten,*,-3.83,-16.37,-11.26,0.08,-6.02,2.82,2.68,-13.83,16.53,14.59,4.19,4.7,3.73,0.4,6.51,16.07,4.26,2.37,5.02,-8.33,0.19,1.85,-2.7,-2.17,-6.86,2.92,5.05,-0.04,-2.01,1.11
<< Ostschweiz,Art der Auftraggeber - Total,Wohnen,Folgejahr (Arbeitsvorrat) - Absolute Werte,1859083,1428157.0,1178583.0,1083740.0,988683.0,945285.0,1032720.0,1071479.0,1086129.0,1212800.0,1419265.0,1589585.0,1568070.0,1680377.0,1672046.0,1716300.0,1939635.0,1863707.0,2065865.0,2456690.0,2280834.0,2418632.0,2476284.0,2435032.0,2330910.0,2356616.0,2367952.0,2528739.0,2494089.0,2571959.0,2508062.0
<< Ostschweiz,Art der Auftraggeber - Total,Wohnen,Folgejahr (Arbeitsvorrat) - Veränderungsraten,*,-23.18,-17.48,-8.05,-8.77,-4.39,9.25,3.75,1.37,11.66,17.02,12.0,-1.35,7.16,-0.5,2.65,13.01,-3.91,10.85,18.92,-7.16,6.04,2.38,-1.67,-4.28,1.1,0.48,6.79,-1.37,3.12,-2.48
<< Ostschweiz,Art der Auftraggeber - Total,Land- und Forstwirtschaft,Laufendes Jahr - Absolute Werte,246072,243634.0,235002.0,258014.0,252879.0,220045.0,229205.0,215470.0,176371.0,163345.0,170444.0,143538.0,134561.0,123834.0,122126.0,144981.0,134523.0,141180.0,184828.0,178103.0,191044.0,168530.0,152450.0,130158.0,141077.0,141095.0,135905.0,164847.0,162364.0,136314.0,145796.0
<< Ostschweiz,Art der Auftraggeber - Total,Land- und Forstwirtschaft,Laufendes Jahr - Veränderungsraten,*,-0.99,-3.54,9.79,-1.99,-12.98,4.16,-5.99,-18.15,-7.39,4.35,-15.79,-6.25,-7.97,-1.38,18.71,-7.21,4.95,30.92,-3.64,7.27,-11.78,-9.54,-14.62,8.39,0.01,-3.68,21.3,-1.51,-16.04,6.96
<< Ostschweiz,Art der Auftraggeber - Total,Land- und Forstwirtschaft,Folgejahr (Arbeitsvorrat) - Absolute Werte,91822,98594.0,85848.0,81067.0,70016.0,83126.0,71012.0,58268.0,38825.0,35125.0,39977.0,34558.0,44351.0,38094.0,36645.0,27996.0,30327.0,41631.0,55877.0,84654.0,84429.0,67503.0,74176.0,59060.0,78583.0,62686.0,73425.0,85063.0,73093.0,81823.0,81238.0
<< Ostschweiz,Art der Auftraggeber - Total,Land- und Forstwirtschaft,Folgejahr (Arbeitsvorrat) - Veränderungsraten,*,7.38,-12.93,-5.57,-13.63,18.72,-14.57,-17.95,-33.37,-9.53,13.81,-13.56,28.34,-14.11,-3.8,-23.6,8.33,37.27,34.22,51.5,-0.27,-20.05,9.89,-20.38,33.06,-20.23,17.13,15.85,-14.07,11.94,-0.71
<< Ostschweiz,Art der Auftraggeber - Total,"Industrie, Gewerbe und Dienstleistungen",Laufendes Jahr - Absolute Werte,1490579,1398663.0,1133343.0,1025647.0,1067548.0,962637.0,999587.0,1214008.0,1163878.0,1060100.0,901628.0,970019.0,1006935.0,1154774.0,1387053.0,1365762.0,1176759.0,1302250.0,1408590.0,1209741.0,1232995.0,1227685.0,1160684.0,1184541.0,1257238.0,1338040.0,1311182.0,1214014.0,1239475.0,1325036.0,1277818.0
<< Ostschweiz,Art der Auftraggeber - Total,"Industrie, Gewerbe und Dienstleistungen",Laufendes Jahr - Veränderungsraten,*,-6.17,-18.97,-9.5,4.09,-9.83,3.84,21.45,-4.13,-8.92,-14.95,7.59,3.81,14.68,20.11,-1.53,-13.84,10.66,8.17,-14.12,1.92,-0.43,-5.46,2.06,6.14,6.43,-2.01,-7.41,2.1,6.9,-3.56
<< Ostschweiz,Art der Auftraggeber - Total,"Industrie, Gewerbe und Dienstleistungen",Folgejahr (Arbeitsvorrat) - Absolute Werte,946054,687172.0,486555.0,616462.0,519568.0,394495.0,427852.0,608459.0,514080.0,482331.0,429117.0,512371.0,626479.0,659936.0,635070.0,686115.0,599264.0,624914.0,528112.0,681105.0,685013.0,694185.0,675163.0,776905.0,828224.0,854375.0,763112.0,736628.0,860680.0,903873.0,721694.0
<< Ostschweiz,Art der Auftraggeber - Total,"Industrie, Gewerbe und Dienstleistungen",Folgejahr (Arbeitsvorrat) - Veränderungsraten,*,-27.36,-29.19,26.7,-15.72,-24.07,8.46,42.21,-15.51,-6.18,-11.03,19.4,22.27,5.34,-3.77,8.04,-12.66,4.28,-15.49,28.97,0.57,1.34,-2.74,15.07,6.61,3.16,-10.68,-3.47,16.84,5.02,-20.16
<< Ostschweiz,Oeffentliche Auftraggeber,Kategorie der Bauwerke - Total,Laufendes Jahr - Absolute Werte,2173100,2140090.0,2095913.0,1842083.0,1896278.0,1696326.0,1601285.0,1592879.0,1661465.0,1731357.0,1663823.0,1575498.0,1602974.0,1636606.0,1576409.0,1697155.0,1741249.0,1662225.0,1692124.0,1532693.0,1619494.0,1533686.0,1562151.0,1708094.0,1739676.0,1768563.0,1778789.0,1769022.0,1778002.0,2036839.0,1933489.0
<< Ostschweiz,Oeffentliche Auftraggeber,Kategorie der Bauwerke - Total,Laufendes Jahr - Veränderungsraten,*,-1.52,-2.06,-12.11,2.94,-10.54,-5.6,-0.52,4.31,4.21,-3.9,-5.31,1.74,2.1,-3.68,7.66,2.6,-4.54,1.8,-9.42,5.66,-5.3,1.86,9.34,1.85,1.66,0.58,-0.55,0.51,14.56,-5.07
<< Ostschweiz,Oeffentliche Auftraggeber,Kategorie der Bauwerke - Total,Folgejahr (Arbeitsvorrat) - Absolute Werte,1673052,1559180.0,1410238.0,1395285.0,1372001.0,1102891.0,1069738.0,1411531.0,1284063.0,1166576.0,1241159.0,1196575.0,1294815.0,1189178.0,1269185.0,1211842.0,1265381.0,1307518.0,1168165.0,1853487.0,1532384.0,1337367.0,1462801.0,1700434.0,1554581.0,1758217.0,1600323.0,1664214.0,1875369.0,1874641.0,1753038.0
<< Ostschweiz,Oeffentliche Auftraggeber,Kategorie der Bauwerke - Total,Folgejahr (Arbeitsvorrat) - Veränderungsraten,*,-6.81,-9.55,-1.06,-1.67,-19.61,-3.01,31.95,-9.03,-9.15,6.39,-3.59,8.21,-8.16,6.73,-4.52,4.42,3.33,-10.66,58.67,-17.32,-12.73,9.38,16.25,-8.58,13.1,-8.98,3.99,12.69,-0.04,-6.49
<< Ostschweiz,Oeffentliche Auftraggeber,Infrastruktur Versorgung,Laufendes Jahr - Absolute Werte,197040,168216.0,163993.0,166993.0,182064.0,99304.0,127015.0,106674.0,94006.0,96814.0,96382.0,137380.0,112348.0,78988.0,84639.0,78385.0,80192.0,66429.0,80945.0,71284.0,116738.0,110209.0,75685.0,110035.0,160733.0,123877.0,141503.0,99831.0,190658.0,62224.0,89461.0
<< Ostschweiz,Oeffentliche Auftraggeber,Infrastruktur Versorgung,Laufendes Jahr - Veränderungsraten,*,-14.63,-2.51,1.83,9.02,-45.46,27.91,-16.01,-11.88,2.99,-0.45,42.54,-18.22,-29.69,7.15,-7.39,2.31,-17.16,21.85,-11.94,63.76,-5.59,-31.33,45.39,46.07,-22.93,14.23,-29.45,90.98,-67.36,43.77
<< Ostschweiz,Oeffentliche Auftraggeber,Infrastruktur Versorgung,Folgejahr (Arbeitsvorrat) - Absolute Werte,117308,101489.0,74282.0,124509.0,77792.0,54884.0,59556.0,51681.0,57035.0,46872.0,88768.0,95929.0,107806.0,34239.0,35511.0,28326.0,40534.0,49032.0,53282.0,72960.0,96688.0,58546.0,56639.0,71198.0,102277.0,139808.0,147179.0,59449.0,287761.0,65020.0,82492.0
<< Ostschweiz,Oeffentliche Auftraggeber,Infrastruktur Versorgung,Folgejahr (Arbeitsvorrat) - Veränderungsraten,*,-13.49,-26.81,67.62,-37.52,-29.45,8.51,-13.22,10.36,-17.82,89.38,8.07,12.38,-68.24,3.72,-20.23,43.1,20.97,8.67,36.93,32.52,-39.45,-3.26,25.7,43.65,36.7,5.27,-59.61,384.05,-77.4,26.87
<< Ostschweiz,Oeffentliche Auftraggeber,Infrastruktur Entsorgung,Laufendes Jahr - Absolute Werte,201577,262625.0,283322.0,216853.0,180336.0,165549.0,183241.0,133631.0,117969.0,127377.0,96850.0,57316.0,77215.0,79198.0,48303.0,61389.0,63610.0,41642.0,39901.0,51336.0,72789.0,52490.0,52711.0,85335.0,58685.0,51265.0,54226.0,52618.0,44936.0,44300.0,31047.0
<< Ostschweiz,Oeffentliche Auftraggeber,Infrastruktur Entsorgung,Laufendes Jahr - Veränderungsraten,*,30.29,7.88,-23.46,-16.84,-8.2,10.69,-27.07,-11.72,7.97,-23.97,-40.82,34.72,2.57,-39.01,27.09,3.62,-34.54,-4.18,28.66,41.79,-27.89,0.42,61.89,-31.23,-12.64,5.78,-2.97,-14.6,-1.42,-29.92
<< Ostschweiz,Oeffentliche Auftraggeber,Infrastruktur Entsorgung,Folgejahr (Arbeitsvorrat) - Absolute Werte,170807,240423.0,224030.0,137605.0,115035.0,95653.0,77614.0,136353.0,79538.0,69116.0,48208.0,32680.0,54847.0,36531.0,33738.0,53927.0,20166.0,25626.0,34598.0,61046.0,50309.0,29515.0,34219.0,62176.0,55556.0,36194.0,35126.0,36503.0,37681.0,27926.0,28879.0
<< Ostschweiz,Oeffentliche Auftraggeber,Infrastruktur Entsorgung,Folgejahr (Arbeitsvorrat) - Veränderungsraten,*,40.76,-6.82,-38.58,-16.4,-16.85,-18.86,75.68,-41.67,-13.1,-30.25,-32.21,67.83,-33.39,-7.65,59.84,-62.61,27.08,35.01,76.44,-17.59,-41.33,15.94,81.7,-10.65,-34.85,-2.95,3.92,3.23,-25.89,3.41
<< Ostschweiz,Oeffentliche Auftraggeber,Infrastruktur Strassenverkehr,Laufendes Jahr - Absolute Werte,473301,481278.0,427443.0,411538.0,447442.0,467294.0,442835.0,409502.0,400687.0,420726.0,361576.0,307479.0,317337.0,328857.0,371796.0,464538.0,537426.0,508524.0,518720.0,458345.0,531828.0,519106.0,463103.0,485060.0,482793.0,495619.0,511444.0,501118.0,553432.0,512661.0,533672.0
<< Ostschweiz,Oeffentliche Auftraggeber,Infrastruktur Strassenverkehr,Laufendes Jahr - Veränderungsraten,*,1.69,-11.19,-3.72,8.72,4.44,-5.23,-7.53,-2.15,5.0,-14.06,-14.96,3.21,3.63,13.06,24.94,15.69,-5.38,2.01,-11.64,16.03,-2.39,-10.79,4.74,-0.47,2.66,3.19,-2.02,10.44,-7.37,4.1
<< Ostschweiz,Oeffentliche Auftraggeber,Infrastruktur Strassenverkehr,Folgejahr (Arbeitsvorrat) - Absolute Werte,434896,396757.0,327103.0,358560.0,390108.0,392393.0,367304.0,404373.0,356192.0,326105.0,268527.0,282941.0,278233.0,306209.0,293926.0,322371.0,412712.0,495078.0,440877.0,885185.0,563960.0,479027.0,509026.0,529319.0,526305.0,556787.0,556164.0,623697.0,548468.0,530364.0,563474.0
<< Ostschweiz,Oeffentliche Auftraggeber,Infrastruktur Strassenverkehr,Folgejahr (Arbeitsvorrat) - Veränderungsraten,*,-8.77,-17.56,9.62,8.8,0.59,-6.39,10.09,-11.91,-8.45,-17.66,5.37,-1.66,10.05,-4.01,9.68,28.02,19.96,-10.95,100.78,-36.29,-15.06,6.26,3.99,-0.57,5.79,-0.11,12.14,-12.06,-3.3,6.24
<< Ostschweiz,Oeffentliche Auftraggeber,Infrastruktur übriger Verkehr und Kommunikation,Laufendes Jahr - Absolute Werte,188689,146865.0,211207.0,99796.0,128707.0,146758.0,204048.0,264465.0,363875.0,393856.0,384804.0,371980.0,391517.0,440461.0,452647.0,412974.0,335506.0,360152.0,326761.0,258421.0,261513.0,252744.0,310497.0,294930.0,234712.0,200897.0,213486.0,301268.0,211624.0,458480.0,353891.0
<< Ostschweiz,Oeffentliche Auftraggeber,Infrastruktur übriger Verkehr und Kommunikation,Laufendes Jahr - Veränderungsraten,*,-22.17,43.81,-52.75,28.97,14.02,39.04,29.61,37.59,8.24,-2.3,-3.33,5.25,12.5,2.77,-8.76,-18.76,7.35,-9.27,-20.91,1.2,-3.35,22.85,-5.01,-20.42,-14.41,6.27,41.12,-29.76,116.65,-22.81
<< Ostschweiz,Oeffentliche Auftraggeber,Infrastruktur übriger Verkehr und Kommunikation,Folgejahr (Arbeitsvorrat) - Absolute Werte,65823,57783.0,87058.0,73917.0,142846.0,152084.0,225833.0,288184.0,347499.0,292646.0,376937.0,371225.0,403729.0,399802.0,510604.0,370499.0,368380.0,372430.0,283545.0,377726.0,339454.0,331702.0,370230.0,302806.0,190449.0,223963.0,212839.0,326101.0,236868.0,337221.0,310022.0
<< Ostschweiz,Oeffentliche Auftraggeber,Infrastruktur übriger Verkehr und Kommunikation,Folgejahr (Arbeitsvorrat) - Veränderungsraten,*,-12.21,50.66,-15.09,93.25,6.47,48.49,27.61,20.58,-15.79,28.8,-1.52,8.76,-0.97,27.71,-27.44,-0.57,1.1,-23.87,33.22,-10.13,-2.28,11.62,-18.21,-37.11,17.6,-4.97,53.21,-27.36,42.37,-8.07
<< Ostschweiz,Oeffentliche Auftraggeber,"Bildung, Forschung",Laufendes Jahr - Absolute Werte,352060,349093.0,307614.0,228599.0,215646.0,185814.0,112866.0,175175.0,220176.0,222407.0,213930.0,183265.0,162342.0,202096.0,164353.0,192905.0,204260.0,203018.0,192802.0,193697.0,151420.0,181014.0,184503.0,173008.0,207847.0,263074.0,257078.0,189044.0,173511.0,222385.0,269614.0
<< Ostschweiz,Oeffentliche Auftraggeber,"Bildung, Forschung",Laufendes Jahr - Veränderungsraten,*,-0.84,-11.88,-25.69,-5.67,-13.83,-39.26,55.21,25.69,1.01,-3.81,-14.33,-11.42,24.49,-18.68,17.37,5.89,-0.61,-5.03,0.46,-21.83,19.54,1.93,-6.23,20.14,26.57,-2.28,-26.46,-8.22,28.17,21.24
<< Ostschweiz,Oeffentliche Auftraggeber,"Bildung, Forschung",Folgejahr (Arbeitsvorrat) - Absolute Werte,264622,216108.0,160182.0,150115.0,143160.0,61537.0,35696.0,196668.0,112809.0,114683.0,88759.0,86239.0,120606.0,156763.0,106491.0,132009.0,133276.0,106418.0,84122.0,86784.0,115542.0,114058.0,101369.0,178145.0,183102.0,238171.0,170572.0,114377.0,176457.0,235745.0,245457.0
<< Ostschweiz,Oeffentliche Auftraggeber,"Bildung, Forschung",Folgejahr (Arbeitsvorrat) - Veränderungsraten,*,-18.33,-25.88,-6.28,-4.63,-57.02,-41.99,450.95,-42.64,1.66,-22.6,-2.84,39.85,29.98,-32.07,23.96,0.96,-20.15,-20.95,3.16,33.14,-1.28,-11.13,75.74,2.78,30.08,-28.38,-32.95,54.28,33.6,4.12
<< Ostschweiz,Oeffentliche Auftraggeber,Gesundheit,Laufendes Jahr - Absolute Werte,134540,105380.0,117358.0,127037.0,185806.0,177353.0,137713.0,154298.0,103245.0,109061.0,116591.0,116673.0,121916.0,140433.0,189242.0,132579.0,122852.0,85729.0,111823.0,131912.0,104875.0,111538.0,138317.0,189725.0,158023.0,111686.0,116632.0,147876.0,199454.0,278989.0,229435.0
<< Ostschweiz,Oeffentliche Auftraggeber,Gesundheit,Laufendes Jahr - Veränderungsraten,*,-21.67,11.37,8.25,46.26,-4.55,-22.35,12.04,-33.09,5.63,6.9,0.07,4.49,15.19,34.76,-29.94,-7.34,-30.22,30.44,17.96,-20.5,6.35,24.01,37.17,-16.71,-29.32,4.43,26.79,34.88,39.88,-17.76
<< Ostschweiz,Oeffentliche Auftraggeber,Gesundheit,Folgejahr (Arbeitsvorrat) - Absolute Werte,106646,76536.0,117972.0,121563.0,174196.0,129490.0,107582.0,92574.0,83461.0,80562.0,89729.0,69292.0,107388.0,114361.0,142368.0,105317.0,57521.0,65068.0,58284.0,105422.0,131646.0,95265.0,136327.0,187480.0,120729.0,133216.0,109274.0,146253.0,262842.0,276714.0,184214.0
<< Ostschweiz,Oeffentliche Auftraggeber,Gesundheit,Folgejahr (Arbeitsvorrat) - Veränderungsraten,*,-28.23,54.14,3.04,43.3,-25.66,-16.92,-13.95,-9.84,-3.47,11.38,-22.78,54.98,6.49,24.49,-26.02,-45.38,13.12,-10.43,80.88,24.88,-27.64,43.1,37.52,-35.6,10.34,-17.97,33.84,79.72,5.28,-33.43
<< Ostschweiz,Oeffentliche Auftraggeber,Freizeit und Kultur,Laufendes Jahr - Absolute Werte,122951,156959.0,172148.0,142454.0,129396.0,120991.0,82016.0,86039.0,105984.0,94445.0,149773.0,147829.0,174232.0,125792.0,83682.0,100825.0,110469.0,99130.0,92589.0,125613.0,99851.0,85179.0,64410.0,55144.0,86052.0,141005.0,171854.0,167597.0,127370.0,137432.0,85857.0
<< Ostschweiz,Oeffentliche Auftraggeber,Freizeit und Kultur,Laufendes Jahr - Veränderungsraten,*,27.66,9.68,-17.25,-9.17,-6.5,-32.21,4.91,23.18,-10.89,58.58,-1.3,17.86,-27.8,-33.48,20.49,9.57,-10.26,-6.6,35.67,-20.51,-14.69,-24.38,-14.39,56.05,63.86,21.88,-2.48,-24.0,7.9,-37.53
<< Ostschweiz,Oeffentliche Auftraggeber,Freizeit und Kultur,Folgejahr (Arbeitsvorrat) - Absolute Werte,118550,107348.0,96708.0,88716.0,67163.0,29083.0,40608.0,61163.0,47329.0,55865.0,109768.0,89024.0,65164.0,41782.0,23266.0,32664.0,46910.0,28873.0,52039.0,50243.0,62899.0,34958.0,18265.0,35667.0,77084.0,136452.0,115860.0,132788.0,102886.0,56395.0,52616.0
<< Ostschweiz,Oeffentliche Auftraggeber,Freizeit und Kultur,Folgejahr (Arbeitsvorrat) - Veränderungsraten,*,-9.45,-9.91,-8.26,-24.29,-56.7,39.63,50.62,-22.62,18.04,96.49,-18.9,-26.8,-35.88,-44.32,40.39,43.61,-38.45,80.23,-3.45,25.19,-44.42,-47.75,95.28,116.12,77.02,-15.09,14.61,-22.52,-45.19,-6.7
<< Ostschweiz,Oeffentliche Auftraggeber,Uebrige Infrastruktur,Laufendes Jahr - Absolute Werte,95629,97279.0,99829.0,87162.0,83314.0,104640.0,80924.0,80251.0,89047.0,78525.0,74776.0,61192.0,75519.0,72229.0,72924.0,69942.0,49562.0,45389.0,57801.0,67483.0,60972.0,45774.0,68402.0,98926.0,136856.0,140719.0,77643.0,75979.0,99599.0,122986.0,117016.0
<< Ostschweiz,Oeffentliche Auftraggeber,Uebrige Infrastruktur,Laufendes Jahr - Veränderungsraten,*,1.73,2.62,-12.69,-4.41,25.6,-22.66,-0.83,10.96,-11.82,-4.77,-18.17,23.41,-4.36,0.96,-4.09,-29.14,-8.42,27.35,16.75,-9.65,-24.93,49.43,44.62,38.34,2.82,-44.82,-2.14,31.09,23.48,-4.85
<< Ostschweiz,Oeffentliche Auftraggeber,Uebrige Infrastruktur,Folgejahr (Arbeitsvorrat) - Absolute Werte,84229,78431.0,84141.0,98212.0,91930.0,85072.0,82622.0,69283.0,62066.0,66939.0,65253.0,54359.0,61861.0,43421.0,40096.0,35540.0,25566.0,29365.0,43669.0,54256.0,43651.0,48470.0,88220.0,183116.0,127954.0,105223.0,68984.0,103868.0,116135.0,135012.0,120051.0
<< Ostschweiz,Oeffentliche Auftraggeber,Uebrige Infrastruktur,Folgejahr (Arbeitsvorrat) - Veränderungsraten,*,-6.88,7.28,16.72,-6.4,-7.46,-2.88,-16.14,-10.42,7.85,-2.52,-16.7,13.8,-29.81,-7.66,-11.36,-28.06,14.86,48.71,24.24,-19.55,11.04,82.01,107.57,-30.12,-17.76,-34.44,50.57,11.81,16.25,-11.08
<< Ostschweiz,Oeffentliche Auftraggeber,Wohnen,Laufendes Jahr - Absolute Werte,63530,38847.0,47383.0,34733.0,39863.0,39256.0,21684.0,36297.0,43399.0,60533.0,48276.0,23858.0,43909.0,61118.0,38491.0,48430.0,83989.0,92967.0,59969.0,42529.0,55070.0,48473.0,58124.0,62513.0,70181.0,66807.0,62764.0,54781.0,53161.0,41428.0,38068.0
<< Ostschweiz,Oeffentliche Auftraggeber,Wohnen,Laufendes Jahr - Veränderungsraten,*,-38.85,21.97,-26.7,14.77,-1.52,-44.76,67.39,19.57,39.48,-20.25,-50.58,84.04,39.19,-37.02,25.82,73.42,10.69,-35.49,-29.08,29.49,-11.98,19.91,7.55,12.27,-4.81,-6.05,-12.72,-2.96,-22.07,-8.11
<< Ostschweiz,Oeffentliche Auftraggeber,Wohnen,Folgejahr (Arbeitsvorrat) - Absolute Werte,27687,24524.0,20612.0,17124.0,24258.0,12821.0,5256.0,29165.0,29039.0,30210.0,10552.0,13072.0,32363.0,21869.0,40055.0,26285.0,66308.0,29302.0,23773.0,17647.0,23425.0,28085.0,26828.0,38441.0,40894.0,46612.0,38600.0,29020.0,26780.0,19352.0,22253.0
<< Ostschweiz,Oeffentliche Auftraggeber,Wohnen,Folgejahr (Arbeitsvorrat) - Veränderungsraten,*,-11.42,-15.95,-16.92,41.66,-47.15,-59.0,454.89,-0.43,4.03,-65.07,23.88,147.57,-32.43,83.16,-34.38,152.27,-55.81,-18.87,-25.77,32.74,19.89,-4.48,43.29,6.38,13.98,-17.19,-24.82,-7.72,-27.74,14.99
<< Ostschweiz,Oeffentliche Auftraggeber,Land- und Forstwirtschaft,Laufendes Jahr - Absolute Werte,84031,104263.0,82023.0,94895.0,94838.0,78803.0,71016.0,57913.0,38196.0,28481.0,21970.0,19337.0,16966.0,11847.0,8947.0,17105.0,14769.0,12849.0,41034.0,19115.0,19656.0,18913.0,23070.0,28745.0,27997.0,17804.0,15790.0,16676.0,24072.0,12832.0,15827.0
<< Ostschweiz,Oeffentliche Auftraggeber,Land- und Forstwirtschaft,Laufendes Jahr - Veränderungsraten,*,24.08,-21.33,15.69,-0.06,-16.91,-9.88,-18.45,-34.05,-25.43,-22.86,-11.98,-12.26,-30.17,-24.48,91.18,-13.66,-13.0,219.36,-53.42,2.83,-3.78,21.98,24.6,-2.6,-36.41,-11.31,5.61,44.35,-46.69,23.34
<< Ostschweiz,Oeffentliche Auftraggeber,Land- und Forstwirtschaft,Folgejahr (Arbeitsvorrat) - Absolute Werte,59388,67482.0,58119.0,52155.0,48383.0,52320.0,37340.0,31708.0,16148.0,10424.0,10270.0,8668.0,5777.0,4895.0,4583.0,2914.0,2927.0,6518.0,10353.0,18292.0,19991.0,14918.0,27923.0,17154.0,14822.0,14822.0,13203.0,7435.0,8112.0,15346.0,7937.0
<< Ostschweiz,Oeffentliche Auftraggeber,Land- und Forstwirtschaft,Folgejahr (Arbeitsvorrat) - Veränderungsraten,*,13.63,-13.87,-10.26,-7.23,8.14,-28.63,-15.08,-49.07,-35.45,-1.48,-15.6,-33.35,-15.27,-6.37,-36.42,0.45,122.69,58.84,76.68,9.29,-25.38,87.18,-38.57,-13.59,0.0,-10.92,-43.69,9.11,89.18,-48.28
<< Ostschweiz,Oeffentliche Auftraggeber,"Industrie, Gewerbe und Dienstleistungen",Laufendes Jahr - Absolute Werte,259752,229285.0,183593.0,232023.0,208866.0,110564.0,137927.0,88634.0,84881.0,99132.0,98895.0,149189.0,109673.0,95587.0,61385.0,118083.0,138614.0,146396.0,169779.0,112958.0,144782.0,108246.0,123329.0,124673.0,115797.0,155810.0,156369.0,162234.0,100185.0,143122.0,169601.0
<< Ostschweiz,Oeffentliche Auftraggeber,"Industrie, Gewerbe und Dienstleistungen",Laufendes Jahr - Veränderungsraten,*,-11.73,-19.93,26.38,-9.98,-47.06,24.75,-35.74,-4.23,16.79,-0.24,50.86,-26.49,-12.84,-35.78,92.36,17.39,5.61,15.97,-33.47,28.17,-25.24,13.93,1.09,-7.12,34.55,0.36,3.75,-38.25,42.86,18.5
<< Ostschweiz,Oeffentliche Auftraggeber,"Industrie, Gewerbe und Dienstleistungen",Folgejahr (Arbeitsvorrat) - Absolute Werte,223096,192299.0,160031.0,172809.0,97130.0,37554.0,30327.0,50379.0,92947.0,73154.0,84388.0,93146.0,57041.0,29306.0,38547.0,101990.0,91081.0,99808.0,83623.0,123926.0,84819.0,102823.0,93755.0,94932.0,115409.0,126969.0,132522.0,84723.0,71379.0,175546.0,135643.0
<< Ostschweiz,Oeffentliche Auftraggeber,"Industrie, Gewerbe und Dienstleistungen",Folgejahr (Arbeitsvorrat) - Veränderungsraten,*,-13.8,-16.78,7.98,-43.79,-61.34,-19.24,66.12,84.5,-21.29,15.36,10.38,-38.76,-48.62,31.53,164.59,-10.7,9.58,-16.22,48.2,-31.56,21.23,-8.82,1.26,21.57,10.02,4.37,-36.07,-15.75,145.94,-22.73
<< Ostschweiz,Private Auftraggeber,Kategorie der Bauwerke - Total,Laufendes Jahr - Absolute Werte,5836141,5491441.0,4612638.0,4067625.0,4031329.0,3846632.0,3979455.0,4334800.0,3860380.0,4108039.0,4448185.0,4570728.0,4782768.0,5336473.0,5544861.0,5801494.0,6163997.0,6470783.0,6849551.0,7091560.0,6758038.0,6720528.0,6793900.0,6445371.0,6485396.0,6230944.0,6218226.0,6328392.0,6418899.0,6361146.0,6345934.0
<< Ostschweiz,Private Auftraggeber,Kategorie der Bauwerke - Total,Laufendes Jahr - Veränderungsraten,*,-5.91,-16.0,-11.82,-0.89,-4.58,3.45,8.93,-10.94,6.42,8.28,2.75,4.64,11.58,3.9,4.63,6.25,4.98,5.85,3.53,-4.7,-0.56,1.09,-5.13,0.62,-3.92,-0.2,1.77,1.43,-0.9,-0.24
<< Ostschweiz,Private Auftraggeber,Kategorie der Bauwerke - Total,Folgejahr (Arbeitsvorrat) - Absolute Werte,2941688,2231853.0,1742811.0,1703048.0,1564797.0,1438713.0,1640839.0,1839514.0,1695574.0,1802588.0,2039775.0,2247489.0,2549069.0,2628973.0,2573753.0,3023075.0,3191090.0,2954122.0,3297342.0,4110382.0,4282665.0,3983235.0,3825806.0,3871364.0,3809468.0,4411148.0,3730374.0,3871462.0,3988156.0,4090220.0,3777531.0
<< Ostschweiz,Private Auftraggeber,Kategorie der Bauwerke - Total,Folgejahr (Arbeitsvorrat) - Veränderungsraten,*,-24.13,-21.91,-2.28,-8.12,-8.06,14.05,12.11,-7.82,6.31,13.16,10.18,13.42,3.13,-2.1,17.46,5.56,-7.43,11.62,24.66,4.19,-6.99,-3.95,1.19,-1.6,15.79,-15.43,3.78,3.01,2.56,-7.64
<< Ostschweiz,Private Auftraggeber,Infrastruktur Versorgung,Laufendes Jahr - Absolute Werte,191074,105021.0,53522.0,40554.0,41994.0,35114.0,39277.0,38057.0,53876.0,39824.0,60694.0,94211.0,64825.0,65519.0,158320.0,281340.0,397862.0,334790.0,395427.0,491437.0,569756.0,381825.0,406259.0,207666.0,146391.0,117321.0,126928.0,159079.0,213711.0,190152.0,149000.0
<< Ostschweiz,Private Auftraggeber,Infrastruktur Versorgung,Laufendes Jahr - Veränderungsraten,*,-45.04,-49.04,-24.23,3.55,-16.38,11.86,-3.11,41.57,-26.08,52.41,55.22,-31.19,1.07,141.64,77.7,41.42,-15.85,18.11,24.28,15.94,-32.98,6.4,-48.88,-29.51,-19.86,8.19,25.33,34.34,-11.02,-21.64
<< Ostschweiz,Private Auftraggeber,Infrastruktur Versorgung,Folgejahr (Arbeitsvorrat) - Absolute Werte,88060,45956.0,29485.0,26271.0,22595.0,32716.0,19768.0,16509.0,17143.0,24914.0,77261.0,55086.0,24525.0,87938.0,84727.0,559763.0,528290.0,339319.0,478523.0,720259.0,619360.0,412153.0,227530.0,148862.0,94068.0,87691.0,124890.0,181016.0,166555.0,134025.0,129177.0
<< Ostschweiz,Private Auftraggeber,Infrastruktur Versorgung,Folgejahr (Arbeitsvorrat) - Veränderungsraten,*,-47.81,-35.84,-10.9,-13.99,44.79,-39.58,-16.49,3.84,45.33,210.11,-28.7,-55.48,258.56,-3.65,560.67,-5.62,-35.77,41.02,50.52,-14.01,-33.46,-44.79,-34.57,-36.81,-6.78,42.42,44.94,-7.99,-19.53,-3.62
<< Ostschweiz,Private Auftraggeber,Infrastruktur Entsorgung,Laufendes Jahr - Absolute Werte,22030,19782.0,17290.0,57585.0,10926.0,5294.0,8450.0,8728.0,7843.0,6416.0,7906.0,6791.0,13601.0,5660.0,7652.0,4644.0,8798.0,7109.0,4029.0,4020.0,4528.0,5862.0,6657.0,6398.0,4294.0,9281.0,16022.0,14142.0,10649.0,14640.0,17867.0
<< Ostschweiz,Private Auftraggeber,Infrastruktur Entsorgung,Laufendes Jahr - Veränderungsraten,*,-10.2,-12.6,233.05,-81.03,-51.55,59.61,3.29,-10.14,-18.19,23.22,-14.1,100.28,-58.39,35.19,-39.31,89.45,-19.2,-43.33,-0.22,12.64,29.46,13.56,-3.89,-32.89,116.14,72.63,-11.73,-24.7,37.48,22.04
<< Ostschweiz,Private Auftraggeber,Infrastruktur Entsorgung,Folgejahr (Arbeitsvorrat) - Absolute Werte,1762,7860.0,3698.0,8269.0,2201.0,4437.0,3533.0,2758.0,895.0,2791.0,14694.0,8235.0,2803.0,2621.0,2733.0,7684.0,4278.0,2719.0,302.0,1761.0,3635.0,3754.0,4909.0,410.0,6172.0,7229.0,10762.0,8323.0,5922.0,22810.0,13890.0
<< Ostschweiz,Private Auftraggeber,Infrastruktur Entsorgung,Folgejahr (Arbeitsvorrat) - Veränderungsraten,*,346.08,-52.95,123.61,-73.38,101.59,-20.37,-21.94,-67.55,211.84,426.48,-43.96,-65.96,-6.49,4.27,181.16,-44.33,-36.44,-88.89,483.11,106.42,3.27,30.77,-91.65,1405.37,17.13,48.87,-22.66,-28.85,285.17,-39.11
<< Ostschweiz,Private Auftraggeber,Infrastruktur Strassenverkehr,Laufendes Jahr - Absolute Werte,38137,55288.0,54414.0,34110.0,18179.0,25195.0,17829.0,23755.0,28318.0,39189.0,53155.0,22351.0,19779.0,61549.0,12336.0,13924.0,11489.0,18013.0,20183.0,29143.0,18617.0,30540.0,18428.0,19894.0,12786.0,25274.0,35109.0,32279.0,31882.0,29879.0,22723.0
<< Ostschweiz,Private Auftraggeber,Infrastruktur Strassenverkehr,Laufendes Jahr - Veränderungsraten,*,44.97,-1.58,-37.31,-46.7,38.59,-29.24,33.24,19.21,38.39,35.64,-57.95,-11.51,211.18,-79.96,12.87,-17.49,56.78,12.05,44.39,-36.12,64.04,-39.66,7.96,-35.73,97.67,38.91,-8.06,-1.23,-6.28,-23.95
<< Ostschweiz,Private Auftraggeber,Infrastruktur Strassenverkehr,Folgejahr (Arbeitsvorrat) - Absolute Werte,19992,21270.0,14026.0,8067.0,8109.0,3422.0,7460.0,6569.0,7527.0,30487.0,4597.0,10064.0,8597.0,3191.0,1517.0,4224.0,1629.0,3225.0,15297.0,5918.0,9385.0,6586.0,7767.0,5752.0,4649.0,19002.0,29015.0,22314.0,23039.0,17388.0,7744.0
<< Ostschweiz,Private Auftraggeber,Infrastruktur Strassenverkehr,Folgejahr (Arbeitsvorrat) - Veränderungsraten,*,6.39,-34.06,-42.49,0.52,-57.8,118.0,-11.94,14.58,305.04,-84.92,118.93,-14.58,-62.88,-52.46,178.44,-61.43,97.97,374.33,-61.31,58.58,-29.82,17.93,-25.94,-19.18,308.73,52.69,-23.09,3.25,-24.53,-55.46
<< Ostschweiz,Private Auftraggeber,Infrastruktur übriger Verkehr und Kommunikation,Laufendes Jahr - Absolute Werte,168248,180023.0,159724.0,137771.0,105051.0,99886.0,105795.0,97705.0,70036.0,107475.0,151090.0,115756.0,134963.0,177498.0,174465.0,199131.0,135208.0,167524.0,233973.0,232992.0,211971.0,236003.0,309556.0,326714.0,389374.0,395815.0,293856.0,290633.0,270290.0,295742.0,362380.0
<< Ostschweiz,Private Auftraggeber,Infrastruktur übriger Verkehr und Kommunikation,Laufendes Jahr - Veränderungsraten,*,7.0,-11.28,-13.74,-23.75,-4.92,5.92,-7.65,-28.32,53.46,40.58,-23.39,16.59,31.52,-1.71,14.14,-32.1,23.9,39.67,-0.42,-9.02,11.34,31.17,5.54,19.18,1.65,-25.76,-1.1,-7.0,9.42,22.53
<< Ostschweiz,Private Auftraggeber,Infrastruktur übriger Verkehr und Kommunikation,Folgejahr (Arbeitsvorrat) - Absolute Werte,97874,129179.0,114239.0,59482.0,35042.0,20854.0,72510.0,64609.0,58951.0,82336.0,67198.0,57125.0,70526.0,82021.0,140243.0,112981.0,144183.0,128408.0,180828.0,198571.0,531824.0,282128.0,303222.0,358715.0,367632.0,980393.0,312854.0,241966.0,306193.0,386404.0,302938.0
<< Ostschweiz,Private Auftraggeber,Infrastruktur übriger Verkehr und Kommunikation,Folgejahr (Arbeitsvorrat) - Veränderungsraten,*,31.99,-11.57,-47.93,-41.09,-40.49,247.7,-10.9,-8.76,39.67,-18.39,-14.99,23.46,16.3,70.98,-19.44,27.62,-10.94,40.82,9.81,167.83,-46.95,7.48,18.3,2.49,166.68,-68.09,-22.66,26.54,26.2,-21.6
<< Ostschweiz,Private Auftraggeber,"Bildung, Forschung",Laufendes Jahr - Absolute Werte,11592,26095.0,30114.0,29515.0,19825.0,20040.0,17701.0,18922.0,29170.0,18201.0,9098.0,21272.0,23047.0,11254.0,10225.0,19736.0,13789.0,15081.0,21947.0,17474.0,21352.0,25087.0,34937.0,22461.0,27849.0,32483.0,30500.0,31027.0,17662.0,22480.0,17028.0
<< Ostschweiz,Private Auftraggeber,"Bildung, Forschung",Laufendes Jahr - Veränderungsraten,*,125.11,15.4,-1.99,-32.83,1.08,-11.67,6.9,54.16,-37.6,-50.01,133.81,8.34,-51.17,-9.14,93.02,-30.13,9.37,45.53,-20.38,22.19,17.49,39.26,-35.71,23.99,16.64,-6.1,1.73,-43.08,27.28,-24.25
<< Ostschweiz,Private Auftraggeber,"Bildung, Forschung",Folgejahr (Arbeitsvorrat) - Absolute Werte,18990,14910.0,19125.0,8381.0,11260.0,10585.0,7960.0,10107.0,12094.0,6102.0,2525.0,13331.0,5083.0,1532.0,6639.0,2179.0,4319.0,3632.0,7747.0,8177.0,8127.0,17432.0,20803.0,3322.0,21685.0,21525.0,22674.0,7530.0,6430.0,12093.0,8926.0
<< Ostschweiz,Private Auftraggeber,"Bildung, Forschung",Folgejahr (Arbeitsvorrat) - Veränderungsraten,*,-21.48,28.27,-56.18,34.35,-5.99,-24.8,26.97,19.66,-49.55,-58.62,427.96,-61.87,-69.86,333.36,-67.18,98.21,-15.91,113.3,5.55,-0.61,114.49,19.34,-84.03,552.77,-0.74,5.34,-66.79,-14.61,88.07,-26.19
<< Ostschweiz,Private Auftraggeber,Gesundheit,Laufendes Jahr - Absolute Werte,89944,40970.0,54168.0,38248.0,37904.0,32003.0,62229.0,98601.0,46701.0,60815.0,47626.0,81053.0,92379.0,55463.0,71564.0,76915.0,67281.0,90308.0,123859.0,141461.0,159487.0,201347.0,173621.0,208572.0,243199.0,236630.0,231513.0,186277.0,147346.0,130695.0,124351.0
<< Ostschweiz,Private Auftraggeber,Gesundheit,Laufendes Jahr - Veränderungsraten,*,-54.45,32.21,-29.39,-0.9,-15.57,94.45,58.45,-52.64,30.22,-21.69,70.19,13.97,-39.96,29.03,7.48,-12.53,34.23,37.15,14.21,12.74,26.25,-13.77,20.13,16.6,-2.7,-2.16,-19.54,-20.9,-11.3,-4.85
<< Ostschweiz,Private Auftraggeber,Gesundheit,Folgejahr (Arbeitsvorrat) - Absolute Werte,61025,27282.0,25642.0,27823.0,13784.0,12399.0,50920.0,64603.0,31886.0,9709.0,54360.0,65893.0,39090.0,25766.0,24862.0,17677.0,60332.0,52028.0,65685.0,77336.0,135110.0,142633.0,121037.0,171629.0,184318.0,172660.0,161789.0,117861.0,83311.0,106500.0,98243.0
<< Ostschweiz,Private Auftraggeber,Gesundheit,Folgejahr (Arbeitsvorrat) - Veränderungsraten,*,-55.29,-6.01,8.51,-50.46,-10.05,310.68,26.87,-50.64,-69.55,459.89,21.22,-40.68,-34.09,-3.51,-28.9,241.3,-13.76,26.25,17.74,74.71,5.57,-15.14,41.8,7.39,-6.32,-6.3,-27.15,-29.31,27.83,-7.75
<< Ostschweiz,Private Auftraggeber,Freizeit und Kultur,Laufendes Jahr - Absolute Werte,107789,118009.0,115594.0,81435.0,91790.0,109624.0,92121.0,92075.0,109568.0,75920.0,93607.0,63368.0,59309.0,316571.0,160130.0,103263.0,75109.0,76798.0,55863.0,45406.0,59295.0,90605.0,130217.0,83021.0,85352.0,90084.0,73998.0,51459.0,67305.0,76005.0,72218.0
<< Ostschweiz,Private Auftraggeber,Freizeit und Kultur,Laufendes Jahr - Veränderungsraten,*,9.48,-2.05,-29.55,12.72,19.43,-15.97,-0.05,19.0,-30.71,23.3,-32.3,-6.41,433.77,-49.42,-35.51,-27.26,2.25,-27.26,-18.72,30.59,52.8,43.72,-36.24,2.81,5.54,-17.86,-30.46,30.79,12.93,-4.98
<< Ostschweiz,Private Auftraggeber,Freizeit und Kultur,Folgejahr (Arbeitsvorrat) - Absolute Werte,53822,49793.0,23713.0,25065.0,60336.0,30198.0,17322.0,44486.0,61755.0,27714.0,33634.0,15009.0,253358.0,92774.0,48283.0,18343.0,34196.0,24651.0,15035.0,27920.0,35724.0,80140.0,58831.0,54159.0,53453.0,30627.0,40100.0,41841.0,45299.0,48691.0,51431.0
<< Ostschweiz,Private Auftraggeber,Freizeit und Kultur,Folgejahr (Arbeitsvorrat) - Veränderungsraten,*,-7.49,-52.38,5.7,140.72,-49.95,-42.64,156.82,38.82,-55.12,21.36,-55.38,1588.04,-63.38,-47.96,-62.01,86.43,-27.91,-39.01,85.7,27.95,124.33,-26.59,-7.94,-1.3,-42.7,30.93,4.34,8.26,7.49,5.63
<< Ostschweiz,Private Auftraggeber,Uebrige Infrastruktur,Laufendes Jahr - Absolute Werte,63793,8193.0,4928.0,4370.0,4539.0,5272.0,5458.0,7342.0,11874.0,10607.0,11875.0,4278.0,11156.0,13615.0,16522.0,11977.0,12470.0,15616.0,9389.0,20115.0,20307.0,31735.0,25545.0,15600.0,32023.0,24563.0,18700.0,27690.0,46900.0,37061.0,32204.0
<< Ostschweiz,Private Auftraggeber,Uebrige Infrastruktur,Laufendes Jahr - Veränderungsraten,*,-87.16,-39.85,-11.32,3.87,16.15,3.53,34.52,61.73,-10.67,11.95,-63.97,160.78,22.04,21.35,-27.51,4.12,25.23,-39.88,114.24,0.95,56.28,-19.51,-38.93,105.28,-23.3,-23.87,48.07,69.38,-20.98,-13.11
<< Ostschweiz,Private Auftraggeber,Uebrige Infrastruktur,Folgejahr (Arbeitsvorrat) - Absolute Werte,13375,5985.0,659.0,509.0,2974.0,3891.0,2705.0,2919.0,4423.0,2067.0,2357.0,1118.0,1368.0,10793.0,4173.0,1002.0,4953.0,5516.0,1820.0,7856.0,17459.0,3915.0,4590.0,8045.0,10899.0,6747.0,8126.0,21359.0,29816.0,14898.0,20021.0
<< Ostschweiz,Private Auftraggeber,Uebrige Infrastruktur,Folgejahr (Arbeitsvorrat) - Veränderungsraten,*,-55.25,-88.99,-22.76,484.28,30.83,-30.48,7.91,51.52,-53.27,14.03,-52.57,22.36,688.96,-61.34,-75.99,394.31,11.37,-67.01,331.65,122.24,-77.58,17.24,75.27,35.48,-38.1,20.44,162.85,39.59,-50.03,34.39
<< Ostschweiz,Private Auftraggeber,Wohnen,Laufendes Jahr - Absolute Werte,3750666,3629311.0,3020155.0,2687294.0,2684398.0,2520889.0,2610746.0,2666684.0,2285822.0,2653760.0,3061927.0,3216617.0,3348852.0,3458170.0,3494800.0,3715009.0,4284092.0,4461359.0,4602276.0,4853741.0,4433124.0,4448468.0,4521945.0,4393764.0,4289607.0,3993972.0,4116672.0,4335855.0,4335572.0,4259096.0,4309977.0
<< Ostschweiz,Private Auftraggeber,Wohnen,Laufendes Jahr - Veränderungsraten,*,-3.24,-16.78,-11.02,-0.11,-6.09,3.56,2.14,-14.28,16.1,15.38,5.05,4.11,3.26,1.06,6.3,15.32,4.14,3.16,5.46,-8.67,0.35,1.65,-2.83,-2.37,-6.89,3.07,5.32,-0.01,-1.76,1.19
<< Ostschweiz,Private Auftraggeber,Wohnen,Folgejahr (Arbeitsvorrat) - Absolute Werte,1831396,1403633.0,1157971.0,1066616.0,964425.0,932464.0,1027464.0,1042314.0,1057090.0,1182590.0,1408713.0,1576513.0,1535707.0,1658508.0,1631991.0,1690015.0,1873327.0,1834405.0,2042092.0,2439043.0,2257409.0,2390547.0,2449456.0,2396591.0,2290016.0,2310004.0,2329352.0,2499719.0,2467309.0,2552607.0,2485809.0
<< Ostschweiz,Private Auftraggeber,Wohnen,Folgejahr (Arbeitsvorrat) - Veränderungsraten,*,-23.36,-17.5,-7.89,-9.58,-3.31,10.19,1.45,1.42,11.87,19.12,11.91,-2.59,8.0,-1.6,3.56,10.85,-2.08,11.32,19.44,-7.45,5.9,2.46,-2.16,-4.45,0.87,0.84,7.31,-1.3,3.46,-2.62
<< Ostschweiz,Private Auftraggeber,Land- und Forstwirtschaft,Laufendes Jahr - Absolute Werte,162041,139371.0,152979.0,163119.0,158041.0,141242.0,158189.0,157557.0,138175.0,134864.0,148474.0,124201.0,117595.0,111987.0,113179.0,127876.0,119754.0,128331.0,143794.0,158988.0,171388.0,149617.0,129380.0,101413.0,113080.0,123291.0,120115.0,148171.0,138292.0,123482.0,129969.0
<< Ostschweiz,Private Auftraggeber,Land- und Forstwirtschaft,Laufendes Jahr - Veränderungsraten,*,-13.99,9.76,6.63,-3.11,-10.63,12.0,-0.4,-12.3,-2.4,10.09,-16.35,-5.32,-4.77,1.06,12.99,-6.35,7.16,12.05,10.57,7.8,-12.7,-13.53,-21.62,11.5,9.03,-2.58,23.36,-6.67,-10.71,5.25
<< Ostschweiz,Private Auftraggeber,Land- und Forstwirtschaft,Folgejahr (Arbeitsvorrat) - Absolute Werte,32434,31112.0,27729.0,28912.0,21633.0,30806.0,33672.0,26560.0,22677.0,24701.0,29707.0,25890.0,38574.0,33199.0,32062.0,25082.0,27400.0,35113.0,45524.0,66362.0,64438.0,52585.0,46253.0,41906.0,63761.0,47864.0,60222.0,77628.0,64981.0,66477.0,73301.0
<< Ostschweiz,Private Auftraggeber,Land- und Forstwirtschaft,Folgejahr (Arbeitsvorrat) - Veränderungsraten,*,-4.08,-10.87,4.27,-25.18,42.4,9.3,-21.12,-14.62,8.93,20.27,-12.85,48.99,-13.93,-3.42,-21.77,9.24,28.15,29.65,45.77,-2.9,-18.39,-12.04,-9.4,52.15,-24.93,25.82,28.9,-16.29,2.3,10.27
<< Ostschweiz,Private Auftraggeber,"Industrie, Gewerbe und Dienstleistungen",Laufendes Jahr - Absolute Werte,1230827,1169378.0,949750.0,793624.0,858682.0,852073.0,861660.0,1125374.0,1078997.0,960968.0,802733.0,820830.0,897262.0,1059187.0,1325668.0,1247679.0,1038145.0,1155854.0,1238811.0,1096783.0,1088213.0,1119439.0,1037355.0,1059868.0,1141441.0,1182230.0,1154813.0,1051780.0,1139290.0,1181914.0,1108217.0
<< Ostschweiz,Private Auftraggeber,"Industrie, Gewerbe und Dienstleistungen",Laufendes Jahr - Veränderungsraten,*,-4.99,-18.78,-16.44,8.2,-0.77,1.13,30.61,-4.12,-10.94,-16.47,2.25,9.31,18.05,25.16,-5.88,-16.79,11.34,7.18,-11.46,-0.78,2.87,-7.33,2.17,7.7,3.57,-2.32,-8.92,8.32,3.74,-6.24
<< Ostschweiz,Private Auftraggeber,"Industrie, Gewerbe und Dienstleistungen",Folgejahr (Arbeitsvorrat) - Absolute Werte,722958,494873.0,326524.0,443653.0,422438.0,356941.0,397525.0,558080.0,421133.0,409177.0,344729.0,419225.0,569438.0,630630.0,596523.0,584125.0,508183.0,525106.0,444489.0,557179.0,600194.0,591362.0,581408.0,681973.0,712815.0,727406.0,630590.0,651905.0,789301.0,728327.0,586051.0
<< Ostschweiz,Private Auftraggeber,"Industrie, Gewerbe und Dienstleistungen",Folgejahr (Arbeitsvorrat) - Veränderungsraten,*,-31.55,-34.02,35.87,-4.78,-15.5,11.37,40.39,-24.54,-2.84,-15.75,21.61,35.83,10.75,-5.41,-2.08,-13.0,3.33,-15.35,25.35,7.72,-1.47,-1.68,17.3,4.52,2.05,-13.31,3.38,21.08,-7.73,-19.53
<< Zentralschweiz,Art der Auftraggeber - Total,Kategorie der Bauwerke - Total,Laufendes Jahr - Absolute Werte,4871542,4840385.0,4317921.0,4169382.0,4227937.0,3953180.0,3999415.0,4090437.0,4108635.0,4380230.0,4812348.0,4656216.0,4599856.0,4936298.0,4947598.0,5680444.0,5408437.0,5402939.0,5677791.0,5702490.0,5783355.0,6025605.0,6139942.0,6218026.0,6210618.0,6130713.0,6008359.0,5756231.0,5863847.0,6102622.0,5866799.0
<< Zentralschweiz,Art der Auftraggeber - Total,Kategorie der Bauwerke - Total,Laufendes Jahr - Veränderungsraten,*,-0.64,-10.79,-3.44,1.4,-6.5,1.17,2.28,0.44,6.61,9.87,-3.24,-1.21,7.31,0.23,14.81,-4.79,-0.1,5.09,0.44,1.42,4.19,1.9,1.27,-0.12,-1.29,-2.0,-4.2,1.87,4.07,-3.86
<< Zentralschweiz,Art der Auftraggeber - Total,Kategorie der Bauwerke - Total,Folgejahr (Arbeitsvorrat) - Absolute Werte,2829531,2208898.0,2383513.0,2175720.0,2173289.0,2166471.0,2273278.0,2583268.0,2563073.0,2311375.0,2781547.0,3051066.0,3056550.0,3044232.0,3083177.0,3746600.0,3154007.0,3080651.0,3100471.0,3616030.0,3761290.0,3882561.0,4049651.0,4149802.0,4451881.0,4206246.0,4099412.0,4243766.0,4409435.0,4422882.0,4645502.0
<< Zentralschweiz,Art der Auftraggeber - Total,Kategorie der Bauwerke - Total,Folgejahr (Arbeitsvorrat) - Veränderungsraten,*,-21.93,7.91,-8.72,-0.11,-0.31,4.93,13.64,-0.78,-9.82,20.34,9.69,0.18,-0.4,1.28,21.52,-15.82,-2.33,0.64,16.63,4.02,3.22,4.3,2.47,7.28,-5.52,-2.54,3.52,3.9,0.3,5.03
<< Zentralschweiz,Art der Auftraggeber - Total,Infrastruktur Versorgung,Laufendes Jahr - Absolute Werte,221151,111919.0,83958.0,74948.0,129428.0,89495.0,82124.0,89367.0,65395.0,54992.0,51438.0,49385.0,40947.0,69871.0,86023.0,74492.0,132820.0,96653.0,110906.0,105148.0,87379.0,84978.0,100468.0,122800.0,150590.0,210517.0,236497.0,118330.0,198986.0,136830.0,170315.0
<< Zentralschweiz,Art der Auftraggeber - Total,Infrastruktur Versorgung,Laufendes Jahr - Veränderungsraten,*,-49.39,-24.98,-10.73,72.69,-30.85,-8.24,8.82,-26.82,-15.91,-6.46,-3.99,-17.09,70.64,23.12,-13.4,78.3,-27.23,14.75,-5.19,-16.9,-2.75,18.23,22.23,22.63,39.79,12.34,-49.97,68.16,-31.24,24.47
<< Zentralschweiz,Art der Auftraggeber - Total,Infrastruktur Versorgung,Folgejahr (Arbeitsvorrat) - Absolute Werte,84015,74634.0,74688.0,58651.0,70156.0,60819.0,62978.0,54235.0,53456.0,30725.0,26978.0,50082.0,33600.0,52505.0,44448.0,37744.0,71370.0,65218.0,65575.0,71046.0,61678.0,63933.0,79426.0,87755.0,199069.0,226546.0,188261.0,108587.0,147117.0,114760.0,118764.0
<< Zentralschweiz,Art der Auftraggeber - Total,Infrastruktur Versorgung,Folgejahr (Arbeitsvorrat) - Veränderungsraten,*,-11.17,0.07,-21.47,19.62,-13.31,3.55,-13.88,-1.44,-42.52,-12.2,85.64,-32.91,56.26,-15.35,-15.08,89.09,-8.62,0.55,8.34,-13.19,3.66,24.23,10.49,126.85,13.8,-16.9,-42.32,35.48,-21.99,3.49
<< Zentralschweiz,Art der Auftraggeber - Total,Infrastruktur Entsorgung,Laufendes Jahr - Absolute Werte,104290,85163.0,82850.0,75222.0,70854.0,43024.0,63381.0,56107.0,48229.0,49883.0,43386.0,50408.0,50161.0,32493.0,35574.0,28191.0,27572.0,28147.0,31832.0,28324.0,45024.0,51429.0,30716.0,38674.0,43430.0,39563.0,65320.0,57295.0,59233.0,54165.0,57709.0
<< Zentralschweiz,Art der Auftraggeber - Total,Infrastruktur Entsorgung,Laufendes Jahr - Veränderungsraten,*,-18.34,-2.72,-9.21,-5.81,-39.28,47.32,-11.48,-14.04,3.43,-13.02,16.18,-0.49,-35.22,9.48,-20.75,-2.2,2.09,13.09,-11.02,58.96,14.23,-40.27,25.91,12.3,-8.9,65.1,-12.29,3.38,-8.56,6.54
<< Zentralschweiz,Art der Auftraggeber - Total,Infrastruktur Entsorgung,Folgejahr (Arbeitsvorrat) - Absolute Werte,64342,58004.0,54784.0,52589.0,26853.0,16931.0,51535.0,61668.0,39206.0,33284.0,30201.0,27611.0,20304.0,15880.0,16095.0,58356.0,21604.0,29819.0,26609.0,28225.0,36228.0,15677.0,31333.0,37548.0,26142.0,37923.0,40130.0,57212.0,39240.0,33690.0,59626.0
<< Zentralschweiz,Art der Auftraggeber - Total,Infrastruktur Entsorgung,Folgejahr (Arbeitsvorrat) - Veränderungsraten,*,-9.85,-5.55,-4.01,-48.94,-36.95,204.38,19.66,-36.42,-15.1,-9.26,-8.58,-26.46,-21.79,1.35,262.57,-62.98,38.03,-10.76,6.07,28.35,-56.73,99.87,19.84,-30.38,45.07,5.82,42.57,-31.41,-14.14,76.98
<< Zentralschweiz,Art der Auftraggeber - Total,Infrastruktur Strassenverkehr,Laufendes Jahr - Absolute Werte,278987,289194.0,346482.0,317676.0,311983.0,354078.0,432817.0,452837.0,431228.0,437265.0,444993.0,420736.0,407302.0,433833.0,552080.0,496090.0,483781.0,521256.0,462700.0,341930.0,384608.0,372148.0,335106.0,305319.0,338877.0,438166.0,490925.0,417604.0,369841.0,423683.0,368251.0
<< Zentralschweiz,Art der Auftraggeber - Total,Infrastruktur Strassenverkehr,Laufendes Jahr - Veränderungsraten,*,3.66,19.81,-8.31,-1.79,13.49,22.24,4.63,-4.77,1.4,1.77,-5.45,-3.19,6.51,27.26,-10.14,-2.48,7.75,-11.23,-26.1,12.48,-3.24,-9.95,-8.89,10.99,29.3,12.04,-14.94,-11.44,14.56,-13.08
<< Zentralschweiz,Art der Auftraggeber - Total,Infrastruktur Strassenverkehr,Folgejahr (Arbeitsvorrat) - Absolute Werte,281755,251057.0,316493.0,261676.0,310826.0,388851.0,413165.0,494982.0,463322.0,295113.0,378629.0,540085.0,446317.0,504700.0,455369.0,495814.0,437003.0,364036.0,293725.0,377252.0,388965.0,344595.0,222502.0,312154.0,422853.0,448614.0,452345.0,447284.0,519992.0,480295.0,520160.0
<< Zentralschweiz,Art der Auftraggeber - Total,Infrastruktur Strassenverkehr,Folgejahr (Arbeitsvorrat) - Veränderungsraten,*,-10.9,26.06,-17.32,18.78,25.1,6.25,19.8,-6.4,-36.3,28.3,42.64,-17.36,13.08,-9.77,8.88,-11.86,-16.7,-19.31,28.44,3.1,-11.41,-35.43,40.29,35.46,6.09,0.83,-1.12,16.26,-7.63,8.3
<< Zentralschweiz,Art der Auftraggeber - Total,Infrastruktur übriger Verkehr und Kommunikation,Laufendes Jahr - Absolute Werte,188414,157346.0,157114.0,137579.0,167988.0,187072.0,189304.0,221356.0,377863.0,349515.0,373434.0,332669.0,383790.0,399345.0,430981.0,581009.0,405628.0,364172.0,334186.0,271722.0,289849.0,318476.0,264869.0,228580.0,216577.0,201638.0,194345.0,277428.0,219123.0,346327.0,410359.0
<< Zentralschweiz,Art der Auftraggeber - Total,Infrastruktur übriger Verkehr und Kommunikation,Laufendes Jahr - Veränderungsraten,*,-16.49,-0.15,-12.43,22.1,11.36,1.19,16.93,70.7,-7.5,6.84,-10.92,15.37,4.05,7.92,34.81,-30.19,-10.22,-8.23,-18.69,6.67,9.88,-16.83,-13.7,-5.25,-6.9,-3.62,42.75,-21.02,58.05,18.49
<< Zentralschweiz,Art der Auftraggeber - Total,Infrastruktur übriger Verkehr und Kommunikation,Folgejahr (Arbeitsvorrat) - Absolute Werte,134664,118002.0,105284.0,145432.0,134236.0,163860.0,205849.0,322434.0,371813.0,292566.0,366379.0,429971.0,511437.0,552391.0,699131.0,510914.0,391699.0,337633.0,253783.0,358279.0,345722.0,329114.0,237945.0,224291.0,149232.0,219955.0,233192.0,267010.0,297861.0,361261.0,436584.0
<< Zentralschweiz,Art der Auftraggeber - Total,Infrastruktur übriger Verkehr und Kommunikation,Folgejahr (Arbeitsvorrat) - Veränderungsraten,*,-12.37,-10.78,38.13,-7.7,22.07,25.62,56.64,15.31,-21.31,25.23,17.36,18.95,8.01,26.56,-26.92,-23.33,-13.8,-24.83,41.18,-3.5,-4.8,-27.7,-5.74,-33.47,47.39,6.02,14.5,11.55,21.29,20.85
<< Zentralschweiz,Art der Auftraggeber - Total,"Bildung, Forschung",Laufendes Jahr - Absolute Werte,205590,161748.0,195777.0,193296.0,204420.0,189856.0,200732.0,138601.0,127165.0,175474.0,168406.0,208818.0,153392.0,103077.0,147928.0,106476.0,128188.0,137422.0,129496.0,125958.0,125267.0,145040.0,171008.0,226236.0,233712.0,243083.0,206695.0,156049.0,191720.0,243125.0,288937.0
<< Zentralschweiz,Art der Auftraggeber - Total,"Bildung, Forschung",Laufendes Jahr - Veränderungsraten,*,-21.32,21.04,-1.27,5.75,-7.12,5.73,-30.95,-8.25,37.99,-4.03,24.0,-26.54,-32.8,43.51,-28.02,20.39,7.2,-5.77,-2.73,-0.55,15.78,17.9,32.3,3.3,4.01,-14.97,-24.5,22.86,26.81,18.84
<< Zentralschweiz,Art der Auftraggeber - Total,"Bildung, Forschung",Folgejahr (Arbeitsvorrat) - Absolute Werte,138004,95579.0,142247.0,151962.0,170034.0,165348.0,110764.0,78328.0,110328.0,89338.0,120837.0,109201.0,73791.0,54494.0,94407.0,105989.0,55525.0,104685.0,89726.0,54589.0,81648.0,110917.0,186007.0,169420.0,174594.0,197794.0,132454.0,128901.0,198298.0,247444.0,299768.0
<< Zentralschweiz,Art der Auftraggeber - Total,"Bildung, Forschung",Folgejahr (Arbeitsvorrat) - Veränderungsraten,*,-30.74,48.83,6.83,11.89,-2.76,-33.01,-29.28,40.85,-19.03,35.26,-9.63,-32.43,-26.15,73.24,12.27,-47.61,88.54,-14.29,-39.16,49.57,35.85,67.7,-8.92,3.05,13.29,-33.03,-2.68,53.84,24.78,21.15
<< Zentralschweiz,Art der Auftraggeber - Total,Gesundheit,Laufendes Jahr - Absolute Werte,147230,120559.0,124791.0,95490.0,115672.0,88349.0,90209.0,105336.0,85584.0,115460.0,149714.0,166775.0,132472.0,170884.0,158388.0,148539.0,148890.0,130493.0,105336.0,114613.0,192117.0,239503.0,246211.0,199531.0,128525.0,156172.0,194949.0,204177.0,177376.0,206637.0,186314.0
<< Zentralschweiz,Art der Auftraggeber - Total,Gesundheit,Laufendes Jahr - Veränderungsraten,*,-18.12,3.51,-23.48,21.14,-23.62,2.11,16.77,-18.75,34.91,29.67,11.4,-20.57,29.0,-7.31,-6.22,0.24,-12.36,-19.28,8.81,67.62,24.67,2.8,-18.96,-35.59,21.51,24.83,4.73,-13.13,16.5,-9.84
<< Zentralschweiz,Art der Auftraggeber - Total,Gesundheit,Folgejahr (Arbeitsvorrat) - Absolute Werte,87562,81741.0,74135.0,76962.0,69404.0,88299.0,94466.0,81241.0,78230.0,128200.0,132718.0,127230.0,127937.0,139725.0,78075.0,168202.0,161399.0,129914.0,60192.0,88792.0,159929.0,140527.0,120352.0,129559.0,116587.0,212211.0,146155.0,133027.0,139346.0,195245.0,145609.0
<< Zentralschweiz,Art der Auftraggeber - Total,Gesundheit,Folgejahr (Arbeitsvorrat) - Veränderungsraten,*,-6.65,-9.31,3.81,-9.82,27.22,6.98,-14.0,-3.71,63.88,3.52,-4.14,0.56,9.21,-44.12,115.44,-4.04,-19.51,-53.67,47.51,80.12,-12.13,-14.36,7.65,-10.01,82.02,-31.13,-8.98,4.75,40.12,-25.42
<< Zentralschweiz,Art der Auftraggeber - Total,Freizeit und Kultur,Laufendes Jahr - Absolute Werte,159711,190988.0,143558.0,190695.0,147716.0,173310.0,98624.0,99265.0,86170.0,85495.0,78487.0,90320.0,83685.0,74659.0,114445.0,146868.0,136787.0,131783.0,129791.0,93726.0,73681.0,100546.0,136643.0,191125.0,185986.0,142191.0,80011.0,85694.0,87433.0,136728.0,115647.0
<< Zentralschweiz,Art der Auftraggeber - Total,Freizeit und Kultur,Laufendes Jahr - Veränderungsraten,*,19.58,-24.83,32.83,-22.54,17.33,-43.09,0.65,-13.19,-0.78,-8.2,15.08,-7.35,-10.79,53.29,28.33,-6.86,-3.66,-1.51,-27.79,-21.39,36.46,35.9,39.87,-2.69,-23.55,-43.73,7.1,2.03,56.38,-15.42
<< Zentralschweiz,Art der Auftraggeber - Total,Freizeit und Kultur,Folgejahr (Arbeitsvorrat) - Absolute Werte,112987,98117.0,116446.0,95803.0,82577.0,57591.0,48220.0,50577.0,47369.0,31708.0,41970.0,31862.0,25856.0,38036.0,62933.0,173684.0,84715.0,72879.0,46736.0,32402.0,54046.0,90228.0,136237.0,120629.0,106359.0,39137.0,48738.0,59559.0,68933.0,92520.0,97181.0
<< Zentralschweiz,Art der Auftraggeber - Total,Freizeit und Kultur,Folgejahr (Arbeitsvorrat) - Veränderungsraten,*,-13.16,18.68,-17.73,-13.81,-30.26,-16.27,4.89,-6.34,-33.06,32.36,-24.08,-18.85,47.11,65.46,175.98,-51.22,-13.97,-35.87,-30.67,66.8,66.95,50.99,-11.46,-11.83,-63.2,24.53,22.2,15.74,34.22,5.04
<< Zentralschweiz,Art der Auftraggeber - Total,Uebrige Infrastruktur,Laufendes Jahr - Absolute Werte,105151,84512.0,78203.0,104306.0,99926.0,83872.0,89734.0,85936.0,109065.0,70350.0,79850.0,62314.0,96221.0,74562.0,117019.0,81642.0,72861.0,83944.0,91235.0,98415.0,106080.0,119189.0,92148.0,146807.0,124727.0,101203.0,116090.0,89172.0,103267.0,150502.0,130132.0
<< Zentralschweiz,Art der Auftraggeber - Total,Uebrige Infrastruktur,Laufendes Jahr - Veränderungsraten,*,-19.63,-7.47,33.38,-4.2,-16.07,6.99,-4.23,26.91,-35.5,13.5,-21.96,54.41,-22.51,56.94,-30.23,-10.76,15.21,8.69,7.87,7.79,12.36,-22.69,59.32,-15.04,-18.86,14.71,-23.19,15.81,45.74,-13.53
<< Zentralschweiz,Art der Auftraggeber - Total,Uebrige Infrastruktur,Folgejahr (Arbeitsvorrat) - Absolute Werte,84678,78490.0,66805.0,94982.0,70486.0,79780.0,60462.0,60018.0,64175.0,56055.0,52534.0,56984.0,59122.0,68463.0,84495.0,65955.0,72273.0,65023.0,118866.0,81203.0,64427.0,70761.0,69067.0,114840.0,183826.0,88762.0,95837.0,82792.0,98039.0,107609.0,114425.0
<< Zentralschweiz,Art der Auftraggeber - Total,Uebrige Infrastruktur,Folgejahr (Arbeitsvorrat) - Veränderungsraten,*,-7.31,-14.89,42.18,-25.79,13.19,-24.21,-0.73,6.93,-12.65,-6.28,8.47,3.75,15.8,23.42,-21.94,9.58,-10.03,82.81,-31.69,-20.66,9.83,-2.39,66.27,60.07,-51.71,7.97,-13.61,18.42,9.76,6.33
<< Zentralschweiz,Art der Auftraggeber - Total,Wohnen,Laufendes Jahr - Absolute Werte,2532353,2694585.0,2192829.0,2073896.0,2089748.0,1962296.0,1935384.0,1937202.0,1900510.0,2254575.0,2480445.0,2557376.0,2438794.0,2664405.0,2425680.0,2887334.0,2964877.0,3047032.0,3315422.0,3600062.0,3543872.0,3617705.0,3740469.0,3637566.0,3505784.0,3401439.0,3260571.0,3340186.0,3415576.0,3373150.0,3148245.0
<< Zentralschweiz,Art der Auftraggeber - Total,Wohnen,Laufendes Jahr - Veränderungsraten,*,6.41,-18.62,-5.42,0.76,-6.1,-1.37,0.09,-1.89,18.63,10.02,3.1,-4.64,9.25,-8.96,19.03,2.69,2.77,8.81,8.59,-1.56,2.08,3.39,-2.75,-3.62,-2.98,-4.14,2.44,2.26,-1.24,-6.67
<< Zentralschweiz,Art der Auftraggeber - Total,Wohnen,Folgejahr (Arbeitsvorrat) - Absolute Werte,1296401,932000.0,903111.0,852190.0,857251.0,780190.0,791585.0,886233.0,893477.0,925109.0,1192477.0,1295775.0,1374312.0,1297444.0,1175991.0,1593663.0,1368244.0,1508868.0,1698352.0,1967636.0,2058148.0,2087377.0,2330170.0,2172867.0,2230749.0,1982711.0,2065039.0,2197446.0,2185718.0,2084904.0,2165962.0
<< Zentralschweiz,Art der Auftraggeber - Total,Wohnen,Folgejahr (Arbeitsvorrat) - Veränderungsraten,*,-28.11,-3.1,-5.64,0.59,-8.99,1.46,11.96,0.82,3.54,28.9,8.66,6.06,-5.59,-9.36,35.52,-14.14,10.28,12.56,15.86,4.6,1.42,11.63,-6.75,2.66,-11.12,4.15,6.41,-0.53,-4.61,3.89
<< Zentralschweiz,Art der Auftraggeber - Total,Land- und Forstwirtschaft,Laufendes Jahr - Absolute Werte,209217,190772.0,140461.0,165060.0,150059.0,146428.0,145569.0,136889.0,134797.0,126016.0,141468.0,122625.0,123807.0,100759.0,124088.0,100357.0,103705.0,105286.0,114277.0,129278.0,146771.0,132077.0,143431.0,117815.0,110844.0,126789.0,125787.0,126062.0,150736.0,136952.0,129645.0
<< Zentralschweiz,Art der Auftraggeber - Total,Land- und Forstwirtschaft,Laufendes Jahr - Veränderungsraten,*,-8.82,-26.37,17.51,-9.09,-2.42,-0.59,-5.96,-1.53,-6.51,12.26,-13.32,0.96,-18.62,23.15,-19.12,3.34,1.52,8.54,13.13,13.53,-10.01,8.6,-17.86,-5.92,14.39,-0.79,0.22,19.57,-9.14,-5.34
<< Zentralschweiz,Art der Auftraggeber - Total,Land- und Forstwirtschaft,Folgejahr (Arbeitsvorrat) - Absolute Werte,57188,47446.0,43102.0,53811.0,47631.0,39403.0,39901.0,47179.0,40348.0,38122.0,36286.0,47130.0,43859.0,33611.0,32085.0,37712.0,34346.0,36117.0,39857.0,65392.0,53493.0,58734.0,83110.0,54664.0,68965.0,69995.0,76168.0,87656.0,79117.0,80840.0,72041.0
<< Zentralschweiz,Art der Auftraggeber - Total,Land- und Forstwirtschaft,Folgejahr (Arbeitsvorrat) - Veränderungsraten,*,-17.04,-9.16,24.85,-11.48,-17.27,1.26,18.24,-14.48,-5.52,-4.82,29.88,-6.94,-23.37,-4.54,17.54,-8.93,5.16,10.36,64.07,-18.2,9.8,41.5,-34.23,26.16,1.49,8.82,15.08,-9.74,2.18,-10.88
<< Zentralschweiz,Art der Auftraggeber - Total,"Industrie, Gewerbe und Dienstleistungen",Laufendes Jahr - Absolute Werte,719448,753599.0,771898.0,741214.0,740143.0,635400.0,671537.0,767541.0,742629.0,661205.0,800727.0,594790.0,689285.0,812410.0,755392.0,1029446.0,803328.0,756751.0,852610.0,793314.0,788707.0,844514.0,878873.0,1003573.0,1171566.0,1069952.0,1037169.0,884234.0,890556.0,894523.0,861245.0
<< Zentralschweiz,Art der Auftraggeber - Total,"Industrie, Gewerbe und Dienstleistungen",Laufendes Jahr - Veränderungsraten,*,4.75,2.43,-3.98,-0.14,-14.15,5.69,14.3,-3.25,-10.96,21.1,-25.72,15.89,17.86,-7.02,36.28,-21.97,-5.8,12.67,-6.95,-0.58,7.08,4.07,14.19,16.74,-8.67,-3.06,-14.75,0.71,0.45,-3.72
<< Zentralschweiz,Art der Auftraggeber - Total,"Industrie, Gewerbe und Dienstleistungen",Folgejahr (Arbeitsvorrat) - Absolute Werte,487935,373828.0,486418.0,331662.0,333835.0,325399.0,394353.0,446373.0,401349.0,391155.0,402538.0,335135.0,340015.0,286983.0,340148.0,498567.0,455829.0,366459.0,407050.0,491214.0,457006.0,570698.0,553502.0,726075.0,773505.0,682598.0,621093.0,674292.0,635774.0,624314.0,615382.0
<< Zentralschweiz,Art der Auftraggeber - Total,"Industrie, Gewerbe und Dienstleistungen",Folgejahr (Arbeitsvorrat) - Veränderungsraten,*,-23.39,30.12,-31.82,0.66,-2.53,21.19,13.19,-10.09,-2.54,2.91,-16.74,1.46,-15.6,18.53,46.57,-8.57,-19.61,11.08,20.68,-6.96,24.88,-3.01,31.18,6.53,-11.75,-9.01,8.57,-5.71,-1.8,-1.43
<< Zentralschweiz,Oeffentliche Auftraggeber,Kategorie der Bauwerke - Total,Laufendes Jahr - Absolute Werte,1385860,1087337.0,1090360.0,1071536.0,1164829.0,1048351.0,1128173.0,1133980.0,1232275.0,1222234.0,1277535.0,1259134.0,1258714.0,1296072.0,1525012.0,1483905.0,1428732.0,1401157.0,1222893.0,1046859.0,1098434.0,1142628.0,1064706.0,1028429.0,1033678.0,1135455.0,1330333.0,1245601.0,1265952.0,1504853.0,1564325.0
<< Zentralschweiz,Oeffentliche Auftraggeber,Kategorie der Bauwerke - Total,Laufendes Jahr - Veränderungsraten,*,-21.54,0.28,-1.73,8.71,-10.0,7.61,0.51,8.67,-0.81,4.52,-1.44,-0.03,2.97,17.66,-2.7,-3.72,-1.93,-12.72,-14.39,4.93,4.02,-6.82,-3.41,0.51,9.85,17.16,-6.37,1.63,18.87,3.95
<< Zentralschweiz,Oeffentliche Auftraggeber,Kategorie der Bauwerke - Total,Folgejahr (Arbeitsvorrat) - Absolute Werte,1003670,813458.0,936843.0,949574.0,889107.0,1004418.0,1008363.0,1145706.0,1198279.0,893120.0,1126523.0,1342061.0,1319429.0,1361130.0,1479700.0,1423984.0,1271971.0,1108578.0,882400.0,993039.0,1013200.0,994657.0,857124.0,883486.0,1080339.0,1208900.0,1171321.0,1196376.0,1449328.0,1537732.0,1725236.0
<< Zentralschweiz,Oeffentliche Auftraggeber,Kategorie der Bauwerke - Total,Folgejahr (Arbeitsvorrat) - Veränderungsraten,*,-18.95,15.17,1.36,-6.37,12.97,0.39,13.62,4.59,-25.47,26.13,19.13,-1.69,3.16,8.71,-3.77,-10.68,-12.85,-20.4,12.54,2.03,-1.83,-13.83,3.08,22.28,11.9,-3.11,2.14,21.14,6.1,12.19
<< Zentralschweiz,Oeffentliche Auftraggeber,Infrastruktur Versorgung,Laufendes Jahr - Absolute Werte,150190,74692.0,61535.0,59386.0,115960.0,53049.0,42405.0,45544.0,28611.0,29309.0,20614.0,12670.0,16393.0,28200.0,33230.0,33262.0,78215.0,58352.0,74549.0,55076.0,35213.0,41171.0,41193.0,60201.0,91653.0,129068.0,161770.0,45092.0,102551.0,48965.0,62858.0
<< Zentralschweiz,Oeffentliche Auftraggeber,Infrastruktur Versorgung,Laufendes Jahr - Veränderungsraten,*,-50.27,-17.62,-3.49,95.26,-54.25,-20.06,7.4,-37.18,2.44,-29.67,-38.54,29.38,72.02,17.84,0.1,135.15,-25.4,27.76,-26.12,-36.06,16.92,0.05,46.14,52.24,40.82,25.34,-72.13,127.43,-52.25,28.37
<< Zentralschweiz,Oeffentliche Auftraggeber,Infrastruktur Versorgung,Folgejahr (Arbeitsvorrat) - Absolute Werte,45308,56524.0,60671.0,48159.0,40902.0,30073.0,32834.0,13032.0,26350.0,11353.0,8016.0,12971.0,15810.0,14613.0,20460.0,20656.0,45665.0,58006.0,44083.0,29709.0,36507.0,32595.0,26653.0,47388.0,140476.0,159260.0,116757.0,48001.0,88233.0,48776.0,58635.0
<< Zentralschweiz,Oeffentliche Auftraggeber,Infrastruktur Versorgung,Folgejahr (Arbeitsvorrat) - Veränderungsraten,*,24.76,7.34,-20.62,-15.07,-26.48,9.18,-60.31,102.19,-56.91,-29.39,61.81,21.89,-7.57,40.01,0.96,121.07,27.03,-24.0,-32.61,22.88,-10.72,-18.23,77.8,196.44,13.37,-26.69,-58.89,83.81,-44.72,20.21
<< Zentralschweiz,Oeffentliche Auftraggeber,Infrastruktur Entsorgung,Laufendes Jahr - Absolute Werte,93389,76724.0,75530.0,67216.0,64820.0,37322.0,60371.0,53708.0,45152.0,42003.0,39044.0,39588.0,44211.0,29754.0,25948.0,24306.0,20291.0,22287.0,24276.0,23276.0,33674.0,43283.0,27212.0,31072.0,33133.0,26081.0,36616.0,47507.0,48665.0,45530.0,42027.0
<< Zentralschweiz,Oeffentliche Auftraggeber,Infrastruktur Entsorgung,Laufendes Jahr - Veränderungsraten,*,-17.84,-1.56,-11.01,-3.56,-42.42,61.76,-11.04,-15.93,-6.97,-7.04,1.39,11.68,-32.7,-12.79,-6.33,-16.52,9.84,8.92,-4.12,44.67,28.54,-37.13,14.18,6.63,-21.28,40.39,29.74,2.44,-6.44,-7.69
<< Zentralschweiz,Oeffentliche Auftraggeber,Infrastruktur Entsorgung,Folgejahr (Arbeitsvorrat) - Absolute Werte,55512,55071.0,52145.0,51333.0,23249.0,16218.0,51025.0,61356.0,38006.0,27953.0,26778.0,26028.0,19591.0,13932.0,13906.0,56594.0,19035.0,24736.0,24568.0,27014.0,34188.0,14357.0,29546.0,29291.0,22677.0,24267.0,33505.0,49416.0,31311.0,29206.0,47153.0
<< Zentralschweiz,Oeffentliche Auftraggeber,Infrastruktur Entsorgung,Folgejahr (Arbeitsvorrat) - Veränderungsraten,*,-0.79,-5.31,-1.56,-54.71,-30.24,214.62,20.25,-38.06,-26.45,-4.2,-2.8,-24.73,-28.89,-0.19,306.98,-66.37,29.95,-0.68,9.96,26.56,-58.01,105.8,-0.86,-22.58,7.01,38.07,47.49,-36.64,-6.72,61.45
<< Zentralschweiz,Oeffentliche Auftraggeber,Infrastruktur Strassenverkehr,Laufendes Jahr - Absolute Werte,229500,245747.0,267128.0,261380.0,275032.0,314456.0,370542.0,405844.0,373158.0,393538.0,403838.0,374809.0,374737.0,406368.0,522890.0,423011.0,427311.0,458698.0,417201.0,304335.0,326616.0,330558.0,288939.0,268339.0,264123.0,345795.0,447209.0,375177.0,335464.0,398470.0,350315.0
<< Zentralschweiz,Oeffentliche Auftraggeber,Infrastruktur Strassenverkehr,Laufendes Jahr - Veränderungsraten,*,7.08,8.7,-2.15,5.22,14.33,17.84,9.53,-8.05,5.46,2.62,-7.19,-0.02,8.44,28.67,-19.1,1.02,7.35,-9.05,-27.05,7.32,1.21,-12.59,-7.13,-1.57,30.92,29.33,-16.11,-10.59,18.78,-12.08
<< Zentralschweiz,Oeffentliche Auftraggeber,Infrastruktur Strassenverkehr,Folgejahr (Arbeitsvorrat) - Absolute Werte,262512,221775.0,290543.0,244099.0,291824.0,376623.0,395633.0,468609.0,453339.0,286808.0,347480.0,529748.0,441331.0,496852.0,446258.0,432097.0,406873.0,332818.0,274906.0,340960.0,361210.0,308848.0,209480.0,266375.0,367522.0,420395.0,420562.0,426991.0,505446.0,467600.0,512607.0
<< Zentralschweiz,Oeffentliche Auftraggeber,Infrastruktur Strassenverkehr,Folgejahr (Arbeitsvorrat) - Veränderungsraten,*,-15.52,31.01,-15.99,19.55,29.06,5.05,18.45,-3.26,-36.73,21.15,52.45,-16.69,12.58,-10.18,-3.17,-5.84,-18.2,-17.4,24.03,5.94,-14.5,-32.17,27.16,37.97,14.39,0.04,1.53,18.37,-7.49,9.63
<< Zentralschweiz,Oeffentliche Auftraggeber,Infrastruktur übriger Verkehr und Kommunikation,Laufendes Jahr - Absolute Werte,173716,140210.0,124532.0,120417.0,147934.0,140898.0,158900.0,162175.0,334113.0,298160.0,346593.0,318431.0,344104.0,372518.0,402649.0,555845.0,378054.0,341247.0,300560.0,243264.0,248811.0,258942.0,220683.0,174941.0,173905.0,154883.0,144833.0,245697.0,183993.0,276913.0,341586.0
<< Zentralschweiz,Oeffentliche Auftraggeber,Infrastruktur übriger Verkehr und Kommunikation,Laufendes Jahr - Veränderungsraten,*,-19.29,-11.18,-3.3,22.85,-4.76,12.78,2.06,106.02,-10.76,16.24,-8.13,8.06,8.26,8.09,38.05,-31.99,-9.74,-11.92,-19.06,2.28,4.07,-14.78,-20.73,-0.59,-10.94,-6.49,69.64,-25.11,50.5,23.35
<< Zentralschweiz,Oeffentliche Auftraggeber,Infrastruktur übriger Verkehr und Kommunikation,Folgejahr (Arbeitsvorrat) - Absolute Werte,126133,95292.0,96673.0,139707.0,123310.0,148080.0,170635.0,277668.0,335605.0,256621.0,362945.0,407855.0,497763.0,541143.0,681392.0,496521.0,380823.0,331141.0,230012.0,313475.0,276712.0,280393.0,189451.0,176202.0,114685.0,163976.0,183002.0,235695.0,248614.0,297120.0,356933.0
<< Zentralschweiz,Oeffentliche Auftraggeber,Infrastruktur übriger Verkehr und Kommunikation,Folgejahr (Arbeitsvorrat) - Veränderungsraten,*,-24.45,1.45,44.52,-11.74,20.09,15.23,62.73,20.87,-23.53,41.43,12.37,22.04,8.71,25.92,-27.13,-23.3,-13.05,-30.54,36.29,-11.73,1.33,-32.43,-6.99,-34.91,42.98,11.6,28.79,5.48,19.51,20.13
<< Zentralschweiz,Oeffentliche Auftraggeber,"Bildung, Forschung",Laufendes Jahr - Absolute Werte,202904,154430.0,182992.0,181739.0,199660.0,181187.0,192452.0,134366.0,117580.0,162142.0,152474.0,188132.0,141209.0,91973.0,129163.0,94315.0,114104.0,116426.0,105302.0,100246.0,93821.0,134645.0,151443.0,176357.0,182929.0,204264.0,188822.0,137627.0,170339.0,223373.0,262259.0
<< Zentralschweiz,Oeffentliche Auftraggeber,"Bildung, Forschung",Laufendes Jahr - Veränderungsraten,*,-23.89,18.5,-0.68,9.86,-9.25,6.22,-30.18,-12.49,37.9,-5.96,23.39,-24.94,-34.87,40.44,-26.98,20.98,2.03,-9.55,-4.8,-6.41,43.51,12.48,16.45,3.73,11.66,-7.56,-27.11,23.77,31.13,17.41
<< Zentralschweiz,Oeffentliche Auftraggeber,"Bildung, Forschung",Folgejahr (Arbeitsvorrat) - Absolute Werte,137204,95504.0,136901.0,150857.0,168134.0,159396.0,109064.0,74928.0,109628.0,86338.0,120837.0,107888.0,71361.0,39404.0,94407.0,95980.0,55170.0,89027.0,77017.0,36162.0,75318.0,109320.0,123432.0,124831.0,138577.0,179205.0,118842.0,115193.0,179226.0,240560.0,283521.0
<< Zentralschweiz,Oeffentliche Auftraggeber,"Bildung, Forschung",Folgejahr (Arbeitsvorrat) - Veränderungsraten,*,-30.39,43.35,10.19,11.45,-5.2,-31.58,-31.3,46.31,-21.24,39.96,-10.72,-33.86,-44.78,139.59,1.67,-42.52,61.37,-13.49,-53.05,108.28,45.14,12.91,1.13,11.01,29.32,-33.68,-3.07,55.59,34.22,17.86
<< Zentralschweiz,Oeffentliche Auftraggeber,Gesundheit,Laufendes Jahr - Absolute Werte,112680,76327.0,91876.0,49931.0,35397.0,53774.0,60043.0,71517.0,65775.0,74193.0,111613.0,118525.0,113401.0,125682.0,109429.0,91172.0,112442.0,95641.0,50883.0,62740.0,72665.0,88381.0,96410.0,44532.0,27212.0,50127.0,87222.0,130893.0,111900.0,145123.0,125828.0
<< Zentralschweiz,Oeffentliche Auftraggeber,Gesundheit,Laufendes Jahr - Veränderungsraten,*,-32.26,20.37,-45.65,-29.11,51.92,11.66,19.11,-8.03,12.8,50.44,6.19,-4.32,10.83,-12.93,-16.68,23.33,-14.94,-46.8,23.3,15.82,21.63,9.08,-53.81,-38.89,84.21,74.0,50.07,-14.51,29.69,-13.3
<< Zentralschweiz,Oeffentliche Auftraggeber,Gesundheit,Folgejahr (Arbeitsvorrat) - Absolute Werte,79422,61596.0,47185.0,39877.0,38499.0,65459.0,76196.0,75251.0,71980.0,86195.0,115613.0,125125.0,124774.0,111836.0,45456.0,129926.0,151392.0,106355.0,21624.0,41090.0,62469.0,68456.0,31521.0,39949.0,23888.0,97759.0,97401.0,85576.0,87360.0,134836.0,96228.0
<< Zentralschweiz,Oeffentliche Auftraggeber,Gesundheit,Folgejahr (Arbeitsvorrat) - Veränderungsraten,*,-22.44,-23.4,-15.49,-3.46,70.03,16.4,-1.24,-4.35,19.75,34.13,8.23,-0.28,-10.37,-59.35,185.83,16.52,-29.75,-79.67,90.02,52.03,9.58,-53.95,26.74,-40.2,309.24,-0.37,-12.14,2.08,54.35,-28.63
<< Zentralschweiz,Oeffentliche Auftraggeber,Freizeit und Kultur,Laufendes Jahr - Absolute Werte,94721,88114.0,53556.0,62591.0,60872.0,55359.0,51125.0,67783.0,54032.0,42126.0,41016.0,46980.0,43166.0,43295.0,77987.0,62187.0,62894.0,57535.0,45976.0,33225.0,34813.0,39571.0,45093.0,49040.0,45690.0,22945.0,24135.0,47262.0,49676.0,39833.0,40407.0
<< Zentralschweiz,Oeffentliche Auftraggeber,Freizeit und Kultur,Laufendes Jahr - Veränderungsraten,*,-6.98,-39.22,16.87,-2.75,-9.06,-7.65,32.58,-20.29,-22.04,-2.63,14.54,-8.12,0.3,80.13,-20.26,1.14,-8.52,-20.09,-27.73,4.78,13.67,13.95,8.75,-6.83,-49.78,5.19,95.82,5.11,-19.81,1.44
<< Zentralschweiz,Oeffentliche Auftraggeber,Freizeit und Kultur,Folgejahr (Arbeitsvorrat) - Absolute Werte,67791,39746.0,40505.0,42477.0,21911.0,33967.0,35550.0,29215.0,26614.0,20329.0,26181.0,22877.0,19146.0,27352.0,47775.0,40395.0,39587.0,24528.0,13246.0,14656.0,36272.0,31867.0,39378.0,41145.0,10749.0,12837.0,21140.0,33042.0,36547.0,26583.0,28608.0
<< Zentralschweiz,Oeffentliche Auftraggeber,Freizeit und Kultur,Folgejahr (Arbeitsvorrat) - Veränderungsraten,*,-41.37,1.91,4.87,-48.42,55.02,4.66,-17.82,-8.9,-23.62,28.79,-12.62,-16.31,42.86,74.67,-15.45,-2.0,-38.04,-46.0,10.64,147.49,-12.14,23.57,4.49,-73.88,19.43,64.68,56.3,10.61,-27.26,7.62
<< Zentralschweiz,Oeffentliche Auftraggeber,Uebrige Infrastruktur,Laufendes Jahr - Absolute Werte,97766,78505.0,71906.0,96429.0,93184.0,77697.0,78282.0,75518.0,82354.0,62293.0,63595.0,50059.0,84599.0,68176.0,98778.0,72956.0,65001.0,74658.0,80416.0,77067.0,81614.0,74402.0,65030.0,57992.0,67573.0,69871.0,94760.0,65504.0,68604.0,94138.0,91651.0
<< Zentralschweiz,Oeffentliche Auftraggeber,Uebrige Infrastruktur,Laufendes Jahr - Veränderungsraten,*,-19.7,-8.41,34.1,-3.37,-16.62,0.75,-3.53,9.05,-24.36,2.09,-21.28,69.0,-19.41,44.89,-26.14,-10.9,14.86,7.71,-4.16,5.9,-8.84,-12.6,-10.82,16.52,3.4,35.62,-30.87,4.73,37.22,-2.64
<< Zentralschweiz,Oeffentliche Auftraggeber,Uebrige Infrastruktur,Folgejahr (Arbeitsvorrat) - Absolute Werte,82977,76643.0,64697.0,92371.0,68012.0,77080.0,59158.0,56800.0,62081.0,52766.0,45041.0,47202.0,54177.0,51957.0,80735.0,62141.0,70904.0,62022.0,107975.0,74749.0,51676.0,54623.0,53952.0,53899.0,168640.0,74973.0,86552.0,69444.0,82015.0,83986.0,97793.0
<< Zentralschweiz,Oeffentliche Auftraggeber,Uebrige Infrastruktur,Folgejahr (Arbeitsvorrat) - Veränderungsraten,*,-7.63,-15.59,42.77,-26.37,13.33,-23.25,-3.99,9.3,-15.0,-14.64,4.8,14.78,-4.1,55.39,-23.03,14.1,-12.53,74.09,-30.77,-30.87,5.7,-1.23,-0.1,212.88,-55.54,15.44,-19.77,18.1,2.4,16.44
<< Zentralschweiz,Oeffentliche Auftraggeber,Wohnen,Laufendes Jahr - Absolute Werte,79217,39565.0,33430.0,30121.0,34999.0,26095.0,21548.0,29891.0,28147.0,38065.0,19125.0,51101.0,35757.0,74052.0,52547.0,38204.0,78876.0,83067.0,67269.0,73342.0,99513.0,67002.0,64572.0,87633.0,68779.0,52374.0,36183.0,54813.0,69399.0,98599.0,96939.0
<< Zentralschweiz,Oeffentliche Auftraggeber,Wohnen,Laufendes Jahr - Veränderungsraten,*,-50.05,-15.51,-9.9,16.19,-25.44,-17.42,38.72,-5.83,35.24,-49.76,167.19,-30.03,107.1,-29.04,-27.3,106.46,5.31,-19.02,9.03,35.68,-32.67,-3.63,35.71,-21.51,-23.85,-30.91,51.49,26.61,42.08,-1.68
<< Zentralschweiz,Oeffentliche Auftraggeber,Wohnen,Folgejahr (Arbeitsvorrat) - Absolute Werte,29249,10766.0,23205.0,17135.0,21939.0,8381.0,12611.0,8940.0,6535.0,12166.0,11089.0,10232.0,24950.0,30022.0,19118.0,33712.0,47814.0,49079.0,39551.0,69047.0,39652.0,51942.0,45499.0,53311.0,21441.0,31820.0,18075.0,33157.0,62784.0,68995.0,61130.0
<< Zentralschweiz,Oeffentliche Auftraggeber,Wohnen,Folgejahr (Arbeitsvorrat) - Veränderungsraten,*,-63.19,115.54,-26.16,28.04,-61.8,50.47,-29.11,-26.9,86.17,-8.85,-7.73,143.84,20.33,-36.32,76.34,41.83,2.65,-19.41,74.58,-42.57,30.99,-12.4,17.17,-59.78,48.41,-43.2,83.44,89.35,9.89,-11.4
<< Zentralschweiz,Oeffentliche Auftraggeber,Land- und Forstwirtschaft,Laufendes Jahr - Absolute Werte,31126,27964.0,24934.0,29994.0,30643.0,26321.0,20994.0,24969.0,30806.0,24870.0,22719.0,17984.0,22138.0,16512.0,40267.0,13640.0,13557.0,9908.0,12082.0,16980.0,13778.0,12383.0,26058.0,19702.0,14097.0,13850.0,16699.0,22385.0,27320.0,19492.0,15929.0
<< Zentralschweiz,Oeffentliche Auftraggeber,Land- und Forstwirtschaft,Laufendes Jahr - Veränderungsraten,*,-10.16,-10.84,20.29,2.16,-14.1,-20.24,18.93,23.38,-19.27,-8.65,-20.84,23.1,-25.41,143.87,-66.13,-0.61,-26.92,21.94,40.54,-18.86,-10.12,110.43,-24.39,-28.45,-1.75,20.57,34.05,22.05,-28.65,-18.28
<< Zentralschweiz,Oeffentliche Auftraggeber,Land- und Forstwirtschaft,Folgejahr (Arbeitsvorrat) - Absolute Werte,23130,23174.0,18818.0,27674.0,21434.0,19289.0,20216.0,24606.0,19521.0,19789.0,16770.0,18578.0,15860.0,12765.0,7650.0,7376.0,4342.0,4363.0,9505.0,9871.0,9131.0,6337.0,31288.0,15160.0,15222.0,13068.0,19676.0,25329.0,13629.0,16129.0,10009.0
<< Zentralschweiz,Oeffentliche Auftraggeber,Land- und Forstwirtschaft,Folgejahr (Arbeitsvorrat) - Veränderungsraten,*,0.19,-18.8,47.06,-22.55,-10.01,4.81,21.72,-20.67,1.37,-15.26,10.78,-14.63,-19.51,-40.07,-3.58,-41.13,0.48,117.85,3.85,-7.5,-30.6,393.74,-51.55,0.41,-14.15,50.57,28.73,-46.19,18.34,-37.94
<< Zentralschweiz,Oeffentliche Auftraggeber,"Industrie, Gewerbe und Dienstleistungen",Laufendes Jahr - Absolute Werte,120651,85059.0,102941.0,112332.0,106328.0,82193.0,71511.0,62665.0,72547.0,55535.0,56904.0,40855.0,38999.0,39542.0,32124.0,75007.0,77987.0,83338.0,44379.0,57308.0,57916.0,52290.0,38073.0,58620.0,64584.0,66197.0,92084.0,73644.0,98041.0,114417.0,134526.0
<< Zentralschweiz,Oeffentliche Auftraggeber,"Industrie, Gewerbe und Dienstleistungen",Laufendes Jahr - Veränderungsraten,*,-29.5,21.02,9.12,-5.34,-22.7,-13.0,-12.37,15.77,-23.45,2.47,-28.2,-4.54,1.39,-18.76,133.49,3.97,6.86,-46.75,29.13,1.06,-9.71,-27.19,53.97,10.17,2.5,39.11,-20.03,33.13,16.7,17.58
<< Zentralschweiz,Oeffentliche Auftraggeber,"Industrie, Gewerbe und Dienstleistungen",Folgejahr (Arbeitsvorrat) - Absolute Werte,94432,77367.0,105500.0,95885.0,69893.0,69852.0,45441.0,55301.0,48620.0,32802.0,45773.0,33557.0,34666.0,21254.0,22543.0,48586.0,50366.0,26503.0,39913.0,36306.0,30065.0,35919.0,76924.0,35935.0,56462.0,31340.0,55809.0,74532.0,114163.0,123941.0,172619.0
<< Zentralschweiz,Oeffentliche Auftraggeber,"Industrie, Gewerbe und Dienstleistungen",Folgejahr (Arbeitsvorrat) - Veränderungsraten,*,-18.07,36.36,-9.11,-27.11,-0.06,-34.95,21.7,-12.08,-32.53,39.54,-26.69,3.3,-38.69,6.06,115.53,3.66,-47.38,50.6,-9.04,-17.19,19.47,114.16,-53.29,57.12,-44.49,78.08,33.55,53.17,8.56,39.28
<< Zentralschweiz,Private Auftraggeber,Kategorie der Bauwerke - Total,Laufendes Jahr - Absolute Werte,3485682,3753048.0,3227561.0,3097846.0,3063108.0,2904829.0,2871242.0,2956457.0,2876360.0,3157996.0,3534813.0,3397082.0,3341142.0,3640226.0,3422586.0,4196539.0,3979705.0,4001782.0,4454898.0,4655631.0,4684921.0,4882977.0,5075236.0,5189597.0,5176940.0,4995258.0,4678026.0,4510630.0,4597895.0,4597769.0,4302474.0
<< Zentralschweiz,Private Auftraggeber,Kategorie der Bauwerke - Total,Laufendes Jahr - Veränderungsraten,*,7.67,-14.0,-4.02,-1.12,-5.17,-1.16,2.97,-2.71,9.79,11.93,-3.9,-1.65,8.95,-5.98,22.61,-5.17,0.55,11.32,4.51,0.63,4.23,3.94,2.25,-0.24,-3.51,-6.35,-3.58,1.93,0.0,-6.42
<< Zentralschweiz,Private Auftraggeber,Kategorie der Bauwerke - Total,Folgejahr (Arbeitsvorrat) - Absolute Werte,1825861,1395440.0,1446670.0,1226146.0,1284182.0,1162053.0,1264915.0,1437562.0,1364794.0,1418255.0,1655024.0,1709005.0,1737121.0,1683102.0,1603477.0,2322616.0,1882036.0,1972073.0,2218071.0,2622991.0,2748090.0,2887904.0,3192527.0,3266316.0,3371542.0,2997346.0,2928091.0,3047390.0,2960107.0,2885150.0,2920266.0
<< Zentralschweiz,Private Auftraggeber,Kategorie der Bauwerke - Total,Folgejahr (Arbeitsvorrat) - Veränderungsraten,*,-23.57,3.67,-15.24,4.73,-9.51,8.85,13.65,-5.06,3.92,16.69,3.26,1.65,-3.11,-4.73,44.85,-18.97,4.78,12.47,18.26,4.77,5.09,10.55,2.31,3.22,-11.1,-2.31,4.07,-2.86,-2.53,1.22
<< Zentralschweiz,Private Auftraggeber,Infrastruktur Versorgung,Laufendes Jahr - Absolute Werte,70961,37227.0,22423.0,15562.0,13468.0,36446.0,39719.0,43823.0,36784.0,25683.0,30824.0,36715.0,24554.0,41671.0,52793.0,41230.0,54605.0,38301.0,36357.0,50072.0,52166.0,43807.0,59275.0,62599.0,58937.0,81449.0,74727.0,73238.0,96435.0,87865.0,107457.0
<< Zentralschweiz,Private Auftraggeber,Infrastruktur Versorgung,Laufendes Jahr - Veränderungsraten,*,-47.54,-39.77,-30.6,-13.46,170.61,8.98,10.33,-16.06,-30.18,20.02,19.11,-33.12,69.71,26.69,-21.9,32.44,-29.86,-5.08,37.72,4.18,-16.02,35.31,5.61,-5.85,38.2,-8.25,-1.99,31.67,-8.89,22.3
<< Zentralschweiz,Private Auftraggeber,Infrastruktur Versorgung,Folgejahr (Arbeitsvorrat) - Absolute Werte,38707,18110.0,14017.0,10492.0,29254.0,30746.0,30144.0,41203.0,27106.0,19372.0,18962.0,37111.0,17790.0,37892.0,23988.0,17088.0,25705.0,7212.0,21492.0,41337.0,25171.0,31338.0,52773.0,40367.0,58593.0,67286.0,71504.0,60586.0,58884.0,65984.0,60129.0
<< Zentralschweiz,Private Auftraggeber,Infrastruktur Versorgung,Folgejahr (Arbeitsvorrat) - Veränderungsraten,*,-53.21,-22.6,-25.15,178.82,5.1,-1.96,36.69,-34.21,-28.53,-2.12,95.71,-52.06,113.0,-36.69,-28.76,50.43,-71.94,198.0,92.34,-39.11,24.5,68.4,-23.51,45.15,14.84,6.27,-15.27,-2.81,12.06,-8.87
<< Zentralschweiz,Private Auftraggeber,Infrastruktur Entsorgung,Laufendes Jahr - Absolute Werte,10901,8439.0,7320.0,8006.0,6034.0,5702.0,3010.0,2399.0,3077.0,7880.0,4342.0,10820.0,5950.0,2739.0,9626.0,3885.0,7281.0,5860.0,7556.0,5048.0,11350.0,8146.0,3504.0,7602.0,10297.0,13482.0,28704.0,9788.0,10568.0,8635.0,15682.0
<< Zentralschweiz,Private Auftraggeber,Infrastruktur Entsorgung,Laufendes Jahr - Veränderungsraten,*,-22.59,-13.26,9.37,-24.63,-5.5,-47.21,-20.3,28.26,156.09,-44.9,149.19,-45.01,-53.97,251.44,-59.64,87.41,-19.52,28.94,-33.19,124.84,-28.23,-56.99,116.95,35.45,30.93,112.91,-65.9,7.97,-18.29,81.61
<< Zentralschweiz,Private Auftraggeber,Infrastruktur Entsorgung,Folgejahr (Arbeitsvorrat) - Absolute Werte,8830,2933.0,2639.0,1256.0,3604.0,713.0,510.0,312.0,1200.0,5331.0,3423.0,1583.0,713.0,1948.0,2189.0,1762.0,2569.0,5083.0,2041.0,1211.0,2040.0,1320.0,1787.0,8257.0,3465.0,13656.0,6625.0,7796.0,7929.0,4484.0,12473.0
<< Zentralschweiz,Private Auftraggeber,Infrastruktur Entsorgung,Folgejahr (Arbeitsvorrat) - Veränderungsraten,*,-66.78,-10.02,-52.41,186.94,-80.22,-28.47,-38.82,284.62,344.25,-35.79,-53.75,-54.96,173.21,12.37,-19.51,45.8,97.86,-59.85,-40.67,68.46,-35.29,35.38,362.06,-58.04,294.11,-51.49,17.68,1.71,-43.45,178.17
<< Zentralschweiz,Private Auftraggeber,Infrastruktur Strassenverkehr,Laufendes Jahr - Absolute Werte,49487,43447.0,79354.0,56296.0,36951.0,39622.0,62275.0,46993.0,58070.0,43727.0,41155.0,45927.0,32565.0,27465.0,29190.0,73079.0,56470.0,62558.0,45499.0,37595.0,57992.0,41590.0,46167.0,36980.0,74754.0,92371.0,43716.0,42427.0,34377.0,25213.0,17936.0
<< Zentralschweiz,Private Auftraggeber,Infrastruktur Strassenverkehr,Laufendes Jahr - Veränderungsraten,*,-12.21,82.65,-29.06,-34.36,7.23,57.17,-24.54,23.57,-24.7,-5.88,11.6,-29.09,-15.66,6.28,150.36,-22.73,10.78,-27.27,-17.37,54.25,-28.28,11.01,-19.9,102.15,23.57,-52.67,-2.95,-18.97,-26.66,-28.86
<< Zentralschweiz,Private Auftraggeber,Infrastruktur Strassenverkehr,Folgejahr (Arbeitsvorrat) - Absolute Werte,19243,29282.0,25950.0,17577.0,19002.0,12228.0,17532.0,26373.0,9983.0,8305.0,31149.0,10337.0,4986.0,7848.0,9111.0,63717.0,30130.0,31218.0,18819.0,36292.0,27755.0,35747.0,13022.0,45779.0,55331.0,28219.0,31783.0,20293.0,14546.0,12695.0,7553.0
<< Zentralschweiz,Private Auftraggeber,Infrastruktur Strassenverkehr,Folgejahr (Arbeitsvorrat) - Veränderungsraten,*,52.17,-11.38,-32.27,8.11,-35.65,43.38,50.43,-62.15,-16.81,275.06,-66.81,-51.77,57.4,16.09,599.34,-52.71,3.61,-39.72,92.85,-23.52,28.79,-63.57,251.55,20.87,-49.0,12.63,-36.15,-28.32,-12.73,-40.5
<< Zentralschweiz,Private Auftraggeber,Infrastruktur übriger Verkehr und Kommunikation,Laufendes Jahr - Absolute Werte,14698,17136.0,32582.0,17162.0,20054.0,46174.0,30404.0,59181.0,43750.0,51355.0,26841.0,14238.0,39686.0,26827.0,28332.0,25164.0,27574.0,22925.0,33626.0,28458.0,41038.0,59534.0,44186.0,53639.0,42672.0,46755.0,49512.0,31731.0,35130.0,69414.0,68773.0
<< Zentralschweiz,Private Auftraggeber,Infrastruktur übriger Verkehr und Kommunikation,Laufendes Jahr - Veränderungsraten,*,16.59,90.14,-47.33,16.85,130.25,-34.15,94.65,-26.07,17.38,-47.73,-46.95,178.73,-32.4,5.61,-11.18,9.58,-16.86,46.68,-15.37,44.21,45.07,-25.78,21.39,-20.45,9.57,5.9,-35.91,10.71,97.59,-0.92
<< Zentralschweiz,Private Auftraggeber,Infrastruktur übriger Verkehr und Kommunikation,Folgejahr (Arbeitsvorrat) - Absolute Werte,8531,22710.0,8611.0,5725.0,10926.0,15780.0,35214.0,44766.0,36208.0,35945.0,3434.0,22116.0,13674.0,11248.0,17739.0,14393.0,10876.0,6492.0,23771.0,44804.0,69010.0,48721.0,48494.0,48089.0,34547.0,55979.0,50190.0,31315.0,49247.0,64141.0,79651.0
<< Zentralschweiz,Private Auftraggeber,Infrastruktur übriger Verkehr und Kommunikation,Folgejahr (Arbeitsvorrat) - Veränderungsraten,*,166.21,-62.08,-33.52,90.85,44.43,123.16,27.13,-19.12,-0.73,-90.45,544.03,-38.17,-17.74,57.71,-18.86,-24.44,-40.31,266.16,88.48,54.03,-29.4,-0.47,-0.84,-28.16,62.04,-10.34,-37.61,57.26,30.24,24.18
<< Zentralschweiz,Private Auftraggeber,"Bildung, Forschung",Laufendes Jahr - Absolute Werte,2686,7318.0,12785.0,11557.0,4760.0,8669.0,8280.0,4235.0,9585.0,13332.0,15932.0,20686.0,12183.0,11104.0,18765.0,12161.0,14084.0,20996.0,24194.0,25712.0,31446.0,10395.0,19565.0,49879.0,50783.0,38819.0,17873.0,18422.0,21381.0,19752.0,26678.0
<< Zentralschweiz,Private Auftraggeber,"Bildung, Forschung",Laufendes Jahr - Veränderungsraten,*,172.45,74.71,-9.61,-58.81,82.12,-4.49,-48.85,126.33,39.09,19.5,29.84,-41.11,-8.86,68.99,-35.19,15.81,49.08,15.23,6.27,22.3,-66.94,88.22,154.94,1.81,-23.56,-53.96,3.07,16.06,-7.62,35.06
<< Zentralschweiz,Private Auftraggeber,"Bildung, Forschung",Folgejahr (Arbeitsvorrat) - Absolute Werte,800,75.0,5346.0,1105.0,1900.0,5952.0,1700.0,3400.0,700.0,3000.0,0.0,1313.0,2430.0,15090.0,0.0,10009.0,355.0,15658.0,12709.0,18427.0,6330.0,1597.0,62575.0,44589.0,36017.0,18589.0,13612.0,13708.0,19072.0,6884.0,16247.0
<< Zentralschweiz,Private Auftraggeber,"Bildung, Forschung",Folgejahr (Arbeitsvorrat) - Veränderungsraten,*,-90.63,7028.0,-79.33,71.95,213.26,-71.44,100.0,-79.41,328.57,-100.0,0.0,85.07,520.99,-100.0,0.0,-96.45,4310.7,-18.83,44.99,-65.65,-74.77,3818.28,-28.74,-19.22,-48.39,-26.77,0.71,39.13,-63.91,136.01
<< Zentralschweiz,Private Auftraggeber,Gesundheit,Laufendes Jahr - Absolute Werte,34550,44232.0,32915.0,45559.0,80275.0,34575.0,30166.0,33819.0,19809.0,41267.0,38101.0,48250.0,19071.0,45202.0,48959.0,57367.0,36448.0,34852.0,54453.0,51873.0,119452.0,151122.0,149801.0,154999.0,101313.0,106045.0,107727.0,73284.0,65476.0,61514.0,60486.0
<< Zentralschweiz,Private Auftraggeber,Gesundheit,Laufendes Jahr - Veränderungsraten,*,28.02,-25.59,38.41,76.2,-56.93,-12.75,12.11,-41.43,108.32,-7.67,26.64,-60.47,137.02,8.31,17.17,-36.47,-4.38,56.24,-4.74,130.28,26.51,-0.87,3.47,-34.64,4.67,1.59,-31.97,-10.65,-6.05,-1.67
<< Zentralschweiz,Private Auftraggeber,Gesundheit,Folgejahr (Arbeitsvorrat) - Absolute Werte,8140,20145.0,26950.0,37085.0,30905.0,22840.0,18270.0,5990.0,6250.0,42005.0,17105.0,2105.0,3163.0,27889.0,32619.0,38276.0,10007.0,23559.0,38568.0,47702.0,97460.0,72071.0,88831.0,89610.0,92699.0,114452.0,48754.0,47451.0,51986.0,60409.0,49381.0
<< Zentralschweiz,Private Auftraggeber,Gesundheit,Folgejahr (Arbeitsvorrat) - Veränderungsraten,*,147.48,33.78,37.61,-16.66,-26.1,-20.01,-67.21,4.34,572.08,-59.28,-87.69,50.26,781.73,16.96,17.34,-73.86,135.43,63.71,23.68,104.31,-26.05,23.25,0.88,3.45,23.47,-57.4,-2.67,9.56,16.2,-18.26
<< Zentralschweiz,Private Auftraggeber,Freizeit und Kultur,Laufendes Jahr - Absolute Werte,64990,102874.0,90002.0,128104.0,86844.0,117951.0,47499.0,31482.0,32138.0,43369.0,37471.0,43340.0,40519.0,31364.0,36458.0,84681.0,73893.0,74248.0,83815.0,60501.0,38868.0,60975.0,91550.0,142085.0,140296.0,119246.0,55876.0,38432.0,37757.0,96895.0,75240.0
<< Zentralschweiz,Private Auftraggeber,Freizeit und Kultur,Laufendes Jahr - Veränderungsraten,*,58.29,-12.51,42.33,-32.21,35.82,-59.73,-33.72,2.08,34.95,-13.6,15.66,-6.51,-22.59,16.24,132.27,-12.74,0.48,12.89,-27.82,-35.76,56.88,50.14,55.2,-1.26,-15.0,-53.14,-31.22,-1.76,156.63,-22.35
<< Zentralschweiz,Private Auftraggeber,Freizeit und Kultur,Folgejahr (Arbeitsvorrat) - Absolute Werte,45196,58371.0,75941.0,53326.0,60666.0,23624.0,12670.0,21362.0,20755.0,11379.0,15789.0,8985.0,6710.0,10684.0,15158.0,133289.0,45128.0,48351.0,33490.0,17746.0,17774.0,58361.0,96859.0,79484.0,95610.0,26300.0,27598.0,26517.0,32386.0,65937.0,68573.0
<< Zentralschweiz,Private Auftraggeber,Freizeit und Kultur,Folgejahr (Arbeitsvorrat) - Veränderungsraten,*,29.15,30.1,-29.78,13.76,-61.06,-46.37,68.6,-2.84,-45.17,38.76,-43.09,-25.32,59.23,41.88,779.33,-66.14,7.14,-30.74,-47.01,0.16,228.35,65.97,-17.94,20.29,-72.49,4.94,-3.92,22.13,103.6,4.0
<< Zentralschweiz,Private Auftraggeber,Uebrige Infrastruktur,Laufendes Jahr - Absolute Werte,7385,6007.0,6297.0,7877.0,6742.0,6175.0,11452.0,10418.0,26711.0,8057.0,16255.0,12255.0,11622.0,6386.0,18241.0,8686.0,7860.0,9286.0,10819.0,21348.0,24466.0,44787.0,27118.0,88815.0,57154.0,31332.0,21330.0,23668.0,34663.0,56364.0,38481.0
<< Zentralschweiz,Private Auftraggeber,Uebrige Infrastruktur,Laufendes Jahr - Veränderungsraten,*,-18.66,4.83,25.09,-14.41,-8.41,85.46,-9.03,156.39,-69.84,101.75,-24.61,-5.17,-45.05,185.64,-52.38,-9.51,18.14,16.51,97.32,14.61,83.06,-39.45,227.51,-35.65,-45.18,-31.92,10.96,46.46,62.61,-31.73
<< Zentralschweiz,Private Auftraggeber,Uebrige Infrastruktur,Folgejahr (Arbeitsvorrat) - Absolute Werte,1701,1847.0,2108.0,2611.0,2474.0,2700.0,1304.0,3218.0,2094.0,3289.0,7493.0,9782.0,4945.0,16506.0,3760.0,3814.0,1369.0,3001.0,10891.0,6454.0,12751.0,16138.0,15115.0,60941.0,15186.0,13789.0,9285.0,13348.0,16024.0,23623.0,16632.0
<< Zentralschweiz,Private Auftraggeber,Uebrige Infrastruktur,Folgejahr (Arbeitsvorrat) - Veränderungsraten,*,8.58,14.13,23.86,-5.25,9.14,-51.7,146.78,-34.93,57.07,127.82,30.55,-49.45,233.79,-77.22,1.44,-64.11,119.21,262.91,-40.74,97.57,26.56,-6.34,303.18,-75.08,-9.2,-32.66,43.76,20.05,47.42,-29.59
<< Zentralschweiz,Private Auftraggeber,Wohnen,Laufendes Jahr - Absolute Werte,2453136,2655020.0,2159399.0,2043775.0,2054749.0,1936201.0,1913836.0,1907311.0,1872363.0,2216510.0,2461320.0,2506275.0,2403037.0,2590353.0,2373133.0,2849130.0,2886001.0,2963965.0,3248153.0,3526720.0,3444359.0,3550703.0,3675897.0,3549933.0,3437005.0,3349065.0,3224388.0,3285373.0,3346177.0,3274551.0,3051306.0
<< Zentralschweiz,Private Auftraggeber,Wohnen,Laufendes Jahr - Veränderungsraten,*,8.23,-18.67,-5.35,0.54,-5.77,-1.16,-0.34,-1.83,18.38,11.04,1.83,-4.12,7.79,-8.39,20.06,1.29,2.7,9.59,8.58,-2.34,3.09,3.53,-3.43,-3.18,-2.56,-3.72,1.89,1.85,-2.14,-6.82
<< Zentralschweiz,Private Auftraggeber,Wohnen,Folgejahr (Arbeitsvorrat) - Absolute Werte,1267152,921234.0,879906.0,835055.0,835312.0,771809.0,778974.0,877293.0,886942.0,912943.0,1181388.0,1285543.0,1349362.0,1267422.0,1156873.0,1559951.0,1320430.0,1459789.0,1658801.0,1898589.0,2018496.0,2035435.0,2284671.0,2119556.0,2209308.0,1950891.0,2046964.0,2164289.0,2122934.0,2015909.0,2104832.0
<< Zentralschweiz,Private Auftraggeber,Wohnen,Folgejahr (Arbeitsvorrat) - Veränderungsraten,*,-27.3,-4.49,-5.1,0.03,-7.6,0.93,12.62,1.1,2.93,29.4,8.82,4.96,-6.07,-8.72,34.84,-15.35,10.55,13.63,14.46,6.32,0.84,12.24,-7.23,4.23,-11.7,4.92,5.73,-1.91,-5.04,4.41
<< Zentralschweiz,Private Auftraggeber,Land- und Forstwirtschaft,Laufendes Jahr - Absolute Werte,178091,162808.0,115527.0,135066.0,119416.0,120107.0,124575.0,111920.0,103991.0,101146.0,118749.0,104641.0,101669.0,84247.0,83821.0,86717.0,90148.0,95378.0,102195.0,112298.0,132993.0,119694.0,117373.0,98113.0,96747.0,112939.0,109088.0,103677.0,123416.0,117460.0,113716.0
<< Zentralschweiz,Private Auftraggeber,Land- und Forstwirtschaft,Laufendes Jahr - Veränderungsraten,*,-8.58,-29.04,16.91,-11.59,0.58,3.72,-10.16,-7.08,-2.74,17.4,-11.88,-2.84,-17.14,-0.51,3.45,3.96,5.8,7.15,9.89,18.43,-10.0,-1.94,-16.41,-1.39,16.74,-3.41,-4.96,19.04,-4.83,-3.19
<< Zentralschweiz,Private Auftraggeber,Land- und Forstwirtschaft,Folgejahr (Arbeitsvorrat) - Absolute Werte,34058,24272.0,24284.0,26137.0,26197.0,20114.0,19685.0,22573.0,20827.0,18333.0,19516.0,28552.0,27999.0,20846.0,24435.0,30336.0,30004.0,31754.0,30352.0,55521.0,44362.0,52397.0,51822.0,39504.0,53743.0,56927.0,56492.0,62327.0,65488.0,64711.0,62032.0
<< Zentralschweiz,Private Auftraggeber,Land- und Forstwirtschaft,Folgejahr (Arbeitsvorrat) - Veränderungsraten,*,-28.73,0.05,7.63,0.23,-23.22,-2.13,14.67,-7.73,-11.97,6.45,46.3,-1.94,-25.55,17.22,24.15,-1.09,5.83,-4.42,82.92,-20.1,18.11,-1.1,-23.77,36.04,5.92,-0.76,10.33,5.07,-1.19,-4.14
<< Zentralschweiz,Private Auftraggeber,"Industrie, Gewerbe und Dienstleistungen",Laufendes Jahr - Absolute Werte,598797,668540.0,668957.0,628882.0,633815.0,553207.0,600026.0,704876.0,670082.0,605670.0,743823.0,553935.0,650286.0,772868.0,723268.0,954439.0,725341.0,673413.0,808231.0,736006.0,730791.0,792224.0,840800.0,944953.0,1106982.0,1003755.0,945085.0,810590.0,792515.0,780106.0,726719.0
<< Zentralschweiz,Private Auftraggeber,"Industrie, Gewerbe und Dienstleistungen",Laufendes Jahr - Veränderungsraten,*,11.65,0.06,-5.99,0.78,-12.72,8.46,17.47,-4.94,-9.61,22.81,-25.53,17.39,18.85,-6.42,31.96,-24.0,-7.16,20.02,-8.94,-0.71,8.41,6.13,12.39,17.15,-9.33,-5.85,-14.23,-2.23,-1.57,-6.84
<< Zentralschweiz,Private Auftraggeber,"Industrie, Gewerbe und Dienstleistungen",Folgejahr (Arbeitsvorrat) - Absolute Werte,393503,296461.0,380918.0,235777.0,263942.0,255547.0,348912.0,391072.0,352729.0,358353.0,356765.0,301578.0,305349.0,265729.0,317605.0,449981.0,405463.0,339956.0,367137.0,454908.0,426941.0,534779.0,476578.0,690140.0,717043.0,651258.0,565284.0,599760.0,521611.0,500373.0,442763.0
<< Zentralschweiz,Private Auftraggeber,"Industrie, Gewerbe und Dienstleistungen",Folgejahr (Arbeitsvorrat) - Veränderungsraten,*,-24.66,28.49,-38.1,11.95,-3.18,36.54,12.08,-9.8,1.59,-0.44,-15.47,1.25,-12.98,19.52,41.68,-9.89,-16.16,8.0,23.91,-6.15,25.26,-10.88,44.81,3.9,-9.17,-13.2,6.1,-13.03,-4.07,-11.51
......7600 Schweiz (Unzuteilbar),Art der Auftraggeber - Total,Kategorie der Bauwerke - Total,Laufendes Jahr - Absolute Werte,42590,46611.0,98267.0,50593.0,174932.0,444779.0,682779.0,741793.0,888659.0,736073.0,852515.0,1076617.0,670337.0,544242.0,533568.0,189855.0,482141.0,442624.0,655370.0,652822.0,736962.0,811508.0,856132.0,452762.0,639369.0,682348.0,688504.0,583542.0,594919.0,619303.0,608923.0
......7600 Schweiz (Unzuteilbar),Art der Auftraggeber - Total,Kategorie der Bauwerke - Total,Laufendes Jahr - Veränderungsraten,*,9.44,110.82,-48.51,245.76,154.26,53.51,8.64,19.8,-17.17,15.82,26.29,-37.74,-18.81,-1.96,-64.42,153.95,-8.2,48.06,-0.39,12.89,10.12,5.5,-47.12,41.22,6.72,0.9,-15.24,1.95,4.1,-1.68
......7600 Schweiz (Unzuteilbar),Art der Auftraggeber - Total,Kategorie der Bauwerke - Total,Folgejahr (Arbeitsvorrat) - Absolute Werte,20009,29166.0,58335.0,34611.0,413712.0,663358.0,674084.0,715125.0,641677.0,827276.0,1071012.0,791997.0,624610.0,322568.0,425788.0,409263.0,454241.0,578357.0,742023.0,753466.0,894167.0,979641.0,534466.0,546985.0,656104.0,832936.0,671794.0,641281.0,706993.0,818566.0,613602.0
......7600 Schweiz (Unzuteilbar),Art der Auftraggeber - Total,Kategorie der Bauwerke - Total,Folgejahr (Arbeitsvorrat) - Veränderungsraten,*,45.76,100.01,-40.67,1095.32,60.34,1.62,6.09,-10.27,28.92,29.46,-26.05,-21.13,-48.36,32.0,-3.88,10.99,27.32,28.3,1.54,18.67,9.56,-45.44,2.34,19.95,26.95,-19.35,-4.54,10.25,15.78,-25.04
......7600 Schweiz (Unzuteilbar),Art der Auftraggeber - Total,Infrastruktur Versorgung,Laufendes Jahr - Absolute Werte,14942,10600.0,13225.0,12719.0,114737.0,284738.0,314412.0,183516.0,85467.0,38799.0,55751.0,94077.0,72572.0,86490.0,38185.0,50171.0,12536.0,18338.0,131944.0,43365.0,31806.0,44641.0,23503.0,14358.0,124948.0,98470.0,153015.0,31881.0,86580.0,16772.0,34875.0
......7600 Schweiz (Unzuteilbar),Art der Auftraggeber - Total,Infrastruktur Versorgung,Laufendes Jahr - Veränderungsraten,*,-29.06,24.76,-3.83,802.09,148.17,10.42,-41.63,-53.43,-54.6,43.69,68.74,-22.86,19.18,-55.85,31.39,-75.01,46.28,619.51,-67.13,-26.66,40.35,-47.35,-38.91,770.23,-21.19,55.39,-79.16,171.57,-80.63,107.94
......7600 Schweiz (Unzuteilbar),Art der Auftraggeber - Total,Infrastruktur Versorgung,Folgejahr (Arbeitsvorrat) - Absolute Werte,10590,11150.0,11610.0,11510.0,280910.0,321509.0,180916.0,98100.0,33340.0,18285.0,37175.0,93306.0,102490.0,138531.0,77275.0,69653.0,24308.0,23132.0,79966.0,37211.0,46717.0,38113.0,35504.0,27585.0,99477.0,154128.0,129299.0,12769.0,118140.0,34758.0,31716.0
......7600 Schweiz (Unzuteilbar),Art der Auftraggeber - Total,Infrastruktur Versorgung,Folgejahr (Arbeitsvorrat) - Veränderungsraten,*,5.29,4.13,-0.86,2340.57,14.45,-43.73,-45.78,-66.01,-45.16,103.31,150.99,9.84,35.17,-44.22,-9.86,-65.1,-4.84,245.69,-53.47,25.55,-18.42,-6.85,-22.3,260.62,54.94,-16.11,-90.12,825.21,-70.58,-8.75
......7600 Schweiz (Unzuteilbar),Art der Auftraggeber - Total,Infrastruktur Entsorgung,Laufendes Jahr - Absolute Werte,0,0.0,0.0,0.0,0.0,0.0,0.0,0.0,0.0,0.0,0.0,0.0,0.0,0.0,0.0,0.0,0.0,0.0,0.0,0.0,0.0,0.0,0.0,0.0,0.0,0.0,0.0,0.0,0.0,0.0,0.0
......7600 Schweiz (Unzuteilbar),Art der Auftraggeber - Total,Infrastruktur Entsorgung,Laufendes Jahr - Veränderungsraten,*,0.0,0.0,0.0,0.0,0.0,0.0,0.0,0.0,0.0,0.0,0.0,0.0,0.0,0.0,0.0,0.0,0.0,0.0,0.0,0.0,0.0,0.0,0.0,0.0,0.0,0.0,0.0,0.0,0.0,0.0
......7600 Schweiz (Unzuteilbar),Art der Auftraggeber - Total,Infrastruktur Entsorgung,Folgejahr (Arbeitsvorrat) - Absolute Werte,0,0.0,0.0,0.0,0.0,0.0,0.0,0.0,0.0,0.0,0.0,0.0,0.0,0.0,0.0,0.0,0.0,0.0,0.0,0.0,0.0,0.0,0.0,0.0,0.0,0.0,0.0,0.0,0.0,0.0,0.0
......7600 Schweiz (Unzuteilbar),Art der Auftraggeber - Total,Infrastruktur Entsorgung,Folgejahr (Arbeitsvorrat) - Veränderungsraten,*,0.0,0.0,0.0,0.0,0.0,0.0,0.0,0.0,0.0,0.0,0.0,0.0,0.0,0.0,0.0,0.0,0.0,0.0,0.0,0.0,0.0,0.0,0.0,0.0,0.0,0.0,0.0,0.0,0.0,0.0
......7600 Schweiz (Unzuteilbar),Art der Auftraggeber - Total,Infrastruktur Strassenverkehr,Laufendes Jahr - Absolute Werte,110,99.0,82.0,3158.0,169.0,142.0,500.0,114.0,165.0,451.0,98.0,405.0,120.0,110.0,100.0,226.0,296.0,44.0,119.0,0.0,277.0,7102.0,269.0,491.0,7276.0,16201.0,43483.0,56581.0,41306.0,65651.0,68265.0
......7600 Schweiz (Unzuteilbar),Art der Auftraggeber - Total,Infrastruktur Strassenverkehr,Laufendes Jahr - Veränderungsraten,*,-10.0,-17.17,3751.22,-94.65,-15.98,252.11,-77.2,44.74,173.33,-78.27,313.27,-70.37,-8.33,-9.09,126.0,30.97,-85.14,170.45,0.0,0.0,2463.9,-96.21,82.53,1381.87,122.66,168.4,30.12,-27.0,58.94,3.98
......7600 Schweiz (Unzuteilbar),Art der Auftraggeber - Total,Infrastruktur Strassenverkehr,Folgejahr (Arbeitsvorrat) - Absolute Werte,50,50.0,50.0,122.0,157.0,130.0,174.0,100.0,100.0,400.0,150.0,100.0,100.0,100.0,100.0,148.0,0.0,0.0,0.0,0.0,99.0,5.0,440.0,9633.0,28187.0,48697.0,60273.0,64660.0,78526.0,94900.0,120693.0
......7600 Schweiz (Unzuteilbar),Art der Auftraggeber - Total,Infrastruktur Strassenverkehr,Folgejahr (Arbeitsvorrat) - Veränderungsraten,*,0.0,0.0,144.0,28.69,-17.2,33.85,-42.53,0.0,300.0,-62.5,-33.33,0.0,0.0,0.0,48.0,-100.0,0.0,0.0,0.0,0.0,-94.95,8700.0,2089.32,192.61,72.76,23.77,7.28,21.44,20.85,27.18
......7600 Schweiz (Unzuteilbar),Art der Auftraggeber - Total,Infrastruktur übriger Verkehr und Kommunikation,Laufendes Jahr - Absolute Werte,5742,5760.0,33005.0,11507.0,37990.0,125467.0,323054.0,502100.0,736502.0,657398.0,750191.0,928398.0,542200.0,406032.0,443805.0,84392.0,409932.0,366326.0,491683.0,548160.0,656107.0,669376.0,728607.0,319663.0,375022.0,402757.0,351011.0,373711.0,344008.0,424544.0,389375.0
......7600 Schweiz (Unzuteilbar),Art der Auftraggeber - Total,Infrastruktur übriger Verkehr und Kommunikation,Laufendes Jahr - Veränderungsraten,*,0.31,473.0,-65.14,230.15,230.26,157.48,55.42,46.68,-10.74,14.12,23.75,-41.6,-25.11,9.3,-80.98,385.75,-10.64,34.22,11.49,19.69,2.02,8.85,-56.13,17.32,7.4,-12.85,6.47,-7.95,23.41,-8.28
......7600 Schweiz (Unzuteilbar),Art der Auftraggeber - Total,Infrastruktur übriger Verkehr und Kommunikation,Folgejahr (Arbeitsvorrat) - Absolute Werte,687,194.0,10839.0,360.0,112000.0,310632.0,462323.0,576170.0,568573.0,765480.0,988337.0,642394.0,477301.0,156151.0,291736.0,258521.0,376473.0,498423.0,635736.0,649528.0,773228.0,838516.0,374916.0,391892.0,375103.0,487026.0,356688.0,444813.0,402256.0,596183.0,362516.0
......7600 Schweiz (Unzuteilbar),Art der Auftraggeber - Total,Infrastruktur übriger Verkehr und Kommunikation,Folgejahr (Arbeitsvorrat) - Veränderungsraten,*,-71.76,5487.11,-96.68,31011.11,177.35,48.83,24.62,-1.32,34.63,29.11,-35.0,-25.7,-67.28,86.83,-11.39,45.63,32.39,27.55,2.17,19.04,8.44,-55.29,4.53,-4.28,29.84,-26.76,24.71,-9.57,48.21,-39.19
......7600 Schweiz (Unzuteilbar),Art der Auftraggeber - Total,"Bildung, Forschung",Laufendes Jahr - Absolute Werte,146,89.0,17.0,0.0,0.0,0.0,17.0,0.0,0.0,0.0,0.0,0.0,0.0,0.0,0.0,0.0,0.0,0.0,0.0,0.0,0.0,0.0,0.0,0.0,0.0,0.0,0.0,0.0,0.0,0.0,0.0
......7600 Schweiz (Unzuteilbar),Art der Auftraggeber - Total,"Bildung, Forschung",Laufendes Jahr - Veränderungsraten,*,-39.04,-80.9,0.0,0.0,0.0,0.0,0.0,0.0,0.0,0.0,0.0,0.0,0.0,0.0,0.0,0.0,0.0,0.0,0.0,0.0,0.0,0.0,0.0,0.0,0.0,0.0,0.0,0.0,0.0,0.0
......7600 Schweiz (Unzuteilbar),Art der Auftraggeber - Total,"Bildung, Forschung",Folgejahr (Arbeitsvorrat) - Absolute Werte,34,0.0,39.0,0.0,0.0,0.0,600.0,0.0,0.0,0.0,0.0,0.0,0.0,0.0,0.0,0.0,0.0,0.0,0.0,0.0,0.0,0.0,0.0,0.0,0.0,0.0,0.0,0.0,0.0,0.0,0.0
......7600 Schweiz (Unzuteilbar),Art der Auftraggeber - Total,"Bildung, Forschung",Folgejahr (Arbeitsvorrat) - Veränderungsraten,*,-100.0,0.0,0.0,0.0,0.0,0.0,0.0,0.0,0.0,0.0,0.0,0.0,0.0,0.0,0.0,0.0,0.0,0.0,0.0,0.0,0.0,0.0,0.0,0.0,0.0,0.0,0.0,0.0,0.0,0.0
......7600 Schweiz (Unzuteilbar),Art der Auftraggeber - Total,Gesundheit,Laufendes Jahr - Absolute Werte,0,0.0,0.0,0.0,0.0,0.0,0.0,0.0,0.0,0.0,0.0,0.0,0.0,0.0,0.0,0.0,0.0,0.0,0.0,0.0,0.0,0.0,0.0,0.0,0.0,0.0,0.0,0.0,0.0,0.0,0.0
......7600 Schweiz (Unzuteilbar),Art der Auftraggeber - Total,Gesundheit,Laufendes Jahr - Veränderungsraten,*,0.0,0.0,0.0,0.0,0.0,0.0,0.0,0.0,0.0,0.0,0.0,0.0,0.0,0.0,0.0,0.0,0.0,0.0,0.0,0.0,0.0,0.0,0.0,0.0,0.0,0.0,0.0,0.0,0.0,0.0
......7600 Schweiz (Unzuteilbar),Art der Auftraggeber - Total,Gesundheit,Folgejahr (Arbeitsvorrat) - Absolute Werte,0,0.0,0.0,0.0,0.0,0.0,0.0,0.0,0.0,0.0,0.0,0.0,0.0,0.0,0.0,0.0,0.0,0.0,0.0,0.0,0.0,0.0,0.0,0.0,0.0,0.0,0.0,0.0,0.0,0.0,0.0
......7600 Schweiz (Unzuteilbar),Art der Auftraggeber - Total,Gesundheit,Folgejahr (Arbeitsvorrat) - Veränderungsraten,*,0.0,0.0,0.0,0.0,0.0,0.0,0.0,0.0,0.0,0.0,0.0,0.0,0.0,0.0,0.0,0.0,0.0,0.0,0.0,0.0,0.0,0.0,0.0,0.0,0.0,0.0,0.0,0.0,0.0,0.0
......7600 Schweiz (Unzuteilbar),Art der Auftraggeber - Total,Freizeit und Kultur,Laufendes Jahr - Absolute Werte,787,809.0,160.0,0.0,0.0,549.0,90.0,882.0,2468.0,22.0,0.0,0.0,0.0,0.0,0.0,0.0,0.0,0.0,0.0,0.0,0.0,0.0,0.0,0.0,0.0,0.0,0.0,0.0,0.0,0.0,0.0
......7600 Schweiz (Unzuteilbar),Art der Auftraggeber - Total,Freizeit und Kultur,Laufendes Jahr - Veränderungsraten,*,2.8,-80.22,0.0,0.0,0.0,-83.61,880.0,179.82,-99.11,0.0,0.0,0.0,0.0,0.0,0.0,0.0,0.0,0.0,0.0,0.0,0.0,0.0,0.0,0.0,0.0,0.0,0.0,0.0,0.0,0.0
......7600 Schweiz (Unzuteilbar),Art der Auftraggeber - Total,Freizeit und Kultur,Folgejahr (Arbeitsvorrat) - Absolute Werte,232,215.0,60.0,0.0,0.0,1182.0,882.0,806.0,565.0,0.0,0.0,0.0,0.0,0.0,0.0,0.0,0.0,0.0,0.0,0.0,0.0,0.0,0.0,0.0,0.0,0.0,0.0,0.0,0.0,0.0,0.0
......7600 Schweiz (Unzuteilbar),Art der Auftraggeber - Total,Freizeit und Kultur,Folgejahr (Arbeitsvorrat) - Veränderungsraten,*,-7.33,-72.09,0.0,0.0,0.0,-25.38,-8.62,-29.9,-100.0,0.0,0.0,0.0,0.0,0.0,0.0,0.0,0.0,0.0,0.0,0.0,0.0,0.0,0.0,0.0,0.0,0.0,0.0,0.0,0.0,0.0
......7600 Schweiz (Unzuteilbar),Art der Auftraggeber - Total,Uebrige Infrastruktur,Laufendes Jahr - Absolute Werte,6588,15928.0,33553.0,23152.0,22036.0,31770.0,42774.0,53658.0,54317.0,39333.0,44961.0,52248.0,53799.0,49433.0,47910.0,52158.0,47443.0,38885.0,28021.0,61174.0,48250.0,90340.0,103753.0,118184.0,132123.0,164920.0,140992.0,120181.0,122206.0,112336.0,116408.0
......7600 Schweiz (Unzuteilbar),Art der Auftraggeber - Total,Uebrige Infrastruktur,Laufendes Jahr - Veränderungsraten,*,141.77,110.65,-31.0,-4.82,44.17,34.64,25.45,1.23,-27.59,14.31,16.21,2.97,-8.12,-3.08,8.87,-9.04,-18.04,-27.94,118.31,-21.13,87.23,14.85,13.91,11.79,24.82,-14.51,-14.76,1.68,-8.08,3.62
......7600 Schweiz (Unzuteilbar),Art der Auftraggeber - Total,Uebrige Infrastruktur,Folgejahr (Arbeitsvorrat) - Absolute Werte,6567,16067.0,29605.0,22619.0,20645.0,29358.0,28889.0,38265.0,38952.0,43111.0,45350.0,55922.0,43039.0,27786.0,54997.0,58581.0,53460.0,35802.0,26321.0,65387.0,74123.0,103007.0,123606.0,117875.0,153337.0,140585.0,124757.0,118545.0,108071.0,92725.0,98677.0
......7600 Schweiz (Unzuteilbar),Art der Auftraggeber - Total,Uebrige Infrastruktur,Folgejahr (Arbeitsvorrat) - Veränderungsraten,*,144.66,84.26,-23.6,-8.73,42.2,-1.6,32.46,1.8,10.68,5.19,23.31,-23.04,-35.44,97.93,6.52,-8.74,-33.03,-26.48,148.42,13.36,38.97,20.0,-4.64,30.08,-8.32,-11.26,-4.98,-8.84,-14.2,6.42
......7600 Schweiz (Unzuteilbar),Art der Auftraggeber - Total,Wohnen,Laufendes Jahr - Absolute Werte,251,200.0,0.0,0.0,0.0,0.0,0.0,0.0,0.0,0.0,0.0,0.0,0.0,0.0,0.0,0.0,0.0,0.0,0.0,0.0,128.0,49.0,0.0,37.0,0.0,0.0,0.0,0.0,0.0,0.0,0.0
......7600 Schweiz (Unzuteilbar),Art der Auftraggeber - Total,Wohnen,Laufendes Jahr - Veränderungsraten,*,-20.32,0.0,0.0,0.0,0.0,0.0,0.0,0.0,0.0,0.0,0.0,0.0,0.0,0.0,0.0,0.0,0.0,0.0,0.0,0.0,-61.72,0.0,0.0,0.0,0.0,0.0,0.0,0.0,0.0,0.0
......7600 Schweiz (Unzuteilbar),Art der Auftraggeber - Total,Wohnen,Folgejahr (Arbeitsvorrat) - Absolute Werte,200,0.0,0.0,0.0,0.0,0.0,0.0,0.0,0.0,0.0,0.0,0.0,0.0,0.0,0.0,0.0,0.0,0.0,0.0,0.0,0.0,0.0,0.0,0.0,0.0,0.0,0.0,0.0,0.0,0.0,0.0
......7600 Schweiz (Unzuteilbar),Art der Auftraggeber - Total,Wohnen,Folgejahr (Arbeitsvorrat) - Veränderungsraten,*,-100.0,0.0,0.0,0.0,0.0,0.0,0.0,0.0,0.0,0.0,0.0,0.0,0.0,0.0,0.0,0.0,0.0,0.0,0.0,0.0,0.0,0.0,0.0,0.0,0.0,0.0,0.0,0.0,0.0,0.0
......7600 Schweiz (Unzuteilbar),Art der Auftraggeber - Total,Land- und Forstwirtschaft,Laufendes Jahr - Absolute Werte,238,0.0,0.0,0.0,0.0,0.0,0.0,0.0,0.0,0.0,0.0,0.0,0.0,0.0,0.0,0.0,0.0,0.0,0.0,0.0,0.0,0.0,0.0,0.0,0.0,0.0,0.0,0.0,0.0,0.0,0.0
......7600 Schweiz (Unzuteilbar),Art der Auftraggeber - Total,Land- und Forstwirtschaft,Laufendes Jahr - Veränderungsraten,*,0.0,0.0,0.0,0.0,0.0,0.0,0.0,0.0,0.0,0.0,0.0,0.0,0.0,0.0,0.0,0.0,0.0,0.0,0.0,0.0,0.0,0.0,0.0,0.0,0.0,0.0,0.0,0.0,0.0,0.0
......7600 Schweiz (Unzuteilbar),Art der Auftraggeber - Total,Land- und Forstwirtschaft,Folgejahr (Arbeitsvorrat) - Absolute Werte,0,0.0,0.0,0.0,0.0,0.0,0.0,0.0,0.0,0.0,0.0,0.0,0.0,0.0,0.0,0.0,0.0,0.0,0.0,0.0,0.0,0.0,0.0,0.0,0.0,0.0,0.0,0.0,0.0,0.0,0.0
......7600 Schweiz (Unzuteilbar),Art der Auftraggeber - Total,Land- und Forstwirtschaft,Folgejahr (Arbeitsvorrat) - Veränderungsraten,*,0.0,0.0,0.0,0.0,0.0,0.0,0.0,0.0,0.0,0.0,0.0,0.0,0.0,0.0,0.0,0.0,0.0,0.0,0.0,0.0,0.0,0.0,0.0,0.0,0.0,0.0,0.0,0.0,0.0,0.0
......7600 Schweiz (Unzuteilbar),Art der Auftraggeber - Total,"Industrie, Gewerbe und Dienstleistungen",Laufendes Jahr - Absolute Werte,13786,13126.0,18225.0,57.0,0.0,2113.0,1932.0,1523.0,9740.0,70.0,1514.0,1489.0,1646.0,2177.0,3568.0,2908.0,11934.0,19031.0,3603.0,123.0,394.0,0.0,0.0,29.0,0.0,0.0,3.0,1188.0,819.0,0.0,0.0
......7600 Schweiz (Unzuteilbar),Art der Auftraggeber - Total,"Industrie, Gewerbe und Dienstleistungen",Laufendes Jahr - Veränderungsraten,*,-4.79,38.85,-99.69,0.0,0.0,-8.57,-21.17,539.53,-99.28,2062.86,-1.65,10.54,32.26,63.9,-18.5,310.39,59.47,-81.07,-96.59,220.33,-100.0,0.0,0.0,0.0,0.0,0.0,39500.0,-31.06,0.0,0.0
......7600 Schweiz (Unzuteilbar),Art der Auftraggeber - Total,"Industrie, Gewerbe und Dienstleistungen",Folgejahr (Arbeitsvorrat) - Absolute Werte,1649,1490.0,6132.0,0.0,0.0,547.0,300.0,1684.0,147.0,0.0,0.0,275.0,1680.0,0.0,1680.0,22360.0,0.0,21000.0,0.0,1340.0,0.0,0.0,0.0,0.0,0.0,2500.0,777.0,494.0,0.0,0.0,0.0
......7600 Schweiz (Unzuteilbar),Art der Auftraggeber - Total,"Industrie, Gewerbe und Dienstleistungen",Folgejahr (Arbeitsvorrat) - Veränderungsraten,*,-9.64,311.54,-100.0,0.0,0.0,-45.16,461.33,-91.27,-100.0,0.0,0.0,510.91,-100.0,0.0,1230.95,-100.0,0.0,-100.0,0.0,-100.0,0.0,0.0,0.0,0.0,0.0,-68.92,-36.42,-100.0,0.0,0.0
......7600 Schweiz (Unzuteilbar),Oeffentliche Auftraggeber,Kategorie der Bauwerke - Total,Laufendes Jahr - Absolute Werte,22788,30845.0,75897.0,23402.0,55286.0,156890.0,358904.0,541874.0,789189.0,685780.0,788365.0,977666.0,593298.0,464413.0,479869.0,142694.0,459314.0,404273.0,515412.0,620100.0,700980.0,795929.0,850794.0,449087.0,613944.0,638352.0,643282.0,543304.0,552526.0,578794.0,578619.0
......7600 Schweiz (Unzuteilbar),Oeffentliche Auftraggeber,Kategorie der Bauwerke - Total,Laufendes Jahr - Veränderungsraten,*,35.36,146.06,-69.17,136.24,183.78,128.76,50.98,45.64,-13.1,14.96,24.01,-39.31,-21.72,3.33,-70.26,221.89,-11.98,27.49,20.31,13.04,13.55,6.89,-47.22,36.71,3.98,0.77,-15.54,1.7,4.75,-0.03
......7600 Schweiz (Unzuteilbar),Oeffentliche Auftraggeber,Kategorie der Bauwerke - Total,Folgejahr (Arbeitsvorrat) - Absolute Werte,9069,17903.0,35824.0,22869.0,132895.0,342588.0,479177.0,610691.0,609971.0,805507.0,1030526.0,696185.0,544682.0,188883.0,354542.0,353642.0,448493.0,555211.0,669503.0,730940.0,886883.0,972877.0,527390.0,537475.0,625555.0,801693.0,626165.0,596618.0,662508.0,764551.0,576433.0
......7600 Schweiz (Unzuteilbar),Oeffentliche Auftraggeber,Kategorie der Bauwerke - Total,Folgejahr (Arbeitsvorrat) - Veränderungsraten,*,97.41,100.1,-36.16,481.11,157.79,39.87,27.45,-0.12,32.06,27.94,-32.44,-21.76,-65.32,87.7,-0.25,26.82,23.79,20.59,9.18,21.33,9.7,-45.79,1.91,16.39,28.16,-21.89,-4.72,11.04,15.4,-24.61
......7600 Schweiz (Unzuteilbar),Oeffentliche Auftraggeber,Infrastruktur Versorgung,Laufendes Jahr - Absolute Werte,200,235.0,200.0,200.0,200.0,1146.0,1230.0,1219.0,1037.0,2097.0,2264.0,5849.0,7058.0,14334.0,2766.0,4209.0,2509.0,4300.0,11863.0,15622.0,21805.0,40956.0,20495.0,13046.0,122103.0,90890.0,151862.0,25947.0,83160.0,13572.0,32475.0
......7600 Schweiz (Unzuteilbar),Oeffentliche Auftraggeber,Infrastruktur Versorgung,Laufendes Jahr - Veränderungsraten,*,17.5,-14.89,0.0,0.0,473.0,7.33,-0.89,-14.93,102.22,7.96,158.35,20.67,103.09,-80.7,52.17,-40.39,71.38,175.88,31.69,39.58,87.83,-49.96,-36.35,835.94,-25.56,67.08,-82.91,220.5,-83.68,139.28
......7600 Schweiz (Unzuteilbar),Oeffentliche Auftraggeber,Infrastruktur Versorgung,Folgejahr (Arbeitsvorrat) - Absolute Werte,200,200.0,200.0,200.0,200.0,819.0,1256.0,200.0,2200.0,1590.0,2315.0,1221.0,25020.0,15984.0,6296.0,14180.0,18560.0,1341.0,11096.0,19211.0,44170.0,33807.0,31098.0,24190.0,92007.0,152985.0,123365.0,9569.0,114760.0,32558.0,27543.0
......7600 Schweiz (Unzuteilbar),Oeffentliche Auftraggeber,Infrastruktur Versorgung,Folgejahr (Arbeitsvorrat) - Veränderungsraten,*,0.0,0.0,0.0,0.0,309.5,53.36,-84.08,1000.0,-27.73,45.6,-47.26,1949.14,-36.12,-60.61,125.22,30.89,-92.77,727.44,73.13,129.92,-23.46,-8.01,-22.21,280.35,66.28,-19.36,-92.24,1099.29,-71.63,-15.4
......7600 Schweiz (Unzuteilbar),Oeffentliche Auftraggeber,Infrastruktur Entsorgung,Laufendes Jahr - Absolute Werte,0,0.0,0.0,0.0,0.0,0.0,0.0,0.0,0.0,0.0,0.0,0.0,0.0,0.0,0.0,0.0,0.0,0.0,0.0,0.0,0.0,0.0,0.0,0.0,0.0,0.0,0.0,0.0,0.0,0.0,0.0
......7600 Schweiz (Unzuteilbar),Oeffentliche Auftraggeber,Infrastruktur Entsorgung,Laufendes Jahr - Veränderungsraten,*,0.0,0.0,0.0,0.0,0.0,0.0,0.0,0.0,0.0,0.0,0.0,0.0,0.0,0.0,0.0,0.0,0.0,0.0,0.0,0.0,0.0,0.0,0.0,0.0,0.0,0.0,0.0,0.0,0.0,0.0
......7600 Schweiz (Unzuteilbar),Oeffentliche Auftraggeber,Infrastruktur Entsorgung,Folgejahr (Arbeitsvorrat) - Absolute Werte,0,0.0,0.0,0.0,0.0,0.0,0.0,0.0,0.0,0.0,0.0,0.0,0.0,0.0,0.0,0.0,0.0,0.0,0.0,0.0,0.0,0.0,0.0,0.0,0.0,0.0,0.0,0.0,0.0,0.0,0.0
......7600 Schweiz (Unzuteilbar),Oeffentliche Auftraggeber,Infrastruktur Entsorgung,Folgejahr (Arbeitsvorrat) - Veränderungsraten,*,0.0,0.0,0.0,0.0,0.0,0.0,0.0,0.0,0.0,0.0,0.0,0.0,0.0,0.0,0.0,0.0,0.0,0.0,0.0,0.0,0.0,0.0,0.0,0.0,0.0,0.0,0.0,0.0,0.0,0.0
......7600 Schweiz (Unzuteilbar),Oeffentliche Auftraggeber,Infrastruktur Strassenverkehr,Laufendes Jahr - Absolute Werte,50,50.0,70.0,50.0,50.0,50.0,400.0,100.0,150.0,400.0,50.0,400.0,100.0,100.0,100.0,0.0,200.0,0.0,0.0,0.0,0.0,0.0,0.0,491.0,7276.0,16201.0,43483.0,56581.0,41306.0,65651.0,68265.0
......7600 Schweiz (Unzuteilbar),Oeffentliche Auftraggeber,Infrastruktur Strassenverkehr,Laufendes Jahr - Veränderungsraten,*,0.0,40.0,-28.57,0.0,0.0,700.0,-75.0,50.0,166.67,-87.5,700.0,-75.0,0.0,0.0,0.0,0.0,0.0,0.0,0.0,0.0,0.0,0.0,0.0,1381.87,122.66,168.4,30.12,-27.0,58.94,3.98
......7600 Schweiz (Unzuteilbar),Oeffentliche Auftraggeber,Infrastruktur Strassenverkehr,Folgejahr (Arbeitsvorrat) - Absolute Werte,50,50.0,50.0,50.0,50.0,50.0,100.0,100.0,100.0,400.0,100.0,100.0,100.0,100.0,100.0,0.0,0.0,0.0,0.0,0.0,0.0,0.0,440.0,9633.0,28187.0,48697.0,60273.0,64660.0,78526.0,94900.0,120693.0
......7600 Schweiz (Unzuteilbar),Oeffentliche Auftraggeber,Infrastruktur Strassenverkehr,Folgejahr (Arbeitsvorrat) - Veränderungsraten,*,0.0,0.0,0.0,0.0,0.0,100.0,0.0,0.0,300.0,-75.0,0.0,0.0,0.0,0.0,0.0,0.0,0.0,0.0,0.0,0.0,0.0,0.0,2089.32,192.61,72.76,23.77,7.28,21.44,20.85,27.18
......7600 Schweiz (Unzuteilbar),Oeffentliche Auftraggeber,Infrastruktur übriger Verkehr und Kommunikation,Laufendes Jahr - Absolute Werte,1176,803.0,24181.0,0.0,33000.0,121262.0,312461.0,484492.0,721477.0,643982.0,739576.0,917680.0,530695.0,398649.0,425525.0,83419.0,397228.0,342057.0,472501.0,544002.0,630851.0,664810.0,726553.0,317398.0,352442.0,366341.0,306945.0,340595.0,305854.0,387235.0,361471.0
......7600 Schweiz (Unzuteilbar),Oeffentliche Auftraggeber,Infrastruktur übriger Verkehr und Kommunikation,Laufendes Jahr - Veränderungsraten,*,-31.72,2911.33,0.0,0.0,267.46,157.67,55.06,48.91,-10.74,14.84,24.08,-42.17,-24.88,6.74,-80.4,376.18,-13.89,38.14,15.13,15.96,5.38,9.29,-56.31,11.04,3.94,-16.21,10.96,-10.2,26.61,-6.65
......7600 Schweiz (Unzuteilbar),Oeffentliche Auftraggeber,Infrastruktur übriger Verkehr und Kommunikation,Folgejahr (Arbeitsvorrat) - Absolute Werte,687,194.0,38.0,0.0,112000.0,310632.0,447150.0,569636.0,568007.0,760450.0,982761.0,638667.0,474843.0,145013.0,291469.0,258521.0,376473.0,497068.0,633086.0,645158.0,768723.0,836069.0,372246.0,385777.0,352024.0,456926.0,317770.0,403844.0,361151.0,544368.0,329520.0
......7600 Schweiz (Unzuteilbar),Oeffentliche Auftraggeber,Infrastruktur übriger Verkehr und Kommunikation,Folgejahr (Arbeitsvorrat) - Veränderungsraten,*,-71.76,-80.41,0.0,0.0,177.35,43.95,27.39,-0.29,33.88,29.23,-35.01,-25.65,-69.46,101.0,-11.3,45.63,32.03,27.36,1.91,19.15,8.76,-55.48,3.63,-8.75,29.8,-30.45,27.09,-10.57,50.73,-39.47
......7600 Schweiz (Unzuteilbar),Oeffentliche Auftraggeber,"Bildung, Forschung",Laufendes Jahr - Absolute Werte,146,89.0,17.0,0.0,0.0,0.0,17.0,0.0,0.0,0.0,0.0,0.0,0.0,0.0,0.0,0.0,0.0,0.0,0.0,0.0,0.0,0.0,0.0,0.0,0.0,0.0,0.0,0.0,0.0,0.0,0.0
......7600 Schweiz (Unzuteilbar),Oeffentliche Auftraggeber,"Bildung, Forschung",Laufendes Jahr - Veränderungsraten,*,-39.04,-80.9,0.0,0.0,0.0,0.0,0.0,0.0,0.0,0.0,0.0,0.0,0.0,0.0,0.0,0.0,0.0,0.0,0.0,0.0,0.0,0.0,0.0,0.0,0.0,0.0,0.0,0.0,0.0,0.0
......7600 Schweiz (Unzuteilbar),Oeffentliche Auftraggeber,"Bildung, Forschung",Folgejahr (Arbeitsvorrat) - Absolute Werte,34,0.0,39.0,0.0,0.0,0.0,600.0,0.0,0.0,0.0,0.0,0.0,0.0,0.0,0.0,0.0,0.0,0.0,0.0,0.0,0.0,0.0,0.0,0.0,0.0,0.0,0.0,0.0,0.0,0.0,0.0
......7600 Schweiz (Unzuteilbar),Oeffentliche Auftraggeber,"Bildung, Forschung",Folgejahr (Arbeitsvorrat) - Veränderungsraten,*,-100.0,0.0,0.0,0.0,0.0,0.0,0.0,0.0,0.0,0.0,0.0,0.0,0.0,0.0,0.0,0.0,0.0,0.0,0.0,0.0,0.0,0.0,0.0,0.0,0.0,0.0,0.0,0.0,0.0,0.0
......7600 Schweiz (Unzuteilbar),Oeffentliche Auftraggeber,Gesundheit,Laufendes Jahr - Absolute Werte,0,0.0,0.0,0.0,0.0,0.0,0.0,0.0,0.0,0.0,0.0,0.0,0.0,0.0,0.0,0.0,0.0,0.0,0.0,0.0,0.0,0.0,0.0,0.0,0.0,0.0,0.0,0.0,0.0,0.0,0.0
......7600 Schweiz (Unzuteilbar),Oeffentliche Auftraggeber,Gesundheit,Laufendes Jahr - Veränderungsraten,*,0.0,0.0,0.0,0.0,0.0,0.0,0.0,0.0,0.0,0.0,0.0,0.0,0.0,0.0,0.0,0.0,0.0,0.0,0.0,0.0,0.0,0.0,0.0,0.0,0.0,0.0,0.0,0.0,0.0,0.0
......7600 Schweiz (Unzuteilbar),Oeffentliche Auftraggeber,Gesundheit,Folgejahr (Arbeitsvorrat) - Absolute Werte,0,0.0,0.0,0.0,0.0,0.0,0.0,0.0,0.0,0.0,0.0,0.0,0.0,0.0,0.0,0.0,0.0,0.0,0.0,0.0,0.0,0.0,0.0,0.0,0.0,0.0,0.0,0.0,0.0,0.0,0.0
......7600 Schweiz (Unzuteilbar),Oeffentliche Auftraggeber,Gesundheit,Folgejahr (Arbeitsvorrat) - Veränderungsraten,*,0.0,0.0,0.0,0.0,0.0,0.0,0.0,0.0,0.0,0.0,0.0,0.0,0.0,0.0,0.0,0.0,0.0,0.0,0.0,0.0,0.0,0.0,0.0,0.0,0.0,0.0,0.0,0.0,0.0,0.0
......7600 Schweiz (Unzuteilbar),Oeffentliche Auftraggeber,Freizeit und Kultur,Laufendes Jahr - Absolute Werte,787,809.0,160.0,0.0,0.0,549.0,90.0,882.0,2468.0,22.0,0.0,0.0,0.0,0.0,0.0,0.0,0.0,0.0,0.0,0.0,0.0,0.0,0.0,0.0,0.0,0.0,0.0,0.0,0.0,0.0,0.0
......7600 Schweiz (Unzuteilbar),Oeffentliche Auftraggeber,Freizeit und Kultur,Laufendes Jahr - Veränderungsraten,*,2.8,-80.22,0.0,0.0,0.0,-83.61,880.0,179.82,-99.11,0.0,0.0,0.0,0.0,0.0,0.0,0.0,0.0,0.0,0.0,0.0,0.0,0.0,0.0,0.0,0.0,0.0,0.0,0.0,0.0,0.0
......7600 Schweiz (Unzuteilbar),Oeffentliche Auftraggeber,Freizeit und Kultur,Folgejahr (Arbeitsvorrat) - Absolute Werte,232,215.0,60.0,0.0,0.0,1182.0,882.0,806.0,565.0,0.0,0.0,0.0,0.0,0.0,0.0,0.0,0.0,0.0,0.0,0.0,0.0,0.0,0.0,0.0,0.0,0.0,0.0,0.0,0.0,0.0,0.0
......7600 Schweiz (Unzuteilbar),Oeffentliche Auftraggeber,Freizeit und Kultur,Folgejahr (Arbeitsvorrat) - Veränderungsraten,*,-7.33,-72.09,0.0,0.0,0.0,-25.38,-8.62,-29.9,-100.0,0.0,0.0,0.0,0.0,0.0,0.0,0.0,0.0,0.0,0.0,0.0,0.0,0.0,0.0,0.0,0.0,0.0,0.0,0.0,0.0,0.0
......7600 Schweiz (Unzuteilbar),Oeffentliche Auftraggeber,Uebrige Infrastruktur,Laufendes Jahr - Absolute Werte,6588,15928.0,33553.0,23152.0,22036.0,31770.0,42774.0,53658.0,54317.0,39279.0,44961.0,52248.0,53799.0,49433.0,47910.0,52158.0,47443.0,38885.0,27445.0,60353.0,47964.0,90163.0,103746.0,118152.0,132123.0,164920.0,140992.0,120181.0,122206.0,112336.0,116408.0
......7600 Schweiz (Unzuteilbar),Oeffentliche Auftraggeber,Uebrige Infrastruktur,Laufendes Jahr - Veränderungsraten,*,141.77,110.65,-31.0,-4.82,44.17,34.64,25.45,1.23,-27.69,14.47,16.21,2.97,-8.12,-3.08,8.87,-9.04,-18.04,-29.42,119.91,-20.53,87.98,15.06,13.89,11.82,24.82,-14.51,-14.76,1.68,-8.08,3.62
......7600 Schweiz (Unzuteilbar),Oeffentliche Auftraggeber,Uebrige Infrastruktur,Folgejahr (Arbeitsvorrat) - Absolute Werte,6567,16067.0,29605.0,22619.0,20645.0,29358.0,28889.0,38265.0,38952.0,43067.0,45350.0,55922.0,43039.0,27786.0,54997.0,58581.0,53460.0,35802.0,25321.0,65231.0,73990.0,103001.0,123606.0,117875.0,153337.0,140585.0,124757.0,118545.0,108071.0,92725.0,98677.0
......7600 Schweiz (Unzuteilbar),Oeffentliche Auftraggeber,Uebrige Infrastruktur,Folgejahr (Arbeitsvorrat) - Veränderungsraten,*,144.66,84.26,-23.6,-8.73,42.2,-1.6,32.46,1.8,10.56,5.3,23.31,-23.04,-35.44,97.93,6.52,-8.74,-33.03,-29.27,157.62,13.43,39.21,20.0,-4.64,30.08,-8.32,-11.26,-4.98,-8.84,-14.2,6.42
......7600 Schweiz (Unzuteilbar),Oeffentliche Auftraggeber,Wohnen,Laufendes Jahr - Absolute Werte,1,0.0,0.0,0.0,0.0,0.0,0.0,0.0,0.0,0.0,0.0,0.0,0.0,0.0,0.0,0.0,0.0,0.0,0.0,0.0,0.0,0.0,0.0,0.0,0.0,0.0,0.0,0.0,0.0,0.0,0.0
......7600 Schweiz (Unzuteilbar),Oeffentliche Auftraggeber,Wohnen,Laufendes Jahr - Veränderungsraten,*,0.0,0.0,0.0,0.0,0.0,0.0,0.0,0.0,0.0,0.0,0.0,0.0,0.0,0.0,0.0,0.0,0.0,0.0,0.0,0.0,0.0,0.0,0.0,0.0,0.0,0.0,0.0,0.0,0.0,0.0
......7600 Schweiz (Unzuteilbar),Oeffentliche Auftraggeber,Wohnen,Folgejahr (Arbeitsvorrat) - Absolute Werte,0,0.0,0.0,0.0,0.0,0.0,0.0,0.0,0.0,0.0,0.0,0.0,0.0,0.0,0.0,0.0,0.0,0.0,0.0,0.0,0.0,0.0,0.0,0.0,0.0,0.0,0.0,0.0,0.0,0.0,0.0
......7600 Schweiz (Unzuteilbar),Oeffentliche Auftraggeber,Wohnen,Folgejahr (Arbeitsvorrat) - Veränderungsraten,*,0.0,0.0,0.0,0.0,0.0,0.0,0.0,0.0,0.0,0.0,0.0,0.0,0.0,0.0,0.0,0.0,0.0,0.0,0.0,0.0,0.0,0.0,0.0,0.0,0.0,0.0,0.0,0.0,0.0,0.0
......7600 Schweiz (Unzuteilbar),Oeffentliche Auftraggeber,Land- und Forstwirtschaft,Laufendes Jahr - Absolute Werte,238,0.0,0.0,0.0,0.0,0.0,0.0,0.0,0.0,0.0,0.0,0.0,0.0,0.0,0.0,0.0,0.0,0.0,0.0,0.0,0.0,0.0,0.0,0.0,0.0,0.0,0.0,0.0,0.0,0.0,0.0
......7600 Schweiz (Unzuteilbar),Oeffentliche Auftraggeber,Land- und Forstwirtschaft,Laufendes Jahr - Veränderungsraten,*,0.0,0.0,0.0,0.0,0.0,0.0,0.0,0.0,0.0,0.0,0.0,0.0,0.0,0.0,0.0,0.0,0.0,0.0,0.0,0.0,0.0,0.0,0.0,0.0,0.0,0.0,0.0,0.0,0.0,0.0
......7600 Schweiz (Unzuteilbar),Oeffentliche Auftraggeber,Land- und Forstwirtschaft,Folgejahr (Arbeitsvorrat) - Absolute Werte,0,0.0,0.0,0.0,0.0,0.0,0.0,0.0,0.0,0.0,0.0,0.0,0.0,0.0,0.0,0.0,0.0,0.0,0.0,0.0,0.0,0.0,0.0,0.0,0.0,0.0,0.0,0.0,0.0,0.0,0.0
......7600 Schweiz (Unzuteilbar),Oeffentliche Auftraggeber,Land- und Forstwirtschaft,Folgejahr (Arbeitsvorrat) - Veränderungsraten,*,0.0,0.0,0.0,0.0,0.0,0.0,0.0,0.0,0.0,0.0,0.0,0.0,0.0,0.0,0.0,0.0,0.0,0.0,0.0,0.0,0.0,0.0,0.0,0.0,0.0,0.0,0.0,0.0,0.0,0.0
......7600 Schweiz (Unzuteilbar),Oeffentliche Auftraggeber,"Industrie, Gewerbe und Dienstleistungen",Laufendes Jahr - Absolute Werte,13602,12931.0,17716.0,0.0,0.0,2113.0,1932.0,1523.0,9740.0,0.0,1514.0,1489.0,1646.0,1897.0,3568.0,2908.0,11934.0,19031.0,3603.0,123.0,360.0,0.0,0.0,0.0,0.0,0.0,0.0,0.0,0.0,0.0,0.0
......7600 Schweiz (Unzuteilbar),Oeffentliche Auftraggeber,"Industrie, Gewerbe und Dienstleistungen",Laufendes Jahr - Veränderungsraten,*,-4.93,37.0,0.0,0.0,0.0,-8.57,-21.17,539.53,-100.0,0.0,-1.65,10.54,15.25,88.09,-18.5,310.39,59.47,-81.07,-96.59,192.68,-100.0,0.0,0.0,0.0,0.0,0.0,0.0,0.0,0.0,0.0
......7600 Schweiz (Unzuteilbar),Oeffentliche Auftraggeber,"Industrie, Gewerbe und Dienstleistungen",Folgejahr (Arbeitsvorrat) - Absolute Werte,1299,1177.0,5832.0,0.0,0.0,547.0,300.0,1684.0,147.0,0.0,0.0,275.0,1680.0,0.0,1680.0,22360.0,0.0,21000.0,0.0,1340.0,0.0,0.0,0.0,0.0,0.0,2500.0,0.0,0.0,0.0,0.0,0.0
......7600 Schweiz (Unzuteilbar),Oeffentliche Auftraggeber,"Industrie, Gewerbe und Dienstleistungen",Folgejahr (Arbeitsvorrat) - Veränderungsraten,*,-9.39,395.5,0.0,0.0,0.0,-45.16,461.33,-91.27,-100.0,0.0,0.0,510.91,-100.0,0.0,1230.95,-100.0,0.0,-100.0,0.0,-100.0,0.0,0.0,0.0,0.0,0.0,0.0,0.0,0.0,0.0,0.0
......7600 Schweiz (Unzuteilbar),Private Auftraggeber,Kategorie der Bauwerke - Total,Laufendes Jahr - Absolute Werte,19802,15766.0,22370.0,27191.0,119646.0,287889.0,323875.0,199919.0,99470.0,50293.0,64150.0,98951.0,77039.0,79829.0,53699.0,47161.0,22827.0,38351.0,139958.0,32722.0,35982.0,15579.0,5338.0,3675.0,25425.0,43996.0,45222.0,40238.0,42393.0,40509.0,30304.0
......7600 Schweiz (Unzuteilbar),Private Auftraggeber,Kategorie der Bauwerke - Total,Laufendes Jahr - Veränderungsraten,*,-20.38,41.89,21.55,340.02,140.62,12.5,-38.27,-50.24,-49.44,27.55,54.25,-22.14,3.62,-32.73,-12.18,-51.6,68.01,264.94,-76.62,9.96,-56.7,-65.74,-31.15,591.84,73.04,2.79,-11.02,5.36,-4.44,-25.19
......7600 Schweiz (Unzuteilbar),Private Auftraggeber,Kategorie der Bauwerke - Total,Folgejahr (Arbeitsvorrat) - Absolute Werte,10940,11263.0,22511.0,11742.0,280817.0,320770.0,194907.0,104434.0,31706.0,21769.0,40486.0,95812.0,79928.0,133685.0,71246.0,55621.0,5748.0,23146.0,72520.0,22526.0,7284.0,6764.0,7076.0,9510.0,30549.0,31243.0,45629.0,44663.0,44485.0,54015.0,37169.0
......7600 Schweiz (Unzuteilbar),Private Auftraggeber,Kategorie der Bauwerke - Total,Folgejahr (Arbeitsvorrat) - Veränderungsraten,*,2.95,99.87,-47.84,2291.56,14.23,-39.24,-46.42,-69.64,-31.34,85.98,136.65,-16.58,67.26,-46.71,-21.93,-89.67,302.68,213.32,-68.94,-67.66,-7.14,4.61,34.4,221.23,2.27,46.05,-2.12,-0.4,21.42,-31.19
......7600 Schweiz (Unzuteilbar),Private Auftraggeber,Infrastruktur Versorgung,Laufendes Jahr - Absolute Werte,14742,10365.0,13025.0,12519.0,114537.0,283592.0,313182.0,182297.0,84430.0,36702.0,53487.0,88228.0,65514.0,72156.0,35419.0,45962.0,10027.0,14038.0,120081.0,27743.0,10001.0,3685.0,3008.0,1312.0,2845.0,7580.0,1153.0,5934.0,3420.0,3200.0,2400.0
......7600 Schweiz (Unzuteilbar),Private Auftraggeber,Infrastruktur Versorgung,Laufendes Jahr - Veränderungsraten,*,-29.69,25.66,-3.88,814.91,147.6,10.43,-41.79,-53.69,-56.53,45.73,64.95,-25.74,10.14,-50.91,29.77,-78.18,40.0,755.4,-76.9,-63.95,-63.15,-18.37,-56.38,116.84,166.43,-84.79,414.66,-42.37,-6.43,-25.0
......7600 Schweiz (Unzuteilbar),Private Auftraggeber,Infrastruktur Versorgung,Folgejahr (Arbeitsvorrat) - Absolute Werte,10390,10950.0,11410.0,11310.0,280710.0,320690.0,179660.0,97900.0,31140.0,16695.0,34860.0,92085.0,77470.0,122547.0,70979.0,55473.0,5748.0,21791.0,68870.0,18000.0,2547.0,4306.0,4406.0,3395.0,7470.0,1143.0,5934.0,3200.0,3380.0,2200.0,4173.0
......7600 Schweiz (Unzuteilbar),Private Auftraggeber,Infrastruktur Versorgung,Folgejahr (Arbeitsvorrat) - Veränderungsraten,*,5.39,4.2,-0.88,2381.96,14.24,-43.98,-45.51,-68.19,-46.39,108.81,164.16,-15.87,58.19,-42.08,-21.85,-89.64,279.11,216.05,-73.86,-85.85,69.06,2.32,-22.95,120.03,-84.7,419.16,-46.07,5.63,-34.91,89.68
......7600 Schweiz (Unzuteilbar),Private Auftraggeber,Infrastruktur Entsorgung,Laufendes Jahr - Absolute Werte,0,0.0,0.0,0.0,0.0,0.0,0.0,0.0,0.0,0.0,0.0,0.0,0.0,0.0,0.0,0.0,0.0,0.0,0.0,0.0,0.0,0.0,0.0,0.0,0.0,0.0,0.0,0.0,0.0,0.0,0.0
......7600 Schweiz (Unzuteilbar),Private Auftraggeber,Infrastruktur Entsorgung,Laufendes Jahr - Veränderungsraten,*,0.0,0.0,0.0,0.0,0.0,0.0,0.0,0.0,0.0,0.0,0.0,0.0,0.0,0.0,0.0,0.0,0.0,0.0,0.0,0.0,0.0,0.0,0.0,0.0,0.0,0.0,0.0,0.0,0.0,0.0
......7600 Schweiz (Unzuteilbar),Private Auftraggeber,Infrastruktur Entsorgung,Folgejahr (Arbeitsvorrat) - Absolute Werte,0,0.0,0.0,0.0,0.0,0.0,0.0,0.0,0.0,0.0,0.0,0.0,0.0,0.0,0.0,0.0,0.0,0.0,0.0,0.0,0.0,0.0,0.0,0.0,0.0,0.0,0.0,0.0,0.0,0.0,0.0
......7600 Schweiz (Unzuteilbar),Private Auftraggeber,Infrastruktur Entsorgung,Folgejahr (Arbeitsvorrat) - Veränderungsraten,*,0.0,0.0,0.0,0.0,0.0,0.0,0.0,0.0,0.0,0.0,0.0,0.0,0.0,0.0,0.0,0.0,0.0,0.0,0.0,0.0,0.0,0.0,0.0,0.0,0.0,0.0,0.0,0.0,0.0,0.0
......7600 Schweiz (Unzuteilbar),Private Auftraggeber,Infrastruktur Strassenverkehr,Laufendes Jahr - Absolute Werte,60,49.0,12.0,3108.0,119.0,92.0,100.0,14.0,15.0,51.0,48.0,5.0,20.0,10.0,0.0,226.0,96.0,44.0,119.0,0.0,277.0,7102.0,269.0,0.0,0.0,0.0,0.0,0.0,0.0,0.0,0.0
......7600 Schweiz (Unzuteilbar),Private Auftraggeber,Infrastruktur Strassenverkehr,Laufendes Jahr - Veränderungsraten,*,-18.33,-75.51,25800.0,-96.17,-22.69,8.7,-86.0,7.14,240.0,-5.88,-89.58,300.0,-50.0,0.0,0.0,-57.52,-54.17,170.45,0.0,0.0,2463.9,-96.21,0.0,0.0,0.0,0.0,0.0,0.0,0.0,0.0
......7600 Schweiz (Unzuteilbar),Private Auftraggeber,Infrastruktur Strassenverkehr,Folgejahr (Arbeitsvorrat) - Absolute Werte,0,0.0,0.0,72.0,107.0,80.0,74.0,0.0,0.0,0.0,50.0,0.0,0.0,0.0,0.0,148.0,0.0,0.0,0.0,0.0,99.0,5.0,0.0,0.0,0.0,0.0,0.0,0.0,0.0,0.0,0.0
......7600 Schweiz (Unzuteilbar),Private Auftraggeber,Infrastruktur Strassenverkehr,Folgejahr (Arbeitsvorrat) - Veränderungsraten,*,0.0,0.0,0.0,48.61,-25.23,-7.5,-100.0,0.0,0.0,0.0,-100.0,0.0,0.0,0.0,0.0,-100.0,0.0,0.0,0.0,0.0,-94.95,-100.0,0.0,0.0,0.0,0.0,0.0,0.0,0.0,0.0
......7600 Schweiz (Unzuteilbar),Private Auftraggeber,Infrastruktur übriger Verkehr und Kommunikation,Laufendes Jahr - Absolute Werte,4566,4957.0,8824.0,11507.0,4990.0,4205.0,10593.0,17608.0,15025.0,13416.0,10615.0,10718.0,11505.0,7383.0,18280.0,973.0,12704.0,24269.0,19182.0,4158.0,25256.0,4566.0,2054.0,2265.0,22580.0,36416.0,44066.0,33116.0,38154.0,37309.0,27904.0
......7600 Schweiz (Unzuteilbar),Private Auftraggeber,Infrastruktur übriger Verkehr und Kommunikation,Laufendes Jahr - Veränderungsraten,*,8.56,78.01,30.41,-56.64,-15.73,151.91,66.22,-14.67,-10.71,-20.88,0.97,7.34,-35.83,147.6,-94.68,1205.65,91.03,-20.96,-78.32,507.41,-81.92,-55.02,10.27,896.91,61.28,21.01,-24.85,15.21,-2.21,-25.21
......7600 Schweiz (Unzuteilbar),Private Auftraggeber,Infrastruktur übriger Verkehr und Kommunikation,Folgejahr (Arbeitsvorrat) - Absolute Werte,0,0.0,10801.0,360.0,0.0,0.0,15173.0,6534.0,566.0,5030.0,5576.0,3727.0,2458.0,11138.0,267.0,0.0,0.0,1355.0,2650.0,4370.0,4505.0,2447.0,2670.0,6115.0,23079.0,30100.0,38918.0,40969.0,41105.0,51815.0,32996.0
......7600 Schweiz (Unzuteilbar),Private Auftraggeber,Infrastruktur übriger Verkehr und Kommunikation,Folgejahr (Arbeitsvorrat) - Veränderungsraten,*,0.0,0.0,-96.67,-100.0,0.0,0.0,-56.94,-91.34,788.69,10.85,-33.16,-34.05,353.13,-97.6,-100.0,0.0,0.0,95.57,64.91,3.09,-45.68,9.11,129.03,277.42,30.42,29.3,5.27,0.33,26.06,-36.32
......7600 Schweiz (Unzuteilbar),Private Auftraggeber,"Bildung, Forschung",Laufendes Jahr - Absolute Werte,0,0.0,0.0,0.0,0.0,0.0,0.0,0.0,0.0,0.0,0.0,0.0,0.0,0.0,0.0,0.0,0.0,0.0,0.0,0.0,0.0,0.0,0.0,0.0,0.0,0.0,0.0,0.0,0.0,0.0,0.0
......7600 Schweiz (Unzuteilbar),Private Auftraggeber,"Bildung, Forschung",Laufendes Jahr - Veränderungsraten,*,0.0,0.0,0.0,0.0,0.0,0.0,0.0,0.0,0.0,0.0,0.0,0.0,0.0,0.0,0.0,0.0,0.0,0.0,0.0,0.0,0.0,0.0,0.0,0.0,0.0,0.0,0.0,0.0,0.0,0.0
......7600 Schweiz (Unzuteilbar),Private Auftraggeber,"Bildung, Forschung",Folgejahr (Arbeitsvorrat) - Absolute Werte,0,0.0,0.0,0.0,0.0,0.0,0.0,0.0,0.0,0.0,0.0,0.0,0.0,0.0,0.0,0.0,0.0,0.0,0.0,0.0,0.0,0.0,0.0,0.0,0.0,0.0,0.0,0.0,0.0,0.0,0.0
......7600 Schweiz (Unzuteilbar),Private Auftraggeber,"Bildung, Forschung",Folgejahr (Arbeitsvorrat) - Veränderungsraten,*,0.0,0.0,0.0,0.0,0.0,0.0,0.0,0.0,0.0,0.0,0.0,0.0,0.0,0.0,0.0,0.0,0.0,0.0,0.0,0.0,0.0,0.0,0.0,0.0,0.0,0.0,0.0,0.0,0.0,0.0
......7600 Schweiz (Unzuteilbar),Private Auftraggeber,Gesundheit,Laufendes Jahr - Absolute Werte,0,0.0,0.0,0.0,0.0,0.0,0.0,0.0,0.0,0.0,0.0,0.0,0.0,0.0,0.0,0.0,0.0,0.0,0.0,0.0,0.0,0.0,0.0,0.0,0.0,0.0,0.0,0.0,0.0,0.0,0.0
......7600 Schweiz (Unzuteilbar),Private Auftraggeber,Gesundheit,Laufendes Jahr - Veränderungsraten,*,0.0,0.0,0.0,0.0,0.0,0.0,0.0,0.0,0.0,0.0,0.0,0.0,0.0,0.0,0.0,0.0,0.0,0.0,0.0,0.0,0.0,0.0,0.0,0.0,0.0,0.0,0.0,0.0,0.0,0.0
......7600 Schweiz (Unzuteilbar),Private Auftraggeber,Gesundheit,Folgejahr (Arbeitsvorrat) - Absolute Werte,0,0.0,0.0,0.0,0.0,0.0,0.0,0.0,0.0,0.0,0.0,0.0,0.0,0.0,0.0,0.0,0.0,0.0,0.0,0.0,0.0,0.0,0.0,0.0,0.0,0.0,0.0,0.0,0.0,0.0,0.0
......7600 Schweiz (Unzuteilbar),Private Auftraggeber,Gesundheit,Folgejahr (Arbeitsvorrat) - Veränderungsraten,*,0.0,0.0,0.0,0.0,0.0,0.0,0.0,0.0,0.0,0.0,0.0,0.0,0.0,0.0,0.0,0.0,0.0,0.0,0.0,0.0,0.0,0.0,0.0,0.0,0.0,0.0,0.0,0.0,0.0,0.0
......7600 Schweiz (Unzuteilbar),Private Auftraggeber,Freizeit und Kultur,Laufendes Jahr - Absolute Werte,0,0.0,0.0,0.0,0.0,0.0,0.0,0.0,0.0,0.0,0.0,0.0,0.0,0.0,0.0,0.0,0.0,0.0,0.0,0.0,0.0,0.0,0.0,0.0,0.0,0.0,0.0,0.0,0.0,0.0,0.0
......7600 Schweiz (Unzuteilbar),Private Auftraggeber,Freizeit und Kultur,Laufendes Jahr - Veränderungsraten,*,0.0,0.0,0.0,0.0,0.0,0.0,0.0,0.0,0.0,0.0,0.0,0.0,0.0,0.0,0.0,0.0,0.0,0.0,0.0,0.0,0.0,0.0,0.0,0.0,0.0,0.0,0.0,0.0,0.0,0.0
......7600 Schweiz (Unzuteilbar),Private Auftraggeber,Freizeit und Kultur,Folgejahr (Arbeitsvorrat) - Absolute Werte,0,0.0,0.0,0.0,0.0,0.0,0.0,0.0,0.0,0.0,0.0,0.0,0.0,0.0,0.0,0.0,0.0,0.0,0.0,0.0,0.0,0.0,0.0,0.0,0.0,0.0,0.0,0.0,0.0,0.0,0.0
......7600 Schweiz (Unzuteilbar),Private Auftraggeber,Freizeit und Kultur,Folgejahr (Arbeitsvorrat) - Veränderungsraten,*,0.0,0.0,0.0,0.0,0.0,0.0,0.0,0.0,0.0,0.0,0.0,0.0,0.0,0.0,0.0,0.0,0.0,0.0,0.0,0.0,0.0,0.0,0.0,0.0,0.0,0.0,0.0,0.0,0.0,0.0
......7600 Schweiz (Unzuteilbar),Private Auftraggeber,Uebrige Infrastruktur,Laufendes Jahr - Absolute Werte,0,0.0,0.0,0.0,0.0,0.0,0.0,0.0,0.0,54.0,0.0,0.0,0.0,0.0,0.0,0.0,0.0,0.0,576.0,821.0,286.0,177.0,7.0,32.0,0.0,0.0,0.0,0.0,0.0,0.0,0.0
......7600 Schweiz (Unzuteilbar),Private Auftraggeber,Uebrige Infrastruktur,Laufendes Jahr - Veränderungsraten,*,0.0,0.0,0.0,0.0,0.0,0.0,0.0,0.0,0.0,0.0,0.0,0.0,0.0,0.0,0.0,0.0,0.0,0.0,42.53,-65.16,-38.11,-96.05,357.14,0.0,0.0,0.0,0.0,0.0,0.0,0.0
......7600 Schweiz (Unzuteilbar),Private Auftraggeber,Uebrige Infrastruktur,Folgejahr (Arbeitsvorrat) - Absolute Werte,0,0.0,0.0,0.0,0.0,0.0,0.0,0.0,0.0,44.0,0.0,0.0,0.0,0.0,0.0,0.0,0.0,0.0,1000.0,156.0,133.0,6.0,0.0,0.0,0.0,0.0,0.0,0.0,0.0,0.0,0.0
......7600 Schweiz (Unzuteilbar),Private Auftraggeber,Uebrige Infrastruktur,Folgejahr (Arbeitsvorrat) - Veränderungsraten,*,0.0,0.0,0.0,0.0,0.0,0.0,0.0,0.0,0.0,0.0,0.0,0.0,0.0,0.0,0.0,0.0,0.0,0.0,-84.4,-14.74,-95.49,-100.0,0.0,0.0,0.0,0.0,0.0,0.0,0.0,0.0
......7600 Schweiz (Unzuteilbar),Private Auftraggeber,Wohnen,Laufendes Jahr - Absolute Werte,250,200.0,0.0,0.0,0.0,0.0,0.0,0.0,0.0,0.0,0.0,0.0,0.0,0.0,0.0,0.0,0.0,0.0,0.0,0.0,128.0,49.0,0.0,37.0,0.0,0.0,0.0,0.0,0.0,0.0,0.0
......7600 Schweiz (Unzuteilbar),Private Auftraggeber,Wohnen,Laufendes Jahr - Veränderungsraten,*,-20.0,0.0,0.0,0.0,0.0,0.0,0.0,0.0,0.0,0.0,0.0,0.0,0.0,0.0,0.0,0.0,0.0,0.0,0.0,0.0,-61.72,0.0,0.0,0.0,0.0,0.0,0.0,0.0,0.0,0.0
......7600 Schweiz (Unzuteilbar),Private Auftraggeber,Wohnen,Folgejahr (Arbeitsvorrat) - Absolute Werte,200,0.0,0.0,0.0,0.0,0.0,0.0,0.0,0.0,0.0,0.0,0.0,0.0,0.0,0.0,0.0,0.0,0.0,0.0,0.0,0.0,0.0,0.0,0.0,0.0,0.0,0.0,0.0,0.0,0.0,0.0
......7600 Schweiz (Unzuteilbar),Private Auftraggeber,Wohnen,Folgejahr (Arbeitsvorrat) - Veränderungsraten,*,-100.0,0.0,0.0,0.0,0.0,0.0,0.0,0.0,0.0,0.0,0.0,0.0,0.0,0.0,0.0,0.0,0.0,0.0,0.0,0.0,0.0,0.0,0.0,0.0,0.0,0.0,0.0,0.0,0.0,0.0
......7600 Schweiz (Unzuteilbar),Private Auftraggeber,Land- und Forstwirtschaft,Laufendes Jahr - Absolute Werte,0,0.0,0.0,0.0,0.0,0.0,0.0,0.0,0.0,0.0,0.0,0.0,0.0,0.0,0.0,0.0,0.0,0.0,0.0,0.0,0.0,0.0,0.0,0.0,0.0,0.0,0.0,0.0,0.0,0.0,0.0
......7600 Schweiz (Unzuteilbar),Private Auftraggeber,Land- und Forstwirtschaft,Laufendes Jahr - Veränderungsraten,*,0.0,0.0,0.0,0.0,0.0,0.0,0.0,0.0,0.0,0.0,0.0,0.0,0.0,0.0,0.0,0.0,0.0,0.0,0.0,0.0,0.0,0.0,0.0,0.0,0.0,0.0,0.0,0.0,0.0,0.0
......7600 Schweiz (Unzuteilbar),Private Auftraggeber,Land- und Forstwirtschaft,Folgejahr (Arbeitsvorrat) - Absolute Werte,0,0.0,0.0,0.0,0.0,0.0,0.0,0.0,0.0,0.0,0.0,0.0,0.0,0.0,0.0,0.0,0.0,0.0,0.0,0.0,0.0,0.0,0.0,0.0,0.0,0.0,0.0,0.0,0.0,0.0,0.0
......7600 Schweiz (Unzuteilbar),Private Auftraggeber,Land- und Forstwirtschaft,Folgejahr (Arbeitsvorrat) - Veränderungsraten,*,0.0,0.0,0.0,0.0,0.0,0.0,0.0,0.0,0.0,0.0,0.0,0.0,0.0,0.0,0.0,0.0,0.0,0.0,0.0,0.0,0.0,0.0,0.0,0.0,0.0,0.0,0.0,0.0,0.0,0.0
......7600 Schweiz (Unzuteilbar),Private Auftraggeber,"Industrie, Gewerbe und Dienstleistungen",Laufendes Jahr - Absolute Werte,184,195.0,509.0,57.0,0.0,0.0,0.0,0.0,0.0,70.0,0.0,0.0,0.0,280.0,0.0,0.0,0.0,0.0,0.0,0.0,34.0,0.0,0.0,29.0,0.0,0.0,3.0,1188.0,819.0,0.0,0.0
......7600 Schweiz (Unzuteilbar),Private Auftraggeber,"Industrie, Gewerbe und Dienstleistungen",Laufendes Jahr - Veränderungsraten,*,5.98,161.03,-88.8,0.0,0.0,0.0,0.0,0.0,0.0,0.0,0.0,0.0,0.0,0.0,0.0,0.0,0.0,0.0,0.0,0.0,0.0,0.0,0.0,0.0,0.0,0.0,39500.0,-31.06,0.0,0.0
......7600 Schweiz (Unzuteilbar),Private Auftraggeber,"Industrie, Gewerbe und Dienstleistungen",Folgejahr (Arbeitsvorrat) - Absolute Werte,350,313.0,300.0,0.0,0.0,0.0,0.0,0.0,0.0,0.0,0.0,0.0,0.0,0.0,0.0,0.0,0.0,0.0,0.0,0.0,0.0,0.0,0.0,0.0,0.0,0.0,777.0,494.0,0.0,0.0,0.0
......7600 Schweiz (Unzuteilbar),Private Auftraggeber,"Industrie, Gewerbe und Dienstleistungen",Folgejahr (Arbeitsvorrat) - Veränderungsraten,*,-10.57,-4.15,-100.0,0.0,0.0,0.0,0.0,0.0,0.0,0.0,0.0,0.0,0.0,0.0,0.0,0.0,0.0,0.0,0.0,0.0,0.0,0.0,0.0,0.0,0.0,0.0,-36.42,-100.0,0.0,0.0
