date,is_future,iso_year,iso_week,month,quarter,vs_public_holidays_weekdays,vs_working_days,vs_school_holiday_weekdays,vd_public_holidays_weekdays,vd_working_days,vd_school_holiday_weekdays,ge_public_holidays_weekdays,ge_working_days,ge_school_holiday_weekdays,vs_site_closure_weekdays,vs_construction_working_days,meteo_sio_tmean_c,meteo_sio_tmin_c,meteo_sio_precip_mm,meteo_sio_frost_days,meteo_sio_heavy_rain_days,meteo_sio_bad_workdays,meteo_sio_sun_hours,meteo_vis_tmean_c,meteo_vis_tmin_c,meteo_vis_precip_mm,meteo_vis_frost_days,meteo_vis_heavy_rain_days,meteo_vis_bad_workdays,meteo_vis_sun_hours,kof_barometer,kof_barometer_chg_3m,kof_emp_indicator,kof_emp_assessment,kof_emp_expectations,seco_wea_index,seco_wea_index_4w,snb_mortgage_hyp11_pct,snb_mortgage_hyp15_pct,snb_mortgage_term_spread_pp,snb_mortgage_hyp11_chg_6m_pp,snb_eurchf_avg,snb_usdchf_avg,snb_eurchf_chg_3m_pct,vs_construction_employees,vs_construction_fte,vs_construction_workplaces,ch_construction_employees,vs_share_ch_construction_emp_pct,vs_construction_invest_kchf,vs_construction_backlog_kchf,vs_backlog_to_invest_ratio,ch_construction_invest_kchf,ch_construction_backlog_kchf
2020-01-06,0,2020,2,1,1,0,5,0,0,5,0,0,5,0,0,5,1.3143,-4.3,0,7,0,0,27.033,-1.4857,-7.8,0,7,0,0,0,96.693,2.2141,2.0268,1.2761,2.7776,1.2808,1.4179,1.3127,1.5058,0.19313,-0.061411,1.0931,0.98355,0.22924,16093,14793,2514,3.5685e+05,4.5098,2.6502e+06,2.0041e+06,0.75618,6.1335e+07,4.6864e+07
2020-01-13,0,2020,3,1,1,0,5,0,0,5,0,0,5,0,0,5,1.0143,-4.8,2.1,7,0,0,25.65,-0.75714,-7.5,1.4,7,0,0,0,96.693,2.2141,2.0268,1.2761,2.7776,1.8611,1.442,1.3127,1.5058,0.19313,-0.061411,1.0931,0.98355,0.22924,16093,14793,2514,3.5685e+05,4.5098,2.6502e+06,2.0041e+06,0.75618,6.1335e+07,4.6864e+07
2020-01-20,0,2020,4,1,1,0,5,0,0,5,0,0,5,0,0,5,0.28571,-6.3,0,7,0,0,25.283,-0.22857,-6,0,7,0,0,2.9333,96.693,2.2141,2.0268,1.2761,2.7776,1.6129,1.5502,1.3127,1.5058,0.19313,-0.061411,1.0931,0.98355,0.22924,16093,14793,2514,3.5685e+05,4.5098,2.6502e+06,2.0041e+06,0.75618,6.1335e+07,4.6864e+07
2020-01-27,0,2020,5,1,1,0,5,0,0,5,0,0,5,0,0,5,5.1143,-1.5,50.3,3,2,1,12.783,3.9286,-3.2,57,3,1,0,9.15,100.31,5.2768,2.0268,1.2761,2.7776,1.3725,1.5318,1.3743,1.5868,0.21247,0.061,1.0764,0.97017,-1.9601,16093,14793,2514,3.5685e+05,4.5098,2.6502e+06,2.0041e+06,0.75618,6.1335e+07,4.6864e+07
2020-02-03,0,2020,6,2,1,0,5,0,0,5,0,0,5,0,0,5,4.2143,-3.4,8.4,5,0,0,32.567,2.4714,-5.3,7.3,5,0,0,26.517,100.31,5.2768,2.4133,3.2625,1.5641,1.4528,1.5748,1.3743,1.5868,0.21247,0.061,1.0764,0.97017,-1.9601,16093,14793,2514,3.5685e+05,4.5098,2.6502e+06,2.0041e+06,0.75618,6.1335e+07,4.6864e+07
2020-02-10,0,2020,7,2,1,0,5,0,0,5,0,0,5,5,0,5,6.7286,-0.9,15.5,2,1,1,24.117,5.6571,-2.7,10,4,0,0,18.533,100.31,5.2768,2.4133,3.2625,1.5641,1.7437,1.5455,1.3743,1.5868,0.21247,0.061,1.0764,0.97017,-1.9601,16093,14793,2514,3.5685e+05,4.5098,2.6502e+06,2.0041e+06,0.75618,6.1335e+07,4.6864e+07
2020-02-17,0,2020,8,2,1,0,5,0,0,5,5,0,5,0,0,5,6.7714,-0.9,0.7,3,0,0,38.567,6.0286,-3.2,0.7,7,0,0,41.517,100.31,5.2768,2.4133,3.2625,1.5641,1.5577,1.5317,1.3743,1.5868,0.21247,0.061,1.0764,0.97017,-1.9601,16093,14793,2514,3.5685e+05,4.5098,2.6502e+06,2.0041e+06,0.75618,6.1335e+07,4.6864e+07
2020-02-24,0,2020,9,2,1,0,5,5,0,5,0,0,5,0,0,5,5.2714,-1.8,28.6,2,2,1,25.9,4.7857,-1.4,13.7,5,0,0,26.833,96.382,-1.9173,2.4133,3.2625,1.5641,1.4512,1.5513,1.3743,1.5868,0.21247,0.061,1.065,0.97608,-2.9824,16093,14793,2514,3.5685e+05,4.5098,2.6502e+06,2.0041e+06,0.75618,6.1335e+07,4.6864e+07
2020-03-02,0,2020,10,3,1,0,5,5,0,5,0,0,5,0,0,5,4.9429,-1.6,41,1,1,1,36.15,4.5571,-2.6,11.6,3,0,0,25.183,96.382,-1.9173,2.4133,3.2625,1.5641,0.58998,1.3356,1.2313,1.425,0.1937,-0.0444,1.065,0.97608,-2.9824,16093,14793,2514,3.5685e+05,4.5098,2.6502e+06,2.0041e+06,0.75618,6.1335e+07,4.6864e+07
2020-03-09,0,2020,11,3,1,0,5,0,0,5,0,0,5,0,0,5,7.4,0.3,19.8,0,1,1,44.433,6.0857,-1.9,37,2,1,1,36.417,96.382,-1.9173,2.4133,3.2625,1.5641,-0.35879,0.81003,1.2313,1.425,0.1937,-0.0444,1.065,0.97608,-2.9824,16093,14793,2514,3.5685e+05,4.5098,2.6502e+06,2.0041e+06,0.75618,6.1335e+07,4.6864e+07
2020-03-16,0,2020,12,3,1,1,4,0,0,5,0,0,5,0,0,4,10.671,2.1,0,0,0,0,65.383,9.7857,-1.4,0,1,0,0,67.533,96.382,-1.9173,2.4133,3.2625,1.5641,-0.44587,0.30914,1.2313,1.425,0.1937,-0.0444,1.065,0.97608,-2.9824,16093,14793,2514,3.5685e+05,4.5098,2.6502e+06,2.0041e+06,0.75618,6.1335e+07,4.6864e+07
2020-03-23,0,2020,13,3,1,0,5,0,0,5,0,0,5,0,0,5,7.2,-1.6,0.5,2,0,0,50.4,7.0286,-5.6,1.3,4,0,0,54.65,96.382,-1.9173,2.4133,3.2625,1.5641,0.050558,-0.041031,1.2313,1.425,0.1937,-0.0444,1.065,0.97608,-2.9824,16093,14793,2514,3.5685e+05,4.5098,2.6502e+06,2.0041e+06,0.75618,6.1335e+07,4.6864e+07
2020-03-30,0,2020,14,4,2,0,5,0,0,5,0,0,5,0,0,5,8.6571,-0.2,0.1,1,0,0,67.45,7.7571,-3.4,0.2,5,0,0,66.167,80.298,-16.395,2.4133,3.2625,1.5641,-1.4516,-0.55143,1.1872,1.3562,0.16895,-0.0391,1.059,0.95701,-3.1133,16093,14793,2514,3.5685e+05,4.5098,2.6502e+06,2.0041e+06,0.75618,6.1335e+07,4.6864e+07
2020-04-06,0,2020,15,4,2,0,5,1,1,4,1,1,4,2,0,5,14.443,4.3,0,0,0,0,76.667,13.157,0,0,0,0,0,79.65,80.298,-16.395,2.4133,3.2625,1.5641,-4.6337,-1.6201,1.1872,1.3562,0.16895,-0.0391,1.059,0.95701,-3.1133,16093,14793,2514,3.5685e+05,4.5098,2.6502e+06,2.0041e+06,0.75618,6.1335e+07,4.6864e+07
2020-04-13,0,2020,16,4,2,1,4,5,1,4,5,1,4,5,0,4,14.771,3.9,0,0,0,0,64.017,13.714,0.6,0,0,0,0,65.117,80.298,-16.395,2.4133,3.2625,1.5641,-7.3655,-3.3501,1.1872,1.3562,0.16895,-0.0391,1.059,0.95701,-3.1133,16093,14793,2514,3.5685e+05,4.5098,2.6502e+06,2.0041e+06,0.75618,6.1335e+07,4.6864e+07
2020-04-20,0,2020,17,4,2,0,5,0,0,5,5,0,5,0,0,5,16.243,6.3,3.7,0,0,0,49.867,15.143,2.9,2.2,0,0,0,44.517,80.298,-16.395,2.4133,3.2625,1.5641,-9.5113,-5.7405,1.1872,1.3562,0.16895,-0.0391,1.059,0.95701,-3.1133,16093,14793,2514,3.5685e+05,4.5098,2.6502e+06,2.0041e+06,0.75618,6.1335e+07,4.6864e+07
2020-04-27,0,2020,18,4,2,0,5,0,0,5,0,0,5,0,0,5,12.243,5.8,45.8,0,3,2,18.683,11.529,4.3,29.4,0,1,1,26.517,48.299,-52.013,2.4133,3.2625,1.5641,-10.38,-7.9726,1.39,1.5739,0.18392,0.1347,1.0544,0.97097,-2.0402,16093,14793,2514,3.5685e+05,4.5098,2.6502e+06,2.0041e+06,0.75618,6.1335e+07,4.6864e+07
2020-05-04,0,2020,19,5,2,0,5,0,0,5,0,0,5,0,0,5,16.929,6.8,10.7,0,0,0,60.267,16.157,3.6,26.6,0,1,0,60.583,48.299,-52.013,-19.245,-18.921,-19.569,-8.6836,-8.985,1.39,1.5739,0.18392,0.1347,1.0544,0.97097,-2.0402,16093,14793,2514,3.5685e+05,4.5098,2.6502e+06,2.0041e+06,0.75618,6.1335e+07,4.6864e+07
2020-05-11,0,2020,20,5,2,0,5,5,0,5,0,0,5,0,0,5,14.329,7.3,3.5,0,0,0,38.017,13.886,6.8,3,0,0,0,37.5,48.299,-52.013,-19.245,-18.921,-19.569,-7.43,-9.0012,1.39,1.5739,0.18392,0.1347,1.0544,0.97097,-2.0402,16093,14793,2514,3.5685e+05,4.5098,2.6502e+06,2.0041e+06,0.75618,6.1335e+07,4.6864e+07
2020-05-18,0,2020,21,5,2,1,4,5,1,4,0,1,4,0,0,4,18.814,8.3,6.8,0,0,0,79.717,17.5,6.5,6.5,0,0,0,73.433,48.299,-52.013,-19.245,-18.921,-19.569,-6.8008,-8.3235,1.39,1.5739,0.18392,0.1347,1.0544,0.97097,-2.0402,16093,14793,2514,3.5685e+05,4.5098,2.6502e+06,2.0041e+06,0.75618,6.1335e+07,4.6864e+07
2020-05-25,0,2020,22,5,2,0,5,0,0,5,0,0,5,0,0,5,17.914,8,0,0,0,0,85.917,16.586,4.3,0,0,0,0,82.083,64.232,-32.151,-19.245,-18.921,-19.569,-6.5006,-7.3537,1.3563,1.4892,0.13293,0.0125,1.0544,0.97097,-2.0402,16093,14793,2514,3.5685e+05,4.5098,2.6502e+06,2.0041e+06,0.75618,6.1335e+07,4.6864e+07
2020-06-01,0,2020,23,6,2,1,4,0,1,4,0,1,4,0,0,4,16.871,10.4,18,0,0,0,36.333,16.029,7.1,27.1,0,1,1,40.25,64.232,-32.151,-19.245,-18.921,-19.569,-6.4269,-6.7896,1.3563,1.4892,0.13293,0.0125,1.0568,0.97072,-0.77837,16093,14793,2514,3.5685e+05,4.5098,2.6502e+06,2.0041e+06,0.75618,6.1335e+07,4.6864e+07
2020-06-08,0,2020,24,6,2,1,4,0,0,5,0,0,5,0,0,4,15.743,10.2,12.2,0,0,0,34.933,15.114,9.9,29.2,0,2,2,34.6,64.232,-32.151,-19.245,-18.921,-19.569,-5.6709,-6.3498,1.3563,1.4892,0.13293,0.0125,1.0568,0.97072,-0.77837,16093,14793,2514,3.5685e+05,4.5098,2.6502e+06,2.0041e+06,0.75618,6.1335e+07,4.6864e+07
2020-06-15,0,2020,25,6,2,0,5,0,0,5,0,0,5,0,0,5,18.186,9.9,9.5,0,0,0,57.45,17.171,10.4,10,0,0,0,44.3,64.232,-32.151,-19.245,-18.921,-19.569,-5.5668,-6.0413,1.3563,1.4892,0.13293,0.0125,1.0568,0.97072,-0.77837,16093,14793,2514,3.5685e+05,4.5098,2.6502e+06,2.0041e+06,0.75618,6.1335e+07,4.6864e+07
2020-06-22,0,2020,26,6,2,0,5,5,0,5,0,0,5,0,0,5,22.929,13.3,6.8,0,0,0,74.267,21.314,10,11,0,1,0,65.267,64.232,-32.151,-19.245,-18.921,-19.569,-4.9098,-5.6436,1.3563,1.4892,0.13293,0.0125,1.0568,0.97072,-0.77837,16093,14793,2514,3.5685e+05,4.5098,2.6502e+06,2.0041e+06,0.75618,6.1335e+07,4.6864e+07
2020-06-29,0,2020,27,7,3,0,5,5,0,5,0,0,5,5,0,5,20.871,13,2.6,0,0,0,73.467,20.686,10.1,1.9,0,0,0,75.05,93.378,13.08,-19.245,-18.921,-19.569,-4.4296,-5.1443,1.327,1.4731,0.14608,0.0143,1.0717,0.95106,1.2002,16093,14793,2514,3.5685e+05,4.5098,2.6502e+06,2.0041e+06,0.75618,6.1335e+07,4.6864e+07
2020-07-06,0,2020,28,7,3,0,5,5,0,5,5,0,5,5,0,5,21.114,10.2,6.4,0,0,0,84.183,20.743,8.5,5.8,0,0,0,81.55,93.378,13.08,-19.245,-18.921,-19.569,-3.6503,-4.6391,1.327,1.4731,0.14608,0.0143,1.0717,0.95106,1.2002,16093,14793,2514,3.5685e+05,4.5098,2.6502e+06,2.0041e+06,0.75618,6.1335e+07,4.6864e+07
2020-07-13,0,2020,29,7,3,0,5,5,0,5,5,0,5,5,0,5,20.714,12.1,0,0,0,0,65.95,19.557,9.8,0,0,0,0,56.717,93.378,13.08,-19.245,-18.921,-19.569,-3.445,-4.1087,1.327,1.4731,0.14608,0.0143,1.0717,0.95106,1.2002,16093,14793,2514,3.5685e+05,4.5098,2.6502e+06,2.0041e+06,0.75618,6.1335e+07,4.6864e+07
2020-07-20,0,2020,30,7,3,0,5,5,0,5,5,0,5,5,0,5,21.357,12.1,29.5,0,1,1,63.6,20.443,11,14.6,0,0,0,66.383,93.378,13.08,-19.245,-18.921,-19.569,-3.1075,-3.6581,1.327,1.4731,0.14608,0.0143,1.0717,0.95106,1.2002,16093,14793,2514,3.5685e+05,4.5098,2.6502e+06,2.0041e+06,0.75618,6.1335e+07,4.6864e+07
2020-07-27,0,2020,31,7,3,0,5,5,0,5,5,0,5,5,0,5,23.457,13.5,6.1,0,0,0,69.317,22.557,11.9,7,0,0,0,69.75,114.45,66.152,-19.245,-18.921,-19.569,-2.9341,-3.2842,1.3465,1.4958,0.14935,-0.0278,1.0706,0.93462,1.5307,16093,14793,2514,3.5685e+05,4.5098,2.6502e+06,2.0041e+06,0.75618,6.1335e+07,4.6864e+07
2020-08-03,0,2020,32,8,3,0,5,5,0,5,5,0,5,5,0,5,19.8,8.6,4.2,0,0,0,66.233,18.943,5.9,2.1,0,0,0,69.267,114.45,66.152,-11.544,-13.644,-9.4443,-2.3633,-2.9625,1.3465,1.4958,0.14935,-0.0278,1.0706,0.93462,1.5307,16093,14793,2514,3.5685e+05,4.5098,2.6502e+06,2.0041e+06,0.75618,6.1335e+07,4.6864e+07
2020-08-10,0,2020,33,8,3,0,5,5,0,5,5,0,5,5,0,5,21.743,13,12.7,0,0,0,63.467,21.057,13,20.8,0,1,1,57.583,114.45,66.152,-11.544,-13.644,-9.4443,-2.1563,-2.6403,1.3465,1.4958,0.14935,-0.0278,1.0706,0.93462,1.5307,16093,14793,2514,3.5685e+05,4.5098,2.6502e+06,2.0041e+06,0.75618,6.1335e+07,4.6864e+07
2020-08-17,0,2020,34,8,3,0,5,0,0,5,5,0,5,5,0,5,22.6,13.4,0,0,0,0,65.25,21.414,10.9,0.6,0,0,0,61.233,114.45,66.152,-11.544,-13.644,-9.4443,-1.0818,-2.1339,1.3465,1.4958,0.14935,-0.0278,1.0706,0.93462,1.5307,16093,14793,2514,3.5685e+05,4.5098,2.6502e+06,2.0041e+06,0.75618,6.1335e+07,4.6864e+07
2020-08-24,0,2020,35,8,3,0,5,0,0,5,0,0,5,0,0,5,17.929,10.7,59.1,0,3,1,42.1,16.914,7.6,23.4,0,1,0,42.05,114.45,66.152,-11.544,-13.644,-9.4443,-1.6239,-1.8063,1.3465,1.4958,0.14935,-0.0278,1.0706,0.93462,1.5307,16093,14793,2514,3.5685e+05,4.5098,2.6502e+06,2.0041e+06,0.75618,6.1335e+07,4.6864e+07
2020-08-31,0,2020,36,9,3,0,5,0,0,5,0,0,5,0,0,5,17.1,8.3,0,0,0,0,61.333,16.257,7.4,0,0,0,0,66.05,114.64,50.411,-11.544,-13.644,-9.4443,-1.2436,-1.5264,1.2942,1.4246,0.13042,0.0629,1.0768,0.91007,1.8954,16356,15173,2556,3.6021e+05,4.5406,2.6319e+06,2.0218e+06,0.7682,6.1581e+07,4.7356e+07
2020-09-07,0,2020,37,9,3,0,5,0,0,5,0,1,4,0,0,5,19.1,10.4,1.2,0,0,0,70.533,18,7.3,0,0,0,0,72.1,114.64,50.411,-11.544,-13.644,-9.4443,-1.7468,-1.424,1.2942,1.4246,0.13042,0.0629,1.0768,0.91007,1.8954,16356,15173,2556,3.6021e+05,4.5406,2.6319e+06,2.0218e+06,0.7682,6.1581e+07,4.7356e+07
2020-09-14,0,2020,38,9,3,0,5,0,0,5,0,0,5,0,0,5,19.443,11.4,0.4,0,0,0,57.267,17.7,9.2,0,0,0,0,55.633,114.64,50.411,-11.544,-13.644,-9.4443,-1.0724,-1.4217,1.2942,1.4246,0.13042,0.0629,1.0768,0.91007,1.8954,16356,15173,2556,3.6021e+05,4.5406,2.6319e+06,2.0218e+06,0.7682,6.1581e+07,4.7356e+07
2020-09-21,0,2020,39,9,3,0,5,0,1,4,0,0,5,0,0,5,13.4,3.7,29.2,0,1,1,17.283,12.6,0.5,10.9,0,0,0,17.233,114.64,50.411,-11.544,-13.644,-9.4443,-0.64828,-1.1778,1.2942,1.4246,0.13042,0.0629,1.0768,0.91007,1.8954,16356,15173,2556,3.6021e+05,4.5406,2.6319e+06,2.0218e+06,0.7682,6.1581e+07,4.7356e+07
2020-09-28,0,2020,40,10,4,0,5,0,0,5,0,0,5,0,0,5,11.671,5.5,31.1,0,2,1,28.583,10.971,0.4,54.9,0,1,1,29.483,109.46,16.08,-11.544,-13.644,-9.4443,-0.34316,-0.95265,1.3767,1.5175,0.14076,0.1895,1.0784,0.91437,0.61956,16356,15173,2556,3.6021e+05,4.5406,2.6319e+06,2.0218e+06,0.7682,6.1581e+07,4.7356e+07
2020-10-05,0,2020,41,10,4,0,5,0,0,5,0,0,5,0,0,5,10.029,3.9,7.5,0,0,0,17.667,9.7143,4,12.5,0,1,1,18.85,109.46,16.08,-11.544,-13.644,-9.4443,-0.42811,-0.62298,1.3767,1.5175,0.14076,0.1895,1.0784,0.91437,0.61956,16356,15173,2556,3.6021e+05,4.5406,2.6319e+06,2.0218e+06,0.7682,6.1581e+07,4.7356e+07
2020-10-12,0,2020,42,10,4,0,5,5,0,5,5,0,5,0,0,5,7.5429,-0.4,1.6,1,0,0,37.6,6.7286,-1.4,6.1,2,0,0,38.133,109.46,16.08,-11.544,-13.644,-9.4443,0.15928,-0.31507,1.3767,1.5175,0.14076,0.1895,1.0784,0.91437,0.61956,16356,15173,2556,3.6021e+05,4.5406,2.6319e+06,2.0218e+06,0.7682,6.1581e+07,4.7356e+07
2020-10-19,0,2020,43,10,4,0,5,5,0,5,5,0,5,5,0,5,10.814,0.6,21.9,0,1,1,32.717,11.2,0.2,5.2,0,0,0,33.083,109.46,16.08,-11.544,-13.644,-9.4443,-0.60753,-0.30488,1.3767,1.5175,0.14076,0.1895,1.0784,0.91437,0.61956,16356,15173,2556,3.6021e+05,4.5406,2.6319e+06,2.0218e+06,0.7682,6.1581e+07,4.7356e+07
2020-10-26,0,2020,44,10,4,0,5,5,0,5,0,0,5,0,0,5,9.1,2.9,9.1,0,0,0,26.983,8.7571,2.2,8.7,0,0,0,25.483,113.39,-1.0645,-11.544,-13.644,-9.4443,-0.16982,-0.26155,1.2924,1.4294,0.13698,-0.0976,1.074,0.91277,0.32039,16356,15173,2556,3.6021e+05,4.5406,2.6319e+06,2.0218e+06,0.7682,6.1581e+07,4.7356e+07
2020-11-02,0,2020,45,11,4,0,5,0,0,5,0,0,5,0,0,5,10.286,3,0.7,0,0,0,29.583,9.4714,0.3,0,0,0,0,25.333,113.39,-1.0645,-6.673,-7.4325,-5.9134,-0.52011,-0.28455,1.2924,1.4294,0.13698,-0.0976,1.074,0.91277,0.32039,16356,15173,2556,3.6021e+05,4.5406,2.6319e+06,2.0218e+06,0.7682,6.1581e+07,4.7356e+07
2020-11-09,0,2020,46,11,4,0,5,0,0,5,0,0,5,0,0,5,6.3429,-0.6,3.7,2,0,0,38.1,4.2143,-2.5,1.9,6,0,0,21.733,113.39,-1.0645,-6.673,-7.4325,-5.9134,-0.24641,-0.38597,1.2924,1.4294,0.13698,-0.0976,1.074,0.91277,0.32039,16356,15173,2556,3.6021e+05,4.5406,2.6319e+06,2.0218e+06,0.7682,6.1581e+07,4.7356e+07
2020-11-16,0,2020,47,11,4,0,5,0,0,5,0,0,5,0,0,5,4.5,-4,0.2,6,0,0,26.667,3.2143,-5.5,0.2,6,0,0,2.4167,113.39,-1.0645,-6.673,-7.4325,-5.9134,0.082372,-0.21349,1.2924,1.4294,0.13698,-0.0976,1.074,0.91277,0.32039,16356,15173,2556,3.6021e+05,4.5406,2.6319e+06,2.0218e+06,0.7682,6.1581e+07,4.7356e+07
2020-11-23,0,2020,48,11,4,0,5,0,0,5,0,0,5,0,0,5,0.62857,-5.4,0,7,0,0,25.35,-1.5429,-7.1,0,7,0,0,0,113.39,-1.0645,-6.673,-7.4325,-5.9134,0.65985,-0.0060762,1.2924,1.4294,0.13698,-0.0976,1.074,0.91277,0.32039,16356,15173,2556,3.6021e+05,4.5406,2.6319e+06,2.0218e+06,0.7682,6.1581e+07,4.7356e+07
2020-11-30,0,2020,49,12,4,0,5,0,0,5,0,0,5,0,0,5,1.6,-3.7,13.2,4,0,0,9.95,0.17143,-8.4,21.2,5,1,1,0,102.03,-12.609,-6.673,-7.4325,-5.9134,0.029836,0.13141,1.2962,1.438,0.1418,-0.0601,1.078,0.91087,0.11144,16356,15173,2556,3.6021e+05,4.5406,2.6319e+06,2.0218e+06,0.7682,6.1581e+07,4.7356e+07
2020-12-07,0,2020,50,12,4,1,4,0,0,5,0,0,5,0,0,4,1.1,-5.2,8.1,6,0,0,12.517,0.24286,-7.1,9.7,6,0,1,0,102.03,-12.609,-6.673,-7.4325,-5.9134,-0.44029,0.082942,1.2962,1.438,0.1418,-0.0601,1.078,0.91087,0.11144,16356,15173,2556,3.6021e+05,4.5406,2.6319e+06,2.0218e+06,0.7682,6.1581e+07,4.7356e+07
2020-12-14,0,2020,51,12,4,0,5,0,0,5,0,0,5,0,0,5,2.7429,-4,0.2,6,0,0,15.517,1.9714,-5.6,0,6,0,0,0,102.03,-12.609,-6.673,-7.4325,-5.9134,0.18672,0.10903,1.2962,1.438,0.1418,-0.0601,1.078,0.91087,0.11144,16356,15173,2556,3.6021e+05,4.5406,2.6319e+06,2.0218e+06,0.7682,6.1581e+07,4.7356e+07
2020-12-21,0,2020,52,12,4,1,4,5,1,4,5,1,4,2,0,4,2.8286,-6,11.3,4,0,0,6.0333,2.2714,-5.8,14.9,5,1,1,0,102.03,-12.609,-6.673,-7.4325,-5.9134,0.41415,0.047606,1.2962,1.438,0.1418,-0.0601,1.078,0.91087,0.11144,16356,15173,2556,3.6021e+05,4.5406,2.6319e+06,2.0218e+06,0.7682,6.1581e+07,4.7356e+07
2020-12-28,0,2020,53,12,4,1,4,5,1,4,5,2,3,5,0,4,1,-3.6,1,7,0,0,6.4,-0.18571,-6.3,4.5,7,0,0,0,106.72,-2.7401,-6.673,-7.4325,-5.9134,0.34691,0.12687,1.3173,1.4676,0.15032,-0.0097,1.0816,0.88887,0.29582,16356,15173,2556,3.6021e+05,4.5406,2.6319e+06,2.0218e+06,0.7682,6.1581e+07,4.7356e+07
2021-01-04,0,2021,1,1,1,0,5,3,0,5,0,0,5,5,0,5,-2.3286,-9.8,0,7,0,0,18.117,-5.1714,-13.4,0,7,0,4,0,106.72,-2.7401,-6.673,-7.4325,-5.9134,0.46783,0.3539,1.3173,1.4676,0.15032,-0.0097,1.0816,0.88887,0.29582,16356,15173,2556,3.6021e+05,4.5406,2.6319e+06,2.0218e+06,0.7682,6.1581e+07,4.7356e+07
2021-01-11,0,2021,2,1,1,0,5,0,0,5,0,0,5,0,0,5,-0.042857,-10.1,21.4,5,0,2,6.2667,-1.2714,-15.5,47,5,2,2,0,106.72,-2.7401,-6.673,-7.4325,-5.9134,,,1.3173,1.4676,0.15032,-0.0097,1.0816,0.88887,0.29582,16356,15173,2556,3.6021e+05,4.5406,2.6319e+06,2.0218e+06,0.7682,6.1581e+07,4.7356e+07
2021-01-18,0,2021,3,1,1,0,5,0,0,5,0,0,5,0,0,5,0.77143,-8.9,15.6,6,0,0,20.217,1.3429,-11.2,12.9,4,0,1,1.3167,106.72,-2.7401,-6.673,-7.4325,-5.9134,-0.83569,,1.3173,1.4676,0.15032,-0.0097,1.0816,0.88887,0.29582,16356,15173,2556,3.6021e+05,4.5406,2.6319e+06,2.0218e+06,0.7682,6.1581e+07,4.7356e+07
2021-01-25,0,2021,4,1,1,0,5,0,0,5,0,0,5,0,0,5,1.5714,-6.6,63.1,3,2,2,6.8333,0.38571,-8.2,103.6,5,3,3,1.7,105.78,-7.6096,-6.673,-7.4325,-5.9134,-0.76916,,1.3112,1.4581,0.14688,-0.0353,1.0816,0.88887,0.29582,16356,15173,2556,3.6021e+05,4.5406,2.6319e+06,2.0218e+06,0.7682,6.1581e+07,4.7356e+07
2021-02-01,0,2021,5,2,1,0,5,0,0,5,0,0,5,0,0,5,5.8143,0.3,27.6,0,1,1,4.0333,5.2714,0.2,18.5,0,0,0,7.2167,105.78,-7.6096,-5.6146,-7.2158,-4.0134,-0.37034,,1.3112,1.4581,0.14688,-0.0353,1.0793,0.88663,0.49535,16356,15173,2556,3.6021e+05,4.5406,2.6319e+06,2.0218e+06,0.7682,6.1581e+07,4.7356e+07
2021-02-08,0,2021,6,2,1,0,5,0,0,5,0,0,5,0,0,5,1.2286,-5.6,2.5,5,0,0,25.933,0.6,-10.2,1.2,6,0,0,23.933,105.78,-7.6096,-5.6146,-7.2158,-4.0134,-1.5919,-0.89178,1.3112,1.4581,0.14688,-0.0353,1.0793,0.88663,0.49535,16356,15173,2556,3.6021e+05,4.5406,2.6319e+06,2.0218e+06,0.7682,6.1581e+07,4.7356e+07
2021-02-15,0,2021,7,2,1,0,5,5,0,5,0,0,5,5,0,5,6.0857,-2.8,0.7,4,0,0,43.383,5.8571,-4.8,0.7,6,0,0,37.783,105.78,-7.6096,-5.6146,-7.2158,-4.0134,-2.2297,-1.2403,1.3112,1.4581,0.14688,-0.0353,1.0793,0.88663,0.49535,16356,15173,2556,3.6021e+05,4.5406,2.6319e+06,2.0218e+06,0.7682,6.1581e+07,4.7356e+07
2021-02-22,0,2021,8,2,1,0,5,5,0,5,5,0,5,0,0,5,8.4857,-1.5,0,1,0,0,49.967,8.5571,-1.8,0,3,0,0,47.983,110.26,8.2243,-5.6146,-7.2158,-4.0134,-2.5235,-1.6789,1.3112,1.4581,0.14688,-0.0353,1.0793,0.88663,0.49535,16356,15173,2556,3.6021e+05,4.5406,2.6319e+06,2.0218e+06,0.7682,6.1581e+07,4.7356e+07
2021-03-01,0,2021,9,3,1,0,5,5,0,5,0,0,5,0,0,5,7.3143,-2,1,2,0,0,40.917,6.9143,-3.8,0,3,0,0,42.717,110.26,8.2243,-5.6146,-7.2158,-4.0134,-1.2195,-1.8912,1.3257,1.4799,0.15422,0.0315,1.0855,0.89725,0.70131,16356,15173,2556,3.6021e+05,4.5406,2.6319e+06,2.0218e+06,0.7682,6.1581e+07,4.7356e+07
2021-03-08,0,2021,10,3,1,0,5,0,0,5,0,0,5,0,0,5,7.1714,-2.7,21.4,2,1,0,34.45,6.5714,-3.7,14.9,2,0,0,35.267,110.26,8.2243,-5.6146,-7.2158,-4.0134,-0.9699,-1.7357,1.3257,1.4799,0.15422,0.0315,1.0855,0.89725,0.70131,16356,15173,2556,3.6021e+05,4.5406,2.6319e+06,2.0218e+06,0.7682,6.1581e+07,4.7356e+07
2021-03-15,0,2021,11,3,1,1,4,0,0,5,0,0,5,0,0,4,3.8429,-2.7,5.2,4,0,0,43.35,3.1857,-5.7,10.8,3,0,0,41.467,110.26,8.2243,-5.6146,-7.2158,-4.0134,0.42959,-1.0708,1.3257,1.4799,0.15422,0.0315,1.0855,0.89725,0.70131,16356,15173,2556,3.6021e+05,4.5406,2.6319e+06,2.0218e+06,0.7682,6.1581e+07,4.7356e+07
2021-03-22,0,2021,12,3,1,0,5,0,0,5,0,0,5,0,0,5,8.0714,-2.4,4.2,2,0,0,67.867,7.5571,-2.7,2.8,6,0,0,69.933,110.26,8.2243,-5.6146,-7.2158,-4.0134,0.96074,-0.19978,1.3257,1.4799,0.15422,0.0315,1.0855,0.89725,0.70131,16356,15173,2556,3.6021e+05,4.5406,2.6319e+06,2.0218e+06,0.7682,6.1581e+07,4.7356e+07
2021-03-29,0,2021,13,4,2,0,5,1,1,4,1,1,4,2,0,5,12.186,0.5,0,0,0,0,76.533,11.486,-2.1,0,1,0,0,77.117,118.54,11.818,-5.6146,-7.2158,-4.0134,2.8086,0.80727,1.5785,1.7781,0.19958,0.2018,1.1062,0.92945,2.2819,16356,15173,2556,3.6021e+05,4.5406,2.6319e+06,2.0218e+06,0.7682,6.1581e+07,4.7356e+07
2021-04-05,0,2021,14,4,2,1,4,5,1,4,5,1,4,5,0,4,8.1714,-2.5,4.4,2,0,0,52.033,7.6857,-6.1,1.7,4,0,0,56.833,118.54,11.818,-5.6146,-7.2158,-4.0134,6.9734,2.7931,1.5785,1.7781,0.19958,0.2018,1.1062,0.92945,2.2819,16356,15173,2556,3.6021e+05,4.5406,2.6319e+06,2.0218e+06,0.7682,6.1581e+07,4.7356e+07
2021-04-12,0,2021,15,4,2,0,5,0,0,5,5,0,5,0,0,5,6.6714,-0.7,0,2,0,0,62.533,6.1143,-6,0.2,5,0,0,63.117,118.54,11.818,-5.6146,-7.2158,-4.0134,10.241,5.2459,1.5785,1.7781,0.19958,0.2018,1.1062,0.92945,2.2819,16356,15173,2556,3.6021e+05,4.5406,2.6319e+06,2.0218e+06,0.7682,6.1581e+07,4.7356e+07
2021-04-19,0,2021,16,4,2,0,5,0,0,5,0,0,5,0,0,5,12.286,2,0,0,0,0,72.033,11.2,-1.2,0,1,0,0,75.033,118.54,11.818,-5.6146,-7.2158,-4.0134,13.537,8.3901,1.5785,1.7781,0.19958,0.2018,1.1062,0.92945,2.2819,16356,15173,2556,3.6021e+05,4.5406,2.6319e+06,2.0218e+06,0.7682,6.1581e+07,4.7356e+07
2021-04-26,0,2021,17,4,2,0,5,0,0,5,0,0,5,0,0,5,11.7,5.9,20,0,0,0,23.817,11.414,2.4,14.8,0,0,0,27.283,128.46,22.683,-5.6146,-7.2158,-4.0134,13.703,11.114,1.498,1.7127,0.21469,0.2056,1.1033,0.92125,2.219,16356,15173,2556,3.6021e+05,4.5406,2.6319e+06,2.0218e+06,0.7682,6.1581e+07,4.7356e+07
2021-05-03,0,2021,18,5,2,0,5,5,0,5,0,0,5,0,0,5,11.386,1.3,35.8,0,1,1,48.083,11.014,0,33.6,0,1,1,54.15,128.46,22.683,1.3799,-3.1154,5.8752,12.889,12.593,1.498,1.7127,0.21469,0.2056,1.1033,0.92125,2.219,16356,15173,2556,3.6021e+05,4.5406,2.6319e+06,2.0218e+06,0.7682,6.1581e+07,4.7356e+07
2021-05-10,0,2021,19,5,2,1,4,5,1,4,0,1,4,0,0,4,11.343,2,52.7,0,2,1,24.717,11.029,1.5,44.6,0,3,1,24.567,128.46,22.683,1.3799,-3.1154,5.8752,10.931,12.765,1.498,1.7127,0.21469,0.2056,1.1033,0.92125,2.219,16356,15173,2556,3.6021e+05,4.5406,2.6319e+06,2.0218e+06,0.7682,6.1581e+07,4.7356e+07
2021-05-17,0,2021,20,5,2,0,5,0,0,5,0,0,5,0,0,5,11.686,5.4,14.1,0,1,1,44.583,11.686,5.5,8.5,0,0,0,48.517,128.46,22.683,1.3799,-3.1154,5.8752,10.66,12.046,1.498,1.7127,0.21469,0.2056,1.1033,0.92125,2.219,16356,15173,2556,3.6021e+05,4.5406,2.6319e+06,2.0218e+06,0.7682,6.1581e+07,4.7356e+07
2021-05-24,0,2021,21,5,2,1,4,0,1,4,0,1,4,0,0,4,15.143,3.6,0.1,0,0,0,60.333,14.986,2.6,0,0,0,0,61.017,128.46,22.683,1.3799,-3.1154,5.8752,9.4218,10.975,1.498,1.7127,0.21469,0.2056,1.1033,0.92125,2.219,16356,15173,2556,3.6021e+05,4.5406,2.6319e+06,2.0218e+06,0.7682,6.1581e+07,4.7356e+07
2021-05-31,0,2021,22,6,2,1,4,0,0,5,0,0,5,0,0,4,18.557,7.9,15.4,0,0,0,51.55,18.171,6.6,7.8,0,0,0,45.183,127.77,17.511,1.3799,-3.1154,5.8752,8.5869,9.8998,1.4968,1.7038,0.20705,0.2006,1.0968,0.90282,1.0364,16356,15173,2556,3.6021e+05,4.5406,2.6319e+06,2.0218e+06,0.7682,6.1581e+07,4.7356e+07
2021-06-07,0,2021,23,6,2,0,5,0,0,5,0,0,5,0,0,5,20.171,11.9,4.4,0,0,0,58.633,19.7,9.9,11.9,0,0,0,56.233,127.77,17.511,1.3799,-3.1154,5.8752,7.5607,9.0574,1.4968,1.7038,0.20705,0.2006,1.0968,0.90282,1.0364,16356,15173,2556,3.6021e+05,4.5406,2.6319e+06,2.0218e+06,0.7682,6.1581e+07,4.7356e+07
2021-06-14,0,2021,24,6,2,0,5,0,0,5,0,0,5,0,0,5,24.057,13.4,1.5,0,0,0,75.75,23.786,11.9,0.7,0,0,0,68.417,127.77,17.511,1.3799,-3.1154,5.8752,7.4918,8.2653,1.4968,1.7038,0.20705,0.2006,1.0968,0.90282,1.0364,16356,15173,2556,3.6021e+05,4.5406,2.6319e+06,2.0218e+06,0.7682,6.1581e+07,4.7356e+07
2021-06-21,0,2021,25,6,2,0,5,5,0,5,0,0,5,0,0,5,18.814,10.2,14.8,0,0,0,57.667,18.586,9.1,22.6,0,1,1,57.367,127.77,17.511,1.3799,-3.1154,5.8752,7.0621,7.6754,1.4968,1.7038,0.20705,0.2006,1.0968,0.90282,1.0364,16356,15173,2556,3.6021e+05,4.5406,2.6319e+06,2.0218e+06,0.7682,6.1581e+07,4.7356e+07
2021-06-28,0,2021,26,7,3,0,5,5,0,5,0,0,5,0,0,5,18.171,9.9,8.1,0,0,0,35.367,18.086,9.1,4.3,0,0,0,35.35,118.88,0.34071,1.3799,-3.1154,5.8752,6.4747,7.1473,1.476,1.6992,0.22323,0.1587,1.094,0.9079,-1.1083,16356,15173,2556,3.6021e+05,4.5406,2.6319e+06,2.0218e+06,0.7682,6.1581e+07,4.7356e+07
2021-07-05,0,2021,27,7,3,0,5,5,0,5,5,0,5,5,0,5,18.457,11.3,54.1,0,3,3,52.017,18.086,10.3,42.1,0,1,1,47.8,118.88,0.34071,1.3799,-3.1154,5.8752,6.1743,6.8007,1.476,1.6992,0.22323,0.1587,1.094,0.9079,-1.1083,16356,15173,2556,3.6021e+05,4.5406,2.6319e+06,2.0218e+06,0.7682,6.1581e+07,4.7356e+07
2021-07-12,0,2021,28,7,3,0,5,5,0,5,5,0,5,5,0,5,17.643,10.6,47.5,0,3,3,39.717,17.2,9.3,40.6,0,2,2,34.75,118.88,0.34071,1.3799,-3.1154,5.8752,5.827,6.3845,1.476,1.6992,0.22323,0.1587,1.094,0.9079,-1.1083,16356,15173,2556,3.6021e+05,4.5406,2.6319e+06,2.0218e+06,0.7682,6.1581e+07,4.7356e+07
2021-07-19,0,2021,29,7,3,0,5,5,0,5,5,0,5,5,0,5,22,12.1,0,0,0,0,74.767,21.186,10.8,1.3,0,0,0,74.567,118.88,0.34071,1.3799,-3.1154,5.8752,5.3324,5.9521,1.476,1.6992,0.22323,0.1587,1.094,0.9079,-1.1083,16356,15173,2556,3.6021e+05,4.5406,2.6319e+06,2.0218e+06,0.7682,6.1581e+07,4.7356e+07
2021-07-26,0,2021,30,7,3,0,5,5,0,5,5,0,5,5,0,5,19.757,12.3,30.8,0,1,0,45.95,19.071,11.3,14.4,0,0,0,42.117,121.71,-6.7519,1.3799,-3.1154,5.8752,4.6077,5.4853,1.4616,1.6761,0.21451,0.15044,1.0854,0.91801,-1.6188,16356,15173,2556,3.6021e+05,4.5406,2.6319e+06,2.0218e+06,0.7682,6.1581e+07,4.7356e+07
2021-08-02,0,2021,31,8,3,0,5,5,0,5,5,0,5,5,0,5,16.9,9.4,31.2,0,1,0,46.067,16.643,8.3,12.4,0,0,0,43.65,121.71,-6.7519,8.0243,4.4129,11.636,4.9051,5.168,1.4616,1.6761,0.21451,0.15044,1.0854,0.91801,-1.6188,16356,15173,2556,3.6021e+05,4.5406,2.6319e+06,2.0218e+06,0.7682,6.1581e+07,4.7356e+07
2021-08-09,0,2021,32,8,3,0,5,5,0,5,5,0,5,5,0,5,21.857,9.9,8.7,0,0,0,79.75,20.543,7.7,6.1,0,0,0,78.867,121.71,-6.7519,8.0243,4.4129,11.636,5.0106,4.9639,1.4616,1.6761,0.21451,0.15044,1.0854,0.91801,-1.6188,16356,15173,2556,3.6021e+05,4.5406,2.6319e+06,2.0218e+06,0.7682,6.1581e+07,4.7356e+07
2021-08-16,0,2021,33,8,3,0,5,3,0,5,5,0,5,5,0,5,19.571,11.8,1.5,0,0,0,69.767,18.571,9.5,2.6,0,0,0,65.333,121.71,-6.7519,8.0243,4.4129,11.636,4.5896,4.7782,1.4616,1.6761,0.21451,0.15044,1.0854,0.91801,-1.6188,16356,15173,2556,3.6021e+05,4.5406,2.6319e+06,2.0218e+06,0.7682,6.1581e+07,4.7356e+07
2021-08-23,0,2021,34,8,3,0,5,0,0,5,0,0,5,5,0,5,18.057,7.7,0,0,0,0,69.183,17.571,7.7,0,0,0,0,67.517,121.71,-6.7519,8.0243,4.4129,11.636,4.5721,4.7693,1.4616,1.6761,0.21451,0.15044,1.0854,0.91801,-1.6188,16356,15173,2556,3.6021e+05,4.5406,2.6319e+06,2.0218e+06,0.7682,6.1581e+07,4.7356e+07
2021-08-30,0,2021,35,9,3,0,5,0,0,5,0,0,5,0,0,5,18.029,8.9,0,0,0,0,64.85,17.243,6.7,0,0,0,0,72.467,113.18,-14.592,8.0243,4.4129,11.636,4.4047,4.6442,1.3707,1.5549,0.18411,0.04505,1.076,0.91421,-1.8937,16448,15169,2577,3.6114e+05,4.5544,2.6828e+06,1.9415e+06,0.72367,6.134e+07,4.7371e+07
2021-09-06,0,2021,36,9,3,0,5,0,0,5,0,1,4,0,0,5,18.957,10.7,4.2,0,0,0,61.4,17.971,9.4,5.7,0,0,0,59.883,113.18,-14.592,8.0243,4.4129,11.636,5.1565,4.6807,1.3707,1.5549,0.18411,0.04505,1.076,0.91421,-1.8937,16448,15169,2577,3.6114e+05,4.5544,2.6828e+06,1.9415e+06,0.72367,6.134e+07,4.7371e+07
2021-09-13,0,2021,37,9,3,0,5,0,0,5,0,0,5,0,0,5,17.229,9.5,38.7,0,3,1,34.467,16.414,7.7,33.8,0,1,0,35.55,113.18,-14.592,8.0243,4.4129,11.636,4.4948,4.657,1.3707,1.5549,0.18411,0.04505,1.076,0.91421,-1.8937,16448,15169,2577,3.6114e+05,4.5544,2.6828e+06,1.9415e+06,0.72367,6.134e+07,4.7371e+07
2021-09-20,0,2021,38,9,3,0,5,0,1,4,0,0,5,0,0,5,14.843,8.9,7.2,0,0,0,47.25,13.843,5.8,2.2,0,0,0,49.45,113.18,-14.592,8.0243,4.4129,11.636,4.0669,4.5307,1.3707,1.5549,0.18411,0.04505,1.076,0.91421,-1.8937,16448,15169,2577,3.6114e+05,4.5544,2.6828e+06,1.9415e+06,0.72367,6.134e+07,4.7371e+07
2021-09-27,0,2021,39,9,3,0,5,0,0,5,0,0,5,0,0,5,15.171,6,0.4,0,0,0,47.583,14.943,2.7,0,0,0,0,48.567,111.55,-7.3295,8.0243,4.4129,11.636,3.7859,4.376,1.3558,1.5576,0.20175,-0.22268,1.0859,0.92233,-0.73402,16448,15169,2577,3.6114e+05,4.5544,2.6828e+06,1.9415e+06,0.72367,6.134e+07,4.7371e+07
2021-10-04,0,2021,40,10,4,0,5,0,0,5,0,0,5,0,0,5,10.857,3,10.9,0,0,0,42.083,10.171,1.6,24.7,0,1,1,39.817,111.55,-7.3295,8.0243,4.4129,11.636,3.8073,4.0387,1.3558,1.5576,0.20175,-0.22268,1.0859,0.92233,-0.73402,16448,15169,2577,3.6114e+05,4.5544,2.6828e+06,1.9415e+06,0.72367,6.134e+07,4.7371e+07
2021-10-11,0,2021,41,10,4,0,5,5,0,5,0,0,5,0,0,5,8.6143,0.1,0,0,0,0,57.8,7.6857,-2.3,0,4,0,0,52.383,111.55,-7.3295,8.0243,4.4129,11.636,3.4489,3.7772,1.3558,1.5576,0.20175,-0.22268,1.0859,0.92233,-0.73402,16448,15169,2577,3.6114e+05,4.5544,2.6828e+06,1.9415e+06,0.72367,6.134e+07,4.7371e+07
2021-10-18,0,2021,42,10,4,0,5,5,0,5,5,0,5,0,0,5,9.5286,-0.1,5.8,1,0,0,47.733,8.9286,-1.4,10.7,1,0,0,44,111.55,-7.3295,8.0243,4.4129,11.636,4.0257,3.7669,1.3558,1.5576,0.20175,-0.22268,1.0859,0.92233,-0.73402,16448,15169,2577,3.6114e+05,4.5544,2.6828e+06,1.9415e+06,0.72367,6.134e+07,4.7371e+07
2021-10-25,0,2021,43,10,4,0,5,0,0,5,5,0,5,5,0,5,8.5571,0.1,0.9,0,0,0,41.25,9.3429,-2,0,3,0,0,41.917,108.7,-13.011,8.0243,4.4129,11.636,4.2456,3.8818,1.48,1.6945,0.2145,-0.018,1.0859,0.92233,-0.73402,16448,15169,2577,3.6114e+05,4.5544,2.6828e+06,1.9415e+06,0.72367,6.134e+07,4.7371e+07
2021-11-01,0,2021,44,11,4,1,4,0,0,5,0,0,5,0,0,4,4.9429,-4.6,11.7,3,0,0,27.067,4.4,-4.8,14.1,4,1,1,24.767,108.7,-13.011,11.6,9.5933,13.608,4.0437,3.9409,1.48,1.6945,0.2145,-0.018,1.0714,0.92356,-1.2926,16448,15169,2577,3.6114e+05,4.5544,2.6828e+06,1.9415e+06,0.72367,6.134e+07,4.7371e+07
2021-11-08,0,2021,45,11,4,0,5,0,0,5,0,0,5,0,0,5,5.2571,-4.5,0.7,2,0,0,28.467,6.9286,-4.6,1.1,4,0,0,19.167,108.7,-13.011,11.6,9.5933,13.608,4.2978,4.1532,1.48,1.6945,0.2145,-0.018,1.0714,0.92356,-1.2926,16448,15169,2577,3.6114e+05,4.5544,2.6828e+06,1.9415e+06,0.72367,6.134e+07,4.7371e+07
2021-11-15,0,2021,46,11,4,0,5,0,0,5,0,0,5,0,0,5,4.7857,-3.5,0,3,0,0,18.2,4.1,-4.1,0.2,4,0,0,0.63333,108.7,-13.011,11.6,9.5933,13.608,4.2462,4.2083,1.48,1.6945,0.2145,-0.018,1.0714,0.92356,-1.2926,16448,15169,2577,3.6114e+05,4.5544,2.6828e+06,1.9415e+06,0.72367,6.134e+07,4.7371e+07
2021-11-22,0,2021,47,11,4,0,5,0,0,5,0,0,5,0,0,5,3.3857,-2.8,3.3,4,0,0,12.533,2.9857,-3.7,1.6,4,0,0,0,108.7,-13.011,11.6,9.5933,13.608,4.3563,4.236,1.48,1.6945,0.2145,-0.018,1.0714,0.92356,-1.2926,16448,15169,2577,3.6114e+05,4.5544,2.6828e+06,1.9415e+06,0.72367,6.134e+07,4.7371e+07
2021-11-29,0,2021,48,12,4,0,5,0,0,5,0,0,5,0,0,5,0.82857,-6.8,28.7,7,1,0,7.1,0.64286,-6.1,29.8,7,2,1,0,108.75,-4.4294,11.6,9.5933,13.608,4.8739,4.4436,1.5464,1.7181,0.17171,0.049564,1.0522,0.92184,-2.2165,16448,15169,2577,3.6114e+05,4.5544,2.6828e+06,1.9415e+06,0.72367,6.134e+07,4.7371e+07
2021-12-06,0,2021,49,12,4,1,4,0,0,5,0,0,5,0,0,4,-0.54286,-10.3,30.4,6,2,2,11.3,-0.62857,-10.3,21.1,6,0,0,0,108.75,-4.4294,11.6,9.5933,13.608,4.6716,4.537,1.5464,1.7181,0.17171,0.049564,1.0522,0.92184,-2.2165,16448,15169,2577,3.6114e+05,4.5544,2.6828e+06,1.9415e+06,0.72367,6.134e+07,4.7371e+07
2021-12-13,0,2021,50,12,4,0,5,0,0,5,0,0,5,0,0,5,-3.1571,-9.3,0,7,0,0,20.633,-5.5714,-12.9,0,7,0,3,0,108.75,-4.4294,11.6,9.5933,13.608,4.0512,4.4883,1.5464,1.7181,0.17171,0.049564,1.0522,0.92184,-2.2165,16448,15169,2577,3.6114e+05,4.5544,2.6828e+06,1.9415e+06,0.72367,6.134e+07,4.7371e+07
2021-12-20,0,2021,51,12,4,0,5,1,0,5,1,0,5,1,0,5,-3.3143,-11.9,1.6,7,0,3,16,-5.9714,-15.8,2.9,7,0,4,0,108.75,-4.4294,11.6,9.5933,13.608,3.7614,4.3395,1.5464,1.7181,0.17171,0.049564,1.0522,0.92184,-2.2165,16448,15169,2577,3.6114e+05,4.5544,2.6828e+06,1.9415e+06,0.72367,6.134e+07,4.7371e+07
2021-12-27,0,2021,52,12,4,0,5,5,0,5,5,1,4,5,0,5,2.7571,-3.1,43.4,4,1,1,13.467,1.8,-5.1,65.5,4,2,2,0,105.19,-6.3611,11.6,9.5933,13.608,3.472,3.9891,1.428,1.6049,0.17693,-0.048,1.0408,0.9209,-4.1595,16448,15169,2577,3.6114e+05,4.5544,2.6828e+06,1.9415e+06,0.72367,6.134e+07,4.7371e+07
2022-01-03,0,2022,1,1,1,0,5,5,0,5,5,0,5,5,0,5,1.8143,-7,11.5,4,0,0,5.3333,0.52857,-7.9,18.9,6,0,2,0,105.19,-6.3611,11.6,9.5933,13.608,3.9697,3.8136,1.428,1.6049,0.17693,-0.048,1.0408,0.9209,-4.1595,16448,15169,2577,3.6114e+05,4.5544,2.6828e+06,1.9415e+06,0.72367,6.134e+07,4.7371e+07
2022-01-10,0,2022,2,1,1,0,5,0,0,5,0,0,5,0,0,5,-2.9429,-9.1,0,7,0,0,30.8,-7.6857,-17.8,0,7,0,4,0,105.19,-6.3611,11.6,9.5933,13.608,4.81,4.0033,1.428,1.6049,0.17693,-0.048,1.0408,0.9209,-4.1595,16448,15169,2577,3.6114e+05,4.5544,2.6828e+06,1.9415e+06,0.72367,6.134e+07,4.7371e+07
2022-01-17,0,2022,3,1,1,0,5,0,0,5,0,0,5,0,0,5,-1.5857,-7.2,0,7,0,0,31.25,-4.8571,-13.3,0,7,0,3,0.9,105.19,-6.3611,11.6,9.5933,13.608,4.6921,4.2359,1.428,1.6049,0.17693,-0.048,1.0408,0.9209,-4.1595,16448,15169,2577,3.6114e+05,4.5544,2.6828e+06,1.9415e+06,0.72367,6.134e+07,4.7371e+07
2022-01-24,0,2022,4,1,1,0,5,0,0,5,0,0,5,0,0,5,-0.54286,-6.5,0,7,0,0,37.083,-3.9571,-11.8,0,7,0,0,15.55,105.19,-6.3611,11.6,9.5933,13.608,3.8001,4.318,1.428,1.6049,0.17693,-0.048,1.0408,0.9209,-4.1595,16448,15169,2577,3.6114e+05,4.5544,2.6828e+06,1.9415e+06,0.72367,6.134e+07,4.7371e+07
2022-01-31,0,2022,5,2,1,0,5,0,0,5,0,0,5,0,0,5,3.3143,-3.8,11.2,6,0,0,19.117,3.0429,-3.6,15.4,5,0,0,18.817,101.43,-7.2642,14.043,12.349,15.737,5.132,4.6085,1.4955,1.6714,0.1759,0.033864,1.0402,0.91868,-2.9112,16448,15169,2577,3.6114e+05,4.5544,2.6828e+06,1.9415e+06,0.72367,6.134e+07,4.7371e+07
2022-02-07,0,2022,6,2,1,0,5,0,0,5,0,0,5,0,0,5,2.7429,-4.2,2.5,7,0,0,46.8,2.0143,-5.1,0.1,7,0,0,41.417,101.43,-7.2642,14.043,12.349,15.737,5.8314,4.8639,1.4955,1.6714,0.1759,0.033864,1.0402,0.91868,-2.9112,16448,15169,2577,3.6114e+05,4.5544,2.6828e+06,1.9415e+06,0.72367,6.134e+07,4.7371e+07
2022-02-14,0,2022,7,2,1,0,5,0,0,5,0,0,5,5,0,5,5.3857,-4.3,9.7,4,0,0,23.067,5.1571,-1.8,13.5,4,1,1,22.567,101.43,-7.2642,14.043,12.349,15.737,6.6902,5.3634,1.4955,1.6714,0.1759,0.033864,1.0402,0.91868,-2.9112,16448,15169,2577,3.6114e+05,4.5544,2.6828e+06,1.9415e+06,0.72367,6.134e+07,4.7371e+07
2022-02-21,0,2022,8,2,1,0,5,0,0,5,5,0,5,0,0,5,5.1,-5.6,2.6,3,0,0,42.2,4.7143,-6.1,6.3,3,0,0,38.917,101.43,-7.2642,14.043,12.349,15.737,7.2435,6.2243,1.4955,1.6714,0.1759,0.033864,1.0402,0.91868,-2.9112,16448,15169,2577,3.6114e+05,4.5544,2.6828e+06,1.9415e+06,0.72367,6.134e+07,4.7371e+07
2022-02-28,0,2022,9,3,1,0,5,5,0,5,0,0,5,0,0,5,3.8429,-5.5,0,7,0,0,61.733,3.3286,-6.1,0,7,0,0,59.95,101.84,-6.9071,14.043,12.349,15.737,7.048,6.7033,1.6439,1.8062,0.16228,0.27317,1.0461,0.92266,-0.57595,16448,15169,2577,3.6114e+05,4.5544,2.6828e+06,1.9415e+06,0.72367,6.134e+07,4.7371e+07
2022-03-07,0,2022,10,3,1,0,5,5,0,5,0,0,5,0,0,5,5.8286,-4.9,0,4,0,0,58.533,5.5714,-6,0,4,0,0,56.45,101.84,-6.9071,14.043,12.349,15.737,7.1586,7.0351,1.6439,1.8062,0.16228,0.27317,1.0461,0.92266,-0.57595,16448,15169,2577,3.6114e+05,4.5544,2.6828e+06,1.9415e+06,0.72367,6.134e+07,4.7371e+07
2022-03-14,0,2022,11,3,1,0,5,0,0,5,0,0,5,0,0,5,9.8,1.4,4.3,0,0,0,33.45,10.171,0.2,0.6,0,0,0,30.45,101.84,-6.9071,14.043,12.349,15.737,6.434,6.971,1.6439,1.8062,0.16228,0.27317,1.0461,0.92266,-0.57595,16448,15169,2577,3.6114e+05,4.5544,2.6828e+06,1.9415e+06,0.72367,6.134e+07,4.7371e+07
2022-03-21,0,2022,12,3,1,0,5,0,0,5,0,0,5,0,0,5,10.1,-1,0,2,0,0,71.367,10.543,-2.3,0,3,0,0,76.4,101.84,-6.9071,14.043,12.349,15.737,5.588,6.5572,1.6439,1.8062,0.16228,0.27317,1.0461,0.92266,-0.57595,16448,15169,2577,3.6114e+05,4.5544,2.6828e+06,1.9415e+06,0.72367,6.134e+07,4.7371e+07
2022-03-28,0,2022,13,3,1,0,5,0,0,5,0,0,5,0,0,5,7.4286,-1.6,2.2,2,0,0,23.683,6.9143,-1.3,2.5,4,0,0,25.083,97.136,-8.05,14.043,12.349,15.737,5.5915,6.193,1.8693,2.0341,0.1648,0.51352,1.0246,0.92967,-1.5565,16448,15169,2577,3.6114e+05,4.5544,2.6828e+06,1.9415e+06,0.72367,6.134e+07,4.7371e+07
2022-04-04,0,2022,14,4,2,0,5,0,0,5,0,0,5,0,0,5,8.0857,-0.6,19.4,1,1,1,42.417,7.6143,-1.2,30,2,1,1,42.533,97.136,-8.05,14.043,12.349,15.737,4.5801,5.5484,1.8693,2.0341,0.1648,0.51352,1.0246,0.92967,-1.5565,16448,15169,2577,3.6114e+05,4.5544,2.6828e+06,1.9415e+06,0.72367,6.134e+07,4.7371e+07
2022-04-11,0,2022,15,4,2,0,5,1,1,4,1,1,4,2,0,5,13.914,1.6,0,0,0,0,72.6,13.529,-0.7,0,2,0,0,75.883,97.136,-8.05,14.043,12.349,15.737,4.603,5.0907,1.8693,2.0341,0.1648,0.51352,1.0246,0.92967,-1.5565,16448,15169,2577,3.6114e+05,4.5544,2.6828e+06,1.9415e+06,0.72367,6.134e+07,4.7371e+07
2022-04-18,0,2022,16,4,2,1,4,5,1,4,5,1,4,5,0,4,12.657,3.1,5.7,0,0,0,49.95,11.914,0.5,12.6,0,1,0,51.917,97.136,-8.05,14.043,12.349,15.737,3.7053,4.62,1.8693,2.0341,0.1648,0.51352,1.0246,0.92967,-1.5565,16448,15169,2577,3.6114e+05,4.5544,2.6828e+06,1.9415e+06,0.72367,6.134e+07,4.7371e+07
2022-04-25,0,2022,17,4,2,0,5,0,0,5,5,0,5,0,0,5,12.943,2.8,2.4,0,0,0,58.633,12.214,1.2,1.6,0,0,0,59.75,97.277,-4.1557,14.043,12.349,15.737,3.4325,4.0802,2.2582,2.4501,0.19183,0.77823,1.0217,0.94391,-1.7747,16448,15169,2577,3.6114e+05,4.5544,2.6828e+06,1.9415e+06,0.72367,6.134e+07,4.7371e+07
2022-05-02,0,2022,18,5,2,0,5,5,0,5,0,0,5,0,0,5,14.3,5,8.5,0,0,0,40.867,13.029,1.3,4.9,0,0,0,33.783,97.277,-4.1557,16.92,16.665,17.176,2.7925,3.6333,2.2582,2.4501,0.19183,0.77823,1.0217,0.94391,-1.7747,16448,15169,2577,3.6114e+05,4.5544,2.6828e+06,1.9415e+06,0.72367,6.134e+07,4.7371e+07
2022-05-09,0,2022,19,5,2,0,5,5,0,5,0,0,5,0,0,5,19.214,8.1,0.3,0,0,0,76.667,18.943,5.4,0,0,0,0,75.583,97.277,-4.1557,16.92,16.665,17.176,3.5166,3.3617,2.2582,2.4501,0.19183,0.77823,1.0217,0.94391,-1.7747,16448,15169,2577,3.6114e+05,4.5544,2.6828e+06,1.9415e+06,0.72367,6.134e+07,4.7371e+07
2022-05-16,0,2022,20,5,2,0,5,0,0,5,0,0,5,0,0,5,21.5,11.2,1.7,0,0,0,68.733,21.614,9.2,0.6,0,0,0,70.033,97.277,-4.1557,16.92,16.665,17.176,3.5992,3.3352,2.2582,2.4501,0.19183,0.77823,1.0217,0.94391,-1.7747,16448,15169,2577,3.6114e+05,4.5544,2.6828e+06,1.9415e+06,0.72367,6.134e+07,4.7371e+07
2022-05-23,0,2022,21,5,2,1,4,0,1,4,0,1,4,0,0,4,18.457,8.4,6.9,0,0,0,72.233,18.3,8.4,0.7,0,0,0,62.65,97.277,-4.1557,16.92,16.665,17.176,4.4792,3.5969,2.2582,2.4501,0.19183,0.77823,1.0217,0.94391,-1.7747,16448,15169,2577,3.6114e+05,4.5544,2.6828e+06,1.9415e+06,0.72367,6.134e+07,4.7371e+07
2022-05-30,0,2022,22,6,2,0,5,0,0,5,0,0,5,0,0,5,17.943,8.5,25,0,1,1,41.05,17.586,7.3,27.4,0,2,2,45.4,92.492,-9.3477,16.92,16.665,17.176,4.3457,3.9852,2.5985,2.801,0.20246,1.0522,1.0359,0.98024,-0.97504,16448,15169,2577,3.6114e+05,4.5544,2.6828e+06,1.9415e+06,0.72367,6.134e+07,4.7371e+07
2022-06-06,0,2022,23,6,2,1,4,0,1,4,0,1,4,0,0,4,18.657,6.3,6.9,0,0,0,62.9,18.343,5.6,3.3,0,0,0,67.45,92.492,-9.3477,16.92,16.665,17.176,4.8754,4.3249,2.5985,2.801,0.20246,1.0522,1.0359,0.98024,-0.97504,16448,15169,2577,3.6114e+05,4.5544,2.6828e+06,1.9415e+06,0.72367,6.134e+07,4.7371e+07
2022-06-13,0,2022,24,6,2,1,4,0,0,5,0,0,5,0,0,4,24.971,12.6,4.7,0,0,0,87.067,23.986,11.2,2.5,0,0,0,77.283,92.492,-9.3477,16.92,16.665,17.176,5.0313,4.6829,2.5985,2.801,0.20246,1.0522,1.0359,0.98024,-0.97504,16448,15169,2577,3.6114e+05,4.5544,2.6828e+06,1.9415e+06,0.72367,6.134e+07,4.7371e+07
2022-06-20,0,2022,25,6,2,0,5,0,0,5,0,0,5,0,0,5,22.243,12.3,15.5,0,0,0,61.3,21.714,10.8,10.7,0,0,0,57.717,92.492,-9.3477,16.92,16.665,17.176,4.9794,4.8079,2.5985,2.801,0.20246,1.0522,1.0359,0.98024,-0.97504,16448,15169,2577,3.6114e+05,4.5544,2.6828e+06,1.9415e+06,0.72367,6.134e+07,4.7371e+07
2022-06-27,0,2022,26,6,2,0,5,5,0,5,0,0,5,0,0,5,20.429,10.9,19,0,0,0,65.633,19.914,9.5,28.7,0,1,1,63.183,93.36,-3.7756,16.92,16.665,17.176,5.0176,4.9759,2.6951,2.9046,0.20955,1.2671,1.025,0.96962,0.036112,16448,15169,2577,3.6114e+05,4.5544,2.6828e+06,1.9415e+06,0.72367,6.134e+07,4.7371e+07
2022-07-04,0,2022,27,7,3,0,5,5,0,5,5,0,5,5,0,5,21.914,12.5,9.2,0,0,0,85.433,20.929,10.3,11.1,0,1,1,79.05,93.36,-3.7756,16.92,16.665,17.176,4.4727,4.8752,2.6951,2.9046,0.20955,1.2671,1.025,0.96962,0.036112,16448,15169,2577,3.6114e+05,4.5544,2.6828e+06,1.9415e+06,0.72367,6.134e+07,4.7371e+07
2022-07-11,0,2022,28,7,3,0,5,5,0,5,5,0,5,5,0,5,24.9,13.6,0,0,0,0,92.867,23.657,11.2,0,0,0,0,90.05,93.36,-3.7756,16.92,16.665,17.176,4.3857,4.7138,2.6951,2.9046,0.20955,1.2671,1.025,0.96962,0.036112,16448,15169,2577,3.6114e+05,4.5544,2.6828e+06,1.9415e+06,0.72367,6.134e+07,4.7371e+07
2022-07-18,0,2022,29,7,3,0,5,5,0,5,5,0,5,5,0,5,25.843,15.6,13.4,0,1,1,79.017,24.943,13.7,3.4,0,0,0,75.533,93.36,-3.7756,16.92,16.665,17.176,4.3939,4.5675,2.6951,2.9046,0.20955,1.2671,1.025,0.96962,0.036112,16448,15169,2577,3.6114e+05,4.5544,2.6828e+06,1.9415e+06,0.72367,6.134e+07,4.7371e+07
2022-07-25,0,2022,30,7,3,0,5,5,0,5,5,0,5,5,0,5,22.857,12.4,1.1,0,0,0,66.3,21.757,9.7,5.7,0,0,0,63.45,89.893,-7.3841,16.92,16.665,17.176,4.3509,4.4008,3.1694,3.3584,0.18899,1.6739,1.025,0.96962,0.036112,16448,15169,2577,3.6114e+05,4.5544,2.6828e+06,1.9415e+06,0.72367,6.134e+07,4.7371e+07
2022-08-01,0,2022,31,8,3,1,4,5,1,4,5,1,4,5,0,4,24.257,14.6,7.9,0,0,0,72.6,23.471,11.4,19.8,0,0,0,63.317,89.893,-7.3841,16.102,18.118,14.087,3.8519,4.2456,3.1694,3.3584,0.18899,1.6739,0.98765,0.96954,-3.3346,16448,15169,2577,3.6114e+05,4.5544,2.6828e+06,1.9415e+06,0.72367,6.134e+07,4.7371e+07
2022-08-08,0,2022,32,8,3,0,5,5,0,5,5,0,5,5,0,5,22.9,12.3,0,0,0,0,75.817,22.086,10.5,0,0,0,0,78.317,89.893,-7.3841,16.102,18.118,14.087,3.939,4.1339,3.1694,3.3584,0.18899,1.6739,0.98765,0.96954,-3.3346,16448,15169,2577,3.6114e+05,4.5544,2.6828e+06,1.9415e+06,0.72367,6.134e+07,4.7371e+07
2022-08-15,0,2022,33,8,3,1,4,3,0,5,5,0,5,5,0,4,20,12.5,9.6,0,0,0,37.383,19.786,10.4,11.8,0,0,0,41.033,89.893,-7.3841,16.102,18.118,14.087,3.8642,4.0015,3.1694,3.3584,0.18899,1.6739,0.98765,0.96954,-3.3346,16448,15169,2577,3.6114e+05,4.5544,2.6828e+06,1.9415e+06,0.72367,6.134e+07,4.7371e+07
2022-08-22,0,2022,34,8,3,0,5,0,0,5,0,0,5,0,0,5,21.129,11.7,18.2,0,1,1,70.25,20.314,10,3.7,0,0,0,70.683,89.893,-7.3841,16.102,18.118,14.087,3.942,3.8993,3.1694,3.3584,0.18899,1.6739,0.98765,0.96954,-3.3346,16448,15169,2577,3.6114e+05,4.5544,2.6828e+06,1.9415e+06,0.72367,6.134e+07,4.7371e+07
2022-08-29,0,2022,35,9,3,0,5,0,0,5,0,0,5,0,0,5,20.014,11.7,1.8,0,0,0,60.65,19.657,9.2,0.2,0,0,0,57.183,86.426,-6.0659,16.102,18.118,14.087,4.0629,3.952,2.6716,2.9001,0.22845,1.0277,0.96899,0.95717,-6.46,16634,15306,2615,3.6116e+05,4.6057,2.5534e+06,2.2875e+06,0.89586,6.0768e+07,4.6152e+07
2022-09-05,0,2022,36,9,3,0,5,0,0,5,0,1,4,0,0,5,19.229,9.7,17.3,0,1,1,62.65,18.786,9.3,13.2,0,0,0,62.65,86.426,-6.0659,16.102,18.118,14.087,3.2314,3.7751,2.6716,2.9001,0.22845,1.0277,0.96899,0.95717,-6.46,16634,15306,2615,3.6116e+05,4.6057,2.5534e+06,2.2875e+06,0.89586,6.0768e+07,4.6152e+07
2022-09-12,0,2022,37,9,3,0,5,0,0,5,0,0,5,0,0,5,16.7,2.5,3.6,0,0,0,43.767,16.543,2.3,2.9,0,0,0,47.767,86.426,-6.0659,16.102,18.118,14.087,3.5822,3.7046,2.6716,2.9001,0.22845,1.0277,0.96899,0.95717,-6.46,16634,15306,2615,3.6116e+05,4.6057,2.5534e+06,2.2875e+06,0.89586,6.0768e+07,4.6152e+07
2022-09-19,0,2022,38,9,3,0,5,0,1,4,0,0,5,0,0,5,13.057,3.9,3.5,0,0,0,50.95,12.386,2.9,5.5,0,0,0,54.283,86.426,-6.0659,16.102,18.118,14.087,3.8395,3.679,2.6716,2.9001,0.22845,1.0277,0.96899,0.95717,-6.46,16634,15306,2615,3.6116e+05,4.6057,2.5534e+06,2.2875e+06,0.89586,6.0768e+07,4.6152e+07
2022-09-26,0,2022,39,9,3,0,5,0,0,5,0,0,5,0,0,5,11.957,5,35.6,0,2,1,14.567,11.629,7.5,42.5,0,2,1,14.633,85.763,-7.5969,16.102,18.118,14.087,3.9332,3.6466,3.0893,3.2433,0.15408,1.2199,0.96419,0.97293,-5.9281,16634,15306,2615,3.6116e+05,4.6057,2.5534e+06,2.2875e+06,0.89586,6.0768e+07,4.6152e+07
2022-10-03,0,2022,40,10,4,0,5,0,0,5,0,0,5,0,0,5,13.871,6.2,0.5,0,0,0,46.717,12.771,3.5,0.3,0,0,0,46.433,85.763,-7.5969,16.102,18.118,14.087,3.3144,3.6673,3.0893,3.2433,0.15408,1.2199,0.96419,0.97293,-5.9281,16634,15306,2615,3.6116e+05,4.6057,2.5534e+06,2.2875e+06,0.89586,6.0768e+07,4.6152e+07
2022-10-10,0,2022,41,10,4,0,5,5,0,5,0,0,5,0,0,5,13.814,7.2,4,0,0,0,33.733,12.929,4.8,5.5,0,0,0,27.65,85.763,-7.5969,16.102,18.118,14.087,2.6848,3.443,3.0893,3.2433,0.15408,1.2199,0.96419,0.97293,-5.9281,16634,15306,2615,3.6116e+05,4.6057,2.5534e+06,2.2875e+06,0.89586,6.0768e+07,4.6152e+07
2022-10-17,0,2022,42,10,4,0,5,5,0,5,5,0,5,0,0,5,14.243,7.3,28.6,0,1,1,34.217,13.757,6,9.9,0,0,0,31.733,85.763,-7.5969,16.102,18.118,14.087,2.6522,3.1462,3.0893,3.2433,0.15408,1.2199,0.96419,0.97293,-5.9281,16634,15306,2615,3.6116e+05,4.6057,2.5534e+06,2.2875e+06,0.89586,6.0768e+07,4.6152e+07
2022-10-24,0,2022,43,10,4,0,5,0,0,5,5,0,5,5,0,5,13.443,7.1,29.5,0,1,1,36.733,12.514,4.9,9.6,0,0,0,35.167,85.763,-7.5969,16.102,18.118,14.087,2.608,2.8149,3.0893,3.2433,0.15408,1.2199,0.96419,0.97293,-5.9281,16634,15306,2615,3.6116e+05,4.6057,2.5534e+06,2.2875e+06,0.89586,6.0768e+07,4.6152e+07
2022-10-31,0,2022,44,11,4,1,4,0,0,5,0,0,5,0,0,4,8.8857,0.3,12.5,0,0,0,25.567,9,-1.9,3.1,1,0,0,20.367,88.261,-1.6314,14.432,16.787,12.077,2.6704,2.6538,3.4491,3.5242,0.075176,1.1908,0.97899,0.99564,-0.87683,16634,15306,2615,3.6116e+05,4.6057,2.5534e+06,2.2875e+06,0.89586,6.0768e+07,4.6152e+07
2022-11-07,0,2022,45,11,4,0,5,0,0,5,0,0,5,0,0,5,7.2714,0.3,5.5,0,0,0,27.567,6.6571,-2.4,3.2,4,0,0,19.733,88.261,-1.6314,14.432,16.787,12.077,2.7427,2.6683,3.4491,3.5242,0.075176,1.1908,0.97899,0.99564,-0.87683,16634,15306,2615,3.6116e+05,4.6057,2.5534e+06,2.2875e+06,0.89586,6.0768e+07,4.6152e+07
2022-11-14,0,2022,46,11,4,0,5,0,0,5,0,0,5,0,0,5,6.8857,-1.8,21.5,1,0,0,20.55,5.7429,-1.7,14.9,1,0,0,3.4167,88.261,-1.6314,14.432,16.787,12.077,2.3843,2.6013,3.4491,3.5242,0.075176,1.1908,0.97899,0.99564,-0.87683,16634,15306,2615,3.6116e+05,4.6057,2.5534e+06,2.2875e+06,0.89586,6.0768e+07,4.6152e+07
2022-11-21,0,2022,47,11,4,0,5,0,0,5,0,0,5,0,0,5,4.1714,-2.7,9.2,3,0,0,15.65,3.8286,-4.8,8.1,4,0,0,0,88.261,-1.6314,14.432,16.787,12.077,1.8045,2.4005,3.4491,3.5242,0.075176,1.1908,0.97899,0.99564,-0.87683,16634,15306,2615,3.6116e+05,4.6057,2.5534e+06,2.2875e+06,0.89586,6.0768e+07,4.6152e+07
2022-11-28,0,2022,48,12,4,0,5,0,0,5,0,0,5,0,0,5,3.7143,-3,3.3,2,0,0,13,3.5143,-5.7,5.6,2,0,0,0,90.55,4.1238,14.432,16.787,12.077,1.3442,2.0689,3.3406,3.4871,0.14651,0.74208,0.9843,0.96588,1.58,16634,15306,2615,3.6116e+05,4.6057,2.5534e+06,2.2875e+06,0.89586,6.0768e+07,4.6152e+07
2022-12-05,0,2022,49,12,4,1,4,0,0,5,0,0,5,0,0,4,0.12857,-5.9,14.1,6,1,1,16.567,-0.97143,-8.9,4.2,7,0,1,0,90.55,4.1238,14.432,16.787,12.077,0.98082,1.6285,3.3406,3.4871,0.14651,0.74208,0.9843,0.96588,1.58,16634,15306,2615,3.6116e+05,4.6057,2.5534e+06,2.2875e+06,0.89586,6.0768e+07,4.6152e+07
2022-12-12,0,2022,50,12,4,0,5,0,0,5,0,0,5,0,0,5,0.64286,-4.8,3,6,0,0,11.4,-0.22857,-6.6,1.9,7,0,1,0,90.55,4.1238,14.432,16.787,12.077,0.70948,1.2098,3.3406,3.4871,0.14651,0.74208,0.9843,0.96588,1.58,16634,15306,2615,3.6116e+05,4.6057,2.5534e+06,2.2875e+06,0.89586,6.0768e+07,4.6152e+07
2022-12-19,0,2022,51,12,4,0,5,0,0,5,0,0,5,0,0,5,5.6,-1.5,60.6,2,2,2,5.9333,4.6,-2.3,75.2,4,2,2,0,90.55,4.1238,14.432,16.787,12.077,0.72201,0.93913,3.3406,3.4871,0.14651,0.74208,0.9843,0.96588,1.58,16634,15306,2615,3.6116e+05,4.6057,2.5534e+06,2.2875e+06,0.89586,6.0768e+07,4.6152e+07
2022-12-26,0,2022,52,12,4,1,4,5,0,5,5,0,5,5,0,4,5.0571,-1.8,12.6,3,0,0,14.433,4.6714,-3.8,9,5,0,0,0,90.684,4.9213,14.432,16.787,12.077,0.98166,0.84849,2.9786,3.131,0.15235,0.28354,0.98654,0.93205,2.318,16634,15306,2615,3.6116e+05,4.6057,2.5534e+06,2.2875e+06,0.89586,6.0768e+07,4.6152e+07
2023-01-02,0,2023,1,1,1,1,4,5,1,4,5,0,5,5,0,4,4.8143,-3.4,24.6,3,1,0,12.9,4.5286,-4.8,9.1,3,0,0,0,90.684,4.9213,14.432,16.787,12.077,1.9261,1.0848,2.9786,3.131,0.15235,0.28354,0.98654,0.93205,2.318,16634,15306,2615,3.6116e+05,4.6057,2.5534e+06,2.2875e+06,0.89586,6.0768e+07,4.6152e+07
2023-01-09,0,2023,2,1,1,0,5,0,0,5,0,0,5,0,0,5,3.5143,-3.1,8,5,0,0,6.0167,3.2143,-3,10.3,6,0,0,0,90.684,4.9213,14.432,16.787,12.077,1.6344,1.316,2.9786,3.131,0.15235,0.28354,0.98654,0.93205,2.318,16634,15306,2615,3.6116e+05,4.6057,2.5534e+06,2.2875e+06,0.89586,6.0768e+07,4.6152e+07
2023-01-16,0,2023,3,1,1,0,5,0,0,5,0,0,5,0,0,5,-4.1143,-13,13.6,7,0,2,21.567,-4.8714,-15.9,9.8,7,0,2,0.3,90.684,4.9213,14.432,16.787,12.077,1.4621,1.5011,2.9786,3.131,0.15235,0.28354,0.98654,0.93205,2.318,16634,15306,2615,3.6116e+05,4.6057,2.5534e+06,2.2875e+06,0.89586,6.0768e+07,4.6152e+07
2023-01-23,0,2023,4,1,1,0,5,0,0,5,0,0,5,0,0,5,-3.8857,-11.6,0,7,0,2,25.433,-5.3857,-15.7,0,7,0,4,9.8667,90.684,4.9213,14.432,16.787,12.077,2.4478,1.8676,2.9786,3.131,0.15235,0.28354,0.98654,0.93205,2.318,16634,15306,2615,3.6116e+05,4.6057,2.5534e+06,2.2875e+06,0.89586,6.0768e+07,4.6152e+07
2023-01-30,0,2023,5,2,1,0,5,0,0,5,0,0,5,0,0,5,1.3286,-8.2,0,7,0,0,35.1,0.67143,-10.9,0.1,6,0,0,19.967,94.992,6.7308,14.416,15.141,13.69,1.7258,1.8175,3.3536,3.4476,0.093947,0.18423,0.99615,0.92411,1.7528,16634,15306,2615,3.6116e+05,4.6057,2.5534e+06,2.2875e+06,0.89586,6.0768e+07,4.6152e+07
2023-02-06,0,2023,6,2,1,0,5,0,0,5,0,0,5,0,0,5,0.58571,-6.7,0,7,0,0,50.667,-0.51429,-8.1,0,7,0,0,46.5,94.992,6.7308,14.416,15.141,13.69,2.2855,1.9803,3.3536,3.4476,0.093947,0.18423,0.99615,0.92411,1.7528,16634,15306,2615,3.6116e+05,4.6057,2.5534e+06,2.2875e+06,0.89586,6.0768e+07,4.6152e+07
2023-02-13,0,2023,7,2,1,0,5,0,0,5,5,0,5,0,0,5,4.9429,-3,0,7,0,0,52.75,4.2143,-5,0,7,0,0,48.033,94.992,6.7308,14.416,15.141,13.69,1.9826,2.1104,3.3536,3.4476,0.093947,0.18423,0.99615,0.92411,1.7528,16634,15306,2615,3.6116e+05,4.6057,2.5534e+06,2.2875e+06,0.89586,6.0768e+07,4.6152e+07
2023-02-20,0,2023,8,2,1,0,5,5,0,5,0,0,5,5,0,5,7.0571,-0.3,0.1,1,0,0,43.717,6.5857,-2.2,0.9,3,0,0,41.383,94.992,6.7308,14.416,15.141,13.69,1.6264,1.9051,3.3536,3.4476,0.093947,0.18423,0.99615,0.92411,1.7528,16634,15306,2615,3.6116e+05,4.6057,2.5534e+06,2.2875e+06,0.89586,6.0768e+07,4.6152e+07
2023-02-27,0,2023,9,3,1,0,5,5,0,5,0,0,5,0,0,5,2.5286,-4,0,7,0,0,59.95,2.8143,-6,0,7,0,0,55.483,90.756,0.2054,14.416,15.141,13.69,1.4897,1.846,3.0338,3.1409,0.10709,0.36223,0.99045,0.92427,0.62481,16634,15306,2615,3.6116e+05,4.6057,2.5534e+06,2.2875e+06,0.89586,6.0768e+07,4.6152e+07
2023-03-06,0,2023,10,3,1,0,5,5,0,5,0,0,5,0,0,5,6.5429,-3.4,50.3,3,3,2,29.417,5.9143,-5.4,52.7,2,3,2,29.033,90.756,0.2054,14.416,15.141,13.69,0.80457,1.4758,3.0338,3.1409,0.10709,0.36223,0.99045,0.92427,0.62481,16634,15306,2615,3.6116e+05,4.6057,2.5534e+06,2.2875e+06,0.89586,6.0768e+07,4.6152e+07
2023-03-13,0,2023,11,3,1,0,5,0,0,5,0,0,5,0,0,5,9.0857,-0.6,33,1,1,1,48.383,8.7,-4.2,17.4,2,1,1,47.283,90.756,0.2054,14.416,15.141,13.69,0.44967,1.0926,3.0338,3.1409,0.10709,0.36223,0.99045,0.92427,0.62481,16634,15306,2615,3.6116e+05,4.6057,2.5534e+06,2.2875e+06,0.89586,6.0768e+07,4.6152e+07
2023-03-20,0,2023,12,3,1,0,5,0,0,5,0,0,5,0,0,5,10.3,2.3,24.5,0,1,1,29.883,9.6429,-0.5,24.9,1,2,1,31.433,90.756,0.2054,14.416,15.141,13.69,0.63453,0.84461,3.0338,3.1409,0.10709,0.36223,0.99045,0.92427,0.62481,16634,15306,2615,3.6116e+05,4.6057,2.5534e+06,2.2875e+06,0.89586,6.0768e+07,4.6152e+07
2023-03-27,0,2023,13,3,1,0,5,0,0,5,0,0,5,0,0,5,8.2714,-1.5,16.3,1,1,1,17.75,7.5571,-3.3,32.9,1,1,1,22.3,93.334,2.6492,14.416,15.141,13.69,1.1898,0.76963,3.2699,3.336,0.066077,0.18066,0.99051,0.92552,0.40242,16634,15306,2615,3.6116e+05,4.6057,2.5534e+06,2.2875e+06,0.89586,6.0768e+07,4.6152e+07
2023-04-03,0,2023,14,4,2,0,5,1,1,4,1,1,4,1,0,5,7.7143,-0.7,2.3,1,0,0,59.983,6.9571,-3.3,4.3,4,0,0,61.483,93.334,2.6492,14.416,15.141,13.69,1.6698,0.98594,3.2699,3.336,0.066077,0.18066,0.99051,0.92552,0.40242,16634,15306,2615,3.6116e+05,4.6057,2.5534e+06,2.2875e+06,0.89586,6.0768e+07,4.6152e+07
2023-04-10,0,2023,15,4,2,1,4,5,1,4,5,1,4,5,0,4,9.8286,2,4.9,0,0,0,27.25,9.1714,0.6,11,0,0,0,26.183,93.334,2.6492,14.416,15.141,13.69,1.4169,1.2277,3.2699,3.336,0.066077,0.18066,0.99051,0.92552,0.40242,16634,15306,2615,3.6116e+05,4.6057,2.5534e+06,2.2875e+06,0.89586,6.0768e+07,4.6152e+07
2023-04-17,0,2023,16,4,2,0,5,0,0,5,5,0,5,5,0,5,11,2.8,9.5,0,0,0,37.7,10.586,0.4,4.4,0,0,0,36.25,93.334,2.6492,14.416,15.141,13.69,1.5762,1.4631,3.2699,3.336,0.066077,0.18066,0.99051,0.92552,0.40242,16634,15306,2615,3.6116e+05,4.6057,2.5534e+06,2.2875e+06,0.89586,6.0768e+07,4.6152e+07
2023-04-24,0,2023,17,4,2,0,5,0,0,5,0,0,5,0,0,5,13.086,1.6,50.8,0,2,1,36.933,12.014,-1.7,47.9,1,2,1,40.583,92.376,-2.6158,14.416,15.141,13.69,1.6805,1.5858,3.2699,3.336,0.066077,0.18066,0.99051,0.92552,0.40242,16634,15306,2615,3.6116e+05,4.6057,2.5534e+06,2.2875e+06,0.89586,6.0768e+07,4.6152e+07
2023-05-01,0,2023,18,5,2,0,5,0,0,5,0,0,5,0,0,5,15.114,5.4,9.8,0,0,0,57.033,14.114,2.3,12.6,0,0,0,55.017,92.376,-2.6158,12.342,13.249,11.434,1.8407,1.6286,3.2552,3.3206,0.065409,-0.19391,0.98479,0.89768,-1.1404,16634,15306,2615,3.6116e+05,4.6057,2.5534e+06,2.2875e+06,0.89586,6.0768e+07,4.6152e+07
2023-05-08,0,2023,19,5,2,0,5,0,0,5,0,0,5,0,0,5,14.114,7.3,3.9,0,0,0,34.1,13.257,6.1,7.8,0,0,0,34.167,92.376,-2.6158,12.342,13.249,11.434,1.0355,1.5332,3.2552,3.3206,0.065409,-0.19391,0.98479,0.89768,-1.1404,16634,15306,2615,3.6116e+05,4.6057,2.5534e+06,2.2875e+06,0.89586,6.0768e+07,4.6152e+07
2023-05-15,0,2023,20,5,2,1,4,5,1,4,0,1,4,2,0,4,13.743,4.9,6.1,0,0,0,38.7,13.271,2,3,0,0,0,22.283,92.376,-2.6158,12.342,13.249,11.434,0.60159,1.2896,3.2552,3.3206,0.065409,-0.19391,0.98479,0.89768,-1.1404,16634,15306,2615,3.6116e+05,4.6057,2.5534e+06,2.2875e+06,0.89586,6.0768e+07,4.6152e+07
2023-05-22,0,2023,21,5,2,0,5,5,0,5,0,0,5,0,0,5,18.843,9.2,3.8,0,0,0,73.6,18.043,6.7,2.6,0,0,0,62.033,92.376,-2.6158,12.342,13.249,11.434,0.20934,0.92178,3.2552,3.3206,0.065409,-0.19391,0.98479,0.89768,-1.1404,16634,15306,2615,3.6116e+05,4.6057,2.5534e+06,2.2875e+06,0.89586,6.0768e+07,4.6152e+07
2023-05-29,0,2023,22,6,2,1,4,1,1,4,0,1,4,0,0,4,19.314,9.8,16.2,0,1,0,67.617,19.2,6.9,0.7,0,0,0,67.25,92.516,1.761,12.342,13.249,11.434,0.070183,0.47915,3.2692,3.3548,0.085596,-0.071469,0.97533,0.89699,-1.5266,16634,15306,2615,3.6116e+05,4.6057,2.5534e+06,2.2875e+06,0.89586,6.0768e+07,4.6152e+07
2023-06-05,0,2023,23,6,2,1,4,0,0,5,0,0,5,0,0,4,20.243,11.2,4,0,0,0,63.967,19.257,7.4,10.6,0,0,0,63.983,92.516,1.761,12.342,13.249,11.434,0.022633,0.22594,3.2692,3.3548,0.085596,-0.071469,0.97533,0.89699,-1.5266,16634,15306,2615,3.6116e+05,4.6057,2.5534e+06,2.2875e+06,0.89586,6.0768e+07,4.6152e+07
2023-06-12,0,2023,24,6,2,0,5,0,0,5,0,0,5,0,0,5,21.014,10.8,0,0,0,0,70.4,19.457,7,0.5,0,0,0,62.3,92.516,1.761,12.342,13.249,11.434,-0.51563,-0.053369,3.2692,3.3548,0.085596,-0.071469,0.97533,0.89699,-1.5266,16634,15306,2615,3.6116e+05,4.6057,2.5534e+06,2.2875e+06,0.89586,6.0768e+07,4.6152e+07
2023-06-19,0,2023,25,6,2,0,5,0,0,5,0,0,5,0,0,5,22.357,11.6,8.1,0,0,0,64,22.029,8.4,14,0,1,1,56.2,92.516,1.761,12.342,13.249,11.434,-0.51759,-0.2351,3.2692,3.3548,0.085596,-0.071469,0.97533,0.89699,-1.5266,16634,15306,2615,3.6116e+05,4.6057,2.5534e+06,2.2875e+06,0.89586,6.0768e+07,4.6152e+07
2023-06-26,0,2023,26,6,2,0,5,5,0,5,0,0,5,0,0,5,21.3,13.3,7.4,0,0,0,62.783,20.543,10.9,13.7,0,1,1,57.133,90.634,-2.7001,12.342,13.249,11.434,-0.13438,-0.28624,3.1349,3.2463,0.11144,0.15624,0.97602,0.90083,-1.4629,16634,15306,2615,3.6116e+05,4.6057,2.5534e+06,2.2875e+06,0.89586,6.0768e+07,4.6152e+07
2023-07-03,0,2023,27,7,3,0,5,5,0,5,5,0,5,5,0,5,22.171,12.3,0,0,0,0,72.817,21.857,11.2,0,0,0,0,74.533,90.634,-2.7001,12.342,13.249,11.434,-0.015698,-0.29582,3.1349,3.2463,0.11144,0.15624,0.97602,0.90083,-1.4629,16634,15306,2615,3.6116e+05,4.6057,2.5534e+06,2.2875e+06,0.89586,6.0768e+07,4.6152e+07
2023-07-10,0,2023,28,7,3,0,5,5,0,5,5,0,5,5,0,5,24.171,13,26.6,0,1,1,71.483,23.443,11.6,28.5,0,2,2,67.367,90.634,-2.7001,12.342,13.249,11.434,-0.22018,-0.22196,3.1349,3.2463,0.11144,0.15624,0.97602,0.90083,-1.4629,16634,15306,2615,3.6116e+05,4.6057,2.5534e+06,2.2875e+06,0.89586,6.0768e+07,4.6152e+07
2023-07-17,0,2023,29,7,3,0,5,5,0,5,5,0,5,5,0,5,23.114,12,8.5,0,0,0,74.933,22.143,10.9,8.2,0,0,0,76.633,90.634,-2.7001,12.342,13.249,11.434,-0.70395,-0.26855,3.1349,3.2463,0.11144,0.15624,0.97602,0.90083,-1.4629,16634,15306,2615,3.6116e+05,4.6057,2.5534e+06,2.2875e+06,0.89586,6.0768e+07,4.6152e+07
2023-07-24,0,2023,30,7,3,0,5,5,0,5,5,0,5,5,0,5,19.071,9.4,43.3,0,1,1,37.717,18.529,7.3,36,0,2,1,44.483,90.634,-2.7001,12.342,13.249,11.434,-0.5356,-0.36886,3.1349,3.2463,0.11144,0.15624,0.97602,0.90083,-1.4629,16634,15306,2615,3.6116e+05,4.6057,2.5534e+06,2.2875e+06,0.89586,6.0768e+07,4.6152e+07
2023-07-31,0,2023,31,8,3,1,4,5,1,4,5,1,4,5,0,4,20.043,11.5,6.3,0,0,0,53.2,19.186,9.3,3.2,0,0,0,55.083,89.862,-2.5142,9.782,11.128,8.4358,-0.49926,-0.48975,3.0713,3.1125,0.041283,-0.28237,0.9661,0.87398,-1.8979,16634,15306,2615,3.6116e+05,4.6057,2.5534e+06,2.2875e+06,0.89586,6.0768e+07,4.6152e+07
2023-08-07,0,2023,32,8,3,0,5,5,0,5,5,0,5,5,0,5,20.629,10.6,0,0,0,0,61.917,20.143,6.8,1.4,0,0,0,60.967,89.862,-2.5142,9.782,11.128,8.4358,-0.75928,-0.62452,3.0713,3.1125,0.041283,-0.28237,0.9661,0.87398,-1.8979,16634,15306,2615,3.6116e+05,4.6057,2.5534e+06,2.2875e+06,0.89586,6.0768e+07,4.6152e+07
2023-08-14,0,2023,33,8,3,1,4,3,0,5,5,0,5,5,0,4,24.357,15.2,10.8,0,1,1,71.133,22.6,12.8,9.8,0,0,0,66.4,89.862,-2.5142,9.782,11.128,8.4358,-0.75462,-0.63719,3.0713,3.1125,0.041283,-0.28237,0.9661,0.87398,-1.8979,16634,15306,2615,3.6116e+05,4.6057,2.5534e+06,2.2875e+06,0.89586,6.0768e+07,4.6152e+07
2023-08-21,0,2023,34,8,3,0,5,0,0,5,0,0,5,0,0,5,24.171,13.8,29,0,1,0,58.117,22.543,13.6,37.6,0,1,0,57.417,89.862,-2.5142,9.782,11.128,8.4358,-0.62067,-0.65846,3.0713,3.1125,0.041283,-0.28237,0.9661,0.87398,-1.8979,16634,15306,2615,3.6116e+05,4.6057,2.5534e+06,2.2875e+06,0.89586,6.0768e+07,4.6152e+07
2023-08-28,0,2023,35,8,3,0,5,0,0,5,0,0,5,0,0,5,17.243,10.1,12.3,0,1,1,41.967,15.757,8.4,29.5,0,1,1,39.45,90.357,-2.159,9.782,11.128,8.4358,-0.68329,-0.70447,3.0694,3.0911,0.021717,0.035571,0.95835,0.87859,-1.7409,16785,15504,2628,3.6298e+05,4.6243,2.7245e+06,2.4365e+06,0.89429,6.0652e+07,4.6739e+07
2023-09-04,0,2023,36,9,3,0,5,0,0,5,0,1,4,0,0,5,22.643,14.2,0,0,0,0,77.3,21.071,10.1,0,0,0,0,82.5,90.357,-2.159,9.782,11.128,8.4358,-0.22251,-0.57027,3.0694,3.0911,0.021717,0.035571,0.95835,0.87859,-1.7409,16785,15504,2628,3.6298e+05,4.6243,2.7245e+06,2.4365e+06,0.89429,6.0652e+07,4.6739e+07
2023-09-11,0,2023,37,9,3,0,5,0,0,5,0,0,5,0,0,5,20.186,14.2,10.6,0,0,0,42.533,19.429,11.9,16.8,0,0,0,37.617,90.357,-2.159,9.782,11.128,8.4358,-0.39468,-0.48029,3.0694,3.0911,0.021717,0.035571,0.95835,0.87859,-1.7409,16785,15504,2628,3.6298e+05,4.6243,2.7245e+06,2.4365e+06,0.89429,6.0652e+07,4.6739e+07
2023-09-18,0,2023,38,9,3,0,5,0,1,4,0,0,5,0,0,5,16.271,6.1,25.1,0,1,1,46.417,15.914,5,6.7,0,0,0,41,90.357,-2.159,9.782,11.128,8.4358,-0.24492,-0.38635,3.0694,3.0911,0.021717,0.035571,0.95835,0.87859,-1.7409,16785,15504,2628,3.6298e+05,4.6243,2.7245e+06,2.4365e+06,0.89429,6.0652e+07,4.6739e+07
2023-09-25,0,2023,39,9,3,0,5,0,0,5,0,0,5,0,0,5,15.986,5.9,0,0,0,0,67.283,14.629,2.3,0,0,0,0,65.25,93.557,2.9236,9.782,11.128,8.4358,0.40654,-0.11389,3.0118,3.0569,0.045183,-0.25817,0.95969,0.89823,-1.6731,16785,15504,2628,3.6298e+05,4.6243,2.7245e+06,2.4365e+06,0.89429,6.0652e+07,4.6739e+07
2023-10-02,0,2023,40,10,4,0,5,0,0,5,0,0,5,0,0,5,15.343,5.9,0.3,0,0,0,60.883,14.371,3.1,0.1,0,0,0,57.417,93.557,2.9236,9.782,11.128,8.4358,0.57653,0.085867,3.0118,3.0569,0.045183,-0.25817,0.95969,0.89823,-1.6731,16785,15504,2628,3.6298e+05,4.6243,2.7245e+06,2.4365e+06,0.89429,6.0652e+07,4.6739e+07
2023-10-09,0,2023,41,10,4,0,5,0,0,5,0,0,5,0,0,5,14.143,5.9,1.3,0,0,0,52.167,13.871,3.5,0.1,0,0,0,50.483,93.557,2.9236,9.782,11.128,8.4358,0.71236,0.36263,3.0118,3.0569,0.045183,-0.25817,0.95969,0.89823,-1.6731,16785,15504,2628,3.6298e+05,4.6243,2.7245e+06,2.4365e+06,0.89429,6.0652e+07,4.6739e+07
2023-10-16,0,2023,42,10,4,0,5,5,0,5,5,0,5,0,0,5,11.729,2.4,4.7,0,0,0,27.15,11.829,0.2,4.8,0,0,0,25.5,93.557,2.9236,9.782,11.128,8.4358,0.70002,0.59886,3.0118,3.0569,0.045183,-0.25817,0.95969,0.89823,-1.6731,16785,15504,2628,3.6298e+05,4.6243,2.7245e+06,2.4365e+06,0.89429,6.0652e+07,4.6739e+07
2023-10-23,0,2023,43,10,4,0,5,5,0,5,5,0,5,5,0,5,11.157,4,33,0,1,1,19.117,12.071,2.1,21.7,0,1,1,22.533,93.557,2.9236,9.782,11.128,8.4358,0.34799,0.58423,3.0118,3.0569,0.045183,-0.25817,0.95969,0.89823,-1.6731,16785,15504,2628,3.6298e+05,4.6243,2.7245e+06,2.4365e+06,0.89429,6.0652e+07,4.6739e+07
2023-10-30,0,2023,44,11,4,1,4,0,0,5,0,0,5,0,0,4,7.0286,0.9,74.2,0,2,1,7.2167,7.7429,0,40.4,0,2,2,7.6167,94.238,4.3755,8.1187,8.2409,7.9964,0.09852,0.46472,3.0161,3.0887,0.07265,-0.23907,0.95518,0.90385,-1.1303,16785,15504,2628,3.6298e+05,4.6243,2.7245e+06,2.4365e+06,0.89429,6.0652e+07,4.6739e+07
2023-11-06,0,2023,45,11,4,0,5,0,0,5,0,0,5,0,0,5,4.2429,-1.2,30.8,1,1,0,16.483,3.4857,-1.9,40,5,2,1,16.85,94.238,4.3755,8.1187,8.2409,7.9964,-0.12084,0.25642,3.0161,3.0887,0.07265,-0.23907,0.95518,0.90385,-1.1303,16785,15504,2628,3.6298e+05,4.6243,2.7245e+06,2.4365e+06,0.89429,6.0652e+07,4.6739e+07
2023-11-13,0,2023,46,11,4,0,5,0,0,5,0,0,5,0,0,5,7.5143,-1,40.4,1,2,2,7.3167,6.9286,-1,77.3,1,2,2,1.7,94.238,4.3755,8.1187,8.2409,7.9964,0.28003,0.15143,3.0161,3.0887,0.07265,-0.23907,0.95518,0.90385,-1.1303,16785,15504,2628,3.6298e+05,4.6243,2.7245e+06,2.4365e+06,0.89429,6.0652e+07,4.6739e+07
2023-11-20,0,2023,47,11,4,0,5,0,0,5,0,0,5,0,0,5,4.3571,-2.9,0.1,3,0,0,20.1,3.4714,-4.9,0.9,4,0,0,0,94.238,4.3755,8.1187,8.2409,7.9964,0.023151,0.070216,3.0161,3.0887,0.07265,-0.23907,0.95518,0.90385,-1.1303,16785,15504,2628,3.6298e+05,4.6243,2.7245e+06,2.4365e+06,0.89429,6.0652e+07,4.6739e+07
2023-11-27,0,2023,48,11,4,0,5,0,0,5,0,0,5,0,0,5,0.64286,-6.9,78.5,7,2,2,8.1,0.22857,-9.1,65.4,7,3,3,0,95.658,5.3006,8.1187,8.2409,7.9964,0.30522,0.12189,2.8881,2.9897,0.10158,-0.38107,0.96324,0.8918,0.51025,16785,15504,2628,3.6298e+05,4.6243,2.7245e+06,2.4365e+06,0.89429,6.0652e+07,4.6739e+07
2023-12-04,0,2023,49,12,4,1,4,0,0,5,0,0,5,0,0,4,0.7,-7.8,32.5,4,2,0,8.5,0.62857,-9.3,41.2,5,2,0,0,95.658,5.3006,8.1187,8.2409,7.9964,0.61454,0.30574,2.8881,2.9897,0.10158,-0.38107,0.96324,0.8918,0.51025,16785,15504,2628,3.6298e+05,4.6243,2.7245e+06,2.4365e+06,0.89429,6.0652e+07,4.6739e+07
2023-12-11,0,2023,50,12,4,0,5,0,0,5,0,0,5,0,0,5,3.8857,-3.1,52.4,3,3,3,14.317,2.7714,-4.7,63.8,2,2,2,0,95.658,5.3006,8.1187,8.2409,7.9964,0.31461,0.31438,2.8881,2.9897,0.10158,-0.38107,0.96324,0.8918,0.51025,16785,15504,2628,3.6298e+05,4.6243,2.7245e+06,2.4365e+06,0.89429,6.0652e+07,4.6739e+07
2023-12-18,0,2023,51,12,4,0,5,0,0,5,0,0,5,0,0,5,4.6143,-3.1,2.4,3,0,0,17.767,3.2857,-5.4,3.9,4,0,0,0,95.658,5.3006,8.1187,8.2409,7.9964,0.58238,0.45419,2.8881,2.9897,0.10158,-0.38107,0.96324,0.8918,0.51025,16785,15504,2628,3.6298e+05,4.6243,2.7245e+06,2.4365e+06,0.89429,6.0652e+07,4.6739e+07
2023-12-25,0,2023,52,12,4,2,3,5,1,4,5,1,4,5,0,3,2.6571,-3.7,1.8,6,0,0,14.45,2.3429,-3.9,3.7,5,0,0,0,98.952,5.3945,8.1187,8.2409,7.9964,0.69757,0.55227,2.6368,2.711,0.074213,-0.49802,0.96324,0.8918,0.51025,16785,15504,2628,3.6298e+05,4.6243,2.7245e+06,2.4365e+06,0.89429,6.0652e+07,4.6739e+07
2024-01-01,0,2024,1,1,1,2,3,5,2,3,5,1,4,5,0,3,4.1,-1.6,15,2,0,0,11.633,3.1857,-4,23.5,2,1,1,0,98.952,5.3945,8.1187,8.2409,7.9964,0.94567,0.63506,2.6368,2.711,0.074213,-0.49802,0.94415,0.86603,-1.6193,16785,15504,2628,3.6298e+05,4.6243,2.7245e+06,2.4365e+06,0.89429,6.0652e+07,4.6739e+07
2024-01-08,0,2024,2,1,1,0,5,0,0,5,0,0,5,0,0,5,-0.45714,-7.2,0.4,7,0,0,13.35,-1.4429,-9.8,2.8,7,0,1,0,98.952,5.3945,8.1187,8.2409,7.9964,1.1213,0.83674,2.6368,2.711,0.074213,-0.49802,0.94415,0.86603,-1.6193,16785,15504,2628,3.6298e+05,4.6243,2.7245e+06,2.4365e+06,0.89429,6.0652e+07,4.6739e+07
2024-01-15,0,2024,3,1,1,0,5,0,0,5,0,0,5,0,0,5,1.3,-6.8,30.1,5,1,1,11.6,0.65714,-8.1,24.5,5,1,1,0,98.952,5.3945,8.1187,8.2409,7.9964,0.88195,0.91163,2.6368,2.711,0.074213,-0.49802,0.94415,0.86603,-1.6193,16785,15504,2628,3.6298e+05,4.6243,2.7245e+06,2.4365e+06,0.89429,6.0652e+07,4.6739e+07
2024-01-22,0,2024,4,1,1,0,5,0,0,5,0,0,5,0,0,5,5.6,-4.7,6.9,3,0,0,20,5.6286,-6.1,9.7,3,0,0,6.5333,98.952,5.3945,8.1187,8.2409,7.9964,0.8551,0.95102,2.6368,2.711,0.074213,-0.49802,0.94415,0.86603,-1.6193,16785,15504,2628,3.6298e+05,4.6243,2.7245e+06,2.4365e+06,0.89429,6.0652e+07,4.6739e+07
2024-01-29,0,2024,5,2,1,0,5,0,0,5,0,0,5,0,0,5,3.3429,-2.2,0,7,0,0,24.117,2.8857,-3.4,0,7,0,0,16.05,94.576,0.33853,8.1187,8.2409,7.9964,0.48515,0.83589,2.462,2.55,0.088,-0.60925,0.93645,0.85893,-1.9609,16785,15504,2628,3.6298e+05,4.6243,2.7245e+06,2.4365e+06,0.89429,6.0652e+07,4.6739e+07
2024-02-05,0,2024,6,2,1,0,5,0,0,5,0,0,5,0,0,5,6.7714,-2.1,2.9,3,0,0,25.283,6.5,-5,8.3,3,0,0,18.65,94.576,0.33853,5.48,6.4304,4.5297,0.33385,0.63901,2.462,2.55,0.088,-0.60925,0.93645,0.85893,-1.9609,16785,15504,2628,3.6298e+05,4.6243,2.7245e+06,2.4365e+06,0.89429,6.0652e+07,4.6739e+07
2024-02-12,0,2024,7,2,1,0,5,5,0,5,5,0,5,0,0,5,7.4286,-0.2,0.1,2,0,0,31.717,6.9571,-2.5,0,4,0,0,34.3,94.576,0.33853,5.48,6.4304,4.5297,-0.05386,0.40506,2.462,2.55,0.088,-0.60925,0.93645,0.85893,-1.9609,16785,15504,2628,3.6298e+05,4.6243,2.7245e+06,2.4365e+06,0.89429,6.0652e+07,4.6739e+07
2024-02-19,0,2024,8,2,1,0,5,0,0,5,0,0,5,5,0,5,6.9714,-1.1,35.6,1,1,1,37.467,6.2857,-5.2,15.4,3,1,1,34.083,94.576,0.33853,5.48,6.4304,4.5297,0.34221,0.27684,2.462,2.55,0.088,-0.60925,0.93645,0.85893,-1.9609,16785,15504,2628,3.6298e+05,4.6243,2.7245e+06,2.4365e+06,0.89429,6.0652e+07,4.6739e+07
2024-02-26,0,2024,9,2,1,0,5,5,0,5,0,0,5,0,0,5,8.4429,0.7,4.5,0,0,0,23.283,7.9,2.4,16.5,0,1,1,11.183,99.332,3.6743,5.48,6.4304,4.5297,0.07628,0.17462,2.5619,2.6896,0.12768,-0.5075,0.946,0.87667,-1.7898,16785,15504,2628,3.6298e+05,4.6243,2.7245e+06,2.4365e+06,0.89429,6.0652e+07,4.6739e+07
2024-03-04,0,2024,10,3,1,0,5,5,0,5,0,0,5,0,0,5,7.0714,-2.1,4.9,3,0,0,25.15,6.2857,-2.9,31.9,1,1,0,21.483,99.332,3.6743,5.48,6.4304,4.5297,0.061704,0.10658,2.5619,2.6896,0.12768,-0.5075,0.946,0.87667,-1.7898,16785,15504,2628,3.6298e+05,4.6243,2.7245e+06,2.4365e+06,0.89429,6.0652e+07,4.6739e+07
2024-03-11,0,2024,11,3,1,0,5,0,0,5,0,0,5,0,0,5,9.5571,0.8,8.1,0,0,0,41.35,8.5143,-1.4,16.9,1,0,0,39.3,99.332,3.6743,5.48,6.4304,4.5297,0.28139,0.1904,2.5619,2.6896,0.12768,-0.5075,0.946,0.87667,-1.7898,16785,15504,2628,3.6298e+05,4.6243,2.7245e+06,2.4365e+06,0.89429,6.0652e+07,4.6739e+07
2024-03-18,0,2024,12,3,1,1,4,0,0,5,0,0,5,0,0,4,9.9286,1.5,11.1,0,0,0,38.767,9.0857,0.3,14.7,0,1,1,39.633,99.332,3.6743,5.48,6.4304,4.5297,0.30803,0.18185,2.5619,2.6896,0.12768,-0.5075,0.946,0.87667,-1.7898,16785,15504,2628,3.6298e+05,4.6243,2.7245e+06,2.4365e+06,0.89429,6.0652e+07,4.6739e+07
2024-03-25,0,2024,13,3,1,0,5,1,1,4,1,1,4,1,0,5,9.6286,-1.1,24.1,1,1,1,22.967,8.4714,-2.7,52.2,1,1,0,20.55,99.089,0.13779,5.48,6.4304,4.5297,-0.042778,0.15209,2.6045,2.7218,0.11735,-0.40725,0.946,0.87667,-1.7898,16785,15504,2628,3.6298e+05,4.6243,2.7245e+06,2.4365e+06,0.89429,6.0652e+07,4.6739e+07
2024-04-01,0,2024,14,4,2,1,4,5,1,4,5,1,4,5,0,4,12.9,4.8,1.1,0,0,0,39.533,12.5,3.1,1.4,0,0,0,41.1,99.089,0.13779,5.48,6.4304,4.5297,0.064891,0.15288,2.6045,2.7218,0.11735,-0.40725,0.96527,0.8879,2.2369,16785,15504,2628,3.6298e+05,4.6243,2.7245e+06,2.4365e+06,0.89429,6.0652e+07,4.6739e+07
2024-04-08,0,2024,15,4,2,0,5,0,0,5,5,0,5,5,0,5,13.843,3,3.9,0,0,0,52.983,13.571,2.8,11.4,0,1,1,49.633,99.089,0.13779,5.48,6.4304,4.5297,-0.54035,-0.052551,2.6045,2.7218,0.11735,-0.40725,0.96527,0.8879,2.2369,16785,15504,2628,3.6298e+05,4.6243,2.7245e+06,2.4365e+06,0.89429,6.0652e+07,4.6739e+07
2024-04-15,0,2024,16,4,2,0,5,0,0,5,0,0,5,0,0,5,8.1286,0.1,7.1,0,0,0,31.05,7.4571,-2.7,8.3,1,0,0,31.4,99.089,0.13779,5.48,6.4304,4.5297,-0.21689,-0.18378,2.6045,2.7218,0.11735,-0.40725,0.96527,0.8879,2.2369,16785,15504,2628,3.6298e+05,4.6243,2.7245e+06,2.4365e+06,0.89429,6.0652e+07,4.6739e+07
2024-04-22,0,2024,17,4,2,0,5,0,0,5,0,0,5,0,0,5,8.9714,1.1,0,0,0,0,46.7,8.1429,-0.7,0.1,3,0,0,33.933,99.089,0.13779,5.48,6.4304,4.5297,0.47399,-0.054588,2.6045,2.7218,0.11735,-0.40725,0.96527,0.8879,2.2369,16785,15504,2628,3.6298e+05,4.6243,2.7245e+06,2.4365e+06,0.89429,6.0652e+07,4.6739e+07
2024-04-29,0,2024,18,5,2,0,5,5,0,5,0,0,5,0,0,5,13.6,2.9,10.5,0,0,0,24.783,13.557,2.6,6.3,0,0,0,27.4,101.84,7.2619,5.48,6.4304,4.5297,1.8396,0.38909,2.5191,2.6365,0.11745,-0.497,0.97598,0.90975,4.2213,16785,15504,2628,3.6298e+05,4.6243,2.7245e+06,2.4365e+06,0.89429,6.0652e+07,4.6739e+07
2024-05-06,0,2024,19,5,2,1,4,5,1,4,0,1,4,2,0,4,14.614,6.7,30,0,1,1,54.9,13.9,4.6,32.2,0,1,1,47.65,101.84,7.2619,5.365,5.7954,4.9346,2.2445,1.0853,2.5191,2.6365,0.11745,-0.497,0.97598,0.90975,4.2213,16785,15504,2628,3.6298e+05,4.6243,2.7245e+06,2.4365e+06,0.89429,6.0652e+07,4.6739e+07
2024-05-13,0,2024,20,5,2,0,5,0,0,5,0,0,5,0,0,5,15.043,8.4,17.5,0,1,1,42.95,14.314,5.4,21.8,0,1,1,42.3,101.84,7.2619,5.365,5.7954,4.9346,2.0457,1.6509,2.5191,2.6365,0.11745,-0.497,0.97598,0.90975,4.2213,16785,15504,2628,3.6298e+05,4.6243,2.7245e+06,2.4365e+06,0.89429,6.0652e+07,4.6739e+07
2024-05-20,0,2024,21,5,2,1,4,0,1,4,0,1,4,0,0,4,15.786,8.4,5.9,0,0,0,43.633,14.657,6.6,26.5,0,1,1,45.417,101.84,7.2619,5.365,5.7954,4.9346,1.636,1.9414,2.5191,2.6365,0.11745,-0.497,0.97598,0.90975,4.2213,16785,15504,2628,3.6298e+05,4.6243,2.7245e+06,2.4365e+06,0.89429,6.0652e+07,4.6739e+07
2024-05-27,0,2024,22,5,2,1,4,0,0,5,0,0,5,0,0,4,15.171,7.4,13,0,0,0,31.383,14.557,8.1,21.6,0,0,0,31.6,104.71,5.3819,5.365,5.7954,4.9346,1.7231,1.9123,2.5665,2.6841,0.11766,-0.32162,0.9828,0.90912,3.8901,16785,15504,2628,3.6298e+05,4.6243,2.7245e+06,2.4365e+06,0.89429,6.0652e+07,4.6739e+07
2024-06-03,0,2024,23,6,2,0,5,0,0,5,0,0,5,0,0,5,19,11,10.6,0,0,0,51.983,18.343,9.2,13.2,0,0,0,48.167,104.71,5.3819,5.365,5.7954,4.9346,1.3629,1.6919,2.5665,2.6841,0.11766,-0.32162,0.9828,0.90912,3.8901,16785,15504,2628,3.6298e+05,4.6243,2.7245e+06,2.4365e+06,0.89429,6.0652e+07,4.6739e+07
2024-06-10,0,2024,24,6,2,0,5,0,0,5,0,0,5,0,0,5,16.829,9.5,19,0,1,1,46,15.957,7.1,5.8,0,0,0,41.433,104.71,5.3819,5.365,5.7954,4.9346,2.1283,1.7126,2.5665,2.6841,0.11766,-0.32162,0.9828,0.90912,3.8901,16785,15504,2628,3.6298e+05,4.6243,2.7245e+06,2.4365e+06,0.89429,6.0652e+07,4.6739e+07
2024-06-17,0,2024,25,6,2,0,5,0,0,5,0,0,5,0,0,5,19.786,11.7,15,0,0,0,41.217,19.286,11,23.9,0,1,1,37.25,104.71,5.3819,5.365,5.7954,4.9346,2.3279,1.8856,2.5665,2.6841,0.11766,-0.32162,0.9828,0.90912,3.8901,16785,15504,2628,3.6298e+05,4.6243,2.7245e+06,2.4365e+06,0.89429,6.0652e+07,4.6739e+07
2024-06-24,0,2024,26,6,2,0,5,5,0,5,0,0,5,0,0,5,21.529,11.6,1.1,0,0,0,48.417,20.9,10.4,2.6,0,0,0,49.9,104.57,5.4826,5.365,5.7954,4.9346,1.7086,1.882,2.5665,2.6841,0.11766,-0.32162,0.9828,0.90912,3.8901,16785,15504,2628,3.6298e+05,4.6243,2.7245e+06,2.4365e+06,0.89429,6.0652e+07,4.6739e+07
2024-07-01,0,2024,27,7,3,0,5,5,0,5,5,0,5,5,0,5,18.814,10.8,14.6,0,1,0,52.85,18.971,10.6,15.6,0,1,0,49.55,104.57,5.4826,5.365,5.7954,4.9346,1.8698,2.0087,2.6892,2.7647,0.075579,0.052321,0.9619,0.89391,-0.34913,16785,15504,2628,3.6298e+05,4.6243,2.7245e+06,2.4365e+06,0.89429,6.0652e+07,4.6739e+07
2024-07-08,0,2024,28,7,3,0,5,5,0,5,5,0,5,5,0,5,21.029,11,20.1,0,1,1,61,20.757,9.6,9,0,0,0,60.733,104.57,5.4826,5.365,5.7954,4.9346,1.8391,1.9364,2.6892,2.7647,0.075579,0.052321,0.9619,0.89391,-0.34913,16785,15504,2628,3.6298e+05,4.6243,2.7245e+06,2.4365e+06,0.89429,6.0652e+07,4.6739e+07
2024-07-15,0,2024,29,7,3,0,5,5,0,5,5,0,5,5,0,5,21.914,14.3,23,0,1,1,67.283,21.543,13,14.6,0,0,0,67.25,104.57,5.4826,5.365,5.7954,4.9346,1.6876,1.7763,2.6892,2.7647,0.075579,0.052321,0.9619,0.89391,-0.34913,16785,15504,2628,3.6298e+05,4.6243,2.7245e+06,2.4365e+06,0.89429,6.0652e+07,4.6739e+07
2024-07-22,0,2024,30,7,3,0,5,5,0,5,5,0,5,5,0,5,23.786,15.1,0.1,0,0,0,79.35,22.686,12.9,0.1,0,0,0,76.017,104.57,5.4826,5.365,5.7954,4.9346,1.3925,1.6972,2.6892,2.7647,0.075579,0.052321,0.9619,0.89391,-0.34913,16785,15504,2628,3.6298e+05,4.6243,2.7245e+06,2.4365e+06,0.89429,6.0652e+07,4.6739e+07
2024-07-29,0,2024,31,8,3,1,4,5,1,4,5,1,4,5,0,4,23.371,15.9,5.1,0,0,0,70.717,22.143,14.3,4,0,0,0,64.65,100.33,-1.5107,5.365,5.7954,4.9346,1.4698,1.5972,2.3676,2.4621,0.094518,-0.094385,0.96782,0.89244,-0.83608,16785,15504,2628,3.6298e+05,4.6243,2.7245e+06,2.4365e+06,0.89429,6.0652e+07,4.6739e+07
2024-08-05,0,2024,32,8,3,0,5,5,0,5,5,0,5,5,0,5,23.486,15.1,0.7,0,0,0,82.15,22.886,13.1,0.1,0,0,0,76.733,100.33,-1.5107,4.7991,4.8603,4.738,1.3589,1.4772,2.3676,2.4621,0.094518,-0.094385,0.96782,0.89244,-0.83608,16785,15504,2628,3.6298e+05,4.6243,2.7245e+06,2.4365e+06,0.89429,6.0652e+07,4.6739e+07
2024-08-12,0,2024,33,8,3,1,4,5,0,5,5,0,5,5,0,4,22.071,14.3,21.6,0,1,0,45.4,20.671,12.8,37,0,2,1,41.967,100.33,-1.5107,4.7991,4.8603,4.738,1.1285,1.3374,2.3676,2.4621,0.094518,-0.094385,0.96782,0.89244,-0.83608,16785,15504,2628,3.6298e+05,4.6243,2.7245e+06,2.4365e+06,0.89429,6.0652e+07,4.6739e+07
2024-08-19,0,2024,34,8,3,0,5,0,0,5,0,0,5,0,0,5,20.543,12.6,1.5,0,0,0,78.017,19.843,11,0.1,0,0,0,76.167,100.33,-1.5107,4.7991,4.8603,4.738,0.72346,1.1702,2.3676,2.4621,0.094518,-0.094385,0.96782,0.89244,-0.83608,16785,15504,2628,3.6298e+05,4.6243,2.7245e+06,2.4365e+06,0.89429,6.0652e+07,4.6739e+07
2024-08-26,0,2024,35,8,3,0,5,0,0,5,0,0,5,0,0,5,22.214,14.1,0,0,0,0,72.05,20.929,12.2,0,0,0,0,73.4,106.45,1.7323,4.7991,4.8603,4.738,0.3105,0.88034,2.2478,2.3436,0.095831,-0.31415,0.94494,0.85732,-3.8523,17436,16030,2723,3.6664e+05,4.7556,2.844e+06,2.3716e+06,0.8339,6.0875e+07,4.7433e+07
2024-09-02,0,2024,36,9,3,0,5,0,0,5,0,1,4,0,0,5,19.686,13,19.4,0,1,0,30.867,19.5,12.3,40.7,0,2,1,30.433,106.45,1.7323,4.7991,4.8603,4.738,0.62733,0.69744,2.2478,2.3436,0.095831,-0.31415,0.94494,0.85732,-3.8523,17436,16030,2723,3.6664e+05,4.7556,2.844e+06,2.3716e+06,0.8339,6.0875e+07,4.7433e+07
2024-09-09,0,2024,37,9,3,0,5,0,0,5,0,0,5,0,0,5,12.657,3,6.8,0,0,0,34.983,11.914,0.6,4.7,0,0,0,33.917,106.45,1.7323,4.7991,4.8603,4.738,1.144,0.70132,2.2478,2.3436,0.095831,-0.31415,0.94494,0.85732,-3.8523,17436,16030,2723,3.6664e+05,4.7556,2.844e+06,2.3716e+06,0.8339,6.0875e+07,4.7433e+07
2024-09-16,0,2024,38,9,3,0,5,0,1,4,0,0,5,0,0,5,13.929,4.9,0.5,0,0,0,50.533,14.529,3.9,0,0,0,0,40.45,106.45,1.7323,4.7991,4.8603,4.738,1.3315,0.85333,2.2478,2.3436,0.095831,-0.31415,0.94494,0.85732,-3.8523,17436,16030,2723,3.6664e+05,4.7556,2.844e+06,2.3716e+06,0.8339,6.0875e+07,4.7433e+07
2024-09-23,0,2024,39,9,3,0,5,0,0,5,0,0,5,0,0,5,12.657,4.8,42.9,0,2,2,20.95,12.4,2.6,24.4,0,1,1,28.633,106.45,1.7323,4.7991,4.8603,4.738,0.55197,0.9137,2.2478,2.3436,0.095831,-0.31415,0.94494,0.85732,-3.8523,17436,16030,2723,3.6664e+05,4.7556,2.844e+06,2.3716e+06,0.8339,6.0875e+07,4.7433e+07
2024-09-30,0,2024,40,10,4,0,5,0,0,5,0,0,5,0,0,5,11.471,3.7,23.9,0,1,1,27.65,10.843,2.2,29.3,0,1,1,25.3,104.61,0.040808,4.7991,4.8603,4.738,0.25409,0.82039,2.1439,2.2318,0.087877,-0.46058,0.94101,0.84719,-2.1717,17436,16030,2723,3.6664e+05,4.7556,2.844e+06,2.3716e+06,0.8339,6.0875e+07,4.7433e+07
2024-10-07,0,2024,41,10,4,0,5,0,0,5,0,0,5,0,0,5,12.571,4.6,38.9,0,1,1,20.367,12.7,1.7,27,0,1,1,23.85,104.61,0.040808,4.7991,4.8603,4.738,0.29746,0.60875,2.1439,2.2318,0.087877,-0.46058,0.94101,0.84719,-2.1717,17436,16030,2723,3.6664e+05,4.7556,2.844e+06,2.3716e+06,0.8339,6.0875e+07,4.7433e+07
2024-10-14,0,2024,42,10,4,0,5,5,0,5,5,0,5,0,0,5,12.914,6.6,12.5,0,0,0,22.417,13.871,5,15.4,0,1,1,12.333,104.61,0.040808,4.7991,4.8603,4.738,0.86218,0.49142,2.1439,2.2318,0.087877,-0.46058,0.94101,0.84719,-2.1717,17436,16030,2723,3.6664e+05,4.7556,2.844e+06,2.3716e+06,0.8339,6.0875e+07,4.7433e+07
2024-10-21,0,2024,43,10,4,0,5,5,0,5,5,0,5,5,0,5,13.429,7.1,1.8,0,0,0,38.383,14.086,5.1,3.2,0,0,0,32.583,104.61,0.040808,4.7991,4.8603,4.738,1.275,0.67218,2.1439,2.2318,0.087877,-0.46058,0.94101,0.84719,-2.1717,17436,16030,2723,3.6664e+05,4.7556,2.844e+06,2.3716e+06,0.8339,6.0875e+07,4.7433e+07
2024-10-28,0,2024,44,10,4,1,4,0,0,5,0,0,5,0,0,4,9.3429,2,0,0,0,0,50.983,7.6143,0,0,0,0,0,47.35,98.398,-1.9291,4.7991,4.8603,4.738,2.1024,1.1343,2.0361,2.1373,0.10119,-0.48301,0.93867,0.86059,-3.0119,17436,16030,2723,3.6664e+05,4.7556,2.844e+06,2.3716e+06,0.8339,6.0875e+07,4.7433e+07
2024-11-04,0,2024,45,11,4,0,5,0,0,5,0,0,5,0,0,5,6.8,0,0,0,0,0,43.867,4.7143,-3.4,0,7,0,0,35.267,98.398,-1.9291,3.1283,3.149,3.1076,2.3652,1.6512,2.0361,2.1373,0.10119,-0.48301,0.93867,0.86059,-3.0119,17436,16030,2723,3.6664e+05,4.7556,2.844e+06,2.3716e+06,0.8339,6.0875e+07,4.7433e+07
2024-11-11,0,2024,46,11,4,0,5,0,0,5,0,0,5,0,0,5,4.0714,-4,2.7,6,0,0,32.2,1.9143,-6.3,9.4,7,0,0,13.633,98.398,-1.9291,3.1283,3.149,3.1076,2.6139,2.0891,2.0361,2.1373,0.10119,-0.48301,0.93867,0.86059,-3.0119,17436,16030,2723,3.6664e+05,4.7556,2.844e+06,2.3716e+06,0.8339,6.0875e+07,4.7433e+07
2024-11-18,0,2024,47,11,4,0,5,0,0,5,0,0,5,0,0,5,2.4857,-7.6,59.9,4,2,2,8.2333,2.5286,-9.5,57,4,2,2,0.18333,98.398,-1.9291,3.1283,3.149,3.1076,2.0018,2.2708,2.0361,2.1373,0.10119,-0.48301,0.93867,0.86059,-3.0119,17436,16030,2723,3.6664e+05,4.7556,2.844e+06,2.3716e+06,0.8339,6.0875e+07,4.7433e+07
2024-11-25,0,2024,48,11,4,0,5,0,0,5,0,0,5,0,0,5,2.9,-5.4,9.1,6,0,0,20.967,2.2857,-6.7,9.4,6,0,0,0,97.599,-8.8477,3.1283,3.149,3.1076,1.695,2.169,1.9649,2.0568,0.091877,-0.60154,0.9354,0.88034,-1.0096,17436,16030,2723,3.6664e+05,4.7556,2.844e+06,2.3716e+06,0.8339,6.0875e+07,4.7433e+07
2024-12-02,0,2024,49,12,4,0,5,0,0,5,0,0,5,0,0,5,3.3571,-3.6,15.8,5,0,0,10.167,2.5286,-3.4,22.4,6,1,1,0,97.599,-8.8477,3.1283,3.149,3.1076,1.5717,1.9706,1.9649,2.0568,0.091877,-0.60154,0.9354,0.88034,-1.0096,17436,16030,2723,3.6664e+05,4.7556,2.844e+06,2.3716e+06,0.8339,6.0875e+07,4.7433e+07
2024-12-09,0,2024,50,12,4,0,5,0,0,5,0,0,5,0,0,5,0.52857,-6.7,0.4,6,0,0,16.033,-0.9,-9,0.3,7,0,1,0,97.599,-8.8477,3.1283,3.149,3.1076,1.6497,1.7296,1.9649,2.0568,0.091877,-0.60154,0.9354,0.88034,-1.0096,17436,16030,2723,3.6664e+05,4.7556,2.844e+06,2.3716e+06,0.8339,6.0875e+07,4.7433e+07
2024-12-16,0,2024,51,12,4,0,5,0,0,5,0,0,5,0,0,5,1.9857,-3.8,32.6,6,2,1,14.1,1.2286,-4.5,42,6,3,1,0,97.599,-8.8477,3.1283,3.149,3.1076,2.0779,1.7486,1.9649,2.0568,0.091877,-0.60154,0.9354,0.88034,-1.0096,17436,16030,2723,3.6664e+05,4.7556,2.844e+06,2.3716e+06,0.8339,6.0875e+07,4.7433e+07
2024-12-23,0,2024,52,12,4,2,3,5,1,4,5,1,4,5,0,3,-0.8,-5.5,2.8,6,0,0,23.417,-5.3571,-12.4,9.4,7,0,3,0,97.599,-8.8477,3.1283,3.149,3.1076,1.9454,1.8112,1.9649,2.0568,0.091877,-0.60154,0.9354,0.88034,-1.0096,17436,16030,2723,3.6664e+05,4.7556,2.844e+06,2.3716e+06,0.8339,6.0875e+07,4.7433e+07
2024-12-30,0,2025,1,1,1,2,3,5,2,3,5,2,3,5,0,3,0.21429,-5.9,9.2,6,0,0,21.7,-3,-12.9,17.9,6,0,3,0,98.543,-6.07,3.1283,3.149,3.1076,2.0992,1.9431,1.8207,1.9263,0.10557,-0.86846,0.93383,0.89113,-0.76301,17436,16030,2723,3.6664e+05,4.7556,2.844e+06,2.3716e+06,0.8339,6.0875e+07,4.7433e+07
2025-01-06,0,2025,2,1,1,0,5,0,0,5,0,0,5,0,0,5,3.6714,-1.6,19.3,1,0,0,11.217,3.0143,-8.3,32.9,1,1,1,0,98.543,-6.07,3.1283,3.149,3.1076,2.0741,2.0492,1.8207,1.9263,0.10557,-0.86846,0.93383,0.89113,-0.76301,17436,16030,2723,3.6664e+05,4.7556,2.844e+06,2.3716e+06,0.8339,6.0875e+07,4.7433e+07
2025-01-13,0,2025,3,1,1,0,5,0,0,5,0,0,5,0,0,5,-2.2429,-7.3,0,7,0,0,31.65,-4.8571,-13.6,0,7,0,5,0,98.543,-6.07,3.1283,3.149,3.1076,1.0871,1.8015,1.8207,1.9263,0.10557,-0.86846,0.93383,0.89113,-0.76301,17436,16030,2723,3.6664e+05,4.7556,2.844e+06,2.3716e+06,0.8339,6.0875e+07,4.7433e+07
2025-01-20,0,2025,4,1,1,0,5,0,0,5,0,0,5,0,0,5,3.5286,-4.3,10.8,3,0,0,16.117,4.2429,-3.2,7.1,4,0,0,3.5667,98.543,-6.07,3.1283,3.149,3.1076,1.12,1.5951,1.8207,1.9263,0.10557,-0.86846,0.93383,0.89113,-0.76301,17436,16030,2723,3.6664e+05,4.7556,2.844e+06,2.3716e+06,0.8339,6.0875e+07,4.7433e+07
2025-01-27,0,2025,5,1,1,0,5,0,0,5,0,0,5,0,0,5,4.2857,-3.3,37.8,2,1,1,21.617,3.8,-5.5,19,3,1,1,12.033,100.59,2.1891,3.1283,3.149,3.1076,1.4441,1.4313,1.8317,1.967,0.13531,-0.53592,0.94162,0.90933,0.31427,17436,16030,2723,3.6664e+05,4.7556,2.844e+06,2.3716e+06,0.8339,6.0875e+07,4.7433e+07
2025-02-03,0,2025,6,2,1,0,5,0,0,5,0,0,5,0,0,5,1.8857,-4.5,0,7,0,0,38.633,1.9429,-6.5,0,6,0,0,35.817,100.59,2.1891,2.8271,3.6386,2.0157,2.0907,1.4355,1.8317,1.967,0.13531,-0.53592,0.94162,0.90933,0.31427,17436,16030,2723,3.6664e+05,4.7556,2.844e+06,2.3716e+06,0.8339,6.0875e+07,4.7433e+07
2025-02-10,0,2025,7,2,1,0,5,0,0,5,0,0,5,0,0,5,4.7286,-4.4,6,4,0,0,20.65,4.1714,-6.8,5.9,3,0,0,24,100.59,2.1891,2.8271,3.6386,2.0157,2.0088,1.6659,1.8317,1.967,0.13531,-0.53592,0.94162,0.90933,0.31427,17436,16030,2723,3.6664e+05,4.7556,2.844e+06,2.3716e+06,0.8339,6.0875e+07,4.7433e+07
2025-02-17,0,2025,8,2,1,0,5,0,0,5,5,0,5,0,0,5,5.1571,-3.6,0,4,0,0,37.433,5.2429,-5.5,0,5,0,0,37.3,100.59,2.1891,2.8271,3.6386,2.0157,1.9049,1.8621,1.8317,1.967,0.13531,-0.53592,0.94162,0.90933,0.31427,17436,16030,2723,3.6664e+05,4.7556,2.844e+06,2.3716e+06,0.8339,6.0875e+07,4.7433e+07
2025-02-24,0,2025,9,2,1,0,5,5,0,5,0,0,5,5,0,5,5.0429,-3.8,1.4,5,0,0,36.283,4.9429,-5.8,0.1,5,0,0,34.05,99.966,2.3672,2.8271,3.6386,2.0157,1.9533,1.9894,1.8317,1.967,0.13531,-0.53592,0.94114,0.90396,0.61364,17436,16030,2723,3.6664e+05,4.7556,2.844e+06,2.3716e+06,0.8339,6.0875e+07,4.7433e+07
2025-03-03,0,2025,10,3,1,0,5,5,0,5,0,0,5,0,0,5,8.1286,-2.9,0.9,3,0,0,61.267,8.5,-5.7,1.6,3,0,0,60.167,99.966,2.3672,2.8271,3.6386,2.0157,3.3732,2.31,1.9528,2.0852,0.13237,-0.29492,0.94114,0.90396,0.61364,17436,16030,2723,3.6664e+05,4.7556,2.844e+06,2.3716e+06,0.8339,6.0875e+07,4.7433e+07
2025-03-10,0,2025,11,3,1,0,5,0,0,5,0,0,5,0,0,5,8.1143,1.5,2.7,0,0,0,26.983,7.7286,0.1,10.1,0,0,0,17.15,99.966,2.3672,2.8271,3.6386,2.0157,4.6857,2.9793,1.9528,2.0852,0.13237,-0.29492,0.94114,0.90396,0.61364,17436,16030,2723,3.6664e+05,4.7556,2.844e+06,2.3716e+06,0.8339,6.0875e+07,4.7433e+07
2025-03-17,0,2025,12,3,1,1,4,0,0,5,0,0,5,0,0,4,10.171,-0.7,0,2,0,0,55.817,9.5571,-2.2,0.2,3,0,0,53.083,99.966,2.3672,2.8271,3.6386,2.0157,6.2078,4.055,1.9528,2.0852,0.13237,-0.29492,0.94114,0.90396,0.61364,17436,16030,2723,3.6664e+05,4.7556,2.844e+06,2.3716e+06,0.8339,6.0875e+07,4.7433e+07
2025-03-24,0,2025,13,3,1,0,5,0,0,5,0,0,5,0,0,5,10.671,2.6,0,0,0,0,54.617,9.7714,-0.5,0,1,0,0,48.15,99.966,2.3672,2.8271,3.6386,2.0157,6.1275,5.0986,1.9528,2.0852,0.13237,-0.29492,0.94114,0.90396,0.61364,17436,16030,2723,3.6664e+05,4.7556,2.844e+06,2.3716e+06,0.8339,6.0875e+07,4.7433e+07
2025-03-31,0,2025,14,4,2,0,5,2,0,5,0,0,5,0,0,5,11.843,0.8,0,0,0,0,73.333,12.1,-2.3,0,1,0,0,74.433,100.83,2.2828,2.8271,3.6386,2.0157,5.9594,5.7451,2.0009,2.147,0.14608,-0.143,0.95488,0.88351,2.2542,17436,16030,2723,3.6664e+05,4.7556,2.844e+06,2.3716e+06,0.8339,6.0875e+07,4.7433e+07
2025-04-07,0,2025,15,4,2,0,5,5,0,5,0,0,5,0,0,5,12.557,2.2,0.2,0,0,0,61.717,12.4,-0.5,0,1,0,0,66.483,100.83,2.2828,2.8271,3.6386,2.0157,6.2891,6.146,2.0009,2.147,0.14608,-0.143,0.95488,0.88351,2.2542,17436,16030,2723,3.6664e+05,4.7556,2.844e+06,2.3716e+06,0.8339,6.0875e+07,4.7433e+07
2025-04-14,0,2025,16,4,2,0,5,5,1,4,5,1,4,1,0,5,10.829,0.2,82.7,0,1,1,39.683,9.4714,-0.1,162.7,1,2,2,38.833,100.83,2.2828,2.8271,3.6386,2.0157,7.309,6.4212,2.0009,2.147,0.14608,-0.143,0.95488,0.88351,2.2542,17436,16030,2723,3.6664e+05,4.7556,2.844e+06,2.3716e+06,0.8339,6.0875e+07,4.7433e+07
2025-04-21,0,2025,17,4,2,1,4,5,1,4,5,1,4,5,0,4,12.7,4.5,0.5,0,0,0,53.05,12.143,1.2,4.9,0,0,0,60.783,100.83,2.2828,2.8271,3.6386,2.0157,6.107,6.4161,2.0009,2.147,0.14608,-0.143,0.95488,0.88351,2.2542,17436,16030,2723,3.6664e+05,4.7556,2.844e+06,2.3716e+06,0.8339,6.0875e+07,4.7433e+07
2025-04-28,0,2025,18,5,2,0,5,0,0,5,0,0,5,5,0,5,17,6.8,22.4,0,1,0,64.7,16.386,4.5,22.3,0,1,0,64.2,96.309,-4.2788,2.8271,3.6386,2.0157,2.9048,5.6524,2.1565,2.3263,0.16977,0.12046,0.93799,0.83684,-0.38551,17436,16030,2723,3.6664e+05,4.7556,2.844e+06,2.3716e+06,0.8339,6.0875e+07,4.7433e+07
2025-05-05,0,2025,19,5,2,0,5,0,0,5,0,0,5,0,0,5,12.843,6.4,3.3,0,0,0,32.933,12.357,3.6,9.6,0,0,0,40.517,96.309,-4.2788,1.3979,1.8238,0.97188,0.60109,4.2305,2.1565,2.3263,0.16977,0.12046,0.93799,0.83684,-0.38551,17436,16030,2723,3.6664e+05,4.7556,2.844e+06,2.3716e+06,0.8339,6.0875e+07,4.7433e+07
2025-05-12,0,2025,20,5,2,0,5,0,0,5,0,0,5,0,0,5,15.429,5,0.6,0,0,0,66.083,14.214,2.7,0.9,0,0,0,65.5,96.309,-4.2788,1.3979,1.8238,0.97188,0.028979,2.4105,2.1565,2.3263,0.16977,0.12046,0.93799,0.83684,-0.38551,17436,16030,2723,3.6664e+05,4.7556,2.844e+06,2.3716e+06,0.8339,6.0875e+07,4.7433e+07
2025-05-19,0,2025,21,5,2,0,5,0,0,5,0,0,5,0,0,5,15.186,5.3,7.4,0,0,0,33.75,14.729,4.6,3.7,0,0,0,37.533,96.309,-4.2788,1.3979,1.8238,0.97188,0.55351,1.0221,2.1565,2.3263,0.16977,0.12046,0.93799,0.83684,-0.38551,17436,16030,2723,3.6664e+05,4.7556,2.844e+06,2.3716e+06,0.8339,6.0875e+07,4.7433e+07
2025-05-26,0,2025,22,5,2,1,4,0,1,4,0,1,4,2,0,4,18.6,9.4,15.8,0,1,1,69.683,18.529,8.5,9.2,0,0,0,68.85,97.799,-2.1677,1.3979,1.8238,0.97188,1.3108,0.62359,1.9715,2.1433,0.17177,0.0066154,0.93578,0.82921,-0.56952,17436,16030,2723,3.6664e+05,4.7556,2.844e+06,2.3716e+06,0.8339,6.0875e+07,4.7433e+07
2025-06-02,0,2025,23,6,2,0,5,0,0,5,0,0,5,0,0,5,18.7,10.8,23,0,1,1,27.4,18.729,12.2,6.8,0,0,0,28.917,97.799,-2.1677,1.3979,1.8238,0.97188,1.2439,0.78429,1.9715,2.1433,0.17177,0.0066154,0.93578,0.82921,-0.56952,17436,16030,2723,3.6664e+05,4.7556,2.844e+06,2.3716e+06,0.8339,6.0875e+07,4.7433e+07
2025-06-09,0,2025,24,6,2,1,4,0,1,4,0,1,4,0,0,4,21.6,8.7,7.2,0,0,0,79.8,21.771,7.4,0,0,0,0,76.933,97.799,-2.1677,1.3979,1.8238,0.97188,0.76248,0.96767,1.9715,2.1433,0.17177,0.0066154,0.93578,0.82921,-0.56952,17436,16030,2723,3.6664e+05,4.7556,2.844e+06,2.3716e+06,0.8339,6.0875e+07,4.7433e+07
2025-06-16,0,2025,25,6,2,1,4,2,0,5,0,0,5,0,0,4,22.743,13,3.7,0,0,0,86.367,22.314,10.9,1.2,0,0,0,77.633,97.799,-2.1677,1.3979,1.8238,0.97188,-0.028996,0.82204,1.9715,2.1433,0.17177,0.0066154,0.93578,0.82921,-0.56952,17436,16030,2723,3.6664e+05,4.7556,2.844e+06,2.3716e+06,0.8339,6.0875e+07,4.7433e+07
2025-06-23,0,2025,26,6,2,0,5,5,0,5,0,0,5,0,0,5,24.514,14.7,8.9,0,0,0,75.367,24.014,13.9,5,0,0,0,72.783,97.799,-2.1677,1.3979,1.8238,0.97188,0.089427,0.5167,1.9715,2.1433,0.17177,0.0066154,0.93578,0.82921,-0.56952,17436,16030,2723,3.6664e+05,4.7556,2.844e+06,2.3716e+06,0.8339,6.0875e+07,4.7433e+07
2025-06-30,0,2025,27,7,3,0,5,5,0,5,5,0,5,5,0,5,23.571,14.7,11.4,0,0,0,61.983,22.786,13.8,28.3,0,1,1,60.7,94.164,-6.6618,1.3979,1.8238,0.97188,0.18782,0.25268,1.9267,2.1147,0.18806,0.106,0.93766,0.81376,-1.8034,17436,16030,2723,3.6664e+05,4.7556,2.844e+06,2.3716e+06,0.8339,6.0875e+07,4.7433e+07
2025-07-07,0,2025,28,7,3,0,5,5,0,5,5,0,5,5,0,5,19.229,7.5,12.9,0,0,0,77.433,18.771,6.8,4.9,0,0,0,74.7,94.164,-6.6618,1.3979,1.8238,0.97188,0.38909,0.15934,1.9267,2.1147,0.18806,0.106,0.93766,0.81376,-1.8034,17436,16030,2723,3.6664e+05,4.7556,2.844e+06,2.3716e+06,0.8339,6.0875e+07,4.7433e+07
2025-07-14,0,2025,29,7,3,0,5,5,0,5,5,0,5,5,0,5,22.371,13.1,21.7,0,1,0,57.35,21.4,11.5,12.9,0,0,0,52.983,94.164,-6.6618,1.3979,1.8238,0.97188,0.86885,0.3838,1.9267,2.1147,0.18806,0.106,0.93766,0.81376,-1.8034,17436,16030,2723,3.6664e+05,4.7556,2.844e+06,2.3716e+06,0.8339,6.0875e+07,4.7433e+07
2025-07-21,0,2025,30,7,3,0,5,5,0,5,5,0,5,5,0,5,19.557,12.7,15.8,0,1,0,44.533,18.6,10.2,14.3,0,0,0,45.15,94.164,-6.6618,1.3979,1.8238,0.97188,0.72737,0.54328,1.9267,2.1147,0.18806,0.106,0.93766,0.81376,-1.8034,17436,16030,2723,3.6664e+05,4.7556,2.844e+06,2.3716e+06,0.8339,6.0875e+07,4.7433e+07
2025-07-28,0,2025,31,7,3,1,4,5,1,4,5,1,4,5,0,4,18.4,10,5,0,0,0,52.35,17.814,9.8,2,0,0,0,49.55,97.984,1.6758,1.3979,1.8238,0.97188,0.65419,0.65988,2.0675,2.2557,0.18823,0.23577,0.93245,0.79786,-0.59062,17436,16030,2723,3.6664e+05,4.7556,2.844e+06,2.3716e+06,0.8339,6.0875e+07,4.7433e+07
2025-08-04,0,2025,32,8,3,0,5,5,0,5,5,0,5,5,0,5,22.729,11.2,0,0,0,0,76.7,22.2,9,0,0,0,0,71.717,97.984,1.6758,0.48708,0.67075,0.30342,0.60127,0.71292,2.0675,2.2557,0.18823,0.23577,0.93245,0.79786,-0.59062,17436,16030,2723,3.6664e+05,4.7556,2.844e+06,2.3716e+06,0.8339,6.0875e+07,4.7433e+07
2025-08-11,0,2025,33,8,3,1,4,5,0,5,5,0,5,5,0,4,24.986,14.9,10,0,0,0,77.717,23.643,11.6,5.1,0,0,0,73.15,97.984,1.6758,0.48708,0.67075,0.30342,0.59286,0.64392,2.0675,2.2557,0.18823,0.23577,0.93245,0.79786,-0.59062,17436,16030,2723,3.6664e+05,4.7556,2.844e+06,2.3716e+06,0.8339,6.0875e+07,4.7433e+07
2025-08-18,0,2025,34,8,3,0,5,3,0,5,0,0,5,0,0,5,19.671,10.6,10.7,0,0,0,58.55,19.157,10.3,7.4,0,0,0,52.15,97.984,1.6758,0.48708,0.67075,0.30342,1.0013,0.71241,2.0675,2.2557,0.18823,0.23577,0.93245,0.79786,-0.59062,17436,16030,2723,3.6664e+05,4.7556,2.844e+06,2.3716e+06,0.8339,6.0875e+07,4.7433e+07
2025-08-25,0,2025,35,8,3,0,5,0,0,5,0,0,5,0,0,5,18.629,9.7,24.1,0,1,1,52.65,18.271,7.5,16.8,0,1,1,54.417,91.717,-6.0812,0.48708,0.67075,0.30342,1.757,0.98811,2.1012,2.2887,0.18753,0.14831,0.93245,0.79786,-0.59062,17722,16360,2776,3.6823e+05,4.8128,2.8194e+06,2.2704e+06,0.80526,6.1745e+07,4.7486e+07
2025-09-01,0,2025,36,9,3,0,5,0,0,5,0,0,5,0,0,5,16.786,7.9,8.4,0,0,0,51.15,16.343,5.3,10.1,0,0,0,55.983,91.717,-6.0812,0.48708,0.67075,0.30342,1.1325,1.1209,2.1012,2.2887,0.18753,0.14831,0.93875,0.80649,0.31738,17722,16360,2776,3.6823e+05,4.8128,2.8194e+06,2.2704e+06,0.80526,6.1745e+07,4.7486e+07
2025-09-08,0,2025,37,9,3,0,5,0,0,5,0,1,4,0,0,5,16.457,9,18.7,0,1,1,35.283,15.514,6,9.7,0,0,0,36.1,91.717,-6.0812,0.48708,0.67075,0.30342,0.77278,1.1659,2.1012,2.2887,0.18753,0.14831,0.93875,0.80649,0.31738,17722,16360,2776,3.6823e+05,4.8128,2.8194e+06,2.2704e+06,0.80526,6.1745e+07,4.7486e+07
2025-09-15,0,2025,38,9,3,0,5,0,0,5,0,0,5,0,0,5,17.986,9.6,9,0,0,0,60.583,18.171,6.3,26.3,0,1,0,64.783,91.717,-6.0812,0.48708,0.67075,0.30342,1.1636,1.2065,2.1012,2.2887,0.18753,0.14831,0.93875,0.80649,0.31738,17722,16360,2776,3.6823e+05,4.8128,2.8194e+06,2.2704e+06,0.80526,6.1745e+07,4.7486e+07
2025-09-22,0,2025,39,9,3,0,5,0,1,4,0,0,5,0,0,5,12.329,4.4,5.7,0,0,0,31.217,11.986,2.4,7.8,0,0,0,33.833,91.717,-6.0812,0.48708,0.67075,0.30342,1.969,1.2595,2.1012,2.2887,0.18753,0.14831,0.93875,0.80649,0.31738,17722,16360,2776,3.6823e+05,4.8128,2.8194e+06,2.2704e+06,0.80526,6.1745e+07,4.7486e+07
2025-09-29,0,2025,40,10,4,0,5,0,0,5,0,0,5,0,0,5,11.514,3.5,2.8,0,0,0,42.733,10.886,0.2,4.4,0,0,0,43.767,95.294,1.1304,0.48708,0.67075,0.30342,2.1504,1.5139,2.0484,2.2416,0.1932,0.047505,0.93483,0.79661,-0.30182,17722,16360,2776,3.6823e+05,4.8128,2.8194e+06,2.2704e+06,0.80526,6.1745e+07,4.7486e+07
2025-10-06,0,2025,41,10,4,0,5,0,0,5,0,0,5,0,0,5,12.386,4.2,0,0,0,0,62.233,11.471,2.2,0,0,0,0,59.717,95.294,1.1304,0.48708,0.67075,0.30342,1.8713,1.7886,2.0484,2.2416,0.1932,0.047505,0.93483,0.79661,-0.30182,17722,16360,2776,3.6823e+05,4.8128,2.8194e+06,2.2704e+06,0.80526,6.1745e+07,4.7486e+07
2025-10-13,0,2025,42,10,4,0,5,5,0,5,5,0,5,0,0,5,11,3,0,0,0,0,50.233,9.6571,0.5,0,0,0,0,51.767,95.294,1.1304,0.48708,0.67075,0.30342,1.0519,1.7606,2.0484,2.2416,0.1932,0.047505,0.93483,0.79661,-0.30182,17722,16360,2776,3.6823e+05,4.8128,2.8194e+06,2.2704e+06,0.80526,6.1745e+07,4.7486e+07
2025-10-20,0,2025,43,10,4,0,5,5,0,5,5,0,5,5,0,5,9.8429,5.6,64.5,0,4,3,9.4833,9.3143,4,48.8,0,2,1,13.167,95.294,1.1304,0.48708,0.67075,0.30342,1.7655,1.7098,2.0484,2.2416,0.1932,0.047505,0.93483,0.79661,-0.30182,17722,16360,2776,3.6823e+05,4.8128,2.8194e+06,2.2704e+06,0.80526,6.1745e+07,4.7486e+07
2025-10-27,0,2025,44,10,4,0,5,0,0,5,0,0,5,0,0,5,9.5571,2.2,37.6,0,2,2,23.567,9.6286,0.8,24.2,0,1,1,24.733,102.64,4.6511,0.48708,0.67075,0.30342,1.4404,1.5323,1.9816,2.1754,0.19373,-0.1749,0.92857,0.79772,-0.41611,17722,16360,2776,3.6823e+05,4.8128,2.8194e+06,2.2704e+06,0.80526,6.1745e+07,4.7486e+07
2025-11-03,0,2025,45,11,4,0,5,0,0,5,0,0,5,0,0,5,5.9714,-1,0,4,0,0,44.417,5.7286,-1.6,0,6,0,0,35.367,102.64,4.6511,1.6899,1.7488,1.631,1.038,1.324,1.9816,2.1754,0.19373,-0.1749,0.92857,0.79772,-0.41611,17722,16360,2776,3.6823e+05,4.8128,2.8194e+06,2.2704e+06,0.80526,6.1745e+07,4.7486e+07
2025-11-10,0,2025,46,11,4,0,5,0,0,5,0,0,5,0,0,5,8.1429,0.2,2,0,0,0,27.35,8.2857,-2.3,0.4,3,0,0,15.883,102.64,4.6511,1.6899,1.7488,1.631,0.99553,1.3099,1.9816,2.1754,0.19373,-0.1749,0.92857,0.79772,-0.41611,17722,16360,2776,3.6823e+05,4.8128,2.8194e+06,2.2704e+06,0.80526,6.1745e+07,4.7486e+07
2025-11-17,0,2025,47,11,4,0,5,0,0,5,0,0,5,0,0,5,1.1143,-8.3,11.6,6,1,0,13.633,0.42857,-9.5,2.7,6,0,0,0.56667,102.64,4.6511,1.6899,1.7488,1.631,1.4972,1.2428,1.9816,2.1754,0.19373,-0.1749,0.92857,0.79772,-0.41611,17722,16360,2776,3.6823e+05,4.8128,2.8194e+06,2.2704e+06,0.80526,6.1745e+07,4.7486e+07
2025-11-24,0,2025,48,11,4,0,5,0,0,5,0,0,5,0,0,5,1.5,-5.8,33.6,7,1,1,13.15,0.91429,-6.1,18.9,4,1,1,0,104.51,12.791,1.6899,1.7488,1.631,1.5894,1.28,1.9816,2.1754,0.19373,-0.1749,0.92857,0.79772,-0.41611,17722,16360,2776,3.6823e+05,4.8128,2.8194e+06,2.2704e+06,0.80526,6.1745e+07,4.7486e+07
2025-12-01,0,2025,49,12,4,0,5,0,0,5,0,0,5,0,0,5,3.8429,-2.3,13.6,5,1,0,13.483,2.6286,-4,21.8,3,1,0,0,104.51,12.791,1.6899,1.7488,1.631,1.5611,1.4108,1.9541,2.1631,0.20899,-0.017462,0.92887,0.80389,-1.0525,17722,16360,2776,3.6823e+05,4.8128,2.8194e+06,2.2704e+06,0.80526,6.1745e+07,4.7486e+07
2025-12-08,0,2025,50,12,4,1,4,0,0,5,0,0,5,0,0,4,2.7714,-4.4,0,5,0,0,26.533,1.0429,-6.7,0,6,0,0,0,104.51,12.791,1.6899,1.7488,1.631,1.2518,1.4749,1.9541,2.1631,0.20899,-0.017462,0.92887,0.80389,-1.0525,17722,16360,2776,3.6823e+05,4.8128,2.8194e+06,2.2704e+06,0.80526,6.1745e+07,4.7486e+07
2025-12-15,0,2025,51,12,4,0,5,0,0,5,0,0,5,0,0,5,4.5857,-4.2,0,4,0,0,11.933,6.9857,-5.9,0,2,0,0,0,104.51,12.791,1.6899,1.7488,1.631,1.1627,1.3912,1.9541,2.1631,0.20899,-0.017462,0.92887,0.80389,-1.0525,17722,16360,2776,3.6823e+05,4.8128,2.8194e+06,2.2704e+06,0.80526,6.1745e+07,4.7486e+07
2025-12-22,0,2025,52,12,4,2,3,5,1,4,5,1,4,5,0,3,1.4714,-7.2,0,5,0,0,15.65,4.7857,-8.1,0,4,0,0,0,104.51,12.791,1.6899,1.7488,1.631,1.2178,1.2984,1.9541,2.1631,0.20899,-0.017462,0.92887,0.80389,-1.0525,17722,16360,2776,3.6823e+05,4.8128,2.8194e+06,2.2704e+06,0.80526,6.1745e+07,4.7486e+07
2025-12-29,0,2026,1,1,1,2,3,5,2,3,5,2,3,5,0,3,-2.1714,-9.3,0,7,0,1,21.3,-4.3714,-12.1,0,7,0,3,0,107.27,11.975,1.6899,1.7488,1.631,1.1297,1.1905,2.0283,2.2363,0.20796,0.10162,0.93313,0.79709,-0.18185,17722,16360,2776,3.6823e+05,4.8128,2.8194e+06,2.2704e+06,0.80526,6.1745e+07,4.7486e+07
2026-01-05,0,2026,2,1,1,0,5,0,0,5,0,0,5,0,0,5,-2,-11.9,24.4,5,1,4,17.25,-3.5143,-13.6,31.3,6,1,4,0,107.27,11.975,1.6899,1.7488,1.631,1.1215,1.1579,2.0283,2.2363,0.20796,0.10162,0.93313,0.79709,-0.18185,17722,16360,2776,3.6823e+05,4.8128,2.8194e+06,2.2704e+06,0.80526,6.1745e+07,4.7486e+07
2026-01-12,0,2026,3,1,1,0,5,0,0,5,0,0,5,0,0,5,3.5714,-2.8,0,6,0,0,20.117,4.4429,-5.3,0,4,0,0,0,107.27,11.975,1.6899,1.7488,1.631,1.146,1.1538,2.0283,2.2363,0.20796,0.10162,0.93313,0.79709,-0.18185,17722,16360,2776,3.6823e+05,4.8128,2.8194e+06,2.2704e+06,0.80526,6.1745e+07,4.7486e+07
2026-01-19,0,2026,4,1,1,0,5,0,0,5,0,0,5,0,0,5,2.8714,-4,2.5,7,0,0,24.983,3.5714,-5.1,5.4,5,0,0,1.8333,107.27,11.975,1.6899,1.7488,1.631,1.2109,1.1521,2.0283,2.2363,0.20796,0.10162,0.93313,0.79709,-0.18185,17722,16360,2776,3.6823e+05,4.8128,2.8194e+06,2.2704e+06,0.80526,6.1745e+07,4.7486e+07
2026-01-26,0,2026,5,1,1,0,5,0,0,5,0,0,5,0,0,5,2.6143,-3.8,1.2,5,0,0,16.983,2.3429,-5,2.4,5,0,0,9.0833,103.77,1.13,1.6899,1.7488,1.631,1.9292,1.3519,2.1888,2.3766,0.18783,0.12131,0.92732,0.79023,-0.13462,17722,16360,2776,3.6823e+05,4.8128,2.8194e+06,2.2704e+06,0.80526,6.1745e+07,4.7486e+07
2026-02-02,0,2026,6,2,1,0,5,0,0,5,0,0,5,0,0,5,4.7714,-3.2,2,6,0,0,32.417,5.0857,-4.2,1,5,0,0,29.633,103.77,1.13,2.0982,1.3293,2.8671,1.7161,1.5006,2.1888,2.3766,0.18783,0.12131,0.92732,0.79023,-0.13462,17722,16360,2776,3.6823e+05,4.8128,2.8194e+06,2.2704e+06,0.80526,6.1745e+07,4.7486e+07
2026-02-09,0,2026,7,2,1,0,5,0,0,5,0,0,5,0,0,5,4.4857,-3.6,73.5,1,4,3,17.2,4.1714,-4.6,75.3,2,4,3,19.617,103.77,1.13,2.0982,1.3293,2.8671,1.2258,1.5205,2.1888,2.3766,0.18783,0.12131,0.92732,0.79023,-0.13462,17722,16360,2776,3.6823e+05,4.8128,2.8194e+06,2.2704e+06,0.80526,6.1745e+07,4.7486e+07
2026-02-16,0,2026,8,2,1,0,5,5,0,5,5,0,5,0,0,5,5.1429,-1.3,24.4,2,1,1,15.433,4.7,0.1,32.5,0,1,1,14.817,103.77,1.13,2.0982,1.3293,2.8671,0.78157,1.4132,2.1888,2.3766,0.18783,0.12131,0.92732,0.79023,-0.13462,17722,16360,2776,3.6823e+05,4.8128,2.8194e+06,2.2704e+06,0.80526,6.1745e+07,4.7486e+07
2026-02-23,0,2026,9,2,1,0,5,5,0,5,0,0,5,5,0,5,9.3286,1.2,0,0,0,0,53.833,8.3857,-1.4,0,3,0,0,48.45,105.87,1.3655,2.0982,1.3293,2.8671,0.68588,1.1023,2.1888,2.3766,0.18783,0.12131,0.91406,0.77275,-1.5944,17722,16360,2776,3.6823e+05,4.8128,2.8194e+06,2.2704e+06,0.80526,6.1745e+07,4.7486e+07
2026-03-02,0,2026,10,3,1,0,5,5,0,5,0,0,5,0,0,5,9.0429,-0.1,0,1,0,0,61.683,8.7571,-1.8,0,3,0,0,56.383,105.87,1.3655,2.0982,1.3293,2.8671,-0.45843,0.55871,2.0817,2.2739,0.19224,-0.019462,0.91406,0.77275,-1.5944,17722,16360,2776,3.6823e+05,4.8128,2.8194e+06,2.2704e+06,0.80526,6.1745e+07,4.7486e+07
2026-03-09,0,2026,11,3,1,0,5,0,0,5,0,0,5,0,0,5,8.5571,1.4,5.9,0,0,0,36.75,8.0571,-1.1,28.1,2,1,0,36.25,105.87,1.3655,2.0982,1.3293,2.8671,-1.6502,-0.1603,2.0817,2.2739,0.19224,-0.019462,0.91406,0.77275,-1.5944,17722,16360,2776,3.6823e+05,4.8128,2.8194e+06,2.2704e+06,0.80526,6.1745e+07,4.7486e+07
2026-03-16,0,2026,12,3,1,1,4,0,0,5,0,0,5,0,0,4,8.1857,-0.2,3.6,1,0,0,56.2,7.6286,-1.7,1.1,2,0,0,55.483,105.87,1.3655,2.0982,1.3293,2.8671,-2.6662,-1.0222,2.0817,2.2739,0.19224,-0.019462,0.91406,0.77275,-1.5944,17722,16360,2776,3.6823e+05,4.8128,2.8194e+06,2.2704e+06,0.80526,6.1745e+07,4.7486e+07
2026-03-23,0,2026,13,3,1,0,5,0,0,5,0,0,5,0,0,5,5.5857,-3.2,3.2,2,0,0,42.833,4.8714,-6.3,0.8,5,0,0,46.833,105.87,1.3655,2.0982,1.3293,2.8671,-2.464,-1.8097,2.0817,2.2739,0.19224,-0.019462,0.91406,0.77275,-1.5944,17722,16360,2776,3.6823e+05,4.8128,2.8194e+06,2.2704e+06,0.80526,6.1745e+07,4.7486e+07
2026-03-30,0,2026,14,4,2,0,5,1,1,4,1,1,4,1,0,5,8.4286,-1.8,1.2,4,0,0,61.533,7.3571,-5.5,2.3,4,0,0,65.333,99.044,-8.2259,2.0982,1.3293,2.8671,-1.782,-2.1406,1.9698,2.1689,0.19916,-0.078659,0.90912,0.78678,-2.5731,17722,16360,2776,3.6823e+05,4.8128,2.8194e+06,2.2704e+06,0.80526,6.1745e+07,4.7486e+07
2026-04-06,0,2026,15,4,2,1,4,5,1,4,5,1,4,5,0,4,15.186,5.8,0,0,0,0,60.567,14.557,4,2.1,0,0,0,63,99.044,-8.2259,2.0982,1.3293,2.8671,-2.4822,-2.3486,1.9698,2.1689,0.19916,-0.078659,0.90912,0.78678,-2.5731,17722,16360,2776,3.6823e+05,4.8128,2.8194e+06,2.2704e+06,0.80526,6.1745e+07,4.7486e+07
2026-04-13,0,2026,16,4,2,0,5,0,0,5,5,0,5,5,0,5,13.157,4.1,1,0,0,0,51.5,12.7,2.9,0.3,0,0,0,53.367,99.044,-8.2259,2.0982,1.3293,2.8671,-2.7601,-2.3721,1.9698,2.1689,0.19916,-0.078659,0.90912,0.78678,-2.5731,17722,16360,2776,3.6823e+05,4.8128,2.8194e+06,2.2704e+06,0.80526,6.1745e+07,4.7486e+07
2026-04-20,0,2026,17,4,2,0,5,0,0,5,0,0,5,0,0,5,14.014,2.7,0,0,0,0,82.733,13.371,0.3,0,0,0,0,82.917,99.044,-8.2259,2.0982,1.3293,2.8671,-2.1421,-2.2916,1.9698,2.1689,0.19916,-0.078659,0.90912,0.78678,-2.5731,17722,16360,2776,3.6823e+05,4.8128,2.8194e+06,2.2704e+06,0.80526,6.1745e+07,4.7486e+07
2026-04-27,0,2026,18,4,2,0,5,0,0,5,0,0,5,0,0,5,15.986,7.1,4.9,0,0,0,56.9,15.629,4.8,3,0,0,0,50.617,98.912,-4.8539,2.0982,1.3293,2.8671,-0.48867,-1.9683,2.0809,2.2493,0.16834,0.09928,0.92116,0.78713,-0.66428,17722,16360,2776,3.6823e+05,4.8128,2.8194e+06,2.2704e+06,0.80526,6.1745e+07,4.7486e+07
2026-05-04,0,2026,19,5,2,0,5,5,0,5,0,0,5,0,0,5,14.486,5.7,13.3,0,0,0,36.767,14.786,4.6,12.2,0,1,1,34.317,98.912,-4.8539,1.5507,1.8519,1.2495,1.943,-0.86195,2.0809,2.2493,0.16834,0.09928,0.92116,0.78713,-0.66428,17722,16360,2776,3.6823e+05,4.8128,2.8194e+06,2.2704e+06,0.80526,6.1745e+07,4.7486e+07
2026-05-11,0,2026,20,5,2,1,4,5,1,4,0,1,4,2,0,4,11.014,1.8,11.2,0,1,1,55.9,10.586,-1,10.7,1,1,1,48.65,98.912,-4.8539,1.5507,1.8519,1.2495,2.4706,0.44572,2.0809,2.2493,0.16834,0.09928,0.92116,0.78713,-0.66428,17722,16360,2776,3.6823e+05,4.8128,2.8194e+06,2.2704e+06,0.80526,6.1745e+07,4.7486e+07
2026-05-18,0,2026,21,5,2,0,5,0,0,5,0,0,5,0,0,5,17.371,4.1,0.9,0,0,0,68.95,16.943,3.5,1.3,0,0,0,66.45,98.912,-4.8539,1.5507,1.8519,1.2495,3.0252,1.7375,2.0809,2.2493,0.16834,0.09928,0.92116,0.78713,-0.66428,17722,16360,2776,3.6823e+05,4.8128,2.8194e+06,2.2704e+06,0.80526,6.1745e+07,4.7486e+07
2026-05-25,0,2026,22,5,2,1,4,0,1,4,0,1,4,0,0,4,23.771,13.3,9.7,0,0,0,84.2,22.814,10.9,6.2,0,0,0,83.55,99.961,-5.9132,1.5507,1.8519,1.2495,2.9706,2.6024,2.0965,2.2686,0.17214,0.14238,0.92116,0.78713,-0.66428,17722,16360,2776,3.6823e+05,4.8128,2.8194e+06,2.2704e+06,0.80526,6.1745e+07,4.7486e+07
2026-06-01,0,2026,23,6,2,1,4,0,0,5,0,0,5,0,0,4,17.571,9.3,12.9,0,0,0,57.833,17.314,8.9,11.5,0,0,0,54.55,99.961,-5.9132,1.5507,1.8519,1.2495,3.788,3.0636,2.0965,2.2686,0.17214,0.14238,0.91503,0.78369,0.10612,17722,16360,2776,3.6823e+05,4.8128,2.8194e+06,2.2704e+06,0.80526,6.1745e+07,4.7486e+07
2026-06-08,0,2026,24,6,2,0,5,0,0,5,0,0,5,0,0,5,19.171,9.4,0.8,0,0,0,60.717,19.029,8.8,0.1,0,0,0,57.667,99.961,-5.9132,1.5507,1.8519,1.2495,3.4828,3.3166,2.0965,2.2686,0.17214,0.14238,0.91503,0.78369,0.10612,17722,16360,2776,3.6823e+05,4.8128,2.8194e+06,2.2704e+06,0.80526,6.1745e+07,4.7486e+07
2026-06-15,0,2026,25,6,2,0,5,0,0,5,0,0,5,0,0,5,23.857,10.6,0.2,0,0,0,79,23.714,10.5,7.8,0,0,0,69.567,99.961,-5.9132,1.5507,1.8519,1.2495,3.1517,3.3483,2.0965,2.2686,0.17214,0.14238,0.91503,0.78369,0.10612,17722,16360,2776,3.6823e+05,4.8128,2.8194e+06,2.2704e+06,0.80526,6.1745e+07,4.7486e+07
2026-06-22,0,2026,26,6,2,0,5,0,0,5,0,0,5,0,0,5,26.914,17.3,0,0,0,0,77.85,26.429,14.8,0.3,0,0,0,68.767,99.961,-5.9132,1.5507,1.8519,1.2495,2.9828,3.3513,2.0965,2.2686,0.17214,0.14238,0.91503,0.78369,0.10612,17722,16360,2776,3.6823e+05,4.8128,2.8194e+06,2.2704e+06,0.80526,6.1745e+07,4.7486e+07
2026-06-29,0,2026,27,7,3,0,5,5,0,5,5,0,5,5,0,5,23.171,12,8.3,0,0,0,78.9,22.071,10.6,14.5,0,1,1,72.333,103.06,4.0151,1.5507,1.8519,1.2495,3.382,3.2498,2.1676,2.3371,0.16952,0.13931,0.92045,0.7992,1.2463,17722,16360,2776,3.6823e+05,4.8128,2.8194e+06,2.2704e+06,0.80526,6.1745e+07,4.7486e+07
2026-07-06,0,2026,28,7,3,0,5,5,0,5,5,0,5,5,0,5,24.843,13.3,1.7,0,0,0,82.583,23.571,11.3,0.9,0,0,0,77.167,103.06,4.0151,1.5507,1.8519,1.2495,3.2134,3.1825,2.1676,2.3371,0.16952,0.13931,0.92045,0.7992,1.2463,17722,16360,2776,3.6823e+05,4.8128,2.8194e+06,2.2704e+06,0.80526,6.1745e+07,4.7486e+07
2026-07-13,0,2026,29,7,3,0,5,5,0,5,5,0,5,5,0,5,24.229,16.6,41.9,0,1,1,60.183,23.014,14.5,29.4,0,1,1,65.017,103.06,4.0151,1.5507,1.8519,1.2495,3.0333,3.1529,2.1676,2.3371,0.16952,0.13931,0.92045,0.7992,1.2463,17722,16360,2776,3.6823e+05,4.8128,2.8194e+06,2.2704e+06,0.80526,6.1745e+07,4.7486e+07
2026-07-20,0,2026,30,7,3,0,5,5,0,5,5,0,5,5,0,5,21.329,12.1,19.6,0,1,0,69.9,20.071,9.3,17.8,0,1,0,70.75,103.06,4.0151,1.5507,1.8519,1.2495,2.9993,3.157,2.1676,2.3371,0.16952,0.13931,0.92045,0.7992,1.2463,17722,16360,2776,3.6823e+05,4.8128,2.8194e+06,2.2704e+06,0.80526,6.1745e+07,4.7486e+07
2026-07-27,0,2026,31,7,3,0,5,5,0,5,5,0,5,5,0,5,24.643,15.4,5.4,0,0,0,79.567,23.214,13,8,0,0,0,75.417,104.15,5.2393,1.5507,1.8519,1.2495,3.8605,3.2766,2.0593,2.2369,0.1776,-0.12944,0.92538,0.81002,0.45812,17722,16360,2776,3.6823e+05,4.8128,2.8194e+06,2.2704e+06,0.80526,6.1745e+07,4.7486e+07
2026-08-03,0,2026,32,8,3,0,5,5,0,5,5,0,5,5,5,0,24.786,15.7,1.9,0,0,0,71,23.471,13.6,0,0,0,0,64.75,104.15,5.2393,2.0602,1.6664,2.454,4.1446,3.5094,2.0593,2.2369,0.1776,-0.12944,0.92538,0.81002,0.45812,17722,16360,2776,3.6823e+05,4.8128,2.8194e+06,2.2704e+06,0.80526,6.1745e+07,4.7486e+07
2026-08-10,0,2026,33,8,3,0,5,5,0,5,5,0,5,5,1,4,24.929,16.1,6.6,0,0,0,70.433,22.771,14.1,26.4,0,1,1,68.4,104.15,5.2393,2.0602,1.6664,2.454,3.5389,3.6358,2.0593,2.2369,0.1776,-0.12944,0.92538,0.81002,0.45812,17722,16360,2776,3.6823e+05,4.8128,2.8194e+06,2.2704e+06,0.80526,6.1745e+07,4.7486e+07
2026-08-17,0,2026,34,8,3,0,5,3,0,5,0,0,5,0,0,5,20.957,10.7,18.8,0,0,0,50.5,19.471,8.4,21.2,0,1,1,53.383,104.15,5.2393,2.0602,1.6664,2.454,2.1127,3.4142,2.0593,2.2369,0.1776,-0.12944,0.92538,0.81002,0.45812,17722,16360,2776,3.6823e+05,4.8128,2.8194e+06,2.2704e+06,0.80526,6.1745e+07,4.7486e+07
2026-08-24,0,2026,35,8,3,0,5,0,0,5,0,0,5,0,0,5,21.271,12.1,25.2,0,1,1,58.867,21.371,10.6,17.8,0,1,1,59.7,104.15,5.2393,2.0602,1.6664,2.454,1.3822,2.7946,2.0593,2.2369,0.1776,-0.12944,0.92538,0.81002,0.45812,17722,16360,2776,3.6823e+05,4.8128,2.8194e+06,2.2704e+06,0.80526,6.1745e+07,4.7486e+07
2026-08-31,0,2026,36,9,3,0,5,0,0,5,0,0,5,0,0,5,20.943,10.6,1.6,0,0,0,70.65,19.829,8.9,0.2,0,0,0,73.55,107.53,7.565,2.0602,1.6664,2.454,1.1069,2.0351,2.2185,2.3812,0.16271,0.13681,0.93629,0.80779,2.3234,17954,16591,2835,3.6897e+05,4.866,2.6761e+06,2.2225e+06,0.83049,6.1441e+07,4.8363e+07
2026-09-07,0,2026,37,9,3,0,5,0,0,5,0,1,4,0,0,5,18.486,8.6,14.4,0,1,1,53.1,17.643,7.6,8.1,0,0,0,53.55,107.53,7.565,2.0602,1.6664,2.454,0.86871,1.3676,2.2185,2.3812,0.16271,0.13681,0.93629,0.80779,2.3234,17954,16591,2835,3.6897e+05,4.866,2.6761e+06,2.2225e+06,0.83049,6.1441e+07,4.8363e+07
2026-09-14,0,2026,38,9,3,0,5,0,0,5,0,0,5,0,0,5,17.743,8,0.2,0,0,0,60,17.014,6.3,0,0,0,0,61.683,107.53,7.565,2.0602,1.6664,2.454,0.63691,0.99866,2.2185,2.3812,0.16271,0.13681,0.93629,0.80779,2.3234,17954,16591,2835,3.6897e+05,4.866,2.6761e+06,2.2225e+06,0.83049,6.1441e+07,4.8363e+07
2026-09-21,0,2026,39,9,3,0,5,0,0,5,0,0,5,0,0,5,16.571,7.3,0,0,0,0,66.75,15.4,5.4,0,0,0,0,69.217,107.53,7.565,2.0602,1.6664,2.454,1.1022,0.92867,2.2185,2.3812,0.16271,0.13681,0.93629,0.80779,2.3234,17954,16591,2835,3.6897e+05,4.866,2.6761e+06,2.2225e+06,0.83049,6.1441e+07,4.8363e+07
2026-09-28,1,2026,40,10,4,0,5,0,0,5,0,0,5,0,0,5,,,,,,,,,,,,,,,,,,,,,,,,,,,,,,,,,,,,,,
2026-10-05,1,2026,41,10,4,0,5,0,0,5,0,0,5,0,0,5,,,,,,,,,,,,,,,,,,,,,,,,,,,,,,,,,,,,,,
2026-10-12,1,2026,42,10,4,0,5,5,0,5,5,0,5,0,0,5,,,,,,,,,,,,,,,,,,,,,,,,,,,,,,,,,,,,,,
2026-10-19,1,2026,43,10,4,0,5,5,0,5,5,0,5,5,0,5,,,,,,,,,,,,,,,,,,,,,,,,,,,,,,,,,,,,,,
2026-10-26,1,2026,44,10,4,0,5,0,0,5,0,0,5,0,0,5,,,,,,,,,,,,,,,,,,,,,,,,,,,,,,,,,,,,,,
2026-11-02,1,2026,45,11,4,0,5,0,0,5,0,0,5,0,0,5,,,,,,,,,,,,,,,,,,,,,,,,,,,,,,,,,,,,,,
2026-11-09,1,2026,46,11,4,0,5,0,0,5,0,0,5,0,0,5,,,,,,,,,,,,,,,,,,,,,,,,,,,,,,,,,,,,,,
2026-11-16,1,2026,47,11,4,0,5,0,0,5,0,0,5,0,0,5,,,,,,,,,,,,,,,,,,,,,,,,,,,,,,,,,,,,,,
2026-11-23,1,2026,48,11,4,0,5,0,0,5,0,0,5,0,0,5,,,,,,,,,,,,,,,,,,,,,,,,,,,,,,,,,,,,,,
2026-11-30,1,2026,49,12,4,0,5,0,0,5,0,0,5,0,0,5,,,,,,,,,,,,,,,,,,,,,,,,,,,,,,,,,,,,,,
2026-12-07,1,2026,50,12,4,1,4,0,0,5,0,0,5,0,0,4,,,,,,,,,,,,,,,,,,,,,,,,,,,,,,,,,,,,,,
2026-12-14,1,2026,51,12,4,0,5,0,0,5,0,0,5,0,0,5,,,,,,,,,,,,,,,,,,,,,,,,,,,,,,,,,,,,,,
2026-12-21,1,2026,52,12,4,1,4,5,1,4,2,1,4,2,0,4,,,,,,,,,,,,,,,,,,,,,,,,,,,,,,,,,,,,,,
