id,projectNumber,projectType,projectSubType,processType,lotsType,publicationId,publicationDate,publicationNumber,pubType,corrected,lots,orderAddressOnlyDescription,title.de,title.en,title.fr,title.it,procOfficeName.de,procOfficeName.en,procOfficeName.fr,procOfficeName.it,orderAddress.countryId,orderAddress.cantonId,orderAddress.postalCode,orderAddress.city.de,orderAddress.city.en,orderAddress.city.fr,orderAddress.city.it,orderAddress
bef9d04e-8401-40a1-9c83-3406fe23fa02,41677,tender,construction,invitation,without,d5068550-e931-42e7-b79a-afb4e16129d1,2026-10-02,41677-02,award,False,[],no,,,H203 Virage des Esserces : revêtements bitumineux - lot 26210,,,,Service de la mobilité / Dienststelle für Mobilität - Arrondissement 3 Bas-Valais / Kreis 3 Unterwallis,,CH,VS,1921,,,Martigny-Combe,,
c0795aae-2749-4802-af8b-4d61df62901d,41682,tender,construction,invitation,without,da33bef8-3a42-448a-a375-d009a8b4ab64,2026-10-02,41682-02,award,False,[],no,,,H203 Létrey – La Caffe : revêtements bitumineux - lot 26209,,,,Service de la mobilité / Dienststelle für Mobilität - Arrondissement 3 Bas-Valais / Kreis 3 Unterwallis,,CH,VS,1921,,,Martigny-Combe,,
f2a26f5a-cae1-47cf-a9d9-d9049f68427a,41683,tender,construction,invitation,without,379003e5-51e9-4112-93e7-dfc65744edd2,2026-10-02,41683-02,award,False,[],no,,,H203 Les Côtettes – Les Fratses : revêtements bitumineux - lot 26208,,,,Service de la mobilité / Dienststelle für Mobilität - Arrondissement 3 Bas-Valais / Kreis 3 Unterwallis,,CH,VS,1921,,,Martigny-Combe,,
294d80c6-92e5-4750-b8fa-49a358fd0e2d,43526,tender,construction,invitation,without,ed3598b7-8846-49fd-baf4-e4c7dd01abe6,2026-10-02,43526-02,award,False,[],no,,,Réfection de la rue du Village aux Condémines ,,,,Commune de Nendaz,,CH,VS,1996,,,Les Condémines (Nendaz),,
202bef8a-c12f-460f-8680-15d06318a9c5,41751,tender,construction,open,without,8080d503-d3dc-4bb8-8650-3e60483ead54,2026-09-29,41751-02,award,False,[],no,HWS Triftbach - Geschiebesperre,,,,Gemeinde Zermatt (INGENES AG),,,,CH,VS,3920,Zermatt,,,,
8882250c-777f-49ed-a287-8176eec7f186,27932,tender,construction,open,with,5ef1fb7f-e6f5-4738-b3ce-a8693e28fe9a,2026-09-26,27932-03,award,False,"[{'publicationId': '5ef1fb7f-e6f5-4738-b3ce-a8693e28fe9a', 'publicationDate': '2026-09-26', 'publicationNumber': '27932-03', 'pubType': 'award', 'corrected': False, 'lotId': '6252ac78-2cc8-434b-830e-7675405d11f9', 'lotNumber': 1, 'lotTitle': {'de': None, 'en': None, 'fr': ""Travaux de l'entreprise de maçonnerie"", 'it': None}, 'orderAddressOnlyDescription': 'no', 'orderAddress': {'countryId': 'CH', 'cantonId': 'VS', 'postalCode': '3960', 'city': {'de': None, 'en': None, 'fr': 'Sierre', 'it': None}}}, {'publicationId': 'aea467bd-e357-461a-9987-11d388a02b32', 'publicationDate': '2026-09-26', 'publicationNumber': '27932-04', 'pubType': 'award', 'corrected': False, 'lotId': 'f49b10da-c2f8-434c-b84e-859c7df3022e', 'lotNumber': 2, 'lotTitle': {'de': None, 'en': None, 'fr': 'Travaux de charpente métallique', 'it': None}, 'orderAddressOnlyDescription': 'no', 'orderAddress': {'countryId': 'CH', 'cantonId': 'VS', 'postalCode': '3960', 'city': {'de': None, 'en': None, 'fr': 'Sierre', 'it': None}}}, {'publicationId': 'de1a474f-ec3b-4285-9156-1f0a26430a3d', 'publicationDate': '2026-09-26', 'publicationNumber': '27932-05', 'pubType': 'award', 'corrected': False, 'lotId': 'f4a7a9bc-052f-4abc-a8b3-d34a9d083741', 'lotNumber': 3, 'lotTitle': {'de': None, 'en': None, 'fr': 'Installations électriques', 'it': None}, 'orderAddressOnlyDescription': 'no', 'orderAddress': {'countryId': 'CH', 'cantonId': 'VS', 'postalCode': '3960', 'city': {'de': None, 'en': None, 'fr': 'Sierre', 'it': None}}}, {'publicationId': 'ecfcb356-d443-42b2-9915-1fcbf4741f09', 'publicationDate': '2026-09-26', 'publicationNumber': '27932-06', 'pubType': 'award', 'corrected': False, 'lotId': '13d23292-0dd3-47f1-a9c2-125ceaeafec0', 'lotNumber': 4, 'lotTitle': {'de': None, 'en': None, 'fr': 'Installations chauffage + froid', 'it': None}, 'orderAddressOnlyDescription': 'no', 'orderAddress': {'countryId': 'CH', 'cantonId': 'VS', 'postalCode': '3960', 'city': {'de': None, 'en': None, 'fr': 'Sierre', 'it': None}}}, {'publicationId': '1e43bc8b-3550-4734-b96b-4210858aeb77', 'publicationDate': '2026-09-26', 'publicationNumber': '27932-07', 'pubType': 'award', 'corrected': False, 'lotId': '05af4352-54e3-46f9-928a-627ed9e6eac1', 'lotNumber': 5, 'lotTitle': {'de': None, 'en': None, 'fr': 'Installations de ventilation', 'it': None}, 'orderAddressOnlyDescription': 'no', 'orderAddress': {'countryId': 'CH', 'cantonId': 'VS', 'postalCode': '3960', 'city': {'de': None, 'en': None, 'fr': 'Sierre', 'it': None}}}, {'publicationId': '934bad24-336c-41da-97ce-ee69b4c09e89', 'publicationDate': '2026-09-26', 'publicationNumber': '27932-08', 'pubType': 'award', 'corrected': False, 'lotId': '3431ad35-8570-444a-806f-75d60e6446f9', 'lotNumber': 6, 'lotTitle': {'de': None, 'en': None, 'fr': 'Installations sanitaires', 'it': None}, 'orderAddressOnlyDescription': 'no', 'orderAddress': {'countryId': 'CH', 'cantonId': 'VS', 'postalCode': '3960', 'city': {'de': None, 'en': None, 'fr': 'Sierre', 'it': None}}}, {'publicationId': '1b86d95d-eb61-4ac6-8009-73f7b0d158d7', 'publicationDate': '2026-09-26', 'publicationNumber': '27932-09', 'pubType': 'award', 'corrected': False, 'lotId': '1884be1f-77b0-420a-bf96-72ca2af42e1c', 'lotNumber': 7, 'lotTitle': {'de': None, 'en': None, 'fr': 'Echafaudages', 'it': None}, 'orderAddressOnlyDescription': 'no', 'orderAddress': {'countryId': 'CH', 'cantonId': 'VS', 'postalCode': '3960', 'city': {'de': None, 'en': None, 'fr': 'Sierre', 'it': None}}}, {'publicationId': '6873b57e-3b68-42c9-8a5e-434b89856766', 'publicationDate': '2026-09-26', 'publicationNumber': '27932-10', 'pubType': 'award', 'corrected': False, 'lotId': '59d8b7be-9e09-4016-ad75-7e082abd4ef6', 'lotNumber': 8, 'lotTitle': {'de': None, 'en': None, 'fr': 'Façades et vitrages intérieurs', 'it': None}, 'orderAddressOnlyDescription': 'no', 'orderAddress': {'countryId': 'CH', 'cantonId': 'VS', 'postalCode': '3960', 'city': {'de': None, 'en': None, 'fr': 'Sierre', 'it': None}}}, {'publicationId': '90a76b3d-1bf3-461f-967a-54cbf1d34823', 'publicationDate': '2026-09-26', 'publicationNumber': '27932-11', 'pubType': 'award', 'corrected': False, 'lotId': '38fb9a1d-39b1-4722-be3a-747ef453cdd2', 'lotNumber': 9, 'lotTitle': {'de': None, 'en': None, 'fr': 'Etanchéités et ferblanterie', 'it': None}, 'orderAddressOnlyDescription': 'no', 'orderAddress': {'countryId': 'CH', 'cantonId': 'VS', 'postalCode': '3960', 'city': {'de': None, 'en': None, 'fr': 'Sierre', 'it': None}}}, {'publicationId': '0236da07-3774-4859-a9c4-f6f094e9b8a0', 'publicationDate': '2026-09-26', 'publicationNumber': '27932-12', 'pubType': 'award', 'corrected': False, 'lotId': '8f0863c2-3d1f-4dd8-81d0-f35307e62dba', 'lotNumber': 10, 'lotTitle': {'de': None, 'en': None, 'fr': 'Revêtements coupe-feu', 'it': None}, 'orderAddressOnlyDescription': 'no', 'orderAddress': {'countryId': 'CH', 'cantonId': 'VS', 'postalCode': '3960', 'city': {'de': None, 'en': None, 'fr': 'Sierre', 'it': None}}}, {'publicationId': 'b9745376-25be-4031-840f-4ae62f4996a2', 'publicationDate': '2026-09-26', 'publicationNumber': '27932-13', 'pubType': 'award', 'corrected': False, 'lotId': 'ca192520-94cd-4a31-b7fc-cede68c975ae', 'lotNumber': 11, 'lotTitle': {'de': None, 'en': None, 'fr': 'Plâtrerie, cloisons légères, faux-plafonds', 'it': None}, 'orderAddressOnlyDescription': 'no', 'orderAddress': {'countryId': 'CH', 'cantonId': 'VS', 'postalCode': '3960', 'city': {'de': None, 'en': None, 'fr': 'Sierre', 'it': None}}}, {'publicationId': '0ef7557e-f232-4569-8ecb-afb691c8e478', 'publicationDate': '2026-09-26', 'publicationNumber': '27932-14', 'pubType': 'award', 'corrected': False, 'lotId': '5c905674-4838-477a-b01f-ade5c5711490', 'lotNumber': 12, 'lotTitle': {'de': None, 'en': None, 'fr': 'Portes intérieures en bois', 'it': None}, 'orderAddressOnlyDescription': 'no', 'orderAddress': {'countryId': 'CH', 'cantonId': 'VS', 'postalCode': '3960', 'city': {'de': None, 'en': None, 'fr': 'Sierre', 'it': None}}}, {'publicationId': '53b581e6-8319-4d64-aa7d-cbc6d11e1242', 'publicationDate': '2026-09-26', 'publicationNumber': '27932-15', 'pubType': 'award', 'corrected': False, 'lotId': '921bc3b3-6526-4614-9a15-85a9feb30c85', 'lotNumber': 13, 'lotTitle': {'de': None, 'en': None, 'fr': 'Travaux de menuiserie intérieure', 'it': None}, 'orderAddressOnlyDescription': 'no', 'orderAddress': {'countryId': 'CH', 'cantonId': 'VS', 'postalCode': '3960', 'city': {'de': None, 'en': None, 'fr': 'Sierre', 'it': None}}}, {'publicationId': 'daaa2569-1eec-418b-8772-f6113e8a2277', 'publicationDate': '2026-09-26', 'publicationNumber': '27932-17', 'pubType': 'award', 'corrected': False, 'lotId': '98ad6192-1e5a-4bb2-87fd-8d354c4191fc', 'lotNumber': 14, 'lotTitle': {'de': None, 'en': None, 'fr': 'Travaux de chapes ciment', 'it': None}, 'orderAddressOnlyDescription': 'no', 'orderAddress': {'countryId': 'CH', 'cantonId': 'VS', 'postalCode': '3960', 'city': {'de': None, 'en': None, 'fr': 'Sierre', 'it': None}}}, {'publicationId': 'fa2ba081-37d2-41bf-b54e-0dbf3f1dc759', 'publicationDate': '2025-12-18', 'publicationNumber': '27932-02', 'pubType': 'tender', 'corrected': True, 'lotId': 'bf471391-00ce-44be-aed0-15c6452b5e46', 'lotNumber': 15, 'lotTitle': {'de': None, 'en': None, 'fr': 'Travaux de nettoyage', 'it': None}, 'orderAddressOnlyDescription': 'no', 'orderAddress': {'countryId': 'CH', 'cantonId': 'VS', 'postalCode': '3960', 'city': {'de': None, 'en': None, 'fr': 'Sierre', 'it': None}}}]",,,,"Foyer St-Joseph à Sierre: travaux d'agrandissement, de transformation et de mise aux normes de l'établissement",,,,Organisateur Personeni Raffaele Architectes EPF SIA,,,,,,,,,
2fb3d80b-4774-4e25-97c1-9c2e7bad255f,25968,tender,construction,open,without,09e485fe-2215-47b1-aa40-d7a4c9f741e0,2026-09-25,25968-04,award,False,[],no,,,Construction et transformation des ateliers de l'EPCL sur le site de Crêtelongue à Sierre - CFC 25,,,,Service Immobilier et Patrimoine - Investissement / Dienststelle für Immobilien und Bauliches Erbe - Investitionen,,CH,VS,3977,,,Granges,,
674957b8-176c-4720-a20a-fb95a7587c24,26600,tender,construction,open,without,669b24bf-4b8c-4d43-8f02-ad0fa585d2cf,2026-09-25,26600-04,award,False,[],no,,,Construction et transformation des ateliers de l'EPCL sur le site de Crêtelongue à Sierre - CFC 24,,,,Service Immobilier et Patrimoine - Investissement / Dienststelle für Immobilien und Bauliches Erbe - Investitionen,,CH,VS,3977,,,Granges,,
4e4f85ad-aaa0-4fa1-8a2a-4fbe60e26e2a,37643,tender,construction,open,without,62577710-4ea3-4401-a02f-d6da8ece7bf6,2026-09-25,37643-02,award,False,[],no,,,Ecole de Grône - Agrandissement du centre scolaire,,,,Commune de Grône,,CH,VS,3979,,,Grône,,
613673d1-84b3-4e4c-a2b9-69a0250c3f34,41354,tender,construction,open,without,48a8b0fe-5d68-4615-ab3b-d5737c5c67ab,2026-09-25,41354-02,award,False,[],no,,,Ecole de Grône - Agrandissement du centre scolaires,,,,Commune de Grône,,CH,VS,3979,,,Grône,,
1bb905dc-45da-4edd-8d60-9961b29232a5,35775,tender,construction,open,without,87b2729e-177d-4842-8113-dda20bc15ab9,2026-09-24,35775-02,award,False,[],no,Kopie Bau einer NCUAPE in Vollèges – CFC 221.2 Holz-Metall-Fenstertüren,,Copie Construction d'une NCUAPE à Vollèges - CFC 221.2 Portes-fenêtres en bois-métal,,,,Commune de Val de Bagnes - Dicastère ATCM (quartal),,CH,VS,1941,,,Vollèges,,
c792bf5b-9f78-4627-8223-aeb133c59636,36706,tender,construction,open,without,4484911c-992f-49d2-94d7-f56e7cb864c1,2026-09-24,36706-02,award,False,[],no,Bau einer NCUAPE in Vollèges – CFC 214.2 Dachstuhl,,Construction d'une NCUAPE à Vollèges - CFC 214.2 Charpente,,,,Commune de Val de Bagnes - Dicastère ATCM (quartal),,CH,VS,1941,,,Vollèges,,
54ca0b4a-1a34-48d1-a2b5-a8a163033f49,41363,tender,construction,open,without,e208c148-1186-47aa-94ca-7e46b00ca3b7,2026-09-24,41363-03,award,False,[],no,,,Ecole de Grône - Agrandissement du centre scolaires,,,,Commune de Grône,,CH,VS,3979,,,Grône,,
dc446840-c074-4fa1-a197-e6b8295529eb,37884,tender,construction,open,without,1af07e21-ca3e-416a-a6f3-83d6007428c7,2026-09-23,37884-02,award,False,[],no,SZO Spital Wallis - SKP 420 Gartenarbeiten ,,Hôpital du Valais - SKP 420 Travaux de jardinage ,,Hôpital du Valais - Spital Wallis,,Hôpital du Valais - Spital Wallis,,CH,VS,3900,Brig-Glis,,Brig-Glis,,
221ab6f5-bf61-44dd-acfe-eba82a837eac,41314,tender,construction,open,without,5b1454a7-13a8-4fe0-8a5d-c94ae7b626cf,2026-09-22,41314-02,award,False,[],no,,,Protection contre les crues de la Navizence. Aménagement du secteur Mission - LOT 1,,,,Commune d'Anniviers,,CH,VS,3961,,,Mission,,
3bfd6080-e1c6-453b-90c2-452a319d318e,41416,tender,construction,open,without,b37f80c7-51ac-4843-956d-d327a71281d9,2026-09-22,41416-02,award,False,[],no,,,"Correction du carrefour avec la rue St-Georges à l'entrée d'Euseigne, sur la RC no 54 Sion - Les Haudères - Arolla, sur le territoire de la commune d'Hérémence",,,,"Département de la mobilité, du territoire et de l'environnement",,CH,VS,1982,,,Euseigne,,
2a2f248f-8796-4d09-887f-8dec74816ab3,25963,tender,construction,open,without,ff28af66-c49e-4f17-8721-227966cf42d8,2026-09-18,25963-02,award,False,[],no,,,Construction et transformation des ateliers de l'EPCL sur le site de Crêtelongue à Sierre - CFC 244,,,,Service Immobilier et Patrimoine - Investissement / Dienststelle für Immobilien und Bauliches Erbe - Investitionen,,CH,VS,3977,,,Granges,,
47eb5c99-36e3-44cd-ae51-d907bd38e064,28956,tender,construction,open,without,12ea1c68-9205-4f10-8936-5043f43962af,2026-09-18,28956-02,award,False,[],no,,,Campus du Pôle Santé - CFC 859.1 - Travaux de génie civil pour puits de pompage,,,,Service immobilier et patrimoine / Dienststelle für Immobilien und Bauliches Erbe - Investissements / Investitionen,,CH,VS,1950,,,Sion,,
e1de6498-0ec7-4573-b69e-d6ae4487cb6e,38082,tender,construction,open,without,595d490e-74d2-43af-8ec3-07aebd4ce164,2026-09-18,38082-02,award,False,[],no,Kopie Kopie Kopie Kopie Kopie Kopie Bau des EDHEA-Campus und der Walliser Nähschule in Siders - BKP 214.3,,Construction du Campus EDHEA et Ecole de couture du Valais à Sierre - CFC 231.5,,,,"Etat du Valais, Service immobilier et patrimoine - Investissements",,CH,VS,3960,,,Sierre,,
7f92b780-6341-462b-a65e-8b7ffc15bb2f,39530,tender,construction,open,without,b1d45ab4-7379-4403-a851-23eb8a1af234,2026-09-18,39530-02,award,False,[],no,,,Modernisation et extension des infrastructures du centre médico-éducatifs de La Castalie. - CFC 287 Nettoyage du bâtiment,,,,Service immobilier et patrimoine (SIP) / section investissement,,CH,VS,1870,,,Monthey,,
a15cf2c2-5e02-4bc2-8777-c26e3e874a9a,35599,tender,construction,open,without,8a4351da-f691-44ce-9c9f-ac43ea156a8d,2026-09-17,35599-02,award,False,[],no,Bau einer NCUAPE in Vollèges – CFC 201.1 Erdarbeiten,,Construction d'une NCUAPE à Vollèges - CFC 201.1 Terrassements,,,,Commune de Val de Bagnes - Dicastère ATCM (quartal),,CH,VS,1941,,,Vollèges,,
b359c708-c844-4051-b799-c7c8e2837cdb,35601,tender,construction,open,without,aa2dccbd-4685-476b-b4a1-83e986736450,2026-09-17,35601-02,award,False,[],no,Bau einer NCUAPE in Vollèges – CFC 211.1 Gerüste,,Construction d'une NCUAPE à Vollèges - CFC 211.1 Echafaudages,,,,Commune de Val de Bagnes - Dicastère ATCM (quartal),,CH,VS,1941,,,Vollèges,,
a8c75594-04a6-4f76-be98-fc9d4b411d0f,35773,tender,construction,open,without,8b42637b-cf2d-4377-91f4-219a99d47218,2026-09-17,35773-02,award,False,[],no,Bau einer NCUAPE in Vollèges – CFC 221.0 Holz-Fenstertüren,,Construction d'une NCUAPE à Vollèges - CFC 221.0 Portes-fenêtres en bois,,,,Commune de Val de Bagnes - Dicastère ATCM (quartal),,CH,VS,1941,,,Vollèges,,
367c148a-acb1-4a3e-9175-733b03e6c60f,35891,tender,construction,open,without,52e1167c-1800-48e5-8c9f-1e81bbc45b2c,2026-09-17,35891-02,award,False,[],no,Bau einer NCUAPE in Vollèges – CFC 230 Elektrische Anlagen,,Construction d'une NCUAPE à Vollèges - CFC 230 Installations électriques,,,,Commune de Val de Bagnes - Dicastère ATCM (quartal),,CH,VS,1941,,,Vollèges,,
11063b51-7b1b-4a3a-862e-39e123dcdb2c,35893,tender,construction,open,without,14f1bd18-a3e0-42c8-9860-9e3c5e44e56f,2026-09-17,35893-02,award,False,[],no,Bau einer NCUAPE in Vollèges – CFC 242 Heizungsanlagen,,Construction d'une NCUAPE à Vollèges - CFC 242 Installations de chauffage,,,,Commune de Val de Bagnes - Dicastère ATCM (quartal),,CH,VS,1941,,,Vollèges,,
5f290320-9274-4813-aa32-3575d5274fa9,35894,tender,construction,open,without,e79d9c92-eac4-4fa5-a13a-baaa52a45927,2026-09-17,35894-02,award,False,[],no,Bau einer NCUAPE in Vollèges – CFC 244 Lüftungsanlagen,,Construction d'une NCUAPE à Vollèges - CFC 244 Installations de ventilation,,,,Commune de Val de Bagnes - Dicastère ATCM (quartal),,CH,VS,1941,,,Vollèges,,
a04e3921-a178-4a6d-b22b-32cdef270f49,35896,tender,construction,open,without,444dacdb-eaaf-495d-a0fb-3bec397e921f,2026-09-17,35896-02,award,False,[],no,Bau einer NCUAPE in Vollèges – CFC 250 Sanitäranlagen,,Construction d'une NCUAPE à Vollèges - CFC 250 Installations sanitaires,,,,Commune de Val de Bagnes - Dicastère ATCM (quartal),,CH,VS,1941,,,Vollèges,,
0784238d-8dae-4ac8-806e-23973d5b0542,36699,tender,construction,open,without,72876d57-97f9-42a3-8c59-5cfb78738bd5,2026-09-17,36699-02,award,False,[],no,Bau einer NCUAPE in Vollèges – CFC 172 Sonderarbeiten,,Construction d'une NCUAPE à Vollèges - CFC 172 Travaux spéciaux,,,,Commune de Val de Bagnes - Dicastère ATCM (quartal),,CH,VS,1941,,,Vollèges,,
4b874485-23f9-4f0d-82d6-33f47d8611f0,36922,tender,construction,open,without,82a29cb8-68c5-482d-a00c-0b7c98f9940c,2026-09-17,36922-02,award,False,[],no,Bau einer NCUAPE in Vollèges – CFC XXX XXXX,,Construction d'une NCUAPE à Vollèges - CFC 211 Maçonnerie,,,,Commune de Val de Bagnes - Dicastère ATCM (quartal),,CH,VS,1941,,,Vollèges,,
ed92974f-55f2-4210-8acd-e90f9b021256,39580,tender,construction,open,without,ed01dd82-c4c5-4ee0-a5e9-7ebc5fbf99ef,2026-09-17,39580-02,award,False,[],no,Kollegium Brig - Sanierung Internat / BKP 225.4 Brandschutzbekleidungen (Südtrakt),,"Collège de Brique - Rénovation de l'internat / CFC 225.4 Revetements coupe-feu, etc. (tract sud)",,"Departement für Finanzen und Energie, Dienststelle für Immobilien und Bauliches Erbe",,,,CH,VS,3900,Brig-Glis,,,,
0d56c73c-a1a6-46a6-9f31-30cc165c15fd,39581,tender,construction,open,without,385dea0a-4914-42f6-a5a4-cc57663196bb,2026-09-17,39581-02,award,False,[],no,Kopie Kollegium Brig - Sanierung Internat / BKP 225.5 Brandabschottungen (Südtrakt),,Copie Collège de Brique - Rénovation de l'internat / CFC 225.5 cloisons coupe-feu (tract sud),,"Departement für Finanzen und Energie, Dienststelle für Immobilien und Bauliches Erbe",,,,CH,VS,3900,Brig-Glis,,,,
08d3ccfc-f116-4d86-82b4-3165f2beb26f,28015,tender,construction,open,without,09319320-4a22-4092-a1c1-fb5253116093,2026-09-16,28015-02,award,False,[],no,,,Campus du Pôle Santé - CFC 853 - Electricité pour puits de pompage,,,,Service immobilier et patrimoine / Dienststelle für Immobilien und Bauliches Erbe - Investissements / Investitionen,,CH,VS,1950,,,Sion,,
bc6607c4-9b5f-4d3e-bb19-07becabca15c,28950,tender,construction,open,without,1ae214a2-3b61-4bc3-9c46-6a53de52f137,2026-09-16,28950-02,award,False,[],no,,,Campus du Pôle Santé - CFC 854.1 - Installations sanitaires pour puits de pompage,,,,Service immobilier et patrimoine / Dienststelle für Immobilien und Bauliches Erbe - Investissements / Investitionen,,CH,VS,1950,,,Sion,,
7badbb7a-53bf-4ea6-a651-e6cfdc544155,34693,tender,construction,open,without,f729c410-f14e-4db0-83b6-3a1b59a8a4b1,2026-09-11,34693-02,award,False,[],no,,,STEP III Noës : Extension de la STEP et traitement des micropolluants - Lot GC04 : Travaux béton armé du bâtiment E,,,,Association pour l'épuration des eaux usées de Sierre et environs (Ville de Sierre - Service de l'environnement),,CH,VS,3976,,,Noës,,
0f64ce42-7bf9-4178-8a3c-6c02c18b4d02,36839,tender,construction,open,without,0a4268cd-9285-40f5-8c47-c78ab9149d8e,2026-09-10,36839-02,award,False,[],no,ARA Briglina Realisierung - BKP 644 Ausrüstung PAK und Neutralisationsanlage,,ARA Briglina Realisierung - BKP 644 Ausrüstung PAK und Neutralisationsanlage,,Zweckverband ARA Briglina – Ausbau und EMV (SPI),,,,CH,VS,3900,Gamsen,,,,
b0f2f077-061d-4d7c-a424-761f285bd32b,38823,tender,construction,open,without,bcf209d4-710c-4c4b-a60e-77c96fbf004c,2026-09-04,38823-02,award,False,[],no,,,104 La Chaux - Pissevache / Affaissement de bord de chaussée,,,,Service de la mobilité / Dienststelle für Mobilität - Arrondissement 3 Bas-Valais / Kreis 3 Unterwallis,,CH,VS,1890,,,St-Maurice,,
22cba097-a92e-4d80-b6f3-5162e05bfffb,38837,tender,construction,open,without,a34f4089-8767-4b25-9b99-331aa65ce84b,2026-09-04,38837-02,award,False,[],no,,,107 Charrières / Soutènement aval,,,,Service de la mobilité / Dienststelle für Mobilität - Arrondissement 3 Bas-Valais / Kreis 3 Unterwallis,,CH,VS,1869,,,Massongex,,
bda26477-414e-4614-b9c5-1136b45afd39,33033,tender,construction,open,without,55a53ccf-10a5-4142-95c7-eab331731df7,2026-09-03,33033-02,award,False,[],no,,,SAV_AO_2240 - Ferblanterie et couverture,,,,Municipalité de Savièse (CLR architectes SA),,CH,VS,1965,,,Savièse,,
ac819dfd-4d56-4d65-b634-e163d77173f6,37763,tender,construction,open,without,cb36a3c3-3921-47ed-8367-adb3be50d2da,2026-08-28,37763-02,award,False,[],no,,,"Rénovation de l'aménagement des FGB, Lot GC",,,,DransEnergie SA,,CH,VS,1945,,,Liddes,,
46e3faef-e205-4e94-86e0-b3fe30012e47,38246,tender,construction,open,without,36fea9d9-5d3d-474d-a7b7-7bd920a24e59,2026-08-27,38246-02,award,False,[],no,Neubau Turnhalle und Kindergarten in 3942 Raron - BKP 409 Umgebungsgestaltung,,,,Einwohnergemeinde Raron,,,,CH,VS,3942,Raron,,,,
f84a83f4-1693-4d91-b567-78eadf21600d,39355,tender,construction,open,without,6e003d38-ee56-499c-a020-29db06c96bfe,2026-08-27,39355-02,award,False,[],no,NE703 Neubau Bushaltestellen Schulhaus Niedergesteln,,,,Dienststelle für Mobilität - Kreis 1 Oberwallis,,,,CH,VS,3942 ,Niedergesteln,,,,
da37f14b-b63f-4bde-a62e-6f2ac00f48c1,39587,tender,construction,open,without,1c6b302e-e1ff-4e6a-a557-4404862a4ded,2026-08-27,39587-02,award,False,[],no,,,Appel d'offres N° 26-504 Dépotoir de Viouc - Travaux de génie civil et béton armé,,,,Ville de Sierre - Centrale des achats,,CH,VS,3960,,,Sierre,,
bd4c6373-b067-4a77-a804-d23ce420bb61,40333,tender,construction,open,without,647c5476-b37f-4e1a-9d7e-916956bef69a,2026-08-27,40333-02,award,False,[],no,Erhalt der Rebberge und Trockenmauern - Mauersanierung 4. Etappe,,,,Genossenschaft für den Erhalt der terrassierten Rebberge ,,,,CH,VS,3932,Visperterminen,,,,
302dd9ca-c013-477e-b299-59c4ccb80655,37613,tender,construction,open,without,70af188a-8740-4958-bcec-c23d112a3f5e,2026-08-24,37613-02,award,False,[],no,,,PISCINE 10 – AMEX CFC 496 : Architecte Paysagiste ,,,,Service immobilier et patrimoine,,CH,VS,1950,,,Sion,,
a3ef7ee1-7771-4e51-a3b1-bb9484556634,34035,tender,construction,open,without,48019da4-716e-4cd2-9129-fb6b8aeb507d,2026-08-21,34035-02,award,False,[],no,,,Campus du Pôle Santé - CFC 231.21 - Tableaux électriques principaux,,,,Service immobilier et patrimoine,,CH,VS,1950,,,Sion,,
47751800-1fcf-4b38-83de-41cc590e4ab2,39036,tender,construction,invitation,without,e6b211db-2f50-466d-a08e-8d23df25dc44,2026-08-20,39036-02,award,False,[],no,,,"Correction du trottoir sur la route cantonale T9 St-Maurice - Brig, à Conthey",,,,"Département de la mobilité, du territoire et de l'environnement",,CH,VS,1964,,,Conthey,,
8eb5b64f-3cc4-4788-8901-d0865fe1f361,32612,tender,construction,open,without,f97da32b-7c6b-41fd-9c66-e45a3680f36c,2026-08-17,32612-03,award,False,[],no,,,Campus du Pôle Santé - CFC 239.0 - Couverture mobile inhouse,,,,Service immobilier et patrimoine,,CH,VS,1950,,,Sion,,
107d6b05-2d13-4f87-a2e2-443bcbde508e,35844,tender,construction,open,without,6cbbd42f-3622-44a2-b8d3-a23fe640ed02,2026-08-17,35844-02,award,False,[],no,Kollegium Brig - Sanierung Internat / BKP 271.0 + 271.1 Innenputze + Trockenbauarbeiten (Südtrakt),,Collège de Brique - Rénovation de l'internat / CFC 271.0 + 271.1 Crépis et enduits intérieurs + Construction à sec (tract sud),,Service immobilier et patrimoine,,,,CH,VS,3900,Brig-Glis,,,,
1aa88961-08ed-4761-8358-58ab28b8c4eb,36855,tender,construction,open,without,ebffa7b3-2896-4580-8396-fea0c335f323,2026-08-12,36855-02,award,False,[],no,,,104 Les Marais - Epinassey / Adaptation routière et construction d'un trottoir,,,,Service de la mobilité / Dienststelle für Mobilität - Arrondissement 3 Bas-Valais / Kreis 3 Unterwallis,,CH,VS,1890,,,St-Maurice,,
7426f3df-c921-4314-bed7-a200718b5392,37301,tender,construction,open,without,6e6b648e-e981-465a-a797-e423edcdf981,2026-08-12,37301-02,award,False,[],no,,,94 Le Cotterg - Les Chenevaires / Restructuration routière avec revêtement bitumineux,,,,Service de la mobilité / Dienststelle für Mobilität - Arrondissement 3 Bas-Valais / Kreis 3 Unterwallis,,CH,VS,1934,,,Le Cotterg - Les Chenevaires,,
01fc53f4-97f2-474c-ada5-78152258a116,37568,tender,construction,invitation,without,ed5b31bf-256f-41d2-ba31-5dfa6d8c5745,2026-08-12,37568-02,award,False,[],no,,,H201 : Lévaux / Arrêts de bus,,,,Service de la mobilité / Dienststelle für Mobilität - Arrondissement 3 Bas-Valais / Kreis 3 Unterwallis,,CH,VS,1872,,,Troistorrents,,
84ae130f-6c7f-44c1-b63d-1f7597a3dcfb,39123,tender,construction,invitation,without,3d761d89-ea8c-4f76-8e1b-caf00ac77eb7,2026-08-12,39123-02,award,False,[],no,,,94 Merdenson - Le Châble : revêtements bitumineux - lot 26207,,,,Service de la mobilité / Dienststelle für Mobilität - Arrondissement 3 Bas-Valais / Kreis 3 Unterwallis,,CH,VS,1934,,,Merdenson - Le Châble,,
c78624fb-ddbc-4952-8d84-4cf5dbc183e7,33911,tender,construction,open,without,cf5ebfae-3965-4949-9921-40816205c116,2026-08-07,33911-03,award,False,[],no,Kraftwerk Châtelard I - Sanierungsarbeiten,,Usine de Châtelard I – Travaux d’assainissement,,SBB CFF FFS Einkauf Bauprojekte Standort Bern,,SBB CFF FFS Einkauf Bauprojekte Standort Bern,,CH,VS,1925,Finhaut,,Finhaut,,
6e2b38cd-94c8-434e-8cc4-d81afff7b986,39664,tender,construction,invitation,without,13798804-2a78-490a-8eb3-68f450222f11,2026-08-06,39664-02,award,False,[],no,,,Réfection du chemin des Blettes à Haute-Nendaz,,,,Commune de Nendaz,,CH,VS,1997,,,Haute-Nendaz,,
00f1f4ed-a3f9-47ab-a9a5-e119d2df890d,40207,tender,construction,open,without,c1d1d44e-e6c5-4539-8175-a061a1610e17,2026-08-06,40207-02,award,False,[],no,,,"Projet de défense contre les chutes de pierres et les éboulements ""Fey - Condémines"" - construction d'une digue en terre armée",,,,Commune de Nendaz,,CH,VS,1996,,,Fey (Nendaz),,
023ff2cc-0810-4b59-8b15-be7fc3d723e4,36777,tender,construction,open,without,7476b12c-0068-4183-b6cc-c566eefe72b8,2026-08-05,36777-02,award,False,[],no,,,GC - Dérivation du Comblonard & PGEE du Levron,,,,"Administration communale de Val de Bagnes, Service technique",,CH,VS,1941,,,Vollèges,,
06543f1b-106b-40ec-bc33-84c51df91656,32964,tender,construction,open,without,c47db2c1-5eab-4e97-aece-018d5463a9ae,2026-08-04,32964-02,award,False,[],no,"NG13 Täsch-Zermatt, Baumeisterarbeiten Galerie Schusslaui, Los 2",,"NG13 Täsch-Zermatt, Travaux de construction, galerie Schusslaui, lot 2",,Dienststelle für Mobilität - Kreis 1 Oberwallis,,,,CH,VS,3920,Zermatt,,,,
e286765a-083b-4379-b9b9-0afe78cac375,38239,tender,construction,open,without,e4439d51-f3e2-4b77-9c2d-694f1b2ccc57,2026-08-01,38239-02,award,False,[],no,Hochwasserschutzprojekt Blinnenbach,,,,Gemeinde Goms (SRP Ingenieur AG),,,,CH,VS,3998,Reckingen,,,,
d6e7247f-1eb4-402a-b425-1b7c68628807,37564,tender,construction,invitation,without,9a151feb-473f-420e-83c4-07cfb1bc56cf,2026-07-31,37564-02,award,False,[],no,,,424 La Genevrière : stabilisation de talus,,,,Service de la mobilité / Dienststelle für Mobilität - Arrondissement 3 Bas-Valais / Kreis 3 Unterwallis,,CH,VS,1945,,,Liddes,,
eeb790cb-3fe8-4786-9f3d-8207da7a7d22,31663,tender,construction,open,without,e9bd1ea5-43a0-42dc-a501-4f38973c8cf2,2026-07-30,31663-02,award,False,[],no,,,Extension et rénovation du Lycée-collège de St-Maurice - CFC 273.0,,,,Service immobilier et patrimoine,,CH,VS,1890,,,St-Maurice,,
2e78ede6-e045-4589-863d-e6b1100efb90,35841,tender,construction,open,without,418af961-f08d-4a08-8fc8-91e9c5a35a7a,2026-07-30,35841-02,award,False,[],no,Kollegium Brig - Sanierung Internat / BKP 215 Montagebau als Leichtkonstruktion - Wendeltreppe (Südtrakt),,Collège de Brique - Rénovation de l'internat / CFC 215 Construction légère préfabriquée - escalier en colimacon (tract sud),,Service immobilier et patrimoine,,,,CH,VS,3900,Brig-Glis,,,,
0290838e-4edf-4ce6-93d3-8a2102dafb0f,36534,tender,construction,invitation,without,7c5d41b6-4884-43e9-9a40-2fee5ec4a332,2026-07-30,36534-02,award,False,[],no,,,Skatepark Bozon,,,,Travaux Publics,,CH,VS,3966,,,Chalais,,
f79c167b-367c-4028-a58a-60fe57a0737d,31661,tender,construction,open,without,5bffb6af-cea6-4709-b14c-43d02b9aab99,2026-07-24,31661-02,award,False,[],no,,,Extension et rénovation du Lycée-collège de St-Maurice - CFC 224,,,,Service immobilier et patrimoine,,CH,VS,1890,,,St-Maurice,,
6df12b96-8063-4b29-91d8-26a92a95617c,28561,tender,construction,open,without,a53d65ae-df5c-42e0-946f-3074dcfe55f5,2026-07-21,28561-02,award,False,[],no,Kopie Kopie Kopie Kopie Bau des EDHEA-Campus und der Walliser Nähschule in Siders - BKP 214.3,,Construction du Campus EDHEA et Ecole de couture du Valais à Sierre - CFC 272.0 et 272.3,,,,Service immobilier et patrimoine,,CH,VS,3960,,,Sierre,,
51924cad-ac18-410e-85fc-ea50d4999d94,31662,tender,construction,open,without,dd8a0e42-0ae4-4b23-8376-378980c7ecf8,2026-07-21,31662-02,award,False,[],no,,,Extension et rénovation du Lycée-collège de St-Maurice - CFC 228,,,,Service immobilier et patrimoine,,CH,VS,1890,,,St-Maurice,,
c5f72203-50e5-438f-a1bc-9c1c3d6218ae,38197,tender,construction,invitation,without,8458a69e-dee0-4af7-b48f-ad0456f4b6f1,2026-07-17,38197-02,award,False,[],no,,,Conduite eau potable Baar - Aproz,,,,Commune de Nendaz,,CH,VS,1996,,,Baar (Nendaz),,
a813be3a-5ca9-43f6-a772-a21ed32c3f1a,33599,tender,construction,open,without,9fa04719-78ea-4323-b44b-39ecba9ef3c8,2026-07-16,33599-03,award,False,[],no,,,"Mandat d'ingénieur civil spécialiste en travaux routiers, ouvrages de soutènement & hydrogéologue-géotechnicien pour correction du tronçon de route Sierre-Corin, RC 46 Sierre-Chermignon-Crans, territoire des communes de Sierre et Crans-Montana",,,,"Département de la mobilité, du territoire et de l'environnement",,CH,VS,3960,,,Sierre,,
37379fbd-000c-4a6e-aa0b-516ae39b3428,31660,tender,construction,open,without,c51bd465-2365-4901-adb2-f9f7058d6a71,2026-07-15,31660-02,award,False,[],no,,,Extension et rénovation du Lycée-collège de St-Maurice - CFC 221.4,,,,Service immobilier et patrimoine,,CH,VS,1890,,,St-Maurice,,
17d539a2-3f6b-483c-aa1c-934a574f8a68,36204,tender,construction,open,without,a84de5ef-acd4-4c83-8053-783977934fe3,2026-07-15,36204-02,award,False,[],no,Sanierung Kantonspolizei in Brig / BKP 240 Heizungsanlagen,,Rénovation du bâtiment de la police cantonale à Brique / CFC 240 Installations de chauffage,,Service immobilier et patrimoine,,,,CH,VS,3900,Brig-Glis,,,,
eb554017-6110-4e2e-9ae9-a2f2feec2112,36472,tender,construction,open,without,3dc278e3-dedd-4481-bab6-340a479b645f,2026-07-11,36472-04,award,False,[],no,,,Commune d'Arbaz / Réaménagement de la route du village,,,,Commune d'Arbaz,,CH,VS,1974,,,Arbaz,,
7fbc00fc-4b41-4377-8ca7-0b9eada2f8f8,37295,tender,construction,open,without,b8fe5c13-71e5-403c-96c0-c5b6dfbf2e94,2026-07-11,37295-02,award,False,[],no,,,Travaux de génie civil pour la construction du dépotoir de Verfi - Montagnon,,,,Gaetan dubuis,,CH,VS,1912,,,Montagnon,,
534c170f-6b05-489c-b6d7-3e02eb0c74b8,35840,tender,construction,open,without,4ecfd7ff-11e8-499a-997a-02206e3e6106,2026-07-10,35840-02,award,False,[],no,Kollegium Brig - Sanierung Internat / BKP 281.0 Estriche - Unterlagsböden (Südtrakt),,Collège de Brique - Rénovation de l'internat / CFC Chapes (tract sud),,Dienststelle für Immobilien und Bauliches Erbe,,,,CH,VS,3900,Brig-Glis,,,,
15c98c7e-b056-429e-8f49-e9ceb8f217c0,32342,tender,construction,open,without,72135115-39fd-4971-9f3d-deac2b5906ae,2026-07-03,32342-02,award,False,[],no,Wärmezentrale WN Leukerbad - BKP230 Elektro,,,,IMION AG,,,,CH,VS,3954,Leukerbad,,,,
d6da25cc-3093-4754-822b-9d4e2ca2ef64,37850,tender,construction,open,without,4494cad6-60be-4008-81e5-2269c4be0a33,2026-07-02,37850-02,award,False,[],no,Wärmezentrale WN Leukerbad - BKP 247.5 Kaminanlage,,,,IMION AG,,,,CH,VS,3954,Leukerbad,,,,
4d54eb52-0ca3-42c9-ba94-335dc46e14f8,32152,tender,construction,open,without,7332ce19-5b04-4e68-8dda-c4b44db11d8e,2026-07-01,32152-02,award,False,[],no,,,SAV AO_2010,,,,Municipalité de Savièse (CLR architectes SA),,CH,VS,1965,,,Savièse,,
95625067-1b46-465c-9755-d406c84ec834,32153,tender,construction,open,without,274e4fdc-32e2-4438-bd8b-44e98f6288f2,2026-07-01,32153-02,award,False,[],no,,,SAV AO_2115,,,,Municipalité de Savièse (CLR architectes SA),,CH,VS,1965,,,Savièse,,
71df5275-8b23-45b0-bff7-b2803a625f43,32154,tender,construction,open,without,3d3e7009-3669-4c3b-924a-7877712eb28a,2026-07-01,32154-02,award,False,[],no,,,SAV AO_2140,,,,Municipalité de Savièse (CLR architectes SA),,CH,VS,1965,,,Savièse,,
1d07c224-0398-4dc2-a52f-b25c508651e7,32155,tender,construction,open,without,66be2a25-08a9-44e2-ba79-2a4c7e4d2e24,2026-07-01,32155-02,award,False,[],no,,,SAV AO_2300,,,,Municipalité de Savièse (CLR architectes SA),,CH,VS,1965,,,Savièse,,
5190d671-bdba-4d4a-8444-e5676b8dcdbd,32156,tender,construction,open,without,768c96b7-f9e3-4b31-b9cc-220ab3739a8a,2026-07-01,32156-02,award,False,[],no,,,SAV AO_2420,,,,Municipalité de Savièse (CLR architectes SA),,CH,VS,1965,,,Savièse,,
b94ca204-50dd-4ee1-ad03-cf3fbf6ebf6b,32157,tender,construction,open,without,773f5411-9fa9-4b8f-b557-6b0ee3d506e4,2026-07-01,32157-02,award,False,[],no,,,SAV AO_2440,,,,Municipalité de Savièse (CLR architectes SA),,CH,VS,1965,,,Savièse,,
5b45768a-dfc4-42a6-8c65-c7407a6ec00f,32158,tender,construction,open,without,9458e7e7-733d-448b-992b-e7c3928dbf21,2026-07-01,32158-02,award,False,[],no,,,SAV AO_2500,,,,Municipalité de Savièse (CLR architectes SA),,CH,VS,1965,,,Savièse,,
6e0d4b28-3bc7-489c-8018-71389e377784,32427,tender,construction,open,without,25519637-9b0b-4710-80c1-6cc072eb5bda,2026-07-01,32427-02,award,False,[],no,,,Réaménagement de la Rue de la Cime de l'Est à Saint-Maurice,,,,Commune de Saint-Maurice,,CH,VS,1890,,,Saint-Maurice,,
16c1c048-51cd-41d6-98ad-6c3c769720db,33040,tender,construction,open,without,f19b2675-2d8b-4518-b19a-565977210340,2026-07-01,33040-02,award,False,[],no,,,"SAV_AO_2730 - Portes et vitrages intérieurs, armoires et meubles divers",,,,Municipalité de Savièse (CLR architectes SA),,CH,VS,1965,,,Savièse,,
21ec71f3-e4f2-4bc4-ac21-8870013d29ce,37100,tender,construction,open,without,76b1b690-691b-4390-a7ca-b57ec8080780,2026-07-01,37100-02,award,False,[],no,,,Collecteur Baar-Aproz,,,,Commune de Nendaz,,CH,VS,1996,,,Baar (Nendaz),,
326efc1a-4bca-4957-b69a-830c1b8e236b,14395,tender,construction,open,without,18700689-51a5-4282-9099-ded94a67bb81,2026-06-30,14395-04,award,False,[],no,,,Installation photovoltaïque,,,,HES-SO Valais-Wallis,,CH,VS,1950,,,Sion,,
af0559cf-7563-43ae-aeb7-010dd6244a96,30491,tender,construction,open,without,6ec0d347-f495-4d15-b93b-0eeebd582f74,2026-06-30,30491-02,award,False,[],no,"Baulos L10184, SL Hangsicherung Seeli",,"Lot L10184, SL Hangsicherung Seeli",,Dienststelle für Nationalstrassenbau / Service de la construction des routes nationales,,,,CH,VS,Pfynwald,Wallis,,,,
f952bd51-7d30-47f7-a250-2d75cbdc6612,33514,tender,construction,open,without,87efcc88-8b3e-4999-9300-c7d7c9289b08,2026-06-30,33514-03,award,False,[],no,,,Ecole de Grône - Agrandissement du centre scolaire,,,,Commune de Grône,,CH,VS,3979,,,Grône,,
ddf2815a-9bf0-4688-8cb2-b035a1ef0dde,29082,tender,construction,open,without,33ae13c0-4ca8-4aa3-9da6-fdb0090146dd,2026-06-29,29082-02,award,False,[],no,Sportzentrum Verbier - CFC 273.3 Schreibtische und Theken (Rezeption-Spa-Fitness),,Centre sportif de Verbier - CFC 273.3 Desks et bars (accueil-spa-fitness),,Quartal Sàrl,,Quartal Sàrl,,CH,VS,1936,Verbier,,Verbier,,
aa1cf1ab-022c-4144-bb47-e7e0ef72e734,36529,tender,construction,open,without,6851ce05-1aac-4180-be76-5d1e0f884155,2026-06-29,36529-02,award,False,[],no,Bohrkampagne Oberaletschgletscher ,,,,Forces Motrices Valaisannes SA,,,,CH,VS,3904,Naters,,,,
34a2f28f-3517-414f-8f56-fbd2e12685fa,20885,tender,construction,open,without,748f1732-8b7b-4c4c-b64e-abb3eddd7d82,2026-06-25,20885-02,award,False,[],no,"Baulos L10125, SL Materialbewirtschaftung",,"Lot L10125, SL Materialbewirtschaftung",,Dienststelle für Nationalstrassenbau / Service de la construction des routes nationales,,Dienststelle für Nationalstrassenbau / Service de la construction des routes nationales,,CH,VS,"Pfynwald, ",Wallis,,Valais,,
dc748e91-fd31-4e3b-a415-ca18dacb6102,36073,tender,construction,open,without,f78475a4-18fb-4a54-a6a1-cccb6bba0cbf,2026-06-25,36073-02,award,False,[],no,,,"Aménagement d'une piste cyclable bidirectionnelle sur la digue nord du Rhône entre Sion et Batassé, sur le territoire de la Ville de Sion",,,,"Département de la mobilité, du territoire et de l'environnement",,CH,VS,1950,,,Sion,,
3206aec5-90f6-4ac3-bf55-5145386659a4,35220,tender,construction,open,without,2ff51663-025a-4d38-a918-d7e1355d52e6,2026-06-23,35220-02,award,False,[],no,"NG154 Strassensanierung innerorts Fiesch, 1. Etappe",,,,Dienststelle für Mobilität - Kreis 1 Oberwallis,,,,CH,VS,3984 ,Fiesch,,,,
b4f289d4-2d5d-4d73-9e7f-89ccfcf618a0,35221,tender,construction,open,without,2d12f620-80de-44e7-bae6-330e984aed99,2026-06-20,35221-02,award,False,[],no,,,"Maison de Commune, Val de Bagnes - CFC 281.6, 281.4 Carrelage, Pierre Naturelle",,,,Philippe Bruchez Architecture SA,,CH,VS,1934,,,Le Châble,,
ff9835f6-7877-41d2-ab74-7b6575a23995,35233,tender,construction,open,without,5268bc21-1c66-41bd-a239-3af93f4b58fc,2026-06-20,35233-02,award,False,[],no,,,"Maison de Commune, Val de Bagnes - CFC 281.7, 281.2 Revêtements de sols bois, Moquette",,,,Philippe Bruchez Architecture SA,,CH,VS,1934,,,Le Châble,,
46413d28-0572-44b1-8e74-3309a5f122b4,33500,tender,construction,open,without,9561f4b7-8162-4bc7-b0bd-4834d54162b5,2026-06-17,33500-02,award,False,[],no,,,Ecole de Grône - Agrandissement du centre scolaire,,,,Commune de Grône,,CH,VS,3979,,,Grône,,
3715ea6e-c37a-42b9-a512-24be84a29cbe,33511,tender,construction,open,without,cfd2c625-be2a-41fb-b44b-d2c1825b6bab,2026-06-17,33511-03,award,False,[],no,,,Ecole de Grône - Agrandissement du centre scolaire,,,,Commune de Grône,,CH,VS,3979,,,Grône,,
9f7a8a75-f67a-4b87-8783-0dc683aa1030,33513,tender,construction,open,without,ef1dccd9-7c70-4340-9bbc-aec964379357,2026-06-17,33513-03,award,False,[],no,,,Ecole de Grône - Agrandissement du centre scolaire,,,,Commune de Grône,,CH,VS,3979,,,Grône,,
dca96ab7-7d5f-4cca-bf92-7f4532e66563,33515,tender,construction,open,without,1a1830ff-6380-4b08-8142-41a315f5e230,2026-06-17,33515-03,award,False,[],no,,,Ecole de Grône - Agrandissement du centre scolaire,,,,Commune de Grône,,CH,VS,3979,,,Grône,,
a33936c3-169b-46f9-8e14-c5edfa24e7cc,34264,tender,construction,open,without,6f0f118a-6202-47ec-8c74-c4181f39070e,2026-06-17,34264-02,award,False,[],no,"FbE Merjen-Kalpetran, Fahrbahnerneuerung - Baumeisterarbeiten",,"FbE Merjen-Kalpetran, réfection de la chaussée- travaux de construction",,Beschaffungsstelle Matterhorn Gotthard Bahn,,,,CH,VS,3922,Kalpetran,,,,
9d760cd8-a36f-4cbd-80e0-00aafc142e9e,37231,tender,construction,open,without,e1385df2-f167-41aa-8538-bfd288629e09,2026-06-17,37231-02,award,False,[],no,,,Restructuration de la route des Mayens de Vernamiège - Tronçon 1,,,,Commune de Mont-Noble (Bureau IG group Hérens régions SA),,CH,VS,1961,,,Vernamiège,,
1c20bde2-fe05-489d-9d33-e70ab0e5af71,33589,tender,construction,open,without,e4b8e875-a52d-454d-9fbf-b6fc6137b138,2026-06-13,33589-02,award,False,[],no,NG4 Lax - Knoten Anschluss H19,,,,Dienststelle für Mobilität - Kreis 1 Oberwallis,,,,CH,VS,3994 ,Lax,,,,
582ed2da-6eb2-447b-bb79-e562afaf5afb,34715,tender,construction,open,without,6b32f211-6119-4ae9-aabe-bd05319215e9,2026-06-12,34715-02,award,False,[],no,,,"Remplacement de la couche de roulement à l'intérieur d'Euseigne, sur la RC no 54 Sion - Les Haudères - Arolla, sur le territoire de la commune d'Hérémence",,,,"Département de la mobilité, du territoire et de l'environnement",,CH,VS,1987,,,Hérémence,,
c006c5a2-b9dd-43ef-96bc-cda372a16dfa,34761,tender,construction,invitation,without,b33e195a-2572-4381-b726-dc90a9407481,2026-06-08,34761-02,award,False,[],no,,,"Correction de la chaussée à l'aval du torrent d'Ortchu, sur la RC no 68 Pont-de-la-Morge - Erde - Derborence, sur le territoire de la commune de Conthey",,,,"Département de la mobilité, du territoire et de l'environnement",,CH,VS,1975,,,Conthey,,
56a5b5b1-fe0e-486a-914d-88607f9a8d96,35373,tender,construction,invitation,without,fe5c49b0-4836-48ef-bcff-ebed48a991b3,2026-06-08,35373-02,award,False,[],no,,,"Correction de la chaussée et construction de trottoirs à Suen et St-Martin, sur la RC no 53 Bramois - St-Martin - La Crête, sur le territoire de la commune de St-Martin",,,,"Département de la mobilité, du territoire et de l'environnement",,CH,VS,1969,,,St-Martin,,
762764a4-9510-491b-91c1-244e945ae12a,34920,tender,construction,open,without,fe5df020-38b8-42b1-83d5-6070201be275,2026-06-05,34920-02,award,False,[],no,,,Route des Rottes Est - Conthey - TC 12 - Travaux GC et CAD,,,,"Sogaval SA, société gérée par OIKEN SA",,CH,VS,1964,,,Conthey,,
783a54d9-2119-4bd9-ad59-d7ae32c4847d,32407,tender,construction,open,without,420f3cef-572f-435d-b487-e66d7b50d32f,2026-06-04,32407-02,award,False,[],no,Kollegium Brig - Sanierung Internat / BKP 226 Fassadenputze (Südtrakt),,Collège de Brique - Rénovation de l'internat / CFC .... (tract sud),,Dienststelle für Immobilien und Bauliches Erbe,,,,CH,VS,3900,Brig-Glis,,,,
009a45c8-372f-4299-991d-50cd5db8829e,32747,tender,construction,open,without,9d3254ef-aa8d-4bc9-97ac-95906dd8105d,2026-06-04,32747-02,award,False,[],no,,,Ecole de Grône - Agrandissement du centre scolaire,,,,Commune de Grône,,CH,VS,3979,,,Grône,,
ab056a15-198c-45dc-a715-56981f91163a,32797,tender,construction,open,without,39715eea-9d10-45de-a773-bf4f5788dd22,2026-06-04,32797-03,award,False,[],no,,,Ecole de Grône - Agrandissement du centre scolaire,,,,Commune de Grône,,CH,VS,3979,,,Grône,,
3bf86a1c-9a54-4427-8a12-690b166c328b,35044,tender,construction,open,without,649829b3-2b4c-413a-b71b-bfbd6965af0b,2026-06-03,35044-02,award,False,[],no,,,Centrale de chauffe du Guépard - Crans-Montana ,,,, Crans-Montana Energies SA,,CH,VS,3963,,,Crans-Montana ,,
1139bd64-cdc2-46ce-97a5-a967d9e4defd,34767,tender,construction,open,without,065fdf98-8638-47aa-ac20-9d7501fb0975,2026-06-02,34767-02,award,False,[],no,,,CAD Crans-Montana - Route de Marigny - Secteur 2026,,,,OIKEN SA - Génie civil,,CH,VS,3963,,,Crans-Montana,,
fd4c85c8-5065-47fd-b83c-9c9338e37305,30520,tender,construction,open,without,a29b167e-91c6-4a75-a55e-49acbe42e280,2026-05-29,30520-02,award,False,[],no,Berner Klinik 2028 - BKP 231 Starkstromanlagen Photovoltaikanlage,,Clinique bernoise 2028 - CFC 231 Installations photovoltaïques,,"Berner Klink Montana, p.A. iaag architekten ag",,"Berner Klink Montana, p.A. IAAG Architekten AG",,CH,VS,3963,Crans-Montana,,Crans-Montana,,
28cc706b-8e6d-46ef-8169-838b1460e1c1,34528,tender,construction,invitation,without,addf2fd0-0a67-4f5e-a87d-171898ec6f59,2026-05-29,34528-02,award,False,[],no,,,"Réfection du revêtement entre le pont de Sauterot sur la Dixence et les pyramides d'Euseigne, sur la RC no 54 Sion - Les Haudères - Arolla, sur le territoire de la commune d'Hérémence",,,,"Département de la mobilité, du territoire et de l'environnement",,CH,VS,1987,,,Hérémence,,
e432f9f5-3d87-462e-a7a6-42bf07e31067,34841,tender,construction,open,without,a86f1cbe-e819-4579-988e-1a01cfbda21e,2026-05-29,34841-02,award,False,[],no,,,CAD OUEST - Sion / Tronçon : TS6a Châteauneuf-Sion / STEP - Rue de la Treille,,,,OIKEN SA,,CH,VS,1950,,,Sion,,
cf0c20aa-0881-449c-bef6-f33bd114912f,23730,tender,construction,open,without,21600807-9129-4a61-84e7-b5ee141dd7f7,2026-05-28,23730-02,award,False,[],no,,,Entretien du Rhône – Évacuation et valorisation des bois retirés du Léman à l’embouchure du Rhône,,,,Service des dangers naturels / Dienststelle Naturgefahren - Section R&L / Sektion RuG,,CH,VS,1897,,,Le Bouveret,,
c4e697f7-3cf3-4b0f-ad1d-94ed465a7cbc,31342,tender,construction,open,without,e0168250-6650-4712-b618-ed4b2383b081,2026-05-27,31342-02,award,False,[],no,,,Extension et rénovation du Lycée-collège de St-Maurice : ZONE SPORTIVE - CFC 221,,,,Service immobilier et patrimoine,,CH,VS,1890,,,St-Maurice,,
98bcdd2d-cfff-44e4-8768-e708a1807381,31347,tender,construction,open,without,1e09394f-8f3e-421f-9855-4ce0a02d4e6b,2026-05-27,31347-02,award,False,[],no,,,Extension et rénovation du Lycée-collège de St-Maurice : ZONE SPORTIVE - CFC 224,,,,Service immobilier et patrimoine,,CH,VS,1890,,,St-Maurice,,
fcb68b32-dc7a-4357-8043-8a5abfc30b23,32691,tender,construction,open,without,b06159aa-2e3d-4f8f-a768-07770fcb85df,2026-05-27,32691-02,award,False,[],no,Wärmezentrale WN Leukerbad - BKP 240 Heizungsanlage,,,,IMION AG,,,,CH,VS,3954,Leukerbad,,,,
2e3a2765-da68-4da5-aa81-97171e6d02dc,33171,tender,construction,open,without,e934a452-be72-4fea-b585-c0c5d406e948,2026-05-27,33171-03,award,False,[],no,,,Monthey_collecteur_EU_Sépey_2026,,,,nco-ing SA,,CH,VS,1871,,,Choëx,,
1b96cd39-3098-4fb5-9251-e21bd5e11eee,30817,tender,construction,open,without,42c9d16c-8653-402a-b8ec-0cd96ce7211e,2026-05-25,30817-02,award,False,[],no,,, VE 21.45 – Assainissement galerie du Bourgout ,,,,Achats - TMR SA,,CH,VS,1920,,,Martigny,,
c64dd0a3-c9d4-4a0b-9ee5-6b1e58c40beb,29611,tender,construction,open,without,49ec8734-d50d-4e0c-9d03-6dab24badf8d,2026-05-20,29611-02,award,False,[],no,,,Construction et transformation des ateliers de l'EPCL sur le site de Crêtelongue à Sierre - CFC 272.0 et CFC 272.3 Portes et vitrages intérieurs en aluminium,,,,Service immobilier et patrimoine,,CH,VS,3977,,,Granges,,
f0b08005-6360-4aa5-a33a-27d033941bcd,32119,tender,construction,open,without,bdad5054-e5ea-4e35-a9e7-795c3fdc0d36,2026-05-20,32119-02,award,False,[],no,,,Rénovation toiture dépendance de Mercier à Sierre - Bât. C - CFC 224.9 couvertures en tuiles ,,,,Service immobilier et patrimoine,,CH,VS,3960,,,Sierre,,
c86cde87-60c2-42c6-b96b-6fe4869385a5,32129,tender,construction,open,without,748de45c-4c36-4110-85d3-c8b061d228c4,2026-05-20,32129-02,award,False,[],no,,,Rénovation toiture dépendance de Mercier à Sierre - Bât. D - CFC 224.9 couvertures en tuiles,,,,Service immobilier et patrimoine,,CH,VS,3960,,,Sierre,,
bac169e2-b064-4c2e-9c91-40980e2e503c,34381,tender,construction,invitation,without,39dbcc50-1d5b-49ab-bb0d-8e0e00bcb5bd,2026-05-14,34381-02,award,False,[],no,,,"Réfection de la chaussée, des canalisations et du torrent - chemin de Tsamandon à Haute-Nendaz",,,,Commune de Nendaz,,CH,VS,1997,,,Haute-Nendaz,,
d5107768-7384-41bc-84e5-e12b2bef2d10,28346,tender,construction,open,without,df37cde3-f968-4d83-81be-80a9481cb33c,2026-05-13,28346-02,award,False,[],no,,,STEP III Noës - Extension de la STEP et traitement des micropolluants - Lot GC03 : Terrassements et travaux spéciaux bâtiment E,,,,Association pour l'épuration des eaux usées de Sierre et environs (Ville de Sierre - Service de l'environnement),,CH,VS,3976,,,Noës,,
0fde23fb-0508-4ac2-8799-dc67683c024c,29613,tender,construction,open,without,00c6fdbd-fd96-4f3c-a68b-6eab3882c018,2026-05-13,29613-02,award,False,[],no,,,Construction et transformation des ateliers de l'EPCL sur le site de Crêtelongue à Sierre - CFC 272.2 Ouvrages métalliques courants,,,,Service immobilier et patrimoine,,CH,VS,3977,,,Granges,,
dc6a90e9-3beb-4f71-895e-f537f224b346,34068,tender,construction,open,without,cac3b708-8505-4c7f-a64b-8f096b60b05c,2026-05-13,34068-02,award,False,[],no,,,Réfection de la chaussée et adaptation des réseaux de canalisations Rue de Bonnes-Luites / Martigny,,,,Commune de Martigny - Services Techniques ,,CH,VS,1920,,,Martigny,,
0ab2a1f7-8e60-4c30-8e4a-e3057cef33ba,26851,tender,construction,open,without,cedca784-6efb-4e61-aed0-cd75e7ed9948,2026-05-08,26851-02,award,False,[],no,"Baulos L10075, SL Baupiste Pfyn-Finges",,"Lot L10075, SL Baupiste Pfyn-Finges",,Dienststelle für Nationalstrassenbau / Service de la construction des routes nationales,,Dienststelle für Nationalstrassenbau / Service de la construction des routes nationales,,CH,VS,Pfynwald,Wallis,,Valais,,
9ac05591-f21d-473c-81c8-66acf81a8844,33736,tender,construction,open,without,0fbeba01-b007-42cb-8688-6c34a51c4e6c,2026-05-08,33736-02,award,False,[],no,,,Projet de défense contre les avalanches « Evolène Rive Droite – La Leusse – Torrent des Maures 1 » - Pose,,,,Commune d'Evolène - service technique,,CH,VS,1983,,,Evolène,,
a281fd01-9605-43ac-a3e8-8f3dacbd7f3e,34313,tender,construction,open,without,1d0d3034-519c-47a5-ae78-ec35e0ebe28d,2026-05-08,34313-02,award,False,[],no,,,CFC 4 Aménagements extérieurs de la nouvelle école - Leytron ,,,,Commune de Leytron ,,CH,VS,1912,,,Leytron ,,
47036c16-2397-4b6e-a5a6-35e27eb86de7,29078,tender,construction,open,without,12c9058b-a746-4a6d-9619-d5f54cfed5a3,2026-05-07,29078-02,award,False,[],no,Sportzentrum Verbier - CFC 272.11 Zentrale Wendeltreppe,,Centre sportif de Verbier - CFC 272.11 Escalier central hélicoïdal,,Quartal Sàrl,,Quartal Sàrl,,CH,VS,1936,Verbier,,Verbier,,
dfcb22af-3a86-4568-96af-e0a0fe5b6d0e,29080,tender,construction,open,without,0abe8746-53d5-4262-8dea-04c3f4847c03,2026-05-07,29080-02,award,False,[],no,Sportzentrum Verbier - CFC 272.12 Schlosserei Gitterrosttreppen,,Centre sportif de Verbier - CFC 272.12 Serrurerie caillebotis-escaliers,,Quartal Sàrl,,Quartal Sàrl,,CH,VS,1936,Verbier,,Verbier,,
07cc175d-01fa-49e6-bbf3-bbe1914bf4be,29129,tender,construction,open,without,20dd32ec-d69c-4d27-a595-a7c9ff48e7e8,2026-05-07,29129-02,award,False,[],no,Sportzentrum Verbier - CFC 273.12 Küchen,,Centre sportif de Verbier - CFC 273.12 Cuisines,,Quartal Sàrl,,Quartal Sàrl,,CH,VS,1936,Verbier,,Verbier,,
956b484d-3df2-4bc6-a02d-989d0661ff61,25965,tender,construction,open,without,8c9551e9-2bc5-4578-8a6b-36c5ee252178,2026-05-06,25965-02,award,False,[],no,,,Construction et transformation des ateliers de l'EPCL sur le site de Crêtelongue à Sierre - CFC 247.7,,,,Service immobilier et patrimoine,,CH,VS,3977,,,Granges,,
bf1ba7c8-b226-4bed-867a-25a43ec76057,29608,tender,construction,open,without,33af9434-f871-44d9-9328-1c7b356761d3,2026-05-06,29608-02,award,False,[],no,,,Copie Construction et transformation des ateliers de l'EPCL sur le site de Crêtelongue à Sierre - CFC 221.4 - Fenêtres et portes extérieures en aluminium,,,,Service immobilier et patrimoine,,CH,VS,3977,,,Granges,,
584c7142-da33-4fb4-86d9-ee3a2c166a14,32297,tender,construction,open,without,fde19c93-a489-4afe-9e66-8db7cc0a6ad7,2026-05-06,32297-02,award,False,[],no,Sanierung Motorfahrzeugkontrolle Visp - Bkp 242 Heizungsanlagen,,,,Dienststelle für Immobilien u. Bauliches Erbe ,,,,CH,VS,3930,Visp,,,,
99444f76-aa08-4984-9d4a-c20b1cebe54e,30225,tender,construction,open,without,367820ba-dbbf-4c03-8faa-969cdac662f3,2026-05-04,30225-02,award,False,[],no,,,"Nouvelle entrée Sud du site chimique de Monthey - LOT 2 GC : Pont, remblai rive droite et chemin rive gauche",,,,Commune de Monthey - Centrale d'achats,,CH,VS,1870,,,Monthey,,
95465d92-7be7-46b7-862a-a376ca087134,28041,tender,construction,open,without,6ae65802-ae69-46e8-b6bf-4a1394da6a55,2026-05-02,28041-02,award,False,[],no,,,Construction d'un EMS & AEMS - St-Maurice - CFC 201 Terrassement + TS,,,,Foyer Saint-Jacques à St-Maurice (Quartal),,CH,VS,1890,,,Saint-Maurice,,
63cdf91b-0bbe-4372-87a6-2281a80010f8,28051,tender,construction,open,without,a872ff08-6a3e-41c3-8211-e83fc1c99f7d,2026-05-02,28051-02,award,False,[],no,,,Construction d'un EMS & AEMS - St-Maurice - CFC 250 Installations sanitaires,,,,Foyer Saint-Jacques à St-Maurice (Quartal),,CH,VS,1890,,,Saint-Maurice,,
4ab479d7-00ef-4625-b969-6f8449ad926f,28057,tender,construction,open,without,2438c218-7f4e-48ad-b057-74d5c19e9bcd,2026-05-02,28057-02,award,False,[],no,,,Construction d'un EMS & AEMS - St-Maurice - CFC 230 Installations électriques,,,,Foyer Saint-Jacques à St-Maurice (Quartal),,CH,VS,1890,,,Saint-Maurice,,
5a646fa7-1615-425d-87af-3539fcf66f8b,28058,tender,construction,open,without,e13c93f7-00bd-41f6-9969-6b6380317fb1,2026-05-02,28058-02,award,False,[],no,,,Construction d'un EMS & AEMS - St-Maurice - CFC 244 Installations ventilation,,,,Foyer Saint-Jacques à St-Maurice (Quartal),,CH,VS,1890,,,Saint-Maurice,,
60ac2c55-1289-456b-a9c2-832dab201b91,28064,tender,construction,open,without,84dec47b-3b5d-407a-9282-8f639dcbd4f7,2026-05-02,28064-02,award,False,[],no,,,Construction d'un EMS & AEMS - St-Maurice - CFC 242 Installations chauffage,,,,Foyer Saint-Jacques à St-Maurice (Quartal),,CH,VS,1890,,,Saint-Maurice,,
729e1378-f037-4cec-9cd9-8c75830102b4,28753,tender,construction,open,without,e1cfcda4-e584-44a6-8928-852e327a45e9,2026-05-02,28753-02,award,False,[],no,,,Construction d'un EMS & AEMS - St-Maurice - CFC 211 Maçonnerie-BA + Préfabriqués,,,,Foyer Saint-Jacques à St-Maurice (Quartal),,CH,VS,1890,,,Saint-Maurice,,
c036a451-b90a-478d-a1e9-599c5a1861fd,32012,tender,construction,open,without,dc97304e-5bce-4597-bb15-1de6c9b67d83,2026-05-01,32012-02,award,False,[],no,,,Commune de Troistorrents - Route du Stade,,,,Commune de Troistorrents,,CH,VS,1872,,,Troistorrents,,
17aee9d4-7ce2-4806-8974-132e74d32cfc,33382,tender,construction,open,without,f3c5eab4-894f-49ff-aeae-0b83b997501f,2026-05-01,33382-02,award,False,[],no,,,"Aménagement du parc quartier de Champlan, Grimisuat",,,,Commune de Grimisuat,,CH,VS,1971,,,Champlan (Grimisuat),,
1c3a7f20-e0a4-4e0f-8c96-5d33acd54fd2,32574,tender,construction,open,without,f1f7a04c-a26f-4868-bd62-80864b78d586,2026-04-29,32574-02,award,False,[],no,,,Aménagement de la place de Clos Lombard à Evolène,,,,Commune d'Evolène - Service technique,,CH,VS,1983,,,Evolène,,
698b09a3-b6f5-4189-bda3-353fcd08443f,23854,tender,construction,open,without,cfd176a1-43f1-4079-a366-ecdd3d0fe031,2026-04-28,23854-02,award,False,[],no,Kopie Kopie Kopie Bau des EDHEA-Campus und der Walliser Nähschule in Siders - BKP 214.3,,Construction du Campus EDHEA et Ecole de couture du Valais à Sierre - CFC 271.0 et 271.1,,,,Service immobilier et patrimoine,,CH,VS,3960,,,Sierre,,
9ae46de1-e863-450d-844d-88cf1c0b12d6,27789,tender,construction,open,without,880744d4-b808-4adb-b542-d0e182899da9,2026-04-28,27789-02,award,False,[],no,,,Extension et rénovation du Lycée-collège de St-Maurice - CFC 214,,,,Service immobilier et patrimoine,,CH,VS,1890,,,St-Maurice,,
f4e5299e-02aa-491a-8785-143aebb2990f,29899,tender,construction,open,without,9b5a1869-c46d-49ab-87b6-dbc211b56f04,2026-04-28,29899-02,award,False,[],no,Kollegium Brig - Sanierung Internat / BKP 221.7 Fenster-Pfosten-Riegelsystem (Südtrakt),,Collège de Brigue - Rénovation de l'internat / BKP 221.7 Système de fenêtres à montants et traverses,,Dienststelle für Immobilien und Bauliches Erbe,,,,CH,VS,3900,Brig-Glis,,,,
cb60efc2-d13b-4836-91f3-6b73d35c8912,30156,tender,construction,open,without,99042b0d-f049-4bf7-ad80-0c06d097bc5f,2026-04-28,30156-02,award,False,[],no,Kollegium Brig - Sanierung Internat / BKP 221.1 Fenster aus Holz-Metall (Südtrakt),,Collège de Brique - Rénovation de l'internat / CFC .... (tract sud),,Service immobilier et patrimoine,,,,CH,VS,3900,Brig-Glis,,,,
4ed5b5b3-802a-46d1-8499-bef92867c1ce,29590,tender,construction,open,without,22b4f7e6-d3d4-4c27-ae39-d6d3b021e89d,2026-04-23,29590-02,award,False,[],no,,,Construction et transformation des ateliers de l'EPCL sur le site de Crêtelongue à Sierre - CFC 211.1 échafaudages,,,,Service immobilier et patrimoine,,CH,VS,3977,,,Granges,,
6e4c2b4b-4232-407d-b715-e31e10455ad9,30453,tender,construction,open,without,6bdcdf14-d9d4-40ca-8d94-84bc897a1010,2026-04-23,30453-02,award,False,[],no,Kollegium Brig - Sanierung Internat / BKP 228.3 Vertikalmarkisen (Südtrakt),,Collège de Brique - Rénovation de l'internat / CFC .... (tract sud),,Dienststelle für Immobilien und Bauliches Erbe,,,,CH,VS,3900,Brig-Glis,,,,
75ba9ea0-d0b0-4ca9-96ab-9454cc300588,32600,tender,construction,invitation,without,23c03669-6110-4236-a1f5-6594eb0acd1d,2026-04-23,32600-02,award,False,[],no,,,"Réfection du giratoire des Crêtes à Grimisuat, sur la RC no 61 St-Germain - Drône - Grimisuat, sur le territoire de la commune de Grimisuat ",,,,"Département de la mobilité, du territoire et de l'environnement",,CH,VS,1971,,,Grimisuat,,
217f074c-730c-4db8-9152-b633eb32dd0c,24487,tender,construction,open,without,a05c646e-70f4-4d53-b544-13405865f512,2026-04-21,24487-02,award,False,[],no,,,Extension et rénovation du Lycée-collège de St-Maurice : ZONE SPORTIVE - CFC 170,,,,Service immobilier et patrimoine,,CH,VS,1890,,,St-Maurice,,
766cbd2d-df3e-49bb-b938-dc7b763cb65b,24511,tender,construction,open,without,84afc863-3ebd-4486-bad0-3dce50843ccc,2026-04-21,24511-02,award,False,[],no,,,Extension et rénovation du Lycée-collège de St-Maurice : ZONE SPORTIVE - CFC 250,,,,Service immobilier et patrimoine,,CH,VS,1890,,,St-Maurice,,
2dc10cfb-a50a-442a-8f0a-19adf8f0dc3e,27790,tender,construction,open,without,7a0f0faf-3107-47ae-8511-77a17ce9df85,2026-04-21,27790-02,award,False,[],no,,,Extension et rénovation du Lycée-collège de St-Maurice - CFC 23,,,,Service immobilier et patrimoine,,CH,VS,1890,,,St-Maurice,,
a649f138-3f86-4824-9ce7-4675638ec3d2,27805,tender,construction,open,without,3f496875-16f1-464c-9ca4-df73b223dcc5,2026-04-21,27805-02,award,False,[],no,,,Extension et rénovation du Lycée-collège de St-Maurice - CFC 211,,,,Service immobilier et patrimoine,,CH,VS,1890,,,St-Maurice,,
96f20200-cced-4138-a661-d89294cfd823,27806,tender,construction,open,without,f5190eb0-9488-4a0c-8613-e6377804508f,2026-04-21,27806-02,award,False,[],no,,,Extension et rénovation du Lycée-collège de St-Maurice - CFC 201,,,,Service immobilier et patrimoine,,CH,VS,1890,,,St-Maurice,,
697ea3fd-7ad3-4458-bcdf-a9aec0ab8546,29908,tender,construction,open,without,85cd4a50-f581-47b8-8109-e0e7c468afbc,2026-04-21,29908-02,award,False,[],no,"Renovierung des Daches der Turnhalle der Mittelschule, Brig",,,,Service immobilier et patrimoine,,,,CH,VS,3290,Brig-Glis,,,,
5d04936b-dc64-40e6-851c-95d46cf46828,31234,tender,construction,open,without,3e4e8eb9-0866-4f3d-bab6-a3ea8522f287,2026-04-21,31234-02,award,False,[],no,Ersatz Trinkwasserleitung Täätschen-Erich,,,,Gemeinde Naters (INGENES AG),,,,CH,VS,3914,Täätschen (Belalp),,,,
31a0d7f3-73e4-4320-a181-a600177b5827,27791,tender,construction,open,without,200defdb-5a9e-4684-8ec3-74494d488e0d,2026-04-17,27791-02,award,False,[],no,,,Extension et rénovation du Lycée-collège de St-Maurice - CFC 261,,,,Service immobilier et patrimoine,,CH,VS,1890,,,St-Maurice,,
ad831063-3d8b-42ff-94f0-63e92f156f1c,28955,tender,construction,open,without,84b6d005-f1a0-4fec-8fac-15bb91e9a313,2026-04-17,28955-02,award,False,[],no,,,Nouvel accès Enevi et trottoir mixte,,,,Enevi (IG group),,CH,VS,1958,,,Uvrier,,
b7f7debe-9c0d-40d9-aef7-eb8f54a3697d,29609,tender,construction,open,without,7e516e1c-2270-4aa0-a8b1-b0668279a621,2026-04-17,29609-02,award,False,[],no,,,Construction et transformation des ateliers de l'EPCL sur le site de Crêtelongue à Sierre - CFC 224.1 - Étanchéité toiture plate enterrée,,,,Service immobilier et patrimoine,,CH,VS,3977,,,Granges,,
9cb9a163-a57a-4f12-8ee7-b55ba6a81b6e,32190,tender,construction,open,without,4a295ddb-9a12-4b39-b5d7-f0f37d434af4,2026-04-13,32190-02,award,False,[],no,Baumeisterarbeiten Fernwärmezentrale Leukerbad - Hochbau,,,,IMION AG,,,,CH,VS,3954,Leukerbad,,,,
0570f7e8-6ee7-48fe-a8c1-0e31d23cba1b,24502,tender,construction,open,without,d0a689ee-9ecf-49cc-9455-e8533b01c936,2026-04-09,24502-02,award,False,[],no,,,Extension et rénovation du Lycée-collège de St-Maurice : ZONE SPORTIVE - CFC 201,,,,Service immobilier et patrimoine,,CH,VS,1890,,,St-Maurice,,
636ef547-7c63-494a-93b5-890b419470aa,24503,tender,construction,open,without,7ed60a26-2903-41fd-9c22-1560f63657da,2026-04-09,24503-02,award,False,[],no,,,Extension et rénovation du Lycée-collège de St-Maurice : ZONE SPORTIVE - CFC 211,,,,Service immobilier et patrimoine,,CH,VS,1890,,,St-Maurice,,
9d199cb3-31a8-4189-87f9-8ccea9fa6656,24504,tender,construction,open,without,46ddc557-d364-485b-bd33-a95bc0900c76,2026-04-09,24504-02,award,False,[],no,,,Extension et rénovation du Lycée-collège de St-Maurice : ZONE SPORTIVE - CFC 214,,,,Service immobilier et patrimoine,,CH,VS,1890,,,St-Maurice,,
d075befb-0269-4272-a524-b68d6287ef48,24506,tender,construction,open,without,25e3fb18-6e2f-4874-923a-a1613c784bdc,2026-04-09,24506-02,award,False,[],no,,,Extension et rénovation du Lycée-collège de St-Maurice : ZONE SPORTIVE - CFC 230,,,,Service immobilier et patrimoine,,CH,VS,1890,,,St-Maurice,,
bd7ca650-b1b7-4c35-bc89-027905dfb3c4,24509,tender,construction,open,without,cc5ff57f-63fd-425b-857b-51e30a9ed302,2026-04-09,24509-02,award,False,[],no,,,Extension et rénovation du Lycée-collège de St-Maurice : ZONE SPORTIVE - CFC 244,,,,Service immobilier et patrimoine,,CH,VS,1890,,,St-Maurice,,
40812b81-6640-42e2-9783-96cbbd469342,27784,tender,construction,open,without,330601c8-5790-4ffc-8b2f-578933d09ae1,2026-04-09,27784-02,award,False,[],no,,,Extension et rénovation du Lycée-collège de St-Maurice - CFC 211.1,,,,Service immobilier et patrimoine,,CH,VS,1890,,,St-Maurice,,
71648f4c-c25d-4c25-a336-e23206570c8c,28925,tender,construction,open,without,e3002360-ffde-4825-8278-06afac5d0546,2026-04-09,28925-02,award,False,[],no,,,"Construction d'un centre médical, salle multi-usages, UAPE et crèche à Evolène - CFC 4 - Aménagements extérieurs",,,,Commune d'Evolène - (madeleine architectes),,CH,VS,1983,,,Evolène,,
fbf0d515-ed13-4329-9e26-6af3827c34e3,32013,tender,construction,open,without,b2fd9b9d-dcad-477b-ad8a-5423d1cc0121,2026-04-08,32013-02,award,False,[],no,,,"Réfection de la chaussée à l'aval des Mayens-de-Sion, sur la RC no 56 Mayens-de-Sion - Les Collons - Thyon, sur le territoire de la commune de Vex",,,,"Département de la mobilité, du territoire et de l'environnement",,CH,VS,1981,,,Vex,,
8404b3d8-ec3c-4767-82aa-a0f3a9500a5f,31145,tender,construction,open,without,183e4937-d2b2-490d-b166-ba8d6a5c32dc,2026-04-06,31145-02,award,False,[],no,,,La Tzoumaz - Assainissement Ancienne RC87 - LOT 2,,,,"Commune de Riddes, Service technique",,CH,VS,1918,,,La Tzoumaz,,
1f2a5479-74a8-4151-86c7-97441dcd6a8a,31149,tender,construction,open,without,66c24da5-62ec-4eb3-873f-499320810517,2026-04-06,31149-02,award,False,[],no,,,La Tzoumaz - Assainissement Ancienne RC87 - LOT 3,,,,"Commune de Riddes, Service technique",,CH,VS,1918,,,La Tzoumaz,,
b13787a2-eb70-4708-91e8-0610ae96a986,31262,tender,construction,open,without,dcb067f1-6e61-4fde-8b17-13137c1bcdd7,2026-04-03,31262-02,award,False,[],no,,,Cleuson-Dixence - Tuyauterie de la future dotation sise à la fenêtre F2 située à Tortin,,,,HYDRO Exploitation SA,,CH,VS,1993,,,Tortin-Nendaz,,
c04b3617-d412-4bc9-a25a-7ee573f4912a,29949,tender,construction,open,without,985c687c-54fe-4afb-adbf-cd6048da7de6,2026-04-01,29949-02,award,False,[],no,,,"Modification de la géométrie du giratoire de la Sitterie, PR 20+796, sur la RPS H206a Déviation Sion Est - La Muraz, sur le territoire de la commune de Sion",,,,"Département de la mobilité, du territoire et de l'environnement",,CH,VS,1950 ,,,Sion,,
0f65d25a-e00d-41db-9759-70ed6c583674,31313,tender,construction,open,without,eed158cd-516a-4d46-ba75-d30b5956d173,2026-04-01,31313-02,award,False,[],no,,,Route d'Antzère et Av. Gare - TC15 - Conthey - Travaux GC et CAD,,,,"Sogaval SA, société gérée par OIKEN SA",,CH,VS,1964,,,Conthey,,
f0ac7d81-8e22-40df-bacb-fb2aa94c095b,31420,tender,construction,open,without,a33a07d0-ea84-4255-8d17-1282fe5d91f2,2026-04-01,31420-02,award,False,[],no,,,"Réfection de la chaussée à l'aval de Chandolin, sur la RC no 42 Vissoie - St-Luc - Chandolin, sur le territoire de la commune d'Anniviers",,,,"Département de la mobilité, du territoire et de l'environnement",,CH,VS,3961,,,Chandolin,,
067d9c76-ca73-4c4d-965e-c36a0f5324b3,30092,tender,construction,open,without,0c186fd9-40fa-4c96-be81-e3b37545392a,2026-03-31,30092-02,award,False,[],no,,,"Réfection de la route de l'Astoria à Montana, sur la RC no 624 Mollens - Aminona - Crans, sur le territoire de la commune de Crans-Montana",,,,"Département de la mobilité, du territoire et de l'environnement",,CH,VS,3963,,,Crans-Montana,,
58290410-b4f9-44bf-8ad5-17d22c6c3f93,24507,tender,construction,open,without,b0512636-6193-4011-a454-4d0b41839771,2026-03-30,24507-02,award,False,[],no,,,Extension et rénovation du Lycée-collège de St-Maurice : ZONE SPORTIVE - CFC 242,,,,Service immobilier et patrimoine,,CH,VS,1890,,,St-Maurice,,
b0eae5e7-b81b-4b3b-aba2-fdcd097ddd07,27802,tender,construction,open,without,b46b01f9-c2b8-4dd9-b41c-b2554ccd3d92,2026-03-30,27802-03,award,False,[],no,,,Construction du nouveau Lycée-Collège Ella Maillart (au Cours Roger Bonvin) à Sion - CFC 900 Mobilier classes,,,,Service immobilier et patrimoine,,CH,VS,1950,,,Sion,,
6c236575-65c3-4594-8873-90c6e0119efd,27804,tender,construction,open,without,e5399f4f-01a1-493d-9b37-571b09ab446e,2026-03-30,27804-03,award,False,[],no,,,Construction du nouveau Lycée-Collège Ella Maillart (au Cours Roger Bonvin) à Sion - CFC 904 Mobilier réfectoire,,,,Service immobilier et patrimoine,,CH,VS,1950,,,Sion,,
adb21c7c-718c-46c8-83e6-f040b82b10c5,26374,tender,construction,open,without,24070595-0713-47ec-9c16-cb5f0f1153ff,2026-03-28,26374-02,award,False,[],no,,,"Réfection de la chaussée sur le tronçon de la rue de la Dixence sis aux abords immédiats du futur collège de Sion, sur la RC no 536 Sion Centre - Champsec, sur le territoire de la commune de Sion",,,,"Département de la mobilité, du territoire et de l'environnement",,CH,VS,1950,,,Sion,,
1b436f13-9b97-4514-9693-a7e6cb34f115,29144,tender,construction,open,without,bd0ad5e8-435d-4a5b-9638-ba5a68bd8c77,2026-03-27,29144-02,award,False,[],no,,,"Aménagements de modération et réseaux CAD, FAD, meunière - Rues des Cèdres et Marc Morand",,,,Commune de Martigny - Services Techniques ,,CH,VS,1920,,,Martigny,,
e228ee5d-aa6b-4c88-8793-4daf1ca48be3,30356,tender,construction,open,without,61d23251-63a5-4d2b-a594-8852d23234fc,2026-03-27,30356-02,award,False,[],no,,,"Réfection de la chaussée entre Basse-Nendaz et Sornard, sur la RC no 62 Sion - Nendaz, sur le territoire de la commune de Nendaz",,,,"Département de la mobilité, du territoire et de l'environnement",,CH,VS,1996,,,Nendaz,,
c5b1b1d8-d979-4cfd-9207-bf93bf5bb00c,24939,tender,construction,open,without,3da3dd85-823f-427d-a6c7-6bc7af2ed214,2026-03-25,24939-02,award,False,[],no,,,Extension et rénovation du Lycée-collège de St-Maurice - CFC 250,,,,Service immobilier et patrimoine,,CH,VS,1890,,,St-Maurice,,
d949e7d0-6ed2-46d4-98b7-da86dcdb7aff,25497,tender,construction,open,without,b00d678f-2ac3-4da3-9ea8-4309d4990398,2026-03-24,25497-02,award,False,[],no,,,Projet d’aménagement des mesures de protection contre les crues du Torrent de Prapane à Vissoie – Etapes 2 et 3,,,,Commune d'Anniviers (Bureau d'ingénieurs Crettaz et Partenaires SA),,CH,VS,3961,,,Vissoie,,
67db9767-42ca-4488-b98d-e369e948fbb2,30882,tender,construction,open,without,f0c9c6a9-3533-40f2-b714-8de5cc564562,2026-03-19,30882-02,award,False,[],no,"Baumeisterarbeiten für die Gesamtsanierung Dorfstrasse ab Dorfplatz, Termen",,,,Gemeinde Termen (SPI Schmidhalter Partner Ingenieure AG),,,,CH,VS,3911,Termen,,,,
7a287be1-4007-4a6c-bcb4-214ac92a9238,30784,tender,construction,invitation,without,c1768028-c538-4954-a89d-a3d1a9c3ed3f,2026-03-18,30784-02,award,False,[],no,,,"Réfection de la route d'Ayer et du pont sur le torrent du Moulin, à Vissoie, sur la RC no 40 Sierre - Vissoie - Ayer - Zinal, sur le territoire de la commune d'Anniviers",,,,"Département de la mobilité, du territoire et de l'environnement",,CH,VS,3961,,,Vissoie,,
e2d43e98-01bd-46ba-b71c-f2e60fbbd0ea,31283,tender,construction,open,without,342de687-7f9c-4238-8fb6-8fdba524b665,2026-03-18,31283-02,award,False,[],no,,,"Réfection de la chaussée sur le tronçon de route compris entre La Boverêche et Montana, sur la RC no 624 Mollens - Aminona - Crans, sur le territoire de la commune de Crans-Montana",,,,"Département de la mobilité, du territoire et de l'environnement",,CH,VS,3963,,,Crans-Montana,,
35b5651a-be4e-443a-a821-035183af5932,12997,tender,construction,open,without,8b10333f-1a44-41ac-80cd-32cad33245e7,2026-03-17,12997-02,award,False,[],no,Neubau Schulhaus Lalden - Bkp 421 Gärtnerarbeiten,,,,Gemeinde Lalden,,,,CH,VS,3931,Lalden,,,,
4c9b95e6-7745-4218-9121-7b82e1802d33,22732,tender,construction,open,without,bbbc0e3c-3bc0-4fc5-b0e8-f2b4c18a4653,2026-03-17,22732-02,award,False,[],no,"Schulhaus Bitsch - Bkp 273.1 Wandschränke und Gestelle, allg. Schreinerarbeiten",,,,Gemeinde Bitsch,,,,CH,VS,3982,Bitsch,,,,
fd42757f-be9a-48b4-aea3-a72af1041446,6509,tender,construction,open,without,6e2406ab-22c3-4b81-b979-ec50c15b6019,2026-03-17,6509-02,award,False,[],no,Neubau Schulhaus Lalden,,,,VWARCH Architekten,,,,CH,VS,3931,Lalden,,,,
07bc1c17-7b8d-4097-ae68-6648b32cdd17,25470,tender,construction,open,without,bcc6a8b5-6cdf-436d-882b-1b8a234a7952,2026-03-13,25470-03,award,False,[],no,Kopie Kollegium Brig - Sanierung Internat / BKP 283.4 Deckenbekleidung aus Holz und Holzwerkstoffen (Südtrakt),,,,Service immobilier et patrimoine,,,,CH,VS,3900,Brig-Glis,,,,
b27c5f69-a625-4252-b048-a14a12f15fa0,18194,tender,construction,open,without,9849be57-7a8d-4d00-9565-f40389372df6,2026-03-12,18194-02,award,False,[],no,,,Réfection de la protection anticorrosion intérieure du puits blindé Louvie-Fionnay et du répartiteur de Fionnay,,,,HYDRO Exploitation SA,,CH,VS,1948,,,Fionnay,,
6d5f882c-969f-4eb8-8618-a2004fa68876,22311,tender,construction,open,without,848386df-c4a8-499f-988a-3e3f75c0fe74,2026-03-12,22311-02,award,False,[],no,Präqualifikation Totalunternehmer-Ausschreibung für das Neubauprojekt - Wohnungen für Athleten und saisonale Angestellte in Ulrichen (Gemeinde Obergoms),,,,Gemeinde Obergoms,,,,CH,VS,3988,Ulrichen (Gemeinde Obergoms),,,,
fcb149e7-9033-4046-beaa-f4c429257a6c,28642,tender,construction,open,with,6e9cc4a6-08f8-406f-a477-7e497663a326,2026-03-12,28642-02,award,False,"[{'publicationId': '6e9cc4a6-08f8-406f-a477-7e497663a326', 'publicationDate': '2026-03-12', 'publicationNumber': '28642-02', 'pubType': 'award', 'corrected': False, 'lotId': 'c6fe58c0-0e9e-41ea-8c94-f6c045ad0653', 'lotNumber': 1, 'lotTitle': {'de': 'KKW Bifig, Saas Fee - Los 1', 'en': None, 'fr': None, 'it': None}, 'orderAddressOnlyDescription': 'no', 'orderAddress': {'countryId': 'CH', 'cantonId': 'VS', 'postalCode': '3906', 'city': {'de': 'Saas Fee', 'en': None, 'fr': None, 'it': None}}}, {'publicationId': '4c8882ca-48d2-452d-88f5-d25d8093dd54', 'publicationDate': '2026-03-12', 'publicationNumber': '28642-03', 'pubType': 'award', 'corrected': False, 'lotId': '1f2dd932-98d6-43ec-8ccf-67bf93fa31e2', 'lotNumber': 2, 'lotTitle': {'de': 'KKW Bifig, Saas Fee - Los 2', 'en': None, 'fr': None, 'it': None}, 'orderAddressOnlyDescription': 'no', 'orderAddress': {'countryId': 'CH', 'cantonId': 'VS', 'postalCode': '3906', 'city': {'de': 'Saas-Fee', 'en': None, 'fr': None, 'it': None}}}, {'publicationId': '92bfba0b-34fd-48d2-9f28-7ff3961cfca8', 'publicationDate': '2026-03-12', 'publicationNumber': '28642-04', 'pubType': 'award', 'corrected': False, 'lotId': '4826d8e7-a620-4f29-bc38-8099dd02615d', 'lotNumber': 3, 'lotTitle': {'de': 'KKW Bifig, Saas Fee - Los 3', 'en': None, 'fr': None, 'it': None}, 'orderAddressOnlyDescription': 'no', 'orderAddress': {'countryId': 'CH', 'cantonId': 'VS', 'postalCode': '3906', 'city': {'de': 'Saas-Fee', 'en': None, 'fr': None, 'it': None}}}]",,"KKW Bifig, Saas-Fee",,,,KWKW Bifig Saas-Fee AG,,,,,,,,,,,
0be5749d-cc72-4dde-a22c-a6ef98a17c34,20624,tender,construction,open,without,8c7b386b-bc49-41b1-8a86-f36d99f7269e,2026-03-06,20624-02,award,False,[],no,HG24 Galerie Wandschluichen - Hauptarbeiten,,,,Dienststelle für Mobilität - Kreis 1 Oberwallis,,,,CH,VS,3916,Ferden,,,,
5d392192-bb28-4e39-9d16-43a294795d7c,25720,tender,construction,open,without,f255dc26-a717-4ea0-a8c3-7cf72b11f827,2026-03-06,25720-03,award,False,[],no,,,Appel d'offres UAPE de Borzuat - Fenêtres bois-métal,,,,Ville de Sierre - Centrale des achats,,CH,VS,3960,,,Sierre,,
2cea8775-4586-411a-bc6c-3174851caf7f,25722,tender,construction,open,without,5c8907a9-4c16-4c38-a01f-02fb2864c4b0,2026-03-06,25722-03,award,False,[],no,,,Appel d'offres UAPE de Borzuat - électricité + luminaires,,,,Ville de Sierre - Centrale des achats,,CH,VS,3960,,,Sierre,,
3a072967-7301-43b4-b151-5898f226da8a,25725,tender,construction,open,without,71f6f4b3-09c6-4908-afb5-aacae3bb3deb,2026-03-06,25725-02,award,False,[],no,,,Appel d'offres UAPE de Borzuat - installation de chauffage,,,,Ville de Sierre - Centrale des achats,,CH,VS,3960,,,Sierre,,
82676be4-6cd4-4c44-b822-4ffbea902d60,25253,tender,construction,open,without,42dcf477-271a-48cb-8d7e-13906a960275,2026-03-04,25253-02,award,False,[],no,Sportzentrum Verbier - CFC 272.01 Technische Metalltüren,,Centre sportif de Verbier - CFC 272.01 Portes métalliques techniques,,Quartal Sàrl,,Quartal Sàrl,,CH,VS,1936,Verbier,,Verbier,,
b7aa62e3-cca1-464b-9f8b-8d4e456db761,25254,tender,construction,open,without,bce58d1b-fe07-41f8-beb2-7345d9544b14,2026-03-04,25254-02,award,False,[],no,Sportzentrum Verbier - CFC 272.00 Metalltüren mit Verglasung + Metalltrennwände mit Verglasung,,Centre sportif de Verbier - CFC 272.00 Portes métalliques vitrées + cloisons vitrées en métal,,Quartal Sàrl,,Quartal Sàrl,,CH,VS,1936,Verbier,,Verbier,,
5cd77ed1-6538-4a15-a861-15c2259724bf,25258,tender,construction,open,without,ab731ac9-ec45-4bcf-bb1f-5d091966cd45,2026-03-04,25258-02,award,False,[],no,Sportzentrum Verbier - CFC 283.7 Metall-Zwischendecken,,Centre sportif de Verbier - CFC 283.7 Faux plafonds métalliques,,Quartal Sàrl,,Quartal Sàrl,,CH,VS,1936,Verbier,,Verbier,,
c0c128bc-2dfd-41aa-989d-918c81a41609,28555,tender,construction,open,without,f23a71b1-6b96-4403-847e-e6500fbcde99,2026-03-04,28555-02,award,False,[],no,,,STEP de Granges CFC 221.4 Fenêtres et portes en métal léger,,,,"Association intercommunale pour la station d'épuration de Granges (VS) (bisa - bureau d'ingénieurs sa, BAMO)",,CH,VS,3977,,,Granges,,
59465b6f-f1bb-4395-8390-fbd25a7734ac,28570,tender,construction,open,without,9dc0cfb1-792b-45bd-b85d-7a0c098cf5d7,2026-03-04,28570-02,award,False,[],no,,,STEP de Granges (VS) CFC 224 Etanchéité - ferblanterie,,,,"Association intercommunale pour la STEP de Granges (VS) (bisa - bureau d'ingénieurs sa, BAMO)",,CH,VS,3977,,,Granges,,
baee41ef-abf8-4b4a-8ee7-8137e487d1a4,28572,tender,construction,open,without,480c2e43-ff3d-4a56-a878-869f1943f5cd,2026-03-04,28572-02,award,False,[],no,,,STEP de Granges (VS) CFC 226.2 Isolations thermiques extérieures crépies,,,,"Association intercommunale pour la STEP de Granges (VS) (bisa - bureau d'ingénieurs sa, BAMO)",,CH,VS,3977,,,Granges,,
3d8aeeef-5908-485c-909f-858a7dc83df8,15344,tender,construction,open,without,b12a9049-b013-4fb6-9928-27dceb0257ec,2026-03-03,15344-02,award,False,[],no,,,Construction du nouveau Lycée-Collège Ella Maillart (au Cours Roger Bonvin) à Sion - CFC 801 Tableaux blancs salles de classes,,,,Service immobilier et patrimoine,,CH,VS,1950,,,Sion,,
5c0462c0-7151-476d-88e6-87534b56ec79,25251,tender,construction,open,without,8837fa26-a1a5-4b89-ad05-6def24a9d6f1,2026-03-03,25251-02,award,False,[],no,Sportzentrum Verbier - CFC 271-285 Verputz-Malerarbeiten,,Centre sportif de Verbier - CFC 271-285 Plâtrerie-peinture,,Quartal Sàrl,,Quartal Sàrl,,CH,VS,1936,Verbier,,Verbier,,
d4de4346-bf1f-4c67-b13d-fda0a71961ca,25957,tender,construction,open,without,6b7126c2-6185-46aa-ad14-ef32e53ff0f6,2026-03-03,25957-02,award,False,[],no,,,Construction et transformation des ateliers de l'EPCL sur le site de Crêtelongue à Sierre - CFC 23,,,,Service immobilier et patrimoine,,CH,VS,3977,,,Granges,,
3c12ccb7-744d-4f47-a16d-18c428687ee1,26196,tender,construction,open,without,19f891d8-7268-4168-bc0a-c59308ab23a2,2026-02-27,26196-02,award,False,[],no,,,Mini Centrale électrique de Nava à Ayer,,,,Commune d'Anniviers ,,CH,VS,3961,,,Ayer,,
e62b11d5-6aab-4502-8d5f-4b2dd3f8251d,24027,tender,construction,open,without,e35f8975-838b-49cd-8495-b7077b41c089,2026-02-25,24027-03,award,False,[],no,Doc2716953486_UW Zermeiggern Los 10 Baumeister,,Doc2716953486_UW Zermeiggern Los 10 Baumeister,,Swissgrid AG - Engineering & Construction,,Swissgrid AG - Engineering & Construction,,CH,VS,3905,Saas-Almagell,,Saas-Almagell,,
b3783cd1-c842-4f00-8bd5-e52cf7fb868c,28619,tender,construction,open,without,a5bf84e5-e4b4-4897-a187-babbac050593,2026-02-25,28619-02,award,False,[],no,,,Saillon - Réfection de la Route du Clos D'Avaux - Travaux de génie civil,,,,Commune de Saillon - Services techniques,,CH,VS,1913,,,Saillon,,
799b02de-e707-4bd8-b223-a535ac3ffd32,24598,tender,construction,open,without,6c19ff74-d584-4c9f-859c-a43725de9395,2026-02-24,24598-02,award,False,[],no,,,Fourniture et installation des équipements pour une central de chauffage à distance à St-Germain Savièse,,,,OIKEN SA Achats & Logistique ,,CH,VS,1965,,,St-Germain / Savièse ,,
e0ed94ec-3a11-4465-b283-5512addd5f49,12286,tender,construction,open,with,c514dfc4-c281-4d14-98cc-9ee922f470c1,2026-02-20,12286-02,award,False,"[{'publicationId': 'c514dfc4-c281-4d14-98cc-9ee922f470c1', 'publicationDate': '2026-02-20', 'publicationNumber': '12286-02', 'pubType': 'award', 'corrected': False, 'lotId': '99b63cb6-d33a-435c-8b50-b62b704bfe47', 'lotNumber': 1, 'lotTitle': {'de': None, 'en': None, 'fr': 'HVS extension - CFC 287 - façades, patios et abords', 'it': None}, 'orderAddressOnlyDescription': 'no', 'orderAddress': {'countryId': 'CH', 'cantonId': 'VS', 'postalCode': '1950', 'city': {'de': None, 'en': None, 'fr': 'Sion', 'it': None}}}, {'publicationId': '2f3dc825-20de-42fe-8adf-58af04136122', 'publicationDate': '2026-02-20', 'publicationNumber': '12286-04', 'pubType': 'award', 'corrected': False, 'lotId': '7b2d1882-7fc9-44da-a3f8-1e78041978c2', 'lotNumber': 2, 'lotTitle': {'de': None, 'en': None, 'fr': 'HVS extension - CFC 287 - nettoyage du niveau A - lot 2', 'it': None}, 'orderAddressOnlyDescription': 'no', 'orderAddress': {'countryId': 'CH', 'cantonId': 'VS', 'postalCode': '1950', 'city': {'de': None, 'en': None, 'fr': 'Sion', 'it': None}}}, {'publicationId': '2d6eb782-9ec6-46d4-8442-d91462c0a7d2', 'publicationDate': '2026-02-20', 'publicationNumber': '12286-05', 'pubType': 'award', 'corrected': False, 'lotId': 'eab39c6f-5596-497e-94ca-181e0a2bae06', 'lotNumber': 3, 'lotTitle': {'de': None, 'en': None, 'fr': 'HVS extension - CFC 287 - nettoyage - lot 3', 'it': None}, 'orderAddressOnlyDescription': 'no', 'orderAddress': {'countryId': 'CH', 'cantonId': 'VS', 'postalCode': '1950', 'city': {'de': None, 'en': None, 'fr': 'Sion', 'it': None}}}, {'publicationId': 'c8d8ec46-d11a-4533-8bbf-c86670cc3ce3', 'publicationDate': '2026-02-20', 'publicationNumber': '12286-06', 'pubType': 'award', 'corrected': False, 'lotId': 'c41e4c79-cbcb-4255-805a-53ec20ac3e16', 'lotNumber': 4, 'lotTitle': {'de': None, 'en': None, 'fr': 'HVS extension - CFC 287 - nettoyage - lot 4 niveau C et E', 'it': None}, 'orderAddressOnlyDescription': 'no', 'orderAddress': {'countryId': 'CH', 'cantonId': 'VS', 'postalCode': '1950', 'city': {'de': None, 'en': None, 'fr': 'Sion', 'it': None}}}, {'publicationId': '92b375dc-099f-41ba-b204-57998144eefb', 'publicationDate': '2026-02-20', 'publicationNumber': '12286-07', 'pubType': 'award', 'corrected': False, 'lotId': '6746a63e-c30f-4c3c-a58a-8a1c42afb339', 'lotNumber': 5, 'lotTitle': {'de': None, 'en': None, 'fr': 'HVS extension - CFC 287 - lot 5 - niveau D et com.', 'it': None}, 'orderAddressOnlyDescription': 'no', 'orderAddress': {'countryId': 'CH', 'cantonId': 'VS', 'postalCode': '1950', 'city': {'de': None, 'en': None, 'fr': 'Sion', 'it': None}}}, {'publicationId': 'c1fee7a0-4e98-4c83-8d27-91030e206fd7', 'publicationDate': '2026-02-20', 'publicationNumber': '12286-03', 'pubType': 'award', 'corrected': False, 'lotId': '5ab27736-4d74-4211-873b-7f6a2e0d9db8', 'lotNumber': 6, 'lotTitle': {'de': None, 'en': None, 'fr': 'HVS extension - CFC 287 - lot 6 - Niveau U ', 'it': None}, 'orderAddressOnlyDescription': 'no', 'orderAddress': {'countryId': 'CH', 'cantonId': 'VS', 'postalCode': '1950', 'city': {'de': None, 'en': None, 'fr': 'Sion', 'it': None}}}]",,,,HVS extension - CFC 287 - nettoyage,,,,Hôpital du Valais - Projets stratégiques,,,,,,,,,
cdae94b4-5d17-4b8f-bf9c-81f9d3881c8c,12310,tender,construction,open,without,1dd91a41-25d2-44d7-87e8-41bf986e1877,2026-02-20,12310-02,award,False,[],no,,,HVS extension - CFC 411-463 - aménagements extérieurs génie civil,,,,Hôpital du Valais - Projets stratégiques,,CH,VS,1950,,,Sion,,
952cf548-76a9-4224-bb58-1066f545a4ce,25832,tender,construction,open,without,75e4051b-300a-46f0-b24a-304fd0818acc,2026-02-20,25832-02,award,False,[],no,ARA Briglina Realisierung BKP 211.11 Baumeisterarbeiten,,,,Gemeindezweckverband ARA Briglina ,,,,CH,VS,3900,Gamsen,,,,
f5a61a50-dcb5-4f4b-b54c-82866481ac5d,26570,tender,construction,open,without,1618bda5-2bf7-4369-982a-b714af7e0986,2026-02-20,26570-02,award,False,[],no,Totalsanierung Badhaltestrasse - Brigerbad,,,,Stadtgemeinde Brig-Glis (Emch+Berger AG Bern),,,,CH,VS,3900,Brigerbad,,,,
aa9265b9-5f9f-403a-9d1e-b769186dd2bd,26574,tender,construction,open,without,c08152ec-1fd7-484c-a38a-e27b20badeef,2026-02-20,26574-02,award,False,[],no,Totalsanierung Badhaltestrasse - Brigerbad,,,,Stadtgemeinde Brig-Glis (Emch+Berger AG Bern),,,,CH,VS,3900,Brigerbad,,,,
1c9c113f-7a9c-4640-b407-316acfffd883,26622,tender,construction,open,without,cf97f072-1588-4f83-907d-296af066136e,2026-02-20,26622-02,award,False,[],no,ARA Briglina - Realisierung BKP 332 Elektroinstallationen,,,,Zweckverband ARA Briglina – Ausbau und EMV (SPI),,,,CH,VS,3902,Gamsen,,,,
3cdb5fa7-1386-48c6-8d9f-e774ba17ae96,27798,tender,construction,open,without,1c064918-720d-4ec0-b27a-43d74e1771bb,2026-02-20,27798-02,award,False,[],no,Neubau Fernwärmeleitung Heizzentrale Klostermatte – Unterstation Geschina Brig-Glis,,,,Stadtgemeinde Brig-Glis,,,,CH,VS,3900,Brig,,,,
c082813d-b9d9-4f50-8440-ae1294705b02,28861,tender,construction,open,without,2d89c89e-54de-46fc-b5a6-8bc21297aa4c,2026-02-18,28861-02,award,False,[],no,Neubau Turnhalle und Kindergarten in 3942 Raron - BKP 221.1 Fenster aus Holz und Holz-Metall,,,,Einwohnergemeinde Raron,,,,CH,VS,3942,Raron,,,,
098d30b9-19a7-484e-bd6c-6628ed5e4e5d,24336,tender,construction,open,without,a4d57250-0f3c-4322-af11-54da662dfb81,2026-02-17,24336-02,award,False,[],no,,,Construction et transformation des ateliers de l'EPCL sur le site de Crêtelongue à Sierre - CFC 211.5,,,,Service immobilier et patrimoine,,CH,VS,3977,,,Granges,,
07d7e2bc-c79b-413f-af7c-6661b157a762,27720,tender,construction,open,without,d078c659-d230-48d8-9524-b5f387a75011,2026-02-16,27720-02,award,False,[],no,,,CAD Sierre - Route de l'Hôpital - Secteur 2026,,,,"Sogaval SA, société gérée par OIKEN SA",,CH,VS,3960,,,Sierre,,
dd11e8c5-2f3a-43cf-b9bc-ff23816cc877,27850,tender,construction,open,without,5da97ce5-64ed-497c-9d38-8a07570e9965,2026-02-14,27850-02,award,False,[],no,"WVB Klostermatte - FW Erschliessung UST Geschina, ",,RDC Klostermatte - Chauffage à distance raccordement sous station Geschina,,Stadtgemeinde Brig Glis (Elimes AG),,,,CH,VS,3902,Brig-Glis,,,,
1695f020-52df-4268-a520-34db98b75123,12201,tender,construction,open,without,5bf68206-841a-46d7-8e04-fe4bf2ec6477,2026-02-13,12201-02,award,False,[],no,,,Transformation d'une halle en bureaux administratifs / Bâtiment B sur site de Piscine à Sion,,,,"Etat du Valais, Département des finances et de l'énergie, Service immobilier et patrimoine",,CH,VS,1950,,,Sion,,
9ff757bc-0081-4f10-adc1-37536eea027f,27311,tender,construction,open,without,a439bbdc-2ad6-4eb5-8728-6e49764237d5,2026-02-13,27311-02,award,False,[],no,,,"Entretien spécialisé du pont sur les voies CFF à St-Léonard, sur la RC no 52 St-Léonard - Bramois, sur le territoire de la commune de St-Léonard",,,,"Département de la mobilité, du territoire et de l'environnement",,CH,VS,1958,,,St-Léonard,,
0e70d1be-fe7a-4dae-9da7-cb866ed869c2,27466,tender,construction,open,without,6bf0dce7-dec2-4755-a2d8-b472b783d768,2026-02-12,27466-03,award,False,[],no,,,Commune de Riddes - Réfection de la route des CFF - Travaux de génie civil,,,,Commune de Riddes,,CH,VS,1908,,,Riddes,,
161dc25d-1ff8-4dcf-aba4-19cd6ba9b781,25461,tender,construction,open,without,a0ebce5c-cf5a-418f-b238-057bfc6ef4ca,2026-02-11,25461-03,award,False,[],no,Kollegium Brig - Sanierung Internat / BKP 222 + 224 Spengler- und Bedachungsarbeiten (Südtrakt),,,,Service immobilier et patrimoine,,,,CH,VS,3900,Brig-Glis,,,,
435c6883-0cbd-4122-9e4e-a3df67d77bc7,28229,tender,construction,open,without,b97d8a6a-c9d5-4670-83a5-ede98ec94ab5,2026-02-07,28229-02,award,False,[],no,Zahnstangenweichen Bahnhof GGB Zermatt,,,,Beschaffungsstelle Matterhorn Gotthard Bahn,,,,CH,VS,3920,Zermatt,,,,
1f9142cc-a73f-4fc0-a6de-913e03145e11,26123,tender,construction,invitation,without,16a059ab-c274-46c5-b7a6-50e5a7567b52,2026-02-06,26123-02,award,False,[],no,"Neubau Fleischzentrum und TKS Region Goms-Oberwallis / 281 Unterlagsboden, Fugenlose Boden- und Wandbeläge",,,,Gemeinde Goms,,,,CH,VS,3998,Reckingen,,,,
475e679b-ac66-40c4-b1ad-f77bd6a42c98,15880,tender,construction,open,without,38ac8f13-4860-47c3-88df-d9d6cb6a863b,2026-02-04,15880-03,award,False,[],no,,,Renouvellement des sous-stations de Salvan et de Finhaut - Equipements courant traction,,,,Achats - TMR SA,,CH,VS,1922,,,Salvan,,
4c047ff4-cb6b-4008-b843-07758e4e33c2,29040,tender,construction,open,without,c60e859b-06b2-4edf-8d03-2222d868e878,2026-02-04,29040-02,award,False,[],no,Mountainbike-Trail Hohsaas–Kreuzboden,,,,Gemeinde Saas-Grund (Bike Plan AG),,,,CH,VS,3910,Saas-Grund,,,,
17d2f527-e143-48cd-8856-f13db99419bb,24349,tender,construction,open,without,7691349c-48a7-4e33-aaa6-3ec7aaee3854,2026-02-03,24349-02,award,False,[],no,,,Construction et transformation des ateliers de l'EPCL sur le site de Crêtelongue à Sierre - CFC 214.1,,,,Service immobilier et patrimoine,,CH,VS,3977,,,Granges,,
3699fa80-ef78-4d2f-97e3-4c206fae4f14,26606,tender,construction,open,without,4c1899df-c05f-437b-8dfb-9c5f1a48a2c2,2026-01-31,26606-02,award,False,[],no,"Neubau 15er-Pendelbahn Hungerberg, Oberwald",,,,Gemeinde Obergoms,,,,CH,VS,3999,Oberwald,,,,
15c7554e-7ad8-4509-a43e-5ebfec11b503,24922,tender,construction,open,without,bd0e140a-d7d9-4281-aa9f-c48b0941935c,2026-01-30,24922-02,award,False,[],no,,,Extension et rénovation du Lycée-collège de St-Maurice - CFC 112,,,,"Etat du Valais, Service immobilier et patrimoine - Investissements",,CH,VS,1890,,,St-Maurice,,
f14d6038-04e0-4e0e-9499-d48ac457d5e6,25259,tender,construction,open,without,909cbf58-671f-407b-9761-604133aa8c7c,2026-01-30,25259-02,award,False,[],no,"SZO Spital Wallis - SKP 225.1 Fugendichtungen, Neubau",,"SZO Hôpital du Valais - SKP 225.1 Joints d'étanchéité, nouvelle construction",,Spital Wallis - Spitalzentrum Oberwallis,,Hôpital du Valais - Centre hospitalier du Haut-Valais,,CH,VS,3900,3900 Brig-Glis,,Brigue-Glies,,
93fbeaf0-8161-4a71-b217-c88c82c2e124,23748,tender,construction,open,without,6f39421c-cd44-4be7-8eac-584d34948f69,2026-01-28,23748-02,award,False,[],no,390065 TU Station Münster - Baumeisterarbeiten,, 390065 TU Station Münster - travaux de construction,,Beschaffungsstelle Matterhorn Gotthard Bahn,,,,CH,VS,3985,Münster,,,,
4a8c3ce7-86c8-42ae-a639-f1f3a23b4472,21347,tender,construction,open,without,c0d2f118-ef48-4b1b-bc80-08094faa09dd,2026-01-26,21347-02,award,False,[],no,,,Création d’espaces sportifs (Verney),,,,Commune de Monthey - Chancellerie - Central d'achats,,CH,VS,1870,,,Monthey,,
1409b6ed-6633-4874-8f14-5b56ba6da2db,20559,tender,construction,open,without,047a0417-778f-413e-a33a-a7151a7b0194,2026-01-22,20559-02,award,False,[],no,Kopie Bau des EDHEA-Campus und der Walliser Nähschule in Siders - BKP 214.3,,Construction du Campus EDHEA et Ecole de couture du Valais à Sierre - CFC 226.2,,,,Service immobilier et patrimoine / Dienststelle für Immobilien und Bauliches Erbe - Investissements / Investitionen,,CH,VS,3960,,,Sierre,,
1633db1f-35e4-44ce-907d-fe182ec57e19,24347,tender,construction,open,without,77693842-1417-42b3-bb68-08ba318749ca,2026-01-22,24347-02,award,False,[],no,,,Construction et transformation des ateliers de l'EPCL sur le site de Crêtelongue à Sierre - CFC 215.5,,,,Service Immobilier et Patrimoine - Investissement / Dienststelle für Immobilien und Bauliches Erbe - Investitionen,,CH,VS,3977,,,Granges,,
19a90649-3a9c-4d76-9e54-7ffd6c3b7fbb,24937,tender,construction,open,without,701bfde3-ad02-440d-8ba6-97c8eaa601d5,2026-01-16,24937-02,award,False,[],no,,,Extension et rénovation du Lycée-collège de St-Maurice - CFC 113,,,,"Etat du Valais, Service immobilier et patrimoine - Investissements",,CH,VS,1890,,,St-Maurice,,
ab84ddb9-387e-4927-ba60-f0f6eeb07c30,24817,tender,construction,open,without,af034f0e-35a8-461c-9d8f-7e3ad26a366f,2026-01-15,24817-02,award,False,[],no,Ausbau und Erweiterung Altersheim St. Barbara in 3917 Kippel - BKP 211 Baumeisterarbeiten,,,,APH St. Barbara,,,,CH,VS,3917,Kippel,,,,
520eca6a-a9f3-4e88-9b2e-3089865a428e,24823,tender,construction,open,without,9b75e7a5-d716-49c2-b95a-83702723e089,2026-01-15,24823-02,award,False,[],no,Ausbau und Erweiterung Altersheim St. Barbara in 3917 Kippel - BKP 214 Montagebau in Holz,,,,APH St. Barbara,,,,CH,VS,3917,Kippel,,,,
7b563d8a-edb6-457e-abb8-d8a0b2302c74,24824,tender,construction,open,without,9bc16c36-11a9-411f-96f6-00b79e877111,2026-01-15,24824-02,award,False,[],no,Ausbau und Erweiterung Altersheim St. Barbara in 3917 Kippel - BKP 230 Elektroinstallationen,,,,APH St. Barbara,,,,CH,VS,3917,Kippel,,,,
8297b19c-d597-4884-b36d-35775db0a6a5,24825,tender,construction,open,without,a991dabb-bf01-4207-88e3-c0e1724537c2,2026-01-15,24825-02,award,False,[],no,Ausbau und Erweiterung Altersheim St. Barbara in 3917 Kippel - BKP 240 Heizungsinstallationen,,,,APH St. Barbara,,,,CH,VS,3917,Kippel,,,,
615f975b-2f64-4deb-9203-5727697d0856,24826,tender,construction,open,without,b6893f77-eea0-49c4-85e7-3be6da1849da,2026-01-15,24826-02,award,False,[],no,Ausbau und Erweiterung Altersheim St. Barbara in 3917 Kippel - BKP 244 Lüftungsinstallationen,,,,APH St. Barbara,,,,CH,VS,3917,Kippel,,,,
0c9d85d5-3a4b-440e-881c-95db45a60c2f,24827,tender,construction,open,without,ccdc81fc-3d24-4028-8188-e757a5bb98be,2026-01-15,24827-02,award,False,[],no,Ausbau und Erweiterung Altersheim St. Barbara in 3917 Kippel - BKP 251 Sanitärinstallationen,,,,APH St. Barbara,,,,CH,VS,3917,Kippel,,,,
3e1bdad8-f34c-4f61-8068-825b1dd4576c,25386,tender,construction,open,without,2722dddb-2b16-450e-9afc-20fd12f2d10b,2026-01-07,25386-02,award,False,[],no,Erneuerung Kunstbauten Findelbach-Landtunnel Tunnelsanierung «2. Bauetappe 2026»,,,,Beschaffungsstelle Matterhorn Gotthard Bahn,,,,CH,VS,3920,Zermatt,,,,
26cfae60-9a78-4f02-888c-8ed6900f8bcf,26246,tender,construction,invitation,without,9cae5ab7-052b-4960-a5ec-67d250eba856,2025-12-29,26246-02,award,False,[],no,,,"Réfection du revêtement entre Bella Plache et Prassan sur la RC no 209 Praz-Jean - St-Martin, sur le territoire de la commune de St-Martin",,,,"Département de la mobilité, du territoire et de l'environnement",,CH,VS,1969,,,St-Martin,,
baef738d-14fb-429e-b87d-e42c734a974b,25603,tender,construction,invitation,without,94be89e9-9d04-4850-bd3f-b5d2058967c6,2025-12-22,25603-02,award,False,[],no,"Tiefbauarbeiten 50 kV Leitung Oberhofen - Steffisburg, Ersatz Kabelengpass M184 - MS2 (Gurnigelweg)",,,,BKW Energie AG - Procurement Services,,,,CH,VS,3612,Steffisburg,,,,
f1dc8de2-204c-42a7-8d2d-6bec6d88c87d,27572,tender,construction,open,with,2362a50f-3f27-4632-a306-4686fa6cf12c,2025-12-20,27572-02,award,False,"[{'publicationId': '2362a50f-3f27-4632-a306-4686fa6cf12c', 'publicationDate': '2025-12-20', 'publicationNumber': '27572-02', 'pubType': 'award', 'corrected': False, 'lotId': 'bdbf09ab-2768-46b7-88db-3055f4d3e66b', 'lotNumber': 1, 'lotTitle': {'de': 'CFC 214_charpente', 'en': None, 'fr': 'CFC 111,113,117,211,222,223,241,291,315,321,211.5', 'it': None}, 'orderAddressOnlyDescription': 'no', 'orderAddress': {'countryId': 'CH', 'cantonId': 'VS', 'postalCode': '1933', 'city': {'de': 'Sembrancher', 'en': None, 'fr': 'Sembrancher', 'it': None}}}]",,Kopie MS4_Erweiterung des Gesundheitszentrums in Sembrancher,,MS4_extension de la maison de la santé à Sembrancher,,Association de la Maison de la Santé du Grand Entremont,,Association de la Maison de la Santé du Grand Entremont,,,,,,,,,
be7d7cb9-2f40-4155-a757-965cf8ec8c79,24792,tender,construction,open,without,90259f0d-a517-44f2-89e4-42360ee0aba3,2025-12-19,24792-02,award,False,[],no,,,Commune de Savièse / Torrent de la Tornassière / Secteur Granois,,,,Municipalité de Savièse ,,CH,VS,1965,,,Savièse,,
17f30f04-1bb5-4542-b37b-dcdef065f732,16582,tender,construction,open,without,adfd2bab-3254-48f5-91b3-a003f9896f89,2025-12-12,16582-02,award,False,[],no,,,Zmutt - Protection anticorrosion du réparatiteur,,,,HYDRO Exploitation SA,,CH,VS,3920,,,Zermatt,,
48d21a88-4fb4-4813-85d5-b38ce57913b1,21750,tender,construction,open,without,b4f63784-5ec8-42e1-9b43-87db3fa5d8be,2025-12-12,21750-02,award,False,[],no,Kopie Kopie Bau des EDHEA-Campus und der Walliser Nähschule in Siders - BKP 214.3,,Construction du Campus EDHEA et Ecole de couture du Valais à Sierre - CFC 226.2,,,,Service immobilier et patrimoine / Dienststelle für Immobilien und Bauliches Erbe - Investissements / Investitionen,,CH,VS,3960,,,Sierre,,
e573b474-2f1f-45ee-98cd-2c2c3ff86021,25364,tender,construction,open,with,218ceb8b-32b8-4712-bbe2-3c0085eb5d57,2025-12-08,25364-02,award,False,"[{'publicationId': '218ceb8b-32b8-4712-bbe2-3c0085eb5d57', 'publicationDate': '2025-12-08', 'publicationNumber': '25364-02', 'pubType': 'award', 'corrected': False, 'lotId': '1559e735-0bc3-4f6d-9c0c-ca86e9ceda42', 'lotNumber': 1, 'lotTitle': {'de': 'CFC 214_charpente', 'en': None, 'fr': 'CFC 214_charpente', 'it': None}, 'orderAddressOnlyDescription': 'no', 'orderAddress': {'countryId': 'CH', 'cantonId': 'VS', 'postalCode': '1933', 'city': {'de': 'Sembrancher', 'en': None, 'fr': 'Sembrancher', 'it': None}}}]",,MS4_Erweiterung des Gesundheitszentrums in Sembrancher,,MS4_extension de la maison de la santé à Sembrancher,,Association de la Maison de la Santé du Grand Entremont,,Association de la Maison de la Santé du Grand Entremont,,,,,,,,,
d0e6f6d8-b25d-4041-8052-254eac89ce77,23628,tender,construction,open,without,1f8c3661-8911-444a-9449-921ae48fed1a,2025-12-05,23628-02,award,False,[],no,Doc2691101851_ UW Stalden Los 10 Baumeister,,Doc2691101851_ Poste Stalden Lot 10 Contremaître,,Swissgrid AG - Engineering & Construction,,Swissgrid AG - Engineering & Construction,,CH,VS,3922,Stalden,,Stalden,,
3ae6a5ae-b960-4908-98bf-72732fe60ee6,19970,tender,construction,open,without,272d77d2-ae78-4ce4-bba4-eff5349c7e34,2025-11-28,19970-02,award,False,[],no,Kollegium Brig – Sanierung Internat / BKP 230 Elektroanlagen (Südtrakt),,,,Service immobilier et patrimoine / Dienststelle für Immobilien u. Bauliches Erbe - Gérance et entretien d'immeuble / Immobilienverwaltung u. Unterhalt,,,,CH,VS,3900,Brig-Glis,,,,
28762d05-8ee3-4177-b895-2bac4161e983,22291,tender,construction,open,without,d5568ded-26d1-4c0d-822b-3574d1208bd4,2025-11-28,22291-02,award,False,[],no,Kopie Kollegium Brig – Sanierung Internat / BKP 358 Kücheneinrichtungen (Südtrakt),,,,Service immobilier et patrimoine / Dienststelle für Immobilien u. Bauliches Erbe - Gérance et entretien d'immeuble / Immobilienverwaltung u. Unterhalt,,,,CH,VS,3900,Brig-Glis,,,,
728eaecf-0e00-45fa-b04d-24a817a2575b,22532,tender,construction,open,without,17df0cb7-0569-4450-a25f-67e204ca64ee,2025-11-28,22532-02,award,False,[],no,"Sanierung Motorfahrzeugkontrolle, Visp",,,,"Kanton Wallis Departement für Finanzen und Energie, Dienststelle für Immobilien und Bauliches Erbe",,,,CH,VS,3930,Visp,,,,
dccdd111-f79b-4a37-babd-baef5540078d,25526,tender,construction,open,with,31892d0f-2ba7-45fc-8163-4f0df3b8630f,2025-11-27,25526-02,award,False,"[{'publicationId': '31892d0f-2ba7-45fc-8163-4f0df3b8630f', 'publicationDate': '2025-11-27', 'publicationNumber': '25526-02', 'pubType': 'award', 'corrected': False, 'lotId': '1b2b4d86-799e-461f-9781-0a46e6c2d74c', 'lotNumber': 1, 'lotTitle': {'de': 'Lufttechnische Anlagen - Haus der Generationen St. Anna', 'en': None, 'fr': None, 'it': None}, 'orderAddressOnlyDescription': 'no', 'orderAddress': {'countryId': 'CH', 'cantonId': 'VS', 'postalCode': '3940', 'city': {'de': 'Steg', 'en': None, 'fr': None, 'it': None}}}]",,Lufttechnische Anlagen - Haus der Generationen St. Anna,,,,mls architekten sia ag,,,,,,,,,,,
ea462e3b-58ad-4343-b7c0-83702583664b,20769,tender,construction,open,without,4137d945-aafd-49e0-bba0-9dc6f3313b2d,2025-11-26,20769-02,award,False,[],no,,,290_NSAE à Vouvry - Construction de nouvelles structures d'accueil de l'enfance à Vouvry,,,,Commune de Vouvry (Esposito + Javet architectes),,CH,VS,1896,,,Vouvry,,
f0059857-abb1-4767-b15d-1b93797bfc72,22826,tender,construction,open,without,fb7dc98d-a600-4050-9591-98312e518c6f,2025-11-26,22826-04,award,False,[],no,,,"Construction d'un centre médical, salle multi-usages, UAPE et crèche à Evolène - CFC 273 - Menuiseries intérieures",,,,Commune d'Evolène - service technique,,CH,VS,1983,,,Evolène,,
3fb4e020-a9e0-404b-82bb-ae88c89c96e5,19118,tender,construction,open,without,3d983a29-3046-4d4f-855c-77bb2ee8080c,2025-11-25,19118-02,award,False,[],no,Berner Klinik 2028 - BKP 214.6 Montagebau in Holz ,,Clinique bernoise 2028 - CFC 214.6 Travaux de montage en bois,,"Berner Klink Montana, p.A. IAAG Architekten AG",,"Berner Klink Montana, p.A. IAAG Architekten AG",,CH,VS,3963,Crans-Montana,,Crans-Montana,,
ac4957d7-e3c3-4f81-8f33-6822ff728dd3,19125,tender,construction,open,without,e3e97fbf-34d0-43e1-a4a2-c6ab6619a004,2025-11-25,19125-02,award,False,[],no,Berner Klinik 2028 - BKP 281.3 Bodenbeläge Lino Textil Holz ,,Clinique bernoise 2028 - CFC 281.3 Revêtements de sol Lino Textile Bois,,"Berner Klink Montana, p.A. IAAG Architekten AG",,"Berner Klink Montana, p.A. IAAG Architekten AG",,CH,VS,3963,Crans-Montana,,Crans-Montana,,
0727f8e5-9454-419a-938c-93ee00f6fb75,19295,tender,construction,open,without,5b133a09-1e02-4538-b0b0-0f9c8e7b687b,2025-11-25,19295-02,award,False,[],no,Berner Klinik 2028 - BKP 282.4 Wandbeläge Platten,,Clinique bernoise 2028 - CFC 282.4 Carrelages,,"Berner Klink Montana, p.A. IAAG Architekten AG",,"Berner Klink Montana, p.A. IAAG Architekten AG",,CH,VS,3963,Crans-Montana,,Crans-Montana,,
f02cd2d9-661e-4677-b424-f904b13cff5a,19297,tender,construction,open,without,dae09f89-0019-47c5-8963-d67f10662fc1,2025-11-25,19297-02,award,False,[],no,Berner Klinik 2028 - BKP 285 Malerarbeiten,,Clinique bernoise 2028 - CFC 285 Travaux de peinture,,"Berner Klink Montana, p.A. IAAG Architekten AG",,"Berner Klink Montana, p.A. IAAG Architekten AG",,CH,VS,3963,Crans-Montana,,Crans-Montana,,
893984d2-bd28-464b-bcd2-d97c16a6132a,19515,tender,construction,open,without,e1cf7c93-35ee-4013-b332-7732035ef546,2025-11-25,19515-02,award,False,[],no,Berner Klinik 2028 - BKP 222 Spenglerarbeiten ,,Clinique bernoise 2028 - CFC 222 Travaux de ferblanterie,,"Berner Klink Montana, p.A. IAAG Architekten AG",,"Berner Klink Montana, p.A. IAAG Architekten AG",,CH,VS,3963,Crans-Montana,,Crans-Montana,,
a6042270-3dc0-423e-ac1b-b998594b85da,19517,tender,construction,open,without,8c8d83ba-7c0e-4e13-9cba-2aafc4b477c6,2025-11-25,19517-02,award,False,[],no,Berner Klinik 2028 - BKP 273.1 Allgemeine Schreinerarbeiten ,,Clinique bernoise 2028 - CFC 273.1 Travaux de menuiserie généraux,,"Berner Klink Montana, p.A. IAAG Architekten AG",,"Berner Klink Montana, p.A. IAAG Architekten AG",,CH,VS,3963,Crans-Montana,,Crans-Montana,,
2d818c71-d0f0-470f-b867-71016ff91eef,19527,tender,construction,open,without,f8f4d3ac-7960-45c4-a639-c638ff1c9db6,2025-11-25,19527-02,award,False,[],no,Berner Klinik 2028 - BKP 273.0 Innentüren in Holz,,Clinique bernoise 2028 - CFC 273.0 Portes intérieures en bois,,"Berner Klink Montana, p.A. IAAG Architekten AG",,"Berner Klink Montana, p.A. IAAG Architekten AG",,CH,VS,3963,Crans-Montana,,Crans-Montana,,
fa3e7c43-977d-4012-a8c5-e79d34700617,19545,tender,construction,open,without,efd390f1-216b-4640-89c5-7b90c509649b,2025-11-25,19545-02,award,False,[],no,Berner Klinik 2028 - BKP 231 Starkstromanlagen (Unterverteilungen),,Clinique bernoise 2028 - CFC 231 Installations à courant fort (distributions secondaires),,"Berner Klink Montana, p.A. IAAG Architekten AG",,"Berner Klink Montana, p.A. IAAG Architekten AG",,CH,VS,3963,Crans-Montana,,Crans-Montana,,
db201135-e360-4d97-a1ef-11ac94a7e927,20746,tender,construction,open,without,a36fb482-af26-4226-bcf0-751b634542fe,2025-11-25,20746-02,award,False,[],no,Berner Klinik 2028 - BKP 231 Starkstromanlagen Gebäudehauptverteilung,,Clinique bernoise 2028 - CFC 231 Distribution principale éléctric,,"Berner Klink Montana, p.A. IAAG Architekten AG",,"Berner Klink Montana, p.A. IAAG Architekten AG",,CH,VS,3963,Crans-Montana,,Crans-Montana,,
184d44e0-c439-432d-b068-befee7b5ef25,22155,tender,construction,open,without,475acaf3-cf0b-48b2-b9db-dd00e9ad845f,2025-11-25,22155-02,award,False,[],no,Berner Klinik 2028 - BKP 221 Fenster in Holz und Kunststoff,,Clinique bernoise 2028 - CFC 221 Fenêtres en bois et plastique,,"Berner Klink Montana, p.A. IAAG Architekten AG",,"Berner Klink Montana, p.A. IAAG Architekten AG",,CH,VS,3963,Crans-Montana,,Crans-Montana,,
3b32ea0a-a188-45c8-9a2c-4e8aad196717,14399,tender,construction,open,without,1a59e006-2d44-43fa-ae8e-7a2db657af01,2025-11-21,14399-02,award,False,[],no,,,Construction du nouveau Campus du Pôle Santé à Sion - CFC 421.0 aménagements extérieurs,,,,Service immobilier et patrimoine (SIP) / section investissement,,CH,VS,1950,,,Sion,,
72174f1e-a343-4664-98e3-60d7281b0591,15329,tender,construction,open,without,58b5636d-417f-4018-bff0-1731470c04c6,2025-11-21,15329-02,award,False,[],no,,,Construction du nouveau Campus du Pôle Santé à Sion - CFC 249.0 MCR - automatismes du bâtiment,,,,Service immobilier et patrimoine (SIP) / section investissement,,CH,VS,1950,,,Sion,,
1f4634d5-1650-40ca-8cf5-9c8df8d32bc4,24388,tender,construction,open,without,c3f1643a-66c9-4338-b649-2bbf85392e5c,2025-11-14,24388-02,award,False,[],no,,,"Réfection de la route de Chermoran à Bluche, sur la RC no 47 Montana Village - Bluche, sur le territoire de la commune de Crans-Montana",,,,"Département de la mobilité, du territoire et de l'environnement",,CH,VS,3963,,,Crans-Montana,,
41243964-9c41-4305-9218-42864aab37d6,14403,tender,construction,open,without,3fe16db7-4f72-4f4e-8295-2c12495e102b,2025-11-07,14403-02,award,False,[],no,,,Construction du nouveau Campus du Pôle Santé à Sion - CFC 276.0 installations d'obscurcissement,,,,Service immobilier et patrimoine (SIP) / section investissement,,CH,VS,1950,,,Sion,,
1f8e9dce-5d1e-42d0-9a0d-bce64c7203e2,14471,tender,construction,open,without,3b3c4554-32a2-4b73-8e1e-6d1c4f3eeecc,2025-11-07,14471-02,award,False,[],no,,,Construction du nouveau Campus du Pôle Santé à Sion - CFC 273.4 menuiserie intérieur / modules bois avec éléments vitrés,,,,Service immobilier et patrimoine (SIP) / section investissement,,CH,VS,1950,,,Sion,,
571bafc1-887c-4e61-98b2-8e12f7b3caf8,19899,tender,construction,open,without,cd6c00a0-2df7-4771-b314-e9dbb81b1794,2025-11-07,19899-02,award,False,[],no,Kollegium Brig – Sanierung Internat / BKP 240 Heizungsanlagen (Südtrakt),,,,Service immobilier et patrimoine / Dienststelle für Immobilien u. Bauliches Erbe - Gérance et entretien d'immeuble / Immobilienverwaltung u. Unterhalt,,,,CH,VS,3900,Brig-Glis,,,,
27b75a5a-721f-424f-8114-236243646589,19900,tender,construction,open,without,150762e7-b24d-4083-b9fe-a2c7dbf622eb,2025-11-07,19900-02,award,False,[],no,Kollegium Brig – Sanierung Internat / BKP 244 Lufttechnische Anlagen (Südtrakt),,,,Service immobilier et patrimoine / Dienststelle für Immobilien u. Bauliches Erbe - Gérance et entretien d'immeuble / Immobilienverwaltung u. Unterhalt,,,,CH,VS,3900,Brig-Glis,,,,
f9198e7c-a3bb-4f76-bdfb-2a2484142f5a,19902,tender,construction,open,without,de070916-fbc3-4c79-8e31-4cdad805b8da,2025-11-07,19902-02,award,False,[],no,Kollegium Brig – Sanierung Internat / BKP 250 Sanitäranlagen (Südtrakt),,,,Service immobilier et patrimoine / Dienststelle für Immobilien u. Bauliches Erbe - Gérance et entretien d'immeuble / Immobilienverwaltung u. Unterhalt,,,,CH,VS,3900,Brig-Glis,,,,
e671bb39-af40-422a-9db6-3d95840fbe7f,18382,tender,construction,open,without,0088f3eb-c754-40b9-8f6c-288031f4f1d6,2025-11-05,18382-03,award,False,[],no,"SBB, Linie 100, Sieders : Überführung Beaulieu – Tiefbauarbeiten ",,"CFF, Ligne n°100, Sierre : Passage Supérieur de Beaulieu – Travaux GC",,SBB CFF FFS Achats projets de construction Région Ouest,,SBB CFF FFS Achats projets de construction Région Ouest,,CH,VS,3960,Sieders,,Sierre,,
d332e46b-ba4e-427d-9021-f0a90dd2e105,22666,tender,construction,open,without,81fa55fd-75cb-4ddb-81e5-7ccca8385bde,2025-11-01,22666-02,award,False,[],no,,,Réaménagement de la Morge à Conthey - Travaux GC de protection contre les crues/renaturation,,,,Commune de Conthey (Holinger SA),,CH,VS,1964,,,Conthey,,
638cd632-b0a2-48f8-8fd1-7c2f68fcf133,22465,tender,construction,open,without,11996d76-5782-45cd-b482-5f1e3e96f2b4,2025-10-31,22465-02,award,False,[],no,Neubau Turnhalle und Kindergarten in 3942 Raron - BKP 211 Baumeisterarbeiten,,,,Einwohnergemeinde Raron,,,,CH,VS,3942,Raron,,,,
9c0e5728-4044-4b39-a201-6e71037f3124,22631,tender,construction,open,without,16bdb317-4e79-407a-ab44-ce8b63306859,2025-10-31,22631-02,award,False,[],no,Neubau Turnhalle und Kindergarten in 3942 Raron - BKP 214 Montagebau in Holz,,,,Einwohnergemeinde Raron,,,,CH,VS,3942,Raron,,,,
2fff0598-d40e-49a4-a6d4-ae62ebdc1291,22632,tender,construction,open,without,67a26230-f745-4e98-8936-a762a983461a,2025-10-31,22632-02,award,False,[],no,Neubau Turnhalle und Kindergarten in 3942 Raron - BKP 230 Elektroinstallationen,,,,Einwohnergemeinde Raron,,,,CH,VS,3942,Raron,,,,
08629067-b82f-485d-88c6-9a307e885c68,22633,tender,construction,open,without,2ad75c40-bde7-442f-ac07-6e03b28ddc74,2025-10-31,22633-02,award,False,[],no,Neubau Turnhalle und Kindergarten in 3942 Raron - BKP 251 Sanitärinstallationen,,,,Einwohnergemeinde Raron,,,,CH,VS,3942,Raron,,,,
e6e9dacc-cd00-4660-97a6-8b26519289ca,23735,tender,construction,open,without,8b302429-86e1-432b-a6c5-c2b4ed2cbb48,2025-10-30,23735-02,award,False,[],no,,,Réfection Rue de la Grande Meunière à St-Léonard,,,,Administration communale de St-Léonard (Bureau d'ingénieurs Crettaz et Partenaires SA),,CH,VS,1958,,,St-Léonard,,
52df3002-6456-48db-91b7-b9d4f30e1080,19560,tender,construction,open,without,d0ebe00b-90e6-4639-97be-c9a6f3962bb7,2025-10-24,19560-02,award,False,[],no,Kollegium Brig – Sanierung Internat / BKP 112+211 – Abbruch- und Baumeisterarbeiten (Südtrakt),,,,Service immobilier et patrimoine / Dienststelle für Immobilien u. Bauliches Erbe - Gérance et entretien d'immeuble / Immobilienverwaltung u. Unterhalt,,,,CH,VS,3900,Brig-Glis,,,,
60177135-706a-4bc8-8f78-8bc96e2afd7a,9801,tender,construction,open,without,adea1c0e-52b3-423f-867a-83012d85daba,2025-10-24,9801-02,award,False,[],no,Sportzentrum Verbier - CFC 248 MCR,,Centre sportif de Verbier - CFC 248 MCR,,Quartal Sàrl,,Quartal Sàrl,,CH,VS,1936,Verbier,,Verbier,,
8bd9b370-d45b-4922-bf6c-fed680a8766d,11985,tender,construction,open,without,7edf19b8-4ab5-4a4c-8ff3-3a26885b8d4b,2025-10-22,11985-02,award,False,[],no,,,Terminal Combiné de Monthey SA - Pont TCM sur la Vièze,,,,Terminal combiné de Monthey SA,,CH,VS,1870,,,Monthey,,
32e0bb93-4cc4-4db4-b192-507f781667cc,18176,tender,construction,open,without,0503aa18-5c43-48dd-8821-fde2b23b310e,2025-10-22,18176-03,award,False,[],no,,,Terminal Combiné de Monthey SA - Travaux Ligne de Contact,,,,Terminal Combiné de Monthey SA,,CH,VS,1870,,,Monthey,,
150d6750-6ee3-4a92-82d7-45c122c6090e,21518,tender,construction,open,without,9a74f65e-443a-4c3c-bcb2-f50a6357e1f9,2025-10-20,21518-02,award,False,[],no,,,"Correction de la chaussée sur la route de Corin à Sierre, sur la RC no 46 Sierre - Chermignon - Crans ",,,,"Département de la mobilité, du territoire et de l'environnement",,CH,VS,3960,,,Sierre,,
5594231f-e9cb-4b8a-98d1-9f8405b598db,22569,tender,construction,open,without,cc9e5d17-63be-4149-81c0-a73ec5f5887a,2025-10-14,22569-02,award,False,[],no,Hochwasserschutz Milchbach Naters,,,,Gemeinde Naters (INGENES AG),,,,CH,VS,3904,Naters,,,,
a5100724-3025-4372-925c-bbfd5440c7ce,19120,tender,construction,open,without,49976b2b-a6e6-4eb1-870f-945033ee37d4,2025-10-11,19120-02,award,False,[],no,Berner Klinik 2028 - BKP 272.2 Allgemeine Metallbauarbeiten ,,Clinique bernoise 2028 - CFC 272.2 Travaux généraux de construction métalliques,,"Berner Klink Montana, p.A. IAAG Architekten AG",,"Berner Klink Montana, p.A. IAAG Architekten AG",,CH,VS,3963,Crans-Montana,,Crans-Montana,,
4f212def-c1ce-4f02-b351-55b4ed72f0fd,17515,tender,construction,open,without,7452a962-8724-4993-bc07-fc4a0e73cbc9,2025-10-10,17515-02,award,False,[],no,Bau des EDHEA-Campus und der Walliser Nähschule in Siders - BKP 214.3,,Construction du Campus EDHEA et Ecole de couture du Valais à Sierre - CFC 214.3,,,,Service immobilier et patrimoine / Dienststelle für Immobilien und Bauliches Erbe - Investissements / Investitionen,,CH,VS,3960,,,Sierre,,
f0e3e4b7-2eeb-46e3-8e54-2e45d5f5d9ec,22562,tender,construction,open,with,b23f7d6e-c239-424d-9ad4-715cfa1c24a3,2025-10-10,22562-02,award,False,"[{'publicationId': 'b23f7d6e-c239-424d-9ad4-715cfa1c24a3', 'publicationDate': '2025-10-10', 'publicationNumber': '22562-02', 'pubType': 'award', 'corrected': False, 'lotId': 'e600f129-9248-42ac-8b4e-abdb4f63d09a', 'lotNumber': 1, 'lotTitle': {'de': 'Kücheneinrichtung - Haus der Generationen St. Anna', 'en': None, 'fr': None, 'it': None}, 'orderAddressOnlyDescription': 'no', 'orderAddress': {'countryId': 'CH', 'cantonId': 'VS', 'postalCode': '3940', 'city': {'de': 'Steg', 'en': None, 'fr': None, 'it': None}}}]",,Kücheneinrichtung - Haus der Generationen St. Anna,,,,mls architekten sia ag,,,,,,,,,,,
9fa912a5-dd2f-4c26-b04e-abe1f937ec70,6656,tender,construction,open,with,eac0084a-7ea5-4f70-83cb-c410646d64c3,2025-10-10,6656-10,award,False,"[{'publicationId': '95068944-b731-4f82-b9df-c9534c88f1db', 'publicationDate': '2025-06-06', 'publicationNumber': '6656-09', 'pubType': 'award', 'corrected': False, 'lotId': '059f1ac1-1a7c-462e-a39a-e0c2155a8762', 'lotNumber': 1, 'lotTitle': {'de': None, 'en': None, 'fr': 'CFC 273.1 - Menuiserie intérieure - Construction du nouveau Campus du Pôle Santé à Sion', 'it': None}, 'orderAddressOnlyDescription': 'no', 'orderAddress': {'countryId': 'CH', 'cantonId': 'VS', 'postalCode': '1950', 'city': {'de': None, 'en': None, 'fr': 'Sion', 'it': None}}}, {'publicationId': '53c37a7e-145d-42a8-8e2e-1cd2fe5ae680', 'publicationDate': '2025-04-25', 'publicationNumber': '6656-05', 'pubType': 'award', 'corrected': False, 'lotId': '423b246d-f628-4fa1-912d-4af6b5b79090', 'lotNumber': 2, 'lotTitle': {'de': None, 'en': None, 'fr': 'CFC 273.3 - Menuiserie courante - porte coupe-feu - Construction du nouveau Campus du Pôle Santé à Sion', 'it': None}, 'orderAddressOnlyDescription': 'no', 'orderAddress': {'countryId': 'CH', 'cantonId': 'VS', 'postalCode': '1950', 'city': {'de': None, 'en': None, 'fr': 'Sion', 'it': None}}}, {'publicationId': '84971a97-f917-4f15-a02c-2e0b46840d0e', 'publicationDate': '2025-04-25', 'publicationNumber': '6656-04', 'pubType': 'award', 'corrected': False, 'lotId': '2b1cc87d-963d-4059-b8fd-84f7b871a4f6', 'lotNumber': 3, 'lotTitle': {'de': None, 'en': None, 'fr': 'CFC 282.5 - Revêtement de parois en bois - Construction du nouveau Campus du Pôle Santé à Sion', 'it': None}, 'orderAddressOnlyDescription': 'no', 'orderAddress': {'countryId': 'CH', 'cantonId': 'VS', 'postalCode': '1950', 'city': {'de': None, 'en': None, 'fr': 'Sion', 'it': None}}}, {'publicationId': 'e93dd073-d59d-4429-b40d-524fca101260', 'publicationDate': '2025-05-02', 'publicationNumber': '6656-06', 'pubType': 'award', 'corrected': False, 'lotId': '353da7b7-8428-4054-a337-2d3d7447c447', 'lotNumber': 4, 'lotTitle': {'de': None, 'en': None, 'fr': 'CFC 283.3 - Faux-plafond acoustique - Construction du nouveau Campus du Pôle Santé à Sion', 'it': None}, 'orderAddressOnlyDescription': 'no', 'orderAddress': {'countryId': 'CH', 'cantonId': 'VS', 'postalCode': '1950', 'city': {'de': None, 'en': None, 'fr': 'Sion', 'it': None}}}, {'publicationId': '56173412-4fba-405f-b82f-752be397f587', 'publicationDate': '2025-06-06', 'publicationNumber': '6656-08', 'pubType': 'award', 'corrected': False, 'lotId': '980d10f9-3e05-4158-840b-d738501734bd', 'lotNumber': 5, 'lotTitle': {'de': None, 'en': None, 'fr': 'CFC 283.1 - Faux-plafond métallique - Construction du nouveau Campus du Pôle Santé à Sion', 'it': None}, 'orderAddressOnlyDescription': 'no', 'orderAddress': {'countryId': 'CH', 'cantonId': 'VS', 'postalCode': '1950', 'city': {'de': None, 'en': None, 'fr': 'Sion', 'it': None}}}, {'publicationId': '62edfa16-9466-4dc8-8917-22b8662d46ff', 'publicationDate': '2025-05-02', 'publicationNumber': '6656-07', 'pubType': 'award', 'corrected': False, 'lotId': '697f0c6d-1bb7-48c1-a64c-ccb89f8cefc8', 'lotNumber': 6, 'lotTitle': {'de': None, 'en': None, 'fr': 'CFC 214.1 - Charpente - Construction du nouveau Campus du Pôle Santé à Sion', 'it': None}, 'orderAddressOnlyDescription': 'no', 'orderAddress': {'countryId': 'CH', 'cantonId': 'VS', 'postalCode': '1950', 'city': {'de': None, 'en': None, 'fr': 'Sion', 'it': None}}}, {'publicationId': 'eac0084a-7ea5-4f70-83cb-c410646d64c3', 'publicationDate': '2025-10-10', 'publicationNumber': '6656-10', 'pubType': 'award', 'corrected': False, 'lotId': '5ea31e4c-e739-4c7a-8591-efdfe83197f6', 'lotNumber': 7, 'lotTitle': {'de': None, 'en': None, 'fr': ""CFC 903 - Gradins de l'Aula - Construction du nouveau Campus du Pôle Santé à Sion"", 'it': None}, 'orderAddressOnlyDescription': 'no', 'orderAddress': {'countryId': 'CH', 'cantonId': 'VS', 'postalCode': '1950', 'city': {'de': None, 'en': None, 'fr': 'Sion', 'it': None}}}]",,,,Construction du nouveau Campus du Pôle Santé à Sion,,,,Service immobilier et patrimoine (SIP) / section investissement,,,,,,,,,
170f9c5b-a7cc-4a94-8044-a080d67abaaa,19302,tender,construction,open,without,1c6e0465-3ff4-420a-a559-8365e942e423,2025-10-07,19302-02,award,False,[],no,,,Réfection complète de la chaussée et création d'aménagements cyclables à la rue de l'Industrie à Sion sur la route du Rhône 1 (itinéraire cyclable cantonal) - Lot TP Sion 2025-12,,,,Ville de Sion,,CH,VS,1950 Sion,,,Sion,,
aa7438fa-62d4-4a30-a558-150222d0882e,17066,tender,construction,open,without,fcbfb604-34e3-480a-87ec-3c22619fc48c,2025-10-02,17066-02,award,False,[],no,,,Aménagement halle Catogne III - LOT 32 : Charpente métallique,,,,Achats - TMR SA,,CH,VS,1920,,,Martigny,,
315be122-b557-4a1a-8690-5d630e307334,19444,tender,construction,invitation,without,57332f65-6657-4468-9f57-ebbcc76bf89c,2025-10-02,19444-02,award,False,[],no,,,"Aménagement d'un trottoir mixte sur la route d'Escala et des Laminoirs, à Sierre, sur la RC no T9 St-Maurice - Brig",,,,"Département de la mobilité, du territoire et de l'environnement",,CH,VS,3960,,,Sierre,,
bd688ea6-b6ff-4412-9897-dde81f32f3c2,18243,tender,construction,open,without,a5151760-e0fd-48e8-b89f-df39aa1fdb05,2025-09-25,18243-02,award,False,[],no,,,Aménagement halle Catogne III - LOT 5 : Installation Sanitaire,,,,Achats - TMR SA,,CH,VS,1920,,,Martigny,,
9272dc63-0198-43dc-91ed-8077e28295d2,6788,tender,construction,open,without,62619a2b-1d74-4aeb-b15e-4ce64f0ea0fd,2025-09-24,6788-02,award,False,[],no,,,EMS Castel Notre-Dame Martigny - CFC 224.1 Etanchéité-ferblanterie,,,,Quartal Sàrl,,CH,VS,1920,,,Martigny,,
0dfc3761-0ef8-411e-9362-2d33e334651d,15336,tender,construction,open,without,935ae548-f934-4836-afbf-3bb6461c4aa7,2025-09-19,15336-02,award,False,[],no,,,Construction du nouveau Lycée-Collège Ella Maillart (au Cours Roger Bonvin) à Sion - CFC 287 Nettoyage du bâtiment,,,,Service immobilier et patrimoine (SIP) / section investissement,,CH,VS,1950,,,Sion,,
0efc3eb4-cdfb-4a21-80fc-c26513aed33d,18770,tender,construction,open,without,8245f3b1-0bc7-4f37-af65-88aa6005c5c5,2025-09-16,18770-02,award,False,[],no,Neubau 65/16-kV-Leitung Ackersand - Kalpetran_Montagearbeiten,,,,FMV SA,,,,CH,VS,3922,Ackersand-Kalpetran,,,,
ddcedd27-a9bd-48af-b0b7-f68b13131f72,16111,tender,construction,open,without,ddad43de-f27b-4420-a694-b8b429adee4a,2025-09-12,16111-02,award,False,[],no,"SZO Spital Wallis - SKP 287 Baureinigung Innenbereich, Neubau TP1 ",,"Nettoyage de chantier, Nouvelle construction",,Hôpital du Valais - Spital Wallis,,Hôpital du Valais - Spital Wallis ,,CH,VS,3900,Brig-Glis,,Brig-Glis,,
b95a2db1-f171-4436-81db-c182b64a26a4,17459,tender,construction,open,without,9b22a277-f600-472f-b619-28d5ecb1d45f,2025-09-09,17459-02,award,False,[],no,ARA Briglina Realisierung BKP 211.13 Baumeister Auslaufleitung (Microtunneling),,,,Gemeindezweckverband ARA Briglina,,,,CH,VS,3900,Gamsen,,,,
38b4bdb5-4edf-4f23-a1f8-09d1899fc48a,8178,tender,construction,open,without,5a1ae984-d5fc-4fa3-886c-d74678d36c98,2025-09-06,8178-02,award,False,[],no,,,"Maison de Commune Châble - CFC 221 Fenêtres et Portes Bois, Bois-métal",,,,Philippe Bruchez Architecture SA,,CH,VS,1934,,,Le Châble,,
83f0f45c-9755-410f-b73a-141235cb3b3f,18238,tender,construction,invitation,without,4723fc56-6b8e-40e5-9d90-e1f2bf8fdb6a,2025-09-04,18238-02,award,False,[],no,,,Correction de la chaussée à l'aval du passage du torrent d'Ortchu sur la RC no 68 Pont-de-la-Morge - Erde - Derborence,,,,"Département de la mobilité, du territoire et de l'environnement",,CH,VS,1976,,,Aven,,
154663db-eaef-4762-984b-ddec702ed9d9,18724,tender,construction,open,without,424b89e6-c3a6-4ff4-81c6-89982e3842c6,2025-09-04,18724-02,award,False,[],no,,,"Assainissement des quatre demi-ponts de Fortuna équipant le tronçon de la route de Sierre reliant le village de St-Jean à celui de Grimentz, sur la RC no 41 Vissoie - Grimentz - Barrage de Moiry",,,,"Département de la mobilité, du territoire et de l'environnement",,CH,VS,3961,,,St-Jean,,
5f78d2f8-2b0e-48bd-968b-e7ee5dfc8772,18808,tender,construction,open,without,a86bf381-6472-406f-b3dd-825004aec602,2025-09-04,18808-02,award,False,[],no,,,Projet d’aménagement du torrent du Métin contre les crues et laves torrentielles,,,,Commune de Fully - Service Technique (BTI SA),,CH,VS,1926,,,Fully,,
e252be9a-9242-425b-9f49-a5b0b2ccb867,15320,tender,construction,open,without,3bf168d2-b51b-4d05-b501-6281c1acf035,2025-08-29,15320-02,award,False,[],no,,,Transformation d'une halle en bureaux administratifs / Bâtiment B sur site de Piscine à Sion / CFC 283.5 Faux-plafonds suspendus,,,,Service immobilier et patrimoine (SIP),,CH,VS,1950,,,Sion,,
1c0e67fb-b988-47bc-bd93-ab9f6405a08e,16907,tender,construction,open,without,1d4a3275-d73a-4f7c-a612-e0b1d0f89196,2025-08-29,16907-02,award,False,[],no,Sanierung und Umbau Automobilkontrolle Visp / BKP 211 Baumeisterarbeiten,,,,Service immobilier et patrimoine / Dienststelle für Immobilien u. Bauliches Erbe - Gérance et entretien d'immeuble / Immobilienverwaltung u. Unterhalt,,,,CH,VS,3930,Visp,,,,
f170b614-397b-4d08-bc07-9d3207b80034,11363,tender,construction,open,without,1315ed03-0bf0-4d8c-bbb6-bb324c774b3f,2025-08-22,11363-02,award,False,[],no,Construction du Campus EDHEA et Ecole de couture du Valais à Sierre,,Construction du Campus EDHEA et Ecole de couture du Valais à Sierre,,,,Service immobilier et patrimoine - Investissements,,CH,VS,3960,,,Sierre,,
6695d2f5-1dcf-4f3b-8e42-6bb765459d02,12307,tender,construction,open,with,2dcf97cd-abc0-470c-8898-b8967aa87b33,2025-08-22,12307-03,award,False,"[{'publicationId': '87ceb01f-644d-4e1a-aac0-b90a3e75343f', 'publicationDate': '2025-07-11', 'publicationNumber': '12307-02', 'pubType': 'award', 'corrected': False, 'lotId': '2cb82788-2b46-4ad8-8edc-2f1c9d37407d', 'lotNumber': 1, 'lotTitle': {'de': None, 'en': None, 'fr': 'CFC 339 Equipement Aula', 'it': None}, 'orderAddressOnlyDescription': 'no', 'orderAddress': {'countryId': 'CH', 'cantonId': 'VS', 'postalCode': '1950', 'city': {'de': None, 'en': None, 'fr': 'Sion', 'it': None}}}, {'publicationId': '2dcf97cd-abc0-470c-8898-b8967aa87b33', 'publicationDate': '2025-08-22', 'publicationNumber': '12307-03', 'pubType': 'award', 'corrected': False, 'lotId': '7a0b0813-f3f5-4620-8c59-86efd3a2586f', 'lotNumber': 2, 'lotTitle': {'de': None, 'en': None, 'fr': 'CFC 421 Travaux de jardinage', 'it': None}, 'orderAddressOnlyDescription': 'no', 'orderAddress': {'countryId': 'CH', 'cantonId': 'VS', 'postalCode': '1950', 'city': {'de': None, 'en': None, 'fr': 'Sion', 'it': None}}}]",,Construction du nouveau Lycée-Collège Ella Maillart (au Cours Roger Bonvin) à Sion,,Construction du nouveau Lycée-Collège Ella Maillart (au Cours Roger Bonvin) à Sion,,,,Service immobilier et patrimoine / Dienststelle für Immobilien und Bauliches Erbe - Investissements / Investitionen,,,,,,,,,
56e23537-c49d-423a-83cd-53ed0092ac59,13619,tender,construction,open,without,9d4a5992-3b95-4782-839e-2f21b70c68a5,2025-08-22,13619-02,award,False,[],no,,,Construction du Campus EDHEA et Ecole de couture du Valais à Sierre - CFC 222 / 224.1 / 224.3,,,,Service immobilier et patrimoine - Investissements ,,CH,VS,3960,,,Sierre,,
0151484c-e3cd-44f9-b533-a6127998f9a6,15107,tender,construction,open,without,d48fdad5-aba2-4ea3-a6de-022c21001190,2025-08-22,15107-02,award,False,[],no,,,Transformation d'une halle en bureaux administratifs / Bâtiment B sur site de Piscine à Sion / CFC 421,,,,Service immobilier et patrimoine,,CH,VS,1950,,,Sion,,
f9b205aa-eec9-4832-94e7-7aa346dd20fc,1785,tender,construction,open,with,9254e14c-87cf-4931-a868-c1f4070a883e,2025-08-22,1785-03,award,False,"[{'publicationId': '9254e14c-87cf-4931-a868-c1f4070a883e', 'publicationDate': '2025-08-22', 'publicationNumber': '1785-03', 'pubType': 'award', 'corrected': False, 'lotId': '969c366d-2446-46c9-9042-11e52c0e4db6', 'lotNumber': 1, 'lotTitle': {'de': None, 'en': None, 'fr': 'CFC 221 - Fenêtres et portes intérieures', 'it': None}, 'orderAddressOnlyDescription': 'no', 'orderAddress': {'countryId': 'CH', 'cantonId': 'VS', 'postalCode': '3960', 'city': {'de': None, 'en': None, 'fr': 'Sierre', 'it': None}}}, {'publicationId': '0b00d0b0-0a03-41a3-86a6-397b9e18cfd8', 'publicationDate': '2025-08-22', 'publicationNumber': '1785-02', 'pubType': 'award', 'corrected': False, 'lotId': 'cd25ba7d-8e22-4947-b5c8-9ac87d987d25', 'lotNumber': 2, 'lotTitle': {'de': None, 'en': None, 'fr': 'CFC 228.3 - Stores en toile', 'it': None}, 'orderAddressOnlyDescription': 'no', 'orderAddress': {'countryId': 'CH', 'cantonId': 'VS', 'postalCode': '3960', 'city': {'de': None, 'en': None, 'fr': 'Sierre', 'it': None}}}]",,,,Construction du Campus EDHEA et Ecole de couture du Valais à Sierre - CFC 221 et 228.3,,,,Service immobilier et patrimoine - Investissements,,,,,,,,,
09645829-5049-4bd3-bfa7-2e1fb5829766,17590,tender,construction,open,without,9c22c344-3088-4ccb-9064-4bddbaae9008,2025-08-19,17590-02,award,False,[],no,"Erweiterung Löschwasserreservoir A9 Bächji, Visperterminen",,,,Gemeinde Visperterminen,,,,CH,VS,3931,Visperterminen,,,,
20c4e055-4937-49f5-b35f-49123eaffcc8,16071,tender,construction,open,without,a1e4e68f-c880-4edf-9a72-159af02d3556,2025-08-12,16071-02,award,False,[],no,,,Nouveau faisceau de voies d'accès au site chimique et au terminal combiné de Monthey - Phase 9,,,,Achats - TMR SA,,CH,VS,1870,,,Monthey,,
4be41110-ce9c-4eeb-8f8b-1a55d3496d69,16377,tender,construction,open,without,f5fe82d0-48a7-4c46-b03e-7b441e236eb2,2025-08-12,16377-02,award,False,[],no,"Neue 65 kV Leitung Fiesch - Fieschertal, Abschnitt 1",,,,Gommerkraftwerke AG (SRP Ingenieur AG),,,,CH,VS,3984,Fiesch,,,,
dd26b084-1c2b-41c5-b841-fd8ac0e6ddd7,15340,tender,construction,open,without,ac3800df-fb18-40e0-83ec-0dc292b3150d,2025-08-08,15340-03,award,False,[],no,"UW Chippis – Baumeisterarbeiten, Erdbebenverstärkung",,"SS Chippis - Travaux de génie civil, renforcement parasismique",,Swissgrid AG - Engineering & Construction,,Swissgrid AG - Engineering & Construction,,CH,VS,3965,Sierre,,Sierre,,
595bff58-a20f-4784-a144-f7811fae0bda,15274,tender,construction,open,without,27135a4a-54ff-4ca3-95c8-7285807c0cde,2025-08-06,15274-02,award,False,[],no,Sportzentrum Verbier - CFC 215 Verglaste Metallfassaden,,Centre sportif de Verbier - CFC 215 Façades métalliques vitrées,,Quartal Sàrl,,Quartal Sàrl,,CH,VS,1936,Verbier,,Verbier,,
bd85d0a6-48e7-43e2-809d-ce91927f00a5,15277,tender,construction,open,without,62daca5f-077a-43c5-96b9-630ebf1db4d4,2025-08-06,15277-02,award,False,[],no,Sportzentrum Verbier - CFC 216 Hinterlüftete Fassaden aus Naturstein,,Centre sportif de Verbier - CFC 216 Façades ventilées en pierre naturelle,,Quartal Sàrl,,Quartal Sàrl,,CH,VS,1936,Verbier,,Verbier,,
402b4fcf-9b63-41f6-a4f3-5166f834abf4,15280,tender,construction,open,without,cc1d8cad-7e1e-4f3b-a8be-1f5d4c94b0d6,2025-08-06,15280-02,award,False,[],no,Sportzentrum Verbier - CFC 228 Stoffjalousien,,Centre sportif de Verbier - CFC 228 Stores en toile,,Quartal Sàrl,,Quartal Sàrl,,CH,VS,1936,Verbier,,Verbier,,
8450d8c5-628b-4d9b-863e-61a1fa295943,16801,tender,construction,open,without,54846588-15d0-4b34-b076-727aa1f8906c,2025-08-06,16801-03,award,False,[],no,"Autobahn A9, Teilstrecke Siders Ost – Leuk/Susten Ost, Versetzen Gasleitung, Baulos L10162",,,,Swissgas AG,,,,CH,VS,3960,Sierre,,,,
42b2c404-96ee-4917-8c41-8c2690170bf2,14250,tender,construction,open,without,43255f98-929e-4b08-af7f-961738200d89,2025-07-25,14250-02,award,False,[],no,,,Transformation d'une halle en bureaux administratifs / Bâtiment B sur site de Piscine à Sion / CFC 225.2 Isolations phoniques,,,,Service immobilier et patrimoine (SIP),,CH,VS,1950,,,Sion,,
2677f312-d591-4af2-8bc9-f56065397269,15688,tender,construction,open,without,ffb96e03-cb2e-4583-b617-7f69ac5dd4ac,2025-07-25,15688-02,award,False,[],no,Berner Klinik 2028 - BKP 230 Elektroinstallationen - Neuauflage,,Copie Clinique bernoise 2028 - CFC 230 Installations éléctriques,,"Berner Klink Montana, p.A. IAAG Architekten AG",,"Berner Klink Montana, p.A. IAAG Architekten AG",,CH,VS,3963,Crans-Montana,,Crans-Montana,,
21a24181-9d1f-4e5d-b6f0-90c5450824c0,16528,tender,construction,open,without,576d567e-1212-4b74-9014-a0b1f3eb3fc5,2025-07-25,16528-02,award,False,[],no,,,Ouvrage : VE – 25.10 Transformation de la gare de Martigny ,,,,Achats - TMR SA,,CH,VS,1920,,,Martigny,,
39889ddd-4575-420f-b6e9-2291fd697e43,17243,tender,construction,open,without,ba9add6f-3c28-4792-85e5-ef149a9eebf2,2025-07-24,17243-02,award,False,[],no,,,Aménagement Halle Catogne III - LOT 36 - Installations électriques basse tension,,,,Achats - TMR SA,,CH,VS,1920,,,Martigny,,
1864cce2-3953-4da5-bb6b-27da96ae666b,12364,tender,construction,open,without,d8d16079-feac-432a-9481-fad80c6bdb55,2025-07-18,12364-03,award,False,[],no,490029 Erneuerung Kunstbauten Findelbach-Landtunnel Tunnelsanierung «1. Bauetappe 2025»,,,,Beschaffungsstelle Matterhorn Gotthard Bahn,,,,CH,VS,3920,Zermatt,,,,
ae312332-a273-48a7-ad22-27c408b941e6,14496,tender,construction,open,without,4ed07bc6-8548-47bc-9589-1ba295a0ad9b,2025-07-18,14496-02,award,False,[],no,,,Route de la Dent de Bonavau,,,,Commune de Champéry - Service Technique,,CH,VS,1874,,,Champéry,,
f1def0e5-5e32-4122-8a0c-42239f5c48e2,12185,tender,construction,open,without,4bcace7e-15e0-4d66-a1ca-4ff54a70061a,2025-07-17,12185-02,award,False,[],no,,,Aménagement halle Catogne III - LOT 31 : Terrassement et Gros-oeuvre béton armé,,,,Achats - TMR SA,,CH,VS,1920,,,Martigny,,
61a2f120-66a0-49e1-ad95-19220b87fff6,16037,tender,construction,open,without,2ee65bbe-85d8-40df-bc7d-d710b6aa890c,2025-07-12,16037-02,award,False,[],no,,,HUB Martigny-Croix – Travaux de génie civil,,,,Commune de Martigny - Bureau Moret & Associés,,CH,VS,1920,,,Martigny,,
c06ff39b-a113-48cd-8d89-e418848b6f93,11128,tender,construction,open,without,e4b41369-ed2b-48cb-bbb4-9f2bd9df2261,2025-07-11,11128-02,award,False,[],no,,,Transformation d'une halle en bureaux administratif / CFC 273.1,,,,Etat du Valais / Département des finances et de l'énergie (DFE) / Service immobilier et patrimoine (SIP),,CH,VS,1950 ,,,Sion,,
00d8f510-f7b0-4678-a77e-ff4472aa1604,11355,tender,construction,open,without,dd26210c-282a-4d8b-9664-97a8fb99c751,2025-07-11,11355-02,award,False,[],no,"Sanierung Hôtel Glacier du Rhône, Gletsch / BKP 273.0 Innentüren",,,,Service immobilier et patrimoine / Dienststelle für Immobilien u. Bauliches Erbe - Gérance et entretien d'immeuble / Immobilienverwaltung u. Unterhalt,,,,CH,VS,3999,Obergoms,,,,
925b49fd-9bcd-4248-87f4-d50029e95d78,11613,tender,construction,open,without,39634828-5481-49b5-98c0-f02d155a70a4,2025-07-11,11613-02,award,False,[],no,"SZO Spital Wallis - SKP 811 OP- und Untersuchungsleuchten, TP6",,"SZO Hôpital du Valais - SKP 811 Lampes d'opération et d'examen, TP6",,Hôpital du Valais - Spital Wallis,,Hôpital du Valais - Spital Wallis ,,CH,VS,3900,Brig-Glis,,Brig-Glis,,
d1e53d52-b750-4756-98c7-52fc814b7100,13281,tender,construction,open,without,3a19c753-08c9-4838-bd7d-d58c99a55088,2025-07-11,13281-02,award,False,[],no,"Langsamverkehrsbrücke Geschina, Los 3.1 Stahlbauarbeiten",,,,Stadtgemeinde Brig-Glis (AFRY Schweiz AG),,,,CH,VS,3900,Brig-Glis,,,,
0ced9338-6b34-48ce-86fb-a493a0de6a0c,13397,tender,construction,open,without,aa286050-7f50-4ba3-aa4b-5f35ae54f2cb,2025-07-11,13397-02,award,False,[],no,,,"Réfection de la chaussée sur la RC no 40 Sierre - Vissoie - Ayer - Zinal, à Mission, sur le territoire de la commune d'Anniviers",,,,"Département de la mobilité, du territoire et de l'environnement",,CH,VS,3961,,,Mission,,
3a8cd10c-12c1-4b70-a883-8f2d40e5b99d,15490,tender,construction,open,without,44cd4cb3-f67a-432a-861f-04b82d031f2e,2025-07-04,15490-02,award,False,[],no,Kollegium Brig – Sanierung Internat / BKP 221.5 – Aussentüren in Holz (Mitteltrakt),,,,Service immobilier et patrimoine / Dienststelle für Immobilien u. Bauliches Erbe - Gérance et entretien d'immeuble / Immobilienverwaltung u. Unterhalt,,,,CH,VS,3900,Brig-Glis,,,,
8d3bd2b1-ab54-45ca-b27e-38735f28e55c,13675,tender,construction,open,without,0ce27b60-ce94-4899-bc11-46402552250d,2025-07-02,13675-02,award,False,[],no,,,"Construction d'une nurserie, crèche et UAPE à Saillon, CFC 421",,,,Commune de Saillon,,CH,VS,1913,,,Saillon,,
24bbb6ac-7247-406b-865d-3dec171dd929,16184,tender,construction,open,without,2cd6bf96-2a67-4b4f-b82d-95fa05f0a0b7,2025-06-30,16184-02,award,False,[],no,,,Route des Rottes Ouest (TC8) - Conthey - Tavaux GC pour CAD,,,,"Sogaval SA, société gérée par OIKEN SA",,CH,VS,1964,,,Conthey,,
6eb5b0f9-748b-4ed7-8fbf-e49a59de29f8,11606,tender,construction,open,without,483f4dca-e210-4fba-9aa9-2d58d68abdb6,2025-06-28,11606-02,award,False,[],no,SZO Spital Wallis - SKP 235.91 Doppelböden TP1,,SZO Hôpital du Valais - SKP 235.91 Planchers surélevés TP1,,Hôpital du Valais - Spital Wallis,,Hôpital du Valais - Spital Wallis ,,CH,VS,3900,Brig-Glis,,Brig-Glis,,
3c2cebaf-0b16-43c0-88ae-4112c0d714c5,11610,tender,construction,open,without,2afe96d7-0691-4ab1-ac0e-570c4c7d54bf,2025-06-28,11610-02,award,False,[],no,SZO Spital Wallis - SKP 237.9 Serverraum TP1,,SZO Hôpital du Valais - SKP 237.9 Salle de serveurs TP1,,Hôpital du Valais - Spital Wallis,,Hôpital du Valais - Spital Wallis ,,CH,VS,3900,Brig-Glis,,Brig-Glis,,
5d557883-ef07-4269-8f77-badb16d20165,11612,tender,construction,open,without,fd449918-2aa1-4e5c-9ca0-25eeabea8c50,2025-06-28,11612-02,award,False,[],no,"SZO Spital Wallis - SKP 287 Baureinigung Gebäudehülle, Neubau",,"SZO Hôpital du Valais - SKP 287 Nettoyage de l'enveloppe du bâtiment, nouvelle construction",,Hôpital du Valais - Spital Wallis,,Hôpital du Valais - Spital Wallis ,,CH,VS,3900,Brig-Glis,,Brig-Glis,,
cca8120d-7f53-45d2-b5a8-10d019445827,13330,tender,construction,open,without,231c85de-fbf2-4064-a5d9-6b8851a9f2c8,2025-06-28,13330-03,award,False,[],no,390088 - TU Randa Dorf - Richtung Täsch - Baumeisterarbeiten,,Copie Travaux de génie civil - FbE Station St. Niklaus-Josikurve ,,Beschaffungsstelle Matterhorn Gotthard Bahn,,,,CH,VS,3928,Randa,,,,
c6510f0b-e33e-43af-ac4d-74bcf2eafa92,16787,tender,construction,open,without,13b9cba9-9da3-439a-8341-e24f8e9a382b,2025-06-27,16787-02,award,False,[],no,,,Transformation du bâtiment de la cure d'Evionnaz - CFC 271.1,,,,Commune d'Evionnaz,,CH,VS,1902,,,Evionnaz,,
fba8eb18-e1cf-4145-9d4b-fd88adc8fbae,1838,tender,construction,open,with,c728e3a3-3553-40ac-85d4-6c2c617955c5,2025-06-27,1838-02,award,False,"[{'publicationId': 'c728e3a3-3553-40ac-85d4-6c2c617955c5', 'publicationDate': '2025-06-27', 'publicationNumber': '1838-02', 'pubType': 'award', 'corrected': False, 'lotId': '635a2b38-aba0-4cb4-9460-bb55dccc65b0', 'lotNumber': 1, 'lotTitle': {'de': None, 'en': None, 'fr': ""Travaux d'installation de chauffage et de ventilation"", 'it': None}, 'orderAddressOnlyDescription': 'no', 'orderAddress': {'countryId': 'CH', 'cantonId': 'VS', 'postalCode': '3963', 'city': {'de': None, 'en': None, 'fr': 'Crans-Montana', 'it': None}}}, {'publicationId': '2d1b22a7-9d80-4d09-a317-ae0fe69de2bf', 'publicationDate': '2025-06-27', 'publicationNumber': '1838-03', 'pubType': 'award', 'corrected': False, 'lotId': 'b279873f-98ce-4b67-98df-362ccac7ee9a', 'lotNumber': 2, 'lotTitle': {'de': None, 'en': None, 'fr': ""Travaux d'installations électriques"", 'it': None}, 'orderAddressOnlyDescription': 'no', 'orderAddress': {'countryId': 'CH', 'cantonId': 'VS', 'postalCode': '3963', 'city': {'de': None, 'en': None, 'fr': 'Crans-Montana', 'it': None}}}, {'publicationId': '63c03e05-92a4-4ba4-8091-75bbe3432450', 'publicationDate': '2025-06-27', 'publicationNumber': '1838-04', 'pubType': 'award', 'corrected': False, 'lotId': '5a335645-023b-4f48-a902-a3ea686298de', 'lotNumber': 3, 'lotTitle': {'de': None, 'en': None, 'fr': ""Travaux d'installation sanitaires"", 'it': None}, 'orderAddressOnlyDescription': 'no', 'orderAddress': {'countryId': 'CH', 'cantonId': 'VS', 'postalCode': '3963', 'city': {'de': None, 'en': None, 'fr': 'Crans-Montana', 'it': None}}}, {'publicationId': '1dcd4da0-70de-4504-9a8b-e8432910066d', 'publicationDate': '2025-06-27', 'publicationNumber': '1838-05', 'pubType': 'award', 'corrected': False, 'lotId': '5679cd79-fa8e-41f3-87be-99ab2a6e4f8b', 'lotNumber': 4, 'lotTitle': {'de': None, 'en': None, 'fr': 'Travaux de démolition désamiantage terrassements, béton armé installation de chantier', 'it': None}, 'orderAddressOnlyDescription': 'no', 'orderAddress': {'countryId': 'CH', 'cantonId': 'VS', 'postalCode': '3963', 'city': {'de': None, 'en': None, 'fr': 'Crans-Montana', 'it': None}}}, {'publicationId': '4388a83a-6df3-4e3d-a386-29777a136eab', 'publicationDate': '2025-06-27', 'publicationNumber': '1838-06', 'pubType': 'award', 'corrected': False, 'lotId': '993655ee-cf07-4e4b-969d-75d5d8690962', 'lotNumber': 5, 'lotTitle': {'de': None, 'en': None, 'fr': ""Travaux de l'entreprise d'échafaudages"", 'it': None}, 'orderAddressOnlyDescription': 'no', 'orderAddress': {'countryId': 'CH', 'cantonId': 'VS', 'postalCode': '3963', 'city': {'de': None, 'en': None, 'fr': 'Crans-Montana', 'it': None}}}, {'publicationId': '62ca7cf0-b690-4ef8-b7c4-2faa19d02d04', 'publicationDate': '2025-06-27', 'publicationNumber': '1838-07', 'pubType': 'award', 'corrected': False, 'lotId': 'eadca904-3f6f-47a8-b725-299d90df3f46', 'lotNumber': 6, 'lotTitle': {'de': None, 'en': None, 'fr': ""Travaux de l'entreprise de constructions métalliques"", 'it': None}, 'orderAddressOnlyDescription': 'no', 'orderAddress': {'countryId': 'CH', 'cantonId': 'VS', 'postalCode': '3963', 'city': {'de': None, 'en': None, 'fr': 'Crans-Montana', 'it': None}}}]",,,,"CMZ Transformation du bâtiment existant de la Nationale et construction d’un nouveau sous-sol, Quartier des Barzettes",,,,Commune de Crans-Montana,,,,,,,,,
1a43ab59-2bb4-456d-bd5a-c990906639c4,7375,tender,construction,open,with,455cc13e-a7a0-4b56-a490-2405f1efb6d8,2025-06-27,7375-02,award,False,"[{'publicationId': '455cc13e-a7a0-4b56-a490-2405f1efb6d8', 'publicationDate': '2025-06-27', 'publicationNumber': '7375-02', 'pubType': 'award', 'corrected': False, 'lotId': '2e3b2695-d29e-4e1c-9bf7-56633127eefa', 'lotNumber': 1, 'lotTitle': {'de': None, 'en': None, 'fr': 'Fenêtres en métal léger', 'it': None}, 'orderAddressOnlyDescription': 'no', 'orderAddress': {'countryId': 'CH', 'cantonId': 'VS', 'postalCode': '3963', 'city': {'de': None, 'en': None, 'fr': 'Crans-Montana', 'it': None}}}, {'publicationId': '61b86b59-d1e7-48a7-a934-62682fec6ded', 'publicationDate': '2025-06-27', 'publicationNumber': '7375-03', 'pubType': 'award', 'corrected': False, 'lotId': '3e9d121e-5f88-4e3a-94cf-39bf186a027c', 'lotNumber': 2, 'lotTitle': {'de': None, 'en': None, 'fr': 'Portes en métal', 'it': None}, 'orderAddressOnlyDescription': 'no', 'orderAddress': {'countryId': 'CH', 'cantonId': 'VS', 'postalCode': '3963', 'city': {'de': None, 'en': None, 'fr': 'Crans-Montana', 'it': None}}}]",,,,CMZ Transformation du bâtiment existant de la Nationale et construction d’un nouveau sous-sol. Quartier des Barzettes,,,,Commune de Crans-Montana (quartal),,,,,,,,,
138e9965-f05b-460b-963e-a44bb2f1d0e1,9626,tender,construction,open,without,14b37cd4-819f-4dbd-a0e2-6d093a4eced0,2025-06-27,9626-02,award,False,[],no,,,"Stade d'arrivée nationale, Quartier des Barzettes à Crans-Montana - CFC 213 Façades en métal",,,,Commune de Crans-Montana (quartal),,CH,VS,3963,,,Crans-Montana,,
d18bdea4-7883-4142-a510-3b2e57890683,10733,tender,construction,open,without,89b7215b-a216-429e-beff-818b365eb3ff,2025-06-26,10733-04,award,False,[],no,Sportzentrum Verbier - CFC 359 Wasseraufbereitung,,Centre sportif de Verbier - CFC 359 Traitement d'eau,,Quartal Sàrl,,Quartal Sàrl,,CH,VS,1936,Verbier,,Verbier,,
92431831-594b-416d-914a-b9915db946b5,10730,tender,construction,open,without,d700cdc2-cf2b-4f7f-bc98-9fef0a082bac,2025-06-25,10730-02,award,False,[],no,Sportzentrum Verbier - CFC 356 SPA-Ausstattung,,Centre sportif de Verbier - CFC 356 Equipement SPA,,Quartal Sàrl,,Quartal Sàrl,,CH,VS,1936,Verbier,,Verbier,,
e9878168-5970-4ef9-954c-5186921b9a85,15278,tender,construction,open,without,a5add7a4-bd62-40be-bd35-6f57e22e271a,2025-06-25,15278-02,award,False,[],no,Sportzentrum Verbier - CFC 222-224 Spenglerei-Dichtungen,,Centre sportif de Verbier - CFC 222-224 Ferblanterie-étanchéité,,Quartal Sàrl,,Quartal Sàrl,,CH,VS,1936,Verbier,,Verbier,,
42970bf4-f9a8-4a4f-a454-0dfb4dfce47e,5690,tender,construction,open,without,4e11137a-4a25-4a79-a61b-819138cf51b3,2025-06-25,5690-02,award,False,[],no,,,Centre sportif de Verbier - CFC 224.1 Etanchéité souterraine,,,,Quartal Sàrl,,CH,VS,1936,,,Verbier,,
e7a945f4-49f0-4526-ad42-7797fecf37ee,11358,tender,construction,open,without,0f57cf17-5b71-4431-824c-930dc5dff0b6,2025-06-20,11358-02,award,False,[],no,"Sanierung Hôtel Glacier du Rhône, Gletsch / BKP 285 Malerarbeiten",,,,Service immobilier et patrimoine / Dienststelle für Immobilien u. Bauliches Erbe - Gérance et entretien d'immeuble / Immobilienverwaltung u. Unterhalt,,,,CH,VS,3999,Obergoms,,,,
343ad816-bd7a-4c71-9e3a-d90f9518743e,13082,tender,construction,open,without,659cad28-9e30-490a-9e9c-99c2caa98c6e,2025-06-19,13082-02,award,False,[],no,Berner Klinik 2028 - BKP 358 Grosskücheneinrichtung (Buffetanlage),,Clinique bernoise 2028 - CFC 358 Installations des cuisines industrielles (Installation Buffet),,"Berner Klink Montana, p.A. IAAG Architekten AG",,"Berner Klink Montana, p.A. IAAG Architekten AG",,CH,VS,3963,Crans-Montana,,Crans-Montana,,
75d6c434-76a5-4a76-affd-b245d28f08d5,13085,tender,construction,open,without,65999247-3acb-427a-90e0-f0d7e7363846,2025-06-19,13085-02,award,False,[],no,Berner Klinik 2028 - BKP 250.1 Medizinalgasinstallationen,,Clinique bernoise 2028 - CFC 250.1 Installations de gaz médicaux,,"Berner Klink Montana, p.A. IAAG Architekten AG",,"Berner Klink Montana, p.A. IAAG Architekten AG",,CH,VS,3963,Crans-Montana,,Crans-Montana,,
ccaed16a-b7f4-44a7-9cc4-a89e70b681ef,13110,tender,construction,open,without,df4b9bcd-75fd-4d82-891e-b0757e854925,2025-06-19,13110-02,award,False,[],no,Berner Klinik 2028 - BKP 283.1 Deckenverkleidungen in Metall,,Copie Clinique bernoise 2028 - CFC 283.1 Revêtements de plafonds en métal,,"Berner Klink Montana, p.A. IAAG Architekten AG",,"Berner Klink Montana, p.A. IAAG Architekten AG",,CH,VS,3963,Crans-Montana,,Crans-Montana,,
a8376d15-416d-4557-8c5e-c604cecaa3f7,15683,tender,construction,open,without,0da1f844-a108-4b7c-9068-6a5cc5d74ff9,2025-06-19,15683-02,award,False,[],no,Neubau Fleischzentrum und TKS Region Goms-Oberwallis / 370 Betriebseinrichtungen,,,,Gemeinde Goms,,,,CH,VS,3998,Reckingen VS,,,,
bb1c5f9c-3620-4cd7-b6fb-ca09e9415465,7335,tender,construction,open,without,d2c2a4a6-5654-4fd7-a0c9-8dfb5061a8a7,2025-06-19,7335-02,award,False,[],no,390117 - Baumeisterarbeiten - FbE Schali - Täsch,,390117 - Travaux de construction - FbE Schali - Täsch,,Beschaffungsstelle Matterhorn Gotthard Bahn,,,,CH,VS,3929,Täsch,,,,
ff636889-93e4-43ca-aad5-b7edb83e2485,14869,tender,construction,open,without,0b553945-a446-442e-8679-6fa5e1ddad52,2025-06-18,14869-02,award,False,[],no,Neubau Fleischzentrum und TKS Region Goms - Oberwallis / 346.2 Kühlräume,,,,Gemeinde Goms,,,,CH,VS,3998,Reckingen VS,,,,
f4f73e5f-3b36-4bd6-b256-7a0ddf43ce56,14871,tender,construction,open,without,ae5ad15a-78ac-4cec-9d74-b2b9775ecfaa,2025-06-18,14871-02,award,False,[],no,Neubau Fleischzentrum und TKS Region Goms - Oberwallis / 346.1 Gewerbliche Kälte,,,,Gemeinde Goms,,,,CH,VS,3998,Reckingen VS,,,,
1fd67a43-c632-4079-a37a-13a7489cb655,15675,tender,construction,invitation,without,a6ae6c00-8bc2-4fc4-a9e7-876b9b3fa152,2025-06-18,15675-02,award,False,[],no,Neubau Fleischzentrum und TKS Region Goms-Oberwallis / 240 Heizungsanlagen,,,,Gemeinde Goms,,,,CH,VS,3998,Reckingen,,,,
de9a5178-855c-4539-97e1-5b625f4c4249,9110,tender,construction,open,without,5b24ed35-14ad-48af-adea-f470d85cde2e,2025-06-18,9110-02,award,False,[],no,,,Torrents ouest lot 6 « Torrents ouest lot 6 – Plantys – Aven – Creusettaz ,,,,Commune de Vétroz - service technique,,CH,VS,1963,,,Vétroz,,
3f8f463b-7d5c-4be2-b1e8-2ed5097476e0,10126,tender,construction,open,without,d2c5cc24-67f4-48d7-87c4-37b898316cb8,2025-06-13,10126-02,award,False,[],no,"Wärmeverbund Klostermatte, Brig-Glis: Anschluss Heizung BFO",,,,DIB,,,,CH,VS,3900,Brig-Glis,,,,
b74a4642-4399-419f-821b-ab58178d8777,10134,tender,construction,open,without,ec45798a-c65c-4550-8efd-38a5e931fa18,2025-06-13,10134-02,award,False,[],no,"Wärmeverbund Klostermatte, Brig-Glis: Anschluss Heizung KSS Haus A/C",,,,Service immobilier et patrimoine / Dienststelle für Immobilien u. Bauliches Erbe - Gérance et entretien d'immeuble / Immobilienverwaltung u. Unterhalt,,,,CH,VS,3900,Brig-Glis,,,,
492670c7-ee6b-4004-8c42-72dacfb580c1,10136,tender,construction,open,without,565313a0-0564-44cc-9884-60701cdf54a5,2025-06-13,10136-02,award,False,[],no,"Wärmeverbund Klostermatte, Brig-Glis: Anschluss Heizung Haus B",,,,Service immobilier et patrimoine / Dienststelle für Immobilien u. Bauliches Erbe - Gérance et entretien d'immeuble / Immobilienverwaltung u. Unterhalt,,,,CH,VS,3900,Brig-Glis,,,,
277a93d0-9214-4593-855d-b143d1bf342b,12885,tender,construction,open,without,f746d280-408c-4799-aff6-8025bbf27cf8,2025-06-12,12885-02,award,False,[],no,,,"Travaux de sécurisation de la chaussée suite aux intempéries de décembre 2023 sur la RC no 626 Itravers-Vercorin, sur le territoire des communes de Grône et de Chalais",,,,"Département de la mobilité, du territoire et de l'environnement",,CH,VS,3979,,,Grône,,
6ae3d689-9b8a-4f24-a993-18be4d17367c,15312,tender,construction,open,without,e206618d-1d62-499a-b065-83b9c9da566c,2025-06-12,15312-02,award,False,[],no,,,"Stabilisation du bord aval de la chaussée et réfection de la chaussée sur la RC no 218 Basse-Nendaz - Sarclentse, au lieu-dit ""Les Bouillets"", sur le territoire de la commune de Nendaz",,,,"Département de la mobilité, du territoire et de l'environnement",,CH,VS,1996,,,Nendaz,,
92e72545-cccc-4e82-b8e7-a50460b81070,15192,tender,construction,open,without,690e7214-fb68-44a4-b22a-64e4826b39cc,2025-06-09,15192-03,award,False,[],no,,,STEP III Noës - Extension de la STEP et traitement des micropolluants - Lot GC02 : Assainissement béton bâtiments D,,,,Association pour l'épuration des eaux usées de Sierre et environs (Ville de Sierre - Service de l'environnement),,CH,VS,3976,,,Noës,,
32665294-9205-4631-b9d9-16503d8b88de,10120,tender,construction,open,without,376040f8-1072-45cb-8f26-7171a4437505,2025-06-06,10120-02,award,False,[],no,"Wärmeverbund Klostermatte, Brig-Glis: Fernwärmeleitungen erdverlegt, Etappe 2",,,,DIB,,,,CH,VS,3900,Brig-Glis,,,,
f0194df8-95ef-4cff-b46f-ef7c920c4502,14798,tender,construction,open,without,873228fb-1daf-4282-9d3a-87dc78af456a,2025-06-05,14798-02,award,False,[],no,,,"Correction de la chaussée à l'amont de Sion, sur la RC no 62 Sion - Nendaz, sur le territoire de la commune de Sion",,,,"Département de la mobilité, du territoire et de l'environnement",,CH,VS,1950,,,Sion,,
7d44d265-f9f1-4708-8539-cc646356831e,9166,tender,construction,open,without,001c4cc1-43ca-42aa-afdb-33d9231e04f7,2025-06-05,9166-02,award,False,[],no,Lawinenverbauung Triftgrätji - Hehbord VIII Baumeister (Etappe 2025),,,,Gemeinde Saas-Grund (IBR Ingenieurbüro GmbH),,,,CH,VS,3920,Zermatt,,,,
9ca8172f-b82c-4fd8-879d-1ccd34e4e3e6,9178,tender,construction,open,without,dc333454-8ffa-4766-a814-3b3a88d57763,2025-06-05,9178-02,award,False,[],no,Lawinenverbauung Gitschung V Baumeister (Etappe 2025),,,,Gemeinde Täsch (IBR Ingenieurbüro GmbH),,,,CH,VS,3929,Täsch,,,,
c8116b5e-5c4e-426e-9097-1bad60782c83,9180,tender,construction,open,without,b763cf5b-8bdb-450d-92af-25a1d7b24ac7,2025-06-05,9180-02,award,False,[],no,Lawinenverbauung Schweifinen VI Baumeister (Etappe 2025),,,,Gemeinde Zermatt (IBR Ingenieurbüro GmbH),,,,CH,VS,3920,Zermatt,,,,
dc5f78a6-abfc-4e6e-aad2-f90e27010204,13178,tender,construction,open,without,34269d60-2157-49df-b042-be623b88b14c,2025-06-04,13178-03,award,False,[],no,,,Projet de défense contre les chutes de blocs « Dona Gremé » Rehaussement de deux digues existantes ,,,,Commune de Trient,,CH,VS,1929,,,Trient,,
f5e47521-7df5-48bd-9251-8af46ad2aaff,10396,tender,construction,open,without,e353d303-407a-414b-a3fc-62c1dacb7100,2025-05-31,10396-02,award,False,[],no,Langsamverkehrsbrücke Geschina (Brig-Glis),,,,Stadtgemeinde Brig-Glis (AFRY Schweiz AG),,,,CH,VS,3900,Brig-Glis,,,,
ba5c9a3b-76c4-4d2f-9e00-335b0118a455,8199,tender,construction,open,without,4e2cc25b-e4f6-447d-a86b-4ec8678be819,2025-05-30,8199-02,award,False,[],no,,,Maison de Commune Châble - CFC 271 Plâtrerie,,,,Philippe Bruchez Architecture SA,,CH,VS,1934,,,Le Châble,,
51af85ba-bf47-4a4d-a61d-06c22db0d70e,10416,tender,construction,open,without,2d2924b7-8ade-42a8-ab87-0cd4b2759137,2025-05-28,10416-02,award,False,[],no,Sanierung Regionalschulhaus Leuk - Innentüren aus Holz und allgemeine Schreinerarbeiten,,,,Gemeinde Leuk,,,,CH,VS,3953,Leuk-Stadt,,,,
cd986483-0f22-417b-a774-d3a0a6f5ac2c,14865,tender,construction,open,without,3af8e11f-ea46-4a21-9d41-ca3bb787a07d,2025-05-28,14865-02,award,False,[],no,Neubau Fleischzentrum und TKS Region Goms-Oberwallis / 230 Elektroinstallationen,,,,Gemeinde Goms,,,,CH,VS,3998,Reckingen VS,,,,
8e59a396-a733-4902-90e3-43c0bd80ce3d,15213,tender,construction,invitation,without,fcb23854-1b31-47fe-b2f8-c6078f052bbb,2025-05-28,15213-02,award,False,[],no,,,"Réfection du revêtement entre le carrefour de Ban et le carrefour de Valençon, sur la RC no 46 Sierre - Chermignon - Crans, sur le territoire de la commune de Crans-Montana",,,,"Département de la mobilité, du territoire et de l'environnement",,CH,VS,3963,,,Crans-Montana,,
b37dc6e4-b950-4df5-b69b-8b2be5d9f2b5,10222,tender,construction,open,without,1852862d-a6a8-4a04-b0a8-25fa3ce0919e,2025-05-23,10222-02,award,False,[],no,Berner Klinik 2028 - BKP 211 Baumeisterarbeiten ,,Clinique bernoise 2028 - CFC 211 Travaux de construction,,"Berner Klink Montana, p.A. IAAG Architekten AG",,"Berner Klink Montana, p.A. IAAG Architekten AG",,CH,VS,3963,Crans-Montana,,Crans-Montana,,
a9939a43-5587-41fd-87c2-6892659ac65b,10515,tender,construction,open,without,3bf89f2d-153a-468f-8270-7faf84eeccd6,2025-05-23,10515-02,award,False,[],no,Berner Klinik 2028 - BKP 242 Heizungsinstallationen,,Clinique bernoise 2028 - CFC 242 Installations de chauffage,,"Berner Klink Montana, p.A. IAAG Architekten AG",,"Berner Klink Montana, p.A. IAAG Architekten AG",,CH,VS,3963,Crans-Montana,,Crans-Montana,,
c42fb23b-bcba-49b0-b63b-967f84c404ad,10519,tender,construction,open,without,7c717da8-da39-4c1a-adf1-62048ab6e527,2025-05-23,10519-02,award,False,[],no,Berner Klinik 2028 - BKP 244 Lüftungs- und Klimaanlagen,,Clinique bernoise 2028 - CFC 244 Ventilation et climatisation,,"Berner Klink Montana, p.A. IAAG Architekten AG",,"Berner Klink Montana, p.A. IAAG Architekten AG",,CH,VS,3963,Crans-Montana,,Crans-Montana,,
5c702d68-00f2-4aec-aab2-85a8df802b98,10522,tender,construction,open,without,23a6f4a9-459f-45e8-8d7d-70caea40a484,2025-05-23,10522-02,award,False,[],no,Berner Klinik 2028 - BKP 250 Sanitärinstallationen,,Clinique bernoise 2028 - CFC 250 Installations sanitaires,,"Berner Klink Montana, p.A. IAAG Architekten AG",,"Berner Klink Montana, p.A. IAAG Architekten AG",,CH,VS,3963,Crans-Montana,,Crans-Montana,,
4f0f068b-6c3c-4b29-8339-0953af99c933,10524,tender,construction,open,without,4e346c77-4d67-4ca8-9da2-9ddf1124b5f3,2025-05-23,10524-02,award,False,[],no,Berner Klinik 2028 - BKP 211.1 Gerüstarbeiten,,Clinique bernoise 2028 - CFC 211.1 Ecafaudages,,"Berner Klink Montana, p.A. IAAG Architekten AG",,"Berner Klink Montana, p.A. IAAG Architekten AG",,CH,VS,3963,Crans-Montana,,Crans-Montana,,
f33184f8-7feb-4fb8-820c-27589ab6dd77,10717,tender,construction,open,without,27d83297-78ad-48d2-a124-e4762e82f20c,2025-05-23,10717-02,award,False,[],no,Sportzentrum Verbier - CFC 213 Becken aus Edelstahl,,Centre sportif de Verbier - CFC 213 Bassins en inox,,Quartal Sàrl,,Quartal Sàrl,,CH,VS,1936,Verbier,,Verbier,,
400e9d79-6588-4543-b873-bb12aa1b364f,10721,tender,construction,open,without,ae66ce29-0f64-43c6-b4c4-596411aa1a42,2025-05-23,10721-02,award,False,[],no,Sportzentrum Verbier - CFC 240 Heizung,,Centre sportif de Verbier - CFC 240 Chauffage,,Quartal Sàrl,,Quartal Sàrl,,CH,VS,1936,Verbier,,Verbier,,
2b146d71-cdac-471b-bf5b-c90f12c4bbb7,10726,tender,construction,open,without,243f3937-4a25-4001-8d1c-efc89d417ed6,2025-05-23,10726-03,award,False,[],no,Sportzentrum Verbier - CFC 250 Sanitär,,Centre sportif de Verbier - CFC 250 Sanitaire,,Quartal Sàrl,,Quartal Sàrl,,CH,VS,1936,Verbier,,Verbier,,
fd8e8c2c-009a-4b53-8da7-75fc08337463,10728,tender,construction,open,without,6f65105a-3e89-40b9-a7d0-571c97d198fa,2025-05-23,10728-02,award,False,[],no,Sportzentrum Verbier - CFC 278 Beweglicher Boden,,Centre sportif de Verbier - CFC 278 Fond mobile,,Quartal Sàrl,,Quartal Sàrl,,CH,VS,1936,Verbier,,Verbier,,
bd2be0f4-2361-45d1-ad59-dded773f2bf6,10732,tender,construction,open,without,7034ecb3-17a8-4e56-b2b4-89075bc86b80,2025-05-23,10732-02,award,False,[],no,Sportzentrum Verbier - CFC 358 Berufsküche,,Centre sportif de Verbier - CFC 358 Cuisine professionnelle,,Quartal Sàrl,,Quartal Sàrl,,CH,VS,1936,Verbier,,Verbier,,
4427e585-1a75-4d1b-9eb7-0fb72e4fb8e3,10738,tender,construction,open,without,1f0a32f6-30d4-4ce4-b5ed-a217233f521b,2025-05-23,10738-02,award,False,[],no,Sportzentrum Verbier - CFC 448 Rutschen,,Centre sportif de Verbier - CFC 448 Toboggans,,Quartal Sàrl,,Quartal Sàrl,,CH,VS,1936,Verbier,,Verbier,,
ee8ef762-3f82-443e-8921-67f137396fac,11132,tender,construction,open,without,6c316df2-ec6a-4678-a77c-e85b96929621,2025-05-23,11132-02,award,False,[],no,Berner Klinik 2028 - BKP 271 Gipserarbeiten,,Clinique bernoise 2028 - CFC 271 Plâtrerie,,"Berner Klink Montana, p.A. IAAG Architekten AG",,"Berner Klink Montana, p.A. IAAG Architekten AG",,CH,VS,3963,Crans-Montana,,Crans-Montana,,
4a88d635-886a-474c-8d36-fdfeb717e8a0,11168,tender,construction,open,without,667de5c7-fef6-4ad7-abb0-0758fce26477,2025-05-23,11168-02,award,False,[],no,"Schulhaus Bitsch, BKP 211 Baumeisterarbeiten",,,,Gemeinde Bitsch,,,,CH,VS,3982,Bitsch,,,,
15e2ce21-f768-4fde-81fa-fe2029492560,11177,tender,construction,open,without,e95326c3-a399-4869-ad41-7f126340b85c,2025-05-23,11177-02,award,False,[],no,"Schulhaus Bitsch, BKP 214 Montagebau in Holz",,,,Gemeinde Bitsch,,,,CH,VS,3982,Bitsch,,,,
3e3a05f3-4ed9-4a2c-b6f6-281c0c0f632e,11178,tender,construction,open,without,fc7d3d25-a57e-474f-a77a-b165f2df17f6,2025-05-23,11178-02,award,False,[],no,"Schulhaus Bitsch, BKP 23 Elektroanlagen",,,,Gemeinde Bitsch,,,,CH,VS,3982,Bitsch,,,,
a8e29b1d-baac-4276-bd85-1a1211d899f1,11183,tender,construction,open,without,d11f428f-3508-4fac-aac9-36a62374f6b9,2025-05-23,11183-02,award,False,[],no,"Schulhaus Bitsch, BKP 242 Heizungsanlagen",,,,Gemeinde Bitsch,,,,CH,VS,3982,Bitsch,,,,
5a410ec8-3206-43cd-887b-ec0a99566575,12558,tender,construction,open,without,55e7bf31-8a87-41b9-8aa6-59093d4a935f,2025-05-23,12558-02,award,False,[],no,,,"Construction d'un parapet en béton armé et assainissement des bétons à la galerie d'entrée du tunnel d'Arolla et la galerie de Zano, sur la RC no 54 Sion - Les Haudères - Arolla, sur le territoire de la commune d'Evolène",,,,"Département de la mobilité, du territoire et de l'environnement",,CH,VS,1983,,,Evolène,,
e1bb4baf-74ce-4ece-b927-e297e79657f1,12725,tender,construction,open,without,75a67942-3d13-47c6-8274-8095da1f9a7a,2025-05-23,12725-02,award,False,[],no,,,"Correction de la chaussée à l'intérieur d'Euseigne, sur la RC no 54 Sion - Les Haudères - Arolla, sur le territoire de la commune d'Hérémence",,,,"Département de la mobilité, du territoire et de l'environnement",,CH,VS,1982,,,Euseigne,,
6b5887ff-8741-4a7e-932f-0be3717e337f,14016,tender,construction,open,with,f3c08261-9a3f-41c0-8680-30891ee8e0cb,2025-05-23,14016-02,award,False,"[{'publicationId': 'f3c08261-9a3f-41c0-8680-30891ee8e0cb', 'publicationDate': '2025-05-23', 'publicationNumber': '14016-02', 'pubType': 'award', 'corrected': False, 'lotId': '73434b53-ad97-4a0e-991c-5ddf5a84d0bc', 'lotNumber': 1, 'lotTitle': {'de': None, 'en': None, 'fr': 'SIG Parking Grand-Signal, Crans-Montana: Etanchéité des surfaces carrossables', 'it': None}, 'orderAddressOnlyDescription': 'no', 'orderAddress': {'countryId': 'CH', 'cantonId': 'VS', 'postalCode': '3963', 'city': {'de': None, 'en': None, 'fr': 'Crans-Montana', 'it': None}}}]",,,,"Parking du Grand-Signal, Crans-Montana",,,,Société des Parkings de Crans-Montana SA (Commune de Crans-Montana),,,,,,,,,
f78da6a2-5573-4c3b-b321-dde013b53a93,9787,tender,construction,open,without,b2be8674-7a94-41a6-9925-35bb15a0885e,2025-05-23,9787-02,award,False,[],no,Sportzentrum Verbier - CFC 261.1 Aufzüge,,Centre sportif de Verbier - CFC 261.1 Ascenseurs,,Quartal Sàrl,,Quartal Sàrl,,CH,VS,1936,Verbier,,Verbier,,
c4a558bc-9570-40c4-89b3-f76fe07d9c40,9792,tender,construction,open,without,ef87b30b-cfd8-4ebc-abaa-653e0d87cd16,2025-05-23,9792-02,award,False,[],no,Sportzentrum Verbier - CFC 211.1 Gerüste,,Centre sportif de Verbier - CFC 211.1 Echafaudages,,Quartal Sàrl,,Quartal Sàrl,,CH,VS,1936,Verbier,,Verbier,,
1face861-e2c7-44c9-ba3c-52664be05e49,10461,tender,construction,open,without,b35a36b6-afac-4206-9df1-8f0433573a87,2025-05-21,10461-02,award,False,[],no,,,VE 31.05 Réfection de voie à crémaillère du KM 6220 au KM 7330 (1080M),,,,Achats - TMR SA,,CH,VS,1922,,,Salvan,,
326e7f1e-42ee-40ec-babb-2ea1ab97858d,13074,tender,construction,open,without,c8741c52-4dc1-459d-9f48-77369f20edda,2025-05-16,13074-02,award,False,[],no,,,Commune de Fully – Equipements réseaux rue du Stade et raccord sur centrale de chauffe Charnot – Travaux de génie civil,,,,Services Industriels de Fully,,CH,VS,1926,,,Fully,,
66ce33e9-43bd-42ca-a7a5-eb5744abad09,12850,tender,construction,open,without,66551b61-ab9a-4cf6-ac50-25c2fed475f2,2025-05-13,12850-02,award,False,[],no,,,"Réfection de la chaussée sur la route de Nendaz à Basse-Nendaz, PR 100+160 à 100+820, sur le territoire de la commune de Nendaz",,,,"Département de la mobilité, du territoire et de l'environnement",,CH,VS,1996,,,Basse-Nendaz,,
eb7ab4f7-9275-40fd-9a98-25b8545e56fb,13605,tender,construction,open,without,beeb5287-d585-44fe-bef6-53d93c1e8b22,2025-05-09,13605-02,award,False,[],no,Neubau Fleischzentrum und TKS Region Goms-Oberwallis,,,,Gemeinde Goms,,,,CH,VS,3998,Reckingen,,,,
0024a60e-fe1b-4172-a514-cd5af4d88b3c,12143,tender,construction,open,without,7b39676c-fe97-4719-91a6-f7cb5e222aff,2025-05-06,12143-02,award,False,[],no,,,CAD Sierre - Route de l'Hôpital - Secteur 2025,,,,"Sogaval SA, société gérée par OIKEN SA",,CH,VS,3960,,,Sierre,,
1ac231fb-cc86-458c-9cfc-027b89519ef0,13226,tender,construction,open,without,2f3e3b75-81e4-4fcd-991b-9926f20a0262,2025-05-02,13226-02,award,False,[],no,Ersatz Trinkwasserleitung Sattle - Bäll,,,,Gemeinde Naters (INGENES AG),,,,CH,VS,3914,Belalp,,,,
db2cbdd6-ffba-428a-901a-1dc1ab4b58d8,5452,tender,construction,open,with,669a7e26-fe48-4b42-8bef-3b6895577df0,2025-05-02,5452-06,award,False,"[{'publicationId': '83778041-55bb-4489-8cad-03369d320460', 'publicationDate': '2025-03-21', 'publicationNumber': '5452-03', 'pubType': 'award', 'corrected': False, 'lotId': '1b411a4a-0b28-43b3-bdb5-334328fe4c39', 'lotNumber': 1, 'lotTitle': {'de': None, 'en': None, 'fr': 'CFC 283.1 - Faux-plafonds en métal', 'it': None}, 'orderAddressOnlyDescription': 'no', 'orderAddress': {'countryId': 'CH', 'cantonId': 'VS', 'postalCode': '1950', 'city': {'de': None, 'en': None, 'fr': 'Sion', 'it': None}}}, {'publicationId': '2920bc46-d663-4688-986d-4845b1c7eddc', 'publicationDate': '2025-03-21', 'publicationNumber': '5452-02', 'pubType': 'award', 'corrected': False, 'lotId': 'aa98ff79-faec-4e01-8ac7-c362989ea77d', 'lotNumber': 2, 'lotTitle': {'de': None, 'en': None, 'fr': 'CFC 272.2 - Ouvrages métalliques courants', 'it': None}, 'orderAddressOnlyDescription': 'no', 'orderAddress': {'countryId': 'CH', 'cantonId': 'VS', 'postalCode': '1950', 'city': {'de': None, 'en': None, 'fr': 'Sion', 'it': None}}}, {'publicationId': '669a7e26-fe48-4b42-8bef-3b6895577df0', 'publicationDate': '2025-05-02', 'publicationNumber': '5452-06', 'pubType': 'award', 'corrected': False, 'lotId': '33de3422-78a2-49d0-8518-90a9df859eff', 'lotNumber': 3, 'lotTitle': {'de': None, 'en': None, 'fr': ""CFC 231.5 Equipement de production d'énergie électrique"", 'it': None}, 'orderAddressOnlyDescription': 'no', 'orderAddress': {'countryId': 'CH', 'cantonId': 'VS', 'postalCode': '1950', 'city': {'de': None, 'en': None, 'fr': 'Sion', 'it': None}}}, {'publicationId': '2ae0c2dc-acff-40de-a8ac-2e128647da9a', 'publicationDate': '2025-04-04', 'publicationNumber': '5452-05', 'pubType': 'award', 'corrected': False, 'lotId': 'e9a021d3-dc5b-4cf3-abd2-4dd7c9a56226', 'lotNumber': 4, 'lotTitle': {'de': None, 'en': None, 'fr': 'CFC 178 Travaux accessoires, Forages', 'it': None}, 'orderAddressOnlyDescription': 'no', 'orderAddress': {'countryId': 'CH', 'cantonId': 'VS', 'postalCode': '1950', 'city': {'de': None, 'en': None, 'fr': 'Sion', 'it': None}}}, {'publicationId': '09d5ce17-b026-49ce-ad15-65a755cb62ca', 'publicationDate': '2025-03-21', 'publicationNumber': '5452-04', 'pubType': 'award', 'corrected': False, 'lotId': '53583632-8896-4a05-950c-7da9459f7231', 'lotNumber': 5, 'lotTitle': {'de': None, 'en': None, 'fr': 'CFC 281.2 Revêtements de sol en matières synthétiques. textiles, etc', 'it': None}, 'orderAddressOnlyDescription': 'no', 'orderAddress': {'countryId': 'CH', 'cantonId': 'VS', 'postalCode': '1950', 'city': {'de': None, 'en': None, 'fr': 'Sion', 'it': None}}}]",,,,Construction du nouveau Lycée-Collège Ella Maillart (au Cours Roger Bonvin) à Sion,,,,Service immobilier et patrimoine / Dienststelle für Immobilien und Bauliches Erbe - Investissements / Investitionen,,,,,,,,,
e4b04025-4213-4580-a963-23cdbc82d925,7958,tender,construction,open,without,5237408c-f8f9-4ba4-94ef-0404ea140501,2025-05-02,7958-02,award,False,[],no,Oberbau - Neubau Schulhaus Walka,,,,mls architekten sia ag,,,,CH,VS,3920,Zermatt,,,,
60cf9581-779b-4227-ac94-aaf6746f6a85,9206,tender,construction,open,without,5c3c9bc5-c9c2-44bc-864c-a2ce086539f1,2025-05-02,9206-02,award,False,[],no,Anschluss Fernwärmenetz Kollegium Brig - BKP 211.3-Baumeisterarbeiten,,,,Etat du Valais - Département des finances et de l'énergie (DFE) - Service Immobilier et Patrimoine (SIP),,,,CH,VS,1950,Sion,,,,
b4428ab3-0a9a-4368-a0d2-c7ffd241014e,7177,tender,construction,open,without,0b17d33c-bbee-4851-beb3-b76f9f20b742,2025-05-01,7177-03,award,False,[],no,"290032 Sanierung Gebäudehülle Verwaltungsgebäude MGB, Brig",,,,Beschaffungsstelle Matterhorn Gotthard Bahn,,,,CH,VS,3900,Brig,,,,
db18f4b8-80aa-4dfa-8143-8b313b9304f2,8193,tender,construction,open,without,563d8235-cf37-4dc1-948b-b8a55239a5be,2025-05-01,8193-02,award,False,[],no,,,"Maison de Commune Châble - CFC 272 Serrurerie, portes fenêtres métaliques",,,,Philippe Bruchez Architecture SA,,CH,VS,1934,,,Le Châble,,
7359b37f-ddaf-45df-ba3c-4e765e49693c,13341,tender,construction,open,without,3a421b05-655e-463b-8bc7-1337bde5a9f2,2025-04-29,13341-02,award,False,[],no,,,"Réfection de la chaussée sur la RC no 41 Vissoie - Grimentz - Barrage de Moiry, au lieu-dit ""Les Tsànèvèrettes"", sur le territoire de la commune d'Anniviers",,,,Service de la mobilité,,CH,VS,3961,,,Mayoux,,
3a4c10ad-d6b2-4003-85f8-6b8942f37251,11197,tender,construction,open,without,5c31df17-4461-435a-afa5-4fcc35511930,2025-04-26,11197-02,award,False,[],no,,,Rue des Poujes (TC5) - Conthey - Travaux GC et CAD,,,,"Sogaval SA, société gérée par OIKEN SA",,CH,VS,1964,,,Conthey,,
74a30d7c-5367-42d6-b2f8-1771ac408aa7,9796,tender,construction,open,without,0c6a32b5-170f-4ed0-b7aa-e74ff57897d4,2025-04-25,9796-02,award,False,[],no,Sportzentrum Verbier - CFC 230 Elektroinstallationen,,Centre sportif de Verbier - CFC 230 Installations électriques,,Quartal Sàrl,,Quartal Sàrl,,CH,VS,1936,Verbier,,Verbier,,
5ea959dd-b980-4935-8d8b-65ebf8ffba33,12659,tender,construction,invitation,without,108b8fc9-a649-4f2d-b8d4-9636b58380ce,2025-04-11,12659-02,award,False,[],no,,,"Rte de l'Antenne, Cerisier-Chargneux",,,,"Commune de Nendaz, Service des travaux publics",,CH,VS,1997,,,Haute-Nendaz,,
408ecc99-de76-4fc4-92d1-94a3b3d7ad1a,10901,tender,construction,invitation,without,3b168fc4-9f48-4a93-943b-f67cb1eaeef1,2025-04-08,10901-02,award,False,[],no,,,Correction et réfection de la chaussée à la sortie de Luc sur la RC no 79 Botyre - Icogne - Lens - Crans,,,,"Département de la mobilité, du territoire et de l'environnement",,CH,VS,1966,,,Ayent,,
61b054a4-ade5-4d9d-9de2-b3039fc982ee,10485,tender,construction,open,without,21bedf40-f5fd-4fb3-bc74-631de1f76183,2025-04-04,10485-02,award,False,[],no,,,TRANSFORMATION ET AGRANDISSEMENT DE LA SALLE POLYVALENTE DE CHALAIS - CFC 273.0 Portes intérieures en bois / CFC 273.2 Vitrages intérieurs en bois / CFC 273.3 Menuiserie courante / CFC 275 Cylindres de sureté,,,,Commune de Chalais - service technique ,,CH,VS,3966,,,Chalais,,
50bd245e-210c-4dbc-8dba-ce277422e4d9,1247,tender,construction,open,with,1b17eb90-5d7e-4c71-ac13-658ec763dde3,2025-04-04,1247-03,award,False,"[{'publicationId': '1b17eb90-5d7e-4c71-ac13-658ec763dde3', 'publicationDate': '2025-04-04', 'publicationNumber': '1247-03', 'pubType': 'award', 'corrected': False, 'lotId': '5db8110a-910a-452c-8df9-b1a2066804cb', 'lotNumber': 1, 'lotTitle': {'de': None, 'en': None, 'fr': ""211 - Travaux de l'entreprise de maçonnerie"", 'it': None}, 'orderAddressOnlyDescription': 'no', 'orderAddress': {'countryId': 'CH', 'cantonId': 'VS', 'postalCode': '1984', 'city': {'de': None, 'en': None, 'fr': 'Route des Borgnes, Les Haudères', 'it': None}}}, {'publicationId': 'd20a6022-7d0a-4cdf-8b77-6faf77c5ea41', 'publicationDate': '2025-04-04', 'publicationNumber': '1247-02', 'pubType': 'award', 'corrected': False, 'lotId': '8bd44f4f-5dbb-486a-8724-6cae73144520', 'lotNumber': 2, 'lotTitle': {'de': None, 'en': None, 'fr': '214 - Construction en bois', 'it': None}, 'orderAddressOnlyDescription': 'no', 'orderAddress': {'countryId': 'CH', 'cantonId': 'VS', 'postalCode': '1984', 'city': {'de': None, 'en': None, 'fr': 'Route des Borgnes, Les Haudères', 'it': None}}}]",,,,Construction d'une halle pour les cantonniers aux Haudères (Commune d'Evolène),,,,Service immobilier et patrimoine / Dienststelle für Immobilien und Bauliches Erbe - Investissements / Investitionen,,,,,,,,,
b6410432-fbd9-4c98-8bfa-14b498661b0e,6927,tender,construction,open,without,53f2b548-065f-4c17-9d5c-cfd259dc3aaa,2025-04-04,6927-02,award,False,[],no,"Erweiterung Sportzentrum Klostermatte & Heizzentrale, Brig-Glis",,,,Dienststelle für Immobilien und Bauliches Erbe,,,,CH,VS,3900,Brig-Glis,,,,
a07bfb9a-6210-49a8-8e28-49dffafd1b95,8856,tender,construction,open,without,3c298a34-909d-4587-a638-c0603453a85d,2025-04-02,8856-02,award,False,[],no,Neubau Fleischzentrum und TKS Region Goms-Oberwallis,,,,Gemeinde Goms,,,,CH,VS,3998,Reckingen,,,,
ff51a852-6284-4733-bcc9-5ba16e2ed113,9309,tender,construction,open,without,69660678-02b1-4979-b689-de870e1a3351,2025-03-31,9309-02,award,False,[],no,Fahrbahnerneuerung Landtunnel-Riffelalp „ Gleisbauarbeiten “,,Rénovation de la chaussée du Landtunnel-Riffelalp « Travaux de construction de la voie »,,Beschaffungsstelle Matterhorn Gotthard Bahn,,,,CH,VS,3920,Zermatt,,,,
08cfb1e8-0c82-4bbb-b1ed-93b25097856c,6779,tender,construction,open,without,8dbfea15-ed02-4e82-9ae7-664be99a12e0,2025-03-28,6779-02,award,False,[],no,,,EMS Castel Notre-Dame Martigny - CFC 211.7 Façade en briques de parement,,,,Quartal Sàrl,,CH,VS,1920,,,Martigny,,
7706c3ba-4946-4062-93cf-ae0d1aa8e7f6,10076,tender,construction,open,without,673abd5d-0004-4fee-9847-8cd5bb304d33,2025-03-27,10076-02,award,False,[],no, Begegnungszone alti Gassa Ried-Brig,,,,Gemeinde Ried-Brig,,,,CH,VS,3911,Ried-Brig,,,,
8f219e89-42d7-4b0a-b824-fe86cec42187,9336,tender,construction,open,without,bc9f9f4b-dbba-4fb7-9f61-2ef1a49cc426,2025-03-27,9336-02,award,False,[],no,,,Réaménagement du parking du Midi,,,,Commune de Martigny - Services Techniques ,,CH,VS,1920,,,Martigny,,
1585ecc3-9490-4dcb-a03f-22c5ccedebb6,9185,tender,construction,open,without,376ba57e-492a-4385-abbd-0a948182e7da,2025-03-26,9185-02,award,False,[],no,,,Monthey_collecteur_EU_Sépey,,,,nco-ing SA,,CH,VS,1871,,,Choëx,,
1dc2c1db-1a74-4464-8c94-6a27ab6e3143,10365,tender,construction,open,with,a1c6cbcf-ca96-4ef4-80f2-05948ac8393a,2025-03-25,10365-02,award,False,"[{'publicationId': 'a1c6cbcf-ca96-4ef4-80f2-05948ac8393a', 'publicationDate': '2025-03-25', 'publicationNumber': '10365-02', 'pubType': 'award', 'corrected': False, 'lotId': 'cd03122f-9acf-41de-aa8d-c6954df225f5', 'lotNumber': 1, 'lotTitle': {'de': None, 'en': None, 'fr': 'Filets parepierres - Signal Champex 2', 'it': None}, 'orderAddressOnlyDescription': 'no', 'orderAddress': {'countryId': 'CH', 'cantonId': 'VS', 'postalCode': '1938', 'city': {'de': None, 'en': None, 'fr': 'Champex-Lac', 'it': None}}}]",,,,Signal Champex 2 - Pose de filets parepierres,,,,Commune d'Orsières,,,,,,,,,
c7c94d75-37de-4192-8640-74c081d8b05e,7465,tender,construction,open,without,601e8149-11a1-462e-bfff-c80297f9f006,2025-03-22,7465-02,award,False,[],no,,,SATOM_CAD_Nord_CRR_VS,,,,SATOM SA,,CH,VS,1868,,,Collombey,,
d9ca165e-6487-44f0-8aa8-5507052898be,7470,tender,construction,open,without,0c2b0522-fa1c-408e-bcc6-cd369db456b2,2025-03-22,7470-02,award,False,[],no,,,satom_CAD_nord_lot_11bis_franchissement_anticipé_canal_bras-neuf,,,,SATOM SA,,CH,VS,1868,,,Collombey,,
2a17b191-4aed-415f-8289-4e6986030617,5326,tender,construction,open,without,df5cb985-b816-4ee7-87d0-3d1eaa83557d,2025-03-21,5326-02,award,False,[],no,,,Travaux de réfection du sentier du bisse de Trient,,,,Commune de Trient,,CH,VS,1929,,,Trient,,
71f1a1fe-ee4d-45cf-8f21-928269bc9c7a,7190,tender,construction,open,without,04147499-c850-4b6b-9aa4-47996318069c,2025-03-21,7190-02,award,False,[],no,SEB - SKP 285: Maler-/Gipserarbeiten - 5.OG,,,,Spitalzentrum Oberwallis,,,,CH,VS,3900,Brig,,,,
e43efbcd-8242-4e60-b1c8-254d52011235,7774,tender,construction,open,without,151a001a-6a81-4c6c-adce-8ada3aeb618f,2025-03-20,7774-02,award,False,[],no,,,"Modification de la géométrie des giratoires de la Métralie, de Cloux-Roussier et du Viaduc Nord, sur les RC no T9 St-Maurice - Brig et 630 Raccordement N9-T9 Sierre-Est, sur le territoire de la Ville de Sierre",,,,"DMTE, Service de la mobilité, arrondissement 2, Valais central",,CH,VS,3960,,,Sierre,,
e51a3915-9ec1-4db4-8eed-2ba37aafe229,8122,tender,construction,open,without,ba13a17a-bce4-4697-b9bb-fb542a97aa6e,2025-03-20,8122-02,award,False,[],no,,,"Construction d'un passage inférieur au carrefour de Mont d'Orge, sur la RPS H206a Déviation Sion Est - La Muraz, PR 45",,,,"Département de la mobilité, du territoire et de l'environnement",,CH,VS,1950,,,Sion,,
8fc7784d-3cf3-4e20-82f5-bfb1eb435d9e,9533,tender,construction,open,without,43ff9ee9-4327-47ec-acea-417d3dcff0a3,2025-03-20,9533-02,award,False,[],no,,,"Correction de la chaussée sur la RC no 45 Sierre - Montana - Crans, sur la route de Montana à Veyras",,,,"Département de la mobilité, du territoire et de l'environnement",,CH,VS,3968,,,Veyras,,
261aeed3-132e-4976-b15c-799da30ed870,10435,tender,construction,open,without,967a959a-84c0-4b46-a0c1-85ecec02aede,2025-03-19,10435-02,award,False,[],no,,,"Travaux de confortation et de réfection de la chaussée sur la route de Zinal, au lieu-dit ""Les Grands Pras"", sur la RC no 40 Sierre - Vissoie - Ayer - Zinal, sur le territoire de la commune d'Anniviers",,,,"Département de la mobilité, du territoire et de l'environnement",,CH,VS,3961,,,Anniviers,,
58b49e65-67d8-4df1-8208-c5f5bb7dc647,10058,tender,construction,open,without,ff8b94b6-44fe-45de-9b59-f09519ee04a8,2025-03-18,10058-02,award,False,[],no,,,"Réfection de la chaussée sur le tronçon de la route de Plan Mayens compris entre les carrefours avec la route des Téléphériques et le chemin des Devins, sur la RC no 613 Pas de l'Ours - Plan Mayens, sur le territoire de la commune de Lens",,,,"Département de la mobilité, du territoire et de l'environnement",,CH,VS,3963,,,Crans-Montana,,
ce14b026-e762-4971-8f8d-adf66caeb0fa,3730,tender,construction,open,without,bcc03128-c55c-4d7d-9cfd-7298c303d417,2025-03-18,3730-02,award,False,[],no,Rehabilitation und Erweiterung der ARA Granges - Angebot MA104 Dachstuhl und Holzverkleidungen (CFC 214),,Projet de réhabilitation et extension de la Step de Granges - MA104 Charpente et revêtements bois (CFC 214),,Association intercommunale pour la Step de Granges,,Association intercommunale pour la Step de Granges,,CH,VS,3977,Granges,,Granges,,
bcc35203-8e7d-4328-af4e-93022dcf28ed,7316,tender,construction,open,without,9ca37396-c2f5-4d6b-bfe0-1116707bb5d8,2025-03-17,7316-02,award,False,[],no,Baumeisterarbeiten - FbE Station St. Niklaus-Josikurve,,Travaux de génie civil - FbE Station St. Niklaus-Josikurve,,Beschaffungsstelle Matterhorn Gotthard Bahn,,,,CH,VS,3924,St.Niklaus,,,,
2b2caa22-eb6c-4962-b039-a24e936de437,7469,tender,construction,open,with,719994f6-8676-4921-abe9-c6700e922bed,2025-03-14,7469-02,award,False,"[{'publicationId': '719994f6-8676-4921-abe9-c6700e922bed', 'publicationDate': '2025-03-14', 'publicationNumber': '7469-02', 'pubType': 'award', 'corrected': False, 'lotId': '5ad31ded-ee77-4cc1-b725-8d5ff2a1aca2', 'lotNumber': 1, 'lotTitle': {'de': None, 'en': None, 'fr': 'CFC 281.8 Faux-plancher techniques', 'it': None}, 'orderAddressOnlyDescription': 'no', 'orderAddress': {'countryId': 'CH', 'cantonId': 'VS', 'postalCode': '1950', 'city': {'de': None, 'en': None, 'fr': 'Sion', 'it': None}}}]",,Construction du nouveau Lycée-Collège Ella Maillart (au Cours Roger Bonvin) à Sion,,Construction du nouveau Lycée-Collège Ella Maillart (au Cours Roger Bonvin) à Sion,,,,Service immobilier et patrimoine / Dienststelle für Immobilien und Bauliches Erbe - Investissements / Investitionen,,,,,,,,,
87b3c312-b5d5-498f-b6fa-3586751aeb4d,7690,tender,construction,open,with,a77ff15c-35b5-4093-be5a-04d5a67e5f99,2025-03-14,7690-02,award,False,"[{'publicationId': 'a77ff15c-35b5-4093-be5a-04d5a67e5f99', 'publicationDate': '2025-03-14', 'publicationNumber': '7690-02', 'pubType': 'award', 'corrected': False, 'lotId': '7edacc10-be10-42e0-98fa-11b6e7a1f34d', 'lotNumber': 1, 'lotTitle': {'de': None, 'en': None, 'fr': 'CFC 222 : Ferblanterie', 'it': None}, 'orderAddressOnlyDescription': 'no', 'orderAddress': {'countryId': 'CH', 'cantonId': 'VS', 'postalCode': '1868', 'city': {'de': None, 'en': None, 'fr': 'Collombey', 'it': None}}}, {'publicationId': '3b712f7a-65c1-41e1-83fb-157e9f60bfe0', 'publicationDate': '2025-03-14', 'publicationNumber': '7690-03', 'pubType': 'award', 'corrected': False, 'lotId': 'd62a5f02-eb8a-48cc-b122-17cf6aea2e45', 'lotNumber': 2, 'lotTitle': {'de': None, 'en': None, 'fr': 'CFC 223 : Protection contre la foudre', 'it': None}, 'orderAddressOnlyDescription': 'no', 'orderAddress': {'countryId': 'CH', 'cantonId': 'VS', 'postalCode': '1868', 'city': {'de': None, 'en': None, 'fr': 'Collombey', 'it': None}}}, {'publicationId': 'ddc7bf0f-da4b-4004-b867-fa3504b01890', 'publicationDate': '2025-03-14', 'publicationNumber': '7690-04', 'pubType': 'award', 'corrected': False, 'lotId': '6a24d713-8c8f-485b-9563-7af698a472c6', 'lotNumber': 3, 'lotTitle': {'de': None, 'en': None, 'fr': 'CFC 224.1 : Etanchéités et revêtements de toits plats', 'it': None}, 'orderAddressOnlyDescription': 'no', 'orderAddress': {'countryId': 'CH', 'cantonId': 'VS', 'postalCode': '1868', 'city': {'de': None, 'en': None, 'fr': 'Collombey', 'it': None}}}, {'publicationId': '3704db1d-f201-4fb1-97a2-6dd3b688582e', 'publicationDate': '2025-03-14', 'publicationNumber': '7690-05', 'pubType': 'award', 'corrected': False, 'lotId': 'a67528f1-7e9b-47e4-b97b-f4d709e6789e', 'lotNumber': 4, 'lotTitle': {'de': None, 'en': None, 'fr': 'CFC 224.3 : Vitrages de toits plats', 'it': None}, 'orderAddressOnlyDescription': 'no', 'orderAddress': {'countryId': 'CH', 'cantonId': 'VS', 'postalCode': '1868', 'city': {'de': None, 'en': None, 'fr': 'Collombey', 'it': None}}}, {'publicationId': '094af144-66f8-485a-b695-35d342eb6b52', 'publicationDate': '2025-03-14', 'publicationNumber': '7690-06', 'pubType': 'award', 'corrected': False, 'lotId': 'dc63bb4c-ec2e-4c42-89e3-f413ecabfba0', 'lotNumber': 5, 'lotTitle': {'de': None, 'en': None, 'fr': 'CFC 324.1 : Etanchéités pour entretiens - Sécurité antichute', 'it': None}, 'orderAddressOnlyDescription': 'no', 'orderAddress': {'countryId': 'CH', 'cantonId': 'VS', 'postalCode': '1868', 'city': {'de': None, 'en': None, 'fr': 'Collombey', 'it': None}}}]",,,,Complexe sportif des Perraires : réfection toiture (zones 1 à 6),,,,Commune de Collombey-Muraz,,,,,,,,,
0cdc75e4-8382-44c5-96b3-c3e255bc0385,3156,tender,construction,open,without,cf12a123-7924-4825-9508-8d3cb96164d3,2025-03-13,3156-02,award,False,[],no,Sanierung der Kläranlage Granges. Offentliches Auftrag MA 61: Lüftungsarbeiten,,Réhabilitation et extension de la STEP de Granges. Marché MA 61 : Travaux de ventilation,,Association intercommunale pour la STEP de Granges,,Association intercommunale pour la Step de Granges,,CH,VS,3977,Granges,,Granges,,
5c0ae93b-c7d3-4323-b0e4-f3baf3c6ae5d,1986,tender,construction,open,without,b9773ac7-8096-4583-9fb7-f8de76789292,2025-03-12,1986-02,award,False,[],no,SZO Spital Wallis - SKP 346 Gewerbliche Kälte TP7,,SZO Spital Wallis - SKP 273 froid industriel TP7,,Hôpital du Valais - Spital Wallis ,,Hôpital du Valais - Spital Wallis,,CH,VS,3900,Brig-Glis,,Brig-Glis,,
cea9ff5b-05ab-451b-bf84-11d9f2ca9f2c,9807,tender,construction,open,without,44aaf6d8-a646-445d-a04c-f44fd74bee0e,2025-03-12,9807-02,award,False,[],no,,,"Réfection du revêtement de la route du Rawyl, PR 10+140 à 20+600, sur la RC no 205 Fortunau - Tseuzier - Rawyl",,,,"Département de la mobilité, du territoire et de l'environnement",,CH,VS,1966,,,Ayent,,
2cc6f9a8-c67c-4f63-be61-5e2fd196e1aa,9518,tender,construction,open,without,59bfb092-f9f3-4537-adbb-484880e79584,2025-03-11,9518-02,award,False,[],no,,,"Réfection de la chaussée sur la RC no 65 Salins - Mayens de Sion, sur la route de Salins à Pravidondaz ",,,,"Département de la mobilité, du territoire et de l'environnement",,CH,VS,1950,,,Sion,,
76634e3e-f508-4ef2-85cd-5f5c76f673fd,7214,tender,construction,open,without,ded62478-a013-42b8-8434-d054a4a57a77,2025-03-05,7214-02,award,False,[],no,Mehrzweckhalle Randa - Instandsetzung 2025,,,,Gemeinde Randa,,,,CH,VS,3928,Randa,,,,
bb812b8a-e9fc-4d9e-9ffe-bee26b106296,5035,tender,construction,open,without,24445689-115c-48ad-8ce5-c200a80c5bcb,2025-02-28,5035-02,award,False,[],no,,,MA III Sion sous-station H3 - LR0842_Renforcement de digue,,,,Service des dangers naturels / Dienststelle Naturgefahren - Section R&L / Sektion RuG,,CH,VS,1950,,,Sion,,
4e48cb56-c8f2-4a7a-99fc-e0900fe4f738,4469,tender,construction,open,without,815609ef-1aac-471e-a178-08e4af061370,2025-02-26,4469-02,award,False,[],no,,,Réaffectation ancien bâtiment des travaux publics - AO Gros œuvre ,,,,Municipalité de Savièse,,CH,VS,1965,,,Savièse,,
e621526c-ff2d-4a0f-8d0a-bb445cd7403c,5670,tender,construction,open,without,85ac8090-633e-4fc4-b4f3-1ada5eb9b025,2025-02-26,5670-02,award,False,[],no,,,"Centre sportif de Verbier - CFC 211 Maçonnerie, béton armé",,,,Quartal Sàrl,,CH,VS,1936,,,Verbier,,
58ca458f-2f73-46de-915c-9582ad46bbe5,5695,tender,construction,open,without,3ded2080-cf81-4724-b9c9-58b6650c6c21,2025-02-26,5695-02,award,False,[],no,,,Centre sportif de Verbier - CFC 244 Ventilation,,,,Quartal Sàrl,,CH,VS,1936,,,Verbier,,
fde5504a-3597-4465-8214-139c2bf9cd97,6523,tender,construction,open,without,b97b1a54-a977-4aa5-ae27-6aa3eeb6bb94,2025-02-26,6523-02,award,False,[],no,,,Immeuble Noble Contrée / isolation périphérique,,,,Commune de Noble-Contrée - service technique,,CH,VS,3968,,,Veyras,,
fab58e3a-e562-4489-90cf-64a9ee4b1827,8732,tender,construction,open,without,57d5564e-9618-4cee-8aa3-a09ce8cd9387,2025-02-24,8732-02,award,False,[],no,,,Transformation du bâtiment de la cure d'Evionnaz - CFC 211,,,,Commune d'Evionnaz,,CH,VS,1902,,,Evionnaz,,
fade6273-6bdc-43f0-8014-eeec2de18aa2,6261,tender,construction,open,without,e74bffbe-28b7-429e-8fc9-11c5623d9b69,2025-02-20,6261-03,award,False,[],no,,,Réfection de voie et abaissement des radiers dans les tunnels de la Crête à Martin et Larzette,,,,Achats - TMR SA,,CH,VS,1933,,,sembrancher,,
a2f7aaff-86dd-4b9a-b689-bca2cf070328,7876,tender,construction,open,without,b3046e27-2484-4a29-bd84-e31e91a21edf,2025-02-20,7876-02,award,False,[],no,"Sportanlage Mühleye Visp, Neubau Kunstrasen",,,,Sportrasen GmbH,,,,CH,VS,3930,Visp,,,,
2d6a7533-631c-4e76-bca8-6f74edeb5d44,7291,tender,construction,open,without,e0bf5fe6-6d5d-41a4-86f6-f8275cda9cd3,2025-02-13,7291-02,award,False,[],no,,,"RC no 69 St-Pierre-de-Clages - Chamoson - Ovronnaz, intérieur de Grugnay, réfection de la chaussée",,,,"DMTE, Service de la mobilité, arrondissement 2, Valais central",,CH,VS,1955,,,Chamoson,,
374cf3bf-3eed-4bcb-a5f2-8898e52cec1e,1984,tender,construction,open,with,40bed8fd-0425-4768-8ad5-7c37e94d83d7,2025-02-05,1984-03,award,False,"[{'publicationId': '40bed8fd-0425-4768-8ad5-7c37e94d83d7', 'publicationDate': '2025-02-05', 'publicationNumber': '1984-03', 'pubType': 'award', 'corrected': False, 'lotId': '1abc1086-d184-4d01-8e15-e7b2d13a3ebc', 'lotNumber': 1, 'lotTitle': {'de': 'Los 1: Bodenbeläge Kautschuk + Schmutzschleuse TP1 + TP7', 'en': None, 'fr': 'Los 1 : Revêtements de sol en caoutchouc + sas de propreté TP1 + TP7', 'it': None}, 'orderAddressOnlyDescription': 'no', 'orderAddress': {'countryId': 'CH', 'cantonId': 'VS', 'postalCode': '3900', 'city': {'de': 'Brig-Glis', 'en': None, 'fr': 'Brig-Glis', 'it': None}}}, {'publicationId': '81b0aaf6-05e0-45e5-8d9e-2078e829161e', 'publicationDate': '2024-12-23', 'publicationNumber': '1984-02', 'pubType': 'award', 'corrected': False, 'lotId': 'c9cd9866-f9c2-4754-a9dd-230c03417957', 'lotNumber': 2, 'lotTitle': {'de': 'Los 2: Boden- & Wandbeläge PVC+Plattenarbeiten TP1 + TP7', 'en': None, 'fr': 'Los 2 : Revêtements de sol & muraux PVC+dalle TP1 + TP7', 'it': None}, 'orderAddressOnlyDescription': 'no', 'orderAddress': {'countryId': 'CH', 'cantonId': 'VS', 'postalCode': '3900', 'city': {'de': 'Brig-Glis', 'en': None, 'fr': 'Brig-Glis', 'it': None}}}]",,SZO Spital Wallis - SKP 281 Boden- und Wandbeläge TP1 + TP7,,SZO Spital Wallis - SKP 281 revêtements de sol et de mur TP1 + TP7,,Hôpital du Valais - Spital Wallis ,,Hôpital du Valais - Spital Wallis ,,,,,,,,,
0529be25-ae87-4b3d-8a5e-55b684983c94,3732,tender,construction,open,without,791865a0-6082-4ade-8b40-7a46644a2640,2025-02-05,3732-02,award,False,[],no,Baumeister Umbau Bahnhof Goppenstein,,Baumeister Umbau Bahnhof Goppenstein,,BLS AG - Finance & SCM - Strategische Beschaffung,,BLS AG - Finance & SCM - Strategische Beschaffung,,CH,VS,3917,Goppenstein,,Goppenstein,,
a1aa18ed-2447-4d80-8508-1c131f3c2c14,1937,tender,construction,open,with,330671ba-cf91-45b7-9665-adb0d301449f,2025-01-31,1937-05,award,False,"[{'publicationId': 'eab109de-cd49-4b51-8015-e2b2f1e97766', 'publicationDate': '2025-01-03', 'publicationNumber': '1937-02', 'pubType': 'award', 'corrected': False, 'lotId': '8d1e0513-507e-4b84-b693-b936d2892ab6', 'lotNumber': 1, 'lotTitle': {'de': 'Los 1: Schränke, Spez. Elemente, Empfangsdesks + Tische (TP1)', 'en': None, 'fr': 'Los 1 : Armoires, éléments spéciaux, desks de réception + tables (TP1)', 'it': None}, 'orderAddressOnlyDescription': 'no', 'orderAddress': {'countryId': 'CH', 'cantonId': 'VS', 'postalCode': '3900', 'city': {'de': 'Brig-Glis', 'en': None, 'fr': 'Brig-Glis', 'it': None}}}, {'publicationId': '330671ba-cf91-45b7-9665-adb0d301449f', 'publicationDate': '2025-01-31', 'publicationNumber': '1937-05', 'pubType': 'award', 'corrected': False, 'lotId': 'a0a3de79-f79b-46f9-9d64-c81d2ecb1493', 'lotNumber': 2, 'lotTitle': {'de': 'Los 2: Patientenschränke + Fensterbänke (TP1+TP7)', 'en': None, 'fr': 'Los 2 : Armoires pour patients + appuis de fenêtre (TP1+TP7)', 'it': None}, 'orderAddressOnlyDescription': 'no', 'orderAddress': {'countryId': 'CH', 'cantonId': 'VS', 'postalCode': '3900', 'city': {'de': 'Brig-Glis', 'en': None, 'fr': 'Brig-Glis', 'it': None}}}, {'publicationId': '4c18a6a4-599b-4fde-8756-32f025dec7ec', 'publicationDate': '2025-01-03', 'publicationNumber': '1937-03', 'pubType': 'award', 'corrected': False, 'lotId': '1b896822-08a1-457c-a8c9-e368d36bd9e8', 'lotNumber': 3, 'lotTitle': {'de': 'Los 3: WC-Trennwände, Glaswände + Vorhänge (TP1)', 'en': None, 'fr': 'Los 3 : Cloisons de WC, parois vitrées + rideaux (TP1)', 'it': None}, 'orderAddressOnlyDescription': 'no', 'orderAddress': {'countryId': 'CH', 'cantonId': 'VS', 'postalCode': '3900', 'city': {'de': 'Brig-Glis', 'en': None, 'fr': 'Brig-Glis', 'it': None}}}, {'publicationId': '37c894d8-9f8a-4a2a-b8bb-0a721baeaded', 'publicationDate': '2025-01-03', 'publicationNumber': '1937-04', 'pubType': 'award', 'corrected': False, 'lotId': 'b4c42b08-3581-4580-9150-34ed2c3f5d9b', 'lotNumber': 4, 'lotTitle': {'de': 'Los 4: Regal-Elemente (TP1)', 'en': None, 'fr': 'Los 4 : Éléments de rayonnage (TP1)', 'it': None}, 'orderAddressOnlyDescription': 'no', 'orderAddress': {'countryId': 'CH', 'cantonId': 'VS', 'postalCode': '3900', 'city': {'de': 'Brig-Glis', 'en': None, 'fr': 'Brig-Glis', 'it': None}}}]",,SZO Spital Wallis - SKP 273 Schreinerarbeiten TP1 + TP7,,SZO Spital Wallis - SKP 273 Travaux de menuiserie TP1 + TP7,,Hôpital du Valais - Spital Wallis ,,Hôpital du Valais - Spital Wallis ,,,,,,,,,
3b9cfc4b-7925-40fb-8124-6c4512fc6d89,4979,tender,construction,open,without,c51f61bd-873e-4bb3-811f-3cf851b25756,2025-01-24,4979-02,award,False,[],no,"Sanierung Mutzenstrasse, Abschnitt 2",,,,SRP Ingenieur AG,,,,CH,VS,3940,Steg,,,,
3cee28b8-a518-46d5-b4ad-bf691ebc39c7,2241,tender,construction,open,without,cab8133a-0a48-400f-98eb-0d0369bf690e,2025-01-17,2241-02,award,False,[],no,SZO Spital Wallis - SKP 7 Medizinische Apparate und Anlagen (TP6); VP107 Medienversorgungseinheiten,,SKP 7 Appareils et équipements médicaux,,Hôpital du Valais - Spital Wallis,,Hôpital du Valais - Spital Wallis,,CH,VS,3900,Brig-Glis,,Brig-Glis,,
415f3c03-19cf-4427-b2ca-4087bd3db85b,4795,tender,construction,open,without,1620fd7a-5e24-4511-8b87-f9febb465628,2025-01-10,4795-03,award,False,[],no,,,Satom SA - Bâtiment LAVACID,,,,Satom SA (Sollertia SA),,CH,VS,1870,,,Monthey ,,
10a338f1-e836-4e77-9b5d-84e624aea2d0,1251,tender,construction,open,without,e0f8b785-4757-458b-a2ca-d6de02c726a6,2025-01-07,1251-02,award,False,[],no,,,Collombey / CAD / Densification Colombes,,,,nco-ing SA,,CH,VS,1868,,,Collombey,,
0a212697-411c-4609-a185-e1a2dfe6f93b,5744,tender,construction,open,without,8b913429-b0d4-4070-962f-30abf4be88fb,2025-01-06,5744-02,award,False,[],no,,,Sécurisation de la Dranse - Travaux de génie civil pour la zone amont Ville-Étape 1,,,,Commune de Martigny - Services Techniques ,,CH,VS,1920,,,Martigny,,
7adf2813-8ac2-46df-b842-b82a1660cee0,6445,tender,construction,open,without,239b05ad-b910-4d37-9afa-148b923427cb,2024-12-27,6445-02,award,False,[],no,,,Collecteur PGEE de La Tzoumaz et évacuateur de crue du torrent de Lué,,,,"Commune de Riddes, Service technique",,CH,VS,1918,,,La Tzoumaz,,
f860b8a4-0699-4c02-af84-9b5570e8de5e,1979,tender,construction,open,without,3dcf4007-d402-44fb-b6cc-d3a0f21c1537,2024-12-23,1979-02,award,False,[],no,SZO Spital Wallis - SKP 272 Allgemeine Metallbauarbeiten TP1 + TP7,,SZO Spital Wallis - SKP 272 Travaux généraux de construction métallique TP1 + TP7,,Hôpital du Valais - Spital Wallis ,,Hôpital du Valais - Spital Wallis ,,CH,VS,3900,Brig-Glis,,Brig-Glis,,
4bca25a8-dc12-4106-9817-04a4287082a1,2018,tender,construction,open,with,a6ac5201-6fb9-427c-9b98-35ff79e209de,2024-12-20,2018-02,award,False,"[{'publicationId': 'a6ac5201-6fb9-427c-9b98-35ff79e209de', 'publicationDate': '2024-12-20', 'publicationNumber': '2018-02', 'pubType': 'award', 'corrected': False, 'lotId': '85cb8ba9-970b-42a1-b027-5c687cdfe763', 'lotNumber': 1, 'lotTitle': {'de': 'Erweiterung Sportzentrum Klostermatte & Heizzentrale, Brig-Glis', 'en': None, 'fr': None, 'it': None}, 'orderAddressOnlyDescription': 'no', 'orderAddress': {'countryId': 'CH', 'cantonId': 'VS', 'postalCode': '3900', 'city': {'de': 'Brig-Glis', 'en': None, 'fr': None, 'it': None}}}, {'publicationId': '2030cdb0-df34-463c-9234-219ffadc334a', 'publicationDate': '2024-12-20', 'publicationNumber': '2018-03', 'pubType': 'award', 'corrected': False, 'lotId': '2b51077d-fcf2-4744-a477-e4e9130ba921', 'lotNumber': 2, 'lotTitle': {'de': 'Erweiterung Sportzentrum Klostermatte & Heizzentrale, Brig-Glis', 'en': None, 'fr': None, 'it': None}, 'orderAddressOnlyDescription': 'no', 'orderAddress': {'countryId': 'CH', 'cantonId': 'VS', 'postalCode': '3900', 'city': {'de': 'Brig-Glis', 'en': None, 'fr': None, 'it': None}}}]",,"Erweiterung Sportzentrum Klostermatte & Heizzentrale, Brig-Glis",,,,Dienststelle für Immobilien und Bauliches Erbe,,,,,,,,,,,
5ffc64c1-011b-40ea-a6f1-e5c387721edc,2875,tender,construction,open,with,479bdbf5-762b-4ed4-9b48-90f8f2f72dd3,2024-12-20,2875-02,award,False,"[{'publicationId': '479bdbf5-762b-4ed4-9b48-90f8f2f72dd3', 'publicationDate': '2024-12-20', 'publicationNumber': '2875-02', 'pubType': 'award', 'corrected': False, 'lotId': '31cd6b96-b20b-44cd-9fdf-401ac0576e9f', 'lotNumber': 1, 'lotTitle': {'de': None, 'en': None, 'fr': 'CFC 249 - Installations MCR', 'it': None}, 'orderAddressOnlyDescription': 'no', 'orderAddress': {'countryId': 'CH', 'cantonId': 'VS', 'postalCode': '1950', 'city': {'de': None, 'en': None, 'fr': 'Sion', 'it': None}}}, {'publicationId': '93754130-57db-40fb-bc2a-e6a8caa44d8e', 'publicationDate': '2024-08-30', 'publicationNumber': '2875-01', 'pubType': 'tender', 'corrected': False, 'lotId': 'a991a7ef-14a2-45fa-a384-c7e5a69f2cb9', 'lotNumber': 2, 'lotTitle': {'de': None, 'en': None, 'fr': 'CFC 424 - Places de jeux et de sport', 'it': None}, 'orderAddressOnlyDescription': 'no', 'orderAddress': {'countryId': 'CH', 'cantonId': 'VS', 'postalCode': '1950', 'city': {'de': None, 'en': None, 'fr': 'Sion', 'it': None}}}]",,Construction du nouveau Lycée-Collège Ella Maillart (au Cours Roger Bonvin) à Sion,,Construction du nouveau Lycée-Collège Ella Maillart (au Cours Roger Bonvin) à Sion,,,,Service immobilier et patrimoine / Dienststelle für Immobilien und Bauliches Erbe - Investissements / Investitionen,,,,,,,,,
44201f99-17ab-4b16-9aec-bb448c1cb30d,1640,tender,construction,open,without,129698eb-9bf7-4462-8ea5-48d359c85791,2024-12-19,1640-02,award,False,[],no,,,IBM - Construction de deux immeubles de logements à Montana-Village ,,,,Bourgeoisie de Montana,,CH,VS,3963,,,Montana,,
dad1ed69-7fc3-4929-ae2e-44d702065960,4183,tender,construction,open,without,a313a635-548a-4ff8-b14e-bfcc229e803d,2024-12-19,4183-02,award,False,[],no,,,"RC no T9 St-Maurice - Brig, avenue de Tourbillon, correction de la chaussée",,,,Etat du Valais,,CH,VS,1950,,,Sion,,
17177011-9e96-4876-9732-70a70853a58b,811,tender,construction,open,without,9607579a-c235-41d5-b094-c83ab707ed06,2024-12-19,811-02,award,False,[],no,,,IBM - Construction de deux immeubles de logements à Montana-Village ,,,,Bourgeoisie de Montana,,CH,VS,3963,,,Montana,,
7e97d1a3-e58e-42ae-928e-13c2470640c8,819,tender,construction,open,without,25998018-cc1e-4d39-8481-abf2eab6542f,2024-12-19,819-02,award,False,[],no,,,IBM - Construction de deux immeubles de logements à Montana-Village ,,,,Bourgeoisie de Montana,,CH,VS,3963,,,Montana,,
4a54e023-771e-4192-b67a-e2f5249221d2,833,tender,construction,open,without,19e80efe-3d77-49bc-92db-b78c7a5d749c,2024-12-19,833-02,award,False,[],no,,,. IBM - Construction de deux immeubles de logements à Montana-Village ,,,,Bourgeoisie de Montana,,CH,VS,3963,,,Montana,,
c86dfc00-969e-4a1c-b6ed-69d87df1f553,5812,tender,construction,open,without,56593de6-44aa-41b3-8b62-ef592a4a76d5,2024-12-11,5812-02,award,False,[],no,Sanierung Regionalschulhaus Leuk-Stadt - BKP 221.1 Fenster aus Holz-Metall,,,,Gemeinde Leuk,,,,CH,VS,3953,Leuk-Stadt,,,,
dc8e18d9-b73d-4515-bc07-519c7f4ff3c7,3628,tender,construction,open,without,784c995f-d561-4026-9464-c341560f5782,2024-12-10,3628-02,award,False,[],no,,,"Construction d'une nurserie, crèche et UAPE à Saillon - CFC 273",,,,Commune de Saillon,,CH,VS,1913,,,Saillon,,
a66e6dc4-e96a-4eb8-8714-fde203de44a8,2855,tender,construction,open,without,cf883e3b-120a-4970-bd2e-a18b1191edec,2024-12-06,2855-02,award,False,[],no,,,"Construction d'un centre médical, salle multi-usages, UAPE et crèche à Evolène - CFC 11, 17, 201 - Travaux spéciaux et terrassements",,,,Madeleine architectes sàrl,,CH,VS,1983,,,Evolène,,
b2ddd7f2-32ec-4f43-a5c0-a419ade119dd,2869,tender,construction,open,without,5570a625-0515-4554-8b0c-9cd0b7e26477,2024-12-06,2869-02,award,False,[],no,,,Commune d'Evolène : UAPE - Béton,,,,Madeleine architectes sàrl,,CH,VS,1983,,,Evolène,,
70fa0b3a-4574-4452-8eac-235abf8e2bb7,5478,tender,construction,open,without,87e1078d-7d58-4b8d-ae83-077cb44c464a,2024-12-06,5478-02,award,False,[],no,,,"Construction d'un centre médical, salle multi-usages, UAPE et crèche à Evolène - CFC 214 - Charpente",,,,Madeleine architectes sàrl,,CH,VS,1987,,,Evolène,,
a0ebb230-f92c-4b65-86a3-1c8011a063f8,3821,tender,construction,open,without,8525e63a-915b-4843-89f1-ccef1ead297d,2024-12-02,3821-03,award,False,[],no,,,STEP Vétroz - Conthey - CFC 244 Installations de ventilation et de conditionnement d'air,,,,Commune de Vétroz - service technique,,CH,VS,1963,,,Vétroz,,
7f9ddc38-a897-4bf5-82f0-52e291f55591,797,tender,construction,open,without,ccbbad56-edc0-4202-b50a-4703a1032a22,2024-11-29,797-02,award,False,[],no,,,IBM - Construction de deux immeubles de logements à Montana-Village ,,,,Bourgeoisie de Montana,,CH,VS,3963,,,Montana,,
f816c474-7532-4bec-bf42-792e9ed7d28c,805,tender,construction,open,without,8d68be41-21f1-4cdd-a1b4-674c939b7741,2024-11-29,805-02,award,False,[],no,,,IBM - Construction de deux immeubles de logements à Montana-Village ,,,,Bourgeoisie de Montana,,CH,VS,3963,,,Montana,,
6dafd87f-1032-43d6-902f-0fa08e116dbc,807,tender,construction,open,without,f7021ec1-ec27-49b5-9947-9c33d45bbd25,2024-11-29,807-02,award,False,[],no,,,IBM - Construction de deux immeubles de logements à Montana-Village ,,,,Bourgeoisie de Montana,,CH,VS,3963,,,Montana,,
c8364c79-3b63-4871-83a0-f861979045be,3796,tender,construction,open,without,2876b6d2-f8fe-4d28-8360-e10d02a48f15,2024-11-27,3796-03,award,False,[],no,,,STEP Vétroz - Conthey -  CFC 247.6 Production spéciale d'énergie,,,,Commune de Vétroz - Service technique,,CH,VS,1963,,,STEP Vétroz-Conthey Route de la Zi 1,,
dc13bd25-71ee-46cc-8dc9-8cc2a8e9488b,3824,tender,construction,open,without,d50831ba-b06a-49c2-b768-87cece5e52d5,2024-11-27,3824-03,award,False,[],no,,,STEP Vétroz - Conthey - CFC 242 Installations de chauffage,,,,Commune de Vétroz - service technique,,CH,VS,1963,,,STEP Vétroz-Conthey Rte de la Zone industrielle 1,,
6f4b496e-8f7b-4ef0-a679-a1dacc01f0af,3828,tender,construction,open,without,4ac6af72-2226-4c8a-bd76-a45cd755ab55,2024-11-27,3828-03,award,False,[],no,,,STEP Vétroz - Conthey - CFC 250 Installations sanitaires,,,,Commune de Vétroz - service technique,,CH,VS,1963,,,STEP Vétroz-Conthey Rte de la Zone industrielle 1,,
707b11d7-87ed-4635-87f5-c90ea9ac236f,501,tender,construction,open,with,6b10b654-2b36-4c31-adb0-239a86da6c63,2024-11-27,501-03,award,False,"[{'publicationId': '6b10b654-2b36-4c31-adb0-239a86da6c63', 'publicationDate': '2024-11-27', 'publicationNumber': '501-03', 'pubType': 'award', 'corrected': False, 'lotId': '0a99bb76-dd9c-4353-a2f6-8ba048330acd', 'lotNumber': 1, 'lotTitle': {'de': None, 'en': None, 'fr': '2720 Serrurerie', 'it': None}, 'orderAddressOnlyDescription': 'no', 'orderAddress': {'countryId': 'CH', 'cantonId': 'VS', 'postalCode': '1920', 'city': {'de': None, 'en': None, 'fr': 'Martigny', 'it': None}}}, {'publicationId': '89400a37-d254-43b8-a95a-421849536bb9', 'publicationDate': '2024-11-27', 'publicationNumber': '501-02', 'pubType': 'award', 'corrected': False, 'lotId': '375cd193-29ff-4c2d-9dc8-70c0b6019e29', 'lotNumber': 2, 'lotTitle': {'de': None, 'en': None, 'fr': '2730 Portes intérieures en bois', 'it': None}, 'orderAddressOnlyDescription': 'no', 'orderAddress': {'countryId': 'CH', 'cantonId': 'VS', 'postalCode': '1920', 'city': {'de': None, 'en': None, 'fr': 'Martigny', 'it': None}}}, {'publicationId': '8479ab32-f4f6-44f6-9379-c9a000f5e1ce', 'publicationDate': '2024-11-27', 'publicationNumber': '501-04', 'pubType': 'award', 'corrected': False, 'lotId': '68c163de-1808-43b2-85ae-0dab0ba988cb', 'lotNumber': 3, 'lotTitle': {'de': None, 'en': None, 'fr': '2810 Chapes', 'it': None}, 'orderAddressOnlyDescription': 'no', 'orderAddress': {'countryId': 'CH', 'cantonId': 'VS', 'postalCode': '1920', 'city': {'de': None, 'en': None, 'fr': 'Martigny', 'it': None}}}, {'publicationId': 'f63d2987-b424-4c20-9d8e-6bc91dc34db9', 'publicationDate': '2024-11-27', 'publicationNumber': '501-05', 'pubType': 'award', 'corrected': False, 'lotId': '4e82d819-55c9-4abf-891d-87163baf9088', 'lotNumber': 4, 'lotTitle': {'de': None, 'en': None, 'fr': '2812 Linoléum', 'it': None}, 'orderAddressOnlyDescription': 'no', 'orderAddress': {'countryId': 'CH', 'cantonId': 'VS', 'postalCode': '1920', 'city': {'de': None, 'en': None, 'fr': 'Martigny', 'it': None}}}, {'publicationId': '9d7f76b5-ef9f-4780-a33d-c78e4791bd6a', 'publicationDate': '2024-11-27', 'publicationNumber': '501-06', 'pubType': 'award', 'corrected': False, 'lotId': '1317a664-4c2c-40f6-9fc4-99f5123b442b', 'lotNumber': 5, 'lotTitle': {'de': None, 'en': None, 'fr': '2816 Carrelages', 'it': None}, 'orderAddressOnlyDescription': 'no', 'orderAddress': {'countryId': 'CH', 'cantonId': 'VS', 'postalCode': '1920', 'city': {'de': None, 'en': None, 'fr': 'Martigny', 'it': None}}}]",,,,Foyer pour personnes avec handicaps physiques à Martigny,,,,Bonnard+Woeffray,,,,,,,,,
1876cb67-9f99-4bb8-bbb6-1dfee42d2d56,2964,tender,construction,open,with,4d744a6b-4633-4f9b-a66e-87c69c773785,2024-11-21,2964-02,award,False,"[{'publicationId': '4d744a6b-4633-4f9b-a66e-87c69c773785', 'publicationDate': '2024-11-21', 'publicationNumber': '2964-02', 'pubType': 'award', 'corrected': False, 'lotId': '220a90fd-8a95-40d1-babb-d98af3fb5f0a', 'lotNumber': 1, 'lotTitle': {'de': None, 'en': None, 'fr': ""290_NSAE - Appel d'offre CFC 215.5 Façades en bardages bois"", 'it': None}, 'orderAddressOnlyDescription': 'no', 'orderAddress': {'countryId': 'CH', 'cantonId': 'VS', 'postalCode': '1896', 'city': {'de': None, 'en': None, 'fr': 'Vouvry', 'it': None}}}, {'publicationId': '74bc9538-0d42-4f94-8ea5-48796b04abd5', 'publicationDate': '2024-11-21', 'publicationNumber': '2964-03', 'pubType': 'award', 'corrected': False, 'lotId': '2b46be56-e5c8-40a9-be71-cf1ccd8d0b3b', 'lotNumber': 2, 'lotTitle': {'de': None, 'en': None, 'fr': ""290_NSAE - Appel d'offre CFC 221 Fenêtres et portes extérieures"", 'it': None}, 'orderAddressOnlyDescription': 'no', 'orderAddress': {'countryId': 'CH', 'cantonId': 'VS', 'postalCode': '1896', 'city': {'de': None, 'en': None, 'fr': 'Vouvry', 'it': None}}}, {'publicationId': '87f5746a-e2c9-45c7-9cae-7d3fd563e508', 'publicationDate': '2024-08-31', 'publicationNumber': '2964-01', 'pubType': 'tender', 'corrected': False, 'lotId': 'c3163b4e-b979-4bed-bde1-9e1496cd5b50', 'lotNumber': 3, 'lotTitle': {'de': None, 'en': None, 'fr': ""290_NSAE - Appel d'offre CFC 228 Protections solaires"", 'it': None}, 'orderAddressOnlyDescription': 'no', 'orderAddress': {'countryId': 'CH', 'cantonId': 'VS', 'postalCode': '1896', 'city': {'de': None, 'en': None, 'fr': 'Vouvry', 'it': None}}}]",,,,290_NSAE à Vouvry - Construction de nouvelles structures d'accueil de l'enfance à Vouvry,,,,Commune de Vouvry (Esposito+Javet architectes),,,,,,,,,
b73fb040-bfec-4b8d-9266-5e379bdbe4da,3632,tender,construction,open,without,20b99955-8035-40b2-b568-df406f31cd79,2024-11-21,3632-02,award,False,[],no,,,290_NSAE à Vouvry - Construction de nouvelles structures d'accueil de l'enfance à Vouvry,,,,Commune de Vouvry (Esposito+Javet architectes),,CH,VS,1896,,,Vouvry,,
303c19db-23a9-4e7a-be7e-9b39efbb2ed1,1750,tender,construction,open,without,d05cf38a-267d-4070-9d1b-74670f3e596d,2024-11-14,1750-02,award,False,[],no,,,Parking Chalet Bleu sur parcelle No 618 à Grimentz,,,,Commune d'Anniviers,,CH,VS,3961,,,Grimentz,,
992b2a99-556f-42ac-9bc3-7b6b46265af6,2269,tender,construction,open,without,cd9e1b1e-8353-4548-abdb-3f7e6e28c428,2024-11-13,2269-02,award,False,[],no,,,Route des Garettes Nord,,,,"Commune de Fully, Service technique",,CH,VS,1926,,,Fully,,
9ea882af-d7b3-4c7d-8458-90396b037b30,248,tender,construction,open,without,7967a69e-ce2b-4681-a2e3-fb4a079272a7,2024-11-08,248-02,award,False,[],no,,,Construction du Campus EDHEA et Ecole de couture du Valais à Sierre,,,,"Etat du Valais, Département des finances et de l'énergie, Service immobilier et patrimoine, Avenue du Midi 18, 1950 Sion",,CH,VS,3960,,,Sierre,,
49370811-3a39-4ef5-8b36-c0fb4bbb76a1,2891,tender,construction,open,without,880c5dd8-35e0-4b86-a3f8-2fb475d02eb1,2024-11-08,2891-02,award,False,[],no,,,"Assainissement conduites sanitaires, 11 colonnes de 6 étages",,,,HVS-CHVR Site de Sion Département Infrastructures,,CH,VS,1950,,,Sion,,
fd7d8057-1ac2-4cf1-aac5-5de957958eed,1747,tender,construction,open,without,88b4d8e2-2cbe-4800-86c0-81c7877ed89c,2024-11-06,1747-02,award,False,[],no,,,"Construction d 'une nurserie, crèche et UAPE à Saillon - CFC 283",,,,Commune de Saillon,,CH,VS,1913,,,Saillon,,
8ff5a96b-f050-4833-9866-50a1e61a774c,3621,tender,construction,open,without,93802a69-58a3-4ee8-a17d-4e619f84a209,2024-11-06,3621-02,award,False,[],no,,,CFC 226 ISOLATION PERIPHERIQUE DE LA SALLE POLYVALENTE DE CHALAIS,,,,Commune de Chalais - Services techniques,,CH,VS,3966,,,Chalais,,
f0a6b6bc-615b-4217-8ae4-d59e87074d6b,394,tender,construction,open,without,ba552f8c-5e50-488c-8f7f-d68ac6270cc2,2024-10-25,394-02,award,False,[],no,,,Nouvelles centrales d'engagement et data center à Sierre,,,,Service immobilier et patrimoine - Investissements,,CH,VS,3960,,,Sierre,,
5a3643c8-245f-4f88-854e-d687d74879a6,590,tender,construction,open,with,6f7b604d-dd68-456a-809f-a632f90f7c82,2024-10-15,590-02,award,False,"[{'publicationId': '6f7b604d-dd68-456a-809f-a632f90f7c82', 'publicationDate': '2024-10-15', 'publicationNumber': '590-02', 'pubType': 'award', 'corrected': False, 'lotId': '6ee36089-22cd-4826-82b3-acc1e812a6b8', 'lotNumber': 1, 'lotTitle': {'de': None, 'en': None, 'fr': 'Transformation centrale chauffage Hôpital Sierre- CAD ', 'it': None}, 'orderAddressOnlyDescription': 'no', 'orderAddress': {'countryId': 'CH', 'cantonId': 'VS', 'postalCode': '3960', 'city': {'de': None, 'en': None, 'fr': 'Sierre', 'it': None}}}]",,,,Transformation centrale chauffage Hôpital – CAD Sierre ,,,,CSD INGÉNIEURS SA,,,,,,,,,
b5d009e3-f780-4f56-a1cb-80db0cacf8c1,1981,tender,construction,open,without,9829d3e4-fa67-460e-999f-f0f71c761239,2024-10-12,1981-02,award,False,[],no,,,Route des Orzières - PR 70 à 540,,,,Commune de Crans-Montana,,CH,VS,3963 ,,,Crans-Montana 1,,
7a9930fe-dbdf-4a5e-ab79-4bb8a75eedd1,3644,tender,construction,open,without,1871ce91-2aaa-4200-a652-54a5e80e5127,2024-10-10,3644-02,award,False,[],no,Baumeisterarbeiten Sofortmassnahmen Kipfen,,,,Matterhorn Gotthard Bahn,,,,CH,VS,3924,St.Niklaus,,,,
ebe4f0e5-3f66-4901-8381-66a3053de733,1955,tender,construction,open,without,d799f742-827a-4e7a-9537-ea99b3102ca7,2024-10-03,1955-02,award,False,[],no,,,Transformation et agrandissement de la salle polyvalente de Chalais Charpente métallique 213.2 Fenêtres et portes extérieures 221.6,,,,commune de Chalais - service technique ,,CH,VS,3966,,,Chalais,,
d8e3db07-521c-4f55-9d77-e6882c4fa22d,903,tender,construction,open,without,9dbc129d-2cf9-427e-b8bc-c4e62c0159b7,2024-09-25,903-02,award,False,[],no,,,Route de la Zone Industrielle SUD à Vétroz,,,,Commune de Vétroz - Service technique,,CH,VS,1963,,,Vétroz,,
