Jahr,Kanton,Wirtschaftsabteilung,Arbeitsstätten,Beschäftigte,Beschäftigte Frauen,Beschäftigte Männer,Vollzeitäquivalente,Vollzeitäquivalente Frauen,Vollzeitäquivalente Männer
2011,Schweiz,Wirtschaftsabteilung - Total,638006,4866992,2177755,2689237,3793539,1443534,2350005
2011,Schweiz,"01 Landwirtschaft, Jagd und damit verbundene Tätigkeiten",58275,165501,60601,104900,105447,29859,75588
2011,Schweiz,02 Forstwirtschaft und Holzeinschlag,1363,6030,507,5523,5012,293,4720
2011,Schweiz,03 Fischerei und Aquakultur,221,394,97,297,310,70,240
2011,Schweiz,05 Kohlenbergbau,0,0,0,0,0,0,0
2011,Schweiz,06 Gewinnung von Erdöl und Erdgas,0,0,0,0,0,0,0
2011,Schweiz,07 Erzbergbau,X,6,X,X,5,X,X
2011,Schweiz,"08 Gewinnung von Steinen und Erden, sonstiger Bergbau",362,4907,590,4317,4493,362,4131
2011,Schweiz,09 Erbringung von Dienstleistungen für den Bergbau und für die Gewinnung von Steinen und Erden,X,88,X,X,79,X,X
2011,Schweiz,10 Herstellung von Nahrungs- und Futtermitteln,3953,78806,34976,43830,66883,25434,41449
2011,Schweiz,11 Getränkeherstellung,456,6268,1809,4459,5396,1197,4199
2011,Schweiz,12 Tabakverarbeitung,13,2262,697,1565,2181,634,1547
2011,Schweiz,13 Herstellung von Textilien,890,8840,4565,4275,7522,3427,4095
2011,Schweiz,14 Herstellung von Bekleidung,1583,6325,5008,1317,5052,3820,1232
2011,Schweiz,"15 Herstellung von Leder, Lederwaren und Schuhen",287,1963,1100,863,1673,882,792
2011,Schweiz,"16 Herstellung von Holz-, Flecht-, Korb- und Korkwaren (ohne Möbel)",7585,40268,5651,34617,36026,3434,32592
2011,Schweiz,"17 Herstellung von Papier, Pappe und Waren daraus",210,9710,2908,6802,9010,2367,6643
2011,Schweiz,"18 Herstellung von Druckerzeugnissen, Vervielfältigung von bespielten Ton-, Bild- und Datenträgern",2607,24997,9381,15616,21218,6650,14569
2011,Schweiz,19 Kokerei und Mineralölverarbeitung,14,847,131,716,817,111,706
2011,Schweiz,20 Herstellung von chemischen Erzeugnissen,735,30414,8460,21954,28265,6972,21292
2011,Schweiz,21 Herstellung von pharmazeutischen Erzeugnissen,277,39016,16121,22895,36943,14407,22537
2011,Schweiz,22 Herstellung von Gummi- und Kunststoffwaren,849,25005,7597,17408,23046,6149,16897
2011,Schweiz,"23 Herstellung von Glas und Glaswaren, Keramik, Verarbeitung von Steinen und Erden",1621,18812,3471,15341,17316,2527,14790
2011,Schweiz,24 Metallerzeugung und -bearbeitung,300,13255,1964,11291,12641,1586,11055
2011,Schweiz,25 Herstellung von Metallerzeugnissen,8102,90322,18728,71594,82411,13899,68512
2011,Schweiz,"26 Herstellung von Datenverarbeitungsgeräten, elektronischen und optischen Erzeugnissen",2380,106264,41934,64330,99459,36814,62646
2011,Schweiz,27 Herstellung von elektrischen Ausrüstungen,927,37055,10437,26618,34561,8580,25981
2011,Schweiz,28 Maschinenbau,2498,81354,13775,67579,76513,10863,65651
2011,Schweiz,29 Herstellung von Automobilen und Automobilteilen,240,4787,817,3970,4465,647,3819
2011,Schweiz,30 Sonstiger Fahrzeugbau,246,10477,1343,9134,9976,1100,8875
2011,Schweiz,31 Herstellung von Möbeln,981,11074,2432,8642,10046,1756,8290
2011,Schweiz,32 Herstellung von sonstigen Waren,3699,26297,11177,15120,23269,8902,14367
2011,Schweiz,33 Reparatur und Installation von Maschinen und Ausrüstungen,2621,20199,3059,17140,18514,2135,16379
2011,Schweiz,35 Energieversorgung,1004,28599,5630,22969,24988,3824,21165
2011,Schweiz,36 Wasserversorgung,435,2215,373,1842,1528,194,1334
2011,Schweiz,37 Abwasserentsorgung,608,4146,535,3611,3678,327,3352
2011,Schweiz,"38 Sammlung, Behandlung und Beseitigung von Abfällen, Rückgewinnung",905,11119,1612,9507,9896,1086,8810
2011,Schweiz,39 Beseitigung von Umweltverschmutzungen und sonstige Entsorgung,35,172,X,X,157,X,X
2011,Schweiz,41 Hochbau,7489,88892,8213,80679,82951,5209,77741
2011,Schweiz,42 Tiefbau,1145,23695,1872,21823,22387,1205,21182
2011,Schweiz,"43 Vorbereitende Baustellenarbeiten, Bauinstallation und sonstiges Ausbaugewerbe",39722,226959,29411,197548,205425,17434,187990
2011,Schweiz,"45 Handel mit Motorfahrzeugen, Instandhaltung und Reparatur von Motorfahrzeugen",16565,85748,15676,70072,75386,10458,64928
2011,Schweiz,46 Grosshandel (ohne Handel mit Motorfahrzeugen),25927,226324,83175,143149,197516,63786,133729
2011,Schweiz,47 Detailhandel (ohne Handel mit Motorfahrzeugen),52917,316739,218861,97878,235506,149588,85918
2011,Schweiz,49 Landverkehr und Transport in Rohrfernleitungen,12117,114823,17330,97493,98547,11914,86634
2011,Schweiz,50 Schifffahrt,182,3557,1085,2472,2989,791,2198
2011,Schweiz,51 Luftfahrt,251,10936,5004,5932,9466,3984,5483
2011,Schweiz,52 Lagerei sowie Erbringung von sonstigen Dienstleistungen für den Verkehr,2378,56945,17232,39713,49150,12739,36411
2011,Schweiz,"53 Post-, Kurier- und Expressdienste",4266,48504,22434,26070,35299,13682,21617
2011,Schweiz,55 Beherbergung,6313,76554,43445,33109,61507,32144,29363
2011,Schweiz,56 Gastronomie,26287,169341,94011,75330,119393,58735,60658
2011,Schweiz,58 Verlagswesen,1617,21282,10204,11078,15647,6815,8833
2011,Schweiz,"59 Herstellung, Verleih und Vertrieb von Filmen und Fernsehprogrammen, Kinos, Tonstudios und Verlegen von Musik",2525,9770,3753,6017,5917,1803,4115
2011,Schweiz,60 Rundfunkveranstalter,172,9854,3905,5949,7883,2944,4939
2011,Schweiz,61 Telekommunikation,1238,25120,7656,17464,23225,6499,16725
2011,Schweiz,62 Erbringung von Dienstleistungen der Informationstechnologie,15070,84910,17775,67135,73986,12722,61263
2011,Schweiz,63 Informationsdienstleistungen,942,8556,2863,5693,7165,2158,5007
2011,Schweiz,64 Erbringung von Finanzdienstleistungen,8896,142280,55809,86471,124940,45049,79891
2011,Schweiz,"65 Versicherungen, Rückversicherungen und Pensionskassen (ohne Sozialversicherung)",1493,51855,24683,27172,43585,19425,24160
2011,Schweiz,66 Mit Finanz- und Versicherungsdienstleistungen verbundene Tätigkeiten,10020,64326,24407,39919,54709,18564,36145
2011,Schweiz,68 Grundstücks- und Wohnungswesen,15646,66503,34155,32348,38659,17133,21526
2011,Schweiz,"69 Rechts- und Steuerberatung, Wirtschaftsprüfung",21725,79843,44304,35539,60536,30444,30092
2011,Schweiz,"70 Verwaltung und Führung von Unternehmen und Betrieben, Unternehmensberatung",18078,95068,39913,55155,79186,30150,49037
2011,Schweiz,"71 Architektur- und Ingenieurbüros, technische, physikalische und chemische Untersuchung",24537,115671,35331,80340,95507,23987,71520
2011,Schweiz,72 Forschung und Entwicklung,1389,24744,9859,14885,21864,8030,13834
2011,Schweiz,73 Werbung und Marktforschung,4193,28398,15497,12901,18849,8898,9951
2011,Schweiz,"74 Sonstige freiberufliche, wissenschaftliche und technische Tätigkeiten",15088,28693,12820,15873,20272,7897,12375
2011,Schweiz,75 Veterinärwesen,1245,5533,4044,1489,3952,2676,1277
2011,Schweiz,77 Vermietung von beweglichen Sachen,1477,8340,2450,5890,6415,1684,4731
2011,Schweiz,78 Vermittlung und Überlassung von Arbeitskräften,2717,99819,28283,71536,79037,18272,60766
2011,Schweiz,"79 Reisebüros, Reiseveranstalter und Erbringung sonstiger Reservierungsdienstleistungen",2693,18194,11675,6519,13447,8274,5173
2011,Schweiz,80 Wach- und Sicherheitsdienste sowie Detekteien,872,18339,3717,14622,13053,2338,10715
2011,Schweiz,"81 Gebäudebetreuung, Garten- und Landschaftsbau",13050,117561,56869,60692,72872,24176,48697
2011,Schweiz,82 Erbringung von wirtschaftlichen Dienstleistungen für Unternehmen und Privatpersonen a. n. g.,3862,20193,10788,9405,14213,6886,7327
2011,Schweiz,"84 Öffentliche Verwaltung, Verteidigung, Sozialversicherung",8434,182412,82743,99669,149634,59029,90605
2011,Schweiz,85 Erziehung und Unterricht,29283,333529,199850,133679,204167,114137,90030
2011,Schweiz,86 Gesundheitswesen,48742,340868,261042,79826,240921,174551,66370
2011,Schweiz,87 Heime (ohne Erholungs- und Ferienheime),3785,169591,131593,37998,117559,87683,29876
2011,Schweiz,88 Sozialwesen (ohne Heime),9178,91485,68233,23252,53510,37856,15654
2011,Schweiz,"90 Kreative, künstlerische und unterhaltende Tätigkeiten",12438,26274,10778,15496,14372,4988,9383
2011,Schweiz,"91 Bibliotheken, Archive, Museen, botanische und zoologische Gärten",1062,12225,7806,4419,7610,4248,3362
2011,Schweiz,"92 Spiel-, Wett- und Lotteriewesen",89,3219,1406,1813,2687,1074,1613
2011,Schweiz,"93 Erbringung von Dienstleistungen des Sports, der Unterhaltung und der Erholung",7052,40323,18720,21603,23179,8506,14673
2011,Schweiz,94 Interessenvertretungen sowie kirchliche und sonstige religiöse Vereinigungen (ohne Sozialwesen und Sport),11528,89146,48583,40563,55155,28988,26168
2011,Schweiz,95 Reparatur von Datenverarbeitungsgeräten und Gebrauchsgütern,2555,5682,1501,4181,4366,986,3379
2011,Schweiz,96 Erbringung von sonstigen überwiegend persönlichen Dienstleistungen,33460,60575,49451,11124,41143,32650,8493
2011,Vaud,Wirtschaftsabteilung - Total,53515,407613,186203,221410,324754,128884,195870
2011,Vaud,"01 Landwirtschaft, Jagd und damit verbundene Tätigkeiten",4070,13189,4241,8948,8962,2141,6821
2011,Vaud,02 Forstwirtschaft und Holzeinschlag,139,605,41,564,532,26,506
2011,Vaud,03 Fischerei und Aquakultur,50,86,12,74,71,9,62
2011,Vaud,05 Kohlenbergbau,0,0,0,0,0,0,0
2011,Vaud,06 Gewinnung von Erdöl und Erdgas,0,0,0,0,0,0,0
2011,Vaud,07 Erzbergbau,0,0,0,0,0,0,0
2011,Vaud,"08 Gewinnung von Steinen und Erden, sonstiger Bergbau",18,239,24,215,221,15,206
2011,Vaud,09 Erbringung von Dienstleistungen für den Bergbau und für die Gewinnung von Steinen und Erden,0,0,0,0,0,0,0
2011,Vaud,10 Herstellung von Nahrungs- und Futtermitteln,320,5780,2200,3580,5107,1670,3438
2011,Vaud,11 Getränkeherstellung,51,650,145,505,593,112,481
2011,Vaud,12 Tabakverarbeitung,X,30,12,18,27,10,16
2011,Vaud,13 Herstellung von Textilien,70,158,93,65,123,62,61
2011,Vaud,14 Herstellung von Bekleidung,106,147,132,15,94,81,13
2011,Vaud,"15 Herstellung von Leder, Lederwaren und Schuhen",20,31,X,X,23,X,X
2011,Vaud,"16 Herstellung von Holz-, Flecht-, Korb- und Korkwaren (ohne Möbel)",629,2730,309,2421,2523,206,2318
2011,Vaud,"17 Herstellung von Papier, Pappe und Waren daraus",8,216,89,127,187,63,124
2011,Vaud,"18 Herstellung von Druckerzeugnissen, Vervielfältigung von bespielten Ton-, Bild- und Datenträgern",210,1714,507,1207,1514,384,1130
2011,Vaud,19 Kokerei und Mineralölverarbeitung,0,0,0,0,0,0,0
2011,Vaud,20 Herstellung von chemischen Erzeugnissen,71,1350,522,828,1270,459,811
2011,Vaud,21 Herstellung von pharmazeutischen Erzeugnissen,22,2419,992,1427,2317,904,1413
2011,Vaud,22 Herstellung von Gummi- und Kunststoffwaren,49,883,192,691,831,154,678
2011,Vaud,"23 Herstellung von Glas und Glaswaren, Keramik, Verarbeitung von Steinen und Erden",119,1377,188,1189,1311,145,1166
2011,Vaud,24 Metallerzeugung und -bearbeitung,21,305,67,238,287,56,231
2011,Vaud,25 Herstellung von Metallerzeugnissen,586,4715,879,3836,4399,694,3704
2011,Vaud,"26 Herstellung von Datenverarbeitungsgeräten, elektronischen und optischen Erzeugnissen",207,8075,3423,4652,7608,3063,4546
2011,Vaud,27 Herstellung von elektrischen Ausrüstungen,77,1238,486,752,1161,431,730
2011,Vaud,28 Maschinenbau,90,3425,406,3019,3314,343,2971
2011,Vaud,29 Herstellung von Automobilen und Automobilteilen,11,209,46,163,197,38,159
2011,Vaud,30 Sonstiger Fahrzeugbau,27,742,90,652,712,77,635
2011,Vaud,31 Herstellung von Möbeln,101,447,91,356,408,72,336
2011,Vaud,32 Herstellung von sonstigen Waren,296,1974,766,1208,1807,643,1164
2011,Vaud,33 Reparatur und Installation von Maschinen und Ausrüstungen,196,908,134,774,828,90,737
2011,Vaud,35 Energieversorgung,78,2384,556,1828,2159,414,1746
2011,Vaud,36 Wasserversorgung,33,227,41,186,191,24,167
2011,Vaud,37 Abwasserentsorgung,60,354,55,299,314,35,279
2011,Vaud,"38 Sammlung, Behandlung und Beseitigung von Abfällen, Rückgewinnung",84,945,136,809,855,103,752
2011,Vaud,39 Beseitigung von Umweltverschmutzungen und sonstige Entsorgung,X,15,X,X,14,X,X
2011,Vaud,41 Hochbau,616,5969,679,5290,5634,492,5142
2011,Vaud,42 Tiefbau,49,1343,91,1252,1291,64,1227
2011,Vaud,"43 Vorbereitende Baustellenarbeiten, Bauinstallation und sonstiges Ausbaugewerbe",3522,19695,2184,17511,18285,1427,16858
2011,Vaud,"45 Handel mit Motorfahrzeugen, Instandhaltung und Reparatur von Motorfahrzeugen",1414,7303,1264,6039,6586,902,5684
2011,Vaud,46 Grosshandel (ohne Handel mit Motorfahrzeugen),2071,17493,5775,11718,15635,4566,11070
2011,Vaud,47 Detailhandel (ohne Handel mit Motorfahrzeugen),5048,30032,19540,10492,22857,13668,9189
2011,Vaud,49 Landverkehr und Transport in Rohrfernleitungen,831,9581,1306,8275,8524,954,7569
2011,Vaud,50 Schifffahrt,11,310,88,222,276,74,203
2011,Vaud,51 Luftfahrt,7,46,17,29,29,9,20
2011,Vaud,52 Lagerei sowie Erbringung von sonstigen Dienstleistungen für den Verkehr,136,2087,428,1659,1880,336,1544
2011,Vaud,"53 Post-, Kurier- und Expressdienste",398,3829,1696,2133,3082,1185,1897
2011,Vaud,55 Beherbergung,431,5723,2920,2803,4793,2268,2525
2011,Vaud,56 Gastronomie,2277,14062,6733,7329,10480,4466,6014
2011,Vaud,58 Verlagswesen,145,1933,909,1024,1509,647,862
2011,Vaud,"59 Herstellung, Verleih und Vertrieb von Filmen und Fernsehprogrammen, Kinos, Tonstudios und Verlegen von Musik",250,846,322,524,505,145,360
2011,Vaud,60 Rundfunkveranstalter,11,851,364,487,693,282,411
2011,Vaud,61 Telekommunikation,98,2496,816,1680,2338,709,1630
2011,Vaud,62 Erbringung von Dienstleistungen der Informationstechnologie,1170,7652,1456,6196,6956,1165,5791
2011,Vaud,63 Informationsdienstleistungen,69,244,72,172,204,52,152
2011,Vaud,64 Erbringung von Finanzdienstleistungen,462,7038,2933,4105,6318,2416,3903
2011,Vaud,"65 Versicherungen, Rückversicherungen und Pensionskassen (ohne Sozialversicherung)",117,5866,3061,2805,4795,2370,2424
2011,Vaud,66 Mit Finanz- und Versicherungsdienstleistungen verbundene Tätigkeiten,934,5138,1849,3289,4431,1411,3020
2011,Vaud,68 Grundstücks- und Wohnungswesen,1259,6010,3238,2772,3835,1888,1947
2011,Vaud,"69 Rechts- und Steuerberatung, Wirtschaftsprüfung",1701,6072,3636,2436,4797,2684,2113
2011,Vaud,"70 Verwaltung und Führung von Unternehmen und Betrieben, Unternehmensberatung",1514,12154,5297,6857,10605,4329,6276
2011,Vaud,"71 Architektur- und Ingenieurbüros, technische, physikalische und chemische Untersuchung",1831,8857,2940,5917,7508,2165,5343
2011,Vaud,72 Forschung und Entwicklung,192,2953,1216,1737,2648,1013,1635
2011,Vaud,73 Werbung und Marktforschung,297,2300,1165,1135,1526,681,846
2011,Vaud,"74 Sonstige freiberufliche, wissenschaftliche und technische Tätigkeiten",1583,2821,1233,1588,2047,780,1267
2011,Vaud,75 Veterinärwesen,110,371,274,97,269,184,85
2011,Vaud,77 Vermietung von beweglichen Sachen,136,579,168,411,459,126,333
2011,Vaud,78 Vermittlung und Überlassung von Arbeitskräften,241,10889,3759,7130,8423,2382,6041
2011,Vaud,"79 Reisebüros, Reiseveranstalter und Erbringung sonstiger Reservierungsdienstleistungen",233,1163,777,386,909,588,320
2011,Vaud,80 Wach- und Sicherheitsdienste sowie Detekteien,72,2137,452,1685,1765,335,1430
2011,Vaud,"81 Gebäudebetreuung, Garten- und Landschaftsbau",1117,11799,5322,6477,7437,2161,5276
2011,Vaud,82 Erbringung von wirtschaftlichen Dienstleistungen für Unternehmen und Privatpersonen a. n. g.,368,1612,886,726,1144,582,561
2011,Vaud,"84 Öffentliche Verwaltung, Verteidigung, Sozialversicherung",832,15241,7120,8121,12595,5168,7427
2011,Vaud,85 Erziehung und Unterricht,2315,35417,20460,14957,25071,13374,11697
2011,Vaud,86 Gesundheitswesen,5047,35516,26580,8936,26096,18524,7572
2011,Vaud,87 Heime (ohne Erholungs- und Ferienheime),292,13291,10129,3162,9496,6971,2525
2011,Vaud,88 Sozialwesen (ohne Heime),797,11108,8605,2503,7050,5191,1859
2011,Vaud,"90 Kreative, künstlerische und unterhaltende Tätigkeiten",941,2194,897,1297,1315,459,856
2011,Vaud,"91 Bibliotheken, Archive, Museen, botanische und zoologische Gärten",106,1105,714,391,758,455,303
2011,Vaud,"92 Spiel-, Wett- und Lotteriewesen",13,581,236,345,516,202,314
2011,Vaud,"93 Erbringung von Dienstleistungen des Sports, der Unterhaltung und der Erholung",592,3778,1670,2108,2689,1044,1645
2011,Vaud,94 Interessenvertretungen sowie kirchliche und sonstige religiöse Vereinigungen (ohne Sozialwesen und Sport),898,6602,3538,3064,4428,2301,2127
2011,Vaud,95 Reparatur von Datenverarbeitungsgeräten und Gebrauchsgütern,234,549,127,422,439,91,348
2011,Vaud,96 Erbringung von sonstigen überwiegend persönlichen Dienstleistungen,2903,5410,4373,1037,3865,3065,800
2011,Valais / Wallis,Wirtschaftsabteilung - Total,27418,166469,72019,94450,128783,46944,81839
2011,Valais / Wallis,"01 Landwirtschaft, Jagd und damit verbundene Tätigkeiten",3799,9540,3553,5987,5080,1613,3466
2011,Valais / Wallis,02 Forstwirtschaft und Holzeinschlag,50,354,18,336,308,7,301
2011,Valais / Wallis,03 Fischerei und Aquakultur,9,47,20,27,39,17,22
2011,Valais / Wallis,05 Kohlenbergbau,0,0,0,0,0,0,0
2011,Valais / Wallis,06 Gewinnung von Erdöl und Erdgas,0,0,0,0,0,0,0
2011,Valais / Wallis,07 Erzbergbau,0,0,0,0,0,0,0
2011,Valais / Wallis,"08 Gewinnung von Steinen und Erden, sonstiger Bergbau",18,182,20,162,166,13,153
2011,Valais / Wallis,09 Erbringung von Dienstleistungen für den Bergbau und für die Gewinnung von Steinen und Erden,0,0,0,0,0,0,0
2011,Valais / Wallis,10 Herstellung von Nahrungs- und Futtermitteln,152,1721,765,956,1440,550,890
2011,Valais / Wallis,11 Getränkeherstellung,74,738,281,457,589,168,421
2011,Valais / Wallis,12 Tabakverarbeitung,X,X,X,X,X,X,X
2011,Valais / Wallis,13 Herstellung von Textilien,28,42,32,10,28,19,9
2011,Valais / Wallis,14 Herstellung von Bekleidung,47,62,X,X,36,X,X
2011,Valais / Wallis,"15 Herstellung von Leder, Lederwaren und Schuhen",5,17,X,X,11,X,X
2011,Valais / Wallis,"16 Herstellung von Holz-, Flecht-, Korb- und Korkwaren (ohne Möbel)",460,2510,225,2285,2344,152,2192
2011,Valais / Wallis,"17 Herstellung von Papier, Pappe und Waren daraus",X,109,14,95,105,12,94
2011,Valais / Wallis,"18 Herstellung von Druckerzeugnissen, Vervielfältigung von bespielten Ton-, Bild- und Datenträgern",94,652,268,384,550,193,357
2011,Valais / Wallis,19 Kokerei und Mineralölverarbeitung,X,257,21,236,254,19,235
2011,Valais / Wallis,20 Herstellung von chemischen Erzeugnissen,21,5228,639,4589,4935,534,4402
2011,Valais / Wallis,21 Herstellung von pharmazeutischen Erzeugnissen,7,802,224,578,762,191,571
2011,Valais / Wallis,22 Herstellung von Gummi- und Kunststoffwaren,15,179,62,117,159,45,113
2011,Valais / Wallis,"23 Herstellung von Glas und Glaswaren, Keramik, Verarbeitung von Steinen und Erden",57,384,50,334,356,37,319
2011,Valais / Wallis,24 Metallerzeugung und -bearbeitung,13,1345,87,1258,1320,71,1249
2011,Valais / Wallis,25 Herstellung von Metallerzeugnissen,246,2140,428,1712,1972,322,1650
2011,Valais / Wallis,"26 Herstellung von Datenverarbeitungsgeräten, elektronischen und optischen Erzeugnissen",33,804,491,313,726,427,299
2011,Valais / Wallis,27 Herstellung von elektrischen Ausrüstungen,22,225,46,179,204,34,170
2011,Valais / Wallis,28 Maschinenbau,34,1074,242,832,1017,208,808
2011,Valais / Wallis,29 Herstellung von Automobilen und Automobilteilen,X,X,X,X,6,X,X
2011,Valais / Wallis,30 Sonstiger Fahrzeugbau,4,20,X,X,18,X,X
2011,Valais / Wallis,31 Herstellung von Möbeln,58,245,42,203,223,30,193
2011,Valais / Wallis,32 Herstellung von sonstigen Waren,93,476,193,283,415,152,263
2011,Valais / Wallis,33 Reparatur und Installation von Maschinen und Ausrüstungen,83,365,50,315,334,31,303
2011,Valais / Wallis,35 Energieversorgung,83,2215,289,1926,1970,191,1778
2011,Valais / Wallis,36 Wasserversorgung,16,49,X,X,36,X,X
2011,Valais / Wallis,37 Abwasserentsorgung,30,108,7,101,99,4,95
2011,Valais / Wallis,"38 Sammlung, Behandlung und Beseitigung von Abfällen, Rückgewinnung",61,354,40,314,320,27,293
2011,Valais / Wallis,39 Beseitigung von Umweltverschmutzungen und sonstige Entsorgung,X,7,X,X,X,X,X
2011,Valais / Wallis,41 Hochbau,415,4988,361,4627,4726,237,4489
2011,Valais / Wallis,42 Tiefbau,45,735,47,688,703,30,674
2011,Valais / Wallis,"43 Vorbereitende Baustellenarbeiten, Bauinstallation und sonstiges Ausbaugewerbe",1967,10733,1170,9563,9894,724,9171
2011,Valais / Wallis,"45 Handel mit Motorfahrzeugen, Instandhaltung und Reparatur von Motorfahrzeugen",737,3375,593,2782,2995,382,2613
2011,Valais / Wallis,46 Grosshandel (ohne Handel mit Motorfahrzeugen),683,4192,1254,2938,3636,893,2743
2011,Valais / Wallis,47 Detailhandel (ohne Handel mit Motorfahrzeugen),2643,14261,9975,4286,10471,6687,3784
2011,Valais / Wallis,49 Landverkehr und Transport in Rohrfernleitungen,530,6319,934,5385,5420,628,4792
2011,Valais / Wallis,50 Schifffahrt,0,0,0,0,0,0,0
2011,Valais / Wallis,51 Luftfahrt,11,293,49,244,210,32,178
2011,Valais / Wallis,52 Lagerei sowie Erbringung von sonstigen Dienstleistungen für den Verkehr,59,578,107,471,520,77,442
2011,Valais / Wallis,"53 Post-, Kurier- und Expressdienste",234,1375,756,619,1022,468,554
2011,Valais / Wallis,55 Beherbergung,1014,8124,4615,3509,6656,3520,3135
2011,Valais / Wallis,56 Gastronomie,1780,8901,5156,3745,6793,3534,3260
2011,Valais / Wallis,58 Verlagswesen,31,191,106,85,138,73,65
2011,Valais / Wallis,"59 Herstellung, Verleih und Vertrieb von Filmen und Fernsehprogrammen, Kinos, Tonstudios und Verlegen von Musik",70,159,49,110,78,16,62
2011,Valais / Wallis,60 Rundfunkveranstalter,7,218,79,139,168,56,112
2011,Valais / Wallis,61 Telekommunikation,50,691,301,390,625,253,372
2011,Valais / Wallis,62 Erbringung von Dienstleistungen der Informationstechnologie,276,841,158,683,707,96,610
2011,Valais / Wallis,63 Informationsdienstleistungen,22,58,25,33,47,18,28
2011,Valais / Wallis,64 Erbringung von Finanzdienstleistungen,326,2069,961,1108,1664,673,992
2011,Valais / Wallis,"65 Versicherungen, Rückversicherungen und Pensionskassen (ohne Sozialversicherung)",73,1611,699,912,1312,534,779
2011,Valais / Wallis,66 Mit Finanz- und Versicherungsdienstleistungen verbundene Tätigkeiten,248,1653,690,963,1399,512,887
2011,Valais / Wallis,68 Grundstücks- und Wohnungswesen,820,2306,1350,956,1362,664,698
2011,Valais / Wallis,"69 Rechts- und Steuerberatung, Wirtschaftsprüfung",638,1998,1218,780,1424,759,665
2011,Valais / Wallis,"70 Verwaltung und Führung von Unternehmen und Betrieben, Unternehmensberatung",264,985,485,500,785,348,437
2011,Valais / Wallis,"71 Architektur- und Ingenieurbüros, technische, physikalische und chemische Untersuchung",901,3705,1163,2542,3051,757,2294
2011,Valais / Wallis,72 Forschung und Entwicklung,47,351,123,228,284,82,202
2011,Valais / Wallis,73 Werbung und Marktforschung,75,485,306,179,289,164,125
2011,Valais / Wallis,"74 Sonstige freiberufliche, wissenschaftliche und technische Tätigkeiten",439,643,255,388,437,141,296
2011,Valais / Wallis,75 Veterinärwesen,37,121,92,29,86,61,25
2011,Valais / Wallis,77 Vermietung von beweglichen Sachen,56,160,26,134,123,14,109
2011,Valais / Wallis,78 Vermittlung und Überlassung von Arbeitskräften,73,3887,643,3244,3246,387,2859
2011,Valais / Wallis,"79 Reisebüros, Reiseveranstalter und Erbringung sonstiger Reservierungsdienstleistungen",144,957,542,415,700,369,330
2011,Valais / Wallis,80 Wach- und Sicherheitsdienste sowie Detekteien,28,394,63,331,283,41,242
2011,Valais / Wallis,"81 Gebäudebetreuung, Garten- und Landschaftsbau",421,2647,1178,1469,1820,518,1302
2011,Valais / Wallis,82 Erbringung von wirtschaftlichen Dienstleistungen für Unternehmen und Privatpersonen a. n. g.,158,409,187,222,266,106,160
2011,Valais / Wallis,"84 Öffentliche Verwaltung, Verteidigung, Sozialversicherung",421,5836,2382,3454,4652,1606,3046
2011,Valais / Wallis,85 Erziehung und Unterricht,1213,10317,5561,4756,6401,3405,2996
2011,Valais / Wallis,86 Gesundheitswesen,1506,11072,8397,2675,7908,5710,2198
2011,Valais / Wallis,87 Heime (ohne Erholungs- und Ferienheime),128,5785,4921,864,3955,3252,703
2011,Valais / Wallis,88 Sozialwesen (ohne Heime),208,3231,2444,787,2016,1394,621
2011,Valais / Wallis,"90 Kreative, künstlerische und unterhaltende Tätigkeiten",511,699,253,446,335,85,250
2011,Valais / Wallis,"91 Bibliotheken, Archive, Museen, botanische und zoologische Gärten",49,323,222,101,213,129,84
2011,Valais / Wallis,"92 Spiel-, Wett- und Lotteriewesen",9,82,35,47,69,25,44
2011,Valais / Wallis,"93 Erbringung von Dienstleistungen des Sports, der Unterhaltung und der Erholung",438,1294,453,841,812,203,609
2011,Valais / Wallis,94 Interessenvertretungen sowie kirchliche und sonstige religiöse Vereinigungen (ohne Sozialwesen und Sport),429,2374,1238,1136,1375,725,650
2011,Valais / Wallis,95 Reparatur von Datenverarbeitungsgeräten und Gebrauchsgütern,65,103,25,78,73,14,58
2011,Valais / Wallis,96 Erbringung von sonstigen überwiegend persönlichen Dienstleistungen,1497,2680,2179,501,1808,1428,380
2011,Genève,Wirtschaftsabteilung - Total,36074,328246,145068,183178,273368,109618,163750
2011,Genève,"01 Landwirtschaft, Jagd und damit verbundene Tätigkeiten",421,1680,410,1270,1294,246,1048
2011,Genève,02 Forstwirtschaft und Holzeinschlag,8,28,X,X,25,X,X
2011,Genève,03 Fischerei und Aquakultur,14,16,X,X,12,X,X
2011,Genève,05 Kohlenbergbau,0,0,0,0,0,0,0
2011,Genève,06 Gewinnung von Erdöl und Erdgas,0,0,0,0,0,0,0
2011,Genève,07 Erzbergbau,0,0,0,0,0,0,0
2011,Genève,"08 Gewinnung von Steinen und Erden, sonstiger Bergbau",9,61,7,54,57,5,53
2011,Genève,09 Erbringung von Dienstleistungen für den Bergbau und für die Gewinnung von Steinen und Erden,X,47,19,28,45,18,27
2011,Genève,10 Herstellung von Nahrungs- und Futtermitteln,112,1845,548,1297,1656,424,1232
2011,Genève,11 Getränkeherstellung,9,21,X,X,17,X,X
2011,Genève,12 Tabakverarbeitung,0,0,0,0,0,0,0
2011,Genève,13 Herstellung von Textilien,37,110,46,64,94,32,62
2011,Genève,14 Herstellung von Bekleidung,78,464,278,186,423,242,181
2011,Genève,"15 Herstellung von Leder, Lederwaren und Schuhen",15,288,216,72,272,204,68
2011,Genève,"16 Herstellung von Holz-, Flecht-, Korb- und Korkwaren (ohne Möbel)",284,992,99,893,918,72,846
2011,Genève,"17 Herstellung von Papier, Pappe und Waren daraus",6,23,13,10,21,11,10
2011,Genève,"18 Herstellung von Druckerzeugnissen, Vervielfältigung von bespielten Ton-, Bild- und Datenträgern",138,868,264,604,769,205,565
2011,Genève,19 Kokerei und Mineralölverarbeitung,X,X,X,X,X,X,X
2011,Genève,20 Herstellung von chemischen Erzeugnissen,40,3113,1059,2054,3034,995,2040
2011,Genève,21 Herstellung von pharmazeutischen Erzeugnissen,19,401,231,170,363,205,158
2011,Genève,22 Herstellung von Gummi- und Kunststoffwaren,16,118,21,97,112,17,95
2011,Genève,"23 Herstellung von Glas und Glaswaren, Keramik, Verarbeitung von Steinen und Erden",58,482,49,433,459,36,423
2011,Genève,24 Metallerzeugung und -bearbeitung,7,106,17,89,101,14,87
2011,Genève,25 Herstellung von Metallerzeugnissen,264,1398,204,1194,1313,163,1151
2011,Genève,"26 Herstellung von Datenverarbeitungsgeräten, elektronischen und optischen Erzeugnissen",192,10684,4235,6449,10309,3960,6349
2011,Genève,27 Herstellung von elektrischen Ausrüstungen,29,1063,233,830,1018,205,813
2011,Genève,28 Maschinenbau,30,408,59,349,392,50,342
2011,Genève,29 Herstellung von Automobilen und Automobilteilen,5,26,X,X,25,X,X
2011,Genève,30 Sonstiger Fahrzeugbau,12,379,36,343,371,33,338
2011,Genève,31 Herstellung von Möbeln,44,237,30,207,221,22,199
2011,Genève,32 Herstellung von sonstigen Waren,300,1962,777,1185,1808,675,1133
2011,Genève,33 Reparatur und Installation von Maschinen und Ausrüstungen,57,585,64,521,562,53,509
2011,Genève,35 Energieversorgung,7,1548,317,1231,1469,269,1200
2011,Genève,36 Wasserversorgung,X,X,X,X,X,X,X
2011,Genève,37 Abwasserentsorgung,15,365,47,318,348,36,312
2011,Genève,"38 Sammlung, Behandlung und Beseitigung von Abfällen, Rückgewinnung",28,506,56,450,490,48,442
2011,Genève,39 Beseitigung von Umweltverschmutzungen und sonstige Entsorgung,X,29,5,24,29,5,24
2011,Genève,41 Hochbau,386,4345,369,3976,4153,278,3874
2011,Genève,42 Tiefbau,21,655,42,613,638,36,602
2011,Genève,"43 Vorbereitende Baustellenarbeiten, Bauinstallation und sonstiges Ausbaugewerbe",1967,12386,1134,11252,11702,839,10863
2011,Genève,"45 Handel mit Motorfahrzeugen, Instandhaltung und Reparatur von Motorfahrzeugen",735,3955,450,3505,3674,359,3314
2011,Genève,46 Grosshandel (ohne Handel mit Motorfahrzeugen),1604,19994,7858,12136,18570,6904,11666
2011,Genève,47 Detailhandel (ohne Handel mit Motorfahrzeugen),3356,20442,12407,8035,16441,9312,7129
2011,Genève,49 Landverkehr und Transport in Rohrfernleitungen,1309,6376,840,5536,5644,626,5018
2011,Genève,50 Schifffahrt,13,549,231,318,519,215,304
2011,Genève,51 Luftfahrt,60,1281,574,707,1179,497,682
2011,Genève,52 Lagerei sowie Erbringung von sonstigen Dienstleistungen für den Verkehr,192,5541,1794,3747,4772,1374,3398
2011,Genève,"53 Post-, Kurier- und Expressdienste",184,2425,836,1589,1934,599,1335
2011,Genève,55 Beherbergung,152,4850,2192,2658,4388,1910,2477
2011,Genève,56 Gastronomie,1964,12523,4797,7726,10081,3451,6630
2011,Genève,58 Verlagswesen,114,800,388,412,610,280,329
2011,Genève,"59 Herstellung, Verleih und Vertrieb von Filmen und Fernsehprogrammen, Kinos, Tonstudios und Verlegen von Musik",245,921,315,606,668,185,483
2011,Genève,60 Rundfunkveranstalter,12,1559,637,922,1316,517,799
2011,Genève,61 Telekommunikation,92,1300,314,986,1215,268,946
2011,Genève,62 Erbringung von Dienstleistungen der Informationstechnologie,863,6293,1271,5022,5793,1070,4723
2011,Genève,63 Informationsdienstleistungen,68,826,287,539,713,240,474
2011,Genève,64 Erbringung von Finanzdienstleistungen,684,21376,8086,13290,20275,7323,12952
2011,Genève,"65 Versicherungen, Rückversicherungen und Pensionskassen (ohne Sozialversicherung)",52,1091,588,503,948,490,457
2011,Genève,66 Mit Finanz- und Versicherungsdienstleistungen verbundene Tätigkeiten,1417,8227,2997,5230,7358,2472,4887
2011,Genève,68 Grundstücks- und Wohnungswesen,905,7313,3937,3376,4887,2425,2462
2011,Genève,"69 Rechts- und Steuerberatung, Wirtschaftsprüfung",2021,8955,4995,3960,7535,3983,3551
2011,Genève,"70 Verwaltung und Führung von Unternehmen und Betrieben, Unternehmensberatung",1204,8202,3286,4916,7227,2735,4491
2011,Genève,"71 Architektur- und Ingenieurbüros, technische, physikalische und chemische Untersuchung",1192,6177,1878,4299,5403,1470,3933
2011,Genève,72 Forschung und Entwicklung,106,2199,1096,1103,2021,959,1062
2011,Genève,73 Werbung und Marktforschung,240,1258,573,685,1008,430,579
2011,Genève,"74 Sonstige freiberufliche, wissenschaftliche und technische Tätigkeiten",1185,2273,1006,1267,1721,696,1025
2011,Genève,75 Veterinärwesen,32,136,112,24,102,80,22
2011,Genève,77 Vermietung von beweglichen Sachen,140,1447,365,1082,1229,298,930
2011,Genève,78 Vermittlung und Überlassung von Arbeitskräften,251,10392,3592,6800,8487,2572,5915
2011,Genève,"79 Reisebüros, Reiseveranstalter und Erbringung sonstiger Reservierungsdienstleistungen",241,1570,961,609,1309,770,540
2011,Genève,80 Wach- und Sicherheitsdienste sowie Detekteien,118,2993,459,2534,2423,326,2097
2011,Genève,"81 Gebäudebetreuung, Garten- und Landschaftsbau",641,11785,5448,6337,7182,2381,4801
2011,Genève,82 Erbringung von wirtschaftlichen Dienstleistungen für Unternehmen und Privatpersonen a. n. g.,245,1404,725,679,1136,560,576
2011,Genève,"84 Öffentliche Verwaltung, Verteidigung, Sozialversicherung",275,12609,6031,6578,11195,4850,6346
2011,Genève,85 Erziehung und Unterricht,1297,23632,13965,9667,16509,9489,7020
2011,Genève,86 Gesundheitswesen,3744,24366,17259,7107,19013,13027,5987
2011,Genève,87 Heime (ohne Erholungs- und Ferienheime),212,8473,6042,2431,6484,4574,1910
2011,Genève,88 Sozialwesen (ohne Heime),621,8391,6127,2264,5471,3905,1566
2011,Genève,"90 Kreative, künstlerische und unterhaltende Tätigkeiten",515,2402,966,1436,1496,541,956
2011,Genève,"91 Bibliotheken, Archive, Museen, botanische und zoologische Gärten",84,1179,671,508,881,452,429
2011,Genève,"92 Spiel-, Wett- und Lotteriewesen",8,105,39,66,99,36,63
2011,Genève,"93 Erbringung von Dienstleistungen des Sports, der Unterhaltung und der Erholung",372,2224,843,1381,1542,490,1052
2011,Genève,94 Interessenvertretungen sowie kirchliche und sonstige religiöse Vereinigungen (ohne Sozialwesen und Sport),877,7145,3962,3183,5347,2900,2447
2011,Genève,95 Reparatur von Datenverarbeitungsgeräten und Gebrauchsgütern,172,330,74,256,262,51,211
2011,Genève,96 Erbringung von sonstigen überwiegend persönlichen Dienstleistungen,1624,3714,2897,817,2777,2119,658
2012,Schweiz,Wirtschaftsabteilung - Total,643306,4917345,2203775,2713570,3832016,1462698,2369318
2012,Schweiz,"01 Landwirtschaft, Jagd und damit verbundene Tätigkeiten",57365,163649,59227,104422,104828,29356,75472
2012,Schweiz,02 Forstwirtschaft und Holzeinschlag,1364,6066,486,5580,5003,281,4721
2012,Schweiz,03 Fischerei und Aquakultur,201,409,119,290,320,86,235
2012,Schweiz,05 Kohlenbergbau,0,0,0,0,0,0,0
2012,Schweiz,06 Gewinnung von Erdöl und Erdgas,0,0,0,0,0,0,0
2012,Schweiz,07 Erzbergbau,4,10,X,X,8,X,X
2012,Schweiz,"08 Gewinnung von Steinen und Erden, sonstiger Bergbau",365,5031,639,4392,4583,384,4199
2012,Schweiz,09 Erbringung von Dienstleistungen für den Bergbau und für die Gewinnung von Steinen und Erden,11,102,29,73,89,24,66
2012,Schweiz,10 Herstellung von Nahrungs- und Futtermitteln,3966,79512,35506,44006,67125,25657,41468
2012,Schweiz,11 Getränkeherstellung,464,6356,1848,4508,5449,1218,4231
2012,Schweiz,12 Tabakverarbeitung,13,2272,706,1566,2181,632,1549
2012,Schweiz,13 Herstellung von Textilien,876,8457,4396,4061,7130,3241,3888
2012,Schweiz,14 Herstellung von Bekleidung,1608,6258,4908,1350,4798,3538,1260
2012,Schweiz,"15 Herstellung von Leder, Lederwaren und Schuhen",282,1959,1102,857,1653,863,790
2012,Schweiz,"16 Herstellung von Holz-, Flecht-, Korb- und Korkwaren (ohne Möbel)",7525,40404,5766,34638,36145,3522,32623
2012,Schweiz,"17 Herstellung von Papier, Pappe und Waren daraus",208,9225,2791,6434,8543,2261,6282
2012,Schweiz,"18 Herstellung von Druckerzeugnissen, Vervielfältigung von bespielten Ton-, Bild- und Datenträgern",2529,23816,8955,14861,20274,6420,13854
2012,Schweiz,19 Kokerei und Mineralölverarbeitung,14,853,148,705,813,121,692
2012,Schweiz,20 Herstellung von chemischen Erzeugnissen,729,29470,8317,21153,27457,6878,20579
2012,Schweiz,21 Herstellung von pharmazeutischen Erzeugnissen,282,40202,16631,23571,38038,14855,23183
2012,Schweiz,22 Herstellung von Gummi- und Kunststoffwaren,831,24527,7350,17177,22604,5955,16649
2012,Schweiz,"23 Herstellung von Glas und Glaswaren, Keramik, Verarbeitung von Steinen und Erden",1608,18904,3489,15415,17404,2546,14859
2012,Schweiz,24 Metallerzeugung und -bearbeitung,302,13173,1937,11236,12569,1570,10999
2012,Schweiz,25 Herstellung von Metallerzeugnissen,7974,89839,18546,71293,81883,13757,68126
2012,Schweiz,"26 Herstellung von Datenverarbeitungsgeräten, elektronischen und optischen Erzeugnissen",2350,108474,42850,65624,101550,37711,63839
2012,Schweiz,27 Herstellung von elektrischen Ausrüstungen,905,36099,9896,26203,33663,8114,25549
2012,Schweiz,28 Maschinenbau,2500,79896,13488,66408,75150,10639,64511
2012,Schweiz,29 Herstellung von Automobilen und Automobilteilen,244,4970,848,4122,4659,675,3984
2012,Schweiz,30 Sonstiger Fahrzeugbau,243,10932,1406,9526,10403,1144,9259
2012,Schweiz,31 Herstellung von Möbeln,980,10592,2302,8290,9608,1671,7937
2012,Schweiz,32 Herstellung von sonstigen Waren,3648,26507,11270,15237,23365,8916,14449
2012,Schweiz,33 Reparatur und Installation von Maschinen und Ausrüstungen,2672,19752,3039,16713,18026,2105,15921
2012,Schweiz,35 Energieversorgung,1056,28466,5512,22954,24731,3739,20992
2012,Schweiz,36 Wasserversorgung,436,2269,379,1890,1553,197,1356
2012,Schweiz,37 Abwasserentsorgung,605,4229,555,3674,3741,334,3407
2012,Schweiz,"38 Sammlung, Behandlung und Beseitigung von Abfällen, Rückgewinnung",922,11422,1723,9699,10096,1144,8952
2012,Schweiz,39 Beseitigung von Umweltverschmutzungen und sonstige Entsorgung,36,171,X,X,157,X,X
2012,Schweiz,41 Hochbau,7788,90317,8544,81773,84117,5440,78677
2012,Schweiz,42 Tiefbau,1130,24231,1971,22260,22849,1271,21578
2012,Schweiz,"43 Vorbereitende Baustellenarbeiten, Bauinstallation und sonstiges Ausbaugewerbe",39874,232304,30125,202179,210284,17858,192426
2012,Schweiz,"45 Handel mit Motorfahrzeugen, Instandhaltung und Reparatur von Motorfahrzeugen",16556,86199,15882,70317,76049,10626,65422
2012,Schweiz,46 Grosshandel (ohne Handel mit Motorfahrzeugen),25995,226848,83219,143629,198255,63956,134299
2012,Schweiz,47 Detailhandel (ohne Handel mit Motorfahrzeugen),52374,315779,218168,97611,235155,149466,85690
2012,Schweiz,49 Landverkehr und Transport in Rohrfernleitungen,12196,117168,18069,99099,100311,12460,87851
2012,Schweiz,50 Schifffahrt,178,3808,1134,2674,3042,777,2265
2012,Schweiz,51 Luftfahrt,241,11182,5089,6093,9683,4041,5642
2012,Schweiz,52 Lagerei sowie Erbringung von sonstigen Dienstleistungen für den Verkehr,2386,56885,17233,39652,49398,12940,36458
2012,Schweiz,"53 Post-, Kurier- und Expressdienste",4271,48691,22723,25968,35184,13758,21426
2012,Schweiz,55 Beherbergung,6261,76005,43130,32875,61281,32054,29226
2012,Schweiz,56 Gastronomie,26233,169873,93621,76252,120067,58708,61359
2012,Schweiz,58 Verlagswesen,1581,20631,9914,10717,15156,6659,8497
2012,Schweiz,"59 Herstellung, Verleih und Vertrieb von Filmen und Fernsehprogrammen, Kinos, Tonstudios und Verlegen von Musik",2634,9452,3613,5839,5771,1729,4042
2012,Schweiz,60 Rundfunkveranstalter,179,10227,4048,6179,8110,3024,5087
2012,Schweiz,61 Telekommunikation,1219,24748,7298,17450,22618,6189,16429
2012,Schweiz,62 Erbringung von Dienstleistungen der Informationstechnologie,15209,87056,18183,68873,75786,13019,62767
2012,Schweiz,63 Informationsdienstleistungen,976,8825,2959,5866,7478,2235,5243
2012,Schweiz,64 Erbringung von Finanzdienstleistungen,8944,138871,54390,84481,121848,43871,77977
2012,Schweiz,"65 Versicherungen, Rückversicherungen und Pensionskassen (ohne Sozialversicherung)",1470,52057,24921,27136,43820,19637,24184
2012,Schweiz,66 Mit Finanz- und Versicherungsdienstleistungen verbundene Tätigkeiten,10168,65139,24811,40328,55377,18851,36526
2012,Schweiz,68 Grundstücks- und Wohnungswesen,16242,67450,34585,32865,39054,17361,21693
2012,Schweiz,"69 Rechts- und Steuerberatung, Wirtschaftsprüfung",22135,80226,44914,35312,60536,30619,29917
2012,Schweiz,"70 Verwaltung und Führung von Unternehmen und Betrieben, Unternehmensberatung",18637,98419,41412,57007,81685,31113,50572
2012,Schweiz,"71 Architektur- und Ingenieurbüros, technische, physikalische und chemische Untersuchung",24668,119817,36601,83216,99126,24917,74209
2012,Schweiz,72 Forschung und Entwicklung,1453,24598,9709,14889,21616,7862,13754
2012,Schweiz,73 Werbung und Marktforschung,4206,27993,15166,12827,18588,8710,9877
2012,Schweiz,"74 Sonstige freiberufliche, wissenschaftliche und technische Tätigkeiten",15531,29401,13164,16237,20733,8081,12652
2012,Schweiz,75 Veterinärwesen,1273,5740,4237,1503,4106,2818,1288
2012,Schweiz,77 Vermietung von beweglichen Sachen,1513,8876,2624,6252,6821,1796,5025
2012,Schweiz,78 Vermittlung und Überlassung von Arbeitskräften,2741,99908,27792,72116,78952,17984,60968
2012,Schweiz,"79 Reisebüros, Reiseveranstalter und Erbringung sonstiger Reservierungsdienstleistungen",2680,18114,11571,6543,13421,8199,5222
2012,Schweiz,80 Wach- und Sicherheitsdienste sowie Detekteien,853,18998,3730,15268,13432,2308,11124
2012,Schweiz,"81 Gebäudebetreuung, Garten- und Landschaftsbau",13411,120445,58754,61691,75149,25443,49707
2012,Schweiz,82 Erbringung von wirtschaftlichen Dienstleistungen für Unternehmen und Privatpersonen a. n. g.,3787,20681,10898,9783,14793,7024,7770
2012,Schweiz,"84 Öffentliche Verwaltung, Verteidigung, Sozialversicherung",8487,184699,84040,100659,151451,60053,91397
2012,Schweiz,85 Erziehung und Unterricht,29775,338357,203143,135214,207396,116053,91343
2012,Schweiz,86 Gesundheitswesen,50062,350209,268064,82145,248721,180325,68396
2012,Schweiz,87 Heime (ohne Erholungs- und Ferienheime),3788,174138,134868,39270,120990,90271,30719
2012,Schweiz,88 Sozialwesen (ohne Heime),9561,95191,71211,23980,55945,39812,16132
2012,Schweiz,"90 Kreative, künstlerische und unterhaltende Tätigkeiten",12825,27248,11379,15869,14882,5230,9653
2012,Schweiz,"91 Bibliotheken, Archive, Museen, botanische und zoologische Gärten",1071,12304,7930,4374,7627,4313,3314
2012,Schweiz,"92 Spiel-, Wett- und Lotteriewesen",94,3332,1471,1861,2759,1133,1626
2012,Schweiz,"93 Erbringung von Dienstleistungen des Sports, der Unterhaltung und der Erholung",7303,42071,19491,22580,24255,8888,15367
2012,Schweiz,94 Interessenvertretungen sowie kirchliche und sonstige religiöse Vereinigungen (ohne Sozialwesen und Sport),11678,91219,49910,41309,56521,30012,26510
2012,Schweiz,95 Reparatur von Datenverarbeitungsgeräten und Gebrauchsgütern,2511,5680,1497,4183,4401,972,3429
2012,Schweiz,96 Erbringung von sonstigen überwiegend persönlichen Dienstleistungen,34040,61662,50379,11283,41817,33262,8555
2012,Vaud,Wirtschaftsabteilung - Total,53971,415432,190394,225038,330523,131768,198755
2012,Vaud,"01 Landwirtschaft, Jagd und damit verbundene Tätigkeiten",3995,13131,4226,8905,8927,2145,6782
2012,Vaud,02 Forstwirtschaft und Holzeinschlag,138,612,40,572,533,26,507
2012,Vaud,03 Fischerei und Aquakultur,49,111,27,84,90,23,67
2012,Vaud,05 Kohlenbergbau,0,0,0,0,0,0,0
2012,Vaud,06 Gewinnung von Erdöl und Erdgas,0,0,0,0,0,0,0
2012,Vaud,07 Erzbergbau,0,0,0,0,0,0,0
2012,Vaud,"08 Gewinnung von Steinen und Erden, sonstiger Bergbau",19,240,24,216,222,15,208
2012,Vaud,09 Erbringung von Dienstleistungen für den Bergbau und für die Gewinnung von Steinen und Erden,0,0,0,0,0,0,0
2012,Vaud,10 Herstellung von Nahrungs- und Futtermitteln,328,6024,2335,3689,5254,1761,3493
2012,Vaud,11 Getränkeherstellung,52,687,161,526,614,121,493
2012,Vaud,12 Tabakverarbeitung,X,36,16,20,29,11,18
2012,Vaud,13 Herstellung von Textilien,62,146,86,60,115,58,57
2012,Vaud,14 Herstellung von Bekleidung,113,149,132,17,91,77,15
2012,Vaud,"15 Herstellung von Leder, Lederwaren und Schuhen",18,34,11,23,28,8,20
2012,Vaud,"16 Herstellung von Holz-, Flecht-, Korb- und Korkwaren (ohne Möbel)",628,2794,316,2478,2570,213,2357
2012,Vaud,"17 Herstellung von Papier, Pappe und Waren daraus",9,210,79,131,193,66,127
2012,Vaud,"18 Herstellung von Druckerzeugnissen, Vervielfältigung von bespielten Ton-, Bild- und Datenträgern",205,1635,499,1136,1440,379,1061
2012,Vaud,19 Kokerei und Mineralölverarbeitung,0,0,0,0,0,0,0
2012,Vaud,20 Herstellung von chemischen Erzeugnissen,66,1366,519,847,1293,459,833
2012,Vaud,21 Herstellung von pharmazeutischen Erzeugnissen,25,2374,962,1412,2272,886,1387
2012,Vaud,22 Herstellung von Gummi- und Kunststoffwaren,47,867,179,688,807,142,665
2012,Vaud,"23 Herstellung von Glas und Glaswaren, Keramik, Verarbeitung von Steinen und Erden",114,1342,173,1169,1276,135,1142
2012,Vaud,24 Metallerzeugung und -bearbeitung,19,289,56,233,274,47,227
2012,Vaud,25 Herstellung von Metallerzeugnissen,585,4769,920,3849,4423,727,3696
2012,Vaud,"26 Herstellung von Datenverarbeitungsgeräten, elektronischen und optischen Erzeugnissen",205,8539,3609,4930,8041,3223,4818
2012,Vaud,27 Herstellung von elektrischen Ausrüstungen,74,1211,484,727,1137,427,709
2012,Vaud,28 Maschinenbau,93,3197,389,2808,3088,331,2757
2012,Vaud,29 Herstellung von Automobilen und Automobilteilen,12,286,64,222,268,51,217
2012,Vaud,30 Sonstiger Fahrzeugbau,27,704,95,609,665,80,585
2012,Vaud,31 Herstellung von Möbeln,95,431,90,341,399,74,325
2012,Vaud,32 Herstellung von sonstigen Waren,281,2096,822,1274,1849,654,1195
2012,Vaud,33 Reparatur und Installation von Maschinen und Ausrüstungen,202,910,121,789,827,78,749
2012,Vaud,35 Energieversorgung,76,2306,542,1764,2085,407,1678
2012,Vaud,36 Wasserversorgung,32,224,38,186,189,23,166
2012,Vaud,37 Abwasserentsorgung,59,371,65,306,317,37,280
2012,Vaud,"38 Sammlung, Behandlung und Beseitigung von Abfällen, Rückgewinnung",90,978,141,837,867,104,763
2012,Vaud,39 Beseitigung von Umweltverschmutzungen und sonstige Entsorgung,X,12,X,X,12,X,X
2012,Vaud,41 Hochbau,649,6201,733,5468,5835,535,5300
2012,Vaud,42 Tiefbau,47,1396,92,1304,1348,65,1284
2012,Vaud,"43 Vorbereitende Baustellenarbeiten, Bauinstallation und sonstiges Ausbaugewerbe",3536,20323,2218,18105,18836,1447,17389
2012,Vaud,"45 Handel mit Motorfahrzeugen, Instandhaltung und Reparatur von Motorfahrzeugen",1420,7443,1316,6127,6716,937,5779
2012,Vaud,46 Grosshandel (ohne Handel mit Motorfahrzeugen),2056,17520,5849,11671,15701,4645,11056
2012,Vaud,47 Detailhandel (ohne Handel mit Motorfahrzeugen),4990,30110,19572,10538,22903,13657,9246
2012,Vaud,49 Landverkehr und Transport in Rohrfernleitungen,837,9767,1355,8412,8662,993,7669
2012,Vaud,50 Schifffahrt,10,309,88,221,273,74,199
2012,Vaud,51 Luftfahrt,6,23,X,X,20,X,X
2012,Vaud,52 Lagerei sowie Erbringung von sonstigen Dienstleistungen für den Verkehr,137,2114,447,1667,1889,345,1544
2012,Vaud,"53 Post-, Kurier- und Expressdienste",397,3726,1667,2059,3015,1174,1841
2012,Vaud,55 Beherbergung,437,5851,2934,2917,4816,2246,2571
2012,Vaud,56 Gastronomie,2313,14108,6771,7337,10459,4482,5977
2012,Vaud,58 Verlagswesen,145,1918,897,1021,1508,651,857
2012,Vaud,"59 Herstellung, Verleih und Vertrieb von Filmen und Fernsehprogrammen, Kinos, Tonstudios und Verlegen von Musik",270,865,319,546,523,143,380
2012,Vaud,60 Rundfunkveranstalter,12,892,385,507,717,292,425
2012,Vaud,61 Telekommunikation,99,2398,750,1648,2230,653,1578
2012,Vaud,62 Erbringung von Dienstleistungen der Informationstechnologie,1169,7971,1535,6436,7232,1213,6019
2012,Vaud,63 Informationsdienstleistungen,69,228,61,167,189,44,145
2012,Vaud,64 Erbringung von Finanzdienstleistungen,477,7175,2916,4259,6426,2397,4029
2012,Vaud,"65 Versicherungen, Rückversicherungen und Pensionskassen (ohne Sozialversicherung)",113,5973,3143,2830,4890,2438,2452
2012,Vaud,66 Mit Finanz- und Versicherungsdienstleistungen verbundene Tätigkeiten,931,5255,1877,3378,4523,1443,3080
2012,Vaud,68 Grundstücks- und Wohnungswesen,1270,5980,3210,2770,3813,1845,1968
2012,Vaud,"69 Rechts- und Steuerberatung, Wirtschaftsprüfung",1736,6180,3724,2456,4861,2726,2135
2012,Vaud,"70 Verwaltung und Führung von Unternehmen und Betrieben, Unternehmensberatung",1566,12382,5440,6942,10689,4376,6312
2012,Vaud,"71 Architektur- und Ingenieurbüros, technische, physikalische und chemische Untersuchung",1828,8877,2775,6102,7527,2009,5518
2012,Vaud,72 Forschung und Entwicklung,206,3023,1270,1753,2687,1050,1637
2012,Vaud,73 Werbung und Marktforschung,289,2230,1170,1060,1459,677,782
2012,Vaud,"74 Sonstige freiberufliche, wissenschaftliche und technische Tätigkeiten",1620,2899,1270,1629,2098,804,1293
2012,Vaud,75 Veterinärwesen,108,378,275,103,279,187,92
2012,Vaud,77 Vermietung von beweglichen Sachen,130,784,261,523,647,209,438
2012,Vaud,78 Vermittlung und Überlassung von Arbeitskräften,231,10515,3646,6869,8176,2308,5868
2012,Vaud,"79 Reisebüros, Reiseveranstalter und Erbringung sonstiger Reservierungsdienstleistungen",243,1239,813,426,983,626,357
2012,Vaud,80 Wach- und Sicherheitsdienste sowie Detekteien,75,2271,452,1819,1859,329,1529
2012,Vaud,"81 Gebäudebetreuung, Garten- und Landschaftsbau",1146,12174,5581,6593,7624,2291,5333
2012,Vaud,82 Erbringung von wirtschaftlichen Dienstleistungen für Unternehmen und Privatpersonen a. n. g.,353,1682,922,760,1236,618,617
2012,Vaud,"84 Öffentliche Verwaltung, Verteidigung, Sozialversicherung",834,15681,7360,8321,12984,5373,7610
2012,Vaud,85 Erziehung und Unterricht,2364,35961,20809,15152,25575,13667,11907
2012,Vaud,86 Gesundheitswesen,5167,37186,27755,9431,27492,19495,7997
2012,Vaud,87 Heime (ohne Erholungs- und Ferienheime),292,13869,10557,3312,9882,7255,2627
2012,Vaud,88 Sozialwesen (ohne Heime),810,11373,8876,2497,7240,5370,1870
2012,Vaud,"90 Kreative, künstlerische und unterhaltende Tätigkeiten",977,2465,1029,1436,1436,510,926
2012,Vaud,"91 Bibliotheken, Archive, Museen, botanische und zoologische Gärten",106,1140,748,392,766,463,303
2012,Vaud,"92 Spiel-, Wett- und Lotteriewesen",13,556,226,330,492,193,299
2012,Vaud,"93 Erbringung von Dienstleistungen des Sports, der Unterhaltung und der Erholung",611,4041,1808,2233,2826,1098,1728
2012,Vaud,94 Interessenvertretungen sowie kirchliche und sonstige religiöse Vereinigungen (ohne Sozialwesen und Sport),904,6778,3631,3147,4578,2394,2184
2012,Vaud,95 Reparatur von Datenverarbeitungsgeräten und Gebrauchsgütern,230,554,123,431,464,94,370
2012,Vaud,96 Erbringung von sonstigen überwiegend persönlichen Dienstleistungen,3020,5567,4512,1055,3944,3133,811
2012,Valais / Wallis,Wirtschaftsabteilung - Total,27771,168151,73342,94809,129624,47648,81976
2012,Valais / Wallis,"01 Landwirtschaft, Jagd und damit verbundene Tätigkeiten",3742,9416,3494,5922,5002,1571,3432
2012,Valais / Wallis,02 Forstwirtschaft und Holzeinschlag,55,371,19,352,319,8,311
2012,Valais / Wallis,03 Fischerei und Aquakultur,7,26,11,15,21,9,12
2012,Valais / Wallis,05 Kohlenbergbau,0,0,0,0,0,0,0
2012,Valais / Wallis,06 Gewinnung von Erdöl und Erdgas,0,0,0,0,0,0,0
2012,Valais / Wallis,07 Erzbergbau,0,0,0,0,0,0,0
2012,Valais / Wallis,"08 Gewinnung von Steinen und Erden, sonstiger Bergbau",18,180,21,159,163,14,148
2012,Valais / Wallis,09 Erbringung von Dienstleistungen für den Bergbau und für die Gewinnung von Steinen und Erden,0,0,0,0,0,0,0
2012,Valais / Wallis,10 Herstellung von Nahrungs- und Futtermitteln,153,1747,780,967,1447,549,897
2012,Valais / Wallis,11 Getränkeherstellung,72,777,282,495,622,170,452
2012,Valais / Wallis,12 Tabakverarbeitung,X,X,X,X,X,X,X
2012,Valais / Wallis,13 Herstellung von Textilien,30,42,34,8,27,20,8
2012,Valais / Wallis,14 Herstellung von Bekleidung,55,70,62,8,38,32,6
2012,Valais / Wallis,"15 Herstellung von Leder, Lederwaren und Schuhen",X,14,X,X,9,X,X
2012,Valais / Wallis,"16 Herstellung von Holz-, Flecht-, Korb- und Korkwaren (ohne Möbel)",461,2458,225,2233,2285,152,2133
2012,Valais / Wallis,"17 Herstellung von Papier, Pappe und Waren daraus",X,X,X,X,X,X,X
2012,Valais / Wallis,"18 Herstellung von Druckerzeugnissen, Vervielfältigung von bespielten Ton-, Bild- und Datenträgern",96,709,277,432,598,197,401
2012,Valais / Wallis,19 Kokerei und Mineralölverarbeitung,X,240,20,220,237,18,219
2012,Valais / Wallis,20 Herstellung von chemischen Erzeugnissen,24,4955,652,4303,4729,540,4189
2012,Valais / Wallis,21 Herstellung von pharmazeutischen Erzeugnissen,7,818,225,593,754,191,563
2012,Valais / Wallis,22 Herstellung von Gummi- und Kunststoffwaren,16,184,66,118,163,48,115
2012,Valais / Wallis,"23 Herstellung von Glas und Glaswaren, Keramik, Verarbeitung von Steinen und Erden",53,400,51,349,372,36,336
2012,Valais / Wallis,24 Metallerzeugung und -bearbeitung,13,1313,85,1228,1279,70,1209
2012,Valais / Wallis,25 Herstellung von Metallerzeugnissen,254,2149,392,1757,1977,293,1684
2012,Valais / Wallis,"26 Herstellung von Datenverarbeitungsgeräten, elektronischen und optischen Erzeugnissen",33,718,412,306,657,360,297
2012,Valais / Wallis,27 Herstellung von elektrischen Ausrüstungen,22,248,53,195,223,39,185
2012,Valais / Wallis,28 Maschinenbau,35,1028,229,799,969,191,777
2012,Valais / Wallis,29 Herstellung von Automobilen und Automobilteilen,X,7,X,X,6,X,X
2012,Valais / Wallis,30 Sonstiger Fahrzeugbau,X,12,X,X,10,X,X
2012,Valais / Wallis,31 Herstellung von Möbeln,58,232,32,200,212,22,190
2012,Valais / Wallis,32 Herstellung von sonstigen Waren,95,470,189,281,408,146,262
2012,Valais / Wallis,33 Reparatur und Installation von Maschinen und Ausrüstungen,88,383,56,327,343,33,310
2012,Valais / Wallis,35 Energieversorgung,87,2202,300,1902,1954,195,1760
2012,Valais / Wallis,36 Wasserversorgung,15,51,X,X,39,X,X
2012,Valais / Wallis,37 Abwasserentsorgung,29,112,10,102,100,7,94
2012,Valais / Wallis,"38 Sammlung, Behandlung und Beseitigung von Abfällen, Rückgewinnung",60,358,39,319,317,23,294
2012,Valais / Wallis,39 Beseitigung von Umweltverschmutzungen und sonstige Entsorgung,X,6,X,X,6,X,X
2012,Valais / Wallis,41 Hochbau,444,5074,382,4692,4782,247,4535
2012,Valais / Wallis,42 Tiefbau,42,721,48,673,690,32,659
2012,Valais / Wallis,"43 Vorbereitende Baustellenarbeiten, Bauinstallation und sonstiges Ausbaugewerbe",1952,10666,1209,9457,9814,736,9077
2012,Valais / Wallis,"45 Handel mit Motorfahrzeugen, Instandhaltung und Reparatur von Motorfahrzeugen",742,3489,625,2864,3094,408,2686
2012,Valais / Wallis,46 Grosshandel (ohne Handel mit Motorfahrzeugen),689,4392,1301,3091,3812,923,2890
2012,Valais / Wallis,47 Detailhandel (ohne Handel mit Motorfahrzeugen),2653,14313,10049,4264,10490,6729,3761
2012,Valais / Wallis,49 Landverkehr und Transport in Rohrfernleitungen,528,6432,981,5451,5570,689,4881
2012,Valais / Wallis,50 Schifffahrt,0,0,0,0,0,0,0
2012,Valais / Wallis,51 Luftfahrt,11,297,46,251,218,31,186
2012,Valais / Wallis,52 Lagerei sowie Erbringung von sonstigen Dienstleistungen für den Verkehr,56,546,98,448,498,71,427
2012,Valais / Wallis,"53 Post-, Kurier- und Expressdienste",233,1363,754,609,1010,467,543
2012,Valais / Wallis,55 Beherbergung,1019,8128,4601,3527,6627,3479,3148
2012,Valais / Wallis,56 Gastronomie,1797,9010,5231,3779,6923,3609,3313
2012,Valais / Wallis,58 Verlagswesen,30,309,176,133,204,102,102
2012,Valais / Wallis,"59 Herstellung, Verleih und Vertrieb von Filmen und Fernsehprogrammen, Kinos, Tonstudios und Verlegen von Musik",76,155,45,110,79,15,64
2012,Valais / Wallis,60 Rundfunkveranstalter,7,231,78,153,183,58,125
2012,Valais / Wallis,61 Telekommunikation,48,676,285,391,608,241,366
2012,Valais / Wallis,62 Erbringung von Dienstleistungen der Informationstechnologie,309,873,171,702,719,107,612
2012,Valais / Wallis,63 Informationsdienstleistungen,20,60,25,35,47,16,31
2012,Valais / Wallis,64 Erbringung von Finanzdienstleistungen,324,2012,939,1073,1627,663,964
2012,Valais / Wallis,"65 Versicherungen, Rückversicherungen und Pensionskassen (ohne Sozialversicherung)",73,1610,698,912,1320,536,785
2012,Valais / Wallis,66 Mit Finanz- und Versicherungsdienstleistungen verbundene Tätigkeiten,252,1622,690,932,1370,512,858
2012,Valais / Wallis,68 Grundstücks- und Wohnungswesen,858,2255,1289,966,1359,648,711
2012,Valais / Wallis,"69 Rechts- und Steuerberatung, Wirtschaftsprüfung",664,2543,1722,821,1639,948,690
2012,Valais / Wallis,"70 Verwaltung und Führung von Unternehmen und Betrieben, Unternehmensberatung",288,1068,534,534,846,386,459
2012,Valais / Wallis,"71 Architektur- und Ingenieurbüros, technische, physikalische und chemische Untersuchung",895,3833,1199,2634,3148,785,2363
2012,Valais / Wallis,72 Forschung und Entwicklung,54,389,135,254,315,89,225
2012,Valais / Wallis,73 Werbung und Marktforschung,84,467,281,186,270,145,125
2012,Valais / Wallis,"74 Sonstige freiberufliche, wissenschaftliche und technische Tätigkeiten",455,674,264,410,459,147,312
2012,Valais / Wallis,75 Veterinärwesen,37,121,95,26,85,63,22
2012,Valais / Wallis,77 Vermietung von beweglichen Sachen,56,169,30,139,126,14,112
2012,Valais / Wallis,78 Vermittlung und Überlassung von Arbeitskräften,75,3724,610,3114,3148,373,2775
2012,Valais / Wallis,"79 Reisebüros, Reiseveranstalter und Erbringung sonstiger Reservierungsdienstleistungen",145,939,528,411,673,355,318
2012,Valais / Wallis,80 Wach- und Sicherheitsdienste sowie Detekteien,36,422,68,354,302,43,259
2012,Valais / Wallis,"81 Gebäudebetreuung, Garten- und Landschaftsbau",433,2635,1143,1492,1835,515,1320
2012,Valais / Wallis,82 Erbringung von wirtschaftlichen Dienstleistungen für Unternehmen und Privatpersonen a. n. g.,165,415,194,221,268,108,161
2012,Valais / Wallis,"84 Öffentliche Verwaltung, Verteidigung, Sozialversicherung",429,5955,2416,3539,4765,1644,3121
2012,Valais / Wallis,85 Erziehung und Unterricht,1250,10613,5710,4903,6505,3466,3039
2012,Valais / Wallis,86 Gesundheitswesen,1593,11284,8582,2702,8065,5842,2224
2012,Valais / Wallis,87 Heime (ohne Erholungs- und Ferienheime),130,5979,5044,935,4103,3346,757
2012,Valais / Wallis,88 Sozialwesen (ohne Heime),213,3295,2511,784,1982,1423,559
2012,Valais / Wallis,"90 Kreative, künstlerische und unterhaltende Tätigkeiten",536,740,269,471,342,90,253
2012,Valais / Wallis,"91 Bibliotheken, Archive, Museen, botanische und zoologische Gärten",52,346,239,107,225,140,85
2012,Valais / Wallis,"92 Spiel-, Wett- und Lotteriewesen",8,69,33,36,60,25,36
2012,Valais / Wallis,"93 Erbringung von Dienstleistungen des Sports, der Unterhaltung und der Erholung",454,1350,465,885,845,215,631
2012,Valais / Wallis,94 Interessenvertretungen sowie kirchliche und sonstige religiöse Vereinigungen (ohne Sozialwesen und Sport),435,2428,1285,1143,1403,747,656
2012,Valais / Wallis,95 Reparatur von Datenverarbeitungsgeräten und Gebrauchsgütern,60,97,27,70,71,16,55
2012,Valais / Wallis,96 Erbringung von sonstigen überwiegend persönlichen Dienstleistungen,1468,2658,2191,467,1810,1456,354
2012,Genève,Wirtschaftsabteilung - Total,36597,330749,146316,184433,275294,110493,164801
2012,Genève,"01 Landwirtschaft, Jagd und damit verbundene Tätigkeiten",409,1747,404,1343,1334,245,1088
2012,Genève,02 Forstwirtschaft und Holzeinschlag,7,24,X,X,21,X,X
2012,Genève,03 Fischerei und Aquakultur,10,17,X,X,11,X,X
2012,Genève,05 Kohlenbergbau,0,0,0,0,0,0,0
2012,Genève,06 Gewinnung von Erdöl und Erdgas,0,0,0,0,0,0,0
2012,Genève,07 Erzbergbau,0,0,0,0,0,0,0
2012,Genève,"08 Gewinnung von Steinen und Erden, sonstiger Bergbau",10,61,7,54,57,5,53
2012,Genève,09 Erbringung von Dienstleistungen für den Bergbau und für die Gewinnung von Steinen und Erden,X,47,23,24,42,19,23
2012,Genève,10 Herstellung von Nahrungs- und Futtermitteln,107,1884,559,1325,1692,438,1254
2012,Genève,11 Getränkeherstellung,8,22,7,15,17,4,13
2012,Genève,12 Tabakverarbeitung,0,0,0,0,0,0,0
2012,Genève,13 Herstellung von Textilien,31,101,38,63,87,27,60
2012,Genève,14 Herstellung von Bekleidung,74,455,272,183,407,229,178
2012,Genève,"15 Herstellung von Leder, Lederwaren und Schuhen",17,277,204,73,255,187,68
2012,Genève,"16 Herstellung von Holz-, Flecht-, Korb- und Korkwaren (ohne Möbel)",269,950,91,859,881,65,816
2012,Genève,"17 Herstellung von Papier, Pappe und Waren daraus",6,23,12,11,19,9,10
2012,Genève,"18 Herstellung von Druckerzeugnissen, Vervielfältigung von bespielten Ton-, Bild- und Datenträgern",136,816,265,551,722,207,515
2012,Genève,19 Kokerei und Mineralölverarbeitung,X,X,X,X,X,X,X
2012,Genève,20 Herstellung von chemischen Erzeugnissen,40,2945,1000,1945,2861,939,1922
2012,Genève,21 Herstellung von pharmazeutischen Erzeugnissen,20,425,238,187,390,210,180
2012,Genève,22 Herstellung von Gummi- und Kunststoffwaren,16,115,22,93,109,18,91
2012,Genève,"23 Herstellung von Glas und Glaswaren, Keramik, Verarbeitung von Steinen und Erden",55,482,50,432,457,36,420
2012,Genève,24 Metallerzeugung und -bearbeitung,7,109,19,90,103,15,88
2012,Genève,25 Herstellung von Metallerzeugnissen,261,1376,202,1174,1289,158,1132
2012,Genève,"26 Herstellung von Datenverarbeitungsgeräten, elektronischen und optischen Erzeugnissen",190,11375,4519,6856,11006,4250,6757
2012,Genève,27 Herstellung von elektrischen Ausrüstungen,30,788,115,673,756,97,659
2012,Genève,28 Maschinenbau,32,392,58,334,375,47,328
2012,Genève,29 Herstellung von Automobilen und Automobilteilen,6,64,6,58,62,5,57
2012,Genève,30 Sonstiger Fahrzeugbau,10,394,40,354,385,36,349
2012,Genève,31 Herstellung von Möbeln,47,234,29,205,219,22,196
2012,Genève,32 Herstellung von sonstigen Waren,296,1940,780,1160,1788,679,1109
2012,Genève,33 Reparatur und Installation von Maschinen und Ausrüstungen,65,566,70,496,537,55,482
2012,Genève,35 Energieversorgung,10,1537,316,1221,1457,268,1189
2012,Genève,36 Wasserversorgung,X,X,X,X,X,X,X
2012,Genève,37 Abwasserentsorgung,14,351,42,309,339,33,306
2012,Genève,"38 Sammlung, Behandlung und Beseitigung von Abfällen, Rückgewinnung",30,514,59,455,493,48,445
2012,Genève,39 Beseitigung von Umweltverschmutzungen und sonstige Entsorgung,X,30,6,24,30,6,24
2012,Genève,41 Hochbau,418,4425,399,4026,4228,306,3922
2012,Genève,42 Tiefbau,21,789,61,728,777,53,724
2012,Genève,"43 Vorbereitende Baustellenarbeiten, Bauinstallation und sonstiges Ausbaugewerbe",1964,12551,1151,11400,11872,860,11012
2012,Genève,"45 Handel mit Motorfahrzeugen, Instandhaltung und Reparatur von Motorfahrzeugen",712,3883,467,3416,3613,374,3240
2012,Genève,46 Grosshandel (ohne Handel mit Motorfahrzeugen),1579,19890,7760,12130,18548,6877,11671
2012,Genève,47 Detailhandel (ohne Handel mit Motorfahrzeugen),3335,20304,12280,8024,16316,9206,7110
2012,Genève,49 Landverkehr und Transport in Rohrfernleitungen,1342,6692,892,5800,5899,663,5235
2012,Genève,50 Schifffahrt,11,576,236,340,547,217,329
2012,Genève,51 Luftfahrt,58,1301,562,739,1198,491,708
2012,Genève,52 Lagerei sowie Erbringung von sonstigen Dienstleistungen für den Verkehr,193,5585,1756,3829,4843,1349,3494
2012,Genève,"53 Post-, Kurier- und Expressdienste",186,2457,833,1624,1954,600,1354
2012,Genève,55 Beherbergung,151,4725,2163,2562,4313,1933,2380
2012,Genève,56 Gastronomie,1954,12596,4852,7744,10196,3511,6685
2012,Genève,58 Verlagswesen,118,757,369,388,580,267,313
2012,Genève,"59 Herstellung, Verleih und Vertrieb von Filmen und Fernsehprogrammen, Kinos, Tonstudios und Verlegen von Musik",247,993,356,637,711,210,501
2012,Genève,60 Rundfunkveranstalter,13,1614,661,953,1346,526,820
2012,Genève,61 Telekommunikation,93,1230,286,944,1133,242,891
2012,Genève,62 Erbringung von Dienstleistungen der Informationstechnologie,895,6415,1275,5140,5915,1076,4839
2012,Genève,63 Informationsdienstleistungen,71,818,303,515,732,259,473
2012,Genève,64 Erbringung von Finanzdienstleistungen,686,20704,7759,12945,19563,6997,12566
2012,Genève,"65 Versicherungen, Rückversicherungen und Pensionskassen (ohne Sozialversicherung)",49,1092,587,505,948,490,458
2012,Genève,66 Mit Finanz- und Versicherungsdienstleistungen verbundene Tätigkeiten,1456,8500,3152,5348,7594,2601,4993
2012,Genève,68 Grundstücks- und Wohnungswesen,928,7457,4016,3441,4967,2470,2497
2012,Genève,"69 Rechts- und Steuerberatung, Wirtschaftsprüfung",2059,8920,4953,3967,7488,3936,3552
2012,Genève,"70 Verwaltung und Führung von Unternehmen und Betrieben, Unternehmensberatung",1215,8039,3139,4900,7026,2584,4442
2012,Genève,"71 Architektur- und Ingenieurbüros, technische, physikalische und chemische Untersuchung",1228,6379,1955,4424,5576,1539,4036
2012,Genève,72 Forschung und Entwicklung,111,1947,933,1014,1781,828,953
2012,Genève,73 Werbung und Marktforschung,238,1287,570,717,1038,430,609
2012,Genève,"74 Sonstige freiberufliche, wissenschaftliche und technische Tätigkeiten",1236,2314,1043,1271,1746,726,1020
2012,Genève,75 Veterinärwesen,37,139,109,30,110,84,26
2012,Genève,77 Vermietung von beweglichen Sachen,139,1456,359,1097,1235,285,950
2012,Genève,78 Vermittlung und Überlassung von Arbeitskräften,244,10428,3599,6829,8587,2592,5995
2012,Genève,"79 Reisebüros, Reiseveranstalter und Erbringung sonstiger Reservierungsdienstleistungen",233,1455,890,565,1210,711,499
2012,Genève,80 Wach- und Sicherheitsdienste sowie Detekteien,110,2927,423,2504,2332,295,2037
2012,Genève,"81 Gebäudebetreuung, Garten- und Landschaftsbau",651,12056,5680,6376,7448,2507,4940
2012,Genève,82 Erbringung von wirtschaftlichen Dienstleistungen für Unternehmen und Privatpersonen a. n. g.,240,1449,761,688,1181,594,587
2012,Genève,"84 Öffentliche Verwaltung, Verteidigung, Sozialversicherung",279,12862,6206,6656,11372,4958,6414
2012,Genève,85 Erziehung und Unterricht,1324,23672,13987,9685,16462,9454,7007
2012,Genève,86 Gesundheitswesen,3969,24994,17673,7321,19500,13351,6149
2012,Genève,87 Heime (ohne Erholungs- und Ferienheime),211,8672,6123,2549,6604,4615,1989
2012,Genève,88 Sozialwesen (ohne Heime),686,8729,6436,2293,5661,4077,1584
2012,Genève,"90 Kreative, künstlerische und unterhaltende Tätigkeiten",511,2286,946,1340,1477,533,944
2012,Genève,"91 Bibliotheken, Archive, Museen, botanische und zoologische Gärten",83,1174,668,506,875,454,421
2012,Genève,"92 Spiel-, Wett- und Lotteriewesen",8,106,41,65,95,34,61
2012,Genève,"93 Erbringung von Dienstleistungen des Sports, der Unterhaltung und der Erholung",389,2215,846,1369,1518,498,1020
2012,Genève,94 Interessenvertretungen sowie kirchliche und sonstige religiöse Vereinigungen (ohne Sozialwesen und Sport),890,7725,4343,3382,5876,3266,2610
2012,Genève,95 Reparatur von Datenverarbeitungsgeräten und Gebrauchsgütern,162,314,66,248,253,46,207
2012,Genève,96 Erbringung von sonstigen überwiegend persönlichen Dienstleistungen,1643,3783,2933,850,2848,2161,686
2013,Schweiz,Wirtschaftsabteilung - Total,651556,4983753,2238359,2745394,3883656,1487970,2395686
2013,Schweiz,"01 Landwirtschaft, Jagd und damit verbundene Tätigkeiten",55907,160305,58525,101780,103045,29075,73970
2013,Schweiz,02 Forstwirtschaft und Holzeinschlag,1417,6367,522,5845,5285,302,4984
2013,Schweiz,03 Fischerei und Aquakultur,202,401,105,296,321,77,244
2013,Schweiz,05 Kohlenbergbau,0,0,0,0,0,0,0
2013,Schweiz,06 Gewinnung von Erdöl und Erdgas,0,0,0,0,0,0,0
2013,Schweiz,07 Erzbergbau,4,7,X,X,6,X,X
2013,Schweiz,"08 Gewinnung von Steinen und Erden, sonstiger Bergbau",372,5060,651,4409,4602,395,4207
2013,Schweiz,09 Erbringung von Dienstleistungen für den Bergbau und für die Gewinnung von Steinen und Erden,15,115,X,X,104,X,X
2013,Schweiz,10 Herstellung von Nahrungs- und Futtermitteln,4101,80219,35850,44369,67907,26084,41824
2013,Schweiz,11 Getränkeherstellung,480,6532,2020,4512,5555,1350,4205
2013,Schweiz,12 Tabakverarbeitung,13,2235,660,1575,2111,590,1521
2013,Schweiz,13 Herstellung von Textilien,860,8225,4266,3959,6970,3180,3791
2013,Schweiz,14 Herstellung von Bekleidung,1611,6122,4781,1341,4700,3452,1248
2013,Schweiz,"15 Herstellung von Leder, Lederwaren und Schuhen",296,1873,1038,835,1597,824,773
2013,Schweiz,"16 Herstellung von Holz-, Flecht-, Korb- und Korkwaren (ohne Möbel)",7464,40317,5733,34584,36255,3583,32671
2013,Schweiz,"17 Herstellung von Papier, Pappe und Waren daraus",204,8713,2626,6087,8030,2085,5946
2013,Schweiz,"18 Herstellung von Druckerzeugnissen, Vervielfältigung von bespielten Ton-, Bild- und Datenträgern",2488,23000,8687,14313,19704,6295,13409
2013,Schweiz,19 Kokerei und Mineralölverarbeitung,11,889,157,732,846,127,719
2013,Schweiz,20 Herstellung von chemischen Erzeugnissen,723,29286,8308,20978,27438,6976,20463
2013,Schweiz,21 Herstellung von pharmazeutischen Erzeugnissen,293,42003,17394,24609,39514,15369,24145
2013,Schweiz,22 Herstellung von Gummi- und Kunststoffwaren,832,24368,7201,17167,22464,5813,16650
2013,Schweiz,"23 Herstellung von Glas und Glaswaren, Keramik, Verarbeitung von Steinen und Erden",1585,18639,3457,15182,17161,2527,14634
2013,Schweiz,24 Metallerzeugung und -bearbeitung,298,12635,1839,10796,12086,1499,10586
2013,Schweiz,25 Herstellung von Metallerzeugnissen,7874,88728,18193,70535,81222,13615,67606
2013,Schweiz,"26 Herstellung von Datenverarbeitungsgeräten, elektronischen und optischen Erzeugnissen",2310,109483,43376,66107,102707,38354,64353
2013,Schweiz,27 Herstellung von elektrischen Ausrüstungen,906,35852,9696,26156,33460,7983,25478
2013,Schweiz,28 Maschinenbau,2430,79139,13412,65727,74585,10650,63935
2013,Schweiz,29 Herstellung von Automobilen und Automobilteilen,245,4901,835,4066,4594,662,3932
2013,Schweiz,30 Sonstiger Fahrzeugbau,239,10827,1416,9411,10325,1165,9160
2013,Schweiz,31 Herstellung von Möbeln,969,10647,2253,8394,9706,1657,8049
2013,Schweiz,32 Herstellung von sonstigen Waren,3681,26244,11239,15005,23196,8944,14253
2013,Schweiz,33 Reparatur und Installation von Maschinen und Ausrüstungen,2681,19859,3087,16772,18053,2143,15910
2013,Schweiz,35 Energieversorgung,1075,28700,5515,23185,25151,3835,21316
2013,Schweiz,36 Wasserversorgung,438,2355,414,1941,1620,216,1404
2013,Schweiz,37 Abwasserentsorgung,597,4377,594,3783,3853,357,3496
2013,Schweiz,"38 Sammlung, Behandlung und Beseitigung von Abfällen, Rückgewinnung",922,11572,1734,9838,10342,1184,9158
2013,Schweiz,39 Beseitigung von Umweltverschmutzungen und sonstige Entsorgung,39,208,X,X,187,X,X
2013,Schweiz,41 Hochbau,8065,90720,8718,82002,84366,5537,78830
2013,Schweiz,42 Tiefbau,1131,24323,2020,22303,22913,1338,21575
2013,Schweiz,"43 Vorbereitende Baustellenarbeiten, Bauinstallation und sonstiges Ausbaugewerbe",39941,237041,30547,206494,215346,18304,197042
2013,Schweiz,"45 Handel mit Motorfahrzeugen, Instandhaltung und Reparatur von Motorfahrzeugen",16713,86726,15932,70794,76417,10682,65734
2013,Schweiz,46 Grosshandel (ohne Handel mit Motorfahrzeugen),26124,226596,82975,143621,198117,63839,134278
2013,Schweiz,47 Detailhandel (ohne Handel mit Motorfahrzeugen),52322,315761,218349,97412,235987,150597,85390
2013,Schweiz,49 Landverkehr und Transport in Rohrfernleitungen,12293,118933,18492,100441,102082,12947,89135
2013,Schweiz,50 Schifffahrt,178,3917,1105,2812,3305,825,2479
2013,Schweiz,51 Luftfahrt,249,11557,5195,6362,9986,4175,5811
2013,Schweiz,52 Lagerei sowie Erbringung von sonstigen Dienstleistungen für den Verkehr,2401,56952,17083,39869,49380,12764,36616
2013,Schweiz,"53 Post-, Kurier- und Expressdienste",3969,47733,22101,25632,33802,13304,20498
2013,Schweiz,55 Beherbergung,6249,77751,43885,33866,62943,32801,30142
2013,Schweiz,56 Gastronomie,26171,171036,93838,77198,120550,58638,61912
2013,Schweiz,58 Verlagswesen,1589,20112,9763,10349,14709,6538,8171
2013,Schweiz,"59 Herstellung, Verleih und Vertrieb von Filmen und Fernsehprogrammen, Kinos, Tonstudios und Verlegen von Musik",2778,9698,3707,5991,5920,1776,4144
2013,Schweiz,60 Rundfunkveranstalter,176,10190,4018,6172,8121,3028,5094
2013,Schweiz,61 Telekommunikation,1184,24761,7159,17602,22676,6096,16580
2013,Schweiz,62 Erbringung von Dienstleistungen der Informationstechnologie,15618,89153,18669,70484,77749,13390,64359
2013,Schweiz,63 Informationsdienstleistungen,1010,9151,3045,6106,7801,2307,5494
2013,Schweiz,64 Erbringung von Finanzdienstleistungen,8766,136173,53378,82795,119748,43036,76712
2013,Schweiz,"65 Versicherungen, Rückversicherungen und Pensionskassen (ohne Sozialversicherung)",1431,53007,25284,27723,44831,20054,24778
2013,Schweiz,66 Mit Finanz- und Versicherungsdienstleistungen verbundene Tätigkeiten,10437,65372,24939,40433,55447,18863,36583
2013,Schweiz,68 Grundstücks- und Wohnungswesen,16454,67549,34731,32818,39544,17698,21845
2013,Schweiz,"69 Rechts- und Steuerberatung, Wirtschaftsprüfung",22421,81130,45309,35821,61352,30949,30403
2013,Schweiz,"70 Verwaltung und Führung von Unternehmen und Betrieben, Unternehmensberatung",19678,101548,42506,59042,84357,32006,52350
2013,Schweiz,"71 Architektur- und Ingenieurbüros, technische, physikalische und chemische Untersuchung",25081,123706,37997,85709,102522,26100,76421
2013,Schweiz,72 Forschung und Entwicklung,1541,23773,9298,14475,20851,7511,13340
2013,Schweiz,73 Werbung und Marktforschung,4176,27632,14867,12765,18302,8503,9800
2013,Schweiz,"74 Sonstige freiberufliche, wissenschaftliche und technische Tätigkeiten",16627,30746,13854,16892,21420,8395,13025
2013,Schweiz,75 Veterinärwesen,1295,5939,4436,1503,4272,2991,1281
2013,Schweiz,77 Vermietung von beweglichen Sachen,1552,9253,2745,6508,7250,1934,5316
2013,Schweiz,78 Vermittlung und Überlassung von Arbeitskräften,2871,108482,29630,78852,86518,19370,67147
2013,Schweiz,"79 Reisebüros, Reiseveranstalter und Erbringung sonstiger Reservierungsdienstleistungen",2716,18089,11442,6647,13435,8176,5259
2013,Schweiz,80 Wach- und Sicherheitsdienste sowie Detekteien,863,20234,3987,16247,14338,2479,11859
2013,Schweiz,"81 Gebäudebetreuung, Garten- und Landschaftsbau",13878,124281,60857,63424,77590,26380,51210
2013,Schweiz,82 Erbringung von wirtschaftlichen Dienstleistungen für Unternehmen und Privatpersonen a. n. g.,3787,20672,11005,9667,14798,7173,7626
2013,Schweiz,"84 Öffentliche Verwaltung, Verteidigung, Sozialversicherung",8455,187110,86295,100815,153464,61834,91629
2013,Schweiz,85 Erziehung und Unterricht,30149,345315,207284,138031,210362,117826,92536
2013,Schweiz,86 Gesundheitswesen,52284,362454,277241,85213,257574,186987,70587
2013,Schweiz,87 Heime (ohne Erholungs- und Ferienheime),3860,178137,137876,40261,123888,92463,31425
2013,Schweiz,88 Sozialwesen (ohne Heime),9962,100573,75222,25351,59432,42281,17151
2013,Schweiz,"90 Kreative, künstlerische und unterhaltende Tätigkeiten",13436,28351,11918,16433,15490,5458,10032
2013,Schweiz,"91 Bibliotheken, Archive, Museen, botanische und zoologische Gärten",1103,12566,8095,4471,7845,4468,3377
2013,Schweiz,"92 Spiel-, Wett- und Lotteriewesen",94,3258,1444,1814,2705,1101,1603
2013,Schweiz,"93 Erbringung von Dienstleistungen des Sports, der Unterhaltung und der Erholung",7584,44118,20487,23631,25600,9350,16250
2013,Schweiz,94 Interessenvertretungen sowie kirchliche und sonstige religiöse Vereinigungen (ohne Sozialwesen und Sport),11786,93251,50918,42333,56794,30322,26473
2013,Schweiz,95 Reparatur von Datenverarbeitungsgeräten und Gebrauchsgütern,2515,5751,1513,4238,4459,1000,3459
2013,Schweiz,96 Erbringung von sonstigen überwiegend persönlichen Dienstleistungen,35011,62969,51557,11412,42598,33971,8626
2013,Vaud,Wirtschaftsabteilung - Total,54656,422226,193545,228681,336027,134246,201781
2013,Vaud,"01 Landwirtschaft, Jagd und damit verbundene Tätigkeiten",3879,12816,4087,8729,8777,2056,6721
2013,Vaud,02 Forstwirtschaft und Holzeinschlag,145,635,44,591,551,29,522
2013,Vaud,03 Fischerei und Aquakultur,46,110,28,82,92,22,69
2013,Vaud,05 Kohlenbergbau,0,0,0,0,0,0,0
2013,Vaud,06 Gewinnung von Erdöl und Erdgas,0,0,0,0,0,0,0
2013,Vaud,07 Erzbergbau,0,0,0,0,0,0,0
2013,Vaud,"08 Gewinnung von Steinen und Erden, sonstiger Bergbau",19,229,26,203,214,16,198
2013,Vaud,09 Erbringung von Dienstleistungen für den Bergbau und für die Gewinnung von Steinen und Erden,0,0,0,0,0,0,0
2013,Vaud,10 Herstellung von Nahrungs- und Futtermitteln,339,6031,2316,3715,5253,1739,3514
2013,Vaud,11 Getränkeherstellung,51,631,157,474,562,122,440
2013,Vaud,12 Tabakverarbeitung,X,29,14,15,25,11,14
2013,Vaud,13 Herstellung von Textilien,61,123,78,45,92,51,41
2013,Vaud,14 Herstellung von Bekleidung,105,143,130,13,85,74,11
2013,Vaud,"15 Herstellung von Leder, Lederwaren und Schuhen",24,43,15,28,33,9,24
2013,Vaud,"16 Herstellung von Holz-, Flecht-, Korb- und Korkwaren (ohne Möbel)",620,2747,308,2439,2535,211,2324
2013,Vaud,"17 Herstellung von Papier, Pappe und Waren daraus",8,211,77,134,194,64,130
2013,Vaud,"18 Herstellung von Druckerzeugnissen, Vervielfältigung von bespielten Ton-, Bild- und Datenträgern",198,1526,458,1068,1343,351,992
2013,Vaud,19 Kokerei und Mineralölverarbeitung,0,0,0,0,0,0,0
2013,Vaud,20 Herstellung von chemischen Erzeugnissen,62,1485,549,936,1404,487,917
2013,Vaud,21 Herstellung von pharmazeutischen Erzeugnissen,22,2893,1203,1690,2775,1104,1671
2013,Vaud,22 Herstellung von Gummi- und Kunststoffwaren,47,843,172,671,780,133,647
2013,Vaud,"23 Herstellung von Glas und Glaswaren, Keramik, Verarbeitung von Steinen und Erden",112,1277,162,1115,1206,127,1080
2013,Vaud,24 Metallerzeugung und -bearbeitung,17,254,53,201,238,44,195
2013,Vaud,25 Herstellung von Metallerzeugnissen,578,4724,902,3822,4385,713,3672
2013,Vaud,"26 Herstellung von Datenverarbeitungsgeräten, elektronischen und optischen Erzeugnissen",208,8802,3733,5069,8307,3365,4941
2013,Vaud,27 Herstellung von elektrischen Ausrüstungen,67,1199,488,711,1120,427,693
2013,Vaud,28 Maschinenbau,88,3045,372,2673,2944,317,2628
2013,Vaud,29 Herstellung von Automobilen und Automobilteilen,10,281,62,219,262,48,214
2013,Vaud,30 Sonstiger Fahrzeugbau,29,750,106,644,715,90,624
2013,Vaud,31 Herstellung von Möbeln,81,396,86,310,365,69,296
2013,Vaud,32 Herstellung von sonstigen Waren,287,2192,844,1348,1984,718,1266
2013,Vaud,33 Reparatur und Installation von Maschinen und Ausrüstungen,205,915,122,793,837,82,755
2013,Vaud,35 Energieversorgung,73,2290,541,1749,2082,408,1674
2013,Vaud,36 Wasserversorgung,32,274,47,227,230,28,202
2013,Vaud,37 Abwasserentsorgung,57,391,64,327,340,39,302
2013,Vaud,"38 Sammlung, Behandlung und Beseitigung von Abfällen, Rückgewinnung",88,1009,156,853,904,114,791
2013,Vaud,39 Beseitigung von Umweltverschmutzungen und sonstige Entsorgung,X,12,X,X,11,X,X
2013,Vaud,41 Hochbau,678,6197,676,5521,5835,491,5343
2013,Vaud,42 Tiefbau,46,1366,95,1271,1317,68,1249
2013,Vaud,"43 Vorbereitende Baustellenarbeiten, Bauinstallation und sonstiges Ausbaugewerbe",3520,20511,2279,18232,19000,1499,17501
2013,Vaud,"45 Handel mit Motorfahrzeugen, Instandhaltung und Reparatur von Motorfahrzeugen",1430,7503,1305,6198,6765,932,5833
2013,Vaud,46 Grosshandel (ohne Handel mit Motorfahrzeugen),2061,17514,5800,11714,15706,4635,11071
2013,Vaud,47 Detailhandel (ohne Handel mit Motorfahrzeugen),4983,30139,19557,10582,22965,13713,9252
2013,Vaud,49 Landverkehr und Transport in Rohrfernleitungen,843,9820,1379,8441,8739,1035,7704
2013,Vaud,50 Schifffahrt,9,324,98,226,287,84,204
2013,Vaud,51 Luftfahrt,7,28,X,X,23,X,X
2013,Vaud,52 Lagerei sowie Erbringung von sonstigen Dienstleistungen für den Verkehr,137,2039,395,1644,1853,313,1540
2013,Vaud,"53 Post-, Kurier- und Expressdienste",354,3575,1559,2016,2976,1126,1850
2013,Vaud,55 Beherbergung,440,5721,2850,2871,4800,2219,2581
2013,Vaud,56 Gastronomie,2321,14270,6838,7432,10575,4561,6014
2013,Vaud,58 Verlagswesen,149,1905,919,986,1499,658,841
2013,Vaud,"59 Herstellung, Verleih und Vertrieb von Filmen und Fernsehprogrammen, Kinos, Tonstudios und Verlegen von Musik",282,817,300,517,503,141,363
2013,Vaud,60 Rundfunkveranstalter,8,885,383,502,711,291,419
2013,Vaud,61 Telekommunikation,101,2233,682,1551,2060,591,1469
2013,Vaud,62 Erbringung von Dienstleistungen der Informationstechnologie,1199,8098,1587,6511,7320,1252,6067
2013,Vaud,63 Informationsdienstleistungen,69,234,58,176,191,41,150
2013,Vaud,64 Erbringung von Finanzdienstleistungen,468,7139,2900,4239,6383,2354,4029
2013,Vaud,"65 Versicherungen, Rückversicherungen und Pensionskassen (ohne Sozialversicherung)",104,5876,3102,2774,4843,2423,2420
2013,Vaud,66 Mit Finanz- und Versicherungsdienstleistungen verbundene Tätigkeiten,964,5242,1888,3354,4480,1438,3042
2013,Vaud,68 Grundstücks- und Wohnungswesen,1308,5990,3231,2759,3842,1896,1946
2013,Vaud,"69 Rechts- und Steuerberatung, Wirtschaftsprüfung",1769,6257,3745,2512,4897,2721,2177
2013,Vaud,"70 Verwaltung und Führung von Unternehmen und Betrieben, Unternehmensberatung",1643,12970,5699,7271,11220,4621,6600
2013,Vaud,"71 Architektur- und Ingenieurbüros, technische, physikalische und chemische Untersuchung",1895,9162,2842,6320,7780,2073,5707
2013,Vaud,72 Forschung und Entwicklung,216,2904,1248,1656,2578,1032,1546
2013,Vaud,73 Werbung und Marktforschung,281,1813,890,923,1251,531,720
2013,Vaud,"74 Sonstige freiberufliche, wissenschaftliche und technische Tätigkeiten",1741,3084,1334,1750,2245,853,1392
2013,Vaud,75 Veterinärwesen,108,388,287,101,287,197,89
2013,Vaud,77 Vermietung von beweglichen Sachen,134,789,253,536,659,204,455
2013,Vaud,78 Vermittlung und Überlassung von Arbeitskräften,240,11657,3717,7940,9165,2369,6796
2013,Vaud,"79 Reisebüros, Reiseveranstalter und Erbringung sonstiger Reservierungsdienstleistungen",240,1232,815,417,975,627,349
2013,Vaud,80 Wach- und Sicherheitsdienste sowie Detekteien,72,2350,474,1876,1945,349,1596
2013,Vaud,"81 Gebäudebetreuung, Garten- und Landschaftsbau",1178,12418,5666,6752,7814,2331,5483
2013,Vaud,82 Erbringung von wirtschaftlichen Dienstleistungen für Unternehmen und Privatpersonen a. n. g.,338,1779,992,787,1294,666,627
2013,Vaud,"84 Öffentliche Verwaltung, Verteidigung, Sozialversicherung",856,16131,7505,8626,13414,5498,7916
2013,Vaud,85 Erziehung und Unterricht,2415,37588,21753,15835,26186,14076,12109
2013,Vaud,86 Gesundheitswesen,5394,38366,28642,9724,28312,20014,8298
2013,Vaud,87 Heime (ohne Erholungs- und Ferienheime),312,14256,10759,3497,10282,7502,2780
2013,Vaud,88 Sozialwesen (ohne Heime),859,12018,9380,2638,7749,5769,1981
2013,Vaud,"90 Kreative, künstlerische und unterhaltende Tätigkeiten",979,2453,1054,1399,1443,530,913
2013,Vaud,"91 Bibliotheken, Archive, Museen, botanische und zoologische Gärten",110,1183,796,387,810,501,309
2013,Vaud,"92 Spiel-, Wett- und Lotteriewesen",13,542,218,324,492,184,308
2013,Vaud,"93 Erbringung von Dienstleistungen des Sports, der Unterhaltung und der Erholung",639,4117,1826,2291,2918,1129,1788
2013,Vaud,94 Interessenvertretungen sowie kirchliche und sonstige religiöse Vereinigungen (ohne Sozialwesen und Sport),919,6977,3759,3218,4636,2436,2200
2013,Vaud,95 Reparatur von Datenverarbeitungsgeräten und Gebrauchsgütern,227,528,119,409,430,84,345
2013,Vaud,96 Erbringung von sonstigen überwiegend persönlichen Dienstleistungen,3036,5532,4484,1048,3926,3115,811
2013,Valais / Wallis,Wirtschaftsabteilung - Total,27573,169860,74701,95159,131363,48813,82550
2013,Valais / Wallis,"01 Landwirtschaft, Jagd und damit verbundene Tätigkeiten",3533,9181,3437,5744,4909,1563,3346
2013,Valais / Wallis,02 Forstwirtschaft und Holzeinschlag,56,407,27,380,346,10,336
2013,Valais / Wallis,03 Fischerei und Aquakultur,9,28,11,17,23,9,14
2013,Valais / Wallis,05 Kohlenbergbau,0,0,0,0,0,0,0
2013,Valais / Wallis,06 Gewinnung von Erdöl und Erdgas,0,0,0,0,0,0,0
2013,Valais / Wallis,07 Erzbergbau,0,0,0,0,0,0,0
2013,Valais / Wallis,"08 Gewinnung von Steinen und Erden, sonstiger Bergbau",18,191,21,170,174,14,160
2013,Valais / Wallis,09 Erbringung von Dienstleistungen für den Bergbau und für die Gewinnung von Steinen und Erden,0,0,0,0,0,0,0
2013,Valais / Wallis,10 Herstellung von Nahrungs- und Futtermitteln,172,1839,787,1052,1544,559,985
2013,Valais / Wallis,11 Getränkeherstellung,72,824,290,534,659,177,482
2013,Valais / Wallis,12 Tabakverarbeitung,0,0,0,0,0,0,0
2013,Valais / Wallis,13 Herstellung von Textilien,23,34,28,6,22,17,6
2013,Valais / Wallis,14 Herstellung von Bekleidung,51,63,55,8,34,28,6
2013,Valais / Wallis,"15 Herstellung von Leder, Lederwaren und Schuhen",4,17,X,X,11,X,X
2013,Valais / Wallis,"16 Herstellung von Holz-, Flecht-, Korb- und Korkwaren (ohne Möbel)",453,2405,226,2179,2226,149,2077
2013,Valais / Wallis,"17 Herstellung von Papier, Pappe und Waren daraus",X,X,X,X,X,X,X
2013,Valais / Wallis,"18 Herstellung von Druckerzeugnissen, Vervielfältigung von bespielten Ton-, Bild- und Datenträgern",94,699,285,414,584,199,384
2013,Valais / Wallis,19 Kokerei und Mineralölverarbeitung,X,255,21,234,248,18,230
2013,Valais / Wallis,20 Herstellung von chemischen Erzeugnissen,25,4621,625,3996,4504,555,3949
2013,Valais / Wallis,21 Herstellung von pharmazeutischen Erzeugnissen,8,797,215,582,757,182,575
2013,Valais / Wallis,22 Herstellung von Gummi- und Kunststoffwaren,17,193,65,128,179,52,127
2013,Valais / Wallis,"23 Herstellung von Glas und Glaswaren, Keramik, Verarbeitung von Steinen und Erden",53,390,54,336,359,37,323
2013,Valais / Wallis,24 Metallerzeugung und -bearbeitung,13,1296,82,1214,1273,71,1202
2013,Valais / Wallis,25 Herstellung von Metallerzeugnissen,243,2218,408,1810,2037,300,1737
2013,Valais / Wallis,"26 Herstellung von Datenverarbeitungsgeräten, elektronischen und optischen Erzeugnissen",37,825,497,328,745,428,317
2013,Valais / Wallis,27 Herstellung von elektrischen Ausrüstungen,22,248,54,194,226,39,187
2013,Valais / Wallis,28 Maschinenbau,33,1001,242,759,943,204,739
2013,Valais / Wallis,29 Herstellung von Automobilen und Automobilteilen,4,8,X,X,7,X,X
2013,Valais / Wallis,30 Sonstiger Fahrzeugbau,X,14,X,X,12,X,X
2013,Valais / Wallis,31 Herstellung von Möbeln,61,235,34,201,214,25,190
2013,Valais / Wallis,32 Herstellung von sonstigen Waren,95,476,204,272,416,158,258
2013,Valais / Wallis,33 Reparatur und Installation von Maschinen und Ausrüstungen,82,382,53,329,347,33,314
2013,Valais / Wallis,35 Energieversorgung,90,2192,299,1893,1940,195,1745
2013,Valais / Wallis,36 Wasserversorgung,12,43,X,X,30,X,X
2013,Valais / Wallis,37 Abwasserentsorgung,30,125,9,116,110,6,104
2013,Valais / Wallis,"38 Sammlung, Behandlung und Beseitigung von Abfällen, Rückgewinnung",61,365,44,321,320,26,294
2013,Valais / Wallis,39 Beseitigung von Umweltverschmutzungen und sonstige Entsorgung,X,X,X,X,X,X,X
2013,Valais / Wallis,41 Hochbau,441,4963,371,4592,4683,236,4447
2013,Valais / Wallis,42 Tiefbau,44,711,52,659,679,34,645
2013,Valais / Wallis,"43 Vorbereitende Baustellenarbeiten, Bauinstallation und sonstiges Ausbaugewerbe",1933,10631,1202,9429,9807,740,9067
2013,Valais / Wallis,"45 Handel mit Motorfahrzeugen, Instandhaltung und Reparatur von Motorfahrzeugen",738,3471,625,2846,3080,408,2671
2013,Valais / Wallis,46 Grosshandel (ohne Handel mit Motorfahrzeugen),708,4331,1285,3046,3756,904,2853
2013,Valais / Wallis,47 Detailhandel (ohne Handel mit Motorfahrzeugen),2622,14528,10256,4272,10723,6935,3787
2013,Valais / Wallis,49 Landverkehr und Transport in Rohrfernleitungen,523,6439,1011,5428,5571,698,4873
2013,Valais / Wallis,50 Schifffahrt,0,0,0,0,0,0,0
2013,Valais / Wallis,51 Luftfahrt,10,302,52,250,234,36,198
2013,Valais / Wallis,52 Lagerei sowie Erbringung von sonstigen Dienstleistungen für den Verkehr,59,583,98,485,529,69,461
2013,Valais / Wallis,"53 Post-, Kurier- und Expressdienste",207,1367,763,604,1018,482,536
2013,Valais / Wallis,55 Beherbergung,1019,8396,4729,3667,6880,3607,3273
2013,Valais / Wallis,56 Gastronomie,1744,9068,5218,3850,6902,3567,3335
2013,Valais / Wallis,58 Verlagswesen,30,308,184,124,205,113,92
2013,Valais / Wallis,"59 Herstellung, Verleih und Vertrieb von Filmen und Fernsehprogrammen, Kinos, Tonstudios und Verlegen von Musik",79,146,46,100,85,20,65
2013,Valais / Wallis,60 Rundfunkveranstalter,8,244,81,163,184,56,128
2013,Valais / Wallis,61 Telekommunikation,53,701,282,419,622,233,389
2013,Valais / Wallis,62 Erbringung von Dienstleistungen der Informationstechnologie,313,877,165,712,714,101,612
2013,Valais / Wallis,63 Informationsdienstleistungen,23,76,29,47,62,21,40
2013,Valais / Wallis,64 Erbringung von Finanzdienstleistungen,324,2121,986,1135,1704,689,1015
2013,Valais / Wallis,"65 Versicherungen, Rückversicherungen und Pensionskassen (ohne Sozialversicherung)",71,1533,660,873,1279,518,761
2013,Valais / Wallis,66 Mit Finanz- und Versicherungsdienstleistungen verbundene Tätigkeiten,280,1750,746,1004,1458,544,913
2013,Valais / Wallis,68 Grundstücks- und Wohnungswesen,867,2172,1246,926,1279,609,670
2013,Valais / Wallis,"69 Rechts- und Steuerberatung, Wirtschaftsprüfung",676,2660,1827,833,1681,991,690
2013,Valais / Wallis,"70 Verwaltung und Führung von Unternehmen und Betrieben, Unternehmensberatung",293,1050,529,521,823,371,452
2013,Valais / Wallis,"71 Architektur- und Ingenieurbüros, technische, physikalische und chemische Untersuchung",904,3982,1296,2686,3259,854,2405
2013,Valais / Wallis,72 Forschung und Entwicklung,56,374,142,232,309,103,206
2013,Valais / Wallis,73 Werbung und Marktforschung,87,477,284,193,293,159,135
2013,Valais / Wallis,"74 Sonstige freiberufliche, wissenschaftliche und technische Tätigkeiten",466,689,272,417,475,156,320
2013,Valais / Wallis,75 Veterinärwesen,38,137,107,30,98,72,26
2013,Valais / Wallis,77 Vermietung von beweglichen Sachen,60,177,26,151,132,12,120
2013,Valais / Wallis,78 Vermittlung und Überlassung von Arbeitskräften,74,4012,628,3384,3384,374,3010
2013,Valais / Wallis,"79 Reisebüros, Reiseveranstalter und Erbringung sonstiger Reservierungsdienstleistungen",140,979,550,429,715,377,338
2013,Valais / Wallis,80 Wach- und Sicherheitsdienste sowie Detekteien,35,483,86,397,365,59,306
2013,Valais / Wallis,"81 Gebäudebetreuung, Garten- und Landschaftsbau",464,2810,1197,1613,1973,546,1427
2013,Valais / Wallis,82 Erbringung von wirtschaftlichen Dienstleistungen für Unternehmen und Privatpersonen a. n. g.,148,396,188,208,263,108,155
2013,Valais / Wallis,"84 Öffentliche Verwaltung, Verteidigung, Sozialversicherung",416,5980,2477,3503,4792,1681,3111
2013,Valais / Wallis,85 Erziehung und Unterricht,1182,10395,5566,4829,6461,3421,3040
2013,Valais / Wallis,86 Gesundheitswesen,1671,11768,8927,2841,8434,6108,2326
2013,Valais / Wallis,87 Heime (ohne Erholungs- und Ferienheime),131,6223,5234,989,4268,3465,803
2013,Valais / Wallis,88 Sozialwesen (ohne Heime),224,3264,2507,757,1969,1430,539
2013,Valais / Wallis,"90 Kreative, künstlerische und unterhaltende Tätigkeiten",527,720,256,464,346,88,257
2013,Valais / Wallis,"91 Bibliotheken, Archive, Museen, botanische und zoologische Gärten",52,325,222,103,210,128,81
2013,Valais / Wallis,"92 Spiel-, Wett- und Lotteriewesen",10,78,36,42,67,25,41
2013,Valais / Wallis,"93 Erbringung von Dienstleistungen des Sports, der Unterhaltung und der Erholung",469,1400,510,890,899,255,644
2013,Valais / Wallis,94 Interessenvertretungen sowie kirchliche und sonstige religiöse Vereinigungen (ohne Sozialwesen und Sport),441,2594,1369,1225,1573,815,757
2013,Valais / Wallis,95 Reparatur von Datenverarbeitungsgeräten und Gebrauchsgütern,62,96,23,73,71,14,57
2013,Valais / Wallis,96 Erbringung von sonstigen überwiegend persönlichen Dienstleistungen,1472,2693,2252,441,1844,1507,337
2013,Genève,Wirtschaftsabteilung - Total,37539,333925,147209,186716,277711,111286,166425
2013,Genève,"01 Landwirtschaft, Jagd und damit verbundene Tätigkeiten",408,1711,399,1312,1322,258,1064
2013,Genève,02 Forstwirtschaft und Holzeinschlag,8,31,X,X,26,X,X
2013,Genève,03 Fischerei und Aquakultur,11,17,X,X,13,X,X
2013,Genève,05 Kohlenbergbau,0,0,0,0,0,0,0
2013,Genève,06 Gewinnung von Erdöl und Erdgas,0,0,0,0,0,0,0
2013,Genève,07 Erzbergbau,0,0,0,0,0,0,0
2013,Genève,"08 Gewinnung von Steinen und Erden, sonstiger Bergbau",10,64,9,55,60,6,53
2013,Genève,09 Erbringung von Dienstleistungen für den Bergbau und für die Gewinnung von Steinen und Erden,X,46,21,25,43,18,24
2013,Genève,10 Herstellung von Nahrungs- und Futtermitteln,106,1763,558,1205,1566,429,1136
2013,Genève,11 Getränkeherstellung,9,21,X,X,18,X,X
2013,Genève,12 Tabakverarbeitung,X,X,X,X,X,X,X
2013,Genève,13 Herstellung von Textilien,33,105,39,66,90,28,62
2013,Genève,14 Herstellung von Bekleidung,69,424,245,179,384,211,173
2013,Genève,"15 Herstellung von Leder, Lederwaren und Schuhen",16,296,216,80,273,195,77
2013,Genève,"16 Herstellung von Holz-, Flecht-, Korb- und Korkwaren (ohne Möbel)",276,924,84,840,857,60,796
2013,Genève,"17 Herstellung von Papier, Pappe und Waren daraus",6,24,13,11,20,10,10
2013,Genève,"18 Herstellung von Druckerzeugnissen, Vervielfältigung von bespielten Ton-, Bild- und Datenträgern",135,781,268,513,687,203,484
2013,Genève,19 Kokerei und Mineralölverarbeitung,0,0,0,0,0,0,0
2013,Genève,20 Herstellung von chemischen Erzeugnissen,35,2790,948,1842,2706,888,1818
2013,Genève,21 Herstellung von pharmazeutischen Erzeugnissen,20,403,218,185,371,197,175
2013,Genève,22 Herstellung von Gummi- und Kunststoffwaren,16,111,18,93,107,15,91
2013,Genève,"23 Herstellung von Glas und Glaswaren, Keramik, Verarbeitung von Steinen und Erden",56,477,54,423,451,38,413
2013,Genève,24 Metallerzeugung und -bearbeitung,8,109,17,92,104,15,89
2013,Genève,25 Herstellung von Metallerzeugnissen,254,1421,218,1203,1334,172,1162
2013,Genève,"26 Herstellung von Datenverarbeitungsgeräten, elektronischen und optischen Erzeugnissen",189,11148,4434,6714,10765,4156,6609
2013,Genève,27 Herstellung von elektrischen Ausrüstungen,28,1004,209,795,963,184,779
2013,Genève,28 Maschinenbau,31,473,62,411,456,53,403
2013,Genève,29 Herstellung von Automobilen und Automobilteilen,7,82,8,74,80,7,72
2013,Genève,30 Sonstiger Fahrzeugbau,13,397,35,362,389,32,357
2013,Genève,31 Herstellung von Möbeln,46,227,30,197,211,23,187
2013,Genève,32 Herstellung von sonstigen Waren,302,1951,792,1159,1788,682,1107
2013,Genève,33 Reparatur und Installation von Maschinen und Ausrüstungen,64,581,66,515,556,56,500
2013,Genève,35 Energieversorgung,8,1561,332,1229,1478,283,1195
2013,Genève,36 Wasserversorgung,X,X,X,X,X,X,X
2013,Genève,37 Abwasserentsorgung,15,358,42,316,345,33,312
2013,Genève,"38 Sammlung, Behandlung und Beseitigung von Abfällen, Rückgewinnung",32,520,59,461,497,47,450
2013,Genève,39 Beseitigung von Umweltverschmutzungen und sonstige Entsorgung,X,30,5,25,30,5,25
2013,Genève,41 Hochbau,453,4597,416,4181,4366,321,4045
2013,Genève,42 Tiefbau,24,875,61,814,857,52,805
2013,Genève,"43 Vorbereitende Baustellenarbeiten, Bauinstallation und sonstiges Ausbaugewerbe",1965,12643,1202,11441,11921,896,11025
2013,Genève,"45 Handel mit Motorfahrzeugen, Instandhaltung und Reparatur von Motorfahrzeugen",718,3848,447,3401,3577,355,3221
2013,Genève,46 Grosshandel (ohne Handel mit Motorfahrzeugen),1540,19556,7683,11873,18266,6817,11449
2013,Genève,47 Detailhandel (ohne Handel mit Motorfahrzeugen),3351,20416,12313,8103,16452,9290,7163
2013,Genève,49 Landverkehr und Transport in Rohrfernleitungen,1377,6840,925,5915,5989,699,5290
2013,Genève,50 Schifffahrt,10,592,234,358,581,230,351
2013,Genève,51 Luftfahrt,54,1386,601,785,1280,524,756
2013,Genève,52 Lagerei sowie Erbringung von sonstigen Dienstleistungen für den Verkehr,198,5784,1815,3969,5078,1422,3657
2013,Genève,"53 Post-, Kurier- und Expressdienste",174,2442,796,1646,1956,571,1386
2013,Genève,55 Beherbergung,152,4879,2186,2693,4464,1941,2523
2013,Genève,56 Gastronomie,1966,12751,4876,7875,10284,3540,6745
2013,Genève,58 Verlagswesen,115,754,368,386,558,258,300
2013,Genève,"59 Herstellung, Verleih und Vertrieb von Filmen und Fernsehprogrammen, Kinos, Tonstudios und Verlegen von Musik",249,948,351,597,666,202,464
2013,Genève,60 Rundfunkveranstalter,12,1597,649,948,1344,525,819
2013,Genève,61 Telekommunikation,92,1327,311,1016,1235,261,973
2013,Genève,62 Erbringung von Dienstleistungen der Informationstechnologie,917,6534,1296,5238,5982,1078,4903
2013,Genève,63 Informationsdienstleistungen,71,708,270,438,642,235,407
2013,Genève,64 Erbringung von Finanzdienstleistungen,681,20341,7562,12779,19250,6818,12432
2013,Genève,"65 Versicherungen, Rückversicherungen und Pensionskassen (ohne Sozialversicherung)",52,1061,575,486,921,478,443
2013,Genève,66 Mit Finanz- und Versicherungsdienstleistungen verbundene Tätigkeiten,1473,8414,3076,5338,7470,2525,4946
2013,Genève,68 Grundstücks- und Wohnungswesen,925,7452,3980,3472,4960,2427,2533
2013,Genève,"69 Rechts- und Steuerberatung, Wirtschaftsprüfung",2115,9083,5028,4055,7661,4029,3632
2013,Genève,"70 Verwaltung und Führung von Unternehmen und Betrieben, Unternehmensberatung",1305,8309,3287,5022,7264,2705,4558
2013,Genève,"71 Architektur- und Ingenieurbüros, technische, physikalische und chemische Untersuchung",1285,6464,1997,4467,5628,1558,4070
2013,Genève,72 Forschung und Entwicklung,123,1027,454,573,910,385,525
2013,Genève,73 Werbung und Marktforschung,246,1287,559,728,1034,419,615
2013,Genève,"74 Sonstige freiberufliche, wissenschaftliche und technische Tätigkeiten",1314,2523,1082,1441,1891,727,1164
2013,Genève,75 Veterinärwesen,36,136,107,29,103,79,24
2013,Genève,77 Vermietung von beweglichen Sachen,148,1530,381,1149,1296,298,998
2013,Genève,78 Vermittlung und Überlassung von Arbeitskräften,247,11513,3741,7772,9354,2681,6673
2013,Genève,"79 Reisebüros, Reiseveranstalter und Erbringung sonstiger Reservierungsdienstleistungen",225,1396,821,575,1150,660,489
2013,Genève,80 Wach- und Sicherheitsdienste sowie Detekteien,115,2998,445,2553,2400,313,2087
2013,Genève,"81 Gebäudebetreuung, Garten- und Landschaftsbau",667,12045,5644,6401,7372,2480,4892
2013,Genève,82 Erbringung von wirtschaftlichen Dienstleistungen für Unternehmen und Privatpersonen a. n. g.,239,1433,753,680,1179,595,583
2013,Genève,"84 Öffentliche Verwaltung, Verteidigung, Sozialversicherung",329,13258,6321,6937,11747,5070,6677
2013,Genève,85 Erziehung und Unterricht,1423,23638,13972,9666,16511,9503,7008
2013,Genève,86 Gesundheitswesen,4207,25871,18409,7462,20234,14002,6232
2013,Genève,87 Heime (ohne Erholungs- und Ferienheime),217,8695,6159,2536,6671,4658,2013
2013,Genève,88 Sozialwesen (ohne Heime),715,8829,6530,2299,5821,4226,1594
2013,Genève,"90 Kreative, künstlerische und unterhaltende Tätigkeiten",569,2526,1047,1479,1590,579,1011
2013,Genève,"91 Bibliotheken, Archive, Museen, botanische und zoologische Gärten",84,1294,703,591,954,469,484
2013,Genève,"92 Spiel-, Wett- und Lotteriewesen",8,115,44,71,99,38,61
2013,Genève,"93 Erbringung von Dienstleistungen des Sports, der Unterhaltung und der Erholung",417,2405,900,1505,1689,521,1168
2013,Genève,94 Interessenvertretungen sowie kirchliche und sonstige religiöse Vereinigungen (ohne Sozialwesen und Sport),870,7785,4412,3373,5933,3312,2622
2013,Genève,95 Reparatur von Datenverarbeitungsgeräten und Gebrauchsgütern,162,337,76,261,271,57,214
2013,Genève,96 Erbringung von sonstigen überwiegend persönlichen Dienstleistungen,1685,3825,2932,893,2857,2140,717
2014,Schweiz,Wirtschaftsabteilung - Total,668419,5048430,2275024,2773406,3930488,1513421,2417066
2014,Schweiz,"01 Landwirtschaft, Jagd und damit verbundene Tätigkeiten",54961,160019,58341,101678,102576,28805,73771
2014,Schweiz,02 Forstwirtschaft und Holzeinschlag,1436,6381,522,5859,5331,300,5031
2014,Schweiz,03 Fischerei und Aquakultur,199,423,122,301,335,86,249
2014,Schweiz,05 Kohlenbergbau,0,0,0,0,0,0,0
2014,Schweiz,06 Gewinnung von Erdöl und Erdgas,0,0,0,0,0,0,0
2014,Schweiz,07 Erzbergbau,4,8,X,X,6,X,X
2014,Schweiz,"08 Gewinnung von Steinen und Erden, sonstiger Bergbau",365,5048,663,4385,4610,411,4198
2014,Schweiz,09 Erbringung von Dienstleistungen für den Bergbau und für die Gewinnung von Steinen und Erden,16,116,X,X,106,X,X
2014,Schweiz,10 Herstellung von Nahrungs- und Futtermitteln,4289,81083,36177,44906,68654,26383,42271
2014,Schweiz,11 Getränkeherstellung,496,6051,1843,4208,5119,1208,3911
2014,Schweiz,12 Tabakverarbeitung,13,2141,633,1508,2020,565,1455
2014,Schweiz,13 Herstellung von Textilien,867,8140,4190,3950,6959,3177,3781
2014,Schweiz,14 Herstellung von Bekleidung,1759,6294,4925,1369,4765,3501,1264
2014,Schweiz,"15 Herstellung von Leder, Lederwaren und Schuhen",299,1838,1051,787,1569,850,719
2014,Schweiz,"16 Herstellung von Holz-, Flecht-, Korb- und Korkwaren (ohne Möbel)",7567,40395,5796,34599,36161,3604,32557
2014,Schweiz,"17 Herstellung von Papier, Pappe und Waren daraus",211,8476,2573,5903,7766,2032,5734
2014,Schweiz,"18 Herstellung von Druckerzeugnissen, Vervielfältigung von bespielten Ton-, Bild- und Datenträgern",2452,22149,8487,13662,18949,6169,12781
2014,Schweiz,19 Kokerei und Mineralölverarbeitung,10,900,156,744,855,125,730
2014,Schweiz,20 Herstellung von chemischen Erzeugnissen,737,28997,8318,20679,27107,6912,20195
2014,Schweiz,21 Herstellung von pharmazeutischen Erzeugnissen,287,43319,18107,25212,40763,15999,24764
2014,Schweiz,22 Herstellung von Gummi- und Kunststoffwaren,821,24470,7196,17274,22645,5867,16778
2014,Schweiz,"23 Herstellung von Glas und Glaswaren, Keramik, Verarbeitung von Steinen und Erden",1582,18522,3441,15081,17100,2559,14542
2014,Schweiz,24 Metallerzeugung und -bearbeitung,295,12752,1825,10927,12187,1514,10673
2014,Schweiz,25 Herstellung von Metallerzeugnissen,7900,89043,18155,70888,81457,13631,67827
2014,Schweiz,"26 Herstellung von Datenverarbeitungsgeräten, elektronischen und optischen Erzeugnissen",2285,111001,43897,67104,104220,38872,65347
2014,Schweiz,27 Herstellung von elektrischen Ausrüstungen,908,35052,9331,25721,32759,7744,25014
2014,Schweiz,28 Maschinenbau,2398,78525,13386,65139,73902,10666,63236
2014,Schweiz,29 Herstellung von Automobilen und Automobilteilen,241,4824,822,4002,4533,656,3877
2014,Schweiz,30 Sonstiger Fahrzeugbau,244,10696,1462,9234,10214,1213,9002
2014,Schweiz,31 Herstellung von Möbeln,965,10417,2258,8159,9480,1671,7809
2014,Schweiz,32 Herstellung von sonstigen Waren,3828,26541,11361,15180,23398,8996,14402
2014,Schweiz,33 Reparatur und Installation von Maschinen und Ausrüstungen,2696,19753,3143,16610,17964,2191,15773
2014,Schweiz,35 Energieversorgung,1087,29320,5670,23650,25609,3968,21641
2014,Schweiz,36 Wasserversorgung,434,2365,403,1962,1629,212,1417
2014,Schweiz,37 Abwasserentsorgung,604,4380,550,3830,3905,338,3567
2014,Schweiz,"38 Sammlung, Behandlung und Beseitigung von Abfällen, Rückgewinnung",943,11860,1837,10023,10571,1227,9344
2014,Schweiz,39 Beseitigung von Umweltverschmutzungen und sonstige Entsorgung,36,185,X,X,162,X,X
2014,Schweiz,41 Hochbau,8279,91059,9019,82040,84552,5794,78759
2014,Schweiz,42 Tiefbau,1141,24237,2029,22208,22847,1338,21508
2014,Schweiz,"43 Vorbereitende Baustellenarbeiten, Bauinstallation und sonstiges Ausbaugewerbe",40256,239139,30533,208606,216989,18264,198725
2014,Schweiz,"45 Handel mit Motorfahrzeugen, Instandhaltung und Reparatur von Motorfahrzeugen",16975,86780,15847,70933,76477,10676,65801
2014,Schweiz,46 Grosshandel (ohne Handel mit Motorfahrzeugen),26479,227739,83373,144366,199171,64203,134968
2014,Schweiz,47 Detailhandel (ohne Handel mit Motorfahrzeugen),52547,316352,218461,97891,236237,150549,85688
2014,Schweiz,49 Landverkehr und Transport in Rohrfernleitungen,12403,119829,18772,101057,103075,13221,89854
2014,Schweiz,50 Schifffahrt,182,4106,1129,2977,3476,863,2613
2014,Schweiz,51 Luftfahrt,251,11681,5097,6584,10091,4064,6027
2014,Schweiz,52 Lagerei sowie Erbringung von sonstigen Dienstleistungen für den Verkehr,2428,57212,17089,40123,49627,12783,36844
2014,Schweiz,"53 Post-, Kurier- und Expressdienste",3767,46933,21607,25326,33137,13019,20118
2014,Schweiz,55 Beherbergung,6217,77605,43784,33821,63108,32835,30273
2014,Schweiz,56 Gastronomie,26208,173674,94314,79360,122997,59319,63678
2014,Schweiz,58 Verlagswesen,1584,19863,9623,10240,14609,6472,8136
2014,Schweiz,"59 Herstellung, Verleih und Vertrieb von Filmen und Fernsehprogrammen, Kinos, Tonstudios und Verlegen von Musik",3034,9984,3808,6176,6051,1836,4216
2014,Schweiz,60 Rundfunkveranstalter,182,10364,4123,6241,8176,3059,5117
2014,Schweiz,61 Telekommunikation,1213,25945,7388,18557,23795,6305,17490
2014,Schweiz,62 Erbringung von Dienstleistungen der Informationstechnologie,16326,91874,19308,72566,79866,13942,65924
2014,Schweiz,63 Informationsdienstleistungen,1044,9706,3257,6449,8175,2436,5739
2014,Schweiz,64 Erbringung von Finanzdienstleistungen,8703,133959,52424,81535,117754,42270,75484
2014,Schweiz,"65 Versicherungen, Rückversicherungen und Pensionskassen (ohne Sozialversicherung)",1326,52780,25230,27550,44871,20090,24782
2014,Schweiz,66 Mit Finanz- und Versicherungsdienstleistungen verbundene Tätigkeiten,10964,67195,25475,41720,56856,19240,37616
2014,Schweiz,68 Grundstücks- und Wohnungswesen,16961,68074,34887,33187,40168,18044,22123
2014,Schweiz,"69 Rechts- und Steuerberatung, Wirtschaftsprüfung",22912,82566,46228,36338,62600,31728,30872
2014,Schweiz,"70 Verwaltung und Führung von Unternehmen und Betrieben, Unternehmensberatung",21020,104512,43555,60957,86675,32836,53839
2014,Schweiz,"71 Architektur- und Ingenieurbüros, technische, physikalische und chemische Untersuchung",25812,126841,38876,87965,104993,26770,78222
2014,Schweiz,72 Forschung und Entwicklung,1613,24456,9490,14966,21519,7720,13798
2014,Schweiz,73 Werbung und Marktforschung,4328,27270,14507,12763,18160,8357,9803
2014,Schweiz,"74 Sonstige freiberufliche, wissenschaftliche und technische Tätigkeiten",18429,32720,14813,17907,22338,8785,13553
2014,Schweiz,75 Veterinärwesen,1341,6218,4679,1539,4468,3163,1305
2014,Schweiz,77 Vermietung von beweglichen Sachen,1620,9480,2758,6722,7484,1946,5538
2014,Schweiz,78 Vermittlung und Überlassung von Arbeitskräften,2926,109027,30787,78240,86483,20288,66195
2014,Schweiz,"79 Reisebüros, Reiseveranstalter und Erbringung sonstiger Reservierungsdienstleistungen",2758,18229,11634,6595,13541,8295,5246
2014,Schweiz,80 Wach- und Sicherheitsdienste sowie Detekteien,898,20693,4160,16533,14539,2541,11998
2014,Schweiz,"81 Gebäudebetreuung, Garten- und Landschaftsbau",14581,128540,63187,65353,80361,27365,52996
2014,Schweiz,82 Erbringung von wirtschaftlichen Dienstleistungen für Unternehmen und Privatpersonen a. n. g.,3900,20941,11144,9797,15112,7277,7835
2014,Schweiz,"84 Öffentliche Verwaltung, Verteidigung, Sozialversicherung",8510,188760,87279,101481,155138,62789,92349
2014,Schweiz,85 Erziehung und Unterricht,31285,351283,212211,139072,214391,120817,93573
2014,Schweiz,86 Gesundheitswesen,55287,375174,286798,88376,266654,193337,73317
2014,Schweiz,87 Heime (ohne Erholungs- und Ferienheime),3913,181027,139653,41374,126463,94181,32282
2014,Schweiz,88 Sozialwesen (ohne Heime),10556,105048,78904,26144,62305,44668,17637
2014,Schweiz,"90 Kreative, künstlerische und unterhaltende Tätigkeiten",14527,29481,12528,16953,15979,5613,10367
2014,Schweiz,"91 Bibliotheken, Archive, Museen, botanische und zoologische Gärten",1127,12825,8302,4523,8006,4575,3431
2014,Schweiz,"92 Spiel-, Wett- und Lotteriewesen",91,3176,1409,1767,2592,1055,1536
2014,Schweiz,"93 Erbringung von Dienstleistungen des Sports, der Unterhaltung und der Erholung",8040,46208,21519,24689,26552,9810,16742
2014,Schweiz,94 Interessenvertretungen sowie kirchliche und sonstige religiöse Vereinigungen (ohne Sozialwesen und Sport),11872,95078,52188,42890,58089,31259,26830
2014,Schweiz,95 Reparatur von Datenverarbeitungsgeräten und Gebrauchsgütern,2638,5911,1619,4292,4509,1059,3450
2014,Schweiz,96 Erbringung von sonstigen überwiegend persönlichen Dienstleistungen,36730,65392,53520,11872,44045,35072,8973
2014,Vaud,Wirtschaftsabteilung - Total,56218,429019,197771,231248,342216,137924,204292
2014,Vaud,"01 Landwirtschaft, Jagd und damit verbundene Tätigkeiten",3810,12791,4044,8747,8740,2002,6738
2014,Vaud,02 Forstwirtschaft und Holzeinschlag,142,616,42,574,539,27,512
2014,Vaud,03 Fischerei und Aquakultur,47,104,24,80,87,18,68
2014,Vaud,05 Kohlenbergbau,0,0,0,0,0,0,0
2014,Vaud,06 Gewinnung von Erdöl und Erdgas,0,0,0,0,0,0,0
2014,Vaud,07 Erzbergbau,0,0,0,0,0,0,0
2014,Vaud,"08 Gewinnung von Steinen und Erden, sonstiger Bergbau",19,234,28,206,214,17,198
2014,Vaud,09 Erbringung von Dienstleistungen für den Bergbau und für die Gewinnung von Steinen und Erden,0,0,0,0,0,0,0
2014,Vaud,10 Herstellung von Nahrungs- und Futtermitteln,366,6225,2422,3803,5422,1824,3598
2014,Vaud,11 Getränkeherstellung,55,605,162,443,537,124,413
2014,Vaud,12 Tabakverarbeitung,X,28,16,12,24,13,11
2014,Vaud,13 Herstellung von Textilien,62,127,78,49,97,52,45
2014,Vaud,14 Herstellung von Bekleidung,111,145,129,16,89,75,14
2014,Vaud,"15 Herstellung von Leder, Lederwaren und Schuhen",23,43,18,25,32,12,20
2014,Vaud,"16 Herstellung von Holz-, Flecht-, Korb- und Korkwaren (ohne Möbel)",620,2723,304,2419,2505,205,2299
2014,Vaud,"17 Herstellung von Papier, Pappe und Waren daraus",10,220,89,131,196,69,128
2014,Vaud,"18 Herstellung von Druckerzeugnissen, Vervielfältigung von bespielten Ton-, Bild- und Datenträgern",190,1497,467,1030,1325,362,963
2014,Vaud,19 Kokerei und Mineralölverarbeitung,0,0,0,0,0,0,0
2014,Vaud,20 Herstellung von chemischen Erzeugnissen,61,1444,562,882,1360,496,864
2014,Vaud,21 Herstellung von pharmazeutischen Erzeugnissen,21,3084,1251,1833,2968,1156,1812
2014,Vaud,22 Herstellung von Gummi- und Kunststoffwaren,50,856,168,688,805,132,672
2014,Vaud,"23 Herstellung von Glas und Glaswaren, Keramik, Verarbeitung von Steinen und Erden",115,1331,171,1160,1272,136,1136
2014,Vaud,24 Metallerzeugung und -bearbeitung,16,248,51,197,236,43,193
2014,Vaud,25 Herstellung von Metallerzeugnissen,585,4693,891,3802,4365,713,3652
2014,Vaud,"26 Herstellung von Datenverarbeitungsgeräten, elektronischen und optischen Erzeugnissen",201,9069,3823,5246,8619,3484,5136
2014,Vaud,27 Herstellung von elektrischen Ausrüstungen,65,1164,470,694,1090,412,678
2014,Vaud,28 Maschinenbau,81,2980,379,2601,2875,321,2554
2014,Vaud,29 Herstellung von Automobilen und Automobilteilen,11,278,63,215,259,49,210
2014,Vaud,30 Sonstiger Fahrzeugbau,27,815,116,699,778,98,680
2014,Vaud,31 Herstellung von Möbeln,83,394,89,305,363,72,291
2014,Vaud,32 Herstellung von sonstigen Waren,302,2218,865,1353,1997,724,1273
2014,Vaud,33 Reparatur und Installation von Maschinen und Ausrüstungen,203,950,133,817,870,93,777
2014,Vaud,35 Energieversorgung,71,2316,548,1768,2134,420,1715
2014,Vaud,36 Wasserversorgung,35,277,42,235,242,27,214
2014,Vaud,37 Abwasserentsorgung,57,400,65,335,347,39,308
2014,Vaud,"38 Sammlung, Behandlung und Beseitigung von Abfällen, Rückgewinnung",82,986,139,847,890,104,787
2014,Vaud,39 Beseitigung von Umweltverschmutzungen und sonstige Entsorgung,X,10,X,X,10,X,X
2014,Vaud,41 Hochbau,690,6127,676,5451,5773,499,5274
2014,Vaud,42 Tiefbau,44,1410,97,1313,1360,71,1289
2014,Vaud,"43 Vorbereitende Baustellenarbeiten, Bauinstallation und sonstiges Ausbaugewerbe",3560,20622,2254,18368,19131,1485,17646
2014,Vaud,"45 Handel mit Motorfahrzeugen, Instandhaltung und Reparatur von Motorfahrzeugen",1443,7564,1309,6255,6824,944,5880
2014,Vaud,46 Grosshandel (ohne Handel mit Motorfahrzeugen),2079,17546,5774,11772,15766,4596,11170
2014,Vaud,47 Detailhandel (ohne Handel mit Motorfahrzeugen),5002,29820,19296,10524,22868,13626,9242
2014,Vaud,49 Landverkehr und Transport in Rohrfernleitungen,893,10168,1441,8727,9061,1094,7967
2014,Vaud,50 Schifffahrt,8,325,97,228,302,82,220
2014,Vaud,51 Luftfahrt,8,55,X,X,38,X,X
2014,Vaud,52 Lagerei sowie Erbringung von sonstigen Dienstleistungen für den Verkehr,142,2078,421,1657,1887,332,1554
2014,Vaud,"53 Post-, Kurier- und Expressdienste",341,3545,1527,2018,2954,1105,1849
2014,Vaud,55 Beherbergung,437,5719,2819,2900,4826,2233,2592
2014,Vaud,56 Gastronomie,2359,14902,7051,7851,11090,4756,6334
2014,Vaud,58 Verlagswesen,149,1856,896,960,1452,633,819
2014,Vaud,"59 Herstellung, Verleih und Vertrieb von Filmen und Fernsehprogrammen, Kinos, Tonstudios und Verlegen von Musik",307,858,307,551,522,138,384
2014,Vaud,60 Rundfunkveranstalter,10,874,382,492,703,293,410
2014,Vaud,61 Telekommunikation,106,2272,688,1584,2101,594,1507
2014,Vaud,62 Erbringung von Dienstleistungen der Informationstechnologie,1294,8196,1581,6615,7404,1257,6147
2014,Vaud,63 Informationsdienstleistungen,78,269,74,195,215,46,169
2014,Vaud,64 Erbringung von Finanzdienstleistungen,469,6683,2680,4003,5969,2177,3791
2014,Vaud,"65 Versicherungen, Rückversicherungen und Pensionskassen (ohne Sozialversicherung)",101,5947,3143,2804,4923,2468,2456
2014,Vaud,66 Mit Finanz- und Versicherungsdienstleistungen verbundene Tätigkeiten,1026,5353,1922,3431,4564,1475,3089
2014,Vaud,68 Grundstücks- und Wohnungswesen,1310,5909,3236,2673,3773,1895,1879
2014,Vaud,"69 Rechts- und Steuerberatung, Wirtschaftsprüfung",1820,6490,3940,2550,5139,2902,2237
2014,Vaud,"70 Verwaltung und Führung von Unternehmen und Betrieben, Unternehmensberatung",1783,13149,5827,7322,11319,4702,6617
2014,Vaud,"71 Architektur- und Ingenieurbüros, technische, physikalische und chemische Untersuchung",1944,9468,2956,6512,8072,2175,5897
2014,Vaud,72 Forschung und Entwicklung,229,3131,1333,1798,2772,1106,1666
2014,Vaud,73 Werbung und Marktforschung,294,1745,833,912,1214,511,703
2014,Vaud,"74 Sonstige freiberufliche, wissenschaftliche und technische Tätigkeiten",1871,3334,1418,1916,2432,910,1521
2014,Vaud,75 Veterinärwesen,117,398,304,94,293,211,82
2014,Vaud,77 Vermietung von beweglichen Sachen,136,748,220,528,617,178,439
2014,Vaud,78 Vermittlung und Überlassung von Arbeitskräften,247,11577,3880,7697,9048,2462,6586
2014,Vaud,"79 Reisebüros, Reiseveranstalter und Erbringung sonstiger Reservierungsdienstleistungen",238,1242,833,409,974,627,347
2014,Vaud,80 Wach- und Sicherheitsdienste sowie Detekteien,68,2344,483,1861,1926,347,1579
2014,Vaud,"81 Gebäudebetreuung, Garten- und Landschaftsbau",1224,12795,5944,6851,8122,2470,5653
2014,Vaud,82 Erbringung von wirtschaftlichen Dienstleistungen für Unternehmen und Privatpersonen a. n. g.,316,1472,906,566,1078,625,454
2014,Vaud,"84 Öffentliche Verwaltung, Verteidigung, Sozialversicherung",897,16810,7979,8831,13890,5832,8057
2014,Vaud,85 Erziehung und Unterricht,2537,38166,22223,15943,26877,14530,12347
2014,Vaud,86 Gesundheitswesen,5687,39688,29603,10085,29481,20876,8604
2014,Vaud,87 Heime (ohne Erholungs- und Ferienheime),312,14649,11015,3634,10537,7683,2853
2014,Vaud,88 Sozialwesen (ohne Heime),899,12572,9826,2746,8199,6125,2074
2014,Vaud,"90 Kreative, künstlerische und unterhaltende Tätigkeiten",1020,2459,1082,1377,1478,542,937
2014,Vaud,"91 Bibliotheken, Archive, Museen, botanische und zoologische Gärten",112,1244,844,400,844,531,313
2014,Vaud,"92 Spiel-, Wett- und Lotteriewesen",13,528,211,317,462,169,292
2014,Vaud,"93 Erbringung von Dienstleistungen des Sports, der Unterhaltung und der Erholung",698,4422,2000,2422,3078,1205,1873
2014,Vaud,94 Interessenvertretungen sowie kirchliche und sonstige religiöse Vereinigungen (ohne Sozialwesen und Sport),932,7202,3892,3310,4896,2623,2273
2014,Vaud,95 Reparatur von Datenverarbeitungsgeräten und Gebrauchsgütern,238,554,126,428,445,90,355
2014,Vaud,96 Erbringung von sonstigen überwiegend persönlichen Dienstleistungen,3206,5863,4761,1102,4232,3366,866
2014,Valais / Wallis,Wirtschaftsabteilung - Total,28046,171733,76072,95661,132884,49727,83157
2014,Valais / Wallis,"01 Landwirtschaft, Jagd und damit verbundene Tätigkeiten",3396,9179,3446,5733,4942,1592,3350
2014,Valais / Wallis,02 Forstwirtschaft und Holzeinschlag,57,446,32,414,391,12,378
2014,Valais / Wallis,03 Fischerei und Aquakultur,10,29,11,18,23,9,14
2014,Valais / Wallis,05 Kohlenbergbau,0,0,0,0,0,0,0
2014,Valais / Wallis,06 Gewinnung von Erdöl und Erdgas,0,0,0,0,0,0,0
2014,Valais / Wallis,07 Erzbergbau,0,0,0,0,0,0,0
2014,Valais / Wallis,"08 Gewinnung von Steinen und Erden, sonstiger Bergbau",18,195,23,172,179,15,164
2014,Valais / Wallis,09 Erbringung von Dienstleistungen für den Bergbau und für die Gewinnung von Steinen und Erden,0,0,0,0,0,0,0
2014,Valais / Wallis,10 Herstellung von Nahrungs- und Futtermitteln,187,1660,751,909,1368,529,839
2014,Valais / Wallis,11 Getränkeherstellung,68,840,317,523,660,190,471
2014,Valais / Wallis,12 Tabakverarbeitung,0,0,0,0,0,0,0
2014,Valais / Wallis,13 Herstellung von Textilien,26,36,30,6,22,16,6
2014,Valais / Wallis,14 Herstellung von Bekleidung,55,64,58,6,37,32,5
2014,Valais / Wallis,"15 Herstellung von Leder, Lederwaren und Schuhen",4,17,X,X,13,X,X
2014,Valais / Wallis,"16 Herstellung von Holz-, Flecht-, Korb- und Korkwaren (ohne Möbel)",457,2375,226,2149,2199,147,2052
2014,Valais / Wallis,"17 Herstellung von Papier, Pappe und Waren daraus",4,X,X,X,X,X,X
2014,Valais / Wallis,"18 Herstellung von Druckerzeugnissen, Vervielfältigung von bespielten Ton-, Bild- und Datenträgern",93,683,279,404,572,199,373
2014,Valais / Wallis,19 Kokerei und Mineralölverarbeitung,X,246,16,230,239,14,225
2014,Valais / Wallis,20 Herstellung von chemischen Erzeugnissen,26,4603,639,3964,4475,564,3911
2014,Valais / Wallis,21 Herstellung von pharmazeutischen Erzeugnissen,9,814,224,590,768,187,581
2014,Valais / Wallis,22 Herstellung von Gummi- und Kunststoffwaren,16,201,74,127,184,59,125
2014,Valais / Wallis,"23 Herstellung von Glas und Glaswaren, Keramik, Verarbeitung von Steinen und Erden",49,400,57,343,370,40,330
2014,Valais / Wallis,24 Metallerzeugung und -bearbeitung,12,1363,84,1279,1327,74,1253
2014,Valais / Wallis,25 Herstellung von Metallerzeugnissen,253,2228,396,1832,2053,296,1757
2014,Valais / Wallis,"26 Herstellung von Datenverarbeitungsgeräten, elektronischen und optischen Erzeugnissen",36,824,489,335,738,414,324
2014,Valais / Wallis,27 Herstellung von elektrischen Ausrüstungen,23,257,60,197,234,42,191
2014,Valais / Wallis,28 Maschinenbau,34,1001,247,754,945,214,731
2014,Valais / Wallis,29 Herstellung von Automobilen und Automobilteilen,4,8,X,X,7,X,X
2014,Valais / Wallis,30 Sonstiger Fahrzeugbau,4,15,X,X,14,X,X
2014,Valais / Wallis,31 Herstellung von Möbeln,57,215,35,180,194,24,170
2014,Valais / Wallis,32 Herstellung von sonstigen Waren,106,483,201,282,421,154,267
2014,Valais / Wallis,33 Reparatur und Installation von Maschinen und Ausrüstungen,90,405,56,349,365,33,331
2014,Valais / Wallis,35 Energieversorgung,92,2210,308,1902,1946,213,1732
2014,Valais / Wallis,36 Wasserversorgung,12,31,X,X,23,X,X
2014,Valais / Wallis,37 Abwasserentsorgung,29,129,10,119,111,6,105
2014,Valais / Wallis,"38 Sammlung, Behandlung und Beseitigung von Abfällen, Rückgewinnung",64,391,46,345,352,26,325
2014,Valais / Wallis,39 Beseitigung von Umweltverschmutzungen und sonstige Entsorgung,X,X,X,X,X,X,X
2014,Valais / Wallis,41 Hochbau,459,4885,381,4504,4601,237,4364
2014,Valais / Wallis,42 Tiefbau,42,713,54,659,683,36,647
2014,Valais / Wallis,"43 Vorbereitende Baustellenarbeiten, Bauinstallation und sonstiges Ausbaugewerbe",1933,10725,1211,9514,9875,740,9136
2014,Valais / Wallis,"45 Handel mit Motorfahrzeugen, Instandhaltung und Reparatur von Motorfahrzeugen",744,3478,626,2852,3088,410,2678
2014,Valais / Wallis,46 Grosshandel (ohne Handel mit Motorfahrzeugen),727,4330,1320,3010,3741,929,2812
2014,Valais / Wallis,47 Detailhandel (ohne Handel mit Motorfahrzeugen),2617,14513,10317,4196,10673,6973,3700
2014,Valais / Wallis,49 Landverkehr und Transport in Rohrfernleitungen,521,6453,1037,5416,5568,729,4839
2014,Valais / Wallis,50 Schifffahrt,0,0,0,0,0,0,0
2014,Valais / Wallis,51 Luftfahrt,11,290,53,237,231,36,195
2014,Valais / Wallis,52 Lagerei sowie Erbringung von sonstigen Dienstleistungen für den Verkehr,62,616,103,513,561,72,489
2014,Valais / Wallis,"53 Post-, Kurier- und Expressdienste",201,1362,742,620,1030,476,554
2014,Valais / Wallis,55 Beherbergung,997,8383,4735,3648,6906,3616,3291
2014,Valais / Wallis,56 Gastronomie,1764,9061,5223,3838,6939,3588,3351
2014,Valais / Wallis,58 Verlagswesen,32,286,175,111,190,104,86
2014,Valais / Wallis,"59 Herstellung, Verleih und Vertrieb von Filmen und Fernsehprogrammen, Kinos, Tonstudios und Verlegen von Musik",74,158,51,107,91,22,69
2014,Valais / Wallis,60 Rundfunkveranstalter,8,248,90,158,185,62,123
2014,Valais / Wallis,61 Telekommunikation,54,695,272,423,624,225,398
2014,Valais / Wallis,62 Erbringung von Dienstleistungen der Informationstechnologie,338,897,179,718,724,108,616
2014,Valais / Wallis,63 Informationsdienstleistungen,25,84,32,52,68,22,46
2014,Valais / Wallis,64 Erbringung von Finanzdienstleistungen,316,2094,964,1130,1686,671,1015
2014,Valais / Wallis,"65 Versicherungen, Rückversicherungen und Pensionskassen (ohne Sozialversicherung)",60,1453,624,829,1220,492,728
2014,Valais / Wallis,66 Mit Finanz- und Versicherungsdienstleistungen verbundene Tätigkeiten,296,1834,776,1058,1532,567,965
2014,Valais / Wallis,68 Grundstücks- und Wohnungswesen,895,2229,1231,998,1372,635,737
2014,Valais / Wallis,"69 Rechts- und Steuerberatung, Wirtschaftsprüfung",702,2786,1929,857,1754,1039,715
2014,Valais / Wallis,"70 Verwaltung und Führung von Unternehmen und Betrieben, Unternehmensberatung",335,1096,527,569,856,372,484
2014,Valais / Wallis,"71 Architektur- und Ingenieurbüros, technische, physikalische und chemische Untersuchung",934,4096,1307,2789,3376,868,2508
2014,Valais / Wallis,72 Forschung und Entwicklung,55,376,146,230,314,106,208
2014,Valais / Wallis,73 Werbung und Marktforschung,95,513,296,217,321,162,159
2014,Valais / Wallis,"74 Sonstige freiberufliche, wissenschaftliche und technische Tätigkeiten",521,768,305,463,521,176,345
2014,Valais / Wallis,75 Veterinärwesen,38,148,117,31,104,77,27
2014,Valais / Wallis,77 Vermietung von beweglichen Sachen,60,206,35,171,155,17,138
2014,Valais / Wallis,78 Vermittlung und Überlassung von Arbeitskräften,81,4044,649,3395,3454,395,3059
2014,Valais / Wallis,"79 Reisebüros, Reiseveranstalter und Erbringung sonstiger Reservierungsdienstleistungen",151,986,545,441,716,371,345
2014,Valais / Wallis,80 Wach- und Sicherheitsdienste sowie Detekteien,39,483,95,388,342,57,285
2014,Valais / Wallis,"81 Gebäudebetreuung, Garten- und Landschaftsbau",511,2967,1259,1708,2094,581,1513
2014,Valais / Wallis,82 Erbringung von wirtschaftlichen Dienstleistungen für Unternehmen und Privatpersonen a. n. g.,153,413,194,219,278,113,165
2014,Valais / Wallis,"84 Öffentliche Verwaltung, Verteidigung, Sozialversicherung",417,5972,2501,3471,4837,1717,3120
2014,Valais / Wallis,85 Erziehung und Unterricht,1216,10475,5702,4773,6681,3552,3129
2014,Valais / Wallis,86 Gesundheitswesen,1754,12304,9314,2990,8716,6288,2428
2014,Valais / Wallis,87 Heime (ohne Erholungs- und Ferienheime),143,6316,5297,1019,4316,3498,818
2014,Valais / Wallis,88 Sozialwesen (ohne Heime),244,3452,2682,770,2089,1536,553
2014,Valais / Wallis,"90 Kreative, künstlerische und unterhaltende Tätigkeiten",550,772,293,479,363,98,265
2014,Valais / Wallis,"91 Bibliotheken, Archive, Museen, botanische und zoologische Gärten",53,324,220,104,208,125,83
2014,Valais / Wallis,"92 Spiel-, Wett- und Lotteriewesen",10,73,35,38,63,25,38
2014,Valais / Wallis,"93 Erbringung von Dienstleistungen des Sports, der Unterhaltung und der Erholung",488,1415,504,911,903,250,653
2014,Valais / Wallis,94 Interessenvertretungen sowie kirchliche und sonstige religiöse Vereinigungen (ohne Sozialwesen und Sport),440,2682,1419,1263,1625,834,790
2014,Valais / Wallis,95 Reparatur von Datenverarbeitungsgeräten und Gebrauchsgütern,64,101,24,77,73,14,59
2014,Valais / Wallis,96 Erbringung von sonstigen überwiegend persönlichen Dienstleistungen,1523,2820,2339,481,1960,1583,377
2014,Genève,Wirtschaftsabteilung - Total,38613,339006,150249,188757,281601,113330,168271
2014,Genève,"01 Landwirtschaft, Jagd und damit verbundene Tätigkeiten",397,1699,398,1301,1295,243,1052
2014,Genève,02 Forstwirtschaft und Holzeinschlag,9,31,X,X,25,X,X
2014,Genève,03 Fischerei und Aquakultur,11,14,X,X,11,X,X
2014,Genève,05 Kohlenbergbau,0,0,0,0,0,0,0
2014,Genève,06 Gewinnung von Erdöl und Erdgas,0,0,0,0,0,0,0
2014,Genève,07 Erzbergbau,0,0,0,0,0,0,0
2014,Genève,"08 Gewinnung von Steinen und Erden, sonstiger Bergbau",9,47,7,40,44,4,39
2014,Genève,09 Erbringung von Dienstleistungen für den Bergbau und für die Gewinnung von Steinen und Erden,X,50,21,29,48,19,28
2014,Genève,10 Herstellung von Nahrungs- und Futtermitteln,114,1777,533,1244,1613,431,1182
2014,Genève,11 Getränkeherstellung,9,26,X,X,20,X,X
2014,Genève,12 Tabakverarbeitung,X,X,X,X,X,X,X
2014,Genève,13 Herstellung von Textilien,29,97,36,61,83,26,56
2014,Genève,14 Herstellung von Bekleidung,75,465,270,195,416,225,190
2014,Genève,"15 Herstellung von Leder, Lederwaren und Schuhen",17,320,232,88,300,217,83
2014,Genève,"16 Herstellung von Holz-, Flecht-, Korb- und Korkwaren (ohne Möbel)",284,940,88,852,870,60,810
2014,Genève,"17 Herstellung von Papier, Pappe und Waren daraus",5,25,16,9,20,11,8
2014,Genève,"18 Herstellung von Druckerzeugnissen, Vervielfältigung von bespielten Ton-, Bild- und Datenträgern",136,860,307,553,740,231,509
2014,Genève,19 Kokerei und Mineralölverarbeitung,0,0,0,0,0,0,0
2014,Genève,20 Herstellung von chemischen Erzeugnissen,33,2722,909,1813,2634,839,1796
2014,Genève,21 Herstellung von pharmazeutischen Erzeugnissen,17,425,243,182,389,217,171
2014,Genève,22 Herstellung von Gummi- und Kunststoffwaren,17,124,22,102,117,19,99
2014,Genève,"23 Herstellung von Glas und Glaswaren, Keramik, Verarbeitung von Steinen und Erden",56,467,51,416,442,35,407
2014,Genève,24 Metallerzeugung und -bearbeitung,8,114,19,95,109,16,93
2014,Genève,25 Herstellung von Metallerzeugnissen,257,1427,221,1206,1339,174,1166
2014,Genève,"26 Herstellung von Datenverarbeitungsgeräten, elektronischen und optischen Erzeugnissen",187,11679,4646,7033,11188,4305,6884
2014,Genève,27 Herstellung von elektrischen Ausrüstungen,31,1029,209,820,986,182,803
2014,Genève,28 Maschinenbau,33,510,64,446,495,58,437
2014,Genève,29 Herstellung von Automobilen und Automobilteilen,7,96,12,84,93,11,83
2014,Genève,30 Sonstiger Fahrzeugbau,11,398,37,361,388,33,355
2014,Genève,31 Herstellung von Möbeln,45,219,27,192,204,21,183
2014,Genève,32 Herstellung von sonstigen Waren,308,2006,825,1181,1845,714,1131
2014,Genève,33 Reparatur und Installation von Maschinen und Ausrüstungen,61,589,72,517,562,61,501
2014,Genève,35 Energieversorgung,7,1554,326,1228,1477,276,1202
2014,Genève,36 Wasserversorgung,X,X,X,X,X,X,X
2014,Genève,37 Abwasserentsorgung,15,351,42,309,339,32,307
2014,Genève,"38 Sammlung, Behandlung und Beseitigung von Abfällen, Rückgewinnung",35,551,62,489,526,47,479
2014,Genève,39 Beseitigung von Umweltverschmutzungen und sonstige Entsorgung,X,28,X,X,27,X,X
2014,Genève,41 Hochbau,471,4679,431,4248,4462,332,4129
2014,Genève,42 Tiefbau,28,715,75,640,700,63,637
2014,Genève,"43 Vorbereitende Baustellenarbeiten, Bauinstallation und sonstiges Ausbaugewerbe",1996,12798,1202,11596,12076,898,11178
2014,Genève,"45 Handel mit Motorfahrzeugen, Instandhaltung und Reparatur von Motorfahrzeugen",726,3785,448,3337,3520,360,3159
2014,Genève,46 Grosshandel (ohne Handel mit Motorfahrzeugen),1552,19100,7543,11557,17818,6674,11144
2014,Genève,47 Detailhandel (ohne Handel mit Motorfahrzeugen),3325,20308,12211,8097,16450,9251,7198
2014,Genève,49 Landverkehr und Transport in Rohrfernleitungen,1383,6833,926,5907,6007,698,5309
2014,Genève,50 Schifffahrt,11,607,234,373,576,217,359
2014,Genève,51 Luftfahrt,52,1568,693,875,1453,609,844
2014,Genève,52 Lagerei sowie Erbringung von sonstigen Dienstleistungen für den Verkehr,204,5962,1852,4110,5221,1447,3774
2014,Genève,"53 Post-, Kurier- und Expressdienste",163,2376,785,1591,1898,559,1338
2014,Genève,55 Beherbergung,150,4763,2173,2590,4354,1909,2445
2014,Genève,56 Gastronomie,2003,13161,5084,8077,10646,3722,6924
2014,Genève,58 Verlagswesen,106,728,352,376,549,252,298
2014,Genève,"59 Herstellung, Verleih und Vertrieb von Filmen und Fernsehprogrammen, Kinos, Tonstudios und Verlegen von Musik",271,1014,376,638,698,218,480
2014,Genève,60 Rundfunkveranstalter,13,1635,671,964,1367,539,827
2014,Genève,61 Telekommunikation,96,1294,297,997,1207,250,957
2014,Genève,62 Erbringung von Dienstleistungen der Informationstechnologie,953,6563,1292,5271,6044,1095,4949
2014,Genève,63 Informationsdienstleistungen,66,644,272,372,580,233,346
2014,Genève,64 Erbringung von Finanzdienstleistungen,629,19872,7413,12459,18787,6679,12108
2014,Genève,"65 Versicherungen, Rückversicherungen und Pensionskassen (ohne Sozialversicherung)",50,1066,579,487,922,474,447
2014,Genève,66 Mit Finanz- und Versicherungsdienstleistungen verbundene Tätigkeiten,1541,8850,3224,5626,7844,2642,5202
2014,Genève,68 Grundstücks- und Wohnungswesen,938,7461,3978,3483,5007,2453,2554
2014,Genève,"69 Rechts- und Steuerberatung, Wirtschaftsprüfung",2162,9221,5115,4106,7779,4092,3687
2014,Genève,"70 Verwaltung und Führung von Unternehmen und Betrieben, Unternehmensberatung",1388,8513,3373,5140,7405,2750,4656
2014,Genève,"71 Architektur- und Ingenieurbüros, technische, physikalische und chemische Untersuchung",1295,6564,2001,4563,5710,1566,4144
2014,Genève,72 Forschung und Entwicklung,126,1082,457,625,970,387,583
2014,Genève,73 Werbung und Marktforschung,258,1232,546,686,1003,411,592
2014,Genève,"74 Sonstige freiberufliche, wissenschaftliche und technische Tätigkeiten",1392,2557,1093,1464,1923,738,1184
2014,Genève,75 Veterinärwesen,38,155,122,33,113,86,27
2014,Genève,77 Vermietung von beweglichen Sachen,147,1478,356,1122,1278,286,991
2014,Genève,78 Vermittlung und Überlassung von Arbeitskräften,251,12000,4097,7903,9734,2928,6806
2014,Genève,"79 Reisebüros, Reiseveranstalter und Erbringung sonstiger Reservierungsdienstleistungen",230,1420,850,570,1194,694,500
2014,Genève,80 Wach- und Sicherheitsdienste sowie Detekteien,122,3169,470,2699,2536,335,2201
2014,Genève,"81 Gebäudebetreuung, Garten- und Landschaftsbau",695,12342,5889,6453,7535,2589,4946
2014,Genève,82 Erbringung von wirtschaftlichen Dienstleistungen für Unternehmen und Privatpersonen a. n. g.,244,1495,789,706,1217,612,605
2014,Genève,"84 Öffentliche Verwaltung, Verteidigung, Sozialversicherung",432,13623,6464,7159,12080,5177,6903
2014,Genève,85 Erziehung und Unterricht,1509,24054,14283,9771,16847,9716,7130
2014,Genève,86 Gesundheitswesen,4414,26660,18973,7687,20833,14399,6433
2014,Genève,87 Heime (ohne Erholungs- und Ferienheime),221,8901,6337,2564,6765,4750,2015
2014,Genève,88 Sozialwesen (ohne Heime),763,9243,6858,2385,6143,4486,1658
2014,Genève,"90 Kreative, künstlerische und unterhaltende Tätigkeiten",606,2630,1033,1597,1640,562,1078
2014,Genève,"91 Bibliotheken, Archive, Museen, botanische und zoologische Gärten",86,1213,641,572,941,462,479
2014,Genève,"92 Spiel-, Wett- und Lotteriewesen",5,119,45,74,109,36,73
2014,Genève,"93 Erbringung von Dienstleistungen des Sports, der Unterhaltung und der Erholung",446,2684,1015,1669,1827,569,1258
2014,Genève,94 Interessenvertretungen sowie kirchliche und sonstige religiöse Vereinigungen (ohne Sozialwesen und Sport),913,8042,4616,3426,6051,3420,2631
2014,Genève,95 Reparatur von Datenverarbeitungsgeräten und Gebrauchsgütern,162,331,82,249,262,58,203
2014,Genève,96 Erbringung von sonstigen überwiegend persönlichen Dienstleistungen,1751,3845,2921,924,2869,2125,743
2015,Schweiz,Wirtschaftsabteilung - Total,676068,5079845,2298108,2781737,3949818,1529029,2420789
2015,Schweiz,"01 Landwirtschaft, Jagd und damit verbundene Tätigkeiten",54188,157301,57061,100240,101005,28228,72777
2015,Schweiz,02 Forstwirtschaft und Holzeinschlag,1405,6339,528,5811,5271,303,4968
2015,Schweiz,03 Fischerei und Aquakultur,189,438,129,309,344,92,252
2015,Schweiz,05 Kohlenbergbau,0,0,0,0,0,0,0
2015,Schweiz,06 Gewinnung von Erdöl und Erdgas,0,0,0,0,0,0,0
2015,Schweiz,07 Erzbergbau,X,X,X,X,X,X,X
2015,Schweiz,"08 Gewinnung von Steinen und Erden, sonstiger Bergbau",353,4920,656,4264,4486,407,4080
2015,Schweiz,09 Erbringung von Dienstleistungen für den Bergbau und für die Gewinnung von Steinen und Erden,15,X,X,X,X,X,X
2015,Schweiz,10 Herstellung von Nahrungs- und Futtermitteln,4416,81945,36498,45447,69271,26601,42670
2015,Schweiz,11 Getränkeherstellung,503,6096,1872,4224,5147,1237,3910
2015,Schweiz,12 Tabakverarbeitung,13,2037,599,1438,1917,531,1386
2015,Schweiz,13 Herstellung von Textilien,881,7819,4033,3786,6615,2997,3617
2015,Schweiz,14 Herstellung von Bekleidung,1756,6209,4848,1361,4682,3431,1251
2015,Schweiz,"15 Herstellung von Leder, Lederwaren und Schuhen",312,1869,1064,805,1595,853,742
2015,Schweiz,"16 Herstellung von Holz-, Flecht-, Korb- und Korkwaren (ohne Möbel)",7544,40166,5765,34401,35951,3580,32371
2015,Schweiz,"17 Herstellung von Papier, Pappe und Waren daraus",199,8156,2451,5705,7449,1928,5521
2015,Schweiz,"18 Herstellung von Druckerzeugnissen, Vervielfältigung von bespielten Ton-, Bild- und Datenträgern",2393,20895,8033,12862,17852,5830,12021
2015,Schweiz,19 Kokerei und Mineralölverarbeitung,X,787,154,633,745,129,616
2015,Schweiz,20 Herstellung von chemischen Erzeugnissen,749,28472,8114,20358,26689,6796,19892
2015,Schweiz,21 Herstellung von pharmazeutischen Erzeugnissen,288,44628,18700,25928,42118,16626,25492
2015,Schweiz,22 Herstellung von Gummi- und Kunststoffwaren,808,23691,6956,16735,22008,5751,16257
2015,Schweiz,"23 Herstellung von Glas und Glaswaren, Keramik, Verarbeitung von Steinen und Erden",1562,18196,3373,14823,16807,2523,14284
2015,Schweiz,24 Metallerzeugung und -bearbeitung,294,12390,1772,10618,11868,1468,10400
2015,Schweiz,25 Herstellung von Metallerzeugnissen,7773,85918,17405,68513,78592,13041,65551
2015,Schweiz,"26 Herstellung von Datenverarbeitungsgeräten, elektronischen und optischen Erzeugnissen",2242,108352,42460,65892,101837,37634,64204
2015,Schweiz,27 Herstellung von elektrischen Ausrüstungen,895,33458,8802,24656,31297,7334,23962
2015,Schweiz,28 Maschinenbau,2308,75882,12959,62923,71467,10373,61094
2015,Schweiz,29 Herstellung von Automobilen und Automobilteilen,245,4736,808,3928,4450,654,3796
2015,Schweiz,30 Sonstiger Fahrzeugbau,241,10866,1430,9436,10401,1198,9203
2015,Schweiz,31 Herstellung von Möbeln,952,10013,2155,7858,9111,1603,7508
2015,Schweiz,32 Herstellung von sonstigen Waren,3870,26758,11439,15319,23583,9044,14539
2015,Schweiz,33 Reparatur und Installation von Maschinen und Ausrüstungen,2713,19822,3090,16732,17968,2114,15854
2015,Schweiz,35 Energieversorgung,1098,29297,5694,23603,25549,3983,21566
2015,Schweiz,36 Wasserversorgung,440,2396,422,1974,1622,217,1405
2015,Schweiz,37 Abwasserentsorgung,612,4521,560,3961,4039,348,3691
2015,Schweiz,"38 Sammlung, Behandlung und Beseitigung von Abfällen, Rückgewinnung",931,11716,1801,9915,10463,1227,9237
2015,Schweiz,39 Beseitigung von Umweltverschmutzungen und sonstige Entsorgung,32,181,24,157,167,15,151
2015,Schweiz,41 Hochbau,8459,90355,9114,81241,83693,5810,77883
2015,Schweiz,42 Tiefbau,1155,24231,2045,22186,22877,1352,21525
2015,Schweiz,"43 Vorbereitende Baustellenarbeiten, Bauinstallation und sonstiges Ausbaugewerbe",40336,240405,30777,209628,218156,18445,199711
2015,Schweiz,"45 Handel mit Motorfahrzeugen, Instandhaltung und Reparatur von Motorfahrzeugen",17123,87219,15882,71337,76908,10729,66178
2015,Schweiz,46 Grosshandel (ohne Handel mit Motorfahrzeugen),26398,225240,82521,142719,197035,63658,133376
2015,Schweiz,47 Detailhandel (ohne Handel mit Motorfahrzeugen),52116,313705,215868,97837,234475,148985,85489
2015,Schweiz,49 Landverkehr und Transport in Rohrfernleitungen,12484,120704,18926,101778,103685,13369,90316
2015,Schweiz,50 Schifffahrt,188,4309,1198,3111,3619,920,2699
2015,Schweiz,51 Luftfahrt,243,11743,5251,6492,9925,3987,5938
2015,Schweiz,52 Lagerei sowie Erbringung von sonstigen Dienstleistungen für den Verkehr,2443,57189,16956,40233,49677,12830,36848
2015,Schweiz,"53 Post-, Kurier- und Expressdienste",3568,47510,21597,25913,33627,12936,20691
2015,Schweiz,55 Beherbergung,6165,77129,43183,33946,62529,32278,30252
2015,Schweiz,56 Gastronomie,26371,174446,93791,80655,123433,58774,64659
2015,Schweiz,58 Verlagswesen,1558,19284,9362,9922,14237,6336,7901
2015,Schweiz,"59 Herstellung, Verleih und Vertrieb von Filmen und Fernsehprogrammen, Kinos, Tonstudios und Verlegen von Musik",3151,9743,3691,6052,5931,1789,4142
2015,Schweiz,60 Rundfunkveranstalter,180,10399,4170,6229,8189,3082,5107
2015,Schweiz,61 Telekommunikation,1191,28348,7609,20739,26060,6510,19550
2015,Schweiz,62 Erbringung von Dienstleistungen der Informationstechnologie,16641,90631,19097,71534,78344,13647,64696
2015,Schweiz,63 Informationsdienstleistungen,1091,10175,3351,6824,8531,2484,6047
2015,Schweiz,64 Erbringung von Finanzdienstleistungen,8839,133024,52292,80732,117034,42304,74729
2015,Schweiz,"65 Versicherungen, Rückversicherungen und Pensionskassen (ohne Sozialversicherung)",1307,53502,25399,28103,45565,20277,25288
2015,Schweiz,66 Mit Finanz- und Versicherungsdienstleistungen verbundene Tätigkeiten,11007,68654,26071,42583,58149,19728,38420
2015,Schweiz,68 Grundstücks- und Wohnungswesen,17518,69662,35794,33868,41153,18602,22551
2015,Schweiz,"69 Rechts- und Steuerberatung, Wirtschaftsprüfung",23112,83465,46370,37095,63410,31983,31427
2015,Schweiz,"70 Verwaltung und Führung von Unternehmen und Betrieben, Unternehmensberatung",21675,106853,44768,62085,88463,33727,54736
2015,Schweiz,"71 Architektur- und Ingenieurbüros, technische, physikalische und chemische Untersuchung",26001,128767,39624,89143,106577,27326,79251
2015,Schweiz,72 Forschung und Entwicklung,1700,24698,9610,15088,21695,7788,13907
2015,Schweiz,73 Werbung und Marktforschung,4282,27007,14176,12831,18114,8277,9837
2015,Schweiz,"74 Sonstige freiberufliche, wissenschaftliche und technische Tätigkeiten",19293,33534,15250,18284,22761,8970,13791
2015,Schweiz,75 Veterinärwesen,1358,6329,4787,1542,4549,3238,1311
2015,Schweiz,77 Vermietung von beweglichen Sachen,1681,9816,2839,6977,7736,1993,5742
2015,Schweiz,78 Vermittlung und Überlassung von Arbeitskräften,2820,107590,30527,77063,85155,19822,65334
2015,Schweiz,"79 Reisebüros, Reiseveranstalter und Erbringung sonstiger Reservierungsdienstleistungen",2765,18065,11532,6533,13210,8089,5122
2015,Schweiz,80 Wach- und Sicherheitsdienste sowie Detekteien,919,21760,4450,17310,15251,2745,12507
2015,Schweiz,"81 Gebäudebetreuung, Garten- und Landschaftsbau",15139,132675,65645,67030,83247,28771,54476
2015,Schweiz,82 Erbringung von wirtschaftlichen Dienstleistungen für Unternehmen und Privatpersonen a. n. g.,3842,21044,11377,9667,15204,7437,7767
2015,Schweiz,"84 Öffentliche Verwaltung, Verteidigung, Sozialversicherung",8561,191189,89012,102177,156838,64009,92829
2015,Schweiz,85 Erziehung und Unterricht,32144,357139,217009,140130,218285,123558,94726
2015,Schweiz,86 Gesundheitswesen,57280,387474,296177,91297,276219,200628,75591
2015,Schweiz,87 Heime (ohne Erholungs- und Ferienheime),3922,184389,141757,42632,129568,96370,33198
2015,Schweiz,88 Sozialwesen (ohne Heime),10965,110124,82464,27660,65758,47103,18655
2015,Schweiz,"90 Kreative, künstlerische und unterhaltende Tätigkeiten",14785,30227,12965,17262,16216,5787,10429
2015,Schweiz,"91 Bibliotheken, Archive, Museen, botanische und zoologische Gärten",1164,13191,8617,4574,8117,4669,3449
2015,Schweiz,"92 Spiel-, Wett- und Lotteriewesen",91,3249,1477,1772,2602,1086,1516
2015,Schweiz,"93 Erbringung von Dienstleistungen des Sports, der Unterhaltung und der Erholung",8363,48014,22384,25630,27575,10163,17412
2015,Schweiz,94 Interessenvertretungen sowie kirchliche und sonstige religiöse Vereinigungen (ohne Sozialwesen und Sport),12215,96666,53460,43206,58734,31855,26879
2015,Schweiz,95 Reparatur von Datenverarbeitungsgeräten und Gebrauchsgütern,2634,5852,1547,4305,4501,1006,3494
2015,Schweiz,96 Erbringung von sonstigen überwiegend persönlichen Dienstleistungen,37595,66737,54653,12084,44733,35669,9065
2015,Vaud,Wirtschaftsabteilung - Total,58060,434909,200910,233999,347336,140724,206612
2015,Vaud,"01 Landwirtschaft, Jagd und damit verbundene Tätigkeiten",3711,12576,3956,8620,8690,1992,6698
2015,Vaud,02 Forstwirtschaft und Holzeinschlag,140,574,44,530,498,27,471
2015,Vaud,03 Fischerei und Aquakultur,44,106,27,79,89,21,68
2015,Vaud,05 Kohlenbergbau,0,0,0,0,0,0,0
2015,Vaud,06 Gewinnung von Erdöl und Erdgas,0,0,0,0,0,0,0
2015,Vaud,07 Erzbergbau,0,0,0,0,0,0,0
2015,Vaud,"08 Gewinnung von Steinen und Erden, sonstiger Bergbau",18,237,25,212,220,15,205
2015,Vaud,09 Erbringung von Dienstleistungen für den Bergbau und für die Gewinnung von Steinen und Erden,0,0,0,0,0,0,0
2015,Vaud,10 Herstellung von Nahrungs- und Futtermitteln,394,6027,2359,3668,5187,1741,3445
2015,Vaud,11 Getränkeherstellung,56,626,161,465,557,127,430
2015,Vaud,12 Tabakverarbeitung,X,29,16,13,24,13,12
2015,Vaud,13 Herstellung von Textilien,67,136,85,51,103,55,47
2015,Vaud,14 Herstellung von Bekleidung,124,164,145,19,104,87,17
2015,Vaud,"15 Herstellung von Leder, Lederwaren und Schuhen",20,34,14,20,25,8,16
2015,Vaud,"16 Herstellung von Holz-, Flecht-, Korb- und Korkwaren (ohne Möbel)",610,2680,301,2379,2464,200,2264
2015,Vaud,"17 Herstellung von Papier, Pappe und Waren daraus",11,248,96,152,224,76,149
2015,Vaud,"18 Herstellung von Druckerzeugnissen, Vervielfältigung von bespielten Ton-, Bild- und Datenträgern",193,1448,446,1002,1282,343,940
2015,Vaud,19 Kokerei und Mineralölverarbeitung,0,0,0,0,0,0,0
2015,Vaud,20 Herstellung von chemischen Erzeugnissen,57,1438,556,882,1362,498,864
2015,Vaud,21 Herstellung von pharmazeutischen Erzeugnissen,19,3149,1292,1857,3055,1217,1838
2015,Vaud,22 Herstellung von Gummi- und Kunststoffwaren,46,841,169,672,794,135,659
2015,Vaud,"23 Herstellung von Glas und Glaswaren, Keramik, Verarbeitung von Steinen und Erden",112,1290,166,1124,1219,132,1087
2015,Vaud,24 Metallerzeugung und -bearbeitung,15,229,49,180,217,41,176
2015,Vaud,25 Herstellung von Metallerzeugnissen,591,4533,868,3665,4206,689,3517
2015,Vaud,"26 Herstellung von Datenverarbeitungsgeräten, elektronischen und optischen Erzeugnissen",204,8820,3702,5118,8382,3381,5001
2015,Vaud,27 Herstellung von elektrischen Ausrüstungen,65,1076,457,619,1005,406,599
2015,Vaud,28 Maschinenbau,81,2850,340,2510,2764,299,2465
2015,Vaud,29 Herstellung von Automobilen und Automobilteilen,12,261,55,206,246,43,203
2015,Vaud,30 Sonstiger Fahrzeugbau,26,903,124,779,864,110,755
2015,Vaud,31 Herstellung von Möbeln,87,430,100,330,393,81,312
2015,Vaud,32 Herstellung von sonstigen Waren,312,2174,850,1324,1972,707,1265
2015,Vaud,33 Reparatur und Installation von Maschinen und Ausrüstungen,208,945,138,807,862,93,769
2015,Vaud,35 Energieversorgung,76,2391,559,1832,2177,424,1752
2015,Vaud,36 Wasserversorgung,39,294,51,243,240,29,210
2015,Vaud,37 Abwasserentsorgung,58,389,48,341,348,33,315
2015,Vaud,"38 Sammlung, Behandlung und Beseitigung von Abfällen, Rückgewinnung",82,944,133,811,856,100,756
2015,Vaud,39 Beseitigung von Umweltverschmutzungen und sonstige Entsorgung,X,10,X,X,10,X,X
2015,Vaud,41 Hochbau,723,6118,708,5410,5735,505,5229
2015,Vaud,42 Tiefbau,44,1430,103,1327,1371,71,1300
2015,Vaud,"43 Vorbereitende Baustellenarbeiten, Bauinstallation und sonstiges Ausbaugewerbe",3577,20730,2372,18358,19213,1560,17653
2015,Vaud,"45 Handel mit Motorfahrzeugen, Instandhaltung und Reparatur von Motorfahrzeugen",1448,7641,1314,6327,6902,954,5948
2015,Vaud,46 Grosshandel (ohne Handel mit Motorfahrzeugen),2059,17369,5665,11704,15649,4538,11112
2015,Vaud,47 Detailhandel (ohne Handel mit Motorfahrzeugen),5026,29311,18837,10474,22514,13354,9160
2015,Vaud,49 Landverkehr und Transport in Rohrfernleitungen,891,10322,1440,8882,9181,1098,8083
2015,Vaud,50 Schifffahrt,8,325,87,238,300,76,224
2015,Vaud,51 Luftfahrt,7,20,X,X,15,X,X
2015,Vaud,52 Lagerei sowie Erbringung von sonstigen Dienstleistungen für den Verkehr,137,2154,415,1739,1950,329,1620
2015,Vaud,"53 Post-, Kurier- und Expressdienste",321,3544,1487,2057,2941,1077,1864
2015,Vaud,55 Beherbergung,434,5615,2727,2888,4732,2153,2579
2015,Vaud,56 Gastronomie,2447,15000,7039,7961,11242,4746,6495
2015,Vaud,58 Verlagswesen,138,1853,895,958,1443,620,823
2015,Vaud,"59 Herstellung, Verleih und Vertrieb von Filmen und Fernsehprogrammen, Kinos, Tonstudios und Verlegen von Musik",335,957,340,617,589,154,435
2015,Vaud,60 Rundfunkveranstalter,8,843,364,479,682,284,398
2015,Vaud,61 Telekommunikation,105,2410,698,1712,2240,608,1631
2015,Vaud,62 Erbringung von Dienstleistungen der Informationstechnologie,1336,8244,1565,6679,7435,1253,6183
2015,Vaud,63 Informationsdienstleistungen,77,266,75,191,221,52,169
2015,Vaud,64 Erbringung von Finanzdienstleistungen,478,6723,2649,4074,5997,2150,3847
2015,Vaud,"65 Versicherungen, Rückversicherungen und Pensionskassen (ohne Sozialversicherung)",102,6004,3186,2818,4974,2497,2477
2015,Vaud,66 Mit Finanz- und Versicherungsdienstleistungen verbundene Tätigkeiten,1044,5411,1921,3490,4645,1474,3171
2015,Vaud,68 Grundstücks- und Wohnungswesen,1350,5935,3217,2718,3832,1910,1923
2015,Vaud,"69 Rechts- und Steuerberatung, Wirtschaftsprüfung",1889,6682,4040,2642,5227,2928,2299
2015,Vaud,"70 Verwaltung und Führung von Unternehmen und Betrieben, Unternehmensberatung",1854,13084,5882,7202,11371,4800,6571
2015,Vaud,"71 Architektur- und Ingenieurbüros, technische, physikalische und chemische Untersuchung",2006,9840,3054,6786,8440,2273,6167
2015,Vaud,72 Forschung und Entwicklung,238,3261,1383,1878,2888,1153,1735
2015,Vaud,73 Werbung und Marktforschung,291,1414,667,747,1028,436,592
2015,Vaud,"74 Sonstige freiberufliche, wissenschaftliche und technische Tätigkeiten",2050,3478,1527,1951,2483,958,1526
2015,Vaud,75 Veterinärwesen,126,441,340,101,325,237,88
2015,Vaud,77 Vermietung von beweglichen Sachen,142,771,229,542,650,188,462
2015,Vaud,78 Vermittlung und Überlassung von Arbeitskräften,254,12379,4203,8176,9413,2528,6885
2015,Vaud,"79 Reisebüros, Reiseveranstalter und Erbringung sonstiger Reservierungsdienstleistungen",248,1207,798,409,922,586,336
2015,Vaud,80 Wach- und Sicherheitsdienste sowie Detekteien,68,2478,514,1964,2059,366,1694
2015,Vaud,"81 Gebäudebetreuung, Garten- und Landschaftsbau",1300,13142,6123,7019,8452,2661,5790
2015,Vaud,82 Erbringung von wirtschaftlichen Dienstleistungen für Unternehmen und Privatpersonen a. n. g.,303,1474,866,608,1080,601,478
2015,Vaud,"84 Öffentliche Verwaltung, Verteidigung, Sozialversicherung",904,17190,8154,9036,14110,5921,8189
2015,Vaud,85 Erziehung und Unterricht,3023,38701,22371,16330,28187,15214,12973
2015,Vaud,86 Gesundheitswesen,6056,42082,31303,10779,31163,22059,9105
2015,Vaud,87 Heime (ohne Erholungs- und Ferienheime),317,15095,11342,3753,10955,7992,2963
2015,Vaud,88 Sozialwesen (ohne Heime),957,13185,10319,2866,8598,6469,2129
2015,Vaud,"90 Kreative, künstlerische und unterhaltende Tätigkeiten",1082,2518,1107,1411,1444,544,900
2015,Vaud,"91 Bibliotheken, Archive, Museen, botanische und zoologische Gärten",118,1306,873,433,880,549,331
2015,Vaud,"92 Spiel-, Wett- und Lotteriewesen",14,527,216,311,468,179,289
2015,Vaud,"93 Erbringung von Dienstleistungen des Sports, der Unterhaltung und der Erholung",728,4651,2076,2575,3250,1281,1968
2015,Vaud,94 Interessenvertretungen sowie kirchliche und sonstige religiöse Vereinigungen (ohne Sozialwesen und Sport),946,7402,4108,3294,4980,2726,2254
2015,Vaud,95 Reparatur von Datenverarbeitungsgeräten und Gebrauchsgütern,241,545,122,423,453,88,365
2015,Vaud,96 Erbringung von sonstigen überwiegend persönlichen Dienstleistungen,3329,5979,4847,1132,4269,3393,876
2015,Valais / Wallis,Wirtschaftsabteilung - Total,28598,172240,76443,95797,133099,49896,83203
2015,Valais / Wallis,"01 Landwirtschaft, Jagd und damit verbundene Tätigkeiten",3353,9091,3433,5658,4864,1580,3284
2015,Valais / Wallis,02 Forstwirtschaft und Holzeinschlag,55,435,28,407,354,11,343
2015,Valais / Wallis,03 Fischerei und Aquakultur,10,41,21,20,33,17,16
2015,Valais / Wallis,05 Kohlenbergbau,0,0,0,0,0,0,0
2015,Valais / Wallis,06 Gewinnung von Erdöl und Erdgas,0,0,0,0,0,0,0
2015,Valais / Wallis,07 Erzbergbau,0,0,0,0,0,0,0
2015,Valais / Wallis,"08 Gewinnung von Steinen und Erden, sonstiger Bergbau",18,190,25,165,166,15,152
2015,Valais / Wallis,09 Erbringung von Dienstleistungen für den Bergbau und für die Gewinnung von Steinen und Erden,0,0,0,0,0,0,0
2015,Valais / Wallis,10 Herstellung von Nahrungs- und Futtermitteln,202,1997,873,1124,1641,601,1040
2015,Valais / Wallis,11 Getränkeherstellung,71,802,324,478,629,196,433
2015,Valais / Wallis,12 Tabakverarbeitung,0,0,0,0,0,0,0
2015,Valais / Wallis,13 Herstellung von Textilien,31,41,32,9,24,17,7
2015,Valais / Wallis,14 Herstellung von Bekleidung,52,60,52,8,32,26,6
2015,Valais / Wallis,"15 Herstellung von Leder, Lederwaren und Schuhen",5,19,X,X,12,X,X
2015,Valais / Wallis,"16 Herstellung von Holz-, Flecht-, Korb- und Korkwaren (ohne Möbel)",465,2432,228,2204,2241,150,2091
2015,Valais / Wallis,"17 Herstellung von Papier, Pappe und Waren daraus",4,6,X,X,X,X,X
2015,Valais / Wallis,"18 Herstellung von Druckerzeugnissen, Vervielfältigung von bespielten Ton-, Bild- und Datenträgern",92,645,269,376,546,196,351
2015,Valais / Wallis,19 Kokerei und Mineralölverarbeitung,X,115,14,101,109,14,95
2015,Valais / Wallis,20 Herstellung von chemischen Erzeugnissen,29,4564,653,3911,4423,568,3856
2015,Valais / Wallis,21 Herstellung von pharmazeutischen Erzeugnissen,10,825,226,599,779,190,589
2015,Valais / Wallis,22 Herstellung von Gummi- und Kunststoffwaren,16,229,89,140,203,66,137
2015,Valais / Wallis,"23 Herstellung von Glas und Glaswaren, Keramik, Verarbeitung von Steinen und Erden",54,392,64,328,358,41,317
2015,Valais / Wallis,24 Metallerzeugung und -bearbeitung,13,1321,83,1238,1294,74,1220
2015,Valais / Wallis,25 Herstellung von Metallerzeugnissen,234,2127,386,1741,1954,290,1664
2015,Valais / Wallis,"26 Herstellung von Datenverarbeitungsgeräten, elektronischen und optischen Erzeugnissen",34,827,472,355,741,398,343
2015,Valais / Wallis,27 Herstellung von elektrischen Ausrüstungen,24,263,54,209,244,43,201
2015,Valais / Wallis,28 Maschinenbau,35,985,261,724,923,222,701
2015,Valais / Wallis,29 Herstellung von Automobilen und Automobilteilen,4,8,X,X,7,X,X
2015,Valais / Wallis,30 Sonstiger Fahrzeugbau,X,15,X,X,14,X,X
2015,Valais / Wallis,31 Herstellung von Möbeln,56,219,45,174,194,31,163
2015,Valais / Wallis,32 Herstellung von sonstigen Waren,109,511,224,287,444,173,271
2015,Valais / Wallis,33 Reparatur und Installation von Maschinen und Ausrüstungen,92,406,59,347,363,35,328
2015,Valais / Wallis,35 Energieversorgung,86,2206,317,1889,1962,222,1740
2015,Valais / Wallis,36 Wasserversorgung,13,38,X,X,25,X,X
2015,Valais / Wallis,37 Abwasserentsorgung,31,142,22,120,117,10,106
2015,Valais / Wallis,"38 Sammlung, Behandlung und Beseitigung von Abfällen, Rückgewinnung",62,394,51,343,358,31,327
2015,Valais / Wallis,39 Beseitigung von Umweltverschmutzungen und sonstige Entsorgung,X,4,X,X,X,X,X
2015,Valais / Wallis,41 Hochbau,474,4855,387,4468,4567,241,4326
2015,Valais / Wallis,42 Tiefbau,46,748,56,692,721,38,683
2015,Valais / Wallis,"43 Vorbereitende Baustellenarbeiten, Bauinstallation und sonstiges Ausbaugewerbe",1934,10695,1249,9446,9812,748,9063
2015,Valais / Wallis,"45 Handel mit Motorfahrzeugen, Instandhaltung und Reparatur von Motorfahrzeugen",767,3555,641,2914,3148,423,2725
2015,Valais / Wallis,46 Grosshandel (ohne Handel mit Motorfahrzeugen),734,4280,1308,2972,3677,911,2766
2015,Valais / Wallis,47 Detailhandel (ohne Handel mit Motorfahrzeugen),2624,14425,10183,4242,10612,6899,3713
2015,Valais / Wallis,49 Landverkehr und Transport in Rohrfernleitungen,517,6451,1119,5332,5542,764,4778
2015,Valais / Wallis,50 Schifffahrt,0,0,0,0,0,0,0
2015,Valais / Wallis,51 Luftfahrt,10,293,57,236,232,40,193
2015,Valais / Wallis,52 Lagerei sowie Erbringung von sonstigen Dienstleistungen für den Verkehr,65,650,121,529,574,73,501
2015,Valais / Wallis,"53 Post-, Kurier- und Expressdienste",187,1347,739,608,1040,493,547
2015,Valais / Wallis,55 Beherbergung,988,8168,4561,3607,6747,3501,3245
2015,Valais / Wallis,56 Gastronomie,1771,9069,5228,3841,6941,3567,3374
2015,Valais / Wallis,58 Verlagswesen,29,142,84,58,96,55,41
2015,Valais / Wallis,"59 Herstellung, Verleih und Vertrieb von Filmen und Fernsehprogrammen, Kinos, Tonstudios und Verlegen von Musik",82,163,52,111,91,21,70
2015,Valais / Wallis,60 Rundfunkveranstalter,9,259,104,155,190,69,121
2015,Valais / Wallis,61 Telekommunikation,53,771,299,472,693,247,446
2015,Valais / Wallis,62 Erbringung von Dienstleistungen der Informationstechnologie,366,962,187,775,766,113,653
2015,Valais / Wallis,63 Informationsdienstleistungen,24,75,30,45,56,17,39
2015,Valais / Wallis,64 Erbringung von Finanzdienstleistungen,314,2088,967,1121,1699,686,1013
2015,Valais / Wallis,"65 Versicherungen, Rückversicherungen und Pensionskassen (ohne Sozialversicherung)",61,1472,630,842,1245,502,743
2015,Valais / Wallis,66 Mit Finanz- und Versicherungsdienstleistungen verbundene Tätigkeiten,298,1832,786,1046,1521,563,958
2015,Valais / Wallis,68 Grundstücks- und Wohnungswesen,916,2321,1272,1049,1446,655,790
2015,Valais / Wallis,"69 Rechts- und Steuerberatung, Wirtschaftsprüfung",715,2223,1378,845,1588,879,710
2015,Valais / Wallis,"70 Verwaltung und Führung von Unternehmen und Betrieben, Unternehmensberatung",366,1118,517,601,878,366,512
2015,Valais / Wallis,"71 Architektur- und Ingenieurbüros, technische, physikalische und chemische Untersuchung",961,4236,1373,2863,3448,898,2550
2015,Valais / Wallis,72 Forschung und Entwicklung,61,524,186,338,445,136,310
2015,Valais / Wallis,73 Werbung und Marktforschung,97,662,370,292,406,192,214
2015,Valais / Wallis,"74 Sonstige freiberufliche, wissenschaftliche und technische Tätigkeiten",573,827,328,499,550,176,374
2015,Valais / Wallis,75 Veterinärwesen,35,151,115,36,108,76,32
2015,Valais / Wallis,77 Vermietung von beweglichen Sachen,64,219,35,184,165,15,150
2015,Valais / Wallis,78 Vermittlung und Überlassung von Arbeitskräften,79,4059,608,3451,3474,379,3096
2015,Valais / Wallis,"79 Reisebüros, Reiseveranstalter und Erbringung sonstiger Reservierungsdienstleistungen",158,973,542,431,700,359,341
2015,Valais / Wallis,80 Wach- und Sicherheitsdienste sowie Detekteien,42,511,94,417,342,60,282
2015,Valais / Wallis,"81 Gebäudebetreuung, Garten- und Landschaftsbau",521,2979,1269,1710,2068,570,1498
2015,Valais / Wallis,82 Erbringung von wirtschaftlichen Dienstleistungen für Unternehmen und Privatpersonen a. n. g.,151,475,242,233,327,142,184
2015,Valais / Wallis,"84 Öffentliche Verwaltung, Verteidigung, Sozialversicherung",456,6139,2613,3526,4956,1786,3169
2015,Valais / Wallis,85 Erziehung und Unterricht,1233,10053,5583,4470,6247,3241,3006
2015,Valais / Wallis,86 Gesundheitswesen,1882,12585,9537,3048,8918,6449,2470
2015,Valais / Wallis,87 Heime (ohne Erholungs- und Ferienheime),142,6492,5426,1066,4478,3636,842
2015,Valais / Wallis,88 Sozialwesen (ohne Heime),252,3569,2776,793,2224,1650,574
2015,Valais / Wallis,"90 Kreative, künstlerische und unterhaltende Tätigkeiten",584,821,317,504,381,110,271
2015,Valais / Wallis,"91 Bibliotheken, Archive, Museen, botanische und zoologische Gärten",53,309,204,105,209,123,87
2015,Valais / Wallis,"92 Spiel-, Wett- und Lotteriewesen",8,66,32,34,58,25,34
2015,Valais / Wallis,"93 Erbringung von Dienstleistungen des Sports, der Unterhaltung und der Erholung",518,1512,545,967,943,265,678
2015,Valais / Wallis,94 Interessenvertretungen sowie kirchliche und sonstige religiöse Vereinigungen (ohne Sozialwesen und Sport),436,2666,1464,1202,1616,870,746
2015,Valais / Wallis,95 Reparatur von Datenverarbeitungsgeräten und Gebrauchsgütern,73,112,28,84,82,16,65
2015,Valais / Wallis,96 Erbringung von sonstigen überwiegend persönlichen Dienstleistungen,1603,2988,2468,520,2007,1614,394
2015,Genève,Wirtschaftsabteilung - Total,39572,341971,151745,190226,283375,114413,168962
2015,Genève,"01 Landwirtschaft, Jagd und damit verbundene Tätigkeiten",388,1647,412,1235,1242,251,991
2015,Genève,02 Forstwirtschaft und Holzeinschlag,9,28,X,X,24,X,X
2015,Genève,03 Fischerei und Aquakultur,11,15,X,X,12,X,X
2015,Genève,05 Kohlenbergbau,0,0,0,0,0,0,0
2015,Genève,06 Gewinnung von Erdöl und Erdgas,0,0,0,0,0,0,0
2015,Genève,07 Erzbergbau,0,0,0,0,0,0,0
2015,Genève,"08 Gewinnung von Steinen und Erden, sonstiger Bergbau",9,51,7,44,48,5,43
2015,Genève,09 Erbringung von Dienstleistungen für den Bergbau und für die Gewinnung von Steinen und Erden,X,50,22,28,48,21,27
2015,Genève,10 Herstellung von Nahrungs- und Futtermitteln,130,1820,536,1284,1637,433,1204
2015,Genève,11 Getränkeherstellung,14,40,10,30,33,8,25
2015,Genève,12 Tabakverarbeitung,X,X,X,X,X,X,X
2015,Genève,13 Herstellung von Textilien,29,94,36,58,81,25,56
2015,Genève,14 Herstellung von Bekleidung,81,489,288,201,442,247,195
2015,Genève,"15 Herstellung von Leder, Lederwaren und Schuhen",19,322,230,92,301,213,88
2015,Genève,"16 Herstellung von Holz-, Flecht-, Korb- und Korkwaren (ohne Möbel)",287,918,90,828,848,64,783
2015,Genève,"17 Herstellung von Papier, Pappe und Waren daraus",5,24,15,9,19,10,9
2015,Genève,"18 Herstellung von Druckerzeugnissen, Vervielfältigung von bespielten Ton-, Bild- und Datenträgern",133,647,214,433,552,159,392
2015,Genève,19 Kokerei und Mineralölverarbeitung,0,0,0,0,0,0,0
2015,Genève,20 Herstellung von chemischen Erzeugnissen,38,2734,922,1812,2659,865,1794
2015,Genève,21 Herstellung von pharmazeutischen Erzeugnissen,17,390,223,167,363,203,160
2015,Genève,22 Herstellung von Gummi- und Kunststoffwaren,17,122,27,95,113,22,92
2015,Genève,"23 Herstellung von Glas und Glaswaren, Keramik, Verarbeitung von Steinen und Erden",58,467,50,417,444,37,407
2015,Genève,24 Metallerzeugung und -bearbeitung,8,96,15,81,92,13,79
2015,Genève,25 Herstellung von Metallerzeugnissen,257,1357,195,1162,1268,151,1117
2015,Genève,"26 Herstellung von Datenverarbeitungsgeräten, elektronischen und optischen Erzeugnissen",176,11096,4405,6691,10728,4139,6589
2015,Genève,27 Herstellung von elektrischen Ausrüstungen,26,974,210,764,934,184,750
2015,Genève,28 Maschinenbau,32,510,66,444,495,58,436
2015,Genève,29 Herstellung von Automobilen und Automobilteilen,7,100,12,88,97,12,85
2015,Genève,30 Sonstiger Fahrzeugbau,13,393,34,359,383,31,351
2015,Genève,31 Herstellung von Möbeln,44,215,27,188,201,21,180
2015,Genève,32 Herstellung von sonstigen Waren,310,2020,819,1201,1859,703,1156
2015,Genève,33 Reparatur und Installation von Maschinen und Ausrüstungen,60,572,63,509,547,55,492
2015,Genève,35 Energieversorgung,6,1552,329,1223,1473,279,1194
2015,Genève,36 Wasserversorgung,X,X,X,X,X,X,X
2015,Genève,37 Abwasserentsorgung,14,349,36,313,339,30,309
2015,Genève,"38 Sammlung, Behandlung und Beseitigung von Abfällen, Rückgewinnung",33,557,62,495,536,50,485
2015,Genève,39 Beseitigung von Umweltverschmutzungen und sonstige Entsorgung,X,27,X,X,27,X,X
2015,Genève,41 Hochbau,514,4777,438,4339,4517,334,4183
2015,Genève,42 Tiefbau,31,685,66,619,671,56,615
2015,Genève,"43 Vorbereitende Baustellenarbeiten, Bauinstallation und sonstiges Ausbaugewerbe",2046,12949,1213,11736,12196,908,11288
2015,Genève,"45 Handel mit Motorfahrzeugen, Instandhaltung und Reparatur von Motorfahrzeugen",735,3806,461,3345,3532,374,3158
2015,Genève,46 Grosshandel (ohne Handel mit Motorfahrzeugen),1552,18462,7291,11171,17203,6426,10777
2015,Genève,47 Detailhandel (ohne Handel mit Motorfahrzeugen),3327,20158,12104,8054,16292,9152,7140
2015,Genève,49 Landverkehr und Transport in Rohrfernleitungen,1423,6858,939,5919,5983,708,5275
2015,Genève,50 Schifffahrt,9,704,268,436,677,250,427
2015,Genève,51 Luftfahrt,49,1569,695,874,1424,584,840
2015,Genève,52 Lagerei sowie Erbringung von sonstigen Dienstleistungen für den Verkehr,213,5949,1855,4094,5222,1460,3762
2015,Genève,"53 Post-, Kurier- und Expressdienste",156,2312,773,1539,1874,547,1327
2015,Genève,55 Beherbergung,148,4610,2091,2519,4203,1843,2360
2015,Genève,56 Gastronomie,2058,13377,5104,8273,10779,3722,7057
2015,Genève,58 Verlagswesen,105,683,325,358,520,233,288
2015,Genève,"59 Herstellung, Verleih und Vertrieb von Filmen und Fernsehprogrammen, Kinos, Tonstudios und Verlegen von Musik",282,995,352,643,677,202,475
2015,Genève,60 Rundfunkveranstalter,15,1659,689,970,1385,556,829
2015,Genève,61 Telekommunikation,90,1320,293,1027,1237,252,985
2015,Genève,62 Erbringung von Dienstleistungen der Informationstechnologie,987,6578,1302,5276,6033,1092,4941
2015,Genève,63 Informationsdienstleistungen,70,625,258,367,558,226,332
2015,Genève,64 Erbringung von Finanzdienstleistungen,604,19872,7425,12447,18874,6754,12120
2015,Genève,"65 Versicherungen, Rückversicherungen und Pensionskassen (ohne Sozialversicherung)",45,1007,534,473,881,446,435
2015,Genève,66 Mit Finanz- und Versicherungsdienstleistungen verbundene Tätigkeiten,1572,9009,3316,5693,7979,2728,5251
2015,Genève,68 Grundstücks- und Wohnungswesen,996,7435,3957,3478,5046,2489,2556
2015,Genève,"69 Rechts- und Steuerberatung, Wirtschaftsprüfung",2174,9343,5165,4178,7874,4137,3736
2015,Genève,"70 Verwaltung und Führung von Unternehmen und Betrieben, Unternehmensberatung",1412,8753,3471,5282,7601,2841,4760
2015,Genève,"71 Architektur- und Ingenieurbüros, technische, physikalische und chemische Untersuchung",1309,6458,2011,4447,5584,1563,4020
2015,Genève,72 Forschung und Entwicklung,131,1214,517,697,1077,434,643
2015,Genève,73 Werbung und Marktforschung,246,1171,511,660,967,393,574
2015,Genève,"74 Sonstige freiberufliche, wissenschaftliche und technische Tätigkeiten",1492,2650,1148,1502,1970,764,1205
2015,Genève,75 Veterinärwesen,36,153,122,31,116,89,27
2015,Genève,77 Vermietung von beweglichen Sachen,150,1581,378,1203,1324,286,1038
2015,Genève,78 Vermittlung und Überlassung von Arbeitskräften,241,12567,4279,8288,10091,3052,7039
2015,Genève,"79 Reisebüros, Reiseveranstalter und Erbringung sonstiger Reservierungsdienstleistungen",227,1352,806,546,1141,661,480
2015,Genève,80 Wach- und Sicherheitsdienste sowie Detekteien,130,3462,549,2913,2694,384,2309
2015,Genève,"81 Gebäudebetreuung, Garten- und Landschaftsbau",712,12707,6033,6674,7795,2658,5137
2015,Genève,82 Erbringung von wirtschaftlichen Dienstleistungen für Unternehmen und Privatpersonen a. n. g.,251,1493,794,699,1214,615,600
2015,Genève,"84 Öffentliche Verwaltung, Verteidigung, Sozialversicherung",459,13852,6555,7297,12281,5241,7040
2015,Genève,85 Erziehung und Unterricht,1570,24498,14445,10053,17139,9788,7351
2015,Genève,86 Gesundheitswesen,4625,27600,19659,7941,21681,15044,6638
2015,Genève,87 Heime (ohne Erholungs- und Ferienheime),237,9023,6364,2659,6943,4840,2103
2015,Genève,88 Sozialwesen (ohne Heime),805,9695,7150,2545,6423,4659,1764
2015,Genève,"90 Kreative, künstlerische und unterhaltende Tätigkeiten",638,2671,1065,1606,1616,568,1047
2015,Genève,"91 Bibliotheken, Archive, Museen, botanische und zoologische Gärten",89,1221,665,556,944,472,472
2015,Genève,"92 Spiel-, Wett- und Lotteriewesen",5,111,41,70,95,30,65
2015,Genève,"93 Erbringung von Dienstleistungen des Sports, der Unterhaltung und der Erholung",476,2872,1128,1744,1944,635,1309
2015,Genève,94 Interessenvertretungen sowie kirchliche und sonstige religiöse Vereinigungen (ohne Sozialwesen und Sport),949,8284,4798,3486,6130,3452,2678
2015,Genève,95 Reparatur von Datenverarbeitungsgeräten und Gebrauchsgütern,164,318,72,246,253,52,201
2015,Genève,96 Erbringung von sonstigen überwiegend persönlichen Dienstleistungen,1779,3831,2902,929,2863,2113,750
2016,Schweiz,Wirtschaftsabteilung - Total,681015,5122323,2325340,2796983,3974373,1541437,2432936
2016,Schweiz,"01 Landwirtschaft, Jagd und damit verbundene Tätigkeiten",53160,155770,56296,99474,99798,28014,71784
2016,Schweiz,02 Forstwirtschaft und Holzeinschlag,1391,6131,510,5621,5210,285,4924
2016,Schweiz,03 Fischerei und Aquakultur,193,476,134,342,380,96,284
2016,Schweiz,05 Kohlenbergbau,0,0,0,0,0,0,0
2016,Schweiz,06 Gewinnung von Erdöl und Erdgas,0,0,0,0,0,0,0
2016,Schweiz,07 Erzbergbau,X,X,X,X,X,X,X
2016,Schweiz,"08 Gewinnung von Steinen und Erden, sonstiger Bergbau",346,4880,622,4258,4461,397,4064
2016,Schweiz,09 Erbringung von Dienstleistungen für den Bergbau und für die Gewinnung von Steinen und Erden,12,X,X,X,X,X,X
2016,Schweiz,10 Herstellung von Nahrungs- und Futtermitteln,4464,81444,36079,45365,68787,26371,42416
2016,Schweiz,11 Getränkeherstellung,527,6189,1919,4270,5167,1264,3904
2016,Schweiz,12 Tabakverarbeitung,12,1938,579,1359,1805,502,1303
2016,Schweiz,13 Herstellung von Textilien,852,7502,3864,3638,6362,2908,3454
2016,Schweiz,14 Herstellung von Bekleidung,1757,5948,4645,1303,4444,3256,1187
2016,Schweiz,"15 Herstellung von Leder, Lederwaren und Schuhen",319,1854,1044,810,1568,828,741
2016,Schweiz,"16 Herstellung von Holz-, Flecht-, Korb- und Korkwaren (ohne Möbel)",7495,40030,5805,34225,35736,3655,32081
2016,Schweiz,"17 Herstellung von Papier, Pappe und Waren daraus",196,7678,2286,5392,7062,1831,5231
2016,Schweiz,"18 Herstellung von Druckerzeugnissen, Vervielfältigung von bespielten Ton-, Bild- und Datenträgern",2302,20220,7780,12440,17241,5688,11553
2016,Schweiz,19 Kokerei und Mineralölverarbeitung,X,692,141,551,658,117,541
2016,Schweiz,20 Herstellung von chemischen Erzeugnissen,753,28845,8252,20593,27042,6921,20121
2016,Schweiz,21 Herstellung von pharmazeutischen Erzeugnissen,279,45033,18866,26167,42627,16910,25716
2016,Schweiz,22 Herstellung von Gummi- und Kunststoffwaren,805,22979,6762,16217,21244,5557,15688
2016,Schweiz,"23 Herstellung von Glas und Glaswaren, Keramik, Verarbeitung von Steinen und Erden",1539,17828,3268,14560,16488,2472,14016
2016,Schweiz,24 Metallerzeugung und -bearbeitung,273,12021,1733,10288,11483,1445,10038
2016,Schweiz,25 Herstellung von Metallerzeugnissen,7640,84133,16969,67164,76797,12773,64023
2016,Schweiz,"26 Herstellung von Datenverarbeitungsgeräten, elektronischen und optischen Erzeugnissen",2141,105173,40879,64294,98975,36342,62634
2016,Schweiz,27 Herstellung von elektrischen Ausrüstungen,871,32684,8605,24079,30577,7152,23425
2016,Schweiz,28 Maschinenbau,2253,75015,12909,62106,70630,10411,60219
2016,Schweiz,29 Herstellung von Automobilen und Automobilteilen,238,4728,792,3936,4431,628,3803
2016,Schweiz,30 Sonstiger Fahrzeugbau,245,11123,1451,9672,10649,1226,9424
2016,Schweiz,31 Herstellung von Möbeln,952,9816,2072,7744,8910,1543,7367
2016,Schweiz,32 Herstellung von sonstigen Waren,3812,26951,11489,15462,23757,9132,14625
2016,Schweiz,33 Reparatur und Installation von Maschinen und Ausrüstungen,2726,19262,2975,16287,17431,2017,15414
2016,Schweiz,35 Energieversorgung,1120,29212,5660,23552,25374,3963,21412
2016,Schweiz,36 Wasserversorgung,446,2429,433,1996,1627,224,1402
2016,Schweiz,37 Abwasserentsorgung,621,4752,571,4181,4255,361,3894
2016,Schweiz,"38 Sammlung, Behandlung und Beseitigung von Abfällen, Rückgewinnung",928,11747,1922,9825,10413,1319,9094
2016,Schweiz,39 Beseitigung von Umweltverschmutzungen und sonstige Entsorgung,34,235,27,208,205,18,188
2016,Schweiz,41 Hochbau,8675,89686,9257,80429,82917,5840,77078
2016,Schweiz,42 Tiefbau,1147,24198,2021,22177,22819,1341,21477
2016,Schweiz,"43 Vorbereitende Baustellenarbeiten, Bauinstallation und sonstiges Ausbaugewerbe",40325,240678,31020,209658,217925,18384,199541
2016,Schweiz,"45 Handel mit Motorfahrzeugen, Instandhaltung und Reparatur von Motorfahrzeugen",17153,87555,15954,71601,77220,10719,66501
2016,Schweiz,46 Grosshandel (ohne Handel mit Motorfahrzeugen),26126,224266,81878,142388,196877,63556,133321
2016,Schweiz,47 Detailhandel (ohne Handel mit Motorfahrzeugen),51479,311396,214053,97343,232418,147180,85238
2016,Schweiz,49 Landverkehr und Transport in Rohrfernleitungen,12372,120809,19087,101722,104072,13308,90764
2016,Schweiz,50 Schifffahrt,191,4192,1142,3050,3638,906,2732
2016,Schweiz,51 Luftfahrt,234,12441,5803,6638,10291,4157,6134
2016,Schweiz,52 Lagerei sowie Erbringung von sonstigen Dienstleistungen für den Verkehr,2458,58940,17283,41657,51430,12916,38514
2016,Schweiz,"53 Post-, Kurier- und Expressdienste",3376,46555,21104,25451,32789,12552,20238
2016,Schweiz,55 Beherbergung,6085,76712,42888,33824,61755,31806,29949
2016,Schweiz,56 Gastronomie,26594,177094,94466,82628,125290,59121,66169
2016,Schweiz,58 Verlagswesen,1560,18664,9149,9515,13927,6159,7768
2016,Schweiz,"59 Herstellung, Verleih und Vertrieb von Filmen und Fernsehprogrammen, Kinos, Tonstudios und Verlegen von Musik",3188,9945,3818,6127,6283,1903,4380
2016,Schweiz,60 Rundfunkveranstalter,186,10242,4089,6153,7891,2851,5040
2016,Schweiz,61 Telekommunikation,1179,28221,7316,20905,25621,6023,19598
2016,Schweiz,62 Erbringung von Dienstleistungen der Informationstechnologie,16816,93434,19873,73561,81371,14135,67236
2016,Schweiz,63 Informationsdienstleistungen,1110,10760,3533,7227,9158,2633,6525
2016,Schweiz,64 Erbringung von Finanzdienstleistungen,8913,132274,51780,80494,116655,42026,74629
2016,Schweiz,"65 Versicherungen, Rückversicherungen und Pensionskassen (ohne Sozialversicherung)",1299,52107,25169,26938,44063,20054,24010
2016,Schweiz,66 Mit Finanz- und Versicherungsdienstleistungen verbundene Tätigkeiten,11104,69063,26151,42912,58050,19545,38504
2016,Schweiz,68 Grundstücks- und Wohnungswesen,18072,71130,36557,34573,41989,19373,22616
2016,Schweiz,"69 Rechts- und Steuerberatung, Wirtschaftsprüfung",23260,84751,47138,37613,64436,32252,32184
2016,Schweiz,"70 Verwaltung und Führung von Unternehmen und Betrieben, Unternehmensberatung",22344,110088,45895,64193,90943,34088,56855
2016,Schweiz,"71 Architektur- und Ingenieurbüros, technische, physikalische und chemische Untersuchung",26064,130512,40307,90205,107774,27598,80176
2016,Schweiz,72 Forschung und Entwicklung,1742,25628,10051,15577,22451,8081,14370
2016,Schweiz,73 Werbung und Marktforschung,4334,26853,14051,12802,18282,8229,10053
2016,Schweiz,"74 Sonstige freiberufliche, wissenschaftliche und technische Tätigkeiten",19725,34181,15530,18651,23378,9099,14278
2016,Schweiz,75 Veterinärwesen,1313,6451,4930,1521,4651,3344,1307
2016,Schweiz,77 Vermietung von beweglichen Sachen,1761,10126,2917,7209,7895,1995,5900
2016,Schweiz,78 Vermittlung und Überlassung von Arbeitskräften,2785,112980,32193,80787,89661,20750,68910
2016,Schweiz,"79 Reisebüros, Reiseveranstalter und Erbringung sonstiger Reservierungsdienstleistungen",2725,17924,11449,6475,12998,7863,5135
2016,Schweiz,80 Wach- und Sicherheitsdienste sowie Detekteien,922,22454,4576,17878,16007,2841,13166
2016,Schweiz,"81 Gebäudebetreuung, Garten- und Landschaftsbau",15662,136146,67821,68325,85429,29382,56046
2016,Schweiz,82 Erbringung von wirtschaftlichen Dienstleistungen für Unternehmen und Privatpersonen a. n. g.,3781,20946,11325,9621,15103,7299,7804
2016,Schweiz,"84 Öffentliche Verwaltung, Verteidigung, Sozialversicherung",8555,192873,90027,102846,158634,65038,93595
2016,Schweiz,85 Erziehung und Unterricht,32791,364662,223294,141368,223455,127508,95946
2016,Schweiz,86 Gesundheitswesen,59128,397991,304361,93630,283114,206486,76628
2016,Schweiz,87 Heime (ohne Erholungs- und Ferienheime),3934,188790,144578,44212,132019,98148,33870
2016,Schweiz,88 Sozialwesen (ohne Heime),11335,114165,85595,28570,68122,49267,18855
2016,Schweiz,"90 Kreative, künstlerische und unterhaltende Tätigkeiten",15049,30658,13250,17408,15885,5735,10150
2016,Schweiz,"91 Bibliotheken, Archive, Museen, botanische und zoologische Gärten",1162,13346,8795,4551,8252,4852,3401
2016,Schweiz,"92 Spiel-, Wett- und Lotteriewesen",79,3258,1461,1797,2652,1117,1535
2016,Schweiz,"93 Erbringung von Dienstleistungen des Sports, der Unterhaltung und der Erholung",8709,49835,23081,26754,27862,10221,17642
2016,Schweiz,94 Interessenvertretungen sowie kirchliche und sonstige religiöse Vereinigungen (ohne Sozialwesen und Sport),12568,98826,54760,44066,59890,31638,28252
2016,Schweiz,95 Reparatur von Datenverarbeitungsgeräten und Gebrauchsgütern,2588,5724,1486,4238,4439,940,3498
2016,Schweiz,96 Erbringung von sonstigen überwiegend persönlichen Dienstleistungen,38346,67990,55710,12280,44922,35526,9396
2016,Vaud,Wirtschaftsabteilung - Total,59063,439768,203498,236270,351301,142306,208995
2016,Vaud,"01 Landwirtschaft, Jagd und damit verbundene Tätigkeiten",3676,12634,3984,8650,8672,2025,6647
2016,Vaud,02 Forstwirtschaft und Holzeinschlag,141,601,45,556,540,30,510
2016,Vaud,03 Fischerei und Aquakultur,46,118,34,84,102,28,74
2016,Vaud,05 Kohlenbergbau,0,0,0,0,0,0,0
2016,Vaud,06 Gewinnung von Erdöl und Erdgas,0,0,0,0,0,0,0
2016,Vaud,07 Erzbergbau,0,0,0,0,0,0,0
2016,Vaud,"08 Gewinnung von Steinen und Erden, sonstiger Bergbau",20,256,31,225,238,18,220
2016,Vaud,09 Erbringung von Dienstleistungen für den Bergbau und für die Gewinnung von Steinen und Erden,0,0,0,0,0,0,0
2016,Vaud,10 Herstellung von Nahrungs- und Futtermitteln,392,5976,2266,3710,5109,1649,3461
2016,Vaud,11 Getränkeherstellung,64,728,212,516,606,144,463
2016,Vaud,12 Tabakverarbeitung,X,29,14,15,23,10,13
2016,Vaud,13 Herstellung von Textilien,59,113,68,45,87,46,41
2016,Vaud,14 Herstellung von Bekleidung,133,174,155,19,104,89,15
2016,Vaud,"15 Herstellung von Leder, Lederwaren und Schuhen",26,40,17,23,28,10,18
2016,Vaud,"16 Herstellung von Holz-, Flecht-, Korb- und Korkwaren (ohne Möbel)",618,2642,309,2333,2438,208,2230
2016,Vaud,"17 Herstellung von Papier, Pappe und Waren daraus",12,234,79,155,211,61,150
2016,Vaud,"18 Herstellung von Druckerzeugnissen, Vervielfältigung von bespielten Ton-, Bild- und Datenträgern",182,1341,417,924,1174,311,863
2016,Vaud,19 Kokerei und Mineralölverarbeitung,0,0,0,0,0,0,0
2016,Vaud,20 Herstellung von chemischen Erzeugnissen,67,1658,589,1069,1575,525,1050
2016,Vaud,21 Herstellung von pharmazeutischen Erzeugnissen,22,3101,1243,1858,3011,1175,1836
2016,Vaud,22 Herstellung von Gummi- und Kunststoffwaren,46,754,165,589,712,135,577
2016,Vaud,"23 Herstellung von Glas und Glaswaren, Keramik, Verarbeitung von Steinen und Erden",113,1273,164,1109,1212,130,1082
2016,Vaud,24 Metallerzeugung und -bearbeitung,17,264,49,215,253,41,212
2016,Vaud,25 Herstellung von Metallerzeugnissen,587,4280,807,3473,3975,634,3341
2016,Vaud,"26 Herstellung von Datenverarbeitungsgeräten, elektronischen und optischen Erzeugnissen",194,8405,3522,4883,7984,3207,4778
2016,Vaud,27 Herstellung von elektrischen Ausrüstungen,67,1084,467,617,1015,416,598
2016,Vaud,28 Maschinenbau,78,2776,353,2423,2697,317,2380
2016,Vaud,29 Herstellung von Automobilen und Automobilteilen,12,271,63,208,252,48,204
2016,Vaud,30 Sonstiger Fahrzeugbau,25,912,119,793,879,103,776
2016,Vaud,31 Herstellung von Möbeln,86,407,84,323,378,69,309
2016,Vaud,32 Herstellung von sonstigen Waren,294,2135,834,1301,1945,693,1251
2016,Vaud,33 Reparatur und Installation von Maschinen und Ausrüstungen,217,943,139,804,858,93,765
2016,Vaud,35 Energieversorgung,80,2388,556,1832,2183,427,1755
2016,Vaud,36 Wasserversorgung,41,308,56,252,260,38,222
2016,Vaud,37 Abwasserentsorgung,60,404,50,354,360,34,326
2016,Vaud,"38 Sammlung, Behandlung und Beseitigung von Abfällen, Rückgewinnung",75,923,130,793,829,98,731
2016,Vaud,39 Beseitigung von Umweltverschmutzungen und sonstige Entsorgung,X,26,X,X,25,X,X
2016,Vaud,41 Hochbau,765,6368,746,5622,5972,531,5441
2016,Vaud,42 Tiefbau,43,1448,107,1341,1393,78,1315
2016,Vaud,"43 Vorbereitende Baustellenarbeiten, Bauinstallation und sonstiges Ausbaugewerbe",3608,20411,2396,18015,18856,1508,17348
2016,Vaud,"45 Handel mit Motorfahrzeugen, Instandhaltung und Reparatur von Motorfahrzeugen",1462,7725,1320,6405,7014,958,6056
2016,Vaud,46 Grosshandel (ohne Handel mit Motorfahrzeugen),2036,17301,5652,11649,15690,4589,11101
2016,Vaud,47 Detailhandel (ohne Handel mit Motorfahrzeugen),4946,29016,18746,10270,22317,13293,9024
2016,Vaud,49 Landverkehr und Transport in Rohrfernleitungen,925,10464,1453,9011,9344,1095,8248
2016,Vaud,50 Schifffahrt,9,311,81,230,291,72,219
2016,Vaud,51 Luftfahrt,7,18,X,X,14,X,X
2016,Vaud,52 Lagerei sowie Erbringung von sonstigen Dienstleistungen für den Verkehr,146,2139,416,1723,1938,325,1612
2016,Vaud,"53 Post-, Kurier- und Expressdienste",302,3435,1428,2007,2850,1031,1819
2016,Vaud,55 Beherbergung,430,5766,2819,2947,4800,2182,2618
2016,Vaud,56 Gastronomie,2462,15267,7173,8094,11505,4833,6672
2016,Vaud,58 Verlagswesen,140,1849,916,933,1449,654,795
2016,Vaud,"59 Herstellung, Verleih und Vertrieb von Filmen und Fernsehprogrammen, Kinos, Tonstudios und Verlegen von Musik",346,1028,380,648,629,175,454
2016,Vaud,60 Rundfunkveranstalter,9,832,360,472,664,264,400
2016,Vaud,61 Telekommunikation,118,2815,745,2070,2527,601,1926
2016,Vaud,62 Erbringung von Dienstleistungen der Informationstechnologie,1341,7776,1519,6257,7037,1196,5841
2016,Vaud,63 Informationsdienstleistungen,78,276,90,186,228,62,166
2016,Vaud,64 Erbringung von Finanzdienstleistungen,479,6622,2569,4053,5888,2087,3800
2016,Vaud,"65 Versicherungen, Rückversicherungen und Pensionskassen (ohne Sozialversicherung)",107,6015,3233,2782,4929,2527,2401
2016,Vaud,66 Mit Finanz- und Versicherungsdienstleistungen verbundene Tätigkeiten,1058,5410,1947,3463,4616,1487,3129
2016,Vaud,68 Grundstücks- und Wohnungswesen,1409,5877,3184,2693,3903,1964,1940
2016,Vaud,"69 Rechts- und Steuerberatung, Wirtschaftsprüfung",1909,6763,4079,2684,5330,2974,2355
2016,Vaud,"70 Verwaltung und Führung von Unternehmen und Betrieben, Unternehmensberatung",1914,13496,5960,7536,11571,4719,6852
2016,Vaud,"71 Architektur- und Ingenieurbüros, technische, physikalische und chemische Untersuchung",2038,10180,3167,7013,8714,2342,6372
2016,Vaud,72 Forschung und Entwicklung,242,3440,1446,1994,3005,1173,1832
2016,Vaud,73 Werbung und Marktforschung,287,1381,665,716,1023,437,587
2016,Vaud,"74 Sonstige freiberufliche, wissenschaftliche und technische Tätigkeiten",2116,3626,1613,2013,2601,1003,1599
2016,Vaud,75 Veterinärwesen,126,449,347,102,332,241,91
2016,Vaud,77 Vermietung von beweglichen Sachen,147,827,250,577,679,196,482
2016,Vaud,78 Vermittlung und Überlassung von Arbeitskräften,249,13137,4202,8935,10310,2576,7734
2016,Vaud,"79 Reisebüros, Reiseveranstalter und Erbringung sonstiger Reservierungsdienstleistungen",234,1167,768,399,896,563,333
2016,Vaud,80 Wach- und Sicherheitsdienste sowie Detekteien,72,2709,556,2153,2288,412,1876
2016,Vaud,"81 Gebäudebetreuung, Garten- und Landschaftsbau",1378,13134,6029,7105,8622,2648,5974
2016,Vaud,82 Erbringung von wirtschaftlichen Dienstleistungen für Unternehmen und Privatpersonen a. n. g.,311,1426,859,567,1082,602,480
2016,Vaud,"84 Öffentliche Verwaltung, Verteidigung, Sozialversicherung",930,17180,8187,8993,14180,6056,8124
2016,Vaud,85 Erziehung und Unterricht,3125,39188,22850,16338,28720,15624,13095
2016,Vaud,86 Gesundheitswesen,6299,43162,32099,11063,32063,22708,9355
2016,Vaud,87 Heime (ohne Erholungs- und Ferienheime),320,15428,11432,3996,11218,8105,3112
2016,Vaud,88 Sozialwesen (ohne Heime),1016,13787,10839,2948,8998,6831,2166
2016,Vaud,"90 Kreative, künstlerische und unterhaltende Tätigkeiten",1150,2654,1172,1482,1493,558,935
2016,Vaud,"91 Bibliotheken, Archive, Museen, botanische und zoologische Gärten",117,1388,939,449,957,607,351
2016,Vaud,"92 Spiel-, Wett- und Lotteriewesen",13,525,205,320,470,174,296
2016,Vaud,"93 Erbringung von Dienstleistungen des Sports, der Unterhaltung und der Erholung",799,5015,2209,2806,3288,1265,2023
2016,Vaud,94 Interessenvertretungen sowie kirchliche und sonstige religiöse Vereinigungen (ohne Sozialwesen und Sport),984,7780,4338,3442,5180,2757,2423
2016,Vaud,95 Reparatur von Datenverarbeitungsgeräten und Gebrauchsgütern,244,550,122,428,455,84,371
2016,Vaud,96 Erbringung von sonstigen überwiegend persönlichen Dienstleistungen,3364,6009,4855,1154,4243,3321,922
2016,Valais / Wallis,Wirtschaftsabteilung - Total,28946,173730,77670,96060,134261,50724,83538
2016,Valais / Wallis,"01 Landwirtschaft, Jagd und damit verbundene Tätigkeiten",3122,9160,3436,5724,4942,1603,3339
2016,Valais / Wallis,02 Forstwirtschaft und Holzeinschlag,54,427,31,396,357,12,345
2016,Valais / Wallis,03 Fischerei und Aquakultur,9,47,19,28,40,15,24
2016,Valais / Wallis,05 Kohlenbergbau,0,0,0,0,0,0,0
2016,Valais / Wallis,06 Gewinnung von Erdöl und Erdgas,0,0,0,0,0,0,0
2016,Valais / Wallis,07 Erzbergbau,0,0,0,0,0,0,0
2016,Valais / Wallis,"08 Gewinnung von Steinen und Erden, sonstiger Bergbau",17,190,22,168,169,14,154
2016,Valais / Wallis,09 Erbringung von Dienstleistungen für den Bergbau und für die Gewinnung von Steinen und Erden,0,0,0,0,0,0,0
2016,Valais / Wallis,10 Herstellung von Nahrungs- und Futtermitteln,223,2059,931,1128,1688,641,1047
2016,Valais / Wallis,11 Getränkeherstellung,80,841,321,520,670,196,474
2016,Valais / Wallis,12 Tabakverarbeitung,0,0,0,0,0,0,0
2016,Valais / Wallis,13 Herstellung von Textilien,31,41,33,8,22,15,6
2016,Valais / Wallis,14 Herstellung von Bekleidung,62,69,60,9,38,31,7
2016,Valais / Wallis,"15 Herstellung von Leder, Lederwaren und Schuhen",6,20,X,X,12,X,X
2016,Valais / Wallis,"16 Herstellung von Holz-, Flecht-, Korb- und Korkwaren (ohne Möbel)",474,2396,243,2153,2206,159,2047
2016,Valais / Wallis,"17 Herstellung von Papier, Pappe und Waren daraus",4,6,X,X,X,X,X
2016,Valais / Wallis,"18 Herstellung von Druckerzeugnissen, Vervielfältigung von bespielten Ton-, Bild- und Datenträgern",93,663,271,392,555,194,361
2016,Valais / Wallis,19 Kokerei und Mineralölverarbeitung,X,20,0,20,20,0,20
2016,Valais / Wallis,20 Herstellung von chemischen Erzeugnissen,30,4536,649,3887,4395,563,3832
2016,Valais / Wallis,21 Herstellung von pharmazeutischen Erzeugnissen,9,841,228,613,796,190,606
2016,Valais / Wallis,22 Herstellung von Gummi- und Kunststoffwaren,16,212,86,126,186,63,123
2016,Valais / Wallis,"23 Herstellung von Glas und Glaswaren, Keramik, Verarbeitung von Steinen und Erden",54,390,61,329,359,41,318
2016,Valais / Wallis,24 Metallerzeugung und -bearbeitung,13,1236,80,1156,1216,72,1144
2016,Valais / Wallis,25 Herstellung von Metallerzeugnissen,239,2041,363,1678,1881,270,1611
2016,Valais / Wallis,"26 Herstellung von Datenverarbeitungsgeräten, elektronischen und optischen Erzeugnissen",35,816,468,348,726,390,336
2016,Valais / Wallis,27 Herstellung von elektrischen Ausrüstungen,22,260,54,206,240,41,199
2016,Valais / Wallis,28 Maschinenbau,36,1056,289,767,1004,257,746
2016,Valais / Wallis,29 Herstellung von Automobilen und Automobilteilen,X,10,X,X,8,X,X
2016,Valais / Wallis,30 Sonstiger Fahrzeugbau,X,15,X,X,14,X,X
2016,Valais / Wallis,31 Herstellung von Möbeln,52,197,37,160,176,25,151
2016,Valais / Wallis,32 Herstellung von sonstigen Waren,108,525,235,290,452,180,272
2016,Valais / Wallis,33 Reparatur und Installation von Maschinen und Ausrüstungen,97,419,65,354,370,36,335
2016,Valais / Wallis,35 Energieversorgung,86,2155,298,1857,1913,205,1708
2016,Valais / Wallis,36 Wasserversorgung,13,32,X,X,22,X,X
2016,Valais / Wallis,37 Abwasserentsorgung,30,140,14,126,119,9,110
2016,Valais / Wallis,"38 Sammlung, Behandlung und Beseitigung von Abfällen, Rückgewinnung",67,435,64,371,386,39,347
2016,Valais / Wallis,39 Beseitigung von Umweltverschmutzungen und sonstige Entsorgung,X,5,X,X,X,X,X
2016,Valais / Wallis,41 Hochbau,500,4799,414,4385,4489,246,4244
2016,Valais / Wallis,42 Tiefbau,47,745,55,690,715,36,679
2016,Valais / Wallis,"43 Vorbereitende Baustellenarbeiten, Bauinstallation und sonstiges Ausbaugewerbe",1952,10654,1258,9396,9740,713,9027
2016,Valais / Wallis,"45 Handel mit Motorfahrzeugen, Instandhaltung und Reparatur von Motorfahrzeugen",772,3601,658,2943,3202,429,2772
2016,Valais / Wallis,46 Grosshandel (ohne Handel mit Motorfahrzeugen),739,4384,1313,3071,3803,936,2868
2016,Valais / Wallis,47 Detailhandel (ohne Handel mit Motorfahrzeugen),2592,14254,10062,4192,10603,6878,3725
2016,Valais / Wallis,49 Landverkehr und Transport in Rohrfernleitungen,512,6434,1139,5295,5507,768,4739
2016,Valais / Wallis,50 Schifffahrt,0,0,0,0,0,0,0
2016,Valais / Wallis,51 Luftfahrt,9,281,53,228,227,38,190
2016,Valais / Wallis,52 Lagerei sowie Erbringung von sonstigen Dienstleistungen für den Verkehr,68,746,130,616,647,77,569
2016,Valais / Wallis,"53 Post-, Kurier- und Expressdienste",174,1327,730,597,1028,481,547
2016,Valais / Wallis,55 Beherbergung,980,8057,4534,3523,6579,3435,3144
2016,Valais / Wallis,56 Gastronomie,1809,9282,5282,4000,7139,3650,3488
2016,Valais / Wallis,58 Verlagswesen,31,133,80,53,95,54,41
2016,Valais / Wallis,"59 Herstellung, Verleih und Vertrieb von Filmen und Fernsehprogrammen, Kinos, Tonstudios und Verlegen von Musik",89,169,52,117,106,24,82
2016,Valais / Wallis,60 Rundfunkveranstalter,10,237,98,139,190,74,116
2016,Valais / Wallis,61 Telekommunikation,49,712,254,458,631,201,430
2016,Valais / Wallis,62 Erbringung von Dienstleistungen der Informationstechnologie,379,1060,230,830,881,149,732
2016,Valais / Wallis,63 Informationsdienstleistungen,21,58,26,32,41,15,26
2016,Valais / Wallis,64 Erbringung von Finanzdienstleistungen,309,2054,958,1096,1670,680,990
2016,Valais / Wallis,"65 Versicherungen, Rückversicherungen und Pensionskassen (ohne Sozialversicherung)",59,1496,640,856,1248,501,748
2016,Valais / Wallis,66 Mit Finanz- und Versicherungsdienstleistungen verbundene Tätigkeiten,309,1923,825,1098,1565,578,987
2016,Valais / Wallis,68 Grundstücks- und Wohnungswesen,965,2353,1320,1033,1450,686,764
2016,Valais / Wallis,"69 Rechts- und Steuerberatung, Wirtschaftsprüfung",740,2262,1405,857,1634,908,726
2016,Valais / Wallis,"70 Verwaltung und Führung von Unternehmen und Betrieben, Unternehmensberatung",408,1218,559,659,960,398,562
2016,Valais / Wallis,"71 Architektur- und Ingenieurbüros, technische, physikalische und chemische Untersuchung",961,4198,1373,2825,3424,900,2524
2016,Valais / Wallis,72 Forschung und Entwicklung,63,578,200,378,493,150,343
2016,Valais / Wallis,73 Werbung und Marktforschung,100,634,343,291,398,180,218
2016,Valais / Wallis,"74 Sonstige freiberufliche, wissenschaftliche und technische Tätigkeiten",618,887,368,519,596,204,392
2016,Valais / Wallis,75 Veterinärwesen,35,165,130,35,117,86,31
2016,Valais / Wallis,77 Vermietung von beweglichen Sachen,69,234,40,194,182,18,163
2016,Valais / Wallis,78 Vermittlung und Überlassung von Arbeitskräften,74,4336,670,3666,3728,418,3310
2016,Valais / Wallis,"79 Reisebüros, Reiseveranstalter und Erbringung sonstiger Reservierungsdienstleistungen",156,1008,569,439,722,381,341
2016,Valais / Wallis,80 Wach- und Sicherheitsdienste sowie Detekteien,37,358,65,293,198,37,161
2016,Valais / Wallis,"81 Gebäudebetreuung, Garten- und Landschaftsbau",541,3107,1354,1753,2173,613,1560
2016,Valais / Wallis,82 Erbringung von wirtschaftlichen Dienstleistungen für Unternehmen und Privatpersonen a. n. g.,143,476,246,230,327,145,182
2016,Valais / Wallis,"84 Öffentliche Verwaltung, Verteidigung, Sozialversicherung",451,6073,2605,3468,4897,1770,3127
2016,Valais / Wallis,85 Erziehung und Unterricht,1275,10015,5629,4386,6249,3284,2965
2016,Valais / Wallis,86 Gesundheitswesen,2009,13037,9872,3165,9288,6739,2548
2016,Valais / Wallis,87 Heime (ohne Erholungs- und Ferienheime),140,6738,5624,1114,4657,3783,874
2016,Valais / Wallis,88 Sozialwesen (ohne Heime),260,3686,2886,800,2253,1699,554
2016,Valais / Wallis,"90 Kreative, künstlerische und unterhaltende Tätigkeiten",604,860,335,525,389,116,274
2016,Valais / Wallis,"91 Bibliotheken, Archive, Museen, botanische und zoologische Gärten",52,316,212,104,214,129,85
2016,Valais / Wallis,"92 Spiel-, Wett- und Lotteriewesen",8,67,27,40,58,18,40
2016,Valais / Wallis,"93 Erbringung von Dienstleistungen des Sports, der Unterhaltung und der Erholung",554,1670,616,1054,1018,294,724
2016,Valais / Wallis,94 Interessenvertretungen sowie kirchliche und sonstige religiöse Vereinigungen (ohne Sozialwesen und Sport),438,2617,1493,1124,1609,877,732
2016,Valais / Wallis,95 Reparatur von Datenverarbeitungsgeräten und Gebrauchsgütern,74,117,29,88,87,17,70
2016,Valais / Wallis,96 Erbringung von sonstigen überwiegend persönlichen Dienstleistungen,1670,3054,2524,530,2046,1632,414
2016,Genève,Wirtschaftsabteilung - Total,40071,346179,154297,191882,286185,115722,170463
2016,Genève,"01 Landwirtschaft, Jagd und damit verbundene Tätigkeiten",399,1668,435,1233,1239,265,974
2016,Genève,02 Forstwirtschaft und Holzeinschlag,9,29,X,X,26,X,X
2016,Genève,03 Fischerei und Aquakultur,10,16,X,X,11,X,X
2016,Genève,05 Kohlenbergbau,0,0,0,0,0,0,0
2016,Genève,06 Gewinnung von Erdöl und Erdgas,0,0,0,0,0,0,0
2016,Genève,07 Erzbergbau,0,0,0,0,0,0,0
2016,Genève,"08 Gewinnung von Steinen und Erden, sonstiger Bergbau",8,56,8,48,54,7,48
2016,Genève,09 Erbringung von Dienstleistungen für den Bergbau und für die Gewinnung von Steinen und Erden,X,53,24,29,50,22,28
2016,Genève,10 Herstellung von Nahrungs- und Futtermitteln,141,1842,534,1308,1676,431,1244
2016,Genève,11 Getränkeherstellung,13,36,9,27,30,7,23
2016,Genève,12 Tabakverarbeitung,X,X,X,X,X,X,X
2016,Genève,13 Herstellung von Textilien,28,90,36,54,76,25,51
2016,Genève,14 Herstellung von Bekleidung,88,510,319,191,466,282,185
2016,Genève,"15 Herstellung von Leder, Lederwaren und Schuhen",21,310,219,91,284,196,87
2016,Genève,"16 Herstellung von Holz-, Flecht-, Korb- und Korkwaren (ohne Möbel)",284,941,95,846,866,66,799
2016,Genève,"17 Herstellung von Papier, Pappe und Waren daraus",6,20,X,X,15,X,X
2016,Genève,"18 Herstellung von Druckerzeugnissen, Vervielfältigung von bespielten Ton-, Bild- und Datenträgern",134,614,196,418,529,151,378
2016,Genève,19 Kokerei und Mineralölverarbeitung,0,0,0,0,0,0,0
2016,Genève,20 Herstellung von chemischen Erzeugnissen,38,2812,987,1825,2733,922,1811
2016,Genève,21 Herstellung von pharmazeutischen Erzeugnissen,18,418,234,184,391,213,177
2016,Genève,22 Herstellung von Gummi- und Kunststoffwaren,16,106,19,87,100,16,84
2016,Genève,"23 Herstellung von Glas und Glaswaren, Keramik, Verarbeitung von Steinen und Erden",57,461,52,409,440,38,402
2016,Genève,24 Metallerzeugung und -bearbeitung,7,85,13,72,80,10,70
2016,Genève,25 Herstellung von Metallerzeugnissen,257,1263,180,1083,1183,139,1044
2016,Genève,"26 Herstellung von Datenverarbeitungsgeräten, elektronischen und optischen Erzeugnissen",174,10990,4331,6659,10611,4057,6554
2016,Genève,27 Herstellung von elektrischen Ausrüstungen,25,1009,233,776,973,210,763
2016,Genève,28 Maschinenbau,29,498,73,425,483,65,417
2016,Genève,29 Herstellung von Automobilen und Automobilteilen,9,94,9,85,93,9,84
2016,Genève,30 Sonstiger Fahrzeugbau,15,395,38,357,383,34,349
2016,Genève,31 Herstellung von Möbeln,40,213,25,188,200,20,180
2016,Genève,32 Herstellung von sonstigen Waren,300,1859,777,1082,1686,652,1034
2016,Genève,33 Reparatur und Installation von Maschinen und Ausrüstungen,61,587,67,520,559,56,502
2016,Genève,35 Energieversorgung,8,1567,334,1233,1486,282,1204
2016,Genève,36 Wasserversorgung,X,X,X,X,X,X,X
2016,Genève,37 Abwasserentsorgung,14,355,37,318,344,31,314
2016,Genève,"38 Sammlung, Behandlung und Beseitigung von Abfällen, Rückgewinnung",32,560,65,495,537,52,485
2016,Genève,39 Beseitigung von Umweltverschmutzungen und sonstige Entsorgung,X,31,7,24,30,7,24
2016,Genève,41 Hochbau,563,4869,461,4408,4601,341,4260
2016,Genève,42 Tiefbau,32,658,67,591,639,57,583
2016,Genève,"43 Vorbereitende Baustellenarbeiten, Bauinstallation und sonstiges Ausbaugewerbe",2054,13065,1272,11793,12281,934,11348
2016,Genève,"45 Handel mit Motorfahrzeugen, Instandhaltung und Reparatur von Motorfahrzeugen",716,3748,459,3289,3491,374,3118
2016,Genève,46 Grosshandel (ohne Handel mit Motorfahrzeugen),1553,18453,7274,11179,17221,6472,10749
2016,Genève,47 Detailhandel (ohne Handel mit Motorfahrzeugen),3330,20038,11946,8092,16249,9091,7159
2016,Genève,49 Landverkehr und Transport in Rohrfernleitungen,1392,6996,1011,5985,6164,755,5409
2016,Genève,50 Schifffahrt,11,761,277,484,751,272,479
2016,Genève,51 Luftfahrt,49,1471,673,798,1309,538,771
2016,Genève,52 Lagerei sowie Erbringung von sonstigen Dienstleistungen für den Verkehr,220,6081,1825,4256,5368,1427,3941
2016,Genève,"53 Post-, Kurier- und Expressdienste",154,2275,741,1534,1880,539,1341
2016,Genève,55 Beherbergung,145,4650,2115,2535,4178,1830,2347
2016,Genève,56 Gastronomie,2077,13666,5176,8490,10995,3761,7233
2016,Genève,58 Verlagswesen,102,612,266,346,466,188,278
2016,Genève,"59 Herstellung, Verleih und Vertrieb von Filmen und Fernsehprogrammen, Kinos, Tonstudios und Verlegen von Musik",278,953,345,608,659,202,457
2016,Genève,60 Rundfunkveranstalter,14,1612,660,952,1298,495,803
2016,Genève,61 Telekommunikation,83,1426,271,1155,1339,237,1102
2016,Genève,62 Erbringung von Dienstleistungen der Informationstechnologie,998,6952,1405,5547,6396,1153,5243
2016,Genève,63 Informationsdienstleistungen,63,589,249,340,520,206,314
2016,Genève,64 Erbringung von Finanzdienstleistungen,625,19593,7305,12288,18670,6696,11973
2016,Genève,"65 Versicherungen, Rückversicherungen und Pensionskassen (ohne Sozialversicherung)",48,976,526,450,849,443,406
2016,Genève,66 Mit Finanz- und Versicherungsdienstleistungen verbundene Tätigkeiten,1582,8871,3278,5593,7863,2713,5150
2016,Genève,68 Grundstücks- und Wohnungswesen,1003,7297,3878,3419,4992,2499,2492
2016,Genève,"69 Rechts- und Steuerberatung, Wirtschaftsprüfung",2193,9536,5282,4254,7979,4152,3828
2016,Genève,"70 Verwaltung und Führung von Unternehmen und Betrieben, Unternehmensberatung",1473,8750,3374,5376,7523,2699,4824
2016,Genève,"71 Architektur- und Ingenieurbüros, technische, physikalische und chemische Untersuchung",1303,6557,2054,4503,5662,1575,4087
2016,Genève,72 Forschung und Entwicklung,134,1331,588,743,1182,492,690
2016,Genève,73 Werbung und Marktforschung,238,1172,521,651,952,388,564
2016,Genève,"74 Sonstige freiberufliche, wissenschaftliche und technische Tätigkeiten",1500,2549,1096,1453,1887,717,1170
2016,Genève,75 Veterinärwesen,33,146,115,31,112,85,27
2016,Genève,77 Vermietung von beweglichen Sachen,149,1559,360,1199,1324,273,1052
2016,Genève,78 Vermittlung und Überlassung von Arbeitskräften,244,12777,4394,8383,10194,3037,7157
2016,Genève,"79 Reisebüros, Reiseveranstalter und Erbringung sonstiger Reservierungsdienstleistungen",214,1335,804,531,1108,639,469
2016,Genève,80 Wach- und Sicherheitsdienste sowie Detekteien,123,3742,604,3138,2864,403,2461
2016,Genève,"81 Gebäudebetreuung, Garten- und Landschaftsbau",729,13829,6912,6917,8355,3004,5351
2016,Genève,82 Erbringung von wirtschaftlichen Dienstleistungen für Unternehmen und Privatpersonen a. n. g.,250,1517,793,724,1200,588,612
2016,Genève,"84 Öffentliche Verwaltung, Verteidigung, Sozialversicherung",475,13917,6646,7271,12368,5354,7015
2016,Genève,85 Erziehung und Unterricht,1603,24781,14662,10119,17420,9940,7480
2016,Genève,86 Gesundheitswesen,4791,28356,20219,8137,22247,15508,6739
2016,Genève,87 Heime (ohne Erholungs- und Ferienheime),240,9234,6547,2687,7033,4929,2105
2016,Genève,88 Sozialwesen (ohne Heime),832,10221,7580,2641,6887,5041,1846
2016,Genève,"90 Kreative, künstlerische und unterhaltende Tätigkeiten",667,2738,1104,1634,1609,559,1051
2016,Genève,"91 Bibliotheken, Archive, Museen, botanische und zoologische Gärten",90,1256,683,573,969,480,489
2016,Genève,"92 Spiel-, Wett- und Lotteriewesen",4,108,37,71,94,28,66
2016,Genève,"93 Erbringung von Dienstleistungen des Sports, der Unterhaltung und der Erholung",507,2997,1123,1874,2029,649,1380
2016,Genève,94 Interessenvertretungen sowie kirchliche und sonstige religiöse Vereinigungen (ohne Sozialwesen und Sport),973,8460,4926,3534,6237,3523,2714
2016,Genève,95 Reparatur von Datenverarbeitungsgeräten und Gebrauchsgütern,162,296,60,236,238,40,198
2016,Genève,96 Erbringung von sonstigen überwiegend persönlichen Dienstleistungen,1805,3912,2960,952,2894,2119,774
2017,Schweiz,Wirtschaftsabteilung - Total,685264,5182557,2354697,2827860,4013168,1559546,2453622
2017,Schweiz,"01 Landwirtschaft, Jagd und damit verbundene Tätigkeiten",52622,156132,56635,99497,100872,28787,72085
2017,Schweiz,02 Forstwirtschaft und Holzeinschlag,1352,6102,502,5600,5158,284,4874
2017,Schweiz,03 Fischerei und Aquakultur,191,496,136,360,388,97,291
2017,Schweiz,05 Kohlenbergbau,0,0,0,0,0,0,0
2017,Schweiz,06 Gewinnung von Erdöl und Erdgas,0,0,0,0,0,0,0
2017,Schweiz,07 Erzbergbau,0,0,0,0,0,0,0
2017,Schweiz,"08 Gewinnung von Steinen und Erden, sonstiger Bergbau",343,4851,602,4249,4444,388,4056
2017,Schweiz,09 Erbringung von Dienstleistungen für den Bergbau und für die Gewinnung von Steinen und Erden,14,77,22,55,71,19,52
2017,Schweiz,10 Herstellung von Nahrungs- und Futtermitteln,4547,81482,35987,45495,68864,26363,42501
2017,Schweiz,11 Getränkeherstellung,559,6123,1875,4248,5150,1255,3895
2017,Schweiz,12 Tabakverarbeitung,12,2025,614,1411,1891,534,1357
2017,Schweiz,13 Herstellung von Textilien,834,7426,3813,3613,6264,2834,3430
2017,Schweiz,14 Herstellung von Bekleidung,1785,5741,4522,1219,4242,3134,1108
2017,Schweiz,"15 Herstellung von Leder, Lederwaren und Schuhen",323,1919,1071,848,1625,861,764
2017,Schweiz,"16 Herstellung von Holz-, Flecht-, Korb- und Korkwaren (ohne Möbel)",7433,40007,5818,34189,35776,3699,32077
2017,Schweiz,"17 Herstellung von Papier, Pappe und Waren daraus",191,7470,2216,5254,6864,1775,5088
2017,Schweiz,"18 Herstellung von Druckerzeugnissen, Vervielfältigung von bespielten Ton-, Bild- und Datenträgern",2211,19162,7362,11800,16387,5402,10986
2017,Schweiz,19 Kokerei und Mineralölverarbeitung,7,685,139,546,646,111,535
2017,Schweiz,20 Herstellung von chemischen Erzeugnissen,768,28807,8288,20519,26998,6976,20022
2017,Schweiz,21 Herstellung von pharmazeutischen Erzeugnissen,300,45941,19367,26574,43300,17232,26068
2017,Schweiz,22 Herstellung von Gummi- und Kunststoffwaren,802,22612,6651,15961,20968,5506,15462
2017,Schweiz,"23 Herstellung von Glas und Glaswaren, Keramik, Verarbeitung von Steinen und Erden",1504,17532,3194,14338,16186,2399,13787
2017,Schweiz,24 Metallerzeugung und -bearbeitung,274,11937,1722,10215,11375,1437,9939
2017,Schweiz,25 Herstellung von Metallerzeugnissen,7550,84735,17067,67668,77358,12904,64453
2017,Schweiz,"26 Herstellung von Datenverarbeitungsgeräten, elektronischen und optischen Erzeugnissen",2167,104570,40570,64000,98229,35935,62294
2017,Schweiz,27 Herstellung von elektrischen Ausrüstungen,872,31974,8426,23548,29875,7057,22818
2017,Schweiz,28 Maschinenbau,2151,75726,13195,62531,71284,10686,60597
2017,Schweiz,29 Herstellung von Automobilen und Automobilteilen,238,4671,752,3919,4380,598,3783
2017,Schweiz,30 Sonstiger Fahrzeugbau,240,11582,1533,10049,11073,1290,9783
2017,Schweiz,31 Herstellung von Möbeln,933,9508,2023,7485,8622,1502,7120
2017,Schweiz,32 Herstellung von sonstigen Waren,3803,27581,11878,15703,24264,9446,14818
2017,Schweiz,33 Reparatur und Installation von Maschinen und Ausrüstungen,2770,19563,3017,16546,17680,2043,15637
2017,Schweiz,35 Energieversorgung,1109,29080,5680,23400,25354,4008,21346
2017,Schweiz,36 Wasserversorgung,449,2400,418,1982,1635,228,1407
2017,Schweiz,37 Abwasserentsorgung,628,4928,590,4338,4421,379,4041
2017,Schweiz,"38 Sammlung, Behandlung und Beseitigung von Abfällen, Rückgewinnung",932,11926,1944,9982,10587,1355,9232
2017,Schweiz,39 Beseitigung von Umweltverschmutzungen und sonstige Entsorgung,38,247,23,224,221,15,205
2017,Schweiz,41 Hochbau,8850,89882,9438,80444,82965,5951,77014
2017,Schweiz,42 Tiefbau,1121,24169,2073,22096,22740,1383,21357
2017,Schweiz,"43 Vorbereitende Baustellenarbeiten, Bauinstallation und sonstiges Ausbaugewerbe",40240,242795,31384,211411,219616,18668,200948
2017,Schweiz,"45 Handel mit Motorfahrzeugen, Instandhaltung und Reparatur von Motorfahrzeugen",17185,87919,15940,71979,77072,10711,66361
2017,Schweiz,46 Grosshandel (ohne Handel mit Motorfahrzeugen),25734,223804,81825,141979,195113,62868,132245
2017,Schweiz,47 Detailhandel (ohne Handel mit Motorfahrzeugen),50737,309782,212034,97748,229071,144143,84928
2017,Schweiz,49 Landverkehr und Transport in Rohrfernleitungen,12285,122777,19533,103244,105928,13935,91993
2017,Schweiz,50 Schifffahrt,197,4363,1141,3222,3795,903,2892
2017,Schweiz,51 Luftfahrt,226,12297,5870,6427,10116,4235,5881
2017,Schweiz,52 Lagerei sowie Erbringung von sonstigen Dienstleistungen für den Verkehr,2466,59639,17359,42280,51886,13009,38878
2017,Schweiz,"53 Post-, Kurier- und Expressdienste",3143,45086,19969,25117,32010,12344,19667
2017,Schweiz,55 Beherbergung,6067,76431,42458,33973,61219,31136,30083
2017,Schweiz,56 Gastronomie,26585,178678,94527,84151,125289,58328,66962
2017,Schweiz,58 Verlagswesen,1538,18065,8840,9225,13452,5909,7542
2017,Schweiz,"59 Herstellung, Verleih und Vertrieb von Filmen und Fernsehprogrammen, Kinos, Tonstudios und Verlegen von Musik",3335,9906,3721,6185,6226,1834,4392
2017,Schweiz,60 Rundfunkveranstalter,171,10169,4111,6058,7805,2814,4991
2017,Schweiz,61 Telekommunikation,1189,27561,7018,20543,24697,5538,19158
2017,Schweiz,62 Erbringung von Dienstleistungen der Informationstechnologie,17164,97418,20804,76614,84568,14734,69834
2017,Schweiz,63 Informationsdienstleistungen,1137,11480,3712,7768,9759,2772,6986
2017,Schweiz,64 Erbringung von Finanzdienstleistungen,8807,122254,48221,74033,107479,39178,68301
2017,Schweiz,"65 Versicherungen, Rückversicherungen und Pensionskassen (ohne Sozialversicherung)",1284,52127,25265,26862,43996,20028,23968
2017,Schweiz,66 Mit Finanz- und Versicherungsdienstleistungen verbundene Tätigkeiten,10903,69349,26314,43035,58608,19777,38831
2017,Schweiz,68 Grundstücks- und Wohnungswesen,18565,72916,37400,35516,42717,19674,23043
2017,Schweiz,"69 Rechts- und Steuerberatung, Wirtschaftsprüfung",23302,85744,47530,38214,65118,32537,32581
2017,Schweiz,"70 Verwaltung und Führung von Unternehmen und Betrieben, Unternehmensberatung",23228,122107,50209,71898,101601,37503,64097
2017,Schweiz,"71 Architektur- und Ingenieurbüros, technische, physikalische und chemische Untersuchung",26010,133299,41052,92247,110307,28219,82089
2017,Schweiz,72 Forschung und Entwicklung,1816,26762,10591,16171,23483,8583,14901
2017,Schweiz,73 Werbung und Marktforschung,4366,25831,13303,12528,17706,7917,9789
2017,Schweiz,"74 Sonstige freiberufliche, wissenschaftliche und technische Tätigkeiten",20412,35968,16464,19504,24111,9513,14598
2017,Schweiz,75 Veterinärwesen,1312,6661,5055,1606,4794,3447,1347
2017,Schweiz,77 Vermietung von beweglichen Sachen,1817,10636,2959,7677,8430,2111,6318
2017,Schweiz,78 Vermittlung und Überlassung von Arbeitskräften,2770,122525,35281,87244,96921,22692,74229
2017,Schweiz,"79 Reisebüros, Reiseveranstalter und Erbringung sonstiger Reservierungsdienstleistungen",2768,18420,11828,6592,13533,8264,5269
2017,Schweiz,80 Wach- und Sicherheitsdienste sowie Detekteien,930,22445,4671,17774,16071,2974,13097
2017,Schweiz,"81 Gebäudebetreuung, Garten- und Landschaftsbau",16100,139104,69543,69561,88210,30957,57253
2017,Schweiz,82 Erbringung von wirtschaftlichen Dienstleistungen für Unternehmen und Privatpersonen a. n. g.,3630,21099,11426,9673,15498,7550,7948
2017,Schweiz,"84 Öffentliche Verwaltung, Verteidigung, Sozialversicherung",8517,194140,91587,102553,159481,66176,93306
2017,Schweiz,85 Erziehung und Unterricht,33482,369386,227428,141958,228006,130887,97119
2017,Schweiz,86 Gesundheitswesen,60629,408516,311922,96594,288713,210284,78429
2017,Schweiz,87 Heime (ohne Erholungs- und Ferienheime),3939,192125,146838,45287,134540,100123,34417
2017,Schweiz,88 Sozialwesen (ohne Heime),11674,118107,88760,29347,70646,51423,19223
2017,Schweiz,"90 Kreative, künstlerische und unterhaltende Tätigkeiten",15064,31344,13635,17709,16506,5886,10620
2017,Schweiz,"91 Bibliotheken, Archive, Museen, botanische und zoologische Gärten",1187,13694,8951,4743,8541,4983,3559
2017,Schweiz,"92 Spiel-, Wett- und Lotteriewesen",81,3291,1484,1807,2659,1108,1551
2017,Schweiz,"93 Erbringung von Dienstleistungen des Sports, der Unterhaltung und der Erholung",9061,52306,24062,28244,29656,10672,18984
2017,Schweiz,94 Interessenvertretungen sowie kirchliche und sonstige religiöse Vereinigungen (ohne Sozialwesen und Sport),12907,100481,55823,44658,60356,32576,27780
2017,Schweiz,95 Reparatur von Datenverarbeitungsgeräten und Gebrauchsgütern,2600,5842,1556,4286,4454,998,3456
2017,Schweiz,96 Erbringung von sonstigen überwiegend persönlichen Dienstleistungen,38781,68839,56130,12709,45245,35748,9497
2017,Vaud,Wirtschaftsabteilung - Total,60678,447134,206770,240364,355718,143672,212046
2017,Vaud,"01 Landwirtschaft, Jagd und damit verbundene Tätigkeiten",3689,12695,4099,8596,8715,2114,6601
2017,Vaud,02 Forstwirtschaft und Holzeinschlag,137,605,44,561,534,28,506
2017,Vaud,03 Fischerei und Aquakultur,48,128,35,93,110,28,82
2017,Vaud,05 Kohlenbergbau,0,0,0,0,0,0,0
2017,Vaud,06 Gewinnung von Erdöl und Erdgas,0,0,0,0,0,0,0
2017,Vaud,07 Erzbergbau,0,0,0,0,0,0,0
2017,Vaud,"08 Gewinnung von Steinen und Erden, sonstiger Bergbau",18,232,26,206,217,17,200
2017,Vaud,09 Erbringung von Dienstleistungen für den Bergbau und für die Gewinnung von Steinen und Erden,0,0,0,0,0,0,0
2017,Vaud,10 Herstellung von Nahrungs- und Futtermitteln,408,5829,2247,3582,5007,1649,3358
2017,Vaud,11 Getränkeherstellung,74,702,180,522,595,133,462
2017,Vaud,12 Tabakverarbeitung,X,26,13,13,22,10,12
2017,Vaud,13 Herstellung von Textilien,57,112,67,45,85,44,41
2017,Vaud,14 Herstellung von Bekleidung,144,187,168,19,101,87,14
2017,Vaud,"15 Herstellung von Leder, Lederwaren und Schuhen",28,43,20,23,31,12,18
2017,Vaud,"16 Herstellung von Holz-, Flecht-, Korb- und Korkwaren (ohne Möbel)",633,2611,311,2300,2411,207,2204
2017,Vaud,"17 Herstellung von Papier, Pappe und Waren daraus",11,213,59,154,201,53,148
2017,Vaud,"18 Herstellung von Druckerzeugnissen, Vervielfältigung von bespielten Ton-, Bild- und Datenträgern",176,1261,389,872,1103,291,813
2017,Vaud,19 Kokerei und Mineralölverarbeitung,0,0,0,0,0,0,0
2017,Vaud,20 Herstellung von chemischen Erzeugnissen,70,1601,590,1011,1504,519,985
2017,Vaud,21 Herstellung von pharmazeutischen Erzeugnissen,19,3273,1302,1971,3176,1230,1946
2017,Vaud,22 Herstellung von Gummi- und Kunststoffwaren,46,721,155,566,681,127,554
2017,Vaud,"23 Herstellung von Glas und Glaswaren, Keramik, Verarbeitung von Steinen und Erden",114,1276,187,1089,1194,141,1054
2017,Vaud,24 Metallerzeugung und -bearbeitung,17,265,49,216,254,40,214
2017,Vaud,25 Herstellung von Metallerzeugnissen,592,4304,794,3510,3998,625,3373
2017,Vaud,"26 Herstellung von Datenverarbeitungsgeräten, elektronischen und optischen Erzeugnissen",194,8205,3415,4790,7773,3091,4682
2017,Vaud,27 Herstellung von elektrischen Ausrüstungen,64,1098,463,635,1032,415,617
2017,Vaud,28 Maschinenbau,77,2765,376,2389,2677,332,2345
2017,Vaud,29 Herstellung von Automobilen und Automobilteilen,12,291,61,230,273,48,225
2017,Vaud,30 Sonstiger Fahrzeugbau,24,947,105,842,920,93,827
2017,Vaud,31 Herstellung von Möbeln,86,418,91,327,385,74,311
2017,Vaud,32 Herstellung von sonstigen Waren,308,2202,878,1324,1999,724,1275
2017,Vaud,33 Reparatur und Installation von Maschinen und Ausrüstungen,209,942,145,797,849,92,758
2017,Vaud,35 Energieversorgung,77,2340,552,1788,2140,428,1712
2017,Vaud,36 Wasserversorgung,42,306,58,248,263,41,222
2017,Vaud,37 Abwasserentsorgung,63,420,47,373,377,32,345
2017,Vaud,"38 Sammlung, Behandlung und Beseitigung von Abfällen, Rückgewinnung",80,998,148,850,872,106,766
2017,Vaud,39 Beseitigung von Umweltverschmutzungen und sonstige Entsorgung,X,28,X,X,27,X,X
2017,Vaud,41 Hochbau,820,6552,780,5772,6132,551,5581
2017,Vaud,42 Tiefbau,43,1477,104,1373,1424,80,1344
2017,Vaud,"43 Vorbereitende Baustellenarbeiten, Bauinstallation und sonstiges Ausbaugewerbe",3629,21036,2446,18590,19404,1535,17869
2017,Vaud,"45 Handel mit Motorfahrzeugen, Instandhaltung und Reparatur von Motorfahrzeugen",1491,7660,1302,6358,6918,952,5966
2017,Vaud,46 Grosshandel (ohne Handel mit Motorfahrzeugen),2010,17466,5734,11732,15759,4622,11137
2017,Vaud,47 Detailhandel (ohne Handel mit Motorfahrzeugen),4964,28975,18553,10422,22031,12944,9086
2017,Vaud,49 Landverkehr und Transport in Rohrfernleitungen,958,10621,1488,9133,9515,1156,8360
2017,Vaud,50 Schifffahrt,9,276,63,213,255,52,203
2017,Vaud,51 Luftfahrt,7,19,X,X,17,X,X
2017,Vaud,52 Lagerei sowie Erbringung von sonstigen Dienstleistungen für den Verkehr,146,2132,383,1749,1931,308,1624
2017,Vaud,"53 Post-, Kurier- und Expressdienste",283,3155,1261,1894,2746,983,1763
2017,Vaud,55 Beherbergung,419,5771,2737,3034,4797,2097,2699
2017,Vaud,56 Gastronomie,2501,15230,7131,8099,11340,4724,6616
2017,Vaud,58 Verlagswesen,151,1649,831,818,1241,558,684
2017,Vaud,"59 Herstellung, Verleih und Vertrieb von Filmen und Fernsehprogrammen, Kinos, Tonstudios und Verlegen von Musik",374,990,343,647,617,165,452
2017,Vaud,60 Rundfunkveranstalter,11,846,389,457,662,278,384
2017,Vaud,61 Telekommunikation,114,2767,712,2055,2471,559,1912
2017,Vaud,62 Erbringung von Dienstleistungen der Informationstechnologie,1417,8265,1656,6609,7425,1280,6145
2017,Vaud,63 Informationsdienstleistungen,86,305,84,221,258,60,197
2017,Vaud,64 Erbringung von Finanzdienstleistungen,506,6494,2507,3987,5814,2060,3755
2017,Vaud,"65 Versicherungen, Rückversicherungen und Pensionskassen (ohne Sozialversicherung)",110,5942,3246,2696,4874,2528,2346
2017,Vaud,66 Mit Finanz- und Versicherungsdienstleistungen verbundene Tätigkeiten,1062,5382,1979,3403,4627,1521,3106
2017,Vaud,68 Grundstücks- und Wohnungswesen,1437,6167,3354,2813,3899,1947,1952
2017,Vaud,"69 Rechts- und Steuerberatung, Wirtschaftsprüfung",1978,7001,4160,2841,5478,3002,2476
2017,Vaud,"70 Verwaltung und Führung von Unternehmen und Betrieben, Unternehmensberatung",2088,13757,6119,7638,11698,4803,6895
2017,Vaud,"71 Architektur- und Ingenieurbüros, technische, physikalische und chemische Untersuchung",2054,10596,3288,7308,9042,2410,6633
2017,Vaud,72 Forschung und Entwicklung,248,3750,1595,2155,3315,1320,1995
2017,Vaud,73 Werbung und Marktforschung,289,1437,680,757,1051,442,609
2017,Vaud,"74 Sonstige freiberufliche, wissenschaftliche und technische Tätigkeiten",2287,3931,1751,2180,2806,1080,1727
2017,Vaud,75 Veterinärwesen,127,482,379,103,355,265,90
2017,Vaud,77 Vermietung von beweglichen Sachen,162,857,263,594,713,211,502
2017,Vaud,78 Vermittlung und Überlassung von Arbeitskräften,259,14563,4740,9823,11399,2939,8461
2017,Vaud,"79 Reisebüros, Reiseveranstalter und Erbringung sonstiger Reservierungsdienstleistungen",247,1163,778,385,896,575,321
2017,Vaud,80 Wach- und Sicherheitsdienste sowie Detekteien,73,2802,564,2238,2388,428,1960
2017,Vaud,"81 Gebäudebetreuung, Garten- und Landschaftsbau",1410,13262,6071,7191,8784,2720,6064
2017,Vaud,82 Erbringung von wirtschaftlichen Dienstleistungen für Unternehmen und Privatpersonen a. n. g.,299,1409,803,606,1078,562,516
2017,Vaud,"84 Öffentliche Verwaltung, Verteidigung, Sozialversicherung",939,17381,8357,9024,14293,6133,8160
2017,Vaud,85 Erziehung und Unterricht,3266,39672,23026,16646,29160,15813,13347
2017,Vaud,86 Gesundheitswesen,6635,44312,32816,11496,32710,23088,9622
2017,Vaud,87 Heime (ohne Erholungs- und Ferienheime),318,15569,11542,4027,11147,8020,3127
2017,Vaud,88 Sozialwesen (ohne Heime),1041,14651,11617,3034,9429,7221,2208
2017,Vaud,"90 Kreative, künstlerische und unterhaltende Tätigkeiten",1202,2692,1153,1539,1525,526,999
2017,Vaud,"91 Bibliotheken, Archive, Museen, botanische und zoologische Gärten",120,1505,1003,502,1016,628,389
2017,Vaud,"92 Spiel-, Wett- und Lotteriewesen",13,534,218,316,480,185,295
2017,Vaud,"93 Erbringung von Dienstleistungen des Sports, der Unterhaltung und der Erholung",837,5354,2322,3032,3589,1354,2235
2017,Vaud,94 Interessenvertretungen sowie kirchliche und sonstige religiöse Vereinigungen (ohne Sozialwesen und Sport),1008,7544,4309,3235,4997,2759,2239
2017,Vaud,95 Reparatur von Datenverarbeitungsgeräten und Gebrauchsgütern,257,559,127,432,443,85,358
2017,Vaud,96 Erbringung von sonstigen überwiegend persönlichen Dienstleistungen,3452,6130,4922,1208,4242,3308,934
2017,Valais / Wallis,Wirtschaftsabteilung - Total,29313,176738,79217,97521,135842,51261,84581
2017,Valais / Wallis,"01 Landwirtschaft, Jagd und damit verbundene Tätigkeiten",3070,9634,3649,5985,5261,1714,3547
2017,Valais / Wallis,02 Forstwirtschaft und Holzeinschlag,54,431,29,402,359,11,348
2017,Valais / Wallis,03 Fischerei und Aquakultur,9,51,19,32,42,15,27
2017,Valais / Wallis,05 Kohlenbergbau,0,0,0,0,0,0,0
2017,Valais / Wallis,06 Gewinnung von Erdöl und Erdgas,0,0,0,0,0,0,0
2017,Valais / Wallis,07 Erzbergbau,0,0,0,0,0,0,0
2017,Valais / Wallis,"08 Gewinnung von Steinen und Erden, sonstiger Bergbau",19,220,24,196,196,15,181
2017,Valais / Wallis,09 Erbringung von Dienstleistungen für den Bergbau und für die Gewinnung von Steinen und Erden,0,0,0,0,0,0,0
2017,Valais / Wallis,10 Herstellung von Nahrungs- und Futtermitteln,217,2009,882,1127,1646,605,1041
2017,Valais / Wallis,11 Getränkeherstellung,84,857,327,530,688,204,484
2017,Valais / Wallis,12 Tabakverarbeitung,0,0,0,0,0,0,0
2017,Valais / Wallis,13 Herstellung von Textilien,28,38,X,X,21,X,X
2017,Valais / Wallis,14 Herstellung von Bekleidung,68,76,66,10,42,34,8
2017,Valais / Wallis,"15 Herstellung von Leder, Lederwaren und Schuhen",7,17,X,X,10,X,X
2017,Valais / Wallis,"16 Herstellung von Holz-, Flecht-, Korb- und Korkwaren (ohne Möbel)",466,2370,247,2123,2183,157,2027
2017,Valais / Wallis,"17 Herstellung von Papier, Pappe und Waren daraus",X,16,X,X,10,X,X
2017,Valais / Wallis,"18 Herstellung von Druckerzeugnissen, Vervielfältigung von bespielten Ton-, Bild- und Datenträgern",92,580,246,334,486,179,307
2017,Valais / Wallis,19 Kokerei und Mineralölverarbeitung,0,0,0,0,0,0,0
2017,Valais / Wallis,20 Herstellung von chemischen Erzeugnissen,32,4588,691,3897,4446,603,3843
2017,Valais / Wallis,21 Herstellung von pharmazeutischen Erzeugnissen,11,804,223,581,760,190,571
2017,Valais / Wallis,22 Herstellung von Gummi- und Kunststoffwaren,13,220,97,123,190,69,120
2017,Valais / Wallis,"23 Herstellung von Glas und Glaswaren, Keramik, Verarbeitung von Steinen und Erden",50,362,61,301,330,39,292
2017,Valais / Wallis,24 Metallerzeugung und -bearbeitung,11,1192,79,1113,1166,71,1095
2017,Valais / Wallis,25 Herstellung von Metallerzeugnissen,241,2033,373,1660,1845,268,1577
2017,Valais / Wallis,"26 Herstellung von Datenverarbeitungsgeräten, elektronischen und optischen Erzeugnissen",34,740,416,324,652,340,312
2017,Valais / Wallis,27 Herstellung von elektrischen Ausrüstungen,22,259,54,205,239,39,199
2017,Valais / Wallis,28 Maschinenbau,36,1217,315,902,1155,280,875
2017,Valais / Wallis,29 Herstellung von Automobilen und Automobilteilen,X,7,X,X,6,X,X
2017,Valais / Wallis,30 Sonstiger Fahrzeugbau,X,13,X,X,12,X,X
2017,Valais / Wallis,31 Herstellung von Möbeln,50,204,37,167,182,25,157
2017,Valais / Wallis,32 Herstellung von sonstigen Waren,114,534,237,297,463,181,282
2017,Valais / Wallis,33 Reparatur und Installation von Maschinen und Ausrüstungen,105,422,61,361,379,36,343
2017,Valais / Wallis,35 Energieversorgung,82,2131,291,1840,1891,193,1698
2017,Valais / Wallis,36 Wasserversorgung,12,33,X,X,24,X,X
2017,Valais / Wallis,37 Abwasserentsorgung,28,142,13,129,123,9,114
2017,Valais / Wallis,"38 Sammlung, Behandlung und Beseitigung von Abfällen, Rückgewinnung",61,403,56,347,371,36,335
2017,Valais / Wallis,39 Beseitigung von Umweltverschmutzungen und sonstige Entsorgung,X,X,X,X,X,X,X
2017,Valais / Wallis,41 Hochbau,518,4727,426,4301,4406,253,4153
2017,Valais / Wallis,42 Tiefbau,47,730,61,669,696,39,657
2017,Valais / Wallis,"43 Vorbereitende Baustellenarbeiten, Bauinstallation und sonstiges Ausbaugewerbe",1949,10636,1271,9365,9691,707,8984
2017,Valais / Wallis,"45 Handel mit Motorfahrzeugen, Instandhaltung und Reparatur von Motorfahrzeugen",774,3575,636,2939,3157,416,2741
2017,Valais / Wallis,46 Grosshandel (ohne Handel mit Motorfahrzeugen),750,4372,1358,3014,3728,943,2785
2017,Valais / Wallis,47 Detailhandel (ohne Handel mit Motorfahrzeugen),2597,14228,10028,4200,10480,6767,3714
2017,Valais / Wallis,49 Landverkehr und Transport in Rohrfernleitungen,518,6890,1264,5626,5942,880,5062
2017,Valais / Wallis,50 Schifffahrt,X,X,X,X,X,X,X
2017,Valais / Wallis,51 Luftfahrt,11,299,55,244,236,36,200
2017,Valais / Wallis,52 Lagerei sowie Erbringung von sonstigen Dienstleistungen für den Verkehr,69,720,134,586,622,84,538
2017,Valais / Wallis,"53 Post-, Kurier- und Expressdienste",159,1228,679,549,1002,490,512
2017,Valais / Wallis,55 Beherbergung,980,8049,4528,3521,6493,3377,3116
2017,Valais / Wallis,56 Gastronomie,1794,9418,5283,4135,7187,3571,3616
2017,Valais / Wallis,58 Verlagswesen,32,114,71,43,78,45,33
2017,Valais / Wallis,"59 Herstellung, Verleih und Vertrieb von Filmen und Fernsehprogrammen, Kinos, Tonstudios und Verlegen von Musik",97,190,55,135,121,26,94
2017,Valais / Wallis,60 Rundfunkveranstalter,8,239,100,139,192,74,118
2017,Valais / Wallis,61 Telekommunikation,46,666,232,434,584,175,409
2017,Valais / Wallis,62 Erbringung von Dienstleistungen der Informationstechnologie,391,1151,238,913,955,150,805
2017,Valais / Wallis,63 Informationsdienstleistungen,21,59,25,34,42,14,28
2017,Valais / Wallis,64 Erbringung von Finanzdienstleistungen,297,2018,953,1065,1671,701,971
2017,Valais / Wallis,"65 Versicherungen, Rückversicherungen und Pensionskassen (ohne Sozialversicherung)",58,1488,625,863,1248,484,763
2017,Valais / Wallis,66 Mit Finanz- und Versicherungsdienstleistungen verbundene Tätigkeiten,316,1967,836,1131,1617,594,1023
2017,Valais / Wallis,68 Grundstücks- und Wohnungswesen,990,2562,1410,1152,1587,748,839
2017,Valais / Wallis,"69 Rechts- und Steuerberatung, Wirtschaftsprüfung",755,2261,1394,867,1608,878,730
2017,Valais / Wallis,"70 Verwaltung und Führung von Unternehmen und Betrieben, Unternehmensberatung",427,1265,580,685,988,400,588
2017,Valais / Wallis,"71 Architektur- und Ingenieurbüros, technische, physikalische und chemische Untersuchung",972,4378,1388,2990,3598,906,2692
2017,Valais / Wallis,72 Forschung und Entwicklung,58,592,205,387,512,157,356
2017,Valais / Wallis,73 Werbung und Marktforschung,112,582,314,268,344,161,183
2017,Valais / Wallis,"74 Sonstige freiberufliche, wissenschaftliche und technische Tätigkeiten",690,993,409,584,661,227,434
2017,Valais / Wallis,75 Veterinärwesen,35,161,125,36,116,85,31
2017,Valais / Wallis,77 Vermietung von beweglichen Sachen,72,232,38,194,176,18,158
2017,Valais / Wallis,78 Vermittlung und Überlassung von Arbeitskräften,76,4424,715,3709,3763,423,3340
2017,Valais / Wallis,"79 Reisebüros, Reiseveranstalter und Erbringung sonstiger Reservierungsdienstleistungen",166,837,522,315,605,354,252
2017,Valais / Wallis,80 Wach- und Sicherheitsdienste sowie Detekteien,39,470,82,388,283,49,234
2017,Valais / Wallis,"81 Gebäudebetreuung, Garten- und Landschaftsbau",587,3389,1485,1904,2377,687,1690
2017,Valais / Wallis,82 Erbringung von wirtschaftlichen Dienstleistungen für Unternehmen und Privatpersonen a. n. g.,136,483,248,235,342,153,189
2017,Valais / Wallis,"84 Öffentliche Verwaltung, Verteidigung, Sozialversicherung",431,6025,2642,3383,4830,1804,3026
2017,Valais / Wallis,85 Erziehung und Unterricht,1268,10318,5794,4524,6430,3345,3085
2017,Valais / Wallis,86 Gesundheitswesen,2115,13552,10258,3294,9490,6885,2605
2017,Valais / Wallis,87 Heime (ohne Erholungs- und Ferienheime),140,6955,5786,1169,4776,3857,919
2017,Valais / Wallis,88 Sozialwesen (ohne Heime),280,3799,2963,836,2414,1782,632
2017,Valais / Wallis,"90 Kreative, künstlerische und unterhaltende Tätigkeiten",615,856,334,522,396,112,283
2017,Valais / Wallis,"91 Bibliotheken, Archive, Museen, botanische und zoologische Gärten",53,377,270,107,246,161,85
2017,Valais / Wallis,"92 Spiel-, Wett- und Lotteriewesen",7,69,27,42,59,18,41
2017,Valais / Wallis,"93 Erbringung von Dienstleistungen des Sports, der Unterhaltung und der Erholung",571,1767,657,1110,1087,310,777
2017,Valais / Wallis,94 Interessenvertretungen sowie kirchliche und sonstige religiöse Vereinigungen (ohne Sozialwesen und Sport),463,2740,1529,1211,1659,897,762
2017,Valais / Wallis,95 Reparatur von Datenverarbeitungsgeräten und Gebrauchsgütern,75,124,27,97,88,15,73
2017,Valais / Wallis,96 Erbringung von sonstigen überwiegend persönlichen Dienstleistungen,1720,3154,2599,555,2077,1654,422
2017,Genève,Wirtschaftsabteilung - Total,40870,352121,156985,195136,290489,117076,173413
2017,Genève,"01 Landwirtschaft, Jagd und damit verbundene Tätigkeiten",395,1814,502,1312,1376,323,1053
2017,Genève,02 Forstwirtschaft und Holzeinschlag,10,28,X,X,24,X,X
2017,Genève,03 Fischerei und Aquakultur,10,X,X,X,X,X,X
2017,Genève,05 Kohlenbergbau,0,0,0,0,0,0,0
2017,Genève,06 Gewinnung von Erdöl und Erdgas,0,0,0,0,0,0,0
2017,Genève,07 Erzbergbau,0,0,0,0,0,0,0
2017,Genève,"08 Gewinnung von Steinen und Erden, sonstiger Bergbau",9,66,10,56,64,8,56
2017,Genève,09 Erbringung von Dienstleistungen für den Bergbau und für die Gewinnung von Steinen und Erden,X,41,19,22,39,18,21
2017,Genève,10 Herstellung von Nahrungs- und Futtermitteln,144,1764,557,1207,1594,443,1151
2017,Genève,11 Getränkeherstellung,15,49,13,36,40,8,32
2017,Genève,12 Tabakverarbeitung,X,X,X,X,X,X,X
2017,Genève,13 Herstellung von Textilien,26,83,31,52,70,21,50
2017,Genève,14 Herstellung von Bekleidung,86,421,268,153,366,218,148
2017,Genève,"15 Herstellung von Leder, Lederwaren und Schuhen",20,307,215,92,282,195,87
2017,Genève,"16 Herstellung von Holz-, Flecht-, Korb- und Korkwaren (ohne Möbel)",290,965,106,859,890,76,814
2017,Genève,"17 Herstellung von Papier, Pappe und Waren daraus",5,19,X,X,16,X,X
2017,Genève,"18 Herstellung von Druckerzeugnissen, Vervielfältigung von bespielten Ton-, Bild- und Datenträgern",128,499,151,348,449,119,331
2017,Genève,19 Kokerei und Mineralölverarbeitung,0,0,0,0,0,0,0
2017,Genève,20 Herstellung von chemischen Erzeugnissen,44,2843,989,1854,2768,931,1837
2017,Genève,21 Herstellung von pharmazeutischen Erzeugnissen,19,425,240,185,399,223,176
2017,Genève,22 Herstellung von Gummi- und Kunststoffwaren,14,82,18,64,77,15,62
2017,Genève,"23 Herstellung von Glas und Glaswaren, Keramik, Verarbeitung von Steinen und Erden",54,463,47,416,443,35,409
2017,Genève,24 Metallerzeugung und -bearbeitung,7,85,10,75,83,9,74
2017,Genève,25 Herstellung von Metallerzeugnissen,261,1313,192,1121,1233,149,1084
2017,Genève,"26 Herstellung von Datenverarbeitungsgeräten, elektronischen und optischen Erzeugnissen",173,10839,4257,6582,10476,3992,6484
2017,Genève,27 Herstellung von elektrischen Ausrüstungen,25,1001,224,777,963,200,763
2017,Genève,28 Maschinenbau,27,464,65,399,450,58,392
2017,Genève,29 Herstellung von Automobilen und Automobilteilen,8,85,8,77,84,8,76
2017,Genève,30 Sonstiger Fahrzeugbau,14,363,34,329,351,31,320
2017,Genève,31 Herstellung von Möbeln,41,193,30,163,181,24,157
2017,Genève,32 Herstellung von sonstigen Waren,294,1916,794,1122,1729,662,1067
2017,Genève,33 Reparatur und Installation von Maschinen und Ausrüstungen,64,618,64,554,590,52,539
2017,Genève,35 Energieversorgung,10,1569,337,1232,1478,282,1196
2017,Genève,36 Wasserversorgung,0,0,0,0,0,0,0
2017,Genève,37 Abwasserentsorgung,14,355,37,318,348,32,316
2017,Genève,"38 Sammlung, Behandlung und Beseitigung von Abfällen, Rückgewinnung",32,571,72,499,548,59,489
2017,Genève,39 Beseitigung von Umweltverschmutzungen und sonstige Entsorgung,X,23,X,X,23,X,X
2017,Genève,41 Hochbau,591,5124,518,4606,4828,388,4441
2017,Genève,42 Tiefbau,30,633,63,570,611,53,559
2017,Genève,"43 Vorbereitende Baustellenarbeiten, Bauinstallation und sonstiges Ausbaugewerbe",2086,13351,1302,12049,12540,955,11586
2017,Genève,"45 Handel mit Motorfahrzeugen, Instandhaltung und Reparatur von Motorfahrzeugen",729,3687,455,3232,3404,369,3035
2017,Genève,46 Grosshandel (ohne Handel mit Motorfahrzeugen),1589,18290,7251,11039,16936,6358,10577
2017,Genève,47 Detailhandel (ohne Handel mit Motorfahrzeugen),3274,19953,11853,8100,16116,8964,7152
2017,Genève,49 Landverkehr und Transport in Rohrfernleitungen,1408,7092,1035,6057,6259,774,5485
2017,Genève,50 Schifffahrt,11,790,285,505,772,271,501
2017,Genève,51 Luftfahrt,46,1434,660,774,1286,540,745
2017,Genève,52 Lagerei sowie Erbringung von sonstigen Dienstleistungen für den Verkehr,228,6143,1818,4325,5446,1425,4021
2017,Genève,"53 Post-, Kurier- und Expressdienste",152,2102,634,1468,1802,498,1304
2017,Genève,55 Beherbergung,149,4603,2095,2508,4146,1820,2326
2017,Genève,56 Gastronomie,2088,14054,5281,8773,11225,3777,7449
2017,Genève,58 Verlagswesen,97,558,265,293,424,177,248
2017,Genève,"59 Herstellung, Verleih und Vertrieb von Filmen und Fernsehprogrammen, Kinos, Tonstudios und Verlegen von Musik",298,912,324,588,634,186,448
2017,Genève,60 Rundfunkveranstalter,14,1597,653,944,1271,472,800
2017,Genève,61 Telekommunikation,86,1371,264,1107,1277,221,1056
2017,Genève,62 Erbringung von Dienstleistungen der Informationstechnologie,1036,7252,1476,5776,6623,1187,5436
2017,Genève,63 Informationsdienstleistungen,72,554,241,313,474,189,285
2017,Genève,64 Erbringung von Finanzdienstleistungen,599,19241,7100,12141,18337,6492,11845
2017,Genève,"65 Versicherungen, Rückversicherungen und Pensionskassen (ohne Sozialversicherung)",48,1013,555,458,875,463,412
2017,Genève,66 Mit Finanz- und Versicherungsdienstleistungen verbundene Tätigkeiten,1589,9043,3358,5685,8015,2751,5264
2017,Genève,68 Grundstücks- und Wohnungswesen,1047,7641,4015,3626,5089,2508,2580
2017,Genève,"69 Rechts- und Steuerberatung, Wirtschaftsprüfung",2220,9663,5332,4331,8084,4182,3903
2017,Genève,"70 Verwaltung und Führung von Unternehmen und Betrieben, Unternehmensberatung",1533,9418,3700,5718,8095,2925,5170
2017,Genève,"71 Architektur- und Ingenieurbüros, technische, physikalische und chemische Untersuchung",1300,6891,2194,4697,5946,1679,4267
2017,Genève,72 Forschung und Entwicklung,148,1514,652,862,1346,551,795
2017,Genève,73 Werbung und Marktforschung,239,1072,468,604,873,348,525
2017,Genève,"74 Sonstige freiberufliche, wissenschaftliche und technische Tätigkeiten",1546,2700,1189,1511,1985,783,1201
2017,Genève,75 Veterinärwesen,36,161,130,31,122,94,28
2017,Genève,77 Vermietung von beweglichen Sachen,156,1525,329,1196,1326,262,1064
2017,Genève,78 Vermittlung und Überlassung von Arbeitskräften,239,14146,4802,9344,11283,3295,7988
2017,Genève,"79 Reisebüros, Reiseveranstalter und Erbringung sonstiger Reservierungsdienstleistungen",210,1351,804,547,1119,643,476
2017,Genève,80 Wach- und Sicherheitsdienste sowie Detekteien,121,3786,632,3154,3143,477,2666
2017,Genève,"81 Gebäudebetreuung, Garten- und Landschaftsbau",730,13736,6930,6806,8369,3079,5290
2017,Genève,82 Erbringung von wirtschaftlichen Dienstleistungen für Unternehmen und Privatpersonen a. n. g.,241,1453,777,676,1190,593,597
2017,Genève,"84 Öffentliche Verwaltung, Verteidigung, Sozialversicherung",478,14307,6843,7464,12703,5520,7183
2017,Genève,85 Erziehung und Unterricht,1701,24999,14861,10138,17867,10207,7660
2017,Genève,86 Gesundheitswesen,4968,29026,20662,8364,22374,15551,6823
2017,Genève,87 Heime (ohne Erholungs- und Ferienheime),237,9454,6653,2801,7085,4917,2167
2017,Genève,88 Sozialwesen (ohne Heime),866,10662,7933,2729,7081,5180,1901
2017,Genève,"90 Kreative, künstlerische und unterhaltende Tätigkeiten",699,2840,1132,1708,1704,583,1121
2017,Genève,"91 Bibliotheken, Archive, Museen, botanische und zoologische Gärten",92,1249,677,572,967,481,486
2017,Genève,"92 Spiel-, Wett- und Lotteriewesen",4,118,42,76,102,31,71
2017,Genève,"93 Erbringung von Dienstleistungen des Sports, der Unterhaltung und der Erholung",532,3081,1138,1943,2053,632,1422
2017,Genève,94 Interessenvertretungen sowie kirchliche und sonstige religiöse Vereinigungen (ohne Sozialwesen und Sport),1013,8922,5195,3727,6629,3791,2838
2017,Genève,95 Reparatur von Datenverarbeitungsgeräten und Gebrauchsgütern,160,291,57,234,234,38,196
2017,Genève,96 Erbringung von sonstigen überwiegend persönlichen Dienstleistungen,1890,4038,3044,994,2972,2190,782
2018,Schweiz,Wirtschaftsabteilung - Total,687257,5252344,2388632,2863712,4093992,1597652,2496340
2018,Schweiz,"01 Landwirtschaft, Jagd und damit verbundene Tätigkeiten",51861,154672,55774,98898,100668,28755,71913
2018,Schweiz,02 Forstwirtschaft und Holzeinschlag,1360,5885,528,5357,4964,300,4663
2018,Schweiz,03 Fischerei und Aquakultur,191,511,143,368,414,105,309
2018,Schweiz,05 Kohlenbergbau,0,0,0,0,0,0,0
2018,Schweiz,06 Gewinnung von Erdöl und Erdgas,X,X,X,X,X,X,X
2018,Schweiz,07 Erzbergbau,0,0,0,0,0,0,0
2018,Schweiz,"08 Gewinnung von Steinen und Erden, sonstiger Bergbau",342,4777,609,4168,4374,396,3978
2018,Schweiz,09 Erbringung von Dienstleistungen für den Bergbau und für die Gewinnung von Steinen und Erden,12,X,X,X,X,X,X
2018,Schweiz,10 Herstellung von Nahrungs- und Futtermitteln,4532,81513,35993,45520,68880,26383,42496
2018,Schweiz,11 Getränkeherstellung,568,6296,1988,4308,5291,1338,3953
2018,Schweiz,12 Tabakverarbeitung,11,2036,614,1422,1921,547,1375
2018,Schweiz,13 Herstellung von Textilien,821,7302,3728,3574,6198,2797,3402
2018,Schweiz,14 Herstellung von Bekleidung,1748,5677,4441,1236,4254,3126,1128
2018,Schweiz,"15 Herstellung von Leder, Lederwaren und Schuhen",317,1984,1129,855,1699,913,787
2018,Schweiz,"16 Herstellung von Holz-, Flecht-, Korb- und Korkwaren (ohne Möbel)",7352,39882,5803,34079,35692,3666,32026
2018,Schweiz,"17 Herstellung von Papier, Pappe und Waren daraus",181,7288,2099,5189,6746,1693,5053
2018,Schweiz,"18 Herstellung von Druckerzeugnissen, Vervielfältigung von bespielten Ton-, Bild- und Datenträgern",2112,18285,7012,11273,15675,5155,10520
2018,Schweiz,19 Kokerei und Mineralölverarbeitung,X,667,137,530,631,109,522
2018,Schweiz,20 Herstellung von chemischen Erzeugnissen,790,29053,8448,20605,27336,7199,20137
2018,Schweiz,21 Herstellung von pharmazeutischen Erzeugnissen,301,46234,19542,26692,43906,17626,26280
2018,Schweiz,22 Herstellung von Gummi- und Kunststoffwaren,783,22906,6731,16175,21274,5620,15654
2018,Schweiz,"23 Herstellung von Glas und Glaswaren, Keramik, Verarbeitung von Steinen und Erden",1456,17456,3214,14242,16162,2429,13733
2018,Schweiz,24 Metallerzeugung und -bearbeitung,258,12256,1744,10512,11705,1452,10253
2018,Schweiz,25 Herstellung von Metallerzeugnissen,7466,86987,17531,69456,79606,13306,66300
2018,Schweiz,"26 Herstellung von Datenverarbeitungsgeräten, elektronischen und optischen Erzeugnissen",2145,109278,42379,66899,103162,38045,65117
2018,Schweiz,27 Herstellung von elektrischen Ausrüstungen,857,31529,8210,23319,29649,7018,22630
2018,Schweiz,28 Maschinenbau,2113,76924,13431,63493,72468,10968,61501
2018,Schweiz,29 Herstellung von Automobilen und Automobilteilen,232,4869,767,4102,4562,597,3965
2018,Schweiz,30 Sonstiger Fahrzeugbau,244,11818,1571,10247,11326,1341,9985
2018,Schweiz,31 Herstellung von Möbeln,941,9516,2030,7486,8626,1496,7130
2018,Schweiz,32 Herstellung von sonstigen Waren,3788,28107,12128,15979,24948,9807,15141
2018,Schweiz,33 Reparatur und Installation von Maschinen und Ausrüstungen,2763,19513,3028,16485,17641,2077,15564
2018,Schweiz,35 Energieversorgung,1104,29223,5749,23474,25538,4048,21490
2018,Schweiz,36 Wasserversorgung,459,2466,461,2005,1679,238,1441
2018,Schweiz,37 Abwasserentsorgung,660,5088,633,4455,4541,388,4153
2018,Schweiz,"38 Sammlung, Behandlung und Beseitigung von Abfällen, Rückgewinnung",937,12005,1976,10029,10600,1374,9226
2018,Schweiz,39 Beseitigung von Umweltverschmutzungen und sonstige Entsorgung,39,247,18,229,215,10,204
2018,Schweiz,41 Hochbau,8919,90192,9704,80488,83909,6215,77694
2018,Schweiz,42 Tiefbau,1127,24246,2113,22133,22948,1428,21519
2018,Schweiz,"43 Vorbereitende Baustellenarbeiten, Bauinstallation und sonstiges Ausbaugewerbe",40333,245776,31603,214173,224417,18784,205633
2018,Schweiz,"45 Handel mit Motorfahrzeugen, Instandhaltung und Reparatur von Motorfahrzeugen",17089,88522,15968,72554,78076,10694,67382
2018,Schweiz,46 Grosshandel (ohne Handel mit Motorfahrzeugen),24969,223756,81931,141825,196494,63328,133166
2018,Schweiz,47 Detailhandel (ohne Handel mit Motorfahrzeugen),49835,308013,210131,97882,228147,142800,85347
2018,Schweiz,49 Landverkehr und Transport in Rohrfernleitungen,12469,125023,20069,104954,106980,14209,92772
2018,Schweiz,50 Schifffahrt,186,4578,1151,3427,4036,943,3093
2018,Schweiz,51 Luftfahrt,230,12902,6023,6879,10680,4466,6214
2018,Schweiz,52 Lagerei sowie Erbringung von sonstigen Dienstleistungen für den Verkehr,2412,60558,17628,42930,52785,13268,39517
2018,Schweiz,"53 Post-, Kurier- und Expressdienste",2953,44768,19290,25478,31347,11597,19750
2018,Schweiz,55 Beherbergung,5933,76792,42592,34200,62165,31758,30408
2018,Schweiz,56 Gastronomie,26490,181134,94967,86167,128845,59895,68949
2018,Schweiz,58 Verlagswesen,1563,17648,8686,8962,13159,5859,7300
2018,Schweiz,"59 Herstellung, Verleih und Vertrieb von Filmen und Fernsehprogrammen, Kinos, Tonstudios und Verlegen von Musik",3446,10204,3812,6392,6366,1879,4486
2018,Schweiz,60 Rundfunkveranstalter,176,10339,4182,6157,7962,2968,4994
2018,Schweiz,61 Telekommunikation,1156,27113,6887,20226,24801,5764,19037
2018,Schweiz,62 Erbringung von Dienstleistungen der Informationstechnologie,17560,101891,21890,80001,89011,15981,73030
2018,Schweiz,63 Informationsdienstleistungen,1154,12550,3931,8619,10929,3054,7875
2018,Schweiz,64 Erbringung von Finanzdienstleistungen,8590,121051,48064,72987,106487,39031,67456
2018,Schweiz,"65 Versicherungen, Rückversicherungen und Pensionskassen (ohne Sozialversicherung)",1220,50032,24231,25801,42148,19119,23029
2018,Schweiz,66 Mit Finanz- und Versicherungsdienstleistungen verbundene Tätigkeiten,11004,72720,27839,44881,61040,20971,40069
2018,Schweiz,68 Grundstücks- und Wohnungswesen,18511,72353,37290,35063,43501,20508,22993
2018,Schweiz,"69 Rechts- und Steuerberatung, Wirtschaftsprüfung",23180,86737,48395,38342,67011,33763,33248
2018,Schweiz,"70 Verwaltung und Führung von Unternehmen und Betrieben, Unternehmensberatung",23910,126981,52535,74446,106901,39941,66961
2018,Schweiz,"71 Architektur- und Ingenieurbüros, technische, physikalische und chemische Untersuchung",25934,135657,42117,93540,113549,29550,83999
2018,Schweiz,72 Forschung und Entwicklung,1861,27742,11014,16728,24639,9104,15535
2018,Schweiz,73 Werbung und Marktforschung,4386,24656,12607,12049,17135,7546,9589
2018,Schweiz,"74 Sonstige freiberufliche, wissenschaftliche und technische Tätigkeiten",20889,36743,16971,19772,24799,9806,14994
2018,Schweiz,75 Veterinärwesen,1302,6907,5350,1557,5058,3720,1338
2018,Schweiz,77 Vermietung von beweglichen Sachen,1864,10868,2961,7907,8661,2105,6556
2018,Schweiz,78 Vermittlung und Überlassung von Arbeitskräften,2802,126486,37120,89366,100707,24330,76377
2018,Schweiz,"79 Reisebüros, Reiseveranstalter und Erbringung sonstiger Reservierungsdienstleistungen",2784,18750,11867,6883,13555,8157,5398
2018,Schweiz,80 Wach- und Sicherheitsdienste sowie Detekteien,925,22985,4916,18069,16432,3098,13333
2018,Schweiz,"81 Gebäudebetreuung, Garten- und Landschaftsbau",16502,141785,70975,70810,90553,32015,58538
2018,Schweiz,82 Erbringung von wirtschaftlichen Dienstleistungen für Unternehmen und Privatpersonen a. n. g.,3606,20731,11234,9497,15258,7409,7849
2018,Schweiz,"84 Öffentliche Verwaltung, Verteidigung, Sozialversicherung",8678,197252,93780,103472,161483,67633,93849
2018,Schweiz,85 Erziehung und Unterricht,34145,378060,233241,144819,236958,135972,100986
2018,Schweiz,86 Gesundheitswesen,61764,416430,318038,98392,297199,216840,80359
2018,Schweiz,87 Heime (ohne Erholungs- und Ferienheime),3933,195417,148933,46484,138037,102081,35957
2018,Schweiz,88 Sozialwesen (ohne Heime),11984,121406,91609,29797,73965,53736,20229
2018,Schweiz,"90 Kreative, künstlerische und unterhaltende Tätigkeiten",15138,31324,13758,17566,16641,6193,10448
2018,Schweiz,"91 Bibliotheken, Archive, Museen, botanische und zoologische Gärten",1195,13741,9089,4652,8514,5074,3440
2018,Schweiz,"92 Spiel-, Wett- und Lotteriewesen",81,3324,1508,1816,2672,1116,1556
2018,Schweiz,"93 Erbringung von Dienstleistungen des Sports, der Unterhaltung und der Erholung",9315,54772,24958,29814,31060,11409,19651
2018,Schweiz,94 Interessenvertretungen sowie kirchliche und sonstige religiöse Vereinigungen (ohne Sozialwesen und Sport),13105,103085,57540,45545,62668,34110,28558
2018,Schweiz,95 Reparatur von Datenverarbeitungsgeräten und Gebrauchsgütern,2545,5748,1502,4246,4502,991,3512
2018,Schweiz,96 Erbringung von sonstigen überwiegend persönlichen Dienstleistungen,39352,70248,57018,13230,47358,37091,10267
2018,Vaud,Wirtschaftsabteilung - Total,61201,453443,209595,243848,364717,148202,216515
2018,Vaud,"01 Landwirtschaft, Jagd und damit verbundene Tätigkeiten",3734,12787,4154,8633,8735,2142,6593
2018,Vaud,02 Forstwirtschaft und Holzeinschlag,129,533,44,489,471,31,440
2018,Vaud,03 Fischerei und Aquakultur,48,86,19,67,73,15,58
2018,Vaud,05 Kohlenbergbau,0,0,0,0,0,0,0
2018,Vaud,06 Gewinnung von Erdöl und Erdgas,0,0,0,0,0,0,0
2018,Vaud,07 Erzbergbau,0,0,0,0,0,0,0
2018,Vaud,"08 Gewinnung von Steinen und Erden, sonstiger Bergbau",17,226,28,198,212,19,193
2018,Vaud,09 Erbringung von Dienstleistungen für den Bergbau und für die Gewinnung von Steinen und Erden,0,0,0,0,0,0,0
2018,Vaud,10 Herstellung von Nahrungs- und Futtermitteln,418,6020,2366,3654,5194,1745,3450
2018,Vaud,11 Getränkeherstellung,74,778,237,541,647,162,485
2018,Vaud,12 Tabakverarbeitung,X,26,X,X,X,X,X
2018,Vaud,13 Herstellung von Textilien,54,111,65,46,82,41,41
2018,Vaud,14 Herstellung von Bekleidung,143,190,168,22,106,89,17
2018,Vaud,"15 Herstellung von Leder, Lederwaren und Schuhen",27,43,20,23,32,12,19
2018,Vaud,"16 Herstellung von Holz-, Flecht-, Korb- und Korkwaren (ohne Möbel)",628,2642,314,2328,2431,209,2222
2018,Vaud,"17 Herstellung von Papier, Pappe und Waren daraus",10,227,67,160,219,62,157
2018,Vaud,"18 Herstellung von Druckerzeugnissen, Vervielfältigung von bespielten Ton-, Bild- und Datenträgern",171,1144,340,804,1019,262,757
2018,Vaud,19 Kokerei und Mineralölverarbeitung,0,0,0,0,0,0,0
2018,Vaud,20 Herstellung von chemischen Erzeugnissen,78,1577,589,988,1488,526,962
2018,Vaud,21 Herstellung von pharmazeutischen Erzeugnissen,24,3387,1342,2045,3298,1273,2025
2018,Vaud,22 Herstellung von Gummi- und Kunststoffwaren,45,759,171,588,721,144,577
2018,Vaud,"23 Herstellung von Glas und Glaswaren, Keramik, Verarbeitung von Steinen und Erden",110,1243,182,1061,1179,143,1036
2018,Vaud,24 Metallerzeugung und -bearbeitung,17,305,57,248,288,47,241
2018,Vaud,25 Herstellung von Metallerzeugnissen,581,4322,801,3521,4046,645,3401
2018,Vaud,"26 Herstellung von Datenverarbeitungsgeräten, elektronischen und optischen Erzeugnissen",199,8584,3551,5033,8159,3231,4928
2018,Vaud,27 Herstellung von elektrischen Ausrüstungen,62,1192,485,707,1132,446,686
2018,Vaud,28 Maschinenbau,73,2865,397,2468,2786,358,2428
2018,Vaud,29 Herstellung von Automobilen und Automobilteilen,12,258,46,212,246,36,209
2018,Vaud,30 Sonstiger Fahrzeugbau,28,951,99,852,928,88,840
2018,Vaud,31 Herstellung von Möbeln,86,419,86,333,384,71,313
2018,Vaud,32 Herstellung von sonstigen Waren,310,2148,872,1276,1965,729,1236
2018,Vaud,33 Reparatur und Installation von Maschinen und Ausrüstungen,216,1051,148,903,965,96,869
2018,Vaud,35 Energieversorgung,79,2245,520,1725,2064,406,1657
2018,Vaud,36 Wasserversorgung,43,308,58,250,259,37,222
2018,Vaud,37 Abwasserentsorgung,65,444,57,387,396,37,360
2018,Vaud,"38 Sammlung, Behandlung und Beseitigung von Abfällen, Rückgewinnung",82,1018,148,870,907,109,798
2018,Vaud,39 Beseitigung von Umweltverschmutzungen und sonstige Entsorgung,X,31,X,X,30,X,X
2018,Vaud,41 Hochbau,847,6622,810,5812,6239,582,5656
2018,Vaud,42 Tiefbau,44,1588,108,1480,1545,82,1463
2018,Vaud,"43 Vorbereitende Baustellenarbeiten, Bauinstallation und sonstiges Ausbaugewerbe",3639,21316,2484,18832,19880,1599,18281
2018,Vaud,"45 Handel mit Motorfahrzeugen, Instandhaltung und Reparatur von Motorfahrzeugen",1450,7753,1293,6460,7065,949,6115
2018,Vaud,46 Grosshandel (ohne Handel mit Motorfahrzeugen),1981,17643,5854,11789,16064,4810,11254
2018,Vaud,47 Detailhandel (ohne Handel mit Motorfahrzeugen),4866,28742,18359,10383,21970,12861,9109
2018,Vaud,49 Landverkehr und Transport in Rohrfernleitungen,991,10757,1530,9227,9616,1193,8422
2018,Vaud,50 Schifffahrt,8,289,60,229,264,51,213
2018,Vaud,51 Luftfahrt,7,27,X,X,X,X,X
2018,Vaud,52 Lagerei sowie Erbringung von sonstigen Dienstleistungen für den Verkehr,153,2340,419,1921,2115,329,1786
2018,Vaud,"53 Post-, Kurier- und Expressdienste",253,3060,1212,1848,2651,943,1708
2018,Vaud,55 Beherbergung,402,5612,2691,2921,4763,2129,2634
2018,Vaud,56 Gastronomie,2471,15455,7136,8319,11637,4823,6814
2018,Vaud,58 Verlagswesen,151,1608,836,772,1246,598,648
2018,Vaud,"59 Herstellung, Verleih und Vertrieb von Filmen und Fernsehprogrammen, Kinos, Tonstudios und Verlegen von Musik",378,957,329,628,618,162,456
2018,Vaud,60 Rundfunkveranstalter,11,855,399,456,676,300,376
2018,Vaud,61 Telekommunikation,110,2794,695,2099,2548,574,1975
2018,Vaud,62 Erbringung von Dienstleistungen der Informationstechnologie,1468,9227,1872,7355,8382,1516,6866
2018,Vaud,63 Informationsdienstleistungen,85,335,91,244,295,71,225
2018,Vaud,64 Erbringung von Finanzdienstleistungen,524,6177,2462,3715,5501,2028,3473
2018,Vaud,"65 Versicherungen, Rückversicherungen und Pensionskassen (ohne Sozialversicherung)",97,5590,2961,2629,4596,2292,2304
2018,Vaud,66 Mit Finanz- und Versicherungsdienstleistungen verbundene Tätigkeiten,1051,5738,2222,3516,4865,1700,3165
2018,Vaud,68 Grundstücks- und Wohnungswesen,1434,6089,3313,2776,4032,2036,1996
2018,Vaud,"69 Rechts- und Steuerberatung, Wirtschaftsprüfung",1992,7220,4327,2893,5787,3216,2570
2018,Vaud,"70 Verwaltung und Führung von Unternehmen und Betrieben, Unternehmensberatung",2130,13592,6035,7557,11848,4906,6942
2018,Vaud,"71 Architektur- und Ingenieurbüros, technische, physikalische und chemische Untersuchung",2071,10757,3376,7381,9299,2533,6766
2018,Vaud,72 Forschung und Entwicklung,252,3975,1706,2269,3595,1465,2130
2018,Vaud,73 Werbung und Marktforschung,294,1391,667,724,1026,436,589
2018,Vaud,"74 Sonstige freiberufliche, wissenschaftliche und technische Tätigkeiten",2343,4048,1778,2270,2911,1094,1817
2018,Vaud,75 Veterinärwesen,128,509,400,109,393,296,97
2018,Vaud,77 Vermietung von beweglichen Sachen,170,859,239,620,719,195,524
2018,Vaud,78 Vermittlung und Überlassung von Arbeitskräften,266,14951,4898,10053,11889,3169,8720
2018,Vaud,"79 Reisebüros, Reiseveranstalter und Erbringung sonstiger Reservierungsdienstleistungen",248,1153,774,379,902,578,324
2018,Vaud,80 Wach- und Sicherheitsdienste sowie Detekteien,76,2691,527,2164,2270,395,1875
2018,Vaud,"81 Gebäudebetreuung, Garten- und Landschaftsbau",1434,13313,6083,7230,8965,2807,6157
2018,Vaud,82 Erbringung von wirtschaftlichen Dienstleistungen für Unternehmen und Privatpersonen a. n. g.,292,1417,789,628,1098,560,537
2018,Vaud,"84 Öffentliche Verwaltung, Verteidigung, Sozialversicherung",975,17754,8662,9092,14465,6346,8119
2018,Vaud,85 Erziehung und Unterricht,3317,39879,23094,16785,29957,16198,13759
2018,Vaud,86 Gesundheitswesen,6842,45134,33452,11682,33705,23846,9859
2018,Vaud,87 Heime (ohne Erholungs- und Ferienheime),320,16004,11839,4165,11708,8397,3311
2018,Vaud,88 Sozialwesen (ohne Heime),1062,15050,11922,3128,9957,7568,2389
2018,Vaud,"90 Kreative, künstlerische und unterhaltende Tätigkeiten",1218,2818,1233,1585,1571,590,981
2018,Vaud,"91 Bibliotheken, Archive, Museen, botanische und zoologische Gärten",119,1522,999,523,1028,639,390
2018,Vaud,"92 Spiel-, Wett- und Lotteriewesen",13,530,224,306,447,180,267
2018,Vaud,"93 Erbringung von Dienstleistungen des Sports, der Unterhaltung und der Erholung",875,5745,2457,3288,3920,1483,2437
2018,Vaud,94 Interessenvertretungen sowie kirchliche und sonstige religiöse Vereinigungen (ohne Sozialwesen und Sport),1026,7864,4485,3379,5290,2948,2343
2018,Vaud,95 Reparatur von Datenverarbeitungsgeräten und Gebrauchsgütern,259,571,125,446,472,88,384
2018,Vaud,96 Erbringung von sonstigen überwiegend persönlichen Dienstleistungen,3491,6202,4911,1291,4426,3410,1016
2018,Valais / Wallis,Wirtschaftsabteilung - Total,29410,180175,80726,99449,139687,53095,86592
2018,Valais / Wallis,"01 Landwirtschaft, Jagd und damit verbundene Tätigkeiten",2854,9556,3592,5964,5302,1706,3596
2018,Valais / Wallis,02 Forstwirtschaft und Holzeinschlag,55,410,30,380,351,12,339
2018,Valais / Wallis,03 Fischerei und Aquakultur,11,109,41,68,94,34,60
2018,Valais / Wallis,05 Kohlenbergbau,0,0,0,0,0,0,0
2018,Valais / Wallis,06 Gewinnung von Erdöl und Erdgas,0,0,0,0,0,0,0
2018,Valais / Wallis,07 Erzbergbau,0,0,0,0,0,0,0
2018,Valais / Wallis,"08 Gewinnung von Steinen und Erden, sonstiger Bergbau",17,202,22,180,184,16,169
2018,Valais / Wallis,09 Erbringung von Dienstleistungen für den Bergbau und für die Gewinnung von Steinen und Erden,0,0,0,0,0,0,0
2018,Valais / Wallis,10 Herstellung von Nahrungs- und Futtermitteln,217,2021,890,1131,1676,631,1046
2018,Valais / Wallis,11 Getränkeherstellung,79,852,324,528,692,210,482
2018,Valais / Wallis,12 Tabakverarbeitung,0,0,0,0,0,0,0
2018,Valais / Wallis,13 Herstellung von Textilien,26,36,28,8,22,17,6
2018,Valais / Wallis,14 Herstellung von Bekleidung,66,74,66,8,42,35,7
2018,Valais / Wallis,"15 Herstellung von Leder, Lederwaren und Schuhen",6,16,X,X,10,X,X
2018,Valais / Wallis,"16 Herstellung von Holz-, Flecht-, Korb- und Korkwaren (ohne Möbel)",484,2388,258,2130,2200,163,2037
2018,Valais / Wallis,"17 Herstellung von Papier, Pappe und Waren daraus",X,18,X,X,10,X,X
2018,Valais / Wallis,"18 Herstellung von Druckerzeugnissen, Vervielfältigung von bespielten Ton-, Bild- und Datenträgern",90,549,221,328,460,162,297
2018,Valais / Wallis,19 Kokerei und Mineralölverarbeitung,0,0,0,0,0,0,0
2018,Valais / Wallis,20 Herstellung von chemischen Erzeugnissen,36,4769,760,4009,4642,681,3961
2018,Valais / Wallis,21 Herstellung von pharmazeutischen Erzeugnissen,9,781,222,559,741,190,551
2018,Valais / Wallis,22 Herstellung von Gummi- und Kunststoffwaren,14,212,92,120,184,67,117
2018,Valais / Wallis,"23 Herstellung von Glas und Glaswaren, Keramik, Verarbeitung von Steinen und Erden",48,370,67,303,338,44,294
2018,Valais / Wallis,24 Metallerzeugung und -bearbeitung,11,1193,85,1108,1175,76,1099
2018,Valais / Wallis,25 Herstellung von Metallerzeugnissen,238,2088,425,1663,1907,315,1592
2018,Valais / Wallis,"26 Herstellung von Datenverarbeitungsgeräten, elektronischen und optischen Erzeugnissen",35,782,443,339,680,354,326
2018,Valais / Wallis,27 Herstellung von elektrischen Ausrüstungen,23,266,57,209,239,40,199
2018,Valais / Wallis,28 Maschinenbau,39,1287,319,968,1223,288,936
2018,Valais / Wallis,29 Herstellung von Automobilen und Automobilteilen,X,7,X,X,6,X,X
2018,Valais / Wallis,30 Sonstiger Fahrzeugbau,X,16,X,X,15,X,X
2018,Valais / Wallis,31 Herstellung von Möbeln,50,205,40,165,180,26,153
2018,Valais / Wallis,32 Herstellung von sonstigen Waren,117,524,232,292,451,174,276
2018,Valais / Wallis,33 Reparatur und Installation von Maschinen und Ausrüstungen,101,441,58,383,395,34,361
2018,Valais / Wallis,35 Energieversorgung,81,2123,299,1824,1888,208,1680
2018,Valais / Wallis,36 Wasserversorgung,12,32,X,X,24,X,X
2018,Valais / Wallis,37 Abwasserentsorgung,27,133,10,123,118,7,111
2018,Valais / Wallis,"38 Sammlung, Behandlung und Beseitigung von Abfällen, Rückgewinnung",65,440,67,373,391,44,347
2018,Valais / Wallis,39 Beseitigung von Umweltverschmutzungen und sonstige Entsorgung,X,X,X,X,X,X,X
2018,Valais / Wallis,41 Hochbau,535,4842,469,4373,4545,276,4269
2018,Valais / Wallis,42 Tiefbau,45,731,60,671,697,39,658
2018,Valais / Wallis,"43 Vorbereitende Baustellenarbeiten, Bauinstallation und sonstiges Ausbaugewerbe",1976,10783,1280,9503,9931,721,9210
2018,Valais / Wallis,"45 Handel mit Motorfahrzeugen, Instandhaltung und Reparatur von Motorfahrzeugen",773,3616,650,2966,3199,422,2777
2018,Valais / Wallis,46 Grosshandel (ohne Handel mit Motorfahrzeugen),755,4470,1385,3085,3861,979,2882
2018,Valais / Wallis,47 Detailhandel (ohne Handel mit Motorfahrzeugen),2575,14365,10000,4365,10667,6792,3875
2018,Valais / Wallis,49 Landverkehr und Transport in Rohrfernleitungen,529,6973,1327,5646,5937,918,5019
2018,Valais / Wallis,50 Schifffahrt,X,X,X,X,X,X,X
2018,Valais / Wallis,51 Luftfahrt,14,298,47,251,232,33,199
2018,Valais / Wallis,52 Lagerei sowie Erbringung von sonstigen Dienstleistungen für den Verkehr,70,731,132,599,627,78,549
2018,Valais / Wallis,"53 Post-, Kurier- und Expressdienste",148,1163,648,515,953,475,479
2018,Valais / Wallis,55 Beherbergung,964,8074,4530,3544,6664,3474,3190
2018,Valais / Wallis,56 Gastronomie,1791,9551,5242,4309,7402,3649,3753
2018,Valais / Wallis,58 Verlagswesen,33,98,60,38,69,39,30
2018,Valais / Wallis,"59 Herstellung, Verleih und Vertrieb von Filmen und Fernsehprogrammen, Kinos, Tonstudios und Verlegen von Musik",104,200,57,143,127,29,98
2018,Valais / Wallis,60 Rundfunkveranstalter,7,227,97,130,171,67,104
2018,Valais / Wallis,61 Telekommunikation,51,662,217,445,590,171,419
2018,Valais / Wallis,62 Erbringung von Dienstleistungen der Informationstechnologie,402,1233,255,978,1028,163,865
2018,Valais / Wallis,63 Informationsdienstleistungen,25,57,23,34,40,13,27
2018,Valais / Wallis,64 Erbringung von Finanzdienstleistungen,287,1988,934,1054,1649,679,970
2018,Valais / Wallis,"65 Versicherungen, Rückversicherungen und Pensionskassen (ohne Sozialversicherung)",38,268,133,135,218,97,120
2018,Valais / Wallis,66 Mit Finanz- und Versicherungsdienstleistungen verbundene Tätigkeiten,316,3122,1324,1798,2585,983,1602
2018,Valais / Wallis,68 Grundstücks- und Wohnungswesen,1013,2630,1461,1169,1687,816,871
2018,Valais / Wallis,"69 Rechts- und Steuerberatung, Wirtschaftsprüfung",751,2318,1444,874,1679,920,759
2018,Valais / Wallis,"70 Verwaltung und Führung von Unternehmen und Betrieben, Unternehmensberatung",432,1321,615,706,1038,426,612
2018,Valais / Wallis,"71 Architektur- und Ingenieurbüros, technische, physikalische und chemische Untersuchung",993,4498,1435,3063,3727,946,2781
2018,Valais / Wallis,72 Forschung und Entwicklung,52,585,208,377,518,166,352
2018,Valais / Wallis,73 Werbung und Marktforschung,113,600,330,270,364,170,194
2018,Valais / Wallis,"74 Sonstige freiberufliche, wissenschaftliche und technische Tätigkeiten",710,1007,429,578,676,231,445
2018,Valais / Wallis,75 Veterinärwesen,36,175,137,38,124,92,33
2018,Valais / Wallis,77 Vermietung von beweglichen Sachen,69,233,37,196,172,16,157
2018,Valais / Wallis,78 Vermittlung und Überlassung von Arbeitskräften,79,4566,777,3789,3746,440,3306
2018,Valais / Wallis,"79 Reisebüros, Reiseveranstalter und Erbringung sonstiger Reservierungsdienstleistungen",174,865,524,341,637,362,275
2018,Valais / Wallis,80 Wach- und Sicherheitsdienste sowie Detekteien,38,446,82,364,284,49,236
2018,Valais / Wallis,"81 Gebäudebetreuung, Garten- und Landschaftsbau",618,3505,1480,2025,2533,724,1809
2018,Valais / Wallis,82 Erbringung von wirtschaftlichen Dienstleistungen für Unternehmen und Privatpersonen a. n. g.,127,487,231,256,357,142,215
2018,Valais / Wallis,"84 Öffentliche Verwaltung, Verteidigung, Sozialversicherung",447,6348,2768,3580,5085,1887,3198
2018,Valais / Wallis,85 Erziehung und Unterricht,1315,10942,6195,4747,6982,3656,3326
2018,Valais / Wallis,86 Gesundheitswesen,2197,13865,10483,3382,9944,7229,2715
2018,Valais / Wallis,87 Heime (ohne Erholungs- und Ferienheime),140,7123,5893,1230,4911,3955,956
2018,Valais / Wallis,88 Sozialwesen (ohne Heime),292,3890,3062,828,2470,1872,598
2018,Valais / Wallis,"90 Kreative, künstlerische und unterhaltende Tätigkeiten",598,841,333,508,398,123,274
2018,Valais / Wallis,"91 Bibliotheken, Archive, Museen, botanische und zoologische Gärten",55,366,261,105,237,155,82
2018,Valais / Wallis,"92 Spiel-, Wett- und Lotteriewesen",8,79,35,44,61,24,37
2018,Valais / Wallis,"93 Erbringung von Dienstleistungen des Sports, der Unterhaltung und der Erholung",601,1871,673,1198,1157,337,820
2018,Valais / Wallis,94 Interessenvertretungen sowie kirchliche und sonstige religiöse Vereinigungen (ohne Sozialwesen und Sport),479,2852,1569,1283,1728,923,805
2018,Valais / Wallis,95 Reparatur von Datenverarbeitungsgeräten und Gebrauchsgütern,73,124,29,95,89,16,73
2018,Valais / Wallis,96 Erbringung von sonstigen überwiegend persönlichen Dienstleistungen,1740,3281,2680,601,2250,1770,480
2018,Genève,Wirtschaftsabteilung - Total,41666,360047,160442,199605,299661,121468,178194
2018,Genève,"01 Landwirtschaft, Jagd und damit verbundene Tätigkeiten",397,1892,525,1367,1431,340,1091
2018,Genève,02 Forstwirtschaft und Holzeinschlag,11,36,X,X,32,X,X
2018,Genève,03 Fischerei und Aquakultur,9,13,X,X,11,X,X
2018,Genève,05 Kohlenbergbau,0,0,0,0,0,0,0
2018,Genève,06 Gewinnung von Erdöl und Erdgas,0,0,0,0,0,0,0
2018,Genève,07 Erzbergbau,0,0,0,0,0,0,0
2018,Genève,"08 Gewinnung von Steinen und Erden, sonstiger Bergbau",8,62,13,49,59,10,48
2018,Genève,09 Erbringung von Dienstleistungen für den Bergbau und für die Gewinnung von Steinen und Erden,X,43,19,24,39,17,22
2018,Genève,10 Herstellung von Nahrungs- und Futtermitteln,149,1790,544,1246,1627,434,1193
2018,Genève,11 Getränkeherstellung,16,48,15,33,38,10,27
2018,Genève,12 Tabakverarbeitung,0,0,0,0,0,0,0
2018,Genève,13 Herstellung von Textilien,26,86,34,52,72,24,49
2018,Genève,14 Herstellung von Bekleidung,86,436,282,154,386,235,151
2018,Genève,"15 Herstellung von Leder, Lederwaren und Schuhen",18,313,226,87,287,205,82
2018,Genève,"16 Herstellung von Holz-, Flecht-, Korb- und Korkwaren (ohne Möbel)",281,961,112,849,886,80,805
2018,Genève,"17 Herstellung von Papier, Pappe und Waren daraus",5,22,12,10,19,9,9
2018,Genève,"18 Herstellung von Druckerzeugnissen, Vervielfältigung von bespielten Ton-, Bild- und Datenträgern",122,465,148,317,418,119,299
2018,Genève,19 Kokerei und Mineralölverarbeitung,0,0,0,0,0,0,0
2018,Genève,20 Herstellung von chemischen Erzeugnissen,43,2774,962,1812,2702,903,1799
2018,Genève,21 Herstellung von pharmazeutischen Erzeugnissen,15,408,228,180,385,212,173
2018,Genève,22 Herstellung von Gummi- und Kunststoffwaren,14,76,15,61,71,13,59
2018,Genève,"23 Herstellung von Glas und Glaswaren, Keramik, Verarbeitung von Steinen und Erden",54,455,47,408,436,36,400
2018,Genève,24 Metallerzeugung und -bearbeitung,6,84,12,72,82,11,71
2018,Genève,25 Herstellung von Metallerzeugnissen,260,1418,201,1217,1341,162,1178
2018,Genève,"26 Herstellung von Datenverarbeitungsgeräten, elektronischen und optischen Erzeugnissen",166,11272,4438,6834,10935,4200,6735
2018,Genève,27 Herstellung von elektrischen Ausrüstungen,23,902,181,721,872,164,708
2018,Genève,28 Maschinenbau,23,444,57,387,431,51,380
2018,Genève,29 Herstellung von Automobilen und Automobilteilen,7,86,10,76,84,10,74
2018,Genève,30 Sonstiger Fahrzeugbau,13,370,35,335,361,32,328
2018,Genève,31 Herstellung von Möbeln,38,183,24,159,173,20,153
2018,Genève,32 Herstellung von sonstigen Waren,305,1955,793,1162,1788,677,1111
2018,Genève,33 Reparatur und Installation von Maschinen und Ausrüstungen,66,619,67,552,588,54,534
2018,Genève,35 Energieversorgung,7,1550,338,1212,1465,286,1179
2018,Genève,36 Wasserversorgung,0,0,0,0,0,0,0
2018,Genève,37 Abwasserentsorgung,15,352,41,311,343,35,308
2018,Genève,"38 Sammlung, Behandlung und Beseitigung von Abfällen, Rückgewinnung",30,610,77,533,585,65,521
2018,Genève,39 Beseitigung von Umweltverschmutzungen und sonstige Entsorgung,0,0,0,0,0,0,0
2018,Genève,41 Hochbau,615,5400,577,4823,5142,441,4701
2018,Genève,42 Tiefbau,28,661,74,587,646,64,582
2018,Genève,"43 Vorbereitende Baustellenarbeiten, Bauinstallation und sonstiges Ausbaugewerbe",2113,13706,1319,12387,13022,975,12047
2018,Genève,"45 Handel mit Motorfahrzeugen, Instandhaltung und Reparatur von Motorfahrzeugen",714,3685,465,3220,3435,377,3058
2018,Genève,46 Grosshandel (ohne Handel mit Motorfahrzeugen),1570,18303,7215,11088,17166,6436,10730
2018,Genève,47 Detailhandel (ohne Handel mit Motorfahrzeugen),3214,19583,11516,8067,15867,8727,7140
2018,Genève,49 Landverkehr und Transport in Rohrfernleitungen,1558,7491,1091,6400,6546,815,5730
2018,Genève,50 Schifffahrt,11,852,305,547,841,298,542
2018,Genève,51 Luftfahrt,45,1507,692,815,1380,592,788
2018,Genève,52 Lagerei sowie Erbringung von sonstigen Dienstleistungen für den Verkehr,220,6334,1866,4468,5614,1478,4136
2018,Genève,"53 Post-, Kurier- und Expressdienste",144,2012,593,1419,1685,453,1233
2018,Genève,55 Beherbergung,152,4738,2158,2580,4248,1878,2370
2018,Genève,56 Gastronomie,2072,14571,5578,8993,11762,4080,7682
2018,Genève,58 Verlagswesen,95,556,271,285,433,191,242
2018,Genève,"59 Herstellung, Verleih und Vertrieb von Filmen und Fernsehprogrammen, Kinos, Tonstudios und Verlegen von Musik",299,944,349,595,659,197,462
2018,Genève,60 Rundfunkveranstalter,16,1586,659,927,1301,509,791
2018,Genève,61 Telekommunikation,83,1284,245,1039,1202,208,995
2018,Genève,62 Erbringung von Dienstleistungen der Informationstechnologie,1077,7525,1510,6015,6928,1256,5672
2018,Genève,63 Informationsdienstleistungen,78,582,237,345,514,196,318
2018,Genève,64 Erbringung von Finanzdienstleistungen,611,18986,7101,11885,18141,6542,11599
2018,Genève,"65 Versicherungen, Rückversicherungen und Pensionskassen (ohne Sozialversicherung)",49,975,537,438,841,450,391
2018,Genève,66 Mit Finanz- und Versicherungsdienstleistungen verbundene Tätigkeiten,1614,9208,3445,5763,8099,2817,5282
2018,Genève,68 Grundstücks- und Wohnungswesen,1067,7696,4040,3656,5269,2630,2640
2018,Genève,"69 Rechts- und Steuerberatung, Wirtschaftsprüfung",2238,9708,5374,4334,8295,4340,3955
2018,Genève,"70 Verwaltung und Führung von Unternehmen und Betrieben, Unternehmensberatung",1595,9677,3826,5851,8544,3150,5394
2018,Genève,"71 Architektur- und Ingenieurbüros, technische, physikalische und chemische Untersuchung",1302,7111,2288,4823,6240,1800,4440
2018,Genève,72 Forschung und Entwicklung,153,1592,703,889,1448,623,825
2018,Genève,73 Werbung und Marktforschung,239,1026,438,588,859,340,519
2018,Genève,"74 Sonstige freiberufliche, wissenschaftliche und technische Tätigkeiten",1612,2826,1237,1589,2114,820,1294
2018,Genève,75 Veterinärwesen,38,164,130,34,129,99,30
2018,Genève,77 Vermietung von beweglichen Sachen,164,1579,342,1237,1375,278,1096
2018,Genève,78 Vermittlung und Überlassung von Arbeitskräften,244,15454,5283,10171,12360,3704,8657
2018,Genève,"79 Reisebüros, Reiseveranstalter und Erbringung sonstiger Reservierungsdienstleistungen",212,1321,767,554,1115,621,494
2018,Genève,80 Wach- und Sicherheitsdienste sowie Detekteien,120,4091,779,3312,3409,597,2812
2018,Genève,"81 Gebäudebetreuung, Garten- und Landschaftsbau",762,13742,6960,6782,8579,3210,5370
2018,Genève,82 Erbringung von wirtschaftlichen Dienstleistungen für Unternehmen und Privatpersonen a. n. g.,239,1486,784,702,1219,597,622
2018,Genève,"84 Öffentliche Verwaltung, Verteidigung, Sozialversicherung",509,14394,6884,7510,12838,5599,7238
2018,Genève,85 Erziehung und Unterricht,1791,25621,15057,10564,18642,10551,8091
2018,Genève,86 Gesundheitswesen,5142,30012,21301,8711,23389,16219,7170
2018,Genève,87 Heime (ohne Erholungs- und Ferienheime),240,9696,6801,2895,7401,5116,2285
2018,Genève,88 Sozialwesen (ohne Heime),899,11224,8317,2907,7497,5466,2031
2018,Genève,"90 Kreative, künstlerische und unterhaltende Tätigkeiten",732,2854,1154,1700,1770,631,1139
2018,Genève,"91 Bibliotheken, Archive, Museen, botanische und zoologische Gärten",92,1240,671,569,960,479,481
2018,Genève,"92 Spiel-, Wett- und Lotteriewesen",X,113,35,78,101,28,73
2018,Genève,"93 Erbringung von Dienstleistungen des Sports, der Unterhaltung und der Erholung",547,3334,1179,2155,2257,691,1566
2018,Genève,94 Interessenvertretungen sowie kirchliche und sonstige religiöse Vereinigungen (ohne Sozialwesen und Sport),1027,9385,5596,3789,7062,4133,2930
2018,Genève,95 Reparatur von Datenverarbeitungsgeräten und Gebrauchsgütern,160,292,62,230,230,41,189
2018,Genève,96 Erbringung von sonstigen überwiegend persönlichen Dienstleistungen,1944,4195,3172,1023,3145,2311,834
2019,Schweiz,Wirtschaftsabteilung - Total,696371,5322704,2427559,2895145,4140271,1622813,2517457
2019,Schweiz,"01 Landwirtschaft, Jagd und damit verbundene Tätigkeiten",51122,152729,54939,97790,99285,28265,71019
2019,Schweiz,02 Forstwirtschaft und Holzeinschlag,1392,6067,568,5499,5164,336,4828
2019,Schweiz,03 Fischerei und Aquakultur,192,500,140,360,412,107,305
2019,Schweiz,05 Kohlenbergbau,0,0,0,0,0,0,0
2019,Schweiz,06 Gewinnung von Erdöl und Erdgas,X,X,X,X,X,X,X
2019,Schweiz,07 Erzbergbau,0,0,0,0,0,0,0
2019,Schweiz,"08 Gewinnung von Steinen und Erden, sonstiger Bergbau",337,4827,606,4221,4401,401,4000
2019,Schweiz,09 Erbringung von Dienstleistungen für den Bergbau und für die Gewinnung von Steinen und Erden,12,X,X,X,X,X,X
2019,Schweiz,10 Herstellung von Nahrungs- und Futtermitteln,4584,81142,35721,45421,68730,26292,42438
2019,Schweiz,11 Getränkeherstellung,618,6415,2048,4367,5362,1395,3968
2019,Schweiz,12 Tabakverarbeitung,17,2373,752,1621,2239,672,1566
2019,Schweiz,13 Herstellung von Textilien,819,7127,3611,3516,6043,2713,3331
2019,Schweiz,14 Herstellung von Bekleidung,1791,5747,4454,1293,4321,3152,1170
2019,Schweiz,"15 Herstellung von Leder, Lederwaren und Schuhen",313,2045,1164,881,1738,928,809
2019,Schweiz,"16 Herstellung von Holz-, Flecht-, Korb- und Korkwaren (ohne Möbel)",7357,39835,5851,33984,35623,3781,31842
2019,Schweiz,"17 Herstellung von Papier, Pappe und Waren daraus",177,6908,1938,4970,6431,1584,4847
2019,Schweiz,"18 Herstellung von Druckerzeugnissen, Vervielfältigung von bespielten Ton-, Bild- und Datenträgern",2065,17268,6661,10607,14733,4890,9844
2019,Schweiz,19 Kokerei und Mineralölverarbeitung,X,660,139,521,627,113,514
2019,Schweiz,20 Herstellung von chemischen Erzeugnissen,807,28790,8557,20233,27032,7286,19746
2019,Schweiz,21 Herstellung von pharmazeutischen Erzeugnissen,328,47264,19925,27339,44845,17964,26881
2019,Schweiz,22 Herstellung von Gummi- und Kunststoffwaren,761,22630,6649,15981,21064,5556,15507
2019,Schweiz,"23 Herstellung von Glas und Glaswaren, Keramik, Verarbeitung von Steinen und Erden",1446,17306,3261,14045,15958,2464,13495
2019,Schweiz,24 Metallerzeugung und -bearbeitung,250,11926,1716,10210,11429,1434,9996
2019,Schweiz,25 Herstellung von Metallerzeugnissen,7417,86704,17385,69319,79419,13276,66144
2019,Schweiz,"26 Herstellung von Datenverarbeitungsgeräten, elektronischen und optischen Erzeugnissen",2140,110929,42393,68536,104515,37823,66693
2019,Schweiz,27 Herstellung von elektrischen Ausrüstungen,865,29659,7943,21716,27739,6669,21070
2019,Schweiz,28 Maschinenbau,2095,76942,13438,63504,72584,10995,61590
2019,Schweiz,29 Herstellung von Automobilen und Automobilteilen,238,4862,764,4098,4560,600,3961
2019,Schweiz,30 Sonstiger Fahrzeugbau,261,12323,1622,10701,11833,1382,10451
2019,Schweiz,31 Herstellung von Möbeln,929,9411,2042,7369,8541,1520,7022
2019,Schweiz,32 Herstellung von sonstigen Waren,3796,28477,12466,16011,25132,10001,15130
2019,Schweiz,33 Reparatur und Installation von Maschinen und Ausrüstungen,2789,19691,2966,16725,17819,2016,15803
2019,Schweiz,35 Energieversorgung,1093,29501,5859,23642,25618,4140,21478
2019,Schweiz,36 Wasserversorgung,459,2699,486,2213,1864,265,1599
2019,Schweiz,37 Abwasserentsorgung,630,5173,643,4530,4605,401,4204
2019,Schweiz,"38 Sammlung, Behandlung und Beseitigung von Abfällen, Rückgewinnung",956,12249,2050,10199,10728,1421,9308
2019,Schweiz,39 Beseitigung von Umweltverschmutzungen und sonstige Entsorgung,39,250,28,222,219,17,202
2019,Schweiz,41 Hochbau,9032,89086,9746,79340,82527,6291,76235
2019,Schweiz,42 Tiefbau,1108,24564,2135,22429,23190,1462,21728
2019,Schweiz,"43 Vorbereitende Baustellenarbeiten, Bauinstallation und sonstiges Ausbaugewerbe",40515,247493,31772,215721,225188,18950,206238
2019,Schweiz,"45 Handel mit Motorfahrzeugen, Instandhaltung und Reparatur von Motorfahrzeugen",17226,89027,15930,73097,78528,10830,67698
2019,Schweiz,46 Grosshandel (ohne Handel mit Motorfahrzeugen),24595,225123,82106,143017,197950,63741,134209
2019,Schweiz,47 Detailhandel (ohne Handel mit Motorfahrzeugen),49711,307509,209042,98467,228621,143359,85261
2019,Schweiz,49 Landverkehr und Transport in Rohrfernleitungen,12633,127939,20947,106992,110271,14879,95392
2019,Schweiz,50 Schifffahrt,189,4996,1235,3761,4483,993,3490
2019,Schweiz,51 Luftfahrt,223,13503,6289,7214,11157,4601,6556
2019,Schweiz,52 Lagerei sowie Erbringung von sonstigen Dienstleistungen für den Verkehr,2437,61547,17979,43568,53907,13614,40293
2019,Schweiz,"53 Post-, Kurier- und Expressdienste",2792,43802,18502,25300,31649,11481,20168
2019,Schweiz,55 Beherbergung,5959,77121,42565,34556,62042,31448,30593
2019,Schweiz,56 Gastronomie,26888,184326,96160,88166,131452,60420,71032
2019,Schweiz,58 Verlagswesen,1580,17649,8737,8912,13163,5930,7233
2019,Schweiz,"59 Herstellung, Verleih und Vertrieb von Filmen und Fernsehprogrammen, Kinos, Tonstudios und Verlegen von Musik",3565,10304,3838,6466,6618,1976,4642
2019,Schweiz,60 Rundfunkveranstalter,175,10341,4212,6129,8318,3131,5187
2019,Schweiz,61 Telekommunikation,1141,26806,6794,20012,24398,5568,18830
2019,Schweiz,62 Erbringung von Dienstleistungen der Informationstechnologie,18073,107032,23196,83836,93829,17170,76659
2019,Schweiz,63 Informationsdienstleistungen,1207,13842,4259,9583,12115,3335,8780
2019,Schweiz,64 Erbringung von Finanzdienstleistungen,8510,120305,47991,72314,104460,38399,66061
2019,Schweiz,"65 Versicherungen, Rückversicherungen und Pensionskassen (ohne Sozialversicherung)",1192,50757,24541,26216,42415,19150,23264
2019,Schweiz,66 Mit Finanz- und Versicherungsdienstleistungen verbundene Tätigkeiten,11061,74726,28724,46002,62146,21316,40830
2019,Schweiz,68 Grundstücks- und Wohnungswesen,18930,73779,37872,35907,44413,20381,24032
2019,Schweiz,"69 Rechts- und Steuerberatung, Wirtschaftsprüfung",23277,87518,48959,38559,67842,34400,33442
2019,Schweiz,"70 Verwaltung und Führung von Unternehmen und Betrieben, Unternehmensberatung",24873,130065,54187,75878,109515,41310,68205
2019,Schweiz,"71 Architektur- und Ingenieurbüros, technische, physikalische und chemische Untersuchung",25897,138275,43133,95142,116052,30467,85585
2019,Schweiz,72 Forschung und Entwicklung,1928,28962,11689,17273,25583,9568,16015
2019,Schweiz,73 Werbung und Marktforschung,4502,24391,12401,11990,17078,7529,9549
2019,Schweiz,"74 Sonstige freiberufliche, wissenschaftliche und technische Tätigkeiten",21556,37619,17458,20161,25478,10140,15338
2019,Schweiz,75 Veterinärwesen,1312,7255,5627,1628,5350,3945,1405
2019,Schweiz,77 Vermietung von beweglichen Sachen,1920,10863,2999,7864,8535,2135,6401
2019,Schweiz,78 Vermittlung und Überlassung von Arbeitskräften,2829,127612,37719,89893,100489,24219,76269
2019,Schweiz,"79 Reisebüros, Reiseveranstalter und Erbringung sonstiger Reservierungsdienstleistungen",2789,18589,11598,6991,13435,8081,5354
2019,Schweiz,80 Wach- und Sicherheitsdienste sowie Detekteien,938,23809,5128,18681,16913,3267,13645
2019,Schweiz,"81 Gebäudebetreuung, Garten- und Landschaftsbau",16985,146188,73919,72269,92801,33542,59258
2019,Schweiz,82 Erbringung von wirtschaftlichen Dienstleistungen für Unternehmen und Privatpersonen a. n. g.,3672,21154,11517,9637,15382,7557,7824
2019,Schweiz,"84 Öffentliche Verwaltung, Verteidigung, Sozialversicherung",8704,201363,96180,105183,164414,69486,94928
2019,Schweiz,85 Erziehung und Unterricht,35152,388192,241166,147026,240885,139537,101347
2019,Schweiz,86 Gesundheitswesen,63751,424111,324136,99975,302735,220634,82101
2019,Schweiz,87 Heime (ohne Erholungs- und Ferienheime),3889,198251,150490,47761,140645,103606,37039
2019,Schweiz,88 Sozialwesen (ohne Heime),12421,126439,95762,30677,77333,56405,20928
2019,Schweiz,"90 Kreative, künstlerische und unterhaltende Tätigkeiten",15564,32202,14262,17940,16542,6218,10324
2019,Schweiz,"91 Bibliotheken, Archive, Museen, botanische und zoologische Gärten",1214,14278,9459,4819,8739,5241,3498
2019,Schweiz,"92 Spiel-, Wett- und Lotteriewesen",80,3441,1556,1885,2696,1123,1573
2019,Schweiz,"93 Erbringung von Dienstleistungen des Sports, der Unterhaltung und der Erholung",9776,57899,26313,31586,31870,11644,20226
2019,Schweiz,94 Interessenvertretungen sowie kirchliche und sonstige religiöse Vereinigungen (ohne Sozialwesen und Sport),13337,104678,58913,45765,63434,35239,28195
2019,Schweiz,95 Reparatur von Datenverarbeitungsgeräten und Gebrauchsgütern,2511,5615,1451,4164,4380,980,3399
2019,Schweiz,96 Erbringung von sonstigen überwiegend persönlichen Dienstleistungen,40649,71808,58150,13658,48582,38232,10349
2019,Vaud,Wirtschaftsabteilung - Total,62704,461946,214375,247571,371804,152063,219741
2019,Vaud,"01 Landwirtschaft, Jagd und damit verbundene Tätigkeiten",3672,12802,4181,8621,8684,2144,6541
2019,Vaud,02 Forstwirtschaft und Holzeinschlag,137,570,56,514,503,39,464
2019,Vaud,03 Fischerei und Aquakultur,49,83,15,68,69,11,59
2019,Vaud,05 Kohlenbergbau,0,0,0,0,0,0,0
2019,Vaud,06 Gewinnung von Erdöl und Erdgas,0,0,0,0,0,0,0
2019,Vaud,07 Erzbergbau,0,0,0,0,0,0,0
2019,Vaud,"08 Gewinnung von Steinen und Erden, sonstiger Bergbau",18,237,27,210,221,18,203
2019,Vaud,09 Erbringung von Dienstleistungen für den Bergbau und für die Gewinnung von Steinen und Erden,0,0,0,0,0,0,0
2019,Vaud,10 Herstellung von Nahrungs- und Futtermitteln,431,6050,2367,3683,5253,1780,3472
2019,Vaud,11 Getränkeherstellung,77,699,186,513,593,136,457
2019,Vaud,12 Tabakverarbeitung,X,23,X,X,19,X,X
2019,Vaud,13 Herstellung von Textilien,54,108,64,44,80,40,40
2019,Vaud,14 Herstellung von Bekleidung,149,197,175,22,115,98,17
2019,Vaud,"15 Herstellung von Leder, Lederwaren und Schuhen",24,43,22,21,30,12,18
2019,Vaud,"16 Herstellung von Holz-, Flecht-, Korb- und Korkwaren (ohne Möbel)",643,2699,314,2385,2483,222,2261
2019,Vaud,"17 Herstellung von Papier, Pappe und Waren daraus",10,207,54,153,199,51,148
2019,Vaud,"18 Herstellung von Druckerzeugnissen, Vervielfältigung von bespielten Ton-, Bild- und Datenträgern",159,1067,329,738,932,249,683
2019,Vaud,19 Kokerei und Mineralölverarbeitung,0,0,0,0,0,0,0
2019,Vaud,20 Herstellung von chemischen Erzeugnissen,81,1616,626,990,1515,551,964
2019,Vaud,21 Herstellung von pharmazeutischen Erzeugnissen,26,3545,1431,2114,3436,1345,2090
2019,Vaud,22 Herstellung von Gummi- und Kunststoffwaren,42,775,168,607,735,144,591
2019,Vaud,"23 Herstellung von Glas und Glaswaren, Keramik, Verarbeitung von Steinen und Erden",114,1303,196,1107,1235,153,1082
2019,Vaud,24 Metallerzeugung und -bearbeitung,16,295,59,236,281,51,230
2019,Vaud,25 Herstellung von Metallerzeugnissen,568,4275,803,3472,3987,649,3338
2019,Vaud,"26 Herstellung von Datenverarbeitungsgeräten, elektronischen und optischen Erzeugnissen",200,8722,3602,5120,8285,3276,5009
2019,Vaud,27 Herstellung von elektrischen Ausrüstungen,63,1284,517,767,1216,471,745
2019,Vaud,28 Maschinenbau,73,2846,405,2441,2757,360,2397
2019,Vaud,29 Herstellung von Automobilen und Automobilteilen,14,271,51,220,256,41,215
2019,Vaud,30 Sonstiger Fahrzeugbau,27,1045,91,954,1019,81,938
2019,Vaud,31 Herstellung von Möbeln,82,418,100,318,379,80,298
2019,Vaud,32 Herstellung von sonstigen Waren,300,2146,901,1245,1950,756,1194
2019,Vaud,33 Reparatur und Installation von Maschinen und Ausrüstungen,220,1050,148,902,962,101,861
2019,Vaud,35 Energieversorgung,76,2211,476,1735,2027,367,1659
2019,Vaud,36 Wasserversorgung,44,326,66,260,274,43,231
2019,Vaud,37 Abwasserentsorgung,65,454,56,398,390,36,354
2019,Vaud,"38 Sammlung, Behandlung und Beseitigung von Abfällen, Rückgewinnung",88,1055,157,898,936,117,819
2019,Vaud,39 Beseitigung von Umweltverschmutzungen und sonstige Entsorgung,X,31,X,X,30,X,X
2019,Vaud,41 Hochbau,871,6696,848,5848,6263,604,5659
2019,Vaud,42 Tiefbau,42,1691,105,1586,1640,79,1560
2019,Vaud,"43 Vorbereitende Baustellenarbeiten, Bauinstallation und sonstiges Ausbaugewerbe",3641,21494,2494,19000,19956,1635,18322
2019,Vaud,"45 Handel mit Motorfahrzeugen, Instandhaltung und Reparatur von Motorfahrzeugen",1464,7673,1238,6435,7019,911,6108
2019,Vaud,46 Grosshandel (ohne Handel mit Motorfahrzeugen),1949,17605,5883,11722,16062,4818,11244
2019,Vaud,47 Detailhandel (ohne Handel mit Motorfahrzeugen),4912,28849,18395,10454,22160,13018,9141
2019,Vaud,49 Landverkehr und Transport in Rohrfernleitungen,1029,11105,1634,9471,10073,1295,8778
2019,Vaud,50 Schifffahrt,8,307,64,243,285,54,231
2019,Vaud,51 Luftfahrt,6,29,X,X,24,X,X
2019,Vaud,52 Lagerei sowie Erbringung von sonstigen Dienstleistungen für den Verkehr,162,2446,420,2026,2242,340,1902
2019,Vaud,"53 Post-, Kurier- und Expressdienste",250,3073,1183,1890,2657,914,1743
2019,Vaud,55 Beherbergung,406,5626,2723,2903,4737,2141,2595
2019,Vaud,56 Gastronomie,2527,16056,7418,8638,12219,5039,7179
2019,Vaud,58 Verlagswesen,159,1879,960,919,1504,712,792
2019,Vaud,"59 Herstellung, Verleih und Vertrieb von Filmen und Fernsehprogrammen, Kinos, Tonstudios und Verlegen von Musik",414,989,317,672,676,163,513
2019,Vaud,60 Rundfunkveranstalter,13,869,417,452,719,325,394
2019,Vaud,61 Telekommunikation,113,2686,667,2019,2449,541,1908
2019,Vaud,62 Erbringung von Dienstleistungen der Informationstechnologie,1505,9576,1962,7614,8722,1587,7135
2019,Vaud,63 Informationsdienstleistungen,99,387,115,272,337,88,250
2019,Vaud,64 Erbringung von Finanzdienstleistungen,533,6228,2468,3760,5482,1999,3483
2019,Vaud,"65 Versicherungen, Rückversicherungen und Pensionskassen (ohne Sozialversicherung)",96,5787,2989,2798,4699,2283,2416
2019,Vaud,66 Mit Finanz- und Versicherungsdienstleistungen verbundene Tätigkeiten,1065,5749,2248,3501,4868,1708,3160
2019,Vaud,68 Grundstücks- und Wohnungswesen,1481,6290,3365,2925,4234,2085,2149
2019,Vaud,"69 Rechts- und Steuerberatung, Wirtschaftsprüfung",2016,7282,4368,2914,5895,3284,2611
2019,Vaud,"70 Verwaltung und Führung von Unternehmen und Betrieben, Unternehmensberatung",2258,13645,6169,7476,11905,4989,6915
2019,Vaud,"71 Architektur- und Ingenieurbüros, technische, physikalische und chemische Untersuchung",2097,11169,3538,7631,9665,2650,7015
2019,Vaud,72 Forschung und Entwicklung,272,4318,1855,2463,3900,1566,2334
2019,Vaud,73 Werbung und Marktforschung,327,1423,642,781,1060,430,630
2019,Vaud,"74 Sonstige freiberufliche, wissenschaftliche und technische Tätigkeiten",2448,4263,1870,2393,3081,1153,1927
2019,Vaud,75 Veterinärwesen,130,550,438,112,423,323,99
2019,Vaud,77 Vermietung von beweglichen Sachen,180,933,263,670,776,216,560
2019,Vaud,78 Vermittlung und Überlassung von Arbeitskräften,273,14446,4715,9731,11379,3009,8370
2019,Vaud,"79 Reisebüros, Reiseveranstalter und Erbringung sonstiger Reservierungsdienstleistungen",248,1181,776,405,919,586,333
2019,Vaud,80 Wach- und Sicherheitsdienste sowie Detekteien,79,2856,562,2294,2391,420,1970
2019,Vaud,"81 Gebäudebetreuung, Garten- und Landschaftsbau",1523,13711,6372,7339,9255,3034,6222
2019,Vaud,82 Erbringung von wirtschaftlichen Dienstleistungen für Unternehmen und Privatpersonen a. n. g.,290,1456,833,623,1147,600,547
2019,Vaud,"84 Öffentliche Verwaltung, Verteidigung, Sozialversicherung",983,17606,8506,9100,14429,6310,8120
2019,Vaud,85 Erziehung und Unterricht,3449,40823,23909,16914,30482,16670,13812
2019,Vaud,86 Gesundheitswesen,7208,46534,34399,12135,35035,24712,10323
2019,Vaud,87 Heime (ohne Erholungs- und Ferienheime),321,16126,11851,4275,11894,8506,3388
2019,Vaud,88 Sozialwesen (ohne Heime),1130,16037,12736,3301,10617,8111,2506
2019,Vaud,"90 Kreative, künstlerische und unterhaltende Tätigkeiten",1272,2913,1290,1623,1616,609,1008
2019,Vaud,"91 Bibliotheken, Archive, Museen, botanische und zoologische Gärten",121,1562,1034,528,1043,656,387
2019,Vaud,"92 Spiel-, Wett- und Lotteriewesen",10,520,226,294,448,175,273
2019,Vaud,"93 Erbringung von Dienstleistungen des Sports, der Unterhaltung und der Erholung",933,6285,2709,3576,4278,1645,2634
2019,Vaud,94 Interessenvertretungen sowie kirchliche und sonstige religiöse Vereinigungen (ohne Sozialwesen und Sport),1021,7834,4566,3268,5233,2987,2246
2019,Vaud,95 Reparatur von Datenverarbeitungsgeräten und Gebrauchsgütern,256,546,117,429,447,86,361
2019,Vaud,96 Erbringung von sonstigen überwiegend persönlichen Dienstleistungen,3588,6384,5049,1335,4609,3554,1055
2019,Valais / Wallis,Wirtschaftsabteilung - Total,29906,182533,82274,100259,141929,54591,87338
2019,Valais / Wallis,"01 Landwirtschaft, Jagd und damit verbundene Tätigkeiten",2799,9368,3517,5851,5248,1688,3560
2019,Valais / Wallis,02 Forstwirtschaft und Holzeinschlag,53,393,32,361,342,13,329
2019,Valais / Wallis,03 Fischerei und Aquakultur,10,87,33,54,76,29,47
2019,Valais / Wallis,05 Kohlenbergbau,0,0,0,0,0,0,0
2019,Valais / Wallis,06 Gewinnung von Erdöl und Erdgas,0,0,0,0,0,0,0
2019,Valais / Wallis,07 Erzbergbau,0,0,0,0,0,0,0
2019,Valais / Wallis,"08 Gewinnung von Steinen und Erden, sonstiger Bergbau",16,208,20,188,191,15,176
2019,Valais / Wallis,09 Erbringung von Dienstleistungen für den Bergbau und für die Gewinnung von Steinen und Erden,0,0,0,0,0,0,0
2019,Valais / Wallis,10 Herstellung von Nahrungs- und Futtermitteln,217,2048,904,1144,1696,645,1051
2019,Valais / Wallis,11 Getränkeherstellung,86,882,352,530,711,235,476
2019,Valais / Wallis,12 Tabakverarbeitung,0,0,0,0,0,0,0
2019,Valais / Wallis,13 Herstellung von Textilien,27,37,30,7,24,18,6
2019,Valais / Wallis,14 Herstellung von Bekleidung,75,83,72,11,48,40,8
2019,Valais / Wallis,"15 Herstellung von Leder, Lederwaren und Schuhen",6,15,X,X,10,X,X
2019,Valais / Wallis,"16 Herstellung von Holz-, Flecht-, Korb- und Korkwaren (ohne Möbel)",474,2392,265,2127,2190,174,2016
2019,Valais / Wallis,"17 Herstellung von Papier, Pappe und Waren daraus",4,28,18,10,20,11,9
2019,Valais / Wallis,"18 Herstellung von Druckerzeugnissen, Vervielfältigung von bespielten Ton-, Bild- und Datenträgern",92,549,223,326,455,163,292
2019,Valais / Wallis,19 Kokerei und Mineralölverarbeitung,0,0,0,0,0,0,0
2019,Valais / Wallis,20 Herstellung von chemischen Erzeugnissen,39,5005,871,4134,4813,771,4042
2019,Valais / Wallis,21 Herstellung von pharmazeutischen Erzeugnissen,9,818,225,593,777,194,584
2019,Valais / Wallis,22 Herstellung von Gummi- und Kunststoffwaren,13,219,102,117,192,78,115
2019,Valais / Wallis,"23 Herstellung von Glas und Glaswaren, Keramik, Verarbeitung von Steinen und Erden",48,352,65,287,320,45,275
2019,Valais / Wallis,24 Metallerzeugung und -bearbeitung,11,1192,87,1105,1179,79,1100
2019,Valais / Wallis,25 Herstellung von Metallerzeugnissen,233,2025,381,1644,1854,288,1567
2019,Valais / Wallis,"26 Herstellung von Datenverarbeitungsgeräten, elektronischen und optischen Erzeugnissen",33,740,402,338,649,324,325
2019,Valais / Wallis,27 Herstellung von elektrischen Ausrüstungen,26,264,50,214,239,36,203
2019,Valais / Wallis,28 Maschinenbau,37,1286,316,970,1217,278,939
2019,Valais / Wallis,29 Herstellung von Automobilen und Automobilteilen,X,22,X,X,21,X,X
2019,Valais / Wallis,30 Sonstiger Fahrzeugbau,4,18,X,X,17,X,X
2019,Valais / Wallis,31 Herstellung von Möbeln,51,197,35,162,175,25,151
2019,Valais / Wallis,32 Herstellung von sonstigen Waren,111,540,239,301,455,175,280
2019,Valais / Wallis,33 Reparatur und Installation von Maschinen und Ausrüstungen,107,485,62,423,438,39,399
2019,Valais / Wallis,35 Energieversorgung,79,2187,320,1867,1911,226,1685
2019,Valais / Wallis,36 Wasserversorgung,12,35,X,X,24,X,X
2019,Valais / Wallis,37 Abwasserentsorgung,27,151,11,140,134,8,126
2019,Valais / Wallis,"38 Sammlung, Behandlung und Beseitigung von Abfällen, Rückgewinnung",70,453,72,381,403,47,357
2019,Valais / Wallis,39 Beseitigung von Umweltverschmutzungen und sonstige Entsorgung,X,X,X,X,X,X,X
2019,Valais / Wallis,41 Hochbau,548,4732,464,4268,4414,285,4129
2019,Valais / Wallis,42 Tiefbau,44,749,72,677,712,51,660
2019,Valais / Wallis,"43 Vorbereitende Baustellenarbeiten, Bauinstallation und sonstiges Ausbaugewerbe",1985,10967,1320,9647,10043,757,9286
2019,Valais / Wallis,"45 Handel mit Motorfahrzeugen, Instandhaltung und Reparatur von Motorfahrzeugen",798,3674,656,3018,3284,444,2841
2019,Valais / Wallis,46 Grosshandel (ohne Handel mit Motorfahrzeugen),733,4465,1403,3062,3853,998,2855
2019,Valais / Wallis,47 Detailhandel (ohne Handel mit Motorfahrzeugen),2583,14453,10046,4407,10818,6909,3910
2019,Valais / Wallis,49 Landverkehr und Transport in Rohrfernleitungen,528,7163,1386,5777,6121,937,5184
2019,Valais / Wallis,50 Schifffahrt,X,X,X,X,X,X,X
2019,Valais / Wallis,51 Luftfahrt,13,288,47,241,232,30,201
2019,Valais / Wallis,52 Lagerei sowie Erbringung von sonstigen Dienstleistungen für den Verkehr,67,729,142,587,621,83,537
2019,Valais / Wallis,"53 Post-, Kurier- und Expressdienste",141,1129,635,494,929,461,468
2019,Valais / Wallis,55 Beherbergung,993,8231,4637,3594,6810,3582,3227
2019,Valais / Wallis,56 Gastronomie,1825,9699,5273,4426,7549,3683,3867
2019,Valais / Wallis,58 Verlagswesen,34,90,57,33,59,36,22
2019,Valais / Wallis,"59 Herstellung, Verleih und Vertrieb von Filmen und Fernsehprogrammen, Kinos, Tonstudios und Verlegen von Musik",109,200,60,140,130,30,100
2019,Valais / Wallis,60 Rundfunkveranstalter,6,222,93,129,173,64,109
2019,Valais / Wallis,61 Telekommunikation,51,628,208,420,560,164,396
2019,Valais / Wallis,62 Erbringung von Dienstleistungen der Informationstechnologie,399,1283,281,1002,1082,183,899
2019,Valais / Wallis,63 Informationsdienstleistungen,24,54,27,27,39,16,23
2019,Valais / Wallis,64 Erbringung von Finanzdienstleistungen,281,1957,904,1053,1598,644,954
2019,Valais / Wallis,"65 Versicherungen, Rückversicherungen und Pensionskassen (ohne Sozialversicherung)",37,271,146,125,216,106,111
2019,Valais / Wallis,66 Mit Finanz- und Versicherungsdienstleistungen verbundene Tätigkeiten,314,3191,1362,1829,2617,971,1645
2019,Valais / Wallis,68 Grundstücks- und Wohnungswesen,1062,2674,1496,1178,1686,815,871
2019,Valais / Wallis,"69 Rechts- und Steuerberatung, Wirtschaftsprüfung",761,2349,1443,906,1724,939,786
2019,Valais / Wallis,"70 Verwaltung und Führung von Unternehmen und Betrieben, Unternehmensberatung",474,1369,618,751,1079,426,653
2019,Valais / Wallis,"71 Architektur- und Ingenieurbüros, technische, physikalische und chemische Untersuchung",993,4598,1472,3126,3841,992,2849
2019,Valais / Wallis,72 Forschung und Entwicklung,54,431,164,267,366,120,245
2019,Valais / Wallis,73 Werbung und Marktforschung,119,564,311,253,355,172,183
2019,Valais / Wallis,"74 Sonstige freiberufliche, wissenschaftliche und technische Tätigkeiten",724,1020,459,561,696,260,436
2019,Valais / Wallis,75 Veterinärwesen,35,179,142,37,128,97,31
2019,Valais / Wallis,77 Vermietung von beweglichen Sachen,75,272,51,221,201,27,174
2019,Valais / Wallis,78 Vermittlung und Überlassung von Arbeitskräften,79,4124,687,3437,3451,391,3060
2019,Valais / Wallis,"79 Reisebüros, Reiseveranstalter und Erbringung sonstiger Reservierungsdienstleistungen",173,934,561,373,658,378,280
2019,Valais / Wallis,80 Wach- und Sicherheitsdienste sowie Detekteien,40,436,81,355,299,52,247
2019,Valais / Wallis,"81 Gebäudebetreuung, Garten- und Landschaftsbau",633,3670,1562,2108,2620,763,1858
2019,Valais / Wallis,82 Erbringung von wirtschaftlichen Dienstleistungen für Unternehmen und Privatpersonen a. n. g.,128,513,257,256,383,166,217
2019,Valais / Wallis,"84 Öffentliche Verwaltung, Verteidigung, Sozialversicherung",466,6805,3029,3776,5469,2095,3374
2019,Valais / Wallis,85 Erziehung und Unterricht,1355,11237,6398,4839,7347,3889,3458
2019,Valais / Wallis,86 Gesundheitswesen,2307,14063,10647,3416,10166,7382,2784
2019,Valais / Wallis,87 Heime (ohne Erholungs- und Ferienheime),136,7209,5944,1265,5095,4075,1021
2019,Valais / Wallis,88 Sozialwesen (ohne Heime),301,4091,3248,843,2619,1998,621
2019,Valais / Wallis,"90 Kreative, künstlerische und unterhaltende Tätigkeiten",608,856,348,508,394,126,268
2019,Valais / Wallis,"91 Bibliotheken, Archive, Museen, botanische und zoologische Gärten",57,374,270,104,244,162,82
2019,Valais / Wallis,"92 Spiel-, Wett- und Lotteriewesen",7,75,30,45,56,20,36
2019,Valais / Wallis,"93 Erbringung von Dienstleistungen des Sports, der Unterhaltung und der Erholung",664,2176,785,1391,1287,373,914
2019,Valais / Wallis,94 Interessenvertretungen sowie kirchliche und sonstige religiöse Vereinigungen (ohne Sozialwesen und Sport),480,2865,1617,1248,1733,975,758
2019,Valais / Wallis,95 Reparatur von Datenverarbeitungsgeräten und Gebrauchsgütern,72,114,27,87,82,17,65
2019,Valais / Wallis,96 Erbringung von sonstigen überwiegend persönlichen Dienstleistungen,1815,3277,2680,597,2261,1793,467
2019,Genève,Wirtschaftsabteilung - Total,42551,368334,163906,204428,306027,123673,182354
2019,Genève,"01 Landwirtschaft, Jagd und damit verbundene Tätigkeiten",400,1966,559,1407,1461,351,1110
2019,Genève,02 Forstwirtschaft und Holzeinschlag,12,40,X,X,36,X,X
2019,Genève,03 Fischerei und Aquakultur,9,13,X,X,10,X,X
2019,Genève,05 Kohlenbergbau,0,0,0,0,0,0,0
2019,Genève,06 Gewinnung von Erdöl und Erdgas,0,0,0,0,0,0,0
2019,Genève,07 Erzbergbau,0,0,0,0,0,0,0
2019,Genève,"08 Gewinnung von Steinen und Erden, sonstiger Bergbau",9,81,16,65,78,14,65
2019,Genève,09 Erbringung von Dienstleistungen für den Bergbau und für die Gewinnung von Steinen und Erden,X,48,22,26,45,19,25
2019,Genève,10 Herstellung von Nahrungs- und Futtermitteln,148,1756,538,1218,1581,430,1151
2019,Genève,11 Getränkeherstellung,20,59,16,43,44,10,33
2019,Genève,12 Tabakverarbeitung,X,X,X,X,X,X,X
2019,Genève,13 Herstellung von Textilien,25,86,32,54,72,22,50
2019,Genève,14 Herstellung von Bekleidung,83,441,286,155,403,254,149
2019,Genève,"15 Herstellung von Leder, Lederwaren und Schuhen",17,305,217,88,273,190,84
2019,Genève,"16 Herstellung von Holz-, Flecht-, Korb- und Korkwaren (ohne Möbel)",284,941,109,832,866,81,785
2019,Genève,"17 Herstellung von Papier, Pappe und Waren daraus",5,22,X,X,18,X,X
2019,Genève,"18 Herstellung von Druckerzeugnissen, Vervielfältigung von bespielten Ton-, Bild- und Datenträgern",118,438,143,295,389,112,277
2019,Genève,19 Kokerei und Mineralölverarbeitung,0,0,0,0,0,0,0
2019,Genève,20 Herstellung von chemischen Erzeugnissen,43,2803,973,1830,2725,909,1816
2019,Genève,21 Herstellung von pharmazeutischen Erzeugnissen,19,459,250,209,428,229,199
2019,Genève,22 Herstellung von Gummi- und Kunststoffwaren,14,71,18,53,64,14,51
2019,Genève,"23 Herstellung von Glas und Glaswaren, Keramik, Verarbeitung von Steinen und Erden",54,473,52,421,453,40,413
2019,Genève,24 Metallerzeugung und -bearbeitung,6,103,17,86,100,16,84
2019,Genève,25 Herstellung von Metallerzeugnissen,265,1503,215,1288,1408,171,1236
2019,Genève,"26 Herstellung von Datenverarbeitungsgeräten, elektronischen und optischen Erzeugnissen",169,11612,4569,7043,11177,4280,6897
2019,Genève,27 Herstellung von elektrischen Ausrüstungen,27,916,183,733,883,167,716
2019,Genève,28 Maschinenbau,22,493,57,436,481,52,429
2019,Genève,29 Herstellung von Automobilen und Automobilteilen,7,42,X,X,40,X,X
2019,Genève,30 Sonstiger Fahrzeugbau,15,351,34,317,341,31,310
2019,Genève,31 Herstellung von Möbeln,38,182,24,158,171,20,152
2019,Genève,32 Herstellung von sonstigen Waren,288,1930,803,1127,1769,687,1082
2019,Genève,33 Reparatur und Installation von Maschinen und Ausrüstungen,68,933,102,831,899,88,811
2019,Genève,35 Energieversorgung,8,1547,348,1199,1470,297,1173
2019,Genève,36 Wasserversorgung,0,0,0,0,0,0,0
2019,Genève,37 Abwasserentsorgung,14,346,40,306,336,34,302
2019,Genève,"38 Sammlung, Behandlung und Beseitigung von Abfällen, Rückgewinnung",32,635,84,551,605,68,537
2019,Genève,39 Beseitigung von Umweltverschmutzungen und sonstige Entsorgung,X,X,X,X,X,X,X
2019,Genève,41 Hochbau,664,5683,605,5078,5351,470,4881
2019,Genève,42 Tiefbau,28,735,71,664,715,60,654
2019,Genève,"43 Vorbereitende Baustellenarbeiten, Bauinstallation und sonstiges Ausbaugewerbe",2146,14324,1371,12953,13565,1015,12550
2019,Genève,"45 Handel mit Motorfahrzeugen, Instandhaltung und Reparatur von Motorfahrzeugen",722,3776,494,3282,3518,400,3118
2019,Genève,46 Grosshandel (ohne Handel mit Motorfahrzeugen),1551,18770,7382,11388,17569,6532,11037
2019,Genève,47 Detailhandel (ohne Handel mit Motorfahrzeugen),3158,19553,11478,8075,15828,8701,7127
2019,Genève,49 Landverkehr und Transport in Rohrfernleitungen,1656,7835,1106,6729,6922,857,6066
2019,Genève,50 Schifffahrt,14,909,320,589,883,306,577
2019,Genève,51 Luftfahrt,45,1656,761,895,1505,635,870
2019,Genève,52 Lagerei sowie Erbringung von sonstigen Dienstleistungen für den Verkehr,233,6394,1848,4546,5709,1489,4220
2019,Genève,"53 Post-, Kurier- und Expressdienste",139,2209,645,1564,1837,484,1354
2019,Genève,55 Beherbergung,155,4618,2113,2505,4162,1847,2314
2019,Genève,56 Gastronomie,2121,14719,5620,9099,11915,4067,7848
2019,Genève,58 Verlagswesen,101,619,306,313,490,222,268
2019,Genève,"59 Herstellung, Verleih und Vertrieb von Filmen und Fernsehprogrammen, Kinos, Tonstudios und Verlegen von Musik",286,958,355,603,685,209,477
2019,Genève,60 Rundfunkveranstalter,12,1648,668,980,1451,550,901
2019,Genève,61 Telekommunikation,78,1279,237,1042,1199,201,997
2019,Genève,62 Erbringung von Dienstleistungen der Informationstechnologie,1087,7998,1625,6373,7414,1372,6042
2019,Genève,63 Informationsdienstleistungen,81,502,189,313,444,156,288
2019,Genève,64 Erbringung von Finanzdienstleistungen,622,18793,7051,11742,17827,6454,11373
2019,Genève,"65 Versicherungen, Rückversicherungen und Pensionskassen (ohne Sozialversicherung)",49,995,547,448,848,448,400
2019,Genève,66 Mit Finanz- und Versicherungsdienstleistungen verbundene Tätigkeiten,1628,9370,3522,5848,8181,2828,5353
2019,Genève,68 Grundstücks- und Wohnungswesen,1081,7816,4061,3755,5364,2600,2763
2019,Genève,"69 Rechts- und Steuerberatung, Wirtschaftsprüfung",2259,9821,5419,4402,8399,4374,4025
2019,Genève,"70 Verwaltung und Führung von Unternehmen und Betrieben, Unternehmensberatung",1694,9716,3921,5795,8574,3232,5342
2019,Genève,"71 Architektur- und Ingenieurbüros, technische, physikalische und chemische Untersuchung",1315,7457,2372,5085,6588,1882,4706
2019,Genève,72 Forschung und Entwicklung,148,1512,674,838,1373,589,784
2019,Genève,73 Werbung und Marktforschung,248,1048,462,586,878,364,514
2019,Genève,"74 Sonstige freiberufliche, wissenschaftliche und technische Tätigkeiten",1659,2936,1272,1664,2216,843,1373
2019,Genève,75 Veterinärwesen,38,172,138,34,135,106,30
2019,Genève,77 Vermietung von beweglichen Sachen,160,1242,288,954,1034,230,804
2019,Genève,78 Vermittlung und Überlassung von Arbeitskräften,240,16007,5348,10659,12932,3849,9083
2019,Genève,"79 Reisebüros, Reiseveranstalter und Erbringung sonstiger Reservierungsdienstleistungen",208,1328,768,560,1128,638,490
2019,Genève,80 Wach- und Sicherheitsdienste sowie Detekteien,117,4342,819,3523,3553,616,2937
2019,Genève,"81 Gebäudebetreuung, Garten- und Landschaftsbau",789,14150,7192,6958,8964,3395,5569
2019,Genève,82 Erbringung von wirtschaftlichen Dienstleistungen für Unternehmen und Privatpersonen a. n. g.,241,1561,771,790,1232,591,641
2019,Genève,"84 Öffentliche Verwaltung, Verteidigung, Sozialversicherung",511,14706,7059,7647,13075,5725,7350
2019,Genève,85 Erziehung und Unterricht,1872,25900,15350,10550,18837,10771,8066
2019,Genève,86 Gesundheitswesen,5340,30728,21794,8934,23794,16400,7394
2019,Genève,87 Heime (ohne Erholungs- und Ferienheime),247,9991,6987,3004,7646,5257,2389
2019,Genève,88 Sozialwesen (ohne Heime),915,11876,8807,3069,7907,5759,2148
2019,Genève,"90 Kreative, künstlerische und unterhaltende Tätigkeiten",744,2912,1253,1659,1724,646,1077
2019,Genève,"91 Bibliotheken, Archive, Museen, botanische und zoologische Gärten",93,1270,675,595,966,479,487
2019,Genève,"92 Spiel-, Wett- und Lotteriewesen",4,120,37,83,108,31,77
2019,Genève,"93 Erbringung von Dienstleistungen des Sports, der Unterhaltung und der Erholung",578,3588,1277,2311,2345,711,1634
2019,Genève,94 Interessenvertretungen sowie kirchliche und sonstige religiöse Vereinigungen (ohne Sozialwesen und Sport),1083,9676,5865,3811,7193,4276,2917
2019,Genève,95 Reparatur von Datenverarbeitungsgeräten und Gebrauchsgütern,156,286,57,229,222,38,183
2019,Genève,96 Erbringung von sonstigen überwiegend persönlichen Dienstleistungen,2011,4231,3201,1030,3195,2369,826
2020,Schweiz,Wirtschaftsabteilung - Total,694851,5289594,2419772,2869822,4119202,1619409,2499792
2020,Schweiz,"01 Landwirtschaft, Jagd und damit verbundene Tätigkeiten",50447,152269,54957,97312,96839,27277,69562
2020,Schweiz,02 Forstwirtschaft und Holzeinschlag,1430,6223,599,5624,5310,364,4946
2020,Schweiz,03 Fischerei und Aquakultur,186,511,151,360,426,118,308
2020,Schweiz,05 Kohlenbergbau,0,0,0,0,0,0,0
2020,Schweiz,06 Gewinnung von Erdöl und Erdgas,0,0,0,0,0,0,0
2020,Schweiz,07 Erzbergbau,0,0,0,0,0,0,0
2020,Schweiz,"08 Gewinnung von Steinen und Erden, sonstiger Bergbau",339,4805,587,4218,4424,393,4031
2020,Schweiz,09 Erbringung von Dienstleistungen für den Bergbau und für die Gewinnung von Steinen und Erden,14,109,26,83,103,22,81
2020,Schweiz,10 Herstellung von Nahrungs- und Futtermitteln,4631,80007,35072,44935,67744,25804,41940
2020,Schweiz,11 Getränkeherstellung,626,6102,1827,4275,5188,1281,3907
2020,Schweiz,12 Tabakverarbeitung,13,2260,713,1547,2138,642,1496
2020,Schweiz,13 Herstellung von Textilien,810,6694,3387,3307,5670,2520,3150
2020,Schweiz,14 Herstellung von Bekleidung,1790,5716,4375,1341,4277,3063,1213
2020,Schweiz,"15 Herstellung von Leder, Lederwaren und Schuhen",321,2046,1157,889,1730,926,804
2020,Schweiz,"16 Herstellung von Holz-, Flecht-, Korb- und Korkwaren (ohne Möbel)",7249,39222,5799,33423,35035,3734,31302
2020,Schweiz,"17 Herstellung von Papier, Pappe und Waren daraus",183,6471,1792,4679,6013,1459,4554
2020,Schweiz,"18 Herstellung von Druckerzeugnissen, Vervielfältigung von bespielten Ton-, Bild- und Datenträgern",1966,15739,6064,9675,13498,4485,9013
2020,Schweiz,19 Kokerei und Mineralölverarbeitung,7,644,133,511,614,111,504
2020,Schweiz,20 Herstellung von chemischen Erzeugnissen,859,28235,8509,19726,26365,7196,19169
2020,Schweiz,21 Herstellung von pharmazeutischen Erzeugnissen,342,48666,20786,27880,45968,18625,27343
2020,Schweiz,22 Herstellung von Gummi- und Kunststoffwaren,748,21929,6391,15538,20350,5281,15069
2020,Schweiz,"23 Herstellung von Glas und Glaswaren, Keramik, Verarbeitung von Steinen und Erden",1405,17073,3221,13852,15730,2419,13311
2020,Schweiz,24 Metallerzeugung und -bearbeitung,252,11906,1718,10188,11339,1429,9910
2020,Schweiz,25 Herstellung von Metallerzeugnissen,7332,83623,16699,66924,76436,12688,63749
2020,Schweiz,"26 Herstellung von Datenverarbeitungsgeräten, elektronischen und optischen Erzeugnissen",2115,108968,40978,67990,102557,36488,66069
2020,Schweiz,27 Herstellung von elektrischen Ausrüstungen,854,28870,7667,21203,26906,6368,20538
2020,Schweiz,28 Maschinenbau,2052,74575,13317,61258,70245,10881,59364
2020,Schweiz,29 Herstellung von Automobilen und Automobilteilen,240,4601,712,3889,4321,561,3759
2020,Schweiz,30 Sonstiger Fahrzeugbau,258,11183,1509,9674,10641,1244,9397
2020,Schweiz,31 Herstellung von Möbeln,907,9147,1964,7183,8293,1474,6819
2020,Schweiz,32 Herstellung von sonstigen Waren,3698,27310,12041,15269,24041,9615,14426
2020,Schweiz,33 Reparatur und Installation von Maschinen und Ausrüstungen,2769,20596,3010,17586,18733,2061,16672
2020,Schweiz,35 Energieversorgung,1103,30181,6020,24161,26385,4210,22175
2020,Schweiz,36 Wasserversorgung,463,2731,509,2222,1955,280,1675
2020,Schweiz,37 Abwasserentsorgung,632,5242,657,4585,4691,410,4281
2020,Schweiz,"38 Sammlung, Behandlung und Beseitigung von Abfällen, Rückgewinnung",974,12275,2039,10236,10785,1370,9415
2020,Schweiz,39 Beseitigung von Umweltverschmutzungen und sonstige Entsorgung,38,239,27,212,211,16,195
2020,Schweiz,41 Hochbau,9334,88775,10037,78738,82316,6504,75812
2020,Schweiz,42 Tiefbau,1133,24217,2104,22113,22904,1421,21483
2020,Schweiz,"43 Vorbereitende Baustellenarbeiten, Bauinstallation und sonstiges Ausbaugewerbe",40592,248167,32055,216112,226572,19377,207196
2020,Schweiz,"45 Handel mit Motorfahrzeugen, Instandhaltung und Reparatur von Motorfahrzeugen",17161,87880,15701,72179,77377,10719,66657
2020,Schweiz,46 Grosshandel (ohne Handel mit Motorfahrzeugen),24192,221812,80579,141233,195166,62903,132263
2020,Schweiz,47 Detailhandel (ohne Handel mit Motorfahrzeugen),49521,308054,207612,100442,229777,142647,87130
2020,Schweiz,49 Landverkehr und Transport in Rohrfernleitungen,11981,127186,21058,106128,111355,15478,95877
2020,Schweiz,50 Schifffahrt,184,4696,1094,3602,4196,909,3287
2020,Schweiz,51 Luftfahrt,219,12456,5743,6713,10416,4240,6175
2020,Schweiz,52 Lagerei sowie Erbringung von sonstigen Dienstleistungen für den Verkehr,2408,60145,17400,42745,53280,13478,39802
2020,Schweiz,"53 Post-, Kurier- und Expressdienste",2484,44106,17738,26368,32722,11422,21300
2020,Schweiz,55 Beherbergung,5813,67430,37272,30158,55515,28352,27163
2020,Schweiz,56 Gastronomie,26574,167758,86983,80775,121040,56325,64715
2020,Schweiz,58 Verlagswesen,1565,17118,8522,8596,12871,5902,6970
2020,Schweiz,"59 Herstellung, Verleih und Vertrieb von Filmen und Fernsehprogrammen, Kinos, Tonstudios und Verlegen von Musik",3603,9894,3608,6286,6316,1912,4404
2020,Schweiz,60 Rundfunkveranstalter,158,9600,3983,5617,7677,2941,4737
2020,Schweiz,61 Telekommunikation,1114,26374,6629,19745,23947,5401,18546
2020,Schweiz,62 Erbringung von Dienstleistungen der Informationstechnologie,18352,110263,24088,86175,96324,17992,78331
2020,Schweiz,63 Informationsdienstleistungen,1230,14641,4551,10090,12811,3591,9221
2020,Schweiz,64 Erbringung von Finanzdienstleistungen,8500,119681,47647,72034,104878,38592,66286
2020,Schweiz,"65 Versicherungen, Rückversicherungen und Pensionskassen (ohne Sozialversicherung)",1192,51446,24930,26516,43309,19648,23661
2020,Schweiz,66 Mit Finanz- und Versicherungsdienstleistungen verbundene Tätigkeiten,11050,76877,29480,47397,64583,22427,42155
2020,Schweiz,68 Grundstücks- und Wohnungswesen,19331,74911,38413,36498,45584,21198,24386
2020,Schweiz,"69 Rechts- und Steuerberatung, Wirtschaftsprüfung",23240,87694,48919,38775,67908,34213,33695
2020,Schweiz,"70 Verwaltung und Führung von Unternehmen und Betrieben, Unternehmensberatung",25547,132010,54973,77037,111160,41879,69280
2020,Schweiz,"71 Architektur- und Ingenieurbüros, technische, physikalische und chemische Untersuchung",25720,139074,43486,95588,117008,30886,86122
2020,Schweiz,72 Forschung und Entwicklung,1995,30809,12396,18413,27376,10316,17060
2020,Schweiz,73 Werbung und Marktforschung,4606,23395,11758,11637,16566,7196,9370
2020,Schweiz,"74 Sonstige freiberufliche, wissenschaftliche und technische Tätigkeiten",21438,37408,17421,19987,25415,10082,15333
2020,Schweiz,75 Veterinärwesen,1329,7548,5914,1634,5555,4138,1417
2020,Schweiz,77 Vermietung von beweglichen Sachen,1920,9855,2761,7094,7799,1931,5868
2020,Schweiz,78 Vermittlung und Überlassung von Arbeitskräften,2753,118554,35391,83163,93226,22967,70259
2020,Schweiz,"79 Reisebüros, Reiseveranstalter und Erbringung sonstiger Reservierungsdienstleistungen",2563,14577,9110,5467,10672,6344,4328
2020,Schweiz,80 Wach- und Sicherheitsdienste sowie Detekteien,890,23335,5056,18279,16702,3207,13494
2020,Schweiz,"81 Gebäudebetreuung, Garten- und Landschaftsbau",17508,148443,75084,73359,93339,33158,60181
2020,Schweiz,82 Erbringung von wirtschaftlichen Dienstleistungen für Unternehmen und Privatpersonen a. n. g.,3600,20183,10960,9223,14724,7132,7592
2020,Schweiz,"84 Öffentliche Verwaltung, Verteidigung, Sozialversicherung",8789,207163,100246,106917,168881,72615,96266
2020,Schweiz,85 Erziehung und Unterricht,35109,392860,245494,147366,242608,140481,102127
2020,Schweiz,86 Gesundheitswesen,64102,436349,333429,102920,311285,226009,85277
2020,Schweiz,87 Heime (ohne Erholungs- und Ferienheime),3857,202034,153082,48952,142725,104712,38013
2020,Schweiz,88 Sozialwesen (ohne Heime),12615,127808,97015,30793,78455,57286,21169
2020,Schweiz,"90 Kreative, künstlerische und unterhaltende Tätigkeiten",14924,30212,13603,16609,16053,6521,9532
2020,Schweiz,"91 Bibliotheken, Archive, Museen, botanische und zoologische Gärten",1235,14295,9485,4810,8912,5372,3540
2020,Schweiz,"92 Spiel-, Wett- und Lotteriewesen",78,3334,1434,1900,2685,1071,1614
2020,Schweiz,"93 Erbringung von Dienstleistungen des Sports, der Unterhaltung und der Erholung",9678,54590,24716,29874,31552,11885,19667
2020,Schweiz,94 Interessenvertretungen sowie kirchliche und sonstige religiöse Vereinigungen (ohne Sozialwesen und Sport),13376,101957,57994,43963,61606,34519,27087
2020,Schweiz,95 Reparatur von Datenverarbeitungsgeräten und Gebrauchsgütern,2482,5810,1521,4289,4472,1025,3446
2020,Schweiz,96 Erbringung von sonstigen überwiegend persönlichen Dienstleistungen,40753,70642,56884,13758,46624,36272,10352
2020,Vaud,Wirtschaftsabteilung - Total,62418,459661,213835,245826,371486,153216,218270
2020,Vaud,"01 Landwirtschaft, Jagd und damit verbundene Tätigkeiten",3628,12675,4152,8523,8465,2072,6393
2020,Vaud,02 Forstwirtschaft und Holzeinschlag,130,554,58,496,491,41,450
2020,Vaud,03 Fischerei und Aquakultur,47,83,17,66,71,14,58
2020,Vaud,05 Kohlenbergbau,0,0,0,0,0,0,0
2020,Vaud,06 Gewinnung von Erdöl und Erdgas,0,0,0,0,0,0,0
2020,Vaud,07 Erzbergbau,0,0,0,0,0,0,0
2020,Vaud,"08 Gewinnung von Steinen und Erden, sonstiger Bergbau",19,237,26,211,222,18,204
2020,Vaud,09 Erbringung von Dienstleistungen für den Bergbau und für die Gewinnung von Steinen und Erden,0,0,0,0,0,0,0
2020,Vaud,10 Herstellung von Nahrungs- und Futtermitteln,435,6121,2372,3749,5304,1787,3517
2020,Vaud,11 Getränkeherstellung,68,695,182,513,594,131,463
2020,Vaud,12 Tabakverarbeitung,X,23,X,X,17,X,X
2020,Vaud,13 Herstellung von Textilien,54,103,60,43,77,39,38
2020,Vaud,14 Herstellung von Bekleidung,143,195,167,28,113,91,22
2020,Vaud,"15 Herstellung von Leder, Lederwaren und Schuhen",26,42,21,21,27,11,16
2020,Vaud,"16 Herstellung von Holz-, Flecht-, Korb- und Korkwaren (ohne Möbel)",628,2665,310,2355,2435,223,2212
2020,Vaud,"17 Herstellung von Papier, Pappe und Waren daraus",11,202,55,147,194,52,142
2020,Vaud,"18 Herstellung von Druckerzeugnissen, Vervielfältigung von bespielten Ton-, Bild- und Datenträgern",151,948,287,661,839,220,619
2020,Vaud,19 Kokerei und Mineralölverarbeitung,0,0,0,0,0,0,0
2020,Vaud,20 Herstellung von chemischen Erzeugnissen,87,1638,623,1015,1527,543,984
2020,Vaud,21 Herstellung von pharmazeutischen Erzeugnissen,25,3533,1418,2115,3434,1345,2090
2020,Vaud,22 Herstellung von Gummi- und Kunststoffwaren,37,540,106,434,510,90,420
2020,Vaud,"23 Herstellung von Glas und Glaswaren, Keramik, Verarbeitung von Steinen und Erden",112,1240,182,1058,1163,138,1026
2020,Vaud,24 Metallerzeugung und -bearbeitung,13,264,52,212,252,45,207
2020,Vaud,25 Herstellung von Metallerzeugnissen,566,3999,772,3227,3678,615,3063
2020,Vaud,"26 Herstellung von Datenverarbeitungsgeräten, elektronischen und optischen Erzeugnissen",199,8617,3531,5086,8149,3203,4946
2020,Vaud,27 Herstellung von elektrischen Ausrüstungen,62,1290,514,776,1221,471,750
2020,Vaud,28 Maschinenbau,72,2851,417,2434,2753,375,2378
2020,Vaud,29 Herstellung von Automobilen und Automobilteilen,14,247,44,203,233,35,197
2020,Vaud,30 Sonstiger Fahrzeugbau,28,991,89,902,962,78,884
2020,Vaud,31 Herstellung von Möbeln,74,390,97,293,351,79,272
2020,Vaud,32 Herstellung von sonstigen Waren,277,2045,855,1190,1851,714,1137
2020,Vaud,33 Reparatur und Installation von Maschinen und Ausrüstungen,226,1025,134,891,930,93,837
2020,Vaud,35 Energieversorgung,70,2257,497,1760,2063,386,1678
2020,Vaud,36 Wasserversorgung,43,319,63,256,274,43,231
2020,Vaud,37 Abwasserentsorgung,68,474,61,413,423,39,384
2020,Vaud,"38 Sammlung, Behandlung und Beseitigung von Abfällen, Rückgewinnung",92,1054,158,896,931,118,814
2020,Vaud,39 Beseitigung von Umweltverschmutzungen und sonstige Entsorgung,X,29,X,X,28,X,X
2020,Vaud,41 Hochbau,911,6604,871,5733,6145,620,5525
2020,Vaud,42 Tiefbau,44,1657,105,1552,1606,81,1525
2020,Vaud,"43 Vorbereitende Baustellenarbeiten, Bauinstallation und sonstiges Ausbaugewerbe",3612,21742,2541,19201,20083,1637,18447
2020,Vaud,"45 Handel mit Motorfahrzeugen, Instandhaltung und Reparatur von Motorfahrzeugen",1457,7554,1248,6306,6886,921,5966
2020,Vaud,46 Grosshandel (ohne Handel mit Motorfahrzeugen),1896,17608,5815,11793,16119,4855,11264
2020,Vaud,47 Detailhandel (ohne Handel mit Motorfahrzeugen),4919,28990,18268,10722,22459,13057,9402
2020,Vaud,49 Landverkehr und Transport in Rohrfernleitungen,1011,11293,1708,9585,10282,1365,8917
2020,Vaud,50 Schifffahrt,8,303,60,243,284,51,233
2020,Vaud,51 Luftfahrt,7,36,18,18,29,14,15
2020,Vaud,52 Lagerei sowie Erbringung von sonstigen Dienstleistungen für den Verkehr,164,2427,400,2027,2229,326,1903
2020,Vaud,"53 Post-, Kurier- und Expressdienste",224,2929,1089,1840,2629,887,1743
2020,Vaud,55 Beherbergung,392,4490,2124,2366,3893,1745,2148
2020,Vaud,56 Gastronomie,2504,14898,6841,8057,11514,4828,6687
2020,Vaud,58 Verlagswesen,169,1756,906,850,1433,692,742
2020,Vaud,"59 Herstellung, Verleih und Vertrieb von Filmen und Fernsehprogrammen, Kinos, Tonstudios und Verlegen von Musik",413,952,317,635,637,173,464
2020,Vaud,60 Rundfunkveranstalter,11,814,398,416,671,307,364
2020,Vaud,61 Telekommunikation,105,2620,652,1968,2401,537,1864
2020,Vaud,62 Erbringung von Dienstleistungen der Informationstechnologie,1508,9893,2029,7864,9007,1657,7350
2020,Vaud,63 Informationsdienstleistungen,100,413,125,288,358,95,264
2020,Vaud,64 Erbringung von Finanzdienstleistungen,537,6275,2504,3771,5588,2068,3520
2020,Vaud,"65 Versicherungen, Rückversicherungen und Pensionskassen (ohne Sozialversicherung)",98,5780,2985,2795,4782,2354,2428
2020,Vaud,66 Mit Finanz- und Versicherungsdienstleistungen verbundene Tätigkeiten,1068,5986,2321,3665,5094,1804,3290
2020,Vaud,68 Grundstücks- und Wohnungswesen,1547,6429,3461,2968,4372,2211,2161
2020,Vaud,"69 Rechts- und Steuerberatung, Wirtschaftsprüfung",2025,7349,4340,3009,5968,3254,2714
2020,Vaud,"70 Verwaltung und Führung von Unternehmen und Betrieben, Unternehmensberatung",2288,13399,6151,7248,11734,5035,6699
2020,Vaud,"71 Architektur- und Ingenieurbüros, technische, physikalische und chemische Untersuchung",2099,11336,3568,7768,9883,2733,7150
2020,Vaud,72 Forschung und Entwicklung,284,4620,2063,2557,4231,1807,2424
2020,Vaud,73 Werbung und Marktforschung,328,1351,618,733,1004,401,603
2020,Vaud,"74 Sonstige freiberufliche, wissenschaftliche und technische Tätigkeiten",2393,4257,1851,2406,3103,1137,1966
2020,Vaud,75 Veterinärwesen,130,613,494,119,473,368,105
2020,Vaud,77 Vermietung von beweglichen Sachen,175,824,241,583,695,195,499
2020,Vaud,78 Vermittlung und Überlassung von Arbeitskräften,257,13175,4120,9055,10581,2762,7819
2020,Vaud,"79 Reisebüros, Reiseveranstalter und Erbringung sonstiger Reservierungsdienstleistungen",228,961,638,323,739,469,270
2020,Vaud,80 Wach- und Sicherheitsdienste sowie Detekteien,75,2751,537,2214,2295,405,1889
2020,Vaud,"81 Gebäudebetreuung, Garten- und Landschaftsbau",1568,13951,6450,7501,9435,3059,6376
2020,Vaud,82 Erbringung von wirtschaftlichen Dienstleistungen für Unternehmen und Privatpersonen a. n. g.,293,1432,830,602,1136,595,541
2020,Vaud,"84 Öffentliche Verwaltung, Verteidigung, Sozialversicherung",983,17826,8735,9091,14524,6467,8057
2020,Vaud,85 Erziehung und Unterricht,3485,41010,24053,16957,30538,16674,13864
2020,Vaud,86 Gesundheitswesen,7278,48297,35605,12692,36661,25773,10888
2020,Vaud,87 Heime (ohne Erholungs- und Ferienheime),322,16382,12037,4345,12252,8763,3488
2020,Vaud,88 Sozialwesen (ohne Heime),1147,16459,13053,3406,11123,8498,2625
2020,Vaud,"90 Kreative, künstlerische und unterhaltende Tätigkeiten",1165,2668,1184,1484,1540,621,919
2020,Vaud,"91 Bibliotheken, Archive, Museen, botanische und zoologische Gärten",120,1611,1063,548,1055,665,391
2020,Vaud,"92 Spiel-, Wett- und Lotteriewesen",10,468,199,269,427,172,255
2020,Vaud,"93 Erbringung von Dienstleistungen des Sports, der Unterhaltung und der Erholung",888,5785,2453,3332,4086,1590,2496
2020,Vaud,94 Interessenvertretungen sowie kirchliche und sonstige religiöse Vereinigungen (ohne Sozialwesen und Sport),1024,7622,4456,3166,5080,2912,2168
2020,Vaud,95 Reparatur von Datenverarbeitungsgeräten und Gebrauchsgütern,248,567,118,449,455,85,370
2020,Vaud,96 Erbringung von sonstigen überwiegend persönlichen Dienstleistungen,3491,6152,4859,1293,4381,3375,1006
2020,Valais / Wallis,Wirtschaftsabteilung - Total,29867,181752,81916,99836,142031,54926,87106
2020,Valais / Wallis,"01 Landwirtschaft, Jagd und damit verbundene Tätigkeiten",2757,9656,3616,6040,5223,1661,3562
2020,Valais / Wallis,02 Forstwirtschaft und Holzeinschlag,56,412,35,377,362,15,346
2020,Valais / Wallis,03 Fischerei und Aquakultur,9,80,30,50,70,27,44
2020,Valais / Wallis,05 Kohlenbergbau,0,0,0,0,0,0,0
2020,Valais / Wallis,06 Gewinnung von Erdöl und Erdgas,0,0,0,0,0,0,0
2020,Valais / Wallis,07 Erzbergbau,0,0,0,0,0,0,0
2020,Valais / Wallis,"08 Gewinnung von Steinen und Erden, sonstiger Bergbau",14,201,21,180,182,16,166
2020,Valais / Wallis,09 Erbringung von Dienstleistungen für den Bergbau und für die Gewinnung von Steinen und Erden,0,0,0,0,0,0,0
2020,Valais / Wallis,10 Herstellung von Nahrungs- und Futtermitteln,215,1996,879,1117,1632,616,1016
2020,Valais / Wallis,11 Getränkeherstellung,92,800,295,505,655,205,450
2020,Valais / Wallis,12 Tabakverarbeitung,0,0,0,0,0,0,0
2020,Valais / Wallis,13 Herstellung von Textilien,26,40,27,13,25,14,11
2020,Valais / Wallis,14 Herstellung von Bekleidung,76,84,75,9,43,37,6
2020,Valais / Wallis,"15 Herstellung von Leder, Lederwaren und Schuhen",6,15,X,X,10,X,X
2020,Valais / Wallis,"16 Herstellung von Holz-, Flecht-, Korb- und Korkwaren (ohne Möbel)",473,2405,265,2140,2177,171,2006
2020,Valais / Wallis,"17 Herstellung von Papier, Pappe und Waren daraus",4,23,16,7,16,9,7
2020,Valais / Wallis,"18 Herstellung von Druckerzeugnissen, Vervielfältigung von bespielten Ton-, Bild- und Datenträgern",84,460,188,272,384,139,245
2020,Valais / Wallis,19 Kokerei und Mineralölverarbeitung,0,0,0,0,0,0,0
2020,Valais / Wallis,20 Herstellung von chemischen Erzeugnissen,47,4749,999,3750,4545,887,3658
2020,Valais / Wallis,21 Herstellung von pharmazeutischen Erzeugnissen,10,896,265,631,840,230,609
2020,Valais / Wallis,22 Herstellung von Gummi- und Kunststoffwaren,13,167,65,102,146,47,99
2020,Valais / Wallis,"23 Herstellung von Glas und Glaswaren, Keramik, Verarbeitung von Steinen und Erden",46,370,67,303,340,45,294
2020,Valais / Wallis,24 Metallerzeugung und -bearbeitung,14,1205,94,1111,1175,82,1093
2020,Valais / Wallis,25 Herstellung von Metallerzeugnissen,236,1998,371,1627,1823,280,1542
2020,Valais / Wallis,"26 Herstellung von Datenverarbeitungsgeräten, elektronischen und optischen Erzeugnissen",35,714,386,328,634,322,312
2020,Valais / Wallis,27 Herstellung von elektrischen Ausrüstungen,27,256,51,205,228,37,191
2020,Valais / Wallis,28 Maschinenbau,37,1293,314,979,1229,279,951
2020,Valais / Wallis,29 Herstellung von Automobilen und Automobilteilen,5,27,X,X,26,X,X
2020,Valais / Wallis,30 Sonstiger Fahrzeugbau,6,39,6,33,32,5,27
2020,Valais / Wallis,31 Herstellung von Möbeln,48,182,35,147,158,26,133
2020,Valais / Wallis,32 Herstellung von sonstigen Waren,110,487,224,263,410,168,242
2020,Valais / Wallis,33 Reparatur und Installation von Maschinen und Ausrüstungen,105,487,64,423,441,41,400
2020,Valais / Wallis,35 Energieversorgung,81,2222,344,1878,1971,233,1737
2020,Valais / Wallis,36 Wasserversorgung,13,40,X,X,28,X,X
2020,Valais / Wallis,37 Abwasserentsorgung,28,155,13,142,140,9,131
2020,Valais / Wallis,"38 Sammlung, Behandlung und Beseitigung von Abfällen, Rückgewinnung",73,465,75,390,412,45,367
2020,Valais / Wallis,39 Beseitigung von Umweltverschmutzungen und sonstige Entsorgung,X,X,X,X,X,X,X
2020,Valais / Wallis,41 Hochbau,576,4760,463,4297,4428,283,4145
2020,Valais / Wallis,42 Tiefbau,46,749,75,674,711,52,660
2020,Valais / Wallis,"43 Vorbereitende Baustellenarbeiten, Bauinstallation und sonstiges Ausbaugewerbe",1993,11125,1347,9778,10167,772,9395
2020,Valais / Wallis,"45 Handel mit Motorfahrzeugen, Instandhaltung und Reparatur von Motorfahrzeugen",800,3604,639,2965,3234,437,2797
2020,Valais / Wallis,46 Grosshandel (ohne Handel mit Motorfahrzeugen),700,4256,1320,2936,3742,975,2767
2020,Valais / Wallis,47 Detailhandel (ohne Handel mit Motorfahrzeugen),2551,14308,9920,4388,10808,6899,3909
2020,Valais / Wallis,49 Landverkehr und Transport in Rohrfernleitungen,513,7072,1405,5667,6266,1021,5245
2020,Valais / Wallis,50 Schifffahrt,X,X,X,X,X,X,X
2020,Valais / Wallis,51 Luftfahrt,12,311,53,258,247,36,211
2020,Valais / Wallis,52 Lagerei sowie Erbringung von sonstigen Dienstleistungen für den Verkehr,72,733,124,609,652,82,570
2020,Valais / Wallis,"53 Post-, Kurier- und Expressdienste",119,1171,619,552,1003,471,532
2020,Valais / Wallis,55 Beherbergung,948,7592,4320,3272,6420,3440,2980
2020,Valais / Wallis,56 Gastronomie,1764,8980,4887,4093,7121,3521,3601
2020,Valais / Wallis,58 Verlagswesen,28,78,53,25,56,37,19
2020,Valais / Wallis,"59 Herstellung, Verleih und Vertrieb von Filmen und Fernsehprogrammen, Kinos, Tonstudios und Verlegen von Musik",118,194,52,142,129,29,100
2020,Valais / Wallis,60 Rundfunkveranstalter,6,209,84,125,161,58,103
2020,Valais / Wallis,61 Telekommunikation,49,606,198,408,542,156,386
2020,Valais / Wallis,62 Erbringung von Dienstleistungen der Informationstechnologie,409,1337,280,1057,1122,183,938
2020,Valais / Wallis,63 Informationsdienstleistungen,24,47,19,28,36,12,24
2020,Valais / Wallis,64 Erbringung von Finanzdienstleistungen,265,2010,947,1063,1658,685,973
2020,Valais / Wallis,"65 Versicherungen, Rückversicherungen und Pensionskassen (ohne Sozialversicherung)",40,280,156,124,224,115,110
2020,Valais / Wallis,66 Mit Finanz- und Versicherungsdienstleistungen verbundene Tätigkeiten,314,3179,1403,1776,2652,1048,1604
2020,Valais / Wallis,68 Grundstücks- und Wohnungswesen,1117,2890,1591,1299,1861,888,973
2020,Valais / Wallis,"69 Rechts- und Steuerberatung, Wirtschaftsprüfung",766,2420,1505,915,1795,996,799
2020,Valais / Wallis,"70 Verwaltung und Führung von Unternehmen und Betrieben, Unternehmensberatung",521,1378,634,744,1085,443,642
2020,Valais / Wallis,"71 Architektur- und Ingenieurbüros, technische, physikalische und chemische Untersuchung",968,4636,1487,3149,3915,1037,2878
2020,Valais / Wallis,72 Forschung und Entwicklung,60,1406,251,1155,1300,202,1097
2020,Valais / Wallis,73 Werbung und Marktforschung,127,586,326,260,373,181,192
2020,Valais / Wallis,"74 Sonstige freiberufliche, wissenschaftliche und technische Tätigkeiten",739,1108,480,628,781,280,501
2020,Valais / Wallis,75 Veterinärwesen,38,176,138,38,129,97,33
2020,Valais / Wallis,77 Vermietung von beweglichen Sachen,73,199,29,170,158,14,144
2020,Valais / Wallis,78 Vermittlung und Überlassung von Arbeitskräften,73,4065,665,3400,3337,408,2929
2020,Valais / Wallis,"79 Reisebüros, Reiseveranstalter und Erbringung sonstiger Reservierungsdienstleistungen",162,859,508,351,593,339,254
2020,Valais / Wallis,80 Wach- und Sicherheitsdienste sowie Detekteien,37,464,95,369,323,63,260
2020,Valais / Wallis,"81 Gebäudebetreuung, Garten- und Landschaftsbau",680,3750,1581,2169,2702,789,1913
2020,Valais / Wallis,82 Erbringung von wirtschaftlichen Dienstleistungen für Unternehmen und Privatpersonen a. n. g.,121,383,194,189,274,114,160
2020,Valais / Wallis,"84 Öffentliche Verwaltung, Verteidigung, Sozialversicherung",467,6659,3019,3640,5342,2091,3251
2020,Valais / Wallis,85 Erziehung und Unterricht,1364,11106,6381,4725,7197,3819,3378
2020,Valais / Wallis,86 Gesundheitswesen,2330,13931,10694,3237,10074,7390,2684
2020,Valais / Wallis,87 Heime (ohne Erholungs- und Ferienheime),135,7556,6195,1361,5439,4340,1099
2020,Valais / Wallis,88 Sozialwesen (ohne Heime),298,4157,3295,862,2680,2030,649
2020,Valais / Wallis,"90 Kreative, künstlerische und unterhaltende Tätigkeiten",589,752,314,438,376,138,238
2020,Valais / Wallis,"91 Bibliotheken, Archive, Museen, botanische und zoologische Gärten",56,360,257,103,242,160,82
2020,Valais / Wallis,"92 Spiel-, Wett- und Lotteriewesen",6,77,31,46,60,22,38
2020,Valais / Wallis,"93 Erbringung von Dienstleistungen des Sports, der Unterhaltung und der Erholung",678,2107,771,1336,1265,383,882
2020,Valais / Wallis,94 Interessenvertretungen sowie kirchliche und sonstige religiöse Vereinigungen (ohne Sozialwesen und Sport),477,2898,1642,1256,1742,991,751
2020,Valais / Wallis,95 Reparatur von Datenverarbeitungsgeräten und Gebrauchsgütern,66,112,27,85,80,15,65
2020,Valais / Wallis,96 Erbringung von sonstigen überwiegend persönlichen Dienstleistungen,1824,3187,2602,585,2169,1720,449
2020,Genève,Wirtschaftsabteilung - Total,42482,361987,161386,200601,301919,122458,179461
2020,Genève,"01 Landwirtschaft, Jagd und damit verbundene Tätigkeiten",396,1947,560,1387,1431,347,1084
2020,Genève,02 Forstwirtschaft und Holzeinschlag,12,36,X,X,33,X,X
2020,Genève,03 Fischerei und Aquakultur,8,12,X,X,10,X,X
2020,Genève,05 Kohlenbergbau,0,0,0,0,0,0,0
2020,Genève,06 Gewinnung von Erdöl und Erdgas,0,0,0,0,0,0,0
2020,Genève,07 Erzbergbau,0,0,0,0,0,0,0
2020,Genève,"08 Gewinnung von Steinen und Erden, sonstiger Bergbau",9,83,15,68,80,13,67
2020,Genève,09 Erbringung von Dienstleistungen für den Bergbau und für die Gewinnung von Steinen und Erden,X,49,21,28,48,20,28
2020,Genève,10 Herstellung von Nahrungs- und Futtermitteln,158,1658,500,1158,1470,392,1078
2020,Genève,11 Getränkeherstellung,22,64,15,49,49,9,40
2020,Genève,12 Tabakverarbeitung,X,X,X,X,X,X,X
2020,Genève,13 Herstellung von Textilien,22,74,27,47,63,18,45
2020,Genève,14 Herstellung von Bekleidung,81,421,275,146,378,238,140
2020,Genève,"15 Herstellung von Leder, Lederwaren und Schuhen",20,285,198,87,260,180,81
2020,Genève,"16 Herstellung von Holz-, Flecht-, Korb- und Korkwaren (ohne Möbel)",284,935,109,826,849,80,769
2020,Genève,"17 Herstellung von Papier, Pappe und Waren daraus",6,21,X,X,17,X,X
2020,Genève,"18 Herstellung von Druckerzeugnissen, Vervielfältigung von bespielten Ton-, Bild- und Datenträgern",105,388,124,264,340,96,244
2020,Genève,19 Kokerei und Mineralölverarbeitung,0,0,0,0,0,0,0
2020,Genève,20 Herstellung von chemischen Erzeugnissen,46,2695,919,1776,2616,858,1757
2020,Genève,21 Herstellung von pharmazeutischen Erzeugnissen,22,453,243,210,423,223,201
2020,Genève,22 Herstellung von Gummi- und Kunststoffwaren,15,55,9,46,48,6,42
2020,Genève,"23 Herstellung von Glas und Glaswaren, Keramik, Verarbeitung von Steinen und Erden",52,469,53,416,443,40,404
2020,Genève,24 Metallerzeugung und -bearbeitung,6,92,14,78,90,14,77
2020,Genève,25 Herstellung von Metallerzeugnissen,269,1440,199,1241,1342,158,1184
2020,Genève,"26 Herstellung von Datenverarbeitungsgeräten, elektronischen und optischen Erzeugnissen",177,11462,4415,7047,11112,4182,6930
2020,Genève,27 Herstellung von elektrischen Ausrüstungen,26,981,195,786,944,179,766
2020,Genève,28 Maschinenbau,20,381,49,332,369,44,325
2020,Genève,29 Herstellung von Automobilen und Automobilteilen,5,26,X,X,25,X,X
2020,Genève,30 Sonstiger Fahrzeugbau,13,328,33,295,316,30,286
2020,Genève,31 Herstellung von Möbeln,39,180,23,157,169,20,150
2020,Genève,32 Herstellung von sonstigen Waren,278,1899,775,1124,1741,669,1071
2020,Genève,33 Reparatur und Installation von Maschinen und Ausrüstungen,73,897,91,806,851,78,773
2020,Genève,35 Energieversorgung,9,1577,354,1223,1499,304,1195
2020,Genève,36 Wasserversorgung,0,0,0,0,0,0,0
2020,Genève,37 Abwasserentsorgung,15,362,41,321,349,34,315
2020,Genève,"38 Sammlung, Behandlung und Beseitigung von Abfällen, Rückgewinnung",32,590,80,510,558,64,494
2020,Genève,39 Beseitigung von Umweltverschmutzungen und sonstige Entsorgung,X,X,X,X,X,X,X
2020,Genève,41 Hochbau,715,5930,618,5312,5593,489,5104
2020,Genève,42 Tiefbau,28,709,66,643,686,56,631
2020,Genève,"43 Vorbereitende Baustellenarbeiten, Bauinstallation und sonstiges Ausbaugewerbe",2177,14546,1407,13139,13741,1040,12701
2020,Genève,"45 Handel mit Motorfahrzeugen, Instandhaltung und Reparatur von Motorfahrzeugen",701,3626,474,3152,3383,382,3000
2020,Genève,46 Grosshandel (ohne Handel mit Motorfahrzeugen),1567,18277,7106,11171,17126,6313,10812
2020,Genève,47 Detailhandel (ohne Handel mit Motorfahrzeugen),3169,18914,10938,7976,15440,8369,7071
2020,Genève,49 Landverkehr und Transport in Rohrfernleitungen,1329,7386,1088,6298,6565,853,5712
2020,Genève,50 Schifffahrt,14,948,330,618,927,320,606
2020,Genève,51 Luftfahrt,42,1509,676,833,1372,563,809
2020,Genève,52 Lagerei sowie Erbringung von sonstigen Dienstleistungen für den Verkehr,225,5984,1708,4276,5425,1398,4027
2020,Genève,"53 Post-, Kurier- und Expressdienste",130,2694,661,2033,2195,512,1683
2020,Genève,55 Beherbergung,156,3478,1540,1938,3219,1391,1829
2020,Genève,56 Gastronomie,2116,13102,4910,8192,10648,3655,6994
2020,Genève,58 Verlagswesen,97,573,288,285,457,216,241
2020,Genève,"59 Herstellung, Verleih und Vertrieb von Filmen und Fernsehprogrammen, Kinos, Tonstudios und Verlegen von Musik",266,890,335,555,668,218,450
2020,Genève,60 Rundfunkveranstalter,11,1548,635,913,1359,521,838
2020,Genève,61 Telekommunikation,74,1266,238,1028,1188,207,981
2020,Genève,62 Erbringung von Dienstleistungen der Informationstechnologie,1091,8050,1639,6411,7455,1407,6048
2020,Genève,63 Informationsdienstleistungen,81,618,195,423,511,150,361
2020,Genève,64 Erbringung von Finanzdienstleistungen,638,18315,6804,11511,17442,6232,11210
2020,Genève,"65 Versicherungen, Rückversicherungen und Pensionskassen (ohne Sozialversicherung)",49,1009,558,451,871,465,406
2020,Genève,66 Mit Finanz- und Versicherungsdienstleistungen verbundene Tätigkeiten,1617,9557,3548,6009,8428,2900,5528
2020,Genève,68 Grundstücks- und Wohnungswesen,1104,7866,4067,3799,5515,2682,2833
2020,Genève,"69 Rechts- und Steuerberatung, Wirtschaftsprüfung",2293,9786,5356,4430,8387,4340,4047
2020,Genève,"70 Verwaltung und Führung von Unternehmen und Betrieben, Unternehmensberatung",1740,9632,3940,5692,8450,3201,5249
2020,Genève,"71 Architektur- und Ingenieurbüros, technische, physikalische und chemische Untersuchung",1313,7391,2345,5046,6581,1892,4690
2020,Genève,72 Forschung und Entwicklung,156,1882,868,1014,1720,768,953
2020,Genève,73 Werbung und Marktforschung,268,1057,441,616,892,346,546
2020,Genève,"74 Sonstige freiberufliche, wissenschaftliche und technische Tätigkeiten",1593,2830,1235,1595,2127,823,1305
2020,Genève,75 Veterinärwesen,39,186,147,39,146,113,33
2020,Genève,77 Vermietung von beweglichen Sachen,150,1148,282,866,941,213,727
2020,Genève,78 Vermittlung und Überlassung von Arbeitskräften,247,13103,4528,8575,10786,3280,7507
2020,Genève,"79 Reisebüros, Reiseveranstalter und Erbringung sonstiger Reservierungsdienstleistungen",182,1129,643,486,974,525,449
2020,Genève,80 Wach- und Sicherheitsdienste sowie Detekteien,108,4225,767,3458,3452,572,2880
2020,Genève,"81 Gebäudebetreuung, Garten- und Landschaftsbau",807,14086,7123,6963,8832,3248,5584
2020,Genève,82 Erbringung von wirtschaftlichen Dienstleistungen für Unternehmen und Privatpersonen a. n. g.,236,1550,688,862,1156,513,642
2020,Genève,"84 Öffentliche Verwaltung, Verteidigung, Sozialversicherung",542,15197,7297,7900,13544,5938,7606
2020,Genève,85 Erziehung und Unterricht,1919,26175,15660,10515,18859,10869,7990
2020,Genève,86 Gesundheitswesen,5418,32250,22863,9387,25488,17496,7991
2020,Genève,87 Heime (ohne Erholungs- und Ferienheime),250,10007,6971,3036,7715,5279,2435
2020,Genève,88 Sozialwesen (ohne Heime),947,12372,9138,3234,8331,6017,2314
2020,Genève,"90 Kreative, künstlerische und unterhaltende Tätigkeiten",691,2537,1080,1457,1638,637,1001
2020,Genève,"91 Bibliotheken, Archive, Museen, botanische und zoologische Gärten",90,1220,656,564,944,473,471
2020,Genève,"92 Spiel-, Wett- und Lotteriewesen",4,121,32,89,114,28,85
2020,Genève,"93 Erbringung von Dienstleistungen des Sports, der Unterhaltung und der Erholung",575,3411,1182,2229,2330,718,1612
2020,Genève,94 Interessenvertretungen sowie kirchliche und sonstige religiöse Vereinigungen (ohne Sozialwesen und Sport),1141,9641,5853,3788,7122,4295,2828
2020,Genève,95 Reparatur von Datenverarbeitungsgeräten und Gebrauchsgütern,153,273,54,219,206,37,168
2020,Genève,96 Erbringung von sonstigen überwiegend persönlichen Dienstleistungen,1998,4119,3053,1066,3044,2190,854
2021,Schweiz,Wirtschaftsabteilung - Total,703957,5417999,2481067,2936932,4201003,1651870,2549133
2021,Schweiz,"01 Landwirtschaft, Jagd und damit verbundene Tätigkeiten",50032,153438,55637,97801,97519,27783,69735
2021,Schweiz,02 Forstwirtschaft und Holzeinschlag,1447,6314,621,5693,5450,401,5049
2021,Schweiz,03 Fischerei und Aquakultur,187,554,156,398,475,128,348
2021,Schweiz,05 Kohlenbergbau,0,0,0,0,0,0,0
2021,Schweiz,06 Gewinnung von Erdöl und Erdgas,0,0,0,0,0,0,0
2021,Schweiz,07 Erzbergbau,0,0,0,0,0,0,0
2021,Schweiz,"08 Gewinnung von Steinen und Erden, sonstiger Bergbau",328,4892,603,4289,4489,410,4079
2021,Schweiz,09 Erbringung von Dienstleistungen für den Bergbau und für die Gewinnung von Steinen und Erden,14,113,27,86,108,23,84
2021,Schweiz,10 Herstellung von Nahrungs- und Futtermitteln,4748,80936,35552,45384,68267,26034,42233
2021,Schweiz,11 Getränkeherstellung,666,6456,1937,4519,5449,1348,4100
2021,Schweiz,12 Tabakverarbeitung,13,2189,721,1468,2060,650,1410
2021,Schweiz,13 Herstellung von Textilien,829,6521,3290,3231,5480,2443,3037
2021,Schweiz,14 Herstellung von Bekleidung,1754,5319,4115,1204,3902,2836,1066
2021,Schweiz,"15 Herstellung von Leder, Lederwaren und Schuhen",326,2197,1230,967,1895,1005,890
2021,Schweiz,"16 Herstellung von Holz-, Flecht-, Korb- und Korkwaren (ohne Möbel)",7195,39656,5974,33682,35195,3861,31333
2021,Schweiz,"17 Herstellung von Papier, Pappe und Waren daraus",190,6287,1754,4533,5833,1435,4398
2021,Schweiz,"18 Herstellung von Druckerzeugnissen, Vervielfältigung von bespielten Ton-, Bild- und Datenträgern",1903,15143,5870,9273,12937,4340,8597
2021,Schweiz,19 Kokerei und Mineralölverarbeitung,7,671,136,535,639,113,526
2021,Schweiz,20 Herstellung von chemischen Erzeugnissen,914,29891,9143,20748,28026,7812,20214
2021,Schweiz,21 Herstellung von pharmazeutischen Erzeugnissen,359,47691,20368,27323,45249,18423,26826
2021,Schweiz,22 Herstellung von Gummi- und Kunststoffwaren,730,22066,6530,15536,20332,5337,14995
2021,Schweiz,"23 Herstellung von Glas und Glaswaren, Keramik, Verarbeitung von Steinen und Erden",1430,17253,3290,13963,15876,2491,13385
2021,Schweiz,24 Metallerzeugung und -bearbeitung,249,12383,1810,10573,11769,1510,10258
2021,Schweiz,25 Herstellung von Metallerzeugnissen,7237,84662,17009,67653,77095,12891,64205
2021,Schweiz,"26 Herstellung von Datenverarbeitungsgeräten, elektronischen und optischen Erzeugnissen",2085,110133,41085,69048,103643,36595,67048
2021,Schweiz,27 Herstellung von elektrischen Ausrüstungen,855,28945,7682,21263,27158,6579,20580
2021,Schweiz,28 Maschinenbau,2035,74582,13420,61162,70229,11009,59220
2021,Schweiz,29 Herstellung von Automobilen und Automobilteilen,234,4462,694,3768,4169,550,3619
2021,Schweiz,30 Sonstiger Fahrzeugbau,270,11409,1576,9833,10850,1314,9537
2021,Schweiz,31 Herstellung von Möbeln,915,9281,2015,7266,8397,1510,6888
2021,Schweiz,32 Herstellung von sonstigen Waren,3767,28244,12536,15708,24853,10034,14819
2021,Schweiz,33 Reparatur und Installation von Maschinen und Ausrüstungen,2790,20852,3115,17737,18872,2154,16718
2021,Schweiz,35 Energieversorgung,1105,30827,6181,24646,26882,4338,22544
2021,Schweiz,36 Wasserversorgung,460,2769,528,2241,1999,288,1711
2021,Schweiz,37 Abwasserentsorgung,657,5476,693,4783,4879,430,4449
2021,Schweiz,"38 Sammlung, Behandlung und Beseitigung von Abfällen, Rückgewinnung",1001,12603,2237,10366,10996,1505,9491
2021,Schweiz,39 Beseitigung von Umweltverschmutzungen und sonstige Entsorgung,38,227,29,198,201,17,184
2021,Schweiz,41 Hochbau,9438,88574,10201,78373,82007,6570,75437
2021,Schweiz,42 Tiefbau,1131,24411,2072,22339,23088,1416,21672
2021,Schweiz,"43 Vorbereitende Baustellenarbeiten, Bauinstallation und sonstiges Ausbaugewerbe",40870,249991,32442,217549,228336,19491,208845
2021,Schweiz,"45 Handel mit Motorfahrzeugen, Instandhaltung und Reparatur von Motorfahrzeugen",17337,88536,15886,72650,77408,10788,66620
2021,Schweiz,46 Grosshandel (ohne Handel mit Motorfahrzeugen),23891,223713,81423,142290,196013,63472,132542
2021,Schweiz,47 Detailhandel (ohne Handel mit Motorfahrzeugen),49822,313424,210621,102803,231833,143975,87858
2021,Schweiz,49 Landverkehr und Transport in Rohrfernleitungen,11963,129271,21490,107781,112722,15464,97258
2021,Schweiz,50 Schifffahrt,192,5218,1159,4059,4610,965,3645
2021,Schweiz,51 Luftfahrt,225,11237,4950,6287,9405,3578,5827
2021,Schweiz,52 Lagerei sowie Erbringung von sonstigen Dienstleistungen für den Verkehr,2453,61276,17748,43528,53811,13460,40352
2021,Schweiz,"53 Post-, Kurier- und Expressdienste",2372,44248,17421,26827,32634,10812,21821
2021,Schweiz,55 Beherbergung,5810,71557,38930,32627,58692,29284,29408
2021,Schweiz,56 Gastronomie,26698,174507,88015,86492,127134,56857,70277
2021,Schweiz,58 Verlagswesen,1600,17431,8877,8554,12871,5946,6925
2021,Schweiz,"59 Herstellung, Verleih und Vertrieb von Filmen und Fernsehprogrammen, Kinos, Tonstudios und Verlegen von Musik",3873,10458,3793,6665,6587,1903,4684
2021,Schweiz,60 Rundfunkveranstalter,157,9512,3938,5574,7512,2835,4677
2021,Schweiz,61 Telekommunikation,989,25880,6486,19394,23407,5192,18215
2021,Schweiz,62 Erbringung von Dienstleistungen der Informationstechnologie,18819,117277,26070,91207,102334,19408,82926
2021,Schweiz,63 Informationsdienstleistungen,1335,16083,5155,10928,14048,4051,9997
2021,Schweiz,64 Erbringung von Finanzdienstleistungen,8524,120985,48271,72714,106417,39437,66980
2021,Schweiz,"65 Versicherungen, Rückversicherungen und Pensionskassen (ohne Sozialversicherung)",1199,51059,24814,26245,42880,19603,23277
2021,Schweiz,66 Mit Finanz- und Versicherungsdienstleistungen verbundene Tätigkeiten,10993,78499,30220,48279,66382,23215,43167
2021,Schweiz,68 Grundstücks- und Wohnungswesen,19676,75826,39033,36793,47385,21861,25524
2021,Schweiz,"69 Rechts- und Steuerberatung, Wirtschaftsprüfung",23415,89319,49761,39558,68986,34739,34247
2021,Schweiz,"70 Verwaltung und Führung von Unternehmen und Betrieben, Unternehmensberatung",26336,137648,57489,80159,115271,43808,71463
2021,Schweiz,"71 Architektur- und Ingenieurbüros, technische, physikalische und chemische Untersuchung",25845,142261,44822,97439,118911,31635,87276
2021,Schweiz,72 Forschung und Entwicklung,2107,34342,14061,20281,30623,11798,18825
2021,Schweiz,73 Werbung und Marktforschung,4721,23747,11859,11888,16742,7240,9502
2021,Schweiz,"74 Sonstige freiberufliche, wissenschaftliche und technische Tätigkeiten",22060,38941,18404,20537,25950,10399,15550
2021,Schweiz,75 Veterinärwesen,1349,7961,6320,1641,5726,4320,1405
2021,Schweiz,77 Vermietung von beweglichen Sachen,1985,10128,2866,7262,8112,2029,6083
2021,Schweiz,78 Vermittlung und Überlassung von Arbeitskräften,2741,140231,44657,95574,107868,27892,79977
2021,Schweiz,"79 Reisebüros, Reiseveranstalter und Erbringung sonstiger Reservierungsdienstleistungen",2449,13964,8583,5381,10121,5900,4221
2021,Schweiz,80 Wach- und Sicherheitsdienste sowie Detekteien,897,24631,5261,19370,17829,3348,14481
2021,Schweiz,"81 Gebäudebetreuung, Garten- und Landschaftsbau",18090,153495,78010,75485,98484,35760,62724
2021,Schweiz,82 Erbringung von wirtschaftlichen Dienstleistungen für Unternehmen und Privatpersonen a. n. g.,3594,20784,11227,9557,15462,7457,8005
2021,Schweiz,"84 Öffentliche Verwaltung, Verteidigung, Sozialversicherung",8777,209605,102096,107509,171012,74327,96684
2021,Schweiz,85 Erziehung und Unterricht,35701,404406,253406,151000,249493,145143,104349
2021,Schweiz,86 Gesundheitswesen,66057,450028,343586,106442,316921,230078,86843
2021,Schweiz,87 Heime (ohne Erholungs- und Ferienheime),3824,199646,150413,49233,139265,101779,37486
2021,Schweiz,88 Sozialwesen (ohne Heime),12944,132617,100752,31865,80527,59302,21224
2021,Schweiz,"90 Kreative, künstlerische und unterhaltende Tätigkeiten",15267,31653,14330,17323,16773,6648,10126
2021,Schweiz,"91 Bibliotheken, Archive, Museen, botanische und zoologische Gärten",1261,14887,9891,4996,9172,5497,3675
2021,Schweiz,"92 Spiel-, Wett- und Lotteriewesen",89,3324,1403,1921,2664,1050,1613
2021,Schweiz,"93 Erbringung von Dienstleistungen des Sports, der Unterhaltung und der Erholung",9907,56627,25194,31433,32706,11930,20776
2021,Schweiz,94 Interessenvertretungen sowie kirchliche und sonstige religiöse Vereinigungen (ohne Sozialwesen und Sport),13701,106232,60404,45828,62449,35163,27287
2021,Schweiz,95 Reparatur von Datenverarbeitungsgeräten und Gebrauchsgütern,2528,5773,1492,4281,4308,969,3338
2021,Schweiz,96 Erbringung von sonstigen überwiegend persönlichen Dienstleistungen,42175,72334,58201,14133,46938,36474,10464
2021,Vaud,Wirtschaftsabteilung - Total,64251,475903,221941,253962,382300,157741,224559
2021,Vaud,"01 Landwirtschaft, Jagd und damit verbundene Tätigkeiten",3653,12710,4193,8517,8447,2101,6345
2021,Vaud,02 Forstwirtschaft und Holzeinschlag,134,565,55,510,507,39,469
2021,Vaud,03 Fischerei und Aquakultur,45,84,18,66,74,14,60
2021,Vaud,05 Kohlenbergbau,0,0,0,0,0,0,0
2021,Vaud,06 Gewinnung von Erdöl und Erdgas,0,0,0,0,0,0,0
2021,Vaud,07 Erzbergbau,0,0,0,0,0,0,0
2021,Vaud,"08 Gewinnung von Steinen und Erden, sonstiger Bergbau",19,242,24,218,227,17,210
2021,Vaud,09 Erbringung von Dienstleistungen für den Bergbau und für die Gewinnung von Steinen und Erden,0,0,0,0,0,0,0
2021,Vaud,10 Herstellung von Nahrungs- und Futtermitteln,455,6322,2460,3862,5467,1841,3626
2021,Vaud,11 Getränkeherstellung,71,643,161,482,556,121,435
2021,Vaud,12 Tabakverarbeitung,X,21,X,X,15,X,X
2021,Vaud,13 Herstellung von Textilien,52,120,70,50,88,46,42
2021,Vaud,14 Herstellung von Bekleidung,140,191,172,19,111,96,15
2021,Vaud,"15 Herstellung von Leder, Lederwaren und Schuhen",21,37,20,17,24,11,13
2021,Vaud,"16 Herstellung von Holz-, Flecht-, Korb- und Korkwaren (ohne Möbel)",642,2709,329,2380,2467,239,2228
2021,Vaud,"17 Herstellung von Papier, Pappe und Waren daraus",12,200,54,146,192,51,141
2021,Vaud,"18 Herstellung von Druckerzeugnissen, Vervielfältigung von bespielten Ton-, Bild- und Datenträgern",153,887,262,625,784,207,577
2021,Vaud,19 Kokerei und Mineralölverarbeitung,0,0,0,0,0,0,0
2021,Vaud,20 Herstellung von chemischen Erzeugnissen,87,1696,645,1051,1588,569,1019
2021,Vaud,21 Herstellung von pharmazeutischen Erzeugnissen,30,3531,1407,2124,3418,1324,2095
2021,Vaud,22 Herstellung von Gummi- und Kunststoffwaren,39,541,113,428,509,95,413
2021,Vaud,"23 Herstellung von Glas und Glaswaren, Keramik, Verarbeitung von Steinen und Erden",117,1283,184,1099,1215,139,1076
2021,Vaud,24 Metallerzeugung und -bearbeitung,10,253,47,206,242,42,200
2021,Vaud,25 Herstellung von Metallerzeugnissen,566,3993,748,3245,3677,597,3080
2021,Vaud,"26 Herstellung von Datenverarbeitungsgeräten, elektronischen und optischen Erzeugnissen",199,8856,3573,5283,8386,3245,5141
2021,Vaud,27 Herstellung von elektrischen Ausrüstungen,64,1252,500,752,1191,461,730
2021,Vaud,28 Maschinenbau,69,2881,413,2468,2790,380,2411
2021,Vaud,29 Herstellung von Automobilen und Automobilteilen,13,270,49,221,255,40,215
2021,Vaud,30 Sonstiger Fahrzeugbau,29,973,95,878,948,84,864
2021,Vaud,31 Herstellung von Möbeln,75,407,111,296,372,93,278
2021,Vaud,32 Herstellung von sonstigen Waren,298,2127,907,1220,1911,742,1168
2021,Vaud,33 Reparatur und Installation von Maschinen und Ausrüstungen,215,1084,136,948,992,97,896
2021,Vaud,35 Energieversorgung,72,2393,540,1853,2184,423,1761
2021,Vaud,36 Wasserversorgung,46,349,74,275,298,50,249
2021,Vaud,37 Abwasserentsorgung,71,492,63,429,438,40,398
2021,Vaud,"38 Sammlung, Behandlung und Beseitigung von Abfällen, Rückgewinnung",105,1099,168,931,959,126,833
2021,Vaud,39 Beseitigung von Umweltverschmutzungen und sonstige Entsorgung,X,35,X,X,34,X,X
2021,Vaud,41 Hochbau,959,6694,889,5805,6241,628,5613
2021,Vaud,42 Tiefbau,47,1738,112,1626,1679,89,1590
2021,Vaud,"43 Vorbereitende Baustellenarbeiten, Bauinstallation und sonstiges Ausbaugewerbe",3660,22237,2606,19631,20646,1683,18962
2021,Vaud,"45 Handel mit Motorfahrzeugen, Instandhaltung und Reparatur von Motorfahrzeugen",1464,7633,1242,6391,6919,922,5997
2021,Vaud,46 Grosshandel (ohne Handel mit Motorfahrzeugen),1872,17823,5985,11838,16204,4989,11215
2021,Vaud,47 Detailhandel (ohne Handel mit Motorfahrzeugen),4984,29746,18719,11027,22807,13283,9524
2021,Vaud,49 Landverkehr und Transport in Rohrfernleitungen,1060,11684,1762,9922,10595,1392,9203
2021,Vaud,50 Schifffahrt,9,317,61,256,298,54,244
2021,Vaud,51 Luftfahrt,8,49,15,34,45,13,32
2021,Vaud,52 Lagerei sowie Erbringung von sonstigen Dienstleistungen für den Verkehr,166,2773,534,2239,2493,415,2078
2021,Vaud,"53 Post-, Kurier- und Expressdienste",211,2784,1040,1744,2469,815,1654
2021,Vaud,55 Beherbergung,384,5002,2344,2658,4316,1907,2409
2021,Vaud,56 Gastronomie,2541,15717,7088,8629,12137,4933,7203
2021,Vaud,58 Verlagswesen,176,1745,898,847,1416,677,740
2021,Vaud,"59 Herstellung, Verleih und Vertrieb von Filmen und Fernsehprogrammen, Kinos, Tonstudios und Verlegen von Musik",454,1085,369,716,706,187,519
2021,Vaud,60 Rundfunkveranstalter,11,818,390,428,665,292,373
2021,Vaud,61 Telekommunikation,97,2514,623,1891,2325,514,1810
2021,Vaud,62 Erbringung von Dienstleistungen der Informationstechnologie,1559,10739,2271,8468,9684,1821,7863
2021,Vaud,63 Informationsdienstleistungen,107,694,234,460,624,195,430
2021,Vaud,64 Erbringung von Finanzdienstleistungen,564,6508,2585,3923,5818,2153,3665
2021,Vaud,"65 Versicherungen, Rückversicherungen und Pensionskassen (ohne Sozialversicherung)",101,5779,3013,2766,4798,2401,2397
2021,Vaud,66 Mit Finanz- und Versicherungsdienstleistungen verbundene Tätigkeiten,1050,6141,2416,3725,5266,1902,3364
2021,Vaud,68 Grundstücks- und Wohnungswesen,1617,6663,3526,3137,4635,2292,2342
2021,Vaud,"69 Rechts- und Steuerberatung, Wirtschaftsprüfung",2042,7537,4444,3093,6133,3361,2771
2021,Vaud,"70 Verwaltung und Führung von Unternehmen und Betrieben, Unternehmensberatung",2400,13366,6103,7263,11596,5008,6588
2021,Vaud,"71 Architektur- und Ingenieurbüros, technische, physikalische und chemische Untersuchung",2146,11741,3726,8015,10139,2840,7299
2021,Vaud,72 Forschung und Entwicklung,316,5210,2287,2923,4733,2012,2721
2021,Vaud,73 Werbung und Marktforschung,324,1359,631,728,1025,418,607
2021,Vaud,"74 Sonstige freiberufliche, wissenschaftliche und technische Tätigkeiten",2487,4477,1979,2498,3216,1207,2009
2021,Vaud,75 Veterinärwesen,135,646,524,122,487,379,109
2021,Vaud,77 Vermietung von beweglichen Sachen,200,948,283,665,804,235,569
2021,Vaud,78 Vermittlung und Überlassung von Arbeitskräften,246,15135,5014,10121,12030,3345,8685
2021,Vaud,"79 Reisebüros, Reiseveranstalter und Erbringung sonstiger Reservierungsdienstleistungen",214,935,608,327,718,443,275
2021,Vaud,80 Wach- und Sicherheitsdienste sowie Detekteien,75,2768,525,2243,2311,392,1918
2021,Vaud,"81 Gebäudebetreuung, Garten- und Landschaftsbau",1638,15353,7537,7816,10360,3636,6724
2021,Vaud,82 Erbringung von wirtschaftlichen Dienstleistungen für Unternehmen und Privatpersonen a. n. g.,274,1435,868,567,1107,604,503
2021,Vaud,"84 Öffentliche Verwaltung, Verteidigung, Sozialversicherung",995,17945,8913,9032,14723,6666,8056
2021,Vaud,85 Erziehung und Unterricht,3634,42181,24933,17248,31217,17135,14082
2021,Vaud,86 Gesundheitswesen,7659,50120,36855,13265,37618,26393,11225
2021,Vaud,87 Heime (ohne Erholungs- und Ferienheime),320,16255,11798,4457,11826,8325,3501
2021,Vaud,88 Sozialwesen (ohne Heime),1180,17276,13635,3641,11566,8855,2711
2021,Vaud,"90 Kreative, künstlerische und unterhaltende Tätigkeiten",1219,2951,1340,1611,1682,669,1014
2021,Vaud,"91 Bibliotheken, Archive, Museen, botanische und zoologische Gärten",128,1554,1032,522,1063,665,398
2021,Vaud,"92 Spiel-, Wett- und Lotteriewesen",7,465,196,269,397,157,240
2021,Vaud,"93 Erbringung von Dienstleistungen des Sports, der Unterhaltung und der Erholung",911,6122,2565,3557,4183,1597,2585
2021,Vaud,94 Interessenvertretungen sowie kirchliche und sonstige religiöse Vereinigungen (ohne Sozialwesen und Sport),1081,8015,4676,3339,5322,3043,2279
2021,Vaud,95 Reparatur von Datenverarbeitungsgeräten und Gebrauchsgütern,255,644,146,498,518,108,410
2021,Vaud,96 Erbringung von sonstigen überwiegend persönlichen Dienstleistungen,3757,6336,4999,1337,4376,3352,1024
2021,Valais / Wallis,Wirtschaftsabteilung - Total,30619,188636,84857,103779,147081,56617,90465
2021,Valais / Wallis,"01 Landwirtschaft, Jagd und damit verbundene Tätigkeiten",2761,9972,3696,6276,5439,1724,3715
2021,Valais / Wallis,02 Forstwirtschaft und Holzeinschlag,59,424,42,382,371,23,348
2021,Valais / Wallis,03 Fischerei und Aquakultur,9,91,37,54,81,33,48
2021,Valais / Wallis,05 Kohlenbergbau,0,0,0,0,0,0,0
2021,Valais / Wallis,06 Gewinnung von Erdöl und Erdgas,0,0,0,0,0,0,0
2021,Valais / Wallis,07 Erzbergbau,0,0,0,0,0,0,0
2021,Valais / Wallis,"08 Gewinnung von Steinen und Erden, sonstiger Bergbau",14,197,21,176,183,17,166
2021,Valais / Wallis,09 Erbringung von Dienstleistungen für den Bergbau und für die Gewinnung von Steinen und Erden,0,0,0,0,0,0,0
2021,Valais / Wallis,10 Herstellung von Nahrungs- und Futtermitteln,215,1990,879,1111,1634,625,1009
2021,Valais / Wallis,11 Getränkeherstellung,94,824,306,518,679,218,461
2021,Valais / Wallis,12 Tabakverarbeitung,0,0,0,0,0,0,0
2021,Valais / Wallis,13 Herstellung von Textilien,32,46,38,8,26,20,6
2021,Valais / Wallis,14 Herstellung von Bekleidung,81,87,79,8,46,40,6
2021,Valais / Wallis,"15 Herstellung von Leder, Lederwaren und Schuhen",7,19,13,6,13,8,5
2021,Valais / Wallis,"16 Herstellung von Holz-, Flecht-, Korb- und Korkwaren (ohne Möbel)",464,2319,256,2063,2095,160,1934
2021,Valais / Wallis,"17 Herstellung von Papier, Pappe und Waren daraus",4,26,20,6,16,10,6
2021,Valais / Wallis,"18 Herstellung von Druckerzeugnissen, Vervielfältigung von bespielten Ton-, Bild- und Datenträgern",77,444,183,261,368,134,234
2021,Valais / Wallis,19 Kokerei und Mineralölverarbeitung,0,0,0,0,0,0,0
2021,Valais / Wallis,20 Herstellung von chemischen Erzeugnissen,52,6083,1479,4604,5884,1348,4536
2021,Valais / Wallis,21 Herstellung von pharmazeutischen Erzeugnissen,9,957,289,668,911,254,657
2021,Valais / Wallis,22 Herstellung von Gummi- und Kunststoffwaren,13,157,56,101,137,39,98
2021,Valais / Wallis,"23 Herstellung von Glas und Glaswaren, Keramik, Verarbeitung von Steinen und Erden",45,387,66,321,355,44,311
2021,Valais / Wallis,24 Metallerzeugung und -bearbeitung,13,1202,91,1111,1172,80,1093
2021,Valais / Wallis,25 Herstellung von Metallerzeugnissen,244,2058,397,1661,1879,303,1576
2021,Valais / Wallis,"26 Herstellung von Datenverarbeitungsgeräten, elektronischen und optischen Erzeugnissen",35,686,376,310,605,311,294
2021,Valais / Wallis,27 Herstellung von elektrischen Ausrüstungen,25,261,45,216,239,34,205
2021,Valais / Wallis,28 Maschinenbau,35,1343,333,1010,1276,299,977
2021,Valais / Wallis,29 Herstellung von Automobilen und Automobilteilen,4,37,6,31,35,5,30
2021,Valais / Wallis,30 Sonstiger Fahrzeugbau,6,60,12,48,52,10,42
2021,Valais / Wallis,31 Herstellung von Möbeln,49,247,42,205,226,35,191
2021,Valais / Wallis,32 Herstellung von sonstigen Waren,114,501,241,260,414,176,238
2021,Valais / Wallis,33 Reparatur und Installation von Maschinen und Ausrüstungen,112,536,72,464,475,46,429
2021,Valais / Wallis,35 Energieversorgung,82,2299,356,1943,2039,253,1786
2021,Valais / Wallis,36 Wasserversorgung,13,43,X,X,30,X,X
2021,Valais / Wallis,37 Abwasserentsorgung,29,155,11,144,141,8,133
2021,Valais / Wallis,"38 Sammlung, Behandlung und Beseitigung von Abfällen, Rückgewinnung",72,481,90,391,430,60,370
2021,Valais / Wallis,39 Beseitigung von Umweltverschmutzungen und sonstige Entsorgung,X,X,X,X,X,X,X
2021,Valais / Wallis,41 Hochbau,567,4708,439,4269,4397,268,4129
2021,Valais / Wallis,42 Tiefbau,47,763,77,686,726,55,670
2021,Valais / Wallis,"43 Vorbereitende Baustellenarbeiten, Bauinstallation und sonstiges Ausbaugewerbe",2014,11314,1381,9933,10381,793,9588
2021,Valais / Wallis,"45 Handel mit Motorfahrzeugen, Instandhaltung und Reparatur von Motorfahrzeugen",813,3632,641,2991,3214,434,2780
2021,Valais / Wallis,46 Grosshandel (ohne Handel mit Motorfahrzeugen),699,4179,1292,2887,3629,940,2689
2021,Valais / Wallis,47 Detailhandel (ohne Handel mit Motorfahrzeugen),2560,14624,10035,4589,10872,6867,4005
2021,Valais / Wallis,49 Landverkehr und Transport in Rohrfernleitungen,525,7304,1423,5881,6455,1019,5436
2021,Valais / Wallis,50 Schifffahrt,X,X,X,X,X,X,X
2021,Valais / Wallis,51 Luftfahrt,14,323,55,268,269,38,231
2021,Valais / Wallis,52 Lagerei sowie Erbringung von sonstigen Dienstleistungen für den Verkehr,75,745,140,605,657,84,573
2021,Valais / Wallis,"53 Post-, Kurier- und Expressdienste",113,1169,613,556,978,446,532
2021,Valais / Wallis,55 Beherbergung,961,8330,4643,3687,7061,3679,3381
2021,Valais / Wallis,56 Gastronomie,1796,9481,5033,4448,7570,3630,3940
2021,Valais / Wallis,58 Verlagswesen,35,86,54,32,59,35,24
2021,Valais / Wallis,"59 Herstellung, Verleih und Vertrieb von Filmen und Fernsehprogrammen, Kinos, Tonstudios und Verlegen von Musik",124,202,57,145,133,30,103
2021,Valais / Wallis,60 Rundfunkveranstalter,6,210,88,122,148,56,92
2021,Valais / Wallis,61 Telekommunikation,42,603,188,415,535,142,393
2021,Valais / Wallis,62 Erbringung von Dienstleistungen der Informationstechnologie,435,1429,312,1117,1189,203,986
2021,Valais / Wallis,63 Informationsdienstleistungen,27,54,21,33,39,12,27
2021,Valais / Wallis,64 Erbringung von Finanzdienstleistungen,265,2031,936,1095,1687,698,989
2021,Valais / Wallis,"65 Versicherungen, Rückversicherungen und Pensionskassen (ohne Sozialversicherung)",42,291,156,135,235,113,123
2021,Valais / Wallis,66 Mit Finanz- und Versicherungsdienstleistungen verbundene Tätigkeiten,325,3210,1443,1767,2682,1076,1606
2021,Valais / Wallis,68 Grundstücks- und Wohnungswesen,1167,2982,1636,1346,1946,926,1019
2021,Valais / Wallis,"69 Rechts- und Steuerberatung, Wirtschaftsprüfung",782,2479,1529,950,1823,1005,818
2021,Valais / Wallis,"70 Verwaltung und Führung von Unternehmen und Betrieben, Unternehmensberatung",582,1463,661,802,1120,444,675
2021,Valais / Wallis,"71 Architektur- und Ingenieurbüros, technische, physikalische und chemische Untersuchung",990,4776,1572,3204,3985,1079,2906
2021,Valais / Wallis,72 Forschung und Entwicklung,61,1436,270,1166,1328,223,1105
2021,Valais / Wallis,73 Werbung und Marktforschung,130,618,329,289,403,185,218
2021,Valais / Wallis,"74 Sonstige freiberufliche, wissenschaftliche und technische Tätigkeiten",783,1179,518,661,796,285,512
2021,Valais / Wallis,75 Veterinärwesen,38,196,149,47,135,98,37
2021,Valais / Wallis,77 Vermietung von beweglichen Sachen,80,224,34,190,176,17,159
2021,Valais / Wallis,78 Vermittlung und Überlassung von Arbeitskräften,69,4423,790,3633,3604,503,3102
2021,Valais / Wallis,"79 Reisebüros, Reiseveranstalter und Erbringung sonstiger Reservierungsdienstleistungen",164,936,542,394,674,370,304
2021,Valais / Wallis,80 Wach- und Sicherheitsdienste sowie Detekteien,39,470,93,377,349,64,285
2021,Valais / Wallis,"81 Gebäudebetreuung, Garten- und Landschaftsbau",700,3891,1606,2285,2855,824,2031
2021,Valais / Wallis,82 Erbringung von wirtschaftlichen Dienstleistungen für Unternehmen und Privatpersonen a. n. g.,134,410,218,192,283,124,159
2021,Valais / Wallis,"84 Öffentliche Verwaltung, Verteidigung, Sozialversicherung",463,6756,3066,3690,5422,2129,3293
2021,Valais / Wallis,85 Erziehung und Unterricht,1396,11272,6520,4752,7373,3941,3432
2021,Valais / Wallis,86 Gesundheitswesen,2455,14611,11181,3430,10353,7573,2780
2021,Valais / Wallis,87 Heime (ohne Erholungs- und Ferienheime),136,7509,6091,1418,5310,4183,1127
2021,Valais / Wallis,88 Sozialwesen (ohne Heime),321,4472,3570,902,2864,2218,646
2021,Valais / Wallis,"90 Kreative, künstlerische und unterhaltende Tätigkeiten",615,829,343,486,408,143,265
2021,Valais / Wallis,"91 Bibliotheken, Archive, Museen, botanische und zoologische Gärten",59,392,284,108,254,171,83
2021,Valais / Wallis,"92 Spiel-, Wett- und Lotteriewesen",6,91,37,54,67,24,43
2021,Valais / Wallis,"93 Erbringung von Dienstleistungen des Sports, der Unterhaltung und der Erholung",709,2275,840,1435,1404,414,991
2021,Valais / Wallis,94 Interessenvertretungen sowie kirchliche und sonstige religiöse Vereinigungen (ohne Sozialwesen und Sport),480,3020,1777,1243,1774,1033,742
2021,Valais / Wallis,95 Reparatur von Datenverarbeitungsgeräten und Gebrauchsgütern,78,126,33,93,88,19,69
2021,Valais / Wallis,96 Erbringung von sonstigen überwiegend persönlichen Dienstleistungen,1925,3172,2604,568,2112,1686,426
2021,Genève,Wirtschaftsabteilung - Total,43407,373916,166898,207018,310750,126122,184628
2021,Genève,"01 Landwirtschaft, Jagd und damit verbundene Tätigkeiten",401,1934,536,1398,1409,337,1072
2021,Genève,02 Forstwirtschaft und Holzeinschlag,11,39,X,X,36,X,X
2021,Genève,03 Fischerei und Aquakultur,9,13,X,X,12,X,X
2021,Genève,05 Kohlenbergbau,0,0,0,0,0,0,0
2021,Genève,06 Gewinnung von Erdöl und Erdgas,0,0,0,0,0,0,0
2021,Genève,07 Erzbergbau,0,0,0,0,0,0,0
2021,Genève,"08 Gewinnung von Steinen und Erden, sonstiger Bergbau",8,84,16,68,81,14,67
2021,Genève,09 Erbringung von Dienstleistungen für den Bergbau und für die Gewinnung von Steinen und Erden,X,50,21,29,49,20,29
2021,Genève,10 Herstellung von Nahrungs- und Futtermitteln,163,1766,578,1188,1573,458,1115
2021,Genève,11 Getränkeherstellung,21,63,14,49,50,10,39
2021,Genève,12 Tabakverarbeitung,X,X,X,X,X,X,X
2021,Genève,13 Herstellung von Textilien,25,71,27,44,58,19,39
2021,Genève,14 Herstellung von Bekleidung,97,130,104,26,84,63,21
2021,Genève,"15 Herstellung von Leder, Lederwaren und Schuhen",20,304,209,95,278,189,89
2021,Genève,"16 Herstellung von Holz-, Flecht-, Korb- und Korkwaren (ohne Möbel)",272,964,125,839,877,93,784
2021,Genève,"17 Herstellung von Papier, Pappe und Waren daraus",8,23,13,10,18,9,9
2021,Genève,"18 Herstellung von Druckerzeugnissen, Vervielfältigung von bespielten Ton-, Bild- und Datenträgern",97,362,111,251,322,90,232
2021,Genève,19 Kokerei und Mineralölverarbeitung,0,0,0,0,0,0,0
2021,Genève,20 Herstellung von chemischen Erzeugnissen,48,2729,921,1808,2647,860,1787
2021,Genève,21 Herstellung von pharmazeutischen Erzeugnissen,22,484,257,227,449,234,215
2021,Genève,22 Herstellung von Gummi- und Kunststoffwaren,10,45,X,X,39,X,X
2021,Genève,"23 Herstellung von Glas und Glaswaren, Keramik, Verarbeitung von Steinen und Erden",59,476,57,419,450,42,408
2021,Genève,24 Metallerzeugung und -bearbeitung,6,101,15,86,97,14,82
2021,Genève,25 Herstellung von Metallerzeugnissen,258,1476,226,1250,1381,179,1202
2021,Genève,"26 Herstellung von Datenverarbeitungsgeräten, elektronischen und optischen Erzeugnissen",165,11761,4504,7257,11414,4270,7145
2021,Genève,27 Herstellung von elektrischen Ausrüstungen,28,983,197,786,951,183,768
2021,Genève,28 Maschinenbau,22,416,53,363,402,48,355
2021,Genève,29 Herstellung von Automobilen und Automobilteilen,X,X,X,X,X,X,X
2021,Genève,30 Sonstiger Fahrzeugbau,13,321,33,288,309,30,279
2021,Genève,31 Herstellung von Möbeln,33,160,24,136,146,19,127
2021,Genève,32 Herstellung von sonstigen Waren,269,1971,799,1172,1804,684,1120
2021,Genève,33 Reparatur und Installation von Maschinen und Ausrüstungen,74,888,97,791,845,84,761
2021,Genève,35 Energieversorgung,8,1627,376,1251,1547,325,1222
2021,Genève,36 Wasserversorgung,0,0,0,0,0,0,0
2021,Genève,37 Abwasserentsorgung,17,369,42,327,355,36,320
2021,Genève,"38 Sammlung, Behandlung und Beseitigung von Abfällen, Rückgewinnung",33,598,83,515,568,68,500
2021,Genève,39 Beseitigung von Umweltverschmutzungen und sonstige Entsorgung,0,0,0,0,0,0,0
2021,Genève,41 Hochbau,746,6265,694,5571,5924,545,5380
2021,Genève,42 Tiefbau,28,736,64,672,717,56,661
2021,Genève,"43 Vorbereitende Baustellenarbeiten, Bauinstallation und sonstiges Ausbaugewerbe",2223,14783,1437,13346,13987,1066,12921
2021,Genève,"45 Handel mit Motorfahrzeugen, Instandhaltung und Reparatur von Motorfahrzeugen",711,3651,486,3165,3376,395,2981
2021,Genève,46 Grosshandel (ohne Handel mit Motorfahrzeugen),1558,18684,7322,11362,17435,6517,10918
2021,Genève,47 Detailhandel (ohne Handel mit Motorfahrzeugen),3190,19375,11275,8100,15628,8586,7042
2021,Genève,49 Landverkehr und Transport in Rohrfernleitungen,1320,7398,1102,6296,6575,854,5721
2021,Genève,50 Schifffahrt,16,1062,379,683,1028,368,660
2021,Genève,51 Luftfahrt,40,1425,628,797,1258,495,763
2021,Genève,52 Lagerei sowie Erbringung von sonstigen Dienstleistungen für den Verkehr,228,5878,1664,4214,5326,1360,3967
2021,Genève,"53 Post-, Kurier- und Expressdienste",122,2819,662,2157,2260,484,1776
2021,Genève,55 Beherbergung,158,3554,1554,2000,3284,1400,1884
2021,Genève,56 Gastronomie,2153,13907,5175,8732,11339,3790,7549
2021,Genève,58 Verlagswesen,99,567,299,268,437,210,228
2021,Genève,"59 Herstellung, Verleih und Vertrieb von Filmen und Fernsehprogrammen, Kinos, Tonstudios und Verlegen von Musik",287,1009,397,612,723,235,488
2021,Genève,60 Rundfunkveranstalter,12,1521,621,900,1319,501,819
2021,Genève,61 Telekommunikation,66,1239,233,1006,1156,200,955
2021,Genève,62 Erbringung von Dienstleistungen der Informationstechnologie,1155,8805,1800,7005,8107,1537,6570
2021,Genève,63 Informationsdienstleistungen,86,446,160,286,379,119,259
2021,Genève,64 Erbringung von Finanzdienstleistungen,630,18248,6804,11444,17419,6289,11130
2021,Genève,"65 Versicherungen, Rückversicherungen und Pensionskassen (ohne Sozialversicherung)",44,993,543,450,867,460,406
2021,Genève,66 Mit Finanz- und Versicherungsdienstleistungen verbundene Tätigkeiten,1639,10169,3767,6402,8983,3097,5886
2021,Genève,68 Grundstücks- und Wohnungswesen,1110,8027,4142,3885,5696,2756,2940
2021,Genève,"69 Rechts- und Steuerberatung, Wirtschaftsprüfung",2318,10001,5488,4513,8512,4410,4102
2021,Genève,"70 Verwaltung und Führung von Unternehmen und Betrieben, Unternehmensberatung",1811,9522,3921,5601,8332,3206,5127
2021,Genève,"71 Architektur- und Ingenieurbüros, technische, physikalische und chemische Untersuchung",1319,7703,2498,5205,6785,1983,4803
2021,Genève,72 Forschung und Entwicklung,159,2043,966,1077,1874,864,1010
2021,Genève,73 Werbung und Marktforschung,283,1140,466,674,951,361,591
2021,Genève,"74 Sonstige freiberufliche, wissenschaftliche und technische Tätigkeiten",1627,2940,1332,1608,2196,890,1306
2021,Genève,75 Veterinärwesen,39,211,170,41,160,124,36
2021,Genève,77 Vermietung von beweglichen Sachen,166,1183,315,868,985,247,739
2021,Genève,78 Vermittlung und Überlassung von Arbeitskräften,239,16115,5632,10483,13043,3964,9079
2021,Genève,"79 Reisebüros, Reiseveranstalter und Erbringung sonstiger Reservierungsdienstleistungen",180,1063,604,459,903,485,417
2021,Genève,80 Wach- und Sicherheitsdienste sowie Detekteien,111,4334,748,3586,3569,548,3021
2021,Genève,"81 Gebäudebetreuung, Garten- und Landschaftsbau",834,14297,7264,7033,9363,3568,5795
2021,Genève,82 Erbringung von wirtschaftlichen Dienstleistungen für Unternehmen und Privatpersonen a. n. g.,231,1708,667,1041,1275,492,783
2021,Genève,"84 Öffentliche Verwaltung, Verteidigung, Sozialversicherung",541,15465,7499,7966,13793,6131,7662
2021,Genève,85 Erziehung und Unterricht,2004,26998,16137,10861,19421,11157,8264
2021,Genève,86 Gesundheitswesen,5627,33006,23373,9633,25789,17695,8094
2021,Genève,87 Heime (ohne Erholungs- und Ferienheime),249,10021,6982,3039,7599,5244,2355
2021,Genève,88 Sozialwesen (ohne Heime),1000,12958,9532,3426,8580,6209,2371
2021,Genève,"90 Kreative, künstlerische und unterhaltende Tätigkeiten",723,2734,1204,1530,1741,676,1066
2021,Genève,"91 Bibliotheken, Archive, Museen, botanische und zoologische Gärten",92,1265,692,573,969,490,479
2021,Genève,"92 Spiel-, Wett- und Lotteriewesen",4,144,40,104,121,34,87
2021,Genève,"93 Erbringung von Dienstleistungen des Sports, der Unterhaltung und der Erholung",597,3690,1311,2379,2494,765,1729
2021,Genève,94 Interessenvertretungen sowie kirchliche und sonstige religiöse Vereinigungen (ohne Sozialwesen und Sport),1198,10073,6135,3938,7544,4585,2959
2021,Genève,95 Reparatur von Datenverarbeitungsgeräten und Gebrauchsgütern,155,271,56,215,198,40,159
2021,Genève,96 Erbringung von sonstigen überwiegend persönlichen Dienstleistungen,2075,4251,3205,1046,3067,2250,817
2022,Schweiz,Wirtschaftsabteilung - Total,714963,5561101,2550760,3010341,4315207,1709217,2605990
2022,Schweiz,"01 Landwirtschaft, Jagd und damit verbundene Tätigkeiten",49465,152732,55655,97077,98556,28669,69887
2022,Schweiz,02 Forstwirtschaft und Holzeinschlag,1411,6474,644,5830,5482,411,5072
2022,Schweiz,03 Fischerei und Aquakultur,184,552,164,388,459,130,329
2022,Schweiz,05 Kohlenbergbau,0,0,0,0,0,0,0
2022,Schweiz,06 Gewinnung von Erdöl und Erdgas,X,X,X,X,X,X,X
2022,Schweiz,07 Erzbergbau,0,0,0,0,0,0,0
2022,Schweiz,"08 Gewinnung von Steinen und Erden, sonstiger Bergbau",319,4645,595,4050,4273,404,3868
2022,Schweiz,09 Erbringung von Dienstleistungen für den Bergbau und für die Gewinnung von Steinen und Erden,12,X,X,X,X,X,X
2022,Schweiz,10 Herstellung von Nahrungs- und Futtermitteln,4832,82315,36325,45990,69696,26747,42949
2022,Schweiz,11 Getränkeherstellung,678,6676,2022,4654,5580,1354,4226
2022,Schweiz,12 Tabakverarbeitung,15,2202,723,1479,2096,649,1447
2022,Schweiz,13 Herstellung von Textilien,830,6474,3309,3165,5475,2477,2998
2022,Schweiz,14 Herstellung von Bekleidung,1742,5332,4121,1211,3976,2888,1089
2022,Schweiz,"15 Herstellung von Leder, Lederwaren und Schuhen",325,2484,1425,1059,2124,1147,977
2022,Schweiz,"16 Herstellung von Holz-, Flecht-, Korb- und Korkwaren (ohne Möbel)",7164,39734,5965,33769,35549,3887,31661
2022,Schweiz,"17 Herstellung von Papier, Pappe und Waren daraus",187,6516,1765,4751,6063,1450,4613
2022,Schweiz,"18 Herstellung von Druckerzeugnissen, Vervielfältigung von bespielten Ton-, Bild- und Datenträgern",1846,14685,5679,9006,12595,4206,8389
2022,Schweiz,19 Kokerei und Mineralölverarbeitung,X,643,127,516,608,105,503
2022,Schweiz,20 Herstellung von chemischen Erzeugnissen,909,30264,9269,20995,28469,7971,20498
2022,Schweiz,21 Herstellung von pharmazeutischen Erzeugnissen,372,48626,20767,27859,46029,18677,27352
2022,Schweiz,22 Herstellung von Gummi- und Kunststoffwaren,716,22493,6736,15757,20774,5552,15222
2022,Schweiz,"23 Herstellung von Glas und Glaswaren, Keramik, Verarbeitung von Steinen und Erden",1437,17256,3239,14017,15902,2448,13454
2022,Schweiz,24 Metallerzeugung und -bearbeitung,246,12413,1781,10632,11858,1488,10370
2022,Schweiz,25 Herstellung von Metallerzeugnissen,7118,85451,17348,68103,78106,13205,64901
2022,Schweiz,"26 Herstellung von Datenverarbeitungsgeräten, elektronischen und optischen Erzeugnissen",2099,111895,41842,70053,105312,37231,68081
2022,Schweiz,27 Herstellung von elektrischen Ausrüstungen,853,28420,7772,20648,26648,6665,19984
2022,Schweiz,28 Maschinenbau,2022,78625,14221,64404,74174,11755,62419
2022,Schweiz,29 Herstellung von Automobilen und Automobilteilen,236,4375,702,3673,4072,551,3521
2022,Schweiz,30 Sonstiger Fahrzeugbau,282,11963,1703,10260,11369,1422,9947
2022,Schweiz,31 Herstellung von Möbeln,922,9221,1993,7228,8368,1493,6875
2022,Schweiz,32 Herstellung von sonstigen Waren,3770,29758,13209,16549,26325,10679,15647
2022,Schweiz,33 Reparatur und Installation von Maschinen und Ausrüstungen,2809,20911,3155,17756,19010,2180,16830
2022,Schweiz,35 Energieversorgung,1125,31472,6184,25288,27643,4428,23214
2022,Schweiz,36 Wasserversorgung,461,2841,547,2294,2049,302,1747
2022,Schweiz,37 Abwasserentsorgung,670,5630,728,4902,5054,460,4594
2022,Schweiz,"38 Sammlung, Behandlung und Beseitigung von Abfällen, Rückgewinnung",1027,12788,2169,10619,11215,1493,9722
2022,Schweiz,39 Beseitigung von Umweltverschmutzungen und sonstige Entsorgung,40,189,34,155,161,19,142
2022,Schweiz,41 Hochbau,9647,89259,10250,79009,82160,6521,75639
2022,Schweiz,42 Tiefbau,1139,24574,2132,22442,23209,1430,21779
2022,Schweiz,"43 Vorbereitende Baustellenarbeiten, Bauinstallation und sonstiges Ausbaugewerbe",41220,252811,32836,219975,229311,19408,209903
2022,Schweiz,"45 Handel mit Motorfahrzeugen, Instandhaltung und Reparatur von Motorfahrzeugen",17432,89440,15941,73499,78905,10968,67937
2022,Schweiz,46 Grosshandel (ohne Handel mit Motorfahrzeugen),23545,231794,84620,147174,204549,66633,137916
2022,Schweiz,47 Detailhandel (ohne Handel mit Motorfahrzeugen),49952,313949,210830,103119,233253,144446,88807
2022,Schweiz,49 Landverkehr und Transport in Rohrfernleitungen,12400,133601,22432,111169,114641,16432,98209
2022,Schweiz,50 Schifffahrt,199,6985,1539,5446,5887,1185,4702
2022,Schweiz,51 Luftfahrt,216,11679,5081,6598,9968,3871,6097
2022,Schweiz,52 Lagerei sowie Erbringung von sonstigen Dienstleistungen für den Verkehr,2485,63606,18213,45393,55835,14028,41807
2022,Schweiz,"53 Post-, Kurier- und Expressdienste",2183,44033,16889,27144,32544,10767,21777
2022,Schweiz,55 Beherbergung,5784,77953,42204,35749,64559,32366,32193
2022,Schweiz,56 Gastronomie,26813,186715,93719,92996,135811,60314,75497
2022,Schweiz,58 Verlagswesen,1683,17619,8886,8733,12962,5960,7002
2022,Schweiz,"59 Herstellung, Verleih und Vertrieb von Filmen und Fernsehprogrammen, Kinos, Tonstudios und Verlegen von Musik",4130,11492,4204,7288,7024,2105,4919
2022,Schweiz,60 Rundfunkveranstalter,154,9488,3988,5500,7525,2917,4608
2022,Schweiz,61 Telekommunikation,958,25457,6424,19033,23554,5403,18151
2022,Schweiz,62 Erbringung von Dienstleistungen der Informationstechnologie,19388,124338,28184,96154,108709,21293,87416
2022,Schweiz,63 Informationsdienstleistungen,1325,17374,5465,11909,15443,4446,10997
2022,Schweiz,64 Erbringung von Finanzdienstleistungen,8582,123573,49557,74016,108553,40469,68084
2022,Schweiz,"65 Versicherungen, Rückversicherungen und Pensionskassen (ohne Sozialversicherung)",1187,51554,25165,26389,43611,20130,23481
2022,Schweiz,66 Mit Finanz- und Versicherungsdienstleistungen verbundene Tätigkeiten,11061,81676,31436,50240,69112,24132,44981
2022,Schweiz,68 Grundstücks- und Wohnungswesen,20044,76516,39249,37267,46400,21350,25050
2022,Schweiz,"69 Rechts- und Steuerberatung, Wirtschaftsprüfung",23341,90555,50532,40023,69559,35183,34377
2022,Schweiz,"70 Verwaltung und Führung von Unternehmen und Betrieben, Unternehmensberatung",27300,144579,61080,83499,120730,46553,74178
2022,Schweiz,"71 Architektur- und Ingenieurbüros, technische, physikalische und chemische Untersuchung",26042,145941,46148,99793,121232,32426,88806
2022,Schweiz,72 Forschung und Entwicklung,2209,36362,15132,21230,32250,12595,19654
2022,Schweiz,73 Werbung und Marktforschung,4939,25007,12407,12600,17217,7425,9792
2022,Schweiz,"74 Sonstige freiberufliche, wissenschaftliche und technische Tätigkeiten",22865,40668,19309,21359,26302,10690,15612
2022,Schweiz,75 Veterinärwesen,1350,8313,6675,1638,5989,4589,1400
2022,Schweiz,77 Vermietung von beweglichen Sachen,2102,11381,3200,8181,9039,2304,6736
2022,Schweiz,78 Vermittlung und Überlassung von Arbeitskräften,2752,148778,48199,100579,113133,29680,83452
2022,Schweiz,"79 Reisebüros, Reiseveranstalter und Erbringung sonstiger Reservierungsdienstleistungen",2443,15311,9391,5920,11087,6518,4569
2022,Schweiz,80 Wach- und Sicherheitsdienste sowie Detekteien,892,24360,5086,19274,17283,3249,14034
2022,Schweiz,"81 Gebäudebetreuung, Garten- und Landschaftsbau",18634,157401,80523,76878,101419,37788,63631
2022,Schweiz,82 Erbringung von wirtschaftlichen Dienstleistungen für Unternehmen und Privatpersonen a. n. g.,3694,20835,11377,9458,15448,7599,7849
2022,Schweiz,"84 Öffentliche Verwaltung, Verteidigung, Sozialversicherung",8758,210133,102880,107253,171531,75064,96468
2022,Schweiz,85 Erziehung und Unterricht,36576,414214,260647,153567,254065,150712,103353
2022,Schweiz,86 Gesundheitswesen,67954,458743,350108,108635,326702,237433,89269
2022,Schweiz,87 Heime (ohne Erholungs- und Ferienheime),3901,205856,154489,51367,146040,106073,39967
2022,Schweiz,88 Sozialwesen (ohne Heime),13407,138928,105739,33189,85650,62783,22867
2022,Schweiz,"90 Kreative, künstlerische und unterhaltende Tätigkeiten",16127,34042,15559,18483,17387,7030,10357
2022,Schweiz,"91 Bibliotheken, Archive, Museen, botanische und zoologische Gärten",1273,15403,10287,5116,9382,5693,3690
2022,Schweiz,"92 Spiel-, Wett- und Lotteriewesen",80,3362,1427,1935,2717,1103,1614
2022,Schweiz,"93 Erbringung von Dienstleistungen des Sports, der Unterhaltung und der Erholung",10399,59977,26228,33749,33736,12254,21483
2022,Schweiz,94 Interessenvertretungen sowie kirchliche und sonstige religiöse Vereinigungen (ohne Sozialwesen und Sport),14037,109081,62026,47055,64727,36335,28392
2022,Schweiz,95 Reparatur von Datenverarbeitungsgeräten und Gebrauchsgütern,2579,5893,1507,4386,4596,981,3614
2022,Schweiz,96 Erbringung von sonstigen überwiegend persönlichen Dienstleistungen,43649,74344,59625,14719,49303,38029,11274
2022,Vaud,Wirtschaftsabteilung - Total,65756,487063,226768,260295,391174,161389,229785
2022,Vaud,"01 Landwirtschaft, Jagd und damit verbundene Tätigkeiten",3621,12375,4036,8339,8393,2111,6281
2022,Vaud,02 Forstwirtschaft und Holzeinschlag,125,571,62,509,504,42,462
2022,Vaud,03 Fischerei und Aquakultur,44,79,15,64,65,10,55
2022,Vaud,05 Kohlenbergbau,0,0,0,0,0,0,0
2022,Vaud,06 Gewinnung von Erdöl und Erdgas,0,0,0,0,0,0,0
2022,Vaud,07 Erzbergbau,0,0,0,0,0,0,0
2022,Vaud,"08 Gewinnung von Steinen und Erden, sonstiger Bergbau",21,278,32,246,262,23,239
2022,Vaud,09 Erbringung von Dienstleistungen für den Bergbau und für die Gewinnung von Steinen und Erden,0,0,0,0,0,0,0
2022,Vaud,10 Herstellung von Nahrungs- und Futtermitteln,477,6462,2544,3918,5617,1935,3681
2022,Vaud,11 Getränkeherstellung,72,646,166,480,567,122,445
2022,Vaud,12 Tabakverarbeitung,X,23,X,X,18,X,X
2022,Vaud,13 Herstellung von Textilien,55,119,73,46,89,50,39
2022,Vaud,14 Herstellung von Bekleidung,136,181,156,25,104,86,18
2022,Vaud,"15 Herstellung von Leder, Lederwaren und Schuhen",22,41,26,15,26,15,11
2022,Vaud,"16 Herstellung von Holz-, Flecht-, Korb- und Korkwaren (ohne Möbel)",632,2639,321,2318,2423,239,2183
2022,Vaud,"17 Herstellung von Papier, Pappe und Waren daraus",10,210,63,147,194,54,139
2022,Vaud,"18 Herstellung von Druckerzeugnissen, Vervielfältigung von bespielten Ton-, Bild- und Datenträgern",137,842,250,592,746,196,550
2022,Vaud,19 Kokerei und Mineralölverarbeitung,0,0,0,0,0,0,0
2022,Vaud,20 Herstellung von chemischen Erzeugnissen,91,1650,628,1022,1539,546,993
2022,Vaud,21 Herstellung von pharmazeutischen Erzeugnissen,32,3510,1369,2141,3397,1281,2116
2022,Vaud,22 Herstellung von Gummi- und Kunststoffwaren,41,556,124,432,528,108,420
2022,Vaud,"23 Herstellung von Glas und Glaswaren, Keramik, Verarbeitung von Steinen und Erden",126,1242,162,1080,1170,122,1048
2022,Vaud,24 Metallerzeugung und -bearbeitung,11,262,49,213,254,43,211
2022,Vaud,25 Herstellung von Metallerzeugnissen,566,4112,775,3337,3802,612,3190
2022,Vaud,"26 Herstellung von Datenverarbeitungsgeräten, elektronischen und optischen Erzeugnissen",200,9293,3706,5587,8758,3323,5435
2022,Vaud,27 Herstellung von elektrischen Ausrüstungen,67,1341,568,773,1270,516,754
2022,Vaud,28 Maschinenbau,69,2968,414,2554,2876,373,2504
2022,Vaud,29 Herstellung von Automobilen und Automobilteilen,12,196,38,158,183,31,151
2022,Vaud,30 Sonstiger Fahrzeugbau,31,934,106,828,905,95,811
2022,Vaud,31 Herstellung von Möbeln,83,464,121,343,423,103,320
2022,Vaud,32 Herstellung von sonstigen Waren,310,2435,1075,1360,2212,912,1300
2022,Vaud,33 Reparatur und Installation von Maschinen und Ausrüstungen,228,1105,144,961,1006,103,903
2022,Vaud,35 Energieversorgung,77,2543,567,1976,2329,447,1881
2022,Vaud,36 Wasserversorgung,45,346,74,272,296,50,246
2022,Vaud,37 Abwasserentsorgung,71,504,63,441,454,41,413
2022,Vaud,"38 Sammlung, Behandlung und Beseitigung von Abfällen, Rückgewinnung",116,1162,178,984,992,131,862
2022,Vaud,39 Beseitigung von Umweltverschmutzungen und sonstige Entsorgung,X,28,X,X,28,X,X
2022,Vaud,41 Hochbau,993,6892,924,5968,6394,660,5734
2022,Vaud,42 Tiefbau,46,1796,121,1675,1738,93,1645
2022,Vaud,"43 Vorbereitende Baustellenarbeiten, Bauinstallation und sonstiges Ausbaugewerbe",3712,22391,2583,19808,20709,1702,19007
2022,Vaud,"45 Handel mit Motorfahrzeugen, Instandhaltung und Reparatur von Motorfahrzeugen",1494,7688,1215,6473,7045,905,6141
2022,Vaud,46 Grosshandel (ohne Handel mit Motorfahrzeugen),1883,18355,6240,12115,16762,5177,11585
2022,Vaud,47 Detailhandel (ohne Handel mit Motorfahrzeugen),4933,29500,18503,10997,22623,13125,9498
2022,Vaud,49 Landverkehr und Transport in Rohrfernleitungen,1131,12004,1779,10225,10781,1428,9353
2022,Vaud,50 Schifffahrt,9,322,67,255,300,57,243
2022,Vaud,51 Luftfahrt,8,78,25,53,69,21,49
2022,Vaud,52 Lagerei sowie Erbringung von sonstigen Dienstleistungen für den Verkehr,172,2872,534,2338,2612,427,2185
2022,Vaud,"53 Post-, Kurier- und Expressdienste",190,2815,996,1819,2466,785,1680
2022,Vaud,55 Beherbergung,385,5622,2653,2969,4883,2159,2724
2022,Vaud,56 Gastronomie,2547,16363,7366,8997,12654,5055,7599
2022,Vaud,58 Verlagswesen,197,1864,924,940,1516,693,822
2022,Vaud,"59 Herstellung, Verleih und Vertrieb von Filmen und Fernsehprogrammen, Kinos, Tonstudios und Verlegen von Musik",475,1208,430,778,758,222,535
2022,Vaud,60 Rundfunkveranstalter,12,826,386,440,675,297,378
2022,Vaud,61 Telekommunikation,96,2419,610,1809,2274,521,1753
2022,Vaud,62 Erbringung von Dienstleistungen der Informationstechnologie,1617,11426,2440,8986,10357,1957,8400
2022,Vaud,63 Informationsdienstleistungen,99,703,246,457,635,207,427
2022,Vaud,64 Erbringung von Finanzdienstleistungen,574,6921,2743,4178,6173,2275,3897
2022,Vaud,"65 Versicherungen, Rückversicherungen und Pensionskassen (ohne Sozialversicherung)",100,5020,2740,2280,4149,2165,1983
2022,Vaud,66 Mit Finanz- und Versicherungsdienstleistungen verbundene Tätigkeiten,1046,6218,2459,3759,5304,1918,3387
2022,Vaud,68 Grundstücks- und Wohnungswesen,1631,6832,3615,3217,4621,2270,2351
2022,Vaud,"69 Rechts- und Steuerberatung, Wirtschaftsprüfung",2069,7623,4488,3135,6152,3356,2796
2022,Vaud,"70 Verwaltung und Führung von Unternehmen und Betrieben, Unternehmensberatung",2532,14525,6759,7766,12579,5515,7064
2022,Vaud,"71 Architektur- und Ingenieurbüros, technische, physikalische und chemische Untersuchung",2161,12019,3778,8241,10351,2842,7509
2022,Vaud,72 Forschung und Entwicklung,338,5427,2430,2997,4939,2121,2818
2022,Vaud,73 Werbung und Marktforschung,337,1666,726,940,1258,473,785
2022,Vaud,"74 Sonstige freiberufliche, wissenschaftliche und technische Tätigkeiten",2538,4716,2138,2578,3288,1270,2018
2022,Vaud,75 Veterinärwesen,134,710,568,142,535,409,126
2022,Vaud,77 Vermietung von beweglichen Sachen,203,1077,315,762,875,254,621
2022,Vaud,78 Vermittlung und Überlassung von Arbeitskräften,241,15258,4966,10292,12200,3276,8924
2022,Vaud,"79 Reisebüros, Reiseveranstalter und Erbringung sonstiger Reservierungsdienstleistungen",221,991,634,357,755,468,287
2022,Vaud,80 Wach- und Sicherheitsdienste sowie Detekteien,77,2640,515,2125,2142,387,1755
2022,Vaud,"81 Gebäudebetreuung, Garten- und Landschaftsbau",1691,15435,7337,8098,10611,3670,6941
2022,Vaud,82 Erbringung von wirtschaftlichen Dienstleistungen für Unternehmen und Privatpersonen a. n. g.,293,1387,841,546,1017,554,463
2022,Vaud,"84 Öffentliche Verwaltung, Verteidigung, Sozialversicherung",1026,18015,9044,8971,14764,6745,8019
2022,Vaud,85 Erziehung und Unterricht,3752,43131,25499,17632,31760,17723,14037
2022,Vaud,86 Gesundheitswesen,7970,50984,37281,13703,38259,26676,11583
2022,Vaud,87 Heime (ohne Erholungs- und Ferienheime),333,16641,12078,4563,12275,8653,3622
2022,Vaud,88 Sozialwesen (ohne Heime),1250,18295,14365,3930,12175,9227,2948
2022,Vaud,"90 Kreative, künstlerische und unterhaltende Tätigkeiten",1317,3190,1464,1726,1751,711,1039
2022,Vaud,"91 Bibliotheken, Archive, Museen, botanische und zoologische Gärten",129,1606,1057,549,1114,696,419
2022,Vaud,"92 Spiel-, Wett- und Lotteriewesen",6,513,211,302,461,177,284
2022,Vaud,"93 Erbringung von Dienstleistungen des Sports, der Unterhaltung und der Erholung",1011,6764,2791,3973,4512,1711,2800
2022,Vaud,94 Interessenvertretungen sowie kirchliche und sonstige religiöse Vereinigungen (ohne Sozialwesen und Sport),1126,8211,4762,3449,5531,3116,2415
2022,Vaud,95 Reparatur von Datenverarbeitungsgeräten und Gebrauchsgütern,258,561,119,442,455,81,374
2022,Vaud,96 Erbringung von sonstigen überwiegend persönlichen Dienstleistungen,3860,6426,5086,1340,4492,3428,1064
2022,Valais / Wallis,Wirtschaftsabteilung - Total,31388,194949,88167,106782,152298,59127,93171
2022,Valais / Wallis,"01 Landwirtschaft, Jagd und damit verbundene Tätigkeiten",2719,10023,3682,6341,5580,1770,3810
2022,Valais / Wallis,02 Forstwirtschaft und Holzeinschlag,58,481,49,432,427,27,400
2022,Valais / Wallis,03 Fischerei und Aquakultur,9,83,33,50,75,30,45
2022,Valais / Wallis,05 Kohlenbergbau,0,0,0,0,0,0,0
2022,Valais / Wallis,06 Gewinnung von Erdöl und Erdgas,0,0,0,0,0,0,0
2022,Valais / Wallis,07 Erzbergbau,0,0,0,0,0,0,0
2022,Valais / Wallis,"08 Gewinnung von Steinen und Erden, sonstiger Bergbau",13,142,9,133,131,7,123
2022,Valais / Wallis,09 Erbringung von Dienstleistungen für den Bergbau und für die Gewinnung von Steinen und Erden,0,0,0,0,0,0,0
2022,Valais / Wallis,10 Herstellung von Nahrungs- und Futtermitteln,230,2050,893,1157,1729,663,1067
2022,Valais / Wallis,11 Getränkeherstellung,101,851,299,552,691,205,486
2022,Valais / Wallis,12 Tabakverarbeitung,0,0,0,0,0,0,0
2022,Valais / Wallis,13 Herstellung von Textilien,28,42,34,8,24,18,6
2022,Valais / Wallis,14 Herstellung von Bekleidung,88,94,85,9,53,46,7
2022,Valais / Wallis,"15 Herstellung von Leder, Lederwaren und Schuhen",5,12,X,X,8,X,X
2022,Valais / Wallis,"16 Herstellung von Holz-, Flecht-, Korb- und Korkwaren (ohne Möbel)",468,2264,261,2003,2054,170,1884
2022,Valais / Wallis,"17 Herstellung von Papier, Pappe und Waren daraus",4,18,X,X,12,X,X
2022,Valais / Wallis,"18 Herstellung von Druckerzeugnissen, Vervielfältigung von bespielten Ton-, Bild- und Datenträgern",74,460,187,273,379,134,245
2022,Valais / Wallis,19 Kokerei und Mineralölverarbeitung,0,0,0,0,0,0,0
2022,Valais / Wallis,20 Herstellung von chemischen Erzeugnissen,50,6618,1693,4925,6440,1568,4873
2022,Valais / Wallis,21 Herstellung von pharmazeutischen Erzeugnissen,10,1031,312,719,984,276,708
2022,Valais / Wallis,22 Herstellung von Gummi- und Kunststoffwaren,16,169,64,105,145,45,101
2022,Valais / Wallis,"23 Herstellung von Glas und Glaswaren, Keramik, Verarbeitung von Steinen und Erden",49,394,68,326,362,45,317
2022,Valais / Wallis,24 Metallerzeugung und -bearbeitung,13,1206,93,1113,1187,80,1107
2022,Valais / Wallis,25 Herstellung von Metallerzeugnissen,243,2142,398,1744,1966,306,1660
2022,Valais / Wallis,"26 Herstellung von Datenverarbeitungsgeräten, elektronischen und optischen Erzeugnissen",36,759,423,336,678,359,320
2022,Valais / Wallis,27 Herstellung von elektrischen Ausrüstungen,26,414,146,268,373,119,254
2022,Valais / Wallis,28 Maschinenbau,31,1457,362,1095,1391,325,1066
2022,Valais / Wallis,29 Herstellung von Automobilen und Automobilteilen,5,38,6,32,37,5,31
2022,Valais / Wallis,30 Sonstiger Fahrzeugbau,9,64,13,51,57,8,48
2022,Valais / Wallis,31 Herstellung von Möbeln,52,254,47,207,230,35,195
2022,Valais / Wallis,32 Herstellung von sonstigen Waren,119,516,243,273,430,179,250
2022,Valais / Wallis,33 Reparatur und Installation von Maschinen und Ausrüstungen,104,472,72,400,423,47,376
2022,Valais / Wallis,35 Energieversorgung,84,2381,386,1995,2126,278,1848
2022,Valais / Wallis,36 Wasserversorgung,14,42,X,X,30,X,X
2022,Valais / Wallis,37 Abwasserentsorgung,31,166,13,153,152,8,143
2022,Valais / Wallis,"38 Sammlung, Behandlung und Beseitigung von Abfällen, Rückgewinnung",73,495,94,401,449,70,379
2022,Valais / Wallis,39 Beseitigung von Umweltverschmutzungen und sonstige Entsorgung,X,X,X,X,X,X,X
2022,Valais / Wallis,41 Hochbau,614,4850,439,4411,4520,271,4249
2022,Valais / Wallis,42 Tiefbau,47,782,79,703,748,59,689
2022,Valais / Wallis,"43 Vorbereitende Baustellenarbeiten, Bauinstallation und sonstiges Ausbaugewerbe",2062,11804,1441,10363,10762,828,9934
2022,Valais / Wallis,"45 Handel mit Motorfahrzeugen, Instandhaltung und Reparatur von Motorfahrzeugen",825,3729,657,3072,3347,447,2900
2022,Valais / Wallis,46 Grosshandel (ohne Handel mit Motorfahrzeugen),699,4230,1321,2909,3680,955,2725
2022,Valais / Wallis,47 Detailhandel (ohne Handel mit Motorfahrzeugen),2543,14718,10150,4568,10982,6939,4044
2022,Valais / Wallis,49 Landverkehr und Transport in Rohrfernleitungen,512,7386,1481,5905,6429,1068,5361
2022,Valais / Wallis,50 Schifffahrt,X,X,X,X,X,X,X
2022,Valais / Wallis,51 Luftfahrt,11,336,56,280,277,41,237
2022,Valais / Wallis,52 Lagerei sowie Erbringung von sonstigen Dienstleistungen für den Verkehr,77,876,152,724,772,97,675
2022,Valais / Wallis,"53 Post-, Kurier- und Expressdienste",107,1156,607,549,969,451,518
2022,Valais / Wallis,55 Beherbergung,971,9077,5058,4019,7809,4089,3720
2022,Valais / Wallis,56 Gastronomie,1779,10010,5241,4769,7991,3748,4243
2022,Valais / Wallis,58 Verlagswesen,40,192,91,101,136,57,79
2022,Valais / Wallis,"59 Herstellung, Verleih und Vertrieb von Filmen und Fernsehprogrammen, Kinos, Tonstudios und Verlegen von Musik",134,222,66,156,129,28,101
2022,Valais / Wallis,60 Rundfunkveranstalter,6,207,84,123,154,55,98
2022,Valais / Wallis,61 Telekommunikation,41,584,173,411,531,140,391
2022,Valais / Wallis,62 Erbringung von Dienstleistungen der Informationstechnologie,448,1460,299,1161,1210,186,1024
2022,Valais / Wallis,63 Informationsdienstleistungen,26,60,21,39,46,13,33
2022,Valais / Wallis,64 Erbringung von Finanzdienstleistungen,274,2040,941,1099,1711,711,1000
2022,Valais / Wallis,"65 Versicherungen, Rückversicherungen und Pensionskassen (ohne Sozialversicherung)",41,292,161,131,239,120,119
2022,Valais / Wallis,66 Mit Finanz- und Versicherungsdienstleistungen verbundene Tätigkeiten,351,3330,1496,1834,2787,1111,1676
2022,Valais / Wallis,68 Grundstücks- und Wohnungswesen,1246,2984,1693,1291,1847,901,945
2022,Valais / Wallis,"69 Rechts- und Steuerberatung, Wirtschaftsprüfung",794,2513,1569,944,1823,1011,812
2022,Valais / Wallis,"70 Verwaltung und Führung von Unternehmen und Betrieben, Unternehmensberatung",608,1543,694,849,1178,467,710
2022,Valais / Wallis,"71 Architektur- und Ingenieurbüros, technische, physikalische und chemische Untersuchung",1016,4859,1614,3245,4031,1101,2931
2022,Valais / Wallis,72 Forschung und Entwicklung,65,1472,309,1163,1358,249,1109
2022,Valais / Wallis,73 Werbung und Marktforschung,141,551,293,258,360,170,191
2022,Valais / Wallis,"74 Sonstige freiberufliche, wissenschaftliche und technische Tätigkeiten",820,1213,539,674,794,287,506
2022,Valais / Wallis,75 Veterinärwesen,39,199,154,45,141,106,36
2022,Valais / Wallis,77 Vermietung von beweglichen Sachen,82,264,43,221,205,22,183
2022,Valais / Wallis,78 Vermittlung und Überlassung von Arbeitskräften,69,4565,855,3710,3811,543,3269
2022,Valais / Wallis,"79 Reisebüros, Reiseveranstalter und Erbringung sonstiger Reservierungsdienstleistungen",163,995,583,412,725,399,326
2022,Valais / Wallis,80 Wach- und Sicherheitsdienste sowie Detekteien,39,508,104,404,314,60,254
2022,Valais / Wallis,"81 Gebäudebetreuung, Garten- und Landschaftsbau",764,4120,1754,2366,3034,923,2110
2022,Valais / Wallis,82 Erbringung von wirtschaftlichen Dienstleistungen für Unternehmen und Privatpersonen a. n. g.,146,439,233,206,306,137,169
2022,Valais / Wallis,"84 Öffentliche Verwaltung, Verteidigung, Sozialversicherung",459,6855,3169,3686,5443,2200,3243
2022,Valais / Wallis,85 Erziehung und Unterricht,1453,11487,6694,4793,7450,4119,3331
2022,Valais / Wallis,86 Gesundheitswesen,2572,15084,11585,3499,10646,7797,2849
2022,Valais / Wallis,87 Heime (ohne Erholungs- und Ferienheime),137,7827,6343,1484,5561,4392,1169
2022,Valais / Wallis,88 Sozialwesen (ohne Heime),340,4798,3861,937,3167,2421,745
2022,Valais / Wallis,"90 Kreative, künstlerische und unterhaltende Tätigkeiten",644,893,385,508,423,155,268
2022,Valais / Wallis,"91 Bibliotheken, Archive, Museen, botanische und zoologische Gärten",59,388,291,97,240,169,71
2022,Valais / Wallis,"92 Spiel-, Wett- und Lotteriewesen",6,69,30,39,53,21,32
2022,Valais / Wallis,"93 Erbringung von Dienstleistungen des Sports, der Unterhaltung und der Erholung",736,2384,894,1490,1419,428,991
2022,Valais / Wallis,94 Interessenvertretungen sowie kirchliche und sonstige religiöse Vereinigungen (ohne Sozialwesen und Sport),507,2985,1710,1275,1759,1004,755
2022,Valais / Wallis,95 Reparatur von Datenverarbeitungsgeräten und Gebrauchsgütern,78,120,32,88,86,19,68
2022,Valais / Wallis,96 Erbringung von sonstigen überwiegend persönlichen Dienstleistungen,2032,3345,2729,616,2267,1776,492
2022,Genève,Wirtschaftsabteilung - Total,44563,387803,172905,214898,322202,130988,191214
2022,Genève,"01 Landwirtschaft, Jagd und damit verbundene Tätigkeiten",411,2053,586,1467,1514,381,1133
2022,Genève,02 Forstwirtschaft und Holzeinschlag,9,39,X,X,35,X,X
2022,Genève,03 Fischerei und Aquakultur,9,14,X,X,12,X,X
2022,Genève,05 Kohlenbergbau,0,0,0,0,0,0,0
2022,Genève,06 Gewinnung von Erdöl und Erdgas,0,0,0,0,0,0,0
2022,Genève,07 Erzbergbau,0,0,0,0,0,0,0
2022,Genève,"08 Gewinnung von Steinen und Erden, sonstiger Bergbau",8,91,16,75,88,14,74
2022,Genève,09 Erbringung von Dienstleistungen für den Bergbau und für die Gewinnung von Steinen und Erden,X,27,11,16,26,10,16
2022,Genève,10 Herstellung von Nahrungs- und Futtermitteln,169,1750,570,1180,1561,443,1118
2022,Genève,11 Getränkeherstellung,19,71,15,56,55,11,44
2022,Genève,12 Tabakverarbeitung,X,X,X,X,X,X,X
2022,Genève,13 Herstellung von Textilien,25,54,22,32,44,15,29
2022,Genève,14 Herstellung von Bekleidung,97,149,103,46,101,66,35
2022,Genève,"15 Herstellung von Leder, Lederwaren und Schuhen",18,333,231,102,300,204,97
2022,Genève,"16 Herstellung von Holz-, Flecht-, Korb- und Korkwaren (ohne Möbel)",278,1027,123,904,937,93,844
2022,Genève,"17 Herstellung von Papier, Pappe und Waren daraus",7,23,14,9,18,10,8
2022,Genève,"18 Herstellung von Druckerzeugnissen, Vervielfältigung von bespielten Ton-, Bild- und Datenträgern",103,360,112,248,319,90,229
2022,Genève,19 Kokerei und Mineralölverarbeitung,0,0,0,0,0,0,0
2022,Genève,20 Herstellung von chemischen Erzeugnissen,55,2740,923,1817,2651,855,1796
2022,Genève,21 Herstellung von pharmazeutischen Erzeugnissen,23,522,285,237,491,262,229
2022,Genève,22 Herstellung von Gummi- und Kunststoffwaren,9,38,X,X,35,X,X
2022,Genève,"23 Herstellung von Glas und Glaswaren, Keramik, Verarbeitung von Steinen und Erden",57,466,57,409,442,45,397
2022,Genève,24 Metallerzeugung und -bearbeitung,6,96,18,78,92,15,76
2022,Genève,25 Herstellung von Metallerzeugnissen,255,1620,248,1372,1522,203,1319
2022,Genève,"26 Herstellung von Datenverarbeitungsgeräten, elektronischen und optischen Erzeugnissen",170,12463,4642,7821,12090,4395,7695
2022,Genève,27 Herstellung von elektrischen Ausrüstungen,25,796,167,629,768,155,613
2022,Genève,28 Maschinenbau,23,441,60,381,429,55,374
2022,Genève,29 Herstellung von Automobilen und Automobilteilen,X,6,0,6,6,0,6
2022,Genève,30 Sonstiger Fahrzeugbau,12,318,33,285,306,29,277
2022,Genève,31 Herstellung von Möbeln,34,165,25,140,150,21,129
2022,Genève,32 Herstellung von sonstigen Waren,267,1923,804,1119,1752,681,1070
2022,Genève,33 Reparatur und Installation von Maschinen und Ausrüstungen,75,887,98,789,849,83,765
2022,Genève,35 Energieversorgung,6,1628,371,1257,1553,322,1231
2022,Genève,36 Wasserversorgung,X,X,X,X,X,X,X
2022,Genève,37 Abwasserentsorgung,17,358,38,320,346,33,313
2022,Genève,"38 Sammlung, Behandlung und Beseitigung von Abfällen, Rückgewinnung",34,642,93,549,613,78,535
2022,Genève,39 Beseitigung von Umweltverschmutzungen und sonstige Entsorgung,X,X,X,X,X,X,X
2022,Genève,41 Hochbau,756,5993,682,5311,5617,517,5100
2022,Genève,42 Tiefbau,27,772,79,693,750,68,682
2022,Genève,"43 Vorbereitende Baustellenarbeiten, Bauinstallation und sonstiges Ausbaugewerbe",2267,15033,1487,13546,14068,1090,12978
2022,Genève,"45 Handel mit Motorfahrzeugen, Instandhaltung und Reparatur von Motorfahrzeugen",690,3688,500,3188,3440,402,3038
2022,Genève,46 Grosshandel (ohne Handel mit Motorfahrzeugen),1564,19110,7457,11653,17967,6678,11289
2022,Genève,47 Detailhandel (ohne Handel mit Motorfahrzeugen),3226,19910,11611,8299,16012,8779,7233
2022,Genève,49 Landverkehr und Transport in Rohrfernleitungen,1566,8227,1178,7049,6960,900,6060
2022,Genève,50 Schifffahrt,21,1140,407,733,1119,395,724
2022,Genève,51 Luftfahrt,39,1496,641,855,1388,553,835
2022,Genève,52 Lagerei sowie Erbringung von sonstigen Dienstleistungen für den Verkehr,228,6074,1666,4408,5499,1384,4115
2022,Genève,"53 Post-, Kurier- und Expressdienste",114,2995,605,2390,2333,455,1878
2022,Genève,55 Beherbergung,162,4419,1916,2503,4078,1721,2357
2022,Genève,56 Gastronomie,2213,15301,5731,9570,12387,4152,8235
2022,Genève,58 Verlagswesen,102,555,295,260,427,208,219
2022,Genève,"59 Herstellung, Verleih und Vertrieb von Filmen und Fernsehprogrammen, Kinos, Tonstudios und Verlegen von Musik",298,969,367,602,669,210,459
2022,Genève,60 Rundfunkveranstalter,12,1546,625,921,1336,506,830
2022,Genève,61 Telekommunikation,65,1320,265,1055,1255,235,1020
2022,Genève,62 Erbringung von Dienstleistungen der Informationstechnologie,1167,9795,2150,7645,9098,1848,7250
2022,Genève,63 Informationsdienstleistungen,94,502,173,329,428,127,301
2022,Genève,64 Erbringung von Finanzdienstleistungen,656,18751,7056,11695,17899,6507,11392
2022,Genève,"65 Versicherungen, Rückversicherungen und Pensionskassen (ohne Sozialversicherung)",41,1000,549,451,880,468,411
2022,Genève,66 Mit Finanz- und Versicherungsdienstleistungen verbundene Tätigkeiten,1659,10519,3898,6621,9294,3170,6124
2022,Genève,68 Grundstücks- und Wohnungswesen,1117,8045,4158,3887,5657,2734,2923
2022,Genève,"69 Rechts- und Steuerberatung, Wirtschaftsprüfung",2350,10306,5613,4693,8728,4479,4250
2022,Genève,"70 Verwaltung und Führung von Unternehmen und Betrieben, Unternehmensberatung",1844,10019,4194,5825,8743,3406,5337
2022,Genève,"71 Architektur- und Ingenieurbüros, technische, physikalische und chemische Untersuchung",1316,7926,2533,5393,6996,2002,4994
2022,Genève,72 Forschung und Entwicklung,167,2175,1042,1133,1967,906,1061
2022,Genève,73 Werbung und Marktforschung,314,1151,471,680,956,363,593
2022,Genève,"74 Sonstige freiberufliche, wissenschaftliche und technische Tätigkeiten",1658,3092,1384,1708,2250,904,1346
2022,Genève,75 Veterinärwesen,43,248,190,58,192,143,49
2022,Genève,77 Vermietung von beweglichen Sachen,175,1303,349,954,1098,278,820
2022,Genève,78 Vermittlung und Überlassung von Arbeitskräften,241,17738,6335,11403,14289,4481,9807
2022,Genève,"79 Reisebüros, Reiseveranstalter und Erbringung sonstiger Reservierungsdienstleistungen",171,1178,670,508,1002,545,457
2022,Genève,80 Wach- und Sicherheitsdienste sowie Detekteien,105,4492,788,3704,3684,579,3105
2022,Genève,"81 Gebäudebetreuung, Garten- und Landschaftsbau",864,14230,7224,7006,9459,3669,5789
2022,Genève,82 Erbringung von wirtschaftlichen Dienstleistungen für Unternehmen und Privatpersonen a. n. g.,238,1243,655,588,1027,498,529
2022,Genève,"84 Öffentliche Verwaltung, Verteidigung, Sozialversicherung",543,15688,7556,8132,13921,6140,7781
2022,Genève,85 Erziehung und Unterricht,2047,27769,16722,11047,20023,11758,8265
2022,Genève,86 Gesundheitswesen,5811,33232,23572,9660,26093,17905,8187
2022,Genève,87 Heime (ohne Erholungs- und Ferienheime),254,10243,7104,3139,7867,5349,2518
2022,Genève,88 Sozialwesen (ohne Heime),1028,13536,9928,3608,9061,6535,2526
2022,Genève,"90 Kreative, künstlerische und unterhaltende Tätigkeiten",786,3248,1398,1850,1904,746,1158
2022,Genève,"91 Bibliotheken, Archive, Museen, botanische und zoologische Gärten",91,1259,697,562,951,491,459
2022,Genève,"92 Spiel-, Wett- und Lotteriewesen",X,148,46,102,124,39,85
2022,Genève,"93 Erbringung von Dienstleistungen des Sports, der Unterhaltung und der Erholung",632,3974,1425,2549,2626,817,1809
2022,Genève,94 Interessenvertretungen sowie kirchliche und sonstige religiöse Vereinigungen (ohne Sozialwesen und Sport),1252,10620,6446,4174,8102,4868,3234
2022,Genève,95 Reparatur von Datenverarbeitungsgeräten und Gebrauchsgütern,157,309,63,246,232,44,189
2022,Genève,96 Erbringung von sonstigen überwiegend persönlichen Dienstleistungen,2160,4411,3330,1081,3240,2361,879
2023,Schweiz,Wirtschaftsabteilung - Total,721727,5644870,2597176,3047694,4379510,1745359,2634151
2023,Schweiz,"01 Landwirtschaft, Jagd und damit verbundene Tätigkeiten",48788,151762,55396,96366,99004,29143,69861
2023,Schweiz,02 Forstwirtschaft und Holzeinschlag,1407,6515,667,5848,5492,429,5063
2023,Schweiz,03 Fischerei und Aquakultur,177,555,162,393,473,132,341
2023,Schweiz,05 Kohlenbergbau,0,0,0,0,0,0,0
2023,Schweiz,06 Gewinnung von Erdöl und Erdgas,0,0,0,0,0,0,0
2023,Schweiz,07 Erzbergbau,0,0,0,0,0,0,0
2023,Schweiz,"08 Gewinnung von Steinen und Erden, sonstiger Bergbau",310,4699,593,4106,4323,413,3910
2023,Schweiz,09 Erbringung von Dienstleistungen für den Bergbau und für die Gewinnung von Steinen und Erden,6,24,9,15,23,8,15
2023,Schweiz,10 Herstellung von Nahrungs- und Futtermitteln,4825,82778,36431,46347,70301,26997,43304
2023,Schweiz,11 Getränkeherstellung,688,6821,2061,4760,5721,1394,4327
2023,Schweiz,12 Tabakverarbeitung,17,2133,747,1386,2064,694,1370
2023,Schweiz,13 Herstellung von Textilien,825,6406,3230,3176,5417,2424,2994
2023,Schweiz,14 Herstellung von Bekleidung,1696,5130,3996,1134,3837,2819,1018
2023,Schweiz,"15 Herstellung von Leder, Lederwaren und Schuhen",320,2698,1554,1144,2335,1279,1056
2023,Schweiz,"16 Herstellung von Holz-, Flecht-, Korb- und Korkwaren (ohne Möbel)",7068,39687,5981,33706,35533,3981,31552
2023,Schweiz,"17 Herstellung von Papier, Pappe und Waren daraus",189,6246,1682,4564,5805,1380,4426
2023,Schweiz,"18 Herstellung von Druckerzeugnissen, Vervielfältigung von bespielten Ton-, Bild- und Datenträgern",1788,14170,5627,8543,12166,4223,7943
2023,Schweiz,19 Kokerei und Mineralölverarbeitung,7,377,48,329,365,41,324
2023,Schweiz,20 Herstellung von chemischen Erzeugnissen,913,25750,8034,17716,23961,6793,17168
2023,Schweiz,21 Herstellung von pharmazeutischen Erzeugnissen,382,54820,22759,32061,52225,20749,31476
2023,Schweiz,22 Herstellung von Gummi- und Kunststoffwaren,712,22087,6513,15574,20419,5382,15038
2023,Schweiz,"23 Herstellung von Glas und Glaswaren, Keramik, Verarbeitung von Steinen und Erden",1438,16843,3187,13656,15522,2409,13113
2023,Schweiz,24 Metallerzeugung und -bearbeitung,240,12619,1818,10801,12037,1551,10486
2023,Schweiz,25 Herstellung von Metallerzeugnissen,7048,85088,17405,67683,77782,13399,64383
2023,Schweiz,"26 Herstellung von Datenverarbeitungsgeräten, elektronischen und optischen Erzeugnissen",2133,120116,44736,75380,113073,39959,73114
2023,Schweiz,27 Herstellung von elektrischen Ausrüstungen,852,27871,7640,20231,26039,6524,19515
2023,Schweiz,28 Maschinenbau,2015,79985,14497,65488,75365,12078,63287
2023,Schweiz,29 Herstellung von Automobilen und Automobilteilen,239,4466,696,3770,4151,551,3600
2023,Schweiz,30 Sonstiger Fahrzeugbau,288,12264,1781,10483,11616,1491,10125
2023,Schweiz,31 Herstellung von Möbeln,905,9117,1968,7149,8272,1485,6787
2023,Schweiz,32 Herstellung von sonstigen Waren,3745,29829,13239,16590,26430,10758,15672
2023,Schweiz,33 Reparatur und Installation von Maschinen und Ausrüstungen,2832,21851,3288,18563,19828,2295,17533
2023,Schweiz,35 Energieversorgung,1165,33211,6488,26723,29231,4736,24495
2023,Schweiz,36 Wasserversorgung,466,2914,566,2348,2138,319,1818
2023,Schweiz,37 Abwasserentsorgung,669,5731,731,5000,5167,484,4684
2023,Schweiz,"38 Sammlung, Behandlung und Beseitigung von Abfällen, Rückgewinnung",1057,13330,2333,10997,11718,1650,10068
2023,Schweiz,39 Beseitigung von Umweltverschmutzungen und sonstige Entsorgung,37,201,35,166,173,21,152
2023,Schweiz,41 Hochbau,9761,88475,10306,78169,81663,6734,74929
2023,Schweiz,42 Tiefbau,1147,24446,2108,22338,23129,1447,21683
2023,Schweiz,"43 Vorbereitende Baustellenarbeiten, Bauinstallation und sonstiges Ausbaugewerbe",41442,255306,33280,222026,232494,20279,212214
2023,Schweiz,"45 Handel mit Motorfahrzeugen, Instandhaltung und Reparatur von Motorfahrzeugen",17449,90990,16314,74676,80371,11326,69045
2023,Schweiz,46 Grosshandel (ohne Handel mit Motorfahrzeugen),22545,226509,82486,144023,200140,65030,135111
2023,Schweiz,47 Detailhandel (ohne Handel mit Motorfahrzeugen),49321,312732,209258,103474,231959,143382,88578
2023,Schweiz,49 Landverkehr und Transport in Rohrfernleitungen,12523,135563,23032,112531,116447,17175,99272
2023,Schweiz,50 Schifffahrt,218,7576,1724,5852,6388,1307,5081
2023,Schweiz,51 Luftfahrt,204,12530,5925,6605,10556,4476,6080
2023,Schweiz,52 Lagerei sowie Erbringung von sonstigen Dienstleistungen für den Verkehr,2481,66925,19222,47703,58828,14768,44060
2023,Schweiz,"53 Post-, Kurier- und Expressdienste",2142,42537,15986,26551,31739,10376,21362
2023,Schweiz,55 Beherbergung,5729,79079,42688,36391,64932,32524,32408
2023,Schweiz,56 Gastronomie,26675,189138,94286,94852,136911,60587,76324
2023,Schweiz,58 Verlagswesen,1757,17963,8733,9230,13338,5858,7479
2023,Schweiz,"59 Herstellung, Verleih und Vertrieb von Filmen und Fernsehprogrammen, Kinos, Tonstudios und Verlegen von Musik",4316,11626,4209,7417,7171,2081,5090
2023,Schweiz,60 Rundfunkveranstalter,159,9718,4122,5596,7755,2992,4763
2023,Schweiz,61 Telekommunikation,950,25481,6362,19119,23609,5378,18231
2023,Schweiz,62 Erbringung von Dienstleistungen der Informationstechnologie,19828,132212,30091,102121,116391,22933,93458
2023,Schweiz,63 Informationsdienstleistungen,1344,11235,4164,7071,9584,3193,6391
2023,Schweiz,64 Erbringung von Finanzdienstleistungen,8496,126104,50798,75306,111455,41736,69719
2023,Schweiz,"65 Versicherungen, Rückversicherungen und Pensionskassen (ohne Sozialversicherung)",1170,53032,26038,26994,45190,20966,24223
2023,Schweiz,66 Mit Finanz- und Versicherungsdienstleistungen verbundene Tätigkeiten,11123,84264,32342,51922,71891,25207,46684
2023,Schweiz,68 Grundstücks- und Wohnungswesen,20427,77057,39532,37525,46929,21372,25557
2023,Schweiz,"69 Rechts- und Steuerberatung, Wirtschaftsprüfung",23187,90551,50689,39862,69766,35575,34191
2023,Schweiz,"70 Verwaltung und Führung von Unternehmen und Betrieben, Unternehmensberatung",28231,147940,62796,85144,123519,48092,75427
2023,Schweiz,"71 Architektur- und Ingenieurbüros, technische, physikalische und chemische Untersuchung",26139,148568,47322,101246,123111,33509,89601
2023,Schweiz,72 Forschung und Entwicklung,2221,36678,15358,21320,32378,12749,19629
2023,Schweiz,73 Werbung und Marktforschung,5233,25216,12510,12706,17405,7582,9823
2023,Schweiz,"74 Sonstige freiberufliche, wissenschaftliche und technische Tätigkeiten",23261,40599,19247,21352,26246,10608,15638
2023,Schweiz,75 Veterinärwesen,1369,8930,7167,1763,6493,5002,1491
2023,Schweiz,77 Vermietung von beweglichen Sachen,2179,12748,3570,9178,10267,2604,7663
2023,Schweiz,78 Vermittlung und Überlassung von Arbeitskräften,2767,140349,45098,95251,106749,28222,78527
2023,Schweiz,"79 Reisebüros, Reiseveranstalter und Erbringung sonstiger Reservierungsdienstleistungen",2479,16397,10107,6290,11862,6979,4883
2023,Schweiz,80 Wach- und Sicherheitsdienste sowie Detekteien,918,25495,5241,20254,17955,3267,14688
2023,Schweiz,"81 Gebäudebetreuung, Garten- und Landschaftsbau",19056,160087,81900,78187,102805,38137,64668
2023,Schweiz,82 Erbringung von wirtschaftlichen Dienstleistungen für Unternehmen und Privatpersonen a. n. g.,3711,21210,11536,9674,15810,7723,8086
2023,Schweiz,"84 Öffentliche Verwaltung, Verteidigung, Sozialversicherung",8783,215230,106113,109117,175700,77801,97899
2023,Schweiz,85 Erziehung und Unterricht,37157,427215,269823,157392,261077,155837,105240
2023,Schweiz,86 Gesundheitswesen,70938,469899,358400,111499,335408,243889,91519
2023,Schweiz,87 Heime (ohne Erholungs- und Ferienheime),3927,211804,158558,53246,150284,109014,41270
2023,Schweiz,88 Sozialwesen (ohne Heime),13713,146752,111340,35412,90994,66754,24240
2023,Schweiz,"90 Kreative, künstlerische und unterhaltende Tätigkeiten",16509,35108,16285,18823,17157,7049,10108
2023,Schweiz,"91 Bibliotheken, Archive, Museen, botanische und zoologische Gärten",1309,15951,10742,5209,9660,5924,3736
2023,Schweiz,"92 Spiel-, Wett- und Lotteriewesen",83,3415,1452,1963,2654,1071,1583
2023,Schweiz,"93 Erbringung von Dienstleistungen des Sports, der Unterhaltung und der Erholung",10815,64260,28277,35983,34996,12782,22214
2023,Schweiz,94 Interessenvertretungen sowie kirchliche und sonstige religiöse Vereinigungen (ohne Sozialwesen und Sport),14214,110771,63187,47584,65930,37055,28875
2023,Schweiz,95 Reparatur von Datenverarbeitungsgeräten und Gebrauchsgütern,2556,5584,1457,4127,4345,933,3412
2023,Schweiz,96 Erbringung von sonstigen überwiegend persönlichen Dienstleistungen,44518,75521,60097,15424,50064,38085,11978
2023,Vaud,Wirtschaftsabteilung - Total,66791,494652,230643,264009,396501,164909,231592
2023,Vaud,"01 Landwirtschaft, Jagd und damit verbundene Tätigkeiten",3590,12401,4009,8392,8534,2167,6367
2023,Vaud,02 Forstwirtschaft und Holzeinschlag,126,573,61,512,504,42,462
2023,Vaud,03 Fischerei und Aquakultur,43,84,18,66,74,15,59
2023,Vaud,05 Kohlenbergbau,0,0,0,0,0,0,0
2023,Vaud,06 Gewinnung von Erdöl und Erdgas,0,0,0,0,0,0,0
2023,Vaud,07 Erzbergbau,0,0,0,0,0,0,0
2023,Vaud,"08 Gewinnung von Steinen und Erden, sonstiger Bergbau",21,277,28,249,262,21,240
2023,Vaud,09 Erbringung von Dienstleistungen für den Bergbau und für die Gewinnung von Steinen und Erden,0,0,0,0,0,0,0
2023,Vaud,10 Herstellung von Nahrungs- und Futtermitteln,462,6444,2499,3945,5639,1902,3737
2023,Vaud,11 Getränkeherstellung,80,746,180,566,646,134,512
2023,Vaud,12 Tabakverarbeitung,X,20,X,X,16,X,X
2023,Vaud,13 Herstellung von Textilien,56,117,70,47,86,45,42
2023,Vaud,14 Herstellung von Bekleidung,150,194,170,24,108,90,19
2023,Vaud,"15 Herstellung von Leder, Lederwaren und Schuhen",22,39,22,17,27,13,14
2023,Vaud,"16 Herstellung von Holz-, Flecht-, Korb- und Korkwaren (ohne Möbel)",628,2694,324,2370,2490,245,2245
2023,Vaud,"17 Herstellung von Papier, Pappe und Waren daraus",13,211,67,144,196,57,139
2023,Vaud,"18 Herstellung von Druckerzeugnissen, Vervielfältigung von bespielten Ton-, Bild- und Datenträgern",132,808,314,494,716,249,467
2023,Vaud,19 Kokerei und Mineralölverarbeitung,0,0,0,0,0,0,0
2023,Vaud,20 Herstellung von chemischen Erzeugnissen,90,1681,622,1059,1573,547,1026
2023,Vaud,21 Herstellung von pharmazeutischen Erzeugnissen,28,3556,1375,2181,3446,1294,2151
2023,Vaud,22 Herstellung von Gummi- und Kunststoffwaren,39,554,123,431,524,103,421
2023,Vaud,"23 Herstellung von Glas und Glaswaren, Keramik, Verarbeitung von Steinen und Erden",131,1232,180,1052,1156,132,1024
2023,Vaud,24 Metallerzeugung und -bearbeitung,12,268,48,220,260,43,217
2023,Vaud,25 Herstellung von Metallerzeugnissen,571,4027,780,3247,3731,625,3105
2023,Vaud,"26 Herstellung von Datenverarbeitungsgeräten, elektronischen und optischen Erzeugnissen",204,9650,3815,5835,9123,3450,5673
2023,Vaud,27 Herstellung von elektrischen Ausrüstungen,70,1378,567,811,1289,509,780
2023,Vaud,28 Maschinenbau,63,3031,416,2615,2923,378,2545
2023,Vaud,29 Herstellung von Automobilen und Automobilteilen,13,291,55,236,278,48,230
2023,Vaud,30 Sonstiger Fahrzeugbau,34,857,93,764,804,82,722
2023,Vaud,31 Herstellung von Möbeln,77,432,111,321,395,94,302
2023,Vaud,32 Herstellung von sonstigen Waren,313,2338,1025,1313,2134,874,1261
2023,Vaud,33 Reparatur und Installation von Maschinen und Ausrüstungen,224,1107,144,963,1014,104,910
2023,Vaud,35 Energieversorgung,72,2684,580,2104,2461,466,1995
2023,Vaud,36 Wasserversorgung,47,353,78,275,303,51,252
2023,Vaud,37 Abwasserentsorgung,73,534,70,464,474,46,428
2023,Vaud,"38 Sammlung, Behandlung und Beseitigung von Abfällen, Rückgewinnung",119,1220,193,1027,1049,143,906
2023,Vaud,39 Beseitigung von Umweltverschmutzungen und sonstige Entsorgung,X,28,X,X,26,X,X
2023,Vaud,41 Hochbau,1017,6986,926,6060,6506,678,5828
2023,Vaud,42 Tiefbau,46,1781,119,1662,1734,96,1638
2023,Vaud,"43 Vorbereitende Baustellenarbeiten, Bauinstallation und sonstiges Ausbaugewerbe",3800,22485,2508,19977,20889,1682,19207
2023,Vaud,"45 Handel mit Motorfahrzeugen, Instandhaltung und Reparatur von Motorfahrzeugen",1495,7839,1262,6577,7176,952,6224
2023,Vaud,46 Grosshandel (ohne Handel mit Motorfahrzeugen),1782,18157,6173,11984,16616,5162,11454
2023,Vaud,47 Detailhandel (ohne Handel mit Motorfahrzeugen),4851,29500,18376,11124,22479,13046,9433
2023,Vaud,49 Landverkehr und Transport in Rohrfernleitungen,1161,12048,1793,10255,10751,1463,9288
2023,Vaud,50 Schifffahrt,9,336,73,263,313,65,249
2023,Vaud,51 Luftfahrt,8,87,31,56,74,26,48
2023,Vaud,52 Lagerei sowie Erbringung von sonstigen Dienstleistungen für den Verkehr,176,2928,528,2400,2683,433,2251
2023,Vaud,"53 Post-, Kurier- und Expressdienste",181,2913,981,1932,2516,766,1750
2023,Vaud,55 Beherbergung,378,5631,2603,3028,4841,2101,2740
2023,Vaud,56 Gastronomie,2562,16662,7535,9127,12714,5170,7545
2023,Vaud,58 Verlagswesen,216,1894,947,947,1535,701,833
2023,Vaud,"59 Herstellung, Verleih und Vertrieb von Filmen und Fernsehprogrammen, Kinos, Tonstudios und Verlegen von Musik",473,1113,369,744,703,191,512
2023,Vaud,60 Rundfunkveranstalter,11,820,391,429,678,303,375
2023,Vaud,61 Telekommunikation,95,2442,621,1821,2311,548,1763
2023,Vaud,62 Erbringung von Dienstleistungen der Informationstechnologie,1666,11557,2489,9068,10496,1996,8501
2023,Vaud,63 Informationsdienstleistungen,97,667,238,429,596,196,401
2023,Vaud,64 Erbringung von Finanzdienstleistungen,561,6953,2735,4218,6233,2290,3944
2023,Vaud,"65 Versicherungen, Rückversicherungen und Pensionskassen (ohne Sozialversicherung)",96,5275,2904,2371,4392,2327,2064
2023,Vaud,66 Mit Finanz- und Versicherungsdienstleistungen verbundene Tätigkeiten,1051,6489,2483,4006,5610,1995,3614
2023,Vaud,68 Grundstücks- und Wohnungswesen,1686,6918,3665,3253,4743,2326,2417
2023,Vaud,"69 Rechts- und Steuerberatung, Wirtschaftsprüfung",2059,7696,4583,3113,6216,3469,2747
2023,Vaud,"70 Verwaltung und Führung von Unternehmen und Betrieben, Unternehmensberatung",2591,14703,6896,7807,12720,5660,7060
2023,Vaud,"71 Architektur- und Ingenieurbüros, technische, physikalische und chemische Untersuchung",2163,12159,3879,8280,10424,2932,7492
2023,Vaud,72 Forschung und Entwicklung,347,5390,2443,2947,4905,2144,2761
2023,Vaud,73 Werbung und Marktforschung,365,1672,746,926,1232,493,739
2023,Vaud,"74 Sonstige freiberufliche, wissenschaftliche und technische Tätigkeiten",2599,4891,2211,2680,3405,1341,2063
2023,Vaud,75 Veterinärwesen,142,757,611,146,575,450,124
2023,Vaud,77 Vermietung von beweglichen Sachen,206,1119,314,805,914,252,662
2023,Vaud,78 Vermittlung und Überlassung von Arbeitskräften,235,14981,4983,9998,11830,3278,8552
2023,Vaud,"79 Reisebüros, Reiseveranstalter und Erbringung sonstiger Reservierungsdienstleistungen",223,1012,649,363,789,487,303
2023,Vaud,80 Wach- und Sicherheitsdienste sowie Detekteien,75,2786,510,2276,2178,363,1815
2023,Vaud,"81 Gebäudebetreuung, Garten- und Landschaftsbau",1761,15988,7747,8241,10841,3858,6984
2023,Vaud,82 Erbringung von wirtschaftlichen Dienstleistungen für Unternehmen und Privatpersonen a. n. g.,309,1426,886,540,1036,577,459
2023,Vaud,"84 Öffentliche Verwaltung, Verteidigung, Sozialversicherung",1037,18449,9290,9159,15107,7000,8107
2023,Vaud,85 Erziehung und Unterricht,3786,43635,25789,17846,31970,17927,14043
2023,Vaud,86 Gesundheitswesen,8381,52004,37909,14095,39210,27314,11896
2023,Vaud,87 Heime (ohne Erholungs- und Ferienheime),343,16919,12246,4673,12384,8739,3644
2023,Vaud,88 Sozialwesen (ohne Heime),1335,19536,15170,4366,13180,9951,3229
2023,Vaud,"90 Kreative, künstlerische und unterhaltende Tätigkeiten",1363,3331,1558,1773,1769,750,1019
2023,Vaud,"91 Bibliotheken, Archive, Museen, botanische und zoologische Gärten",129,1653,1089,564,1126,703,423
2023,Vaud,"92 Spiel-, Wett- und Lotteriewesen",5,500,203,297,416,159,256
2023,Vaud,"93 Erbringung von Dienstleistungen des Sports, der Unterhaltung und der Erholung",1026,7117,2908,4209,4631,1746,2885
2023,Vaud,94 Interessenvertretungen sowie kirchliche und sonstige religiöse Vereinigungen (ohne Sozialwesen und Sport),1143,8431,4893,3538,5673,3224,2448
2023,Vaud,95 Reparatur von Datenverarbeitungsgeräten und Gebrauchsgütern,250,556,114,442,458,78,380
2023,Vaud,96 Erbringung von sonstigen überwiegend persönlichen Dienstleistungen,3992,6631,5217,1414,4662,3522,1139
2023,Valais / Wallis,Wirtschaftsabteilung - Total,32000,198758,90054,108704,155176,61063,94113
2023,Valais / Wallis,"01 Landwirtschaft, Jagd und damit verbundene Tätigkeiten",2690,10021,3645,6376,5675,1786,3889
2023,Valais / Wallis,02 Forstwirtschaft und Holzeinschlag,57,476,48,428,425,27,398
2023,Valais / Wallis,03 Fischerei und Aquakultur,9,75,27,48,67,24,43
2023,Valais / Wallis,05 Kohlenbergbau,0,0,0,0,0,0,0
2023,Valais / Wallis,06 Gewinnung von Erdöl und Erdgas,0,0,0,0,0,0,0
2023,Valais / Wallis,07 Erzbergbau,0,0,0,0,0,0,0
2023,Valais / Wallis,"08 Gewinnung von Steinen und Erden, sonstiger Bergbau",12,138,8,130,126,5,121
2023,Valais / Wallis,09 Erbringung von Dienstleistungen für den Bergbau und für die Gewinnung von Steinen und Erden,0,0,0,0,0,0,0
2023,Valais / Wallis,10 Herstellung von Nahrungs- und Futtermitteln,227,1978,873,1105,1666,636,1030
2023,Valais / Wallis,11 Getränkeherstellung,96,837,286,551,682,194,488
2023,Valais / Wallis,12 Tabakverarbeitung,0,0,0,0,0,0,0
2023,Valais / Wallis,13 Herstellung von Textilien,28,39,32,7,23,17,6
2023,Valais / Wallis,14 Herstellung von Bekleidung,83,91,82,9,47,39,8
2023,Valais / Wallis,"15 Herstellung von Leder, Lederwaren und Schuhen",7,14,X,X,8,X,X
2023,Valais / Wallis,"16 Herstellung von Holz-, Flecht-, Korb- und Korkwaren (ohne Möbel)",485,2355,267,2088,2149,182,1968
2023,Valais / Wallis,"17 Herstellung von Papier, Pappe und Waren daraus",5,21,X,X,13,X,X
2023,Valais / Wallis,"18 Herstellung von Druckerzeugnissen, Vervielfältigung von bespielten Ton-, Bild- und Datenträgern",81,437,180,257,369,136,232
2023,Valais / Wallis,19 Kokerei und Mineralölverarbeitung,0,0,0,0,0,0,0
2023,Valais / Wallis,20 Herstellung von chemischen Erzeugnissen,50,1878,291,1587,1814,248,1566
2023,Valais / Wallis,21 Herstellung von pharmazeutischen Erzeugnissen,11,5994,1819,4175,5829,1702,4127
2023,Valais / Wallis,22 Herstellung von Gummi- und Kunststoffwaren,16,159,62,97,139,45,94
2023,Valais / Wallis,"23 Herstellung von Glas und Glaswaren, Keramik, Verarbeitung von Steinen und Erden",51,375,68,307,344,46,298
2023,Valais / Wallis,24 Metallerzeugung und -bearbeitung,12,1193,105,1088,1172,92,1080
2023,Valais / Wallis,25 Herstellung von Metallerzeugnissen,240,2270,413,1857,2092,324,1768
2023,Valais / Wallis,"26 Herstellung von Datenverarbeitungsgeräten, elektronischen und optischen Erzeugnissen",34,792,441,351,719,382,337
2023,Valais / Wallis,27 Herstellung von elektrischen Ausrüstungen,22,465,173,292,421,143,277
2023,Valais / Wallis,28 Maschinenbau,32,1492,359,1133,1424,324,1099
2023,Valais / Wallis,29 Herstellung von Automobilen und Automobilteilen,5,30,X,X,27,X,X
2023,Valais / Wallis,30 Sonstiger Fahrzeugbau,8,72,17,55,64,12,52
2023,Valais / Wallis,31 Herstellung von Möbeln,51,229,43,186,207,31,176
2023,Valais / Wallis,32 Herstellung von sonstigen Waren,119,509,237,272,431,180,251
2023,Valais / Wallis,33 Reparatur und Installation von Maschinen und Ausrüstungen,109,499,81,418,443,50,393
2023,Valais / Wallis,35 Energieversorgung,84,2541,424,2117,2297,321,1977
2023,Valais / Wallis,36 Wasserversorgung,15,42,X,X,33,X,X
2023,Valais / Wallis,37 Abwasserentsorgung,31,162,10,152,151,7,144
2023,Valais / Wallis,"38 Sammlung, Behandlung und Beseitigung von Abfällen, Rückgewinnung",75,559,104,455,503,79,424
2023,Valais / Wallis,39 Beseitigung von Umweltverschmutzungen und sonstige Entsorgung,X,X,X,X,X,X,X
2023,Valais / Wallis,41 Hochbau,617,4808,445,4363,4495,285,4210
2023,Valais / Wallis,42 Tiefbau,50,794,86,708,759,67,692
2023,Valais / Wallis,"43 Vorbereitende Baustellenarbeiten, Bauinstallation und sonstiges Ausbaugewerbe",2109,12120,1468,10652,11106,872,10234
2023,Valais / Wallis,"45 Handel mit Motorfahrzeugen, Instandhaltung und Reparatur von Motorfahrzeugen",825,3817,672,3145,3408,461,2947
2023,Valais / Wallis,46 Grosshandel (ohne Handel mit Motorfahrzeugen),676,4125,1263,2862,3588,913,2675
2023,Valais / Wallis,47 Detailhandel (ohne Handel mit Motorfahrzeugen),2516,14475,9900,4575,10869,6875,3994
2023,Valais / Wallis,49 Landverkehr und Transport in Rohrfernleitungen,524,7670,1589,6081,6656,1174,5483
2023,Valais / Wallis,50 Schifffahrt,X,X,X,X,X,X,X
2023,Valais / Wallis,51 Luftfahrt,11,358,61,297,285,43,241
2023,Valais / Wallis,52 Lagerei sowie Erbringung von sonstigen Dienstleistungen für den Verkehr,72,892,148,744,787,95,692
2023,Valais / Wallis,"53 Post-, Kurier- und Expressdienste",104,1146,585,561,961,432,529
2023,Valais / Wallis,55 Beherbergung,958,8846,4939,3907,7521,3974,3548
2023,Valais / Wallis,56 Gastronomie,1796,10185,5233,4952,8097,3787,4310
2023,Valais / Wallis,58 Verlagswesen,41,179,86,93,133,54,78
2023,Valais / Wallis,"59 Herstellung, Verleih und Vertrieb von Filmen und Fernsehprogrammen, Kinos, Tonstudios und Verlegen von Musik",146,223,65,158,132,28,105
2023,Valais / Wallis,60 Rundfunkveranstalter,6,194,73,121,135,48,87
2023,Valais / Wallis,61 Telekommunikation,40,525,158,367,476,128,348
2023,Valais / Wallis,62 Erbringung von Dienstleistungen der Informationstechnologie,460,1498,317,1181,1224,200,1024
2023,Valais / Wallis,63 Informationsdienstleistungen,28,63,26,37,46,15,31
2023,Valais / Wallis,64 Erbringung von Finanzdienstleistungen,266,2147,1009,1138,1817,772,1045
2023,Valais / Wallis,"65 Versicherungen, Rückversicherungen und Pensionskassen (ohne Sozialversicherung)",40,283,157,126,228,117,110
2023,Valais / Wallis,66 Mit Finanz- und Versicherungsdienstleistungen verbundene Tätigkeiten,349,3378,1476,1902,2816,1110,1706
2023,Valais / Wallis,68 Grundstücks- und Wohnungswesen,1276,3067,1716,1351,1906,916,990
2023,Valais / Wallis,"69 Rechts- und Steuerberatung, Wirtschaftsprüfung",787,2517,1578,939,1824,1026,799
2023,Valais / Wallis,"70 Verwaltung und Führung von Unternehmen und Betrieben, Unternehmensberatung",643,1524,657,867,1144,433,711
2023,Valais / Wallis,"71 Architektur- und Ingenieurbüros, technische, physikalische und chemische Untersuchung",1050,5052,1656,3396,4173,1144,3029
2023,Valais / Wallis,72 Forschung und Entwicklung,69,1402,309,1093,1260,239,1021
2023,Valais / Wallis,73 Werbung und Marktforschung,154,529,273,256,350,158,192
2023,Valais / Wallis,"74 Sonstige freiberufliche, wissenschaftliche und technische Tätigkeiten",878,1259,556,703,803,292,511
2023,Valais / Wallis,75 Veterinärwesen,40,204,162,42,146,111,34
2023,Valais / Wallis,77 Vermietung von beweglichen Sachen,78,261,39,222,204,19,185
2023,Valais / Wallis,78 Vermittlung und Überlassung von Arbeitskräften,70,4346,883,3463,3489,586,2904
2023,Valais / Wallis,"79 Reisebüros, Reiseveranstalter und Erbringung sonstiger Reservierungsdienstleistungen",164,1096,655,441,761,443,318
2023,Valais / Wallis,80 Wach- und Sicherheitsdienste sowie Detekteien,41,572,112,460,356,66,289
2023,Valais / Wallis,"81 Gebäudebetreuung, Garten- und Landschaftsbau",806,4290,1874,2416,3110,984,2126
2023,Valais / Wallis,82 Erbringung von wirtschaftlichen Dienstleistungen für Unternehmen und Privatpersonen a. n. g.,150,462,255,207,326,155,171
2023,Valais / Wallis,"84 Öffentliche Verwaltung, Verteidigung, Sozialversicherung",467,7207,3417,3790,5698,2379,3320
2023,Valais / Wallis,85 Erziehung und Unterricht,1509,11855,6932,4923,7619,4274,3344
2023,Valais / Wallis,86 Gesundheitswesen,2708,15638,12039,3599,11213,8283,2930
2023,Valais / Wallis,87 Heime (ohne Erholungs- und Ferienheime),137,8236,6647,1589,5936,4690,1246
2023,Valais / Wallis,88 Sozialwesen (ohne Heime),361,5085,4087,998,3383,2603,780
2023,Valais / Wallis,"90 Kreative, künstlerische und unterhaltende Tätigkeiten",665,935,407,528,428,164,265
2023,Valais / Wallis,"91 Bibliotheken, Archive, Museen, botanische und zoologische Gärten",59,400,302,98,253,181,72
2023,Valais / Wallis,"92 Spiel-, Wett- und Lotteriewesen",5,68,29,39,61,22,39
2023,Valais / Wallis,"93 Erbringung von Dienstleistungen des Sports, der Unterhaltung und der Erholung",780,2467,917,1550,1455,439,1016
2023,Valais / Wallis,94 Interessenvertretungen sowie kirchliche und sonstige religiöse Vereinigungen (ohne Sozialwesen und Sport),513,3081,1721,1360,1832,1039,792
2023,Valais / Wallis,95 Reparatur von Datenverarbeitungsgeräten und Gebrauchsgütern,81,129,35,94,94,20,74
2023,Valais / Wallis,96 Erbringung von sonstigen überwiegend persönlichen Dienstleistungen,2128,3604,2912,692,2451,1896,554
2023,Genève,Wirtschaftsabteilung - Total,45503,396090,176632,219458,329190,134373,194817
2023,Genève,"01 Landwirtschaft, Jagd und damit verbundene Tätigkeiten",410,1994,587,1407,1493,387,1106
2023,Genève,02 Forstwirtschaft und Holzeinschlag,13,41,X,X,35,X,X
2023,Genève,03 Fischerei und Aquakultur,8,12,X,X,11,X,X
2023,Genève,05 Kohlenbergbau,0,0,0,0,0,0,0
2023,Genève,06 Gewinnung von Erdöl und Erdgas,0,0,0,0,0,0,0
2023,Genève,07 Erzbergbau,0,0,0,0,0,0,0
2023,Genève,"08 Gewinnung von Steinen und Erden, sonstiger Bergbau",9,90,15,75,86,12,74
2023,Genève,09 Erbringung von Dienstleistungen für den Bergbau und für die Gewinnung von Steinen und Erden,X,18,X,X,18,X,X
2023,Genève,10 Herstellung von Nahrungs- und Futtermitteln,170,1792,517,1275,1622,412,1210
2023,Genève,11 Getränkeherstellung,24,91,27,64,68,17,51
2023,Genève,12 Tabakverarbeitung,X,X,X,X,X,X,X
2023,Genève,13 Herstellung von Textilien,24,55,22,33,45,14,30
2023,Genève,14 Herstellung von Bekleidung,96,148,109,39,102,68,34
2023,Genève,"15 Herstellung von Leder, Lederwaren und Schuhen",20,345,233,112,314,207,107
2023,Genève,"16 Herstellung von Holz-, Flecht-, Korb- und Korkwaren (ohne Möbel)",285,1079,124,955,993,95,898
2023,Genève,"17 Herstellung von Papier, Pappe und Waren daraus",6,21,12,9,18,9,8
2023,Genève,"18 Herstellung von Druckerzeugnissen, Vervielfältigung von bespielten Ton-, Bild- und Datenträgern",100,362,114,248,321,91,230
2023,Genève,19 Kokerei und Mineralölverarbeitung,0,0,0,0,0,0,0
2023,Genève,20 Herstellung von chemischen Erzeugnissen,57,2719,938,1781,2631,870,1761
2023,Genève,21 Herstellung von pharmazeutischen Erzeugnissen,23,465,256,209,431,235,196
2023,Genève,22 Herstellung von Gummi- und Kunststoffwaren,11,42,X,X,36,X,X
2023,Genève,"23 Herstellung von Glas und Glaswaren, Keramik, Verarbeitung von Steinen und Erden",57,455,54,401,430,40,390
2023,Genève,24 Metallerzeugung und -bearbeitung,7,91,19,72,87,17,71
2023,Genève,25 Herstellung von Metallerzeugnissen,256,1729,292,1437,1628,242,1386
2023,Genève,"26 Herstellung von Datenverarbeitungsgeräten, elektronischen und optischen Erzeugnissen",173,13224,4906,8318,12818,4644,8174
2023,Genève,27 Herstellung von elektrischen Ausrüstungen,24,799,173,626,769,160,609
2023,Genève,28 Maschinenbau,24,487,70,417,471,62,408
2023,Genève,29 Herstellung von Automobilen und Automobilteilen,X,7,0,7,6,0,6
2023,Genève,30 Sonstiger Fahrzeugbau,12,308,29,279,295,25,270
2023,Genève,31 Herstellung von Möbeln,34,142,23,119,130,19,112
2023,Genève,32 Herstellung von sonstigen Waren,274,2030,856,1174,1858,733,1125
2023,Genève,33 Reparatur und Installation von Maschinen und Ausrüstungen,80,957,114,843,920,100,820
2023,Genève,35 Energieversorgung,10,1644,382,1262,1565,333,1232
2023,Genève,36 Wasserversorgung,X,6,X,X,5,X,X
2023,Genève,37 Abwasserentsorgung,16,348,42,306,335,37,298
2023,Genève,"38 Sammlung, Behandlung und Beseitigung von Abfällen, Rückgewinnung",34,685,99,586,654,84,569
2023,Genève,39 Beseitigung von Umweltverschmutzungen und sonstige Entsorgung,X,X,X,X,X,X,X
2023,Genève,41 Hochbau,761,6010,744,5266,5642,568,5074
2023,Genève,42 Tiefbau,25,597,62,535,575,53,522
2023,Genève,"43 Vorbereitende Baustellenarbeiten, Bauinstallation und sonstiges Ausbaugewerbe",2306,15389,1504,13885,14521,1122,13399
2023,Genève,"45 Handel mit Motorfahrzeugen, Instandhaltung und Reparatur von Motorfahrzeugen",677,3776,546,3230,3523,441,3082
2023,Genève,46 Grosshandel (ohne Handel mit Motorfahrzeugen),1497,19153,7624,11529,17985,6824,11161
2023,Genève,47 Detailhandel (ohne Handel mit Motorfahrzeugen),3260,20023,11557,8466,16066,8779,7288
2023,Genève,49 Landverkehr und Transport in Rohrfernleitungen,1607,8602,1203,7399,7249,934,6315
2023,Genève,50 Schifffahrt,23,1193,430,763,1157,410,746
2023,Genève,51 Luftfahrt,39,1691,731,960,1518,586,932
2023,Genève,52 Lagerei sowie Erbringung von sonstigen Dienstleistungen für den Verkehr,228,6187,1682,4505,5578,1397,4181
2023,Genève,"53 Post-, Kurier- und Expressdienste",117,2662,504,2158,2121,407,1715
2023,Genève,55 Beherbergung,153,4629,1991,2638,4264,1793,2472
2023,Genève,56 Gastronomie,2230,15647,5828,9819,12623,4252,8372
2023,Genève,58 Verlagswesen,110,866,428,438,699,319,380
2023,Genève,"59 Herstellung, Verleih und Vertrieb von Filmen und Fernsehprogrammen, Kinos, Tonstudios und Verlegen von Musik",301,988,362,626,687,211,476
2023,Genève,60 Rundfunkveranstalter,12,1560,642,918,1359,511,848
2023,Genève,61 Telekommunikation,67,1327,261,1066,1262,232,1031
2023,Genève,62 Erbringung von Dienstleistungen der Informationstechnologie,1186,9989,2154,7835,9283,1852,7431
2023,Genève,63 Informationsdienstleistungen,89,526,176,350,454,135,319
2023,Genève,64 Erbringung von Finanzdienstleistungen,663,19201,7213,11988,18326,6638,11687
2023,Genève,"65 Versicherungen, Rückversicherungen und Pensionskassen (ohne Sozialversicherung)",42,1028,548,480,900,465,435
2023,Genève,66 Mit Finanz- und Versicherungsdienstleistungen verbundene Tätigkeiten,1661,10942,4009,6933,9742,3344,6398
2023,Genève,68 Grundstücks- und Wohnungswesen,1149,8165,4204,3961,5767,2755,3012
2023,Genève,"69 Rechts- und Steuerberatung, Wirtschaftsprüfung",2348,10292,5550,4742,8724,4466,4257
2023,Genève,"70 Verwaltung und Führung von Unternehmen und Betrieben, Unternehmensberatung",1919,10498,4457,6041,9163,3665,5498
2023,Genève,"71 Architektur- und Ingenieurbüros, technische, physikalische und chemische Untersuchung",1318,8016,2537,5479,7067,2031,5036
2023,Genève,72 Forschung und Entwicklung,164,1941,954,987,1750,832,917
2023,Genève,73 Werbung und Marktforschung,341,1172,502,670,958,380,578
2023,Genève,"74 Sonstige freiberufliche, wissenschaftliche und technische Tätigkeiten",1644,2911,1296,1615,2132,851,1282
2023,Genève,75 Veterinärwesen,50,306,244,62,225,174,51
2023,Genève,77 Vermietung von beweglichen Sachen,174,1210,316,894,1010,244,766
2023,Genève,78 Vermittlung und Überlassung von Arbeitskräften,244,17248,6181,11067,13934,4484,9450
2023,Genève,"79 Reisebüros, Reiseveranstalter und Erbringung sonstiger Reservierungsdienstleistungen",168,1314,732,582,1125,596,530
2023,Genève,80 Wach- und Sicherheitsdienste sowie Detekteien,105,4792,867,3925,3874,623,3251
2023,Genève,"81 Gebäudebetreuung, Garten- und Landschaftsbau",893,14666,7436,7230,9792,3777,6015
2023,Genève,82 Erbringung von wirtschaftlichen Dienstleistungen für Unternehmen und Privatpersonen a. n. g.,239,1525,839,686,1260,643,617
2023,Genève,"84 Öffentliche Verwaltung, Verteidigung, Sozialversicherung",557,16054,7760,8294,14324,6359,7965
2023,Genève,85 Erziehung und Unterricht,2120,28521,17145,11376,20414,12077,8337
2023,Genève,86 Gesundheitswesen,6143,33866,24013,9853,26638,18254,8384
2023,Genève,87 Heime (ohne Erholungs- und Ferienheime),254,10315,7109,3206,8089,5487,2601
2023,Genève,88 Sozialwesen (ohne Heime),1046,14301,10395,3906,9594,6870,2724
2023,Genève,"90 Kreative, künstlerische und unterhaltende Tätigkeiten",846,3361,1480,1881,1870,754,1116
2023,Genève,"91 Bibliotheken, Archive, Museen, botanische und zoologische Gärten",96,1247,677,570,961,490,471
2023,Genève,"92 Spiel-, Wett- und Lotteriewesen",X,152,49,103,123,40,84
2023,Genève,"93 Erbringung von Dienstleistungen des Sports, der Unterhaltung und der Erholung",648,4199,1470,2729,2726,834,1891
2023,Genève,94 Interessenvertretungen sowie kirchliche und sonstige religiöse Vereinigungen (ohne Sozialwesen und Sport),1291,11047,6753,4294,8409,5066,3343
2023,Genève,95 Reparatur von Datenverarbeitungsgeräten und Gebrauchsgütern,157,294,60,234,226,41,185
2023,Genève,96 Erbringung von sonstigen überwiegend persönlichen Dienstleistungen,2265,4500,3373,1127,3306,2383,923
2024,Schweiz,Wirtschaftsabteilung - Total,728380,5681021,2620519,3060502,4404860,1764472,2640389
2024,Schweiz,"01 Landwirtschaft, Jagd und damit verbundene Tätigkeiten",48479,151590,55173,96417,98366,28888,69477
2024,Schweiz,02 Forstwirtschaft und Holzeinschlag,1446,6685,749,5936,5553,479,5073
2024,Schweiz,03 Fischerei und Aquakultur,173,538,163,375,440,125,315
2024,Schweiz,05 Kohlenbergbau,0,0,0,0,0,0,0
2024,Schweiz,06 Gewinnung von Erdöl und Erdgas,X,X,X,X,X,X,X
2024,Schweiz,07 Erzbergbau,0,0,0,0,0,0,0
2024,Schweiz,"08 Gewinnung von Steinen und Erden, sonstiger Bergbau",308,4691,594,4097,4312,410,3903
2024,Schweiz,09 Erbringung von Dienstleistungen für den Bergbau und für die Gewinnung von Steinen und Erden,8,X,X,X,X,X,X
2024,Schweiz,10 Herstellung von Nahrungs- und Futtermitteln,4845,82652,36070,46582,69926,26495,43431
2024,Schweiz,11 Getränkeherstellung,711,6831,2079,4752,5707,1403,4304
2024,Schweiz,12 Tabakverarbeitung,13,1929,717,1212,1866,671,1195
2024,Schweiz,13 Herstellung von Textilien,814,6076,3074,3002,5073,2277,2796
2024,Schweiz,14 Herstellung von Bekleidung,1652,4933,3832,1101,3679,2697,982
2024,Schweiz,"15 Herstellung von Leder, Lederwaren und Schuhen",310,2779,1585,1194,2425,1317,1108
2024,Schweiz,"16 Herstellung von Holz-, Flecht-, Korb- und Korkwaren (ohne Möbel)",7017,39457,5974,33483,35188,3960,31228
2024,Schweiz,"17 Herstellung von Papier, Pappe und Waren daraus",188,6242,1709,4533,5760,1386,4373
2024,Schweiz,"18 Herstellung von Druckerzeugnissen, Vervielfältigung von bespielten Ton-, Bild- und Datenträgern",1710,13078,5144,7934,11209,3862,7347
2024,Schweiz,19 Kokerei und Mineralölverarbeitung,X,312,30,282,306,28,278
2024,Schweiz,20 Herstellung von chemischen Erzeugnissen,906,25564,7989,17575,23818,6738,17080
2024,Schweiz,21 Herstellung von pharmazeutischen Erzeugnissen,377,55218,22807,32411,52629,20846,31783
2024,Schweiz,22 Herstellung von Gummi- und Kunststoffwaren,709,21364,6302,15062,19775,5247,14527
2024,Schweiz,"23 Herstellung von Glas und Glaswaren, Keramik, Verarbeitung von Steinen und Erden",1431,16884,3227,13657,15546,2461,13085
2024,Schweiz,24 Metallerzeugung und -bearbeitung,248,12124,1772,10352,11514,1499,10014
2024,Schweiz,25 Herstellung von Metallerzeugnissen,6873,83222,16955,66267,76025,13086,62939
2024,Schweiz,"26 Herstellung von Datenverarbeitungsgeräten, elektronischen und optischen Erzeugnissen",2117,119010,43723,75287,112015,39043,72972
2024,Schweiz,27 Herstellung von elektrischen Ausrüstungen,851,27437,7429,20008,25651,6341,19310
2024,Schweiz,28 Maschinenbau,1968,79054,14302,64752,74439,11913,62526
2024,Schweiz,29 Herstellung von Automobilen und Automobilteilen,250,3794,613,3181,3500,479,3021
2024,Schweiz,30 Sonstiger Fahrzeugbau,290,13699,1906,11793,13032,1623,11409
2024,Schweiz,31 Herstellung von Möbeln,908,9069,1903,7166,8215,1431,6784
2024,Schweiz,32 Herstellung von sonstigen Waren,3752,30364,13430,16934,26896,10908,15988
2024,Schweiz,33 Reparatur und Installation von Maschinen und Ausrüstungen,2883,22538,3490,19048,20432,2467,17965
2024,Schweiz,35 Energieversorgung,1182,34558,6904,27654,30619,5173,25447
2024,Schweiz,36 Wasserversorgung,477,2993,601,2392,2200,341,1860
2024,Schweiz,37 Abwasserentsorgung,697,6161,783,5378,5582,523,5059
2024,Schweiz,"38 Sammlung, Behandlung und Beseitigung von Abfällen, Rückgewinnung",1042,13609,2360,11249,11987,1690,10297
2024,Schweiz,39 Beseitigung von Umweltverschmutzungen und sonstige Entsorgung,37,210,43,167,176,25,151
2024,Schweiz,41 Hochbau,9810,87863,10384,77479,80964,6828,74136
2024,Schweiz,42 Tiefbau,1189,24266,2130,22136,22922,1469,21453
2024,Schweiz,"43 Vorbereitende Baustellenarbeiten, Bauinstallation und sonstiges Ausbaugewerbe",41622,256842,33486,223356,233850,20555,213294
2024,Schweiz,"45 Handel mit Motorfahrzeugen, Instandhaltung und Reparatur von Motorfahrzeugen",17516,91794,16380,75414,81062,11306,69756
2024,Schweiz,46 Grosshandel (ohne Handel mit Motorfahrzeugen),21889,221124,79865,141259,195281,62856,132426
2024,Schweiz,47 Detailhandel (ohne Handel mit Motorfahrzeugen),48755,308699,205969,102730,226798,138752,88046
2024,Schweiz,49 Landverkehr und Transport in Rohrfernleitungen,12686,138288,23931,114357,119071,17772,101299
2024,Schweiz,50 Schifffahrt,223,8235,1813,6422,6973,1356,5617
2024,Schweiz,51 Luftfahrt,204,13501,6595,6906,11078,4718,6359
2024,Schweiz,52 Lagerei sowie Erbringung von sonstigen Dienstleistungen für den Verkehr,2481,68732,19629,49103,60452,14922,45531
2024,Schweiz,"53 Post-, Kurier- und Expressdienste",2015,40594,14890,25704,30975,9709,21265
2024,Schweiz,55 Beherbergung,5770,79038,42605,36433,63748,31966,31781
2024,Schweiz,56 Gastronomie,26537,190355,93928,96427,133536,58595,74941
2024,Schweiz,58 Verlagswesen,1879,17701,8462,9239,13192,5692,7500
2024,Schweiz,"59 Herstellung, Verleih und Vertrieb von Filmen und Fernsehprogrammen, Kinos, Tonstudios und Verlegen von Musik",4609,11839,4292,7547,7361,2200,5161
2024,Schweiz,60 Rundfunkveranstalter,159,9505,4050,5455,7649,2999,4650
2024,Schweiz,61 Telekommunikation,910,25232,6243,18989,23278,5247,18031
2024,Schweiz,62 Erbringung von Dienstleistungen der Informationstechnologie,19915,131354,30183,101171,114948,23083,91865
2024,Schweiz,63 Informationsdienstleistungen,1282,10620,3855,6765,8956,2912,6044
2024,Schweiz,64 Erbringung von Finanzdienstleistungen,8698,127504,51581,75923,112371,42175,70195
2024,Schweiz,"65 Versicherungen, Rückversicherungen und Pensionskassen (ohne Sozialversicherung)",1157,53782,26387,27395,45652,21203,24449
2024,Schweiz,66 Mit Finanz- und Versicherungsdienstleistungen verbundene Tätigkeiten,11135,84890,32686,52204,72416,25230,47185
2024,Schweiz,68 Grundstücks- und Wohnungswesen,20883,77351,39468,37883,47494,21747,25747
2024,Schweiz,"69 Rechts- und Steuerberatung, Wirtschaftsprüfung",23195,90633,50598,40035,69911,35631,34280
2024,Schweiz,"70 Verwaltung und Führung von Unternehmen und Betrieben, Unternehmensberatung",28991,152459,65342,87117,127391,50142,77248
2024,Schweiz,"71 Architektur- und Ingenieurbüros, technische, physikalische und chemische Untersuchung",26329,151026,48202,102824,125213,34412,90801
2024,Schweiz,72 Forschung und Entwicklung,2265,36386,15233,21153,32199,12761,19438
2024,Schweiz,73 Werbung und Marktforschung,5490,23066,11328,11738,16744,7271,9473
2024,Schweiz,"74 Sonstige freiberufliche, wissenschaftliche und technische Tätigkeiten",23695,40917,19418,21499,26618,10724,15894
2024,Schweiz,75 Veterinärwesen,1379,9228,7431,1797,6742,5222,1520
2024,Schweiz,77 Vermietung von beweglichen Sachen,2246,13444,3748,9696,10934,2797,8137
2024,Schweiz,78 Vermittlung und Überlassung von Arbeitskräften,2786,133058,42496,90562,101088,26622,74466
2024,Schweiz,"79 Reisebüros, Reiseveranstalter und Erbringung sonstiger Reservierungsdienstleistungen",2497,16729,10266,6463,12291,7256,5035
2024,Schweiz,80 Wach- und Sicherheitsdienste sowie Detekteien,950,26231,5338,20893,18722,3491,15231
2024,Schweiz,"81 Gebäudebetreuung, Garten- und Landschaftsbau",19522,162274,82634,79640,106130,40242,65888
2024,Schweiz,82 Erbringung von wirtschaftlichen Dienstleistungen für Unternehmen und Privatpersonen a. n. g.,3731,22155,11874,10281,16649,8138,8511
2024,Schweiz,"84 Öffentliche Verwaltung, Verteidigung, Sozialversicherung",8736,218856,108818,110038,179257,80240,99017
2024,Schweiz,85 Erziehung und Unterricht,37952,434185,275822,158363,265131,159368,105762
2024,Schweiz,86 Gesundheitswesen,72950,483025,368385,114640,347836,253747,94089
2024,Schweiz,87 Heime (ohne Erholungs- und Ferienheime),3919,216938,162082,54856,154938,112309,42629
2024,Schweiz,88 Sozialwesen (ohne Heime),13895,151292,115079,36213,94592,69841,24752
2024,Schweiz,"90 Kreative, künstlerische und unterhaltende Tätigkeiten",16947,35632,16664,18968,17634,7124,10510
2024,Schweiz,"91 Bibliotheken, Archive, Museen, botanische und zoologische Gärten",1332,16087,10802,5285,9769,5990,3779
2024,Schweiz,"92 Spiel-, Wett- und Lotteriewesen",82,3397,1455,1942,2617,1079,1537
2024,Schweiz,"93 Erbringung von Dienstleistungen des Sports, der Unterhaltung und der Erholung",11117,65627,28921,36706,35957,13014,22943
2024,Schweiz,94 Interessenvertretungen sowie kirchliche und sonstige religiöse Vereinigungen (ohne Sozialwesen und Sport),14600,112963,64643,48320,67646,38537,29110
2024,Schweiz,95 Reparatur von Datenverarbeitungsgeräten und Gebrauchsgütern,2588,5540,1432,4108,4289,935,3354
2024,Schweiz,96 Erbringung von sonstigen überwiegend persönlichen Dienstleistungen,45183,76071,60250,15821,50653,38445,12209
2024,Vaud,Wirtschaftsabteilung - Total,67881,498830,232873,265957,398060,165993,232067
2024,Vaud,"01 Landwirtschaft, Jagd und damit verbundene Tätigkeiten",3564,12331,3955,8376,8377,2083,6294
2024,Vaud,02 Forstwirtschaft und Holzeinschlag,136,602,68,534,520,47,473
2024,Vaud,03 Fischerei und Aquakultur,41,75,15,60,66,12,54
2024,Vaud,05 Kohlenbergbau,0,0,0,0,0,0,0
2024,Vaud,06 Gewinnung von Erdöl und Erdgas,0,0,0,0,0,0,0
2024,Vaud,07 Erzbergbau,0,0,0,0,0,0,0
2024,Vaud,"08 Gewinnung von Steinen und Erden, sonstiger Bergbau",19,350,34,316,335,25,310
2024,Vaud,09 Erbringung von Dienstleistungen für den Bergbau und für die Gewinnung von Steinen und Erden,0,0,0,0,0,0,0
2024,Vaud,10 Herstellung von Nahrungs- und Futtermitteln,483,6568,2577,3991,5680,1923,3757
2024,Vaud,11 Getränkeherstellung,84,775,193,582,673,142,531
2024,Vaud,12 Tabakverarbeitung,X,22,X,X,15,X,X
2024,Vaud,13 Herstellung von Textilien,56,118,68,50,83,41,42
2024,Vaud,14 Herstellung von Bekleidung,148,179,158,21,90,74,16
2024,Vaud,"15 Herstellung von Leder, Lederwaren und Schuhen",20,35,19,16,24,11,13
2024,Vaud,"16 Herstellung von Holz-, Flecht-, Korb- und Korkwaren (ohne Möbel)",613,2785,337,2448,2551,246,2305
2024,Vaud,"17 Herstellung von Papier, Pappe und Waren daraus",10,204,63,141,191,53,138
2024,Vaud,"18 Herstellung von Druckerzeugnissen, Vervielfältigung von bespielten Ton-, Bild- und Datenträgern",134,735,252,483,653,197,456
2024,Vaud,19 Kokerei und Mineralölverarbeitung,0,0,0,0,0,0,0
2024,Vaud,20 Herstellung von chemischen Erzeugnissen,88,1588,595,993,1489,522,967
2024,Vaud,21 Herstellung von pharmazeutischen Erzeugnissen,27,3527,1352,2175,3428,1279,2149
2024,Vaud,22 Herstellung von Gummi- und Kunststoffwaren,42,558,123,435,530,106,425
2024,Vaud,"23 Herstellung von Glas und Glaswaren, Keramik, Verarbeitung von Steinen und Erden",127,1047,185,862,960,134,826
2024,Vaud,24 Metallerzeugung und -bearbeitung,14,257,43,214,250,38,212
2024,Vaud,25 Herstellung von Metallerzeugnissen,566,3999,759,3240,3710,607,3103
2024,Vaud,"26 Herstellung von Datenverarbeitungsgeräten, elektronischen und optischen Erzeugnissen",204,9689,3796,5893,9175,3427,5748
2024,Vaud,27 Herstellung von elektrischen Ausrüstungen,64,1343,538,805,1260,477,783
2024,Vaud,28 Maschinenbau,64,2996,420,2576,2899,381,2518
2024,Vaud,29 Herstellung von Automobilen und Automobilteilen,14,291,58,233,277,51,225
2024,Vaud,30 Sonstiger Fahrzeugbau,31,844,92,752,814,83,730
2024,Vaud,31 Herstellung von Möbeln,79,414,87,327,381,71,310
2024,Vaud,32 Herstellung von sonstigen Waren,317,2301,1021,1280,2087,860,1227
2024,Vaud,33 Reparatur und Installation von Maschinen und Ausrüstungen,227,1137,141,996,1037,100,937
2024,Vaud,35 Energieversorgung,78,2828,649,2179,2579,529,2050
2024,Vaud,36 Wasserversorgung,48,354,83,271,301,52,248
2024,Vaud,37 Abwasserentsorgung,78,617,78,539,547,48,498
2024,Vaud,"38 Sammlung, Behandlung und Beseitigung von Abfällen, Rückgewinnung",122,1351,203,1148,1180,155,1025
2024,Vaud,39 Beseitigung von Umweltverschmutzungen und sonstige Entsorgung,X,9,X,X,7,X,X
2024,Vaud,41 Hochbau,1034,7283,1014,6269,6784,732,6052
2024,Vaud,42 Tiefbau,45,1713,116,1597,1671,92,1578
2024,Vaud,"43 Vorbereitende Baustellenarbeiten, Bauinstallation und sonstiges Ausbaugewerbe",3831,22455,2541,19914,20812,1666,19146
2024,Vaud,"45 Handel mit Motorfahrzeugen, Instandhaltung und Reparatur von Motorfahrzeugen",1485,7904,1255,6649,7196,933,6262
2024,Vaud,46 Grosshandel (ohne Handel mit Motorfahrzeugen),1734,17943,6116,11827,16345,5094,11251
2024,Vaud,47 Detailhandel (ohne Handel mit Motorfahrzeugen),4777,29089,18026,11063,21960,12575,9385
2024,Vaud,49 Landverkehr und Transport in Rohrfernleitungen,1242,12580,1925,10655,11210,1584,9626
2024,Vaud,50 Schifffahrt,9,348,73,275,327,66,260
2024,Vaud,51 Luftfahrt,5,58,22,36,48,18,30
2024,Vaud,52 Lagerei sowie Erbringung von sonstigen Dienstleistungen für den Verkehr,169,3144,574,2570,2894,468,2426
2024,Vaud,"53 Post-, Kurier- und Expressdienste",180,3056,992,2064,2652,768,1885
2024,Vaud,55 Beherbergung,374,5649,2608,3041,4734,2063,2670
2024,Vaud,56 Gastronomie,2607,16670,7344,9326,12284,4884,7400
2024,Vaud,58 Verlagswesen,220,1729,833,896,1349,591,758
2024,Vaud,"59 Herstellung, Verleih und Vertrieb von Filmen und Fernsehprogrammen, Kinos, Tonstudios und Verlegen von Musik",501,1169,397,772,741,210,530
2024,Vaud,60 Rundfunkveranstalter,10,808,386,422,670,303,367
2024,Vaud,61 Telekommunikation,87,2440,598,1842,2305,523,1782
2024,Vaud,62 Erbringung von Dienstleistungen der Informationstechnologie,1674,11224,2482,8742,10053,1989,8064
2024,Vaud,63 Informationsdienstleistungen,94,739,283,456,608,199,409
2024,Vaud,64 Erbringung von Finanzdienstleistungen,589,7253,2855,4398,6463,2366,4097
2024,Vaud,"65 Versicherungen, Rückversicherungen und Pensionskassen (ohne Sozialversicherung)",96,5208,2846,2362,4271,2250,2022
2024,Vaud,66 Mit Finanz- und Versicherungsdienstleistungen verbundene Tätigkeiten,1037,6261,2429,3832,5363,1903,3460
2024,Vaud,68 Grundstücks- und Wohnungswesen,1726,7013,3724,3289,4798,2363,2435
2024,Vaud,"69 Rechts- und Steuerberatung, Wirtschaftsprüfung",2064,7809,4598,3211,6225,3432,2794
2024,Vaud,"70 Verwaltung und Führung von Unternehmen und Betrieben, Unternehmensberatung",2642,14587,6873,7714,12507,5557,6949
2024,Vaud,"71 Architektur- und Ingenieurbüros, technische, physikalische und chemische Untersuchung",2195,12541,4012,8529,10643,3028,7615
2024,Vaud,72 Forschung und Entwicklung,367,5484,2508,2976,4957,2199,2758
2024,Vaud,73 Werbung und Marktforschung,410,1486,688,798,1111,458,653
2024,Vaud,"74 Sonstige freiberufliche, wissenschaftliche und technische Tätigkeiten",2629,4917,2196,2721,3406,1312,2093
2024,Vaud,75 Veterinärwesen,146,794,641,153,592,466,126
2024,Vaud,77 Vermietung von beweglichen Sachen,228,1181,337,844,954,265,689
2024,Vaud,78 Vermittlung und Überlassung von Arbeitskräften,230,14109,4864,9245,10835,3118,7717
2024,Vaud,"79 Reisebüros, Reiseveranstalter und Erbringung sonstiger Reservierungsdienstleistungen",219,1055,684,371,801,501,300
2024,Vaud,80 Wach- und Sicherheitsdienste sowie Detekteien,77,2859,505,2354,2188,364,1823
2024,Vaud,"81 Gebäudebetreuung, Garten- und Landschaftsbau",1817,16115,7665,8450,11048,3897,7150
2024,Vaud,82 Erbringung von wirtschaftlichen Dienstleistungen für Unternehmen und Privatpersonen a. n. g.,318,1528,943,585,1078,592,486
2024,Vaud,"84 Öffentliche Verwaltung, Verteidigung, Sozialversicherung",1021,18758,9495,9263,15587,7282,8305
2024,Vaud,85 Erziehung und Unterricht,3857,44484,26370,18114,32533,18353,14180
2024,Vaud,86 Gesundheitswesen,8788,52947,38579,14368,40230,28080,12150
2024,Vaud,87 Heime (ohne Erholungs- und Ferienheime),350,17216,12333,4883,12717,8861,3855
2024,Vaud,88 Sozialwesen (ohne Heime),1382,20459,15808,4651,13964,10457,3507
2024,Vaud,"90 Kreative, künstlerische und unterhaltende Tätigkeiten",1419,3445,1629,1816,1816,759,1057
2024,Vaud,"91 Bibliotheken, Archive, Museen, botanische und zoologische Gärten",132,1674,1087,587,1115,690,425
2024,Vaud,"92 Spiel-, Wett- und Lotteriewesen",6,497,199,298,413,156,257
2024,Vaud,"93 Erbringung von Dienstleistungen des Sports, der Unterhaltung und der Erholung",1090,7228,2962,4266,4710,1779,2931
2024,Vaud,94 Interessenvertretungen sowie kirchliche und sonstige religiöse Vereinigungen (ohne Sozialwesen und Sport),1153,8759,5126,3633,5848,3378,2470
2024,Vaud,95 Reparatur von Datenverarbeitungsgeräten und Gebrauchsgütern,255,548,121,427,443,81,362
2024,Vaud,96 Erbringung von sonstigen überwiegend persönlichen Dienstleistungen,4059,6685,5236,1449,4636,3501,1135
2024,Valais / Wallis,Wirtschaftsabteilung - Total,32476,202200,91998,110202,156730,61789,94941
2024,Valais / Wallis,"01 Landwirtschaft, Jagd und damit verbundene Tätigkeiten",2616,10064,3671,6393,5712,1789,3923
2024,Valais / Wallis,02 Forstwirtschaft und Holzeinschlag,55,491,56,435,424,34,390
2024,Valais / Wallis,03 Fischerei und Aquakultur,8,89,33,56,77,27,50
2024,Valais / Wallis,05 Kohlenbergbau,0,0,0,0,0,0,0
2024,Valais / Wallis,06 Gewinnung von Erdöl und Erdgas,0,0,0,0,0,0,0
2024,Valais / Wallis,07 Erzbergbau,0,0,0,0,0,0,0
2024,Valais / Wallis,"08 Gewinnung von Steinen und Erden, sonstiger Bergbau",13,132,9,123,123,6,117
2024,Valais / Wallis,09 Erbringung von Dienstleistungen für den Bergbau und für die Gewinnung von Steinen und Erden,X,X,X,X,X,X,X
2024,Valais / Wallis,10 Herstellung von Nahrungs- und Futtermitteln,225,1951,866,1085,1609,613,996
2024,Valais / Wallis,11 Getränkeherstellung,103,794,284,510,628,178,450
2024,Valais / Wallis,12 Tabakverarbeitung,0,0,0,0,0,0,0
2024,Valais / Wallis,13 Herstellung von Textilien,27,34,X,X,18,X,X
2024,Valais / Wallis,14 Herstellung von Bekleidung,83,96,85,11,46,37,9
2024,Valais / Wallis,"15 Herstellung von Leder, Lederwaren und Schuhen",8,13,X,X,7,X,X
2024,Valais / Wallis,"16 Herstellung von Holz-, Flecht-, Korb- und Korkwaren (ohne Möbel)",488,2325,272,2053,2109,172,1937
2024,Valais / Wallis,"17 Herstellung von Papier, Pappe und Waren daraus",6,20,X,X,12,X,X
2024,Valais / Wallis,"18 Herstellung von Druckerzeugnissen, Vervielfältigung von bespielten Ton-, Bild- und Datenträgern",78,345,144,201,291,108,184
2024,Valais / Wallis,19 Kokerei und Mineralölverarbeitung,0,0,0,0,0,0,0
2024,Valais / Wallis,20 Herstellung von chemischen Erzeugnissen,49,1861,307,1554,1794,262,1533
2024,Valais / Wallis,21 Herstellung von pharmazeutischen Erzeugnissen,11,6361,1974,4387,6090,1784,4306
2024,Valais / Wallis,22 Herstellung von Gummi- und Kunststoffwaren,17,178,67,111,153,47,106
2024,Valais / Wallis,"23 Herstellung von Glas und Glaswaren, Keramik, Verarbeitung von Steinen und Erden",56,386,69,317,353,48,305
2024,Valais / Wallis,24 Metallerzeugung und -bearbeitung,12,1161,104,1057,1142,93,1049
2024,Valais / Wallis,25 Herstellung von Metallerzeugnissen,238,2220,387,1833,2035,296,1740
2024,Valais / Wallis,"26 Herstellung von Datenverarbeitungsgeräten, elektronischen und optischen Erzeugnissen",34,760,424,336,684,363,322
2024,Valais / Wallis,27 Herstellung von elektrischen Ausrüstungen,21,399,144,255,358,114,244
2024,Valais / Wallis,28 Maschinenbau,28,1421,331,1090,1355,297,1058
2024,Valais / Wallis,29 Herstellung von Automobilen und Automobilteilen,5,11,X,X,9,X,X
2024,Valais / Wallis,30 Sonstiger Fahrzeugbau,11,166,32,134,156,28,128
2024,Valais / Wallis,31 Herstellung von Möbeln,54,225,44,181,205,34,171
2024,Valais / Wallis,32 Herstellung von sonstigen Waren,127,513,242,271,421,175,245
2024,Valais / Wallis,33 Reparatur und Installation von Maschinen und Ausrüstungen,111,504,85,419,440,52,388
2024,Valais / Wallis,35 Energieversorgung,86,2610,442,2168,2364,341,2023
2024,Valais / Wallis,36 Wasserversorgung,16,49,X,X,36,X,X
2024,Valais / Wallis,37 Abwasserentsorgung,34,176,13,163,161,9,152
2024,Valais / Wallis,"38 Sammlung, Behandlung und Beseitigung von Abfällen, Rückgewinnung",70,584,111,473,526,83,443
2024,Valais / Wallis,39 Beseitigung von Umweltverschmutzungen und sonstige Entsorgung,X,X,X,X,X,X,X
2024,Valais / Wallis,41 Hochbau,639,4848,455,4393,4532,281,4251
2024,Valais / Wallis,42 Tiefbau,53,750,88,662,709,64,645
2024,Valais / Wallis,"43 Vorbereitende Baustellenarbeiten, Bauinstallation und sonstiges Ausbaugewerbe",2143,12356,1478,10878,11350,880,10470
2024,Valais / Wallis,"45 Handel mit Motorfahrzeugen, Instandhaltung und Reparatur von Motorfahrzeugen",829,3932,684,3248,3489,476,3013
2024,Valais / Wallis,46 Grosshandel (ohne Handel mit Motorfahrzeugen),663,4070,1275,2795,3494,911,2583
2024,Valais / Wallis,47 Detailhandel (ohne Handel mit Motorfahrzeugen),2484,14578,9950,4628,10724,6695,4029
2024,Valais / Wallis,49 Landverkehr und Transport in Rohrfernleitungen,521,7999,1657,6342,6882,1176,5705
2024,Valais / Wallis,50 Schifffahrt,X,X,X,X,X,X,X
2024,Valais / Wallis,51 Luftfahrt,13,379,69,310,300,49,251
2024,Valais / Wallis,52 Lagerei sowie Erbringung von sonstigen Dienstleistungen für den Verkehr,76,902,156,746,791,100,691
2024,Valais / Wallis,"53 Post-, Kurier- und Expressdienste",102,1178,580,598,959,410,550
2024,Valais / Wallis,55 Beherbergung,953,8962,5039,3923,7414,3939,3475
2024,Valais / Wallis,56 Gastronomie,1765,10221,5207,5014,7808,3605,4204
2024,Valais / Wallis,58 Verlagswesen,39,277,124,153,205,81,124
2024,Valais / Wallis,"59 Herstellung, Verleih und Vertrieb von Filmen und Fernsehprogrammen, Kinos, Tonstudios und Verlegen von Musik",157,252,78,174,149,37,112
2024,Valais / Wallis,60 Rundfunkveranstalter,7,199,78,121,148,52,96
2024,Valais / Wallis,61 Telekommunikation,43,497,142,355,447,113,334
2024,Valais / Wallis,62 Erbringung von Dienstleistungen der Informationstechnologie,471,1516,304,1212,1248,200,1047
2024,Valais / Wallis,63 Informationsdienstleistungen,30,66,27,39,47,16,31
2024,Valais / Wallis,64 Erbringung von Finanzdienstleistungen,288,2218,1065,1153,1831,793,1038
2024,Valais / Wallis,"65 Versicherungen, Rückversicherungen und Pensionskassen (ohne Sozialversicherung)",39,283,162,121,227,123,105
2024,Valais / Wallis,66 Mit Finanz- und Versicherungsdienstleistungen verbundene Tätigkeiten,345,3372,1466,1906,2823,1080,1743
2024,Valais / Wallis,68 Grundstücks- und Wohnungswesen,1294,3086,1679,1407,1916,914,1001
2024,Valais / Wallis,"69 Rechts- und Steuerberatung, Wirtschaftsprüfung",808,2525,1567,958,1818,1021,797
2024,Valais / Wallis,"70 Verwaltung und Führung von Unternehmen und Betrieben, Unternehmensberatung",710,1709,778,931,1282,511,771
2024,Valais / Wallis,"71 Architektur- und Ingenieurbüros, technische, physikalische und chemische Untersuchung",1068,5082,1683,3399,4180,1164,3015
2024,Valais / Wallis,72 Forschung und Entwicklung,65,1408,325,1083,1252,251,1001
2024,Valais / Wallis,73 Werbung und Marktforschung,162,513,250,263,340,145,194
2024,Valais / Wallis,"74 Sonstige freiberufliche, wissenschaftliche und technische Tätigkeiten",933,1319,588,731,840,308,532
2024,Valais / Wallis,75 Veterinärwesen,42,214,172,42,153,119,35
2024,Valais / Wallis,77 Vermietung von beweglichen Sachen,75,263,40,223,206,19,186
2024,Valais / Wallis,78 Vermittlung und Überlassung von Arbeitskräften,69,4084,737,3347,3281,437,2844
2024,Valais / Wallis,"79 Reisebüros, Reiseveranstalter und Erbringung sonstiger Reservierungsdienstleistungen",161,1058,637,421,784,455,329
2024,Valais / Wallis,80 Wach- und Sicherheitsdienste sowie Detekteien,41,559,116,443,368,72,296
2024,Valais / Wallis,"81 Gebäudebetreuung, Garten- und Landschaftsbau",848,4503,1975,2528,3279,1092,2188
2024,Valais / Wallis,82 Erbringung von wirtschaftlichen Dienstleistungen für Unternehmen und Privatpersonen a. n. g.,147,442,232,210,317,145,172
2024,Valais / Wallis,"84 Öffentliche Verwaltung, Verteidigung, Sozialversicherung",461,7266,3498,3768,5816,2463,3354
2024,Valais / Wallis,85 Erziehung und Unterricht,1552,12288,7202,5086,7902,4454,3448
2024,Valais / Wallis,86 Gesundheitswesen,2840,16185,12421,3764,11675,8629,3046
2024,Valais / Wallis,87 Heime (ohne Erholungs- und Ferienheime),135,8554,6927,1627,6156,4905,1251
2024,Valais / Wallis,88 Sozialwesen (ohne Heime),376,5468,4373,1095,3640,2803,838
2024,Valais / Wallis,"90 Kreative, künstlerische und unterhaltende Tätigkeiten",681,941,420,521,436,161,276
2024,Valais / Wallis,"91 Bibliotheken, Archive, Museen, botanische und zoologische Gärten",63,394,290,104,256,178,78
2024,Valais / Wallis,"92 Spiel-, Wett- und Lotteriewesen",4,73,30,43,65,24,42
2024,Valais / Wallis,"93 Erbringung von Dienstleistungen des Sports, der Unterhaltung und der Erholung",806,2504,917,1587,1440,421,1018
2024,Valais / Wallis,94 Interessenvertretungen sowie kirchliche und sonstige religiöse Vereinigungen (ohne Sozialwesen und Sport),514,3169,1818,1351,1847,1085,761
2024,Valais / Wallis,95 Reparatur von Datenverarbeitungsgeräten und Gebrauchsgütern,89,143,35,108,109,21,88
2024,Valais / Wallis,96 Erbringung von sonstigen überwiegend persönlichen Dienstleistungen,2179,3651,2947,704,2451,1894,557
2024,Genève,Wirtschaftsabteilung - Total,46510,401982,179888,222094,332167,136213,195953
2024,Genève,"01 Landwirtschaft, Jagd und damit verbundene Tätigkeiten",419,2039,614,1425,1481,383,1098
2024,Genève,02 Forstwirtschaft und Holzeinschlag,12,39,X,X,34,X,X
2024,Genève,03 Fischerei und Aquakultur,7,8,X,X,6,X,X
2024,Genève,05 Kohlenbergbau,0,0,0,0,0,0,0
2024,Genève,06 Gewinnung von Erdöl und Erdgas,0,0,0,0,0,0,0
2024,Genève,07 Erzbergbau,0,0,0,0,0,0,0
2024,Genève,"08 Gewinnung von Steinen und Erden, sonstiger Bergbau",8,87,16,71,83,14,69
2024,Genève,09 Erbringung von Dienstleistungen für den Bergbau und für die Gewinnung von Steinen und Erden,X,16,8,8,16,8,8
2024,Genève,10 Herstellung von Nahrungs- und Futtermitteln,166,1869,579,1290,1675,450,1225
2024,Genève,11 Getränkeherstellung,25,71,18,53,57,11,45
2024,Genève,12 Tabakverarbeitung,0,0,0,0,0,0,0
2024,Genève,13 Herstellung von Textilien,25,57,22,35,47,15,32
2024,Genève,14 Herstellung von Bekleidung,98,143,106,37,90,60,29
2024,Genève,"15 Herstellung von Leder, Lederwaren und Schuhen",20,346,234,112,305,200,105
2024,Genève,"16 Herstellung von Holz-, Flecht-, Korb- und Korkwaren (ohne Möbel)",290,1147,128,1019,1052,95,957
2024,Genève,"17 Herstellung von Papier, Pappe und Waren daraus",6,21,12,9,17,9,9
2024,Genève,"18 Herstellung von Druckerzeugnissen, Vervielfältigung von bespielten Ton-, Bild- und Datenträgern",91,343,102,241,303,79,224
2024,Genève,19 Kokerei und Mineralölverarbeitung,0,0,0,0,0,0,0
2024,Genève,20 Herstellung von chemischen Erzeugnissen,55,2809,966,1843,2714,898,1816
2024,Genève,21 Herstellung von pharmazeutischen Erzeugnissen,24,420,237,183,395,218,177
2024,Genève,22 Herstellung von Gummi- und Kunststoffwaren,11,37,9,28,33,6,27
2024,Genève,"23 Herstellung von Glas und Glaswaren, Keramik, Verarbeitung von Steinen und Erden",56,447,53,394,425,40,385
2024,Genève,24 Metallerzeugung und -bearbeitung,8,86,19,67,82,17,65
2024,Genève,25 Herstellung von Metallerzeugnissen,250,1684,310,1374,1578,255,1324
2024,Genève,"26 Herstellung von Datenverarbeitungsgeräten, elektronischen und optischen Erzeugnissen",175,13803,5145,8658,13299,4823,8476
2024,Genève,27 Herstellung von elektrischen Ausrüstungen,21,731,161,570,704,149,555
2024,Genève,28 Maschinenbau,23,508,64,444,494,59,435
2024,Genève,29 Herstellung von Automobilen und Automobilteilen,4,9,0,9,8,0,8
2024,Genève,30 Sonstiger Fahrzeugbau,13,308,29,279,297,26,271
2024,Genève,31 Herstellung von Möbeln,39,141,20,121,129,16,113
2024,Genève,32 Herstellung von sonstigen Waren,271,2050,872,1178,1866,742,1124
2024,Genève,33 Reparatur und Installation von Maschinen und Ausrüstungen,79,1006,126,880,972,112,860
2024,Genève,35 Energieversorgung,12,1645,399,1246,1568,353,1215
2024,Genève,36 Wasserversorgung,X,6,X,X,X,X,X
2024,Genève,37 Abwasserentsorgung,18,361,41,320,349,37,312
2024,Genève,"38 Sammlung, Behandlung und Beseitigung von Abfällen, Rückgewinnung",36,599,86,513,576,74,502
2024,Genève,39 Beseitigung von Umweltverschmutzungen und sonstige Entsorgung,X,4,X,X,X,X,X
2024,Genève,41 Hochbau,762,6024,746,5278,5661,564,5097
2024,Genève,42 Tiefbau,27,476,30,446,461,23,439
2024,Genève,"43 Vorbereitende Baustellenarbeiten, Bauinstallation und sonstiges Ausbaugewerbe",2296,15440,1543,13897,14550,1135,13414
2024,Genève,"45 Handel mit Motorfahrzeugen, Instandhaltung und Reparatur von Motorfahrzeugen",678,3846,539,3307,3553,427,3125
2024,Genève,46 Grosshandel (ohne Handel mit Motorfahrzeugen),1460,19011,7624,11387,17700,6773,10927
2024,Genève,47 Detailhandel (ohne Handel mit Motorfahrzeugen),3257,19739,11433,8306,15723,8524,7199
2024,Genève,49 Landverkehr und Transport in Rohrfernleitungen,1610,8709,1236,7473,7422,952,6470
2024,Genève,50 Schifffahrt,20,1218,441,777,1183,432,751
2024,Genève,51 Luftfahrt,38,1805,791,1014,1581,605,976
2024,Genève,52 Lagerei sowie Erbringung von sonstigen Dienstleistungen für den Verkehr,230,6509,1756,4753,5886,1447,4439
2024,Genève,"53 Post-, Kurier- und Expressdienste",113,2741,500,2241,2105,373,1732
2024,Genève,55 Beherbergung,158,4506,1948,2558,4068,1720,2348
2024,Genève,56 Gastronomie,2265,15795,5837,9958,12416,4185,8231
2024,Genève,58 Verlagswesen,126,950,411,539,754,299,455
2024,Genève,"59 Herstellung, Verleih und Vertrieb von Filmen und Fernsehprogrammen, Kinos, Tonstudios und Verlegen von Musik",337,1175,458,717,800,266,534
2024,Genève,60 Rundfunkveranstalter,10,1531,635,896,1336,513,823
2024,Genève,61 Telekommunikation,67,1229,230,999,1163,200,963
2024,Genève,62 Erbringung von Dienstleistungen der Informationstechnologie,1217,9845,2125,7720,9035,1808,7227
2024,Genève,63 Informationsdienstleistungen,92,484,172,312,419,134,285
2024,Genève,64 Erbringung von Finanzdienstleistungen,652,19196,7240,11956,18302,6667,11634
2024,Genève,"65 Versicherungen, Rückversicherungen und Pensionskassen (ohne Sozialversicherung)",43,998,544,454,841,446,395
2024,Genève,66 Mit Finanz- und Versicherungsdienstleistungen verbundene Tätigkeiten,1666,11243,4089,7154,9968,3356,6612
2024,Genève,68 Grundstücks- und Wohnungswesen,1183,8106,4159,3947,5626,2687,2939
2024,Genève,"69 Rechts- und Steuerberatung, Wirtschaftsprüfung",2365,10333,5615,4718,8701,4500,4201
2024,Genève,"70 Verwaltung und Führung von Unternehmen und Betrieben, Unternehmensberatung",1958,10563,4562,6001,9185,3741,5445
2024,Genève,"71 Architektur- und Ingenieurbüros, technische, physikalische und chemische Untersuchung",1339,8373,2633,5740,7314,2085,5229
2024,Genève,72 Forschung und Entwicklung,170,1882,902,980,1676,782,894
2024,Genève,73 Werbung und Marktforschung,347,1107,476,631,900,363,537
2024,Genève,"74 Sonstige freiberufliche, wissenschaftliche und technische Tätigkeiten",1699,2959,1304,1655,2159,850,1308
2024,Genève,75 Veterinärwesen,49,337,258,79,249,186,64
2024,Genève,77 Vermietung von beweglichen Sachen,179,1226,305,921,1013,236,777
2024,Genève,78 Vermittlung und Überlassung von Arbeitskräften,251,17219,6043,11176,13650,4289,9361
2024,Genève,"79 Reisebüros, Reiseveranstalter und Erbringung sonstiger Reservierungsdienstleistungen",171,1373,758,615,1173,622,551
2024,Genève,80 Wach- und Sicherheitsdienste sowie Detekteien,123,5173,930,4243,4214,692,3522
2024,Genève,"81 Gebäudebetreuung, Garten- und Landschaftsbau",921,15089,7710,7379,10209,4032,6177
2024,Genève,82 Erbringung von wirtschaftlichen Dienstleistungen für Unternehmen und Privatpersonen a. n. g.,248,1538,860,678,1278,671,607
2024,Genève,"84 Öffentliche Verwaltung, Verteidigung, Sozialversicherung",569,15871,7619,8252,14194,6260,7935
2024,Genève,85 Erziehung und Unterricht,2281,29328,17780,11548,20844,12373,8472
2024,Genève,86 Gesundheitswesen,6422,35069,24881,10188,27855,19216,8639
2024,Genève,87 Heime (ohne Erholungs- und Ferienheime),261,10572,7203,3369,8202,5539,2662
2024,Genève,88 Sozialwesen (ohne Heime),1065,15251,11069,4182,10154,7261,2893
2024,Genève,"90 Kreative, künstlerische und unterhaltende Tätigkeiten",893,3474,1527,1947,1943,767,1176
2024,Genève,"91 Bibliotheken, Archive, Museen, botanische und zoologische Gärten",102,1273,692,581,977,496,481
2024,Genève,"92 Spiel-, Wett- und Lotteriewesen",X,146,46,100,116,37,79
2024,Genève,"93 Erbringung von Dienstleistungen des Sports, der Unterhaltung und der Erholung",675,4297,1505,2792,2820,876,1945
2024,Genève,94 Interessenvertretungen sowie kirchliche und sonstige religiöse Vereinigungen (ohne Sozialwesen und Sport),1356,11262,6887,4375,8582,5213,3369
2024,Genève,95 Reparatur von Datenverarbeitungsgeräten und Gebrauchsgütern,169,316,64,252,232,44,189
2024,Genève,96 Erbringung von sonstigen überwiegend persönlichen Dienstleistungen,2319,4535,3389,1146,3313,2394,919
